method_a,method_b,n_shared,kendall_tau,spearman_r,jaccard_top10,jaccard_top25,jaccard_top50
full_cascade,stage3_only,310,0.3979747364025472,0.5414494931134526,0.0,0.02040816326530612,0.14942528735632185
full_cascade,standard_3d_pharmacophore,310,0.3796429689946758,0.5243852357901075,0.0,0.02040816326530612,0.14942528735632185
full_cascade,native_only,310,0.9051257960121097,0.9409363126533827,0.8181818181818182,0.9230769230769231,0.9607843137254902
stage3_only,standard_3d_pharmacophore,310,0.9816682325921285,0.9919095529509387,1.0,1.0,1.0
stage3_only,native_only,310,0.303100532414657,0.4395650453212061,0.0,0.02040816326530612,0.14942528735632185
standard_3d_pharmacophore,native_only,310,0.2965445244806347,0.4289244055777157,0.0,0.02040816326530612,0.14942528735632185
