method,n_ranked,ef_1pct,ef_1pct_ci_low,ef_1pct_ci_high,ef_5pct,ef_5pct_ci_low,ef_5pct_ci_high,ef_01pct,ef_01pct_ci_low,ef_01pct_ci_high,roc_auc,roc_auc_ci_low,roc_auc_ci_high,pr_auc,pr_auc_ci_low,pr_auc_ci_high,bedroc,bedroc_ci_low,bedroc_ci_high,top10_recovery,top10_recovery_ci_low,top10_recovery_ci_high,scaffold_recovery_top10,scaffold_recovery_top10_ci_low,scaffold_recovery_top10_ci_high,top25_recovery,top25_recovery_ci_low,top25_recovery_ci_high,scaffold_recovery_top25,scaffold_recovery_top25_ci_low,scaffold_recovery_top25_ci_high,top50_recovery,top50_recovery_ci_low,top50_recovery_ci_high,scaffold_recovery_top50,scaffold_recovery_top50_ci_low,scaffold_recovery_top50_ci_high,scaffold_diversity_top10,scaffold_diversity_top10_ci_low,scaffold_diversity_top10_ci_high,scaffold_diversity_top25,scaffold_diversity_top25_ci_low,scaffold_diversity_top25_ci_high,scaffold_diversity_top50,scaffold_diversity_top50_ci_low,scaffold_diversity_top50_ci_high
full_cascade,310.0,40.0,40.0,40.0,18.0,13.999999999999998,20.0,100.0,100.0,100.0,0.912,0.716975,1.0,0.9036496350364964,0.709243513381794,0.9999999999999999,0.9264667481480134,0.7643722760241035,1.0,0.9,0.7,1.0,0.9,0.8,1.0,0.9,0.7,1.0,0.9,0.8,1.0,0.9,0.7,1.0,0.9,0.8,1.0,10.0,,,17.0,,,24.0,,
stage3_only,310.0,0.0,0.0,0.0,0.0,0.0,2.0,0.0,0.0,0.0,0.6346666666666667,0.4663166666666667,0.7616666666666667,0.055918955893780806,0.03998632500136567,0.0763603024115312,0.06360278643760071,0.019865792401177685,0.11815965463569601,0.0,0.0,0.0,0.0,0.0,0.0,0.0,0.0,0.3,0.0,0.0,0.3333333333333333,0.4,0.1,0.5,0.4,0.14285714285714285,0.5,3.0,,,6.0,,,14.0,,
standard_3d_pharmacophore,310.0,0.0,0.0,0.0,0.0,0.0,2.0,0.0,0.0,0.0,0.6316666666666667,0.45999166666666663,0.7613416666666666,0.05578109354392981,0.03961688926489747,0.07627667821528036,0.06360275775376714,0.019865792401177685,0.11815948228184703,0.0,0.0,0.0,0.0,0.0,0.0,0.0,0.0,0.3,0.0,0.0,0.3333333333333333,0.4,0.1,0.5,0.4,0.14285714285714285,0.5,3.0,,,6.0,,,14.0,,
native_only,310.0,40.0,40.0,40.0,20.0,20.0,20.0,100.0,100.0,100.0,1.0,1.0,1.0,0.9999999999999999,0.9999999999999999,0.9999999999999999,1.0,1.0,1.0,1.0,1.0,1.0,1.0,1.0,1.0,1.0,1.0,1.0,1.0,1.0,1.0,1.0,1.0,1.0,1.0,1.0,1.0,10.0,,,18.0,,,25.0,,
