method_a,method_b,n_shared,kendall_tau,spearman_r,jaccard_top10,jaccard_top25,jaccard_top50
full_cascade,stage3_only,1550,0.10090089339636392,0.15193837320116235,0.0,0.0,0.010101010101010102
full_cascade,standard_3d_pharmacophore,1550,0.10090089339636392,0.15193837320116235,0.0,0.0,0.010101010101010102
full_cascade,native_only,1550,0.9845161290322578,0.9790172225106092,0.6666666666666666,0.8518518518518519,0.8181818181818182
stage3_only,standard_3d_pharmacophore,1550,0.9999999999999998,1.0,1.0,1.0,1.0
stage3_only,native_only,1550,0.085417022428622,0.12920291423974142,0.0,0.0,0.010101010101010102
standard_3d_pharmacophore,native_only,1550,0.085417022428622,0.12920291423974142,0.0,0.0,0.010101010101010102
