method_a,method_b,n_shared,kendall_tau,spearman_r,jaccard_top10,jaccard_top25,jaccard_top50
full_cascade,stage3_only,1550,0.9670113913242674,0.9939883467307409,0.42857142857142855,0.19047619047619047,0.17647058823529413
full_cascade,standard_3d_pharmacophore,1550,-0.14041858431037713,-0.2108385949581611,0.17647058823529413,0.13636363636363635,0.07526881720430108
full_cascade,native_only,1550,0.012482558987067618,-0.0442790025531077,0.3333333333333333,0.28205128205128205,0.12359550561797752
stage3_only,standard_3d_pharmacophore,1550,-0.1074299756346446,-0.18299294730329785,0.3333333333333333,0.19047619047619047,0.13636363636363635
stage3_only,native_only,1550,-0.020506049688664898,-0.07149903388902756,0.1111111111111111,0.16279069767441862,0.08695652173913043
standard_3d_pharmacophore,native_only,1550,0.03867219225723151,0.05706309434333758,0.1111111111111111,0.13636363636363635,0.06382978723404255
