method,n_ranked,ef_1pct,ef_1pct_ci_low,ef_1pct_ci_high,ef_5pct,ef_5pct_ci_low,ef_5pct_ci_high,ef_01pct,ef_01pct_ci_low,ef_01pct_ci_high,roc_auc,roc_auc_ci_low,roc_auc_ci_high,pr_auc,pr_auc_ci_low,pr_auc_ci_high,bedroc,bedroc_ci_low,bedroc_ci_high,top10_recovery,top10_recovery_ci_low,top10_recovery_ci_high,scaffold_recovery_top10,scaffold_recovery_top10_ci_low,scaffold_recovery_top10_ci_high,top25_recovery,top25_recovery_ci_low,top25_recovery_ci_high,scaffold_recovery_top25,scaffold_recovery_top25_ci_low,scaffold_recovery_top25_ci_high,top50_recovery,top50_recovery_ci_low,top50_recovery_ci_high,scaffold_recovery_top50,scaffold_recovery_top50_ci_low,scaffold_recovery_top50_ci_high,scaffold_diversity_top10,scaffold_diversity_top10_ci_low,scaffold_diversity_top10_ci_high,scaffold_diversity_top25,scaffold_diversity_top25_ci_low,scaffold_diversity_top25_ci_high,scaffold_diversity_top50,scaffold_diversity_top50_ci_low,scaffold_diversity_top50_ci_high
full_cascade,310.0,40.0,40.0,40.0,16.0,10.0,20.0,100.0,100.0,100.0,0.9766666666666667,0.8939833333333334,1.0,0.8236575052854122,0.5449795978094216,0.9999999999999999,0.8548529344880702,0.5839888471212761,1.0,0.8,0.5,1.0,0.8,0.6,1.0,0.8,0.5,1.0,0.8,0.6,1.0,1.0,0.5,1.0,1.0,0.6666666666666666,1.0,10.0,,,12.0,,,15.0,,
stage3_only,310.0,40.0,30.0,40.0,16.0,10.0,20.0,100.0,100.0,100.0,0.9760000000000001,0.893325,1.0,0.80143528306319,0.4882676285727064,0.9999999999999999,0.844050507927353,0.5628028244911267,1.0,0.8,0.5,1.0,0.8,0.6,1.0,0.8,0.5,1.0,0.8,0.6,1.0,1.0,0.5,1.0,1.0,0.6666666666666666,1.0,10.0,,,12.0,,,15.0,,
standard_3d_pharmacophore,310.0,40.0,20.0,40.0,11.999999999999998,5.999999999999999,18.0,100.0,100.0,100.0,0.805,0.58765,0.9840083333333332,0.632409250851575,0.3267924125419101,0.8946517061508368,0.7031631694495425,0.41162259706855153,0.9215666906380316,0.6,0.3,0.8,0.6,0.3333333333333333,0.8333333333333334,0.7,0.4,0.9,0.7,0.5,0.8571428571428571,0.7,0.4,1.0,0.7,0.5,1.0,8.0,,,16.0,,,19.0,,
native_only,310.0,40.0,20.0,40.0,16.0,11.999999999999998,20.0,100.0,100.0,100.0,0.988,0.976,0.9976666666666667,0.7910894660894661,0.5941278467908903,0.9500000000000001,0.8620467042886322,0.7330245405315229,0.9714762297441283,0.7,0.5,0.9,0.7,0.5,0.8571428571428571,1.0,0.8,1.0,1.0,0.7142857142857143,1.0,1.0,1.0,1.0,1.0,1.0,1.0,9.0,,,17.0,,,24.0,,
