method_a,method_b,n_shared,kendall_tau,spearman_r,jaccard_top10,jaccard_top25,jaccard_top50
full_cascade,stage3_only,310,0.9996241778891324,0.9999923466022439,1.0,1.0,1.0
full_cascade,standard_3d_pharmacophore,310,-0.12445975571562794,-0.19650441127748303,0.3333333333333333,0.13636363636363635,0.0989010989010989
stage3_only,standard_3d_pharmacophore,310,-0.12408393360476042,-0.196286490846637,0.3333333333333333,0.13636363636363635,0.0989010989010989
