ligand_id,method,evaluation_tie_group,evaluation_rank
CHEMBL1161835,full_cascade,0,1.5
CHEMBL130229,full_cascade,0,1.5
CHEMBL4637284,full_cascade,1,3.5
CHEMBL4645148,full_cascade,1,3.5
CHEMBL4164040,full_cascade,2,5.5
CHEMBL481620,full_cascade,2,5.5
CHEMBL4171914,full_cascade,3,7.0
CHEMBL1161827,full_cascade,4,15.5
CHEMBL1162058,full_cascade,4,15.5
CHEMBL1923504,full_cascade,4,15.5
CHEMBL2364338,full_cascade,4,15.5
CHEMBL251572,full_cascade,4,15.5
CHEMBL259166,full_cascade,4,15.5
CHEMBL270666,full_cascade,4,15.5
CHEMBL271876,full_cascade,4,15.5
CHEMBL3218890,full_cascade,4,15.5
CHEMBL379074,full_cascade,4,15.5
CHEMBL382844,full_cascade,4,15.5
CHEMBL401134,full_cascade,4,15.5
CHEMBL403180,full_cascade,4,15.5
CHEMBL404336,full_cascade,4,15.5
CHEMBL410135,full_cascade,4,15.5
CHEMBL4637980,full_cascade,4,15.5
CHEMBL1079185,full_cascade,5,27.5
CHEMBL2364354,full_cascade,5,27.5
CHEMBL2364480,full_cascade,5,27.5
CHEMBL2364485,full_cascade,5,27.5
CHEMBL260819,full_cascade,5,27.5
CHEMBL272540,full_cascade,5,27.5
CHEMBL4164328,full_cascade,5,27.5
CHEMBL4170481,full_cascade,5,27.5
CHEMBL2364381,full_cascade,6,34.0
CHEMBL2364382,full_cascade,6,34.0
CHEMBL2364408,full_cascade,6,34.0
CHEMBL251169,full_cascade,6,34.0
CHEMBL251573,full_cascade,6,34.0
CHEMBL2364429,full_cascade,7,37.5
CHEMBL2364468,full_cascade,7,37.5
CHEMBL2364384,full_cascade,8,39.0
ZINCf50000009F96,full_cascade,9,40.0
CHEMBL1161822,full_cascade,10,795.5
CHEMBL1161828,full_cascade,10,795.5
CHEMBL1161829,full_cascade,10,795.5
CHEMBL4172656,full_cascade,10,795.5
CHEMBL460680,full_cascade,10,795.5
CHEMBL480639,full_cascade,10,795.5
CHEMBL480821,full_cascade,10,795.5
CHEMBL482220,full_cascade,10,795.5
CHEMBL516602,full_cascade,10,795.5
CHEMBL518774,full_cascade,10,795.5
CHEMBL519322,full_cascade,10,795.5
ZINCf50000008AXk,full_cascade,10,795.5
ZINCf50000008Am6,full_cascade,10,795.5
ZINCf50000008Aw0,full_cascade,10,795.5
ZINCf50000008BfN,full_cascade,10,795.5
ZINCf50000008C8W,full_cascade,10,795.5
ZINCf50000008CZN,full_cascade,10,795.5
ZINCf50000008Cf4,full_cascade,10,795.5
ZINCf50000008CuI,full_cascade,10,795.5
ZINCf50000008Ecd,full_cascade,10,795.5
ZINCf50000008ExE,full_cascade,10,795.5
ZINCf50000008FHI,full_cascade,10,795.5
ZINCf50000008FIr,full_cascade,10,795.5
ZINCf50000008FMQ,full_cascade,10,795.5
ZINCf50000008FOg,full_cascade,10,795.5
ZINCf50000008FwI,full_cascade,10,795.5
ZINCf50000008Fwz,full_cascade,10,795.5
ZINCf50000008GeH,full_cascade,10,795.5
ZINCf50000008GsK,full_cascade,10,795.5
ZINCf50000008Gvh,full_cascade,10,795.5
ZINCf50000008HNm,full_cascade,10,795.5
ZINCf50000008HSg,full_cascade,10,795.5
ZINCf50000008Hb1,full_cascade,10,795.5
ZINCf50000008Hcy,full_cascade,10,795.5
ZINCf50000008I22,full_cascade,10,795.5
ZINCf50000008IFZ,full_cascade,10,795.5
ZINCf50000008IcW,full_cascade,10,795.5
ZINCf50000008J2k,full_cascade,10,795.5
ZINCf50000008JNh,full_cascade,10,795.5
ZINCf50000008KYG,full_cascade,10,795.5
ZINCf50000008L01,full_cascade,10,795.5
ZINCf50000008L4G,full_cascade,10,795.5
ZINCf50000008LK8,full_cascade,10,795.5
ZINCf50000008LMo,full_cascade,10,795.5
ZINCf50000008LfV,full_cascade,10,795.5
ZINCf50000008M9q,full_cascade,10,795.5
ZINCf50000008MUj,full_cascade,10,795.5
ZINCf50000008NGb,full_cascade,10,795.5
ZINCf50000008NIw,full_cascade,10,795.5
ZINCf50000008NYT,full_cascade,10,795.5
ZINCf50000008Nou,full_cascade,10,795.5
ZINCf50000008NtD,full_cascade,10,795.5
ZINCf50000008O7W,full_cascade,10,795.5
ZINCf50000008OCa,full_cascade,10,795.5
ZINCf50000008OS9,full_cascade,10,795.5
ZINCf50000008Oc6,full_cascade,10,795.5
ZINCf50000008Ouu,full_cascade,10,795.5
ZINCf50000008OyQ,full_cascade,10,795.5
ZINCf50000008P7x,full_cascade,10,795.5
ZINCf50000008PQx,full_cascade,10,795.5
ZINCf50000008PSw,full_cascade,10,795.5
ZINCf50000008PiM,full_cascade,10,795.5
ZINCf50000008Pur,full_cascade,10,795.5
ZINCf50000008RBE,full_cascade,10,795.5
ZINCf50000008SOo,full_cascade,10,795.5
ZINCf50000008SbG,full_cascade,10,795.5
ZINCf50000008T0f,full_cascade,10,795.5
ZINCf50000008TA2,full_cascade,10,795.5
ZINCf50000008TBd,full_cascade,10,795.5
ZINCf50000008TBi,full_cascade,10,795.5
ZINCf50000008TBt,full_cascade,10,795.5
ZINCf50000008TCr,full_cascade,10,795.5
ZINCf50000008TDx,full_cascade,10,795.5
ZINCf50000008THe,full_cascade,10,795.5
ZINCf50000008TJT,full_cascade,10,795.5
ZINCf50000008TKQ,full_cascade,10,795.5
ZINCf50000008TsN,full_cascade,10,795.5
ZINCf50000008UHv,full_cascade,10,795.5
ZINCf50000008UKF,full_cascade,10,795.5
ZINCf50000008UN0,full_cascade,10,795.5
ZINCf50000008UUv,full_cascade,10,795.5
ZINCf50000008UZR,full_cascade,10,795.5
ZINCf50000008V0l,full_cascade,10,795.5
ZINCf50000008V9F,full_cascade,10,795.5
ZINCf50000008VE1,full_cascade,10,795.5
ZINCf50000008VEJ,full_cascade,10,795.5
ZINCf50000008VLK,full_cascade,10,795.5
ZINCf50000008VNR,full_cascade,10,795.5
ZINCf50000008Vcm,full_cascade,10,795.5
ZINCf50000008Vfu,full_cascade,10,795.5
ZINCf50000008Vkv,full_cascade,10,795.5
ZINCf50000008WR0,full_cascade,10,795.5
ZINCf50000008WWT,full_cascade,10,795.5
ZINCf50000008X8n,full_cascade,10,795.5
ZINCf50000008XCI,full_cascade,10,795.5
ZINCf50000008XCv,full_cascade,10,795.5
ZINCf50000008Xjz,full_cascade,10,795.5
ZINCf50000008XpF,full_cascade,10,795.5
ZINCf50000008Xqj,full_cascade,10,795.5
ZINCf50000008ZKU,full_cascade,10,795.5
ZINCf50000008ZOS,full_cascade,10,795.5
ZINCf50000008ZU0,full_cascade,10,795.5
ZINCf50000008Zuj,full_cascade,10,795.5
ZINCf5000000907Z,full_cascade,10,795.5
ZINCf50000009082,full_cascade,10,795.5
ZINCf500000090Fj,full_cascade,10,795.5
ZINCf500000090KH,full_cascade,10,795.5
ZINCf500000090KI,full_cascade,10,795.5
ZINCf500000090Sz,full_cascade,10,795.5
ZINCf500000090a2,full_cascade,10,795.5
ZINCf500000090bu,full_cascade,10,795.5
ZINCf500000090dm,full_cascade,10,795.5
ZINCf500000090vr,full_cascade,10,795.5
ZINCf500000090y4,full_cascade,10,795.5
ZINCf500000091GY,full_cascade,10,795.5
ZINCf500000091MA,full_cascade,10,795.5
ZINCf500000091Nd,full_cascade,10,795.5
ZINCf500000091Nx,full_cascade,10,795.5
ZINCf500000091Oj,full_cascade,10,795.5
ZINCf500000091Oq,full_cascade,10,795.5
ZINCf500000091Pd,full_cascade,10,795.5
ZINCf500000091Qp,full_cascade,10,795.5
ZINCf500000091Ut,full_cascade,10,795.5
ZINCf500000091Vc,full_cascade,10,795.5
ZINCf500000091uF,full_cascade,10,795.5
ZINCf500000091vd,full_cascade,10,795.5
ZINCf500000091xp,full_cascade,10,795.5
ZINCf5000000928Y,full_cascade,10,795.5
ZINCf500000092CV,full_cascade,10,795.5
ZINCf500000092Y2,full_cascade,10,795.5
ZINCf500000092mW,full_cascade,10,795.5
ZINCf500000092vj,full_cascade,10,795.5
ZINCf500000092wo,full_cascade,10,795.5
ZINCf500000093Bx,full_cascade,10,795.5
ZINCf500000093JF,full_cascade,10,795.5
ZINCf500000093JX,full_cascade,10,795.5
ZINCf500000093K2,full_cascade,10,795.5
ZINCf500000093cO,full_cascade,10,795.5
ZINCf500000093eL,full_cascade,10,795.5
ZINCf500000093f6,full_cascade,10,795.5
ZINCf5000000941N,full_cascade,10,795.5
ZINCf500000094Gt,full_cascade,10,795.5
ZINCf500000094Ml,full_cascade,10,795.5
ZINCf500000094VF,full_cascade,10,795.5
ZINCf500000094fU,full_cascade,10,795.5
ZINCf500000094j6,full_cascade,10,795.5
ZINCf5000000954h,full_cascade,10,795.5
ZINCf500000095Es,full_cascade,10,795.5
ZINCf500000095wG,full_cascade,10,795.5
ZINCf500000096Ym,full_cascade,10,795.5
ZINCf5000000973N,full_cascade,10,795.5
ZINCf50000009786,full_cascade,10,795.5
ZINCf500000097Bo,full_cascade,10,795.5
ZINCf500000097EY,full_cascade,10,795.5
ZINCf500000097Fu,full_cascade,10,795.5
ZINCf500000097qF,full_cascade,10,795.5
ZINCf500000098P6,full_cascade,10,795.5
ZINCf500000098WC,full_cascade,10,795.5
ZINCf500000098v9,full_cascade,10,795.5
ZINCf5000000991l,full_cascade,10,795.5
ZINCf5000000991p,full_cascade,10,795.5
ZINCf500000099zH,full_cascade,10,795.5
ZINCf500000099zV,full_cascade,10,795.5
ZINCf50000009ACo,full_cascade,10,795.5
ZINCf50000009AET,full_cascade,10,795.5
ZINCf50000009AFd,full_cascade,10,795.5
ZINCf50000009AGv,full_cascade,10,795.5
ZINCf50000009Aa9,full_cascade,10,795.5
ZINCf50000009Aos,full_cascade,10,795.5
ZINCf50000009Atr,full_cascade,10,795.5
ZINCf50000009Auv,full_cascade,10,795.5
ZINCf50000009BCm,full_cascade,10,795.5
ZINCf50000009BJK,full_cascade,10,795.5
ZINCf50000009BJS,full_cascade,10,795.5
ZINCf50000009BRA,full_cascade,10,795.5
ZINCf50000009BRP,full_cascade,10,795.5
ZINCf50000009BWN,full_cascade,10,795.5
ZINCf50000009C5G,full_cascade,10,795.5
ZINCf50000009CWL,full_cascade,10,795.5
ZINCf50000009Csh,full_cascade,10,795.5
ZINCf50000009DqZ,full_cascade,10,795.5
ZINCf50000009Dr1,full_cascade,10,795.5
ZINCf50000009E1i,full_cascade,10,795.5
ZINCf50000009E3O,full_cascade,10,795.5
ZINCf50000009E9s,full_cascade,10,795.5
ZINCf50000009EYa,full_cascade,10,795.5
ZINCf50000009Emt,full_cascade,10,795.5
ZINCf50000009FQT,full_cascade,10,795.5
ZINCf50000009FRY,full_cascade,10,795.5
ZINCf50000009FaB,full_cascade,10,795.5
ZINCf50000009Fax,full_cascade,10,795.5
ZINCf50000009Fay,full_cascade,10,795.5
ZINCf50000009FbN,full_cascade,10,795.5
ZINCf50000009FgZ,full_cascade,10,795.5
ZINCf50000009FkS,full_cascade,10,795.5
ZINCf50000009FqN,full_cascade,10,795.5
ZINCf50000009G2d,full_cascade,10,795.5
ZINCf50000009G31,full_cascade,10,795.5
ZINCf50000009G8p,full_cascade,10,795.5
ZINCf50000009G8x,full_cascade,10,795.5
ZINCf50000009GAN,full_cascade,10,795.5
ZINCf50000009GCK,full_cascade,10,795.5
ZINCf50000009GDl,full_cascade,10,795.5
ZINCf50000009GG0,full_cascade,10,795.5
ZINCf50000009GL0,full_cascade,10,795.5
ZINCf50000009GM5,full_cascade,10,795.5
ZINCf50000009GTU,full_cascade,10,795.5
ZINCf50000009GW9,full_cascade,10,795.5
ZINCf50000009GYA,full_cascade,10,795.5
ZINCf50000009GYy,full_cascade,10,795.5
ZINCf50000009GZa,full_cascade,10,795.5
ZINCf50000009GZn,full_cascade,10,795.5
ZINCf50000009Get,full_cascade,10,795.5
ZINCf50000009GhK,full_cascade,10,795.5
ZINCf50000009GiE,full_cascade,10,795.5
ZINCf50000009GkS,full_cascade,10,795.5
ZINCf50000009Gnx,full_cascade,10,795.5
ZINCf50000009GuR,full_cascade,10,795.5
ZINCf50000009Gv0,full_cascade,10,795.5
ZINCf50000009H08,full_cascade,10,795.5
ZINCf50000009H2Z,full_cascade,10,795.5
ZINCf50000009H33,full_cascade,10,795.5
ZINCf50000009H3G,full_cascade,10,795.5
ZINCf50000009H3r,full_cascade,10,795.5
ZINCf50000009H83,full_cascade,10,795.5
ZINCf50000009H9b,full_cascade,10,795.5
ZINCf50000009HC5,full_cascade,10,795.5
ZINCf50000009HLj,full_cascade,10,795.5
ZINCf50000009Ha4,full_cascade,10,795.5
ZINCf50000009Hem,full_cascade,10,795.5
ZINCf50000009Hhg,full_cascade,10,795.5
ZINCf50000009HiG,full_cascade,10,795.5
ZINCf50000009HiT,full_cascade,10,795.5
ZINCf50000009Hjt,full_cascade,10,795.5
ZINCf50000009HoE,full_cascade,10,795.5
ZINCf50000009Hul,full_cascade,10,795.5
ZINCf50000009I7Z,full_cascade,10,795.5
ZINCf50000009II9,full_cascade,10,795.5
ZINCf50000009INs,full_cascade,10,795.5
ZINCf50000009IV0,full_cascade,10,795.5
ZINCf50000009IZK,full_cascade,10,795.5
ZINCf50000009Ifh,full_cascade,10,795.5
ZINCf50000009JAl,full_cascade,10,795.5
ZINCf50000009JCG,full_cascade,10,795.5
ZINCf50000009JhA,full_cascade,10,795.5
ZINCf50000009K3m,full_cascade,10,795.5
ZINCf50000009K4S,full_cascade,10,795.5
ZINCf50000009K4b,full_cascade,10,795.5
ZINCf50000009KPt,full_cascade,10,795.5
ZINCf50000009KUf,full_cascade,10,795.5
ZINCf50000009Kgo,full_cascade,10,795.5
ZINCf50000009KnW,full_cascade,10,795.5
ZINCf50000009LOw,full_cascade,10,795.5
ZINCf50000009LQU,full_cascade,10,795.5
ZINCf50000009LRw,full_cascade,10,795.5
ZINCf50000009LXr,full_cascade,10,795.5
ZINCf50000009Lmh,full_cascade,10,795.5
ZINCf50000009MDr,full_cascade,10,795.5
ZINCf50000009MEx,full_cascade,10,795.5
ZINCf50000009MFI,full_cascade,10,795.5
ZINCf50000009MfT,full_cascade,10,795.5
ZINCf50000009N6s,full_cascade,10,795.5
ZINCf50000009NG6,full_cascade,10,795.5
ZINCf50000009NGH,full_cascade,10,795.5
ZINCf50000009NJy,full_cascade,10,795.5
ZINCf50000009NgI,full_cascade,10,795.5
ZINCf50000009NnH,full_cascade,10,795.5
ZINCf50000009O9p,full_cascade,10,795.5
ZINCf50000009OTI,full_cascade,10,795.5
ZINCf50000009SC2,full_cascade,10,795.5
ZINCf50000009SuH,full_cascade,10,795.5
ZINCf50000009TKh,full_cascade,10,795.5
ZINCf50000009TWl,full_cascade,10,795.5
ZINCf50000009TZE,full_cascade,10,795.5
ZINCf50000009UTu,full_cascade,10,795.5
ZINCf50000009UmZ,full_cascade,10,795.5
ZINCf50000009UpX,full_cascade,10,795.5
ZINCf50000009VEB,full_cascade,10,795.5
ZINCf50000009VEy,full_cascade,10,795.5
ZINCf50000009VOy,full_cascade,10,795.5
ZINCf50000009VPZ,full_cascade,10,795.5
ZINCf50000009Vap,full_cascade,10,795.5
ZINCf50000009VbO,full_cascade,10,795.5
ZINCf50000009Vki,full_cascade,10,795.5
ZINCf50000009WAD,full_cascade,10,795.5
ZINCf50000009Wf6,full_cascade,10,795.5
ZINCf50000009Whp,full_cascade,10,795.5
ZINCf50000009Wn3,full_cascade,10,795.5
ZINCf50000009WqI,full_cascade,10,795.5
ZINCf50000009XP5,full_cascade,10,795.5
ZINCf50000009Xac,full_cascade,10,795.5
ZINCf50000009Xp6,full_cascade,10,795.5
ZINCf50000009XxA,full_cascade,10,795.5
ZINCf50000009YHp,full_cascade,10,795.5
ZINCf50000009Z3e,full_cascade,10,795.5
ZINCf50000009ZN0,full_cascade,10,795.5
ZINCf50000009ZN1,full_cascade,10,795.5
ZINCf50000009ZN2,full_cascade,10,795.5
ZINCf50000009ZfR,full_cascade,10,795.5
ZINCf50000009ZoM,full_cascade,10,795.5
ZINCf50000009ZuA,full_cascade,10,795.5
ZINCf50000009ZuU,full_cascade,10,795.5
ZINCf50000009aAE,full_cascade,10,795.5
ZINCf50000009aCA,full_cascade,10,795.5
ZINCf50000009aFI,full_cascade,10,795.5
ZINCf50000009aGc,full_cascade,10,795.5
ZINCf50000009aLu,full_cascade,10,795.5
ZINCf50000009aWh,full_cascade,10,795.5
ZINCf50000009aYZ,full_cascade,10,795.5
ZINCf50000009acK,full_cascade,10,795.5
ZINCf50000009acU,full_cascade,10,795.5
ZINCf50000009adV,full_cascade,10,795.5
ZINCf50000009adX,full_cascade,10,795.5
ZINCf50000009aj3,full_cascade,10,795.5
ZINCf50000009cLm,full_cascade,10,795.5
ZINCf50000009cQd,full_cascade,10,795.5
ZINCf50000009cVJ,full_cascade,10,795.5
ZINCf50000009dSr,full_cascade,10,795.5
ZINCf50000009dtJ,full_cascade,10,795.5
ZINCf50000009du3,full_cascade,10,795.5
ZINCf50000009duI,full_cascade,10,795.5
ZINCf50000009e8j,full_cascade,10,795.5
ZINCf50000009enC,full_cascade,10,795.5
ZINCf50000009eth,full_cascade,10,795.5
ZINCf50000009f8T,full_cascade,10,795.5
ZINCf50000009f9b,full_cascade,10,795.5
ZINCf50000009fRA,full_cascade,10,795.5
ZINCf50000009ff0,full_cascade,10,795.5
ZINCf50000009fiV,full_cascade,10,795.5
ZINCf50000009fiZ,full_cascade,10,795.5
ZINCf50000009fmr,full_cascade,10,795.5
ZINCf50000009g59,full_cascade,10,795.5
ZINCf50000009gkh,full_cascade,10,795.5
ZINCf50000009jrH,full_cascade,10,795.5
ZINCf50000009jv9,full_cascade,10,795.5
ZINCf50000009k3E,full_cascade,10,795.5
ZINCf50000009kHQ,full_cascade,10,795.5
ZINCf50000009kL4,full_cascade,10,795.5
ZINCf50000009l8A,full_cascade,10,795.5
ZINCf50000009lFH,full_cascade,10,795.5
ZINCf50000009m2q,full_cascade,10,795.5
ZINCf50000009mCW,full_cascade,10,795.5
ZINCf50000009mPy,full_cascade,10,795.5
ZINCf50000009mco,full_cascade,10,795.5
ZINCf50000009mqe,full_cascade,10,795.5
ZINCf50000009nAl,full_cascade,10,795.5
ZINCf50000009nBd,full_cascade,10,795.5
ZINCf50000009nCt,full_cascade,10,795.5
ZINCf50000009nKD,full_cascade,10,795.5
ZINCf50000009nMr,full_cascade,10,795.5
ZINCf50000009ngG,full_cascade,10,795.5
ZINCf50000009nxU,full_cascade,10,795.5
ZINCf50000009oPu,full_cascade,10,795.5
ZINCf50000009oVw,full_cascade,10,795.5
ZINCf50000009otY,full_cascade,10,795.5
ZINCf50000009ou6,full_cascade,10,795.5
ZINCf50000009pBr,full_cascade,10,795.5
ZINCf50000009pk4,full_cascade,10,795.5
ZINCf50000009pom,full_cascade,10,795.5
ZINCf50000009q0n,full_cascade,10,795.5
ZINCf50000009q9D,full_cascade,10,795.5
ZINCf50000009qWd,full_cascade,10,795.5
ZINCf50000009qsY,full_cascade,10,795.5
ZINCf50000009quY,full_cascade,10,795.5
ZINCf50000009qwi,full_cascade,10,795.5
ZINCf50000009r3c,full_cascade,10,795.5
ZINCf50000009rEa,full_cascade,10,795.5
ZINCf50000009rlK,full_cascade,10,795.5
ZINCf50000009sB7,full_cascade,10,795.5
ZINCf50000009skC,full_cascade,10,795.5
ZINCf50000009srB,full_cascade,10,795.5
ZINCf50000009tPD,full_cascade,10,795.5
ZINCf50000009tbw,full_cascade,10,795.5
ZINCf50000009tyF,full_cascade,10,795.5
ZINCf50000009u3p,full_cascade,10,795.5
ZINCf50000009uIn,full_cascade,10,795.5
ZINCf50000009uLm,full_cascade,10,795.5
ZINCf50000009uOA,full_cascade,10,795.5
ZINCf50000009ubU,full_cascade,10,795.5
ZINCf50000009ubg,full_cascade,10,795.5
ZINCf50000009ubo,full_cascade,10,795.5
ZINCf50000009ujW,full_cascade,10,795.5
ZINCf50000009ukr,full_cascade,10,795.5
ZINCf50000009ulA,full_cascade,10,795.5
ZINCf50000009umC,full_cascade,10,795.5
ZINCf50000009unZ,full_cascade,10,795.5
ZINCf50000009vTX,full_cascade,10,795.5
ZINCf50000009vTy,full_cascade,10,795.5
ZINCf50000009vXk,full_cascade,10,795.5
ZINCf50000009vXv,full_cascade,10,795.5
ZINCf50000009vaY,full_cascade,10,795.5
ZINCf50000009vcl,full_cascade,10,795.5
ZINCf50000009vxt,full_cascade,10,795.5
ZINCf50000009vzq,full_cascade,10,795.5
ZINCf50000009w1i,full_cascade,10,795.5
ZINCf50000009w7k,full_cascade,10,795.5
ZINCf50000009wAP,full_cascade,10,795.5
ZINCf50000009wB0,full_cascade,10,795.5
ZINCf50000009wBo,full_cascade,10,795.5
ZINCf50000009wDl,full_cascade,10,795.5
ZINCf50000009wl5,full_cascade,10,795.5
ZINCf50000009wyd,full_cascade,10,795.5
ZINCf50000009xJW,full_cascade,10,795.5
ZINCf50000009xJZ,full_cascade,10,795.5
ZINCf50000009xOf,full_cascade,10,795.5
ZINCf50000009xOi,full_cascade,10,795.5
ZINCf50000009xQv,full_cascade,10,795.5
ZINCf50000009xfQ,full_cascade,10,795.5
ZINCf50000009xfn,full_cascade,10,795.5
ZINCf50000009xg9,full_cascade,10,795.5
ZINCf50000009xgw,full_cascade,10,795.5
ZINCf50000009xh4,full_cascade,10,795.5
ZINCf50000009xvR,full_cascade,10,795.5
ZINCf50000009yGS,full_cascade,10,795.5
ZINCf50000009yQr,full_cascade,10,795.5
ZINCf50000009yTj,full_cascade,10,795.5
ZINCf50000009yXR,full_cascade,10,795.5
ZINCf50000009yYz,full_cascade,10,795.5
ZINCf50000009yd6,full_cascade,10,795.5
ZINCf50000009yd7,full_cascade,10,795.5
ZINCf50000009yd8,full_cascade,10,795.5
ZINCf50000009ynt,full_cascade,10,795.5
ZINCf50000009ynz,full_cascade,10,795.5
ZINCf50000009yuU,full_cascade,10,795.5
ZINCf50000009yxA,full_cascade,10,795.5
ZINCf50000009z98,full_cascade,10,795.5
ZINCf50000009zPR,full_cascade,10,795.5
ZINCf50000009zPT,full_cascade,10,795.5
ZINCf50000009zRc,full_cascade,10,795.5
ZINCf50000009zwx,full_cascade,10,795.5
ZINCf5000000S4qw,full_cascade,10,795.5
ZINCf5000000S50h,full_cascade,10,795.5
ZINCf5000000S5Vn,full_cascade,10,795.5
ZINCf5000000S5sX,full_cascade,10,795.5
ZINCf5000000S6BQ,full_cascade,10,795.5
ZINCf5000000S6FM,full_cascade,10,795.5
ZINCf5000000S6Go,full_cascade,10,795.5
ZINCf5000000S6Ha,full_cascade,10,795.5
ZINCf5000000S6SM,full_cascade,10,795.5
ZINCf5000000S6dS,full_cascade,10,795.5
ZINCf5000000S6dV,full_cascade,10,795.5
ZINCf5000000S6ep,full_cascade,10,795.5
ZINCf5000000S6eu,full_cascade,10,795.5
ZINCf5000000S76T,full_cascade,10,795.5
ZINCf5000000S77D,full_cascade,10,795.5
ZINCf5000000S7uF,full_cascade,10,795.5
ZINCf5000000S7uO,full_cascade,10,795.5
ZINCf5000000SJTG,full_cascade,10,795.5
ZINCf5000000SJTu,full_cascade,10,795.5
ZINCf5000000SJvO,full_cascade,10,795.5
ZINCf5000000SKCN,full_cascade,10,795.5
ZINCf5000000SKGZ,full_cascade,10,795.5
ZINCf5000000SKPV,full_cascade,10,795.5
ZINCf5000000SKXg,full_cascade,10,795.5
ZINCf5000000SKov,full_cascade,10,795.5
ZINCf5000000SKrI,full_cascade,10,795.5
ZINCf5000000SL7m,full_cascade,10,795.5
ZINCf5000000SLPL,full_cascade,10,795.5
ZINCf5000000SLUp,full_cascade,10,795.5
ZINCf5000000SMmi,full_cascade,10,795.5
ZINCf5000000SMpn,full_cascade,10,795.5
ZINCf5000000SNGF,full_cascade,10,795.5
ZINCf5000000SNNA,full_cascade,10,795.5
ZINCf5000000SNrm,full_cascade,10,795.5
ZINCf5000000SNzJ,full_cascade,10,795.5
ZINCf5000000VZ2K,full_cascade,10,795.5
ZINCf5000000VZ3N,full_cascade,10,795.5
ZINCf5000000VZ8H,full_cascade,10,795.5
ZINCf5000000VZgr,full_cascade,10,795.5
ZINCf5000000VZiS,full_cascade,10,795.5
ZINCf5000000VZpD,full_cascade,10,795.5
ZINCf5000000VZps,full_cascade,10,795.5
ZINCf5000000VZpu,full_cascade,10,795.5
ZINCf5000000Vl4Z,full_cascade,10,795.5
ZINCf5000000Vl6O,full_cascade,10,795.5
ZINCf5000000VlMZ,full_cascade,10,795.5
ZINCf5000000VlUp,full_cascade,10,795.5
ZINCf5000000VlVJ,full_cascade,10,795.5
ZINCf5000000Vlgo,full_cascade,10,795.5
ZINCf5000000Vm5s,full_cascade,10,795.5
ZINCf5000000VmCZ,full_cascade,10,795.5
ZINCf5000000VmFi,full_cascade,10,795.5
ZINCf5000000VmgG,full_cascade,10,795.5
ZINCf5000000VmgN,full_cascade,10,795.5
ZINCf5000000VmpX,full_cascade,10,795.5
ZINCf5000000VmyA,full_cascade,10,795.5
ZINCf5000000Vn0F,full_cascade,10,795.5
ZINCf5000000Vn0X,full_cascade,10,795.5
ZINCf5000000VnD5,full_cascade,10,795.5
ZINCf5000000Vnas,full_cascade,10,795.5
ZINCf5000000Vnb9,full_cascade,10,795.5
ZINCf5000000Vnkh,full_cascade,10,795.5
ZINCf5000000VnwQ,full_cascade,10,795.5
ZINCf5000000VnyO,full_cascade,10,795.5
ZINCf5000000WA6M,full_cascade,10,795.5
ZINCf5000000WA6N,full_cascade,10,795.5
ZINCf5000000WA7z,full_cascade,10,795.5
ZINCf5000000WA8S,full_cascade,10,795.5
ZINCf5000000WAJX,full_cascade,10,795.5
ZINCf5000000WAQf,full_cascade,10,795.5
ZINCf5000000WARa,full_cascade,10,795.5
ZINCf5000000WARb,full_cascade,10,795.5
ZINCf5000000WARm,full_cascade,10,795.5
ZINCf5000000WBK7,full_cascade,10,795.5
ZINCf5000000WBK9,full_cascade,10,795.5
ZINCf5000000WBKn,full_cascade,10,795.5
ZINCf5000000WBLy,full_cascade,10,795.5
ZINCf5000000WBOU,full_cascade,10,795.5
ZINCf5000000WBXq,full_cascade,10,795.5
ZINCf5000000WBgI,full_cascade,10,795.5
ZINCf5000000WBkB,full_cascade,10,795.5
ZINCf5000000WC3b,full_cascade,10,795.5
ZINCf5000000WClS,full_cascade,10,795.5
ZINCf5000000WDpU,full_cascade,10,795.5
ZINCf5000000YaMm,full_cascade,10,795.5
ZINCf5000000YaTJ,full_cascade,10,795.5
ZINCf5000000YaUz,full_cascade,10,795.5
ZINCf5000000YbHL,full_cascade,10,795.5
ZINCf5000000YbHM,full_cascade,10,795.5
ZINCf5000000YbJI,full_cascade,10,795.5
ZINCf5000000YbXu,full_cascade,10,795.5
ZINCf5000000Ybic,full_cascade,10,795.5
ZINCf5000000Ybjp,full_cascade,10,795.5
ZINCf5000000Ybws,full_cascade,10,795.5
ZINCf5000000ZqAB,full_cascade,10,795.5
ZINCf5000000ZqIi,full_cascade,10,795.5
ZINCf5000000ZqRZ,full_cascade,10,795.5
ZINCf5000000ZqV6,full_cascade,10,795.5
ZINCf5000000ZqVk,full_cascade,10,795.5
ZINCf5000000ZqX7,full_cascade,10,795.5
ZINCf5000000ZqXK,full_cascade,10,795.5
ZINCf5000000ZqhC,full_cascade,10,795.5
ZINCf5000000ZqmL,full_cascade,10,795.5
ZINCf5000000Zqyi,full_cascade,10,795.5
ZINCf5000000Zr5Y,full_cascade,10,795.5
ZINCf5000000Zr5s,full_cascade,10,795.5
ZINCf5000000Zr6n,full_cascade,10,795.5
ZINCf5000000Zr7a,full_cascade,10,795.5
ZINCf5000000ZrAL,full_cascade,10,795.5
ZINCf5000000ZrBx,full_cascade,10,795.5
ZINCf5000000ZrFf,full_cascade,10,795.5
ZINCf5000000ZrMJ,full_cascade,10,795.5
ZINCf5000000ZrWX,full_cascade,10,795.5
ZINCf5000000Zrb9,full_cascade,10,795.5
ZINCf5000000Zrm2,full_cascade,10,795.5
ZINCf5000000ZrnM,full_cascade,10,795.5
ZINCf5000000Zrrq,full_cascade,10,795.5
ZINCf5000000Zrtg,full_cascade,10,795.5
ZINCf5000000Zrtr,full_cascade,10,795.5
ZINCf5000000ZrwO,full_cascade,10,795.5
ZINCf5000000Zs6D,full_cascade,10,795.5
ZINCf5000000ZsM6,full_cascade,10,795.5
ZINCf5000000ZsOY,full_cascade,10,795.5
ZINCf5000000ZsXj,full_cascade,10,795.5
ZINCf5000000ZsXm,full_cascade,10,795.5
ZINCf5000000Zsbf,full_cascade,10,795.5
ZINCf5000000Zsex,full_cascade,10,795.5
ZINCf5000000Zt87,full_cascade,10,795.5
ZINCf5000000Zt92,full_cascade,10,795.5
ZINCf5000000Zt9N,full_cascade,10,795.5
ZINCf5000000ZtE0,full_cascade,10,795.5
ZINCf5000000ZtEi,full_cascade,10,795.5
ZINCf5000000ZtGz,full_cascade,10,795.5
ZINCf5000000ZtIG,full_cascade,10,795.5
ZINCf5000000ZtIW,full_cascade,10,795.5
ZINCf5000000ZtJJ,full_cascade,10,795.5
ZINCf5000000ZtJg,full_cascade,10,795.5
ZINCf5000000ZtK7,full_cascade,10,795.5
ZINCf5000000ZtNy,full_cascade,10,795.5
ZINCf5000000ZtRN,full_cascade,10,795.5
ZINCf5000000Ztb7,full_cascade,10,795.5
ZINCf5000000Zter,full_cascade,10,795.5
ZINCf5000000ZtgX,full_cascade,10,795.5
ZINCf5000000ZthQ,full_cascade,10,795.5
ZINCf5000000Ztii,full_cascade,10,795.5
ZINCf5000000Ztj4,full_cascade,10,795.5
ZINCf5000000ZtkQ,full_cascade,10,795.5
ZINCf5000000Ztoe,full_cascade,10,795.5
ZINCf5000000Ztuj,full_cascade,10,795.5
ZINCf5000000Zu2d,full_cascade,10,795.5
ZINCf5000000Zu2h,full_cascade,10,795.5
ZINCf5000000ZuCy,full_cascade,10,795.5
ZINCf5000000ZuDR,full_cascade,10,795.5
ZINCf5000000ZuU4,full_cascade,10,795.5
ZINCf5000000ZuVH,full_cascade,10,795.5
ZINCf5000000ZucB,full_cascade,10,795.5
ZINCf5000000Zvca,full_cascade,10,795.5
ZINCf5000000Zw5U,full_cascade,10,795.5
ZINCf5000000Zw6U,full_cascade,10,795.5
ZINCf5000000ZwTM,full_cascade,10,795.5
ZINCf5000000ZwYF,full_cascade,10,795.5
ZINCf5000000ZwbF,full_cascade,10,795.5
ZINCf5000000Zwpf,full_cascade,10,795.5
ZINCf5000000Zx5d,full_cascade,10,795.5
ZINCf5000000Zx5j,full_cascade,10,795.5
ZINCf5000000ZxDl,full_cascade,10,795.5
ZINCf5000000ZxDt,full_cascade,10,795.5
ZINCf5000000ZxEf,full_cascade,10,795.5
ZINCf5000000ZxEo,full_cascade,10,795.5
ZINCf5000000ZxFj,full_cascade,10,795.5
ZINCf5000000ZxGx,full_cascade,10,795.5
ZINCf5000000ZxN4,full_cascade,10,795.5
ZINCf5000000ZxNc,full_cascade,10,795.5
ZINCf5000000ZxOy,full_cascade,10,795.5
ZINCf5000000ZxVl,full_cascade,10,795.5
ZINCf5000000ZxYr,full_cascade,10,795.5
ZINCf5000000ZxaH,full_cascade,10,795.5
ZINCf5000000Zxnj,full_cascade,10,795.5
ZINCf5000000Zy49,full_cascade,10,795.5
ZINCf5000000ZyVd,full_cascade,10,795.5
ZINCf5000000ZyZN,full_cascade,10,795.5
ZINCf5000000ZynH,full_cascade,10,795.5
ZINCf5000000Zyov,full_cascade,10,795.5
ZINCf5000000Zz1e,full_cascade,10,795.5
ZINCf5000000Zz7Q,full_cascade,10,795.5
ZINCf5000000a12U,full_cascade,10,795.5
ZINCf5000000a163,full_cascade,10,795.5
ZINCf5000000a16n,full_cascade,10,795.5
ZINCf5000000a175,full_cascade,10,795.5
ZINCf5000000a1SU,full_cascade,10,795.5
ZINCf5000000a2uY,full_cascade,10,795.5
ZINCf5000000a4Q2,full_cascade,10,795.5
ZINCf5000000a4T0,full_cascade,10,795.5
ZINCf5000000a50o,full_cascade,10,795.5
ZINCf5000000a5HH,full_cascade,10,795.5
ZINCf5000000a5M3,full_cascade,10,795.5
ZINCf5000000a5MP,full_cascade,10,795.5
ZINCf5000000a5PY,full_cascade,10,795.5
ZINCf5000000a5v3,full_cascade,10,795.5
ZINCf5000000a5xo,full_cascade,10,795.5
ZINCf5000000a6Cx,full_cascade,10,795.5
ZINCf5000000a6dj,full_cascade,10,795.5
ZINCf5000000a7OJ,full_cascade,10,795.5
ZINCf5000000a7P5,full_cascade,10,795.5
ZINCf5000000a7S0,full_cascade,10,795.5
ZINCf5000000a7SK,full_cascade,10,795.5
ZINCf5000000a7WR,full_cascade,10,795.5
ZINCf5000000a841,full_cascade,10,795.5
ZINCf5000000a86K,full_cascade,10,795.5
ZINCf5000000a86R,full_cascade,10,795.5
ZINCf5000000a8K6,full_cascade,10,795.5
ZINCf5000000a8KC,full_cascade,10,795.5
ZINCf5000000a92W,full_cascade,10,795.5
ZINCf5000000a94X,full_cascade,10,795.5
ZINCf5000000a95c,full_cascade,10,795.5
ZINCf5000000a9Is,full_cascade,10,795.5
ZINCf5000000a9YT,full_cascade,10,795.5
ZINCf5000000a9iG,full_cascade,10,795.5
ZINCf5000000a9rH,full_cascade,10,795.5
ZINCf5000000a9rQ,full_cascade,10,795.5
ZINCf5000000a9uN,full_cascade,10,795.5
ZINCf5000000a9wc,full_cascade,10,795.5
ZINCf5000000a9wg,full_cascade,10,795.5
ZINCf5000000a9wh,full_cascade,10,795.5
ZINCf5000000aa5G,full_cascade,10,795.5
ZINCf5000000aa5J,full_cascade,10,795.5
ZINCf5000000aa5p,full_cascade,10,795.5
ZINCf5000000aaE4,full_cascade,10,795.5
ZINCf5000000aabr,full_cascade,10,795.5
ZINCf5000000aaeZ,full_cascade,10,795.5
ZINCf5000000aaqY,full_cascade,10,795.5
ZINCf5000000aasy,full_cascade,10,795.5
ZINCf5000000abAi,full_cascade,10,795.5
ZINCf5000000abGX,full_cascade,10,795.5
ZINCf5000000abH0,full_cascade,10,795.5
ZINCf5000000abJX,full_cascade,10,795.5
ZINCf5000000abPV,full_cascade,10,795.5
ZINCf5000000abXE,full_cascade,10,795.5
ZINCf5000000abZj,full_cascade,10,795.5
ZINCf5000000abab,full_cascade,10,795.5
ZINCf5000000abwH,full_cascade,10,795.5
ZINCf5000000acqq,full_cascade,10,795.5
ZINCf5000000acyU,full_cascade,10,795.5
ZINCf5000000ad3E,full_cascade,10,795.5
ZINCf5000000ad3r,full_cascade,10,795.5
ZINCf5000000ad3w,full_cascade,10,795.5
ZINCf5000000adBr,full_cascade,10,795.5
ZINCf5000000adFn,full_cascade,10,795.5
ZINCf5000000adGN,full_cascade,10,795.5
ZINCf5000000adVD,full_cascade,10,795.5
ZINCf5000000adVE,full_cascade,10,795.5
ZINCf5000000adwF,full_cascade,10,795.5
ZINCf5000000ady2,full_cascade,10,795.5
ZINCf5000000adyO,full_cascade,10,795.5
ZINCf5000000ae3H,full_cascade,10,795.5
ZINCf5000000aeNZ,full_cascade,10,795.5
ZINCf5000000af3O,full_cascade,10,795.5
ZINCf5000000af3d,full_cascade,10,795.5
ZINCf5000000af3g,full_cascade,10,795.5
ZINCf5000000af41,full_cascade,10,795.5
ZINCf5000000af4R,full_cascade,10,795.5
ZINCf5000000af5N,full_cascade,10,795.5
ZINCf5000000af5V,full_cascade,10,795.5
ZINCf5000000afYF,full_cascade,10,795.5
ZINCf5000000afdd,full_cascade,10,795.5
ZINCf5000000afnL,full_cascade,10,795.5
ZINCf5000000afob,full_cascade,10,795.5
ZINCf5000000agGq,full_cascade,10,795.5
ZINCf5000000agRW,full_cascade,10,795.5
ZINCf5000000agV5,full_cascade,10,795.5
ZINCf5000000agon,full_cascade,10,795.5
ZINCf5000000agtX,full_cascade,10,795.5
ZINCf5000000agu2,full_cascade,10,795.5
ZINCf5000000aguA,full_cascade,10,795.5
ZINCf5000000aguu,full_cascade,10,795.5
ZINCf5000000ah8U,full_cascade,10,795.5
ZINCf5000000ah8Z,full_cascade,10,795.5
ZINCf5000000ah95,full_cascade,10,795.5
ZINCf5000000ahD7,full_cascade,10,795.5
ZINCf5000000ahle,full_cascade,10,795.5
ZINCf5000000ahsC,full_cascade,10,795.5
ZINCf5000000ai5I,full_cascade,10,795.5
ZINCf5000000aiGH,full_cascade,10,795.5
ZINCf5000000aiGd,full_cascade,10,795.5
ZINCf5000000aiIl,full_cascade,10,795.5
ZINCf5000000aiKp,full_cascade,10,795.5
ZINCf5000000aiLb,full_cascade,10,795.5
ZINCf5000000aiZU,full_cascade,10,795.5
ZINCf5000000aiZh,full_cascade,10,795.5
ZINCf5000000aj4d,full_cascade,10,795.5
ZINCf5000000ajkb,full_cascade,10,795.5
ZINCf5000000ajrP,full_cascade,10,795.5
ZINCf5000000ajrV,full_cascade,10,795.5
ZINCf5000000ajs6,full_cascade,10,795.5
ZINCf5000000ajsf,full_cascade,10,795.5
ZINCf5000000ajwE,full_cascade,10,795.5
ZINCf5000000ajwd,full_cascade,10,795.5
ZINCf5000000akN8,full_cascade,10,795.5
ZINCf5000000akV7,full_cascade,10,795.5
ZINCf5000000akfl,full_cascade,10,795.5
ZINCf5000000akiS,full_cascade,10,795.5
ZINCf5000000akjg,full_cascade,10,795.5
ZINCf5000000akpg,full_cascade,10,795.5
ZINCf5000000alBG,full_cascade,10,795.5
ZINCf5000000alCq,full_cascade,10,795.5
ZINCf5000000alHz,full_cascade,10,795.5
ZINCf5000000alVo,full_cascade,10,795.5
ZINCf5000000aloI,full_cascade,10,795.5
ZINCf5000000aloJ,full_cascade,10,795.5
ZINCf5000000aloK,full_cascade,10,795.5
ZINCf5000000alp2,full_cascade,10,795.5
ZINCf5000000alqn,full_cascade,10,795.5
ZINCf5000000aluA,full_cascade,10,795.5
ZINCf5000000aluW,full_cascade,10,795.5
ZINCf5000000amZE,full_cascade,10,795.5
ZINCf5000000anCn,full_cascade,10,795.5
ZINCf5000000anCo,full_cascade,10,795.5
ZINCf5000000anDg,full_cascade,10,795.5
ZINCf5000000anKU,full_cascade,10,795.5
ZINCf5000000anM6,full_cascade,10,795.5
ZINCf5000000anM8,full_cascade,10,795.5
ZINCf5000000aoGp,full_cascade,10,795.5
ZINCf5000000apAH,full_cascade,10,795.5
ZINCf5000000apBq,full_cascade,10,795.5
ZINCf5000000apRj,full_cascade,10,795.5
ZINCf5000000apS0,full_cascade,10,795.5
ZINCf5000000aqQc,full_cascade,10,795.5
ZINCf5000000ar00,full_cascade,10,795.5
ZINCf5000000as8q,full_cascade,10,795.5
ZINCf5000000atDe,full_cascade,10,795.5
ZINCf5000000atl4,full_cascade,10,795.5
ZINCf5000000atwE,full_cascade,10,795.5
ZINCf5000000ausn,full_cascade,10,795.5
ZINCf5000000ax0J,full_cascade,10,795.5
ZINCf5000000ax0K,full_cascade,10,795.5
ZINCf5000000ax9G,full_cascade,10,795.5
ZINCf5000000axTO,full_cascade,10,795.5
ZINCf5000000axbK,full_cascade,10,795.5
ZINCf5000000axc4,full_cascade,10,795.5
ZINCf5000000axcT,full_cascade,10,795.5
ZINCf5000000axdP,full_cascade,10,795.5
ZINCf5000000axlu,full_cascade,10,795.5
ZINCf5000000axnZ,full_cascade,10,795.5
ZINCf5000000axo0,full_cascade,10,795.5
ZINCf5000000axtN,full_cascade,10,795.5
ZINCf5000000ay0Z,full_cascade,10,795.5
ZINCf5000000ay6c,full_cascade,10,795.5
ZINCf5000000ay6h,full_cascade,10,795.5
ZINCf5000000ay8s,full_cascade,10,795.5
ZINCf5000000ayEj,full_cascade,10,795.5
ZINCf5000000ayh9,full_cascade,10,795.5
ZINCf5000000ayjI,full_cascade,10,795.5
ZINCf5000000ayno,full_cascade,10,795.5
ZINCf5000000aynr,full_cascade,10,795.5
ZINCf5000000ayob,full_cascade,10,795.5
ZINCf5000000az0S,full_cascade,10,795.5
ZINCf5000000az2d,full_cascade,10,795.5
ZINCf5000000azGJ,full_cascade,10,795.5
ZINCf5000000azJc,full_cascade,10,795.5
ZINCf50000017AH2,full_cascade,10,795.5
ZINCf50000017AHc,full_cascade,10,795.5
ZINCf50000017AV1,full_cascade,10,795.5
ZINCf50000017Als,full_cascade,10,795.5
ZINCf50000017AwE,full_cascade,10,795.5
ZINCf50000017BD3,full_cascade,10,795.5
ZINCf50000017BDb,full_cascade,10,795.5
ZINCf50000017Bb3,full_cascade,10,795.5
ZINCf50000017Bhj,full_cascade,10,795.5
ZINCf50000017BnG,full_cascade,10,795.5
ZINCf50000017BnT,full_cascade,10,795.5
ZINCf50000017Bo0,full_cascade,10,795.5
ZINCf50000017Bys,full_cascade,10,795.5
ZINCf50000017CeW,full_cascade,10,795.5
ZINCf50000017Cvl,full_cascade,10,795.5
ZINCf50000017Cvm,full_cascade,10,795.5
ZINCf50000017CxM,full_cascade,10,795.5
ZINCf50000017DLX,full_cascade,10,795.5
ZINCf50000017DqO,full_cascade,10,795.5
ZINCf50000017Fds,full_cascade,10,795.5
ZINCf50000017G6Q,full_cascade,10,795.5
ZINCf50000017HMG,full_cascade,10,795.5
ZINCf50000017HS4,full_cascade,10,795.5
ZINCf50000017HVC,full_cascade,10,795.5
ZINCf50000017Hd9,full_cascade,10,795.5
ZINCf50000017I9E,full_cascade,10,795.5
ZINCf50000017IY1,full_cascade,10,795.5
ZINCf50000017Iar,full_cascade,10,795.5
ZINCf50000017IgA,full_cascade,10,795.5
ZINCf50000017Ild,full_cascade,10,795.5
ZINCf50000017JOv,full_cascade,10,795.5
ZINCf50000017KDe,full_cascade,10,795.5
ZINCf50000017KEg,full_cascade,10,795.5
ZINCf50000017KGC,full_cascade,10,795.5
ZINCf50000017KN8,full_cascade,10,795.5
ZINCf50000017KTo,full_cascade,10,795.5
ZINCf50000017KXN,full_cascade,10,795.5
ZINCf50000017Koq,full_cascade,10,795.5
ZINCf50000017L7N,full_cascade,10,795.5
ZINCf50000017L9C,full_cascade,10,795.5
ZINCf50000017LKe,full_cascade,10,795.5
ZINCf50000017LMW,full_cascade,10,795.5
ZINCf50000017LPk,full_cascade,10,795.5
ZINCf50000017LZS,full_cascade,10,795.5
ZINCf50000017LpE,full_cascade,10,795.5
ZINCf50000017LpH,full_cascade,10,795.5
ZINCf50000017Lpp,full_cascade,10,795.5
ZINCf50000017Lpv,full_cascade,10,795.5
ZINCf50000017Lpy,full_cascade,10,795.5
ZINCf50000017M4F,full_cascade,10,795.5
ZINCf50000017M4H,full_cascade,10,795.5
ZINCf50000017M4h,full_cascade,10,795.5
ZINCf50000017M5a,full_cascade,10,795.5
ZINCf50000017Mlc,full_cascade,10,795.5
ZINCf50000017Mm2,full_cascade,10,795.5
ZINCf50000017Mmp,full_cascade,10,795.5
ZINCf50000017O4K,full_cascade,10,795.5
ZINCf50000017ODj,full_cascade,10,795.5
ZINCf50000017OIu,full_cascade,10,795.5
ZINCf50000017OQs,full_cascade,10,795.5
ZINCf50000017Oso,full_cascade,10,795.5
ZINCf50000017Owq,full_cascade,10,795.5
ZINCf50000017P7X,full_cascade,10,795.5
ZINCf50000017P7h,full_cascade,10,795.5
ZINCf50000017P8f,full_cascade,10,795.5
ZINCf50000017PN7,full_cascade,10,795.5
ZINCf50000017Paj,full_cascade,10,795.5
ZINCf50000017Pbh,full_cascade,10,795.5
ZINCf50000017PcV,full_cascade,10,795.5
ZINCf50000017Pd0,full_cascade,10,795.5
ZINCf50000017Pfy,full_cascade,10,795.5
ZINCf50000017Phe,full_cascade,10,795.5
ZINCf50000017PmQ,full_cascade,10,795.5
ZINCf50000017Pvr,full_cascade,10,795.5
ZINCf50000017QBg,full_cascade,10,795.5
ZINCf50000017QTY,full_cascade,10,795.5
ZINCf50000017Qbx,full_cascade,10,795.5
ZINCf50000017RYr,full_cascade,10,795.5
ZINCf50000017Rvv,full_cascade,10,795.5
ZINCf50000017RzR,full_cascade,10,795.5
ZINCf50000017UTh,full_cascade,10,795.5
ZINCf50000017VOT,full_cascade,10,795.5
ZINCf50000017W19,full_cascade,10,795.5
ZINCf50000017W1C,full_cascade,10,795.5
ZINCf50000017W9c,full_cascade,10,795.5
ZINCf50000017X2G,full_cascade,10,795.5
ZINCf50000017Zr1,full_cascade,10,795.5
ZINCf50000017ZrY,full_cascade,10,795.5
ZINCf50000017ZtB,full_cascade,10,795.5
ZINCf50000017Zun,full_cascade,10,795.5
ZINCf50000017lUu,full_cascade,10,795.5
ZINCf50000017lbD,full_cascade,10,795.5
ZINCf50000017lf2,full_cascade,10,795.5
ZINCf50000017lhW,full_cascade,10,795.5
ZINCf50000017li6,full_cascade,10,795.5
ZINCf50000017mHI,full_cascade,10,795.5
ZINCf50000017mSh,full_cascade,10,795.5
ZINCf50000017mY8,full_cascade,10,795.5
ZINCf50000017mxq,full_cascade,10,795.5
ZINCf50000017nBf,full_cascade,10,795.5
ZINCf50000017nnK,full_cascade,10,795.5
ZINCf50000017nnL,full_cascade,10,795.5
ZINCf50000017nzV,full_cascade,10,795.5
ZINCf50000017o0x,full_cascade,10,795.5
ZINCf50000017oMB,full_cascade,10,795.5
ZINCf50000017oPJ,full_cascade,10,795.5
ZINCf50000017oS1,full_cascade,10,795.5
ZINCf50000017oVG,full_cascade,10,795.5
ZINCf50000017pBj,full_cascade,10,795.5
ZINCf50000017phT,full_cascade,10,795.5
ZINCf50000017poh,full_cascade,10,795.5
ZINCf50000017rHe,full_cascade,10,795.5
ZINCf50000017sPR,full_cascade,10,795.5
ZINCf50000017unS,full_cascade,10,795.5
ZINCf50000017vGK,full_cascade,10,795.5
ZINCf50000017vYs,full_cascade,10,795.5
ZINCf50000017w1Q,full_cascade,10,795.5
ZINCf50000017w8G,full_cascade,10,795.5
ZINCf50000017wUV,full_cascade,10,795.5
ZINCf50000017wam,full_cascade,10,795.5
ZINCf50000017xU1,full_cascade,10,795.5
ZINCf50000017y0Q,full_cascade,10,795.5
ZINCf50000017yd7,full_cascade,10,795.5
ZINCf50000017ysP,full_cascade,10,795.5
ZINCf50000017yx3,full_cascade,10,795.5
ZINCf50000017zNX,full_cascade,10,795.5
ZINCf50000017zSV,full_cascade,10,795.5
ZINCf50000017zaD,full_cascade,10,795.5
ZINCf50000017zbM,full_cascade,10,795.5
ZINCf50000017zwX,full_cascade,10,795.5
ZINCf50000017zxk,full_cascade,10,795.5
ZINCf5000001805j,full_cascade,10,795.5
ZINCf500000180pq,full_cascade,10,795.5
ZINCf500000180wS,full_cascade,10,795.5
ZINCf5000001813A,full_cascade,10,795.5
ZINCf500000181WL,full_cascade,10,795.5
ZINCf500000181fP,full_cascade,10,795.5
ZINCf500000181p5,full_cascade,10,795.5
ZINCf500000181p7,full_cascade,10,795.5
ZINCf500000181pp,full_cascade,10,795.5
ZINCf500000181yj,full_cascade,10,795.5
ZINCf500000182My,full_cascade,10,795.5
ZINCf500000183XL,full_cascade,10,795.5
ZINCf50000018473,full_cascade,10,795.5
ZINCf500000184jK,full_cascade,10,795.5
ZINCf500000184mH,full_cascade,10,795.5
ZINCf500000185b7,full_cascade,10,795.5
ZINCf500000185bu,full_cascade,10,795.5
ZINCf500000185c0,full_cascade,10,795.5
ZINCf500000185gK,full_cascade,10,795.5
ZINCf500000185xt,full_cascade,10,795.5
ZINCf500000186nE,full_cascade,10,795.5
ZINCf500000186wo,full_cascade,10,795.5
ZINCf5000001876r,full_cascade,10,795.5
ZINCf500000187Mb,full_cascade,10,795.5
ZINCf500000187XB,full_cascade,10,795.5
ZINCf500000187b6,full_cascade,10,795.5
ZINCf500000188GP,full_cascade,10,795.5
ZINCf500000188Pq,full_cascade,10,795.5
ZINCf50000018akF,full_cascade,10,795.5
ZINCf50000018av9,full_cascade,10,795.5
ZINCf50000018cDd,full_cascade,10,795.5
ZINCf50000018cDk,full_cascade,10,795.5
ZINCf50000018crf,full_cascade,10,795.5
ZINCf50000018cs2,full_cascade,10,795.5
ZINCf50000018csP,full_cascade,10,795.5
ZINCf50000018csw,full_cascade,10,795.5
ZINCf50000018cv7,full_cascade,10,795.5
ZINCf5000001AV0S,full_cascade,10,795.5
ZINCf5000001B87A,full_cascade,10,795.5
ZINCf5000001BDIX,full_cascade,10,795.5
ZINCf5000001CEAB,full_cascade,10,795.5
ZINCf5000001COrR,full_cascade,10,795.5
ZINCf5000001DljD,full_cascade,10,795.5
ZINCf5000001Dt2h,full_cascade,10,795.5
ZINCf5000001E9fQ,full_cascade,10,795.5
ZINCf5000001EG1K,full_cascade,10,795.5
ZINCf5000001EKgL,full_cascade,10,795.5
ZINCf5000001ERk8,full_cascade,10,795.5
ZINCf5000001Emu2,full_cascade,10,795.5
ZINCf5000001FZJ5,full_cascade,10,795.5
ZINCf5000001FqL3,full_cascade,10,795.5
ZINCf5000001GOOG,full_cascade,10,795.5
ZINCf5000001GWlM,full_cascade,10,795.5
ZINCf5000001HDs7,full_cascade,10,795.5
ZINCf5000001Hgyt,full_cascade,10,795.5
ZINCf5000001J0ET,full_cascade,10,795.5
ZINCf5000001J2bw,full_cascade,10,795.5
ZINCf5000001JISo,full_cascade,10,795.5
ZINCf5000001JZvH,full_cascade,10,795.5
ZINCf5000001Lr3T,full_cascade,10,795.5
ZINCf5000001M06a,full_cascade,10,795.5
ZINCf5000001MKOo,full_cascade,10,795.5
ZINCf5000001MKVn,full_cascade,10,795.5
ZINCf5000001MlEL,full_cascade,10,795.5
ZINCf5000001NsFv,full_cascade,10,795.5
ZINCf5000001OACg,full_cascade,10,795.5
ZINCf5000001OCOw,full_cascade,10,795.5
ZINCf5000001QBG9,full_cascade,10,795.5
ZINCf5000001QntH,full_cascade,10,795.5
ZINCf5000001Qom4,full_cascade,10,795.5
ZINCf5000001RO6f,full_cascade,10,795.5
ZINCf5000001Rg6X,full_cascade,10,795.5
ZINCf5000001T2qF,full_cascade,10,795.5
ZINCf5000001U9Co,full_cascade,10,795.5
ZINCf5000001UtyI,full_cascade,10,795.5
ZINCf5000001V3uo,full_cascade,10,795.5
ZINCf5000001Vb6y,full_cascade,10,795.5
ZINCf5000001Vzqp,full_cascade,10,795.5
ZINCf5000001XPLl,full_cascade,10,795.5
ZINCf5000001Y2PZ,full_cascade,10,795.5
ZINCf5000001nMZ6,full_cascade,10,795.5
ZINCf5000001nNe1,full_cascade,10,795.5
ZINCf5000001nU7G,full_cascade,10,795.5
ZINCf5000001o2sM,full_cascade,10,795.5
ZINCf5000001oIWl,full_cascade,10,795.5
ZINCf5000001obOn,full_cascade,10,795.5
ZINCf5000001og7B,full_cascade,10,795.5
ZINCf5000001oltJ,full_cascade,10,795.5
ZINCf5000001omOP,full_cascade,10,795.5
ZINCf5000001oqPo,full_cascade,10,795.5
ZINCf5000001oqkT,full_cascade,10,795.5
ZINCf5000001orCY,full_cascade,10,795.5
ZINCf5000001orow,full_cascade,10,795.5
ZINCf5000001pvAi,full_cascade,10,795.5
ZINCf5000001q6o8,full_cascade,10,795.5
ZINCf5000001rptD,full_cascade,10,795.5
ZINCf5000001s5yy,full_cascade,10,795.5
ZINCf5000001sKsJ,full_cascade,10,795.5
ZINCf5000001tldI,full_cascade,10,795.5
ZINCf5000001u1ZB,full_cascade,10,795.5
ZINCf5000001x1Ao,full_cascade,10,795.5
ZINCf5000001y905,full_cascade,10,795.5
ZINCf5000001yNgh,full_cascade,10,795.5
ZINCf5000001zfG8,full_cascade,10,795.5
ZINCf5000001zmj8,full_cascade,10,795.5
ZINCf5000001zrDu,full_cascade,10,795.5
ZINCf50000020M6r,full_cascade,10,795.5
ZINCf50000022eWr,full_cascade,10,795.5
ZINCf50000023g4Q,full_cascade,10,795.5
ZINCf50000023t3V,full_cascade,10,795.5
ZINCf50000023xoF,full_cascade,10,795.5
ZINCf500000240X9,full_cascade,10,795.5
ZINCf500000249ta,full_cascade,10,795.5
ZINCf50000024C21,full_cascade,10,795.5
ZINCf50000024FMA,full_cascade,10,795.5
ZINCf50000024ITY,full_cascade,10,795.5
ZINCf50000024Ip8,full_cascade,10,795.5
ZINCf50000024Jvt,full_cascade,10,795.5
ZINCf50000024K4O,full_cascade,10,795.5
ZINCf50000024KGa,full_cascade,10,795.5
ZINCf50000024KJR,full_cascade,10,795.5
ZINCf50000024NXI,full_cascade,10,795.5
ZINCf50000024Nz6,full_cascade,10,795.5
ZINCf50000024W6j,full_cascade,10,795.5
ZINCf50000024ZZY,full_cascade,10,795.5
ZINCf50000024dVA,full_cascade,10,795.5
ZINCf50000024hVQ,full_cascade,10,795.5
ZINCf50000024hxD,full_cascade,10,795.5
ZINCf50000024kCv,full_cascade,10,795.5
ZINCf50000024mgd,full_cascade,10,795.5
ZINCf50000024pu6,full_cascade,10,795.5
ZINCf500000255IB,full_cascade,10,795.5
ZINCf500000256q2,full_cascade,10,795.5
ZINCf50000025AQY,full_cascade,10,795.5
ZINCf50000025Bwq,full_cascade,10,795.5
ZINCf50000025HUM,full_cascade,10,795.5
ZINCf50000025MDs,full_cascade,10,795.5
ZINCf50000025N7N,full_cascade,10,795.5
ZINCf50000025mDa,full_cascade,10,795.5
ZINCf50000025tBQ,full_cascade,10,795.5
ZINCf50000025uSm,full_cascade,10,795.5
ZINCf500000263Mr,full_cascade,10,795.5
ZINCf500000264ro,full_cascade,10,795.5
ZINCf50000026DOY,full_cascade,10,795.5
ZINCf50000026Fx1,full_cascade,10,795.5
ZINCf50000026Jfr,full_cascade,10,795.5
ZINCf50000026Kk6,full_cascade,10,795.5
ZINCf50000026R7L,full_cascade,10,795.5
ZINCf50000026Sqy,full_cascade,10,795.5
ZINCf50000026TVY,full_cascade,10,795.5
ZINCf50000026YZ4,full_cascade,10,795.5
ZINCf50000026aGv,full_cascade,10,795.5
ZINCf50000026fIa,full_cascade,10,795.5
ZINCf50000026ml4,full_cascade,10,795.5
ZINCf50000026oVS,full_cascade,10,795.5
ZINCf50000026w6M,full_cascade,10,795.5
ZINCf500000274Ly,full_cascade,10,795.5
ZINCf50000027IV9,full_cascade,10,795.5
ZINCf50000027LhW,full_cascade,10,795.5
ZINCf50000027PC8,full_cascade,10,795.5
ZINCf50000027dk3,full_cascade,10,795.5
ZINCf50000027i1D,full_cascade,10,795.5
ZINCf50000027ie3,full_cascade,10,795.5
ZINCf50000027oyT,full_cascade,10,795.5
ZINCf50000027pLc,full_cascade,10,795.5
ZINCf50000027uXI,full_cascade,10,795.5
ZINCf500000289Ri,full_cascade,10,795.5
ZINCf50000028BzT,full_cascade,10,795.5
ZINCf50000028Fjg,full_cascade,10,795.5
ZINCf50000028GQR,full_cascade,10,795.5
ZINCf50000028GT0,full_cascade,10,795.5
ZINCf50000028OCx,full_cascade,10,795.5
ZINCf50000028PuD,full_cascade,10,795.5
ZINCf50000028QcC,full_cascade,10,795.5
ZINCf50000028TAZ,full_cascade,10,795.5
ZINCf50000028TXa,full_cascade,10,795.5
ZINCf50000028Vdb,full_cascade,10,795.5
ZINCf50000028bKN,full_cascade,10,795.5
ZINCf50000028fI0,full_cascade,10,795.5
ZINCf50000028kMc,full_cascade,10,795.5
ZINCf50000028m4y,full_cascade,10,795.5
ZINCf50000028sZv,full_cascade,10,795.5
ZINCf50000028ups,full_cascade,10,795.5
ZINCf50000028xRY,full_cascade,10,795.5
ZINCf500000298RN,full_cascade,10,795.5
ZINCf50000029Eu8,full_cascade,10,795.5
ZINCf50000029JAg,full_cascade,10,795.5
ZINCf50000029JWM,full_cascade,10,795.5
ZINCf50000029Tt9,full_cascade,10,795.5
ZINCf50000029ZxW,full_cascade,10,795.5
ZINCf50000029civ,full_cascade,10,795.5
ZINCf50000029n0i,full_cascade,10,795.5
ZINCf50000029oGV,full_cascade,10,795.5
ZINCf50000029qto,full_cascade,10,795.5
ZINCf50000029rP9,full_cascade,10,795.5
ZINCf50000029zy9,full_cascade,10,795.5
ZINCf5000002a01t,full_cascade,10,795.5
ZINCf5000002a2Xr,full_cascade,10,795.5
ZINCf5000002aFAz,full_cascade,10,795.5
ZINCf5000002aFBR,full_cascade,10,795.5
ZINCf5000002aFrF,full_cascade,10,795.5
ZINCf5000002aFsq,full_cascade,10,795.5
ZINCf5000002aFzV,full_cascade,10,795.5
ZINCf5000002aJ1f,full_cascade,10,795.5
ZINCf5000002aJMa,full_cascade,10,795.5
ZINCf5000002aK2x,full_cascade,10,795.5
ZINCf5000002aK4C,full_cascade,10,795.5
ZINCf5000002aK4D,full_cascade,10,795.5
ZINCf5000002aKDa,full_cascade,10,795.5
ZINCf5000002aLHF,full_cascade,10,795.5
ZINCf5000002aLWo,full_cascade,10,795.5
ZINCf5000002aMZX,full_cascade,10,795.5
ZINCf5000002aNBR,full_cascade,10,795.5
ZINCf5000002aNTw,full_cascade,10,795.5
ZINCf5000002aNWH,full_cascade,10,795.5
ZINCf5000002aNYU,full_cascade,10,795.5
ZINCf5000002aNzW,full_cascade,10,795.5
ZINCf5000002aO9D,full_cascade,10,795.5
ZINCf5000002aOJy,full_cascade,10,795.5
ZINCf5000002aOKG,full_cascade,10,795.5
ZINCf5000002aOKH,full_cascade,10,795.5
ZINCf5000002aOYM,full_cascade,10,795.5
ZINCf5000002aOdL,full_cascade,10,795.5
ZINCf5000002aOhX,full_cascade,10,795.5
ZINCf5000002aOvG,full_cascade,10,795.5
ZINCf5000002aPz0,full_cascade,10,795.5
ZINCf5000002aPzJ,full_cascade,10,795.5
ZINCf5000002aQII,full_cascade,10,795.5
ZINCf5000002aQgY,full_cascade,10,795.5
ZINCf5000002aRYM,full_cascade,10,795.5
ZINCf5000002aRYP,full_cascade,10,795.5
ZINCf5000002aSDG,full_cascade,10,795.5
ZINCf5000002aSDJ,full_cascade,10,795.5
ZINCf5000002aSIB,full_cascade,10,795.5
ZINCf5000002aSJ3,full_cascade,10,795.5
ZINCf5000002aSLa,full_cascade,10,795.5
ZINCf5000002aScH,full_cascade,10,795.5
ZINCf5000002aShv,full_cascade,10,795.5
ZINCf5000002aT2O,full_cascade,10,795.5
ZINCf5000002aTAV,full_cascade,10,795.5
ZINCf5000002aTEW,full_cascade,10,795.5
ZINCf5000002aU6d,full_cascade,10,795.5
ZINCf5000002aURX,full_cascade,10,795.5
ZINCf5000002aUUy,full_cascade,10,795.5
ZINCf5000002aUZH,full_cascade,10,795.5
ZINCf5000002aUZv,full_cascade,10,795.5
ZINCf5000002aUdi,full_cascade,10,795.5
ZINCf5000002aUfh,full_cascade,10,795.5
ZINCf5000002aUgP,full_cascade,10,795.5
ZINCf5000002aUh6,full_cascade,10,795.5
ZINCf5000002aUh7,full_cascade,10,795.5
ZINCf5000002aVF7,full_cascade,10,795.5
ZINCf5000002aVhN,full_cascade,10,795.5
ZINCf5000002aW6B,full_cascade,10,795.5
ZINCf5000002aW75,full_cascade,10,795.5
ZINCf5000002aW76,full_cascade,10,795.5
ZINCf5000002aW7f,full_cascade,10,795.5
ZINCf5000002aW7g,full_cascade,10,795.5
ZINCf5000002aWse,full_cascade,10,795.5
ZINCf5000002ah5X,full_cascade,10,795.5
ZINCf5000002aiVi,full_cascade,10,795.5
ZINCf5000002ajlC,full_cascade,10,795.5
ZINCf5000002akKL,full_cascade,10,795.5
ZINCf5000002anJ3,full_cascade,10,795.5
ZINCf5000002aowO,full_cascade,10,795.5
ZINCf5000002d8UH,full_cascade,10,795.5
ZINCf5000002d9tR,full_cascade,10,795.5
ZINCf5000002dABX,full_cascade,10,795.5
ZINCf5000002dB1z,full_cascade,10,795.5
ZINCf5000002dC37,full_cascade,10,795.5
ZINCf5000002dCDa,full_cascade,10,795.5
ZINCf5000002dDKq,full_cascade,10,795.5
ZINCf5000002dEB0,full_cascade,10,795.5
ZINCf5000002dEiH,full_cascade,10,795.5
ZINCf5000002dEiR,full_cascade,10,795.5
ZINCf5000002dGzu,full_cascade,10,795.5
ZINCf5000002dO8t,full_cascade,10,795.5
ZINCf5000002dOKa,full_cascade,10,795.5
ZINCf5000002dOfJ,full_cascade,10,795.5
ZINCf5000002dQJ8,full_cascade,10,795.5
ZINCf5000002dQug,full_cascade,10,795.5
ZINCf5000002dR2n,full_cascade,10,795.5
ZINCf5000002dR3L,full_cascade,10,795.5
ZINCf5000002dR3M,full_cascade,10,795.5
ZINCf5000002dSI8,full_cascade,10,795.5
ZINCf5000002dSxu,full_cascade,10,795.5
ZINCf5000002dT8U,full_cascade,10,795.5
ZINCf5000002dV3H,full_cascade,10,795.5
ZINCf5000002dVVM,full_cascade,10,795.5
ZINCf5000002dWU3,full_cascade,10,795.5
ZINCf5000002dWc0,full_cascade,10,795.5
ZINCf5000002dZ7j,full_cascade,10,795.5
ZINCf5000002dZmD,full_cascade,10,795.5
ZINCf5000002dfWu,full_cascade,10,795.5
ZINCf5000002dgL1,full_cascade,10,795.5
ZINCf5000002dkCv,full_cascade,10,795.5
ZINCf5000002dkM7,full_cascade,10,795.5
ZINCf5000002doBS,full_cascade,10,795.5
ZINCf5000002dr1y,full_cascade,10,795.5
ZINCf5000002dtlt,full_cascade,10,795.5
ZINCf5000002du81,full_cascade,10,795.5
ZINCf5000002dv1f,full_cascade,10,795.5
ZINCf5000002e0CK,full_cascade,10,795.5
ZINCf5000002e0zq,full_cascade,10,795.5
ZINCf5000002e1D9,full_cascade,10,795.5
ZINCf5000002e1L8,full_cascade,10,795.5
ZINCf5000002e2bD,full_cascade,10,795.5
ZINCf5000002e2jt,full_cascade,10,795.5
ZINCf5000002e2y1,full_cascade,10,795.5
ZINCf5000002e3HN,full_cascade,10,795.5
ZINCf5000002e3PG,full_cascade,10,795.5
ZINCf5000002e5EQ,full_cascade,10,795.5
ZINCf5000002e5FE,full_cascade,10,795.5
ZINCf5000002e5Gl,full_cascade,10,795.5
ZINCf5000002e5Hf,full_cascade,10,795.5
ZINCf5000002e5QQ,full_cascade,10,795.5
ZINCf5000002e5yG,full_cascade,10,795.5
ZINCf5000002e64a,full_cascade,10,795.5
ZINCf5000002e67Z,full_cascade,10,795.5
ZINCf5000002e8EA,full_cascade,10,795.5
ZINCf5000002e8Wx,full_cascade,10,795.5
ZINCf5000002e9FR,full_cascade,10,795.5
ZINCf5000002e9gI,full_cascade,10,795.5
ZINCf5000002e9gM,full_cascade,10,795.5
ZINCf5000002e9iR,full_cascade,10,795.5
ZINCf5000002e9iv,full_cascade,10,795.5
ZINCf5000002eaMl,full_cascade,10,795.5
ZINCf5000002eaMm,full_cascade,10,795.5
ZINCf5000002eaMn,full_cascade,10,795.5
ZINCf5000002eaNb,full_cascade,10,795.5
ZINCf5000002eau9,full_cascade,10,795.5
ZINCf5000002eaxZ,full_cascade,10,795.5
ZINCf5000002ecbn,full_cascade,10,795.5
ZINCf5000002eeL6,full_cascade,10,795.5
ZINCf5000002eeOi,full_cascade,10,795.5
ZINCf5000002eeUZ,full_cascade,10,795.5
ZINCf5000002eeV0,full_cascade,10,795.5
ZINCf5000002eeeG,full_cascade,10,795.5
ZINCf5000002eeo2,full_cascade,10,795.5
ZINCf5000002efRu,full_cascade,10,795.5
ZINCf5000002efRw,full_cascade,10,795.5
ZINCf5000002efXb,full_cascade,10,795.5
ZINCf5000002eg4T,full_cascade,10,795.5
ZINCf5000002eg50,full_cascade,10,795.5
ZINCf5000002egZH,full_cascade,10,795.5
ZINCf5000002egZI,full_cascade,10,795.5
ZINCf5000002egdk,full_cascade,10,795.5
ZINCf5000002egeB,full_cascade,10,795.5
ZINCf5000002ehja,full_cascade,10,795.5
ZINCf5000002eiiO,full_cascade,10,795.5
ZINCf5000002ejjr,full_cascade,10,795.5
ZINCf5000002enFV,full_cascade,10,795.5
ZINCf5000002enFp,full_cascade,10,795.5
ZINCf5000002mAJu,full_cascade,10,795.5
ZINCf5000002mBX2,full_cascade,10,795.5
ZINCf5000002mBX3,full_cascade,10,795.5
ZINCf5000002mC06,full_cascade,10,795.5
ZINCf5000002mDhl,full_cascade,10,795.5
ZINCf5000002mF31,full_cascade,10,795.5
ZINCf5000002mHDq,full_cascade,10,795.5
ZINCf5000002mv38,full_cascade,10,795.5
ZINCf5000002mwA9,full_cascade,10,795.5
ZINCf5000002myC0,full_cascade,10,795.5
ZINCf5000002myC2,full_cascade,10,795.5
ZINCf5000002myLk,full_cascade,10,795.5
ZINCf5000002oA2C,full_cascade,10,795.5
ZINCf5000002oAqM,full_cascade,10,795.5
ZINCf5000002oBQS,full_cascade,10,795.5
ZINCf5000002oBQy,full_cascade,10,795.5
ZINCf5000002oBuO,full_cascade,10,795.5
ZINCf5000002oBve,full_cascade,10,795.5
ZINCf5000002oC09,full_cascade,10,795.5
ZINCf5000002oC1u,full_cascade,10,795.5
ZINCf5000002oCHN,full_cascade,10,795.5
ZINCf5000002oCTI,full_cascade,10,795.5
ZINCf5000002oCU8,full_cascade,10,795.5
ZINCf5000002oCXo,full_cascade,10,795.5
ZINCf5000002oDG4,full_cascade,10,795.5
ZINCf5000002oDPK,full_cascade,10,795.5
ZINCf5000002oDvx,full_cascade,10,795.5
ZINCf5000002oDwK,full_cascade,10,795.5
ZINCf5000002oDwM,full_cascade,10,795.5
ZINCf5000002oEsQ,full_cascade,10,795.5
ZINCf5000002oEvf,full_cascade,10,795.5
ZINCf5000002oFFl,full_cascade,10,795.5
ZINCf5000002oFZU,full_cascade,10,795.5
ZINCf5000002oFbj,full_cascade,10,795.5
ZINCf5000002oFf9,full_cascade,10,795.5
ZINCf5000002oFnR,full_cascade,10,795.5
ZINCf5000002oGS6,full_cascade,10,795.5
ZINCf5000002oGU5,full_cascade,10,795.5
ZINCf5000002oGUh,full_cascade,10,795.5
ZINCf5000002oGVW,full_cascade,10,795.5
ZINCf5000002oGW4,full_cascade,10,795.5
ZINCf5000002oGpf,full_cascade,10,795.5
ZINCf5000002oGxA,full_cascade,10,795.5
ZINCf5000002oH2n,full_cascade,10,795.5
ZINCf5000002oH71,full_cascade,10,795.5
ZINCf5000002oHS3,full_cascade,10,795.5
ZINCf5000002oHXh,full_cascade,10,795.5
ZINCf5000002oHXj,full_cascade,10,795.5
ZINCf5000002oHi8,full_cascade,10,795.5
ZINCf5000002oHtF,full_cascade,10,795.5
ZINCf5000002oHw2,full_cascade,10,795.5
ZINCf5000002oIqA,full_cascade,10,795.5
ZINCf5000002ov4x,full_cascade,10,795.5
ZINCf5000002ovYd,full_cascade,10,795.5
ZINCf5000002ovoC,full_cascade,10,795.5
ZINCf5000002oxrW,full_cascade,10,795.5
ZINCf5000002oyZY,full_cascade,10,795.5
ZINCf5000002ozaR,full_cascade,10,795.5
ZINCf5000002qAQ7,full_cascade,10,795.5
ZINCf5000002qAao,full_cascade,10,795.5
ZINCf5000002qAux,full_cascade,10,795.5
ZINCf5000002qDFK,full_cascade,10,795.5
ZINCf5000002qDHF,full_cascade,10,795.5
ZINCf5000002qDHG,full_cascade,10,795.5
ZINCf5000002qGr6,full_cascade,10,795.5
ZINCf5000002qJQ8,full_cascade,10,795.5
ZINCf5000002qKV6,full_cascade,10,795.5
ZINCf5000002qS7h,full_cascade,10,795.5
ZINCf5000002qScL,full_cascade,10,795.5
ZINCf5000002qTmJ,full_cascade,10,795.5
ZINCf5000002qUwU,full_cascade,10,795.5
ZINCf5000002qVHP,full_cascade,10,795.5
ZINCf5000002qWIY,full_cascade,10,795.5
ZINCf5000002qWJa,full_cascade,10,795.5
ZINCf5000002qWtE,full_cascade,10,795.5
ZINCf5000002qXx0,full_cascade,10,795.5
ZINCf5000002qXze,full_cascade,10,795.5
ZINCf5000002qYb3,full_cascade,10,795.5
ZINCf5000002qYlI,full_cascade,10,795.5
ZINCf5000002qZ68,full_cascade,10,795.5
ZINCf5000002qsQM,full_cascade,10,795.5
ZINCf5000002qsk9,full_cascade,10,795.5
ZINCf5000002quBj,full_cascade,10,795.5
ZINCf5000002qy1u,full_cascade,10,795.5
ZINCf5000002qyKY,full_cascade,10,795.5
ZINCf5000002qzk4,full_cascade,10,795.5
ZINCf5000002qzvt,full_cascade,10,795.5
ZINCf5000002qzwJ,full_cascade,10,795.5
ZINCf5000002qzxy,full_cascade,10,795.5
ZINCf5000002r2Mg,full_cascade,10,795.5
ZINCf5000002r4WZ,full_cascade,10,795.5
ZINCf5000002r5xX,full_cascade,10,795.5
ZINCf5000002r6MC,full_cascade,10,795.5
ZINCf5000002r6RJ,full_cascade,10,795.5
ZINCf5000002r6Wu,full_cascade,10,795.5
ZINCf5000002r7nt,full_cascade,10,795.5
ZINCf5000002r8T6,full_cascade,10,795.5
ZINCf5000002r8rT,full_cascade,10,795.5
ZINCf5000002r8tm,full_cascade,10,795.5
ZINCf5000002r90O,full_cascade,10,795.5
ZINCf5000002r9MU,full_cascade,10,795.5
ZINCf5000002rA7Z,full_cascade,10,795.5
ZINCf5000002rBHF,full_cascade,10,795.5
ZINCf5000002rBmW,full_cascade,10,795.5
ZINCf5000002rBny,full_cascade,10,795.5
ZINCf5000002rBsy,full_cascade,10,795.5
ZINCf5000002rCUc,full_cascade,10,795.5
ZINCf5000002rCfp,full_cascade,10,795.5
ZINCf5000002rCnp,full_cascade,10,795.5
ZINCf5000002rDJg,full_cascade,10,795.5
ZINCf5000002rE4c,full_cascade,10,795.5
ZINCf5000002rE6b,full_cascade,10,795.5
ZINCf5000002rEdJ,full_cascade,10,795.5
ZINCf5000002rF5w,full_cascade,10,795.5
ZINCf5000002rF6t,full_cascade,10,795.5
ZINCf5000002rFi2,full_cascade,10,795.5
ZINCf5000002rJEk,full_cascade,10,795.5
ZINCf5000002rJlF,full_cascade,10,795.5
ZINCf5000002rJso,full_cascade,10,795.5
ZINCf5000002rKMz,full_cascade,10,795.5
ZINCf5000002rKN5,full_cascade,10,795.5
ZINCf5000002rKZX,full_cascade,10,795.5
ZINCf5000002rKfe,full_cascade,10,795.5
ZINCf5000002rLDp,full_cascade,10,795.5
ZINCf5000002rLMQ,full_cascade,10,795.5
ZINCf5000002rLOE,full_cascade,10,795.5
ZINCf5000002rLkD,full_cascade,10,795.5
ZINCf5000002rMzl,full_cascade,10,795.5
ZINCf5000002rNed,full_cascade,10,795.5
ZINCf5000002rP1E,full_cascade,10,795.5
ZINCf5000002rPCj,full_cascade,10,795.5
ZINCf5000002rPJ6,full_cascade,10,795.5
ZINCf5000002rPbO,full_cascade,10,795.5
ZINCf5000002rPch,full_cascade,10,795.5
ZINCf5000002rPcj,full_cascade,10,795.5
ZINCf5000002rPuS,full_cascade,10,795.5
ZINCf5000002rQTj,full_cascade,10,795.5
ZINCf5000002rRW9,full_cascade,10,795.5
ZINCf5000002rRZf,full_cascade,10,795.5
ZINCf5000002rS5Y,full_cascade,10,795.5
ZINCf5000002rSj1,full_cascade,10,795.5
ZINCf5000002rSj2,full_cascade,10,795.5
ZINCf5000002rT4k,full_cascade,10,795.5
ZINCf5000002rTSa,full_cascade,10,795.5
ZINCf5000002rTzZ,full_cascade,10,795.5
ZINCf5000002rXFD,full_cascade,10,795.5
ZINCf5000002rXvB,full_cascade,10,795.5
ZINCf5000002raVV,full_cascade,10,795.5
ZINCf5000002raZH,full_cascade,10,795.5
ZINCf5000002raed,full_cascade,10,795.5
ZINCf5000002rb06,full_cascade,10,795.5
ZINCf5000002rbnf,full_cascade,10,795.5
ZINCf5000002rcCF,full_cascade,10,795.5
ZINCf5000002rd6l,full_cascade,10,795.5
ZINCf5000002reVR,full_cascade,10,795.5
ZINCf5000002rgT2,full_cascade,10,795.5
ZINCf5000002rhHt,full_cascade,10,795.5
ZINCf5000002rhKI,full_cascade,10,795.5
ZINCf5000002rhiG,full_cascade,10,795.5
ZINCf5000002rhyC,full_cascade,10,795.5
ZINCf5000002rirV,full_cascade,10,795.5
ZINCf5000002rjEl,full_cascade,10,795.5
ZINCf5000002rkb9,full_cascade,10,795.5
ZINCf5000002rkba,full_cascade,10,795.5
ZINCf5000002rkic,full_cascade,10,795.5
ZINCf5000002rpdt,full_cascade,10,795.5
ZINCf5000002rpfR,full_cascade,10,795.5
ZINCf5000002rqT9,full_cascade,10,795.5
ZINCf5000002rtKl,full_cascade,10,795.5
ZINCf5000002rtj9,full_cascade,10,795.5
ZINCf5000002rtjk,full_cascade,10,795.5
ZINCf5000002ru3F,full_cascade,10,795.5
ZINCf5000002ruYW,full_cascade,10,795.5
ZINCf5000002rvPA,full_cascade,10,795.5
ZINCf5000002rw9z,full_cascade,10,795.5
ZINCf5000002rwQC,full_cascade,10,795.5
ZINCf5000002rwQi,full_cascade,10,795.5
ZINCf5000002rwRJ,full_cascade,10,795.5
ZINCf5000002rwmG,full_cascade,10,795.5
ZINCf5000002rwmk,full_cascade,10,795.5
ZINCf5000002rwml,full_cascade,10,795.5
ZINCf5000002rwnU,full_cascade,10,795.5
ZINCf5000002rwnX,full_cascade,10,795.5
ZINCf5000002rwnY,full_cascade,10,795.5
ZINCf5000002rwrV,full_cascade,10,795.5
ZINCf5000002rwsh,full_cascade,10,795.5
ZINCf5000002rwt8,full_cascade,10,795.5
ZINCf5000002rwuK,full_cascade,10,795.5
ZINCf5000002rww3,full_cascade,10,795.5
ZINCf5000002rxRE,full_cascade,10,795.5
ZINCf5000002ryaU,full_cascade,10,795.5
ZINCf5000002ryzB,full_cascade,10,795.5
ZINCf5000002s1F2,full_cascade,10,795.5
ZINCf5000002s1mZ,full_cascade,10,795.5
ZINCf5000002s456,full_cascade,10,795.5
ZINCf5000002s46o,full_cascade,10,795.5
ZINCf5000002s50T,full_cascade,10,795.5
ZINCf5000002s518,full_cascade,10,795.5
ZINCf5000002s51J,full_cascade,10,795.5
ZINCf5000002s57j,full_cascade,10,795.5
ZINCf5000002s5Dp,full_cascade,10,795.5
ZINCf5000002s5O5,full_cascade,10,795.5
ZINCf5000002s5ZW,full_cascade,10,795.5
ZINCf5000002s5cu,full_cascade,10,795.5
ZINCf5000002s5cv,full_cascade,10,795.5
ZINCf5000002s5oS,full_cascade,10,795.5
ZINCf5000002s5p1,full_cascade,10,795.5
ZINCf5000002s5uT,full_cascade,10,795.5
ZINCf5000002s633,full_cascade,10,795.5
ZINCf5000002s63L,full_cascade,10,795.5
ZINCf5000002s6Dh,full_cascade,10,795.5
ZINCf5000002s7CT,full_cascade,10,795.5
ZINCf5000002s7Vj,full_cascade,10,795.5
ZINCf5000002s7uE,full_cascade,10,795.5
ZINCf5000002s8Mb,full_cascade,10,795.5
ZINCf5000002s8R4,full_cascade,10,795.5
ZINCf5000002s8Rz,full_cascade,10,795.5
ZINCf5000002s8fr,full_cascade,10,795.5
ZINCf5000002s92p,full_cascade,10,795.5
ZINCf5000002s9bv,full_cascade,10,795.5
ZINCf5000002sbNq,full_cascade,10,795.5
ZINCf5000002sbOB,full_cascade,10,795.5
ZINCf5000002sbOp,full_cascade,10,795.5
ZINCf5000002sbP5,full_cascade,10,795.5
ZINCf5000002sc2F,full_cascade,10,795.5
ZINCf5000002scRs,full_cascade,10,795.5
ZINCf5000002scj7,full_cascade,10,795.5
ZINCf5000002scy2,full_cascade,10,795.5
ZINCf5000002sfMO,full_cascade,10,795.5
ZINCf5000002sfYg,full_cascade,10,795.5
ZINCf5000002shQH,full_cascade,10,795.5
ZINCf5000002shZH,full_cascade,10,795.5
ZINCf5000002si3T,full_cascade,10,795.5
ZINCf5000002si61,full_cascade,10,795.5
ZINCf5000002sjtc,full_cascade,10,795.5
ZINCf5000003631Z,full_cascade,10,795.5
ZINCf500000369Ah,full_cascade,10,795.5
CHEMBL4164040,stage3_only,0,1.0
CHEMBL259166,stage3_only,1,2.0
CHEMBL4164328,stage3_only,2,3.0
CHEMBL271876,stage3_only,3,4.0
CHEMBL260819,stage3_only,4,5.0
CHEMBL1162058,stage3_only,5,6.0
CHEMBL4645148,stage3_only,6,7.0
CHEMBL382844,stage3_only,7,8.0
CHEMBL2364429,stage3_only,8,9.0
CHEMBL270666,stage3_only,9,10.0
CHEMBL404336,stage3_only,10,11.0
CHEMBL410135,stage3_only,11,12.0
CHEMBL403180,stage3_only,12,13.0
CHEMBL130229,stage3_only,13,14.0
CHEMBL1161827,stage3_only,14,15.0
CHEMBL379074,stage3_only,15,16.0
CHEMBL481620,stage3_only,16,17.0
CHEMBL4637980,stage3_only,17,18.0
CHEMBL3218890,stage3_only,18,19.0
CHEMBL2364382,stage3_only,19,20.0
CHEMBL1161835,stage3_only,20,21.0
CHEMBL2364408,stage3_only,21,22.0
CHEMBL4637284,stage3_only,22,23.0
CHEMBL2364381,stage3_only,23,24.0
CHEMBL2364354,stage3_only,24,25.0
CHEMBL272540,stage3_only,25,26.0
CHEMBL251573,stage3_only,26,27.0
ZINCf50000009F96,stage3_only,27,28.0
CHEMBL2364480,stage3_only,28,29.0
CHEMBL2364485,stage3_only,29,30.0
CHEMBL2364468,stage3_only,30,31.0
CHEMBL251572,stage3_only,31,32.0
CHEMBL251169,stage3_only,32,33.0
CHEMBL4171914,stage3_only,33,34.0
CHEMBL1923504,stage3_only,34,35.0
CHEMBL1079185,stage3_only,35,36.0
CHEMBL401134,stage3_only,36,37.0
CHEMBL2364338,stage3_only,37,38.0
CHEMBL4170481,stage3_only,38,39.0
CHEMBL2364384,stage3_only,39,40.0
CHEMBL1161822,stage3_only,40,795.5
CHEMBL1161828,stage3_only,40,795.5
CHEMBL1161829,stage3_only,40,795.5
CHEMBL4172656,stage3_only,40,795.5
CHEMBL460680,stage3_only,40,795.5
CHEMBL480639,stage3_only,40,795.5
CHEMBL480821,stage3_only,40,795.5
CHEMBL482220,stage3_only,40,795.5
CHEMBL516602,stage3_only,40,795.5
CHEMBL518774,stage3_only,40,795.5
CHEMBL519322,stage3_only,40,795.5
ZINCf50000008AXk,stage3_only,40,795.5
ZINCf50000008Am6,stage3_only,40,795.5
ZINCf50000008Aw0,stage3_only,40,795.5
ZINCf50000008BfN,stage3_only,40,795.5
ZINCf50000008C8W,stage3_only,40,795.5
ZINCf50000008CZN,stage3_only,40,795.5
ZINCf50000008Cf4,stage3_only,40,795.5
ZINCf50000008CuI,stage3_only,40,795.5
ZINCf50000008Ecd,stage3_only,40,795.5
ZINCf50000008ExE,stage3_only,40,795.5
ZINCf50000008FHI,stage3_only,40,795.5
ZINCf50000008FIr,stage3_only,40,795.5
ZINCf50000008FMQ,stage3_only,40,795.5
ZINCf50000008FOg,stage3_only,40,795.5
ZINCf50000008FwI,stage3_only,40,795.5
ZINCf50000008Fwz,stage3_only,40,795.5
ZINCf50000008GeH,stage3_only,40,795.5
ZINCf50000008GsK,stage3_only,40,795.5
ZINCf50000008Gvh,stage3_only,40,795.5
ZINCf50000008HNm,stage3_only,40,795.5
ZINCf50000008HSg,stage3_only,40,795.5
ZINCf50000008Hb1,stage3_only,40,795.5
ZINCf50000008Hcy,stage3_only,40,795.5
ZINCf50000008I22,stage3_only,40,795.5
ZINCf50000008IFZ,stage3_only,40,795.5
ZINCf50000008IcW,stage3_only,40,795.5
ZINCf50000008J2k,stage3_only,40,795.5
ZINCf50000008JNh,stage3_only,40,795.5
ZINCf50000008KYG,stage3_only,40,795.5
ZINCf50000008L01,stage3_only,40,795.5
ZINCf50000008L4G,stage3_only,40,795.5
ZINCf50000008LK8,stage3_only,40,795.5
ZINCf50000008LMo,stage3_only,40,795.5
ZINCf50000008LfV,stage3_only,40,795.5
ZINCf50000008M9q,stage3_only,40,795.5
ZINCf50000008MUj,stage3_only,40,795.5
ZINCf50000008NGb,stage3_only,40,795.5
ZINCf50000008NIw,stage3_only,40,795.5
ZINCf50000008NYT,stage3_only,40,795.5
ZINCf50000008Nou,stage3_only,40,795.5
ZINCf50000008NtD,stage3_only,40,795.5
ZINCf50000008O7W,stage3_only,40,795.5
ZINCf50000008OCa,stage3_only,40,795.5
ZINCf50000008OS9,stage3_only,40,795.5
ZINCf50000008Oc6,stage3_only,40,795.5
ZINCf50000008Ouu,stage3_only,40,795.5
ZINCf50000008OyQ,stage3_only,40,795.5
ZINCf50000008P7x,stage3_only,40,795.5
ZINCf50000008PQx,stage3_only,40,795.5
ZINCf50000008PSw,stage3_only,40,795.5
ZINCf50000008PiM,stage3_only,40,795.5
ZINCf50000008Pur,stage3_only,40,795.5
ZINCf50000008RBE,stage3_only,40,795.5
ZINCf50000008SOo,stage3_only,40,795.5
ZINCf50000008SbG,stage3_only,40,795.5
ZINCf50000008T0f,stage3_only,40,795.5
ZINCf50000008TA2,stage3_only,40,795.5
ZINCf50000008TBd,stage3_only,40,795.5
ZINCf50000008TBi,stage3_only,40,795.5
ZINCf50000008TBt,stage3_only,40,795.5
ZINCf50000008TCr,stage3_only,40,795.5
ZINCf50000008TDx,stage3_only,40,795.5
ZINCf50000008THe,stage3_only,40,795.5
ZINCf50000008TJT,stage3_only,40,795.5
ZINCf50000008TKQ,stage3_only,40,795.5
ZINCf50000008TsN,stage3_only,40,795.5
ZINCf50000008UHv,stage3_only,40,795.5
ZINCf50000008UKF,stage3_only,40,795.5
ZINCf50000008UN0,stage3_only,40,795.5
ZINCf50000008UUv,stage3_only,40,795.5
ZINCf50000008UZR,stage3_only,40,795.5
ZINCf50000008V0l,stage3_only,40,795.5
ZINCf50000008V9F,stage3_only,40,795.5
ZINCf50000008VE1,stage3_only,40,795.5
ZINCf50000008VEJ,stage3_only,40,795.5
ZINCf50000008VLK,stage3_only,40,795.5
ZINCf50000008VNR,stage3_only,40,795.5
ZINCf50000008Vcm,stage3_only,40,795.5
ZINCf50000008Vfu,stage3_only,40,795.5
ZINCf50000008Vkv,stage3_only,40,795.5
ZINCf50000008WR0,stage3_only,40,795.5
ZINCf50000008WWT,stage3_only,40,795.5
ZINCf50000008X8n,stage3_only,40,795.5
ZINCf50000008XCI,stage3_only,40,795.5
ZINCf50000008XCv,stage3_only,40,795.5
ZINCf50000008Xjz,stage3_only,40,795.5
ZINCf50000008XpF,stage3_only,40,795.5
ZINCf50000008Xqj,stage3_only,40,795.5
ZINCf50000008ZKU,stage3_only,40,795.5
ZINCf50000008ZOS,stage3_only,40,795.5
ZINCf50000008ZU0,stage3_only,40,795.5
ZINCf50000008Zuj,stage3_only,40,795.5
ZINCf5000000907Z,stage3_only,40,795.5
ZINCf50000009082,stage3_only,40,795.5
ZINCf500000090Fj,stage3_only,40,795.5
ZINCf500000090KH,stage3_only,40,795.5
ZINCf500000090KI,stage3_only,40,795.5
ZINCf500000090Sz,stage3_only,40,795.5
ZINCf500000090a2,stage3_only,40,795.5
ZINCf500000090bu,stage3_only,40,795.5
ZINCf500000090dm,stage3_only,40,795.5
ZINCf500000090vr,stage3_only,40,795.5
ZINCf500000090y4,stage3_only,40,795.5
ZINCf500000091GY,stage3_only,40,795.5
ZINCf500000091MA,stage3_only,40,795.5
ZINCf500000091Nd,stage3_only,40,795.5
ZINCf500000091Nx,stage3_only,40,795.5
ZINCf500000091Oj,stage3_only,40,795.5
ZINCf500000091Oq,stage3_only,40,795.5
ZINCf500000091Pd,stage3_only,40,795.5
ZINCf500000091Qp,stage3_only,40,795.5
ZINCf500000091Ut,stage3_only,40,795.5
ZINCf500000091Vc,stage3_only,40,795.5
ZINCf500000091uF,stage3_only,40,795.5
ZINCf500000091vd,stage3_only,40,795.5
ZINCf500000091xp,stage3_only,40,795.5
ZINCf5000000928Y,stage3_only,40,795.5
ZINCf500000092CV,stage3_only,40,795.5
ZINCf500000092Y2,stage3_only,40,795.5
ZINCf500000092mW,stage3_only,40,795.5
ZINCf500000092vj,stage3_only,40,795.5
ZINCf500000092wo,stage3_only,40,795.5
ZINCf500000093Bx,stage3_only,40,795.5
ZINCf500000093JF,stage3_only,40,795.5
ZINCf500000093JX,stage3_only,40,795.5
ZINCf500000093K2,stage3_only,40,795.5
ZINCf500000093cO,stage3_only,40,795.5
ZINCf500000093eL,stage3_only,40,795.5
ZINCf500000093f6,stage3_only,40,795.5
ZINCf5000000941N,stage3_only,40,795.5
ZINCf500000094Gt,stage3_only,40,795.5
ZINCf500000094Ml,stage3_only,40,795.5
ZINCf500000094VF,stage3_only,40,795.5
ZINCf500000094fU,stage3_only,40,795.5
ZINCf500000094j6,stage3_only,40,795.5
ZINCf5000000954h,stage3_only,40,795.5
ZINCf500000095Es,stage3_only,40,795.5
ZINCf500000095wG,stage3_only,40,795.5
ZINCf500000096Ym,stage3_only,40,795.5
ZINCf5000000973N,stage3_only,40,795.5
ZINCf50000009786,stage3_only,40,795.5
ZINCf500000097Bo,stage3_only,40,795.5
ZINCf500000097EY,stage3_only,40,795.5
ZINCf500000097Fu,stage3_only,40,795.5
ZINCf500000097qF,stage3_only,40,795.5
ZINCf500000098P6,stage3_only,40,795.5
ZINCf500000098WC,stage3_only,40,795.5
ZINCf500000098v9,stage3_only,40,795.5
ZINCf5000000991l,stage3_only,40,795.5
ZINCf5000000991p,stage3_only,40,795.5
ZINCf500000099zH,stage3_only,40,795.5
ZINCf500000099zV,stage3_only,40,795.5
ZINCf50000009ACo,stage3_only,40,795.5
ZINCf50000009AET,stage3_only,40,795.5
ZINCf50000009AFd,stage3_only,40,795.5
ZINCf50000009AGv,stage3_only,40,795.5
ZINCf50000009Aa9,stage3_only,40,795.5
ZINCf50000009Aos,stage3_only,40,795.5
ZINCf50000009Atr,stage3_only,40,795.5
ZINCf50000009Auv,stage3_only,40,795.5
ZINCf50000009BCm,stage3_only,40,795.5
ZINCf50000009BJK,stage3_only,40,795.5
ZINCf50000009BJS,stage3_only,40,795.5
ZINCf50000009BRA,stage3_only,40,795.5
ZINCf50000009BRP,stage3_only,40,795.5
ZINCf50000009BWN,stage3_only,40,795.5
ZINCf50000009C5G,stage3_only,40,795.5
ZINCf50000009CWL,stage3_only,40,795.5
ZINCf50000009Csh,stage3_only,40,795.5
ZINCf50000009DqZ,stage3_only,40,795.5
ZINCf50000009Dr1,stage3_only,40,795.5
ZINCf50000009E1i,stage3_only,40,795.5
ZINCf50000009E3O,stage3_only,40,795.5
ZINCf50000009E9s,stage3_only,40,795.5
ZINCf50000009EYa,stage3_only,40,795.5
ZINCf50000009Emt,stage3_only,40,795.5
ZINCf50000009FQT,stage3_only,40,795.5
ZINCf50000009FRY,stage3_only,40,795.5
ZINCf50000009FaB,stage3_only,40,795.5
ZINCf50000009Fax,stage3_only,40,795.5
ZINCf50000009Fay,stage3_only,40,795.5
ZINCf50000009FbN,stage3_only,40,795.5
ZINCf50000009FgZ,stage3_only,40,795.5
ZINCf50000009FkS,stage3_only,40,795.5
ZINCf50000009FqN,stage3_only,40,795.5
ZINCf50000009G2d,stage3_only,40,795.5
ZINCf50000009G31,stage3_only,40,795.5
ZINCf50000009G8p,stage3_only,40,795.5
ZINCf50000009G8x,stage3_only,40,795.5
ZINCf50000009GAN,stage3_only,40,795.5
ZINCf50000009GCK,stage3_only,40,795.5
ZINCf50000009GDl,stage3_only,40,795.5
ZINCf50000009GG0,stage3_only,40,795.5
ZINCf50000009GL0,stage3_only,40,795.5
ZINCf50000009GM5,stage3_only,40,795.5
ZINCf50000009GTU,stage3_only,40,795.5
ZINCf50000009GW9,stage3_only,40,795.5
ZINCf50000009GYA,stage3_only,40,795.5
ZINCf50000009GYy,stage3_only,40,795.5
ZINCf50000009GZa,stage3_only,40,795.5
ZINCf50000009GZn,stage3_only,40,795.5
ZINCf50000009Get,stage3_only,40,795.5
ZINCf50000009GhK,stage3_only,40,795.5
ZINCf50000009GiE,stage3_only,40,795.5
ZINCf50000009GkS,stage3_only,40,795.5
ZINCf50000009Gnx,stage3_only,40,795.5
ZINCf50000009GuR,stage3_only,40,795.5
ZINCf50000009Gv0,stage3_only,40,795.5
ZINCf50000009H08,stage3_only,40,795.5
ZINCf50000009H2Z,stage3_only,40,795.5
ZINCf50000009H33,stage3_only,40,795.5
ZINCf50000009H3G,stage3_only,40,795.5
ZINCf50000009H3r,stage3_only,40,795.5
ZINCf50000009H83,stage3_only,40,795.5
ZINCf50000009H9b,stage3_only,40,795.5
ZINCf50000009HC5,stage3_only,40,795.5
ZINCf50000009HLj,stage3_only,40,795.5
ZINCf50000009Ha4,stage3_only,40,795.5
ZINCf50000009Hem,stage3_only,40,795.5
ZINCf50000009Hhg,stage3_only,40,795.5
ZINCf50000009HiG,stage3_only,40,795.5
ZINCf50000009HiT,stage3_only,40,795.5
ZINCf50000009Hjt,stage3_only,40,795.5
ZINCf50000009HoE,stage3_only,40,795.5
ZINCf50000009Hul,stage3_only,40,795.5
ZINCf50000009I7Z,stage3_only,40,795.5
ZINCf50000009II9,stage3_only,40,795.5
ZINCf50000009INs,stage3_only,40,795.5
ZINCf50000009IV0,stage3_only,40,795.5
ZINCf50000009IZK,stage3_only,40,795.5
ZINCf50000009Ifh,stage3_only,40,795.5
ZINCf50000009JAl,stage3_only,40,795.5
ZINCf50000009JCG,stage3_only,40,795.5
ZINCf50000009JhA,stage3_only,40,795.5
ZINCf50000009K3m,stage3_only,40,795.5
ZINCf50000009K4S,stage3_only,40,795.5
ZINCf50000009K4b,stage3_only,40,795.5
ZINCf50000009KPt,stage3_only,40,795.5
ZINCf50000009KUf,stage3_only,40,795.5
ZINCf50000009Kgo,stage3_only,40,795.5
ZINCf50000009KnW,stage3_only,40,795.5
ZINCf50000009LOw,stage3_only,40,795.5
ZINCf50000009LQU,stage3_only,40,795.5
ZINCf50000009LRw,stage3_only,40,795.5
ZINCf50000009LXr,stage3_only,40,795.5
ZINCf50000009Lmh,stage3_only,40,795.5
ZINCf50000009MDr,stage3_only,40,795.5
ZINCf50000009MEx,stage3_only,40,795.5
ZINCf50000009MFI,stage3_only,40,795.5
ZINCf50000009MfT,stage3_only,40,795.5
ZINCf50000009N6s,stage3_only,40,795.5
ZINCf50000009NG6,stage3_only,40,795.5
ZINCf50000009NGH,stage3_only,40,795.5
ZINCf50000009NJy,stage3_only,40,795.5
ZINCf50000009NgI,stage3_only,40,795.5
ZINCf50000009NnH,stage3_only,40,795.5
ZINCf50000009O9p,stage3_only,40,795.5
ZINCf50000009OTI,stage3_only,40,795.5
ZINCf50000009SC2,stage3_only,40,795.5
ZINCf50000009SuH,stage3_only,40,795.5
ZINCf50000009TKh,stage3_only,40,795.5
ZINCf50000009TWl,stage3_only,40,795.5
ZINCf50000009TZE,stage3_only,40,795.5
ZINCf50000009UTu,stage3_only,40,795.5
ZINCf50000009UmZ,stage3_only,40,795.5
ZINCf50000009UpX,stage3_only,40,795.5
ZINCf50000009VEB,stage3_only,40,795.5
ZINCf50000009VEy,stage3_only,40,795.5
ZINCf50000009VOy,stage3_only,40,795.5
ZINCf50000009VPZ,stage3_only,40,795.5
ZINCf50000009Vap,stage3_only,40,795.5
ZINCf50000009VbO,stage3_only,40,795.5
ZINCf50000009Vki,stage3_only,40,795.5
ZINCf50000009WAD,stage3_only,40,795.5
ZINCf50000009Wf6,stage3_only,40,795.5
ZINCf50000009Whp,stage3_only,40,795.5
ZINCf50000009Wn3,stage3_only,40,795.5
ZINCf50000009WqI,stage3_only,40,795.5
ZINCf50000009XP5,stage3_only,40,795.5
ZINCf50000009Xac,stage3_only,40,795.5
ZINCf50000009Xp6,stage3_only,40,795.5
ZINCf50000009XxA,stage3_only,40,795.5
ZINCf50000009YHp,stage3_only,40,795.5
ZINCf50000009Z3e,stage3_only,40,795.5
ZINCf50000009ZN0,stage3_only,40,795.5
ZINCf50000009ZN1,stage3_only,40,795.5
ZINCf50000009ZN2,stage3_only,40,795.5
ZINCf50000009ZfR,stage3_only,40,795.5
ZINCf50000009ZoM,stage3_only,40,795.5
ZINCf50000009ZuA,stage3_only,40,795.5
ZINCf50000009ZuU,stage3_only,40,795.5
ZINCf50000009aAE,stage3_only,40,795.5
ZINCf50000009aCA,stage3_only,40,795.5
ZINCf50000009aFI,stage3_only,40,795.5
ZINCf50000009aGc,stage3_only,40,795.5
ZINCf50000009aLu,stage3_only,40,795.5
ZINCf50000009aWh,stage3_only,40,795.5
ZINCf50000009aYZ,stage3_only,40,795.5
ZINCf50000009acK,stage3_only,40,795.5
ZINCf50000009acU,stage3_only,40,795.5
ZINCf50000009adV,stage3_only,40,795.5
ZINCf50000009adX,stage3_only,40,795.5
ZINCf50000009aj3,stage3_only,40,795.5
ZINCf50000009cLm,stage3_only,40,795.5
ZINCf50000009cQd,stage3_only,40,795.5
ZINCf50000009cVJ,stage3_only,40,795.5
ZINCf50000009dSr,stage3_only,40,795.5
ZINCf50000009dtJ,stage3_only,40,795.5
ZINCf50000009du3,stage3_only,40,795.5
ZINCf50000009duI,stage3_only,40,795.5
ZINCf50000009e8j,stage3_only,40,795.5
ZINCf50000009enC,stage3_only,40,795.5
ZINCf50000009eth,stage3_only,40,795.5
ZINCf50000009f8T,stage3_only,40,795.5
ZINCf50000009f9b,stage3_only,40,795.5
ZINCf50000009fRA,stage3_only,40,795.5
ZINCf50000009ff0,stage3_only,40,795.5
ZINCf50000009fiV,stage3_only,40,795.5
ZINCf50000009fiZ,stage3_only,40,795.5
ZINCf50000009fmr,stage3_only,40,795.5
ZINCf50000009g59,stage3_only,40,795.5
ZINCf50000009gkh,stage3_only,40,795.5
ZINCf50000009jrH,stage3_only,40,795.5
ZINCf50000009jv9,stage3_only,40,795.5
ZINCf50000009k3E,stage3_only,40,795.5
ZINCf50000009kHQ,stage3_only,40,795.5
ZINCf50000009kL4,stage3_only,40,795.5
ZINCf50000009l8A,stage3_only,40,795.5
ZINCf50000009lFH,stage3_only,40,795.5
ZINCf50000009m2q,stage3_only,40,795.5
ZINCf50000009mCW,stage3_only,40,795.5
ZINCf50000009mPy,stage3_only,40,795.5
ZINCf50000009mco,stage3_only,40,795.5
ZINCf50000009mqe,stage3_only,40,795.5
ZINCf50000009nAl,stage3_only,40,795.5
ZINCf50000009nBd,stage3_only,40,795.5
ZINCf50000009nCt,stage3_only,40,795.5
ZINCf50000009nKD,stage3_only,40,795.5
ZINCf50000009nMr,stage3_only,40,795.5
ZINCf50000009ngG,stage3_only,40,795.5
ZINCf50000009nxU,stage3_only,40,795.5
ZINCf50000009oPu,stage3_only,40,795.5
ZINCf50000009oVw,stage3_only,40,795.5
ZINCf50000009otY,stage3_only,40,795.5
ZINCf50000009ou6,stage3_only,40,795.5
ZINCf50000009pBr,stage3_only,40,795.5
ZINCf50000009pk4,stage3_only,40,795.5
ZINCf50000009pom,stage3_only,40,795.5
ZINCf50000009q0n,stage3_only,40,795.5
ZINCf50000009q9D,stage3_only,40,795.5
ZINCf50000009qWd,stage3_only,40,795.5
ZINCf50000009qsY,stage3_only,40,795.5
ZINCf50000009quY,stage3_only,40,795.5
ZINCf50000009qwi,stage3_only,40,795.5
ZINCf50000009r3c,stage3_only,40,795.5
ZINCf50000009rEa,stage3_only,40,795.5
ZINCf50000009rlK,stage3_only,40,795.5
ZINCf50000009sB7,stage3_only,40,795.5
ZINCf50000009skC,stage3_only,40,795.5
ZINCf50000009srB,stage3_only,40,795.5
ZINCf50000009tPD,stage3_only,40,795.5
ZINCf50000009tbw,stage3_only,40,795.5
ZINCf50000009tyF,stage3_only,40,795.5
ZINCf50000009u3p,stage3_only,40,795.5
ZINCf50000009uIn,stage3_only,40,795.5
ZINCf50000009uLm,stage3_only,40,795.5
ZINCf50000009uOA,stage3_only,40,795.5
ZINCf50000009ubU,stage3_only,40,795.5
ZINCf50000009ubg,stage3_only,40,795.5
ZINCf50000009ubo,stage3_only,40,795.5
ZINCf50000009ujW,stage3_only,40,795.5
ZINCf50000009ukr,stage3_only,40,795.5
ZINCf50000009ulA,stage3_only,40,795.5
ZINCf50000009umC,stage3_only,40,795.5
ZINCf50000009unZ,stage3_only,40,795.5
ZINCf50000009vTX,stage3_only,40,795.5
ZINCf50000009vTy,stage3_only,40,795.5
ZINCf50000009vXk,stage3_only,40,795.5
ZINCf50000009vXv,stage3_only,40,795.5
ZINCf50000009vaY,stage3_only,40,795.5
ZINCf50000009vcl,stage3_only,40,795.5
ZINCf50000009vxt,stage3_only,40,795.5
ZINCf50000009vzq,stage3_only,40,795.5
ZINCf50000009w1i,stage3_only,40,795.5
ZINCf50000009w7k,stage3_only,40,795.5
ZINCf50000009wAP,stage3_only,40,795.5
ZINCf50000009wB0,stage3_only,40,795.5
ZINCf50000009wBo,stage3_only,40,795.5
ZINCf50000009wDl,stage3_only,40,795.5
ZINCf50000009wl5,stage3_only,40,795.5
ZINCf50000009wyd,stage3_only,40,795.5
ZINCf50000009xJW,stage3_only,40,795.5
ZINCf50000009xJZ,stage3_only,40,795.5
ZINCf50000009xOf,stage3_only,40,795.5
ZINCf50000009xOi,stage3_only,40,795.5
ZINCf50000009xQv,stage3_only,40,795.5
ZINCf50000009xfQ,stage3_only,40,795.5
ZINCf50000009xfn,stage3_only,40,795.5
ZINCf50000009xg9,stage3_only,40,795.5
ZINCf50000009xgw,stage3_only,40,795.5
ZINCf50000009xh4,stage3_only,40,795.5
ZINCf50000009xvR,stage3_only,40,795.5
ZINCf50000009yGS,stage3_only,40,795.5
ZINCf50000009yQr,stage3_only,40,795.5
ZINCf50000009yTj,stage3_only,40,795.5
ZINCf50000009yXR,stage3_only,40,795.5
ZINCf50000009yYz,stage3_only,40,795.5
ZINCf50000009yd6,stage3_only,40,795.5
ZINCf50000009yd7,stage3_only,40,795.5
ZINCf50000009yd8,stage3_only,40,795.5
ZINCf50000009ynt,stage3_only,40,795.5
ZINCf50000009ynz,stage3_only,40,795.5
ZINCf50000009yuU,stage3_only,40,795.5
ZINCf50000009yxA,stage3_only,40,795.5
ZINCf50000009z98,stage3_only,40,795.5
ZINCf50000009zPR,stage3_only,40,795.5
ZINCf50000009zPT,stage3_only,40,795.5
ZINCf50000009zRc,stage3_only,40,795.5
ZINCf50000009zwx,stage3_only,40,795.5
ZINCf5000000S4qw,stage3_only,40,795.5
ZINCf5000000S50h,stage3_only,40,795.5
ZINCf5000000S5Vn,stage3_only,40,795.5
ZINCf5000000S5sX,stage3_only,40,795.5
ZINCf5000000S6BQ,stage3_only,40,795.5
ZINCf5000000S6FM,stage3_only,40,795.5
ZINCf5000000S6Go,stage3_only,40,795.5
ZINCf5000000S6Ha,stage3_only,40,795.5
ZINCf5000000S6SM,stage3_only,40,795.5
ZINCf5000000S6dS,stage3_only,40,795.5
ZINCf5000000S6dV,stage3_only,40,795.5
ZINCf5000000S6ep,stage3_only,40,795.5
ZINCf5000000S6eu,stage3_only,40,795.5
ZINCf5000000S76T,stage3_only,40,795.5
ZINCf5000000S77D,stage3_only,40,795.5
ZINCf5000000S7uF,stage3_only,40,795.5
ZINCf5000000S7uO,stage3_only,40,795.5
ZINCf5000000SJTG,stage3_only,40,795.5
ZINCf5000000SJTu,stage3_only,40,795.5
ZINCf5000000SJvO,stage3_only,40,795.5
ZINCf5000000SKCN,stage3_only,40,795.5
ZINCf5000000SKGZ,stage3_only,40,795.5
ZINCf5000000SKPV,stage3_only,40,795.5
ZINCf5000000SKXg,stage3_only,40,795.5
ZINCf5000000SKov,stage3_only,40,795.5
ZINCf5000000SKrI,stage3_only,40,795.5
ZINCf5000000SL7m,stage3_only,40,795.5
ZINCf5000000SLPL,stage3_only,40,795.5
ZINCf5000000SLUp,stage3_only,40,795.5
ZINCf5000000SMmi,stage3_only,40,795.5
ZINCf5000000SMpn,stage3_only,40,795.5
ZINCf5000000SNGF,stage3_only,40,795.5
ZINCf5000000SNNA,stage3_only,40,795.5
ZINCf5000000SNrm,stage3_only,40,795.5
ZINCf5000000SNzJ,stage3_only,40,795.5
ZINCf5000000VZ2K,stage3_only,40,795.5
ZINCf5000000VZ3N,stage3_only,40,795.5
ZINCf5000000VZ8H,stage3_only,40,795.5
ZINCf5000000VZgr,stage3_only,40,795.5
ZINCf5000000VZiS,stage3_only,40,795.5
ZINCf5000000VZpD,stage3_only,40,795.5
ZINCf5000000VZps,stage3_only,40,795.5
ZINCf5000000VZpu,stage3_only,40,795.5
ZINCf5000000Vl4Z,stage3_only,40,795.5
ZINCf5000000Vl6O,stage3_only,40,795.5
ZINCf5000000VlMZ,stage3_only,40,795.5
ZINCf5000000VlUp,stage3_only,40,795.5
ZINCf5000000VlVJ,stage3_only,40,795.5
ZINCf5000000Vlgo,stage3_only,40,795.5
ZINCf5000000Vm5s,stage3_only,40,795.5
ZINCf5000000VmCZ,stage3_only,40,795.5
ZINCf5000000VmFi,stage3_only,40,795.5
ZINCf5000000VmgG,stage3_only,40,795.5
ZINCf5000000VmgN,stage3_only,40,795.5
ZINCf5000000VmpX,stage3_only,40,795.5
ZINCf5000000VmyA,stage3_only,40,795.5
ZINCf5000000Vn0F,stage3_only,40,795.5
ZINCf5000000Vn0X,stage3_only,40,795.5
ZINCf5000000VnD5,stage3_only,40,795.5
ZINCf5000000Vnas,stage3_only,40,795.5
ZINCf5000000Vnb9,stage3_only,40,795.5
ZINCf5000000Vnkh,stage3_only,40,795.5
ZINCf5000000VnwQ,stage3_only,40,795.5
ZINCf5000000VnyO,stage3_only,40,795.5
ZINCf5000000WA6M,stage3_only,40,795.5
ZINCf5000000WA6N,stage3_only,40,795.5
ZINCf5000000WA7z,stage3_only,40,795.5
ZINCf5000000WA8S,stage3_only,40,795.5
ZINCf5000000WAJX,stage3_only,40,795.5
ZINCf5000000WAQf,stage3_only,40,795.5
ZINCf5000000WARa,stage3_only,40,795.5
ZINCf5000000WARb,stage3_only,40,795.5
ZINCf5000000WARm,stage3_only,40,795.5
ZINCf5000000WBK7,stage3_only,40,795.5
ZINCf5000000WBK9,stage3_only,40,795.5
ZINCf5000000WBKn,stage3_only,40,795.5
ZINCf5000000WBLy,stage3_only,40,795.5
ZINCf5000000WBOU,stage3_only,40,795.5
ZINCf5000000WBXq,stage3_only,40,795.5
ZINCf5000000WBgI,stage3_only,40,795.5
ZINCf5000000WBkB,stage3_only,40,795.5
ZINCf5000000WC3b,stage3_only,40,795.5
ZINCf5000000WClS,stage3_only,40,795.5
ZINCf5000000WDpU,stage3_only,40,795.5
ZINCf5000000YaMm,stage3_only,40,795.5
ZINCf5000000YaTJ,stage3_only,40,795.5
ZINCf5000000YaUz,stage3_only,40,795.5
ZINCf5000000YbHL,stage3_only,40,795.5
ZINCf5000000YbHM,stage3_only,40,795.5
ZINCf5000000YbJI,stage3_only,40,795.5
ZINCf5000000YbXu,stage3_only,40,795.5
ZINCf5000000Ybic,stage3_only,40,795.5
ZINCf5000000Ybjp,stage3_only,40,795.5
ZINCf5000000Ybws,stage3_only,40,795.5
ZINCf5000000ZqAB,stage3_only,40,795.5
ZINCf5000000ZqIi,stage3_only,40,795.5
ZINCf5000000ZqRZ,stage3_only,40,795.5
ZINCf5000000ZqV6,stage3_only,40,795.5
ZINCf5000000ZqVk,stage3_only,40,795.5
ZINCf5000000ZqX7,stage3_only,40,795.5
ZINCf5000000ZqXK,stage3_only,40,795.5
ZINCf5000000ZqhC,stage3_only,40,795.5
ZINCf5000000ZqmL,stage3_only,40,795.5
ZINCf5000000Zqyi,stage3_only,40,795.5
ZINCf5000000Zr5Y,stage3_only,40,795.5
ZINCf5000000Zr5s,stage3_only,40,795.5
ZINCf5000000Zr6n,stage3_only,40,795.5
ZINCf5000000Zr7a,stage3_only,40,795.5
ZINCf5000000ZrAL,stage3_only,40,795.5
ZINCf5000000ZrBx,stage3_only,40,795.5
ZINCf5000000ZrFf,stage3_only,40,795.5
ZINCf5000000ZrMJ,stage3_only,40,795.5
ZINCf5000000ZrWX,stage3_only,40,795.5
ZINCf5000000Zrb9,stage3_only,40,795.5
ZINCf5000000Zrm2,stage3_only,40,795.5
ZINCf5000000ZrnM,stage3_only,40,795.5
ZINCf5000000Zrrq,stage3_only,40,795.5
ZINCf5000000Zrtg,stage3_only,40,795.5
ZINCf5000000Zrtr,stage3_only,40,795.5
ZINCf5000000ZrwO,stage3_only,40,795.5
ZINCf5000000Zs6D,stage3_only,40,795.5
ZINCf5000000ZsM6,stage3_only,40,795.5
ZINCf5000000ZsOY,stage3_only,40,795.5
ZINCf5000000ZsXj,stage3_only,40,795.5
ZINCf5000000ZsXm,stage3_only,40,795.5
ZINCf5000000Zsbf,stage3_only,40,795.5
ZINCf5000000Zsex,stage3_only,40,795.5
ZINCf5000000Zt87,stage3_only,40,795.5
ZINCf5000000Zt92,stage3_only,40,795.5
ZINCf5000000Zt9N,stage3_only,40,795.5
ZINCf5000000ZtE0,stage3_only,40,795.5
ZINCf5000000ZtEi,stage3_only,40,795.5
ZINCf5000000ZtGz,stage3_only,40,795.5
ZINCf5000000ZtIG,stage3_only,40,795.5
ZINCf5000000ZtIW,stage3_only,40,795.5
ZINCf5000000ZtJJ,stage3_only,40,795.5
ZINCf5000000ZtJg,stage3_only,40,795.5
ZINCf5000000ZtK7,stage3_only,40,795.5
ZINCf5000000ZtNy,stage3_only,40,795.5
ZINCf5000000ZtRN,stage3_only,40,795.5
ZINCf5000000Ztb7,stage3_only,40,795.5
ZINCf5000000Zter,stage3_only,40,795.5
ZINCf5000000ZtgX,stage3_only,40,795.5
ZINCf5000000ZthQ,stage3_only,40,795.5
ZINCf5000000Ztii,stage3_only,40,795.5
ZINCf5000000Ztj4,stage3_only,40,795.5
ZINCf5000000ZtkQ,stage3_only,40,795.5
ZINCf5000000Ztoe,stage3_only,40,795.5
ZINCf5000000Ztuj,stage3_only,40,795.5
ZINCf5000000Zu2d,stage3_only,40,795.5
ZINCf5000000Zu2h,stage3_only,40,795.5
ZINCf5000000ZuCy,stage3_only,40,795.5
ZINCf5000000ZuDR,stage3_only,40,795.5
ZINCf5000000ZuU4,stage3_only,40,795.5
ZINCf5000000ZuVH,stage3_only,40,795.5
ZINCf5000000ZucB,stage3_only,40,795.5
ZINCf5000000Zvca,stage3_only,40,795.5
ZINCf5000000Zw5U,stage3_only,40,795.5
ZINCf5000000Zw6U,stage3_only,40,795.5
ZINCf5000000ZwTM,stage3_only,40,795.5
ZINCf5000000ZwYF,stage3_only,40,795.5
ZINCf5000000ZwbF,stage3_only,40,795.5
ZINCf5000000Zwpf,stage3_only,40,795.5
ZINCf5000000Zx5d,stage3_only,40,795.5
ZINCf5000000Zx5j,stage3_only,40,795.5
ZINCf5000000ZxDl,stage3_only,40,795.5
ZINCf5000000ZxDt,stage3_only,40,795.5
ZINCf5000000ZxEf,stage3_only,40,795.5
ZINCf5000000ZxEo,stage3_only,40,795.5
ZINCf5000000ZxFj,stage3_only,40,795.5
ZINCf5000000ZxGx,stage3_only,40,795.5
ZINCf5000000ZxN4,stage3_only,40,795.5
ZINCf5000000ZxNc,stage3_only,40,795.5
ZINCf5000000ZxOy,stage3_only,40,795.5
ZINCf5000000ZxVl,stage3_only,40,795.5
ZINCf5000000ZxYr,stage3_only,40,795.5
ZINCf5000000ZxaH,stage3_only,40,795.5
ZINCf5000000Zxnj,stage3_only,40,795.5
ZINCf5000000Zy49,stage3_only,40,795.5
ZINCf5000000ZyVd,stage3_only,40,795.5
ZINCf5000000ZyZN,stage3_only,40,795.5
ZINCf5000000ZynH,stage3_only,40,795.5
ZINCf5000000Zyov,stage3_only,40,795.5
ZINCf5000000Zz1e,stage3_only,40,795.5
ZINCf5000000Zz7Q,stage3_only,40,795.5
ZINCf5000000a12U,stage3_only,40,795.5
ZINCf5000000a163,stage3_only,40,795.5
ZINCf5000000a16n,stage3_only,40,795.5
ZINCf5000000a175,stage3_only,40,795.5
ZINCf5000000a1SU,stage3_only,40,795.5
ZINCf5000000a2uY,stage3_only,40,795.5
ZINCf5000000a4Q2,stage3_only,40,795.5
ZINCf5000000a4T0,stage3_only,40,795.5
ZINCf5000000a50o,stage3_only,40,795.5
ZINCf5000000a5HH,stage3_only,40,795.5
ZINCf5000000a5M3,stage3_only,40,795.5
ZINCf5000000a5MP,stage3_only,40,795.5
ZINCf5000000a5PY,stage3_only,40,795.5
ZINCf5000000a5v3,stage3_only,40,795.5
ZINCf5000000a5xo,stage3_only,40,795.5
ZINCf5000000a6Cx,stage3_only,40,795.5
ZINCf5000000a6dj,stage3_only,40,795.5
ZINCf5000000a7OJ,stage3_only,40,795.5
ZINCf5000000a7P5,stage3_only,40,795.5
ZINCf5000000a7S0,stage3_only,40,795.5
ZINCf5000000a7SK,stage3_only,40,795.5
ZINCf5000000a7WR,stage3_only,40,795.5
ZINCf5000000a841,stage3_only,40,795.5
ZINCf5000000a86K,stage3_only,40,795.5
ZINCf5000000a86R,stage3_only,40,795.5
ZINCf5000000a8K6,stage3_only,40,795.5
ZINCf5000000a8KC,stage3_only,40,795.5
ZINCf5000000a92W,stage3_only,40,795.5
ZINCf5000000a94X,stage3_only,40,795.5
ZINCf5000000a95c,stage3_only,40,795.5
ZINCf5000000a9Is,stage3_only,40,795.5
ZINCf5000000a9YT,stage3_only,40,795.5
ZINCf5000000a9iG,stage3_only,40,795.5
ZINCf5000000a9rH,stage3_only,40,795.5
ZINCf5000000a9rQ,stage3_only,40,795.5
ZINCf5000000a9uN,stage3_only,40,795.5
ZINCf5000000a9wc,stage3_only,40,795.5
ZINCf5000000a9wg,stage3_only,40,795.5
ZINCf5000000a9wh,stage3_only,40,795.5
ZINCf5000000aa5G,stage3_only,40,795.5
ZINCf5000000aa5J,stage3_only,40,795.5
ZINCf5000000aa5p,stage3_only,40,795.5
ZINCf5000000aaE4,stage3_only,40,795.5
ZINCf5000000aabr,stage3_only,40,795.5
ZINCf5000000aaeZ,stage3_only,40,795.5
ZINCf5000000aaqY,stage3_only,40,795.5
ZINCf5000000aasy,stage3_only,40,795.5
ZINCf5000000abAi,stage3_only,40,795.5
ZINCf5000000abGX,stage3_only,40,795.5
ZINCf5000000abH0,stage3_only,40,795.5
ZINCf5000000abJX,stage3_only,40,795.5
ZINCf5000000abPV,stage3_only,40,795.5
ZINCf5000000abXE,stage3_only,40,795.5
ZINCf5000000abZj,stage3_only,40,795.5
ZINCf5000000abab,stage3_only,40,795.5
ZINCf5000000abwH,stage3_only,40,795.5
ZINCf5000000acqq,stage3_only,40,795.5
ZINCf5000000acyU,stage3_only,40,795.5
ZINCf5000000ad3E,stage3_only,40,795.5
ZINCf5000000ad3r,stage3_only,40,795.5
ZINCf5000000ad3w,stage3_only,40,795.5
ZINCf5000000adBr,stage3_only,40,795.5
ZINCf5000000adFn,stage3_only,40,795.5
ZINCf5000000adGN,stage3_only,40,795.5
ZINCf5000000adVD,stage3_only,40,795.5
ZINCf5000000adVE,stage3_only,40,795.5
ZINCf5000000adwF,stage3_only,40,795.5
ZINCf5000000ady2,stage3_only,40,795.5
ZINCf5000000adyO,stage3_only,40,795.5
ZINCf5000000ae3H,stage3_only,40,795.5
ZINCf5000000aeNZ,stage3_only,40,795.5
ZINCf5000000af3O,stage3_only,40,795.5
ZINCf5000000af3d,stage3_only,40,795.5
ZINCf5000000af3g,stage3_only,40,795.5
ZINCf5000000af41,stage3_only,40,795.5
ZINCf5000000af4R,stage3_only,40,795.5
ZINCf5000000af5N,stage3_only,40,795.5
ZINCf5000000af5V,stage3_only,40,795.5
ZINCf5000000afYF,stage3_only,40,795.5
ZINCf5000000afdd,stage3_only,40,795.5
ZINCf5000000afnL,stage3_only,40,795.5
ZINCf5000000afob,stage3_only,40,795.5
ZINCf5000000agGq,stage3_only,40,795.5
ZINCf5000000agRW,stage3_only,40,795.5
ZINCf5000000agV5,stage3_only,40,795.5
ZINCf5000000agon,stage3_only,40,795.5
ZINCf5000000agtX,stage3_only,40,795.5
ZINCf5000000agu2,stage3_only,40,795.5
ZINCf5000000aguA,stage3_only,40,795.5
ZINCf5000000aguu,stage3_only,40,795.5
ZINCf5000000ah8U,stage3_only,40,795.5
ZINCf5000000ah8Z,stage3_only,40,795.5
ZINCf5000000ah95,stage3_only,40,795.5
ZINCf5000000ahD7,stage3_only,40,795.5
ZINCf5000000ahle,stage3_only,40,795.5
ZINCf5000000ahsC,stage3_only,40,795.5
ZINCf5000000ai5I,stage3_only,40,795.5
ZINCf5000000aiGH,stage3_only,40,795.5
ZINCf5000000aiGd,stage3_only,40,795.5
ZINCf5000000aiIl,stage3_only,40,795.5
ZINCf5000000aiKp,stage3_only,40,795.5
ZINCf5000000aiLb,stage3_only,40,795.5
ZINCf5000000aiZU,stage3_only,40,795.5
ZINCf5000000aiZh,stage3_only,40,795.5
ZINCf5000000aj4d,stage3_only,40,795.5
ZINCf5000000ajkb,stage3_only,40,795.5
ZINCf5000000ajrP,stage3_only,40,795.5
ZINCf5000000ajrV,stage3_only,40,795.5
ZINCf5000000ajs6,stage3_only,40,795.5
ZINCf5000000ajsf,stage3_only,40,795.5
ZINCf5000000ajwE,stage3_only,40,795.5
ZINCf5000000ajwd,stage3_only,40,795.5
ZINCf5000000akN8,stage3_only,40,795.5
ZINCf5000000akV7,stage3_only,40,795.5
ZINCf5000000akfl,stage3_only,40,795.5
ZINCf5000000akiS,stage3_only,40,795.5
ZINCf5000000akjg,stage3_only,40,795.5
ZINCf5000000akpg,stage3_only,40,795.5
ZINCf5000000alBG,stage3_only,40,795.5
ZINCf5000000alCq,stage3_only,40,795.5
ZINCf5000000alHz,stage3_only,40,795.5
ZINCf5000000alVo,stage3_only,40,795.5
ZINCf5000000aloI,stage3_only,40,795.5
ZINCf5000000aloJ,stage3_only,40,795.5
ZINCf5000000aloK,stage3_only,40,795.5
ZINCf5000000alp2,stage3_only,40,795.5
ZINCf5000000alqn,stage3_only,40,795.5
ZINCf5000000aluA,stage3_only,40,795.5
ZINCf5000000aluW,stage3_only,40,795.5
ZINCf5000000amZE,stage3_only,40,795.5
ZINCf5000000anCn,stage3_only,40,795.5
ZINCf5000000anCo,stage3_only,40,795.5
ZINCf5000000anDg,stage3_only,40,795.5
ZINCf5000000anKU,stage3_only,40,795.5
ZINCf5000000anM6,stage3_only,40,795.5
ZINCf5000000anM8,stage3_only,40,795.5
ZINCf5000000aoGp,stage3_only,40,795.5
ZINCf5000000apAH,stage3_only,40,795.5
ZINCf5000000apBq,stage3_only,40,795.5
ZINCf5000000apRj,stage3_only,40,795.5
ZINCf5000000apS0,stage3_only,40,795.5
ZINCf5000000aqQc,stage3_only,40,795.5
ZINCf5000000ar00,stage3_only,40,795.5
ZINCf5000000as8q,stage3_only,40,795.5
ZINCf5000000atDe,stage3_only,40,795.5
ZINCf5000000atl4,stage3_only,40,795.5
ZINCf5000000atwE,stage3_only,40,795.5
ZINCf5000000ausn,stage3_only,40,795.5
ZINCf5000000ax0J,stage3_only,40,795.5
ZINCf5000000ax0K,stage3_only,40,795.5
ZINCf5000000ax9G,stage3_only,40,795.5
ZINCf5000000axTO,stage3_only,40,795.5
ZINCf5000000axbK,stage3_only,40,795.5
ZINCf5000000axc4,stage3_only,40,795.5
ZINCf5000000axcT,stage3_only,40,795.5
ZINCf5000000axdP,stage3_only,40,795.5
ZINCf5000000axlu,stage3_only,40,795.5
ZINCf5000000axnZ,stage3_only,40,795.5
ZINCf5000000axo0,stage3_only,40,795.5
ZINCf5000000axtN,stage3_only,40,795.5
ZINCf5000000ay0Z,stage3_only,40,795.5
ZINCf5000000ay6c,stage3_only,40,795.5
ZINCf5000000ay6h,stage3_only,40,795.5
ZINCf5000000ay8s,stage3_only,40,795.5
ZINCf5000000ayEj,stage3_only,40,795.5
ZINCf5000000ayh9,stage3_only,40,795.5
ZINCf5000000ayjI,stage3_only,40,795.5
ZINCf5000000ayno,stage3_only,40,795.5
ZINCf5000000aynr,stage3_only,40,795.5
ZINCf5000000ayob,stage3_only,40,795.5
ZINCf5000000az0S,stage3_only,40,795.5
ZINCf5000000az2d,stage3_only,40,795.5
ZINCf5000000azGJ,stage3_only,40,795.5
ZINCf5000000azJc,stage3_only,40,795.5
ZINCf50000017AH2,stage3_only,40,795.5
ZINCf50000017AHc,stage3_only,40,795.5
ZINCf50000017AV1,stage3_only,40,795.5
ZINCf50000017Als,stage3_only,40,795.5
ZINCf50000017AwE,stage3_only,40,795.5
ZINCf50000017BD3,stage3_only,40,795.5
ZINCf50000017BDb,stage3_only,40,795.5
ZINCf50000017Bb3,stage3_only,40,795.5
ZINCf50000017Bhj,stage3_only,40,795.5
ZINCf50000017BnG,stage3_only,40,795.5
ZINCf50000017BnT,stage3_only,40,795.5
ZINCf50000017Bo0,stage3_only,40,795.5
ZINCf50000017Bys,stage3_only,40,795.5
ZINCf50000017CeW,stage3_only,40,795.5
ZINCf50000017Cvl,stage3_only,40,795.5
ZINCf50000017Cvm,stage3_only,40,795.5
ZINCf50000017CxM,stage3_only,40,795.5
ZINCf50000017DLX,stage3_only,40,795.5
ZINCf50000017DqO,stage3_only,40,795.5
ZINCf50000017Fds,stage3_only,40,795.5
ZINCf50000017G6Q,stage3_only,40,795.5
ZINCf50000017HMG,stage3_only,40,795.5
ZINCf50000017HS4,stage3_only,40,795.5
ZINCf50000017HVC,stage3_only,40,795.5
ZINCf50000017Hd9,stage3_only,40,795.5
ZINCf50000017I9E,stage3_only,40,795.5
ZINCf50000017IY1,stage3_only,40,795.5
ZINCf50000017Iar,stage3_only,40,795.5
ZINCf50000017IgA,stage3_only,40,795.5
ZINCf50000017Ild,stage3_only,40,795.5
ZINCf50000017JOv,stage3_only,40,795.5
ZINCf50000017KDe,stage3_only,40,795.5
ZINCf50000017KEg,stage3_only,40,795.5
ZINCf50000017KGC,stage3_only,40,795.5
ZINCf50000017KN8,stage3_only,40,795.5
ZINCf50000017KTo,stage3_only,40,795.5
ZINCf50000017KXN,stage3_only,40,795.5
ZINCf50000017Koq,stage3_only,40,795.5
ZINCf50000017L7N,stage3_only,40,795.5
ZINCf50000017L9C,stage3_only,40,795.5
ZINCf50000017LKe,stage3_only,40,795.5
ZINCf50000017LMW,stage3_only,40,795.5
ZINCf50000017LPk,stage3_only,40,795.5
ZINCf50000017LZS,stage3_only,40,795.5
ZINCf50000017LpE,stage3_only,40,795.5
ZINCf50000017LpH,stage3_only,40,795.5
ZINCf50000017Lpp,stage3_only,40,795.5
ZINCf50000017Lpv,stage3_only,40,795.5
ZINCf50000017Lpy,stage3_only,40,795.5
ZINCf50000017M4F,stage3_only,40,795.5
ZINCf50000017M4H,stage3_only,40,795.5
ZINCf50000017M4h,stage3_only,40,795.5
ZINCf50000017M5a,stage3_only,40,795.5
ZINCf50000017Mlc,stage3_only,40,795.5
ZINCf50000017Mm2,stage3_only,40,795.5
ZINCf50000017Mmp,stage3_only,40,795.5
ZINCf50000017O4K,stage3_only,40,795.5
ZINCf50000017ODj,stage3_only,40,795.5
ZINCf50000017OIu,stage3_only,40,795.5
ZINCf50000017OQs,stage3_only,40,795.5
ZINCf50000017Oso,stage3_only,40,795.5
ZINCf50000017Owq,stage3_only,40,795.5
ZINCf50000017P7X,stage3_only,40,795.5
ZINCf50000017P7h,stage3_only,40,795.5
ZINCf50000017P8f,stage3_only,40,795.5
ZINCf50000017PN7,stage3_only,40,795.5
ZINCf50000017Paj,stage3_only,40,795.5
ZINCf50000017Pbh,stage3_only,40,795.5
ZINCf50000017PcV,stage3_only,40,795.5
ZINCf50000017Pd0,stage3_only,40,795.5
ZINCf50000017Pfy,stage3_only,40,795.5
ZINCf50000017Phe,stage3_only,40,795.5
ZINCf50000017PmQ,stage3_only,40,795.5
ZINCf50000017Pvr,stage3_only,40,795.5
ZINCf50000017QBg,stage3_only,40,795.5
ZINCf50000017QTY,stage3_only,40,795.5
ZINCf50000017Qbx,stage3_only,40,795.5
ZINCf50000017RYr,stage3_only,40,795.5
ZINCf50000017Rvv,stage3_only,40,795.5
ZINCf50000017RzR,stage3_only,40,795.5
ZINCf50000017UTh,stage3_only,40,795.5
ZINCf50000017VOT,stage3_only,40,795.5
ZINCf50000017W19,stage3_only,40,795.5
ZINCf50000017W1C,stage3_only,40,795.5
ZINCf50000017W9c,stage3_only,40,795.5
ZINCf50000017X2G,stage3_only,40,795.5
ZINCf50000017Zr1,stage3_only,40,795.5
ZINCf50000017ZrY,stage3_only,40,795.5
ZINCf50000017ZtB,stage3_only,40,795.5
ZINCf50000017Zun,stage3_only,40,795.5
ZINCf50000017lUu,stage3_only,40,795.5
ZINCf50000017lbD,stage3_only,40,795.5
ZINCf50000017lf2,stage3_only,40,795.5
ZINCf50000017lhW,stage3_only,40,795.5
ZINCf50000017li6,stage3_only,40,795.5
ZINCf50000017mHI,stage3_only,40,795.5
ZINCf50000017mSh,stage3_only,40,795.5
ZINCf50000017mY8,stage3_only,40,795.5
ZINCf50000017mxq,stage3_only,40,795.5
ZINCf50000017nBf,stage3_only,40,795.5
ZINCf50000017nnK,stage3_only,40,795.5
ZINCf50000017nnL,stage3_only,40,795.5
ZINCf50000017nzV,stage3_only,40,795.5
ZINCf50000017o0x,stage3_only,40,795.5
ZINCf50000017oMB,stage3_only,40,795.5
ZINCf50000017oPJ,stage3_only,40,795.5
ZINCf50000017oS1,stage3_only,40,795.5
ZINCf50000017oVG,stage3_only,40,795.5
ZINCf50000017pBj,stage3_only,40,795.5
ZINCf50000017phT,stage3_only,40,795.5
ZINCf50000017poh,stage3_only,40,795.5
ZINCf50000017rHe,stage3_only,40,795.5
ZINCf50000017sPR,stage3_only,40,795.5
ZINCf50000017unS,stage3_only,40,795.5
ZINCf50000017vGK,stage3_only,40,795.5
ZINCf50000017vYs,stage3_only,40,795.5
ZINCf50000017w1Q,stage3_only,40,795.5
ZINCf50000017w8G,stage3_only,40,795.5
ZINCf50000017wUV,stage3_only,40,795.5
ZINCf50000017wam,stage3_only,40,795.5
ZINCf50000017xU1,stage3_only,40,795.5
ZINCf50000017y0Q,stage3_only,40,795.5
ZINCf50000017yd7,stage3_only,40,795.5
ZINCf50000017ysP,stage3_only,40,795.5
ZINCf50000017yx3,stage3_only,40,795.5
ZINCf50000017zNX,stage3_only,40,795.5
ZINCf50000017zSV,stage3_only,40,795.5
ZINCf50000017zaD,stage3_only,40,795.5
ZINCf50000017zbM,stage3_only,40,795.5
ZINCf50000017zwX,stage3_only,40,795.5
ZINCf50000017zxk,stage3_only,40,795.5
ZINCf5000001805j,stage3_only,40,795.5
ZINCf500000180pq,stage3_only,40,795.5
ZINCf500000180wS,stage3_only,40,795.5
ZINCf5000001813A,stage3_only,40,795.5
ZINCf500000181WL,stage3_only,40,795.5
ZINCf500000181fP,stage3_only,40,795.5
ZINCf500000181p5,stage3_only,40,795.5
ZINCf500000181p7,stage3_only,40,795.5
ZINCf500000181pp,stage3_only,40,795.5
ZINCf500000181yj,stage3_only,40,795.5
ZINCf500000182My,stage3_only,40,795.5
ZINCf500000183XL,stage3_only,40,795.5
ZINCf50000018473,stage3_only,40,795.5
ZINCf500000184jK,stage3_only,40,795.5
ZINCf500000184mH,stage3_only,40,795.5
ZINCf500000185b7,stage3_only,40,795.5
ZINCf500000185bu,stage3_only,40,795.5
ZINCf500000185c0,stage3_only,40,795.5
ZINCf500000185gK,stage3_only,40,795.5
ZINCf500000185xt,stage3_only,40,795.5
ZINCf500000186nE,stage3_only,40,795.5
ZINCf500000186wo,stage3_only,40,795.5
ZINCf5000001876r,stage3_only,40,795.5
ZINCf500000187Mb,stage3_only,40,795.5
ZINCf500000187XB,stage3_only,40,795.5
ZINCf500000187b6,stage3_only,40,795.5
ZINCf500000188GP,stage3_only,40,795.5
ZINCf500000188Pq,stage3_only,40,795.5
ZINCf50000018akF,stage3_only,40,795.5
ZINCf50000018av9,stage3_only,40,795.5
ZINCf50000018cDd,stage3_only,40,795.5
ZINCf50000018cDk,stage3_only,40,795.5
ZINCf50000018crf,stage3_only,40,795.5
ZINCf50000018cs2,stage3_only,40,795.5
ZINCf50000018csP,stage3_only,40,795.5
ZINCf50000018csw,stage3_only,40,795.5
ZINCf50000018cv7,stage3_only,40,795.5
ZINCf5000001AV0S,stage3_only,40,795.5
ZINCf5000001B87A,stage3_only,40,795.5
ZINCf5000001BDIX,stage3_only,40,795.5
ZINCf5000001CEAB,stage3_only,40,795.5
ZINCf5000001COrR,stage3_only,40,795.5
ZINCf5000001DljD,stage3_only,40,795.5
ZINCf5000001Dt2h,stage3_only,40,795.5
ZINCf5000001E9fQ,stage3_only,40,795.5
ZINCf5000001EG1K,stage3_only,40,795.5
ZINCf5000001EKgL,stage3_only,40,795.5
ZINCf5000001ERk8,stage3_only,40,795.5
ZINCf5000001Emu2,stage3_only,40,795.5
ZINCf5000001FZJ5,stage3_only,40,795.5
ZINCf5000001FqL3,stage3_only,40,795.5
ZINCf5000001GOOG,stage3_only,40,795.5
ZINCf5000001GWlM,stage3_only,40,795.5
ZINCf5000001HDs7,stage3_only,40,795.5
ZINCf5000001Hgyt,stage3_only,40,795.5
ZINCf5000001J0ET,stage3_only,40,795.5
ZINCf5000001J2bw,stage3_only,40,795.5
ZINCf5000001JISo,stage3_only,40,795.5
ZINCf5000001JZvH,stage3_only,40,795.5
ZINCf5000001Lr3T,stage3_only,40,795.5
ZINCf5000001M06a,stage3_only,40,795.5
ZINCf5000001MKOo,stage3_only,40,795.5
ZINCf5000001MKVn,stage3_only,40,795.5
ZINCf5000001MlEL,stage3_only,40,795.5
ZINCf5000001NsFv,stage3_only,40,795.5
ZINCf5000001OACg,stage3_only,40,795.5
ZINCf5000001OCOw,stage3_only,40,795.5
ZINCf5000001QBG9,stage3_only,40,795.5
ZINCf5000001QntH,stage3_only,40,795.5
ZINCf5000001Qom4,stage3_only,40,795.5
ZINCf5000001RO6f,stage3_only,40,795.5
ZINCf5000001Rg6X,stage3_only,40,795.5
ZINCf5000001T2qF,stage3_only,40,795.5
ZINCf5000001U9Co,stage3_only,40,795.5
ZINCf5000001UtyI,stage3_only,40,795.5
ZINCf5000001V3uo,stage3_only,40,795.5
ZINCf5000001Vb6y,stage3_only,40,795.5
ZINCf5000001Vzqp,stage3_only,40,795.5
ZINCf5000001XPLl,stage3_only,40,795.5
ZINCf5000001Y2PZ,stage3_only,40,795.5
ZINCf5000001nMZ6,stage3_only,40,795.5
ZINCf5000001nNe1,stage3_only,40,795.5
ZINCf5000001nU7G,stage3_only,40,795.5
ZINCf5000001o2sM,stage3_only,40,795.5
ZINCf5000001oIWl,stage3_only,40,795.5
ZINCf5000001obOn,stage3_only,40,795.5
ZINCf5000001og7B,stage3_only,40,795.5
ZINCf5000001oltJ,stage3_only,40,795.5
ZINCf5000001omOP,stage3_only,40,795.5
ZINCf5000001oqPo,stage3_only,40,795.5
ZINCf5000001oqkT,stage3_only,40,795.5
ZINCf5000001orCY,stage3_only,40,795.5
ZINCf5000001orow,stage3_only,40,795.5
ZINCf5000001pvAi,stage3_only,40,795.5
ZINCf5000001q6o8,stage3_only,40,795.5
ZINCf5000001rptD,stage3_only,40,795.5
ZINCf5000001s5yy,stage3_only,40,795.5
ZINCf5000001sKsJ,stage3_only,40,795.5
ZINCf5000001tldI,stage3_only,40,795.5
ZINCf5000001u1ZB,stage3_only,40,795.5
ZINCf5000001x1Ao,stage3_only,40,795.5
ZINCf5000001y905,stage3_only,40,795.5
ZINCf5000001yNgh,stage3_only,40,795.5
ZINCf5000001zfG8,stage3_only,40,795.5
ZINCf5000001zmj8,stage3_only,40,795.5
ZINCf5000001zrDu,stage3_only,40,795.5
ZINCf50000020M6r,stage3_only,40,795.5
ZINCf50000022eWr,stage3_only,40,795.5
ZINCf50000023g4Q,stage3_only,40,795.5
ZINCf50000023t3V,stage3_only,40,795.5
ZINCf50000023xoF,stage3_only,40,795.5
ZINCf500000240X9,stage3_only,40,795.5
ZINCf500000249ta,stage3_only,40,795.5
ZINCf50000024C21,stage3_only,40,795.5
ZINCf50000024FMA,stage3_only,40,795.5
ZINCf50000024ITY,stage3_only,40,795.5
ZINCf50000024Ip8,stage3_only,40,795.5
ZINCf50000024Jvt,stage3_only,40,795.5
ZINCf50000024K4O,stage3_only,40,795.5
ZINCf50000024KGa,stage3_only,40,795.5
ZINCf50000024KJR,stage3_only,40,795.5
ZINCf50000024NXI,stage3_only,40,795.5
ZINCf50000024Nz6,stage3_only,40,795.5
ZINCf50000024W6j,stage3_only,40,795.5
ZINCf50000024ZZY,stage3_only,40,795.5
ZINCf50000024dVA,stage3_only,40,795.5
ZINCf50000024hVQ,stage3_only,40,795.5
ZINCf50000024hxD,stage3_only,40,795.5
ZINCf50000024kCv,stage3_only,40,795.5
ZINCf50000024mgd,stage3_only,40,795.5
ZINCf50000024pu6,stage3_only,40,795.5
ZINCf500000255IB,stage3_only,40,795.5
ZINCf500000256q2,stage3_only,40,795.5
ZINCf50000025AQY,stage3_only,40,795.5
ZINCf50000025Bwq,stage3_only,40,795.5
ZINCf50000025HUM,stage3_only,40,795.5
ZINCf50000025MDs,stage3_only,40,795.5
ZINCf50000025N7N,stage3_only,40,795.5
ZINCf50000025mDa,stage3_only,40,795.5
ZINCf50000025tBQ,stage3_only,40,795.5
ZINCf50000025uSm,stage3_only,40,795.5
ZINCf500000263Mr,stage3_only,40,795.5
ZINCf500000264ro,stage3_only,40,795.5
ZINCf50000026DOY,stage3_only,40,795.5
ZINCf50000026Fx1,stage3_only,40,795.5
ZINCf50000026Jfr,stage3_only,40,795.5
ZINCf50000026Kk6,stage3_only,40,795.5
ZINCf50000026R7L,stage3_only,40,795.5
ZINCf50000026Sqy,stage3_only,40,795.5
ZINCf50000026TVY,stage3_only,40,795.5
ZINCf50000026YZ4,stage3_only,40,795.5
ZINCf50000026aGv,stage3_only,40,795.5
ZINCf50000026fIa,stage3_only,40,795.5
ZINCf50000026ml4,stage3_only,40,795.5
ZINCf50000026oVS,stage3_only,40,795.5
ZINCf50000026w6M,stage3_only,40,795.5
ZINCf500000274Ly,stage3_only,40,795.5
ZINCf50000027IV9,stage3_only,40,795.5
ZINCf50000027LhW,stage3_only,40,795.5
ZINCf50000027PC8,stage3_only,40,795.5
ZINCf50000027dk3,stage3_only,40,795.5
ZINCf50000027i1D,stage3_only,40,795.5
ZINCf50000027ie3,stage3_only,40,795.5
ZINCf50000027oyT,stage3_only,40,795.5
ZINCf50000027pLc,stage3_only,40,795.5
ZINCf50000027uXI,stage3_only,40,795.5
ZINCf500000289Ri,stage3_only,40,795.5
ZINCf50000028BzT,stage3_only,40,795.5
ZINCf50000028Fjg,stage3_only,40,795.5
ZINCf50000028GQR,stage3_only,40,795.5
ZINCf50000028GT0,stage3_only,40,795.5
ZINCf50000028OCx,stage3_only,40,795.5
ZINCf50000028PuD,stage3_only,40,795.5
ZINCf50000028QcC,stage3_only,40,795.5
ZINCf50000028TAZ,stage3_only,40,795.5
ZINCf50000028TXa,stage3_only,40,795.5
ZINCf50000028Vdb,stage3_only,40,795.5
ZINCf50000028bKN,stage3_only,40,795.5
ZINCf50000028fI0,stage3_only,40,795.5
ZINCf50000028kMc,stage3_only,40,795.5
ZINCf50000028m4y,stage3_only,40,795.5
ZINCf50000028sZv,stage3_only,40,795.5
ZINCf50000028ups,stage3_only,40,795.5
ZINCf50000028xRY,stage3_only,40,795.5
ZINCf500000298RN,stage3_only,40,795.5
ZINCf50000029Eu8,stage3_only,40,795.5
ZINCf50000029JAg,stage3_only,40,795.5
ZINCf50000029JWM,stage3_only,40,795.5
ZINCf50000029Tt9,stage3_only,40,795.5
ZINCf50000029ZxW,stage3_only,40,795.5
ZINCf50000029civ,stage3_only,40,795.5
ZINCf50000029n0i,stage3_only,40,795.5
ZINCf50000029oGV,stage3_only,40,795.5
ZINCf50000029qto,stage3_only,40,795.5
ZINCf50000029rP9,stage3_only,40,795.5
ZINCf50000029zy9,stage3_only,40,795.5
ZINCf5000002a01t,stage3_only,40,795.5
ZINCf5000002a2Xr,stage3_only,40,795.5
ZINCf5000002aFAz,stage3_only,40,795.5
ZINCf5000002aFBR,stage3_only,40,795.5
ZINCf5000002aFrF,stage3_only,40,795.5
ZINCf5000002aFsq,stage3_only,40,795.5
ZINCf5000002aFzV,stage3_only,40,795.5
ZINCf5000002aJ1f,stage3_only,40,795.5
ZINCf5000002aJMa,stage3_only,40,795.5
ZINCf5000002aK2x,stage3_only,40,795.5
ZINCf5000002aK4C,stage3_only,40,795.5
ZINCf5000002aK4D,stage3_only,40,795.5
ZINCf5000002aKDa,stage3_only,40,795.5
ZINCf5000002aLHF,stage3_only,40,795.5
ZINCf5000002aLWo,stage3_only,40,795.5
ZINCf5000002aMZX,stage3_only,40,795.5
ZINCf5000002aNBR,stage3_only,40,795.5
ZINCf5000002aNTw,stage3_only,40,795.5
ZINCf5000002aNWH,stage3_only,40,795.5
ZINCf5000002aNYU,stage3_only,40,795.5
ZINCf5000002aNzW,stage3_only,40,795.5
ZINCf5000002aO9D,stage3_only,40,795.5
ZINCf5000002aOJy,stage3_only,40,795.5
ZINCf5000002aOKG,stage3_only,40,795.5
ZINCf5000002aOKH,stage3_only,40,795.5
ZINCf5000002aOYM,stage3_only,40,795.5
ZINCf5000002aOdL,stage3_only,40,795.5
ZINCf5000002aOhX,stage3_only,40,795.5
ZINCf5000002aOvG,stage3_only,40,795.5
ZINCf5000002aPz0,stage3_only,40,795.5
ZINCf5000002aPzJ,stage3_only,40,795.5
ZINCf5000002aQII,stage3_only,40,795.5
ZINCf5000002aQgY,stage3_only,40,795.5
ZINCf5000002aRYM,stage3_only,40,795.5
ZINCf5000002aRYP,stage3_only,40,795.5
ZINCf5000002aSDG,stage3_only,40,795.5
ZINCf5000002aSDJ,stage3_only,40,795.5
ZINCf5000002aSIB,stage3_only,40,795.5
ZINCf5000002aSJ3,stage3_only,40,795.5
ZINCf5000002aSLa,stage3_only,40,795.5
ZINCf5000002aScH,stage3_only,40,795.5
ZINCf5000002aShv,stage3_only,40,795.5
ZINCf5000002aT2O,stage3_only,40,795.5
ZINCf5000002aTAV,stage3_only,40,795.5
ZINCf5000002aTEW,stage3_only,40,795.5
ZINCf5000002aU6d,stage3_only,40,795.5
ZINCf5000002aURX,stage3_only,40,795.5
ZINCf5000002aUUy,stage3_only,40,795.5
ZINCf5000002aUZH,stage3_only,40,795.5
ZINCf5000002aUZv,stage3_only,40,795.5
ZINCf5000002aUdi,stage3_only,40,795.5
ZINCf5000002aUfh,stage3_only,40,795.5
ZINCf5000002aUgP,stage3_only,40,795.5
ZINCf5000002aUh6,stage3_only,40,795.5
ZINCf5000002aUh7,stage3_only,40,795.5
ZINCf5000002aVF7,stage3_only,40,795.5
ZINCf5000002aVhN,stage3_only,40,795.5
ZINCf5000002aW6B,stage3_only,40,795.5
ZINCf5000002aW75,stage3_only,40,795.5
ZINCf5000002aW76,stage3_only,40,795.5
ZINCf5000002aW7f,stage3_only,40,795.5
ZINCf5000002aW7g,stage3_only,40,795.5
ZINCf5000002aWse,stage3_only,40,795.5
ZINCf5000002ah5X,stage3_only,40,795.5
ZINCf5000002aiVi,stage3_only,40,795.5
ZINCf5000002ajlC,stage3_only,40,795.5
ZINCf5000002akKL,stage3_only,40,795.5
ZINCf5000002anJ3,stage3_only,40,795.5
ZINCf5000002aowO,stage3_only,40,795.5
ZINCf5000002d8UH,stage3_only,40,795.5
ZINCf5000002d9tR,stage3_only,40,795.5
ZINCf5000002dABX,stage3_only,40,795.5
ZINCf5000002dB1z,stage3_only,40,795.5
ZINCf5000002dC37,stage3_only,40,795.5
ZINCf5000002dCDa,stage3_only,40,795.5
ZINCf5000002dDKq,stage3_only,40,795.5
ZINCf5000002dEB0,stage3_only,40,795.5
ZINCf5000002dEiH,stage3_only,40,795.5
ZINCf5000002dEiR,stage3_only,40,795.5
ZINCf5000002dGzu,stage3_only,40,795.5
ZINCf5000002dO8t,stage3_only,40,795.5
ZINCf5000002dOKa,stage3_only,40,795.5
ZINCf5000002dOfJ,stage3_only,40,795.5
ZINCf5000002dQJ8,stage3_only,40,795.5
ZINCf5000002dQug,stage3_only,40,795.5
ZINCf5000002dR2n,stage3_only,40,795.5
ZINCf5000002dR3L,stage3_only,40,795.5
ZINCf5000002dR3M,stage3_only,40,795.5
ZINCf5000002dSI8,stage3_only,40,795.5
ZINCf5000002dSxu,stage3_only,40,795.5
ZINCf5000002dT8U,stage3_only,40,795.5
ZINCf5000002dV3H,stage3_only,40,795.5
ZINCf5000002dVVM,stage3_only,40,795.5
ZINCf5000002dWU3,stage3_only,40,795.5
ZINCf5000002dWc0,stage3_only,40,795.5
ZINCf5000002dZ7j,stage3_only,40,795.5
ZINCf5000002dZmD,stage3_only,40,795.5
ZINCf5000002dfWu,stage3_only,40,795.5
ZINCf5000002dgL1,stage3_only,40,795.5
ZINCf5000002dkCv,stage3_only,40,795.5
ZINCf5000002dkM7,stage3_only,40,795.5
ZINCf5000002doBS,stage3_only,40,795.5
ZINCf5000002dr1y,stage3_only,40,795.5
ZINCf5000002dtlt,stage3_only,40,795.5
ZINCf5000002du81,stage3_only,40,795.5
ZINCf5000002dv1f,stage3_only,40,795.5
ZINCf5000002e0CK,stage3_only,40,795.5
ZINCf5000002e0zq,stage3_only,40,795.5
ZINCf5000002e1D9,stage3_only,40,795.5
ZINCf5000002e1L8,stage3_only,40,795.5
ZINCf5000002e2bD,stage3_only,40,795.5
ZINCf5000002e2jt,stage3_only,40,795.5
ZINCf5000002e2y1,stage3_only,40,795.5
ZINCf5000002e3HN,stage3_only,40,795.5
ZINCf5000002e3PG,stage3_only,40,795.5
ZINCf5000002e5EQ,stage3_only,40,795.5
ZINCf5000002e5FE,stage3_only,40,795.5
ZINCf5000002e5Gl,stage3_only,40,795.5
ZINCf5000002e5Hf,stage3_only,40,795.5
ZINCf5000002e5QQ,stage3_only,40,795.5
ZINCf5000002e5yG,stage3_only,40,795.5
ZINCf5000002e64a,stage3_only,40,795.5
ZINCf5000002e67Z,stage3_only,40,795.5
ZINCf5000002e8EA,stage3_only,40,795.5
ZINCf5000002e8Wx,stage3_only,40,795.5
ZINCf5000002e9FR,stage3_only,40,795.5
ZINCf5000002e9gI,stage3_only,40,795.5
ZINCf5000002e9gM,stage3_only,40,795.5
ZINCf5000002e9iR,stage3_only,40,795.5
ZINCf5000002e9iv,stage3_only,40,795.5
ZINCf5000002eaMl,stage3_only,40,795.5
ZINCf5000002eaMm,stage3_only,40,795.5
ZINCf5000002eaMn,stage3_only,40,795.5
ZINCf5000002eaNb,stage3_only,40,795.5
ZINCf5000002eau9,stage3_only,40,795.5
ZINCf5000002eaxZ,stage3_only,40,795.5
ZINCf5000002ecbn,stage3_only,40,795.5
ZINCf5000002eeL6,stage3_only,40,795.5
ZINCf5000002eeOi,stage3_only,40,795.5
ZINCf5000002eeUZ,stage3_only,40,795.5
ZINCf5000002eeV0,stage3_only,40,795.5
ZINCf5000002eeeG,stage3_only,40,795.5
ZINCf5000002eeo2,stage3_only,40,795.5
ZINCf5000002efRu,stage3_only,40,795.5
ZINCf5000002efRw,stage3_only,40,795.5
ZINCf5000002efXb,stage3_only,40,795.5
ZINCf5000002eg4T,stage3_only,40,795.5
ZINCf5000002eg50,stage3_only,40,795.5
ZINCf5000002egZH,stage3_only,40,795.5
ZINCf5000002egZI,stage3_only,40,795.5
ZINCf5000002egdk,stage3_only,40,795.5
ZINCf5000002egeB,stage3_only,40,795.5
ZINCf5000002ehja,stage3_only,40,795.5
ZINCf5000002eiiO,stage3_only,40,795.5
ZINCf5000002ejjr,stage3_only,40,795.5
ZINCf5000002enFV,stage3_only,40,795.5
ZINCf5000002enFp,stage3_only,40,795.5
ZINCf5000002mAJu,stage3_only,40,795.5
ZINCf5000002mBX2,stage3_only,40,795.5
ZINCf5000002mBX3,stage3_only,40,795.5
ZINCf5000002mC06,stage3_only,40,795.5
ZINCf5000002mDhl,stage3_only,40,795.5
ZINCf5000002mF31,stage3_only,40,795.5
ZINCf5000002mHDq,stage3_only,40,795.5
ZINCf5000002mv38,stage3_only,40,795.5
ZINCf5000002mwA9,stage3_only,40,795.5
ZINCf5000002myC0,stage3_only,40,795.5
ZINCf5000002myC2,stage3_only,40,795.5
ZINCf5000002myLk,stage3_only,40,795.5
ZINCf5000002oA2C,stage3_only,40,795.5
ZINCf5000002oAqM,stage3_only,40,795.5
ZINCf5000002oBQS,stage3_only,40,795.5
ZINCf5000002oBQy,stage3_only,40,795.5
ZINCf5000002oBuO,stage3_only,40,795.5
ZINCf5000002oBve,stage3_only,40,795.5
ZINCf5000002oC09,stage3_only,40,795.5
ZINCf5000002oC1u,stage3_only,40,795.5
ZINCf5000002oCHN,stage3_only,40,795.5
ZINCf5000002oCTI,stage3_only,40,795.5
ZINCf5000002oCU8,stage3_only,40,795.5
ZINCf5000002oCXo,stage3_only,40,795.5
ZINCf5000002oDG4,stage3_only,40,795.5
ZINCf5000002oDPK,stage3_only,40,795.5
ZINCf5000002oDvx,stage3_only,40,795.5
ZINCf5000002oDwK,stage3_only,40,795.5
ZINCf5000002oDwM,stage3_only,40,795.5
ZINCf5000002oEsQ,stage3_only,40,795.5
ZINCf5000002oEvf,stage3_only,40,795.5
ZINCf5000002oFFl,stage3_only,40,795.5
ZINCf5000002oFZU,stage3_only,40,795.5
ZINCf5000002oFbj,stage3_only,40,795.5
ZINCf5000002oFf9,stage3_only,40,795.5
ZINCf5000002oFnR,stage3_only,40,795.5
ZINCf5000002oGS6,stage3_only,40,795.5
ZINCf5000002oGU5,stage3_only,40,795.5
ZINCf5000002oGUh,stage3_only,40,795.5
ZINCf5000002oGVW,stage3_only,40,795.5
ZINCf5000002oGW4,stage3_only,40,795.5
ZINCf5000002oGpf,stage3_only,40,795.5
ZINCf5000002oGxA,stage3_only,40,795.5
ZINCf5000002oH2n,stage3_only,40,795.5
ZINCf5000002oH71,stage3_only,40,795.5
ZINCf5000002oHS3,stage3_only,40,795.5
ZINCf5000002oHXh,stage3_only,40,795.5
ZINCf5000002oHXj,stage3_only,40,795.5
ZINCf5000002oHi8,stage3_only,40,795.5
ZINCf5000002oHtF,stage3_only,40,795.5
ZINCf5000002oHw2,stage3_only,40,795.5
ZINCf5000002oIqA,stage3_only,40,795.5
ZINCf5000002ov4x,stage3_only,40,795.5
ZINCf5000002ovYd,stage3_only,40,795.5
ZINCf5000002ovoC,stage3_only,40,795.5
ZINCf5000002oxrW,stage3_only,40,795.5
ZINCf5000002oyZY,stage3_only,40,795.5
ZINCf5000002ozaR,stage3_only,40,795.5
ZINCf5000002qAQ7,stage3_only,40,795.5
ZINCf5000002qAao,stage3_only,40,795.5
ZINCf5000002qAux,stage3_only,40,795.5
ZINCf5000002qDFK,stage3_only,40,795.5
ZINCf5000002qDHF,stage3_only,40,795.5
ZINCf5000002qDHG,stage3_only,40,795.5
ZINCf5000002qGr6,stage3_only,40,795.5
ZINCf5000002qJQ8,stage3_only,40,795.5
ZINCf5000002qKV6,stage3_only,40,795.5
ZINCf5000002qS7h,stage3_only,40,795.5
ZINCf5000002qScL,stage3_only,40,795.5
ZINCf5000002qTmJ,stage3_only,40,795.5
ZINCf5000002qUwU,stage3_only,40,795.5
ZINCf5000002qVHP,stage3_only,40,795.5
ZINCf5000002qWIY,stage3_only,40,795.5
ZINCf5000002qWJa,stage3_only,40,795.5
ZINCf5000002qWtE,stage3_only,40,795.5
ZINCf5000002qXx0,stage3_only,40,795.5
ZINCf5000002qXze,stage3_only,40,795.5
ZINCf5000002qYb3,stage3_only,40,795.5
ZINCf5000002qYlI,stage3_only,40,795.5
ZINCf5000002qZ68,stage3_only,40,795.5
ZINCf5000002qsQM,stage3_only,40,795.5
ZINCf5000002qsk9,stage3_only,40,795.5
ZINCf5000002quBj,stage3_only,40,795.5
ZINCf5000002qy1u,stage3_only,40,795.5
ZINCf5000002qyKY,stage3_only,40,795.5
ZINCf5000002qzk4,stage3_only,40,795.5
ZINCf5000002qzvt,stage3_only,40,795.5
ZINCf5000002qzwJ,stage3_only,40,795.5
ZINCf5000002qzxy,stage3_only,40,795.5
ZINCf5000002r2Mg,stage3_only,40,795.5
ZINCf5000002r4WZ,stage3_only,40,795.5
ZINCf5000002r5xX,stage3_only,40,795.5
ZINCf5000002r6MC,stage3_only,40,795.5
ZINCf5000002r6RJ,stage3_only,40,795.5
ZINCf5000002r6Wu,stage3_only,40,795.5
ZINCf5000002r7nt,stage3_only,40,795.5
ZINCf5000002r8T6,stage3_only,40,795.5
ZINCf5000002r8rT,stage3_only,40,795.5
ZINCf5000002r8tm,stage3_only,40,795.5
ZINCf5000002r90O,stage3_only,40,795.5
ZINCf5000002r9MU,stage3_only,40,795.5
ZINCf5000002rA7Z,stage3_only,40,795.5
ZINCf5000002rBHF,stage3_only,40,795.5
ZINCf5000002rBmW,stage3_only,40,795.5
ZINCf5000002rBny,stage3_only,40,795.5
ZINCf5000002rBsy,stage3_only,40,795.5
ZINCf5000002rCUc,stage3_only,40,795.5
ZINCf5000002rCfp,stage3_only,40,795.5
ZINCf5000002rCnp,stage3_only,40,795.5
ZINCf5000002rDJg,stage3_only,40,795.5
ZINCf5000002rE4c,stage3_only,40,795.5
ZINCf5000002rE6b,stage3_only,40,795.5
ZINCf5000002rEdJ,stage3_only,40,795.5
ZINCf5000002rF5w,stage3_only,40,795.5
ZINCf5000002rF6t,stage3_only,40,795.5
ZINCf5000002rFi2,stage3_only,40,795.5
ZINCf5000002rJEk,stage3_only,40,795.5
ZINCf5000002rJlF,stage3_only,40,795.5
ZINCf5000002rJso,stage3_only,40,795.5
ZINCf5000002rKMz,stage3_only,40,795.5
ZINCf5000002rKN5,stage3_only,40,795.5
ZINCf5000002rKZX,stage3_only,40,795.5
ZINCf5000002rKfe,stage3_only,40,795.5
ZINCf5000002rLDp,stage3_only,40,795.5
ZINCf5000002rLMQ,stage3_only,40,795.5
ZINCf5000002rLOE,stage3_only,40,795.5
ZINCf5000002rLkD,stage3_only,40,795.5
ZINCf5000002rMzl,stage3_only,40,795.5
ZINCf5000002rNed,stage3_only,40,795.5
ZINCf5000002rP1E,stage3_only,40,795.5
ZINCf5000002rPCj,stage3_only,40,795.5
ZINCf5000002rPJ6,stage3_only,40,795.5
ZINCf5000002rPbO,stage3_only,40,795.5
ZINCf5000002rPch,stage3_only,40,795.5
ZINCf5000002rPcj,stage3_only,40,795.5
ZINCf5000002rPuS,stage3_only,40,795.5
ZINCf5000002rQTj,stage3_only,40,795.5
ZINCf5000002rRW9,stage3_only,40,795.5
ZINCf5000002rRZf,stage3_only,40,795.5
ZINCf5000002rS5Y,stage3_only,40,795.5
ZINCf5000002rSj1,stage3_only,40,795.5
ZINCf5000002rSj2,stage3_only,40,795.5
ZINCf5000002rT4k,stage3_only,40,795.5
ZINCf5000002rTSa,stage3_only,40,795.5
ZINCf5000002rTzZ,stage3_only,40,795.5
ZINCf5000002rXFD,stage3_only,40,795.5
ZINCf5000002rXvB,stage3_only,40,795.5
ZINCf5000002raVV,stage3_only,40,795.5
ZINCf5000002raZH,stage3_only,40,795.5
ZINCf5000002raed,stage3_only,40,795.5
ZINCf5000002rb06,stage3_only,40,795.5
ZINCf5000002rbnf,stage3_only,40,795.5
ZINCf5000002rcCF,stage3_only,40,795.5
ZINCf5000002rd6l,stage3_only,40,795.5
ZINCf5000002reVR,stage3_only,40,795.5
ZINCf5000002rgT2,stage3_only,40,795.5
ZINCf5000002rhHt,stage3_only,40,795.5
ZINCf5000002rhKI,stage3_only,40,795.5
ZINCf5000002rhiG,stage3_only,40,795.5
ZINCf5000002rhyC,stage3_only,40,795.5
ZINCf5000002rirV,stage3_only,40,795.5
ZINCf5000002rjEl,stage3_only,40,795.5
ZINCf5000002rkb9,stage3_only,40,795.5
ZINCf5000002rkba,stage3_only,40,795.5
ZINCf5000002rkic,stage3_only,40,795.5
ZINCf5000002rpdt,stage3_only,40,795.5
ZINCf5000002rpfR,stage3_only,40,795.5
ZINCf5000002rqT9,stage3_only,40,795.5
ZINCf5000002rtKl,stage3_only,40,795.5
ZINCf5000002rtj9,stage3_only,40,795.5
ZINCf5000002rtjk,stage3_only,40,795.5
ZINCf5000002ru3F,stage3_only,40,795.5
ZINCf5000002ruYW,stage3_only,40,795.5
ZINCf5000002rvPA,stage3_only,40,795.5
ZINCf5000002rw9z,stage3_only,40,795.5
ZINCf5000002rwQC,stage3_only,40,795.5
ZINCf5000002rwQi,stage3_only,40,795.5
ZINCf5000002rwRJ,stage3_only,40,795.5
ZINCf5000002rwmG,stage3_only,40,795.5
ZINCf5000002rwmk,stage3_only,40,795.5
ZINCf5000002rwml,stage3_only,40,795.5
ZINCf5000002rwnU,stage3_only,40,795.5
ZINCf5000002rwnX,stage3_only,40,795.5
ZINCf5000002rwnY,stage3_only,40,795.5
ZINCf5000002rwrV,stage3_only,40,795.5
ZINCf5000002rwsh,stage3_only,40,795.5
ZINCf5000002rwt8,stage3_only,40,795.5
ZINCf5000002rwuK,stage3_only,40,795.5
ZINCf5000002rww3,stage3_only,40,795.5
ZINCf5000002rxRE,stage3_only,40,795.5
ZINCf5000002ryaU,stage3_only,40,795.5
ZINCf5000002ryzB,stage3_only,40,795.5
ZINCf5000002s1F2,stage3_only,40,795.5
ZINCf5000002s1mZ,stage3_only,40,795.5
ZINCf5000002s456,stage3_only,40,795.5
ZINCf5000002s46o,stage3_only,40,795.5
ZINCf5000002s50T,stage3_only,40,795.5
ZINCf5000002s518,stage3_only,40,795.5
ZINCf5000002s51J,stage3_only,40,795.5
ZINCf5000002s57j,stage3_only,40,795.5
ZINCf5000002s5Dp,stage3_only,40,795.5
ZINCf5000002s5O5,stage3_only,40,795.5
ZINCf5000002s5ZW,stage3_only,40,795.5
ZINCf5000002s5cu,stage3_only,40,795.5
ZINCf5000002s5cv,stage3_only,40,795.5
ZINCf5000002s5oS,stage3_only,40,795.5
ZINCf5000002s5p1,stage3_only,40,795.5
ZINCf5000002s5uT,stage3_only,40,795.5
ZINCf5000002s633,stage3_only,40,795.5
ZINCf5000002s63L,stage3_only,40,795.5
ZINCf5000002s6Dh,stage3_only,40,795.5
ZINCf5000002s7CT,stage3_only,40,795.5
ZINCf5000002s7Vj,stage3_only,40,795.5
ZINCf5000002s7uE,stage3_only,40,795.5
ZINCf5000002s8Mb,stage3_only,40,795.5
ZINCf5000002s8R4,stage3_only,40,795.5
ZINCf5000002s8Rz,stage3_only,40,795.5
ZINCf5000002s8fr,stage3_only,40,795.5
ZINCf5000002s92p,stage3_only,40,795.5
ZINCf5000002s9bv,stage3_only,40,795.5
ZINCf5000002sbNq,stage3_only,40,795.5
ZINCf5000002sbOB,stage3_only,40,795.5
ZINCf5000002sbOp,stage3_only,40,795.5
ZINCf5000002sbP5,stage3_only,40,795.5
ZINCf5000002sc2F,stage3_only,40,795.5
ZINCf5000002scRs,stage3_only,40,795.5
ZINCf5000002scj7,stage3_only,40,795.5
ZINCf5000002scy2,stage3_only,40,795.5
ZINCf5000002sfMO,stage3_only,40,795.5
ZINCf5000002sfYg,stage3_only,40,795.5
ZINCf5000002shQH,stage3_only,40,795.5
ZINCf5000002shZH,stage3_only,40,795.5
ZINCf5000002si3T,stage3_only,40,795.5
ZINCf5000002si61,stage3_only,40,795.5
ZINCf5000002sjtc,stage3_only,40,795.5
ZINCf5000003631Z,stage3_only,40,795.5
ZINCf500000369Ah,stage3_only,40,795.5
CHEMBL4164040,standard_3d_pharmacophore,0,1.0
CHEMBL259166,standard_3d_pharmacophore,1,2.0
CHEMBL4164328,standard_3d_pharmacophore,2,3.0
CHEMBL271876,standard_3d_pharmacophore,3,4.0
CHEMBL260819,standard_3d_pharmacophore,4,5.0
CHEMBL1162058,standard_3d_pharmacophore,5,6.0
CHEMBL1161828,standard_3d_pharmacophore,6,7.0
CHEMBL1161829,standard_3d_pharmacophore,7,8.0
CHEMBL519322,standard_3d_pharmacophore,8,9.0
CHEMBL4645148,standard_3d_pharmacophore,9,10.0
CHEMBL1161822,standard_3d_pharmacophore,10,11.0
CHEMBL382844,standard_3d_pharmacophore,11,12.0
CHEMBL2364429,standard_3d_pharmacophore,12,13.0
CHEMBL270666,standard_3d_pharmacophore,13,14.0
CHEMBL404336,standard_3d_pharmacophore,14,15.0
ZINCf5000002s6Dh,standard_3d_pharmacophore,15,16.0
CHEMBL460680,standard_3d_pharmacophore,16,17.0
CHEMBL410135,standard_3d_pharmacophore,17,18.0
CHEMBL518774,standard_3d_pharmacophore,18,19.0
CHEMBL403180,standard_3d_pharmacophore,19,20.0
CHEMBL130229,standard_3d_pharmacophore,20,21.0
ZINCf5000000aloI,standard_3d_pharmacophore,21,22.0
CHEMBL480821,standard_3d_pharmacophore,22,23.0
ZINCf50000009dSr,standard_3d_pharmacophore,23,24.0
CHEMBL1161827,standard_3d_pharmacophore,24,25.0
CHEMBL379074,standard_3d_pharmacophore,25,26.0
CHEMBL481620,standard_3d_pharmacophore,26,27.0
ZINCf50000018cs2,standard_3d_pharmacophore,27,28.0
CHEMBL4637980,standard_3d_pharmacophore,28,29.0
ZINCf50000017KGC,standard_3d_pharmacophore,29,30.0
CHEMBL480639,standard_3d_pharmacophore,30,31.0
ZINCf5000000aguA,standard_3d_pharmacophore,31,32.0
ZINCf5000000agGq,standard_3d_pharmacophore,32,33.0
CHEMBL3218890,standard_3d_pharmacophore,33,34.0
CHEMBL2364382,standard_3d_pharmacophore,34,35.0
CHEMBL1161835,standard_3d_pharmacophore,35,36.0
ZINCf50000017Mlc,standard_3d_pharmacophore,36,37.0
CHEMBL2364408,standard_3d_pharmacophore,37,38.0
CHEMBL4172656,standard_3d_pharmacophore,38,39.0
ZINCf5000002aOdL,standard_3d_pharmacophore,39,40.0
ZINCf5000000VlVJ,standard_3d_pharmacophore,40,41.0
ZINCf5000002oFFl,standard_3d_pharmacophore,41,42.0
CHEMBL4637284,standard_3d_pharmacophore,42,43.0
CHEMBL482220,standard_3d_pharmacophore,43,44.0
ZINCf5000002aMZX,standard_3d_pharmacophore,44,45.0
ZINCf50000009E9s,standard_3d_pharmacophore,45,46.0
CHEMBL2364381,standard_3d_pharmacophore,46,47.0
ZINCf5000000alVo,standard_3d_pharmacophore,47,48.0
ZINCf5000000ahle,standard_3d_pharmacophore,48,49.0
ZINCf50000009rlK,standard_3d_pharmacophore,49,50.0
ZINCf500000188Pq,standard_3d_pharmacophore,50,51.0
CHEMBL2364354,standard_3d_pharmacophore,51,52.0
ZINCf5000000SNNA,standard_3d_pharmacophore,52,53.0
ZINCf5000000aiZh,standard_3d_pharmacophore,53,54.0
ZINCf500000091Qp,standard_3d_pharmacophore,54,55.0
ZINCf5000000Zz7Q,standard_3d_pharmacophore,55,56.0
ZINCf50000017Qbx,standard_3d_pharmacophore,56,57.0
ZINCf5000002oFbj,standard_3d_pharmacophore,57,58.0
ZINCf5000002eeOi,standard_3d_pharmacophore,58,59.0
CHEMBL272540,standard_3d_pharmacophore,59,60.0
ZINCf50000017CeW,standard_3d_pharmacophore,60,61.0
ZINCf5000002sfYg,standard_3d_pharmacophore,61,62.0
ZINCf5000002aUgP,standard_3d_pharmacophore,62,63.0
CHEMBL251573,standard_3d_pharmacophore,63,64.0
ZINCf50000018cv7,standard_3d_pharmacophore,64,65.0
ZINCf50000009VOy,standard_3d_pharmacophore,65,66.0
CHEMBL516602,standard_3d_pharmacophore,66,67.0
ZINCf5000000WDpU,standard_3d_pharmacophore,67,68.0
ZINCf5000001M06a,standard_3d_pharmacophore,68,69.0
ZINCf500000274Ly,standard_3d_pharmacophore,69,70.0
ZINCf500000098v9,standard_3d_pharmacophore,70,71.0
ZINCf5000002oGU5,standard_3d_pharmacophore,71,72.0
ZINCf50000009Ifh,standard_3d_pharmacophore,72,73.0
ZINCf50000026Jfr,standard_3d_pharmacophore,73,74.0
ZINCf50000009F96,standard_3d_pharmacophore,74,75.0
ZINCf5000002oCXo,standard_3d_pharmacophore,75,76.0
ZINCf50000017KEg,standard_3d_pharmacophore,76,77.0
ZINCf5000000Zz1e,standard_3d_pharmacophore,77,78.0
ZINCf500000090KI,standard_3d_pharmacophore,78,79.0
ZINCf50000009AET,standard_3d_pharmacophore,79,80.0
CHEMBL2364480,standard_3d_pharmacophore,80,81.0
ZINCf5000000abab,standard_3d_pharmacophore,81,82.0
ZINCf5000000aaqY,standard_3d_pharmacophore,82,83.0
ZINCf5000002s7CT,standard_3d_pharmacophore,83,84.0
ZINCf5000000a9YT,standard_3d_pharmacophore,84,85.0
ZINCf5000002aScH,standard_3d_pharmacophore,85,86.0
ZINCf50000009zwx,standard_3d_pharmacophore,86,87.0
ZINCf50000017zSV,standard_3d_pharmacophore,87,88.0
ZINCf5000000aguu,standard_3d_pharmacophore,88,89.0
ZINCf5000000ajrP,standard_3d_pharmacophore,89,90.0
ZINCf5000000S6Ha,standard_3d_pharmacophore,90,91.0
ZINCf5000000anCn,standard_3d_pharmacophore,91,92.0
ZINCf5000001COrR,standard_3d_pharmacophore,92,93.0
ZINCf5000001oqPo,standard_3d_pharmacophore,93,94.0
ZINCf5000000af3d,standard_3d_pharmacophore,94,95.0
ZINCf5000002oDvx,standard_3d_pharmacophore,95,96.0
ZINCf5000000aloJ,standard_3d_pharmacophore,96,97.0
ZINCf5000002s57j,standard_3d_pharmacophore,97,98.0
ZINCf50000018akF,standard_3d_pharmacophore,98,99.0
ZINCf5000000ZyZN,standard_3d_pharmacophore,99,100.0
CHEMBL2364485,standard_3d_pharmacophore,100,101.0
ZINCf5000002r90O,standard_3d_pharmacophore,101,102.0
ZINCf5000000ZsXm,standard_3d_pharmacophore,102,103.0
ZINCf5000000aloK,standard_3d_pharmacophore,103,104.0
ZINCf50000017Rvv,standard_3d_pharmacophore,104,105.0
ZINCf50000029civ,standard_3d_pharmacophore,105,106.0
ZINCf5000000ZuCy,standard_3d_pharmacophore,106,107.0
ZINCf5000000amZE,standard_3d_pharmacophore,107,108.0
ZINCf5000000apAH,standard_3d_pharmacophore,108,109.0
ZINCf5000002rSj2,standard_3d_pharmacophore,109,110.0
ZINCf5000000a7WR,standard_3d_pharmacophore,110,111.0
ZINCf50000009acU,standard_3d_pharmacophore,111,112.0
ZINCf50000027PC8,standard_3d_pharmacophore,112,113.0
ZINCf5000002egZH,standard_3d_pharmacophore,113,114.0
ZINCf5000000ajkb,standard_3d_pharmacophore,114,115.0
ZINCf5000002rSj1,standard_3d_pharmacophore,115,116.0
ZINCf5000002aJMa,standard_3d_pharmacophore,116,117.0
ZINCf5000000ai5I,standard_3d_pharmacophore,117,118.0
ZINCf50000029Tt9,standard_3d_pharmacophore,118,119.0
ZINCf5000000ZxEf,standard_3d_pharmacophore,119,120.0
ZINCf5000000VmCZ,standard_3d_pharmacophore,120,121.0
ZINCf5000000agRW,standard_3d_pharmacophore,121,122.0
ZINCf5000000WBXq,standard_3d_pharmacophore,122,123.0
ZINCf5000002ehja,standard_3d_pharmacophore,123,124.0
ZINCf500000186nE,standard_3d_pharmacophore,124,125.0
ZINCf50000009wAP,standard_3d_pharmacophore,125,126.0
ZINCf5000002dQJ8,standard_3d_pharmacophore,126,127.0
ZINCf50000009N6s,standard_3d_pharmacophore,127,128.0
ZINCf5000000af3g,standard_3d_pharmacophore,128,129.0
ZINCf5000001MKOo,standard_3d_pharmacophore,129,130.0
ZINCf500000094VF,standard_3d_pharmacophore,130,131.0
ZINCf5000000agu2,standard_3d_pharmacophore,131,132.0
ZINCf50000009wBo,standard_3d_pharmacophore,132,133.0
ZINCf5000002dZ7j,standard_3d_pharmacophore,133,134.0
ZINCf50000009Aa9,standard_3d_pharmacophore,134,135.0
ZINCf50000017X2G,standard_3d_pharmacophore,135,136.0
ZINCf50000009JCG,standard_3d_pharmacophore,136,137.0
ZINCf5000002aVhN,standard_3d_pharmacophore,137,138.0
ZINCf50000017Bys,standard_3d_pharmacophore,138,139.0
ZINCf5000000ZrBx,standard_3d_pharmacophore,139,140.0
ZINCf5000002eg4T,standard_3d_pharmacophore,140,141.0
ZINCf5000002sc2F,standard_3d_pharmacophore,141,142.0
ZINCf50000017G6Q,standard_3d_pharmacophore,142,143.0
ZINCf5000002rS5Y,standard_3d_pharmacophore,143,144.0
ZINCf50000029zy9,standard_3d_pharmacophore,144,145.0
ZINCf5000002rE4c,standard_3d_pharmacophore,145,146.0
ZINCf50000009xvR,standard_3d_pharmacophore,146,147.0
ZINCf50000017KXN,standard_3d_pharmacophore,147,148.0
ZINCf5000000ZxDl,standard_3d_pharmacophore,148,149.0
ZINCf50000017JOv,standard_3d_pharmacophore,149,150.0
ZINCf50000017KDe,standard_3d_pharmacophore,150,151.0
CHEMBL2364468,standard_3d_pharmacophore,151,152.0
ZINCf5000000akiS,standard_3d_pharmacophore,152,153.0
ZINCf5000000ZxGx,standard_3d_pharmacophore,153,154.0
ZINCf5000000ahsC,standard_3d_pharmacophore,154,155.0
ZINCf5000000aqQc,standard_3d_pharmacophore,155,156.0
ZINCf5000000WBKn,standard_3d_pharmacophore,156,157.0
ZINCf5000002oFf9,standard_3d_pharmacophore,157,158.0
ZINCf50000009nxU,standard_3d_pharmacophore,158,159.0
ZINCf5000000S6FM,standard_3d_pharmacophore,159,160.0
ZINCf5000002dOfJ,standard_3d_pharmacophore,160,161.0
ZINCf5000002oHw2,standard_3d_pharmacophore,161,162.0
ZINCf5000002e0CK,standard_3d_pharmacophore,162,163.0
ZINCf5000002dO8t,standard_3d_pharmacophore,163,164.0
ZINCf50000017ZtB,standard_3d_pharmacophore,164,165.0
ZINCf5000000SMmi,standard_3d_pharmacophore,165,166.0
ZINCf5000000VmgN,standard_3d_pharmacophore,166,167.0
ZINCf50000008L01,standard_3d_pharmacophore,167,168.0
ZINCf50000009TKh,standard_3d_pharmacophore,168,169.0
ZINCf5000002eg50,standard_3d_pharmacophore,169,170.0
ZINCf5000000Ztb7,standard_3d_pharmacophore,170,171.0
ZINCf5000000ZuVH,standard_3d_pharmacophore,171,172.0
ZINCf5000002sbOB,standard_3d_pharmacophore,172,173.0
ZINCf5000000afdd,standard_3d_pharmacophore,173,174.0
ZINCf50000009II9,standard_3d_pharmacophore,174,175.0
ZINCf50000009ZuA,standard_3d_pharmacophore,175,176.0
ZINCf5000002qDHF,standard_3d_pharmacophore,176,177.0
ZINCf50000017HS4,standard_3d_pharmacophore,177,178.0
ZINCf50000029JAg,standard_3d_pharmacophore,178,179.0
ZINCf5000002rtjk,standard_3d_pharmacophore,179,180.0
ZINCf500000092Y2,standard_3d_pharmacophore,180,181.0
ZINCf5000000abJX,standard_3d_pharmacophore,181,182.0
ZINCf5000001og7B,standard_3d_pharmacophore,182,183.0
ZINCf5000002mwA9,standard_3d_pharmacophore,183,184.0
ZINCf5000000a92W,standard_3d_pharmacophore,184,185.0
ZINCf50000025Bwq,standard_3d_pharmacophore,185,186.0
ZINCf50000008IcW,standard_3d_pharmacophore,186,187.0
ZINCf5000002rKMz,standard_3d_pharmacophore,187,188.0
ZINCf5000000agtX,standard_3d_pharmacophore,188,189.0
ZINCf5000002oGUh,standard_3d_pharmacophore,189,190.0
ZINCf500000093cO,standard_3d_pharmacophore,190,191.0
ZINCf5000000alqn,standard_3d_pharmacophore,191,192.0
ZINCf50000028GQR,standard_3d_pharmacophore,192,193.0
CHEMBL251572,standard_3d_pharmacophore,193,194.0
ZINCf5000002oEvf,standard_3d_pharmacophore,194,195.0
ZINCf5000002aRYP,standard_3d_pharmacophore,195,196.0
ZINCf5000001nU7G,standard_3d_pharmacophore,196,197.0
ZINCf50000009NnH,standard_3d_pharmacophore,197,198.0
ZINCf50000009ZoM,standard_3d_pharmacophore,198,199.0
ZINCf500000185bu,standard_3d_pharmacophore,199,200.0
ZINCf5000002ryaU,standard_3d_pharmacophore,200,201.0
ZINCf50000009Emt,standard_3d_pharmacophore,201,202.0
ZINCf5000000Zter,standard_3d_pharmacophore,202,203.0
ZINCf50000009FQT,standard_3d_pharmacophore,203,204.0
ZINCf5000002aTEW,standard_3d_pharmacophore,204,205.0
ZINCf50000009O9p,standard_3d_pharmacophore,205,206.0
ZINCf50000009ulA,standard_3d_pharmacophore,206,207.0
ZINCf50000009BJS,standard_3d_pharmacophore,207,208.0
ZINCf5000002oFnR,standard_3d_pharmacophore,208,209.0
ZINCf5000002oCTI,standard_3d_pharmacophore,209,210.0
ZINCf5000000aiIl,standard_3d_pharmacophore,210,211.0
ZINCf50000009eth,standard_3d_pharmacophore,211,212.0
ZINCf5000000Zt92,standard_3d_pharmacophore,212,213.0
ZINCf50000009TZE,standard_3d_pharmacophore,213,214.0
CHEMBL251169,standard_3d_pharmacophore,214,215.0
ZINCf5000002ejjr,standard_3d_pharmacophore,215,216.0
ZINCf5000000alp2,standard_3d_pharmacophore,216,217.0
ZINCf5000000Zw6U,standard_3d_pharmacophore,217,218.0
ZINCf50000008ZKU,standard_3d_pharmacophore,218,219.0
ZINCf5000001yNgh,standard_3d_pharmacophore,219,220.0
ZINCf50000017BnT,standard_3d_pharmacophore,220,221.0
CHEMBL4171914,standard_3d_pharmacophore,221,222.0
ZINCf5000002rJlF,standard_3d_pharmacophore,222,223.0
ZINCf5000000aj4d,standard_3d_pharmacophore,223,224.0
ZINCf50000017BnG,standard_3d_pharmacophore,224,225.0
ZINCf50000024KJR,standard_3d_pharmacophore,225,226.0
ZINCf50000009xJW,standard_3d_pharmacophore,226,227.0
ZINCf50000009FkS,standard_3d_pharmacophore,227,228.0
ZINCf5000000af41,standard_3d_pharmacophore,228,229.0
ZINCf50000017Lpv,standard_3d_pharmacophore,229,230.0
ZINCf5000002rKZX,standard_3d_pharmacophore,230,231.0
ZINCf5000002e0zq,standard_3d_pharmacophore,231,232.0
ZINCf5000000a6dj,standard_3d_pharmacophore,232,233.0
ZINCf50000009BJK,standard_3d_pharmacophore,233,234.0
ZINCf5000002egZI,standard_3d_pharmacophore,234,235.0
ZINCf5000002rcCF,standard_3d_pharmacophore,235,236.0
ZINCf500000181WL,standard_3d_pharmacophore,236,237.0
ZINCf50000009ubg,standard_3d_pharmacophore,237,238.0
ZINCf500000186wo,standard_3d_pharmacophore,238,239.0
ZINCf5000000aiZU,standard_3d_pharmacophore,239,240.0
ZINCf5000002aPz0,standard_3d_pharmacophore,240,241.0
ZINCf50000009LXr,standard_3d_pharmacophore,241,242.0
ZINCf5000000axnZ,standard_3d_pharmacophore,242,243.0
ZINCf5000002shZH,standard_3d_pharmacophore,243,244.0
ZINCf50000009jrH,standard_3d_pharmacophore,244,245.0
ZINCf5000002rMzl,standard_3d_pharmacophore,245,246.0
ZINCf5000002s9bv,standard_3d_pharmacophore,246,247.0
ZINCf5000000ZxDt,standard_3d_pharmacophore,247,248.0
ZINCf5000000ajwE,standard_3d_pharmacophore,248,249.0
ZINCf5000000Zr6n,standard_3d_pharmacophore,249,250.0
ZINCf500000184mH,standard_3d_pharmacophore,250,251.0
ZINCf5000000ZxN4,standard_3d_pharmacophore,251,252.0
ZINCf5000000Zs6D,standard_3d_pharmacophore,252,253.0
ZINCf5000002aUZv,standard_3d_pharmacophore,253,254.0
ZINCf5000000Vnkh,standard_3d_pharmacophore,254,255.0
ZINCf5000002oIqA,standard_3d_pharmacophore,255,256.0
ZINCf5000000a9wc,standard_3d_pharmacophore,256,257.0
ZINCf50000027oyT,standard_3d_pharmacophore,257,258.0
ZINCf5000000abZj,standard_3d_pharmacophore,258,259.0
ZINCf5000002e9iR,standard_3d_pharmacophore,259,260.0
ZINCf50000017DLX,standard_3d_pharmacophore,260,261.0
ZINCf5000002aFAz,standard_3d_pharmacophore,261,262.0
ZINCf5000000a9rQ,standard_3d_pharmacophore,262,263.0
ZINCf50000009GG0,standard_3d_pharmacophore,263,264.0
ZINCf50000028PuD,standard_3d_pharmacophore,264,265.0
ZINCf50000009K4b,standard_3d_pharmacophore,265,266.0
ZINCf50000026Fx1,standard_3d_pharmacophore,266,267.0
ZINCf5000002aSJ3,standard_3d_pharmacophore,267,268.0
ZINCf5000000ZtkQ,standard_3d_pharmacophore,268,269.0
ZINCf5000000ZqXK,standard_3d_pharmacophore,269,270.0
ZINCf5000002rwt8,standard_3d_pharmacophore,270,271.0
ZINCf5000000a9wg,standard_3d_pharmacophore,271,272.0
ZINCf5000000aa5G,standard_3d_pharmacophore,272,273.0
ZINCf50000009yd8,standard_3d_pharmacophore,273,274.0
ZINCf5000000axcT,standard_3d_pharmacophore,274,275.0
ZINCf5000002s51J,standard_3d_pharmacophore,275,276.0
ZINCf50000009gkh,standard_3d_pharmacophore,276,277.0
ZINCf50000009zRc,standard_3d_pharmacophore,277,278.0
ZINCf5000002r6RJ,standard_3d_pharmacophore,278,279.0
ZINCf5000000a7P5,standard_3d_pharmacophore,279,280.0
ZINCf5000000af5V,standard_3d_pharmacophore,280,281.0
ZINCf5000000a9iG,standard_3d_pharmacophore,281,282.0
ZINCf5000000ax9G,standard_3d_pharmacophore,282,283.0
ZINCf5000002oEsQ,standard_3d_pharmacophore,283,284.0
ZINCf50000017poh,standard_3d_pharmacophore,284,285.0
ZINCf5000001nNe1,standard_3d_pharmacophore,285,286.0
ZINCf50000009TWl,standard_3d_pharmacophore,286,287.0
ZINCf5000002a01t,standard_3d_pharmacophore,287,288.0
ZINCf5000001sKsJ,standard_3d_pharmacophore,288,289.0
ZINCf50000024ITY,standard_3d_pharmacophore,289,290.0
ZINCf50000017AV1,standard_3d_pharmacophore,290,291.0
ZINCf500000091Ut,standard_3d_pharmacophore,291,292.0
ZINCf5000000WA6M,standard_3d_pharmacophore,292,293.0
ZINCf50000017yx3,standard_3d_pharmacophore,293,294.0
ZINCf50000008J2k,standard_3d_pharmacophore,294,295.0
ZINCf5000000S4qw,standard_3d_pharmacophore,295,296.0
ZINCf5000000ay0Z,standard_3d_pharmacophore,296,297.0
ZINCf5000002oH71,standard_3d_pharmacophore,297,298.0
ZINCf5000001oIWl,standard_3d_pharmacophore,298,299.0
ZINCf5000000SKXg,standard_3d_pharmacophore,299,300.0
ZINCf50000024hVQ,standard_3d_pharmacophore,300,301.0
ZINCf50000017OIu,standard_3d_pharmacophore,301,302.0
ZINCf5000000ZtRN,standard_3d_pharmacophore,302,303.0
ZINCf5000000Vnb9,standard_3d_pharmacophore,303,304.0
ZINCf5000000WA7z,standard_3d_pharmacophore,304,305.0
CHEMBL1923504,standard_3d_pharmacophore,305,306.0
ZINCf5000002dV3H,standard_3d_pharmacophore,306,307.0
ZINCf50000009FRY,standard_3d_pharmacophore,307,308.0
CHEMBL1079185,standard_3d_pharmacophore,308,309.0
ZINCf50000009XxA,standard_3d_pharmacophore,309,310.0
ZINCf50000008XpF,standard_3d_pharmacophore,310,311.0
ZINCf50000009ubU,standard_3d_pharmacophore,311,312.0
ZINCf50000017LpH,standard_3d_pharmacophore,312,313.0
ZINCf50000017LMW,standard_3d_pharmacophore,313,314.0
CHEMBL401134,standard_3d_pharmacophore,314,315.0
ZINCf5000002scj7,standard_3d_pharmacophore,315,316.0
ZINCf5000002mC06,standard_3d_pharmacophore,316,317.0
ZINCf5000000Zwpf,standard_3d_pharmacophore,317,318.0
ZINCf50000009wyd,standard_3d_pharmacophore,318,319.0
ZINCf5000000atDe,standard_3d_pharmacophore,319,320.0
ZINCf50000017LpE,standard_3d_pharmacophore,320,321.0
ZINCf5000000ZtE0,standard_3d_pharmacophore,321,322.0
ZINCf5000000aa5J,standard_3d_pharmacophore,322,323.0
ZINCf50000009INs,standard_3d_pharmacophore,323,324.0
ZINCf5000002s5uT,standard_3d_pharmacophore,324,325.0
ZINCf5000002s46o,standard_3d_pharmacophore,325,326.0
ZINCf50000009xJZ,standard_3d_pharmacophore,326,327.0
ZINCf5000002a2Xr,standard_3d_pharmacophore,327,328.0
ZINCf50000009f8T,standard_3d_pharmacophore,328,329.0
ZINCf50000009vXk,standard_3d_pharmacophore,329,330.0
ZINCf5000000azJc,standard_3d_pharmacophore,330,331.0
ZINCf500000187XB,standard_3d_pharmacophore,331,332.0
ZINCf5000002rKN5,standard_3d_pharmacophore,332,333.0
ZINCf5000002aSDJ,standard_3d_pharmacophore,333,334.0
ZINCf5000000ajwd,standard_3d_pharmacophore,334,335.0
ZINCf500000094j6,standard_3d_pharmacophore,335,336.0
ZINCf50000024kCv,standard_3d_pharmacophore,336,337.0
ZINCf50000009kL4,standard_3d_pharmacophore,337,338.0
ZINCf50000009g59,standard_3d_pharmacophore,338,339.0
ZINCf5000000YbHM,standard_3d_pharmacophore,339,340.0
ZINCf5000002enFV,standard_3d_pharmacophore,340,341.0
ZINCf5000000WA6N,standard_3d_pharmacophore,341,342.0
ZINCf5000000VmpX,standard_3d_pharmacophore,342,343.0
ZINCf5000001oqkT,standard_3d_pharmacophore,343,344.0
ZINCf5000001QntH,standard_3d_pharmacophore,344,345.0
ZINCf5000000ajs6,standard_3d_pharmacophore,345,346.0
ZINCf50000009Lmh,standard_3d_pharmacophore,346,347.0
ZINCf500000187b6,standard_3d_pharmacophore,347,348.0
ZINCf5000002rtj9,standard_3d_pharmacophore,348,349.0
ZINCf5000002aWse,standard_3d_pharmacophore,349,350.0
ZINCf5000002oHtF,standard_3d_pharmacophore,350,351.0
ZINCf5000002rwnU,standard_3d_pharmacophore,351,352.0
ZINCf5000002dv1f,standard_3d_pharmacophore,352,353.0
ZINCf50000024Nz6,standard_3d_pharmacophore,353,354.0
ZINCf50000009xOf,standard_3d_pharmacophore,354,355.0
ZINCf5000002mDhl,standard_3d_pharmacophore,355,356.0
ZINCf50000009H9b,standard_3d_pharmacophore,356,357.0
CHEMBL2364338,standard_3d_pharmacophore,357,358.0
ZINCf50000017Bo0,standard_3d_pharmacophore,358,359.0
ZINCf5000000ahD7,standard_3d_pharmacophore,359,360.0
ZINCf50000009Wn3,standard_3d_pharmacophore,360,361.0
ZINCf50000009tyF,standard_3d_pharmacophore,361,362.0
ZINCf5000000Ztuj,standard_3d_pharmacophore,362,363.0
ZINCf5000002dkM7,standard_3d_pharmacophore,363,364.0
ZINCf5000002ov4x,standard_3d_pharmacophore,364,365.0
ZINCf50000009C5G,standard_3d_pharmacophore,365,366.0
ZINCf5000000a9uN,standard_3d_pharmacophore,366,367.0
ZINCf50000009yd7,standard_3d_pharmacophore,367,368.0
ZINCf50000009xg9,standard_3d_pharmacophore,368,369.0
ZINCf50000009zPT,standard_3d_pharmacophore,369,370.0
ZINCf50000017W1C,standard_3d_pharmacophore,370,371.0
ZINCf50000009zPR,standard_3d_pharmacophore,371,372.0
ZINCf50000017Zr1,standard_3d_pharmacophore,372,373.0
ZINCf50000027i1D,standard_3d_pharmacophore,373,374.0
ZINCf5000002ru3F,standard_3d_pharmacophore,374,375.0
ZINCf50000008UHv,standard_3d_pharmacophore,375,376.0
ZINCf5000002rJEk,standard_3d_pharmacophore,376,377.0
ZINCf50000017KN8,standard_3d_pharmacophore,377,378.0
ZINCf50000009Kgo,standard_3d_pharmacophore,378,379.0
ZINCf500000097Fu,standard_3d_pharmacophore,379,380.0
ZINCf5000002s7uE,standard_3d_pharmacophore,380,381.0
ZINCf5000000a9Is,standard_3d_pharmacophore,381,382.0
ZINCf5000002aNTw,standard_3d_pharmacophore,382,383.0
ZINCf50000008Vfu,standard_3d_pharmacophore,383,384.0
ZINCf50000028QcC,standard_3d_pharmacophore,384,385.0
ZINCf5000002rA7Z,standard_3d_pharmacophore,385,386.0
ZINCf50000017HVC,standard_3d_pharmacophore,386,387.0
ZINCf5000002qDHG,standard_3d_pharmacophore,387,388.0
ZINCf5000000abGX,standard_3d_pharmacophore,388,389.0
ZINCf5000002oC1u,standard_3d_pharmacophore,389,390.0
ZINCf5000000ay6c,standard_3d_pharmacophore,390,391.0
ZINCf50000024dVA,standard_3d_pharmacophore,391,392.0
ZINCf5000000S6BQ,standard_3d_pharmacophore,392,393.0
ZINCf5000002s50T,standard_3d_pharmacophore,393,394.0
ZINCf5000002s63L,standard_3d_pharmacophore,394,395.0
ZINCf5000000ad3E,standard_3d_pharmacophore,395,396.0
ZINCf5000000a5PY,standard_3d_pharmacophore,396,397.0
ZINCf5000002aW75,standard_3d_pharmacophore,397,398.0
ZINCf5000000ay6h,standard_3d_pharmacophore,398,399.0
ZINCf50000017VOT,standard_3d_pharmacophore,399,400.0
ZINCf50000009NgI,standard_3d_pharmacophore,400,401.0
ZINCf5000002dR2n,standard_3d_pharmacophore,401,402.0
ZINCf5000002rb06,standard_3d_pharmacophore,402,403.0
ZINCf5000000ZsXj,standard_3d_pharmacophore,403,404.0
ZINCf50000008P7x,standard_3d_pharmacophore,404,405.0
ZINCf5000002mv38,standard_3d_pharmacophore,405,406.0
ZINCf5000002oBQS,standard_3d_pharmacophore,406,407.0
ZINCf5000000ZxaH,standard_3d_pharmacophore,407,408.0
ZINCf50000017Owq,standard_3d_pharmacophore,408,409.0
ZINCf5000000VmgG,standard_3d_pharmacophore,409,410.0
ZINCf5000002dSxu,standard_3d_pharmacophore,410,411.0
ZINCf5000002qAQ7,standard_3d_pharmacophore,411,412.0
ZINCf5000000abAi,standard_3d_pharmacophore,412,413.0
ZINCf50000009vxt,standard_3d_pharmacophore,413,414.0
ZINCf50000009CWL,standard_3d_pharmacophore,414,415.0
ZINCf5000000a12U,standard_3d_pharmacophore,415,416.0
ZINCf50000009xQv,standard_3d_pharmacophore,416,417.0
ZINCf5000002oBuO,standard_3d_pharmacophore,417,418.0
ZINCf50000025MDs,standard_3d_pharmacophore,418,419.0
ZINCf5000002aW7g,standard_3d_pharmacophore,419,420.0
ZINCf5000000Zrtr,standard_3d_pharmacophore,420,421.0
ZINCf50000017phT,standard_3d_pharmacophore,421,422.0
ZINCf5000000akpg,standard_3d_pharmacophore,422,423.0
ZINCf50000009tPD,standard_3d_pharmacophore,423,424.0
ZINCf500000249ta,standard_3d_pharmacophore,424,425.0
ZINCf50000009wB0,standard_3d_pharmacophore,425,426.0
ZINCf5000001HDs7,standard_3d_pharmacophore,426,427.0
ZINCf50000008V0l,standard_3d_pharmacophore,427,428.0
ZINCf500000263Mr,standard_3d_pharmacophore,428,429.0
ZINCf50000024Ip8,standard_3d_pharmacophore,429,430.0
ZINCf50000028Vdb,standard_3d_pharmacophore,430,431.0
ZINCf50000029ZxW,standard_3d_pharmacophore,431,432.0
ZINCf50000009yQr,standard_3d_pharmacophore,432,433.0
ZINCf5000000a5xo,standard_3d_pharmacophore,433,434.0
ZINCf50000028TXa,standard_3d_pharmacophore,434,435.0
ZINCf50000009E3O,standard_3d_pharmacophore,435,436.0
ZINCf500000256q2,standard_3d_pharmacophore,436,437.0
ZINCf50000028ups,standard_3d_pharmacophore,437,438.0
ZINCf5000000axtN,standard_3d_pharmacophore,438,439.0
ZINCf5000002rLDp,standard_3d_pharmacophore,439,440.0
ZINCf5000000ZxVl,standard_3d_pharmacophore,440,441.0
ZINCf5000002e2y1,standard_3d_pharmacophore,441,442.0
ZINCf5000000aiGd,standard_3d_pharmacophore,442,443.0
ZINCf5000002e8EA,standard_3d_pharmacophore,443,444.0
ZINCf50000017Mm2,standard_3d_pharmacophore,444,445.0
ZINCf5000000S7uF,standard_3d_pharmacophore,445,446.0
ZINCf50000017M5a,standard_3d_pharmacophore,446,447.0
ZINCf5000000ae3H,standard_3d_pharmacophore,447,448.0
ZINCf50000008UUv,standard_3d_pharmacophore,448,449.0
ZINCf50000009Fax,standard_3d_pharmacophore,449,450.0
ZINCf50000017nzV,standard_3d_pharmacophore,450,451.0
ZINCf5000002s5oS,standard_3d_pharmacophore,451,452.0
ZINCf50000009ynt,standard_3d_pharmacophore,452,453.0
ZINCf5000000VZpu,standard_3d_pharmacophore,453,454.0
ZINCf5000000aiKp,standard_3d_pharmacophore,454,455.0
ZINCf50000008NGb,standard_3d_pharmacophore,455,456.0
ZINCf50000017Hd9,standard_3d_pharmacophore,456,457.0
ZINCf50000009UpX,standard_3d_pharmacophore,457,458.0
ZINCf500000185gK,standard_3d_pharmacophore,458,459.0
ZINCf5000002aSDG,standard_3d_pharmacophore,459,460.0
ZINCf5000000aaeZ,standard_3d_pharmacophore,460,461.0
ZINCf50000029qto,standard_3d_pharmacophore,461,462.0
ZINCf5000002r6MC,standard_3d_pharmacophore,462,463.0
ZINCf5000000a9wh,standard_3d_pharmacophore,463,464.0
ZINCf50000017Zun,standard_3d_pharmacophore,464,465.0
ZINCf5000001FqL3,standard_3d_pharmacophore,465,466.0
ZINCf50000009JAl,standard_3d_pharmacophore,466,467.0
ZINCf5000001JISo,standard_3d_pharmacophore,467,468.0
ZINCf50000008SbG,standard_3d_pharmacophore,468,469.0
ZINCf50000027IV9,standard_3d_pharmacophore,469,470.0
ZINCf50000017LZS,standard_3d_pharmacophore,470,471.0
ZINCf5000000a86R,standard_3d_pharmacophore,471,472.0
ZINCf50000009yd6,standard_3d_pharmacophore,472,473.0
ZINCf5000002e3HN,standard_3d_pharmacophore,473,474.0
ZINCf50000029n0i,standard_3d_pharmacophore,474,475.0
ZINCf5000000SKCN,standard_3d_pharmacophore,475,476.0
ZINCf5000000ZrFf,standard_3d_pharmacophore,476,477.0
ZINCf5000000aeNZ,standard_3d_pharmacophore,477,478.0
ZINCf5000000Zt9N,standard_3d_pharmacophore,478,479.0
ZINCf50000009z98,standard_3d_pharmacophore,479,480.0
ZINCf5000000S7uO,standard_3d_pharmacophore,480,481.0
ZINCf5000000ZtgX,standard_3d_pharmacophore,481,482.0
ZINCf50000009ubo,standard_3d_pharmacophore,482,483.0
ZINCf50000009w7k,standard_3d_pharmacophore,483,484.0
ZINCf5000000anM8,standard_3d_pharmacophore,484,485.0
ZINCf5000002efXb,standard_3d_pharmacophore,485,486.0
ZINCf5000002aOYM,standard_3d_pharmacophore,486,487.0
ZINCf5000000Zrb9,standard_3d_pharmacophore,487,488.0
ZINCf5000002rwml,standard_3d_pharmacophore,488,489.0
ZINCf500000183XL,standard_3d_pharmacophore,489,490.0
ZINCf50000009EYa,standard_3d_pharmacophore,490,491.0
ZINCf50000008TBd,standard_3d_pharmacophore,491,492.0
ZINCf5000000ZxNc,standard_3d_pharmacophore,492,493.0
ZINCf5000000ad3w,standard_3d_pharmacophore,493,494.0
ZINCf5000000SNzJ,standard_3d_pharmacophore,494,495.0
ZINCf5000000VlMZ,standard_3d_pharmacophore,495,496.0
ZINCf5000000941N,standard_3d_pharmacophore,496,497.0
ZINCf5000000acqq,standard_3d_pharmacophore,497,498.0
ZINCf50000009pBr,standard_3d_pharmacophore,498,499.0
ZINCf5000002rwQC,standard_3d_pharmacophore,499,500.0
ZINCf50000009e8j,standard_3d_pharmacophore,500,501.0
ZINCf5000000S76T,standard_3d_pharmacophore,501,502.0
ZINCf5000002aUdi,standard_3d_pharmacophore,502,503.0
ZINCf5000000ZtNy,standard_3d_pharmacophore,503,504.0
ZINCf50000009aCA,standard_3d_pharmacophore,504,505.0
ZINCf5000002qVHP,standard_3d_pharmacophore,505,506.0
ZINCf50000008LK8,standard_3d_pharmacophore,506,507.0
ZINCf5000001Emu2,standard_3d_pharmacophore,507,508.0
ZINCf5000002aRYM,standard_3d_pharmacophore,508,509.0
ZINCf5000000ZucB,standard_3d_pharmacophore,509,510.0
ZINCf500000090y4,standard_3d_pharmacophore,510,511.0
ZINCf5000000VlUp,standard_3d_pharmacophore,511,512.0
ZINCf5000001OACg,standard_3d_pharmacophore,512,513.0
ZINCf50000017vYs,standard_3d_pharmacophore,513,514.0
ZINCf50000017ODj,standard_3d_pharmacophore,514,515.0
ZINCf5000002rPCj,standard_3d_pharmacophore,515,516.0
ZINCf50000008NYT,standard_3d_pharmacophore,516,517.0
ZINCf5000000WA8S,standard_3d_pharmacophore,517,518.0
ZINCf50000009sB7,standard_3d_pharmacophore,518,519.0
ZINCf5000002oGxA,standard_3d_pharmacophore,519,520.0
ZINCf5000001y905,standard_3d_pharmacophore,520,521.0
ZINCf5000002aW6B,standard_3d_pharmacophore,521,522.0
ZINCf5000000Ybic,standard_3d_pharmacophore,522,523.0
ZINCf50000009NG6,standard_3d_pharmacophore,523,524.0
ZINCf5000000afYF,standard_3d_pharmacophore,524,525.0
ZINCf5000002ah5X,standard_3d_pharmacophore,525,526.0
ZINCf5000000SNrm,standard_3d_pharmacophore,526,527.0
ZINCf5000002aW76,standard_3d_pharmacophore,527,528.0
ZINCf5000002eeeG,standard_3d_pharmacophore,528,529.0
ZINCf5000002oBQy,standard_3d_pharmacophore,529,530.0
ZINCf5000001AV0S,standard_3d_pharmacophore,530,531.0
ZINCf5000000ZsOY,standard_3d_pharmacophore,531,532.0
ZINCf5000002s5cu,standard_3d_pharmacophore,532,533.0
ZINCf5000000ZxYr,standard_3d_pharmacophore,533,534.0
CHEMBL4170481,standard_3d_pharmacophore,534,535.0
ZINCf5000002d8UH,standard_3d_pharmacophore,535,536.0
ZINCf50000009vzq,standard_3d_pharmacophore,536,537.0
ZINCf50000009aj3,standard_3d_pharmacophore,537,538.0
ZINCf5000000alHz,standard_3d_pharmacophore,538,539.0
ZINCf50000017LPk,standard_3d_pharmacophore,539,540.0
ZINCf5000001rptD,standard_3d_pharmacophore,540,541.0
ZINCf5000002e5EQ,standard_3d_pharmacophore,541,542.0
ZINCf5000000SKov,standard_3d_pharmacophore,542,543.0
ZINCf500000090KH,standard_3d_pharmacophore,543,544.0
ZINCf50000017zbM,standard_3d_pharmacophore,544,545.0
ZINCf5000000akV7,standard_3d_pharmacophore,545,546.0
ZINCf5000002oCU8,standard_3d_pharmacophore,546,547.0
ZINCf5000002rT4k,standard_3d_pharmacophore,547,548.0
ZINCf5000002rQTj,standard_3d_pharmacophore,548,549.0
ZINCf50000024C21,standard_3d_pharmacophore,549,550.0
ZINCf5000000abH0,standard_3d_pharmacophore,550,551.0
ZINCf5000001orCY,standard_3d_pharmacophore,551,552.0
ZINCf5000002du81,standard_3d_pharmacophore,552,553.0
ZINCf5000002eiiO,standard_3d_pharmacophore,553,554.0
ZINCf5000002aW7f,standard_3d_pharmacophore,554,555.0
ZINCf5000002ajlC,standard_3d_pharmacophore,555,556.0
ZINCf5000002e5FE,standard_3d_pharmacophore,556,557.0
ZINCf50000009XP5,standard_3d_pharmacophore,557,558.0
ZINCf5000000azGJ,standard_3d_pharmacophore,558,559.0
ZINCf5000001Qom4,standard_3d_pharmacophore,559,560.0
ZINCf5000000VZiS,standard_3d_pharmacophore,560,561.0
ZINCf5000000atl4,standard_3d_pharmacophore,561,562.0
ZINCf5000000SKGZ,standard_3d_pharmacophore,562,563.0
ZINCf50000009m2q,standard_3d_pharmacophore,563,564.0
ZINCf5000002r8T6,standard_3d_pharmacophore,564,565.0
ZINCf50000009ujW,standard_3d_pharmacophore,565,566.0
ZINCf50000017AH2,standard_3d_pharmacophore,566,567.0
ZINCf5000000aasy,standard_3d_pharmacophore,567,568.0
ZINCf5000000YaTJ,standard_3d_pharmacophore,568,569.0
ZINCf5000002e5QQ,standard_3d_pharmacophore,569,570.0
ZINCf5000000axTO,standard_3d_pharmacophore,570,571.0
ZINCf5000000a50o,standard_3d_pharmacophore,571,572.0
ZINCf5000000Zy49,standard_3d_pharmacophore,572,573.0
ZINCf5000000ady2,standard_3d_pharmacophore,573,574.0
ZINCf5000002qDFK,standard_3d_pharmacophore,574,575.0
ZINCf5000000a94X,standard_3d_pharmacophore,575,576.0
ZINCf5000002qzvt,standard_3d_pharmacophore,576,577.0
ZINCf50000017RzR,standard_3d_pharmacophore,577,578.0
ZINCf5000002aowO,standard_3d_pharmacophore,578,579.0
ZINCf50000009G8x,standard_3d_pharmacophore,579,580.0
ZINCf5000001Y2PZ,standard_3d_pharmacophore,580,581.0
ZINCf5000002sfMO,standard_3d_pharmacophore,581,582.0
ZINCf50000009WAD,standard_3d_pharmacophore,582,583.0
ZINCf5000002enFp,standard_3d_pharmacophore,583,584.0
ZINCf5000002rEdJ,standard_3d_pharmacophore,584,585.0
ZINCf5000002aFrF,standard_3d_pharmacophore,585,586.0
ZINCf5000000a5HH,standard_3d_pharmacophore,586,587.0
ZINCf50000017KTo,standard_3d_pharmacophore,587,588.0
ZINCf5000002egeB,standard_3d_pharmacophore,588,589.0
ZINCf50000009ynz,standard_3d_pharmacophore,589,590.0
ZINCf5000000anKU,standard_3d_pharmacophore,590,591.0
ZINCf5000000Zr5Y,standard_3d_pharmacophore,591,592.0
ZINCf50000028fI0,standard_3d_pharmacophore,592,593.0
ZINCf5000002e9iv,standard_3d_pharmacophore,593,594.0
ZINCf5000000ZxFj,standard_3d_pharmacophore,594,595.0
ZINCf5000000ZxEo,standard_3d_pharmacophore,595,596.0
ZINCf5000000SLUp,standard_3d_pharmacophore,596,597.0
ZINCf5000002aSIB,standard_3d_pharmacophore,597,598.0
ZINCf50000009MfT,standard_3d_pharmacophore,598,599.0
ZINCf5000000SNGF,standard_3d_pharmacophore,599,600.0
ZINCf5000002mAJu,standard_3d_pharmacophore,600,601.0
ZINCf50000009BCm,standard_3d_pharmacophore,601,602.0
ZINCf5000000a7S0,standard_3d_pharmacophore,602,603.0
ZINCf50000028bKN,standard_3d_pharmacophore,603,604.0
ZINCf5000000VmyA,standard_3d_pharmacophore,604,605.0
ZINCf5000002rLOE,standard_3d_pharmacophore,605,606.0
ZINCf5000002myC2,standard_3d_pharmacophore,606,607.0
ZINCf50000009Xac,standard_3d_pharmacophore,607,608.0
ZINCf5000000S6Go,standard_3d_pharmacophore,608,609.0
ZINCf50000008KYG,standard_3d_pharmacophore,609,610.0
ZINCf50000023t3V,standard_3d_pharmacophore,610,611.0
ZINCf5000000Ztj4,standard_3d_pharmacophore,611,612.0
ZINCf5000002rRW9,standard_3d_pharmacophore,612,613.0
ZINCf5000000Zrm2,standard_3d_pharmacophore,613,614.0
ZINCf5000000VnD5,standard_3d_pharmacophore,614,615.0
ZINCf5000002rw9z,standard_3d_pharmacophore,615,616.0
ZINCf50000009k3E,standard_3d_pharmacophore,616,617.0
ZINCf5000001Rg6X,standard_3d_pharmacophore,617,618.0
ZINCf50000008PSw,standard_3d_pharmacophore,618,619.0
ZINCf5000002aSLa,standard_3d_pharmacophore,619,620.0
ZINCf50000017W9c,standard_3d_pharmacophore,620,621.0
ZINCf50000009UTu,standard_3d_pharmacophore,621,622.0
ZINCf5000000ayh9,standard_3d_pharmacophore,622,623.0
ZINCf5000002aUh7,standard_3d_pharmacophore,623,624.0
ZINCf50000009OTI,standard_3d_pharmacophore,624,625.0
ZINCf5000002rXvB,standard_3d_pharmacophore,625,626.0
ZINCf5000000ZuU4,standard_3d_pharmacophore,626,627.0
ZINCf50000009otY,standard_3d_pharmacophore,627,628.0
ZINCf5000002e64a,standard_3d_pharmacophore,628,629.0
ZINCf50000026DOY,standard_3d_pharmacophore,629,630.0
ZINCf50000009MFI,standard_3d_pharmacophore,630,631.0
ZINCf5000001FZJ5,standard_3d_pharmacophore,631,632.0
ZINCf5000000af3O,standard_3d_pharmacophore,632,633.0
ZINCf5000002rwRJ,standard_3d_pharmacophore,633,634.0
ZINCf5000002qzwJ,standard_3d_pharmacophore,634,635.0
ZINCf50000008L4G,standard_3d_pharmacophore,635,636.0
ZINCf5000000af5N,standard_3d_pharmacophore,636,637.0
ZINCf5000001MKVn,standard_3d_pharmacophore,637,638.0
ZINCf50000008Xjz,standard_3d_pharmacophore,638,639.0
ZINCf50000009nCt,standard_3d_pharmacophore,639,640.0
ZINCf5000002s456,standard_3d_pharmacophore,640,641.0
ZINCf5000001XPLl,standard_3d_pharmacophore,641,642.0
ZINCf50000029oGV,standard_3d_pharmacophore,642,643.0
ZINCf50000009u3p,standard_3d_pharmacophore,643,644.0
ZINCf5000001V3uo,standard_3d_pharmacophore,644,645.0
ZINCf500000185c0,standard_3d_pharmacophore,645,646.0
ZINCf5000000Ztii,standard_3d_pharmacophore,646,647.0
ZINCf5000000SL7m,standard_3d_pharmacophore,647,648.0
ZINCf5000000akjg,standard_3d_pharmacophore,648,649.0
ZINCf50000009aWh,standard_3d_pharmacophore,649,650.0
ZINCf5000002oCHN,standard_3d_pharmacophore,650,651.0
ZINCf50000009yYz,standard_3d_pharmacophore,651,652.0
ZINCf5000001GOOG,standard_3d_pharmacophore,652,653.0
ZINCf5000002r8rT,standard_3d_pharmacophore,653,654.0
ZINCf50000009qsY,standard_3d_pharmacophore,654,655.0
ZINCf50000008TA2,standard_3d_pharmacophore,655,656.0
ZINCf50000008Vcm,standard_3d_pharmacophore,656,657.0
ZINCf50000009vaY,standard_3d_pharmacophore,657,658.0
ZINCf5000000Zsex,standard_3d_pharmacophore,658,659.0
ZINCf5000001UtyI,standard_3d_pharmacophore,659,660.0
ZINCf50000009Ha4,standard_3d_pharmacophore,660,661.0
ZINCf500000180wS,standard_3d_pharmacophore,661,662.0
ZINCf50000017Lpy,standard_3d_pharmacophore,662,663.0
ZINCf5000000SKrI,standard_3d_pharmacophore,663,664.0
ZINCf50000017wam,standard_3d_pharmacophore,664,665.0
ZINCf5000002dC37,standard_3d_pharmacophore,665,666.0
ZINCf5000002oBve,standard_3d_pharmacophore,666,667.0
ZINCf5000000Ybws,standard_3d_pharmacophore,667,668.0
ZINCf50000009f9b,standard_3d_pharmacophore,668,669.0
ZINCf50000017W19,standard_3d_pharmacophore,669,670.0
ZINCf5000000axo0,standard_3d_pharmacophore,670,671.0
ZINCf50000017zwX,standard_3d_pharmacophore,671,672.0
ZINCf5000002aURX,standard_3d_pharmacophore,672,673.0
ZINCf5000002rhKI,standard_3d_pharmacophore,673,674.0
ZINCf50000026w6M,standard_3d_pharmacophore,674,675.0
ZINCf500000090vr,standard_3d_pharmacophore,675,676.0
ZINCf5000002aUfh,standard_3d_pharmacophore,676,677.0
ZINCf5000000acyU,standard_3d_pharmacophore,677,678.0
ZINCf5000002aNzW,standard_3d_pharmacophore,678,679.0
ZINCf5000000WAJX,standard_3d_pharmacophore,679,680.0
ZINCf5000000agV5,standard_3d_pharmacophore,680,681.0
ZINCf50000009fiV,standard_3d_pharmacophore,681,682.0
ZINCf500000090dm,standard_3d_pharmacophore,682,683.0
ZINCf50000009lFH,standard_3d_pharmacophore,683,684.0
ZINCf5000000Zxnj,standard_3d_pharmacophore,684,685.0
ZINCf50000009LRw,standard_3d_pharmacophore,685,686.0
ZINCf50000009NJy,standard_3d_pharmacophore,686,687.0
ZINCf500000093eL,standard_3d_pharmacophore,687,688.0
ZINCf50000009H2Z,standard_3d_pharmacophore,688,689.0
ZINCf50000026ml4,standard_3d_pharmacophore,689,690.0
ZINCf50000009Fay,standard_3d_pharmacophore,690,691.0
ZINCf50000024hxD,standard_3d_pharmacophore,691,692.0
ZINCf5000001GWlM,standard_3d_pharmacophore,692,693.0
ZINCf50000009rEa,standard_3d_pharmacophore,693,694.0
ZINCf50000009nKD,standard_3d_pharmacophore,694,695.0
ZINCf50000009FqN,standard_3d_pharmacophore,695,696.0
ZINCf5000000ayjI,standard_3d_pharmacophore,696,697.0
ZINCf50000020M6r,standard_3d_pharmacophore,697,698.0
ZINCf50000008JNh,standard_3d_pharmacophore,698,699.0
ZINCf500000095Es,standard_3d_pharmacophore,699,700.0
ZINCf5000001NsFv,standard_3d_pharmacophore,700,701.0
ZINCf50000028TAZ,standard_3d_pharmacophore,701,702.0
ZINCf500000298RN,standard_3d_pharmacophore,702,703.0
ZINCf50000009wl5,standard_3d_pharmacophore,703,704.0
ZINCf50000008M9q,standard_3d_pharmacophore,704,705.0
ZINCf5000000Zu2h,standard_3d_pharmacophore,705,706.0
ZINCf5000000YbHL,standard_3d_pharmacophore,706,707.0
ZINCf5000000a1SU,standard_3d_pharmacophore,707,708.0
ZINCf5000000Zu2d,standard_3d_pharmacophore,708,709.0
ZINCf5000002rwnY,standard_3d_pharmacophore,709,710.0
ZINCf5000000954h,standard_3d_pharmacophore,710,711.0
ZINCf5000002rPJ6,standard_3d_pharmacophore,711,712.0
ZINCf500000180pq,standard_3d_pharmacophore,712,713.0
ZINCf50000009G8p,standard_3d_pharmacophore,713,714.0
ZINCf5000002e67Z,standard_3d_pharmacophore,714,715.0
ZINCf50000009UmZ,standard_3d_pharmacophore,715,716.0
ZINCf5000000Zw5U,standard_3d_pharmacophore,716,717.0
ZINCf5000002s518,standard_3d_pharmacophore,717,718.0
ZINCf50000009ff0,standard_3d_pharmacophore,718,719.0
ZINCf50000017L7N,standard_3d_pharmacophore,719,720.0
ZINCf50000009xh4,standard_3d_pharmacophore,720,721.0
ZINCf50000017QTY,standard_3d_pharmacophore,721,722.0
ZINCf50000017LKe,standard_3d_pharmacophore,722,723.0
ZINCf50000008X8n,standard_3d_pharmacophore,723,724.0
ZINCf5000002sbP5,standard_3d_pharmacophore,724,725.0
ZINCf50000018cDd,standard_3d_pharmacophore,725,726.0
ZINCf5000000ayob,standard_3d_pharmacophore,726,727.0
ZINCf50000009jv9,standard_3d_pharmacophore,727,728.0
ZINCf500000092CV,standard_3d_pharmacophore,728,729.0
ZINCf5000001orow,standard_3d_pharmacophore,729,730.0
ZINCf5000000ah8U,standard_3d_pharmacophore,730,731.0
ZINCf5000002aQII,standard_3d_pharmacophore,731,732.0
ZINCf5000000ZxOy,standard_3d_pharmacophore,732,733.0
ZINCf5000002rww3,standard_3d_pharmacophore,733,734.0
ZINCf5000002aOhX,standard_3d_pharmacophore,734,735.0
ZINCf5000000WBkB,standard_3d_pharmacophore,735,736.0
ZINCf50000008AXk,standard_3d_pharmacophore,736,737.0
ZINCf500000091Nx,standard_3d_pharmacophore,737,738.0
ZINCf5000002rirV,standard_3d_pharmacophore,738,739.0
ZINCf500000091Oq,standard_3d_pharmacophore,739,740.0
ZINCf5000003631Z,standard_3d_pharmacophore,740,741.0
ZINCf50000009Atr,standard_3d_pharmacophore,741,742.0
ZINCf5000000aabr,standard_3d_pharmacophore,742,743.0
ZINCf5000000S6dS,standard_3d_pharmacophore,743,744.0
ZINCf5000002d9tR,standard_3d_pharmacophore,744,745.0
ZINCf5000000az0S,standard_3d_pharmacophore,745,746.0
ZINCf50000017AwE,standard_3d_pharmacophore,746,747.0
ZINCf50000009Wf6,standard_3d_pharmacophore,747,748.0
ZINCf5000002oDwK,standard_3d_pharmacophore,748,749.0
ZINCf5000000adFn,standard_3d_pharmacophore,749,750.0
ZINCf5000002oGpf,standard_3d_pharmacophore,750,751.0
ZINCf5000000ah95,standard_3d_pharmacophore,751,752.0
ZINCf5000000ayno,standard_3d_pharmacophore,752,753.0
ZINCf50000017zxk,standard_3d_pharmacophore,753,754.0
ZINCf5000002qXze,standard_3d_pharmacophore,754,755.0
ZINCf50000026TVY,standard_3d_pharmacophore,755,756.0
ZINCf50000008TCr,standard_3d_pharmacophore,756,757.0
ZINCf5000001tldI,standard_3d_pharmacophore,757,758.0
ZINCf5000002aJ1f,standard_3d_pharmacophore,758,759.0
ZINCf5000000WC3b,standard_3d_pharmacophore,759,760.0
ZINCf5000002ryzB,standard_3d_pharmacophore,760,761.0
ZINCf50000009vXv,standard_3d_pharmacophore,761,762.0
ZINCf5000000S50h,standard_3d_pharmacophore,762,763.0
ZINCf50000008Zuj,standard_3d_pharmacophore,763,764.0
ZINCf50000017lUu,standard_3d_pharmacophore,764,765.0
ZINCf500000091MA,standard_3d_pharmacophore,765,766.0
ZINCf500000264ro,standard_3d_pharmacophore,766,767.0
ZINCf5000001oltJ,standard_3d_pharmacophore,767,768.0
ZINCf50000009KnW,standard_3d_pharmacophore,768,769.0
ZINCf50000009FaB,standard_3d_pharmacophore,769,770.0
ZINCf50000009GhK,standard_3d_pharmacophore,770,771.0
ZINCf50000009I7Z,standard_3d_pharmacophore,771,772.0
ZINCf5000002rPbO,standard_3d_pharmacophore,772,773.0
ZINCf50000008ZOS,standard_3d_pharmacophore,773,774.0
ZINCf5000000a5v3,standard_3d_pharmacophore,774,775.0
ZINCf50000008FOg,standard_3d_pharmacophore,775,776.0
ZINCf5000000aynr,standard_3d_pharmacophore,776,777.0
ZINCf50000008Hb1,standard_3d_pharmacophore,777,778.0
ZINCf50000009xfQ,standard_3d_pharmacophore,778,779.0
ZINCf50000009IV0,standard_3d_pharmacophore,779,780.0
ZINCf50000026fIa,standard_3d_pharmacophore,780,781.0
ZINCf50000025N7N,standard_3d_pharmacophore,781,782.0
ZINCf500000093f6,standard_3d_pharmacophore,782,783.0
ZINCf50000008NIw,standard_3d_pharmacophore,783,784.0
ZINCf5000002dr1y,standard_3d_pharmacophore,784,785.0
ZINCf5000002rCUc,standard_3d_pharmacophore,785,786.0
ZINCf50000009Xp6,standard_3d_pharmacophore,786,787.0
ZINCf50000009FgZ,standard_3d_pharmacophore,787,788.0
ZINCf5000002qyKY,standard_3d_pharmacophore,788,789.0
ZINCf50000017IY1,standard_3d_pharmacophore,789,790.0
ZINCf500000090Fj,standard_3d_pharmacophore,790,791.0
ZINCf50000017w8G,standard_3d_pharmacophore,791,792.0
ZINCf50000009MDr,standard_3d_pharmacophore,792,793.0
ZINCf5000000Zvca,standard_3d_pharmacophore,793,794.0
ZINCf500000098WC,standard_3d_pharmacophore,794,795.0
ZINCf50000009DqZ,standard_3d_pharmacophore,795,796.0
ZINCf50000017Mmp,standard_3d_pharmacophore,796,797.0
ZINCf5000002sbNq,standard_3d_pharmacophore,797,798.0
ZINCf500000369Ah,standard_3d_pharmacophore,798,799.0
ZINCf50000009pk4,standard_3d_pharmacophore,799,800.0
ZINCf50000009ZN0,standard_3d_pharmacophore,800,801.0
ZINCf5000002rJso,standard_3d_pharmacophore,801,802.0
ZINCf500000181pp,standard_3d_pharmacophore,802,803.0
ZINCf5000002r6Wu,standard_3d_pharmacophore,803,804.0
ZINCf50000018csw,standard_3d_pharmacophore,804,805.0
ZINCf50000009xgw,standard_3d_pharmacophore,805,806.0
ZINCf50000009nBd,standard_3d_pharmacophore,806,807.0
ZINCf5000000991p,standard_3d_pharmacophore,807,808.0
ZINCf5000002s5ZW,standard_3d_pharmacophore,808,809.0
ZINCf50000008UN0,standard_3d_pharmacophore,809,810.0
ZINCf50000009VPZ,standard_3d_pharmacophore,810,811.0
ZINCf5000002dCDa,standard_3d_pharmacophore,811,812.0
ZINCf50000009ZfR,standard_3d_pharmacophore,812,813.0
ZINCf5000002oGVW,standard_3d_pharmacophore,813,814.0
ZINCf50000008FwI,standard_3d_pharmacophore,814,815.0
ZINCf5000002mBX2,standard_3d_pharmacophore,815,816.0
ZINCf5000000SJTG,standard_3d_pharmacophore,816,817.0
ZINCf5000002r4WZ,standard_3d_pharmacophore,817,818.0
ZINCf50000009fiZ,standard_3d_pharmacophore,818,819.0
ZINCf50000009aAE,standard_3d_pharmacophore,819,820.0
ZINCf50000008VEJ,standard_3d_pharmacophore,820,821.0
ZINCf5000002qScL,standard_3d_pharmacophore,821,822.0
ZINCf5000002qTmJ,standard_3d_pharmacophore,822,823.0
ZINCf50000009fRA,standard_3d_pharmacophore,823,824.0
ZINCf50000028Fjg,standard_3d_pharmacophore,824,825.0
ZINCf5000002e9gI,standard_3d_pharmacophore,825,826.0
ZINCf50000009VbO,standard_3d_pharmacophore,826,827.0
ZINCf50000009tbw,standard_3d_pharmacophore,827,828.0
ZINCf5000000afnL,standard_3d_pharmacophore,828,829.0
ZINCf5000001s5yy,standard_3d_pharmacophore,829,830.0
ZINCf50000009xfn,standard_3d_pharmacophore,830,831.0
ZINCf5000000WBOU,standard_3d_pharmacophore,831,832.0
ZINCf50000008Cf4,standard_3d_pharmacophore,832,833.0
ZINCf50000024Jvt,standard_3d_pharmacophore,833,834.0
ZINCf50000009qWd,standard_3d_pharmacophore,834,835.0
ZINCf500000091GY,standard_3d_pharmacophore,835,836.0
ZINCf5000000WBLy,standard_3d_pharmacophore,836,837.0
ZINCf5000002rwmG,standard_3d_pharmacophore,837,838.0
CHEMBL2364384,standard_3d_pharmacophore,838,839.0
ZINCf5000002qJQ8,standard_3d_pharmacophore,839,840.0
ZINCf5000000a7OJ,standard_3d_pharmacophore,840,841.0
ZINCf5000002s633,standard_3d_pharmacophore,841,842.0
ZINCf5000002rTSa,standard_3d_pharmacophore,842,843.0
ZINCf50000009q9D,standard_3d_pharmacophore,843,844.0
ZINCf5000002eeL6,standard_3d_pharmacophore,844,845.0
ZINCf50000017wUV,standard_3d_pharmacophore,845,846.0
ZINCf5000000ZuDR,standard_3d_pharmacophore,846,847.0
ZINCf50000009JhA,standard_3d_pharmacophore,847,848.0
ZINCf5000002aTAV,standard_3d_pharmacophore,848,849.0
ZINCf50000009xOi,standard_3d_pharmacophore,849,850.0
ZINCf5000001JZvH,standard_3d_pharmacophore,850,851.0
ZINCf50000009uOA,standard_3d_pharmacophore,851,852.0
ZINCf5000002rwmk,standard_3d_pharmacophore,852,853.0
ZINCf50000009WqI,standard_3d_pharmacophore,853,854.0
ZINCf50000008UZR,standard_3d_pharmacophore,854,855.0
ZINCf50000009yxA,standard_3d_pharmacophore,855,856.0
ZINCf5000000a2uY,standard_3d_pharmacophore,856,857.0
ZINCf50000027uXI,standard_3d_pharmacophore,857,858.0
ZINCf5000000a7SK,standard_3d_pharmacophore,858,859.0
ZINCf50000008ExE,standard_3d_pharmacophore,859,860.0
ZINCf50000024mgd,standard_3d_pharmacophore,860,861.0
ZINCf5000002e3PG,standard_3d_pharmacophore,861,862.0
ZINCf5000000ay8s,standard_3d_pharmacophore,862,863.0
ZINCf5000000alBG,standard_3d_pharmacophore,863,864.0
ZINCf50000008OS9,standard_3d_pharmacophore,864,865.0
ZINCf50000017Iar,standard_3d_pharmacophore,865,866.0
ZINCf5000000S6ep,standard_3d_pharmacophore,866,867.0
ZINCf50000027pLc,standard_3d_pharmacophore,867,868.0
ZINCf5000000anCo,standard_3d_pharmacophore,868,869.0
ZINCf50000017oMB,standard_3d_pharmacophore,869,870.0
ZINCf5000002oGW4,standard_3d_pharmacophore,870,871.0
ZINCf50000009ZN1,standard_3d_pharmacophore,871,872.0
ZINCf50000026aGv,standard_3d_pharmacophore,872,873.0
ZINCf50000009fmr,standard_3d_pharmacophore,873,874.0
ZINCf5000000SJvO,standard_3d_pharmacophore,874,875.0
ZINCf50000024W6j,standard_3d_pharmacophore,875,876.0
ZINCf50000009mCW,standard_3d_pharmacophore,876,877.0
ZINCf5000001EG1K,standard_3d_pharmacophore,877,878.0
ZINCf50000009E1i,standard_3d_pharmacophore,878,879.0
ZINCf5000002ozaR,standard_3d_pharmacophore,879,880.0
ZINCf5000000Zr7a,standard_3d_pharmacophore,880,881.0
ZINCf50000027ie3,standard_3d_pharmacophore,881,882.0
ZINCf50000008FIr,standard_3d_pharmacophore,882,883.0
ZINCf50000017DqO,standard_3d_pharmacophore,883,884.0
ZINCf5000002r7nt,standard_3d_pharmacophore,884,885.0
ZINCf5000000Zrtg,standard_3d_pharmacophore,885,886.0
ZINCf5000000ZtK7,standard_3d_pharmacophore,886,887.0
ZINCf50000008TBt,standard_3d_pharmacophore,887,888.0
ZINCf5000000ZrMJ,standard_3d_pharmacophore,888,889.0
ZINCf50000023xoF,standard_3d_pharmacophore,889,890.0
ZINCf5000002rPcj,standard_3d_pharmacophore,890,891.0
ZINCf5000000ZrnM,standard_3d_pharmacophore,891,892.0
ZINCf5000002rF5w,standard_3d_pharmacophore,892,893.0
ZINCf5000002aOJy,standard_3d_pharmacophore,893,894.0
ZINCf500000093Bx,standard_3d_pharmacophore,894,895.0
ZINCf5000000ZwbF,standard_3d_pharmacophore,895,896.0
ZINCf5000002oDG4,standard_3d_pharmacophore,896,897.0
ZINCf50000008FMQ,standard_3d_pharmacophore,897,898.0
ZINCf5000002oH2n,standard_3d_pharmacophore,898,899.0
ZINCf50000009Auv,standard_3d_pharmacophore,899,900.0
ZINCf50000009mqe,standard_3d_pharmacophore,900,901.0
ZINCf50000018av9,standard_3d_pharmacophore,901,902.0
ZINCf50000009ZN2,standard_3d_pharmacophore,902,903.0
ZINCf5000000a9rH,standard_3d_pharmacophore,903,904.0
ZINCf5000002e5yG,standard_3d_pharmacophore,904,905.0
ZINCf50000009Hul,standard_3d_pharmacophore,905,906.0
ZINCf5000002mBX3,standard_3d_pharmacophore,906,907.0
ZINCf50000008PiM,standard_3d_pharmacophore,907,908.0
ZINCf5000002s5cv,standard_3d_pharmacophore,908,909.0
ZINCf5000002dEiR,standard_3d_pharmacophore,909,910.0
ZINCf50000008C8W,standard_3d_pharmacophore,910,911.0
ZINCf5000002qsk9,standard_3d_pharmacophore,911,912.0
ZINCf50000009pom,standard_3d_pharmacophore,912,913.0
ZINCf5000000adwF,standard_3d_pharmacophore,913,914.0
ZINCf50000009mco,standard_3d_pharmacophore,914,915.0
ZINCf50000009vTy,standard_3d_pharmacophore,915,916.0
ZINCf50000008V9F,standard_3d_pharmacophore,916,917.0
ZINCf50000017Cvl,standard_3d_pharmacophore,917,918.0
ZINCf50000008Am6,standard_3d_pharmacophore,918,919.0
ZINCf5000000ZyVd,standard_3d_pharmacophore,919,920.0
ZINCf50000026Kk6,standard_3d_pharmacophore,920,921.0
ZINCf5000002aUUy,standard_3d_pharmacophore,921,922.0
ZINCf50000008TBi,standard_3d_pharmacophore,922,923.0
ZINCf5000000agon,standard_3d_pharmacophore,923,924.0
ZINCf50000009umC,standard_3d_pharmacophore,924,925.0
ZINCf5000002s5O5,standard_3d_pharmacophore,925,926.0
ZINCf50000017Koq,standard_3d_pharmacophore,926,927.0
ZINCf5000000apS0,standard_3d_pharmacophore,927,928.0
ZINCf50000009H83,standard_3d_pharmacophore,928,929.0
ZINCf5000002e9gM,standard_3d_pharmacophore,929,930.0
ZINCf5000002rhiG,standard_3d_pharmacophore,930,931.0
ZINCf5000000anDg,standard_3d_pharmacophore,931,932.0
ZINCf5000002rtKl,standard_3d_pharmacophore,932,933.0
ZINCf500000091uF,standard_3d_pharmacophore,933,934.0
ZINCf50000008MUj,standard_3d_pharmacophore,934,935.0
ZINCf5000000adBr,standard_3d_pharmacophore,935,936.0
ZINCf5000002eaMl,standard_3d_pharmacophore,936,937.0
ZINCf50000018crf,standard_3d_pharmacophore,937,938.0
ZINCf5000002ecbn,standard_3d_pharmacophore,938,939.0
ZINCf5000002r5xX,standard_3d_pharmacophore,939,940.0
ZINCf50000009BWN,standard_3d_pharmacophore,940,941.0
ZINCf50000008HNm,standard_3d_pharmacophore,941,942.0
ZINCf5000002egdk,standard_3d_pharmacophore,942,943.0
ZINCf5000002rwnX,standard_3d_pharmacophore,943,944.0
ZINCf50000009oPu,standard_3d_pharmacophore,944,945.0
ZINCf50000009KPt,standard_3d_pharmacophore,945,946.0
ZINCf5000001B87A,standard_3d_pharmacophore,946,947.0
ZINCf50000009Whp,standard_3d_pharmacophore,947,948.0
ZINCf5000000Zyov,standard_3d_pharmacophore,948,949.0
ZINCf5000002dEB0,standard_3d_pharmacophore,949,950.0
ZINCf50000017QBg,standard_3d_pharmacophore,950,951.0
ZINCf5000002oDwM,standard_3d_pharmacophore,951,952.0
ZINCf50000027LhW,standard_3d_pharmacophore,952,953.0
ZINCf500000095wG,standard_3d_pharmacophore,953,954.0
ZINCf5000002e2jt,standard_3d_pharmacophore,954,955.0
ZINCf5000000ZtJJ,standard_3d_pharmacophore,955,956.0
ZINCf50000009wDl,standard_3d_pharmacophore,956,957.0
ZINCf50000008VE1,standard_3d_pharmacophore,957,958.0
ZINCf50000009Vki,standard_3d_pharmacophore,958,959.0
ZINCf50000008TJT,standard_3d_pharmacophore,959,960.0
ZINCf50000009AGv,standard_3d_pharmacophore,960,961.0
ZINCf5000000S6SM,standard_3d_pharmacophore,961,962.0
ZINCf50000008LMo,standard_3d_pharmacophore,962,963.0
ZINCf5000000aaE4,standard_3d_pharmacophore,963,964.0
ZINCf5000002e5Hf,standard_3d_pharmacophore,964,965.0
ZINCf50000009H33,standard_3d_pharmacophore,965,966.0
ZINCf5000002qYb3,standard_3d_pharmacophore,966,967.0
ZINCf50000009786,standard_3d_pharmacophore,967,968.0
ZINCf50000025AQY,standard_3d_pharmacophore,968,969.0
ZINCf50000009w1i,standard_3d_pharmacophore,969,970.0
ZINCf50000009VEB,standard_3d_pharmacophore,970,971.0
ZINCf50000009kHQ,standard_3d_pharmacophore,971,972.0
ZINCf5000002aFzV,standard_3d_pharmacophore,972,973.0
ZINCf5000000adyO,standard_3d_pharmacophore,973,974.0
ZINCf50000017Cvm,standard_3d_pharmacophore,974,975.0
ZINCf50000009SuH,standard_3d_pharmacophore,975,976.0
ZINCf5000002qWJa,standard_3d_pharmacophore,976,977.0
ZINCf50000017Pfy,standard_3d_pharmacophore,977,978.0
ZINCf5000002oDPK,standard_3d_pharmacophore,978,979.0
ZINCf5000002rPuS,standard_3d_pharmacophore,979,980.0
ZINCf5000000ZqVk,standard_3d_pharmacophore,980,981.0
ZINCf50000009IZK,standard_3d_pharmacophore,981,982.0
ZINCf50000009Z3e,standard_3d_pharmacophore,982,983.0
ZINCf5000000ZtGz,standard_3d_pharmacophore,983,984.0
ZINCf5000000ayEj,standard_3d_pharmacophore,984,985.0
ZINCf50000008VNR,standard_3d_pharmacophore,985,986.0
ZINCf5000002rCfp,standard_3d_pharmacophore,986,987.0
ZINCf5000002s8R4,standard_3d_pharmacophore,987,988.0
ZINCf5000002scy2,standard_3d_pharmacophore,988,989.0
ZINCf50000017rHe,standard_3d_pharmacophore,989,990.0
ZINCf50000009G31,standard_3d_pharmacophore,990,991.0
ZINCf50000017I9E,standard_3d_pharmacophore,991,992.0
ZINCf50000009ACo,standard_3d_pharmacophore,992,993.0
ZINCf5000002dT8U,standard_3d_pharmacophore,993,994.0
ZINCf5000000aiLb,standard_3d_pharmacophore,994,995.0
ZINCf50000009Gv0,standard_3d_pharmacophore,995,996.0
ZINCf5000002rbnf,standard_3d_pharmacophore,996,997.0
ZINCf5000002rkic,standard_3d_pharmacophore,997,998.0
ZINCf5000001876r,standard_3d_pharmacophore,998,999.0
ZINCf5000002mF31,standard_3d_pharmacophore,999,1000.0
ZINCf500000092wo,standard_3d_pharmacophore,1000,1001.0
ZINCf50000008WR0,standard_3d_pharmacophore,1001,1002.0
ZINCf500000098P6,standard_3d_pharmacophore,1002,1003.0
ZINCf5000000Zx5d,standard_3d_pharmacophore,1003,1004.0
ZINCf50000009NGH,standard_3d_pharmacophore,1004,1005.0
ZINCf50000017y0Q,standard_3d_pharmacophore,1005,1006.0
ZINCf5000000ah8Z,standard_3d_pharmacophore,1006,1007.0
ZINCf5000000ar00,standard_3d_pharmacophore,1007,1008.0
ZINCf5000002rBny,standard_3d_pharmacophore,1008,1009.0
ZINCf5000000a175,standard_3d_pharmacophore,1009,1010.0
ZINCf5000002e9FR,standard_3d_pharmacophore,1010,1011.0
ZINCf50000026R7L,standard_3d_pharmacophore,1011,1012.0
ZINCf5000002aLHF,standard_3d_pharmacophore,1012,1013.0
ZINCf500000091Nd,standard_3d_pharmacophore,1013,1014.0
ZINCf5000000WBgI,standard_3d_pharmacophore,1014,1015.0
ZINCf5000000991l,standard_3d_pharmacophore,1015,1016.0
ZINCf5000000az2d,standard_3d_pharmacophore,1016,1017.0
ZINCf5000001o2sM,standard_3d_pharmacophore,1017,1018.0
ZINCf50000009yXR,standard_3d_pharmacophore,1018,1019.0
ZINCf5000002dQug,standard_3d_pharmacophore,1019,1020.0
ZINCf500000182My,standard_3d_pharmacophore,1020,1021.0
ZINCf50000029rP9,standard_3d_pharmacophore,1021,1022.0
ZINCf50000009vcl,standard_3d_pharmacophore,1022,1023.0
ZINCf5000002aiVi,standard_3d_pharmacophore,1023,1024.0
ZINCf50000017ysP,standard_3d_pharmacophore,1024,1025.0
ZINCf50000017Paj,standard_3d_pharmacophore,1025,1026.0
ZINCf500000091Oj,standard_3d_pharmacophore,1026,1027.0
ZINCf5000002myC0,standard_3d_pharmacophore,1027,1028.0
ZINCf50000009LQU,standard_3d_pharmacophore,1028,1029.0
ZINCf50000017oPJ,standard_3d_pharmacophore,1029,1030.0
ZINCf50000009GM5,standard_3d_pharmacophore,1030,1031.0
ZINCf50000008IFZ,standard_3d_pharmacophore,1031,1032.0
ZINCf500000181yj,standard_3d_pharmacophore,1032,1033.0
ZINCf5000002aNBR,standard_3d_pharmacophore,1033,1034.0
ZINCf50000017Bhj,standard_3d_pharmacophore,1034,1035.0
ZINCf5000002s5p1,standard_3d_pharmacophore,1035,1036.0
ZINCf5000002ovoC,standard_3d_pharmacophore,1036,1037.0
ZINCf5000002rvPA,standard_3d_pharmacophore,1037,1038.0
ZINCf50000008RBE,standard_3d_pharmacophore,1038,1039.0
ZINCf5000001q6o8,standard_3d_pharmacophore,1039,1040.0
ZINCf50000017yd7,standard_3d_pharmacophore,1040,1041.0
ZINCf50000009Vap,standard_3d_pharmacophore,1041,1042.0
ZINCf5000002akKL,standard_3d_pharmacophore,1042,1043.0
ZINCf50000023g4Q,standard_3d_pharmacophore,1043,1044.0
ZINCf5000001EKgL,standard_3d_pharmacophore,1044,1045.0
ZINCf5000000SMpn,standard_3d_pharmacophore,1045,1046.0
ZINCf5000000ZqV6,standard_3d_pharmacophore,1046,1047.0
ZINCf5000000aiGH,standard_3d_pharmacophore,1047,1048.0
ZINCf5000000S5Vn,standard_3d_pharmacophore,1048,1049.0
ZINCf50000009K4S,standard_3d_pharmacophore,1049,1050.0
ZINCf50000009adV,standard_3d_pharmacophore,1050,1051.0
ZINCf500000099zH,standard_3d_pharmacophore,1051,1052.0
ZINCf5000000VnyO,standard_3d_pharmacophore,1052,1053.0
ZINCf50000008THe,standard_3d_pharmacophore,1053,1054.0
ZINCf50000008I22,standard_3d_pharmacophore,1054,1055.0
ZINCf50000018473,standard_3d_pharmacophore,1055,1056.0
ZINCf500000181p5,standard_3d_pharmacophore,1056,1057.0
ZINCf5000002aQgY,standard_3d_pharmacophore,1057,1058.0
ZINCf5000000ajsf,standard_3d_pharmacophore,1058,1059.0
ZINCf5000000abwH,standard_3d_pharmacophore,1059,1060.0
ZINCf5000001zmj8,standard_3d_pharmacophore,1060,1061.0
ZINCf50000009MEx,standard_3d_pharmacophore,1061,1062.0
ZINCf5000000anM6,standard_3d_pharmacophore,1062,1063.0
ZINCf50000024pu6,standard_3d_pharmacophore,1063,1064.0
ZINCf50000008LfV,standard_3d_pharmacophore,1064,1065.0
ZINCf500000097qF,standard_3d_pharmacophore,1065,1066.0
ZINCf5000002s1mZ,standard_3d_pharmacophore,1066,1067.0
ZINCf50000009LOw,standard_3d_pharmacophore,1067,1068.0
ZINCf50000017CxM,standard_3d_pharmacophore,1068,1069.0
ZINCf5000002aNWH,standard_3d_pharmacophore,1069,1070.0
ZINCf5000000928Y,standard_3d_pharmacophore,1070,1071.0
ZINCf5000000Zt87,standard_3d_pharmacophore,1071,1072.0
ZINCf50000008OyQ,standard_3d_pharmacophore,1072,1073.0
ZINCf5000001u1ZB,standard_3d_pharmacophore,1073,1074.0
ZINCf50000009unZ,standard_3d_pharmacophore,1074,1075.0
ZINCf5000002oxrW,standard_3d_pharmacophore,1075,1076.0
ZINCf500000091Pd,standard_3d_pharmacophore,1076,1077.0
ZINCf5000002oHXh,standard_3d_pharmacophore,1077,1078.0
ZINCf5000000adVD,standard_3d_pharmacophore,1078,1079.0
ZINCf5000002rxRE,standard_3d_pharmacophore,1079,1080.0
ZINCf5000000ZqhC,standard_3d_pharmacophore,1080,1081.0
ZINCf50000008XCI,standard_3d_pharmacophore,1081,1082.0
ZINCf50000009ZuU,standard_3d_pharmacophore,1082,1083.0
ZINCf5000002s8Mb,standard_3d_pharmacophore,1083,1084.0
ZINCf5000000YaMm,standard_3d_pharmacophore,1084,1085.0
ZINCf50000009ukr,standard_3d_pharmacophore,1085,1086.0
ZINCf50000028m4y,standard_3d_pharmacophore,1086,1087.0
ZINCf5000000ZsM6,standard_3d_pharmacophore,1087,1088.0
ZINCf5000001DljD,standard_3d_pharmacophore,1088,1089.0
ZINCf5000002qKV6,standard_3d_pharmacophore,1089,1090.0
ZINCf50000029JWM,standard_3d_pharmacophore,1090,1091.0
ZINCf50000009yuU,standard_3d_pharmacophore,1091,1092.0
ZINCf500000289Ri,standard_3d_pharmacophore,1092,1093.0
ZINCf5000000ZynH,standard_3d_pharmacophore,1093,1094.0
ZINCf50000009GCK,standard_3d_pharmacophore,1094,1095.0
ZINCf50000009uIn,standard_3d_pharmacophore,1095,1096.0
ZINCf50000008NtD,standard_3d_pharmacophore,1096,1097.0
ZINCf5000000ax0K,standard_3d_pharmacophore,1097,1098.0
ZINCf5000000ausn,standard_3d_pharmacophore,1098,1099.0
ZINCf5000002oHS3,standard_3d_pharmacophore,1099,1100.0
ZINCf50000009ngG,standard_3d_pharmacophore,1100,1101.0
ZINCf50000009YHp,standard_3d_pharmacophore,1101,1102.0
ZINCf5000000afob,standard_3d_pharmacophore,1102,1103.0
ZINCf50000029Eu8,standard_3d_pharmacophore,1103,1104.0
ZINCf50000024K4O,standard_3d_pharmacophore,1104,1105.0
ZINCf5000002dtlt,standard_3d_pharmacophore,1105,1106.0
ZINCf50000027dk3,standard_3d_pharmacophore,1106,1107.0
ZINCf5000000ax0J,standard_3d_pharmacophore,1107,1108.0
ZINCf50000009nMr,standard_3d_pharmacophore,1108,1109.0
ZINCf5000002e1D9,standard_3d_pharmacophore,1109,1110.0
ZINCf500000091xp,standard_3d_pharmacophore,1110,1111.0
ZINCf50000009cVJ,standard_3d_pharmacophore,1111,1112.0
ZINCf5000000Zsbf,standard_3d_pharmacophore,1112,1113.0
ZINCf50000017Phe,standard_3d_pharmacophore,1113,1114.0
ZINCf5000000ajrV,standard_3d_pharmacophore,1114,1115.0
ZINCf5000002qZ68,standard_3d_pharmacophore,1115,1116.0
ZINCf5000002r9MU,standard_3d_pharmacophore,1116,1117.0
ZINCf5000000af4R,standard_3d_pharmacophore,1117,1118.0
ZINCf50000009GZn,standard_3d_pharmacophore,1118,1119.0
ZINCf5000002rqT9,standard_3d_pharmacophore,1119,1120.0
ZINCf5000000973N,standard_3d_pharmacophore,1120,1121.0
ZINCf5000000ZrAL,standard_3d_pharmacophore,1121,1122.0
ZINCf50000009BRP,standard_3d_pharmacophore,1122,1123.0
ZINCf5000000abPV,standard_3d_pharmacophore,1123,1124.0
ZINCf5000000a5M3,standard_3d_pharmacophore,1124,1125.0
ZINCf50000008FHI,standard_3d_pharmacophore,1125,1126.0
ZINCf5000002s5Dp,standard_3d_pharmacophore,1126,1127.0
ZINCf500000090Sz,standard_3d_pharmacophore,1127,1128.0
ZINCf50000009GuR,standard_3d_pharmacophore,1128,1129.0
ZINCf5000001nMZ6,standard_3d_pharmacophore,1129,1130.0
ZINCf50000009KUf,standard_3d_pharmacophore,1130,1131.0
ZINCf5000002s92p,standard_3d_pharmacophore,1131,1132.0
ZINCf5000000a95c,standard_3d_pharmacophore,1132,1133.0
ZINCf50000009GYy,standard_3d_pharmacophore,1133,1134.0
ZINCf50000008Ouu,standard_3d_pharmacophore,1134,1135.0
ZINCf5000000S6dV,standard_3d_pharmacophore,1135,1136.0
ZINCf5000002dZmD,standard_3d_pharmacophore,1136,1137.0
ZINCf5000000S6eu,standard_3d_pharmacophore,1137,1138.0
ZINCf5000002dDKq,standard_3d_pharmacophore,1138,1139.0
ZINCf5000002ruYW,standard_3d_pharmacophore,1139,1140.0
ZINCf5000002rTzZ,standard_3d_pharmacophore,1140,1141.0
ZINCf50000025HUM,standard_3d_pharmacophore,1141,1142.0
ZINCf5000001Lr3T,standard_3d_pharmacophore,1142,1143.0
ZINCf5000002aShv,standard_3d_pharmacophore,1143,1144.0
ZINCf50000017UTh,standard_3d_pharmacophore,1144,1145.0
ZINCf50000009Hem,standard_3d_pharmacophore,1145,1146.0
ZINCf5000002qWtE,standard_3d_pharmacophore,1146,1147.0
ZINCf500000099zV,standard_3d_pharmacophore,1147,1148.0
ZINCf50000017nBf,standard_3d_pharmacophore,1148,1149.0
ZINCf5000002aUh6,standard_3d_pharmacophore,1149,1150.0
ZINCf5000000S77D,standard_3d_pharmacophore,1150,1151.0
ZINCf5000000Vnas,standard_3d_pharmacophore,1151,1152.0
ZINCf5000002aO9D,standard_3d_pharmacophore,1152,1153.0
ZINCf5000002oyZY,standard_3d_pharmacophore,1153,1154.0
ZINCf5000001Vb6y,standard_3d_pharmacophore,1154,1155.0
ZINCf5000002aVF7,standard_3d_pharmacophore,1155,1156.0
ZINCf5000000Vl4Z,standard_3d_pharmacophore,1156,1157.0
ZINCf5000002rpdt,standard_3d_pharmacophore,1157,1158.0
ZINCf50000009Hhg,standard_3d_pharmacophore,1158,1159.0
ZINCf5000002rLkD,standard_3d_pharmacophore,1159,1160.0
ZINCf50000017li6,standard_3d_pharmacophore,1160,1161.0
ZINCf50000009BRA,standard_3d_pharmacophore,1161,1162.0
ZINCf50000009VEy,standard_3d_pharmacophore,1162,1163.0
ZINCf5000002dABX,standard_3d_pharmacophore,1163,1164.0
ZINCf50000017lbD,standard_3d_pharmacophore,1164,1165.0
ZINCf5000000Vlgo,standard_3d_pharmacophore,1165,1166.0
ZINCf50000017pBj,standard_3d_pharmacophore,1166,1167.0
ZINCf50000024FMA,standard_3d_pharmacophore,1167,1168.0
ZINCf5000002s8Rz,standard_3d_pharmacophore,1168,1169.0
ZINCf50000009ou6,standard_3d_pharmacophore,1169,1170.0
ZINCf50000017L9C,standard_3d_pharmacophore,1170,1171.0
ZINCf50000008GsK,standard_3d_pharmacophore,1171,1172.0
ZINCf50000008CZN,standard_3d_pharmacophore,1172,1173.0
ZINCf5000002qXx0,standard_3d_pharmacophore,1173,1174.0
ZINCf5000000VZ2K,standard_3d_pharmacophore,1174,1175.0
ZINCf500000188GP,standard_3d_pharmacophore,1175,1176.0
ZINCf5000002ovYd,standard_3d_pharmacophore,1176,1177.0
ZINCf500000097EY,standard_3d_pharmacophore,1177,1178.0
ZINCf50000009skC,standard_3d_pharmacophore,1178,1179.0
ZINCf5000002e8Wx,standard_3d_pharmacophore,1179,1180.0
ZINCf50000009aLu,standard_3d_pharmacophore,1180,1181.0
ZINCf5000000907Z,standard_3d_pharmacophore,1181,1182.0
ZINCf50000008TKQ,standard_3d_pharmacophore,1182,1183.0
ZINCf5000002eaMn,standard_3d_pharmacophore,1183,1184.0
ZINCf5000002anJ3,standard_3d_pharmacophore,1184,1185.0
ZINCf50000008XCv,standard_3d_pharmacophore,1185,1186.0
ZINCf5000000ad3r,standard_3d_pharmacophore,1186,1187.0
ZINCf50000009HiG,standard_3d_pharmacophore,1187,1188.0
ZINCf500000096Ym,standard_3d_pharmacophore,1188,1189.0
ZINCf5000001ERk8,standard_3d_pharmacophore,1189,1190.0
ZINCf50000009vTX,standard_3d_pharmacophore,1190,1191.0
ZINCf50000009dtJ,standard_3d_pharmacophore,1191,1192.0
ZINCf50000008Ecd,standard_3d_pharmacophore,1192,1193.0
ZINCf5000000alCq,standard_3d_pharmacophore,1193,1194.0
ZINCf50000017O4K,standard_3d_pharmacophore,1194,1195.0
ZINCf5000002rPch,standard_3d_pharmacophore,1195,1196.0
ZINCf5000002aUZH,standard_3d_pharmacophore,1196,1197.0
ZINCf5000002dR3M,standard_3d_pharmacophore,1197,1198.0
ZINCf50000017nnL,standard_3d_pharmacophore,1198,1199.0
ZINCf5000000ZtEi,standard_3d_pharmacophore,1199,1200.0
ZINCf50000026oVS,standard_3d_pharmacophore,1200,1201.0
ZINCf50000008TsN,standard_3d_pharmacophore,1201,1202.0
ZINCf5000002dR3L,standard_3d_pharmacophore,1202,1203.0
ZINCf5000000ZqIi,standard_3d_pharmacophore,1203,1204.0
ZINCf50000009Csh,standard_3d_pharmacophore,1204,1205.0
ZINCf5000002eaNb,standard_3d_pharmacophore,1205,1206.0
ZINCf50000017AHc,standard_3d_pharmacophore,1206,1207.0
ZINCf5000000akfl,standard_3d_pharmacophore,1207,1208.0
ZINCf50000009GW9,standard_3d_pharmacophore,1208,1209.0
ZINCf5000002dOKa,standard_3d_pharmacophore,1209,1210.0
ZINCf50000025mDa,standard_3d_pharmacophore,1210,1211.0
ZINCf500000097Bo,standard_3d_pharmacophore,1211,1212.0
ZINCf50000017BD3,standard_3d_pharmacophore,1212,1213.0
ZINCf50000017mY8,standard_3d_pharmacophore,1213,1214.0
ZINCf50000008CuI,standard_3d_pharmacophore,1214,1215.0
ZINCf5000000Zr5s,standard_3d_pharmacophore,1215,1216.0
ZINCf5000000YbJI,standard_3d_pharmacophore,1216,1217.0
ZINCf5000002s1F2,standard_3d_pharmacophore,1217,1218.0
ZINCf50000008T0f,standard_3d_pharmacophore,1218,1219.0
ZINCf50000008Xqj,standard_3d_pharmacophore,1219,1220.0
ZINCf5000000ZtIG,standard_3d_pharmacophore,1220,1221.0
ZINCf50000009cLm,standard_3d_pharmacophore,1221,1222.0
ZINCf5000002qzk4,standard_3d_pharmacophore,1222,1223.0
ZINCf5000002efRu,standard_3d_pharmacophore,1223,1224.0
ZINCf5000002oC09,standard_3d_pharmacophore,1224,1225.0
ZINCf5000000S5sX,standard_3d_pharmacophore,1225,1226.0
ZINCf500000094Gt,standard_3d_pharmacophore,1226,1227.0
ZINCf50000017P7h,standard_3d_pharmacophore,1227,1228.0
ZINCf500000091vd,standard_3d_pharmacophore,1228,1229.0
ZINCf5000002qYlI,standard_3d_pharmacophore,1229,1230.0
ZINCf50000017zaD,standard_3d_pharmacophore,1230,1231.0
ZINCf5000002qAux,standard_3d_pharmacophore,1231,1232.0
ZINCf5000000WARm,standard_3d_pharmacophore,1232,1233.0
ZINCf5000002efRw,standard_3d_pharmacophore,1233,1234.0
ZINCf50000017PmQ,standard_3d_pharmacophore,1234,1235.0
ZINCf5000000axdP,standard_3d_pharmacophore,1235,1236.0
ZINCf5000000ZwTM,standard_3d_pharmacophore,1236,1237.0
ZINCf5000002rwuK,standard_3d_pharmacophore,1237,1238.0
ZINCf5000002aK4C,standard_3d_pharmacophore,1238,1239.0
ZINCf50000028kMc,standard_3d_pharmacophore,1239,1240.0
ZINCf5000000a163,standard_3d_pharmacophore,1240,1241.0
ZINCf500000187Mb,standard_3d_pharmacophore,1241,1242.0
ZINCf50000008PQx,standard_3d_pharmacophore,1242,1243.0
ZINCf5000002dgL1,standard_3d_pharmacophore,1243,1244.0
ZINCf5000002r2Mg,standard_3d_pharmacophore,1244,1245.0
ZINCf50000017oS1,standard_3d_pharmacophore,1245,1246.0
ZINCf50000018csP,standard_3d_pharmacophore,1246,1247.0
ZINCf5000002qWIY,standard_3d_pharmacophore,1247,1248.0
ZINCf5000000a4T0,standard_3d_pharmacophore,1248,1249.0
ZINCf50000017Als,standard_3d_pharmacophore,1249,1250.0
ZINCf50000009q0n,standard_3d_pharmacophore,1250,1251.0
ZINCf50000009adX,standard_3d_pharmacophore,1251,1252.0
ZINCf50000009K3m,standard_3d_pharmacophore,1252,1253.0
ZINCf5000000apRj,standard_3d_pharmacophore,1253,1254.0
ZINCf5000000Vn0F,standard_3d_pharmacophore,1254,1255.0
ZINCf5000002oFZU,standard_3d_pharmacophore,1255,1256.0
ZINCf50000009Aos,standard_3d_pharmacophore,1256,1257.0
ZINCf5000002rhyC,standard_3d_pharmacophore,1257,1258.0
ZINCf5000000aluA,standard_3d_pharmacophore,1258,1259.0
ZINCf5000000aoGp,standard_3d_pharmacophore,1259,1260.0
ZINCf5000000ZthQ,standard_3d_pharmacophore,1260,1261.0
ZINCf5000000ZqmL,standard_3d_pharmacophore,1261,1262.0
ZINCf5000000VZpD,standard_3d_pharmacophore,1262,1263.0
ZINCf5000001omOP,standard_3d_pharmacophore,1263,1264.0
ZINCf5000002rLMQ,standard_3d_pharmacophore,1264,1265.0
ZINCf5000002raVV,standard_3d_pharmacophore,1265,1266.0
ZINCf5000002rpfR,standard_3d_pharmacophore,1266,1267.0
ZINCf50000009srB,standard_3d_pharmacophore,1267,1268.0
ZINCf50000017sPR,standard_3d_pharmacophore,1268,1269.0
ZINCf50000009AFd,standard_3d_pharmacophore,1269,1270.0
ZINCf50000028sZv,standard_3d_pharmacophore,1270,1271.0
ZINCf5000002dVVM,standard_3d_pharmacophore,1271,1272.0
ZINCf50000028xRY,standard_3d_pharmacophore,1272,1273.0
ZINCf5000000a86K,standard_3d_pharmacophore,1273,1274.0
ZINCf5000002aK4D,standard_3d_pharmacophore,1274,1275.0
ZINCf5000002dGzu,standard_3d_pharmacophore,1275,1276.0
ZINCf50000017xU1,standard_3d_pharmacophore,1276,1277.0
ZINCf500000090bu,standard_3d_pharmacophore,1277,1278.0
ZINCf5000000a5MP,standard_3d_pharmacophore,1278,1279.0
ZINCf50000009duI,standard_3d_pharmacophore,1279,1280.0
ZINCf50000009GDl,standard_3d_pharmacophore,1280,1281.0
ZINCf50000009H3G,standard_3d_pharmacophore,1281,1282.0
ZINCf50000009SC2,standard_3d_pharmacophore,1282,1283.0
ZINCf50000009Dr1,standard_3d_pharmacophore,1283,1284.0
ZINCf5000000YaUz,standard_3d_pharmacophore,1284,1285.0
ZINCf5000002dkCv,standard_3d_pharmacophore,1285,1286.0
ZINCf5000002rKfe,standard_3d_pharmacophore,1286,1287.0
ZINCf500000185b7,standard_3d_pharmacophore,1287,1288.0
ZINCf5000002raed,standard_3d_pharmacophore,1288,1289.0
ZINCf50000017P8f,standard_3d_pharmacophore,1289,1290.0
ZINCf50000009mPy,standard_3d_pharmacophore,1290,1291.0
ZINCf50000008HSg,standard_3d_pharmacophore,1291,1292.0
ZINCf500000093K2,standard_3d_pharmacophore,1292,1293.0
ZINCf5000002rE6b,standard_3d_pharmacophore,1293,1294.0
ZINCf5000000VnwQ,standard_3d_pharmacophore,1294,1295.0
ZINCf50000028BzT,standard_3d_pharmacophore,1295,1296.0
ZINCf5000002rDJg,standard_3d_pharmacophore,1296,1297.0
ZINCf5000002s7Vj,standard_3d_pharmacophore,1297,1298.0
ZINCf5000001T2qF,standard_3d_pharmacophore,1298,1299.0
ZINCf5000002oGS6,standard_3d_pharmacophore,1299,1300.0
ZINCf5000002rd6l,standard_3d_pharmacophore,1300,1301.0
ZINCf5000002rCnp,standard_3d_pharmacophore,1301,1302.0
ZINCf5000002dWU3,standard_3d_pharmacophore,1302,1303.0
ZINCf50000009enC,standard_3d_pharmacophore,1303,1304.0
ZINCf500000184jK,standard_3d_pharmacophore,1304,1305.0
ZINCf5000002rwQi,standard_3d_pharmacophore,1305,1306.0
ZINCf500000255IB,standard_3d_pharmacophore,1306,1307.0
ZINCf5000002qGr6,standard_3d_pharmacophore,1307,1308.0
ZINCf5000000YbXu,standard_3d_pharmacophore,1308,1309.0
ZINCf500000181p7,standard_3d_pharmacophore,1309,1310.0
ZINCf50000009nAl,standard_3d_pharmacophore,1310,1311.0
ZINCf5000002aFsq,standard_3d_pharmacophore,1311,1312.0
ZINCf5000002oHi8,standard_3d_pharmacophore,1312,1313.0
ZINCf5000002rhHt,standard_3d_pharmacophore,1313,1314.0
ZINCf5000001BDIX,standard_3d_pharmacophore,1314,1315.0
ZINCf50000008UKF,standard_3d_pharmacophore,1315,1316.0
ZINCf50000026Sqy,standard_3d_pharmacophore,1316,1317.0
ZINCf50000009082,standard_3d_pharmacophore,1317,1318.0
ZINCf5000002aFBR,standard_3d_pharmacophore,1318,1319.0
ZINCf50000008Hcy,standard_3d_pharmacophore,1319,1320.0
ZINCf500000094Ml,standard_3d_pharmacophore,1320,1321.0
ZINCf50000009du3,standard_3d_pharmacophore,1321,1322.0
ZINCf50000008VLK,standard_3d_pharmacophore,1322,1323.0
ZINCf50000009oVw,standard_3d_pharmacophore,1323,1324.0
ZINCf50000009GYA,standard_3d_pharmacophore,1324,1325.0
ZINCf5000002rXFD,standard_3d_pharmacophore,1325,1326.0
ZINCf50000009cQd,standard_3d_pharmacophore,1326,1327.0
ZINCf5000002quBj,standard_3d_pharmacophore,1327,1328.0
ZINCf500000092mW,standard_3d_pharmacophore,1328,1329.0
ZINCf5000000VZgr,standard_3d_pharmacophore,1329,1330.0
ZINCf50000009quY,standard_3d_pharmacophore,1330,1331.0
ZINCf50000017unS,standard_3d_pharmacophore,1331,1332.0
ZINCf5000002qS7h,standard_3d_pharmacophore,1332,1333.0
ZINCf5000002rNed,standard_3d_pharmacophore,1333,1334.0
ZINCf50000017BDb,standard_3d_pharmacophore,1334,1335.0
ZINCf50000024KGa,standard_3d_pharmacophore,1335,1336.0
ZINCf5000001Vzqp,standard_3d_pharmacophore,1336,1337.0
ZINCf5000001obOn,standard_3d_pharmacophore,1337,1338.0
ZINCf5000002raZH,standard_3d_pharmacophore,1338,1339.0
ZINCf5000000aluW,standard_3d_pharmacophore,1339,1340.0
ZINCf5000002eau9,standard_3d_pharmacophore,1340,1341.0
ZINCf500000240X9,standard_3d_pharmacophore,1341,1342.0
ZINCf5000000adVE,standard_3d_pharmacophore,1342,1343.0
ZINCf5000000VZ3N,standard_3d_pharmacophore,1343,1344.0
ZINCf5000000Vl6O,standard_3d_pharmacophore,1344,1345.0
ZINCf50000024NXI,standard_3d_pharmacophore,1345,1346.0
ZINCf5000002dfWu,standard_3d_pharmacophore,1346,1347.0
ZINCf5000002shQH,standard_3d_pharmacophore,1347,1348.0
ZINCf5000000axbK,standard_3d_pharmacophore,1348,1349.0
ZINCf50000009Get,standard_3d_pharmacophore,1349,1350.0
ZINCf5000002rBsy,standard_3d_pharmacophore,1350,1351.0
ZINCf5000002rBmW,standard_3d_pharmacophore,1351,1352.0
ZINCf5000002rjEl,standard_3d_pharmacophore,1352,1353.0
ZINCf5000002doBS,standard_3d_pharmacophore,1353,1354.0
ZINCf5000000ZrwO,standard_3d_pharmacophore,1354,1355.0
ZINCf5000002dWc0,standard_3d_pharmacophore,1355,1356.0
ZINCf5000001J0ET,standard_3d_pharmacophore,1356,1357.0
ZINCf5000002qsQM,standard_3d_pharmacophore,1357,1358.0
ZINCf5000000VZps,standard_3d_pharmacophore,1358,1359.0
ZINCf50000017PN7,standard_3d_pharmacophore,1359,1360.0
ZINCf50000017Pd0,standard_3d_pharmacophore,1360,1361.0
ZINCf50000009HoE,standard_3d_pharmacophore,1361,1362.0
ZINCf5000002mHDq,standard_3d_pharmacophore,1362,1363.0
ZINCf500000185xt,standard_3d_pharmacophore,1363,1364.0
ZINCf50000008Gvh,standard_3d_pharmacophore,1364,1365.0
ZINCf5000002rgT2,standard_3d_pharmacophore,1365,1366.0
ZINCf50000009GiE,standard_3d_pharmacophore,1366,1367.0
ZINCf5000002rBHF,standard_3d_pharmacophore,1367,1368.0
ZINCf50000017Bb3,standard_3d_pharmacophore,1368,1369.0
ZINCf50000017mHI,standard_3d_pharmacophore,1369,1370.0
ZINCf5000002eeo2,standard_3d_pharmacophore,1370,1371.0
ZINCf5000002sjtc,standard_3d_pharmacophore,1371,1372.0
ZINCf50000008TDx,standard_3d_pharmacophore,1372,1373.0
ZINCf5000000Zrrq,standard_3d_pharmacophore,1373,1374.0
ZINCf50000017lhW,standard_3d_pharmacophore,1374,1375.0
ZINCf5000000ZwYF,standard_3d_pharmacophore,1375,1376.0
ZINCf50000008ZU0,standard_3d_pharmacophore,1376,1377.0
ZINCf5000001RO6f,standard_3d_pharmacophore,1377,1378.0
ZINCf5000002e5Gl,standard_3d_pharmacophore,1378,1379.0
ZINCf5000000Zx5j,standard_3d_pharmacophore,1379,1380.0
ZINCf50000017Lpp,standard_3d_pharmacophore,1380,1381.0
ZINCf5000002reVR,standard_3d_pharmacophore,1381,1382.0
ZINCf50000017M4H,standard_3d_pharmacophore,1382,1383.0
ZINCf5000000a4Q2,standard_3d_pharmacophore,1383,1384.0
ZINCf5000000axlu,standard_3d_pharmacophore,1384,1385.0
ZINCf5000000VmFi,standard_3d_pharmacophore,1385,1386.0
ZINCf50000017M4F,standard_3d_pharmacophore,1386,1387.0
ZINCf50000017mxq,standard_3d_pharmacophore,1387,1388.0
ZINCf5000002oA2C,standard_3d_pharmacophore,1388,1389.0
ZINCf5000002s8fr,standard_3d_pharmacophore,1389,1390.0
ZINCf5000002aKDa,standard_3d_pharmacophore,1390,1391.0
ZINCf50000009HLj,standard_3d_pharmacophore,1391,1392.0
ZINCf5000000SJTu,standard_3d_pharmacophore,1392,1393.0
ZINCf500000090a2,standard_3d_pharmacophore,1393,1394.0
ZINCf50000009uLm,standard_3d_pharmacophore,1394,1395.0
ZINCf50000009H08,standard_3d_pharmacophore,1395,1396.0
ZINCf5000002rkb9,standard_3d_pharmacophore,1396,1397.0
ZINCf5000001x1Ao,standard_3d_pharmacophore,1397,1398.0
ZINCf5000002aPzJ,standard_3d_pharmacophore,1398,1399.0
ZINCf5000002dSI8,standard_3d_pharmacophore,1399,1400.0
ZINCf5000001E9fQ,standard_3d_pharmacophore,1400,1401.0
ZINCf5000002sbOp,standard_3d_pharmacophore,1401,1402.0
ZINCf50000008OCa,standard_3d_pharmacophore,1402,1403.0
ZINCf50000009FbN,standard_3d_pharmacophore,1403,1404.0
ZINCf50000009GTU,standard_3d_pharmacophore,1404,1405.0
ZINCf500000093JF,standard_3d_pharmacophore,1405,1406.0
ZINCf5000000akN8,standard_3d_pharmacophore,1406,1407.0
ZINCf5000000a8K6,standard_3d_pharmacophore,1407,1408.0
ZINCf50000009GAN,standard_3d_pharmacophore,1408,1409.0
ZINCf50000017HMG,standard_3d_pharmacophore,1409,1410.0
ZINCf50000025uSm,standard_3d_pharmacophore,1410,1411.0
ZINCf50000017zNX,standard_3d_pharmacophore,1411,1412.0
ZINCf5000002e2bD,standard_3d_pharmacophore,1412,1413.0
ZINCf5000000Vm5s,standard_3d_pharmacophore,1413,1414.0
ZINCf50000017Oso,standard_3d_pharmacophore,1414,1415.0
ZINCf5000000Ztoe,standard_3d_pharmacophore,1415,1416.0
ZINCf5000001805j,standard_3d_pharmacophore,1416,1417.0
ZINCf5000001QBG9,standard_3d_pharmacophore,1417,1418.0
ZINCf5000000WBK7,standard_3d_pharmacophore,1418,1419.0
ZINCf5000002aOvG,standard_3d_pharmacophore,1419,1420.0
ZINCf50000017RYr,standard_3d_pharmacophore,1420,1421.0
ZINCf5000001zrDu,standard_3d_pharmacophore,1421,1422.0
ZINCf5000002dEiH,standard_3d_pharmacophore,1422,1423.0
ZINCf50000009HiT,standard_3d_pharmacophore,1423,1424.0
ZINCf5000002rkba,standard_3d_pharmacophore,1424,1425.0
ZINCf5000000a6Cx,standard_3d_pharmacophore,1425,1426.0
ZINCf50000026YZ4,standard_3d_pharmacophore,1426,1427.0
ZINCf5000001OCOw,standard_3d_pharmacophore,1427,1428.0
ZINCf5000000abXE,standard_3d_pharmacophore,1428,1429.0
ZINCf5000000Ybjp,standard_3d_pharmacophore,1429,1430.0
ZINCf5000001MlEL,standard_3d_pharmacophore,1430,1431.0
ZINCf50000009aGc,standard_3d_pharmacophore,1431,1432.0
ZINCf50000009yGS,standard_3d_pharmacophore,1432,1433.0
ZINCf50000009GZa,standard_3d_pharmacophore,1433,1434.0
ZINCf5000002rwsh,standard_3d_pharmacophore,1434,1435.0
ZINCf50000022eWr,standard_3d_pharmacophore,1435,1436.0
ZINCf5000000WARb,standard_3d_pharmacophore,1436,1437.0
ZINCf5000000axc4,standard_3d_pharmacophore,1437,1438.0
ZINCf5000000Vn0X,standard_3d_pharmacophore,1438,1439.0
ZINCf50000017oVG,standard_3d_pharmacophore,1439,1440.0
ZINCf50000025tBQ,standard_3d_pharmacophore,1440,1441.0
ZINCf5000002oAqM,standard_3d_pharmacophore,1441,1442.0
ZINCf50000009HC5,standard_3d_pharmacophore,1442,1443.0
ZINCf5000001pvAi,standard_3d_pharmacophore,1443,1444.0
ZINCf50000017M4h,standard_3d_pharmacophore,1444,1445.0
ZINCf50000017ZrY,standard_3d_pharmacophore,1445,1446.0
ZINCf5000000VZ8H,standard_3d_pharmacophore,1446,1447.0
ZINCf5000002rwrV,standard_3d_pharmacophore,1447,1448.0
ZINCf5000002aT2O,standard_3d_pharmacophore,1448,1449.0
ZINCf50000017lf2,standard_3d_pharmacophore,1449,1450.0
ZINCf50000008WWT,standard_3d_pharmacophore,1450,1451.0
ZINCf500000091Vc,standard_3d_pharmacophore,1451,1452.0
ZINCf5000002aK2x,standard_3d_pharmacophore,1452,1453.0
ZINCf5000002aLWo,standard_3d_pharmacophore,1453,1454.0
ZINCf5000001CEAB,standard_3d_pharmacophore,1454,1455.0
ZINCf5000000a8KC,standard_3d_pharmacophore,1455,1456.0
ZINCf50000017o0x,standard_3d_pharmacophore,1456,1457.0
ZINCf50000008BfN,standard_3d_pharmacophore,1457,1458.0
ZINCf50000008Fwz,standard_3d_pharmacophore,1458,1459.0
ZINCf5000001U9Co,standard_3d_pharmacophore,1459,1460.0
ZINCf50000017vGK,standard_3d_pharmacophore,1460,1461.0
ZINCf50000028OCx,standard_3d_pharmacophore,1461,1462.0
ZINCf50000008Aw0,standard_3d_pharmacophore,1462,1463.0
ZINCf50000017Fds,standard_3d_pharmacophore,1463,1464.0
ZINCf5000002rFi2,standard_3d_pharmacophore,1464,1465.0
ZINCf50000008SOo,standard_3d_pharmacophore,1465,1466.0
ZINCf5000000as8q,standard_3d_pharmacophore,1466,1467.0
ZINCf5000002aOKG,standard_3d_pharmacophore,1467,1468.0
ZINCf5000002aOKH,standard_3d_pharmacophore,1468,1469.0
ZINCf500000093JX,standard_3d_pharmacophore,1469,1470.0
ZINCf500000094fU,standard_3d_pharmacophore,1470,1471.0
ZINCf5000000WBK9,standard_3d_pharmacophore,1471,1472.0
ZINCf50000008Pur,standard_3d_pharmacophore,1472,1473.0
ZINCf50000009r3c,standard_3d_pharmacophore,1473,1474.0
ZINCf5000002si61,standard_3d_pharmacophore,1474,1475.0
ZINCf50000017P7X,standard_3d_pharmacophore,1475,1476.0
ZINCf5000002myLk,standard_3d_pharmacophore,1476,1477.0
ZINCf5000002si3T,standard_3d_pharmacophore,1477,1478.0
ZINCf5000002aU6d,standard_3d_pharmacophore,1478,1479.0
ZINCf50000017nnK,standard_3d_pharmacophore,1479,1480.0
ZINCf5000002scRs,standard_3d_pharmacophore,1480,1481.0
ZINCf5000002rP1E,standard_3d_pharmacophore,1481,1482.0
ZINCf50000009GL0,standard_3d_pharmacophore,1482,1483.0
ZINCf500000181fP,standard_3d_pharmacophore,1483,1484.0
ZINCf5000000aa5p,standard_3d_pharmacophore,1484,1485.0
ZINCf5000002dB1z,standard_3d_pharmacophore,1485,1486.0
ZINCf50000009H3r,standard_3d_pharmacophore,1486,1487.0
ZINCf5000000ZtIW,standard_3d_pharmacophore,1487,1488.0
ZINCf50000017PcV,standard_3d_pharmacophore,1488,1489.0
ZINCf5000002rRZf,standard_3d_pharmacophore,1489,1490.0
ZINCf5000002rF6t,standard_3d_pharmacophore,1490,1491.0
ZINCf5000002oHXj,standard_3d_pharmacophore,1491,1492.0
ZINCf50000008Nou,standard_3d_pharmacophore,1492,1493.0
ZINCf50000009aFI,standard_3d_pharmacophore,1493,1494.0
ZINCf5000000adGN,standard_3d_pharmacophore,1494,1495.0
ZINCf50000008GeH,standard_3d_pharmacophore,1495,1496.0
ZINCf50000017OQs,standard_3d_pharmacophore,1496,1497.0
ZINCf50000017Ild,standard_3d_pharmacophore,1497,1498.0
ZINCf5000002eaMm,standard_3d_pharmacophore,1498,1499.0
ZINCf5000001zfG8,standard_3d_pharmacophore,1499,1500.0
ZINCf5000000Zqyi,standard_3d_pharmacophore,1500,1501.0
ZINCf50000017mSh,standard_3d_pharmacophore,1501,1502.0
ZINCf5000002r8tm,standard_3d_pharmacophore,1502,1503.0
ZINCf50000009qwi,standard_3d_pharmacophore,1503,1504.0
ZINCf5000000ZqRZ,standard_3d_pharmacophore,1504,1505.0
ZINCf5000002qUwU,standard_3d_pharmacophore,1505,1506.0
ZINCf50000009yTj,standard_3d_pharmacophore,1506,1507.0
ZINCf50000008Oc6,standard_3d_pharmacophore,1507,1508.0
ZINCf5000002eeV0,standard_3d_pharmacophore,1508,1509.0
ZINCf5000000a16n,standard_3d_pharmacophore,1509,1510.0
ZINCf50000008Vkv,standard_3d_pharmacophore,1510,1511.0
ZINCf5000000ZrWX,standard_3d_pharmacophore,1511,1512.0
ZINCf50000009Gnx,standard_3d_pharmacophore,1512,1513.0
ZINCf50000017Pvr,standard_3d_pharmacophore,1513,1514.0
ZINCf5000000SLPL,standard_3d_pharmacophore,1514,1515.0
ZINCf5000000atwE,standard_3d_pharmacophore,1515,1516.0
ZINCf5000002eeUZ,standard_3d_pharmacophore,1516,1517.0
ZINCf5000000a841,standard_3d_pharmacophore,1517,1518.0
ZINCf50000017w1Q,standard_3d_pharmacophore,1518,1519.0
ZINCf5000000WClS,standard_3d_pharmacophore,1519,1520.0
ZINCf5000002aNYU,standard_3d_pharmacophore,1520,1521.0
ZINCf50000009l8A,standard_3d_pharmacophore,1521,1522.0
ZINCf500000092vj,standard_3d_pharmacophore,1522,1523.0
ZINCf5000000WARa,standard_3d_pharmacophore,1523,1524.0
ZINCf5000001Hgyt,standard_3d_pharmacophore,1524,1525.0
ZINCf5000002e1L8,standard_3d_pharmacophore,1525,1526.0
ZINCf50000009GkS,standard_3d_pharmacophore,1526,1527.0
ZINCf50000017Pbh,standard_3d_pharmacophore,1527,1528.0
ZINCf50000017IgA,standard_3d_pharmacophore,1528,1529.0
ZINCf5000002qy1u,standard_3d_pharmacophore,1529,1530.0
ZINCf5000000WAQf,standard_3d_pharmacophore,1530,1531.0
ZINCf50000008O7W,standard_3d_pharmacophore,1531,1532.0
ZINCf50000009aYZ,standard_3d_pharmacophore,1532,1533.0
ZINCf50000018cDk,standard_3d_pharmacophore,1533,1534.0
ZINCf50000009acK,standard_3d_pharmacophore,1534,1535.0
ZINCf50000024ZZY,standard_3d_pharmacophore,1535,1536.0
ZINCf5000002qAao,standard_3d_pharmacophore,1536,1537.0
ZINCf50000009G2d,standard_3d_pharmacophore,1537,1538.0
ZINCf5000002eaxZ,standard_3d_pharmacophore,1538,1539.0
ZINCf5000000ZqAB,standard_3d_pharmacophore,1539,1540.0
ZINCf5000001J2bw,standard_3d_pharmacophore,1540,1541.0
ZINCf5000000apBq,standard_3d_pharmacophore,1541,1542.0
ZINCf5000001Dt2h,standard_3d_pharmacophore,1542,1543.0
ZINCf50000028GT0,standard_3d_pharmacophore,1543,1544.0
ZINCf5000000ZqX7,standard_3d_pharmacophore,1544,1545.0
ZINCf5000001813A,standard_3d_pharmacophore,1545,1546.0
ZINCf5000002qzxy,standard_3d_pharmacophore,1546,1547.0
ZINCf50000009Hjt,standard_3d_pharmacophore,1547,1548.0
ZINCf5000000SKPV,standard_3d_pharmacophore,1548,1549.0
ZINCf5000000ZtJg,standard_3d_pharmacophore,1549,1550.0
