method_a,method_b,n_shared,kendall_tau,spearman_r,jaccard_top10,jaccard_top25,jaccard_top50
full_cascade,stage3_only,310,0.9999164839753627,0.9999987915687754,1.0,1.0,1.0
full_cascade,standard_3d_pharmacophore,310,-0.08813028499843407,-0.13976171750301855,0.1111111111111111,0.041666666666666664,0.0989010989010989
stage3_only,standard_3d_pharmacophore,310,-0.08804676897379685,-0.13973634044730082,0.1111111111111111,0.041666666666666664,0.0989010989010989
