method,n_shared,kendall_tau,spearman_r,jaccard_top10,jaccard_top50,jaccard_top100,jaccard_top500
remove_stage1,1000,0.11761761761761762,0.1755957555957556,0.0,0.010101010101010102,0.010101010101010102,0.03842159916926272
remove_stage2,1000,-0.02008808808808809,-0.03021439821439821,0.0,0.0,0.0,0.0
remove_stage3,80,0.01772151898734177,0.031223628691983127,0.0,0.010101010101010102,0.015228426395939087,0.02564102564102564
native_top_stage3_only,52,0.43137254901960786,0.6082130965593785,0.05263157894736842,0.030927835051546393,0.02564102564102564,0.02774922918807811
alternative_tiebreak,80,0.022151898734177212,0.02604313173933427,0.0,0.010101010101010102,0.005025125628140704,0.016260162601626018
