method,n_ranked,ef_1pct,ef_1pct_ci_low,ef_1pct_ci_high,ef_5pct,ef_5pct_ci_low,ef_5pct_ci_high,ef_01pct,ef_01pct_ci_low,ef_01pct_ci_high,roc_auc,roc_auc_ci_low,roc_auc_ci_high,pr_auc,pr_auc_ci_low,pr_auc_ci_high,bedroc,bedroc_ci_low,bedroc_ci_high,top10_recovery,top10_recovery_ci_low,top10_recovery_ci_high,scaffold_recovery_top10,scaffold_recovery_top10_ci_low,scaffold_recovery_top10_ci_high,top25_recovery,top25_recovery_ci_low,top25_recovery_ci_high,scaffold_recovery_top25,scaffold_recovery_top25_ci_low,scaffold_recovery_top25_ci_high,top50_recovery,top50_recovery_ci_low,top50_recovery_ci_high,scaffold_recovery_top50,scaffold_recovery_top50_ci_low,scaffold_recovery_top50_ci_high,scaffold_diversity_top10,scaffold_diversity_top10_ci_low,scaffold_diversity_top10_ci_high,scaffold_diversity_top25,scaffold_diversity_top25_ci_low,scaffold_diversity_top25_ci_high,scaffold_diversity_top50,scaffold_diversity_top50_ci_low,scaffold_diversity_top50_ci_high
full_cascade,310.0,30.0,10.0,40.0,10.0,4.0,16.0,100.0,100.0,100.0,0.7996666666666667,0.6355666666666666,0.9404166666666666,0.464867625052555,0.1765019251054528,0.7888273753717829,0.5462901419141833,0.2293966995892259,0.833675982257865,0.5,0.2,0.7,0.5,0.25,0.6666666666666666,0.5,0.2,0.8,0.5,0.2857142857142857,0.8,0.5,0.2,0.8,0.5,0.2857142857142857,0.8,7.0,,,18.0,,,32.0,,
stage3_only,310.0,20.0,0.0,40.0,5.999999999999999,2.0,11.999999999999998,100.0,0.0,100.0,0.7420000000000001,0.5687249999999999,0.89805,0.2858987301027077,0.06145940028645965,0.6127880006943728,0.3584837899387105,0.09501115988779762,0.6855463796899786,0.3,0.0,0.6,0.3,0.0,0.5,0.3,0.1,0.7,0.3,0.14285714285714285,0.6,0.4,0.14750000000000016,0.8,0.4,0.2,0.7142857142857143,10.0,,,19.0,,,37.0,,
standard_3d_pharmacophore,310.0,20.0,0.0,40.0,4.0,0.0,10.0,100.0,0.0,100.0,0.727,0.5704916666666667,0.8783749999999998,0.26115560904383384,0.04714330588993967,0.5733713544749846,0.30363917630291165,0.04680297389982808,0.6270518500084667,0.2,0.0,0.5,0.2,0.0,0.4,0.3,0.1,0.6,0.3,0.125,0.5,0.4,0.1,0.7,0.4,0.16666666666666666,0.6666666666666666,9.0,,,24.0,,,40.0,,
