method_a,method_b,n_shared,kendall_tau,spearman_r,jaccard_top10,jaccard_top25,jaccard_top50
full_cascade,stage3_only,310,0.584549535442113,0.7408728700140883,0.17647058823529413,0.13636363636363635,0.25
full_cascade,standard_3d_pharmacophore,310,0.16859797473640256,0.22890768894577465,0.1111111111111111,0.1111111111111111,0.16279069767441862
stage3_only,standard_3d_pharmacophore,310,0.5840484392942896,0.5482005955551885,0.42857142857142855,0.35135135135135137,0.5151515151515151
