residue,top_k,n_top_k_with_residue,freq_top_k,freq_all_native,fold_enrichment
SER14,10,1,0.1,0.999,0.1001001001001001
SER14,50,4,0.08,0.999,0.08008008008008008
SER14,100,8,0.08,0.999,0.08008008008008008
ASP15,10,1,0.1,0.937,0.10672358591248667
ASP15,50,4,0.08,0.937,0.08537886872998933
ASP15,100,8,0.08,0.937,0.08537886872998933
SER17,10,1,0.1,0.997,0.10030090270812438
SER17,50,4,0.08,0.997,0.0802407221664995
SER17,100,8,0.08,0.997,0.0802407221664995
SER18,10,1,0.1,0.996,0.10040160642570281
SER18,50,4,0.08,0.996,0.08032128514056225
SER18,100,8,0.08,0.996,0.08032128514056225
