system,ligand_id,label,property_gate_pass,chemistry_flagged,pains_alert,reactive_flags,stage0_pass,independent_reference_agrees
glp1r,CHEMBL398714,active,True,0,,,True,True
glp1r,CHEMBL6027640,active,True,0,,,True,True
glp1r,CHEMBL250112,active,True,0,,,True,True
glp1r,CHEMBL399841,active,True,0,,,True,True
glp1r,CHEMBL251760,active,True,0,,,True,True
glp1r,CHEMBL400700,active,True,0,,,True,True
glp1r,CHEMBL401183,active,True,0,,,True,True
glp1r,CHEMBL250748,active,True,0,,,True,True
glp1r,CHEMBL248912,active,True,0,,,True,True
glp1r,CHEMBL400500,active,True,0,,,True,True
glp1r,ZINCf5000000awrm,decoy,True,0,,,True,True
glp1r,ZINCf5000000axTO,decoy,True,0,,,True,True
glp1r,ZINCf50000035vTs,decoy,True,0,,,True,True
glp1r,ZINCf50000009pVD,decoy,True,0,,,True,True
glp1r,ZINCf5000002Obml,decoy,True,0,,,True,True
glp1r,ZINCf50000009qFA,decoy,True,0,,,True,True
glp1r,ZINCf5000000aavy,decoy,True,0,,,True,True
glp1r,ZINCf5000002rVlZ,decoy,True,0,,,True,True
glp1r,ZINCf5000001sFyK,decoy,True,0,,,True,True
glp1r,ZINCf50000031AOO,decoy,True,0,,,True,True
glp1r,ZINCf5000000albx,decoy,True,0,,,True,True
glp1r,ZINCf50000009q0n,decoy,True,0,,,True,True
glp1r,ZINCf50000035sCb,decoy,True,0,,,True,True
glp1r,ZINCf5000003qilw,decoy,True,0,,,True,True
glp1r,ZINCf5000003oxhc,decoy,True,0,,,True,True
glp1r,ZINCf5000000a9iI,decoy,True,0,,,True,True
glp1r,ZINCf50000028JCs,decoy,True,0,,,True,True
glp1r,ZINCf5000002Kthm,decoy,True,0,,,True,True
glp1r,ZINCf5000002armR,decoy,True,0,,,True,True
glp1r,ZINCf50000036dEu,decoy,True,0,,,True,True
glp1r,ZINCf50000025kLm,decoy,True,0,,,True,True
glp1r,ZINCf5000003pRk9,decoy,True,0,,,True,True
glp1r,ZINCf5000002NECb,decoy,True,0,,,True,True
glp1r,ZINCf50000009qd2,decoy,True,0,,,True,True
glp1r,ZINCf5000003pmFm,decoy,True,0,,,True,True
glp1r,ZINCf50000034od3,decoy,True,0,,,True,True
glp1r,ZINCf5000002dY7J,decoy,True,0,,,True,True
glp1r,ZINCf5000000YaTM,decoy,True,0,,,True,True
glp1r,ZINCf5000002mBmF,decoy,True,0,,,True,True
glp1r,ZINCf5000000ay0U,decoy,True,0,,,True,True
glp1r,ZINCf50000024Iwn,decoy,True,0,,,True,True
glp1r,ZINCf5000000YbHL,decoy,True,0,,,True,True
glp1r,ZINCf500000098P6,decoy,True,0,,,True,True
glp1r,ZINCf500000366TN,decoy,True,0,,,True,True
glp1r,ZINCf5000000a5Jm,decoy,True,0,,,True,True
glp1r,ZINCf5000002aUmK,decoy,True,0,,,True,True
glp1r,ZINCf5000001HsM3,decoy,True,0,,,True,True
glp1r,ZINCf50000017Blc,decoy,True,0,,,True,True
glp1r,ZINCf500000204MX,decoy,True,0,,,True,True
glp1r,ZINCf50000031CUy,decoy,True,0,,,True,True
glp1r,ZINCf50000029dyD,decoy,True,0,,,True,True
glp1r,ZINCf5000000YbHM,decoy,True,0,,,True,True
glp1r,ZINCf5000002ecOQ,decoy,True,1,,michael_acceptor,True,True
glp1r,ZINCf5000002JlXX,decoy,True,0,,,True,True
glp1r,ZINCf50000009FDs,decoy,True,0,,,True,True
glp1r,ZINCf50000031CB9,decoy,True,0,,,True,True
glp1r,ZINCf5000002a7LK,decoy,True,0,,,True,True
glp1r,ZINCf5000002rPDX,decoy,True,0,,,True,True
glp1r,ZINCf50000020YBn,decoy,True,0,,,True,True
glp1r,ZINCf5000002OuYO,decoy,True,0,,,True,True
glp1r,ZINCf5000002mEQg,decoy,True,0,,,True,True
glp1r,ZINCf5000001YIUb,decoy,True,0,,,True,True
glp1r,ZINCf5000000ay0Z,decoy,True,0,,,True,True
glp1r,ZINCf5000003qioq,decoy,True,0,,,True,True
glp1r,ZINCf5000003mWDV,decoy,True,0,,,True,True
glp1r,ZINCf5000000ahoM,decoy,True,0,,,True,True
glp1r,ZINCf50000009sUT,decoy,True,0,,,True,True
glp1r,ZINCf50000035qqt,decoy,True,0,,,True,True
glp1r,ZINCf5000001ARZW,decoy,True,0,,,True,True
glp1r,ZINCf5000003qe8D,decoy,True,0,,,True,True
glp1r,ZINCf50000024Urz,decoy,True,0,,,True,True
glp1r,ZINCf5000003pweX,decoy,True,0,,,True,True
glp1r,ZINCf50000024Fgs,decoy,True,0,,,True,True
glp1r,ZINCf50000009qFF,decoy,True,0,,,True,True
glp1r,ZINCf5000002rwR8,decoy,True,0,,,True,True
glp1r,ZINCf500000362jS,decoy,True,0,,,True,True
glp1r,ZINCf5000003696S,decoy,True,0,,,True,True
glp1r,ZINCf50000035cF8,decoy,True,0,,,True,True
glp1r,ZINCf5000002Kqsj,decoy,True,0,,,True,True
glp1r,ZINCf5000003638i,decoy,True,0,,,True,True
glp1r,ZINCf50000024Rar,decoy,True,0,,,True,True
glp1r,ZINCf50000017I9f,decoy,True,0,,,True,True
glp1r,ZINCf5000000abK0,decoy,True,0,,,True,True
glp1r,ZINCf50000009qFH,decoy,True,0,,,True,True
glp1r,ZINCf5000002OfyI,decoy,True,0,,,True,True
glp1r,ZINCf5000000apGz,decoy,True,0,,,True,True
glp1r,ZINCf50000009gM7,decoy,True,0,,,True,True
glp1r,ZINCf50000009Gcz,decoy,True,0,,,True,True
glp1r,ZINCf50000031ALq,decoy,True,0,,,True,True
glp1r,ZINCf50000008Jbx,decoy,True,1,imine_one_A(321),,True,True
glp1r,ZINCf5000002oHuY,decoy,True,0,,,True,True
glp1r,ZINCf500000362nP,decoy,True,0,,,True,True
glp1r,ZINCf5000000ZwPT,decoy,True,0,,,True,True
glp1r,ZINCf50000009GcH,decoy,True,0,,,True,True
glp1r,ZINCf5000003oCXf,decoy,True,0,,,True,True
glp1r,ZINCf5000002KvYL,decoy,True,0,,,True,True
glp1r,ZINCf50000009gM9,decoy,True,0,,,True,True
glp1r,ZINCf50000035L8C,decoy,True,0,,,True,True
glp1r,ZINCf50000009GcB,decoy,True,0,,,True,True
glp1r,ZINCf5000003qwEW,decoy,True,0,,,True,True
glp1r,ZINCf5000002svaB,decoy,True,0,,,True,True
glp1r,ZINCf5000002dUUq,decoy,True,0,,,True,True
glp1r,ZINCf5000000apFY,decoy,True,0,,,True,True
glp1r,ZINCf50000009Gcn,decoy,True,0,,,True,True
glp1r,ZINCf5000003oDS5,decoy,True,0,,,True,True
glp1r,ZINCf5000000a9AP,decoy,True,0,,,True,True
glp1r,ZINCf50000009ikJ,decoy,True,0,,,True,True
glp1r,ZINCf5000003nfeg,decoy,True,0,,,True,True
glp1r,ZINCf50000009aGz,decoy,True,0,,,True,True
glp1r,ZINCf50000036aZV,decoy,True,0,,,True,True
glp1r,ZINCf5000002aWhk,decoy,True,0,,,True,True
glp1r,ZINCf50000035Wyq,decoy,True,0,,,True,True
glp1r,ZINCf5000001xLRs,decoy,True,0,,,True,True
glp1r,ZINCf50000009aLd,decoy,True,0,,,True,True
glp1r,ZINCf5000003oDS6,decoy,True,0,,,True,True
glp1r,ZINCf5000001osMH,decoy,True,1,azo_A(324),,True,True
glp1r,ZINCf50000035tY0,decoy,True,0,,,True,True
glp1r,ZINCf500000092rn,decoy,True,0,,,True,True
glp1r,ZINCf5000001DiJe,decoy,True,0,,,True,True
glp1r,ZINCf5000000at3L,decoy,True,0,,,True,True
glp1r,ZINCf5000002aWhm,decoy,True,0,,,True,True
glp1r,ZINCf50000036feX,decoy,True,0,,,True,True
glp1r,ZINCf50000028jVR,decoy,True,0,,,True,True
glp1r,ZINCf50000009aQK,decoy,True,0,,,True,True
glp1r,ZINCf5000002OfyG,decoy,True,0,,,True,True
glp1r,ZINCf5000000alOw,decoy,True,0,,,True,True
glp1r,ZINCf5000001wb0h,decoy,True,0,,,True,True
glp1r,ZINCf50000035280,decoy,True,0,,,True,True
glp1r,ZINCf50000034xs1,decoy,True,0,,,True,True
glp1r,ZINCf50000035wGO,decoy,True,0,,,True,True
glp1r,ZINCf5000000acd3,decoy,True,0,,,True,True
glp1r,ZINCf50000009wyg,decoy,True,0,,,True,True
glp1r,ZINCf500000264ro,decoy,True,0,,,True,True
glp1r,ZINCf5000000YbPh,decoy,True,0,,,True,True
glp1r,ZINCf5000000aakf,decoy,True,0,,,True,True
glp1r,ZINCf5000000ZvLs,decoy,True,0,,,True,True
glp1r,ZINCf5000002rQJB,decoy,True,0,,,True,True
glp1r,ZINCf50000008AoT,decoy,True,0,,,True,True
glp1r,ZINCf50000009rWL,decoy,True,0,,,True,True
glp1r,ZINCf50000025tBQ,decoy,True,0,,,True,True
glp1r,ZINCf5000002aOc2,decoy,True,0,,,True,True
glp1r,ZINCf5000000alxZ,decoy,True,0,,,True,True
glp1r,ZINCf5000002sGi6,decoy,True,0,,,True,True
glp1r,ZINCf5000000atW6,decoy,True,0,,,True,True
glp1r,ZINCf50000035L6E,decoy,True,0,,,True,True
glp1r,ZINCf50000034qZB,decoy,True,0,,,True,True
glp1r,ZINCf5000003qnGH,decoy,True,0,,,True,True
glp1r,ZINCf50000008Lan,decoy,True,0,,,True,True
glp1r,ZINCf50000009FSL,decoy,True,0,,,True,True
glp1r,ZINCf5000000SKPV,decoy,True,0,,,True,True
glp1r,ZINCf5000002aOc3,decoy,True,0,,,True,True
glp1r,ZINCf5000002segg,decoy,True,0,,,True,True
glp1r,ZINCf50000008ExI,decoy,True,0,,,True,True
glp1r,ZINCf50000036e86,decoy,True,0,,,True,True
glp1r,ZINCf50000017I5A,decoy,True,0,,,True,True
glp1r,ZINCf5000000Ybcw,decoy,True,0,,,True,True
glp1r,ZINCf50000009hXl,decoy,True,0,,,True,True
glp1r,ZINCf5000000YaUz,decoy,True,0,,,True,True
glp1r,ZINCf5000001qm5O,decoy,True,0,,,True,True
glp1r,ZINCf500000292mg,decoy,True,0,,,True,True
glp1r,ZINCf50000008Dod,decoy,True,0,,,True,True
glp1r,ZINCf5000000Ybib,decoy,True,0,,,True,True
glp1r,ZINCf5000002dYoa,decoy,True,0,,,True,True
glp1r,ZINCf50000017DqO,decoy,True,0,,,True,True
glp1r,ZINCf5000001QAPO,decoy,True,0,,,True,True
glp1r,ZINCf5000000abZq,decoy,True,0,,,True,True
glp1r,ZINCf5000000YaZN,decoy,True,0,,,True,True
glp1r,ZINCf5000003oBjq,decoy,True,0,,,True,True
glp1r,ZINCf5000001818l,decoy,True,0,,,True,True
glp1r,ZINCf5000002Kvbl,decoy,True,0,,,True,True
glp1r,ZINCf50000036fBS,decoy,True,0,,,True,True
glp1r,ZINCf5000000alxC,decoy,True,0,,,True,True
glp1r,ZINCf5000002dYpi,decoy,True,0,,,True,True
glp1r,ZINCf5000001onov,decoy,True,0,,,True,True
glp1r,ZINCf5000002rPQy,decoy,True,0,,,True,True
glp1r,ZINCf5000002JlQz,decoy,True,0,,,True,True
glp1r,ZINCf5000000Zyex,decoy,True,0,,,True,True
glp1r,ZINCf50000008S8L,decoy,True,0,,,True,True
glp1r,ZINCf50000036g0B,decoy,True,0,,,True,True
glp1r,ZINCf5000000alsm,decoy,True,0,,,True,True
glp1r,ZINCf5000003qCNc,decoy,True,0,,,True,True
glp1r,ZINCf50000035OHV,decoy,True,0,,,True,True
glp1r,ZINCf5000000akwX,decoy,True,0,,,True,True
glp1r,ZINCf5000001LV9a,decoy,True,0,,,True,True
glp1r,ZINCf5000003pCdO,decoy,True,0,,,True,True
glp1r,ZINCf5000002rS98,decoy,True,0,,,True,True
glp1r,ZINCf5000003qkEO,decoy,True,0,,,True,True
glp1r,ZINCf5000002sfcv,decoy,True,0,,,True,True
glp1r,ZINCf5000000acD0,decoy,True,0,,,True,True
glp1r,ZINCf5000002svfT,decoy,True,0,,,True,True
glp1r,ZINCf5000000acdL,decoy,True,0,,,True,True
glp1r,ZINCf50000008UKt,decoy,True,0,,,True,True
glp1r,ZINCf50000023xoF,decoy,True,0,,,True,True
glp1r,ZINCf50000034ptA,decoy,True,0,,,True,True
glp1r,ZINCf50000017qq3,decoy,True,1,imine_one_A(321),,True,True
glp1r,ZINCf50000026UaV,decoy,True,0,,,True,True
glp1r,ZINCf50000009Fta,decoy,True,0,,,True,True
glp1r,ZINCf5000003pBUd,decoy,True,0,,,True,True
glp1r,ZINCf5000000acYB,decoy,True,0,,,True,True
glp1r,ZINCf5000000aee7,decoy,True,0,,,True,True
glp1r,ZINCf5000002585w,decoy,True,0,,,True,True
glp1r,ZINCf5000002aScU,decoy,True,0,,,True,True
glp1r,ZINCf5000000Zwh0,decoy,True,0,,,True,True
glp1r,ZINCf50000034qns,decoy,True,0,,,True,True
glp1r,ZINCf5000001RpY9,decoy,True,1,imine_one_A(321),,True,True
glp1r,ZINCf5000000ZrqI,decoy,True,0,,,True,True
glp1r,ZINCf5000001ZsyW,decoy,True,0,,,True,True
glp1r,ZINCf5000000YaJS,decoy,True,0,,,True,True
glp1r,ZINCf5000000acYs,decoy,True,0,,,True,True
glp1r,ZINCf5000000aer8,decoy,True,0,,,True,True
glp1r,ZINCf50000029Y4E,decoy,True,0,,,True,True
glp1r,ZINCf50000009vNp,decoy,True,0,,,True,True
glp1r,ZINCf5000002aVew,decoy,True,0,,,True,True
glp1r,ZINCf5000000aa4b,decoy,True,0,,,True,True
glp1r,ZINCf50000009r7e,decoy,True,0,,,True,True
glp1r,ZINCf5000000a181,decoy,True,0,,,True,True
glp1r,ZINCf5000000absw,decoy,True,0,,,True,True
glp1r,ZINCf5000000Zs7s,decoy,True,0,,,True,True
glp1r,ZINCf5000000acDQ,decoy,True,0,,,True,True
glp1r,ZINCf5000002aTlg,decoy,True,0,,,True,True
glp1r,ZINCf5000000at7h,decoy,True,0,,,True,True
glp1r,ZINCf5000001oiYi,decoy,True,0,,,True,True
glp1r,ZINCf5000002dYno,decoy,True,0,,,True,True
glp1r,ZINCf5000000aa4c,decoy,True,0,,,True,True
glp1r,ZINCf50000036763,decoy,True,0,,,True,True
glp1r,ZINCf50000034qOa,decoy,True,0,,,True,True
glp1r,ZINCf50000008EXD,decoy,True,0,,,True,True
glp1r,ZINCf5000002NM4N,decoy,True,0,,,True,True
glp1r,ZINCf50000029YkI,decoy,True,0,,,True,True
glp1r,ZINCf5000000WzE6,decoy,True,0,,,True,True
glp1r,ZINCf5000003pydZ,decoy,True,0,,,True,True
glp1r,ZINCf5000001vlyY,decoy,True,0,,,True,True
glp1r,ZINCf5000003p5LK,decoy,True,0,,,True,True
glp1r,ZINCf5000000ac7N,decoy,True,0,,,True,True
glp1r,ZINCf50000026YZ4,decoy,True,0,,,True,True
glp1r,ZINCf50000025ZxH,decoy,True,0,,,True,True
glp1r,ZINCf5000000Zqwq,decoy,True,0,,,True,True
glp1r,ZINCf5000003pnv1,decoy,True,0,,,True,True
glp1r,ZINCf5000000a5Kr,decoy,True,0,,,True,True
glp1r,ZINCf5000000Zv9Z,decoy,True,0,,,True,True
glp1r,ZINCf5000002dYjP,decoy,True,0,,,True,True
glp1r,ZINCf5000002Jl9F,decoy,True,0,,,True,True
glp1r,ZINCf5000002a4Dt,decoy,True,0,,,True,True
glp1r,ZINCf5000000acNK,decoy,True,0,,,True,True
glp1r,ZINCf5000001onnP,decoy,True,0,,,True,True
glp1r,ZINCf50000031lez,decoy,True,0,,,True,True
glp1r,ZINCf50000031xHn,decoy,True,0,,,True,True
glp1r,ZINCf5000003pH5g,decoy,True,0,,,True,True
glp1r,ZINCf5000000a5xf,decoy,True,0,,,True,True
glp1r,ZINCf5000000ZvbA,decoy,True,0,,,True,True
glp1r,ZINCf5000002aMrd,decoy,True,0,,,True,True
glp1r,ZINCf50000035oMZ,decoy,True,0,,,True,True
glp1r,ZINCf50000009Xjr,decoy,True,0,,,True,True
glp1r,ZINCf50000035wEH,decoy,True,0,,,True,True
glp1r,ZINCf50000027sEX,decoy,True,0,,,True,True
glp1r,ZINCf50000035SgF,decoy,True,0,,,True,True
glp1r,ZINCf5000000ZuiR,decoy,True,0,,,True,True
glp1r,ZINCf5000001tGVo,decoy,True,0,,,True,True
glp1r,ZINCf5000000a5xj,decoy,True,0,,,True,True
glp1r,ZINCf5000002Kuqf,decoy,True,0,,,True,True
glp1r,ZINCf5000003qCMi,decoy,True,0,,,True,True
glp1r,ZINCf500000369vs,decoy,True,0,,,True,True
glp1r,ZINCf50000009W2D,decoy,True,0,,,True,True
glp1r,ZINCf500000181iC,decoy,True,0,,,True,True
glp1r,ZINCf5000002sekd,decoy,True,0,,,True,True
glp1r,ZINCf50000035Q5z,decoy,True,0,,,True,True
glp1r,ZINCf5000000Zv3N,decoy,True,0,,,True,True
glp1r,ZINCf50000008VQg,decoy,True,0,,,True,True
glp1r,ZINCf5000000ZrKi,decoy,True,0,,,True,True
glp1r,ZINCf50000035XNj,decoy,True,0,,,True,True
glp1r,ZINCf5000000a5nD,decoy,True,0,,,True,True
glp1r,ZINCf5000003oDh3,decoy,True,0,,,True,True
glp1r,ZINCf5000003p8KR,decoy,True,0,,,True,True
glp1r,ZINCf50000035wsX,decoy,True,0,,,True,True
glp1r,ZINCf50000009tbl,decoy,True,0,,,True,True
glp1r,ZINCf50000009YGE,decoy,True,0,,,True,True
glp1r,ZINCf5000002rXUq,decoy,True,0,,,True,True
glp1r,ZINCf5000002KpOJ,decoy,True,1,imine_one_A(321),,True,True
glp1r,ZINCf5000002Khk5,decoy,True,0,,,True,True
glp1r,ZINCf5000003634A,decoy,True,0,,,True,True
glp1r,ZINCf5000000a5zk,decoy,True,0,,,True,True
glp1r,ZINCf5000002e22i,decoy,True,0,,,True,True
glp1r,ZINCf5000002KvaQ,decoy,True,0,,,True,True
glp1r,ZINCf50000018cVh,decoy,True,0,,,True,True
glp1r,ZINCf500000093ff,decoy,True,0,,,True,True
glp1r,ZINCf5000000a0Sx,decoy,True,0,,,True,True
glp1r,ZINCf50000009pJ1,decoy,True,0,,,True,True
glp1r,ZINCf50000009vem,decoy,True,0,,,True,True
glp1r,ZINCf5000000ZsXZ,decoy,True,0,,,True,True
glp1r,ZINCf5000000ZtYW,decoy,True,0,,,True,True
glp1r,ZINCf5000000ZrRZ,decoy,True,0,,,True,True
glp1r,ZINCf5000000Ybyz,decoy,True,0,,,True,True
glp1r,ZINCf5000000aa5p,decoy,True,0,,,True,True
glp1r,ZINCf50000009be6,decoy,True,0,,,True,True
glp1r,ZINCf500000093fh,decoy,True,0,,,True,True
glp1r,ZINCf50000035RrA,decoy,True,0,,,True,True
glp1r,ZINCf5000002seWN,decoy,True,0,,,True,True
glp1r,ZINCf5000000Zt3B,decoy,True,0,,,True,True
glp1r,ZINCf5000000acm4,decoy,True,0,,,True,True
glp1r,ZINCf50000036eSM,decoy,True,0,,,True,True
glp1r,ZINCf50000034rDx,decoy,True,0,,,True,True
glp1r,ZINCf50000017Kgc,decoy,True,0,,,True,True
glp1r,ZINCf5000000aahM,decoy,True,0,,,True,True
glp1r,ZINCf50000009bel,decoy,True,0,,,True,True
glp1r,ZINCf50000026aGv,decoy,True,0,,,True,True
glp1r,ZINCf50000035RrK,decoy,True,0,,,True,True
glp1r,ZINCf5000000aw12,decoy,True,0,,,True,True
glp1r,ZINCf5000000Zt3G,decoy,True,0,,,True,True
glp1r,ZINCf5000000acDF,decoy,True,0,,,True,True
glp1r,ZINCf50000036eSN,decoy,True,0,,,True,True
ghsr,CHEMBL480821,active,True,0,,,True,True
ghsr,CHEMBL4172656,active,True,0,,,True,True
ghsr,CHEMBL251572,active,True,0,,,True,True
ghsr,CHEMBL401134,active,True,0,,,True,True
ghsr,CHEMBL518774,active,True,0,,,True,True
ghsr,CHEMBL259166,active,True,0,,,True,True
ghsr,CHEMBL460680,active,True,0,,,True,True
ghsr,CHEMBL270666,active,True,0,,,True,True
ghsr,CHEMBL482220,active,True,0,,,True,True
ghsr,CHEMBL2364468,active,True,1,anil_di_alk_C(246),,True,True
ghsr,CHEMBL260819,active,True,1,anil_di_alk_C(246),,True,True
ghsr,CHEMBL271876,active,True,0,,,True,True
ghsr,CHEMBL404336,active,True,0,,,True,True
ghsr,CHEMBL251169,active,True,0,,,True,True
ghsr,CHEMBL2364429,active,True,1,anil_di_alk_C(246),,True,True
ghsr,CHEMBL1161835,active,True,0,,,True,True
ghsr,CHEMBL2364354,active,True,0,,,True,True
ghsr,CHEMBL410135,active,True,0,,,True,True
ghsr,CHEMBL379074,active,True,1,,michael_acceptor,True,True
ghsr,CHEMBL4637980,active,True,0,,,True,True
ghsr,CHEMBL2364408,active,True,0,,,True,True
ghsr,CHEMBL403180,active,True,0,,,True,True
ghsr,CHEMBL1923504,active,True,0,,,True,True
ghsr,CHEMBL4645148,active,True,0,,,True,True
ghsr,CHEMBL2364338,active,True,0,,,True,True
ghsr,CHEMBL2364382,active,True,0,,,True,True
ghsr,CHEMBL1161828,active,True,0,,,True,True
ghsr,CHEMBL516602,active,True,0,,,True,True
ghsr,CHEMBL4170481,active,True,0,,,True,True
ghsr,CHEMBL3218890,active,True,0,,,True,True
ghsr,CHEMBL4164328,active,True,0,,,True,True
ghsr,CHEMBL2364381,active,True,0,,,True,True
ghsr,CHEMBL2364384,active,True,1,anil_di_alk_C(246),,True,True
ghsr,CHEMBL481620,active,True,0,,,True,True
ghsr,CHEMBL4637284,active,True,0,,,True,True
ghsr,CHEMBL2364480,active,True,1,anil_di_alk_C(246),,True,True
ghsr,CHEMBL1161827,active,True,0,,,True,True
ghsr,CHEMBL519322,active,True,0,,,True,True
ghsr,CHEMBL251573,active,True,0,,,True,True
ghsr,CHEMBL272540,active,True,1,anil_di_alk_C(246),,True,True
ghsr,CHEMBL480639,active,True,0,,,True,True
ghsr,CHEMBL4164040,active,True,0,,,True,True
ghsr,CHEMBL1161829,active,True,0,,,True,True
ghsr,CHEMBL1162058,active,True,1,,michael_acceptor,True,True
ghsr,CHEMBL130229,active,True,0,,,True,True
ghsr,CHEMBL382844,active,True,0,,,True,True
ghsr,CHEMBL4171914,active,True,0,,,True,True
ghsr,CHEMBL2364485,active,True,1,anil_di_alk_C(246),,True,True
ghsr,CHEMBL1079185,active,True,0,,,True,True
ghsr,CHEMBL1161822,active,True,0,,,True,True
ghsr,ZINCk8000004jDd8,decoy,True,0,,,True,True
ghsr,ZINCj700000wzZus,decoy,True,0,,,True,True
ghsr,ZINCk700001bPBzA,decoy,True,0,,,True,True
ghsr,ZINCk800000Emx6O,decoy,True,0,,,True,True
ghsr,ZINCk7000004gqk0,decoy,True,0,,,True,True
ghsr,ZINCk500000464VK,decoy,True,0,,,True,True
ghsr,ZINCk700000PykbN,decoy,True,0,,,True,True
ghsr,ZINCk700000x5jqU,decoy,True,0,,,True,True
ghsr,ZINCk8000004i0pw,decoy,True,0,,,True,True
ghsr,ZINCk700000PzAN5,decoy,True,0,,,True,True
ghsr,ZINCk800001bPm2Z,decoy,True,0,,,True,True
ghsr,ZINCk600000JU9FP,decoy,True,0,,,True,True
ghsr,ZINCk700000Ja0x9,decoy,True,0,,,True,True
ghsr,ZINCk700000grTGp,decoy,True,0,,,True,True
ghsr,ZINCj600000JTQcL,decoy,True,0,,,True,True
ghsr,ZINCk700000wFver,decoy,True,0,,,True,True
ghsr,ZINCk5000009FRUR,decoy,True,0,,,True,True
ghsr,ZINCk600000y8RkA,decoy,True,0,,,True,True
ghsr,ZINCk8000004iA0D,decoy,True,0,,,True,True
ghsr,ZINCk800000wvSlI,decoy,True,0,,,True,True
ghsr,ZINCk50000045lX4,decoy,True,0,,,True,True
ghsr,ZINCk8000004k1ME,decoy,True,0,,,True,True
ghsr,ZINCk8000004iGLr,decoy,True,0,,,True,True
ghsr,ZINCk6000018TEIZ,decoy,True,0,,,True,True
ghsr,ZINCk8000018Tng8,decoy,True,0,,,True,True
ghsr,ZINCk600000gpl0n,decoy,True,0,,,True,True
ghsr,ZINCk7000004giR7,decoy,True,0,,,True,True
ghsr,ZINCk700000JTQhm,decoy,True,0,,,True,True
ghsr,ZINCk700000y8QwW,decoy,True,0,,,True,True
ghsr,ZINCk7000018TeUr,decoy,True,0,,,True,True
ghsr,ZINCk800000gvnS6,decoy,True,0,,,True,True
ghsr,ZINCk7000018Tb6W,decoy,True,0,,,True,True
ghsr,ZINCk800000wpj7T,decoy,True,0,,,True,True
ghsr,ZINCk700000wX8VL,decoy,True,0,,,True,True
ghsr,ZINCk600000JS3rs,decoy,True,0,,,True,True
ghsr,ZINCk6000004cV7f,decoy,True,0,,,True,True
ghsr,ZINCk800000wbJm0,decoy,True,0,,,True,True
ghsr,ZINCk600000JTuzP,decoy,True,0,,,True,True
ghsr,ZINCk8000009Mfqq,decoy,True,0,,,True,True
ghsr,ZINCk800000wQS2D,decoy,True,0,,,True,True
ghsr,ZINCk800000JTJkY,decoy,True,0,,,True,True
ghsr,ZINCk600000wNMsj,decoy,True,0,,,True,True
ghsr,ZINCh7000018W6RM,decoy,True,0,,,True,True
ghsr,ZINCk7000004fuck,decoy,True,0,,,True,True
ghsr,ZINCk5000003ZI2T,decoy,True,0,,,True,True
ghsr,ZINCk7000018Tw0G,decoy,True,0,,,True,True
ghsr,ZINCk800000JUxLl,decoy,True,0,,,True,True
ghsr,ZINCk800000ds1pZ,decoy,True,0,,,True,True
ghsr,ZINCj800000JW6dA,decoy,True,0,,,True,True
ghsr,ZINCk800000JTuzK,decoy,True,0,,,True,True
ghsr,ZINCk700000w1eSB,decoy,True,0,,,True,True
ghsr,ZINCi8000018TCVw,decoy,True,0,,,True,True
ghsr,ZINCk8000009MgDE,decoy,True,0,,,True,True
ghsr,ZINCk700000GeYpT,decoy,True,0,,,True,True
ghsr,ZINCk700000PyvCR,decoy,True,0,,,True,True
ghsr,ZINCk700000y8PFR,decoy,True,0,,,True,True
ghsr,ZINCk700000PBNCr,decoy,True,0,,,True,True
ghsr,ZINCk50000045WGu,decoy,True,0,,,True,True
ghsr,ZINCj700000FCSFL,decoy,True,0,,,True,True
ghsr,ZINCj7000018TgKo,decoy,True,0,,,True,True
ghsr,ZINCk600000PzSMz,decoy,True,0,,,True,True
ghsr,ZINCk5000009Gxnz,decoy,True,0,,,True,True
ghsr,ZINCk800000JSzpJ,decoy,True,0,,,True,True
ghsr,ZINCk800000GeYpV,decoy,True,0,,,True,True
ghsr,ZINCk8000004i2Ym,decoy,True,0,,,True,True
ghsr,ZINCk600000vWK0V,decoy,True,0,,,True,True
ghsr,ZINCk700000PChm6,decoy,True,0,,,True,True
ghsr,ZINCk5000009DZnO,decoy,True,0,,,True,True
ghsr,ZINCk700000oZ0ZD,decoy,True,0,,,True,True
ghsr,ZINCk700000gsZJy,decoy,True,0,,,True,True
ghsr,ZINCk8000004iBPX,decoy,True,0,,,True,True
ghsr,ZINCk700000Py3Sq,decoy,True,0,,,True,True
ghsr,ZINCk700000wTHS9,decoy,True,0,,,True,True
ghsr,ZINCk800000Gg86E,decoy,True,0,,,True,True
ghsr,ZINCj800000wXIrv,decoy,True,0,,,True,True
ghsr,ZINCk700000BmK2x,decoy,True,0,,,True,True
ghsr,ZINCj600000foqnH,decoy,True,0,,,True,True
ghsr,ZINCj600000JUVqm,decoy,True,0,,,True,True
ghsr,ZINCk700000PC0VL,decoy,True,0,,,True,True
ghsr,ZINCk600000PAmkg,decoy,True,0,,,True,True
ghsr,ZINCk8000009MbXD,decoy,True,0,,,True,True
ghsr,ZINCk700000drrmy,decoy,True,0,,,True,True
ghsr,ZINCk600000vXhyH,decoy,True,0,,,True,True
ghsr,ZINCk800000GfTHg,decoy,True,0,,,True,True
ghsr,ZINCk700000vmfBK,decoy,True,0,,,True,True
ghsr,ZINCk800000EmnwH,decoy,True,0,,,True,True
ghsr,ZINCk800000w7l6z,decoy,True,0,,,True,True
ghsr,ZINCj700000d8maC,decoy,True,0,,,True,True
ghsr,ZINCk800000JTZ16,decoy,True,0,,,True,True
ghsr,ZINCk5000009CCOU,decoy,True,0,,,True,True
ghsr,ZINCk800000xc5iH,decoy,True,0,,,True,True
ghsr,ZINCk6000004cpbz,decoy,True,0,,,True,True
ghsr,ZINCj800000vM535,decoy,True,0,,,True,True
ghsr,ZINCk8000004igEu,decoy,True,0,,,True,True
ghsr,ZINCk5000003Wobo,decoy,True,0,,,True,True
ghsr,ZINCk800000JSzji,decoy,True,0,,,True,True
ghsr,ZINCk600000xcrVZ,decoy,True,0,,,True,True
ghsr,ZINCk6000004dyRI,decoy,True,0,,,True,True
ghsr,ZINCj800000JW6dz,decoy,True,0,,,True,True
ghsr,ZINCj800000Bob5d,decoy,True,0,,,True,True
ghsr,ZINCk700000y8Eft,decoy,True,0,,,True,True
ghsr,ZINCk800000JTzhF,decoy,True,0,,,True,True
ghsr,ZINCk7000009L1jt,decoy,True,0,,,True,True
ghsr,ZINCk8000004izgL,decoy,True,0,,,True,True
ghsr,ZINCj7000002oGfY,decoy,True,0,,,True,True
ghsr,ZINCk7000018TEkh,decoy,True,0,,,True,True
ghsr,ZINCk7000018Tshr,decoy,True,0,,,True,True
ghsr,ZINCk800000GgcQd,decoy,True,0,,,True,True
ghsr,ZINCk8000004i0pv,decoy,True,0,,,True,True
ghsr,ZINCk8000018T5bP,decoy,True,0,,,True,True
ghsr,ZINCk8000004izgH,decoy,True,0,,,True,True
ghsr,ZINCk500000ciksw,decoy,True,0,,,True,True
ghsr,ZINCk800000PAku3,decoy,True,0,,,True,True
ghsr,ZINCk7000004glf1,decoy,True,0,,,True,True
ghsr,ZINCk8000009LPH2,decoy,True,0,,,True,True
ghsr,ZINCk600000wuUIZ,decoy,True,0,,,True,True
ghsr,ZINCk800000J9Mly,decoy,True,0,,,True,True
ghsr,ZINCk50000046Mko,decoy,True,0,,,True,True
ghsr,ZINCj6000002luVn,decoy,True,0,,,True,True
ghsr,ZINCk700000JUwjR,decoy,True,0,,,True,True
ghsr,ZINCk800000JTaco,decoy,True,0,,,True,True
ghsr,ZINCk6000004dcEJ,decoy,True,0,,,True,True
ghsr,ZINCi80000015pTQ,decoy,True,0,,,True,True
ghsr,ZINCk8000004iBsW,decoy,True,0,,,True,True
ghsr,ZINCk800000PA5TH,decoy,True,0,,,True,True
ghsr,ZINCk800000EmnGr,decoy,True,0,,,True,True
ghsr,ZINCk600000FCpJ3,decoy,True,0,,,True,True
ghsr,ZINCk8000004idWz,decoy,True,0,,,True,True
ghsr,ZINCk800000wf4BS,decoy,True,0,,,True,True
ghsr,ZINCk700000Pu1QP,decoy,True,0,,,True,True
ghsr,ZINCk600000wVCyG,decoy,True,0,,,True,True
ghsr,ZINCk800000PykBu,decoy,True,0,,,True,True
ghsr,ZINCk600000w04TU,decoy,True,0,,,True,True
ghsr,ZINCk600000PBNlG,decoy,True,0,,,True,True
ghsr,ZINCk7000018SrLs,decoy,True,0,,,True,True
ghsr,ZINCk800000PABVr,decoy,True,0,,,True,True
ghsr,ZINCk800000vbYhb,decoy,True,0,,,True,True
ghsr,ZINCk700000J9ZzA,decoy,True,0,,,True,True
ghsr,ZINCj700000xcJzW,decoy,True,0,,,True,True
ghsr,ZINCk800000PBjir,decoy,True,0,,,True,True
ghsr,ZINCk700000drpkG,decoy,True,0,,,True,True
ghsr,ZINCk800001bNn6H,decoy,True,0,,,True,True
ghsr,ZINCj5000002bP1q,decoy,True,0,,,True,True
ghsr,ZINCk8000009Lt4d,decoy,True,0,,,True,True
ghsr,ZINCk50000046Hld,decoy,True,0,,,True,True
ghsr,ZINCk600000PuGUg,decoy,True,0,,,True,True
ghsr,ZINCj800000wQUlt,decoy,True,0,,,True,True
ghsr,ZINCk6000004dyjJ,decoy,True,0,,,True,True
ghsr,ZINCk800000wUIEI,decoy,True,0,,,True,True
ghsr,ZINCk600000gpnUk,decoy,True,0,,,True,True
ghsr,ZINCk600000vNtxD,decoy,True,0,,,True,True
ghsr,ZINCh60000007R1x,decoy,True,0,,,True,True
ghsr,ZINCk7000009L1ju,decoy,True,0,,,True,True
ghsr,ZINCk8000004hZ4R,decoy,True,0,,,True,True
ghsr,ZINCj700000fpUOo,decoy,True,0,,,True,True
ghsr,ZINCk6000004dXpw,decoy,True,0,,,True,True
ghsr,ZINCk500000470tC,decoy,True,0,,,True,True
ghsr,ZINCk700000xcrYX,decoy,True,0,,,True,True
ghsr,ZINCk800000guuK3,decoy,True,0,,,True,True
ghsr,ZINCj800000JT294,decoy,True,0,,,True,True
ghsr,ZINCj700000PLhRL,decoy,True,0,,,True,True
ghsr,ZINCk800000FCBLz,decoy,True,0,,,True,True
ghsr,ZINCk600000vsRUi,decoy,True,0,,,True,True
ghsr,ZINCk700000kIR1n,decoy,True,0,,,True,True
ghsr,ZINCk8000004iiba,decoy,True,0,,,True,True
ghsr,ZINCk600000y8eZP,decoy,True,0,,,True,True
ghsr,ZINCk700001bPw69,decoy,True,0,,,True,True
ghsr,ZINCj500000d6fq6,decoy,True,0,,,True,True
ghsr,ZINCj500000rkpUe,decoy,True,0,,,True,True
ghsr,ZINCk6000018T3ti,decoy,True,0,,,True,True
ghsr,ZINCj7000002ozgH,decoy,True,0,,,True,True
ghsr,ZINCk50000042IMZ,decoy,True,0,,,True,True
ghsr,ZINCi700000wQkKb,decoy,True,0,,,True,True
ghsr,ZINCk6000018TdYz,decoy,True,0,,,True,True
ghsr,ZINCk600000vLL2b,decoy,True,0,,,True,True
ghsr,ZINCj8000018TeD3,decoy,True,0,,,True,True
ghsr,ZINCk800000guuTo,decoy,True,0,,,True,True
ghsr,ZINCk700000JTfxs,decoy,True,0,,,True,True
ghsr,ZINCj8000002rO1z,decoy,True,0,,,True,True
ghsr,ZINCk7000004fsSG,decoy,True,0,,,True,True
ghsr,ZINCk800000gusw3,decoy,True,0,,,True,True
ghsr,ZINCj700000JTQxO,decoy,True,0,,,True,True
ghsr,ZINCk600000wAeDS,decoy,True,0,,,True,True
ghsr,ZINCk8000004iOWE,decoy,True,0,,,True,True
ghsr,ZINCk500000470C5,decoy,True,0,,,True,True
ghsr,ZINCk500000gdWtb,decoy,True,0,,,True,True
ghsr,ZINCk7000004fJvy,decoy,True,0,,,True,True
ghsr,ZINCj800000FCtqd,decoy,True,0,,,True,True
ghsr,ZINCk800001bPYze,decoy,True,0,,,True,True
ghsr,ZINCk600000gpjUi,decoy,True,0,,,True,True
ghsr,ZINCk800000drSBz,decoy,True,0,,,True,True
ghsr,ZINCk600000gqaM9,decoy,True,0,,,True,True
ghsr,ZINCk800000PzPZx,decoy,True,0,,,True,True
ghsr,ZINCk7000004e717,decoy,True,0,,,True,True
ghsr,ZINCk600000PBOwt,decoy,True,0,,,True,True
ghsr,ZINCk7000004g4Ix,decoy,True,0,,,True,True
ghsr,ZINCk800000Gg9Ev,decoy,True,0,,,True,True
ghsr,ZINCj8000002rmsI,decoy,True,0,,,True,True
ghsr,ZINCk800000PBvP0,decoy,True,0,,,True,True
ghsr,ZINCk7000004fcxz,decoy,True,0,,,True,True
ghsr,ZINCk8000009MbdW,decoy,True,0,,,True,True
ghsr,ZINCk8000004idzQ,decoy,True,0,,,True,True
ghsr,ZINCk7000009L1mI,decoy,True,0,,,True,True
ghsr,ZINCk700000PAfXR,decoy,True,0,,,True,True
ghsr,ZINCj700000xcgLi,decoy,True,0,,,True,True
ghsr,ZINCk600000x0vdQ,decoy,True,0,,,True,True
ghsr,ZINCk600000dqTzA,decoy,True,0,,,True,True
ghsr,ZINCk700000Bmpfm,decoy,True,0,,,True,True
ghsr,ZINCk600000dqRAu,decoy,True,0,,,True,True
ghsr,ZINCk800000JTulP,decoy,True,0,,,True,True
ghsr,ZINCk7000018Tnqj,decoy,True,0,,,True,True
ghsr,ZINCk8000009MifW,decoy,True,0,,,True,True
ghsr,ZINCk500000cLb4I,decoy,True,0,,,True,True
ghsr,ZINCk500000doE6M,decoy,True,0,,,True,True
ghsr,ZINCk8000004ity1,decoy,True,0,,,True,True
ghsr,ZINCi800000JXDHt,decoy,True,0,,,True,True
ghsr,ZINCk600000GfUDc,decoy,True,0,,,True,True
ghsr,ZINCk7000004fvDd,decoy,True,0,,,True,True
ghsr,ZINCk7000004fuaO,decoy,True,0,,,True,True
ghsr,ZINCk7000004gCT8,decoy,True,0,,,True,True
ghsr,ZINCk700000gsUpf,decoy,True,0,,,True,True
ghsr,ZINCk600000JUn47,decoy,True,0,,,True,True
ghsr,ZINCk7000004f99a,decoy,True,0,,,True,True
ghsr,ZINCk600000dqYu8,decoy,True,0,,,True,True
ghsr,ZINCk600000wHcZs,decoy,True,0,,,True,True
ghsr,ZINCk700000PAkw8,decoy,True,0,,,True,True
ghsr,ZINCk800000guuPx,decoy,True,0,,,True,True
ghsr,ZINCj600000JU5VX,decoy,True,0,,,True,True
ghsr,ZINCk600000vkR8A,decoy,True,0,,,True,True
ghsr,ZINCk7000004fuvb,decoy,True,0,,,True,True
ghsr,ZINCk700000gswsf,decoy,True,0,,,True,True
ghsr,ZINCk800000GfZq7,decoy,True,0,,,True,True
ghsr,ZINCj800000JWqZ3,decoy,True,0,,,True,True
ghsr,ZINCk800000PxU3w,decoy,True,0,,,True,True
ghsr,ZINCk6000004dGDK,decoy,True,0,,,True,True
ghsr,ZINCk7000018SQo1,decoy,True,0,,,True,True
ghsr,ZINCk800000w5P9t,decoy,True,0,,,True,True
ghsr,ZINCj800000FCtqe,decoy,True,0,,,True,True
ghsr,ZINCk8000009M5XH,decoy,True,0,,,True,True
ghsr,ZINCk50000045zWl,decoy,True,0,,,True,True
ghsr,ZINCk700000JTrsU,decoy,True,0,,,True,True
ghsr,ZINCk800000gvnXu,decoy,True,0,,,True,True
ghsr,ZINCj8000002pKBE,decoy,True,0,,,True,True
ghsr,ZINCk5000009BMiE,decoy,True,0,,,True,True
ghsr,ZINCj5000002bSVj,decoy,True,0,,,True,True
ghsr,ZINCk6000018Tf0j,decoy,True,0,,,True,True
ghsr,ZINCj800000frmw2,decoy,True,0,,,True,True
ghsr,ZINCk5000003ZIJw,decoy,True,0,,,True,True
ghsr,ZINCk600000vlE5F,decoy,True,0,,,True,True
ghsr,ZINCk800000PAv9x,decoy,True,0,,,True,True
ghsr,ZINCk8000004i2G6,decoy,True,0,,,True,True
ghsr,ZINCk800000PtTDj,decoy,True,0,,,True,True
ghsr,ZINCk600000Emt87,decoy,True,0,,,True,True
ghsr,ZINCk700000PAMu8,decoy,True,0,,,True,True
ghsr,ZINCk700000EmACQ,decoy,True,0,,,True,True
ghsr,ZINCk800000JTOy0,decoy,True,0,,,True,True
ghsr,ZINCj5000002c8e2,decoy,True,0,,,True,True
ghsr,ZINCk500000428z1,decoy,True,0,,,True,True
ghsr,ZINCk600000kFBeL,decoy,True,0,,,True,True
ghsr,ZINCk7000004fqpt,decoy,True,0,,,True,True
ghsr,ZINCj800000PBq8P,decoy,True,0,,,True,True
ghsr,ZINCk8000004hX2Z,decoy,True,0,,,True,True
ghsr,ZINCk600000kGxFp,decoy,True,0,,,True,True
ghsr,ZINCj700000JWoku,decoy,True,0,,,True,True
ghsr,ZINCk600000gqC2d,decoy,True,0,,,True,True
ghsr,ZINCj600000y9js1,decoy,True,0,,,True,True
ghsr,ZINCk600000dr6b2,decoy,True,0,,,True,True
ghsr,ZINCk700000FCqwG,decoy,True,0,,,True,True
ghsr,ZINCk7000009KAsZ,decoy,True,0,,,True,True
ghsr,ZINCk700000gt05A,decoy,True,0,,,True,True
ghsr,ZINCk600000dr6mD,decoy,True,0,,,True,True
ghsr,ZINCk600000dqWSv,decoy,True,0,,,True,True
ghsr,ZINCk7000018TdWn,decoy,True,0,,,True,True
ghsr,ZINCk800000drOzz,decoy,True,0,,,True,True
ghsr,ZINCk7000004eXFt,decoy,True,0,,,True,True
ghsr,ZINCk600000xcctW,decoy,True,0,,,True,True
ghsr,ZINCk800000gvub8,decoy,True,0,,,True,True
ghsr,ZINCk700000drsVz,decoy,True,0,,,True,True
ghsr,ZINCk800000GfJYn,decoy,True,0,,,True,True
ghsr,ZINCk500000dp4Xa,decoy,True,0,,,True,True
ghsr,ZINCk800000wA7Mx,decoy,True,0,,,True,True
ghsr,ZINCk600000gpSos,decoy,True,0,,,True,True
ghsr,ZINCk8000004iQEh,decoy,True,0,,,True,True
ghsr,ZINCk800000BncXK,decoy,True,0,,,True,True
ghsr,ZINCk7000018Toxa,decoy,True,0,,,True,True
ghsr,ZINCk600000AIZoy,decoy,True,0,,,True,True
ghsr,ZINCk6000004dahA,decoy,True,0,,,True,True
ghsr,ZINCk8000004iBWp,decoy,True,0,,,True,True
ghsr,ZINCk5000009FSd4,decoy,True,0,,,True,True
ghsr,ZINCk800000guZBI,decoy,True,0,,,True,True
ghsr,ZINCk800000xcqB6,decoy,True,0,,,True,True
ghsr,ZINCj600000JXdK3,decoy,True,0,,,True,True
ghsr,ZINCk800000gv5WD,decoy,True,0,,,True,True
ghsr,ZINCk700000xci4B,decoy,True,0,,,True,True
ghsr,ZINCj500000wiAvw,decoy,True,0,,,True,True
ghsr,ZINCk700000JSqUm,decoy,True,0,,,True,True
ghsr,ZINCj500000wifRT,decoy,True,0,,,True,True
ghsr,ZINCk6000004dyyV,decoy,True,0,,,True,True
ghsr,ZINCk800000JTo59,decoy,True,0,,,True,True
ghsr,ZINCk800000y8MSX,decoy,True,0,,,True,True
ghsr,ZINCk800000JT7sU,decoy,True,0,,,True,True
ghsr,ZINCk7000004gObW,decoy,True,0,,,True,True
ghsr,ZINCk7000009KDuk,decoy,True,0,,,True,True
ghsr,ZINCk800000PzIYD,decoy,True,0,,,True,True
ghsr,ZINCk8000004jDXf,decoy,True,0,,,True,True
ghsr,ZINCk50000046wdg,decoy,True,0,,,True,True
ghsr,ZINCk700000GfEWD,decoy,True,0,,,True,True
ghsr,ZINCk600000JUuNn,decoy,True,0,,,True,True
ghsr,ZINCk6000004bAlI,decoy,True,0,,,True,True
ghsr,ZINCk800000x8kfV,decoy,True,0,,,True,True
ghsr,ZINCk600000gplPJ,decoy,True,0,,,True,True
ghsr,ZINCk600000EmqbV,decoy,True,0,,,True,True
ghsr,ZINCk800001bPO03,decoy,True,0,,,True,True
ghsr,ZINCk800000ds6QZ,decoy,True,0,,,True,True
ghsr,ZINCk6000004cnOP,decoy,True,0,,,True,True
ghsr,ZINCj600000y9kHG,decoy,True,0,,,True,True
ghsr,ZINCj700000Pu5Ev,decoy,True,0,,,True,True
ghsr,ZINCk600000gqrRP,decoy,True,0,,,True,True
ghsr,ZINCj8000002qqn2,decoy,True,0,,,True,True
ghsr,ZINCk800000gvf2B,decoy,True,0,,,True,True
ghsr,ZINCj600001bQGIZ,decoy,True,0,,,True,True
ghsr,ZINCk800000AIXch,decoy,True,0,,,True,True
ghsr,ZINCk600000x8nNL,decoy,True,0,,,True,True
ghsr,ZINCj600000xcRqt,decoy,True,0,,,True,True
ghsr,ZINCk6000009JfWZ,decoy,True,0,,,True,True
ghsr,ZINCk700000Bmvpo,decoy,True,0,,,True,True
ghsr,ZINCj8000002qF7s,decoy,True,0,,,True,True
ghsr,ZINCj8000002rSdf,decoy,True,0,,,True,True
ghsr,ZINCk7000009KuX7,decoy,True,0,,,True,True
ghsr,ZINCk8000004iBRf,decoy,True,0,,,True,True
ghsr,ZINCk800000y8AWn,decoy,True,0,,,True,True
ghsr,ZINCj5000002cKot,decoy,True,0,,,True,True
ghsr,ZINCk800000vbXW0,decoy,True,0,,,True,True
ghsr,ZINCj7000002nkJO,decoy,True,0,,,True,True
ghsr,ZINCk700000FCxnZ,decoy,True,0,,,True,True
ghsr,ZINCj800000GhEvj,decoy,True,0,,,True,True
ghsr,ZINCk700000xchuy,decoy,True,0,,,True,True
ghsr,ZINCk8000009LLuf,decoy,True,0,,,True,True
ghsr,ZINCj6000002lAe5,decoy,True,0,,,True,True
ghsr,ZINCk700001bP0oe,decoy,True,0,,,True,True
ghsr,ZINCk6000004cpye,decoy,True,0,,,True,True
ghsr,ZINCj700000y9Swu,decoy,True,0,,,True,True
ghsr,ZINCk800000gvfUY,decoy,True,0,,,True,True
ghsr,ZINCj8000002q10o,decoy,True,0,,,True,True
ghsr,ZINCk600000JSq6D,decoy,True,0,,,True,True
ghsr,ZINCj800000JTKIn,decoy,True,0,,,True,True
ghsr,ZINCj700000Gg9Ff,decoy,True,0,,,True,True
ghsr,ZINCk7000004eT0Z,decoy,True,0,,,True,True
ghsr,ZINCk600000gpl5k,decoy,True,0,,,True,True
ghsr,ZINCk800000Gfv2N,decoy,True,0,,,True,True
ghsr,ZINCj800000JSIdS,decoy,True,0,,,True,True
ghsr,ZINCk800000JRV8c,decoy,True,0,,,True,True
ghsr,ZINCk600000Emteg,decoy,True,0,,,True,True
ghsr,ZINCk800000PzJpT,decoy,True,0,,,True,True
ghsr,ZINCk8000018T2V9,decoy,True,0,,,True,True
ghsr,ZINCk800001bPkgG,decoy,True,0,,,True,True
ghsr,ZINCk7000004euqY,decoy,True,0,,,True,True
ghsr,ZINCk5000009DkcE,decoy,True,0,,,True,True
ghsr,ZINCk7000004f3zB,decoy,True,0,,,True,True
ghsr,ZINCk600000gpEze,decoy,True,0,,,True,True
ghsr,ZINCk700000Pznsl,decoy,True,0,,,True,True
ghsr,ZINCk50000040Was,decoy,True,0,,,True,True
ghsr,ZINCk8000004hO6o,decoy,True,0,,,True,True
ghsr,ZINCk7000004fGe7,decoy,True,0,,,True,True
ghsr,ZINCk6000009JhJw,decoy,True,0,,,True,True
ghsr,ZINCj800000JWg6w,decoy,True,0,,,True,True
ghsr,ZINCk700000BmqzF,decoy,True,0,,,True,True
ghsr,ZINCk800000JUc4o,decoy,True,0,,,True,True
ghsr,ZINCk8000004iyuD,decoy,True,0,,,True,True
ghsr,ZINCk600000wrpX9,decoy,True,0,,,True,True
ghsr,ZINCk800000BmzIB,decoy,True,0,,,True,True
ghsr,ZINCk600000PArhs,decoy,True,0,,,True,True
ghsr,ZINCj800000Bmyjl,decoy,True,0,,,True,True
ghsr,ZINCk8000004hk6q,decoy,True,0,,,True,True
ghsr,ZINCk8000004iIso,decoy,True,0,,,True,True
ghsr,ZINCi8000018UEwR,decoy,True,0,,,True,True
ghsr,ZINCk700000y8oGT,decoy,True,0,,,True,True
ghsr,ZINCj8000002rSte,decoy,True,0,,,True,True
ghsr,ZINCk800000w1Zn0,decoy,True,0,,,True,True
ghsr,ZINCj6000002laIu,decoy,True,0,,,True,True
ghsr,ZINCk800000Bm7DF,decoy,True,0,,,True,True
ghsr,ZINCk6000009JrQK,decoy,True,0,,,True,True
ghsr,ZINCk8000009LLlY,decoy,True,0,,,True,True
ghsr,ZINCk600000cvm4g,decoy,True,0,,,True,True
ghsr,ZINCk800000JTW5c,decoy,True,0,,,True,True
ghsr,ZINCk800000J9YjR,decoy,True,0,,,True,True
ghsr,ZINCk8000004he0x,decoy,True,0,,,True,True
ghsr,ZINCh600000JWctt,decoy,True,0,,,True,True
ghsr,ZINCk7000004fBsl,decoy,True,0,,,True,True
ghsr,ZINCj800001bP7Eq,decoy,True,0,,,True,True
ghsr,ZINCj700000y9JqT,decoy,True,0,,,True,True
ghsr,ZINCj7000018UyRg,decoy,True,0,,,True,True
ghsr,ZINCk700000drpjv,decoy,True,0,,,True,True
ghsr,ZINCj7000002nqps,decoy,True,0,,,True,True
ghsr,ZINCk8000004jZyy,decoy,True,0,,,True,True
ghsr,ZINCk8000009LH0X,decoy,True,0,,,True,True
ghsr,ZINCj600000EmD8H,decoy,True,0,,,True,True
ghsr,ZINCk7000004gsAi,decoy,True,0,,,True,True
ghsr,ZINCk800000PCa8s,decoy,True,0,,,True,True
ghsr,ZINCk8000009Lfwy,decoy,True,0,,,True,True
ghsr,ZINCj800000cKfpe,decoy,True,0,,,True,True
ghsr,ZINCk700000JTzjo,decoy,True,0,,,True,True
ghsr,ZINCk700000JTCa8,decoy,True,0,,,True,True
ghsr,ZINCk800000PzWQF,decoy,True,0,,,True,True
ghsr,ZINCk8000018T3g5,decoy,True,0,,,True,True
ghsr,ZINCk5000009EQVg,decoy,True,0,,,True,True
ghsr,ZINCk600000JUmBy,decoy,True,0,,,True,True
ghsr,ZINCk800001bQ4eg,decoy,True,0,,,True,True
ghsr,ZINCk600000wMsG4,decoy,True,0,,,True,True
ghsr,ZINCk600000PACTH,decoy,True,0,,,True,True
ghsr,ZINCj7000002nXGi,decoy,True,0,,,True,True
ghsr,ZINCk7000018StsX,decoy,True,0,,,True,True
ghsr,ZINCk50000041el3,decoy,True,0,,,True,True
ghsr,ZINCk7000004eWZp,decoy,True,0,,,True,True
ghsr,ZINCk8000004ih3Z,decoy,True,0,,,True,True
ghsr,ZINCk800000x7jWF,decoy,True,0,,,True,True
ghsr,ZINCk6000009Jkvm,decoy,True,0,,,True,True
ghsr,ZINCk50000043tfW,decoy,True,0,,,True,True
ghsr,ZINCk800000Pwp6F,decoy,True,0,,,True,True
ghsr,ZINCk8000004iM5A,decoy,True,0,,,True,True
ghsr,ZINCk800000JTmmX,decoy,True,0,,,True,True
ghsr,ZINCk700000PtECo,decoy,True,0,,,True,True
ghsr,ZINCj600000Enfit,decoy,True,0,,,True,True
ghsr,ZINCk700000JSDo2,decoy,True,0,,,True,True
ghsr,ZINCk700000drxKe,decoy,True,0,,,True,True
ghsr,ZINCk50000044PBe,decoy,True,0,,,True,True
ghsr,ZINCk8000004ikkL,decoy,True,0,,,True,True
ghsr,ZINCk8000004igeh,decoy,True,0,,,True,True
ghsr,ZINCk800000vdlMl,decoy,True,0,,,True,True
ghsr,ZINCk800000JTEfE,decoy,True,0,,,True,True
ghsr,ZINCk800000wzrmT,decoy,True,0,,,True,True
ghsr,ZINCk800000wuX7z,decoy,True,0,,,True,True
ghsr,ZINCk800000gvoMK,decoy,True,0,,,True,True
ghsr,ZINCj8000002qFDR,decoy,True,0,,,True,True
ghsr,ZINCk700000drnBo,decoy,True,0,,,True,True
ghsr,ZINCk800000AiE9k,decoy,True,0,,,True,True
ghsr,ZINCk800000JTwxn,decoy,True,0,,,True,True
ghsr,ZINCh600000K4lnK,decoy,True,0,,,True,True
ghsr,ZINCk7000004foGS,decoy,True,0,,,True,True
ghsr,ZINCk8000009LywA,decoy,True,0,,,True,True
ghsr,ZINCk7000004eMI6,decoy,True,0,,,True,True
ghsr,ZINCk7000009L90x,decoy,True,0,,,True,True
ghsr,ZINCk800000PyRql,decoy,True,0,,,True,True
ghsr,ZINCj700000JSdSk,decoy,True,0,,,True,True
ghsr,ZINCk800000PuGYW,decoy,True,0,,,True,True
ghsr,ZINCk8000004hXRR,decoy,True,0,,,True,True
ghsr,ZINCk800000JTiHi,decoy,True,0,,,True,True
ghsr,ZINCk800000JTI7N,decoy,True,0,,,True,True
ghsr,ZINCk8000004iwJs,decoy,True,0,,,True,True
ghsr,ZINCk8000004iQAf,decoy,True,0,,,True,True
ghsr,ZINCk700000wTyDp,decoy,True,0,,,True,True
ghsr,ZINCj800000xcKco,decoy,True,0,,,True,True
ghsr,ZINCj6000002lAmT,decoy,True,0,,,True,True
ghsr,ZINCk800000EmsOa,decoy,True,0,,,True,True
ghsr,ZINCj800000JaoGi,decoy,True,0,,,True,True
ghsr,ZINCk700000JTKDZ,decoy,True,0,,,True,True
ghsr,ZINCk700000AJ4GX,decoy,True,0,,,True,True
ghsr,ZINCk50000046wAT,decoy,True,0,,,True,True
ghsr,ZINCk700000AJ7rw,decoy,True,0,,,True,True
ghsr,ZINCk600000EmnYq,decoy,True,0,,,True,True
ghsr,ZINCk800000BmFFP,decoy,True,0,,,True,True
ghsr,ZINCk600000cLi01,decoy,True,0,,,True,True
ghsr,ZINCk800000drXK7,decoy,True,0,,,True,True
ghsr,ZINCj600000EmrHE,decoy,True,0,,,True,True
ghsr,ZINCk700000JU5hc,decoy,True,0,,,True,True
ghsr,ZINCk700000JUb6k,decoy,True,0,,,True,True
ghsr,ZINCk800000PtD2N,decoy,True,0,,,True,True
ghsr,ZINCj600000y9Mdy,decoy,True,0,,,True,True
ghsr,ZINCj700000BoboR,decoy,True,0,,,True,True
ghsr,ZINCk7000004giiC,decoy,True,0,,,True,True
ghsr,ZINCk800000gusCW,decoy,True,0,,,True,True
ghsr,ZINCk5000003XypT,decoy,True,0,,,True,True
ghsr,ZINCk7000018SBvs,decoy,True,0,,,True,True
ghsr,ZINCk800000vJvm2,decoy,True,0,,,True,True
ghsr,ZINCk800000PtDR3,decoy,True,0,,,True,True
ghsr,ZINCk7000018TsU1,decoy,True,0,,,True,True
ghsr,ZINCk800000PAnh5,decoy,True,0,,,True,True
ghsr,ZINCk700000FCG8P,decoy,True,0,,,True,True
ghsr,ZINCk800000vJPPu,decoy,True,0,,,True,True
ghsr,ZINCk800000JTUXD,decoy,True,0,,,True,True
ghsr,ZINCj600000PzPZR,decoy,True,0,,,True,True
ghsr,ZINCk700000GfTxU,decoy,True,0,,,True,True
ghsr,ZINCk8000009LLkb,decoy,True,0,,,True,True
ghsr,ZINCk700000PzY5r,decoy,True,0,,,True,True
ghsr,ZINCk7000018Tu8t,decoy,True,0,,,True,True
ghsr,ZINCk6000018SJuc,decoy,True,0,,,True,True
ghsr,ZINCk800000Bn9uT,decoy,True,0,,,True,True
ghsr,ZINCk8000004jZ3K,decoy,True,0,,,True,True
ghsr,ZINCj700000GfMS9,decoy,True,0,,,True,True
ghsr,ZINCk700000GfTxY,decoy,True,0,,,True,True
ghsr,ZINCk700000vOWnu,decoy,True,0,,,True,True
ghsr,ZINCk600000JUoNu,decoy,True,0,,,True,True
ghsr,ZINCk6000004dOFg,decoy,True,0,,,True,True
ghsr,ZINCj700000wcwmh,decoy,True,0,,,True,True
ghsr,ZINCk50000040Otq,decoy,True,0,,,True,True
ghsr,ZINCk800000JUctS,decoy,True,0,,,True,True
ghsr,ZINCk800001bQ4oD,decoy,True,0,,,True,True
ghsr,ZINCk600000dqWkL,decoy,True,0,,,True,True
ghsr,ZINCk700000y8mIQ,decoy,True,0,,,True,True
ghsr,ZINCk800000guMYh,decoy,True,0,,,True,True
ghsr,ZINCk7000004eWN1,decoy,True,0,,,True,True
ghsr,ZINCj800001bNndO,decoy,True,0,,,True,True
ghsr,ZINCk700000PC6VH,decoy,True,0,,,True,True
ghsr,ZINCk800000JSmh7,decoy,True,0,,,True,True
ghsr,ZINCk50000044YT8,decoy,True,0,,,True,True
ghsr,ZINCj700000JTEZC,decoy,True,0,,,True,True
ghsr,ZINCk5000009G8hb,decoy,True,0,,,True,True
ghsr,ZINCk600000PBkDQ,decoy,True,0,,,True,True
ghsr,ZINCk700000cLjot,decoy,True,0,,,True,True
ghsr,ZINCk600000JTu6n,decoy,True,0,,,True,True
ghsr,ZINCk600000gpYOf,decoy,True,0,,,True,True
ghsr,ZINCk5000003WxrG,decoy,True,0,,,True,True
ghsr,ZINCk8000018TA71,decoy,True,0,,,True,True
ghsr,ZINCk800000JTRZd,decoy,True,0,,,True,True
ghsr,ZINCk7000004eY8x,decoy,True,0,,,True,True
ghsr,ZINCk600000PBKBe,decoy,True,0,,,True,True
ghsr,ZINCk800000xchTI,decoy,True,0,,,True,True
ghsr,ZINCk600000PASTp,decoy,True,0,,,True,True
ghsr,ZINCk7000004ftWz,decoy,True,0,,,True,True
ghsr,ZINCk700000vni5J,decoy,True,0,,,True,True
ghsr,ZINCk7000004fB5p,decoy,True,0,,,True,True
ghsr,ZINCk700000PAEHx,decoy,True,0,,,True,True
ghsr,ZINCj8000002rmnP,decoy,True,0,,,True,True
ghsr,ZINCk700000JTOVy,decoy,True,0,,,True,True
ghsr,ZINCk700000y8B4g,decoy,True,0,,,True,True
ghsr,ZINCi800000Bo1eg,decoy,True,0,,,True,True
ghsr,ZINCk800000w6D1B,decoy,True,0,,,True,True
ghsr,ZINCk800000JSpFH,decoy,True,0,,,True,True
ghsr,ZINCj500000vnAnt,decoy,True,0,,,True,True
ghsr,ZINCk700000drzz2,decoy,True,0,,,True,True
ghsr,ZINCk800000Pwc4p,decoy,True,0,,,True,True
ghsr,ZINCk700000xcsYw,decoy,True,0,,,True,True
ghsr,ZINCk800000Pzw7e,decoy,True,0,,,True,True
ghsr,ZINCk700000drsQ4,decoy,True,0,,,True,True
ghsr,ZINCk6000009IZ1J,decoy,True,0,,,True,True
ghsr,ZINCk8000004iC43,decoy,True,0,,,True,True
ghsr,ZINCk500000dp9hX,decoy,True,0,,,True,True
ghsr,ZINCi800000JYTPE,decoy,True,0,,,True,True
ghsr,ZINCk7000004fo8S,decoy,True,0,,,True,True
ghsr,ZINCk7000004h24p,decoy,True,0,,,True,True
ghsr,ZINCj7000002nUcZ,decoy,True,0,,,True,True
ghsr,ZINCk600000gqFcL,decoy,True,0,,,True,True
ghsr,ZINCk8000004idf6,decoy,True,0,,,True,True
ghsr,ZINCj700001bPJFC,decoy,True,0,,,True,True
ghsr,ZINCk800000PCuSg,decoy,True,0,,,True,True
ghsr,ZINCk600001bO4rj,decoy,True,0,,,True,True
ghsr,ZINCk600000ww1Cp,decoy,True,0,,,True,True
ghsr,ZINCk700000PA5Ru,decoy,True,0,,,True,True
ghsr,ZINCk800000PzXtl,decoy,True,0,,,True,True
ghsr,ZINCk7000009KuSG,decoy,True,0,,,True,True
ghsr,ZINCk8000004i6V5,decoy,True,0,,,True,True
ghsr,ZINCj800000vxrHK,decoy,True,0,,,True,True
ghsr,ZINCk5000009Dj8d,decoy,True,0,,,True,True
ghsr,ZINCk800000JTrPk,decoy,True,0,,,True,True
ghsr,ZINCk800000JU0an,decoy,True,0,,,True,True
ghsr,ZINCk800000Pyw0y,decoy,True,0,,,True,True
ghsr,ZINCk50000043tzx,decoy,True,0,,,True,True
ghsr,ZINCk600000JTqNW,decoy,True,0,,,True,True
ghsr,ZINCk500000gdXQa,decoy,True,0,,,True,True
ghsr,ZINCk600000PyEwB,decoy,True,0,,,True,True
ghsr,ZINCh800000PTxP3,decoy,True,0,,,True,True
ghsr,ZINCk600000PBwsY,decoy,True,0,,,True,True
ghsr,ZINCk5000003VzYy,decoy,True,0,,,True,True
ghsr,ZINCk8000004ivBP,decoy,True,0,,,True,True
ghsr,ZINCk800000BmIIr,decoy,True,0,,,True,True
ghsr,ZINCk7000009L5iO,decoy,True,0,,,True,True
ghsr,ZINCk500000g7Yc0,decoy,True,0,,,True,True
ghsr,ZINCk600000vSwrT,decoy,True,0,,,True,True
ghsr,ZINCj700000xcxNE,decoy,True,0,,,True,True
ghsr,ZINCk800000guMRj,decoy,True,0,,,True,True
ghsr,ZINCk700000drleP,decoy,True,0,,,True,True
ghsr,ZINCk700001bPFif,decoy,True,0,,,True,True
ghsr,ZINCk800000EmvNl,decoy,True,0,,,True,True
ghsr,ZINCk700000y7VIh,decoy,True,0,,,True,True
ghsr,ZINCk8000004jwWr,decoy,True,0,,,True,True
ghsr,ZINCj700000PAe93,decoy,True,0,,,True,True
ghsr,ZINCk700000JT9tB,decoy,True,0,,,True,True
ghsr,ZINCk700000y8NCO,decoy,True,0,,,True,True
ghsr,ZINCj800000y9aPr,decoy,True,0,,,True,True
ghsr,ZINCk500000cLe8f,decoy,True,0,,,True,True
ghsr,ZINCk600000wxqpS,decoy,True,0,,,True,True
ghsr,ZINCk800001bNmdQ,decoy,True,0,,,True,True
ghsr,ZINCk600000Emt4M,decoy,True,0,,,True,True
ghsr,ZINCk600000JUuDT,decoy,True,0,,,True,True
ghsr,ZINCk600000gpiYf,decoy,True,0,,,True,True
ghsr,ZINCi8000018UE5t,decoy,True,0,,,True,True
ghsr,ZINCj800000wY54s,decoy,True,0,,,True,True
ghsr,ZINCj800000PzONr,decoy,True,0,,,True,True
ghsr,ZINCk600000Pz833,decoy,True,0,,,True,True
ghsr,ZINCj7000002p8sn,decoy,True,0,,,True,True
ghsr,ZINCj8000018Skr1,decoy,True,0,,,True,True
ghsr,ZINCj500000d6uCa,decoy,True,0,,,True,True
ghsr,ZINCk8000004iXjL,decoy,True,0,,,True,True
ghsr,ZINCk800000wxwum,decoy,True,0,,,True,True
ghsr,ZINCi600000PBI10,decoy,True,0,,,True,True
ghsr,ZINCk800000PBihx,decoy,True,0,,,True,True
ghsr,ZINCk600000vdpLH,decoy,True,0,,,True,True
ghsr,ZINCk700001bNODj,decoy,True,0,,,True,True
ghsr,ZINCk8000004i4Wk,decoy,True,0,,,True,True
ghsr,ZINCk700000PyFIP,decoy,True,0,,,True,True
ghsr,ZINCk800000guvDk,decoy,True,0,,,True,True
ghsr,ZINCj700000EmG3y,decoy,True,0,,,True,True
ghsr,ZINCk800000JTkwz,decoy,True,0,,,True,True
ghsr,ZINCk7000018SoHT,decoy,True,0,,,True,True
ghsr,ZINCk700000x2z5n,decoy,True,0,,,True,True
ghsr,ZINCk700000JSUyc,decoy,True,0,,,True,True
ghsr,ZINCj800000JWWIc,decoy,True,0,,,True,True
ghsr,ZINCk500000dp4C3,decoy,True,0,,,True,True
ghsr,ZINCk6000004bCwN,decoy,True,0,,,True,True
ghsr,ZINCk600000PwTX4,decoy,True,0,,,True,True
ghsr,ZINCk6000004cEZj,decoy,True,0,,,True,True
ghsr,ZINCk5000009Grm3,decoy,True,0,,,True,True
ghsr,ZINCk600000JTbfH,decoy,True,0,,,True,True
ghsr,ZINCk7000004eXoI,decoy,True,0,,,True,True
ghsr,ZINCj8000002qn9a,decoy,True,0,,,True,True
ghsr,ZINCj500000vjPNX,decoy,True,0,,,True,True
ghsr,ZINCk5000009DlN5,decoy,True,0,,,True,True
ghsr,ZINCk500000dq4vh,decoy,True,0,,,True,True
ghsr,ZINCk800000x0tgH,decoy,True,0,,,True,True
ghsr,ZINCk8000004iLRe,decoy,True,0,,,True,True
ghsr,ZINCk600000xcttG,decoy,True,0,,,True,True
ghsr,ZINCk700001bPdwJ,decoy,True,0,,,True,True
ghsr,ZINCk8000004jdE8,decoy,True,0,,,True,True
ghsr,ZINCk700000Bn8u5,decoy,True,0,,,True,True
ghsr,ZINCk8000018T4xF,decoy,True,0,,,True,True
ghsr,ZINCj600000PzKO4,decoy,True,0,,,True,True
ghsr,ZINCk5000009CBj8,decoy,True,0,,,True,True
ghsr,ZINCk5000009E2wp,decoy,True,0,,,True,True
ghsr,ZINCk800000gvhXh,decoy,True,0,,,True,True
ghsr,ZINCk7000004fEPm,decoy,True,0,,,True,True
ghsr,ZINCk800000PwwOp,decoy,True,0,,,True,True
ghsr,ZINCk800000PyZuf,decoy,True,0,,,True,True
ghsr,ZINCk8000004iFrA,decoy,True,0,,,True,True
ghsr,ZINCk500000getvt,decoy,True,0,,,True,True
ghsr,ZINCj600000JVEDE,decoy,True,0,,,True,True
ghsr,ZINCk700000BmJRF,decoy,True,0,,,True,True
ghsr,ZINCk700001bQfgB,decoy,True,0,,,True,True
ghsr,ZINCi80000014tQT,decoy,True,0,,,True,True
ghsr,ZINCk700001bPyy0,decoy,True,0,,,True,True
ghsr,ZINCk6000009Jov9,decoy,True,0,,,True,True
ghsr,ZINCk7000009KqEJ,decoy,True,0,,,True,True
ghsr,ZINCi700000c8Egw,decoy,True,0,,,True,True
ghsr,ZINCk800000AJ7js,decoy,True,0,,,True,True
ghsr,ZINCk600000BmJj3,decoy,True,0,,,True,True
ghsr,ZINCk5000009Dta4,decoy,True,0,,,True,True
ghsr,ZINCk600000kHq5B,decoy,True,0,,,True,True
ghsr,ZINCk800000gtHuK,decoy,True,0,,,True,True
ghsr,ZINCk800000PAaJW,decoy,True,0,,,True,True
ghsr,ZINCk600000gqyre,decoy,True,0,,,True,True
ghsr,ZINCk600000Emwp9,decoy,True,0,,,True,True
ghsr,ZINCk600000Gghn9,decoy,True,0,,,True,True
ghsr,ZINCk7000004f5cy,decoy,True,0,,,True,True
ghsr,ZINCj8000002qylJ,decoy,True,0,,,True,True
ghsr,ZINCk700000FCqam,decoy,True,0,,,True,True
ghsr,ZINCk8000018SW5B,decoy,True,0,,,True,True
ghsr,ZINCk700000BnhvB,decoy,True,0,,,True,True
ghsr,ZINCk500000dp4AB,decoy,True,0,,,True,True
ghsr,ZINCk7000018TgsP,decoy,True,0,,,True,True
ghsr,ZINCk6000018SxtB,decoy,True,0,,,True,True
ghsr,ZINCk800000GfUtp,decoy,True,0,,,True,True
ghsr,ZINCk800000gtPZb,decoy,True,0,,,True,True
ghsr,ZINCk700000PCx9I,decoy,True,0,,,True,True
ghsr,ZINCk700000PxsIP,decoy,True,0,,,True,True
ghsr,ZINCj700000Ja026,decoy,True,0,,,True,True
ghsr,ZINCj700000FCzHc,decoy,True,0,,,True,True
ghsr,ZINCk8000004k4GC,decoy,True,0,,,True,True
ghsr,ZINCk8000004i260,decoy,True,0,,,True,True
ghsr,ZINCk600000JUaNj,decoy,True,0,,,True,True
ghsr,ZINCk600000wfhCZ,decoy,True,0,,,True,True
ghsr,ZINCk8000009LAgM,decoy,True,0,,,True,True
ghsr,ZINCk5000009Do2o,decoy,True,0,,,True,True
ghsr,ZINCk700000vUh3i,decoy,True,0,,,True,True
ghsr,ZINCk800000PzyI9,decoy,True,0,,,True,True
ghsr,ZINCk50000041Ekg,decoy,True,0,,,True,True
ghsr,ZINCk700000JTzmw,decoy,True,0,,,True,True
ghsr,ZINCk600000JSVBW,decoy,True,0,,,True,True
ghsr,ZINCk7000004fJ6b,decoy,True,0,,,True,True
ghsr,ZINCk700000gssfs,decoy,True,0,,,True,True
ghsr,ZINCk7000004gIgT,decoy,True,0,,,True,True
ghsr,ZINCk600000JTl3x,decoy,True,0,,,True,True
ghsr,ZINCk700000GgcRw,decoy,True,0,,,True,True
ghsr,ZINCk600000xchM4,decoy,True,0,,,True,True
ghsr,ZINCk800000FCw0h,decoy,True,0,,,True,True
ghsr,ZINCk6000004dCFt,decoy,True,0,,,True,True
ghsr,ZINCj800000PwOle,decoy,True,0,,,True,True
ghsr,ZINCk8000004iC2j,decoy,True,0,,,True,True
ghsr,ZINCk7000009Kxrf,decoy,True,0,,,True,True
ghsr,ZINCj800000fqOgE,decoy,True,0,,,True,True
ghsr,ZINCk800000GfIqo,decoy,True,0,,,True,True
ghsr,ZINCk800000Pxos9,decoy,True,0,,,True,True
ghsr,ZINCk5000003YBaj,decoy,True,0,,,True,True
ghsr,ZINCk8000018TwmU,decoy,True,0,,,True,True
ghsr,ZINCk800000gvbQ8,decoy,True,0,,,True,True
ghsr,ZINCj6000002l7LN,decoy,True,0,,,True,True
ghsr,ZINCj5000002c1Ne,decoy,True,0,,,True,True
ghsr,ZINCk600000kHqgG,decoy,True,0,,,True,True
ghsr,ZINCk8000004kfBI,decoy,True,0,,,True,True
ghsr,ZINCj600000PLgxg,decoy,True,0,,,True,True
ghsr,ZINCk8000018ThRL,decoy,True,0,,,True,True
ghsr,ZINCk600000PAvbT,decoy,True,0,,,True,True
ghsr,ZINCk500000dpbVb,decoy,True,0,,,True,True
ghsr,ZINCj800000En6Uf,decoy,True,0,,,True,True
ghsr,ZINCk800000y7OLt,decoy,True,0,,,True,True
ghsr,ZINCk7000004fARL,decoy,True,0,,,True,True
ghsr,ZINCk600000xcqtG,decoy,True,0,,,True,True
ghsr,ZINCk7000018SQX4,decoy,True,0,,,True,True
ghsr,ZINCk5000009DDeE,decoy,True,0,,,True,True
ghsr,ZINCk7000004gUm4,decoy,True,0,,,True,True
ghsr,ZINCk800000y8Ay8,decoy,True,0,,,True,True
ghsr,ZINCk700000drtg9,decoy,True,0,,,True,True
ghsr,ZINCj800000d8K5Z,decoy,True,0,,,True,True
ghsr,ZINCk500000doSkc,decoy,True,0,,,True,True
ghsr,ZINCk700001bPevd,decoy,True,0,,,True,True
ghsr,ZINCk8000009LIS1,decoy,True,0,,,True,True
ghsr,ZINCk800000Ja13m,decoy,True,0,,,True,True
ghsr,ZINCk700000xcrfC,decoy,True,0,,,True,True
ghsr,ZINCi80000014rjS,decoy,True,0,,,True,True
ghsr,ZINCk700000JUxbB,decoy,True,0,,,True,True
ghsr,ZINCj600000JTtH9,decoy,True,0,,,True,True
ghsr,ZINCj600000JUc8s,decoy,True,0,,,True,True
ghsr,ZINCi800000vr0ue,decoy,True,0,,,True,True
ghsr,ZINCk7000004gpez,decoy,True,0,,,True,True
ghsr,ZINCk700000JRVBa,decoy,True,0,,,True,True
ghsr,ZINCk600000Ja0xT,decoy,True,0,,,True,True
ghsr,ZINCk800000PBgBy,decoy,True,0,,,True,True
ghsr,ZINCk800000GfQIO,decoy,True,0,,,True,True
ghsr,ZINCk7000004eGKV,decoy,True,0,,,True,True
ghsr,ZINCk8000004jzrq,decoy,True,0,,,True,True
ghsr,ZINCk700000GfkCG,decoy,True,0,,,True,True
ghsr,ZINCk600000dqRJl,decoy,True,0,,,True,True
ghsr,ZINCk700000PApOu,decoy,True,0,,,True,True
ghsr,ZINCk800000Ja11J,decoy,True,0,,,True,True
ghsr,ZINCk800000BmxzH,decoy,True,0,,,True,True
ghsr,ZINCk700000JTlhY,decoy,True,0,,,True,True
ghsr,ZINCk50000042Cs4,decoy,True,0,,,True,True
ghsr,ZINCk800000JTEGJ,decoy,True,0,,,True,True
ghsr,ZINCk800000JTOPk,decoy,True,0,,,True,True
ghsr,ZINCj700000PzQ9N,decoy,True,0,,,True,True
ghsr,ZINCk8000009Lyww,decoy,True,0,,,True,True
ghsr,ZINCj800000xceQv,decoy,True,0,,,True,True
ghsr,ZINCk700000FCzyM,decoy,True,0,,,True,True
ghsr,ZINCj600000JS9xF,decoy,True,0,,,True,True
ghsr,ZINCk700000Ja0Nh,decoy,True,0,,,True,True
ghsr,ZINCj800000JWx7V,decoy,True,0,,,True,True
ghsr,ZINCk500000doMnd,decoy,True,0,,,True,True
ghsr,ZINCk8000018SXlV,decoy,True,0,,,True,True
ghsr,ZINCk600000PC8Rf,decoy,True,0,,,True,True
ghsr,ZINCk700000Ptxmn,decoy,True,0,,,True,True
ghsr,ZINCk800000PCa7X,decoy,True,0,,,True,True
ghsr,ZINCk700000Px5fP,decoy,True,0,,,True,True
ghsr,ZINCi600000xdbtN,decoy,True,0,,,True,True
ghsr,ZINCk800000gtuQs,decoy,True,0,,,True,True
ghsr,ZINCk50000041zP9,decoy,True,0,,,True,True
ghsr,ZINCk8000004i2ku,decoy,True,0,,,True,True
ghsr,ZINCk7000004g4d9,decoy,True,0,,,True,True
ghsr,ZINCk5000003XmGL,decoy,True,0,,,True,True
ghsr,ZINCk500000g7vn1,decoy,True,0,,,True,True
ghsr,ZINCk500000dqbkl,decoy,True,0,,,True,True
ghsr,ZINCk5000003YW9G,decoy,True,0,,,True,True
ghsr,ZINCk7000009KtlE,decoy,True,0,,,True,True
ghsr,ZINCj700000JTxbA,decoy,True,0,,,True,True
ghsr,ZINCk800001bPJKn,decoy,True,0,,,True,True
ghsr,ZINCk600000wc978,decoy,True,0,,,True,True
ghsr,ZINCk800000JTKet,decoy,True,0,,,True,True
ghsr,ZINCk700000drpYH,decoy,True,0,,,True,True
ghsr,ZINCk7000004gKkV,decoy,True,0,,,True,True
ghsr,ZINCk600000Pu5Es,decoy,True,0,,,True,True
ghsr,ZINCk8000004j8mL,decoy,True,0,,,True,True
ghsr,ZINCk600000PxgIB,decoy,True,0,,,True,True
ghsr,ZINCj700000Gg5Jb,decoy,True,0,,,True,True
ghsr,ZINCk800001bQcGS,decoy,True,0,,,True,True
ghsr,ZINCk6000004cZ1Q,decoy,True,0,,,True,True
ghsr,ZINCk8000004iM7p,decoy,True,0,,,True,True
ghsr,ZINCk800000gv7ra,decoy,True,0,,,True,True
ghsr,ZINCk7000009KRLS,decoy,True,0,,,True,True
ghsr,ZINCi5000000Xc0S,decoy,True,0,,,True,True
ghsr,ZINCk600000Bm9Nd,decoy,True,0,,,True,True
ghsr,ZINCk6000004dlSz,decoy,True,0,,,True,True
ghsr,ZINCk800000PA0o2,decoy,True,0,,,True,True
ghsr,ZINCk800000JTGjb,decoy,True,0,,,True,True
ghsr,ZINCk700000wx36T,decoy,True,0,,,True,True
ghsr,ZINCk5000003Ys2S,decoy,True,0,,,True,True
ghsr,ZINCk800000JS8Ck,decoy,True,0,,,True,True
ghsr,ZINCk700000JUf7G,decoy,True,0,,,True,True
ghsr,ZINCk700000AJ5rU,decoy,True,0,,,True,True
ghsr,ZINCk600001bPzfc,decoy,True,0,,,True,True
ghsr,ZINCk50000046fbF,decoy,True,0,,,True,True
ghsr,ZINCk6000009JhJN,decoy,True,0,,,True,True
ghsr,ZINCk8000009Mfcx,decoy,True,0,,,True,True
ghsr,ZINCk7000009KfII,decoy,True,0,,,True,True
ghsr,ZINCk800000EmzXH,decoy,True,0,,,True,True
ghsr,ZINCk800000Pu4Dd,decoy,True,0,,,True,True
ghsr,ZINCk800000PAqEJ,decoy,True,0,,,True,True
ghsr,ZINCj800000PAGkZ,decoy,True,0,,,True,True
ghsr,ZINCj700000JVhgW,decoy,True,0,,,True,True
ghsr,ZINCk600000dqQj5,decoy,True,0,,,True,True
ghsr,ZINCk800000Bn1an,decoy,True,0,,,True,True
ghsr,ZINCk7000004ghqZ,decoy,True,0,,,True,True
ghsr,ZINCk800000PAtAw,decoy,True,0,,,True,True
ghsr,ZINCj800000fqEUJ,decoy,True,0,,,True,True
ghsr,ZINCk800000PtEJD,decoy,True,0,,,True,True
ghsr,ZINCk800001bOhEB,decoy,True,0,,,True,True
ghsr,ZINCj6000002lqSe,decoy,True,0,,,True,True
ghsr,ZINCk700000drwgM,decoy,True,0,,,True,True
ghsr,ZINCj600001bPpQC,decoy,True,0,,,True,True
ghsr,ZINCk50000046FSL,decoy,True,0,,,True,True
ghsr,ZINCk50000047sNG,decoy,True,0,,,True,True
ghsr,ZINCk6000004dm5O,decoy,True,0,,,True,True
ghsr,ZINCj7000018Tvns,decoy,True,0,,,True,True
ghsr,ZINCk7000009Kdhb,decoy,True,0,,,True,True
ghsr,ZINCk7000009KhHK,decoy,True,0,,,True,True
ghsr,ZINCk6000004dBme,decoy,True,0,,,True,True
ghsr,ZINCj800000JXdaJ,decoy,True,0,,,True,True
ghsr,ZINCk8000009Mfqe,decoy,True,0,,,True,True
ghsr,ZINCk8000009LjYJ,decoy,True,0,,,True,True
ghsr,ZINCk600000gqg3f,decoy,True,0,,,True,True
ghsr,ZINCk600000JUn28,decoy,True,0,,,True,True
ghsr,ZINCk700000PBORJ,decoy,True,0,,,True,True
ghsr,ZINCk7000004ftWx,decoy,True,0,,,True,True
ghsr,ZINCk600000Gf3R9,decoy,True,0,,,True,True
ghsr,ZINCj600000BmDgh,decoy,True,0,,,True,True
ghsr,ZINCk600000PuoIS,decoy,True,0,,,True,True
ghsr,ZINCh500000wyLoi,decoy,True,0,,,True,True
ghsr,ZINCk700000drzOt,decoy,True,0,,,True,True
ghsr,ZINCk6000004dvjo,decoy,True,0,,,True,True
ghsr,ZINCk800001bNgHz,decoy,True,0,,,True,True
ghsr,ZINCj800000JWyQl,decoy,True,0,,,True,True
ghsr,ZINCk8000004imkQ,decoy,True,0,,,True,True
ghsr,ZINCk800000PCinn,decoy,True,0,,,True,True
ghsr,ZINCk600000PAEyB,decoy,True,0,,,True,True
ghsr,ZINCj800000frHgL,decoy,True,0,,,True,True
ghsr,ZINCj600000JTGna,decoy,True,0,,,True,True
ghsr,ZINCk600000gqlSG,decoy,True,0,,,True,True
ghsr,ZINCk700000PAI2u,decoy,True,0,,,True,True
ghsr,ZINCk800000PBGnM,decoy,True,0,,,True,True
ghsr,ZINCk600000JUrop,decoy,True,0,,,True,True
ghsr,ZINCk800001bOdu8,decoy,True,0,,,True,True
ghsr,ZINCk600000Pzsr9,decoy,True,0,,,True,True
ghsr,ZINCk600000gpzZR,decoy,True,0,,,True,True
ghsr,ZINCk700000Pup5r,decoy,True,0,,,True,True
ghsr,ZINCk800000xcj4U,decoy,True,0,,,True,True
ghsr,ZINCk7000018Two3,decoy,True,0,,,True,True
ghsr,ZINCk7000004eYZL,decoy,True,0,,,True,True
ghsr,ZINCj600000PAGwV,decoy,True,0,,,True,True
ghsr,ZINCk800000PwFwf,decoy,True,0,,,True,True
ghsr,ZINCk6000004crq7,decoy,True,0,,,True,True
ghsr,ZINCk800000PwEUu,decoy,True,0,,,True,True
ghsr,ZINCk700000BlTQh,decoy,True,0,,,True,True
ghsr,ZINCk8000004izzK,decoy,True,0,,,True,True
ghsr,ZINCj800000PtwZp,decoy,True,0,,,True,True
ghsr,ZINCk6000009Jays,decoy,True,0,,,True,True
ghsr,ZINCk7000004f8Cj,decoy,True,0,,,True,True
ghsr,ZINCk600000PC7ZQ,decoy,True,0,,,True,True
ghsr,ZINCk800000PBwvN,decoy,True,0,,,True,True
ghsr,ZINCk800000FCAWI,decoy,True,0,,,True,True
ghsr,ZINCj5000002bSsG,decoy,True,0,,,True,True
ghsr,ZINCk500000464Qq,decoy,True,0,,,True,True
ghsr,ZINCk50000041FNa,decoy,True,0,,,True,True
ghsr,ZINCj700000xcHDm,decoy,True,0,,,True,True
ghsr,ZINCk8000009LSZh,decoy,True,0,,,True,True
ghsr,ZINCk800000AiAwh,decoy,True,0,,,True,True
ghsr,ZINCk700000PzpaI,decoy,True,0,,,True,True
ghsr,ZINCk600000vTZRE,decoy,True,0,,,True,True
ghsr,ZINCk800000JTuRO,decoy,True,0,,,True,True
ghsr,ZINCk800000Em8bV,decoy,True,0,,,True,True
ghsr,ZINCj600000foqFs,decoy,True,0,,,True,True
ghsr,ZINCj600000d82tf,decoy,True,0,,,True,True
ghsr,ZINCk500000g9TiP,decoy,True,0,,,True,True
ghsr,ZINCk600000Pzsm4,decoy,True,0,,,True,True
ghsr,ZINCk5000003V8rF,decoy,True,0,,,True,True
ghsr,ZINCk50000041Fyp,decoy,True,0,,,True,True
ghsr,ZINCk600000vJh2l,decoy,True,0,,,True,True
ghsr,ZINCk800000GfOEL,decoy,True,0,,,True,True
ghsr,ZINCk7000018Toae,decoy,True,0,,,True,True
ghsr,ZINCk6000009Jomo,decoy,True,0,,,True,True
ghsr,ZINCk500000gfzoE,decoy,True,0,,,True,True
ghsr,ZINCk800000AJaCu,decoy,True,0,,,True,True
ghsr,ZINCk800000ds8Aw,decoy,True,0,,,True,True
ghsr,ZINCk700000PtOII,decoy,True,0,,,True,True
ghsr,ZINCi800000JYmXL,decoy,True,0,,,True,True
ghsr,ZINCk800000Gf1uT,decoy,True,0,,,True,True
ghsr,ZINCi700000JZb1Q,decoy,True,0,,,True,True
ghsr,ZINCk700000EmveB,decoy,True,0,,,True,True
ghsr,ZINCk800000JSN0Y,decoy,True,0,,,True,True
ghsr,ZINCk600000dr0LE,decoy,True,0,,,True,True
ghsr,ZINCk8000004hVmh,decoy,True,0,,,True,True
ghsr,ZINCk800000Py1sm,decoy,True,0,,,True,True
ghsr,ZINCj700000En5Xn,decoy,True,0,,,True,True
ghsr,ZINCj6000002lA7T,decoy,True,0,,,True,True
ghsr,ZINCj800000JT0bw,decoy,True,0,,,True,True
ghsr,ZINCk600000dr5nz,decoy,True,0,,,True,True
ghsr,ZINCk800000Pu8DB,decoy,True,0,,,True,True
ghsr,ZINCk800000J9TM3,decoy,True,0,,,True,True
ghsr,ZINCk600000PzsmL,decoy,True,0,,,True,True
ghsr,ZINCk600000PC8GU,decoy,True,0,,,True,True
ghsr,ZINCk7000018TaLr,decoy,True,0,,,True,True
ghsr,ZINCj700000FCEYI,decoy,True,0,,,True,True
ghsr,ZINCj500000d7nOF,decoy,True,0,,,True,True
ghsr,ZINCk8000018ThgZ,decoy,True,0,,,True,True
ghsr,ZINCk600000Pyhgy,decoy,True,0,,,True,True
ghsr,ZINCk8000004iPdH,decoy,True,0,,,True,True
ghsr,ZINCk7000004eC3S,decoy,True,0,,,True,True
ghsr,ZINCk8000009Mg4L,decoy,True,0,,,True,True
ghsr,ZINCk600000GfSWC,decoy,True,0,,,True,True
ghsr,ZINCj700000BojI8,decoy,True,0,,,True,True
ghsr,ZINCk800000PC3Tk,decoy,True,0,,,True,True
ghsr,ZINCk7000018TryW,decoy,True,0,,,True,True
ghsr,ZINCj600000JU75f,decoy,True,0,,,True,True
ghsr,ZINCk600000wXjIr,decoy,True,0,,,True,True
ghsr,ZINCk500000gdrtO,decoy,True,0,,,True,True
ghsr,ZINCk800000PAi5j,decoy,True,0,,,True,True
ghsr,ZINCk600001bPrL8,decoy,True,0,,,True,True
ghsr,ZINCk600000wSlsg,decoy,True,0,,,True,True
ghsr,ZINCj8000002qcQb,decoy,True,0,,,True,True
ghsr,ZINCk8000009LzdP,decoy,True,0,,,True,True
ghsr,ZINCj600000wMi2D,decoy,True,0,,,True,True
ghsr,ZINCj600000Ja7Na,decoy,True,0,,,True,True
ghsr,ZINCj500000wEdZE,decoy,True,0,,,True,True
ghsr,ZINCk600000wsuKv,decoy,True,0,,,True,True
ghsr,ZINCk7000004eKcr,decoy,True,0,,,True,True
ghsr,ZINCk700000FCCRC,decoy,True,0,,,True,True
ghsr,ZINCk50000040Qrr,decoy,True,0,,,True,True
ghsr,ZINCk800000drZr6,decoy,True,0,,,True,True
ghsr,ZINCk5000003XxBJ,decoy,True,0,,,True,True
ghsr,ZINCk600000xclbz,decoy,True,0,,,True,True
ghsr,ZINCk8000004iUU6,decoy,True,0,,,True,True
ghsr,ZINCj800000d8JIu,decoy,True,0,,,True,True
ghsr,ZINCj8000002rLl9,decoy,True,0,,,True,True
ghsr,ZINCj800000JUSFh,decoy,True,0,,,True,True
ghsr,ZINCk700000PyGjc,decoy,True,0,,,True,True
ghsr,ZINCk800000gvQEP,decoy,True,0,,,True,True
ghsr,ZINCj500000xchqe,decoy,True,0,,,True,True
ghsr,ZINCk700000JTDEL,decoy,True,0,,,True,True
ghsr,ZINCk8000004iqMv,decoy,True,0,,,True,True
ghsr,ZINCk800000BncUw,decoy,True,0,,,True,True
ghsr,ZINCk8000004i2Ke,decoy,True,0,,,True,True
ghsr,ZINCk8000004iF6S,decoy,True,0,,,True,True
ghsr,ZINCj800000d8Kwr,decoy,True,0,,,True,True
ghsr,ZINCk800000JTa1Z,decoy,True,0,,,True,True
ghsr,ZINCk600000PAiCY,decoy,True,0,,,True,True
ghsr,ZINCk5000009DLT5,decoy,True,0,,,True,True
ghsr,ZINCk7000004fcHh,decoy,True,0,,,True,True
ghsr,ZINCj7000002nmyp,decoy,True,0,,,True,True
ghsr,ZINCk800000wXSG9,decoy,True,0,,,True,True
ghsr,ZINCk500000doOT1,decoy,True,0,,,True,True
ghsr,ZINCk800000JSzyg,decoy,True,0,,,True,True
ghsr,ZINCj8000018T0D0,decoy,True,0,,,True,True
ghsr,ZINCk5000009CFIq,decoy,True,0,,,True,True
ghsr,ZINCk600001bPFdy,decoy,True,0,,,True,True
ghsr,ZINCk800000PAQFa,decoy,True,0,,,True,True
ghsr,ZINCj600000FCYSC,decoy,True,0,,,True,True
ghsr,ZINCk7000009K0tX,decoy,True,0,,,True,True
ghsr,ZINCk700000PtRuX,decoy,True,0,,,True,True
ghsr,ZINCk6000018Ta4Y,decoy,True,0,,,True,True
ghsr,ZINCk800000ciFEC,decoy,True,0,,,True,True
ghsr,ZINCk800000JU9JL,decoy,True,0,,,True,True
ghsr,ZINCk500000dq4PX,decoy,True,0,,,True,True
ghsr,ZINCk600000PCbfy,decoy,True,0,,,True,True
ghsr,ZINCk700000Pzi6w,decoy,True,0,,,True,True
ghsr,ZINCk600000gpOAB,decoy,True,0,,,True,True
ghsr,ZINCk800000PAcNZ,decoy,True,0,,,True,True
ghsr,ZINCk700000JTfma,decoy,True,0,,,True,True
ghsr,ZINCk700000JTTlj,decoy,True,0,,,True,True
ghsr,ZINCj800000PCxfJ,decoy,True,0,,,True,True
ghsr,ZINCi70000097RWp,decoy,True,0,,,True,True
ghsr,ZINCk8000004ihHf,decoy,True,0,,,True,True
ghsr,ZINCj8000002qJfL,decoy,True,0,,,True,True
ghsr,ZINCk600000JSDum,decoy,True,0,,,True,True
ghsr,ZINCi700000wiEOb,decoy,True,0,,,True,True
ghsr,ZINCk600000wp8Mo,decoy,True,0,,,True,True
ghsr,ZINCk700000Ja0Ea,decoy,True,0,,,True,True
ghsr,ZINCk500000cLbcD,decoy,True,0,,,True,True
ghsr,ZINCj600000Bool8,decoy,True,0,,,True,True
ghsr,ZINCk700001bO6B3,decoy,True,0,,,True,True
ghsr,ZINCk800000PtBNS,decoy,True,0,,,True,True
ghsr,ZINCk800001bNp8r,decoy,True,0,,,True,True
ghsr,ZINCk600000vJFHw,decoy,True,0,,,True,True
ghsr,ZINCk700000wCPtd,decoy,True,0,,,True,True
ghsr,ZINCk800000JRYv8,decoy,True,0,,,True,True
ghsr,ZINCj500000fhuCA,decoy,True,0,,,True,True
ghsr,ZINCk800000gvOh3,decoy,True,0,,,True,True
ghsr,ZINCk600000dqY1l,decoy,True,0,,,True,True
ghsr,ZINCk700000y8p6a,decoy,True,0,,,True,True
ghsr,ZINCk500000dpGO8,decoy,True,0,,,True,True
ghsr,ZINCk8000018SWPR,decoy,True,0,,,True,True
ghsr,ZINCj6000002lykN,decoy,True,0,,,True,True
ghsr,ZINCk5000003XWAl,decoy,True,0,,,True,True
ghsr,ZINCk800000viWnO,decoy,True,0,,,True,True
ghsr,ZINCk600000wI9FZ,decoy,True,0,,,True,True
ghsr,ZINCk600001bNqgQ,decoy,True,0,,,True,True
ghsr,ZINCk600001bNu4g,decoy,True,0,,,True,True
ghsr,ZINCk800000Pynei,decoy,True,0,,,True,True
ghsr,ZINCj800000wcZfd,decoy,True,0,,,True,True
ghsr,ZINCk600000wFRyi,decoy,True,0,,,True,True
ghsr,ZINCj6000002kMNO,decoy,True,0,,,True,True
ghsr,ZINCk700000JU9Sl,decoy,True,0,,,True,True
ghsr,ZINCj8000009ktJR,decoy,True,0,,,True,True
ghsr,ZINCk700000PzC17,decoy,True,0,,,True,True
ghsr,ZINCk800000Bm6KP,decoy,True,0,,,True,True
ghsr,ZINCj800000PHguV,decoy,True,0,,,True,True
ghsr,ZINCk7000018ToWQ,decoy,True,0,,,True,True
ghsr,ZINCk600000gqIrs,decoy,True,0,,,True,True
ghsr,ZINCk8000004i2XY,decoy,True,0,,,True,True
ghsr,ZINCk800001bPM9Y,decoy,True,0,,,True,True
ghsr,ZINCk700000drwBy,decoy,True,0,,,True,True
ghsr,ZINCk5000009Fi4Z,decoy,True,0,,,True,True
ghsr,ZINCk50000046zkh,decoy,True,0,,,True,True
ghsr,ZINCk8000018TF12,decoy,True,0,,,True,True
ghsr,ZINCk800000PAH7V,decoy,True,0,,,True,True
ghsr,ZINCk800000PtZcj,decoy,True,0,,,True,True
ghsr,ZINCk600000AJ8rf,decoy,True,0,,,True,True
ghsr,ZINCk500000dp3ZE,decoy,True,0,,,True,True
ghsr,ZINCk700001bPfQd,decoy,True,0,,,True,True
ghsr,ZINCk7000004gd3u,decoy,True,0,,,True,True
ghsr,ZINCj6000018SsaV,decoy,True,0,,,True,True
ghsr,ZINCk6000009JcSt,decoy,True,0,,,True,True
ghsr,ZINCk700000JTa7v,decoy,True,0,,,True,True
ghsr,ZINCk6000004bJA5,decoy,True,0,,,True,True
ghsr,ZINCk7000009KBbe,decoy,True,0,,,True,True
ghsr,ZINCk7000009JWh4,decoy,True,0,,,True,True
ghsr,ZINCk50000048wq5,decoy,True,0,,,True,True
ghsr,ZINCk50000041762,decoy,True,0,,,True,True
ghsr,ZINCj7000002nZj8,decoy,True,0,,,True,True
ghsr,ZINCk500000dpA8O,decoy,True,0,,,True,True
ghsr,ZINCk800000PtYYL,decoy,True,0,,,True,True
ghsr,ZINCk8000009LfwX,decoy,True,0,,,True,True
ghsr,ZINCk600000GfUYt,decoy,True,0,,,True,True
ghsr,ZINCk5000009G4cz,decoy,True,0,,,True,True
ghsr,ZINCk600000AJbbx,decoy,True,0,,,True,True
ghsr,ZINCj8000002rHpm,decoy,True,0,,,True,True
ghsr,ZINCk700000gsOZ5,decoy,True,0,,,True,True
ghsr,ZINCk7000004eCoP,decoy,True,0,,,True,True
ghsr,ZINCk7000009KZZr,decoy,True,0,,,True,True
ghsr,ZINCj600000BnR94,decoy,True,0,,,True,True
ghsr,ZINCk6000009IXDM,decoy,True,0,,,True,True
ghsr,ZINCk800000PzxvE,decoy,True,0,,,True,True
ghsr,ZINCk700000Pz8Me,decoy,True,0,,,True,True
ghsr,ZINCj700000PzsK0,decoy,True,0,,,True,True
ghsr,ZINCk600000gpUvV,decoy,True,0,,,True,True
ghsr,ZINCk600001bNsCK,decoy,True,0,,,True,True
ghsr,ZINCk700000FCBSK,decoy,True,0,,,True,True
ghsr,ZINCk600000gqEx4,decoy,True,0,,,True,True
ghsr,ZINCk700000PBdgw,decoy,True,0,,,True,True
ghsr,ZINCk600000GfNUF,decoy,True,0,,,True,True
ghsr,ZINCk800000Pvnkm,decoy,True,0,,,True,True
ghsr,ZINCk500000gdQES,decoy,True,0,,,True,True
ghsr,ZINCi800000AJ9Nz,decoy,True,0,,,True,True
ghsr,ZINCk800000ciGFd,decoy,True,0,,,True,True
ghsr,ZINCk700000AJ7PV,decoy,True,0,,,True,True
ghsr,ZINCk8000004idJG,decoy,True,0,,,True,True
ghsr,ZINCj5000002ckVJ,decoy,True,0,,,True,True
ghsr,ZINCk800000we7Wv,decoy,True,0,,,True,True
ghsr,ZINCj500000d6uIc,decoy,True,0,,,True,True
ghsr,ZINCj8000002qwcT,decoy,True,0,,,True,True
ghsr,ZINCj800000PxTfn,decoy,True,0,,,True,True
ghsr,ZINCk700000FCpX8,decoy,True,0,,,True,True
ghsr,ZINCk8000004iHzY,decoy,True,0,,,True,True
ghsr,ZINCk700000PvgD3,decoy,True,0,,,True,True
ghsr,ZINCk800001bPKfE,decoy,True,0,,,True,True
ghsr,ZINCk7000009KuMQ,decoy,True,0,,,True,True
ghsr,ZINCk7000004eGTl,decoy,True,0,,,True,True
ghsr,ZINCk50000045w8F,decoy,True,0,,,True,True
ghsr,ZINCk500000419tt,decoy,True,0,,,True,True
ghsr,ZINCj600000JTpHH,decoy,True,0,,,True,True
ghsr,ZINCk800000PzxvH,decoy,True,0,,,True,True
ghsr,ZINCk6000009JrTd,decoy,True,0,,,True,True
ghsr,ZINCk800000PACto,decoy,True,0,,,True,True
ghsr,ZINCk50000048wgG,decoy,True,0,,,True,True
ghsr,ZINCj700000PJMpb,decoy,True,0,,,True,True
ghsr,ZINCk800001bQaub,decoy,True,0,,,True,True
ghsr,ZINCj600000y9mSf,decoy,True,0,,,True,True
ghsr,ZINCj800000Pz3op,decoy,True,0,,,True,True
ghsr,ZINCk6000018T9c3,decoy,True,0,,,True,True
ghsr,ZINCk600000ciA2g,decoy,True,0,,,True,True
ghsr,ZINCk6000004cV1E,decoy,True,0,,,True,True
ghsr,ZINCk800000EmtYp,decoy,True,0,,,True,True
ghsr,ZINCk700000Gg5Qi,decoy,True,0,,,True,True
ghsr,ZINCk800000Pu61e,decoy,True,0,,,True,True
ghsr,ZINCk7000004eR7K,decoy,True,0,,,True,True
ghsr,ZINCj800000FCplr,decoy,True,0,,,True,True
ghsr,ZINCk800000PuUt7,decoy,True,0,,,True,True
ghsr,ZINCk800000GfUsB,decoy,True,0,,,True,True
ghsr,ZINCk700000AJ83S,decoy,True,0,,,True,True
ghsr,ZINCk8000004hgab,decoy,True,0,,,True,True
ghsr,ZINCk5000009E2qh,decoy,True,0,,,True,True
ghsr,ZINCk800000Py8bM,decoy,True,0,,,True,True
ghsr,ZINCk800000gunqR,decoy,True,0,,,True,True
ghsr,ZINCk800000BmjdR,decoy,True,0,,,True,True
ghsr,ZINCk8000004ixtl,decoy,True,0,,,True,True
ghsr,ZINCk5000009DNH8,decoy,True,0,,,True,True
ghsr,ZINCk600000PBhib,decoy,True,0,,,True,True
ghsr,ZINCk600000JSdfM,decoy,True,0,,,True,True
ghsr,ZINCk8000009LRBQ,decoy,True,0,,,True,True
ghsr,ZINCk8000009LATg,decoy,True,0,,,True,True
ghsr,ZINCi500000vRKWz,decoy,True,0,,,True,True
ghsr,ZINCj700000AJvSk,decoy,True,0,,,True,True
ghsr,ZINCk800000wSlDf,decoy,True,0,,,True,True
ghsr,ZINCj700000JScOd,decoy,True,0,,,True,True
ghsr,ZINCj800000fqoHl,decoy,True,0,,,True,True
ghsr,ZINCk500000gblMz,decoy,True,0,,,True,True
ghsr,ZINCk8000004jD2w,decoy,True,0,,,True,True
ghsr,ZINCk800000PtTvJ,decoy,True,0,,,True,True
ghsr,ZINCk700000vkXoQ,decoy,True,0,,,True,True
ghsr,ZINCk700000PzZeB,decoy,True,0,,,True,True
ghsr,ZINCk700000JU9Bb,decoy,True,0,,,True,True
ghsr,ZINCk800000JU6Sa,decoy,True,0,,,True,True
ghsr,ZINCk700000GfXoA,decoy,True,0,,,True,True
ghsr,ZINCk600000vJ41m,decoy,True,0,,,True,True
ghsr,ZINCj6000018UH4G,decoy,True,0,,,True,True
ghsr,ZINCk600000gpFUb,decoy,True,0,,,True,True
ghsr,ZINCk700000JTO0l,decoy,True,0,,,True,True
ghsr,ZINCk5000003ZXd1,decoy,True,0,,,True,True
ghsr,ZINCh8000000aXcZ,decoy,True,0,,,True,True
ghsr,ZINCk6000004dkWb,decoy,True,0,,,True,True
ghsr,ZINCk6000004cFCM,decoy,True,0,,,True,True
ghsr,ZINCk8000004jcQa,decoy,True,0,,,True,True
ghsr,ZINCk7000018TgPn,decoy,True,0,,,True,True
ghsr,ZINCk5000003ZyLv,decoy,True,0,,,True,True
ghsr,ZINCk8000009LSlG,decoy,True,0,,,True,True
ghsr,ZINCk700000wAYJ9,decoy,True,0,,,True,True
ghsr,ZINCk500000geQFV,decoy,True,0,,,True,True
ghsr,ZINCk800000JUvI5,decoy,True,0,,,True,True
ghsr,ZINCk6000004diM0,decoy,True,0,,,True,True
ghsr,ZINCk600000wAN7v,decoy,True,0,,,True,True
ghsr,ZINCk7000004ghsL,decoy,True,0,,,True,True
ghsr,ZINCk7000004giYl,decoy,True,0,,,True,True
ghsr,ZINCk8000004jPT7,decoy,True,0,,,True,True
ghsr,ZINCk6000004cY3o,decoy,True,0,,,True,True
ghsr,ZINCk600000vV0qj,decoy,True,0,,,True,True
ghsr,ZINCi800000AJzC0,decoy,True,0,,,True,True
ghsr,ZINCj800000PDmrj,decoy,True,0,,,True,True
ghsr,ZINCk500000gbLa1,decoy,True,0,,,True,True
ghsr,ZINCk800001bPQsZ,decoy,True,0,,,True,True
ghsr,ZINCk800000JSEnY,decoy,True,0,,,True,True
ghsr,ZINCk500000dpO5f,decoy,True,0,,,True,True
ghsr,ZINCk800000JTq5P,decoy,True,0,,,True,True
ghsr,ZINCk800000wsvke,decoy,True,0,,,True,True
ghsr,ZINCk8000004iAC4,decoy,True,0,,,True,True
ghsr,ZINCk7000004f8Dd,decoy,True,0,,,True,True
ghsr,ZINCk8000004iiBi,decoy,True,0,,,True,True
ghsr,ZINCk600000BmsmS,decoy,True,0,,,True,True
ghsr,ZINCk7000018SroO,decoy,True,0,,,True,True
ghsr,ZINCk8000009LQTZ,decoy,True,0,,,True,True
ghsr,ZINCk8000009Ly5S,decoy,True,0,,,True,True
ghsr,ZINCk700000PwIUo,decoy,True,0,,,True,True
ghsr,ZINCk5000003Y4B8,decoy,True,0,,,True,True
ghsr,ZINCk700000JTxbD,decoy,True,0,,,True,True
ghsr,ZINCj8000018Tg4a,decoy,True,0,,,True,True
ghsr,ZINCk700000PtJsv,decoy,True,0,,,True,True
ghsr,ZINCk700000gsaIB,decoy,True,0,,,True,True
ghsr,ZINCk5000009FECS,decoy,True,0,,,True,True
ghsr,ZINCk8000004iefF,decoy,True,0,,,True,True
ghsr,ZINCj800000JULcr,decoy,True,0,,,True,True
ghsr,ZINCk6000004cGWF,decoy,True,0,,,True,True
ghsr,ZINCk800000Bn7zf,decoy,True,0,,,True,True
ghsr,ZINCk600000JU4gH,decoy,True,0,,,True,True
ghsr,ZINCk500000gdOs9,decoy,True,0,,,True,True
ghsr,ZINCj500000kGdi1,decoy,True,0,,,True,True
ghsr,ZINCj5000009gr4R,decoy,True,0,,,True,True
ghsr,ZINCk7000009KRbz,decoy,True,0,,,True,True
ghsr,ZINCk600000PAEmt,decoy,True,0,,,True,True
ghsr,ZINCk50000048fa4,decoy,True,0,,,True,True
ghsr,ZINCk800000JTflM,decoy,True,0,,,True,True
ghsr,ZINCj5000002i4JO,decoy,True,0,,,True,True
ghsr,ZINCk8000009MjAy,decoy,True,0,,,True,True
ghsr,ZINCk6000004dLJO,decoy,True,0,,,True,True
ghsr,ZINCk700001bOYah,decoy,True,0,,,True,True
ghsr,ZINCk5000003Wmu3,decoy,True,0,,,True,True
ghsr,ZINCk800000vz2SN,decoy,True,0,,,True,True
ghsr,ZINCk600000PymNh,decoy,True,0,,,True,True
ghsr,ZINCk700001bPzgd,decoy,True,0,,,True,True
ghsr,ZINCk5000004176C,decoy,True,0,,,True,True
ghsr,ZINCk800000PClk5,decoy,True,0,,,True,True
ghsr,ZINCk8000004hwUr,decoy,True,0,,,True,True
ghsr,ZINCk700001bPnHg,decoy,True,0,,,True,True
ghsr,ZINCk6000004cG21,decoy,True,0,,,True,True
ghsr,ZINCk500000dp1UD,decoy,True,0,,,True,True
ghsr,ZINCj800000JXfk6,decoy,True,0,,,True,True
ghsr,ZINCj800000JWhui,decoy,True,0,,,True,True
ghsr,ZINCi800000JScl4,decoy,True,0,,,True,True
ghsr,ZINCj800000PDmrk,decoy,True,0,,,True,True
ghsr,ZINCk500000gei75,decoy,True,0,,,True,True
ghsr,ZINCk800000JSaFb,decoy,True,0,,,True,True
ghsr,ZINCk8000018Tp53,decoy,True,0,,,True,True
ghsr,ZINCk800000gu5Mi,decoy,True,0,,,True,True
ghsr,ZINCk700000GfvPI,decoy,True,0,,,True,True
ghsr,ZINCk5000009ESOS,decoy,True,0,,,True,True
ghsr,ZINCk8000004iAwD,decoy,True,0,,,True,True
ghsr,ZINCk600000wXgt8,decoy,True,0,,,True,True
ghsr,ZINCk5000009EUrq,decoy,True,0,,,True,True
ghsr,ZINCj800000xcDSO,decoy,True,0,,,True,True
ghsr,ZINCk800000gviM2,decoy,True,0,,,True,True
ghsr,ZINCk6000009J9jI,decoy,True,0,,,True,True
ghsr,ZINCk700000vT33A,decoy,True,0,,,True,True
ghsr,ZINCk700000PwKlY,decoy,True,0,,,True,True
ghsr,ZINCk800000FCGje,decoy,True,0,,,True,True
ghsr,ZINCk800000BmPMW,decoy,True,0,,,True,True
ghsr,ZINCk600000PBfsm,decoy,True,0,,,True,True
ghsr,ZINCk600000PAEET,decoy,True,0,,,True,True
ghsr,ZINCk700000gsces,decoy,True,0,,,True,True
ghsr,ZINCk8000004jGM5,decoy,True,0,,,True,True
ghsr,ZINCk800000J9Yv8,decoy,True,0,,,True,True
ghsr,ZINCk8000009MfQv,decoy,True,0,,,True,True
ghsr,ZINCk8000004i3Gn,decoy,True,0,,,True,True
ghsr,ZINCk600000BmPF7,decoy,True,0,,,True,True
ghsr,ZINCk500000gfRPR,decoy,True,0,,,True,True
ghsr,ZINCj8000018TyHN,decoy,True,0,,,True,True
ghsr,ZINCk700000JT2ZH,decoy,True,0,,,True,True
ghsr,ZINCk600000PxJ08,decoy,True,0,,,True,True
ghsr,ZINCk8000018TeAg,decoy,True,0,,,True,True
ghsr,ZINCk600001bOk8d,decoy,True,0,,,True,True
ghsr,ZINCj8000002rApC,decoy,True,0,,,True,True
ghsr,ZINCj5000009hVjS,decoy,True,0,,,True,True
ghsr,ZINCk700000grSgi,decoy,True,0,,,True,True
ghsr,ZINCk700000FCAcM,decoy,True,0,,,True,True
ghsr,ZINCh700001bTGJt,decoy,True,0,,,True,True
ghsr,ZINCk500000gei6h,decoy,True,0,,,True,True
ghsr,ZINCk50000046YPS,decoy,True,0,,,True,True
ghsr,ZINCk800001bPJGz,decoy,True,0,,,True,True
ghsr,ZINCk800001bOSmG,decoy,True,0,,,True,True
ghsr,ZINCk700000drlal,decoy,True,0,,,True,True
ghsr,ZINCj8000002qrMC,decoy,True,0,,,True,True
ghsr,ZINCk600000AIXcN,decoy,True,0,,,True,True
ghsr,ZINCk700000JSx0Z,decoy,True,0,,,True,True
ghsr,ZINCk6000009J17k,decoy,True,0,,,True,True
ghsr,ZINCk8000004ihbU,decoy,True,0,,,True,True
ghsr,ZINCk700000PBfH4,decoy,True,0,,,True,True
ghsr,ZINCk700001bPl7G,decoy,True,0,,,True,True
ghsr,ZINCk700000PA1xR,decoy,True,0,,,True,True
ghsr,ZINCj6000002lagX,decoy,True,0,,,True,True
ghsr,ZINCj800000vL6bf,decoy,True,0,,,True,True
ghsr,ZINCk7000009KDux,decoy,True,0,,,True,True
ghsr,ZINCk700000drwL5,decoy,True,0,,,True,True
ghsr,ZINCk8000018ToFS,decoy,True,0,,,True,True
ghsr,ZINCk500000dpaFq,decoy,True,0,,,True,True
ghsr,ZINCk800000EmsNX,decoy,True,0,,,True,True
ghsr,ZINCk5000009F5ag,decoy,True,0,,,True,True
ghsr,ZINCk6000018T1rd,decoy,True,0,,,True,True
ghsr,ZINCk7000004gjaB,decoy,True,0,,,True,True
ghsr,ZINCk6000004cBFx,decoy,True,0,,,True,True
ghsr,ZINCk800000dsdKl,decoy,True,0,,,True,True
ghsr,ZINCk800000gviMa,decoy,True,0,,,True,True
ghsr,ZINCk6000009JszJ,decoy,True,0,,,True,True
ghsr,ZINCi600000Bp7vA,decoy,True,0,,,True,True
ghsr,ZINCk700000JSEJz,decoy,True,0,,,True,True
ghsr,ZINCk500000gaCoT,decoy,True,0,,,True,True
ghsr,ZINCk8000009M57r,decoy,True,0,,,True,True
ghsr,ZINCk7000009KZrH,decoy,True,0,,,True,True
ghsr,ZINCk700000PyJnI,decoy,True,0,,,True,True
ghsr,ZINCj8000009kfEq,decoy,True,0,,,True,True
ghsr,ZINCk800000JUoEf,decoy,True,0,,,True,True
ghsr,ZINCk600000PumGZ,decoy,True,0,,,True,True
ghsr,ZINCj600000JTsxx,decoy,True,0,,,True,True
ghsr,ZINCk800000BmJ1s,decoy,True,0,,,True,True
ghsr,ZINCk800000ds8tC,decoy,True,0,,,True,True
ghsr,ZINCk500000468se,decoy,True,0,,,True,True
ghsr,ZINCk5000009G6Xc,decoy,True,0,,,True,True
ghsr,ZINCk800001bPNKA,decoy,True,0,,,True,True
ghsr,ZINCk800000JTCEv,decoy,True,0,,,True,True
ghsr,ZINCk8000018TeAi,decoy,True,0,,,True,True
ghsr,ZINCk600000gpP0Q,decoy,True,0,,,True,True
ghsr,ZINCk500000cLfyB,decoy,True,0,,,True,True
ghsr,ZINCk500000cikrx,decoy,True,0,,,True,True
ghsr,ZINCk600000cvno4,decoy,True,0,,,True,True
ghsr,ZINCk600000gpw1t,decoy,True,0,,,True,True
ghsr,ZINCk800000PzjJw,decoy,True,0,,,True,True
ghsr,ZINCk6000009Jfx9,decoy,True,0,,,True,True
ghsr,ZINCk6000018SAiT,decoy,True,0,,,True,True
ghsr,ZINCi60000010f7s,decoy,True,0,,,True,True
ghsr,ZINCk8000004iRkN,decoy,True,0,,,True,True
ghsr,ZINCj600000JTJXg,decoy,True,0,,,True,True
ghsr,ZINCk700000gsV7b,decoy,True,0,,,True,True
ghsr,ZINCk600000Bncnz,decoy,True,0,,,True,True
ghsr,ZINCj7000002oLyU,decoy,True,0,,,True,True
ghsr,ZINCk800000JThtc,decoy,True,0,,,True,True
ghsr,ZINCk7000004f06q,decoy,True,0,,,True,True
ghsr,ZINCj800000wOPwk,decoy,True,0,,,True,True
ghsr,ZINCk700000JTUJk,decoy,True,0,,,True,True
ghsr,ZINCk700000grSHe,decoy,True,0,,,True,True
ghsr,ZINCk700001bPDoV,decoy,True,0,,,True,True
ghsr,ZINCj700000JSVQf,decoy,True,0,,,True,True
ghsr,ZINCk6000004cKwL,decoy,True,0,,,True,True
ghsr,ZINCk7000004eXUk,decoy,True,0,,,True,True
ghsr,ZINCk6000004cPOR,decoy,True,0,,,True,True
ghsr,ZINCk500000cirM6,decoy,True,0,,,True,True
ghsr,ZINCj6000002mF6I,decoy,True,0,,,True,True
ghsr,ZINCk800000ds96S,decoy,True,0,,,True,True
ghsr,ZINCi80000014sKH,decoy,True,0,,,True,True
ghsr,ZINCk800000drSnN,decoy,True,0,,,True,True
ghsr,ZINCk6000004cBHC,decoy,True,0,,,True,True
ghsr,ZINCj500000fdyB5,decoy,True,0,,,True,True
ghsr,ZINCi60000011m6U,decoy,True,0,,,True,True
ghsr,ZINCk7000004eWiH,decoy,True,0,,,True,True
ghsr,ZINCk6000009JbtI,decoy,True,0,,,True,True
ghsr,ZINCj6000018TveQ,decoy,True,0,,,True,True
ghsr,ZINCk600000JSx4x,decoy,True,0,,,True,True
ghsr,ZINCj800001bPpUf,decoy,True,0,,,True,True
ghsr,ZINCk600000PzNGR,decoy,True,0,,,True,True
ghsr,ZINCk800000y8zT3,decoy,True,0,,,True,True
ghsr,ZINCk6000009J1aT,decoy,True,0,,,True,True
ghsr,ZINCk8000004iLen,decoy,True,0,,,True,True
ghsr,ZINCj800001bNnh6,decoy,True,0,,,True,True
ghsr,ZINCk600000JTrTQ,decoy,True,0,,,True,True
ghsr,ZINCj700000foZg6,decoy,True,0,,,True,True
ghsr,ZINCk8000004jI0u,decoy,True,0,,,True,True
ghsr,ZINCi800000Bn9ye,decoy,True,0,,,True,True
ghsr,ZINCk7000004gU4E,decoy,True,0,,,True,True
ghsr,ZINCk700000GfDpH,decoy,True,0,,,True,True
ghsr,ZINCk5000003YnhZ,decoy,True,0,,,True,True
ghsr,ZINCk800000Gf1o5,decoy,True,0,,,True,True
ghsr,ZINCk800000xaEgB,decoy,True,0,,,True,True
ghsr,ZINCk7000004fgjZ,decoy,True,0,,,True,True
ghsr,ZINCj800000JW6vp,decoy,True,0,,,True,True
ghsr,ZINCk7000004glTj,decoy,True,0,,,True,True
ghsr,ZINCk800000guKRH,decoy,True,0,,,True,True
ghsr,ZINCk800001bP51z,decoy,True,0,,,True,True
ghsr,ZINCk7000009KwRp,decoy,True,0,,,True,True
ghsr,ZINCk5000003Wyw2,decoy,True,0,,,True,True
ghsr,ZINCk6000009JbtJ,decoy,True,0,,,True,True
ghsr,ZINCk8000004iPhG,decoy,True,0,,,True,True
ghsr,ZINCj700000GhsON,decoy,True,0,,,True,True
ghsr,ZINCk5000003XyAP,decoy,True,0,,,True,True
ghsr,ZINCk8000004jQ16,decoy,True,0,,,True,True
ghsr,ZINCk5000009Dwqq,decoy,True,0,,,True,True
ghsr,ZINCj8000002rgKR,decoy,True,0,,,True,True
ghsr,ZINCk5000009EnuW,decoy,True,0,,,True,True
ghsr,ZINCk800000Gg7ZF,decoy,True,0,,,True,True
ghsr,ZINCk7000004goUF,decoy,True,0,,,True,True
ghsr,ZINCk6000004e1AT,decoy,True,0,,,True,True
ghsr,ZINCk500000doY0E,decoy,True,0,,,True,True
ghsr,ZINCk800000Pv4Yh,decoy,True,0,,,True,True
ghsr,ZINCk8000004iynU,decoy,True,0,,,True,True
ghsr,ZINCj800000fr7uh,decoy,True,0,,,True,True
ghsr,ZINCj700000fpWFT,decoy,True,0,,,True,True
ghsr,ZINCk7000004emcD,decoy,True,0,,,True,True
ghsr,ZINCk800000JSVPN,decoy,True,0,,,True,True
ghsr,ZINCj800000PyJSz,decoy,True,0,,,True,True
ghsr,ZINCi800000JTG99,decoy,True,0,,,True,True
ghsr,ZINCk8000004hSC3,decoy,True,0,,,True,True
ghsr,ZINCk500000dpgrI,decoy,True,0,,,True,True
ghsr,ZINCi700000PIBkn,decoy,True,0,,,True,True
ghsr,ZINCk600000vE0cE,decoy,True,0,,,True,True
ghsr,ZINCk700000JTLvl,decoy,True,0,,,True,True
ghsr,ZINCk6000004d2Tb,decoy,True,0,,,True,True
ghsr,ZINCj6000018Toag,decoy,True,0,,,True,True
ghsr,ZINCj600000xcUli,decoy,True,0,,,True,True
ghsr,ZINCk700000Em93S,decoy,True,0,,,True,True
ghsr,ZINCk600000drbOX,decoy,True,0,,,True,True
ghsr,ZINCj800000PFHME,decoy,True,0,,,True,True
ghsr,ZINCk800000EmvSi,decoy,True,0,,,True,True
ghsr,ZINCk600000gqvcQ,decoy,True,0,,,True,True
ghsr,ZINCk8000004jrUr,decoy,True,0,,,True,True
ghsr,ZINCk8000018TedI,decoy,True,0,,,True,True
ghsr,ZINCj6000002lu8u,decoy,True,0,,,True,True
ghsr,ZINCk600000AJ8uE,decoy,True,0,,,True,True
ghsr,ZINCk800000AIXTW,decoy,True,0,,,True,True
ghsr,ZINCj500000kTXFr,decoy,True,0,,,True,True
ghsr,ZINCk5000003WzPz,decoy,True,0,,,True,True
ghsr,ZINCk800000Pu2kK,decoy,True,0,,,True,True
ghsr,ZINCk500000g6Abx,decoy,True,0,,,True,True
ghsr,ZINCk8000004iIQf,decoy,True,0,,,True,True
ghsr,ZINCk500000g7hIw,decoy,True,0,,,True,True
ghsr,ZINCk600000vf2Og,decoy,True,0,,,True,True
ghsr,ZINCk800000JTjUb,decoy,True,0,,,True,True
ghsr,ZINCk5000003YteJ,decoy,True,0,,,True,True
ghsr,ZINCk800000JRYWC,decoy,True,0,,,True,True
ghsr,ZINCk500000dqnIZ,decoy,True,0,,,True,True
ghsr,ZINCj500000xchqL,decoy,True,0,,,True,True
ghsr,ZINCk600000PAynW,decoy,True,0,,,True,True
ghsr,ZINCk800000gvGlG,decoy,True,0,,,True,True
ghsr,ZINCk600000JTEZv,decoy,True,0,,,True,True
ghsr,ZINCj5000002gQZU,decoy,True,0,,,True,True
ghsr,ZINCk800000dsdQ5,decoy,True,0,,,True,True
ghsr,ZINCk7000004ePrx,decoy,True,0,,,True,True
ghsr,ZINCj800000fr7sr,decoy,True,0,,,True,True
ghsr,ZINCj700000JW2Hi,decoy,True,0,,,True,True
ghsr,ZINCj700000JVfh0,decoy,True,0,,,True,True
ghsr,ZINCk700000drDhE,decoy,True,0,,,True,True
ghsr,ZINCk800000GfGDQ,decoy,True,0,,,True,True
ghsr,ZINCi800000PAVb1,decoy,True,0,,,True,True
ghsr,ZINCk800000PvJ7G,decoy,True,0,,,True,True
ghsr,ZINCk600000JTCuN,decoy,True,0,,,True,True
ghsr,ZINCk600000PC4c2,decoy,True,0,,,True,True
ghsr,ZINCk700000Pu7on,decoy,True,0,,,True,True
ghsr,ZINCk7000018Tipr,decoy,True,0,,,True,True
ghsr,ZINCk6000004cezu,decoy,True,0,,,True,True
ghsr,ZINCk600000PAyux,decoy,True,0,,,True,True
ghsr,ZINCk6000004ccwi,decoy,True,0,,,True,True
ghsr,ZINCk8000004hRDu,decoy,True,0,,,True,True
ghsr,ZINCk7000018TAx0,decoy,True,0,,,True,True
ghsr,ZINCj800000whhtL,decoy,True,0,,,True,True
ghsr,ZINCk8000004jnsz,decoy,True,0,,,True,True
ghsr,ZINCk800000Pyhci,decoy,True,0,,,True,True
ghsr,ZINCk600000vAe4O,decoy,True,0,,,True,True
ghsr,ZINCk500000dolMR,decoy,True,0,,,True,True
ghsr,ZINCk500000gfgtG,decoy,True,0,,,True,True
ghsr,ZINCk700000gsZlR,decoy,True,0,,,True,True
ghsr,ZINCk800000Py67v,decoy,True,0,,,True,True
ghsr,ZINCk8000009LH2X,decoy,True,0,,,True,True
ghsr,ZINCk800000J9Zh2,decoy,True,0,,,True,True
ghsr,ZINCk500000425Gt,decoy,True,0,,,True,True
ghsr,ZINCk600000wnp1G,decoy,True,0,,,True,True
ghsr,ZINCk700000FCBgF,decoy,True,0,,,True,True
ghsr,ZINCj7000002nXp3,decoy,True,0,,,True,True
ghsr,ZINCk8000018Slw3,decoy,True,0,,,True,True
ghsr,ZINCk50000045u9K,decoy,True,0,,,True,True
ghsr,ZINCk5000009Dzod,decoy,True,0,,,True,True
ghsr,ZINCk600000PuCPU,decoy,True,0,,,True,True
ghsr,ZINCk700000BmPOv,decoy,True,0,,,True,True
ghsr,ZINCk800000Pyl8f,decoy,True,0,,,True,True
ghsr,ZINCk7000004frZ1,decoy,True,0,,,True,True
ghsr,ZINCj800000Ghtwb,decoy,True,0,,,True,True
ghsr,ZINCj7000002nd0x,decoy,True,0,,,True,True
ghsr,ZINCk6000009Jn1R,decoy,True,0,,,True,True
ghsr,ZINCk700000PyvBS,decoy,True,0,,,True,True
ghsr,ZINCk800000wBPvY,decoy,True,0,,,True,True
ghsr,ZINCk8000004jFzp,decoy,True,0,,,True,True
ghsr,ZINCk600000PuhGA,decoy,True,0,,,True,True
ghsr,ZINCk800000gur55,decoy,True,0,,,True,True
ghsr,ZINCk7000004fPzD,decoy,True,0,,,True,True
ghsr,ZINCj800000fqXji,decoy,True,0,,,True,True
ghsr,ZINCk8000004ihp9,decoy,True,0,,,True,True
ghsr,ZINCk7000004edM5,decoy,True,0,,,True,True
ghsr,ZINCk7000018SB2Y,decoy,True,0,,,True,True
ghsr,ZINCk800000Bmz2r,decoy,True,0,,,True,True
ghsr,ZINCk800000Pyl8e,decoy,True,0,,,True,True
ghsr,ZINCk600000cvo3W,decoy,True,0,,,True,True
ghsr,ZINCk600001bQ81m,decoy,True,0,,,True,True
ghsr,ZINCk600000EmB7T,decoy,True,0,,,True,True
ghsr,ZINCk8000004jqlG,decoy,True,0,,,True,True
ghsr,ZINCk700000grSaI,decoy,True,0,,,True,True
ghsr,ZINCk800000JS4po,decoy,True,0,,,True,True
ghsr,ZINCk8000018TzPD,decoy,True,0,,,True,True
ghsr,ZINCk600000JTdvj,decoy,True,0,,,True,True
ghsr,ZINCk5000009G0Nb,decoy,True,0,,,True,True
ghsr,ZINCk8000004iRb7,decoy,True,0,,,True,True
ghsr,ZINCk8000004iPfa,decoy,True,0,,,True,True
ghsr,ZINCk800000JRSpe,decoy,True,0,,,True,True
ghsr,ZINCk5000009FVHb,decoy,True,0,,,True,True
ghsr,ZINCk700000J9Y7v,decoy,True,0,,,True,True
ghsr,ZINCk800000PtRsA,decoy,True,0,,,True,True
ghsr,ZINCk700000drfhM,decoy,True,0,,,True,True
ghsr,ZINCj6000002lgIH,decoy,True,0,,,True,True
ghsr,ZINCk600000vABne,decoy,True,0,,,True,True
ghsr,ZINCk8000004jws9,decoy,True,0,,,True,True
ghsr,ZINCk600000JTwTJ,decoy,True,0,,,True,True
ghsr,ZINCk800000FCBPp,decoy,True,0,,,True,True
ghsr,ZINCk800000JSZKR,decoy,True,0,,,True,True
ghsr,ZINCk600000PxdB7,decoy,True,0,,,True,True
ghsr,ZINCj800000PAPnW,decoy,True,0,,,True,True
ghsr,ZINCk700000AJ3ay,decoy,True,0,,,True,True
ghsr,ZINCk800000x69Cn,decoy,True,0,,,True,True
ghsr,ZINCj800000PAn3b,decoy,True,0,,,True,True
ghsr,ZINCk8000009LOXn,decoy,True,0,,,True,True
ghsr,ZINCk800000JSaDi,decoy,True,0,,,True,True
ghsr,ZINCj700000Bmqe2,decoy,True,0,,,True,True
ghsr,ZINCj700000d8xgb,decoy,True,0,,,True,True
ghsr,ZINCk6000004dXPg,decoy,True,0,,,True,True
ghsr,ZINCk7000009KTEY,decoy,True,0,,,True,True
ghsr,ZINCk8000004jxPh,decoy,True,0,,,True,True
ghsr,ZINCk600000AJ9g2,decoy,True,0,,,True,True
ghsr,ZINCk500000dpM9s,decoy,True,0,,,True,True
ghsr,ZINCj800001bPtyz,decoy,True,0,,,True,True
ghsr,ZINCj7000002oyTQ,decoy,True,0,,,True,True
ghsr,ZINCk7000004f0Zo,decoy,True,0,,,True,True
ghsr,ZINCj600000xcL3T,decoy,True,0,,,True,True
ghsr,ZINCk600000Pu9Ja,decoy,True,0,,,True,True
ghsr,ZINCk500000cv1H7,decoy,True,0,,,True,True
ghsr,ZINCk6000009JfCz,decoy,True,0,,,True,True
ghsr,ZINCk800001bNsmW,decoy,True,0,,,True,True
ghsr,ZINCj8000009ktq9,decoy,True,0,,,True,True
ghsr,ZINCk600000wHEvK,decoy,True,0,,,True,True
ghsr,ZINCk8000004i3j7,decoy,True,0,,,True,True
ghsr,ZINCk6000004bHqR,decoy,True,0,,,True,True
ghsr,ZINCj8000002qCdt,decoy,True,0,,,True,True
ghsr,ZINCj8000009kfDq,decoy,True,0,,,True,True
ghsr,ZINCk8000004kaQq,decoy,True,0,,,True,True
ghsr,ZINCk8000004kbdm,decoy,True,0,,,True,True
ghsr,ZINCk700000JTjFp,decoy,True,0,,,True,True
ghsr,ZINCk700000drdQ7,decoy,True,0,,,True,True
ghsr,ZINCk600000PtTCY,decoy,True,0,,,True,True
ghsr,ZINCk500000doDiX,decoy,True,0,,,True,True
ghsr,ZINCj800000PADCM,decoy,True,0,,,True,True
ghsr,ZINCk800000ciIsJ,decoy,True,0,,,True,True
ghsr,ZINCk50000045enc,decoy,True,0,,,True,True
ghsr,ZINCj800000frakb,decoy,True,0,,,True,True
ghsr,ZINCk800000PzsCR,decoy,True,0,,,True,True
ghsr,ZINCj8000002qqlc,decoy,True,0,,,True,True
ghsr,ZINCk500000gdi0R,decoy,True,0,,,True,True
ghsr,ZINCk700000gs2XR,decoy,True,0,,,True,True
ghsr,ZINCk700000GfJtL,decoy,True,0,,,True,True
ghsr,ZINCk800000JSXu8,decoy,True,0,,,True,True
ghsr,ZINCk700000grDHy,decoy,True,0,,,True,True
ghsr,ZINCk600000vJikz,decoy,True,0,,,True,True
ghsr,ZINCk500000dpA9a,decoy,True,0,,,True,True
ghsr,ZINCk700000JTOvr,decoy,True,0,,,True,True
ghsr,ZINCk8000004jvBo,decoy,True,0,,,True,True
ghsr,ZINCk600000JS8uT,decoy,True,0,,,True,True
ghsr,ZINCj8000002qaPa,decoy,True,0,,,True,True
ghsr,ZINCk8000004iy1r,decoy,True,0,,,True,True
ntsr1,CHEMBL463811,active,True,0,,,True,True
ntsr1,CHEMBL294989,active,True,0,,,True,True
ntsr1,CHEMBL462830,active,True,0,,,True,True
ntsr1,CHEMBL2431120,active,True,0,,,True,True
ntsr1,CHEMBL3315193,active,True,0,,,True,True
ntsr1,CHEMBL3099769,active,True,0,,,True,True
ntsr1,CHEMBL3315203,active,True,0,,,True,True
ntsr1,CHEMBL1301125,active,True,0,,,True,True
ntsr1,CHEMBL3315221,active,True,1,dyes5A(27),,True,True
ntsr1,CHEMBL1323442,active,True,0,,,True,True
ntsr1,CHEMBL3099777,active,True,0,,,True,True
ntsr1,CHEMBL1490404,active,True,0,,,True,True
ntsr1,CHEMBL1611170,active,True,0,,,True,True
ntsr1,CHEMBL1600146,active,True,1,ene_six_het_A(483),michael_acceptor,True,True
ntsr1,CHEMBL1468368,active,True,1,ene_six_het_A(483),michael_acceptor,True,True
ntsr1,CHEMBL3315213,active,True,0,,,True,True
ntsr1,CHEMBL3315202,active,True,0,,,True,True
ntsr1,CHEMBL1546134,active,True,1,ene_five_het_A(201),michael_acceptor,True,True
ntsr1,CHEMBL3315209,active,True,0,,,True,True
ntsr1,CHEMBL1538066,active,True,0,,,True,True
ntsr1,CHEMBL2431121,active,True,0,,,True,True
ntsr1,CHEMBL1597454,active,True,0,,,True,True
ntsr1,CHEMBL1446377,active,True,0,,,True,True
ntsr1,CHEMBL1547420,active,True,1,,michael_acceptor,True,True
ntsr1,CHEMBL1312502,active,True,1,anil_di_alk_A(478),,True,True
ntsr1,CHEMBL1328169,active,True,0,,,True,True
ntsr1,CHEMBL1586252,active,True,1,,michael_acceptor,True,True
ntsr1,CHEMBL1594369,active,True,1,,michael_acceptor,True,True
ntsr1,CHEMBL2003819,active,True,1,hzone_phenol_B(215),,True,True
ntsr1,CHEMBL3315194,active,True,0,,,True,True
ntsr1,CHEMBL1550591,active,True,1,,michael_acceptor,True,True
ntsr1,CHEMBL2431119,active,True,0,,,True,True
ntsr1,CHEMBL1966869,active,True,1,,michael_acceptor,True,True
ntsr1,CHEMBL1438069,active,True,0,,,True,True
ntsr1,CHEMBL3315223,active,True,1,dyes5A(27),,True,True
ntsr1,CHEMBL1611686,active,False,0,,,False,True
ntsr1,CHEMBL1595121,active,True,1,ene_five_het_A(201),michael_acceptor,True,True
ntsr1,CHEMBL1340713,active,True,0,,,True,True
ntsr1,CHEMBL1453900,active,True,0,,,True,True
ntsr1,CHEMBL3315204,active,True,0,,,True,True
ntsr1,CHEMBL1461496,active,True,0,,,True,True
ntsr1,CHEMBL1387563,active,True,1,ene_five_het_A(201),michael_acceptor,True,True
ntsr1,CHEMBL1321527,active,True,0,,,True,True
ntsr1,CHEMBL1385214,active,True,0,,,True,True
ntsr1,CHEMBL1369296,active,True,1,ene_five_het_A(201),michael_acceptor,True,True
ntsr1,CHEMBL1995726,active,True,1,hzone_furan_A(6),,True,True
ntsr1,CHEMBL1608453,active,True,0,,,True,True
ntsr1,CHEMBL1586169,active,False,0,,,False,True
ntsr1,CHEMBL1493442,active,True,0,,,True,True
ntsr1,CHEMBL1325640,active,True,1,anil_di_alk_A(478),,True,True
ntsr1,ZINCk6000018TEIZ,decoy,True,0,,,True,True
ntsr1,ZINCk800000JTuzK,decoy,True,0,,,True,True
ntsr1,ZINCk700001bPKsD,decoy,True,0,,,True,True
ntsr1,ZINCk700001bPDoV,decoy,True,0,,,True,True
ntsr1,ZINCh7000018W6RM,decoy,True,0,,,True,True
ntsr1,ZINCk800000drXK7,decoy,True,0,,,True,True
ntsr1,ZINCk800000w7l6z,decoy,True,0,,,True,True
ntsr1,ZINCk700000Bn9xQ,decoy,True,0,,,True,True
ntsr1,ZINCj800000vM535,decoy,True,0,,,True,True
ntsr1,ZINCk7000018Toxa,decoy,True,0,,,True,True
ntsr1,ZINCk600000dqWSv,decoy,True,0,,,True,True
ntsr1,ZINCk5000003Z5jw,decoy,True,0,,,True,True
ntsr1,ZINCk8000004iBQE,decoy,True,0,,,True,True
ntsr1,ZINCi700000xda5m,decoy,True,0,,,True,True
ntsr1,ZINCk6000004dyyV,decoy,True,0,,,True,True
ntsr1,ZINCk800000wbJm0,decoy,True,0,,,True,True
ntsr1,ZINCj5000002bP1q,decoy,True,0,,,True,True
ntsr1,ZINCk800000JTjUb,decoy,True,0,,,True,True
ntsr1,ZINCk800000xaEgB,decoy,True,0,,,True,True
ntsr1,ZINCk700000PBw9i,decoy,True,0,,,True,True
ntsr1,ZINCj600000PIWdU,decoy,True,0,,,True,True
ntsr1,ZINCk7000004fA9A,decoy,True,0,,,True,True
ntsr1,ZINCk7000004fuvb,decoy,True,0,,,True,True
ntsr1,ZINCj700000JWwOl,decoy,True,0,,,True,True
ntsr1,ZINCk800000Emx6O,decoy,True,0,,,True,True
ntsr1,ZINCk800000JTEfE,decoy,True,0,,,True,True
ntsr1,ZINCk800000JThuP,decoy,True,0,,,True,True
ntsr1,ZINCk8000004jCFq,decoy,True,0,,,True,True
ntsr1,ZINCk5000009FRUR,decoy,True,0,,,True,True
ntsr1,ZINCk800000PAt0A,decoy,True,0,,,True,True
ntsr1,ZINCj700000y8z12,decoy,True,0,,,True,True
ntsr1,ZINCk700000drpy8,decoy,True,0,,,True,True
ntsr1,ZINCk700000PztOs,decoy,True,0,,,True,True
ntsr1,ZINCk8000004iBTF,decoy,True,0,,,True,True
ntsr1,ZINCj800000JW6dA,decoy,True,0,,,True,True
ntsr1,ZINCk800000guuK3,decoy,True,0,,,True,True
ntsr1,ZINCk800000PtDiy,decoy,True,0,,,True,True
ntsr1,ZINCk800000PA8Ef,decoy,True,0,,,True,True
ntsr1,ZINCk7000004f5cy,decoy,True,0,,,True,True
ntsr1,ZINCk7000004gCT8,decoy,True,0,,,True,True
ntsr1,ZINCk800000JTZ16,decoy,True,0,,,True,True
ntsr1,ZINCk800000AiHE1,decoy,True,0,,,True,True
ntsr1,ZINCh60000008lgt,decoy,True,0,,,True,True
ntsr1,ZINCk500000427UF,decoy,True,0,,,True,True
ntsr1,ZINCk800000JTxp1,decoy,True,0,,,True,True
ntsr1,ZINCk700000vkXoQ,decoy,True,0,,,True,True
ntsr1,ZINCk8000004khnB,decoy,True,0,,,True,True
ntsr1,ZINCk7000018TfAv,decoy,True,0,,,True,True
ntsr1,ZINCk500000gf15o,decoy,True,0,,,True,True
ntsr1,ZINCk600000Emt2T,decoy,True,0,,,True,True
ntsr1,ZINCk800000JSzji,decoy,True,0,,,True,True
ntsr1,ZINCk800000PtTvE,decoy,True,0,,,True,True
ntsr1,ZINCk800000JT9Lq,decoy,True,0,,,True,True
ntsr1,ZINCk600000PAmkg,decoy,True,0,,,True,True
ntsr1,ZINCj800000JW6dz,decoy,True,0,,,True,True
ntsr1,ZINCk700001bPevd,decoy,True,0,,,True,True
ntsr1,ZINCk800000wUIEI,decoy,True,0,,,True,True
ntsr1,ZINCk6000018Tc32,decoy,True,0,,,True,True
ntsr1,ZINCk800000PzPZx,decoy,True,0,,,True,True
ntsr1,ZINCk700000FCxnZ,decoy,True,0,,,True,True
ntsr1,ZINCk700000PzpaI,decoy,True,0,,,True,True
ntsr1,ZINCk8000004jE7d,decoy,True,0,,,True,True
ntsr1,ZINCk800000x66Zm,decoy,True,0,,,True,True
ntsr1,ZINCk800000Pwvsj,decoy,True,0,,,True,True
ntsr1,ZINCk8000018Tng8,decoy,True,0,,,True,True
ntsr1,ZINCj8000002pKBE,decoy,True,0,,,True,True
ntsr1,ZINCk800000gv5WD,decoy,True,0,,,True,True
ntsr1,ZINCj7000002p5iz,decoy,True,0,,,True,True
ntsr1,ZINCk700000wX8VL,decoy,True,0,,,True,True
ntsr1,ZINCk800000Pwekf,decoy,True,0,,,True,True
ntsr1,ZINCj500000fhuCA,decoy,True,0,,,True,True
ntsr1,ZINCk700000drflZ,decoy,True,0,,,True,True
ntsr1,ZINCk500000dp4Xa,decoy,True,0,,,True,True
ntsr1,ZINCj5000002b0rU,decoy,True,0,,,True,True
ntsr1,ZINCk8000004jDd8,decoy,True,0,,,True,True
ntsr1,ZINCk600000JTl3x,decoy,True,0,,,True,True
ntsr1,ZINCk600000AIXCm,decoy,True,0,,,True,True
ntsr1,ZINCk6000018SgHd,decoy,True,0,,,True,True
ntsr1,ZINCk5000003ZIJw,decoy,True,0,,,True,True
ntsr1,ZINCk8000004i2lq,decoy,True,0,,,True,True
ntsr1,ZINCk600000vhbKv,decoy,True,0,,,True,True
ntsr1,ZINCj7000002nqpJ,decoy,True,0,,,True,True
ntsr1,ZINCk700000J9WRR,decoy,True,0,,,True,True
ntsr1,ZINCk700000PzHW0,decoy,True,0,,,True,True
ntsr1,ZINCk800000gvfUY,decoy,True,0,,,True,True
ntsr1,ZINCk600000kFBeL,decoy,True,0,,,True,True
ntsr1,ZINCk5000003ZAZc,decoy,True,0,,,True,True
ntsr1,ZINCk800000JTuRO,decoy,True,0,,,True,True
ntsr1,ZINCk800000BmKbJ,decoy,True,0,,,True,True
ntsr1,ZINCk800000wvSlI,decoy,True,0,,,True,True
ntsr1,ZINCk800000JTkwz,decoy,True,0,,,True,True
ntsr1,ZINCi70000012nbP,decoy,True,0,,,True,True
ntsr1,ZINCj8000002rN80,decoy,True,0,,,True,True
ntsr1,ZINCk700000grSgi,decoy,True,0,,,True,True
ntsr1,ZINCk8000004kdUG,decoy,True,0,,,True,True
ntsr1,ZINCk800000y7OLt,decoy,True,0,,,True,True
ntsr1,ZINCk700000drILh,decoy,True,0,,,True,True
ntsr1,ZINCk600000JTuzP,decoy,True,0,,,True,True
ntsr1,ZINCk800000JTkS3,decoy,True,0,,,True,True
ntsr1,ZINCk6000004dkWb,decoy,True,0,,,True,True
ntsr1,ZINCk7000018Tw0G,decoy,True,0,,,True,True
ntsr1,ZINCk800000PuXZg,decoy,True,0,,,True,True
ntsr1,ZINCk7000004fyJe,decoy,True,0,,,True,True
ntsr1,ZINCk600000PzODG,decoy,True,0,,,True,True
ntsr1,ZINCk700000drpjv,decoy,True,0,,,True,True
ntsr1,ZINCk7000004eGTl,decoy,True,0,,,True,True
ntsr1,ZINCk800000PyRql,decoy,True,0,,,True,True
ntsr1,ZINCk600000PzCly,decoy,True,0,,,True,True
ntsr1,ZINCk6000004dOFg,decoy,True,0,,,True,True
ntsr1,ZINCk800000JTW5c,decoy,True,0,,,True,True
ntsr1,ZINCk800001bPO03,decoy,True,0,,,True,True
ntsr1,ZINCk8000004jwUH,decoy,True,0,,,True,True
ntsr1,ZINCk800001bPJKq,decoy,True,0,,,True,True
ntsr1,ZINCk6000009J9HE,decoy,True,0,,,True,True
ntsr1,ZINCk8000004iYZo,decoy,True,0,,,True,True
ntsr1,ZINCk800000gvbQ8,decoy,True,0,,,True,True
ntsr1,ZINCk8000004idf6,decoy,True,0,,,True,True
ntsr1,ZINCk700000PA19Y,decoy,True,0,,,True,True
ntsr1,ZINCk8000004ikkL,decoy,True,0,,,True,True
ntsr1,ZINCk800000PyxVW,decoy,True,0,,,True,True
ntsr1,ZINCk8000004iynU,decoy,True,0,,,True,True
ntsr1,ZINCj600000JWsSY,decoy,True,0,,,True,True
ntsr1,ZINCk800000JTGjb,decoy,True,0,,,True,True
ntsr1,ZINCk700000drzz2,decoy,True,0,,,True,True
ntsr1,ZINCk800000xcqB6,decoy,True,0,,,True,True
ntsr1,ZINCk7000018TeUr,decoy,True,0,,,True,True
ntsr1,ZINCk800000xcg6p,decoy,True,0,,,True,True
ntsr1,ZINCk600000gqnxW,decoy,True,0,,,True,True
ntsr1,ZINCk800000ds1pZ,decoy,True,0,,,True,True
ntsr1,ZINCk800000EmwIE,decoy,True,0,,,True,True
ntsr1,ZINCi500000cJoTD,decoy,True,0,,,True,True
ntsr1,ZINCk8000004iBRf,decoy,True,0,,,True,True
ntsr1,ZINCk800001bPJEh,decoy,True,0,,,True,True
ntsr1,ZINCk8000009MgDE,decoy,True,0,,,True,True
ntsr1,ZINCk800000J9TM3,decoy,True,0,,,True,True
ntsr1,ZINCk8000004i0pv,decoy,True,0,,,True,True
ntsr1,ZINCk500000483nz,decoy,True,0,,,True,True
ntsr1,ZINCk800000y8Ay8,decoy,True,0,,,True,True
ntsr1,ZINCi8000018TCVw,decoy,True,0,,,True,True
ntsr1,ZINCj600000JUc8s,decoy,True,0,,,True,True
ntsr1,ZINCk600000gpUvV,decoy,True,0,,,True,True
ntsr1,ZINCk6000018SxxD,decoy,True,0,,,True,True
ntsr1,ZINCk7000018SjVU,decoy,True,0,,,True,True
ntsr1,ZINCk800000ds6QZ,decoy,True,0,,,True,True
ntsr1,ZINCk500000dpKeu,decoy,True,0,,,True,True
ntsr1,ZINCk700000FCBgF,decoy,True,0,,,True,True
ntsr1,ZINCj700000EmG3y,decoy,True,0,,,True,True
ntsr1,ZINCj700000d8maC,decoy,True,0,,,True,True
ntsr1,ZINCk600000JTWJO,decoy,True,0,,,True,True
ntsr1,ZINCk800000viWnO,decoy,True,0,,,True,True
ntsr1,ZINCk700000JSqUm,decoy,True,0,,,True,True
ntsr1,ZINCk600000Bn1Zw,decoy,True,0,,,True,True
ntsr1,ZINCk7000004eGXI,decoy,True,0,,,True,True
ntsr1,ZINCk7000004fsqA,decoy,True,0,,,True,True
ntsr1,ZINCk8000004iXjL,decoy,True,0,,,True,True
ntsr1,ZINCk700001bQgJX,decoy,True,0,,,True,True
ntsr1,ZINCk800000AJ7js,decoy,True,0,,,True,True
ntsr1,ZINCk7000004fVqM,decoy,True,0,,,True,True
ntsr1,ZINCk700000Ja0Nh,decoy,True,0,,,True,True
ntsr1,ZINCj800000PwOle,decoy,True,0,,,True,True
ntsr1,ZINCk5000009FNg4,decoy,True,0,,,True,True
ntsr1,ZINCk700000JTlds,decoy,True,0,,,True,True
ntsr1,ZINCk50000040ZON,decoy,True,0,,,True,True
ntsr1,ZINCj600000xcgzR,decoy,True,0,,,True,True
ntsr1,ZINCk6000018TcXP,decoy,True,0,,,True,True
ntsr1,ZINCk800000PAqEJ,decoy,True,0,,,True,True
ntsr1,ZINCk7000004eYZL,decoy,True,0,,,True,True
ntsr1,ZINCk800000J9KOQ,decoy,True,0,,,True,True
ntsr1,ZINCk600000BmQIR,decoy,True,0,,,True,True
ntsr1,ZINCk800000Pybid,decoy,True,0,,,True,True
ntsr1,ZINCk700000cvtdA,decoy,True,0,,,True,True
ntsr1,ZINCk800000PAXS5,decoy,True,0,,,True,True
ntsr1,ZINCk600000dqRJl,decoy,True,0,,,True,True
ntsr1,ZINCj6000002lt6w,decoy,True,0,,,True,True
ntsr1,ZINCk7000004eMI6,decoy,True,0,,,True,True
ntsr1,ZINCj800000FCplr,decoy,True,0,,,True,True
ntsr1,ZINCk800000JTjI6,decoy,True,0,,,True,True
ntsr1,ZINCj700000Ja2hK,decoy,True,0,,,True,True
ntsr1,ZINCk6000004dyRI,decoy,True,0,,,True,True
ntsr1,ZINCk800000Pzvig,decoy,True,0,,,True,True
ntsr1,ZINCk800000JTv4k,decoy,True,0,,,True,True
ntsr1,ZINCk8000004izgL,decoy,True,0,,,True,True
ntsr1,ZINCk800000JTdzI,decoy,True,0,,,True,True
ntsr1,ZINCk8000009LOXn,decoy,True,0,,,True,True
ntsr1,ZINCj7000002nmyp,decoy,True,0,,,True,True
ntsr1,ZINCj7000018Tvns,decoy,True,0,,,True,True
ntsr1,ZINCk6000004dBth,decoy,True,0,,,True,True
ntsr1,ZINCk800000BmjdR,decoy,True,0,,,True,True
ntsr1,ZINCi700000wQkKb,decoy,True,0,,,True,True
ntsr1,ZINCk6000018T3ti,decoy,True,0,,,True,True
ntsr1,ZINCk8000018Tnzg,decoy,True,0,,,True,True
ntsr1,ZINCk800000J9L8w,decoy,True,0,,,True,True
ntsr1,ZINCj800000PzvgC,decoy,True,0,,,True,True
ntsr1,ZINCk600000PAgbe,decoy,True,0,,,True,True
ntsr1,ZINCk800000PzBir,decoy,True,0,,,True,True
ntsr1,ZINCk800000Pu5Ew,decoy,True,0,,,True,True
ntsr1,ZINCk6000009JMho,decoy,True,0,,,True,True
ntsr1,ZINCk700000J9ZzA,decoy,True,0,,,True,True
ntsr1,ZINCk7000018Th5o,decoy,True,0,,,True,True
ntsr1,ZINCj6000018UH4G,decoy,True,0,,,True,True
ntsr1,ZINCk8000004hk6q,decoy,True,0,,,True,True
ntsr1,ZINCk8000009MbRd,decoy,True,0,,,True,True
ntsr1,ZINCj800000JU279,decoy,True,0,,,True,True
ntsr1,ZINCk800000J9YCF,decoy,True,0,,,True,True
ntsr1,ZINCj800000wcZfd,decoy,True,0,,,True,True
ntsr1,ZINCj800000PtUje,decoy,True,0,,,True,True
ntsr1,ZINCk700000PBdgw,decoy,True,0,,,True,True
ntsr1,ZINCi5000000XXmV,decoy,True,0,,,True,True
ntsr1,ZINCk8000009LQTZ,decoy,True,0,,,True,True
ntsr1,ZINCk50000042Cs4,decoy,True,0,,,True,True
ntsr1,ZINCk800000PAku3,decoy,True,0,,,True,True
ntsr1,ZINCk7000018Ssb3,decoy,True,0,,,True,True
ntsr1,ZINCk800000xcfg4,decoy,True,0,,,True,True
ntsr1,ZINCj600000xcc7S,decoy,True,0,,,True,True
ntsr1,ZINCj700000BmCSO,decoy,True,0,,,True,True
ntsr1,ZINCk8000009LRBQ,decoy,True,0,,,True,True
ntsr1,ZINCk7000004fcxz,decoy,True,0,,,True,True
ntsr1,ZINCk800000GeYpV,decoy,True,0,,,True,True
ntsr1,ZINCk800000JSE3H,decoy,True,0,,,True,True
ntsr1,ZINCk700000BmGKf,decoy,True,0,,,True,True
ntsr1,ZINCj6000002lagX,decoy,True,0,,,True,True
ntsr1,ZINCk8000004il1c,decoy,True,0,,,True,True
ntsr1,ZINCk7000004fAQ4,decoy,True,0,,,True,True
ntsr1,ZINCj600000JWLEK,decoy,True,0,,,True,True
ntsr1,ZINCk800000drSBz,decoy,True,0,,,True,True
ntsr1,ZINCk500000doY0E,decoy,True,0,,,True,True
ntsr1,ZINCk800000JUhbm,decoy,True,0,,,True,True
ntsr1,ZINCk8000004idWz,decoy,True,0,,,True,True
ntsr1,ZINCk6000004dyjJ,decoy,True,0,,,True,True
ntsr1,ZINCk800000guWDE,decoy,True,0,,,True,True
ntsr1,ZINCk700000y7UlE,decoy,True,0,,,True,True
ntsr1,ZINCi800000JYmXL,decoy,True,0,,,True,True
ntsr1,ZINCk7000018ThbL,decoy,True,0,,,True,True
ntsr1,ZINCk7000009L1jt,decoy,True,0,,,True,True
ntsr1,ZINCk6000009J9jI,decoy,True,0,,,True,True
ntsr1,ZINCk7000009KtWu,decoy,True,0,,,True,True
ntsr1,ZINCk5000003YjNB,decoy,True,0,,,True,True
ntsr1,ZINCk700000Pzi6w,decoy,True,0,,,True,True
ntsr1,ZINCk800000BmE2k,decoy,True,0,,,True,True
ntsr1,ZINCk800000gvf2B,decoy,True,0,,,True,True
ntsr1,ZINCk600000gpUwa,decoy,True,0,,,True,True
ntsr1,ZINCk800000J9Rgp,decoy,True,0,,,True,True
ntsr1,ZINCj600000JSQur,decoy,True,0,,,True,True
ntsr1,ZINCk800000drXw0,decoy,True,0,,,True,True
ntsr1,ZINCk600000JU7uV,decoy,True,0,,,True,True
ntsr1,ZINCk700000AiCWv,decoy,True,0,,,True,True
ntsr1,ZINCk800000JTzhF,decoy,True,0,,,True,True
ntsr1,ZINCj800000FCtqd,decoy,True,0,,,True,True
ntsr1,ZINCk6000018TfsA,decoy,True,0,,,True,True
ntsr1,ZINCj5000002i4JO,decoy,True,0,,,True,True
ntsr1,ZINCk700000JSDo2,decoy,True,0,,,True,True
ntsr1,ZINCk800001bOYum,decoy,True,0,,,True,True
ntsr1,ZINCk7000004gofL,decoy,True,0,,,True,True
ntsr1,ZINCk8000004iHkF,decoy,True,0,,,True,True
ntsr1,ZINCk6000009JszJ,decoy,True,0,,,True,True
ntsr1,ZINCk800000JS9gH,decoy,True,0,,,True,True
ntsr1,ZINCk800000PBvP0,decoy,True,0,,,True,True
ntsr1,ZINCk700000drB3b,decoy,True,0,,,True,True
ntsr1,ZINCk600000vlE5F,decoy,True,0,,,True,True
ntsr1,ZINCk800001bQqDb,decoy,True,0,,,True,True
ntsr1,ZINCk800000JSzpJ,decoy,True,0,,,True,True
ntsr1,ZINCk800000guEGb,decoy,True,0,,,True,True
ntsr1,ZINCk6000004cGDI,decoy,True,0,,,True,True
ntsr1,ZINCk800000gurco,decoy,True,0,,,True,True
ntsr1,ZINCk8000004jD8i,decoy,True,0,,,True,True
ntsr1,ZINCk800000J9Zh2,decoy,True,0,,,True,True
ntsr1,ZINCk7000004eWiH,decoy,True,0,,,True,True
ntsr1,ZINCk700000grTGp,decoy,True,0,,,True,True
ntsr1,ZINCk800000GfTHg,decoy,True,0,,,True,True
ntsr1,ZINCk700000PvxgP,decoy,True,0,,,True,True
ntsr1,ZINCi800000AJzC0,decoy,True,0,,,True,True
ntsr1,ZINCk800001bPdut,decoy,True,0,,,True,True
ntsr1,ZINCi800000JScl4,decoy,True,0,,,True,True
ntsr1,ZINCk6000004cv5W,decoy,True,0,,,True,True
ntsr1,ZINCk800000JTJkY,decoy,True,0,,,True,True
ntsr1,ZINCk500000gchzp,decoy,True,0,,,True,True
ntsr1,ZINCk600000dr7gm,decoy,True,0,,,True,True
ntsr1,ZINCk600000JTXLS,decoy,True,0,,,True,True
ntsr1,ZINCj8000002rmsI,decoy,True,0,,,True,True
ntsr1,ZINCk8000009Lfsr,decoy,True,0,,,True,True
ntsr1,ZINCj5000002adCJ,decoy,True,0,,,True,True
ntsr1,ZINCj700000GhsON,decoy,True,0,,,True,True
ntsr1,ZINCk7000004fIEu,decoy,True,0,,,True,True
ntsr1,ZINCk7000009L1ju,decoy,True,0,,,True,True
ntsr1,ZINCk700000JTLvl,decoy,True,0,,,True,True
ntsr1,ZINCk7000004fTBS,decoy,True,0,,,True,True
ntsr1,ZINCk800000JTl4Y,decoy,True,0,,,True,True
ntsr1,ZINCk6000004ccwi,decoy,True,0,,,True,True
ntsr1,ZINCk7000004gfjR,decoy,True,0,,,True,True
ntsr1,ZINCk7000009JWh4,decoy,True,0,,,True,True
ntsr1,ZINCk7000018T07p,decoy,True,0,,,True,True
ntsr1,ZINCk8000004i0I0,decoy,True,0,,,True,True
ntsr1,ZINCj7000002nxED,decoy,True,0,,,True,True
ntsr1,ZINCk700000GfKQe,decoy,True,0,,,True,True
ntsr1,ZINCk6000004bCwN,decoy,True,0,,,True,True
ntsr1,ZINCk700001bPBzA,decoy,True,0,,,True,True
ntsr1,ZINCk7000004gObW,decoy,True,0,,,True,True
ntsr1,ZINCj800000FCtqe,decoy,True,0,,,True,True
ntsr1,ZINCk500000dp0ZM,decoy,True,0,,,True,True
ntsr1,ZINCj7000002nwLs,decoy,True,0,,,True,True
ntsr1,ZINCk800000Gg86E,decoy,True,0,,,True,True
ntsr1,ZINCj800000wIJiO,decoy,True,0,,,True,True
ntsr1,ZINCk8000004io6k,decoy,True,0,,,True,True
ntsr1,ZINCk8000004i2XY,decoy,True,0,,,True,True
ntsr1,ZINCk800000Pyhci,decoy,True,0,,,True,True
ntsr1,ZINCk800001bPltg,decoy,True,0,,,True,True
ntsr1,ZINCj6000002lgIH,decoy,True,0,,,True,True
ntsr1,ZINCk600000gqKx8,decoy,True,0,,,True,True
ntsr1,ZINCk700000grDHy,decoy,True,0,,,True,True
ntsr1,ZINCk600000dr0LE,decoy,True,0,,,True,True
ntsr1,ZINCk5000009EzFy,decoy,True,0,,,True,True
ntsr1,ZINCk600000PAbK4,decoy,True,0,,,True,True
ntsr1,ZINCk800000JTMhw,decoy,True,0,,,True,True
ntsr1,ZINCk800000PCht1,decoy,True,0,,,True,True
ntsr1,ZINCk700001bNODj,decoy,True,0,,,True,True
ntsr1,ZINCk700000gseaU,decoy,True,0,,,True,True
ntsr1,ZINCk700000y8ypj,decoy,True,0,,,True,True
ntsr1,ZINCk800000JS4gE,decoy,True,0,,,True,True
ntsr1,ZINCk8000009MeNu,decoy,True,0,,,True,True
ntsr1,ZINCk700000PAOIH,decoy,True,0,,,True,True
ntsr1,ZINCk7000004gq0Q,decoy,True,0,,,True,True
ntsr1,ZINCk7000004eSXN,decoy,True,0,,,True,True
ntsr1,ZINCk8000009LRhf,decoy,True,0,,,True,True
ntsr1,ZINCk600000dqR4B,decoy,True,0,,,True,True
ntsr1,ZINCk800000xc5iH,decoy,True,0,,,True,True
ntsr1,ZINCi600000FCR4I,decoy,True,0,,,True,True
ntsr1,ZINCk600000Emuvh,decoy,True,0,,,True,True
ntsr1,ZINCk700000GfMPu,decoy,True,0,,,True,True
ntsr1,ZINCk800000GfZq7,decoy,True,0,,,True,True
ntsr1,ZINCk800000FCEjM,decoy,True,0,,,True,True
ntsr1,ZINCk800000y7UyF,decoy,True,0,,,True,True
ntsr1,ZINCk800000Gf0q2,decoy,True,0,,,True,True
ntsr1,ZINCk800001bPFbq,decoy,True,0,,,True,True
ntsr1,ZINCk7000009L1mI,decoy,True,0,,,True,True
ntsr1,ZINCj600000xciUB,decoy,True,0,,,True,True
ntsr1,ZINCk700000w1eSB,decoy,True,0,,,True,True
ntsr1,ZINCk800000xcgEV,decoy,True,0,,,True,True
ntsr1,ZINCk500000doJB5,decoy,True,0,,,True,True
ntsr1,ZINCk800000J9LI8,decoy,True,0,,,True,True
ntsr1,ZINCk600000Gf3R9,decoy,True,0,,,True,True
ntsr1,ZINCk800000gvYgJ,decoy,True,0,,,True,True
ntsr1,ZINCi700000BptZz,decoy,True,0,,,True,True
ntsr1,ZINCk800000JTr7Y,decoy,True,0,,,True,True
ntsr1,ZINCk7000004glf1,decoy,True,0,,,True,True
ntsr1,ZINCk7000004f3zB,decoy,True,0,,,True,True
ntsr1,ZINCk700000JTKN7,decoy,True,0,,,True,True
ntsr1,ZINCk800000JTxTL,decoy,True,0,,,True,True
ntsr1,ZINCk8000004iBWp,decoy,True,0,,,True,True
ntsr1,ZINCk6000004bXbJ,decoy,True,0,,,True,True
ntsr1,ZINCj700000JWoku,decoy,True,0,,,True,True
ntsr1,ZINCk600000PuGUg,decoy,True,0,,,True,True
ntsr1,ZINCk8000009LLus,decoy,True,0,,,True,True
ntsr1,ZINCj6000002kWa5,decoy,True,0,,,True,True
ntsr1,ZINCk8000004jqlG,decoy,True,0,,,True,True
ntsr1,ZINCj600000fnyqo,decoy,True,0,,,True,True
ntsr1,ZINCk8000009Lwfd,decoy,True,0,,,True,True
ntsr1,ZINCk600000wMsG4,decoy,True,0,,,True,True
ntsr1,ZINCk600000GfIt0,decoy,True,0,,,True,True
ntsr1,ZINCk7000009KrlW,decoy,True,0,,,True,True
ntsr1,ZINCk8000004iBsW,decoy,True,0,,,True,True
ntsr1,ZINCk6000004dcEJ,decoy,True,0,,,True,True
ntsr1,ZINCk700000drhix,decoy,True,0,,,True,True
ntsr1,ZINCk5000003V97j,decoy,True,0,,,True,True
ntsr1,ZINCk800000JUmmp,decoy,True,0,,,True,True
ntsr1,ZINCj800000frbcd,decoy,True,0,,,True,True
ntsr1,ZINCk7000009Krmb,decoy,True,0,,,True,True
ntsr1,ZINCk700000PAxRq,decoy,True,0,,,True,True
ntsr1,ZINCk800000guyyt,decoy,True,0,,,True,True
ntsr1,ZINCk800000PwhBe,decoy,True,0,,,True,True
ntsr1,ZINCj600000xcUli,decoy,True,0,,,True,True
ntsr1,ZINCk700000drdQ7,decoy,True,0,,,True,True
ntsr1,ZINCj8000018TxlL,decoy,True,0,,,True,True
ntsr1,ZINCk700000PB0NX,decoy,True,0,,,True,True
ntsr1,ZINCk8000004hAvA,decoy,True,0,,,True,True
ntsr1,ZINCk700000vOWnu,decoy,True,0,,,True,True
ntsr1,ZINCj8000002qjyr,decoy,True,0,,,True,True
ntsr1,ZINCk8000004kjNc,decoy,True,0,,,True,True
ntsr1,ZINCk6000004dKhK,decoy,True,0,,,True,True
ntsr1,ZINCk7000004eT0Z,decoy,True,0,,,True,True
ntsr1,ZINCk800000guPwx,decoy,True,0,,,True,True
ntsr1,ZINCj7000018SsVD,decoy,True,0,,,True,True
ntsr1,ZINCk7000004eXno,decoy,True,0,,,True,True
ntsr1,ZINCk6000004cMs7,decoy,True,0,,,True,True
ntsr1,ZINCk600000Emt87,decoy,True,0,,,True,True
ntsr1,ZINCk600000y8AEk,decoy,True,0,,,True,True
ntsr1,ZINCk700000y8Eft,decoy,True,0,,,True,True
ntsr1,ZINCk8000004jwBs,decoy,True,0,,,True,True
ntsr1,ZINCk700000kIR1n,decoy,True,0,,,True,True
ntsr1,ZINCk50000047Hdf,decoy,True,0,,,True,True
ntsr1,ZINCk800000guMRj,decoy,True,0,,,True,True
ntsr1,ZINCk600000cLhCt,decoy,True,0,,,True,True
ntsr1,ZINCk600000gptVU,decoy,True,0,,,True,True
ntsr1,ZINCj8000002rMuO,decoy,True,0,,,True,True
ntsr1,ZINCk8000004j4lV,decoy,True,0,,,True,True
ntsr1,ZINCk600000FCpmk,decoy,True,0,,,True,True
ntsr1,ZINCj7000009jEVR,decoy,True,0,,,True,True
ntsr1,ZINCk800001bPj7s,decoy,True,0,,,True,True
ntsr1,ZINCk8000009LLuf,decoy,True,0,,,True,True
ntsr1,ZINCk6000004cvz7,decoy,True,0,,,True,True
ntsr1,ZINCk600000w9zOR,decoy,True,0,,,True,True
ntsr1,ZINCk7000004g4Ix,decoy,True,0,,,True,True
ntsr1,ZINCk800000Pwvg7,decoy,True,0,,,True,True
ntsr1,ZINCk800000BmGEL,decoy,True,0,,,True,True
ntsr1,ZINCk8000018TedI,decoy,True,0,,,True,True
ntsr1,ZINCk800000PAQFa,decoy,True,0,,,True,True
ntsr1,ZINCk700001bPeve,decoy,True,0,,,True,True
ntsr1,ZINCk600000gqhT2,decoy,True,0,,,True,True
ntsr1,ZINCk6000004ceDJ,decoy,True,0,,,True,True
ntsr1,ZINCk600000gpkXi,decoy,True,0,,,True,True
ntsr1,ZINCk7000004fNQM,decoy,True,0,,,True,True
ntsr1,ZINCk5000003XypT,decoy,True,0,,,True,True
ntsr1,ZINCk7000004fcmT,decoy,True,0,,,True,True
ntsr1,ZINCk6000004cGUB,decoy,True,0,,,True,True
ntsr1,ZINCk8000004jiTF,decoy,True,0,,,True,True
ntsr1,ZINCk800000w6D1B,decoy,True,0,,,True,True
ntsr1,ZINCk700000drlom,decoy,True,0,,,True,True
ntsr1,ZINCk5000009EJSp,decoy,True,0,,,True,True
ntsr1,ZINCk800000cvz8e,decoy,True,0,,,True,True
ntsr1,ZINCk600000PzSMz,decoy,True,0,,,True,True
ntsr1,ZINCk700000PwyU8,decoy,True,0,,,True,True
ntsr1,ZINCk800000ds4cw,decoy,True,0,,,True,True
ntsr1,ZINCk8000004hx8w,decoy,True,0,,,True,True
ntsr1,ZINCk7000004fBuA,decoy,True,0,,,True,True
ntsr1,ZINCk7000004fEPm,decoy,True,0,,,True,True
ntsr1,ZINCk700000drpkG,decoy,True,0,,,True,True
ntsr1,ZINCj800000J9XBP,decoy,True,0,,,True,True
ntsr1,ZINCk800000cvxlC,decoy,True,0,,,True,True
ntsr1,ZINCk800000Ggiat,decoy,True,0,,,True,True
ntsr1,ZINCk700001bPw69,decoy,True,0,,,True,True
ntsr1,ZINCk7000004fAYH,decoy,True,0,,,True,True
ntsr1,ZINCk500000461lj,decoy,True,0,,,True,True
ntsr1,ZINCj7000002oyz8,decoy,True,0,,,True,True
ntsr1,ZINCk600000GfAKU,decoy,True,0,,,True,True
ntsr1,ZINCk7000009KDuk,decoy,True,0,,,True,True
ntsr1,ZINCk800000Emzz4,decoy,True,0,,,True,True
ntsr1,ZINCk800000Emqon,decoy,True,0,,,True,True
ntsr1,ZINCk8000004hC6v,decoy,True,0,,,True,True
ntsr1,ZINCk6000018SxtB,decoy,True,0,,,True,True
ntsr1,ZINCk800000x3IaC,decoy,True,0,,,True,True
ntsr1,ZINCk8000004iLRe,decoy,True,0,,,True,True
ntsr1,ZINCk800000y7UEr,decoy,True,0,,,True,True
ntsr1,ZINCk500000gcfB0,decoy,True,0,,,True,True
ntsr1,ZINCk6000018T1uU,decoy,True,0,,,True,True
ntsr1,ZINCk500000doE6M,decoy,True,0,,,True,True
ntsr1,ZINCk5000003YW9G,decoy,True,0,,,True,True
ntsr1,ZINCk800000drVFH,decoy,True,0,,,True,True
ntsr1,ZINCk800000PzhU8,decoy,True,0,,,True,True
ntsr1,ZINCh600000JWctt,decoy,True,0,,,True,True
ntsr1,ZINCk500000gaI6R,decoy,True,0,,,True,True
ntsr1,ZINCj700000Ja026,decoy,True,0,,,True,True
ntsr1,ZINCk800000JUctS,decoy,True,0,,,True,True
ntsr1,ZINCk7000009KYff,decoy,True,0,,,True,True
ntsr1,ZINCk6000004dJCH,decoy,True,0,,,True,True
ntsr1,ZINCk50000048yN8,decoy,True,0,,,True,True
ntsr1,ZINCk600000gplPJ,decoy,True,0,,,True,True
ntsr1,ZINCk700001bOSlM,decoy,True,0,,,True,True
ntsr1,ZINCk8000004idJG,decoy,True,0,,,True,True
ntsr1,ZINCi800000JaAqk,decoy,True,0,,,True,True
ntsr1,ZINCk800001bOSqr,decoy,True,0,,,True,True
ntsr1,ZINCk800000BncUw,decoy,True,0,,,True,True
ntsr1,ZINCk50000046FMP,decoy,True,0,,,True,True
ntsr1,ZINCk800000JT8nt,decoy,True,0,,,True,True
ntsr1,ZINCk8000004iCjb,decoy,True,0,,,True,True
ntsr1,ZINCk800000ds90L,decoy,True,0,,,True,True
ntsr1,ZINCk800000dscMi,decoy,True,0,,,True,True
ntsr1,ZINCk700001bOpT6,decoy,True,0,,,True,True
ntsr1,ZINCk700000Ja0mL,decoy,True,0,,,True,True
ntsr1,ZINCk600000x3MYL,decoy,True,0,,,True,True
ntsr1,ZINCk7000004eQO6,decoy,True,0,,,True,True
ntsr1,ZINCk7000004gUm4,decoy,True,0,,,True,True
ntsr1,ZINCk700000Pu1QP,decoy,True,0,,,True,True
ntsr1,ZINCk800000FCBLz,decoy,True,0,,,True,True
ntsr1,ZINCj700000PH2Nd,decoy,True,0,,,True,True
ntsr1,ZINCk800000gupnw,decoy,True,0,,,True,True
ntsr1,ZINCk8000004ivBP,decoy,True,0,,,True,True
ntsr1,ZINCk7000004fsSG,decoy,True,0,,,True,True
ntsr1,ZINCk700000JTjuz,decoy,True,0,,,True,True
ntsr1,ZINCk700000AIYxe,decoy,True,0,,,True,True
ntsr1,ZINCk7000004gsAi,decoy,True,0,,,True,True
ntsr1,ZINCk7000004gNWX,decoy,True,0,,,True,True
ntsr1,ZINCk8000004jKsj,decoy,True,0,,,True,True
ntsr1,ZINCk700000cLiV4,decoy,True,0,,,True,True
ntsr1,ZINCk7000004fwMr,decoy,True,0,,,True,True
ntsr1,ZINCk8000004itZ1,decoy,True,0,,,True,True
ntsr1,ZINCk800000EmvSi,decoy,True,0,,,True,True
ntsr1,ZINCk600000vNtxD,decoy,True,0,,,True,True
ntsr1,ZINCk600000Aiwvp,decoy,True,0,,,True,True
ntsr1,ZINCk700000PzWBh,decoy,True,0,,,True,True
ntsr1,ZINCk7000004eRVI,decoy,True,0,,,True,True
ntsr1,ZINCk8000009LAgM,decoy,True,0,,,True,True
ntsr1,ZINCk800000xcmOz,decoy,True,0,,,True,True
ntsr1,ZINCk8000009MbdW,decoy,True,0,,,True,True
ntsr1,ZINCj7000002nxDC,decoy,True,0,,,True,True
ntsr1,ZINCk7000004fGe7,decoy,True,0,,,True,True
ntsr1,ZINCk8000004igbA,decoy,True,0,,,True,True
ntsr1,ZINCk8000018Tlg9,decoy,True,0,,,True,True
ntsr1,ZINCk800000Bmth7,decoy,True,0,,,True,True
ntsr1,ZINCh600000K4lnK,decoy,True,0,,,True,True
ntsr1,ZINCk6000004dGam,decoy,True,0,,,True,True
ntsr1,ZINCi8000018UxNl,decoy,True,0,,,True,True
ntsr1,ZINCk6000018TdYz,decoy,True,0,,,True,True
ntsr1,ZINCk700000PAfMw,decoy,True,0,,,True,True
ntsr1,ZINCk600001bPDEH,decoy,True,0,,,True,True
ntsr1,ZINCk8000004jDbv,decoy,True,0,,,True,True
ntsr1,ZINCk500000gblMz,decoy,True,0,,,True,True
ntsr1,ZINCk800000JTCDE,decoy,True,0,,,True,True
ntsr1,ZINCk7000009KAms,decoy,True,0,,,True,True
ntsr1,ZINCj5000002fxX9,decoy,True,0,,,True,True
ntsr1,ZINCk700000grDx7,decoy,True,0,,,True,True
ntsr1,ZINCk600000JS3rs,decoy,True,0,,,True,True
ntsr1,ZINCk700000PxtHL,decoy,True,0,,,True,True
ntsr1,ZINCk8000004ioDi,decoy,True,0,,,True,True
ntsr1,ZINCk600000x37bi,decoy,True,0,,,True,True
ntsr1,ZINCk7000004f6dp,decoy,True,0,,,True,True
ntsr1,ZINCk800000JSMVm,decoy,True,0,,,True,True
ntsr1,ZINCk700000Pw8s4,decoy,True,0,,,True,True
ntsr1,ZINCk700000gseEd,decoy,True,0,,,True,True
ntsr1,ZINCk700000JUgvH,decoy,True,0,,,True,True
ntsr1,ZINCk800000ciIsJ,decoy,True,0,,,True,True
ntsr1,ZINCk800000PBihx,decoy,True,0,,,True,True
ntsr1,ZINCj600000fnUkY,decoy,True,0,,,True,True
ntsr1,ZINCk800000ds54C,decoy,True,0,,,True,True
ntsr1,ZINCk800000GfXbV,decoy,True,0,,,True,True
ntsr1,ZINCj700000JWx8s,decoy,True,0,,,True,True
ntsr1,ZINCk6000004cpye,decoy,True,0,,,True,True
ntsr1,ZINCj8000002rqQB,decoy,True,0,,,True,True
ntsr1,ZINCk800000xcsvY,decoy,True,0,,,True,True
ntsr1,ZINCk700001bQeDB,decoy,True,0,,,True,True
ntsr1,ZINCk800000PtD2N,decoy,True,0,,,True,True
ntsr1,ZINCk700000gr5wv,decoy,True,0,,,True,True
ntsr1,ZINCj800000JUiOd,decoy,True,0,,,True,True
ntsr1,ZINCk5000009DadG,decoy,True,0,,,True,True
ntsr1,ZINCk700000JTuuB,decoy,True,0,,,True,True
ntsr1,ZINCk600000Emteg,decoy,True,0,,,True,True
ntsr1,ZINCk700000x8ipi,decoy,True,0,,,True,True
ntsr1,ZINCk800000JT7sU,decoy,True,0,,,True,True
ntsr1,ZINCk500000dqfkF,decoy,True,0,,,True,True
ntsr1,ZINCj700000FCSFL,decoy,True,0,,,True,True
ntsr1,ZINCk8000018TwO9,decoy,True,0,,,True,True
ntsr1,ZINCk600000gq2pg,decoy,True,0,,,True,True
ntsr1,ZINCk800001bPpse,decoy,True,0,,,True,True
ntsr1,ZINCj8000002qpyE,decoy,True,0,,,True,True
ntsr1,ZINCk6000004dAmk,decoy,True,0,,,True,True
ntsr1,ZINCk7000004eWZp,decoy,True,0,,,True,True
ntsr1,ZINCk8000004i0pw,decoy,True,0,,,True,True
ntsr1,ZINCj800000FCISb,decoy,True,0,,,True,True
ntsr1,ZINCk700000JTzjo,decoy,True,0,,,True,True
ntsr1,ZINCk8000004jZ3K,decoy,True,0,,,True,True
ntsr1,ZINCj8000002oAIw,decoy,True,0,,,True,True
ntsr1,ZINCi600000w17ib,decoy,True,0,,,True,True
ntsr1,ZINCk6000018Tf0j,decoy,True,0,,,True,True
ntsr1,ZINCk7000009KgJq,decoy,True,0,,,True,True
ntsr1,ZINCk600001bNq1H,decoy,True,0,,,True,True
ntsr1,ZINCk800000PBwvN,decoy,True,0,,,True,True
ntsr1,ZINCj700000PyYIJ,decoy,True,0,,,True,True
ntsr1,ZINCk700000drglu,decoy,True,0,,,True,True
ntsr1,ZINCk700001bPHh4,decoy,True,0,,,True,True
ntsr1,ZINCk500000gecR1,decoy,True,0,,,True,True
ntsr1,ZINCk8000004iy1r,decoy,True,0,,,True,True
ntsr1,ZINCk5000009E2qh,decoy,True,0,,,True,True
ntsr1,ZINCk700000PxggN,decoy,True,0,,,True,True
ntsr1,ZINCk8000018TjiG,decoy,True,0,,,True,True
ntsr1,ZINCk600000dqP9n,decoy,True,0,,,True,True
ntsr1,ZINCj500000d74V0,decoy,True,0,,,True,True
ntsr1,ZINCk800001bOMg9,decoy,True,0,,,True,True
ntsr1,ZINCk800000PAQvN,decoy,True,0,,,True,True
ntsr1,ZINCk800000JTo59,decoy,True,0,,,True,True
ntsr1,ZINCk8000004jX7k,decoy,True,0,,,True,True
ntsr1,ZINCk7000004gFaK,decoy,True,0,,,True,True
ntsr1,ZINCk700000PvoWp,decoy,True,0,,,True,True
ntsr1,ZINCj800000frOvs,decoy,True,0,,,True,True
ntsr1,ZINCk5000003Vnot,decoy,True,0,,,True,True
ntsr1,ZINCk800001bPJDY,decoy,True,0,,,True,True
ntsr1,ZINCk7000004eP1W,decoy,True,0,,,True,True
ntsr1,ZINCk7000009KqEJ,decoy,True,0,,,True,True
ntsr1,ZINCk800000xc509,decoy,True,0,,,True,True
ntsr1,ZINCk7000004f7FY,decoy,True,0,,,True,True
ntsr1,ZINCk700000drBXT,decoy,True,0,,,True,True
ntsr1,ZINCk800000xchTI,decoy,True,0,,,True,True
ntsr1,ZINCk700000y8r1t,decoy,True,0,,,True,True
ntsr1,ZINCj700000cKeN3,decoy,True,0,,,True,True
ntsr1,ZINCk800000y88D1,decoy,True,0,,,True,True
ntsr1,ZINCk800000BmxSQ,decoy,True,0,,,True,True
ntsr1,ZINCk700000JTCa8,decoy,True,0,,,True,True
ntsr1,ZINCk600000gpYOf,decoy,True,0,,,True,True
ntsr1,ZINCk700000JTrsU,decoy,True,0,,,True,True
ntsr1,ZINCk6000004cZKo,decoy,True,0,,,True,True
ntsr1,ZINCk600000JUpLQ,decoy,True,0,,,True,True
ntsr1,ZINCk8000004iGLr,decoy,True,0,,,True,True
ntsr1,ZINCk600000GfjX4,decoy,True,0,,,True,True
ntsr1,ZINCk7000018SToQ,decoy,True,0,,,True,True
ntsr1,ZINCk800000PtEJD,decoy,True,0,,,True,True
ntsr1,ZINCj800000Gh8yj,decoy,True,0,,,True,True
ntsr1,ZINCj600000EmrHE,decoy,True,0,,,True,True
ntsr1,ZINCk600000vSKKt,decoy,True,0,,,True,True
ntsr1,ZINCj800000FCpUg,decoy,True,0,,,True,True
ntsr1,ZINCk800000PtTMk,decoy,True,0,,,True,True
ntsr1,ZINCi800000JYTPE,decoy,True,0,,,True,True
ntsr1,ZINCk7000004f2wJ,decoy,True,0,,,True,True
ntsr1,ZINCk600000dqRAu,decoy,True,0,,,True,True
ntsr1,ZINCk600000dqYu8,decoy,True,0,,,True,True
ntsr1,ZINCk600000PzjLA,decoy,True,0,,,True,True
ntsr1,ZINCk800001bPK1z,decoy,True,0,,,True,True
ntsr1,ZINCk8000018SUNX,decoy,True,0,,,True,True
ntsr1,ZINCk800000JTOPk,decoy,True,0,,,True,True
ntsr1,ZINCk800000drPfF,decoy,True,0,,,True,True
ntsr1,ZINCk600000gpEC0,decoy,True,0,,,True,True
ntsr1,ZINCh800000JTZ8j,decoy,True,0,,,True,True
ntsr1,ZINCk700000y8ATt,decoy,True,0,,,True,True
ntsr1,ZINCk600000dqOs8,decoy,True,0,,,True,True
ntsr1,ZINCk600000dqViP,decoy,True,0,,,True,True
ntsr1,ZINCk700000PtU7d,decoy,True,0,,,True,True
ntsr1,ZINCj600000JSexF,decoy,True,0,,,True,True
ntsr1,ZINCk6000004e1dy,decoy,True,0,,,True,True
ntsr1,ZINCk600000dr4kg,decoy,True,0,,,True,True
ntsr1,ZINCj500000vofcE,decoy,True,0,,,True,True
ntsr1,ZINCk7000004g0It,decoy,True,0,,,True,True
ntsr1,ZINCj7000002ozZT,decoy,True,0,,,True,True
ntsr1,ZINCj600000foqnH,decoy,True,0,,,True,True
ntsr1,ZINCk700000PBZyr,decoy,True,0,,,True,True
ntsr1,ZINCk600000JTOvB,decoy,True,0,,,True,True
ntsr1,ZINCk600000JSgPv,decoy,True,0,,,True,True
ntsr1,ZINCk700000JTNXi,decoy,True,0,,,True,True
ntsr1,ZINCk800000JTacQ,decoy,True,0,,,True,True
ntsr1,ZINCk800000EmzXH,decoy,True,0,,,True,True
ntsr1,ZINCk8000009Mfqq,decoy,True,0,,,True,True
ntsr1,ZINCk50000044Prh,decoy,True,0,,,True,True
ntsr1,ZINCk8000004i6SW,decoy,True,0,,,True,True
ntsr1,ZINCk700000PzAN5,decoy,True,0,,,True,True
ntsr1,ZINCi70000012jBu,decoy,True,0,,,True,True
ntsr1,ZINCj800000JVtm7,decoy,True,0,,,True,True
ntsr1,ZINCk700000JUl3h,decoy,True,0,,,True,True
ntsr1,ZINCk800000Pz0Zg,decoy,True,0,,,True,True
ntsr1,ZINCk700000JTEY8,decoy,True,0,,,True,True
ntsr1,ZINCk7000009Kr8Z,decoy,True,0,,,True,True
ntsr1,ZINCj800000JSIdS,decoy,True,0,,,True,True
ntsr1,ZINCk700000J9Q9a,decoy,True,0,,,True,True
ntsr1,ZINCk600000EmeyG,decoy,True,0,,,True,True
ntsr1,ZINCj800000Bmyjl,decoy,True,0,,,True,True
ntsr1,ZINCk700000wAYJ9,decoy,True,0,,,True,True
ntsr1,ZINCk7000004f2jz,decoy,True,0,,,True,True
ntsr1,ZINCj500000fjuwm,decoy,True,0,,,True,True
ntsr1,ZINCk5000003ZdHK,decoy,True,0,,,True,True
ntsr1,ZINCk6000018T1D7,decoy,True,0,,,True,True
ntsr1,ZINCk800000ds56R,decoy,True,0,,,True,True
ntsr1,ZINCk600000x173D,decoy,True,0,,,True,True
ntsr1,ZINCk800000drK0F,decoy,True,0,,,True,True
ntsr1,ZINCj800000PzONr,decoy,True,0,,,True,True
ntsr1,ZINCj800000d8IrB,decoy,True,0,,,True,True
ntsr1,ZINCj700000GhfGX,decoy,True,0,,,True,True
ntsr1,ZINCk800000drOzz,decoy,True,0,,,True,True
ntsr1,ZINCk800000FCA5F,decoy,True,0,,,True,True
ntsr1,ZINCk800001bPNU7,decoy,True,0,,,True,True
ntsr1,ZINCk8000004iAC4,decoy,True,0,,,True,True
ntsr1,ZINCk600000gpEHO,decoy,True,0,,,True,True
ntsr1,ZINCk800000PxsIL,decoy,True,0,,,True,True
ntsr1,ZINCj800000PGAnp,decoy,True,0,,,True,True
ntsr1,ZINCk800000GfMKp,decoy,True,0,,,True,True
ntsr1,ZINCk600000Pz6om,decoy,True,0,,,True,True
ntsr1,ZINCk800000gu5Mi,decoy,True,0,,,True,True
ntsr1,ZINCk700000JSkXK,decoy,True,0,,,True,True
ntsr1,ZINCk600000JS55b,decoy,True,0,,,True,True
ntsr1,ZINCj800000JWee0,decoy,True,0,,,True,True
ntsr1,ZINCk800000gtHU2,decoy,True,0,,,True,True
ntsr1,ZINCk8000004jxXc,decoy,True,0,,,True,True
ntsr1,ZINCj700000JTxbA,decoy,True,0,,,True,True
ntsr1,ZINCk7000009L3cb,decoy,True,0,,,True,True
ntsr1,ZINCj700000JWbjh,decoy,True,0,,,True,True
ntsr1,ZINCj800000JWz8p,decoy,True,0,,,True,True
ntsr1,ZINCk8000009M2oF,decoy,True,0,,,True,True
ntsr1,ZINCk8000004iAwD,decoy,True,0,,,True,True
ntsr1,ZINCk8000004iHgk,decoy,True,0,,,True,True
ntsr1,ZINCk5000009DlNm,decoy,True,0,,,True,True
ntsr1,ZINCk800000JTNV2,decoy,True,0,,,True,True
ntsr1,ZINCk600000PBhib,decoy,True,0,,,True,True
ntsr1,ZINCk700001bPyy0,decoy,True,0,,,True,True
ntsr1,ZINCk6000004dj47,decoy,True,0,,,True,True
ntsr1,ZINCk8000004i6UI,decoy,True,0,,,True,True
ntsr1,ZINCk800000wQS2D,decoy,True,0,,,True,True
ntsr1,ZINCj800000JVLwz,decoy,True,0,,,True,True
ntsr1,ZINCk800000PBUEa,decoy,True,0,,,True,True
ntsr1,ZINCk800000drLU2,decoy,True,0,,,True,True
ntsr1,ZINCk6000004cFd3,decoy,True,0,,,True,True
ntsr1,ZINCk8000004iHAy,decoy,True,0,,,True,True
ntsr1,ZINCk7000009KkGW,decoy,True,0,,,True,True
ntsr1,ZINCj800000cKfpe,decoy,True,0,,,True,True
ntsr1,ZINCk800000JTRZd,decoy,True,0,,,True,True
ntsr1,ZINCk600000JRXxx,decoy,True,0,,,True,True
ntsr1,ZINCk600000J9Mqh,decoy,True,0,,,True,True
ntsr1,ZINCk600000wrpX9,decoy,True,0,,,True,True
ntsr1,ZINCk600000gqzjL,decoy,True,0,,,True,True
ntsr1,ZINCi700000BmJXq,decoy,True,0,,,True,True
ntsr1,ZINCi800000156mF,decoy,True,0,,,True,True
ntsr1,ZINCk7000004eXoI,decoy,True,0,,,True,True
ntsr1,ZINCk8000009MbTt,decoy,True,0,,,True,True
ntsr1,ZINCk800000xchIB,decoy,True,0,,,True,True
ntsr1,ZINCk600000PumGZ,decoy,True,0,,,True,True
ntsr1,ZINCj800000Bob5d,decoy,True,0,,,True,True
ntsr1,ZINCk600000JTILY,decoy,True,0,,,True,True
ntsr1,ZINCj8000002qcQb,decoy,True,0,,,True,True
ntsr1,ZINCj600000xcRqt,decoy,True,0,,,True,True
ntsr1,ZINCk800000drSC7,decoy,True,0,,,True,True
ntsr1,ZINCk700000PAylC,decoy,True,0,,,True,True
ntsr1,ZINCk8000004iHv5,decoy,True,0,,,True,True
ntsr1,ZINCj700000PF4Sg,decoy,True,0,,,True,True
ntsr1,ZINCk800000PxtLE,decoy,True,0,,,True,True
ntsr1,ZINCk600000Bm86v,decoy,True,0,,,True,True
ntsr1,ZINCk600000PAYCP,decoy,True,0,,,True,True
ntsr1,ZINCk500000gdFCe,decoy,True,0,,,True,True
ntsr1,ZINCk7000018Tipr,decoy,True,0,,,True,True
ntsr1,ZINCk5000003Xmo7,decoy,True,0,,,True,True
ntsr1,ZINCk800000J9Yo7,decoy,True,0,,,True,True
ntsr1,ZINCk5000003XjIF,decoy,True,0,,,True,True
ntsr1,ZINCk600000Emk4O,decoy,True,0,,,True,True
ntsr1,ZINCk6000004dMm9,decoy,True,0,,,True,True
ntsr1,ZINCk600000gpH0g,decoy,True,0,,,True,True
ntsr1,ZINCk8000009LGP6,decoy,True,0,,,True,True
ntsr1,ZINCk500000cLexN,decoy,True,0,,,True,True
ntsr1,ZINCk800000AJaDk,decoy,True,0,,,True,True
ntsr1,ZINCk800000PwNjm,decoy,True,0,,,True,True
ntsr1,ZINCk8000004il4u,decoy,True,0,,,True,True
ntsr1,ZINCk600000gpewG,decoy,True,0,,,True,True
ntsr1,ZINCk800000JRYiN,decoy,True,0,,,True,True
ntsr1,ZINCk8000018TgR3,decoy,True,0,,,True,True
ntsr1,ZINCk600000BmsmS,decoy,True,0,,,True,True
ntsr1,ZINCk6000004cwRW,decoy,True,0,,,True,True
ntsr1,ZINCk500000cuJpb,decoy,True,0,,,True,True
ntsr1,ZINCk600000JUsKB,decoy,True,0,,,True,True
ntsr1,ZINCk700000PA5Ru,decoy,True,0,,,True,True
ntsr1,ZINCk600000gqmnH,decoy,True,0,,,True,True
ntsr1,ZINCi700000eO30t,decoy,True,0,,,True,True
ntsr1,ZINCk800000FCzjU,decoy,True,0,,,True,True
ntsr1,ZINCk6000009JEZ8,decoy,True,0,,,True,True
ntsr1,ZINCj6000002lAmT,decoy,True,0,,,True,True
ntsr1,ZINCj6000002kGC4,decoy,True,0,,,True,True
ntsr1,ZINCk700000wTyDp,decoy,True,0,,,True,True
ntsr1,ZINCk800001bPnYM,decoy,True,0,,,True,True
ntsr1,ZINCk8000009LIS1,decoy,True,0,,,True,True
ntsr1,ZINCk5000004200w,decoy,True,0,,,True,True
ntsr1,ZINCj800000JWqYR,decoy,True,0,,,True,True
ntsr1,ZINCk700000PtZMG,decoy,True,0,,,True,True
ntsr1,ZINCj5000002bHcB,decoy,True,0,,,True,True
ntsr1,ZINCj8000002rQes,decoy,True,0,,,True,True
ntsr1,ZINCj5000002eZZG,decoy,True,0,,,True,True
ntsr1,ZINCk800001bPmXi,decoy,True,0,,,True,True
ntsr1,ZINCk7000009K057,decoy,True,0,,,True,True
ntsr1,ZINCk700000PtRRG,decoy,True,0,,,True,True
ntsr1,ZINCi80000014tQT,decoy,True,0,,,True,True
ntsr1,ZINCi7000018Tsyn,decoy,True,0,,,True,True
ntsr1,ZINCj7000002oyTQ,decoy,True,0,,,True,True
ntsr1,ZINCj800000JTKIn,decoy,True,0,,,True,True
ntsr1,ZINCk700000Px6vi,decoy,True,0,,,True,True
ntsr1,ZINCk700000PAspt,decoy,True,0,,,True,True
ntsr1,ZINCi800000cWtZo,decoy,True,0,,,True,True
ntsr1,ZINCk800000PAv9x,decoy,True,0,,,True,True
ntsr1,ZINCk800000Pz3nt,decoy,True,0,,,True,True
ntsr1,ZINCk800000y8MSX,decoy,True,0,,,True,True
ntsr1,ZINCk7000004h2Cg,decoy,True,0,,,True,True
ntsr1,ZINCk600001bPdM9,decoy,True,0,,,True,True
ntsr1,ZINCk50000045enc,decoy,True,0,,,True,True
ntsr1,ZINCj800000PAPMl,decoy,True,0,,,True,True
ntsr1,ZINCk700000JTSsL,decoy,True,0,,,True,True
ntsr1,ZINCk8000004iChS,decoy,True,0,,,True,True
ntsr1,ZINCk800000JRYc0,decoy,True,0,,,True,True
ntsr1,ZINCk8000004imkQ,decoy,True,0,,,True,True
ntsr1,ZINCj7000002n7lI,decoy,True,0,,,True,True
ntsr1,ZINCk5000003V6Vt,decoy,True,0,,,True,True
ntsr1,ZINCk7000004glTj,decoy,True,0,,,True,True
ntsr1,ZINCk700000Gf4bK,decoy,True,0,,,True,True
ntsr1,ZINCk800000PxY2q,decoy,True,0,,,True,True
ntsr1,ZINCi6000018UwaJ,decoy,True,0,,,True,True
ntsr1,ZINCk50000040BGZ,decoy,True,0,,,True,True
ntsr1,ZINCk700000grT4i,decoy,True,0,,,True,True
ntsr1,ZINCk800000PACxd,decoy,True,0,,,True,True
ntsr1,ZINCj700000y9JqT,decoy,True,0,,,True,True
ntsr1,ZINCj8000002rVjv,decoy,True,0,,,True,True
ntsr1,ZINCk8000018TyEK,decoy,True,0,,,True,True
ntsr1,ZINCk800000Gf4ko,decoy,True,0,,,True,True
ntsr1,ZINCk800000JTI7N,decoy,True,0,,,True,True
ntsr1,ZINCj800000PAPF2,decoy,True,0,,,True,True
ntsr1,ZINCj8000002rPUb,decoy,True,0,,,True,True
ntsr1,ZINCk800000PAFbF,decoy,True,0,,,True,True
ntsr1,ZINCi6000018UFne,decoy,True,0,,,True,True
ntsr1,ZINCk700000PC6VH,decoy,True,0,,,True,True
ntsr1,ZINCj800000wKjLi,decoy,True,0,,,True,True
ntsr1,ZINCk8000004i2G6,decoy,True,0,,,True,True
ntsr1,ZINCk800000JTKet,decoy,True,0,,,True,True
ntsr1,ZINCk8000009LKvr,decoy,True,0,,,True,True
ntsr1,ZINCk700000JUjHL,decoy,True,0,,,True,True
ntsr1,ZINCk8000009LH0X,decoy,True,0,,,True,True
ntsr1,ZINCi700000136U0,decoy,True,0,,,True,True
ntsr1,ZINCk500000dpbVb,decoy,True,0,,,True,True
ntsr1,ZINCi60000010vGu,decoy,True,0,,,True,True
ntsr1,ZINCj6000002le7m,decoy,True,0,,,True,True
ntsr1,ZINCk8000004jdVh,decoy,True,0,,,True,True
ntsr1,ZINCk700000JSVs0,decoy,True,0,,,True,True
ntsr1,ZINCh60000007R1x,decoy,True,0,,,True,True
ntsr1,ZINCj800000fqOgE,decoy,True,0,,,True,True
ntsr1,ZINCk6000004bYIO,decoy,True,0,,,True,True
ntsr1,ZINCj800000JUkCU,decoy,True,0,,,True,True
ntsr1,ZINCk8000004hXRR,decoy,True,0,,,True,True
ntsr1,ZINCk800000Em57g,decoy,True,0,,,True,True
ntsr1,ZINCk800001bPKtO,decoy,True,0,,,True,True
ntsr1,ZINCk600000xci2a,decoy,True,0,,,True,True
ntsr1,ZINCk600000gore2,decoy,True,0,,,True,True
ntsr1,ZINCk800001bO64p,decoy,True,0,,,True,True
ntsr1,ZINCk800000y8sUn,decoy,True,0,,,True,True
ntsr1,ZINCj7000002nFNv,decoy,True,0,,,True,True
ntsr1,ZINCk800001bPIUw,decoy,True,0,,,True,True
ntsr1,ZINCj7000002nQur,decoy,True,0,,,True,True
ntsr1,ZINCi800000cgdnO,decoy,True,0,,,True,True
ntsr1,ZINCk800001bPB0Y,decoy,True,0,,,True,True
ntsr1,ZINCh8000000ateL,decoy,True,0,,,True,True
ntsr1,ZINCk800000Bmuhc,decoy,True,0,,,True,True
ntsr1,ZINCk800000Pu0b6,decoy,True,0,,,True,True
ntsr1,ZINCk800001bQ33p,decoy,True,0,,,True,True
ntsr1,ZINCj8000002pflu,decoy,True,0,,,True,True
ntsr1,ZINCj600001bS5Q5,decoy,True,0,,,True,True
ntsr1,ZINCk8000004ilCG,decoy,True,0,,,True,True
ntsr1,ZINCk800001bQqKs,decoy,True,0,,,True,True
ntsr1,ZINCj700000JTfHn,decoy,True,0,,,True,True
ntsr1,ZINCk800001bPD2E,decoy,True,0,,,True,True
ntsr1,ZINCk600000PAC7k,decoy,True,0,,,True,True
ntsr1,ZINCj8000002rHpm,decoy,True,0,,,True,True
ntsr1,ZINCk700000cLjot,decoy,True,0,,,True,True
ntsr1,ZINCk6000009JknH,decoy,True,0,,,True,True
ntsr1,ZINCk600000JS9Lx,decoy,True,0,,,True,True
ntsr1,ZINCi70000012CdT,decoy,True,0,,,True,True
ntsr1,ZINCk800000JTulP,decoy,True,0,,,True,True
ntsr1,ZINCj800000fr2XG,decoy,True,0,,,True,True
ntsr1,ZINCk8000004jPX8,decoy,True,0,,,True,True
ntsr1,ZINCj700000d8v4f,decoy,True,0,,,True,True
ntsr1,ZINCj8000018TmTi,decoy,True,0,,,True,True
ntsr1,ZINCk700000GfVkz,decoy,True,0,,,True,True
ntsr1,ZINCk700000PAJXm,decoy,True,0,,,True,True
ntsr1,ZINCk5000009FZ3x,decoy,True,0,,,True,True
ntsr1,ZINCk8000009Mfqe,decoy,True,0,,,True,True
ntsr1,ZINCk800000Pzw28,decoy,True,0,,,True,True
ntsr1,ZINCk7000004gTxq,decoy,True,0,,,True,True
ntsr1,ZINCk600000gpTd2,decoy,True,0,,,True,True
ntsr1,ZINCk8000004i225,decoy,True,0,,,True,True
ntsr1,ZINCk8000004iRu0,decoy,True,0,,,True,True
ntsr1,ZINCj6000002livx,decoy,True,0,,,True,True
ntsr1,ZINCj800000PCxfJ,decoy,True,0,,,True,True
ntsr1,ZINCk700000PyFTo,decoy,True,0,,,True,True
ntsr1,ZINCk7000009KGFp,decoy,True,0,,,True,True
ntsr1,ZINCk800000JRV8c,decoy,True,0,,,True,True
ntsr1,ZINCj700000PzQ9N,decoy,True,0,,,True,True
ntsr1,ZINCk800000J9VdZ,decoy,True,0,,,True,True
ntsr1,ZINCj500000d6p99,decoy,True,0,,,True,True
ntsr1,ZINCj500000c9KCg,decoy,True,0,,,True,True
ntsr1,ZINCk700000GfPLX,decoy,True,0,,,True,True
ntsr1,ZINCk800001bPPx0,decoy,True,0,,,True,True
ntsr1,ZINCk800001bPITL,decoy,True,0,,,True,True
ntsr1,ZINCk6000004doYx,decoy,True,0,,,True,True
ntsr1,ZINCk800001bPetO,decoy,True,0,,,True,True
ntsr1,ZINCk800000ds96S,decoy,True,0,,,True,True
ntsr1,ZINCk8000004iFHu,decoy,True,0,,,True,True
ntsr1,ZINCk600000gpnUk,decoy,True,0,,,True,True
ntsr1,ZINCk8000004iE2d,decoy,True,0,,,True,True
ntsr1,ZINCj700000BmIp5,decoy,True,0,,,True,True
ntsr1,ZINCk6000004bCgP,decoy,True,0,,,True,True
ntsr1,ZINCk50000040W27,decoy,True,0,,,True,True
ntsr1,ZINCk700000PAKG7,decoy,True,0,,,True,True
ntsr1,ZINCk600000gpO8l,decoy,True,0,,,True,True
ntsr1,ZINCk800000w5P9t,decoy,True,0,,,True,True
ntsr1,ZINCj700000PBdGf,decoy,True,0,,,True,True
ntsr1,ZINCk7000004gd3u,decoy,True,0,,,True,True
ntsr1,ZINCk600000PCj7K,decoy,True,0,,,True,True
ntsr1,ZINCk700000gsZJy,decoy,True,0,,,True,True
ntsr1,ZINCk700000gscDm,decoy,True,0,,,True,True
ntsr1,ZINCk5000009Egfg,decoy,True,0,,,True,True
ntsr1,ZINCk600000dqNQM,decoy,True,0,,,True,True
ntsr1,ZINCk700000JTfQZ,decoy,True,0,,,True,True
ntsr1,ZINCi700000PIBkn,decoy,True,0,,,True,True
ntsr1,ZINCk5000009FVHb,decoy,True,0,,,True,True
ntsr1,ZINCk8000004ib6O,decoy,True,0,,,True,True
ntsr1,ZINCi70000012D1z,decoy,True,0,,,True,True
ntsr1,ZINCk600000dqWkL,decoy,True,0,,,True,True
ntsr1,ZINCk700000Bmu7X,decoy,True,0,,,True,True
ntsr1,ZINCj6000002m4V2,decoy,True,0,,,True,True
ntsr1,ZINCk5000009DhMe,decoy,True,0,,,True,True
ntsr1,ZINCk700000vRF9C,decoy,True,0,,,True,True
ntsr1,ZINCk5000009Dj8d,decoy,True,0,,,True,True
ntsr1,ZINCk8000004iQAf,decoy,True,0,,,True,True
ntsr1,ZINCk700000AJ7rw,decoy,True,0,,,True,True
ntsr1,ZINCk500000dp63J,decoy,True,0,,,True,True
ntsr1,ZINCk800000Bmuj9,decoy,True,0,,,True,True
ntsr1,ZINCk800000PzJOD,decoy,True,0,,,True,True
ntsr1,ZINCk800000Pu6b8,decoy,True,0,,,True,True
ntsr1,ZINCk7000018Tt82,decoy,True,0,,,True,True
ntsr1,ZINCk800000BmC1T,decoy,True,0,,,True,True
ntsr1,ZINCk7000004fXLH,decoy,True,0,,,True,True
ntsr1,ZINCk500000dpGuW,decoy,True,0,,,True,True
ntsr1,ZINCk800000dsgDL,decoy,True,0,,,True,True
ntsr1,ZINCk7000018T6Pa,decoy,True,0,,,True,True
ntsr1,ZINCk7000018TwnR,decoy,True,0,,,True,True
ntsr1,ZINCk6000009JhJN,decoy,True,0,,,True,True
ntsr1,ZINCk800000PCx9Y,decoy,True,0,,,True,True
ntsr1,ZINCi600000xcmdm,decoy,True,0,,,True,True
ntsr1,ZINCj600000BoicJ,decoy,True,0,,,True,True
ntsr1,ZINCj800000AJpMN,decoy,True,0,,,True,True
ntsr1,ZINCk8000004iGWu,decoy,True,0,,,True,True
ntsr1,ZINCk600001bPn7Q,decoy,True,0,,,True,True
ntsr1,ZINCk600000Pyhgy,decoy,True,0,,,True,True
ntsr1,ZINCk800000Pv9YE,decoy,True,0,,,True,True
ntsr1,ZINCj600000PHYd4,decoy,True,0,,,True,True
ntsr1,ZINCk8000009Mg4L,decoy,True,0,,,True,True
ntsr1,ZINCk500000gdCKF,decoy,True,0,,,True,True
ntsr1,ZINCk8000004iGhy,decoy,True,0,,,True,True
ntsr1,ZINCk800001bQ4eg,decoy,True,0,,,True,True
ntsr1,ZINCk800001bQgqw,decoy,True,0,,,True,True
ntsr1,ZINCk700000JSMkS,decoy,True,0,,,True,True
ntsr1,ZINCk7000018T5Hq,decoy,True,0,,,True,True
ntsr1,ZINCk800000kFBGw,decoy,True,0,,,True,True
ntsr1,ZINCj500000vhhHz,decoy,True,0,,,True,True
ntsr1,ZINCj800000FCRwF,decoy,True,0,,,True,True
ntsr1,ZINCk6000009Jn1R,decoy,True,0,,,True,True
ntsr1,ZINCk800000PzbTE,decoy,True,0,,,True,True
ntsr1,ZINCk800000PBw1f,decoy,True,0,,,True,True
ntsr1,ZINCk8000004juXj,decoy,True,0,,,True,True
ntsr1,ZINCk7000004eRPW,decoy,True,0,,,True,True
ntsr1,ZINCj800000d8KhS,decoy,True,0,,,True,True
ntsr1,ZINCk7000004ftTI,decoy,True,0,,,True,True
ntsr1,ZINCj7000002nUcZ,decoy,True,0,,,True,True
ntsr1,ZINCj700000xcJzW,decoy,True,0,,,True,True
ntsr1,ZINCk800000J9XUV,decoy,True,0,,,True,True
ntsr1,ZINCk700000wsVqq,decoy,True,0,,,True,True
ntsr1,ZINCj600000JTQcL,decoy,True,0,,,True,True
ntsr1,ZINCk8000009M133,decoy,True,0,,,True,True
ntsr1,ZINCj600000JTi06,decoy,True,0,,,True,True
ntsr1,ZINCk8000004i3Mh,decoy,True,0,,,True,True
ntsr1,ZINCk700001bPRGM,decoy,True,0,,,True,True
ntsr1,ZINCk700000JTw0Y,decoy,True,0,,,True,True
ntsr1,ZINCk800000PzXtl,decoy,True,0,,,True,True
ntsr1,ZINCk7000004eWN1,decoy,True,0,,,True,True
ntsr1,ZINCk600000EmsZE,decoy,True,0,,,True,True
ntsr1,ZINCj600000JTpHH,decoy,True,0,,,True,True
ntsr1,ZINCk600000gqh3N,decoy,True,0,,,True,True
ntsr1,ZINCk800000PBgQW,decoy,True,0,,,True,True
ntsr1,ZINCk600000PzGe5,decoy,True,0,,,True,True
ntsr1,ZINCk7000018ToWQ,decoy,True,0,,,True,True
ntsr1,ZINCj700000d8lZo,decoy,True,0,,,True,True
ntsr1,ZINCk7000004fSiK,decoy,True,0,,,True,True
ntsr1,ZINCk7000004fHfx,decoy,True,0,,,True,True
ntsr1,ZINCk7000004ekwJ,decoy,True,0,,,True,True
ntsr1,ZINCk8000004jD5V,decoy,True,0,,,True,True
ntsr1,ZINCk600000Pzsr9,decoy,True,0,,,True,True
ntsr1,ZINCk5000003XjJn,decoy,True,0,,,True,True
ntsr1,ZINCj8000002rfG6,decoy,True,0,,,True,True
ntsr1,ZINCk600000JUuNn,decoy,True,0,,,True,True
ntsr1,ZINCj800000PCJGf,decoy,True,0,,,True,True
ntsr1,ZINCk800000kHqTz,decoy,True,0,,,True,True
ntsr1,ZINCk6000018T1rd,decoy,True,0,,,True,True
ntsr1,ZINCk8000018ThRL,decoy,True,0,,,True,True
ntsr1,ZINCk50000045IAa,decoy,True,0,,,True,True
ntsr1,ZINCk600000Emwp9,decoy,True,0,,,True,True
ntsr1,ZINCk5000003VjCJ,decoy,True,0,,,True,True
ntsr1,ZINCk600000PAvbT,decoy,True,0,,,True,True
ntsr1,ZINCk6000004dXPg,decoy,True,0,,,True,True
ntsr1,ZINCj5000009gWbg,decoy,True,0,,,True,True
ntsr1,ZINCk8000004isr1,decoy,True,0,,,True,True
ntsr1,ZINCk800000wqPck,decoy,True,0,,,True,True
ntsr1,ZINCj6000002m7PZ,decoy,True,0,,,True,True
ntsr1,ZINCk800000JSefA,decoy,True,0,,,True,True
ntsr1,ZINCk8000004izzK,decoy,True,0,,,True,True
ntsr1,ZINCk8000018ThgZ,decoy,True,0,,,True,True
ntsr1,ZINCk700000gsImA,decoy,True,0,,,True,True
ntsr1,ZINCk800000PzbTF,decoy,True,0,,,True,True
ntsr1,ZINCj600000PxWC9,decoy,True,0,,,True,True
ntsr1,ZINCk700000JTOnk,decoy,True,0,,,True,True
ntsr1,ZINCk800000dscoJ,decoy,True,0,,,True,True
ntsr1,ZINCk600000PwM1B,decoy,True,0,,,True,True
ntsr1,ZINCj6000018UEtS,decoy,True,0,,,True,True
ntsr1,ZINCk500000gdXQa,decoy,True,0,,,True,True
ntsr1,ZINCj6000002laIu,decoy,True,0,,,True,True
ntsr1,ZINCk5000003YlA1,decoy,True,0,,,True,True
ntsr1,ZINCk600000dqY1l,decoy,True,0,,,True,True
ntsr1,ZINCk800000wuX7z,decoy,True,0,,,True,True
ntsr1,ZINCj700000xcko6,decoy,True,0,,,True,True
ntsr1,ZINCj600000JW0cn,decoy,True,0,,,True,True
ntsr1,ZINCk700000GfxNO,decoy,True,0,,,True,True
ntsr1,ZINCj5000002fc4G,decoy,True,0,,,True,True
ntsr1,ZINCk700000PAfXR,decoy,True,0,,,True,True
ntsr1,ZINCk800000Bm6KP,decoy,True,0,,,True,True
ntsr1,ZINCk8000004i6V5,decoy,True,0,,,True,True
ntsr1,ZINCk600000cvno4,decoy,True,0,,,True,True
ntsr1,ZINCk800000PzJwo,decoy,True,0,,,True,True
ntsr1,ZINCk800000PA3tv,decoy,True,0,,,True,True
ntsr1,ZINCk800000wxy9t,decoy,True,0,,,True,True
ntsr1,ZINCk600000PzDK9,decoy,True,0,,,True,True
ntsr1,ZINCi600000xcJPi,decoy,True,0,,,True,True
ntsr1,ZINCj8000002q0L3,decoy,True,0,,,True,True
ntsr1,ZINCk5000009D3QW,decoy,True,0,,,True,True
ntsr1,ZINCk600000xc2J6,decoy,True,0,,,True,True
ntsr1,ZINCj700000d8mVS,decoy,True,0,,,True,True
ntsr1,ZINCk8000004idzQ,decoy,True,0,,,True,True
ntsr1,ZINCj700000En5Xn,decoy,True,0,,,True,True
ntsr1,ZINCj800000JWWs0,decoy,True,0,,,True,True
ntsr1,ZINCi600001bU5uF,decoy,True,0,,,True,True
ntsr1,ZINCk500000g9Phu,decoy,True,0,,,True,True
ntsr1,ZINCk600000PzDyC,decoy,True,0,,,True,True
ntsr1,ZINCk800000ciGBx,decoy,True,0,,,True,True
ntsr1,ZINCk600000PxVdo,decoy,True,0,,,True,True
ntsr1,ZINCj600000PArW2,decoy,True,0,,,True,True
ntsr1,ZINCk800000PzqAR,decoy,True,0,,,True,True
ntsr1,ZINCk7000004eSlH,decoy,True,0,,,True,True
ntsr1,ZINCk8000009MfQv,decoy,True,0,,,True,True
ntsr1,ZINCk7000004eSlJ,decoy,True,0,,,True,True
ntsr1,ZINCk6000004dY4h,decoy,True,0,,,True,True
ntsr1,ZINCk500000cLb4I,decoy,True,0,,,True,True
ntsr1,ZINCi800000BpGq4,decoy,True,0,,,True,True
ntsr1,ZINCk6000004cGEJ,decoy,True,0,,,True,True
ntsr1,ZINCj6000002m4It,decoy,True,0,,,True,True
ntsr1,ZINCk600000JS8uT,decoy,True,0,,,True,True
ntsr1,ZINCj700000BmAc8,decoy,True,0,,,True,True
ntsr1,ZINCk800001bPm2Z,decoy,True,0,,,True,True
ntsr1,ZINCk7000009L1li,decoy,True,0,,,True,True
ntsr1,ZINCk800000AJ9eP,decoy,True,0,,,True,True
ntsr1,ZINCk600000PCaRo,decoy,True,0,,,True,True
ntsr1,ZINCj6000002lVx8,decoy,True,0,,,True,True
ntsr1,ZINCk500000dpM9s,decoy,True,0,,,True,True
ntsr1,ZINCk7000004fHag,decoy,True,0,,,True,True
ntsr1,ZINCj5000009gKxZ,decoy,True,0,,,True,True
ntsr1,ZINCj8000018Skr1,decoy,True,0,,,True,True
ntsr1,ZINCk800000JTUXD,decoy,True,0,,,True,True
ntsr1,ZINCk700000gsOpq,decoy,True,0,,,True,True
ntsr1,ZINCk800000ds9af,decoy,True,0,,,True,True
ntsr1,ZINCk600000Pu5Es,decoy,True,0,,,True,True
ntsr1,ZINCj700000AiC08,decoy,True,0,,,True,True
ntsr1,ZINCk800000PzDtM,decoy,True,0,,,True,True
ntsr1,ZINCk700000PyGjc,decoy,True,0,,,True,True
ntsr1,ZINCk7000004goXC,decoy,True,0,,,True,True
ntsr1,ZINCj700000d8tMy,decoy,True,0,,,True,True
ntsr1,ZINCk800000JTvg5,decoy,True,0,,,True,True
ntsr1,ZINCk800000guvDk,decoy,True,0,,,True,True
ntsr1,ZINCk50000045qt2,decoy,True,0,,,True,True
ntsr1,ZINCk6000004dCth,decoy,True,0,,,True,True
ntsr1,ZINCk7000004fIMX,decoy,True,0,,,True,True
ntsr1,ZINCk700000Gg5vo,decoy,True,0,,,True,True
ntsr1,ZINCk50000046nBd,decoy,True,0,,,True,True
ntsr1,ZINCk7000004gm7q,decoy,True,0,,,True,True
ntsr1,ZINCi800000y9tJG,decoy,True,0,,,True,True
ntsr1,ZINCk7000004gmSA,decoy,True,0,,,True,True
ntsr1,ZINCk7000018Snf5,decoy,True,0,,,True,True
ntsr1,ZINCk700000drnHq,decoy,True,0,,,True,True
ntsr1,ZINCk800000PtTDj,decoy,True,0,,,True,True
ntsr1,ZINCj800000d8Kwr,decoy,True,0,,,True,True
ntsr1,ZINCk7000004eFYM,decoy,True,0,,,True,True
ntsr1,ZINCj5000009hJjD,decoy,True,0,,,True,True
ntsr1,ZINCk600001bO4rj,decoy,True,0,,,True,True
ntsr1,ZINCj700000FCzHc,decoy,True,0,,,True,True
ntsr1,ZINCk600000ciB34,decoy,True,0,,,True,True
ntsr1,ZINCj8000002q0ZE,decoy,True,0,,,True,True
ntsr1,ZINCk800000vbYhb,decoy,True,0,,,True,True
ntsr1,ZINCk800000gtN7U,decoy,True,0,,,True,True
ntsr1,ZINCk800000Gfv2N,decoy,True,0,,,True,True
ntsr1,ZINCk600000dqXVt,decoy,True,0,,,True,True
ntsr1,ZINCj700000xcMMI,decoy,True,0,,,True,True
ntsr1,ZINCj700000d8f8i,decoy,True,0,,,True,True
ntsr1,ZINCk8000009MifW,decoy,True,0,,,True,True
ntsr1,ZINCk700000drHT1,decoy,True,0,,,True,True
ntsr1,ZINCk700000drxye,decoy,True,0,,,True,True
ntsr1,ZINCj6000002m3en,decoy,True,0,,,True,True
ntsr1,ZINCk600000PtDdf,decoy,True,0,,,True,True
ntsr1,ZINCk7000009KYTt,decoy,True,0,,,True,True
ntsr1,ZINCk6000009JlJq,decoy,True,0,,,True,True
ntsr1,ZINCk6000004cB1F,decoy,True,0,,,True,True
ntsr1,ZINCk800000y8zSK,decoy,True,0,,,True,True
ntsr1,ZINCk600000Pz1Kr,decoy,True,0,,,True,True
ntsr1,ZINCk7000004f57V,decoy,True,0,,,True,True
ntsr1,ZINCj6000002lDiP,decoy,True,0,,,True,True
ntsr1,ZINCk6000018T36r,decoy,True,0,,,True,True
ntsr1,ZINCk500000gehV7,decoy,True,0,,,True,True
ntsr1,ZINCj800000whhtL,decoy,True,0,,,True,True
ntsr1,ZINCk50000041ZM7,decoy,True,0,,,True,True
ntsr1,ZINCk700000JUcEk,decoy,True,0,,,True,True
ntsr1,ZINCk800000ds8Go,decoy,True,0,,,True,True
ntsr1,ZINCk800000PAaJW,decoy,True,0,,,True,True
ntsr1,ZINCk600000Em6Tg,decoy,True,0,,,True,True
ntsr1,ZINCj7000002os1p,decoy,True,0,,,True,True
ntsr1,ZINCk800000gtsIF,decoy,True,0,,,True,True
ntsr1,ZINCk800000gueVk,decoy,True,0,,,True,True
ntsr1,ZINCj700000JWsV7,decoy,True,0,,,True,True
ntsr1,ZINCk8000009Lfwy,decoy,True,0,,,True,True
ntsr1,ZINCj6000002lu3a,decoy,True,0,,,True,True
ntsr1,ZINCk600000J9XDH,decoy,True,0,,,True,True
ntsr1,ZINCk6000004bAlI,decoy,True,0,,,True,True
ntsr1,ZINCk700000drigV,decoy,True,0,,,True,True
ntsr1,ZINCk700000gsgWv,decoy,True,0,,,True,True
ntsr1,ZINCk7000004gk85,decoy,True,0,,,True,True
ntsr1,ZINCk7000004gk9p,decoy,True,0,,,True,True
ntsr1,ZINCk700001bO9Se,decoy,True,0,,,True,True
ntsr1,ZINCk8000004jZDL,decoy,True,0,,,True,True
ntsr1,ZINCk600000y8KhW,decoy,True,0,,,True,True
ntsr1,ZINCk800001bQrFS,decoy,True,0,,,True,True
ntsr1,ZINCj6000002lgQQ,decoy,True,0,,,True,True
ntsr1,ZINCj700000PzsK0,decoy,True,0,,,True,True
ntsr1,ZINCj800000JUxgl,decoy,True,0,,,True,True
ntsr1,ZINCj500000d73aA,decoy,True,0,,,True,True
ntsr1,ZINCk600000kHq5B,decoy,True,0,,,True,True
ntsr1,ZINCj800000Bm8aX,decoy,True,0,,,True,True
ntsr1,ZINCk6000004dJ4D,decoy,True,0,,,True,True
ntsr1,ZINCk600000gpoz1,decoy,True,0,,,True,True
ntsr1,ZINCk600000PApF3,decoy,True,0,,,True,True
ntsr1,ZINCk800000xcdxz,decoy,True,0,,,True,True
ntsr1,ZINCk800000x8kfV,decoy,True,0,,,True,True
ntsr1,ZINCk500000458dY,decoy,True,0,,,True,True
ntsr1,ZINCk8000004iF6S,decoy,True,0,,,True,True
ntsr1,ZINCk600001bOrCw,decoy,True,0,,,True,True
ntsr1,ZINCk700001bPSWb,decoy,True,0,,,True,True
ntsr1,ZINCk700000drsPA,decoy,True,0,,,True,True
ntsr1,ZINCj7000002nOr7,decoy,True,0,,,True,True
ntsr1,ZINCj800000Gfiqr,decoy,True,0,,,True,True
ntsr1,ZINCk700000wCPtd,decoy,True,0,,,True,True
ntsr1,ZINCk500000gdE0k,decoy,True,0,,,True,True
ntsr1,ZINCk700000Pz8Me,decoy,True,0,,,True,True
ntsr1,ZINCk500000cuYrl,decoy,True,0,,,True,True
ntsr1,ZINCk800001bPjSy,decoy,True,0,,,True,True
ntsr1,ZINCk600000Pv9YJ,decoy,True,0,,,True,True
ntsr1,ZINCk600000gq93D,decoy,True,0,,,True,True
ntsr1,ZINCi60000011AhG,decoy,True,0,,,True,True
ntsr1,ZINCk800000PAkhz,decoy,True,0,,,True,True
ntsr1,ZINCj800000frvPw,decoy,True,0,,,True,True
ntsr1,ZINCk700000FCBSK,decoy,True,0,,,True,True
ntsr1,ZINCk800001bPYze,decoy,True,0,,,True,True
ntsr1,ZINCk8000004iNhc,decoy,True,0,,,True,True
ntsr1,ZINCk700000JTNT4,decoy,True,0,,,True,True
ntsr1,ZINCj600000PLgxg,decoy,True,0,,,True,True
ntsr1,ZINCk6000009JzR8,decoy,True,0,,,True,True
ntsr1,ZINCk800000PufrL,decoy,True,0,,,True,True
ntsr1,ZINCk600000gqjuk,decoy,True,0,,,True,True
ntsr1,ZINCk7000018TyiR,decoy,True,0,,,True,True
ntsr1,ZINCj8000002qylJ,decoy,True,0,,,True,True
ntsr1,ZINCk600000PzFIO,decoy,True,0,,,True,True
ntsr1,ZINCk600000Gghn9,decoy,True,0,,,True,True
ntsr1,ZINCk50000044UeE,decoy,True,0,,,True,True
ntsr1,ZINCk5000009CyuI,decoy,True,0,,,True,True
ntsr1,ZINCk800000JUxLl,decoy,True,0,,,True,True
ntsr1,ZINCk700000gsemX,decoy,True,0,,,True,True
ntsr1,ZINCk8000004jA4v,decoy,True,0,,,True,True
ntsr1,ZINCk800000JUoEf,decoy,True,0,,,True,True
ntsr1,ZINCj7000018TyBV,decoy,True,0,,,True,True
ntsr1,ZINCk6000004dYlw,decoy,True,0,,,True,True
ntsr1,ZINCk6000004dGfq,decoy,True,0,,,True,True
ntsr1,ZINCk800000Pzi6m,decoy,True,0,,,True,True
ntsr1,ZINCj700000PDcAo,decoy,True,0,,,True,True
ntsr1,ZINCi700000vzMdV,decoy,True,0,,,True,True
ntsr1,ZINCk6000004cHhQ,decoy,True,0,,,True,True
ntsr1,ZINCj700000cKes6,decoy,True,0,,,True,True
ntsr1,ZINCk600000kHqgG,decoy,True,0,,,True,True
ntsr1,ZINCk800000guLhM,decoy,True,0,,,True,True
ntsr1,ZINCk700001bPGyn,decoy,True,0,,,True,True
ntsr1,ZINCk800000y8mbD,decoy,True,0,,,True,True
ntsr1,ZINCj600000JVhts,decoy,True,0,,,True,True
ntsr1,ZINCk600000gqp7N,decoy,True,0,,,True,True
ntsr1,ZINCj8000009kjWx,decoy,True,0,,,True,True
ntsr1,ZINCk600000xchKu,decoy,True,0,,,True,True
ntsr1,ZINCj50000029IxK,decoy,True,0,,,True,True
ntsr1,ZINCk500000443lG,decoy,True,0,,,True,True
ntsr1,ZINCk7000018Tgck,decoy,True,0,,,True,True
ntsr1,ZINCk700000veQJt,decoy,True,0,,,True,True
ntsr1,ZINCk8000004iCNA,decoy,True,0,,,True,True
ntsr1,ZINCk7000004g15M,decoy,True,0,,,True,True
ntsr1,ZINCk8000009M2DE,decoy,True,0,,,True,True
ntsr1,ZINCk50000040Ni3,decoy,True,0,,,True,True
ntsr1,ZINCj800000wY54s,decoy,True,0,,,True,True
ntsr1,ZINCk8000004kg1i,decoy,True,0,,,True,True
ntsr1,ZINCi80000014Aqg,decoy,True,0,,,True,True
ntsr1,ZINCk600000PvMbq,decoy,True,0,,,True,True
ntsr1,ZINCk50000041ejh,decoy,True,0,,,True,True
ntsr1,ZINCj7000002p9DK,decoy,True,0,,,True,True
ntsr1,ZINCk7000004fvZv,decoy,True,0,,,True,True
ntsr1,ZINCk500000dqn9m,decoy,True,0,,,True,True
ntsr1,ZINCk5000003YBaj,decoy,True,0,,,True,True
ntsr1,ZINCk8000009M5XH,decoy,True,0,,,True,True
ntsr1,ZINCk7000004gCfl,decoy,True,0,,,True,True
ntsr1,ZINCk800000drSY4,decoy,True,0,,,True,True
ntsr1,ZINCk700000Ptxmn,decoy,True,0,,,True,True
ntsr1,ZINCk800000EmtXf,decoy,True,0,,,True,True
ntsr1,ZINCk600000dqSjW,decoy,True,0,,,True,True
ntsr1,ZINCk700000PAhHi,decoy,True,0,,,True,True
ntsr1,ZINCk8000004hAZz,decoy,True,0,,,True,True
ntsr1,ZINCj6000002lxkq,decoy,True,0,,,True,True
ntsr1,ZINCk800000guMYh,decoy,True,0,,,True,True
ntsr1,ZINCk5000009AtSB,decoy,True,0,,,True,True
ntsr1,ZINCk8000018Sr4Y,decoy,True,0,,,True,True
ntsr1,ZINCk5000003YnhZ,decoy,True,0,,,True,True
ntsr1,ZINCk800000PzyI9,decoy,True,0,,,True,True
ntsr1,ZINCk700000y8ymM,decoy,True,0,,,True,True
ntsr1,ZINCk800000Pu56y,decoy,True,0,,,True,True
ntsr1,ZINCk800000JTSUg,decoy,True,0,,,True,True
ntsr1,ZINCi7000018UyDZ,decoy,True,0,,,True,True
ntsr1,ZINCk8000004hPP3,decoy,True,0,,,True,True
ntsr1,ZINCk8000018T2m6,decoy,True,0,,,True,True
ntsr1,ZINCk6000004dzV0,decoy,True,0,,,True,True
ntsr1,ZINCk800000JRWGK,decoy,True,0,,,True,True
ntsr1,ZINCk600000PBceH,decoy,True,0,,,True,True
ntsr1,ZINCk600000EmqbV,decoy,True,0,,,True,True
ntsr1,ZINCj7000018TXkq,decoy,True,0,,,True,True
ntsr1,ZINCk8000018SXlV,decoy,True,0,,,True,True
ntsr1,ZINCk800000guLtG,decoy,True,0,,,True,True
ntsr1,ZINCk700000gsSy6,decoy,True,0,,,True,True
ntsr1,ZINCk800000GfPgF,decoy,True,0,,,True,True
ntsr1,ZINCk700000xchuy,decoy,True,0,,,True,True
ntsr1,ZINCj700000fpvHf,decoy,True,0,,,True,True
ntsr1,ZINCk7000009KuSG,decoy,True,0,,,True,True
ntsr1,ZINCj800000d8TSK,decoy,True,0,,,True,True
ntsr1,ZINCj600000AJhPN,decoy,True,0,,,True,True
ntsr1,ZINCj700000FCsyK,decoy,True,0,,,True,True
ntsr1,ZINCk700000JUxgJ,decoy,True,0,,,True,True
ntsr1,ZINCk800000ds2R3,decoy,True,0,,,True,True
ntsr1,ZINCj500000wq0jh,decoy,True,0,,,True,True
ntsr1,ZINCk700000gsGYP,decoy,True,0,,,True,True
ntsr1,ZINCk800000drVUl,decoy,True,0,,,True,True
ntsr1,ZINCk7000018Toig,decoy,True,0,,,True,True
ntsr1,ZINCk500000g9wae,decoy,True,0,,,True,True
ntsr1,ZINCk700000BnfDi,decoy,True,0,,,True,True
ntsr1,ZINCi80000014CxQ,decoy,True,0,,,True,True
ntsr1,ZINCk5000009BVPp,decoy,True,0,,,True,True
ntsr1,ZINCk7000004fBzy,decoy,True,0,,,True,True
ntsr1,ZINCk500000gacOX,decoy,True,0,,,True,True
ntsr1,ZINCk700000y8vNH,decoy,True,0,,,True,True
ntsr1,ZINCk800000JU8NH,decoy,True,0,,,True,True
ntsr1,ZINCk700000FCzyM,decoy,True,0,,,True,True
ntsr1,ZINCk800000JTYjQ,decoy,True,0,,,True,True
ntsr1,ZINCk800000Ja4kO,decoy,True,0,,,True,True
ntsr1,ZINCk800000PzWDL,decoy,True,0,,,True,True
ntsr1,ZINCk7000004ghqZ,decoy,True,0,,,True,True
ntsr1,ZINCj600000JTPBU,decoy,True,0,,,True,True
ntsr1,ZINCj5000002eWzt,decoy,True,0,,,True,True
ntsr1,ZINCk7000018Ted9,decoy,True,0,,,True,True
ntsr1,ZINCk500000doWOw,decoy,True,0,,,True,True
ntsr1,ZINCk50000041zP9,decoy,True,0,,,True,True
ntsr1,ZINCk5000009AfxR,decoy,True,0,,,True,True
ntsr1,ZINCi600000xdbtN,decoy,True,0,,,True,True
ntsr1,ZINCk7000004fRly,decoy,True,0,,,True,True
ntsr1,ZINCk600000wXjIr,decoy,True,0,,,True,True
ntsr1,ZINCk700000JUhgk,decoy,True,0,,,True,True
ntsr1,ZINCj8000002rmnP,decoy,True,0,,,True,True
ntsr1,ZINCk800000PzEYm,decoy,True,0,,,True,True
ntsr1,ZINCk700000AJ3ay,decoy,True,0,,,True,True
ntsr1,ZINCi600000x0b5N,decoy,True,0,,,True,True
ntsr1,ZINCk5000003Z3ww,decoy,True,0,,,True,True
ntsr1,ZINCk7000018T1qU,decoy,True,0,,,True,True
ntsr1,ZINCk8000004ixqr,decoy,True,0,,,True,True
ntsr1,ZINCj700000wzZus,decoy,True,0,,,True,True
ntsr1,ZINCi80000014sKH,decoy,True,0,,,True,True
ntsr1,ZINCk700000drnWa,decoy,True,0,,,True,True
ntsr1,ZINCj800000PzyyD,decoy,True,0,,,True,True
ntsr1,ZINCk600000dqQj5,decoy,True,0,,,True,True
ntsr1,ZINCk800000guLtQ,decoy,True,0,,,True,True
ntsr1,ZINCk700001bPKu3,decoy,True,0,,,True,True
ntsr1,ZINCk600000dr0vP,decoy,True,0,,,True,True
ntsr1,ZINCk6000004cp4j,decoy,True,0,,,True,True
ntsr1,ZINCk600000PwDrd,decoy,True,0,,,True,True
ntsr1,ZINCk800001bOdu8,decoy,True,0,,,True,True
ntsr1,ZINCk700001bQ6Ld,decoy,True,0,,,True,True
ntsr1,ZINCk700000PyFIP,decoy,True,0,,,True,True
ntsr1,ZINCk500000404rl,decoy,True,0,,,True,True
ntsr1,ZINCk500000dos4p,decoy,True,0,,,True,True
ntsr1,ZINCj700000x7qUa,decoy,True,0,,,True,True
ntsr1,ZINCk800000PAESs,decoy,True,0,,,True,True
ntsr1,ZINCj600000Bnj54,decoy,True,0,,,True,True
ntsr1,ZINCk800000drVUo,decoy,True,0,,,True,True
ntsr1,ZINCk600000dqTCl,decoy,True,0,,,True,True
ntsr1,ZINCj600000JWwEC,decoy,True,0,,,True,True
ntsr1,ZINCk700000EmzjG,decoy,True,0,,,True,True
ntsr1,ZINCk800000JU5nN,decoy,True,0,,,True,True
ntsr1,ZINCk700000PwR1y,decoy,True,0,,,True,True
ntsr1,ZINCk600000PAlHJ,decoy,True,0,,,True,True
ntsr1,ZINCk700000PtECo,decoy,True,0,,,True,True
ntsr1,ZINCk700000JTIf4,decoy,True,0,,,True,True
ntsr1,ZINCk700000gskm2,decoy,True,0,,,True,True
ntsr1,ZINCk800000EmxC1,decoy,True,0,,,True,True
ntsr1,ZINCk500000cLe8f,decoy,True,0,,,True,True
ntsr1,ZINCk5000009GBDF,decoy,True,0,,,True,True
ntsr1,ZINCk5000009FjG0,decoy,True,0,,,True,True
ntsr1,ZINCk700000FCCRC,decoy,True,0,,,True,True
ntsr1,ZINCj700000PGAp0,decoy,True,0,,,True,True
ntsr1,ZINCk6000004cncr,decoy,True,0,,,True,True
ntsr1,ZINCj800000Jamsg,decoy,True,0,,,True,True
ntsr1,ZINCk800000PzDGW,decoy,True,0,,,True,True
ntsr1,ZINCk800000GfIqo,decoy,True,0,,,True,True
ntsr1,ZINCj600000JWwED,decoy,True,0,,,True,True
ntsr1,ZINCk700000PAaEL,decoy,True,0,,,True,True
ntsr1,ZINCk700000JSQbg,decoy,True,0,,,True,True
ntsr1,ZINCk8000004iPdH,decoy,True,0,,,True,True
ntsr1,ZINCk700000gt9Jf,decoy,True,0,,,True,True
ntsr1,ZINCk800000JTPdS,decoy,True,0,,,True,True
ntsr1,ZINCk800000PAn3X,decoy,True,0,,,True,True
ntsr1,ZINCk7000004fxF1,decoy,True,0,,,True,True
ntsr1,ZINCh8000000aUbo,decoy,True,0,,,True,True
ntsr1,ZINCj50000029OF0,decoy,True,0,,,True,True
ntsr1,ZINCk7000004fYbK,decoy,True,0,,,True,True
ntsr1,ZINCk8000004i6mZ,decoy,True,0,,,True,True
ntsr1,ZINCk700000JS9DJ,decoy,True,0,,,True,True
ntsr1,ZINCi800000JTG99,decoy,True,0,,,True,True
ntsr1,ZINCk600000JTW5O,decoy,True,0,,,True,True
ntsr1,ZINCj700000xcke4,decoy,True,0,,,True,True
ntsr1,ZINCk6000004crq7,decoy,True,0,,,True,True
ntsr1,ZINCj8000002pFX6,decoy,True,0,,,True,True
ntsr1,ZINCk7000004fvYu,decoy,True,0,,,True,True
ntsr1,ZINCj700000AiPNd,decoy,True,0,,,True,True
ntsr1,ZINCk800000wsvke,decoy,True,0,,,True,True
ntsr1,ZINCj6000002lvxk,decoy,True,0,,,True,True
ntsr1,ZINCk800000JTuiD,decoy,True,0,,,True,True
ntsr1,ZINCk800000JSkVm,decoy,True,0,,,True,True
ntsr1,ZINCj800000JWefd,decoy,True,0,,,True,True
ntsr1,ZINCk700000y7VIh,decoy,True,0,,,True,True
ntsr1,ZINCk50000045lHM,decoy,True,0,,,True,True
ntsr1,ZINCk6000018TjIs,decoy,True,0,,,True,True
ntsr1,ZINCk7000004fCTF,decoy,True,0,,,True,True
ntsr1,ZINCk700000Bmmg5,decoy,True,0,,,True,True
ntsr1,ZINCk7000004eUhn,decoy,True,0,,,True,True
ntsr1,ZINCj7000002nkId,decoy,True,0,,,True,True
ntsr1,ZINCj7000002nkLC,decoy,True,0,,,True,True
ntsr1,ZINCk800000PCtGz,decoy,True,0,,,True,True
ntsr1,ZINCk6000009Jp0z,decoy,True,0,,,True,True
ntsr1,ZINCk600000Pzesb,decoy,True,0,,,True,True
ntsr1,ZINCk50000041e8T,decoy,True,0,,,True,True
ntsr1,ZINCk600000JRZ3h,decoy,True,0,,,True,True
ntsr1,ZINCk8000009LQQ8,decoy,True,0,,,True,True
ntsr1,ZINCk8000004iyOq,decoy,True,0,,,True,True
ntsr1,ZINCk800000xcj4U,decoy,True,0,,,True,True
ntsr1,ZINCk600000PAEyB,decoy,True,0,,,True,True
ntsr1,ZINCk700000JTg82,decoy,True,0,,,True,True
ntsr1,ZINCk800000guPfo,decoy,True,0,,,True,True
ntsr1,ZINCk700000BlTQh,decoy,True,0,,,True,True
ntsr1,ZINCi800000PGlcH,decoy,True,0,,,True,True
ntsr1,ZINCk600000gqHaB,decoy,True,0,,,True,True
ntsr1,ZINCj600000PDg9g,decoy,True,0,,,True,True
ntsr1,ZINCk700000gsh6u,decoy,True,0,,,True,True
ntsr1,ZINCk8000004i3Gn,decoy,True,0,,,True,True
ntsr1,ZINCk700000Px5fP,decoy,True,0,,,True,True
ntsr1,ZINCk800000JUe53,decoy,True,0,,,True,True
ntsr1,ZINCk600000JS9Yr,decoy,True,0,,,True,True
ntsr1,ZINCk700000drm7G,decoy,True,0,,,True,True
ntsr1,ZINCk800000JTC38,decoy,True,0,,,True,True
ntsr1,ZINCk600000PBs0n,decoy,True,0,,,True,True
ntsr1,ZINCj800000fr7Cf,decoy,True,0,,,True,True
ntsr1,ZINCk7000004fzNS,decoy,True,0,,,True,True
ntsr1,ZINCk5000003Zd5y,decoy,True,0,,,True,True
ntsr1,ZINCk800000gvwox,decoy,True,0,,,True,True
ntsr1,ZINCk50000046gIu,decoy,True,0,,,True,True
ntsr1,ZINCk8000004j0Gd,decoy,True,0,,,True,True
ntsr1,ZINCk7000004f9rG,decoy,True,0,,,True,True
ntsr1,ZINCk800000JRSpe,decoy,True,0,,,True,True
ntsr1,ZINCk600000cLi01,decoy,True,0,,,True,True
ntsr1,ZINCi70000012Ztp,decoy,True,0,,,True,True
ntsr1,ZINCk500000geULd,decoy,True,0,,,True,True
ntsr1,ZINCj800000d8GBl,decoy,True,0,,,True,True
ntsr1,ZINCk600000JTFvF,decoy,True,0,,,True,True
ntsr1,ZINCk7000004eAcn,decoy,True,0,,,True,True
ntsr1,ZINCk7000004fJvy,decoy,True,0,,,True,True
ntsr1,ZINCk8000004ixNc,decoy,True,0,,,True,True
ntsr1,ZINCk5000009BzAD,decoy,True,0,,,True,True
ntsr1,ZINCk8000018TmGG,decoy,True,0,,,True,True
ntsr1,ZINCk500000gdlHw,decoy,True,0,,,True,True
ntsr1,ZINCk700000Bn8u5,decoy,True,0,,,True,True
ntsr1,ZINCk600000gplF6,decoy,True,0,,,True,True
ntsr1,ZINCk6000004cBZG,decoy,True,0,,,True,True
ntsr1,ZINCj7000002nMH4,decoy,True,0,,,True,True
ntsr1,ZINCk800000JTicq,decoy,True,0,,,True,True
ntsr1,ZINCk700000JSSmK,decoy,True,0,,,True,True
ntsr1,ZINCk800000Ja0RV,decoy,True,0,,,True,True
ntsr1,ZINCk8000009LH2X,decoy,True,0,,,True,True
ntsr1,ZINCk700000PzBAJ,decoy,True,0,,,True,True
ntsr1,ZINCk7000018TeTG,decoy,True,0,,,True,True
ntsr1,ZINCi600000PSLNs,decoy,True,0,,,True,True
ntsr1,ZINCk700000drqqX,decoy,True,0,,,True,True
ntsr1,ZINCk5000009Grm3,decoy,True,0,,,True,True
ntsr1,ZINCj7000002nPR6,decoy,True,0,,,True,True
ntsr1,ZINCi70000011IGK,decoy,True,0,,,True,True
ntsr1,ZINCk600000dr5nz,decoy,True,0,,,True,True
ntsr1,ZINCk5000009FSd4,decoy,True,0,,,True,True
ntsr1,ZINCk600000gpoN6,decoy,True,0,,,True,True
ntsr1,ZINCk800000JSkDY,decoy,True,0,,,True,True
ntsr1,ZINCk50000041Fyp,decoy,True,0,,,True,True
ntsr1,ZINCk600000cvl5Z,decoy,True,0,,,True,True
ntsr1,ZINCj800000JWYVV,decoy,True,0,,,True,True
ntsr1,ZINCk5000009DDIC,decoy,True,0,,,True,True
ntsr1,ZINCk7000009KDkH,decoy,True,0,,,True,True
ntsr1,ZINCj700000PAfC2,decoy,True,0,,,True,True
ntsr1,ZINCj700000PzspD,decoy,True,0,,,True,True
ntsr1,ZINCj5000009gr4R,decoy,True,0,,,True,True
ntsr1,ZINCk500000dq56O,decoy,True,0,,,True,True
ntsr1,ZINCk6000004bAJP,decoy,True,0,,,True,True
ntsr1,ZINCk700000PC0VL,decoy,True,0,,,True,True
ntsr1,ZINCk600000PAV0Z,decoy,True,0,,,True,True
ntsr1,ZINCk7000009KZJ5,decoy,True,0,,,True,True
ntsr1,ZINCk800000JS9OM,decoy,True,0,,,True,True
ntsr1,ZINCj600000y9zPt,decoy,True,0,,,True,True
ntsr1,ZINCk6000004cdu7,decoy,True,0,,,True,True
ntsr1,ZINCk8000004ifh7,decoy,True,0,,,True,True
ntsr1,ZINCk8000018TfGo,decoy,True,0,,,True,True
ntsr1,ZINCk8000004kfbN,decoy,True,0,,,True,True
ntsr1,ZINCj8000002qqlc,decoy,True,0,,,True,True
ntsr1,ZINCk800000PAn4N,decoy,True,0,,,True,True
ntsr1,ZINCj800000JajlD,decoy,True,0,,,True,True
ntsr1,ZINCk7000018TaLr,decoy,True,0,,,True,True
ntsr1,ZINCk7000004edgA,decoy,True,0,,,True,True
ntsr1,ZINCk600001bNpYr,decoy,True,0,,,True,True
ntsr1,ZINCk6000009Jiu3,decoy,True,0,,,True,True
ntsr1,ZINCk600000PxdB7,decoy,True,0,,,True,True
ntsr1,ZINCk6000018TeDB,decoy,True,0,,,True,True
ntsr1,ZINCj800000fqEUJ,decoy,True,0,,,True,True
ntsr1,ZINCk8000004iHzH,decoy,True,0,,,True,True
ntsr1,ZINCj800000PtwZp,decoy,True,0,,,True,True
ntsr1,ZINCj600001bTl5I,decoy,True,0,,,True,True
ntsr1,ZINCk800001bPO2k,decoy,True,0,,,True,True
ntsr1,ZINCk600000vxL9k,decoy,True,0,,,True,True
ntsr1,ZINCk5000003ZC59,decoy,True,0,,,True,True
ntsr1,ZINCk8000004hXaK,decoy,True,0,,,True,True
ntsr1,ZINCk700000GfEYV,decoy,True,0,,,True,True
ntsr1,ZINCk800000PxhY4,decoy,True,0,,,True,True
ntsr1,ZINCk600000gpFUb,decoy,True,0,,,True,True
ntsr1,ZINCj700000JU7nS,decoy,True,0,,,True,True
ntsr1,ZINCk700000Pzot3,decoy,True,0,,,True,True
ntsr1,ZINCk700000JUwjR,decoy,True,0,,,True,True
ntsr1,ZINCj800000GhEvj,decoy,True,0,,,True,True
ntsr1,ZINCk5000003YFKz,decoy,True,0,,,True,True
ntsr1,ZINCk800000JTwcT,decoy,True,0,,,True,True
ntsr1,ZINCk6000004cMOq,decoy,True,0,,,True,True
ntsr1,ZINCk7000004f4s8,decoy,True,0,,,True,True
ntsr1,ZINCj6000002lAe5,decoy,True,0,,,True,True
ntsr1,ZINCk700000wkD7W,decoy,True,0,,,True,True
ntsr1,ZINCk8000018T2oW,decoy,True,0,,,True,True
ntsr1,ZINCj500000d7nOF,decoy,True,0,,,True,True
ntsr1,ZINCk700000drpYH,decoy,True,0,,,True,True
ntsr1,ZINCj700000d8qoF,decoy,True,0,,,True,True
ntsr1,ZINCk5000003ZHOa,decoy,True,0,,,True,True
ntsr1,ZINCk6000004cN6u,decoy,True,0,,,True,True
ntsr1,ZINCj6000002lqSe,decoy,True,0,,,True,True
ntsr1,ZINCk600000JT8ww,decoy,True,0,,,True,True
ntsr1,ZINCk700000y8QwW,decoy,True,0,,,True,True
ntsr1,ZINCk600000AJcL7,decoy,True,0,,,True,True
ntsr1,ZINCk700000BlHZi,decoy,True,0,,,True,True
ntsr1,ZINCi80000015pTQ,decoy,True,0,,,True,True
ntsr1,ZINCk600000PASBL,decoy,True,0,,,True,True
ntsr1,ZINCk600000PzCgX,decoy,True,0,,,True,True
ntsr1,ZINCk800000y7UT2,decoy,True,0,,,True,True
ntsr1,ZINCj700000PKLzu,decoy,True,0,,,True,True
ntsr1,ZINCk6000004dmxS,decoy,True,0,,,True,True
ntsr1,ZINCk6000004bBGv,decoy,True,0,,,True,True
ntsr1,ZINCk6000009JEBg,decoy,True,0,,,True,True
ntsr1,ZINCj700000JTzrV,decoy,True,0,,,True,True
ntsr1,ZINCk500000gdrhQ,decoy,True,0,,,True,True
ntsr1,ZINCk700000FCEau,decoy,True,0,,,True,True
ntsr1,ZINCj800000PzSuS,decoy,True,0,,,True,True
ntsr1,ZINCk800000vJvm2,decoy,True,0,,,True,True
ntsr1,ZINCk8000004jZUm,decoy,True,0,,,True,True
ntsr1,ZINCk6000018TfoW,decoy,True,0,,,True,True
ntsr1,ZINCk700000PA2sd,decoy,True,0,,,True,True
ntsr1,ZINCk6000004dahA,decoy,True,0,,,True,True
ntsr1,ZINCk600000JTOXy,decoy,True,0,,,True,True
ntsr1,ZINCk6000004dtv1,decoy,True,0,,,True,True
ntsr1,ZINCk600001bPDfl,decoy,True,0,,,True,True
ntsr1,ZINCk800000PAjlY,decoy,True,0,,,True,True
ntsr1,ZINCk600000JU77g,decoy,True,0,,,True,True
ntsr1,ZINCk700000PAP8u,decoy,True,0,,,True,True
ntsr1,ZINCk600000PAcIp,decoy,True,0,,,True,True
ntsr1,ZINCi700000JWwQ5,decoy,True,0,,,True,True
ntsr1,ZINCk6000004dl1W,decoy,True,0,,,True,True
ntsr1,ZINCj500000fgeCw,decoy,True,0,,,True,True
ntsr1,ZINCk600000PAyux,decoy,True,0,,,True,True
ntsr1,ZINCk800000PwDmq,decoy,True,0,,,True,True
ntsr1,ZINCk6000018SYzq,decoy,True,0,,,True,True
ntsr1,ZINCk7000009KvEL,decoy,True,0,,,True,True
ntsr1,ZINCk600000wFbRu,decoy,True,0,,,True,True
ntsr1,ZINCk6000004casY,decoy,True,0,,,True,True
ntsr1,ZINCk800000y8EgR,decoy,True,0,,,True,True
ntsr1,ZINCk700000BlK88,decoy,True,0,,,True,True
ntsr1,ZINCk700000Ja0Gt,decoy,True,0,,,True,True
ntsr1,ZINCk700000BmosF,decoy,True,0,,,True,True
ntsr1,ZINCk7000004fBsl,decoy,True,0,,,True,True
ntsr1,ZINCj7000002objj,decoy,True,0,,,True,True
ntsr1,ZINCk600000dqXUc,decoy,True,0,,,True,True
ntsr1,ZINCk700000drleP,decoy,True,0,,,True,True
ntsr1,ZINCk600000xcdK9,decoy,True,0,,,True,True
ntsr1,ZINCk600000FCzWw,decoy,True,0,,,True,True
ntsr1,ZINCk700000PAcqp,decoy,True,0,,,True,True
ntsr1,ZINCk7000018Tgau,decoy,True,0,,,True,True
ntsr1,ZINCk700000GeYpT,decoy,True,0,,,True,True
ntsr1,ZINCk8000004i4Wk,decoy,True,0,,,True,True
ntsr1,ZINCk6000009Jays,decoy,True,0,,,True,True
ntsr1,ZINCk800000cvAQl,decoy,True,0,,,True,True
ntsr1,ZINCk600000JSRum,decoy,True,0,,,True,True
ntsr1,ZINCk800000BmwKa,decoy,True,0,,,True,True
ntsr1,ZINCk800000PAb4h,decoy,True,0,,,True,True
ntsr1,ZINCk500000426iT,decoy,True,0,,,True,True
ntsr1,ZINCk7000004f2t9,decoy,True,0,,,True,True
ntsr1,ZINCi60000011dJg,decoy,True,0,,,True,True
ntsr1,ZINCk600000weFAG,decoy,True,0,,,True,True
ntsr1,ZINCk500000g8bBS,decoy,True,0,,,True,True
ntsr1,ZINCk6000009JrOH,decoy,True,0,,,True,True
ntsr1,ZINCj700000JUVfY,decoy,True,0,,,True,True
ntsr1,ZINCk800000gur55,decoy,True,0,,,True,True
ntsr1,ZINCk600000PBwsY,decoy,True,0,,,True,True
ntsr1,ZINCi500000eI8Z6,decoy,True,0,,,True,True
mdm2,CHEMBL3407579,active,True,1,indol_3yl_alk(461),,True,True
mdm2,CHEMBL5913446,active,True,0,,,True,True
mdm2,CHEMBL3653239,active,True,0,,,True,True
mdm2,CHEMBL5989834,active,True,0,,,True,True
mdm2,CHEMBL3693969,active,True,0,,,True,True
mdm2,CHEMBL5879668,active,True,0,,,True,True
mdm2,CHEMBL5883242,active,True,0,,,True,True
mdm2,CHEMBL5921912,active,True,0,,,True,True
mdm2,CHEMBL378100,active,True,0,,,True,True
mdm2,CHEMBL4102803,active,True,0,,,True,True
mdm2,CHEMBL5869704,active,True,0,,,True,True
mdm2,CHEMBL5978015,active,True,0,,,True,True
mdm2,CHEMBL3819071,active,True,0,,,True,True
mdm2,CHEMBL3687241,active,True,0,,,True,True
mdm2,CHEMBL6064615,active,True,0,,,True,True
mdm2,CHEMBL5849977,active,True,0,,,True,True
mdm2,CHEMBL5876084,active,True,0,,,True,True
mdm2,CHEMBL6024824,active,True,0,,,True,True
mdm2,CHEMBL5877121,active,True,0,,,True,True
mdm2,CHEMBL5859878,active,True,0,,,True,True
mdm2,CHEMBL5267044,active,True,1,,michael_acceptor,True,True
mdm2,CHEMBL5816136,active,True,0,,,True,True
mdm2,CHEMBL5988926,active,True,0,,,True,True
mdm2,CHEMBL6024197,active,True,0,,,True,True
mdm2,CHEMBL5901726,active,True,0,,,True,True
mdm2,CHEMBL4115504,active,True,0,,,True,True
mdm2,CHEMBL199341,active,True,1,,michael_acceptor,True,True
mdm2,CHEMBL4114636,active,True,0,,,True,True
mdm2,CHEMBL5811937,active,True,0,,,True,True
mdm2,CHEMBL6030067,active,True,0,,,True,True
mdm2,CHEMBL6006846,active,True,0,,,True,True
mdm2,CHEMBL5854116,active,True,0,,,True,True
mdm2,CHEMBL2177185,active,True,0,,,True,True
mdm2,CHEMBL4109769,active,True,0,,,True,True
mdm2,CHEMBL2313485,active,True,0,,,True,True
mdm2,CHEMBL514709,active,True,1,,michael_acceptor,True,True
mdm2,CHEMBL5808134,active,True,0,,,True,True
mdm2,CHEMBL5745234,active,True,0,,,True,True
mdm2,CHEMBL2347389,active,True,0,,,True,True
mdm2,CHEMBL5775440,active,True,0,,,True,True
mdm2,CHEMBL5747471,active,True,0,,,True,True
mdm2,CHEMBL3265101,active,True,1,,michael_acceptor,True,True
mdm2,CHEMBL4068667,active,True,0,,,True,True
mdm2,CHEMBL5928219,active,True,0,,,True,True
mdm2,CHEMBL3220103,active,True,1,ene_six_het_A(483),michael_acceptor,True,True
mdm2,CHEMBL6012158,active,True,0,,,True,True
mdm2,CHEMBL1688303,active,True,0,,,True,True
mdm2,CHEMBL3217780,active,True,1,ene_six_het_A(483),michael_acceptor,True,True
mdm2,CHEMBL416288,active,True,1,catechol_A(92),,True,True
mdm2,CHEMBL6050672,active,True,0,,,True,True
mdm2,ZINCk800000vbYhb,decoy,True,0,,,True,True
mdm2,ZINCk600000wrpX9,decoy,True,0,,,True,True
mdm2,ZINCk600000w9zOR,decoy,True,0,,,True,True
mdm2,ZINCk800000GgcQd,decoy,True,0,,,True,True
mdm2,ZINCk700000JTjFp,decoy,True,0,,,True,True
mdm2,ZINCk800000FCBLz,decoy,True,0,,,True,True
mdm2,ZINCk800000JSzpJ,decoy,True,0,,,True,True
mdm2,ZINCk8000018TA71,decoy,True,0,,,True,True
mdm2,ZINCk800000xcsvY,decoy,True,0,,,True,True
mdm2,ZINCk800000y87Et,decoy,True,0,,,True,True
mdm2,ZINCk700000x5jqU,decoy,True,0,,,True,True
mdm2,ZINCk8000004ihp9,decoy,True,0,,,True,True
mdm2,ZINCk700000PBw9i,decoy,True,0,,,True,True
mdm2,ZINCj8000002q1Ya,decoy,True,0,,,True,True
mdm2,ZINCk700000JTfma,decoy,True,0,,,True,True
mdm2,ZINCk700000xcrYX,decoy,True,0,,,True,True
mdm2,ZINCk700000w1eSB,decoy,True,0,,,True,True
mdm2,ZINCk800000JUvI5,decoy,True,0,,,True,True
mdm2,ZINCk800000Gg86E,decoy,True,0,,,True,True
mdm2,ZINCk700000JT2ZH,decoy,True,0,,,True,True
mdm2,ZINCk700000JUgvH,decoy,True,0,,,True,True
mdm2,ZINCk700001bPfQd,decoy,True,0,,,True,True
mdm2,ZINCk700000y8PFR,decoy,True,0,,,True,True
mdm2,ZINCk8000004jE7d,decoy,True,0,,,True,True
mdm2,ZINCk6000004drVS,decoy,True,0,,,True,True
mdm2,ZINCh7000018W6RM,decoy,True,0,,,True,True
mdm2,ZINCh70000009f9w,decoy,True,0,,,True,True
mdm2,ZINCk800000w1Zn0,decoy,True,0,,,True,True
mdm2,ZINCj8000018TxlL,decoy,True,0,,,True,True
mdm2,ZINCk800001bNteU,decoy,True,0,,,True,True
mdm2,ZINCk800000JTW5c,decoy,True,0,,,True,True
mdm2,ZINCk8000004jDd8,decoy,True,0,,,True,True
mdm2,ZINCk8000009LT4a,decoy,True,0,,,True,True
mdm2,ZINCk600000wMsG4,decoy,True,0,,,True,True
mdm2,ZINCk800000GfJYn,decoy,True,0,,,True,True
mdm2,ZINCk800000JThuP,decoy,True,0,,,True,True
mdm2,ZINCk800000JTZ16,decoy,True,0,,,True,True
mdm2,ZINCk800001bPIVF,decoy,True,0,,,True,True
mdm2,ZINCj700000xcke4,decoy,True,0,,,True,True
mdm2,ZINCk700000PzAN5,decoy,True,0,,,True,True
mdm2,ZINCk800000Emx6O,decoy,True,0,,,True,True
mdm2,ZINCk800000JTuRO,decoy,True,0,,,True,True
mdm2,ZINCk700000PBr6B,decoy,True,0,,,True,True
mdm2,ZINCk800000PtEAg,decoy,True,0,,,True,True
mdm2,ZINCk7000004gqk0,decoy,True,0,,,True,True
mdm2,ZINCj800000frh1h,decoy,True,0,,,True,True
mdm2,ZINCk600000vlE5F,decoy,True,0,,,True,True
mdm2,ZINCk8000018Tng8,decoy,True,0,,,True,True
mdm2,ZINCk7000018SjVU,decoy,True,0,,,True,True
mdm2,ZINCk500000dp2El,decoy,True,0,,,True,True
mdm2,ZINCk800000w5P9t,decoy,True,0,,,True,True
mdm2,ZINCk800000Pu6b8,decoy,True,0,,,True,True
mdm2,ZINCk6000004dBth,decoy,True,0,,,True,True
mdm2,ZINCk600000JS3rs,decoy,True,0,,,True,True
mdm2,ZINCk800000JTzhF,decoy,True,0,,,True,True
mdm2,ZINCk700000PtECo,decoy,True,0,,,True,True
mdm2,ZINCk800000PAku3,decoy,True,0,,,True,True
mdm2,ZINCk500000dp3ZE,decoy,True,0,,,True,True
mdm2,ZINCj600000xcgzR,decoy,True,0,,,True,True
mdm2,ZINCk800000PwM8H,decoy,True,0,,,True,True
mdm2,ZINCk700000vmfBK,decoy,True,0,,,True,True
mdm2,ZINCk8000018Tt8J,decoy,True,0,,,True,True
mdm2,ZINCk800000PBihx,decoy,True,0,,,True,True
mdm2,ZINCk700000EmrFT,decoy,True,0,,,True,True
mdm2,ZINCk500000cLfyB,decoy,True,0,,,True,True
mdm2,ZINCj8000009kyrL,decoy,True,0,,,True,True
mdm2,ZINCj800000xcDSO,decoy,True,0,,,True,True
mdm2,ZINCk5000009F7Hj,decoy,True,0,,,True,True
mdm2,ZINCk8000009LH0X,decoy,True,0,,,True,True
mdm2,ZINCk7000018Toxa,decoy,True,0,,,True,True
mdm2,ZINCk7000004f7FY,decoy,True,0,,,True,True
mdm2,ZINCj8000009kvGM,decoy,True,0,,,True,True
mdm2,ZINCk5000009DZnO,decoy,True,0,,,True,True
mdm2,ZINCk5000003Z5jw,decoy,True,0,,,True,True
mdm2,ZINCk700000FCxnZ,decoy,True,0,,,True,True
mdm2,ZINCk700000PwZK9,decoy,True,0,,,True,True
mdm2,ZINCh70000009f9y,decoy,True,0,,,True,True
mdm2,ZINCk800000vJPPu,decoy,True,0,,,True,True
mdm2,ZINCj8000002oAIw,decoy,True,0,,,True,True
mdm2,ZINCj7000002nUuA,decoy,True,0,,,True,True
mdm2,ZINCk6000018SrNz,decoy,True,0,,,True,True
mdm2,ZINCk800000drSBz,decoy,True,0,,,True,True
mdm2,ZINCk8000009LT4d,decoy,True,0,,,True,True
mdm2,ZINCk800000w7l6z,decoy,True,0,,,True,True
mdm2,ZINCk800000wA7Mx,decoy,True,0,,,True,True
mdm2,ZINCk800000PA8Ef,decoy,True,0,,,True,True
mdm2,ZINCk8000004jwUH,decoy,True,0,,,True,True
mdm2,ZINCj700000PKMoT,decoy,True,0,,,True,True
mdm2,ZINCj8000002qFeA,decoy,True,0,,,True,True
mdm2,ZINCj600000JTQcL,decoy,True,0,,,True,True
mdm2,ZINCk700000drpkG,decoy,True,0,,,True,True
mdm2,ZINCk800000y8Ay8,decoy,True,0,,,True,True
mdm2,ZINCk700000Pz1Mx,decoy,True,0,,,True,True
mdm2,ZINCj8000018SXuH,decoy,True,0,,,True,True
mdm2,ZINCk6000009Jcmw,decoy,True,0,,,True,True
mdm2,ZINCk600000xcroM,decoy,True,0,,,True,True
mdm2,ZINCk800000wUIEI,decoy,True,0,,,True,True
mdm2,ZINCk800000w6D1B,decoy,True,0,,,True,True
mdm2,ZINCj800000PzvgC,decoy,True,0,,,True,True
mdm2,ZINCk600000gpmv3,decoy,True,0,,,True,True
mdm2,ZINCj800000wY54s,decoy,True,0,,,True,True
mdm2,ZINCk800000wxy9t,decoy,True,0,,,True,True
mdm2,ZINCk7000004eXoI,decoy,True,0,,,True,True
mdm2,ZINCk7000018TgsP,decoy,True,0,,,True,True
mdm2,ZINCk8000004khnB,decoy,True,0,,,True,True
mdm2,ZINCk5000009Grm3,decoy,True,0,,,True,True
mdm2,ZINCk8000009MifW,decoy,True,0,,,True,True
mdm2,ZINCk700000gsV7b,decoy,True,0,,,True,True
mdm2,ZINCk600000JUpLQ,decoy,True,0,,,True,True
mdm2,ZINCk800000Pv4Fn,decoy,True,0,,,True,True
mdm2,ZINCk7000018SrLs,decoy,True,0,,,True,True
mdm2,ZINCj6000002ltwR,decoy,True,0,,,True,True
mdm2,ZINCk700000BmGKf,decoy,True,0,,,True,True
mdm2,ZINCk7000018T5ak,decoy,True,0,,,True,True
mdm2,ZINCj800000Ghtwb,decoy,True,0,,,True,True
mdm2,ZINCk800001bNqM4,decoy,True,0,,,True,True
mdm2,ZINCk7000009KqEJ,decoy,True,0,,,True,True
mdm2,ZINCk600000dqWC3,decoy,True,0,,,True,True
mdm2,ZINCk800000vJvm2,decoy,True,0,,,True,True
mdm2,ZINCk700000Ja2DC,decoy,True,0,,,True,True
mdm2,ZINCj800000JVtm7,decoy,True,0,,,True,True
mdm2,ZINCk800000GfTHg,decoy,True,0,,,True,True
mdm2,ZINCk7000004fvDd,decoy,True,0,,,True,True
mdm2,ZINCk700000JTlds,decoy,True,0,,,True,True
mdm2,ZINCk50000042Cs4,decoy,True,0,,,True,True
mdm2,ZINCk800000Pwvg7,decoy,True,0,,,True,True
mdm2,ZINCh70000009daR,decoy,True,0,,,True,True
mdm2,ZINCk800000vdlMl,decoy,True,0,,,True,True
mdm2,ZINCj7000018SQAn,decoy,True,0,,,True,True
mdm2,ZINCk800000JTLZG,decoy,True,0,,,True,True
mdm2,ZINCk800001bQqDb,decoy,True,0,,,True,True
mdm2,ZINCk800000JTJkY,decoy,True,0,,,True,True
mdm2,ZINCk600000y8AID,decoy,True,0,,,True,True
mdm2,ZINCj800000vM535,decoy,True,0,,,True,True
mdm2,ZINCk700000grSaI,decoy,True,0,,,True,True
mdm2,ZINCk800000JTjUb,decoy,True,0,,,True,True
mdm2,ZINCk7000018Ssb3,decoy,True,0,,,True,True
mdm2,ZINCk6000018Tlj9,decoy,True,0,,,True,True
mdm2,ZINCj800000fr2VV,decoy,True,0,,,True,True
mdm2,ZINCk800000JTulP,decoy,True,0,,,True,True
mdm2,ZINCk8000009MbdW,decoy,True,0,,,True,True
mdm2,ZINCk800000PtDiy,decoy,True,0,,,True,True
mdm2,ZINCj500000crmku,decoy,True,0,,,True,True
mdm2,ZINCk6000009JtCL,decoy,True,0,,,True,True
mdm2,ZINCk500000dow3M,decoy,True,0,,,True,True
mdm2,ZINCk500000gdYad,decoy,True,0,,,True,True
mdm2,ZINCj800000JW6dA,decoy,True,0,,,True,True
mdm2,ZINCk8000004imkQ,decoy,True,0,,,True,True
mdm2,ZINCk800000JTjI6,decoy,True,0,,,True,True
mdm2,ZINCj700000GhCpI,decoy,True,0,,,True,True
mdm2,ZINCk800000JTOPk,decoy,True,0,,,True,True
mdm2,ZINCk7000004gCT8,decoy,True,0,,,True,True
mdm2,ZINCk8000009LIS1,decoy,True,0,,,True,True
mdm2,ZINCk6000018TEIZ,decoy,True,0,,,True,True
mdm2,ZINCk700000drILh,decoy,True,0,,,True,True
mdm2,ZINCk600000JTbfH,decoy,True,0,,,True,True
mdm2,ZINCk500000cLb4I,decoy,True,0,,,True,True
mdm2,ZINCj500000wigYR,decoy,True,0,,,True,True
mdm2,ZINCi700000xda5m,decoy,True,0,,,True,True
mdm2,ZINCk700000gt6e8,decoy,True,0,,,True,True
mdm2,ZINCk700000drnBo,decoy,True,0,,,True,True
mdm2,ZINCj800001bPtyz,decoy,True,0,,,True,True
mdm2,ZINCk800000Pwekf,decoy,True,0,,,True,True
mdm2,ZINCk700000JTPvL,decoy,True,0,,,True,True
mdm2,ZINCk500000doSkc,decoy,True,0,,,True,True
mdm2,ZINCk600000PABTN,decoy,True,0,,,True,True
mdm2,ZINCk600000vXhyH,decoy,True,0,,,True,True
mdm2,ZINCk500000gfkfq,decoy,True,0,,,True,True
mdm2,ZINCk700001bO6B3,decoy,True,0,,,True,True
mdm2,ZINCk700000PykbN,decoy,True,0,,,True,True
mdm2,ZINCk600000EmeyG,decoy,True,0,,,True,True
mdm2,ZINCk600000PzaKr,decoy,True,0,,,True,True
mdm2,ZINCj500000d6fq6,decoy,True,0,,,True,True
mdm2,ZINCk800000guEGb,decoy,True,0,,,True,True
mdm2,ZINCk8000004iBsW,decoy,True,0,,,True,True
mdm2,ZINCj800000AJpMN,decoy,True,0,,,True,True
mdm2,ZINCi800000cWvZg,decoy,True,0,,,True,True
mdm2,ZINCi8000018V291,decoy,True,0,,,True,True
mdm2,ZINCk800000xckUX,decoy,True,0,,,True,True
mdm2,ZINCk600000gpq4B,decoy,True,0,,,True,True
mdm2,ZINCk7000004fNQM,decoy,True,0,,,True,True
mdm2,ZINCk800000xc5iH,decoy,True,0,,,True,True
mdm2,ZINCk700000PAqIr,decoy,True,0,,,True,True
mdm2,ZINCk600000vLL2b,decoy,True,0,,,True,True
mdm2,ZINCk800000Bm7DF,decoy,True,0,,,True,True
mdm2,ZINCk600000Emt2T,decoy,True,0,,,True,True
mdm2,ZINCk7000004fcmT,decoy,True,0,,,True,True
mdm2,ZINCk600000dqNGZ,decoy,True,0,,,True,True
mdm2,ZINCk8000004izgL,decoy,True,0,,,True,True
mdm2,ZINCk700000wX8VL,decoy,True,0,,,True,True
mdm2,ZINCk800000PtEJD,decoy,True,0,,,True,True
mdm2,ZINCk6000004dkWb,decoy,True,0,,,True,True
mdm2,ZINCk700000PvYgl,decoy,True,0,,,True,True
mdm2,ZINCk500000dov1Z,decoy,True,0,,,True,True
mdm2,ZINCk800000drPIT,decoy,True,0,,,True,True
mdm2,ZINCj600000PC4DI,decoy,True,0,,,True,True
mdm2,ZINCj800000JW6dz,decoy,True,0,,,True,True
mdm2,ZINCk700000wCPtd,decoy,True,0,,,True,True
mdm2,ZINCk800000JTv4k,decoy,True,0,,,True,True
mdm2,ZINCj800000xceQv,decoy,True,0,,,True,True
mdm2,ZINCk600000gq9MR,decoy,True,0,,,True,True
mdm2,ZINCj7000018Up9b,decoy,True,0,,,True,True
mdm2,ZINCk8000009Mfqe,decoy,True,0,,,True,True
mdm2,ZINCk7000018Tu8t,decoy,True,0,,,True,True
mdm2,ZINCj700000EmG3y,decoy,True,0,,,True,True
mdm2,ZINCk50000040Qrr,decoy,True,0,,,True,True
mdm2,ZINCk600000dqWSv,decoy,True,0,,,True,True
mdm2,ZINCk7000009KwyY,decoy,True,0,,,True,True
mdm2,ZINCk600000JRXxx,decoy,True,0,,,True,True
mdm2,ZINCk700000PuBF3,decoy,True,0,,,True,True
mdm2,ZINCk6000009IZ1J,decoy,True,0,,,True,True
mdm2,ZINCk800000PBcMx,decoy,True,0,,,True,True
mdm2,ZINCk800000Pybid,decoy,True,0,,,True,True
mdm2,ZINCk700000JTt2K,decoy,True,0,,,True,True
mdm2,ZINCk6000018ToFV,decoy,True,0,,,True,True
mdm2,ZINCj800000JT0bw,decoy,True,0,,,True,True
mdm2,ZINCk600000w04TU,decoy,True,0,,,True,True
mdm2,ZINCk700001bP3gx,decoy,True,0,,,True,True
mdm2,ZINCk6000018TdYz,decoy,True,0,,,True,True
mdm2,ZINCk700000J9M7L,decoy,True,0,,,True,True
mdm2,ZINCk8000009MbTt,decoy,True,0,,,True,True
mdm2,ZINCk8000004itZA,decoy,True,0,,,True,True
mdm2,ZINCk700000GfEWD,decoy,True,0,,,True,True
mdm2,ZINCk600000PAbK4,decoy,True,0,,,True,True
mdm2,ZINCk800000BncUw,decoy,True,0,,,True,True
mdm2,ZINCk7000004fcxz,decoy,True,0,,,True,True
mdm2,ZINCi800000xd1XX,decoy,True,0,,,True,True
mdm2,ZINCk800000wf4BS,decoy,True,0,,,True,True
mdm2,ZINCk8000004jEOO,decoy,True,0,,,True,True
mdm2,ZINCk800000PBw39,decoy,True,0,,,True,True
mdm2,ZINCk600000PAiYc,decoy,True,0,,,True,True
mdm2,ZINCk800000xcqB6,decoy,True,0,,,True,True
mdm2,ZINCk8000004hTU9,decoy,True,0,,,True,True
mdm2,ZINCk600000wHcZs,decoy,True,0,,,True,True
mdm2,ZINCk800000wzrmT,decoy,True,0,,,True,True
mdm2,ZINCh60000008lgt,decoy,True,0,,,True,True
mdm2,ZINCk700000drhix,decoy,True,0,,,True,True
mdm2,ZINCk5000009FjIn,decoy,True,0,,,True,True
mdm2,ZINCk800000JTuzK,decoy,True,0,,,True,True
mdm2,ZINCk600000gpOAB,decoy,True,0,,,True,True
mdm2,ZINCk8000004jz8x,decoy,True,0,,,True,True
mdm2,ZINCk700000grSgi,decoy,True,0,,,True,True
mdm2,ZINCk700000PAo8h,decoy,True,0,,,True,True
mdm2,ZINCj8000009kxHH,decoy,True,0,,,True,True
mdm2,ZINCk700000EmACQ,decoy,True,0,,,True,True
mdm2,ZINCk8000004ikkL,decoy,True,0,,,True,True
mdm2,ZINCk7000004fuiD,decoy,True,0,,,True,True
mdm2,ZINCj800000wXIrv,decoy,True,0,,,True,True
mdm2,ZINCj600000JSQur,decoy,True,0,,,True,True
mdm2,ZINCk800000Pzjlu,decoy,True,0,,,True,True
mdm2,ZINCk700000wAYJ9,decoy,True,0,,,True,True
mdm2,ZINCk800000wvSlI,decoy,True,0,,,True,True
mdm2,ZINCk700000BnfDi,decoy,True,0,,,True,True
mdm2,ZINCk600000gpiYf,decoy,True,0,,,True,True
mdm2,ZINCk8000004jnul,decoy,True,0,,,True,True
mdm2,ZINCk8000004hO6o,decoy,True,0,,,True,True
mdm2,ZINCk800000drXK7,decoy,True,0,,,True,True
mdm2,ZINCk5000009CCUl,decoy,True,0,,,True,True
mdm2,ZINCk800001bPmXi,decoy,True,0,,,True,True
mdm2,ZINCk700000gr4Pv,decoy,True,0,,,True,True
mdm2,ZINCk8000004hk6q,decoy,True,0,,,True,True
mdm2,ZINCj500000d6ekK,decoy,True,0,,,True,True
mdm2,ZINCk800000PyxVW,decoy,True,0,,,True,True
mdm2,ZINCk7000009Kk2R,decoy,True,0,,,True,True
mdm2,ZINCk600001bQrJl,decoy,True,0,,,True,True
mdm2,ZINCk600001bOZba,decoy,True,0,,,True,True
mdm2,ZINCk600000wAeDS,decoy,True,0,,,True,True
mdm2,ZINCk8000004iiBi,decoy,True,0,,,True,True
mdm2,ZINCk600001bOVDG,decoy,True,0,,,True,True
mdm2,ZINCk800001bQj5U,decoy,True,0,,,True,True
mdm2,ZINCk600000JS9Lx,decoy,True,0,,,True,True
mdm2,ZINCk5000009DzjV,decoy,True,0,,,True,True
mdm2,ZINCk800001bPkgG,decoy,True,0,,,True,True
mdm2,ZINCk800000JT8nt,decoy,True,0,,,True,True
mdm2,ZINCk6000004cMQi,decoy,True,0,,,True,True
mdm2,ZINCk800000wbJm0,decoy,True,0,,,True,True
mdm2,ZINCh600000JTOFf,decoy,True,0,,,True,True
mdm2,ZINCk700000GgcRw,decoy,True,0,,,True,True
mdm2,ZINCk8000004hRPC,decoy,True,0,,,True,True
mdm2,ZINCk600000Pytu2,decoy,True,0,,,True,True
mdm2,ZINCk600000dqOs8,decoy,True,0,,,True,True
mdm2,ZINCk6000004cpye,decoy,True,0,,,True,True
mdm2,ZINCj8000009kdEf,decoy,True,0,,,True,True
mdm2,ZINCj700000fptMg,decoy,True,0,,,True,True
mdm2,ZINCk600000wxqpS,decoy,True,0,,,True,True
mdm2,ZINCk500000427UF,decoy,True,0,,,True,True
mdm2,ZINCk8000004ioDi,decoy,True,0,,,True,True
mdm2,ZINCk7000018TAx0,decoy,True,0,,,True,True
mdm2,ZINCk700000J9Q9a,decoy,True,0,,,True,True
mdm2,ZINCk600000gpEze,decoy,True,0,,,True,True
mdm2,ZINCk800000BmvND,decoy,True,0,,,True,True
mdm2,ZINCk800000JTxp1,decoy,True,0,,,True,True
mdm2,ZINCk700000PvMSX,decoy,True,0,,,True,True
mdm2,ZINCk700000gs2XR,decoy,True,0,,,True,True
mdm2,ZINCk800000JSKjM,decoy,True,0,,,True,True
mdm2,ZINCk7000004gUvH,decoy,True,0,,,True,True
mdm2,ZINCk800000drJFG,decoy,True,0,,,True,True
mdm2,ZINCk6000004dyyV,decoy,True,0,,,True,True
mdm2,ZINCj8000002rMuO,decoy,True,0,,,True,True
mdm2,ZINCk6000004dEGN,decoy,True,0,,,True,True
mdm2,ZINCk700000JUwjR,decoy,True,0,,,True,True
mdm2,ZINCj600000JUc8s,decoy,True,0,,,True,True
mdm2,ZINCk800000xc509,decoy,True,0,,,True,True
mdm2,ZINCk700000AJ5rU,decoy,True,0,,,True,True
mdm2,ZINCk800000y7THL,decoy,True,0,,,True,True
mdm2,ZINCk6000004cZ1Q,decoy,True,0,,,True,True
mdm2,ZINCk700001bPevd,decoy,True,0,,,True,True
mdm2,ZINCk6000004dwBG,decoy,True,0,,,True,True
mdm2,ZINCk8000018TyEK,decoy,True,0,,,True,True
mdm2,ZINCk7000009KaSc,decoy,True,0,,,True,True
mdm2,ZINCk700000JSDo2,decoy,True,0,,,True,True
mdm2,ZINCk8000004hIIo,decoy,True,0,,,True,True
mdm2,ZINCk700000PvxgP,decoy,True,0,,,True,True
mdm2,ZINCk8000004iI13,decoy,True,0,,,True,True
mdm2,ZINCk600000gpKkB,decoy,True,0,,,True,True
mdm2,ZINCj700000BmqxA,decoy,True,0,,,True,True
mdm2,ZINCk800000wCmiU,decoy,True,0,,,True,True
mdm2,ZINCk500000gbb5N,decoy,True,0,,,True,True
mdm2,ZINCk700000gsgWv,decoy,True,0,,,True,True
mdm2,ZINCk7000018Tipr,decoy,True,0,,,True,True
mdm2,ZINCk800000Bmuj9,decoy,True,0,,,True,True
mdm2,ZINCj6000002l4jc,decoy,True,0,,,True,True
mdm2,ZINCk7000004euqY,decoy,True,0,,,True,True
mdm2,ZINCk800000JTkwz,decoy,True,0,,,True,True
mdm2,ZINCj800000PwOle,decoy,True,0,,,True,True
mdm2,ZINCk800000PtTvE,decoy,True,0,,,True,True
mdm2,ZINCi700000cphcs,decoy,True,0,,,True,True
mdm2,ZINCk700000wFWue,decoy,True,0,,,True,True
mdm2,ZINCk800000JS9XB,decoy,True,0,,,True,True
mdm2,ZINCk8000004ila3,decoy,True,0,,,True,True
mdm2,ZINCk800000PAsTD,decoy,True,0,,,True,True
mdm2,ZINCk7000004eMI6,decoy,True,0,,,True,True
mdm2,ZINCj500000y8ykl,decoy,True,0,,,True,True
mdm2,ZINCk8000004jYm9,decoy,True,0,,,True,True
mdm2,ZINCk7000004fH6O,decoy,True,0,,,True,True
mdm2,ZINCj7000002p5iz,decoy,True,0,,,True,True
mdm2,ZINCk8000018TjiG,decoy,True,0,,,True,True
mdm2,ZINCk500000gf7iY,decoy,True,0,,,True,True
mdm2,ZINCj5000009g2mt,decoy,True,0,,,True,True
mdm2,ZINCk600000PACTH,decoy,True,0,,,True,True
mdm2,ZINCk800000JS4K2,decoy,True,0,,,True,True
mdm2,ZINCk700000Pzi6w,decoy,True,0,,,True,True
mdm2,ZINCk600000PuCPU,decoy,True,0,,,True,True
mdm2,ZINCk500000dpG5L,decoy,True,0,,,True,True
mdm2,ZINCj6000018UULA,decoy,True,0,,,True,True
mdm2,ZINCk600000J9LUC,decoy,True,0,,,True,True
mdm2,ZINCk800000xclQy,decoy,True,0,,,True,True
mdm2,ZINCj800000wOPwk,decoy,True,0,,,True,True
mdm2,ZINCj7000002nxDC,decoy,True,0,,,True,True
mdm2,ZINCk800000gvyz2,decoy,True,0,,,True,True
mdm2,ZINCk7000009KKt8,decoy,True,0,,,True,True
mdm2,ZINCk6000018T3ti,decoy,True,0,,,True,True
mdm2,ZINCj700000JU7nS,decoy,True,0,,,True,True
mdm2,ZINCk800000PBGnM,decoy,True,0,,,True,True
mdm2,ZINCk700000cvvZ1,decoy,True,0,,,True,True
mdm2,ZINCk700000JSDBu,decoy,True,0,,,True,True
mdm2,ZINCk800001bPO03,decoy,True,0,,,True,True
mdm2,ZINCk800000JTXXJ,decoy,True,0,,,True,True
mdm2,ZINCk700000PyFTo,decoy,True,0,,,True,True
mdm2,ZINCj800000frupn,decoy,True,0,,,True,True
mdm2,ZINCk500000gehBx,decoy,True,0,,,True,True
mdm2,ZINCk700001bPKsD,decoy,True,0,,,True,True
mdm2,ZINCk700000PAOIH,decoy,True,0,,,True,True
mdm2,ZINCk8000004jEMJ,decoy,True,0,,,True,True
mdm2,ZINCj7000002oxZn,decoy,True,0,,,True,True
mdm2,ZINCj800000xcMH4,decoy,True,0,,,True,True
mdm2,ZINCk800000Pu2kK,decoy,True,0,,,True,True
mdm2,ZINCk600000JUjrc,decoy,True,0,,,True,True
mdm2,ZINCk700000y8ymM,decoy,True,0,,,True,True
mdm2,ZINCj7000002nQur,decoy,True,0,,,True,True
mdm2,ZINCk8000004ib6O,decoy,True,0,,,True,True
mdm2,ZINCk50000041ja5,decoy,True,0,,,True,True
mdm2,ZINCk500000464VK,decoy,True,0,,,True,True
mdm2,ZINCk600000JS55b,decoy,True,0,,,True,True
mdm2,ZINCk5000009E2qh,decoy,True,0,,,True,True
mdm2,ZINCk600000gplPJ,decoy,True,0,,,True,True
mdm2,ZINCi800000J9YKQ,decoy,True,0,,,True,True
mdm2,ZINCk7000018TdWn,decoy,True,0,,,True,True
mdm2,ZINCk8000018SXgy,decoy,True,0,,,True,True
mdm2,ZINCk8000018Sis7,decoy,True,0,,,True,True
mdm2,ZINCk800000GfEZE,decoy,True,0,,,True,True
mdm2,ZINCk700000vOWnu,decoy,True,0,,,True,True
mdm2,ZINCk800000GfGS8,decoy,True,0,,,True,True
mdm2,ZINCk800000vxqvR,decoy,True,0,,,True,True
mdm2,ZINCk7000004fHjq,decoy,True,0,,,True,True
mdm2,ZINCk800000ds6QZ,decoy,True,0,,,True,True
mdm2,ZINCk700000PtU7d,decoy,True,0,,,True,True
mdm2,ZINCj500000d7r4e,decoy,True,0,,,True,True
mdm2,ZINCk800000JSbuH,decoy,True,0,,,True,True
mdm2,ZINCk800000ciIsJ,decoy,True,0,,,True,True
mdm2,ZINCj8000018ThPg,decoy,True,0,,,True,True
mdm2,ZINCk700000PA19Y,decoy,True,0,,,True,True
mdm2,ZINCk5000003XBCR,decoy,True,0,,,True,True
mdm2,ZINCk700000grSES,decoy,True,0,,,True,True
mdm2,ZINCk8000004i5FL,decoy,True,0,,,True,True
mdm2,ZINCk7000009KfII,decoy,True,0,,,True,True
mdm2,ZINCk7000004eyAj,decoy,True,0,,,True,True
mdm2,ZINCk800001bNrTS,decoy,True,0,,,True,True
mdm2,ZINCj7000018SsVD,decoy,True,0,,,True,True
mdm2,ZINCk600000JUxip,decoy,True,0,,,True,True
mdm2,ZINCk800001bNJQ1,decoy,True,0,,,True,True
mdm2,ZINCk800000gvf2B,decoy,True,0,,,True,True
mdm2,ZINCj8000002rfG6,decoy,True,0,,,True,True
mdm2,ZINCk8000018SWPR,decoy,True,0,,,True,True
mdm2,ZINCj6000002livx,decoy,True,0,,,True,True
mdm2,ZINCk800001bPO2k,decoy,True,0,,,True,True
mdm2,ZINCk700000PzpaI,decoy,True,0,,,True,True
mdm2,ZINCk50000046rb3,decoy,True,0,,,True,True
mdm2,ZINCk500000dp63J,decoy,True,0,,,True,True
mdm2,ZINCj700000PHeAf,decoy,True,0,,,True,True
mdm2,ZINCk500000470C5,decoy,True,0,,,True,True
mdm2,ZINCk8000009LQ9s,decoy,True,0,,,True,True
mdm2,ZINCj600000xcUli,decoy,True,0,,,True,True
mdm2,ZINCk800000BmPFe,decoy,True,0,,,True,True
mdm2,ZINCk600000PBwsY,decoy,True,0,,,True,True
mdm2,ZINCj700000ch6S4,decoy,True,0,,,True,True
mdm2,ZINCk700000FCBSK,decoy,True,0,,,True,True
mdm2,ZINCk6000004djU7,decoy,True,0,,,True,True
mdm2,ZINCk700000gsemX,decoy,True,0,,,True,True
mdm2,ZINCk8000004iGhy,decoy,True,0,,,True,True
mdm2,ZINCk800000dsgDL,decoy,True,0,,,True,True
mdm2,ZINCk5000009FjIo,decoy,True,0,,,True,True
mdm2,ZINCj800000JWWIc,decoy,True,0,,,True,True
mdm2,ZINCk700000JTSsL,decoy,True,0,,,True,True
mdm2,ZINCk8000004iTWd,decoy,True,0,,,True,True
mdm2,ZINCj800000Bob5d,decoy,True,0,,,True,True
mdm2,ZINCj800000fqoHl,decoy,True,0,,,True,True
mdm2,ZINCj8000002rO1z,decoy,True,0,,,True,True
mdm2,ZINCk600000gppb0,decoy,True,0,,,True,True
mdm2,ZINCk700000driZB,decoy,True,0,,,True,True
mdm2,ZINCk8000004iE2d,decoy,True,0,,,True,True
mdm2,ZINCk700000JTrsU,decoy,True,0,,,True,True
mdm2,ZINCk7000009L08Y,decoy,True,0,,,True,True
mdm2,ZINCk800000guuK3,decoy,True,0,,,True,True
mdm2,ZINCk7000004ey9s,decoy,True,0,,,True,True
mdm2,ZINCk800000viWnO,decoy,True,0,,,True,True
mdm2,ZINCk800001bPB0Y,decoy,True,0,,,True,True
mdm2,ZINCk800000Pxos9,decoy,True,0,,,True,True
mdm2,ZINCk700000J9ZzA,decoy,True,0,,,True,True
mdm2,ZINCk800000y8w4r,decoy,True,0,,,True,True
mdm2,ZINCj800000d8KVb,decoy,True,0,,,True,True
mdm2,ZINCk800000J9KOQ,decoy,True,0,,,True,True
mdm2,ZINCk700000PBr73,decoy,True,0,,,True,True
mdm2,ZINCk800000wQS2D,decoy,True,0,,,True,True
mdm2,ZINCk8000004igsI,decoy,True,0,,,True,True
mdm2,ZINCk700000GfucN,decoy,True,0,,,True,True
mdm2,ZINCk8000004jpWC,decoy,True,0,,,True,True
mdm2,ZINCk600000PzJYD,decoy,True,0,,,True,True
mdm2,ZINCk600000Emuvh,decoy,True,0,,,True,True
mdm2,ZINCk600000dqWkL,decoy,True,0,,,True,True
mdm2,ZINCk800000PBNSw,decoy,True,0,,,True,True
mdm2,ZINCk7000009JWh4,decoy,True,0,,,True,True
mdm2,ZINCk6000004cdu7,decoy,True,0,,,True,True
mdm2,ZINCk600000dqYu8,decoy,True,0,,,True,True
mdm2,ZINCk7000018TwN4,decoy,True,0,,,True,True
mdm2,ZINCk50000041b6k,decoy,True,0,,,True,True
mdm2,ZINCh8000000aXcZ,decoy,True,0,,,True,True
mdm2,ZINCk6000018T6kr,decoy,True,0,,,True,True
mdm2,ZINCk800000J9XUV,decoy,True,0,,,True,True
mdm2,ZINCj800000y9As9,decoy,True,0,,,True,True
mdm2,ZINCk6000009IXDM,decoy,True,0,,,True,True
mdm2,ZINCj6000018UFvw,decoy,True,0,,,True,True
mdm2,ZINCk700000PwyU8,decoy,True,0,,,True,True
mdm2,ZINCk800000Pzn8N,decoy,True,0,,,True,True
mdm2,ZINCk600000vfrQV,decoy,True,0,,,True,True
mdm2,ZINCj6000018TSma,decoy,True,0,,,True,True
mdm2,ZINCk7000004gxkX,decoy,True,0,,,True,True
mdm2,ZINCk5000009CCSK,decoy,True,0,,,True,True
mdm2,ZINCk8000009Lv9P,decoy,True,0,,,True,True
mdm2,ZINCk50000045enc,decoy,True,0,,,True,True
mdm2,ZINCk600000EmsZE,decoy,True,0,,,True,True
mdm2,ZINCk700000xcmVr,decoy,True,0,,,True,True
mdm2,ZINCk700000BnhvB,decoy,True,0,,,True,True
mdm2,ZINCk800000J9Yo7,decoy,True,0,,,True,True
mdm2,ZINCk600000dr0LE,decoy,True,0,,,True,True
mdm2,ZINCj5000002bP1q,decoy,True,0,,,True,True
mdm2,ZINCj600000PzP0D,decoy,True,0,,,True,True
mdm2,ZINCk700000y8QwW,decoy,True,0,,,True,True
mdm2,ZINCk600000JTILY,decoy,True,0,,,True,True
mdm2,ZINCk700000GfU4x,decoy,True,0,,,True,True
mdm2,ZINCj600000xcnDz,decoy,True,0,,,True,True
mdm2,ZINCk8000004ivBP,decoy,True,0,,,True,True
mdm2,ZINCk600000dqZxT,decoy,True,0,,,True,True
mdm2,ZINCk7000009JS2A,decoy,True,0,,,True,True
mdm2,ZINCj700000JSVQf,decoy,True,0,,,True,True
mdm2,ZINCk800000BmjdR,decoy,True,0,,,True,True
mdm2,ZINCk6000004bCgP,decoy,True,0,,,True,True
mdm2,ZINCk8000018Tezv,decoy,True,0,,,True,True
mdm2,ZINCk8000004juXj,decoy,True,0,,,True,True
mdm2,ZINCk700000Gf4bK,decoy,True,0,,,True,True
mdm2,ZINCk8000004idWz,decoy,True,0,,,True,True
mdm2,ZINCk600000PAgbe,decoy,True,0,,,True,True
mdm2,ZINCk700000Pvyix,decoy,True,0,,,True,True
mdm2,ZINCk800000ds1pZ,decoy,True,0,,,True,True
mdm2,ZINCk6000004d1zN,decoy,True,0,,,True,True
mdm2,ZINCk700000xchKD,decoy,True,0,,,True,True
mdm2,ZINCk700000xclJ6,decoy,True,0,,,True,True
mdm2,ZINCk600000vSoei,decoy,True,0,,,True,True
mdm2,ZINCj800000Gh8yj,decoy,True,0,,,True,True
mdm2,ZINCk7000004eIZy,decoy,True,0,,,True,True
mdm2,ZINCk600000gpq09,decoy,True,0,,,True,True
mdm2,ZINCk600000Gf3R9,decoy,True,0,,,True,True
mdm2,ZINCk600000vhbKv,decoy,True,0,,,True,True
mdm2,ZINCk800000drOzz,decoy,True,0,,,True,True
mdm2,ZINCk700001bOPGw,decoy,True,0,,,True,True
mdm2,ZINCk8000004hX2Z,decoy,True,0,,,True,True
mdm2,ZINCk6000004dcEJ,decoy,True,0,,,True,True
mdm2,ZINCk800000JTkS3,decoy,True,0,,,True,True
mdm2,ZINCj6000002m4V2,decoy,True,0,,,True,True
mdm2,ZINCk800000gvXfa,decoy,True,0,,,True,True
mdm2,ZINCj600000xcRqt,decoy,True,0,,,True,True
mdm2,ZINCk6000009IK7x,decoy,True,0,,,True,True
mdm2,ZINCk7000004gUm4,decoy,True,0,,,True,True
mdm2,ZINCk6000004c0eQ,decoy,True,0,,,True,True
mdm2,ZINCk700000PCx9I,decoy,True,0,,,True,True
mdm2,ZINCk8000009LFhJ,decoy,True,0,,,True,True
mdm2,ZINCk700001bPXi3,decoy,True,0,,,True,True
mdm2,ZINCj700000BmWsp,decoy,True,0,,,True,True
mdm2,ZINCk700000drzOt,decoy,True,0,,,True,True
mdm2,ZINCk6000004dtEO,decoy,True,0,,,True,True
mdm2,ZINCj600000JTi06,decoy,True,0,,,True,True
mdm2,ZINCk6000004dtiH,decoy,True,0,,,True,True
mdm2,ZINCk7000018SQX4,decoy,True,0,,,True,True
mdm2,ZINCk800001bQgqw,decoy,True,0,,,True,True
mdm2,ZINCk8000004gmJw,decoy,True,0,,,True,True
mdm2,ZINCk800000PAv9x,decoy,True,0,,,True,True
mdm2,ZINCj600000fnKcN,decoy,True,0,,,True,True
mdm2,ZINCk800000wBPvY,decoy,True,0,,,True,True
mdm2,ZINCk700000PCujV,decoy,True,0,,,True,True
mdm2,ZINCk6000009J8yF,decoy,True,0,,,True,True
mdm2,ZINCj700000d8f8i,decoy,True,0,,,True,True
mdm2,ZINCj700000y9JqT,decoy,True,0,,,True,True
mdm2,ZINCk700000dryvo,decoy,True,0,,,True,True
mdm2,ZINCk800000JUe53,decoy,True,0,,,True,True
mdm2,ZINCj500000x8R3C,decoy,True,0,,,True,True
mdm2,ZINCk6000004ccwi,decoy,True,0,,,True,True
mdm2,ZINCi800000BpGq4,decoy,True,0,,,True,True
mdm2,ZINCk700000PBeAe,decoy,True,0,,,True,True
mdm2,ZINCk600000vSKKt,decoy,True,0,,,True,True
mdm2,ZINCj7000018TgKo,decoy,True,0,,,True,True
mdm2,ZINCk800000y8plG,decoy,True,0,,,True,True
mdm2,ZINCk6000004bCwN,decoy,True,0,,,True,True
mdm2,ZINCk700000PwJ29,decoy,True,0,,,True,True
mdm2,ZINCk8000009LywA,decoy,True,0,,,True,True
mdm2,ZINCk6000004cCOa,decoy,True,0,,,True,True
mdm2,ZINCk700000grFG9,decoy,True,0,,,True,True
mdm2,ZINCk7000009KANx,decoy,True,0,,,True,True
mdm2,ZINCk800000drTp7,decoy,True,0,,,True,True
mdm2,ZINCj800000JUiOd,decoy,True,0,,,True,True
mdm2,ZINCk700000ciDxI,decoy,True,0,,,True,True
mdm2,ZINCk800000gu42E,decoy,True,0,,,True,True
mdm2,ZINCk8000004iLRe,decoy,True,0,,,True,True
mdm2,ZINCj7000018TXkq,decoy,True,0,,,True,True
mdm2,ZINCk500000dpO5f,decoy,True,0,,,True,True
mdm2,ZINCj700000wzZus,decoy,True,0,,,True,True
mdm2,ZINCk5000009FamH,decoy,True,0,,,True,True
mdm2,ZINCk5000003XypT,decoy,True,0,,,True,True
mdm2,ZINCk500000dpgsd,decoy,True,0,,,True,True
mdm2,ZINCj600000JW0cn,decoy,True,0,,,True,True
mdm2,ZINCk800000PwRRm,decoy,True,0,,,True,True
mdm2,ZINCk500000dpaFq,decoy,True,0,,,True,True
mdm2,ZINCk50000046FMP,decoy,True,0,,,True,True
mdm2,ZINCk8000018ToId,decoy,True,0,,,True,True
mdm2,ZINCk800000gvaTt,decoy,True,0,,,True,True
mdm2,ZINCk700000JTKL6,decoy,True,0,,,True,True
mdm2,ZINCk800000JS6Rd,decoy,True,0,,,True,True
mdm2,ZINCk800000dsdKl,decoy,True,0,,,True,True
mdm2,ZINCj600000BmMuL,decoy,True,0,,,True,True
mdm2,ZINCj800000PI8sq,decoy,True,0,,,True,True
mdm2,ZINCk600001bOrCw,decoy,True,0,,,True,True
mdm2,ZINCk800000Pwvsj,decoy,True,0,,,True,True
mdm2,ZINCk600001bPFI7,decoy,True,0,,,True,True
mdm2,ZINCk5000009DDeE,decoy,True,0,,,True,True
mdm2,ZINCk700000drHT1,decoy,True,0,,,True,True
mdm2,ZINCk600000EmErA,decoy,True,0,,,True,True
mdm2,ZINCk800000y8MSX,decoy,True,0,,,True,True
mdm2,ZINCj600000xcKzo,decoy,True,0,,,True,True
mdm2,ZINCk600000vkR8A,decoy,True,0,,,True,True
mdm2,ZINCk8000004il1c,decoy,True,0,,,True,True
mdm2,ZINCj6000002lAoK,decoy,True,0,,,True,True
mdm2,ZINCk50000042RJq,decoy,True,0,,,True,True
mdm2,ZINCk800000EmzXH,decoy,True,0,,,True,True
mdm2,ZINCj800000fqOgE,decoy,True,0,,,True,True
mdm2,ZINCk7000004edgA,decoy,True,0,,,True,True
mdm2,ZINCk800000dsg4l,decoy,True,0,,,True,True
mdm2,ZINCk500000doJB5,decoy,True,0,,,True,True
mdm2,ZINCk800000xcmOz,decoy,True,0,,,True,True
mdm2,ZINCk700000Pup5r,decoy,True,0,,,True,True
mdm2,ZINCk8000004i2lq,decoy,True,0,,,True,True
mdm2,ZINCk800000PC4me,decoy,True,0,,,True,True
mdm2,ZINCk800000BmC1T,decoy,True,0,,,True,True
mdm2,ZINCk7000004f3zB,decoy,True,0,,,True,True
mdm2,ZINCk700000PwQB4,decoy,True,0,,,True,True
mdm2,ZINCk5000009FRUR,decoy,True,0,,,True,True
mdm2,ZINCk700000PBEHJ,decoy,True,0,,,True,True
mdm2,ZINCk6000018TEZO,decoy,True,0,,,True,True
mdm2,ZINCk700000PAGqv,decoy,True,0,,,True,True
mdm2,ZINCj600000JUVqm,decoy,True,0,,,True,True
mdm2,ZINCk8000004igbA,decoy,True,0,,,True,True
mdm2,ZINCk600001bPF2k,decoy,True,0,,,True,True
mdm2,ZINCk600000gowWW,decoy,True,0,,,True,True
mdm2,ZINCk800000guMRj,decoy,True,0,,,True,True
mdm2,ZINCk800000JTGjb,decoy,True,0,,,True,True
mdm2,ZINCk5000009Grm7,decoy,True,0,,,True,True
mdm2,ZINCk700000drIpD,decoy,True,0,,,True,True
mdm2,ZINCk5000003WxDa,decoy,True,0,,,True,True
mdm2,ZINCk700000JSkXK,decoy,True,0,,,True,True
mdm2,ZINCk500000452Rk,decoy,True,0,,,True,True
mdm2,ZINCk800000PzJwo,decoy,True,0,,,True,True
mdm2,ZINCk800000gv50v,decoy,True,0,,,True,True
mdm2,ZINCk7000004emcD,decoy,True,0,,,True,True
mdm2,ZINCk700000ciELC,decoy,True,0,,,True,True
mdm2,ZINCk700000PvoWp,decoy,True,0,,,True,True
mdm2,ZINCk700001bNrKu,decoy,True,0,,,True,True
mdm2,ZINCk500000424sZ,decoy,True,0,,,True,True
mdm2,ZINCk800000J9LO4,decoy,True,0,,,True,True
mdm2,ZINCk7000004g0w8,decoy,True,0,,,True,True
mdm2,ZINCk800000PAXS5,decoy,True,0,,,True,True
mdm2,ZINCk700000gsZJy,decoy,True,0,,,True,True
mdm2,ZINCk500000443lG,decoy,True,0,,,True,True
mdm2,ZINCj8000002q0L3,decoy,True,0,,,True,True
mdm2,ZINCk600000AJ5sB,decoy,True,0,,,True,True
mdm2,ZINCk700000JUxbB,decoy,True,0,,,True,True
mdm2,ZINCk500000dpbVb,decoy,True,0,,,True,True
mdm2,ZINCk800000gu5Mi,decoy,True,0,,,True,True
mdm2,ZINCj6000002l2K6,decoy,True,0,,,True,True
mdm2,ZINCj800000PIucE,decoy,True,0,,,True,True
mdm2,ZINCk600000gqBw6,decoy,True,0,,,True,True
mdm2,ZINCj800000JUdcT,decoy,True,0,,,True,True
mdm2,ZINCh600000JUxqF,decoy,True,0,,,True,True
mdm2,ZINCj700000FCsyK,decoy,True,0,,,True,True
mdm2,ZINCk700000cLjot,decoy,True,0,,,True,True
mdm2,ZINCk600000Pzsr9,decoy,True,0,,,True,True
mdm2,ZINCk800000vbXW0,decoy,True,0,,,True,True
mdm2,ZINCk800000JTtBK,decoy,True,0,,,True,True
mdm2,ZINCk800000JTr7Y,decoy,True,0,,,True,True
mdm2,ZINCk700000veQJt,decoy,True,0,,,True,True
mdm2,ZINCk600000gpNIm,decoy,True,0,,,True,True
mdm2,ZINCh500000wp9yt,decoy,True,0,,,True,True
mdm2,ZINCk800000Pv9mq,decoy,True,0,,,True,True
mdm2,ZINCk700000FCzyM,decoy,True,0,,,True,True
mdm2,ZINCj6000018UH4G,decoy,True,0,,,True,True
mdm2,ZINCk700000Gg4yU,decoy,True,0,,,True,True
mdm2,ZINCk800001bQ7y7,decoy,True,0,,,True,True
mdm2,ZINCk6000009JK7D,decoy,True,0,,,True,True
mdm2,ZINCj600000JWsWw,decoy,True,0,,,True,True
mdm2,ZINCj800000crLoj,decoy,True,0,,,True,True
mdm2,ZINCk700000y8B4g,decoy,True,0,,,True,True
mdm2,ZINCk500000dqfkF,decoy,True,0,,,True,True
mdm2,ZINCk600000y8zv9,decoy,True,0,,,True,True
mdm2,ZINCk600000gq8em,decoy,True,0,,,True,True
mdm2,ZINCk8000009LAgM,decoy,True,0,,,True,True
mdm2,ZINCj7000002nPW0,decoy,True,0,,,True,True
mdm2,ZINCk8000004hJDg,decoy,True,0,,,True,True
mdm2,ZINCk700000w39Ch,decoy,True,0,,,True,True
mdm2,ZINCk600000dqViP,decoy,True,0,,,True,True
mdm2,ZINCk5000009FNg4,decoy,True,0,,,True,True
mdm2,ZINCk500000dq8UW,decoy,True,0,,,True,True
mdm2,ZINCk6000009J9HE,decoy,True,0,,,True,True
mdm2,ZINCj500000y8sE9,decoy,True,0,,,True,True
mdm2,ZINCk6000004dGDK,decoy,True,0,,,True,True
mdm2,ZINCj700000fpVkJ,decoy,True,0,,,True,True
mdm2,ZINCk700000PBZyr,decoy,True,0,,,True,True
mdm2,ZINCk800001bPM9Y,decoy,True,0,,,True,True
mdm2,ZINCk500000gf15o,decoy,True,0,,,True,True
mdm2,ZINCk800000gusNd,decoy,True,0,,,True,True
mdm2,ZINCj8000002qAqz,decoy,True,0,,,True,True
mdm2,ZINCh500000PABTO,decoy,True,0,,,True,True
mdm2,ZINCk8000009LH2h,decoy,True,0,,,True,True
mdm2,ZINCk700000y7VIh,decoy,True,0,,,True,True
mdm2,ZINCj600000xcc7S,decoy,True,0,,,True,True
mdm2,ZINCj700000fpWFT,decoy,True,0,,,True,True
mdm2,ZINCk800001bQ4eg,decoy,True,0,,,True,True
mdm2,ZINCk800000ds2R3,decoy,True,0,,,True,True
mdm2,ZINCk600000dr0Jt,decoy,True,0,,,True,True
mdm2,ZINCk600000gpYOf,decoy,True,0,,,True,True
mdm2,ZINCk700000PyJnI,decoy,True,0,,,True,True
mdm2,ZINCk8000009MhGP,decoy,True,0,,,True,True
mdm2,ZINCk7000004eSXN,decoy,True,0,,,True,True
mdm2,ZINCk600000JSblL,decoy,True,0,,,True,True
mdm2,ZINCk700000Bn8u5,decoy,True,0,,,True,True
mdm2,ZINCj7000002nUcZ,decoy,True,0,,,True,True
mdm2,ZINCk8000009MbNu,decoy,True,0,,,True,True
mdm2,ZINCk700000PCd8y,decoy,True,0,,,True,True
mdm2,ZINCk800000gtBBs,decoy,True,0,,,True,True
mdm2,ZINCj5000002i4JO,decoy,True,0,,,True,True
mdm2,ZINCk8000004isr1,decoy,True,0,,,True,True
mdm2,ZINCk800000JTuCT,decoy,True,0,,,True,True
mdm2,ZINCj6000002l6WC,decoy,True,0,,,True,True
mdm2,ZINCk800000guuTi,decoy,True,0,,,True,True
mdm2,ZINCk600000Aiw57,decoy,True,0,,,True,True
mdm2,ZINCk800000drXw0,decoy,True,0,,,True,True
mdm2,ZINCk700000Pz3bs,decoy,True,0,,,True,True
mdm2,ZINCk500000gayVB,decoy,True,0,,,True,True
mdm2,ZINCj800000JaoGi,decoy,True,0,,,True,True
mdm2,ZINCj6000002lIMl,decoy,True,0,,,True,True
mdm2,ZINCj800000PAtkm,decoy,True,0,,,True,True
mdm2,ZINCk600000Gg7AH,decoy,True,0,,,True,True
mdm2,ZINCj8000002rQes,decoy,True,0,,,True,True
mdm2,ZINCj6000002lIMm,decoy,True,0,,,True,True
mdm2,ZINCj800000JTvfU,decoy,True,0,,,True,True
mdm2,ZINCk800001bQaub,decoy,True,0,,,True,True
mdm2,ZINCj800000JUkCU,decoy,True,0,,,True,True
mdm2,ZINCk5000009G0Nb,decoy,True,0,,,True,True
mdm2,ZINCk7000004faQL,decoy,True,0,,,True,True
mdm2,ZINCk6000004dBme,decoy,True,0,,,True,True
mdm2,ZINCk5000009EzFy,decoy,True,0,,,True,True
mdm2,ZINCk800000y8RDX,decoy,True,0,,,True,True
mdm2,ZINCk6000004bAlI,decoy,True,0,,,True,True
mdm2,ZINCj700000PE7ee,decoy,True,0,,,True,True
mdm2,ZINCj500000d6P6F,decoy,True,0,,,True,True
mdm2,ZINCk700000PwCUl,decoy,True,0,,,True,True
mdm2,ZINCj500000kGdjB,decoy,True,0,,,True,True
mdm2,ZINCk700000PyTVl,decoy,True,0,,,True,True
mdm2,ZINCk7000004fgjZ,decoy,True,0,,,True,True
mdm2,ZINCk6000004cMDY,decoy,True,0,,,True,True
mdm2,ZINCj800000JXe7k,decoy,True,0,,,True,True
mdm2,ZINCj800000cKgrM,decoy,True,0,,,True,True
mdm2,ZINCj8000018SwWt,decoy,True,0,,,True,True
mdm2,ZINCj600001bTl5I,decoy,True,0,,,True,True
mdm2,ZINCk8000004iNhc,decoy,True,0,,,True,True
mdm2,ZINCk5000009CsmP,decoy,True,0,,,True,True
mdm2,ZINCk500000g7vn1,decoy,True,0,,,True,True
mdm2,ZINCk700000drsPA,decoy,True,0,,,True,True
mdm2,ZINCk6000004dtvj,decoy,True,0,,,True,True
mdm2,ZINCk600000gpnUk,decoy,True,0,,,True,True
mdm2,ZINCi600000Ja1ul,decoy,True,0,,,True,True
mdm2,ZINCk600000x8nNL,decoy,True,0,,,True,True
mdm2,ZINCk8000004iOHY,decoy,True,0,,,True,True
mdm2,ZINCk7000004d1DM,decoy,True,0,,,True,True
mdm2,ZINCk600000JU77g,decoy,True,0,,,True,True
mdm2,ZINCk500000gdXQa,decoy,True,0,,,True,True
mdm2,ZINCk800000PBwvN,decoy,True,0,,,True,True
mdm2,ZINCk600000PBvM0,decoy,True,0,,,True,True
mdm2,ZINCk8000009Lgv2,decoy,True,0,,,True,True
mdm2,ZINCk800000GeYpV,decoy,True,0,,,True,True
mdm2,ZINCj700000x7qUa,decoy,True,0,,,True,True
mdm2,ZINCk600001bO1Rx,decoy,True,0,,,True,True
mdm2,ZINCk8000009LRhf,decoy,True,0,,,True,True
mdm2,ZINCk7000009KyEK,decoy,True,0,,,True,True
mdm2,ZINCk600000FCAUU,decoy,True,0,,,True,True
mdm2,ZINCk700000grTGp,decoy,True,0,,,True,True
mdm2,ZINCk700000PAs3x,decoy,True,0,,,True,True
mdm2,ZINCk800000guZBI,decoy,True,0,,,True,True
mdm2,ZINCk700000JUfc7,decoy,True,0,,,True,True
mdm2,ZINCk600000gpKPN,decoy,True,0,,,True,True
mdm2,ZINCk700000wSYyu,decoy,True,0,,,True,True
mdm2,ZINCk800000JS486,decoy,True,0,,,True,True
mdm2,ZINCk700001bO9Se,decoy,True,0,,,True,True
mdm2,ZINCk500000428z5,decoy,True,0,,,True,True
mdm2,ZINCk600001bNFvF,decoy,True,0,,,True,True
mdm2,ZINCk600001bPlrt,decoy,True,0,,,True,True
mdm2,ZINCj700000cKes6,decoy,True,0,,,True,True
mdm2,ZINCj600000JVEDE,decoy,True,0,,,True,True
mdm2,ZINCk6000009JMho,decoy,True,0,,,True,True
mdm2,ZINCi5000000XXik,decoy,True,0,,,True,True
mdm2,ZINCk700000PxtHL,decoy,True,0,,,True,True
mdm2,ZINCk5000003ZJuS,decoy,True,0,,,True,True
mdm2,ZINCk800000PufrL,decoy,True,0,,,True,True
mdm2,ZINCj800000PIzVT,decoy,True,0,,,True,True
mdm2,ZINCk5000003Y35e,decoy,True,0,,,True,True
mdm2,ZINCk700000dre2I,decoy,True,0,,,True,True
mdm2,ZINCk8000009M2oF,decoy,True,0,,,True,True
mdm2,ZINCj7000018Upzs,decoy,True,0,,,True,True
mdm2,ZINCk50000042l3T,decoy,True,0,,,True,True
mdm2,ZINCk600000y8BNQ,decoy,True,0,,,True,True
mdm2,ZINCj800000whhtL,decoy,True,0,,,True,True
mdm2,ZINCk800000JU0Vl,decoy,True,0,,,True,True
mdm2,ZINCj700000JVEvx,decoy,True,0,,,True,True
mdm2,ZINCk800000guYoP,decoy,True,0,,,True,True
mdm2,ZINCk7000004gCfl,decoy,True,0,,,True,True
mdm2,ZINCj800000En8Wp,decoy,True,0,,,True,True
mdm2,ZINCk500000464Qq,decoy,True,0,,,True,True
mdm2,ZINCk6000004cBZG,decoy,True,0,,,True,True
mdm2,ZINCk700000JTch5,decoy,True,0,,,True,True
mdm2,ZINCk800000PAQFa,decoy,True,0,,,True,True
mdm2,ZINCi600000xdf9D,decoy,True,0,,,True,True
mdm2,ZINCk7000009KvbZ,decoy,True,0,,,True,True
mdm2,ZINCk500000dpAbr,decoy,True,0,,,True,True
mdm2,ZINCk600000JTWwX,decoy,True,0,,,True,True
mdm2,ZINCk500000gfrNi,decoy,True,0,,,True,True
mdm2,ZINCk600000PBhib,decoy,True,0,,,True,True
mdm2,ZINCj700000PzsK0,decoy,True,0,,,True,True
mdm2,ZINCk600000PtMbj,decoy,True,0,,,True,True
mdm2,ZINCk8000004jpSc,decoy,True,0,,,True,True
mdm2,ZINCk600000AIXCm,decoy,True,0,,,True,True
mdm2,ZINCk600000vxL9k,decoy,True,0,,,True,True
mdm2,ZINCk8000004itzF,decoy,True,0,,,True,True
mdm2,ZINCk800000PAt0A,decoy,True,0,,,True,True
mdm2,ZINCk7000009KyRs,decoy,True,0,,,True,True
mdm2,ZINCk600000dr5nz,decoy,True,0,,,True,True
mdm2,ZINCk700000GfKQe,decoy,True,0,,,True,True
mdm2,ZINCk700000PxvCz,decoy,True,0,,,True,True
mdm2,ZINCk700000PAQKB,decoy,True,0,,,True,True
mdm2,ZINCk800000JRWMi,decoy,True,0,,,True,True
mdm2,ZINCk600000PCaQb,decoy,True,0,,,True,True
mdm2,ZINCk7000004eXdK,decoy,True,0,,,True,True
mdm2,ZINCk600000BmAxu,decoy,True,0,,,True,True
mdm2,ZINCk800000PBUEa,decoy,True,0,,,True,True
mdm2,ZINCj600000BmGl2,decoy,True,0,,,True,True
mdm2,ZINCk700000vl3aT,decoy,True,0,,,True,True
mdm2,ZINCk800000Bmigq,decoy,True,0,,,True,True
mdm2,ZINCk800000PzPZ4,decoy,True,0,,,True,True
mdm2,ZINCk600000PyjXl,decoy,True,0,,,True,True
mdm2,ZINCk800000JS88d,decoy,True,0,,,True,True
mdm2,ZINCj5000002bxrx,decoy,True,0,,,True,True
mdm2,ZINCk700000PxggN,decoy,True,0,,,True,True
mdm2,ZINCk500000geU59,decoy,True,0,,,True,True
mdm2,ZINCk5000009CyuI,decoy,True,0,,,True,True
mdm2,ZINCk700000Pyocj,decoy,True,0,,,True,True
mdm2,ZINCk5000009DJxk,decoy,True,0,,,True,True
mdm2,ZINCk8000018TgnF,decoy,True,0,,,True,True
mdm2,ZINCk800000PwNjm,decoy,True,0,,,True,True
mdm2,ZINCk6000004cd7U,decoy,True,0,,,True,True
mdm2,ZINCk800000xcm8W,decoy,True,0,,,True,True
mdm2,ZINCk500000doYih,decoy,True,0,,,True,True
mdm2,ZINCk8000004iI1U,decoy,True,0,,,True,True
mdm2,ZINCk500000dp3rv,decoy,True,0,,,True,True
mdm2,ZINCk800000PBm9N,decoy,True,0,,,True,True
mdm2,ZINCk800000y8jFR,decoy,True,0,,,True,True
mdm2,ZINCk800000PCht1,decoy,True,0,,,True,True
mdm2,ZINCk600000cvkbO,decoy,True,0,,,True,True
mdm2,ZINCk800000PC3Tk,decoy,True,0,,,True,True
mdm2,ZINCk600000PAcIp,decoy,True,0,,,True,True
mdm2,ZINCk8000018TjfK,decoy,True,0,,,True,True
mdm2,ZINCk8000004iQAf,decoy,True,0,,,True,True
mdm2,ZINCk700000PtJsv,decoy,True,0,,,True,True
mdm2,ZINCj8000002rmnP,decoy,True,0,,,True,True
mdm2,ZINCk800000J9MmP,decoy,True,0,,,True,True
mdm2,ZINCk500000gedZ0,decoy,True,0,,,True,True
mdm2,ZINCk6000009J8LC,decoy,True,0,,,True,True
mdm2,ZINCj8000018Skr1,decoy,True,0,,,True,True
mdm2,ZINCk7000009Kv9M,decoy,True,0,,,True,True
mdm2,ZINCk800000JTFpp,decoy,True,0,,,True,True
mdm2,ZINCj6000002kM1c,decoy,True,0,,,True,True
mdm2,ZINCk800000JS4gE,decoy,True,0,,,True,True
mdm2,ZINCk8000004hVXs,decoy,True,0,,,True,True
mdm2,ZINCk500000gdYHz,decoy,True,0,,,True,True
mdm2,ZINCk5000009CvxT,decoy,True,0,,,True,True
mdm2,ZINCk7000009Kyvg,decoy,True,0,,,True,True
mdm2,ZINCk7000004gm7q,decoy,True,0,,,True,True
mdm2,ZINCk800000guyyt,decoy,True,0,,,True,True
mdm2,ZINCk600000wUHYr,decoy,True,0,,,True,True
mdm2,ZINCk600001bNqgQ,decoy,True,0,,,True,True
mdm2,ZINCk7000004eqLG,decoy,True,0,,,True,True
mdm2,ZINCk700000PvB3P,decoy,True,0,,,True,True
mdm2,ZINCk500000g7D7l,decoy,True,0,,,True,True
mdm2,ZINCk8000004jw4q,decoy,True,0,,,True,True
mdm2,ZINCi8000018UxNl,decoy,True,0,,,True,True
mdm2,ZINCj700000d8gHE,decoy,True,0,,,True,True
mdm2,ZINCk600000ciC7d,decoy,True,0,,,True,True
mdm2,ZINCk700000PBklZ,decoy,True,0,,,True,True
mdm2,ZINCk5000003Z4BK,decoy,True,0,,,True,True
mdm2,ZINCj7000002ngEP,decoy,True,0,,,True,True
mdm2,ZINCk800000ds7aP,decoy,True,0,,,True,True
mdm2,ZINCk50000045lHM,decoy,True,0,,,True,True
mdm2,ZINCk800000ds54C,decoy,True,0,,,True,True
mdm2,ZINCk500000dp5qC,decoy,True,0,,,True,True
mdm2,ZINCk800000gurco,decoy,True,0,,,True,True
mdm2,ZINCj800000PA9KI,decoy,True,0,,,True,True
mdm2,ZINCk700000JTOVy,decoy,True,0,,,True,True
mdm2,ZINCk600000PANSP,decoy,True,0,,,True,True
mdm2,ZINCk800000PxY2q,decoy,True,0,,,True,True
mdm2,ZINCk7000018T1GJ,decoy,True,0,,,True,True
mdm2,ZINCk500000g7hIw,decoy,True,0,,,True,True
mdm2,ZINCk5000003YIza,decoy,True,0,,,True,True
mdm2,ZINCj700000EmxJD,decoy,True,0,,,True,True
mdm2,ZINCk500000gbth6,decoy,True,0,,,True,True
mdm2,ZINCk7000004fvau,decoy,True,0,,,True,True
mdm2,ZINCk500000419bM,decoy,True,0,,,True,True
mdm2,ZINCk800000Ja4kO,decoy,True,0,,,True,True
mdm2,ZINCk500000404s3,decoy,True,0,,,True,True
mdm2,ZINCk600000PBkDQ,decoy,True,0,,,True,True
mdm2,ZINCk8000004hW6A,decoy,True,0,,,True,True
mdm2,ZINCk6000018SQXr,decoy,True,0,,,True,True
mdm2,ZINCk600000Pyhgy,decoy,True,0,,,True,True
mdm2,ZINCj8000002qaPa,decoy,True,0,,,True,True
mdm2,ZINCk800000gvhXh,decoy,True,0,,,True,True
mdm2,ZINCk600001bPmXY,decoy,True,0,,,True,True
mdm2,ZINCj500000cgT30,decoy,True,0,,,True,True
mdm2,ZINCi700000FCYS4,decoy,True,0,,,True,True
mdm2,ZINCk600000BmsmS,decoy,True,0,,,True,True
mdm2,ZINCk700000JSF2d,decoy,True,0,,,True,True
mdm2,ZINCj800000PFB29,decoy,True,0,,,True,True
mdm2,ZINCk600000Emvdy,decoy,True,0,,,True,True
mdm2,ZINCk5000003ZAZc,decoy,True,0,,,True,True
mdm2,ZINCk6000018TjIs,decoy,True,0,,,True,True
mdm2,ZINCk600001bNsCK,decoy,True,0,,,True,True
mdm2,ZINCk800000Gf0q2,decoy,True,0,,,True,True
mdm2,ZINCk700000GfXWT,decoy,True,0,,,True,True
mdm2,ZINCk7000004gk9p,decoy,True,0,,,True,True
mdm2,ZINCk700000kIR1n,decoy,True,0,,,True,True
mdm2,ZINCk600000Pz6HD,decoy,True,0,,,True,True
mdm2,ZINCk5000009CCur,decoy,True,0,,,True,True
mdm2,ZINCk600000Pw9Gl,decoy,True,0,,,True,True
mdm2,ZINCk500000BlR7m,decoy,True,0,,,True,True
mdm2,ZINCj700000FCUls,decoy,True,0,,,True,True
mdm2,ZINCk800000Gf29a,decoy,True,0,,,True,True
mdm2,ZINCk800001bPnYM,decoy,True,0,,,True,True
mdm2,ZINCk800000AJaDk,decoy,True,0,,,True,True
mdm2,ZINCk800000PzU5v,decoy,True,0,,,True,True
mdm2,ZINCk8000009LkS9,decoy,True,0,,,True,True
mdm2,ZINCk8000009MfQi,decoy,True,0,,,True,True
mdm2,ZINCk6000004cObJ,decoy,True,0,,,True,True
mdm2,ZINCk600000Pu4GR,decoy,True,0,,,True,True
mdm2,ZINCk800000BmHdy,decoy,True,0,,,True,True
mdm2,ZINCk5000003Xmo7,decoy,True,0,,,True,True
mdm2,ZINCk5000003WiMD,decoy,True,0,,,True,True
mdm2,ZINCk7000004fRly,decoy,True,0,,,True,True
mdm2,ZINCk600000dqT4q,decoy,True,0,,,True,True
mdm2,ZINCk600001bQr3k,decoy,True,0,,,True,True
mdm2,ZINCk800000PAiXd,decoy,True,0,,,True,True
mdm2,ZINCk600001bOkYw,decoy,True,0,,,True,True
mdm2,ZINCk700001bPBzA,decoy,True,0,,,True,True
mdm2,ZINCk800000xc4gw,decoy,True,0,,,True,True
mdm2,ZINCj500000fkseC,decoy,True,0,,,True,True
mdm2,ZINCj800000JTTQw,decoy,True,0,,,True,True
mdm2,ZINCj600000ch4LI,decoy,True,0,,,True,True
mdm2,ZINCj6000018TefE,decoy,True,0,,,True,True
mdm2,ZINCk600000JT6Ji,decoy,True,0,,,True,True
mdm2,ZINCk5000009GBDF,decoy,True,0,,,True,True
mdm2,ZINCk800000drUZq,decoy,True,0,,,True,True
mdm2,ZINCk600000JSDum,decoy,True,0,,,True,True
mdm2,ZINCk600000dqLRu,decoy,True,0,,,True,True
mdm2,ZINCk800000PBiXF,decoy,True,0,,,True,True
mdm2,ZINCk8000004idJG,decoy,True,0,,,True,True
mdm2,ZINCj8000002qaPc,decoy,True,0,,,True,True
mdm2,ZINCk7000009KpEE,decoy,True,0,,,True,True
mdm2,ZINCk50000048uoN,decoy,True,0,,,True,True
mdm2,ZINCk600001bPPCX,decoy,True,0,,,True,True
mdm2,ZINCk500000dorax,decoy,True,0,,,True,True
mdm2,ZINCk800000JTRZd,decoy,True,0,,,True,True
mdm2,ZINCk5000009DDGK,decoy,True,0,,,True,True
mdm2,ZINCk800000guvGP,decoy,True,0,,,True,True
mdm2,ZINCk800000JTNSe,decoy,True,0,,,True,True
mdm2,ZINCk7000004glf1,decoy,True,0,,,True,True
mdm2,ZINCk8000004itKk,decoy,True,0,,,True,True
mdm2,ZINCk500000dpgrI,decoy,True,0,,,True,True
mdm2,ZINCi800000JYTPE,decoy,True,0,,,True,True
mdm2,ZINCk7000009KMsR,decoy,True,0,,,True,True
mdm2,ZINCk800000JTSUg,decoy,True,0,,,True,True
mdm2,ZINCk6000018SxtB,decoy,True,0,,,True,True
mdm2,ZINCk600000PATsU,decoy,True,0,,,True,True
mdm2,ZINCk5000009EnuY,decoy,True,0,,,True,True
mdm2,ZINCk600000dr8Ht,decoy,True,0,,,True,True
mdm2,ZINCk600000dr5nm,decoy,True,0,,,True,True
mdm2,ZINCk700000gshd2,decoy,True,0,,,True,True
mdm2,ZINCk800000Pu4v2,decoy,True,0,,,True,True
mdm2,ZINCj700000d8lZo,decoy,True,0,,,True,True
mdm2,ZINCk7000004giR7,decoy,True,0,,,True,True
mdm2,ZINCj700000xaxNk,decoy,True,0,,,True,True
mdm2,ZINCk800000Bmi1K,decoy,True,0,,,True,True
mdm2,ZINCk7000004eHLk,decoy,True,0,,,True,True
mdm2,ZINCk600000gqBdr,decoy,True,0,,,True,True
mdm2,ZINCj6000002kSDe,decoy,True,0,,,True,True
mdm2,ZINCk800000Pywrb,decoy,True,0,,,True,True
mdm2,ZINCj800000PAPMl,decoy,True,0,,,True,True
mdm2,ZINCk600000J9LKx,decoy,True,0,,,True,True
mdm2,ZINCk800000JUmmp,decoy,True,0,,,True,True
mdm2,ZINCk800000gvsin,decoy,True,0,,,True,True
mdm2,ZINCk50000040I0n,decoy,True,0,,,True,True
mdm2,ZINCk5000009D8tL,decoy,True,0,,,True,True
mdm2,ZINCk800000JSzyg,decoy,True,0,,,True,True
mdm2,ZINCk7000009Kvuc,decoy,True,0,,,True,True
mdm2,ZINCk800000JSNfH,decoy,True,0,,,True,True
mdm2,ZINCj700000JW6vk,decoy,True,0,,,True,True
mdm2,ZINCk700000GfJtL,decoy,True,0,,,True,True
mdm2,ZINCj800000fr1zQ,decoy,True,0,,,True,True
mdm2,ZINCk700000PBw9m,decoy,True,0,,,True,True
mdm2,ZINCk600000dr9da,decoy,True,0,,,True,True
mdm2,ZINCk8000004jiTF,decoy,True,0,,,True,True
mdm2,ZINCk700000JTvUP,decoy,True,0,,,True,True
mdm2,ZINCk700000PBORJ,decoy,True,0,,,True,True
mdm2,ZINCj600000PLEQa,decoy,True,0,,,True,True
mdm2,ZINCk600000Pup2m,decoy,True,0,,,True,True
mdm2,ZINCk500000gblMz,decoy,True,0,,,True,True
mdm2,ZINCj800000PFHME,decoy,True,0,,,True,True
mdm2,ZINCk700000PyxBD,decoy,True,0,,,True,True
mdm2,ZINCk8000004ixtl,decoy,True,0,,,True,True
mdm2,ZINCi500000xclPv,decoy,True,0,,,True,True
mdm2,ZINCk800000JU3fD,decoy,True,0,,,True,True
mdm2,ZINCk700000y8Eft,decoy,True,0,,,True,True
mdm2,ZINCj800000Bo06Y,decoy,True,0,,,True,True
mdm2,ZINCk600000gqlSG,decoy,True,0,,,True,True
mdm2,ZINCk7000004gzq3,decoy,True,0,,,True,True
mdm2,ZINCk5000003YW9G,decoy,True,0,,,True,True
mdm2,ZINCk800000guIBH,decoy,True,0,,,True,True
mdm2,ZINCk800001bPX2t,decoy,True,0,,,True,True
mdm2,ZINCk8000009LLuf,decoy,True,0,,,True,True
mdm2,ZINCk7000009KyDe,decoy,True,0,,,True,True
mdm2,ZINCk7000004fOk4,decoy,True,0,,,True,True
mdm2,ZINCk700000PzWBh,decoy,True,0,,,True,True
mdm2,ZINCk800000y8wX0,decoy,True,0,,,True,True
mdm2,ZINCk7000004gsAi,decoy,True,0,,,True,True
mdm2,ZINCk800000JU0an,decoy,True,0,,,True,True
mdm2,ZINCk600000Pys2K,decoy,True,0,,,True,True
mdm2,ZINCk600000PADC2,decoy,True,0,,,True,True
mdm2,ZINCk600001bPXBL,decoy,True,0,,,True,True
mdm2,ZINCi800000156mF,decoy,True,0,,,True,True
mdm2,ZINCk600000gpYM1,decoy,True,0,,,True,True
mdm2,ZINCk600000GfjX4,decoy,True,0,,,True,True
mdm2,ZINCk6000004c7Fb,decoy,True,0,,,True,True
mdm2,ZINCk7000004gd3u,decoy,True,0,,,True,True
mdm2,ZINCk500000g7guL,decoy,True,0,,,True,True
mdm2,ZINCj800000JUtms,decoy,True,0,,,True,True
mdm2,ZINCk600000y8xMt,decoy,True,0,,,True,True
mdm2,ZINCk600000gpewG,decoy,True,0,,,True,True
mdm2,ZINCj800000JWv6V,decoy,True,0,,,True,True
mdm2,ZINCk8000004iPdH,decoy,True,0,,,True,True
mdm2,ZINCk800000xcj4B,decoy,True,0,,,True,True
mdm2,ZINCk500000dorzK,decoy,True,0,,,True,True
mdm2,ZINCk500000gaaLI,decoy,True,0,,,True,True
mdm2,ZINCk800001bQqKs,decoy,True,0,,,True,True
mdm2,ZINCk600000AJ7oa,decoy,True,0,,,True,True
mdm2,ZINCj5000002chgY,decoy,True,0,,,True,True
mdm2,ZINCk7000004eHPj,decoy,True,0,,,True,True
mdm2,ZINCk500000gak7K,decoy,True,0,,,True,True
mdm2,ZINCk500000gaNKU,decoy,True,0,,,True,True
mdm2,ZINCk600001bNUnq,decoy,True,0,,,True,True
mdm2,ZINCk8000018SXuj,decoy,True,0,,,True,True
mdm2,ZINCk700000Bmu7X,decoy,True,0,,,True,True
mdm2,ZINCk800000PAI2m,decoy,True,0,,,True,True
mdm2,ZINCk700000JTKDZ,decoy,True,0,,,True,True
mdm2,ZINCj600000y8BSS,decoy,True,0,,,True,True
mdm2,ZINCj700001bQrKs,decoy,True,0,,,True,True
mdm2,ZINCk800000EmvSi,decoy,True,0,,,True,True
mdm2,ZINCk800000y8zT3,decoy,True,0,,,True,True
mdm2,ZINCk700000PyygK,decoy,True,0,,,True,True
mdm2,ZINCk500000dorLm,decoy,True,0,,,True,True
mdm2,ZINCk8000018Tvoy,decoy,True,0,,,True,True
mdm2,ZINCk50000046wYh,decoy,True,0,,,True,True
mdm2,ZINCk5000003YBaj,decoy,True,0,,,True,True
mdm2,ZINCj600001bOYa4,decoy,True,0,,,True,True
mdm2,ZINCk800000AJ7Pr,decoy,True,0,,,True,True
mdm2,ZINCk600000PzwsB,decoy,True,0,,,True,True
mdm2,ZINCk8000004j4lV,decoy,True,0,,,True,True
mdm2,ZINCk600000gqzjL,decoy,True,0,,,True,True
mdm2,ZINCk700000GfTxY,decoy,True,0,,,True,True
mdm2,ZINCk8000004iHkF,decoy,True,0,,,True,True
mdm2,ZINCk700000PxRG7,decoy,True,0,,,True,True
mdm2,ZINCk600001bNu4g,decoy,True,0,,,True,True
mdm2,ZINCj8000002rN80,decoy,True,0,,,True,True
mdm2,ZINCi60000010hm2,decoy,True,0,,,True,True
mdm2,ZINCk7000004fOfs,decoy,True,0,,,True,True
mdm2,ZINCk700000PyvCR,decoy,True,0,,,True,True
mdm2,ZINCj6000002lwfB,decoy,True,0,,,True,True
mdm2,ZINCk600000vtWlp,decoy,True,0,,,True,True
mdm2,ZINCk800000JST24,decoy,True,0,,,True,True
mdm2,ZINCk600000xc2J6,decoy,True,0,,,True,True
mdm2,ZINCk8000004iJyu,decoy,True,0,,,True,True
mdm2,ZINCk6000009J98s,decoy,True,0,,,True,True
mdm2,ZINCk600001bPKu4,decoy,True,0,,,True,True
mdm2,ZINCk800000wpj7T,decoy,True,0,,,True,True
mdm2,ZINCj700000PIig2,decoy,True,0,,,True,True
mdm2,ZINCk7000004gObW,decoy,True,0,,,True,True
mdm2,ZINCk7000004gfUX,decoy,True,0,,,True,True
mdm2,ZINCi800000cgdnO,decoy,True,0,,,True,True
mdm2,ZINCj50000028IMn,decoy,True,0,,,True,True
mdm2,ZINCk7000004fYbK,decoy,True,0,,,True,True
mdm2,ZINCk700000AJdYs,decoy,True,0,,,True,True
mdm2,ZINCk50000041Ekg,decoy,True,0,,,True,True
mdm2,ZINCj7000018UKaN,decoy,True,0,,,True,True
mdm2,ZINCk600000Gf5VQ,decoy,True,0,,,True,True
mdm2,ZINCk700000y8Gj5,decoy,True,0,,,True,True
mdm2,ZINCk800000JUqnd,decoy,True,0,,,True,True
mdm2,ZINCk700001bQ4f2,decoy,True,0,,,True,True
mdm2,ZINCk8000004iLen,decoy,True,0,,,True,True
mdm2,ZINCk6000004dvHh,decoy,True,0,,,True,True
mdm2,ZINCk800000JTLzU,decoy,True,0,,,True,True
mdm2,ZINCj800000xcROC,decoy,True,0,,,True,True
mdm2,ZINCk800000PCtGz,decoy,True,0,,,True,True
mdm2,ZINCj800000JUvI7,decoy,True,0,,,True,True
mdm2,ZINCk500000gdOs9,decoy,True,0,,,True,True
mdm2,ZINCk8000004j1O7,decoy,True,0,,,True,True
mdm2,ZINCk6000004dXPg,decoy,True,0,,,True,True
mdm2,ZINCj700000JTxbA,decoy,True,0,,,True,True
mdm2,ZINCj6000002lulz,decoy,True,0,,,True,True
mdm2,ZINCj700000Gg9Ff,decoy,True,0,,,True,True
mdm2,ZINCk8000004hW6r,decoy,True,0,,,True,True
mdm2,ZINCk600000dr5Jp,decoy,True,0,,,True,True
mdm2,ZINCk500000gcHWs,decoy,True,0,,,True,True
mdm2,ZINCi700000PIBkn,decoy,True,0,,,True,True
mdm2,ZINCk8000004jPO9,decoy,True,0,,,True,True
mdm2,ZINCk800000PBdGo,decoy,True,0,,,True,True
mdm2,ZINCk700000J9Lst,decoy,True,0,,,True,True
mdm2,ZINCj7000002nwLs,decoy,True,0,,,True,True
mdm2,ZINCk5000003VnQo,decoy,True,0,,,True,True
mdm2,ZINCk500000ge9pw,decoy,True,0,,,True,True
mdm2,ZINCj6000002lgGU,decoy,True,0,,,True,True
mdm2,ZINCk7000009KFND,decoy,True,0,,,True,True
mdm2,ZINCj7000002o5i8,decoy,True,0,,,True,True
mdm2,ZINCk800000cvz8e,decoy,True,0,,,True,True
mdm2,ZINCk800000wxwum,decoy,True,0,,,True,True
mdm2,ZINCk7000004eKeb,decoy,True,0,,,True,True
mdm2,ZINCj500000wzxq5,decoy,True,0,,,True,True
mdm2,ZINCk6000009JKbc,decoy,True,0,,,True,True
mdm2,ZINCk600000y8mMv,decoy,True,0,,,True,True
mdm2,ZINCk700000JTQhm,decoy,True,0,,,True,True
mdm2,ZINCk8000004jdVh,decoy,True,0,,,True,True
mdm2,ZINCj7000002nFrk,decoy,True,0,,,True,True
mdm2,ZINCj600000PGJMQ,decoy,True,0,,,True,True
mdm2,ZINCk800000guNfq,decoy,True,0,,,True,True
mdm2,ZINCk600000cvno4,decoy,True,0,,,True,True
mdm2,ZINCk500000dpA8O,decoy,True,0,,,True,True
mdm2,ZINCi700000134ec,decoy,True,0,,,True,True
mdm2,ZINCk700001bPSWb,decoy,True,0,,,True,True
mdm2,ZINCj700000BmIp5,decoy,True,0,,,True,True
mdm2,ZINCk500000doOLH,decoy,True,0,,,True,True
mdm2,ZINCk700000JTg82,decoy,True,0,,,True,True
mdm2,ZINCk700000Pzspy,decoy,True,0,,,True,True
mdm2,ZINCk600000Ja0xT,decoy,True,0,,,True,True
mdm2,ZINCk800000guKSH,decoy,True,0,,,True,True
mdm2,ZINCk800000PBw1f,decoy,True,0,,,True,True
mdm2,ZINCk8000004jzu9,decoy,True,0,,,True,True
mdm2,ZINCk7000004gjII,decoy,True,0,,,True,True
mdm2,ZINCk6000004dwee,decoy,True,0,,,True,True
mdm2,ZINCj8000002roFN,decoy,True,0,,,True,True
mdm2,ZINCj8000002qHwa,decoy,True,0,,,True,True
mdm2,ZINCk600000PBw9f,decoy,True,0,,,True,True
mdm2,ZINCk500000dpemz,decoy,True,0,,,True,True
mdm2,ZINCk700000drm7G,decoy,True,0,,,True,True
mdm2,ZINCi700000PCuj2,decoy,True,0,,,True,True
mdm2,ZINCj8000018TyHN,decoy,True,0,,,True,True
mdm2,ZINCk800000PAYVn,decoy,True,0,,,True,True
mdm2,ZINCk6000004dY4h,decoy,True,0,,,True,True
mdm2,ZINCk800000J9Zh2,decoy,True,0,,,True,True
mdm2,ZINCj600000PA2sW,decoy,True,0,,,True,True
mdm2,ZINCk700000GfkCG,decoy,True,0,,,True,True
mdm2,ZINCk7000004gmOv,decoy,True,0,,,True,True
mdm2,ZINCj700000JT7t9,decoy,True,0,,,True,True
mdm2,ZINCk600000JUuPN,decoy,True,0,,,True,True
mdm2,ZINCk800000xcj4U,decoy,True,0,,,True,True
mdm2,ZINCk700000y7Qq9,decoy,True,0,,,True,True
mdm2,ZINCk8000004jawL,decoy,True,0,,,True,True
mdm2,ZINCk700000J9UzK,decoy,True,0,,,True,True
mdm2,ZINCk8000004kdUG,decoy,True,0,,,True,True
mdm2,ZINCj7000002nKmz,decoy,True,0,,,True,True
mdm2,ZINCj7000002nPtV,decoy,True,0,,,True,True
mdm2,ZINCj600000Emx6T,decoy,True,0,,,True,True
mdm2,ZINCk700000Emxur,decoy,True,0,,,True,True
mdm2,ZINCj500000y7UEy,decoy,True,0,,,True,True
mdm2,ZINCj700000FCSFL,decoy,True,0,,,True,True
mdm2,ZINCk5000009BxDU,decoy,True,0,,,True,True
mdm2,ZINCk800000xaEgB,decoy,True,0,,,True,True
mdm2,ZINCk700000vDmdn,decoy,True,0,,,True,True
mdm2,ZINCj6000002lF4z,decoy,True,0,,,True,True
mdm2,ZINCk8000009MbRy,decoy,True,0,,,True,True
mdm2,ZINCk600000dqZY3,decoy,True,0,,,True,True
mdm2,ZINCj7000002os1p,decoy,True,0,,,True,True
mdm2,ZINCk6000004dS7C,decoy,True,0,,,True,True
mdm2,ZINCj600001bS0wa,decoy,True,0,,,True,True
mdm2,ZINCk8000009LkfI,decoy,True,0,,,True,True
mdm2,ZINCk7000004glTj,decoy,True,0,,,True,True
mdm2,ZINCk800000gv7ra,decoy,True,0,,,True,True
mdm2,ZINCj500000xcjib,decoy,True,0,,,True,True
mdm2,ZINCk50000040Was,decoy,True,0,,,True,True
mdm2,ZINCi5000000Td0t,decoy,True,0,,,True,True
mdm2,ZINCk5000003XRfT,decoy,True,0,,,True,True
mdm2,ZINCk800000ds90L,decoy,True,0,,,True,True
mdm2,ZINCi800000JXZMw,decoy,True,0,,,True,True
mdm2,ZINCk500000dqn2i,decoy,True,0,,,True,True
mdm2,ZINCk800000JT9Lq,decoy,True,0,,,True,True
mdm2,ZINCj600000PxWC9,decoy,True,0,,,True,True
mdm2,ZINCk800000y8vRt,decoy,True,0,,,True,True
mdm2,ZINCk5000003XmH4,decoy,True,0,,,True,True
mdm2,ZINCk8000004iESa,decoy,True,0,,,True,True
mdm2,ZINCk800000EmxC1,decoy,True,0,,,True,True
mdm2,ZINCk50000044xOE,decoy,True,0,,,True,True
mdm2,ZINCk800001bPkHY,decoy,True,0,,,True,True
mdm2,ZINCk500000dpcYt,decoy,True,0,,,True,True
mdm2,ZINCk6000004bAJP,decoy,True,0,,,True,True
mdm2,ZINCk7000018Tmj0,decoy,True,0,,,True,True
mdm2,ZINCk500000dqbkl,decoy,True,0,,,True,True
mdm2,ZINCk600000JSbJP,decoy,True,0,,,True,True
mdm2,ZINCk7000004gJy2,decoy,True,0,,,True,True
mdm2,ZINCk800000J9TM3,decoy,True,0,,,True,True
mdm2,ZINCj8000002q1ge,decoy,True,0,,,True,True
mdm2,ZINCk800000Gfwo9,decoy,True,0,,,True,True
mdm2,ZINCk7000004gprZ,decoy,True,0,,,True,True
mdm2,ZINCk500000gdizQ,decoy,True,0,,,True,True
mdm2,ZINCk500000BlKI1,decoy,True,0,,,True,True
mdm2,ZINCk7000004fGe7,decoy,True,0,,,True,True
mdm2,ZINCk5000003YnhZ,decoy,True,0,,,True,True
mdm2,ZINCk700000PAw7c,decoy,True,0,,,True,True
mdm2,ZINCk7000009KOAY,decoy,True,0,,,True,True
mdm2,ZINCk800000xcg6p,decoy,True,0,,,True,True
mdm2,ZINCj8000002rp0D,decoy,True,0,,,True,True
mdm2,ZINCk8000004iB9O,decoy,True,0,,,True,True
mdm2,ZINCi6000018UyGW,decoy,True,0,,,True,True
mdm2,ZINCk700000PAH9F,decoy,True,0,,,True,True
mdm2,ZINCk8000004iRu0,decoy,True,0,,,True,True
mdm2,ZINCk500000doE6M,decoy,True,0,,,True,True
mdm2,ZINCk5000009BSiI,decoy,True,0,,,True,True
mdm2,ZINCk6000009Jov9,decoy,True,0,,,True,True
mdm2,ZINCk700000x2z5n,decoy,True,0,,,True,True
mdm2,ZINCk6000018TkUO,decoy,True,0,,,True,True
mdm2,ZINCk8000009MdI8,decoy,True,0,,,True,True
mdm2,ZINCk700000xcgoR,decoy,True,0,,,True,True
mdm2,ZINCk8000004jPX8,decoy,True,0,,,True,True
mdm2,ZINCk600000Pyws2,decoy,True,0,,,True,True
mdm2,ZINCk7000004gCT9,decoy,True,0,,,True,True
mdm2,ZINCj800000JS9gF,decoy,True,0,,,True,True
mdm2,ZINCk600000JTl3x,decoy,True,0,,,True,True
mdm2,ZINCk7000018Toae,decoy,True,0,,,True,True
mdm2,ZINCi8000018TCVw,decoy,True,0,,,True,True
mdm2,ZINCi600000JaAaQ,decoy,True,0,,,True,True
mdm2,ZINCj5000009gWbg,decoy,True,0,,,True,True
mdm2,ZINCk600000JT4WB,decoy,True,0,,,True,True
mdm2,ZINCk8000004ifh7,decoy,True,0,,,True,True
mdm2,ZINCk700000gr4W3,decoy,True,0,,,True,True
mdm2,ZINCk500000geUUN,decoy,True,0,,,True,True
mdm2,ZINCk800000FCBj0,decoy,True,0,,,True,True
mdm2,ZINCk600000PCaRo,decoy,True,0,,,True,True
mdm2,ZINCk8000004jHtu,decoy,True,0,,,True,True
mdm2,ZINCk5000003XmIf,decoy,True,0,,,True,True
mdm2,ZINCk500000geIz1,decoy,True,0,,,True,True
mdm2,ZINCk7000004f4s8,decoy,True,0,,,True,True
mdm2,ZINCj800000JS9WB,decoy,True,0,,,True,True
mdm2,ZINCj700000JTLSl,decoy,True,0,,,True,True
mdm2,ZINCk700000wqyf0,decoy,True,0,,,True,True
mdm2,ZINCk700000wkD7W,decoy,True,0,,,True,True
mdm2,ZINCk500000dpdqr,decoy,True,0,,,True,True
mdm2,ZINCj500000xchqL,decoy,True,0,,,True,True
mdm2,ZINCk700000y8wcj,decoy,True,0,,,True,True
mdm2,ZINCk5000003XeVy,decoy,True,0,,,True,True
mdm2,ZINCk600000Emwp9,decoy,True,0,,,True,True
mdm2,ZINCk700000AJ7PV,decoy,True,0,,,True,True
mdm2,ZINCk800001bQ4oD,decoy,True,0,,,True,True
mdm2,ZINCk7000004eRlZ,decoy,True,0,,,True,True
mdm2,ZINCk700000GfTJ7,decoy,True,0,,,True,True
mdm2,ZINCk500000424t2,decoy,True,0,,,True,True
mdm2,ZINCk5000009DLT5,decoy,True,0,,,True,True
mdm2,ZINCj500000xcfVg,decoy,True,0,,,True,True
mdm2,ZINCk7000009KGey,decoy,True,0,,,True,True
mdm2,ZINCk700000J9UNf,decoy,True,0,,,True,True
mdm2,ZINCj700000JWoku,decoy,True,0,,,True,True
mdm2,ZINCk7000004fBet,decoy,True,0,,,True,True
mdm2,ZINCk600000gpOAC,decoy,True,0,,,True,True
mdm2,ZINCk600000dr0vP,decoy,True,0,,,True,True
mdm2,ZINCk700000GfZqE,decoy,True,0,,,True,True
mdm2,ZINCj600000EmD7M,decoy,True,0,,,True,True
mdm2,ZINCk500000483nz,decoy,True,0,,,True,True
mdm2,ZINCk5000009Dkhr,decoy,True,0,,,True,True
mdm2,ZINCj7000018T8XT,decoy,True,0,,,True,True
mdm2,ZINCk50000045gya,decoy,True,0,,,True,True
mdm2,ZINCk600000Pyws3,decoy,True,0,,,True,True
mdm2,ZINCk500000gblHK,decoy,True,0,,,True,True
mdm2,ZINCk600000dr7bE,decoy,True,0,,,True,True
mdm2,ZINCk5000003Zd5y,decoy,True,0,,,True,True
mdm2,ZINCk700000gr7SC,decoy,True,0,,,True,True
mdm2,ZINCk700000PzOyo,decoy,True,0,,,True,True
mdm2,ZINCk500000g75vx,decoy,True,0,,,True,True
mdm2,ZINCk700000drpy8,decoy,True,0,,,True,True
mdm2,ZINCk5000003XxBJ,decoy,True,0,,,True,True
mdm2,ZINCk600000vV0qj,decoy,True,0,,,True,True
mdm2,ZINCk600000JU2qg,decoy,True,0,,,True,True
mdm2,ZINCk6000004dHPD,decoy,True,0,,,True,True
mdm2,ZINCj500000d7git,decoy,True,0,,,True,True
mdm2,ZINCk6000004dj47,decoy,True,0,,,True,True
mdm2,ZINCk7000009KQXz,decoy,True,0,,,True,True
mdm2,ZINCk6000018TEIY,decoy,True,0,,,True,True
mdm2,ZINCj600000AJ961,decoy,True,0,,,True,True
mdm2,ZINCk7000004eiX4,decoy,True,0,,,True,True
mdm2,ZINCk7000004fIum,decoy,True,0,,,True,True
mdm2,ZINCk600000dqUKY,decoy,True,0,,,True,True
mdm2,ZINCk500000citqb,decoy,True,0,,,True,True
mdm2,ZINCk700000BmosF,decoy,True,0,,,True,True
mdm2,ZINCi60000010SVl,decoy,True,0,,,True,True
mdm2,ZINCk700000PxooO,decoy,True,0,,,True,True
mdm2,ZINCk800001bNsqu,decoy,True,0,,,True,True
mdm2,ZINCk7000004f6dp,decoy,True,0,,,True,True
mdm2,ZINCk600000AJabs,decoy,True,0,,,True,True
mdm2,ZINCk7000018Tshr,decoy,True,0,,,True,True
mdm2,ZINCk800000PAiQm,decoy,True,0,,,True,True
mdm2,ZINCk800000JSe6E,decoy,True,0,,,True,True
mdm2,ZINCk600000PAvbT,decoy,True,0,,,True,True
mdm2,ZINCi5000000RMh9,decoy,True,0,,,True,True
mdm2,ZINCk800000EmvNl,decoy,True,0,,,True,True
mdm2,ZINCk500000dp0ZM,decoy,True,0,,,True,True
mdm2,ZINCk7000009KXOr,decoy,True,0,,,True,True
mdm2,ZINCk700000JT1m6,decoy,True,0,,,True,True
mdm2,ZINCj500000fdyB5,decoy,True,0,,,True,True
mdm2,ZINCk600000wXjIr,decoy,True,0,,,True,True
mdm2,ZINCk700000grdXC,decoy,True,0,,,True,True
mdm2,ZINCk700000xcbTX,decoy,True,0,,,True,True
mdm2,ZINCk6000004cZKo,decoy,True,0,,,True,True
mdm2,ZINCk700001bQ6Ld,decoy,True,0,,,True,True
mdm2,ZINCk800000JSE3H,decoy,True,0,,,True,True
mdm2,ZINCj700000JW2Lx,decoy,True,0,,,True,True
mdm2,ZINCk700000PAkld,decoy,True,0,,,True,True
mdm2,ZINCk6000004cUE2,decoy,True,0,,,True,True
mdm2,ZINCk8000004i0pw,decoy,True,0,,,True,True
mdm2,ZINCk800000kGyS6,decoy,True,0,,,True,True
mdm2,ZINCj800001bP7Eq,decoy,True,0,,,True,True
mdm2,ZINCj600000y8NFn,decoy,True,0,,,True,True
mdm2,ZINCj600000PAmVP,decoy,True,0,,,True,True
mdm2,ZINCk8000009LH4b,decoy,True,0,,,True,True
mdm2,ZINCk800000PBhtT,decoy,True,0,,,True,True
mdm2,ZINCk8000004joyJ,decoy,True,0,,,True,True
mdm2,ZINCj8000009khQN,decoy,True,0,,,True,True
mdm2,ZINCk500000gdyrU,decoy,True,0,,,True,True
mdm2,ZINCk600000gq2pg,decoy,True,0,,,True,True
mdm2,ZINCk6000004bAW1,decoy,True,0,,,True,True
mdm2,ZINCj6000018Uuza,decoy,True,0,,,True,True
mdm2,ZINCk800000JTxTL,decoy,True,0,,,True,True
mdm2,ZINCk600000J9Qy0,decoy,True,0,,,True,True
mdm2,ZINCk7000018Tgck,decoy,True,0,,,True,True
mdm2,ZINCj500000d76nI,decoy,True,0,,,True,True
mdm2,ZINCk700000PzBAJ,decoy,True,0,,,True,True
mdm2,ZINCk700000Gf3CO,decoy,True,0,,,True,True
mdm2,ZINCk500000dqaMB,decoy,True,0,,,True,True
mdm2,ZINCk600000wBTlq,decoy,True,0,,,True,True
mdm2,ZINCk5000003WzPz,decoy,True,0,,,True,True
mdm2,ZINCk600000y8uQd,decoy,True,0,,,True,True
mdm2,ZINCk6000004bQS1,decoy,True,0,,,True,True
mdm2,ZINCk800000dsdO5,decoy,True,0,,,True,True
mdm2,ZINCk8000009LJPi,decoy,True,0,,,True,True
mdm2,ZINCj500000xc2b8,decoy,True,0,,,True,True
mdm2,ZINCk700001bNXjx,decoy,True,0,,,True,True
mdm2,ZINCj8000002rAyL,decoy,True,0,,,True,True
mdm2,ZINCi7000018UyDZ,decoy,True,0,,,True,True
mdm2,ZINCk6000004bJm2,decoy,True,0,,,True,True
mdm2,ZINCk7000009L6Wc,decoy,True,0,,,True,True
mdm2,ZINCk5000003ZBIh,decoy,True,0,,,True,True
mdm2,ZINCk500000404rl,decoy,True,0,,,True,True
mdm2,ZINCk8000004iy1r,decoy,True,0,,,True,True
mdm2,ZINCi700000eO0vv,decoy,True,0,,,True,True
mdm2,ZINCk8000004iGLr,decoy,True,0,,,True,True
mdm2,ZINCk7000004fR59,decoy,True,0,,,True,True
mdm2,ZINCk50000042bRF,decoy,True,0,,,True,True
mdm2,ZINCk5000009DwTI,decoy,True,0,,,True,True
mdm2,ZINCk800000PtRsA,decoy,True,0,,,True,True
mdm2,ZINCi800000PAzgx,decoy,True,0,,,True,True
mdm2,ZINCk700001bPeRp,decoy,True,0,,,True,True
mdm2,ZINCk8000004igza,decoy,True,0,,,True,True
mdm2,ZINCk600000x3MYL,decoy,True,0,,,True,True
mdm2,ZINCk50000040F7p,decoy,True,0,,,True,True
mdm2,ZINCj6000009j9yh,decoy,True,0,,,True,True
mdm2,ZINCj700000d8maC,decoy,True,0,,,True,True
mdm2,ZINCk700000PtypG,decoy,True,0,,,True,True
mdm2,ZINCk7000004f2t9,decoy,True,0,,,True,True
mdm2,ZINCj700000y8z12,decoy,True,0,,,True,True
mdm2,ZINCk700000PvZP4,decoy,True,0,,,True,True
mdm2,ZINCk600000gpjUi,decoy,True,0,,,True,True
mdm2,ZINCk8000018T2V9,decoy,True,0,,,True,True
mdm2,ZINCk50000040VDt,decoy,True,0,,,True,True
mdm2,ZINCk800000JTo59,decoy,True,0,,,True,True
mdm2,ZINCk700000JTlKb,decoy,True,0,,,True,True
mdm2,ZINCj7000018TyBV,decoy,True,0,,,True,True
mdm2,ZINCj500000y8hyc,decoy,True,0,,,True,True
mdm2,ZINCk800000y8ucW,decoy,True,0,,,True,True
mdm2,ZINCk600000PBioi,decoy,True,0,,,True,True
mdm2,ZINCk8000009LOXn,decoy,True,0,,,True,True
mdm2,ZINCk600000JTZj2,decoy,True,0,,,True,True
mdm2,ZINCk800000PzhU8,decoy,True,0,,,True,True
mdm2,ZINCj800000JU279,decoy,True,0,,,True,True
mdm2,ZINCk700000JUxgJ,decoy,True,0,,,True,True
mdm2,ZINCk8000004jnrC,decoy,True,0,,,True,True
mdm2,ZINCj700000d8qoF,decoy,True,0,,,True,True
mdm2,ZINCk700000Pxm9s,decoy,True,0,,,True,True
mdm2,ZINCk600000ciA2g,decoy,True,0,,,True,True
mdm2,ZINCk700001bPCxX,decoy,True,0,,,True,True
mdm2,ZINCk600000Pz1Kr,decoy,True,0,,,True,True
mdm2,ZINCk800000gvpjj,decoy,True,0,,,True,True
mdm2,ZINCk7000018Th5o,decoy,True,0,,,True,True
mdm2,ZINCk500000dp4t5,decoy,True,0,,,True,True
mdm2,ZINCk8000009LJPe,decoy,True,0,,,True,True
mdm2,ZINCk700000JScl0,decoy,True,0,,,True,True
mdm2,ZINCk500000gfOb9,decoy,True,0,,,True,True
mdm2,ZINCk500000gf6Yg,decoy,True,0,,,True,True
mdm2,ZINCk600000Em6Tg,decoy,True,0,,,True,True
mdm2,ZINCj600000JWr5R,decoy,True,0,,,True,True
mdm2,ZINCk800000JSzVI,decoy,True,0,,,True,True
mdm2,ZINCk700000PAfBR,decoy,True,0,,,True,True
mdm2,ZINCk7000004ejmN,decoy,True,0,,,True,True
mdm2,ZINCk800000PAQvN,decoy,True,0,,,True,True
mdm2,ZINCk8000004iwJs,decoy,True,0,,,True,True
mdm2,ZINCk700000JSUJp,decoy,True,0,,,True,True
mdm2,ZINCk500000doPCW,decoy,True,0,,,True,True
mdm2,ZINCj6000002mbnj,decoy,True,0,,,True,True
mdm2,ZINCj5000002b6ao,decoy,True,0,,,True,True
mdm2,ZINCj8000002qcQb,decoy,True,0,,,True,True
mdm2,ZINCk800000guuSI,decoy,True,0,,,True,True
mdm2,ZINCk7000009KT83,decoy,True,0,,,True,True
mdm2,ZINCk8000009Ltmh,decoy,True,0,,,True,True
mdm2,ZINCk7000004eWZp,decoy,True,0,,,True,True
mdm2,ZINCk800000Pu7XL,decoy,True,0,,,True,True
mdm2,ZINCj600000PHDaj,decoy,True,0,,,True,True
mdm2,ZINCj800000Jamsg,decoy,True,0,,,True,True
mdm2,ZINCk500000g9xME,decoy,True,0,,,True,True
mdm2,ZINCk7000004gd1F,decoy,True,0,,,True,True
mdm2,ZINCk600000dqRAu,decoy,True,0,,,True,True
mdm2,ZINCk700000Pwogp,decoy,True,0,,,True,True
mdm2,ZINCk800000PBjir,decoy,True,0,,,True,True
mdm2,ZINCk8000018T3g5,decoy,True,0,,,True,True
mdm2,ZINCk500000g8dVg,decoy,True,0,,,True,True
mdm2,ZINCk800000xcf0i,decoy,True,0,,,True,True
mdm2,ZINCk800000Emr9P,decoy,True,0,,,True,True
mdm2,ZINCk7000004fHfx,decoy,True,0,,,True,True
mdm2,ZINCk50000041f8S,decoy,True,0,,,True,True
mdm2,ZINCk800000Pu2jk,decoy,True,0,,,True,True
mdm2,ZINCk8000004hKvS,decoy,True,0,,,True,True
mdm2,ZINCj7000002nLzp,decoy,True,0,,,True,True
mdm2,ZINCk600000wAN7v,decoy,True,0,,,True,True
mdm2,ZINCk800001bPj7s,decoy,True,0,,,True,True
mdm2,ZINCk50000041DZY,decoy,True,0,,,True,True
mdm2,ZINCk500000geWbq,decoy,True,0,,,True,True
mdm2,ZINCk50000045tFK,decoy,True,0,,,True,True
mdm2,ZINCk700000BlHZi,decoy,True,0,,,True,True
mdm2,ZINCk700000gsFIt,decoy,True,0,,,True,True
mdm2,ZINCk500000dp4C3,decoy,True,0,,,True,True
mdm2,ZINCk6000004cSP6,decoy,True,0,,,True,True
mdm2,ZINCk600000Pv9YJ,decoy,True,0,,,True,True
mdm2,ZINCj5000002fm0f,decoy,True,0,,,True,True
mdm2,ZINCk5000003Y6XP,decoy,True,0,,,True,True
mdm2,ZINCk800000PCakz,decoy,True,0,,,True,True
mdm2,ZINCk7000004fAWl,decoy,True,0,,,True,True
mdm2,ZINCj800000JUUnX,decoy,True,0,,,True,True
mdm2,ZINCk700000JSx0Z,decoy,True,0,,,True,True
mdm2,ZINCj500000xclPr,decoy,True,0,,,True,True
mdm2,ZINCk6000004dmxS,decoy,True,0,,,True,True
mdm2,ZINCj5000002heDb,decoy,True,0,,,True,True
mdm2,ZINCk600000JSq6D,decoy,True,0,,,True,True
mdm2,ZINCk800000Puag6,decoy,True,0,,,True,True
mdm2,ZINCk600000vbmrx,decoy,True,0,,,True,True
mdm2,ZINCk800000Gfv2N,decoy,True,0,,,True,True
mdm2,ZINCk800000PCa7X,decoy,True,0,,,True,True
mdm2,ZINCk700000BmJCh,decoy,True,0,,,True,True
mdm2,ZINCj6000018TeHj,decoy,True,0,,,True,True
mdm2,ZINCk700000drCmh,decoy,True,0,,,True,True
mdm2,ZINCk6000004cOfW,decoy,True,0,,,True,True
mdm2,ZINCk800000JT7sU,decoy,True,0,,,True,True
mdm2,ZINCj6000002lA0j,decoy,True,0,,,True,True
mdm2,ZINCk700000gsKmw,decoy,True,0,,,True,True
mdm2,ZINCk800000PA8tb,decoy,True,0,,,True,True
mdm2,ZINCk8000004jX7k,decoy,True,0,,,True,True
mdm2,ZINCk7000018ToWQ,decoy,True,0,,,True,True
mdm2,ZINCj800000JUWHs,decoy,True,0,,,True,True
mdm2,ZINCj6000002lqAj,decoy,True,0,,,True,True
mdm2,ZINCk700000y8oGT,decoy,True,0,,,True,True
mdm2,ZINCk7000004fHK6,decoy,True,0,,,True,True
mdm2,ZINCj600000EmrHE,decoy,True,0,,,True,True
mdm2,ZINCk700000PvNsP,decoy,True,0,,,True,True
mdm2,ZINCk700000drFvF,decoy,True,0,,,True,True
mdm2,ZINCk8000004jDXf,decoy,True,0,,,True,True
mdm2,ZINCj800001bP0sG,decoy,True,0,,,True,True
mdm2,ZINCk700000PBdi9,decoy,True,0,,,True,True
mdm2,ZINCk600000gpqXg,decoy,True,0,,,True,True
mdm2,ZINCj5000002eWzt,decoy,True,0,,,True,True
mdm2,ZINCk700000gsrnf,decoy,True,0,,,True,True
mdm2,ZINCh8000018TinS,decoy,True,0,,,True,True
mdm2,ZINCk6000018SYx1,decoy,True,0,,,True,True
mdm2,ZINCk7000009KtWu,decoy,True,0,,,True,True
mdm2,ZINCk800000PARii,decoy,True,0,,,True,True
mdm2,ZINCk800000Bmth7,decoy,True,0,,,True,True
mdm2,ZINCk700000drqGO,decoy,True,0,,,True,True
mdm2,ZINCk500000dos4p,decoy,True,0,,,True,True
mdm2,ZINCk600000PvnQl,decoy,True,0,,,True,True
mdm2,ZINCk800000guZPN,decoy,True,0,,,True,True
mdm2,ZINCk7000009KyhT,decoy,True,0,,,True,True
mdm2,ZINCk8000004hwUr,decoy,True,0,,,True,True
mdm2,ZINCk700000PApkS,decoy,True,0,,,True,True
mdm2,ZINCk600000PvMbq,decoy,True,0,,,True,True
mdm2,ZINCk8000004iFKw,decoy,True,0,,,True,True
mdm2,ZINCk600000gqiwU,decoy,True,0,,,True,True
mdm2,ZINCk6000018Tcjk,decoy,True,0,,,True,True
mdm2,ZINCj600000AJrtt,decoy,True,0,,,True,True
mdm2,ZINCk5000003Vnot,decoy,True,0,,,True,True
mdm2,ZINCk6000004cLLG,decoy,True,0,,,True,True
mdm2,ZINCk50000046Ugq,decoy,True,0,,,True,True
mdm2,ZINCj600000y9zPt,decoy,True,0,,,True,True
mdm2,ZINCj5000002cle6,decoy,True,0,,,True,True
mdm2,ZINCk5000003XmGL,decoy,True,0,,,True,True
mdm2,ZINCk500000dop20,decoy,True,0,,,True,True
mdm2,ZINCk500000dqb6f,decoy,True,0,,,True,True
mdm2,ZINCk800000PzPZx,decoy,True,0,,,True,True
mdm2,ZINCk600000PxgHY,decoy,True,0,,,True,True
mdm2,ZINCk600000ww1Cp,decoy,True,0,,,True,True
mdm2,ZINCk500000gc41G,decoy,True,0,,,True,True
mdm2,ZINCj500000c9S16,decoy,True,0,,,True,True
mdm2,ZINCj800000JUb6i,decoy,True,0,,,True,True
mdm2,ZINCk5000003ZA9b,decoy,True,0,,,True,True
mdm2,ZINCj8000002qb0i,decoy,True,0,,,True,True
mdm2,ZINCk700000gsKmx,decoy,True,0,,,True,True
mdm2,ZINCk800000PtDzT,decoy,True,0,,,True,True
mdm2,ZINCj7000002ozZT,decoy,True,0,,,True,True
mdm2,ZINCk7000004gej4,decoy,True,0,,,True,True
mdm2,ZINCj8000002rDJE,decoy,True,0,,,True,True
mdm2,ZINCj800000PzONr,decoy,True,0,,,True,True
mdm2,ZINCk700000y8AW2,decoy,True,0,,,True,True
mdm2,ZINCk6000004e2vd,decoy,True,0,,,True,True
mdm2,ZINCk6000018T1D7,decoy,True,0,,,True,True
mdm2,ZINCk700000PwHXX,decoy,True,0,,,True,True
mdm2,ZINCk800000PAaJW,decoy,True,0,,,True,True
mdm2,ZINCk6000004cRDC,decoy,True,0,,,True,True
mdm2,ZINCk50000046jyr,decoy,True,0,,,True,True
mdm2,ZINCk700000PyNWF,decoy,True,0,,,True,True
mdm2,ZINCk8000004iOYu,decoy,True,0,,,True,True
mdm2,ZINCk700000JUcEk,decoy,True,0,,,True,True
mdm2,ZINCk500000doZ1k,decoy,True,0,,,True,True
