method_a,method_b,n_shared,kendall_tau,spearman_r,jaccard_top10,jaccard_top25,jaccard_top50
full_cascade,stage3_only,310,0.45885791836308587,0.6299928601855144,0.0,0.02040816326530612,0.12359550561797752
full_cascade,standard_3d_pharmacophore,310,0.45551727737759684,0.6276182928290683,0.0,0.02040816326530612,0.12359550561797752
stage3_only,standard_3d_pharmacophore,310,0.996659359014511,0.9986948942773732,1.0,1.0,1.0
