ligand_id,rank,score,method,status,label
ZINCf50000009uok,1,18.351261212199542,standard_3d_pharmacophore,aligned,decoy
ZINCf50000009Knv,2,17.714524159150848,standard_3d_pharmacophore,aligned,decoy
CHEMBL4068667,3,17.352319446757463,standard_3d_pharmacophore,aligned,active
ZINCf5000001zmj8,4,17.280571125834825,standard_3d_pharmacophore,aligned,decoy
ZINCf500000091Oj,5,17.27426352028689,standard_3d_pharmacophore,aligned,decoy
ZINCf50000009ubo,6,17.237139567693802,standard_3d_pharmacophore,aligned,decoy
ZINCf50000017nR2,7,17.15285171617123,standard_3d_pharmacophore,aligned,decoy
ZINCf50000023t3V,8,16.980076348045188,standard_3d_pharmacophore,aligned,decoy
ZINCf5000002rwTe,9,16.961622106615987,standard_3d_pharmacophore,aligned,decoy
ZINCf5000002ecIl,10,16.936671762165695,standard_3d_pharmacophore,aligned,decoy
ZINCf5000002oC1u,11,16.92343586077507,standard_3d_pharmacophore,aligned,decoy
ZINCf5000002s63L,12,16.882473407641513,standard_3d_pharmacophore,aligned,decoy
ZINCf50000017LIJ,13,16.77292475433786,standard_3d_pharmacophore,aligned,decoy
ZINCf50000008U3W,14,16.746451039709054,standard_3d_pharmacophore,aligned,decoy
ZINCf5000002rbnf,15,16.699462242488035,standard_3d_pharmacophore,aligned,decoy
ZINCf5000000aguA,16,16.626064115765814,standard_3d_pharmacophore,aligned,decoy
ZINCf5000002rwTf,17,16.61750224824238,standard_3d_pharmacophore,aligned,decoy
ZINCf50000027i1D,18,16.608268591201508,standard_3d_pharmacophore,aligned,decoy
ZINCf5000000ZtRK,19,16.599936636197455,standard_3d_pharmacophore,aligned,decoy
ZINCf50000024Tbj,20,16.521323900766234,standard_3d_pharmacophore,aligned,decoy
CHEMBL5808134,21,16.50581282941557,standard_3d_pharmacophore,aligned,active
ZINCf50000017KXN,22,16.487507246293475,standard_3d_pharmacophore,aligned,decoy
ZINCf5000000ZrBj,23,16.479921923616967,standard_3d_pharmacophore,aligned,decoy
ZINCf5000000ZtIn,24,16.47075043716679,standard_3d_pharmacophore,aligned,decoy
ZINCf500000187Sx,25,16.45641598653753,standard_3d_pharmacophore,aligned,decoy
ZINCf5000000SKrI,26,16.42486045939156,standard_3d_pharmacophore,aligned,decoy
ZINCf5000002mCfu,27,16.40789522516737,standard_3d_pharmacophore,aligned,decoy
ZINCf500000187N5,28,16.377094170894534,standard_3d_pharmacophore,aligned,decoy
ZINCf50000017Fd1,29,16.376866961878942,standard_3d_pharmacophore,aligned,decoy
ZINCf500000091Nd,30,16.37030672214687,standard_3d_pharmacophore,aligned,decoy
ZINCf5000000afYF,31,16.350048436369296,standard_3d_pharmacophore,aligned,decoy
ZINCf5000002mHDq,32,16.2825153234103,standard_3d_pharmacophore,aligned,decoy
CHEMBL3407579,33,16.280855082268513,standard_3d_pharmacophore,aligned,active
ZINCf50000009MUh,34,16.265765949393497,standard_3d_pharmacophore,aligned,decoy
ZINCf5000000Zru3,35,16.259245957850343,standard_3d_pharmacophore,aligned,decoy
ZINCf50000018cs2,36,16.237271697631897,standard_3d_pharmacophore,aligned,decoy
ZINCf500000183nO,37,16.23324957267585,standard_3d_pharmacophore,aligned,decoy
ZINCf5000002aJMa,38,16.231980464511494,standard_3d_pharmacophore,aligned,decoy
ZINCf500000098B7,39,16.230724153319123,standard_3d_pharmacophore,aligned,decoy
ZINCf50000022eWr,40,16.227289876373884,standard_3d_pharmacophore,aligned,decoy
ZINCf50000008Gu8,41,16.22510477634498,standard_3d_pharmacophore,aligned,decoy
ZINCf50000009JeR,42,16.220237775839546,standard_3d_pharmacophore,aligned,decoy
ZINCf50000017Bnz,43,16.213559714139404,standard_3d_pharmacophore,aligned,decoy
ZINCf5000000Zt1C,44,16.195843037275687,standard_3d_pharmacophore,aligned,decoy
ZINCf5000002rMLF,45,16.194227974488612,standard_3d_pharmacophore,aligned,decoy
ZINCf50000009ZfR,46,16.192069348892076,standard_3d_pharmacophore,aligned,decoy
ZINCf5000002s5cv,47,16.182406100180682,standard_3d_pharmacophore,aligned,decoy
ZINCf5000001V3uo,48,16.179423519799307,standard_3d_pharmacophore,aligned,decoy
ZINCf500000090LO,49,16.1641741542379,standard_3d_pharmacophore,aligned,decoy
ZINCf5000000SKx4,50,16.122033561908022,standard_3d_pharmacophore,aligned,decoy
ZINCf50000009Aos,51,16.083815322178484,standard_3d_pharmacophore,aligned,decoy
ZINCf500000091q6,52,16.079604083635854,standard_3d_pharmacophore,aligned,decoy
ZINCf5000000agGq,53,16.05792324613925,standard_3d_pharmacophore,aligned,decoy
ZINCf5000000Ztou,54,16.040336379298413,standard_3d_pharmacophore,aligned,decoy
ZINCf500000090y4,55,16.026955628004476,standard_3d_pharmacophore,aligned,decoy
ZINCf5000000S7uB,56,16.019024374793755,standard_3d_pharmacophore,aligned,decoy
ZINCf5000000ZtEi,57,16.014814859278342,standard_3d_pharmacophore,aligned,decoy
ZINCf50000009qFB,58,16.009577959010826,standard_3d_pharmacophore,aligned,decoy
ZINCf5000000ZtoQ,59,16.006053023442966,standard_3d_pharmacophore,aligned,decoy
ZINCf5000000af3d,60,15.990007501979875,standard_3d_pharmacophore,aligned,decoy
ZINCf5000000a9iH,61,15.979668868551594,standard_3d_pharmacophore,aligned,decoy
ZINCf5000001XfWA,62,15.976095293167345,standard_3d_pharmacophore,aligned,decoy
ZINCf5000002rLkD,63,15.975756443745682,standard_3d_pharmacophore,aligned,decoy
ZINCf5000002egKd,64,15.973071999646887,standard_3d_pharmacophore,aligned,decoy
ZINCf5000000Vn7h,65,15.966521872439461,standard_3d_pharmacophore,aligned,decoy
ZINCf50000017L7N,66,15.962815484952436,standard_3d_pharmacophore,aligned,decoy
ZINCf5000000SOr8,67,15.960839731240904,standard_3d_pharmacophore,aligned,decoy
ZINCf500000097HU,68,15.95813678673696,standard_3d_pharmacophore,aligned,decoy
ZINCf50000017LMW,69,15.9423712197215,standard_3d_pharmacophore,aligned,decoy
ZINCf5000000VlQK,70,15.93131109982216,standard_3d_pharmacophore,aligned,decoy
ZINCf50000017WSx,71,15.927377116396936,standard_3d_pharmacophore,aligned,decoy
ZINCf50000017zuz,72,15.923113151289058,standard_3d_pharmacophore,aligned,decoy
ZINCf5000000VkZS,73,15.906485031953629,standard_3d_pharmacophore,aligned,decoy
ZINCf50000024U4c,74,15.885736338186787,standard_3d_pharmacophore,aligned,decoy
ZINCf5000002dT2A,75,15.88564165180518,standard_3d_pharmacophore,aligned,decoy
ZINCf5000000aguu,76,15.879804590090373,standard_3d_pharmacophore,aligned,decoy
ZINCf5000000ZqV6,77,15.879076095828976,standard_3d_pharmacophore,aligned,decoy
CHEMBL6006846,78,15.873661515817252,standard_3d_pharmacophore,aligned,active
ZINCf5000000ZtGB,79,15.872668514275937,standard_3d_pharmacophore,aligned,decoy
ZINCf50000008FIr,80,15.866365184064266,standard_3d_pharmacophore,aligned,decoy
ZINCf50000009yQr,81,15.862777372323482,standard_3d_pharmacophore,aligned,decoy
ZINCf50000017X2G,82,15.86015447299894,standard_3d_pharmacophore,aligned,decoy
ZINCf5000002enFI,83,15.846890343439505,standard_3d_pharmacophore,aligned,decoy
ZINCf5000000SNrm,84,15.834816033670995,standard_3d_pharmacophore,aligned,decoy
ZINCf5000000Zru5,85,15.831214437750564,standard_3d_pharmacophore,aligned,decoy
ZINCf500000091ue,86,15.828371769967909,standard_3d_pharmacophore,aligned,decoy
ZINCf5000000axqQ,87,15.823334464885882,standard_3d_pharmacophore,aligned,decoy
ZINCf50000018bL0,88,15.82119601026976,standard_3d_pharmacophore,aligned,decoy
ZINCf5000000ZtRN,89,15.815972808009718,standard_3d_pharmacophore,aligned,decoy
ZINCf5000000VZfJ,90,15.788746078340862,standard_3d_pharmacophore,aligned,decoy
ZINCf5000000a5xo,91,15.787693140003539,standard_3d_pharmacophore,aligned,decoy
ZINCf5000001WZot,92,15.786950739200613,standard_3d_pharmacophore,aligned,decoy
ZINCf5000000apcH,93,15.783222308840575,standard_3d_pharmacophore,aligned,decoy
ZINCf5000002e2dg,94,15.775132730231622,standard_3d_pharmacophore,aligned,decoy
ZINCf5000002rKN8,95,15.768215569538738,standard_3d_pharmacophore,aligned,decoy
ZINCf50000017ye4,96,15.760812584016055,standard_3d_pharmacophore,aligned,decoy
ZINCf500000182CG,97,15.754121723857176,standard_3d_pharmacophore,aligned,decoy
ZINCf50000009u7k,98,15.724492227657226,standard_3d_pharmacophore,aligned,decoy
ZINCf5000002oABR,99,15.720824461604012,standard_3d_pharmacophore,aligned,decoy
ZINCf50000009eWj,100,15.710327363424849,standard_3d_pharmacophore,aligned,decoy
ZINCf5000000af3g,101,15.706384607764376,standard_3d_pharmacophore,aligned,decoy
ZINCf50000018bKd,102,15.699958472270666,standard_3d_pharmacophore,aligned,decoy
ZINCf50000008Ocf,103,15.691116599514853,standard_3d_pharmacophore,aligned,decoy
ZINCf5000001BK1A,104,15.686529213620918,standard_3d_pharmacophore,aligned,decoy
ZINCf5000002sbOB,105,15.684838218691032,standard_3d_pharmacophore,aligned,decoy
ZINCf50000028kMc,106,15.684444008225956,standard_3d_pharmacophore,aligned,decoy
ZINCf50000017yyw,107,15.674827214684644,standard_3d_pharmacophore,aligned,decoy
ZINCf50000009MFI,108,15.673047603323393,standard_3d_pharmacophore,aligned,decoy
ZINCf5000002duCG,109,15.670000715245049,standard_3d_pharmacophore,aligned,decoy
ZINCf50000008UKF,110,15.658156245114203,standard_3d_pharmacophore,aligned,decoy
ZINCf50000009KnW,111,15.647770961525518,standard_3d_pharmacophore,aligned,decoy
ZINCf5000002s5cu,112,15.642706437865229,standard_3d_pharmacophore,aligned,decoy
ZINCf5000002sjyD,113,15.63811817376709,standard_3d_pharmacophore,aligned,decoy
CHEMBL3819071,114,15.635038549413865,standard_3d_pharmacophore,aligned,active
ZINCf5000002dmq0,115,15.633183746951213,standard_3d_pharmacophore,aligned,decoy
ZINCf5000002ry71,116,15.612352852869224,standard_3d_pharmacophore,aligned,decoy
ZINCf50000009G6I,117,15.607803040927713,standard_3d_pharmacophore,aligned,decoy
ZINCf5000000ai5I,118,15.600857463611025,standard_3d_pharmacophore,aligned,decoy
ZINCf50000009uIM,119,15.592699236377117,standard_3d_pharmacophore,aligned,decoy
ZINCf5000000ZsP2,120,15.592042391295882,standard_3d_pharmacophore,aligned,decoy
ZINCf5000002rNZ3,121,15.590560526534919,standard_3d_pharmacophore,aligned,decoy
ZINCf50000017AV1,122,15.582955417393412,standard_3d_pharmacophore,aligned,decoy
ZINCf5000002dVj4,123,15.580132804785945,standard_3d_pharmacophore,aligned,decoy
ZINCf50000017LMX,124,15.579903929095387,standard_3d_pharmacophore,aligned,decoy
ZINCf5000002enFp,125,15.577929276259862,standard_3d_pharmacophore,aligned,decoy
CHEMBL6024824,126,15.566258331816336,standard_3d_pharmacophore,aligned,active
ZINCf5000002rb06,127,15.562238541052825,standard_3d_pharmacophore,aligned,decoy
ZINCf5000000a92W,128,15.562094318749507,standard_3d_pharmacophore,aligned,decoy
ZINCf5000000amZV,129,15.560928471393,standard_3d_pharmacophore,aligned,decoy
ZINCf50000009TKh,130,15.560712463981679,standard_3d_pharmacophore,aligned,decoy
ZINCf5000002qU7b,131,15.552797429884759,standard_3d_pharmacophore,aligned,decoy
ZINCf5000000Vnkh,132,15.552567010747888,standard_3d_pharmacophore,aligned,decoy
ZINCf5000001XGaU,133,15.543802809779663,standard_3d_pharmacophore,aligned,decoy
ZINCf50000017ZBT,134,15.528391209932272,standard_3d_pharmacophore,aligned,decoy
ZINCf5000000WzOZ,135,15.52174519584224,standard_3d_pharmacophore,aligned,decoy
ZINCf50000009sGG,136,15.518962774004603,standard_3d_pharmacophore,aligned,decoy
ZINCf5000002rLkE,137,15.513829019366572,standard_3d_pharmacophore,aligned,decoy
ZINCf5000000939z,138,15.507671782180813,standard_3d_pharmacophore,aligned,decoy
ZINCf50000017BnT,139,15.496805036445975,standard_3d_pharmacophore,aligned,decoy
ZINCf50000017Phe,140,15.494159248886739,standard_3d_pharmacophore,aligned,decoy
CHEMBL5921912,141,15.484367187028907,standard_3d_pharmacophore,aligned,active
ZINCf5000001orCY,142,15.482466271152658,standard_3d_pharmacophore,aligned,decoy
ZINCf50000017z4n,143,15.463009617857038,standard_3d_pharmacophore,aligned,decoy
ZINCf5000000a9iG,144,15.457608189312351,standard_3d_pharmacophore,aligned,decoy
ZINCf5000002rF5w,145,15.441784764447576,standard_3d_pharmacophore,aligned,decoy
ZINCf5000000ZsV5,146,15.441222711498487,standard_3d_pharmacophore,aligned,decoy
ZINCf500000090KH,147,15.438055669270609,standard_3d_pharmacophore,aligned,decoy
ZINCf50000009nAl,148,15.429987868788267,standard_3d_pharmacophore,aligned,decoy
ZINCf50000017Hff,149,15.418632002854617,standard_3d_pharmacophore,aligned,decoy
ZINCf50000017Owq,150,15.41656647929553,standard_3d_pharmacophore,aligned,decoy
ZINCf5000001Rg6X,151,15.413708490546206,standard_3d_pharmacophore,aligned,decoy
ZINCf5000000VlSp,152,15.406396465336254,standard_3d_pharmacophore,aligned,decoy
ZINCf500000094nS,153,15.402524146778191,standard_3d_pharmacophore,aligned,decoy
ZINCf500000188Pq,154,15.400731104434843,standard_3d_pharmacophore,aligned,decoy
ZINCf50000009mxO,155,15.400351170502837,standard_3d_pharmacophore,aligned,decoy
ZINCf50000017VL8,156,15.394766062908369,standard_3d_pharmacophore,aligned,decoy
ZINCf50000009K3m,157,15.393361267516767,standard_3d_pharmacophore,aligned,decoy
ZINCf5000000SOkk,158,15.391843114017368,standard_3d_pharmacophore,aligned,decoy
ZINCf5000002aW6B,159,15.388285053874425,standard_3d_pharmacophore,aligned,decoy
ZINCf5000000ZsV9,160,15.38827898262864,standard_3d_pharmacophore,aligned,decoy
CHEMBL5854116,161,15.382985428151999,standard_3d_pharmacophore,aligned,active
ZINCf5000000aloK,162,15.380092324915756,standard_3d_pharmacophore,aligned,decoy
ZINCf5000000Ztj4,163,15.377281892498916,standard_3d_pharmacophore,aligned,decoy
ZINCf5000002mEGz,164,15.376282223682708,standard_3d_pharmacophore,aligned,decoy
ZINCf5000002r56C,165,15.372895242917604,standard_3d_pharmacophore,aligned,decoy
ZINCf5000002sc2G,166,15.365122533325401,standard_3d_pharmacophore,aligned,decoy
ZINCf50000008Tgh,167,15.357164152861564,standard_3d_pharmacophore,aligned,decoy
ZINCf5000000Zt9N,168,15.346163545634923,standard_3d_pharmacophore,aligned,decoy
ZINCf50000025GN0,169,15.343821450312104,standard_3d_pharmacophore,aligned,decoy
ZINCf5000000ZxN4,170,15.342630974269758,standard_3d_pharmacophore,aligned,decoy
CHEMBL4102803,171,15.3347619915564,standard_3d_pharmacophore,aligned,active
ZINCf5000000agon,172,15.331238483099426,standard_3d_pharmacophore,aligned,decoy
ZINCf50000024dVA,173,15.331075027090163,standard_3d_pharmacophore,aligned,decoy
ZINCf5000001PaQY,174,15.329506850243986,standard_3d_pharmacophore,aligned,decoy
ZINCf500000091HZ,175,15.327972820775114,standard_3d_pharmacophore,aligned,decoy
ZINCf5000000a163,176,15.32543799761975,standard_3d_pharmacophore,aligned,decoy
ZINCf5000000alo6,177,15.320983658802117,standard_3d_pharmacophore,aligned,decoy
CHEMBL5883242,178,15.320798230660516,standard_3d_pharmacophore,aligned,active
ZINCf5000002dEgS,179,15.309790293832068,standard_3d_pharmacophore,aligned,decoy
ZINCf50000017P86,180,15.308294015525583,standard_3d_pharmacophore,aligned,decoy
ZINCf50000009yuU,181,15.308100966810159,standard_3d_pharmacophore,aligned,decoy
ZINCf5000000a94X,182,15.295533919349978,standard_3d_pharmacophore,aligned,decoy
ZINCf50000009qVo,183,15.281359561209332,standard_3d_pharmacophore,aligned,decoy
ZINCf50000009wfD,184,15.278388068145764,standard_3d_pharmacophore,aligned,decoy
ZINCf5000000atDK,185,15.276862432013127,standard_3d_pharmacophore,aligned,decoy
ZINCf5000001QntH,186,15.27020123278676,standard_3d_pharmacophore,aligned,decoy
ZINCf5000001A55Y,187,15.264964447783921,standard_3d_pharmacophore,aligned,decoy
ZINCf50000027pLc,188,15.254852892933581,standard_3d_pharmacophore,aligned,decoy
ZINCf5000002aW7f,189,15.24625033235098,standard_3d_pharmacophore,aligned,decoy
ZINCf500000260cr,190,15.23680536372778,standard_3d_pharmacophore,aligned,decoy
ZINCf50000009bg5,191,15.23022454009156,standard_3d_pharmacophore,aligned,decoy
ZINCf50000024hVQ,192,15.228629225194654,standard_3d_pharmacophore,aligned,decoy
ZINCf5000000akfl,193,15.224457484103716,standard_3d_pharmacophore,aligned,decoy
ZINCf50000008E2h,194,15.224274710678145,standard_3d_pharmacophore,aligned,decoy
ZINCf50000009yJu,195,15.222100966868735,standard_3d_pharmacophore,aligned,decoy
ZINCf5000002e3ph,196,15.218695523670547,standard_3d_pharmacophore,aligned,decoy
ZINCf50000009weJ,197,15.214984633990584,standard_3d_pharmacophore,aligned,decoy
ZINCf50000009FOX,198,15.21394702097578,standard_3d_pharmacophore,aligned,decoy
ZINCf50000009K4S,199,15.213337933372536,standard_3d_pharmacophore,aligned,decoy
ZINCf5000000a0RG,200,15.213032849383747,standard_3d_pharmacophore,aligned,decoy
ZINCf5000001U9Co,201,15.20999338889549,standard_3d_pharmacophore,aligned,decoy
ZINCf5000002aW76,202,15.208921206435587,standard_3d_pharmacophore,aligned,decoy
ZINCf5000000SOrb,203,15.20410656705461,standard_3d_pharmacophore,aligned,decoy
ZINCf5000000a0Rw,204,15.1992531647199,standard_3d_pharmacophore,aligned,decoy
ZINCf5000002e4kT,205,15.195985510878698,standard_3d_pharmacophore,aligned,decoy
ZINCf50000009FGf,206,15.192246114555319,standard_3d_pharmacophore,aligned,decoy
ZINCf5000000VZ9b,207,15.190163912449373,standard_3d_pharmacophore,aligned,decoy
ZINCf50000017Zr1,208,15.181361883575931,standard_3d_pharmacophore,aligned,decoy
ZINCf50000009I46,209,15.172071612682496,standard_3d_pharmacophore,aligned,decoy
ZINCf500000093bo,210,15.159573777219583,standard_3d_pharmacophore,aligned,decoy
ZINCf50000008L6Q,211,15.159443892109632,standard_3d_pharmacophore,aligned,decoy
CHEMBL6024197,212,15.156825337892501,standard_3d_pharmacophore,aligned,active
ZINCf5000000VmCZ,213,15.153441111707622,standard_3d_pharmacophore,aligned,decoy
ZINCf5000002aRDK,214,15.152429213690942,standard_3d_pharmacophore,aligned,decoy
CHEMBL3687241,215,15.15185533877056,standard_3d_pharmacophore,aligned,active
ZINCf50000017VUq,216,15.14610248594716,standard_3d_pharmacophore,aligned,decoy
ZINCf5000002s0Ez,217,15.144452612893641,standard_3d_pharmacophore,aligned,decoy
ZINCf5000000VmgN,218,15.135737619973932,standard_3d_pharmacophore,aligned,decoy
ZINCf5000002aQAC,219,15.112473948166594,standard_3d_pharmacophore,aligned,decoy
ZINCf50000017FPz,220,15.105711573882981,standard_3d_pharmacophore,aligned,decoy
ZINCf50000028CXX,221,15.102812568119552,standard_3d_pharmacophore,aligned,decoy
ZINCf50000017zmw,222,15.101101873252865,standard_3d_pharmacophore,aligned,decoy
ZINCf5000002s51J,223,15.099633808680332,standard_3d_pharmacophore,aligned,decoy
ZINCf5000001SQz0,224,15.091797522214089,standard_3d_pharmacophore,aligned,decoy
ZINCf50000009VEy,225,15.090662416791638,standard_3d_pharmacophore,aligned,decoy
ZINCf50000017Bo0,226,15.076048126272642,standard_3d_pharmacophore,aligned,decoy
ZINCf50000017Jcy,227,15.069784917002913,standard_3d_pharmacophore,aligned,decoy
ZINCf5000002ebLt,228,15.068495839595116,standard_3d_pharmacophore,aligned,decoy
ZINCf5000001Hd6c,229,15.065534741285173,standard_3d_pharmacophore,aligned,decoy
ZINCf5000002oGxA,230,15.057280988942114,standard_3d_pharmacophore,aligned,decoy
ZINCf50000024N07,231,15.057040037082755,standard_3d_pharmacophore,aligned,decoy
ZINCf5000002aTEW,232,15.053859752139832,standard_3d_pharmacophore,aligned,decoy
ZINCf50000009uLA,233,15.04427857423476,standard_3d_pharmacophore,aligned,decoy
ZINCf5000002ecSw,234,15.04233052741561,standard_3d_pharmacophore,aligned,decoy
ZINCf50000009wB0,235,15.041838617821073,standard_3d_pharmacophore,aligned,decoy
ZINCf5000000Zy3p,236,15.04127753778987,standard_3d_pharmacophore,aligned,decoy
ZINCf5000002aUmK,237,15.040757116154126,standard_3d_pharmacophore,aligned,decoy
ZINCf5000002efUo,238,15.035706161222183,standard_3d_pharmacophore,aligned,decoy
ZINCf5000001DnRW,239,15.03549338677456,standard_3d_pharmacophore,aligned,decoy
ZINCf5000002rLMQ,240,15.030888442810555,standard_3d_pharmacophore,aligned,decoy
ZINCf500000298Jo,241,15.015208220057731,standard_3d_pharmacophore,aligned,decoy
ZINCf5000000aqEj,242,15.013210940784209,standard_3d_pharmacophore,aligned,decoy
ZINCf5000001qM4w,243,15.010996099121083,standard_3d_pharmacophore,aligned,decoy
CHEMBL5876084,244,15.010588018191271,standard_3d_pharmacophore,aligned,active
ZINCf5000000avYt,245,15.006011003620339,standard_3d_pharmacophore,aligned,decoy
ZINCf50000009eup,246,15.001264576447054,standard_3d_pharmacophore,aligned,decoy
ZINCf5000001s4un,247,15.000684271783534,standard_3d_pharmacophore,aligned,decoy
ZINCf500000091Cg,248,15.00037038608864,standard_3d_pharmacophore,aligned,decoy
ZINCf5000000YaWV,249,14.999415083093446,standard_3d_pharmacophore,aligned,decoy
ZINCf5000002dHic,250,14.991806206478609,standard_3d_pharmacophore,aligned,decoy
ZINCf50000009K4b,251,14.98662098537746,standard_3d_pharmacophore,aligned,decoy
ZINCf50000009xOi,252,14.98585900482454,standard_3d_pharmacophore,aligned,decoy
ZINCf50000008VE1,253,14.984471408277624,standard_3d_pharmacophore,aligned,decoy
ZINCf50000017KXM,254,14.983215736204366,standard_3d_pharmacophore,aligned,decoy
ZINCf5000002eaNP,255,14.983031034437936,standard_3d_pharmacophore,aligned,decoy
CHEMBL5879668,256,14.981348447392424,standard_3d_pharmacophore,aligned,active
ZINCf50000017ZqT,257,14.974825250251003,standard_3d_pharmacophore,aligned,decoy
ZINCf5000002e06r,258,14.974726959559844,standard_3d_pharmacophore,aligned,decoy
ZINCf5000001MqF9,259,14.971542764962184,standard_3d_pharmacophore,aligned,decoy
ZINCf5000002eg50,260,14.971078257378968,standard_3d_pharmacophore,aligned,decoy
ZINCf50000017A2s,261,14.969988653779174,standard_3d_pharmacophore,aligned,decoy
ZINCf500000092xa,262,14.967514105234988,standard_3d_pharmacophore,aligned,decoy
CHEMBL514709,263,14.943929469340299,standard_3d_pharmacophore,aligned,active
ZINCf5000002oG6t,264,14.94082473874185,standard_3d_pharmacophore,aligned,decoy
ZINCf50000009zqC,265,14.93690885980483,standard_3d_pharmacophore,aligned,decoy
ZINCf5000000Ztii,266,14.932868685589636,standard_3d_pharmacophore,aligned,decoy
ZINCf5000002rkHG,267,14.929487851255258,standard_3d_pharmacophore,aligned,decoy
ZINCf5000001vGLk,268,14.92091368345037,standard_3d_pharmacophore,aligned,decoy
ZINCf5000002dEDM,269,14.918742439464227,standard_3d_pharmacophore,aligned,decoy
ZINCf5000000927o,270,14.915302732825733,standard_3d_pharmacophore,aligned,decoy
ZINCf5000002ru4a,271,14.914401636436263,standard_3d_pharmacophore,aligned,decoy
ZINCf5000002ecMi,272,14.913441254979409,standard_3d_pharmacophore,aligned,decoy
ZINCf5000001876q,273,14.907358471894915,standard_3d_pharmacophore,aligned,decoy
ZINCf50000009p8N,274,14.902965337173141,standard_3d_pharmacophore,aligned,decoy
ZINCf5000000Ybyz,275,14.900715053286394,standard_3d_pharmacophore,aligned,decoy
ZINCf5000000alol,276,14.897453331675766,standard_3d_pharmacophore,aligned,decoy
ZINCf50000009VF9,277,14.8957095738932,standard_3d_pharmacophore,aligned,decoy
ZINCf5000000a5Ck,278,14.893483539694785,standard_3d_pharmacophore,aligned,decoy
CHEMBL4114636,279,14.888199467990807,standard_3d_pharmacophore,aligned,active
ZINCf50000027fjf,280,14.877629200214258,standard_3d_pharmacophore,aligned,decoy
ZINCf50000025zh4,281,14.876981773636498,standard_3d_pharmacophore,aligned,decoy
ZINCf5000000aloJ,282,14.874336993747193,standard_3d_pharmacophore,aligned,decoy
ZINCf5000000ZyYU,283,14.872621115516178,standard_3d_pharmacophore,aligned,decoy
ZINCf5000002myLr,284,14.867142961590773,standard_3d_pharmacophore,aligned,decoy
ZINCf50000009O4f,285,14.86545465943915,standard_3d_pharmacophore,aligned,decoy
ZINCf5000000S4lH,286,14.854776285114628,standard_3d_pharmacophore,aligned,decoy
ZINCf50000017BnG,287,14.85122295048506,standard_3d_pharmacophore,aligned,decoy
ZINCf500000090KI,288,14.850513042614331,standard_3d_pharmacophore,aligned,decoy
ZINCf5000000atlx,289,14.850457047357084,standard_3d_pharmacophore,aligned,decoy
ZINCf5000002qWbx,290,14.844507662006823,standard_3d_pharmacophore,aligned,decoy
ZINCf50000009un8,291,14.835229688935229,standard_3d_pharmacophore,aligned,decoy
ZINCf5000000ZrnR,292,14.82338419185632,standard_3d_pharmacophore,aligned,decoy
ZINCf50000009B9R,293,14.820518806442955,standard_3d_pharmacophore,aligned,decoy
ZINCf5000002egdk,294,14.818608387861802,standard_3d_pharmacophore,aligned,decoy
ZINCf5000002rGk8,295,14.813710341429339,standard_3d_pharmacophore,aligned,decoy
ZINCf5000002aURX,296,14.810061976773246,standard_3d_pharmacophore,aligned,decoy
ZINCf50000009afF,297,14.808899377040557,standard_3d_pharmacophore,aligned,decoy
ZINCf5000001VXXG,298,14.806900489641176,standard_3d_pharmacophore,aligned,decoy
ZINCf5000001ERk8,299,14.806330133525234,standard_3d_pharmacophore,aligned,decoy
ZINCf5000001BftP,300,14.800145777878663,standard_3d_pharmacophore,aligned,decoy
ZINCf50000027RNd,301,14.793485983518421,standard_3d_pharmacophore,aligned,decoy
ZINCf5000000YaRg,302,14.789803805020519,standard_3d_pharmacophore,aligned,decoy
ZINCf5000002oHw2,303,14.786837802905614,standard_3d_pharmacophore,aligned,decoy
ZINCf5000000WBlq,304,14.782077183067058,standard_3d_pharmacophore,aligned,decoy
ZINCf5000002s5p1,305,14.780780171219543,standard_3d_pharmacophore,aligned,decoy
ZINCf5000000VZpa,306,14.780061140469247,standard_3d_pharmacophore,aligned,decoy
ZINCf5000002rP2g,307,14.77826571260214,standard_3d_pharmacophore,aligned,decoy
ZINCf5000000axpl,308,14.77538983785162,standard_3d_pharmacophore,aligned,decoy
ZINCf5000000SOA1,309,14.771945589614582,standard_3d_pharmacophore,aligned,decoy
ZINCf50000009KVT,310,14.771201681300136,standard_3d_pharmacophore,aligned,decoy
ZINCf50000008VAe,311,14.769963136381328,standard_3d_pharmacophore,aligned,decoy
ZINCf5000002ruE6,312,14.769005486666448,standard_3d_pharmacophore,aligned,decoy
ZINCf5000002ryaO,313,14.76523606391956,standard_3d_pharmacophore,aligned,decoy
ZINCf5000002aSP9,314,14.76443916982571,standard_3d_pharmacophore,aligned,decoy
ZINCf5000002oI03,315,14.763881918125458,standard_3d_pharmacophore,aligned,decoy
ZINCf50000008THG,316,14.762295804038908,standard_3d_pharmacophore,aligned,decoy
ZINCf50000009yzK,317,14.758834837008127,standard_3d_pharmacophore,aligned,decoy
ZINCf5000000Vl9P,318,14.75696248729967,standard_3d_pharmacophore,aligned,decoy
ZINCf50000009ulF,319,14.75583435033951,standard_3d_pharmacophore,aligned,decoy
ZINCf5000000ZtGG,320,14.753575385545968,standard_3d_pharmacophore,aligned,decoy
ZINCf50000008PiK,321,14.752379736483467,standard_3d_pharmacophore,aligned,decoy
ZINCf50000027Yux,322,14.741739569481217,standard_3d_pharmacophore,aligned,decoy
ZINCf5000000VlUp,323,14.740313985229147,standard_3d_pharmacophore,aligned,decoy
ZINCf5000000acRP,324,14.738600008178226,standard_3d_pharmacophore,aligned,decoy
ZINCf50000017o8A,325,14.734957515816907,standard_3d_pharmacophore,aligned,decoy
ZINCf5000001oTeG,326,14.733941563549683,standard_3d_pharmacophore,aligned,decoy
ZINCf5000002sjtf,327,14.731575754927748,standard_3d_pharmacophore,aligned,decoy
ZINCf5000000Zz1e,328,14.728018154026289,standard_3d_pharmacophore,aligned,decoy
ZINCf5000002aW75,329,14.726761541627942,standard_3d_pharmacophore,aligned,decoy
ZINCf5000003631Z,330,14.726443813871258,standard_3d_pharmacophore,aligned,decoy
CHEMBL5877121,331,14.723047202660029,standard_3d_pharmacophore,aligned,active
ZINCf5000000VZmM,332,14.718271853890748,standard_3d_pharmacophore,aligned,decoy
ZINCf50000009NVQ,333,14.716593703193421,standard_3d_pharmacophore,aligned,decoy
CHEMBL6064615,334,14.714683346583438,standard_3d_pharmacophore,aligned,active
ZINCf50000009Cip,335,14.70773244941675,standard_3d_pharmacophore,aligned,decoy
ZINCf50000009w1n,336,14.703453569447403,standard_3d_pharmacophore,aligned,decoy
ZINCf5000000VlVJ,337,14.702903815582443,standard_3d_pharmacophore,aligned,decoy
ZINCf5000002s99B,338,14.699628508418675,standard_3d_pharmacophore,aligned,decoy
CHEMBL5811937,339,14.696905592280023,standard_3d_pharmacophore,aligned,active
ZINCf5000000ahsC,340,14.692916799109112,standard_3d_pharmacophore,aligned,decoy
ZINCf5000002qVHP,341,14.687440362969989,standard_3d_pharmacophore,aligned,decoy
ZINCf50000008SJO,342,14.677728694399717,standard_3d_pharmacophore,aligned,decoy
ZINCf50000009nI5,343,14.67632017702661,standard_3d_pharmacophore,aligned,decoy
ZINCf5000000VZiG,344,14.675662746751398,standard_3d_pharmacophore,aligned,decoy
CHEMBL5849977,345,14.675516870230037,standard_3d_pharmacophore,aligned,active
ZINCf5000002ecKi,346,14.675379420918944,standard_3d_pharmacophore,aligned,decoy
ZINCf5000000SKPV,347,14.67387151378055,standard_3d_pharmacophore,aligned,decoy
ZINCf5000001XBcj,348,14.671952643919,standard_3d_pharmacophore,aligned,decoy
ZINCf5000002aSjQ,349,14.668596876513536,standard_3d_pharmacophore,aligned,decoy
ZINCf50000017FI5,350,14.665668559790163,standard_3d_pharmacophore,aligned,decoy
ZINCf5000000aqQc,351,14.658845990214607,standard_3d_pharmacophore,aligned,decoy
ZINCf5000000WAJX,352,14.65234107805722,standard_3d_pharmacophore,aligned,decoy
ZINCf50000017Pd0,353,14.651525458573005,standard_3d_pharmacophore,aligned,decoy
ZINCf5000001osMH,354,14.651252501856797,standard_3d_pharmacophore,aligned,decoy
ZINCf5000002dHEe,355,14.631610110471302,standard_3d_pharmacophore,aligned,decoy
ZINCf50000027kAm,356,14.628117226771936,standard_3d_pharmacophore,aligned,decoy
ZINCf500000095zR,357,14.628100673612177,standard_3d_pharmacophore,aligned,decoy
ZINCf5000002myLk,358,14.627819397971084,standard_3d_pharmacophore,aligned,decoy
ZINCf5000002s6YJ,359,14.62543929938098,standard_3d_pharmacophore,aligned,decoy
ZINCf500000181o6,360,14.624716547892099,standard_3d_pharmacophore,aligned,decoy
ZINCf50000029mTS,361,14.617695599371753,standard_3d_pharmacophore,aligned,decoy
ZINCf50000009FO4,362,14.604155584162928,standard_3d_pharmacophore,aligned,decoy
ZINCf50000017ZrY,363,14.601514344357815,standard_3d_pharmacophore,aligned,decoy
ZINCf50000017JyP,364,14.601216345367217,standard_3d_pharmacophore,aligned,decoy
ZINCf5000002qPRB,365,14.60111045685934,standard_3d_pharmacophore,aligned,decoy
ZINCf50000009WqI,366,14.599581385564836,standard_3d_pharmacophore,aligned,decoy
ZINCf5000000abXE,367,14.59774004604073,standard_3d_pharmacophore,aligned,decoy
ZINCf50000009nzl,368,14.597240994870488,standard_3d_pharmacophore,aligned,decoy
ZINCf5000000alkc,369,14.593054452116347,standard_3d_pharmacophore,aligned,decoy
ZINCf50000009AET,370,14.590540940286916,standard_3d_pharmacophore,aligned,decoy
ZINCf5000001A1LB,371,14.575686717219854,standard_3d_pharmacophore,aligned,decoy
ZINCf5000002oFaH,372,14.575447301060876,standard_3d_pharmacophore,aligned,decoy
ZINCf50000024pNc,373,14.571123213501089,standard_3d_pharmacophore,aligned,decoy
ZINCf50000009FBj,374,14.56899616786906,standard_3d_pharmacophore,aligned,decoy
ZINCf5000000Ztox,375,14.566928048460474,standard_3d_pharmacophore,aligned,decoy
ZINCf50000017OIu,376,14.566398951972774,standard_3d_pharmacophore,aligned,decoy
ZINCf5000000949X,377,14.565999161828262,standard_3d_pharmacophore,aligned,decoy
ZINCf5000000azGJ,378,14.564004642817222,standard_3d_pharmacophore,aligned,decoy
ZINCf5000002enFW,379,14.555303339061366,standard_3d_pharmacophore,aligned,decoy
ZINCf5000000adLv,380,14.554924732344421,standard_3d_pharmacophore,aligned,decoy
ZINCf5000000ZtNy,381,14.551494276516067,standard_3d_pharmacophore,aligned,decoy
ZINCf5000002aWse,382,14.55032039633016,standard_3d_pharmacophore,aligned,decoy
ZINCf5000002oGS6,383,14.546918230254708,standard_3d_pharmacophore,aligned,decoy
ZINCf5000002dU4k,384,14.546498518206807,standard_3d_pharmacophore,aligned,decoy
ZINCf5000000WBKn,385,14.543442563373908,standard_3d_pharmacophore,aligned,decoy
ZINCf5000002s5no,386,14.541802817241527,standard_3d_pharmacophore,aligned,decoy
ZINCf500000091sp,387,14.52061576786717,standard_3d_pharmacophore,aligned,decoy
ZINCf50000009ujW,388,14.517862541028551,standard_3d_pharmacophore,aligned,decoy
ZINCf5000002qsk9,389,14.51643132156803,standard_3d_pharmacophore,aligned,decoy
ZINCf5000000almi,390,14.514627773841001,standard_3d_pharmacophore,aligned,decoy
ZINCf50000025mCr,391,14.51375849742815,standard_3d_pharmacophore,aligned,decoy
ZINCf5000000Zxnj,392,14.512260804751818,standard_3d_pharmacophore,aligned,decoy
ZINCf50000029RbS,393,14.50849116835704,standard_3d_pharmacophore,aligned,decoy
ZINCf50000009E9s,394,14.505095756471114,standard_3d_pharmacophore,aligned,decoy
ZINCf50000017xTX,395,14.503178321433898,standard_3d_pharmacophore,aligned,decoy
ZINCf50000026l8j,396,14.502853820986614,standard_3d_pharmacophore,aligned,decoy
ZINCf50000009VEz,397,14.5018659037386,standard_3d_pharmacophore,aligned,decoy
ZINCf5000000agpY,398,14.49557801621582,standard_3d_pharmacophore,aligned,decoy
ZINCf5000002rGY7,399,14.495131778324934,standard_3d_pharmacophore,aligned,decoy
ZINCf50000009wAP,400,14.490024971055337,standard_3d_pharmacophore,aligned,decoy
ZINCf5000000S74l,401,14.48575835141133,standard_3d_pharmacophore,aligned,decoy
ZINCf5000001OZGu,402,14.48383775069911,standard_3d_pharmacophore,aligned,decoy
ZINCf50000009xJW,403,14.48062692754842,standard_3d_pharmacophore,aligned,decoy
ZINCf50000029gb5,404,14.47682846896728,standard_3d_pharmacophore,aligned,decoy
ZINCf5000000Zrb9,405,14.47526055651361,standard_3d_pharmacophore,aligned,decoy
ZINCf5000000ag9b,406,14.472602305851876,standard_3d_pharmacophore,aligned,decoy
ZINCf50000009AIT,407,14.471880033792143,standard_3d_pharmacophore,aligned,decoy
ZINCf5000002efO6,408,14.469932749450344,standard_3d_pharmacophore,aligned,decoy
ZINCf50000017Bhk,409,14.465268577190894,standard_3d_pharmacophore,aligned,decoy
ZINCf50000008SNN,410,14.454405952915469,standard_3d_pharmacophore,aligned,decoy
ZINCf5000000S6rr,411,14.451468461765458,standard_3d_pharmacophore,aligned,decoy
ZINCf5000002dJhU,412,14.444489489439507,standard_3d_pharmacophore,aligned,decoy
ZINCf5000002rwuL,413,14.44398145152167,standard_3d_pharmacophore,aligned,decoy
ZINCf5000000axnZ,414,14.443004510607407,standard_3d_pharmacophore,aligned,decoy
ZINCf5000002e5Hf,415,14.442092561600576,standard_3d_pharmacophore,aligned,decoy
ZINCf50000009qsY,416,14.439697114076498,standard_3d_pharmacophore,aligned,decoy
ZINCf5000000atn8,417,14.434105964571312,standard_3d_pharmacophore,aligned,decoy
ZINCf50000009GLl,418,14.432400328020284,standard_3d_pharmacophore,aligned,decoy
ZINCf50000008T1s,419,14.431761948980041,standard_3d_pharmacophore,aligned,decoy
ZINCf50000008TKQ,420,14.430164182234865,standard_3d_pharmacophore,aligned,decoy
ZINCf50000018cvq,421,14.430126975045333,standard_3d_pharmacophore,aligned,decoy
ZINCf5000002qNLm,422,14.429603102856188,standard_3d_pharmacophore,aligned,decoy
ZINCf50000026TVY,423,14.427609374047456,standard_3d_pharmacophore,aligned,decoy
ZINCf50000024W6j,424,14.42732206423643,standard_3d_pharmacophore,aligned,decoy
ZINCf50000009HnH,425,14.426329724654723,standard_3d_pharmacophore,aligned,decoy
ZINCf50000029civ,426,14.426138701695113,standard_3d_pharmacophore,aligned,decoy
ZINCf5000000aguE,427,14.423539412001919,standard_3d_pharmacophore,aligned,decoy
ZINCf50000009G31,428,14.413636319998863,standard_3d_pharmacophore,aligned,decoy
ZINCf5000002mBws,429,14.412660656081375,standard_3d_pharmacophore,aligned,decoy
ZINCf5000002a4hN,430,14.408053323299537,standard_3d_pharmacophore,aligned,decoy
ZINCf5000002efLd,431,14.407930317906144,standard_3d_pharmacophore,aligned,decoy
ZINCf5000002rLUh,432,14.405235011913055,standard_3d_pharmacophore,aligned,decoy
ZINCf5000002sfMO,433,14.404371560351453,standard_3d_pharmacophore,aligned,decoy
ZINCf5000000akjg,434,14.3995575181868,standard_3d_pharmacophore,aligned,decoy
ZINCf500000099xL,435,14.395688444631222,standard_3d_pharmacophore,aligned,decoy
ZINCf50000009Wn3,436,14.391886346349654,standard_3d_pharmacophore,aligned,decoy
ZINCf5000002s7Vj,437,14.391124033031549,standard_3d_pharmacophore,aligned,decoy
ZINCf50000009wxq,438,14.385469139477602,standard_3d_pharmacophore,aligned,decoy
ZINCf50000026oVS,439,14.384725263107,standard_3d_pharmacophore,aligned,decoy
ZINCf5000000S7fK,440,14.381066556672176,standard_3d_pharmacophore,aligned,decoy
ZINCf50000028xRY,441,14.380327376958437,standard_3d_pharmacophore,aligned,decoy
ZINCf5000002r2En,442,14.379438910453288,standard_3d_pharmacophore,aligned,decoy
ZINCf50000009LXr,443,14.379144279172626,standard_3d_pharmacophore,aligned,decoy
ZINCf5000002qMrh,444,14.378411030208788,standard_3d_pharmacophore,aligned,decoy
ZINCf5000002mC06,445,14.377140432536052,standard_3d_pharmacophore,aligned,decoy
ZINCf50000017p42,446,14.375559604675068,standard_3d_pharmacophore,aligned,decoy
ZINCf5000000ZtJJ,447,14.373495180058834,standard_3d_pharmacophore,aligned,decoy
CHEMBL5901726,448,14.37132628841144,standard_3d_pharmacophore,aligned,active
ZINCf50000017CyI,449,14.369562066992298,standard_3d_pharmacophore,aligned,decoy
ZINCf500000098v9,450,14.363356030750158,standard_3d_pharmacophore,aligned,decoy
ZINCf5000000Vn0X,451,14.362861016859917,standard_3d_pharmacophore,aligned,decoy
ZINCf50000009uI2,452,14.362393511292083,standard_3d_pharmacophore,aligned,decoy
ZINCf50000017Hgt,453,14.361807294746946,standard_3d_pharmacophore,aligned,decoy
ZINCf5000000WAuu,454,14.360236325529234,standard_3d_pharmacophore,aligned,decoy
ZINCf5000000atl4,455,14.358005024579445,standard_3d_pharmacophore,aligned,decoy
ZINCf5000001omOP,456,14.352408778984241,standard_3d_pharmacophore,aligned,decoy
ZINCf5000000SMLw,457,14.351583826283669,standard_3d_pharmacophore,aligned,decoy
ZINCf5000000VYSr,458,14.349996354732204,standard_3d_pharmacophore,aligned,decoy
ZINCf500000099fg,459,14.347047740272933,standard_3d_pharmacophore,aligned,decoy
ZINCf50000017BhD,460,14.346692074910756,standard_3d_pharmacophore,aligned,decoy
ZINCf5000000WAqJ,461,14.344378704012934,standard_3d_pharmacophore,aligned,decoy
ZINCf5000001FXaY,462,14.344026222216668,standard_3d_pharmacophore,aligned,decoy
ZINCf500000185b2,463,14.343346646081244,standard_3d_pharmacophore,aligned,decoy
ZINCf5000002qDLr,464,14.332560688531434,standard_3d_pharmacophore,aligned,decoy
ZINCf50000017OQq,465,14.33098814506808,standard_3d_pharmacophore,aligned,decoy
ZINCf50000017VLq,466,14.321732273717414,standard_3d_pharmacophore,aligned,decoy
ZINCf50000029zy9,467,14.319979447128171,standard_3d_pharmacophore,aligned,decoy
ZINCf50000017r2B,468,14.315354194630961,standard_3d_pharmacophore,aligned,decoy
ZINCf5000002mtuP,469,14.309184121966611,standard_3d_pharmacophore,aligned,decoy
ZINCf5000000S6ep,470,14.307735608912205,standard_3d_pharmacophore,aligned,decoy
ZINCf5000002oFf9,471,14.304704902662472,standard_3d_pharmacophore,aligned,decoy
ZINCf5000001CEAB,472,14.298846377738037,standard_3d_pharmacophore,aligned,decoy
ZINCf5000002rTKV,473,14.296925339707476,standard_3d_pharmacophore,aligned,decoy
ZINCf5000002dEwn,474,14.29475798379893,standard_3d_pharmacophore,aligned,decoy
ZINCf5000001tN8K,475,14.29102962859188,standard_3d_pharmacophore,aligned,decoy
ZINCf5000000aloI,476,14.287401316988218,standard_3d_pharmacophore,aligned,decoy
ZINCf5000002aQMt,477,14.283547199857027,standard_3d_pharmacophore,aligned,decoy
ZINCf5000000VnxD,478,14.276159570995706,standard_3d_pharmacophore,aligned,decoy
ZINCf5000002mtBV,479,14.273686277652551,standard_3d_pharmacophore,aligned,decoy
CHEMBL5869704,480,14.271289237831834,standard_3d_pharmacophore,aligned,active
ZINCf500000094j6,481,14.25082754476275,standard_3d_pharmacophore,aligned,decoy
ZINCf5000000ajrP,482,14.23969974454379,standard_3d_pharmacophore,aligned,decoy
ZINCf5000002emZr,483,14.239285745589399,standard_3d_pharmacophore,aligned,decoy
ZINCf5000000Vm3Z,484,14.236329380648913,standard_3d_pharmacophore,aligned,decoy
ZINCf50000008Gil,485,14.234421063823616,standard_3d_pharmacophore,aligned,decoy
ZINCf50000017w8G,486,14.230807092021378,standard_3d_pharmacophore,aligned,decoy
ZINCf500000182rW,487,14.230294083791758,standard_3d_pharmacophore,aligned,decoy
ZINCf50000009qan,488,14.229064878118368,standard_3d_pharmacophore,aligned,decoy
ZINCf5000002aJfj,489,14.22676064310233,standard_3d_pharmacophore,aligned,decoy
ZINCf50000017Paj,490,14.22504430871149,standard_3d_pharmacophore,aligned,decoy
ZINCf50000017IXJ,491,14.224619146733058,standard_3d_pharmacophore,aligned,decoy
ZINCf50000009TRd,492,14.224052210255744,standard_3d_pharmacophore,aligned,decoy
CHEMBL3653239,493,14.21887583359087,standard_3d_pharmacophore,aligned,active
ZINCf5000000Zu2d,494,14.216555993671582,standard_3d_pharmacophore,aligned,decoy
ZINCf5000002rPNH,495,14.213984411009989,standard_3d_pharmacophore,aligned,decoy
ZINCf5000002rNZq,496,14.213464796628497,standard_3d_pharmacophore,aligned,decoy
ZINCf5000002aQ6f,497,14.212268139179242,standard_3d_pharmacophore,aligned,decoy
ZINCf5000001rUt8,498,14.21175621229905,standard_3d_pharmacophore,aligned,decoy
ZINCf5000002qMrg,499,14.207525431444141,standard_3d_pharmacophore,aligned,decoy
CHEMBL4109769,500,14.199117765094243,standard_3d_pharmacophore,aligned,active
ZINCf50000017yY2,501,14.19855566844476,standard_3d_pharmacophore,aligned,decoy
ZINCf50000009364,502,14.194407879486999,standard_3d_pharmacophore,aligned,decoy
ZINCf50000009sdM,503,14.193761271866453,standard_3d_pharmacophore,aligned,decoy
ZINCf50000017HS4,504,14.192598145314127,standard_3d_pharmacophore,aligned,decoy
ZINCf5000002r6Ja,505,14.191911288943622,standard_3d_pharmacophore,aligned,decoy
ZINCf5000001pvAi,506,14.190088451707393,standard_3d_pharmacophore,aligned,decoy
ZINCf5000002s7CT,507,14.18812198977057,standard_3d_pharmacophore,aligned,decoy
ZINCf5000002emwU,508,14.186302055831188,standard_3d_pharmacophore,aligned,decoy
ZINCf5000002rwS2,509,14.18507738180439,standard_3d_pharmacophore,aligned,decoy
CHEMBL5859878,510,14.177934256513511,standard_3d_pharmacophore,aligned,active
ZINCf5000000ap9G,511,14.175455650607537,standard_3d_pharmacophore,aligned,decoy
ZINCf5000001YTCq,512,14.164590464896444,standard_3d_pharmacophore,aligned,decoy
ZINCf5000000VlZV,513,14.162110696722628,standard_3d_pharmacophore,aligned,decoy
ZINCf50000009DOh,514,14.161157740771174,standard_3d_pharmacophore,aligned,decoy
ZINCf5000000WBkB,515,14.160639446253311,standard_3d_pharmacophore,aligned,decoy
ZINCf5000000ZtkQ,516,14.157491504566549,standard_3d_pharmacophore,aligned,decoy
ZINCf5000000S4XZ,517,14.157150283552255,standard_3d_pharmacophore,aligned,decoy
ZINCf500000185bu,518,14.152160575422641,standard_3d_pharmacophore,aligned,decoy
ZINCf50000017KEG,519,14.15179468295569,standard_3d_pharmacophore,aligned,decoy
ZINCf50000009ahy,520,14.148864316539017,standard_3d_pharmacophore,aligned,decoy
ZINCf50000026XfH,521,14.144441578597805,standard_3d_pharmacophore,aligned,decoy
ZINCf50000017G1T,522,14.144250353014906,standard_3d_pharmacophore,aligned,decoy
ZINCf5000002rhkf,523,14.137811515103927,standard_3d_pharmacophore,aligned,decoy
ZINCf5000002aUh7,524,14.134576278088417,standard_3d_pharmacophore,aligned,decoy
ZINCf5000000WAOI,525,14.12967454512265,standard_3d_pharmacophore,aligned,decoy
ZINCf5000002mDhl,526,14.129223366841787,standard_3d_pharmacophore,aligned,decoy
ZINCf50000009ubk,527,14.128909770368631,standard_3d_pharmacophore,aligned,decoy
ZINCf50000029FqH,528,14.128406861109186,standard_3d_pharmacophore,aligned,decoy
ZINCf5000002qPRA,529,14.128040251752758,standard_3d_pharmacophore,aligned,decoy
ZINCf5000002a5jV,530,14.125485594807612,standard_3d_pharmacophore,aligned,decoy
ZINCf5000000abTo,531,14.112962619785597,standard_3d_pharmacophore,aligned,decoy
ZINCf5000002rKR7,532,14.11070150542539,standard_3d_pharmacophore,aligned,decoy
ZINCf50000009QRC,533,14.11012134331693,standard_3d_pharmacophore,aligned,decoy
ZINCf5000001DljD,534,14.10886615096737,standard_3d_pharmacophore,aligned,decoy
ZINCf5000000Ybic,535,14.10761990593708,standard_3d_pharmacophore,aligned,decoy
ZINCf50000009GTO,536,14.107314830366562,standard_3d_pharmacophore,aligned,decoy
ZINCf5000000ZsOY,537,14.103578975334523,standard_3d_pharmacophore,aligned,decoy
ZINCf500000094hL,538,14.103042273739886,standard_3d_pharmacophore,aligned,decoy
ZINCf50000017KhB,539,14.102596873769084,standard_3d_pharmacophore,aligned,decoy
CHEMBL5989834,540,14.101757861892471,standard_3d_pharmacophore,aligned,active
ZINCf5000000VnD5,541,14.101093991542037,standard_3d_pharmacophore,aligned,decoy
ZINCf5000000ZsXj,542,14.100641561144187,standard_3d_pharmacophore,aligned,decoy
ZINCf5000002anJ3,543,14.09543128225934,standard_3d_pharmacophore,aligned,decoy
ZINCf5000000ahhN,544,14.095096013922126,standard_3d_pharmacophore,aligned,decoy
ZINCf500000092Y2,545,14.092116674426734,standard_3d_pharmacophore,aligned,decoy
ZINCf5000002shw9,546,14.090551266807493,standard_3d_pharmacophore,aligned,decoy
ZINCf5000002sc2F,547,14.087688483950823,standard_3d_pharmacophore,aligned,decoy
ZINCf5000002aUYP,548,14.08480166639928,standard_3d_pharmacophore,aligned,decoy
ZINCf5000002e98Z,549,14.083436504606478,standard_3d_pharmacophore,aligned,decoy
ZINCf500000097AT,550,14.083337564505037,standard_3d_pharmacophore,aligned,decoy
ZINCf5000002oGS5,551,14.07848764332305,standard_3d_pharmacophore,aligned,decoy
ZINCf5000000ZyZN,552,14.077927254287502,standard_3d_pharmacophore,aligned,decoy
ZINCf50000009g5d,553,14.076002418488827,standard_3d_pharmacophore,aligned,decoy
ZINCf5000002eakk,554,14.072940775221893,standard_3d_pharmacophore,aligned,decoy
ZINCf5000000Vn0E,555,14.059854773561122,standard_3d_pharmacophore,aligned,decoy
CHEMBL6030067,556,14.055396384098433,standard_3d_pharmacophore,aligned,active
ZINCf5000002s45f,557,14.052357675182664,standard_3d_pharmacophore,aligned,decoy
ZINCf5000002s8fr,558,14.051651700144307,standard_3d_pharmacophore,aligned,decoy
ZINCf5000002oFn8,559,14.043110832142926,standard_3d_pharmacophore,aligned,decoy
ZINCf5000002enFV,560,14.041366396417708,standard_3d_pharmacophore,aligned,decoy
ZINCf5000000ZxNc,561,14.040743511589131,standard_3d_pharmacophore,aligned,decoy
ZINCf50000009H33,562,14.04026413529381,standard_3d_pharmacophore,aligned,decoy
ZINCf50000009H2Z,563,14.039780262403855,standard_3d_pharmacophore,aligned,decoy
ZINCf5000002aUsU,564,14.038071079615413,standard_3d_pharmacophore,aligned,decoy
ZINCf50000017zdt,565,14.037283528367496,standard_3d_pharmacophore,aligned,decoy
ZINCf5000000ZyVZ,566,14.036872058210067,standard_3d_pharmacophore,aligned,decoy
ZINCf5000000a9in,567,14.030265397437034,standard_3d_pharmacophore,aligned,decoy
ZINCf5000002mC07,568,14.029476501839534,standard_3d_pharmacophore,aligned,decoy
ZINCf50000009q0n,569,14.029000655999285,standard_3d_pharmacophore,aligned,decoy
ZINCf50000008VMS,570,14.028852919232888,standard_3d_pharmacophore,aligned,decoy
ZINCf50000009KPt,571,14.028785727816626,standard_3d_pharmacophore,aligned,decoy
ZINCf50000009GGj,572,14.028480894065524,standard_3d_pharmacophore,aligned,decoy
ZINCf500000092ab,573,14.022403403351536,standard_3d_pharmacophore,aligned,decoy
ZINCf5000000awgf,574,14.021412968268159,standard_3d_pharmacophore,aligned,decoy
ZINCf5000002efO7,575,14.021186847989222,standard_3d_pharmacophore,aligned,decoy
ZINCf5000000SLW6,576,14.020750292847344,standard_3d_pharmacophore,aligned,decoy
ZINCf50000008T08,577,14.019499471099323,standard_3d_pharmacophore,aligned,decoy
ZINCf500000095w8,578,14.011679221014914,standard_3d_pharmacophore,aligned,decoy
ZINCf5000002aKaQ,579,14.011243213915142,standard_3d_pharmacophore,aligned,decoy
ZINCf5000001xLRs,580,14.01094823360755,standard_3d_pharmacophore,aligned,decoy
ZINCf50000009fg3,581,14.01007491645757,standard_3d_pharmacophore,aligned,decoy
ZINCf5000000Zr5Y,582,14.009646615597253,standard_3d_pharmacophore,aligned,decoy
ZINCf50000009Ghu,583,14.008242712745238,standard_3d_pharmacophore,aligned,decoy
ZINCf5000002rZ07,584,14.004072775736171,standard_3d_pharmacophore,aligned,decoy
ZINCf50000008Vcm,585,14.003029909567596,standard_3d_pharmacophore,aligned,decoy
ZINCf50000009awP,586,13.999287468149051,standard_3d_pharmacophore,aligned,decoy
ZINCf50000008PQx,587,13.995398804818748,standard_3d_pharmacophore,aligned,decoy
ZINCf5000002oIFK,588,13.994219924138097,standard_3d_pharmacophore,aligned,decoy
ZINCf50000025RrE,589,13.993801573000447,standard_3d_pharmacophore,aligned,decoy
ZINCf50000009sr4,590,13.992475625330215,standard_3d_pharmacophore,aligned,decoy
ZINCf50000009FG3,591,13.992201094423757,standard_3d_pharmacophore,aligned,decoy
ZINCf5000000ap9k,592,13.990917419374881,standard_3d_pharmacophore,aligned,decoy
ZINCf5000001xzwp,593,13.98836730000047,standard_3d_pharmacophore,aligned,decoy
ZINCf5000000a7X8,594,13.986657484416423,standard_3d_pharmacophore,aligned,decoy
CHEMBL5913446,595,13.986605984816588,standard_3d_pharmacophore,aligned,active
ZINCf50000008UOV,596,13.979948856716186,standard_3d_pharmacophore,aligned,decoy
ZINCf5000000Vn5I,597,13.978643463422618,standard_3d_pharmacophore,aligned,decoy
ZINCf5000001P0vn,598,13.974594745864817,standard_3d_pharmacophore,aligned,decoy
ZINCf50000009UAy,599,13.972151506254056,standard_3d_pharmacophore,aligned,decoy
CHEMBL4115504,600,13.968481400538314,standard_3d_pharmacophore,aligned,active
ZINCf50000009Wf6,601,13.964815169259419,standard_3d_pharmacophore,aligned,decoy
CHEMBL5745234,602,13.963113542269678,standard_3d_pharmacophore,aligned,active
ZINCf5000000981C,603,13.961369968884377,standard_3d_pharmacophore,aligned,decoy
ZINCf5000000aqPy,604,13.958912861843784,standard_3d_pharmacophore,aligned,decoy
ZINCf50000009fgF,605,13.957257445816325,standard_3d_pharmacophore,aligned,decoy
ZINCf5000002s92p,606,13.95706967227079,standard_3d_pharmacophore,aligned,decoy
ZINCf50000009G55,607,13.955854859532716,standard_3d_pharmacophore,aligned,decoy
ZINCf5000000ag9C,608,13.954761604784467,standard_3d_pharmacophore,aligned,decoy
ZINCf50000009Hoj,609,13.950288958797378,standard_3d_pharmacophore,aligned,decoy
ZINCf5000002sfL9,610,13.949528419988331,standard_3d_pharmacophore,aligned,decoy
ZINCf50000029Pki,611,13.94455624096042,standard_3d_pharmacophore,aligned,decoy
ZINCf50000018akF,612,13.938668403070642,standard_3d_pharmacophore,aligned,decoy
CHEMBL3265101,613,13.933650158102541,standard_3d_pharmacophore,aligned,active
ZINCf50000009sq1,614,13.92009337995557,standard_3d_pharmacophore,aligned,decoy
ZINCf5000002aObv,615,13.918615212702203,standard_3d_pharmacophore,aligned,decoy
ZINCf50000009HLj,616,13.913470986594554,standard_3d_pharmacophore,aligned,decoy
ZINCf5000002aObw,617,13.912672934873811,standard_3d_pharmacophore,aligned,decoy
CHEMBL5816136,618,13.912628870665953,standard_3d_pharmacophore,aligned,active
ZINCf5000002dZ7j,619,13.909852733798774,standard_3d_pharmacophore,aligned,decoy
ZINCf5000002s9bv,620,13.908336158587312,standard_3d_pharmacophore,aligned,decoy
ZINCf5000001SMHT,621,13.905949469223575,standard_3d_pharmacophore,aligned,decoy
ZINCf50000008T1b,622,13.897680804137941,standard_3d_pharmacophore,aligned,decoy
ZINCf50000017Vrk,623,13.895794316209656,standard_3d_pharmacophore,aligned,decoy
ZINCf5000002oC5o,624,13.89571465764866,standard_3d_pharmacophore,aligned,decoy
ZINCf50000017PN7,625,13.886711813743617,standard_3d_pharmacophore,aligned,decoy
ZINCf50000009nKD,626,13.884038173197867,standard_3d_pharmacophore,aligned,decoy
ZINCf50000008Pur,627,13.88251428162217,standard_3d_pharmacophore,aligned,decoy
ZINCf5000002aPxi,628,13.880587021943773,standard_3d_pharmacophore,aligned,decoy
ZINCf50000017vpK,629,13.878184786312715,standard_3d_pharmacophore,aligned,decoy
ZINCf500000185zQ,630,13.877670882796894,standard_3d_pharmacophore,aligned,decoy
ZINCf50000008Ke0,631,13.875224903685286,standard_3d_pharmacophore,aligned,decoy
ZINCf5000000aoNC,632,13.875028489193877,standard_3d_pharmacophore,aligned,decoy
ZINCf50000009Eij,633,13.867774206059318,standard_3d_pharmacophore,aligned,decoy
ZINCf50000009OpQ,634,13.8676151549407,standard_3d_pharmacophore,aligned,decoy
ZINCf50000017AHa,635,13.867349076103682,standard_3d_pharmacophore,aligned,decoy
ZINCf5000002scj7,636,13.866278969331365,standard_3d_pharmacophore,aligned,decoy
ZINCf50000017L8k,637,13.864415758936428,standard_3d_pharmacophore,aligned,decoy
ZINCf50000008Fwz,638,13.861415127033881,standard_3d_pharmacophore,aligned,decoy
ZINCf50000009xJZ,639,13.85549654521799,standard_3d_pharmacophore,aligned,decoy
ZINCf50000017M5a,640,13.852722432181146,standard_3d_pharmacophore,aligned,decoy
ZINCf5000002s99m,641,13.84956578443806,standard_3d_pharmacophore,aligned,decoy
ZINCf5000001wrKt,642,13.846733032760966,standard_3d_pharmacophore,aligned,decoy
ZINCf500000092wo,643,13.839782168927977,standard_3d_pharmacophore,aligned,decoy
ZINCf5000002s57x,644,13.834529970427377,standard_3d_pharmacophore,aligned,decoy
ZINCf50000008WMX,645,13.828651782782822,standard_3d_pharmacophore,aligned,decoy
ZINCf50000025uSm,646,13.828620454403703,standard_3d_pharmacophore,aligned,decoy
ZINCf50000029mls,647,13.818916880552646,standard_3d_pharmacophore,aligned,decoy
ZINCf5000000Zt61,648,13.815246561817581,standard_3d_pharmacophore,aligned,decoy
ZINCf50000009HCg,649,13.81338729457865,standard_3d_pharmacophore,aligned,decoy
ZINCf50000017FgN,650,13.812995621439928,standard_3d_pharmacophore,aligned,decoy
ZINCf500000095Zi,651,13.812377572371092,standard_3d_pharmacophore,aligned,decoy
ZINCf5000002s2SC,652,13.81101415027578,standard_3d_pharmacophore,aligned,decoy
ZINCf50000009aj3,653,13.80716632576749,standard_3d_pharmacophore,aligned,decoy
ZINCf5000002aTAV,654,13.805216452766997,standard_3d_pharmacophore,aligned,decoy
ZINCf5000002rd6l,655,13.793126470109247,standard_3d_pharmacophore,aligned,decoy
ZINCf50000009AHA,656,13.791178959028766,standard_3d_pharmacophore,aligned,decoy
ZINCf5000002rpdt,657,13.790730153510442,standard_3d_pharmacophore,aligned,decoy
ZINCf5000000aoN9,658,13.789022239464954,standard_3d_pharmacophore,aligned,decoy
ZINCf5000002rLOE,659,13.78679939061378,standard_3d_pharmacophore,aligned,decoy
ZINCf50000009M3v,660,13.782484969489118,standard_3d_pharmacophore,aligned,decoy
ZINCf5000000aoN3,661,13.779106807408226,standard_3d_pharmacophore,aligned,decoy
ZINCf5000002aP2J,662,13.778658185752747,standard_3d_pharmacophore,aligned,decoy
ZINCf5000000YbyH,663,13.76891308743262,standard_3d_pharmacophore,aligned,decoy
ZINCf5000002dO8t,664,13.766574435550718,standard_3d_pharmacophore,aligned,decoy
ZINCf5000000S4gN,665,13.765267908837387,standard_3d_pharmacophore,aligned,decoy
ZINCf5000002oDM5,666,13.764318391922131,standard_3d_pharmacophore,aligned,decoy
ZINCf5000000VmyA,667,13.763247717076794,standard_3d_pharmacophore,aligned,decoy
ZINCf50000008TsN,668,13.76203137050171,standard_3d_pharmacophore,aligned,decoy
ZINCf50000017ANo,669,13.759696354266042,standard_3d_pharmacophore,aligned,decoy
ZINCf5000002akKL,670,13.757671497641354,standard_3d_pharmacophore,aligned,decoy
ZINCf50000009Edz,671,13.755041720418271,standard_3d_pharmacophore,aligned,decoy
ZINCf50000027CLp,672,13.750621856038988,standard_3d_pharmacophore,aligned,decoy
ZINCf5000000atn7,673,13.745135409588968,standard_3d_pharmacophore,aligned,decoy
ZINCf5000000Vn0F,674,13.74328500186527,standard_3d_pharmacophore,aligned,decoy
ZINCf50000017Yua,675,13.739117388102017,standard_3d_pharmacophore,aligned,decoy
ZINCf5000002eeo2,676,13.737389865312327,standard_3d_pharmacophore,aligned,decoy
ZINCf5000000axo0,677,13.733369771638497,standard_3d_pharmacophore,aligned,decoy
ZINCf50000009363,678,13.727936611238198,standard_3d_pharmacophore,aligned,decoy
ZINCf50000008UoE,679,13.71725230321051,standard_3d_pharmacophore,aligned,decoy
ZINCf5000000Zt76,680,13.713698825467537,standard_3d_pharmacophore,aligned,decoy
ZINCf5000000alHu,681,13.712331665208024,standard_3d_pharmacophore,aligned,decoy
ZINCf50000009G8x,682,13.706223867346099,standard_3d_pharmacophore,aligned,decoy
ZINCf500000093c5,683,13.704607842040875,standard_3d_pharmacophore,aligned,decoy
CHEMBL6012158,684,13.703385835778189,standard_3d_pharmacophore,aligned,active
ZINCf5000000Zy49,685,13.699904237357991,standard_3d_pharmacophore,aligned,decoy
ZINCf5000001oltJ,686,13.692488607695717,standard_3d_pharmacophore,aligned,decoy
ZINCf5000002dMsl,687,13.685123614950347,standard_3d_pharmacophore,aligned,decoy
ZINCf5000002sc2H,688,13.682473499563308,standard_3d_pharmacophore,aligned,decoy
ZINCf5000000ZtaC,689,13.678386382679319,standard_3d_pharmacophore,aligned,decoy
ZINCf5000000S7uO,690,13.672448029609535,standard_3d_pharmacophore,aligned,decoy
ZINCf50000017Pfp,691,13.669557614687044,standard_3d_pharmacophore,aligned,decoy
ZINCf5000002s99t,692,13.664270509960625,standard_3d_pharmacophore,aligned,decoy
ZINCf5000002sjum,693,13.663340691557215,standard_3d_pharmacophore,aligned,decoy
ZINCf5000000S58O,694,13.659947158095756,standard_3d_pharmacophore,aligned,decoy
ZINCf50000009082,695,13.657163688087769,standard_3d_pharmacophore,aligned,decoy
ZINCf5000002rtjk,696,13.653390577900373,standard_3d_pharmacophore,aligned,decoy
ZINCf5000000aswM,697,13.652648935315163,standard_3d_pharmacophore,aligned,decoy
ZINCf5000000WBLy,698,13.646213847847275,standard_3d_pharmacophore,aligned,decoy
ZINCf5000002oFXx,699,13.645413127669093,standard_3d_pharmacophore,aligned,decoy
ZINCf5000002qOlN,700,13.63350235232231,standard_3d_pharmacophore,aligned,decoy
ZINCf50000018cmD,701,13.631871840644298,standard_3d_pharmacophore,aligned,decoy
ZINCf500000263Mr,702,13.628039450654905,standard_3d_pharmacophore,aligned,decoy
ZINCf5000000Vl6O,703,13.623515094629006,standard_3d_pharmacophore,aligned,decoy
ZINCf50000024NXI,704,13.621892870581556,standard_3d_pharmacophore,aligned,decoy
ZINCf50000009fgo,705,13.620610310219906,standard_3d_pharmacophore,aligned,decoy
ZINCf5000002rhyC,706,13.618019414313052,standard_3d_pharmacophore,aligned,decoy
ZINCf50000008GiT,707,13.610108949604989,standard_3d_pharmacophore,aligned,decoy
ZINCf5000002aSPS,708,13.609396534688463,standard_3d_pharmacophore,aligned,decoy
ZINCf50000008Ydp,709,13.60897715657698,standard_3d_pharmacophore,aligned,decoy
ZINCf5000000ZxaH,710,13.600034434669407,standard_3d_pharmacophore,aligned,decoy
ZINCf5000002dG2e,711,13.598089699529362,standard_3d_pharmacophore,aligned,decoy
ZINCf5000002ejZu,712,13.590753451896935,standard_3d_pharmacophore,aligned,decoy
ZINCf50000008THz,713,13.590318510399653,standard_3d_pharmacophore,aligned,decoy
ZINCf5000001JHD5,714,13.588176134754358,standard_3d_pharmacophore,aligned,decoy
ZINCf5000000SKgy,715,13.585712694121602,standard_3d_pharmacophore,aligned,decoy
ZINCf5000002aOdL,716,13.58095828231198,standard_3d_pharmacophore,aligned,decoy
ZINCf5000000SL7m,717,13.57772758272839,standard_3d_pharmacophore,aligned,decoy
ZINCf50000008TcP,718,13.577601505026504,standard_3d_pharmacophore,aligned,decoy
ZINCf5000000ae2o,719,13.577089582224332,standard_3d_pharmacophore,aligned,decoy
ZINCf5000000ahoM,720,13.575989670688141,standard_3d_pharmacophore,aligned,decoy
ZINCf5000002rPuS,721,13.572810372277198,standard_3d_pharmacophore,aligned,decoy
ZINCf5000000aiWU,722,13.572074491807737,standard_3d_pharmacophore,aligned,decoy
ZINCf5000001Y9Yn,723,13.559155213476922,standard_3d_pharmacophore,aligned,decoy
ZINCf50000009nBd,724,13.558721599106905,standard_3d_pharmacophore,aligned,decoy
ZINCf500000091MD,725,13.555436987935657,standard_3d_pharmacophore,aligned,decoy
ZINCf5000000aqei,726,13.553486021757372,standard_3d_pharmacophore,aligned,decoy
ZINCf5000000advk,727,13.547796604821732,standard_3d_pharmacophore,aligned,decoy
ZINCf50000008EBj,728,13.542717543397883,standard_3d_pharmacophore,aligned,decoy
ZINCf50000009xvR,729,13.540832047735886,standard_3d_pharmacophore,aligned,decoy
ZINCf5000002qDFK,730,13.529251032524893,standard_3d_pharmacophore,aligned,decoy
ZINCf5000002r6Sb,731,13.526392413377023,standard_3d_pharmacophore,aligned,decoy
ZINCf50000009xNF,732,13.518741617951449,standard_3d_pharmacophore,aligned,decoy
ZINCf5000002e3PG,733,13.516345002906762,standard_3d_pharmacophore,aligned,decoy
ZINCf50000008L01,734,13.515274162582816,standard_3d_pharmacophore,aligned,decoy
ZINCf500000097Cj,735,13.5124811797602,standard_3d_pharmacophore,aligned,decoy
ZINCf50000009fgg,736,13.510945767887096,standard_3d_pharmacophore,aligned,decoy
ZINCf50000009TZE,737,13.510800447638724,standard_3d_pharmacophore,aligned,decoy
ZINCf500000096ii,738,13.51032921347444,standard_3d_pharmacophore,aligned,decoy
ZINCf5000002dTAg,739,13.507124927414043,standard_3d_pharmacophore,aligned,decoy
ZINCf5000002sbOp,740,13.506423867201642,standard_3d_pharmacophore,aligned,decoy
ZINCf5000002dkM7,741,13.502725185925032,standard_3d_pharmacophore,aligned,decoy
CHEMBL5988926,742,13.502015324336563,standard_3d_pharmacophore,aligned,active
ZINCf5000002rPch,743,13.49954051388787,standard_3d_pharmacophore,aligned,decoy
ZINCf50000009adV,744,13.498660167627488,standard_3d_pharmacophore,aligned,decoy
ZINCf500000181p7,745,13.49864915572121,standard_3d_pharmacophore,aligned,decoy
ZINCf50000009nMD,746,13.494730743313596,standard_3d_pharmacophore,aligned,decoy
ZINCf50000008FwI,747,13.491400756719816,standard_3d_pharmacophore,aligned,decoy
ZINCf50000017Pvr,748,13.491047216365063,standard_3d_pharmacophore,aligned,decoy
ZINCf50000008Kmd,749,13.482309973649764,standard_3d_pharmacophore,aligned,decoy
ZINCf50000017RrL,750,13.480682776046873,standard_3d_pharmacophore,aligned,decoy
ZINCf5000002s7NE,751,13.479212976284556,standard_3d_pharmacophore,aligned,decoy
ZINCf5000000WBxi,752,13.479106234656772,standard_3d_pharmacophore,aligned,decoy
ZINCf50000025tBQ,753,13.473834982684963,standard_3d_pharmacophore,aligned,decoy
ZINCf5000000VmyF,754,13.47302215468009,standard_3d_pharmacophore,aligned,decoy
ZINCf5000000Zzck,755,13.47300488641017,standard_3d_pharmacophore,aligned,decoy
CHEMBL5267044,756,13.472564521735107,standard_3d_pharmacophore,aligned,active
ZINCf5000000ZrzF,757,13.467905567367438,standard_3d_pharmacophore,aligned,decoy
ZINCf50000008Hcy,758,13.466880748539438,standard_3d_pharmacophore,aligned,decoy
ZINCf5000002dV89,759,13.465619745571262,standard_3d_pharmacophore,aligned,decoy
ZINCf50000018dyC,760,13.462405658911644,standard_3d_pharmacophore,aligned,decoy
ZINCf50000009aCA,761,13.457927901458845,standard_3d_pharmacophore,aligned,decoy
ZINCf5000000ajQP,762,13.457308688513113,standard_3d_pharmacophore,aligned,decoy
ZINCf5000000af5N,763,13.457095370557088,standard_3d_pharmacophore,aligned,decoy
ZINCf5000000ajo6,764,13.456548222798471,standard_3d_pharmacophore,aligned,decoy
ZINCf5000002mGxn,765,13.455955834964433,standard_3d_pharmacophore,aligned,decoy
ZINCf50000009adX,766,13.451361870588018,standard_3d_pharmacophore,aligned,decoy
ZINCf50000008VrH,767,13.444669813044715,standard_3d_pharmacophore,aligned,decoy
ZINCf5000002rPbO,768,13.43552633383158,standard_3d_pharmacophore,aligned,decoy
ZINCf50000008IGW,769,13.433799815494073,standard_3d_pharmacophore,aligned,decoy
ZINCf50000028LEi,770,13.432920308156579,standard_3d_pharmacophore,aligned,decoy
ZINCf50000009wuo,771,13.42966762964252,standard_3d_pharmacophore,aligned,decoy
ZINCf5000001C6KR,772,13.427002299965487,standard_3d_pharmacophore,aligned,decoy
ZINCf50000009yAo,773,13.426269996719068,standard_3d_pharmacophore,aligned,decoy
ZINCf5000002dxwE,774,13.423668544893792,standard_3d_pharmacophore,aligned,decoy
ZINCf5000000a5SH,775,13.422457379366863,standard_3d_pharmacophore,aligned,decoy
ZINCf50000017BnH,776,13.42196552531306,standard_3d_pharmacophore,aligned,decoy
ZINCf5000000Zr7a,777,13.421739468177897,standard_3d_pharmacophore,aligned,decoy
ZINCf50000008Hb1,778,13.417419660794536,standard_3d_pharmacophore,aligned,decoy
ZINCf50000008EcU,779,13.408046953009066,standard_3d_pharmacophore,aligned,decoy
ZINCf50000009Hy6,780,13.403643027423653,standard_3d_pharmacophore,aligned,decoy
ZINCf50000009duI,781,13.401777003778378,standard_3d_pharmacophore,aligned,decoy
ZINCf50000009DI8,782,13.390942569313374,standard_3d_pharmacophore,aligned,decoy
ZINCf5000002rGn9,783,13.389883709619676,standard_3d_pharmacophore,aligned,decoy
ZINCf5000002rhU4,784,13.387264992907708,standard_3d_pharmacophore,aligned,decoy
ZINCf5000002ov2H,785,13.381244349570299,standard_3d_pharmacophore,aligned,decoy
ZINCf50000017I9l,786,13.380055941297352,standard_3d_pharmacophore,aligned,decoy
ZINCf50000009q0m,787,13.377727371073076,standard_3d_pharmacophore,aligned,decoy
ZINCf5000002efnB,788,13.377473879900183,standard_3d_pharmacophore,aligned,decoy
ZINCf50000017Hd9,789,13.37562220906894,standard_3d_pharmacophore,aligned,decoy
ZINCf50000008VLK,790,13.375236753921856,standard_3d_pharmacophore,aligned,decoy
ZINCf5000002qOjM,791,13.373179197498636,standard_3d_pharmacophore,aligned,decoy
ZINCf5000002eaMn,792,13.371808983595782,standard_3d_pharmacophore,aligned,decoy
ZINCf5000002rDJg,793,13.371621588722016,standard_3d_pharmacophore,aligned,decoy
ZINCf5000000Zrm2,794,13.371041274722867,standard_3d_pharmacophore,aligned,decoy
CHEMBL2347389,795,13.36299664568798,standard_3d_pharmacophore,aligned,active
ZINCf50000024C21,796,13.362986048943752,standard_3d_pharmacophore,aligned,decoy
ZINCf50000027F9l,797,13.362863556958034,standard_3d_pharmacophore,aligned,decoy
ZINCf5000000a5YY,798,13.35483178197533,standard_3d_pharmacophore,aligned,decoy
ZINCf50000009fiV,799,13.352397048784757,standard_3d_pharmacophore,aligned,decoy
ZINCf5000002r3js,800,13.347782024341232,standard_3d_pharmacophore,aligned,decoy
ZINCf5000002e0Ja,801,13.34539241846393,standard_3d_pharmacophore,aligned,decoy
ZINCf5000000asKS,802,13.34292552472855,standard_3d_pharmacophore,aligned,decoy
ZINCf500000090KB,803,13.341156027220174,standard_3d_pharmacophore,aligned,decoy
ZINCf50000008NjO,804,13.333511313434988,standard_3d_pharmacophore,aligned,decoy
ZINCf5000002rzS4,805,13.333303121699833,standard_3d_pharmacophore,aligned,decoy
ZINCf5000002r2Ks,806,13.330531126248314,standard_3d_pharmacophore,aligned,decoy
ZINCf50000025ZxH,807,13.327370730720272,standard_3d_pharmacophore,aligned,decoy
ZINCf50000009kau,808,13.326221010685936,standard_3d_pharmacophore,aligned,decoy
ZINCf5000002qNLW,809,13.32264532638386,standard_3d_pharmacophore,aligned,decoy
ZINCf5000000axSu,810,13.32138773388518,standard_3d_pharmacophore,aligned,decoy
ZINCf5000000aeNZ,811,13.320915341462698,standard_3d_pharmacophore,aligned,decoy
ZINCf50000009BLy,812,13.318800560012773,standard_3d_pharmacophore,aligned,decoy
ZINCf5000001ofcB,813,13.317994805053141,standard_3d_pharmacophore,aligned,decoy
ZINCf50000009BWN,814,13.31730445392481,standard_3d_pharmacophore,aligned,decoy
ZINCf5000000VZ2u,815,13.311851435088712,standard_3d_pharmacophore,aligned,decoy
ZINCf5000000ZynH,816,13.310108120602662,standard_3d_pharmacophore,aligned,decoy
ZINCf5000002dqDb,817,13.309989159266557,standard_3d_pharmacophore,aligned,decoy
ZINCf50000009Zzc,818,13.309938347515176,standard_3d_pharmacophore,aligned,decoy
ZINCf50000009Hhg,819,13.307846790075045,standard_3d_pharmacophore,aligned,decoy
ZINCf50000009wBo,820,13.306638725366941,standard_3d_pharmacophore,aligned,decoy
ZINCf5000002rhiQ,821,13.30578889893135,standard_3d_pharmacophore,aligned,decoy
ZINCf50000009O7A,822,13.299841113173482,standard_3d_pharmacophore,aligned,decoy
ZINCf50000009otY,823,13.298396578936108,standard_3d_pharmacophore,aligned,decoy
ZINCf50000008UN0,824,13.295202542010669,standard_3d_pharmacophore,aligned,decoy
ZINCf50000026aCQ,825,13.293812491944907,standard_3d_pharmacophore,aligned,decoy
ZINCf5000002rLUl,826,13.293156832589537,standard_3d_pharmacophore,aligned,decoy
ZINCf5000002raZH,827,13.293147213166103,standard_3d_pharmacophore,aligned,decoy
ZINCf50000009xKh,828,13.286123756334694,standard_3d_pharmacophore,aligned,decoy
ZINCf50000009fjA,829,13.273393654078328,standard_3d_pharmacophore,aligned,decoy
ZINCf5000000ajo9,830,13.272691300086379,standard_3d_pharmacophore,aligned,decoy
ZINCf5000002qwvY,831,13.271904031968017,standard_3d_pharmacophore,aligned,decoy
ZINCf50000009QyF,832,13.267471870119977,standard_3d_pharmacophore,aligned,decoy
ZINCf50000009Hh3,833,13.260611894981258,standard_3d_pharmacophore,aligned,decoy
ZINCf5000002aSJ3,834,13.25994348773514,standard_3d_pharmacophore,aligned,decoy
ZINCf500000091uF,835,13.258496247150157,standard_3d_pharmacophore,aligned,decoy
ZINCf50000028TAZ,836,13.253986385198091,standard_3d_pharmacophore,aligned,decoy
ZINCf5000002ejZt,837,13.252396734741712,standard_3d_pharmacophore,aligned,decoy
ZINCf5000000WzHu,838,13.247460006794341,standard_3d_pharmacophore,aligned,decoy
ZINCf5000000ax9A,839,13.24032952418433,standard_3d_pharmacophore,aligned,decoy
ZINCf5000002oGxy,840,13.238716550240381,standard_3d_pharmacophore,aligned,decoy
ZINCf50000009ubg,841,13.238298205128816,standard_3d_pharmacophore,aligned,decoy
ZINCf500000093eL,842,13.233663856616289,standard_3d_pharmacophore,aligned,decoy
ZINCf50000009jr7,843,13.23204008089256,standard_3d_pharmacophore,aligned,decoy
ZINCf5000001PM9z,844,13.231756483481552,standard_3d_pharmacophore,aligned,decoy
ZINCf50000008Jcw,845,13.225730758824925,standard_3d_pharmacophore,aligned,decoy
ZINCf50000017nnX,846,13.225397539853722,standard_3d_pharmacophore,aligned,decoy
ZINCf5000000Zu2n,847,13.219728571110089,standard_3d_pharmacophore,aligned,decoy
ZINCf50000009GGs,848,13.202771139751592,standard_3d_pharmacophore,aligned,decoy
ZINCf500000189vh,849,13.201632237676392,standard_3d_pharmacophore,aligned,decoy
ZINCf5000000axfN,850,13.196225322779135,standard_3d_pharmacophore,aligned,decoy
ZINCf5000000ZrKM,851,13.193831495418268,standard_3d_pharmacophore,aligned,decoy
ZINCf50000009f8z,852,13.184583209941977,standard_3d_pharmacophore,aligned,decoy
ZINCf5000002rtj9,853,13.179016383778665,standard_3d_pharmacophore,aligned,decoy
ZINCf5000002aPfN,854,13.178839073073252,standard_3d_pharmacophore,aligned,decoy
ZINCf5000002efJk,855,13.172072454194398,standard_3d_pharmacophore,aligned,decoy
ZINCf50000025u3r,856,13.168940643985021,standard_3d_pharmacophore,aligned,decoy
ZINCf50000009QH0,857,13.167349079867789,standard_3d_pharmacophore,aligned,decoy
ZINCf5000000advt,858,13.165353812865517,standard_3d_pharmacophore,aligned,decoy
ZINCf5000000a9nq,859,13.165168981718235,standard_3d_pharmacophore,aligned,decoy
ZINCf5000002sbqU,860,13.16207386137652,standard_3d_pharmacophore,aligned,decoy
ZINCf5000002aowO,861,13.161071337270299,standard_3d_pharmacophore,aligned,decoy
ZINCf5000002dqbj,862,13.156764447294643,standard_3d_pharmacophore,aligned,decoy
ZINCf5000000SM0z,863,13.156659841313434,standard_3d_pharmacophore,aligned,decoy
ZINCf5000000a9AP,864,13.154679415849378,standard_3d_pharmacophore,aligned,decoy
ZINCf5000000ZuJL,865,13.149209392959364,standard_3d_pharmacophore,aligned,decoy
CHEMBL5775440,866,13.144962242259595,standard_3d_pharmacophore,aligned,active
ZINCf50000008HOI,867,13.139481018553646,standard_3d_pharmacophore,aligned,decoy
ZINCf5000002dSCQ,868,13.137846653123512,standard_3d_pharmacophore,aligned,decoy
ZINCf50000009XYt,869,13.134580703710515,standard_3d_pharmacophore,aligned,decoy
ZINCf5000000Vlgk,870,13.131164762999848,standard_3d_pharmacophore,aligned,decoy
ZINCf5000002dm5C,871,13.125201386970035,standard_3d_pharmacophore,aligned,decoy
ZINCf5000002dXS3,872,13.123084936415385,standard_3d_pharmacophore,aligned,decoy
ZINCf50000009vXk,873,13.122924738513198,standard_3d_pharmacophore,aligned,decoy
ZINCf5000002qtTb,874,13.12193728617074,standard_3d_pharmacophore,aligned,decoy
ZINCf5000002dC2L,875,13.118022369043143,standard_3d_pharmacophore,aligned,decoy
ZINCf5000001rFjc,876,13.11319101215265,standard_3d_pharmacophore,aligned,decoy
ZINCf5000000ajs3,877,13.111155561873913,standard_3d_pharmacophore,aligned,decoy
ZINCf5000000a90Q,878,13.109928414582587,standard_3d_pharmacophore,aligned,decoy
ZINCf50000017Pp4,879,13.109493178070487,standard_3d_pharmacophore,aligned,decoy
ZINCf500000093Bx,880,13.10819360874059,standard_3d_pharmacophore,aligned,decoy
ZINCf5000000Zz22,881,13.103233296892785,standard_3d_pharmacophore,aligned,decoy
ZINCf50000024fnB,882,13.099557082822027,standard_3d_pharmacophore,aligned,decoy
ZINCf5000000Zt92,883,13.096176666064805,standard_3d_pharmacophore,aligned,decoy
ZINCf5000000Ztfr,884,13.09603669365363,standard_3d_pharmacophore,aligned,decoy
ZINCf5000000ZtI8,885,13.092631708750433,standard_3d_pharmacophore,aligned,decoy
ZINCf5000000aiKp,886,13.092577163938738,standard_3d_pharmacophore,aligned,decoy
ZINCf5000000acCI,887,13.089730158565988,standard_3d_pharmacophore,aligned,decoy
ZINCf5000002dR2n,888,13.08842151309261,standard_3d_pharmacophore,aligned,decoy
ZINCf5000002aLWo,889,13.087797290857088,standard_3d_pharmacophore,aligned,decoy
ZINCf5000000akV7,890,13.08597161839102,standard_3d_pharmacophore,aligned,decoy
ZINCf5000002dCfo,891,13.0853965469222,standard_3d_pharmacophore,aligned,decoy
ZINCf50000017Acv,892,13.084165409948485,standard_3d_pharmacophore,aligned,decoy
ZINCf500000293Lb,893,13.081829603285819,standard_3d_pharmacophore,aligned,decoy
ZINCf50000009gw1,894,13.081169773067433,standard_3d_pharmacophore,aligned,decoy
ZINCf5000000a86K,895,13.080215431061816,standard_3d_pharmacophore,aligned,decoy
ZINCf5000002aNWH,896,13.076133078632031,standard_3d_pharmacophore,aligned,decoy
ZINCf50000009nxl,897,13.071192465767307,standard_3d_pharmacophore,aligned,decoy
CHEMBL5978015,898,13.068739556200773,standard_3d_pharmacophore,aligned,active
CHEMBL5928219,899,13.06834257348796,standard_3d_pharmacophore,aligned,active
ZINCf5000001BSFm,900,13.068290430650116,standard_3d_pharmacophore,aligned,decoy
ZINCf50000018000,901,13.067001281276156,standard_3d_pharmacophore,aligned,decoy
ZINCf5000000adGN,902,13.063476966966125,standard_3d_pharmacophore,aligned,decoy
ZINCf5000000910a,903,13.063231987240497,standard_3d_pharmacophore,aligned,decoy
ZINCf50000008FL3,904,13.063229390569871,standard_3d_pharmacophore,aligned,decoy
ZINCf50000009H08,905,13.062366049718749,standard_3d_pharmacophore,aligned,decoy
ZINCf5000002ow10,906,13.061935826393771,standard_3d_pharmacophore,aligned,decoy
ZINCf5000002shZH,907,13.06143435267154,standard_3d_pharmacophore,aligned,decoy
ZINCf5000000apGz,908,13.06134379651589,standard_3d_pharmacophore,aligned,decoy
ZINCf5000002dGj5,909,13.057404940488462,standard_3d_pharmacophore,aligned,decoy
ZINCf50000008IWs,910,13.056390105039128,standard_3d_pharmacophore,aligned,decoy
ZINCf5000002rFi2,911,13.054403466693174,standard_3d_pharmacophore,aligned,decoy
ZINCf5000000aby6,912,13.054109155694062,standard_3d_pharmacophore,aligned,decoy
ZINCf500000184hK,913,13.05369052743871,standard_3d_pharmacophore,aligned,decoy
ZINCf5000002dw11,914,13.052242313293888,standard_3d_pharmacophore,aligned,decoy
ZINCf5000000azJc,915,13.051315740568505,standard_3d_pharmacophore,aligned,decoy
ZINCf5000002scy2,916,13.050757653340506,standard_3d_pharmacophore,aligned,decoy
ZINCf50000017VOT,917,13.049230149688393,standard_3d_pharmacophore,aligned,decoy
ZINCf5000000991p,918,13.048554151289077,standard_3d_pharmacophore,aligned,decoy
ZINCf50000009Xjr,919,13.047494701286455,standard_3d_pharmacophore,aligned,decoy
ZINCf50000009K5v,920,13.037089152625018,standard_3d_pharmacophore,aligned,decoy
ZINCf5000002rKan,921,13.035156231866313,standard_3d_pharmacophore,aligned,decoy
ZINCf50000009XeK,922,13.033073471866912,standard_3d_pharmacophore,aligned,decoy
ZINCf50000017DLX,923,13.013741743920274,standard_3d_pharmacophore,aligned,decoy
ZINCf50000009Hm2,924,13.01230001362166,standard_3d_pharmacophore,aligned,decoy
ZINCf5000002dpJh,925,13.007911808720939,standard_3d_pharmacophore,aligned,decoy
ZINCf50000008VE4,926,13.00711234144401,standard_3d_pharmacophore,aligned,decoy
ZINCf5000000aiTW,927,13.00470742390223,standard_3d_pharmacophore,aligned,decoy
ZINCf50000024KJR,928,13.004236216428746,standard_3d_pharmacophore,aligned,decoy
ZINCf50000024mgd,929,13.000954030393398,standard_3d_pharmacophore,aligned,decoy
ZINCf50000009FOO,930,12.999784607971991,standard_3d_pharmacophore,aligned,decoy
ZINCf50000009FEX,931,12.998796292658076,standard_3d_pharmacophore,aligned,decoy
ZINCf50000029ZxW,932,12.996060923312635,standard_3d_pharmacophore,aligned,decoy
ZINCf50000009F8s,933,12.995384286057895,standard_3d_pharmacophore,aligned,decoy
ZINCf5000000aa1V,934,12.992544890035218,standard_3d_pharmacophore,aligned,decoy
ZINCf5000002sho8,935,12.990366278160467,standard_3d_pharmacophore,aligned,decoy
ZINCf5000002s4vj,936,12.988571056660438,standard_3d_pharmacophore,aligned,decoy
ZINCf50000017pBj,937,12.987960960971474,standard_3d_pharmacophore,aligned,decoy
ZINCf5000000ZuPR,938,12.984152654070366,standard_3d_pharmacophore,aligned,decoy
ZINCf50000008FYf,939,12.977694360306872,standard_3d_pharmacophore,aligned,decoy
ZINCf50000009skC,940,12.968756523903993,standard_3d_pharmacophore,aligned,decoy
ZINCf50000009Z3e,941,12.966568919215762,standard_3d_pharmacophore,aligned,decoy
ZINCf50000017Djw,942,12.963457787282492,standard_3d_pharmacophore,aligned,decoy
ZINCf5000002rNzu,943,12.961843615615024,standard_3d_pharmacophore,aligned,decoy
ZINCf50000008TrA,944,12.960261227673708,standard_3d_pharmacophore,aligned,decoy
ZINCf5000000ZxAk,945,12.949029689675818,standard_3d_pharmacophore,aligned,decoy
ZINCf50000017zSV,946,12.946159790031952,standard_3d_pharmacophore,aligned,decoy
CHEMBL1688303,947,12.940122584102367,standard_3d_pharmacophore,aligned,active
ZINCf50000028GQR,948,12.93984538489512,standard_3d_pharmacophore,aligned,decoy
ZINCf5000000WzGX,949,12.93319454789798,standard_3d_pharmacophore,aligned,decoy
ZINCf50000009tSx,950,12.92461364645268,standard_3d_pharmacophore,aligned,decoy
ZINCf5000002dXOM,951,12.921818940044353,standard_3d_pharmacophore,aligned,decoy
ZINCf50000008L4G,952,12.91991351918895,standard_3d_pharmacophore,aligned,decoy
ZINCf5000000adA3,953,12.918409904991913,standard_3d_pharmacophore,aligned,decoy
ZINCf5000002mEt4,954,12.917240888469568,standard_3d_pharmacophore,aligned,decoy
ZINCf5000002sikl,955,12.915700490632084,standard_3d_pharmacophore,aligned,decoy
ZINCf5000000ZxEf,956,12.91195475699703,standard_3d_pharmacophore,aligned,decoy
ZINCf50000009GDl,957,12.909718006650174,standard_3d_pharmacophore,aligned,decoy
ZINCf50000008ML1,958,12.909535251422481,standard_3d_pharmacophore,aligned,decoy
ZINCf5000002dmbV,959,12.902782294906789,standard_3d_pharmacophore,aligned,decoy
ZINCf500000240X9,960,12.900820481655755,standard_3d_pharmacophore,aligned,decoy
ZINCf50000017Pky,961,12.893527917601983,standard_3d_pharmacophore,aligned,decoy
ZINCf5000002qRDI,962,12.89322284602437,standard_3d_pharmacophore,aligned,decoy
ZINCf5000002oEsQ,963,12.891387759086301,standard_3d_pharmacophore,aligned,decoy
ZINCf500000186rO,964,12.883002270703791,standard_3d_pharmacophore,aligned,decoy
ZINCf5000002efXb,965,12.880004882536534,standard_3d_pharmacophore,aligned,decoy
ZINCf5000002dOlz,966,12.879483434469929,standard_3d_pharmacophore,aligned,decoy
ZINCf5000002dJeP,967,12.876176117207983,standard_3d_pharmacophore,aligned,decoy
ZINCf5000002ekjp,968,12.872883870632139,standard_3d_pharmacophore,aligned,decoy
ZINCf50000017X3k,969,12.8702530620493,standard_3d_pharmacophore,aligned,decoy
ZINCf5000002aNTw,970,12.865555327379504,standard_3d_pharmacophore,aligned,decoy
ZINCf50000009F96,971,12.860594824870248,standard_3d_pharmacophore,aligned,decoy
ZINCf50000008VS8,972,12.858494214477691,standard_3d_pharmacophore,aligned,decoy
ZINCf50000009nBs,973,12.855721340774679,standard_3d_pharmacophore,aligned,decoy
ZINCf5000000Ztuj,974,12.855118369672669,standard_3d_pharmacophore,aligned,decoy
ZINCf5000000azI3,975,12.84665645872337,standard_3d_pharmacophore,aligned,decoy
ZINCf5000001CqVW,976,12.843777855331528,standard_3d_pharmacophore,aligned,decoy
ZINCf50000009Wqb,977,12.843040836169092,standard_3d_pharmacophore,aligned,decoy
ZINCf5000002rPA5,978,12.832868979930899,standard_3d_pharmacophore,aligned,decoy
ZINCf5000001Lr3T,979,12.832748690359175,standard_3d_pharmacophore,aligned,decoy
ZINCf5000000ayno,980,12.826636477839145,standard_3d_pharmacophore,aligned,decoy
CHEMBL5747471,981,12.826432301696634,standard_3d_pharmacophore,aligned,active
ZINCf50000009GM5,982,12.820425436178056,standard_3d_pharmacophore,aligned,decoy
ZINCf5000000ayEj,983,12.815701140942313,standard_3d_pharmacophore,aligned,decoy
ZINCf5000002oFbj,984,12.811217590421201,standard_3d_pharmacophore,aligned,decoy
ZINCf5000000VZiS,985,12.809173515654008,standard_3d_pharmacophore,aligned,decoy
ZINCf5000000SMmi,986,12.803268730258853,standard_3d_pharmacophore,aligned,decoy
ZINCf5000000WBL6,987,12.798996471740583,standard_3d_pharmacophore,aligned,decoy
ZINCf50000017PmQ,988,12.793181063432996,standard_3d_pharmacophore,aligned,decoy
ZINCf50000008FqZ,989,12.78580978681758,standard_3d_pharmacophore,aligned,decoy
ZINCf50000017Pbh,990,12.784570986048356,standard_3d_pharmacophore,aligned,decoy
ZINCf50000008GAi,991,12.782344614438491,standard_3d_pharmacophore,aligned,decoy
ZINCf5000002s1mZ,992,12.77482374365714,standard_3d_pharmacophore,aligned,decoy
ZINCf500000185c0,993,12.77093247275972,standard_3d_pharmacophore,aligned,decoy
ZINCf5000000Vli9,994,12.769935413829932,standard_3d_pharmacophore,aligned,decoy
ZINCf500000095eA,995,12.767627449348305,standard_3d_pharmacophore,aligned,decoy
ZINCf5000002oBuO,996,12.766685165104834,standard_3d_pharmacophore,aligned,decoy
ZINCf50000028TXa,997,12.764408139593696,standard_3d_pharmacophore,aligned,decoy
ZINCf5000002dG1S,998,12.761541424862605,standard_3d_pharmacophore,aligned,decoy
ZINCf500000252Wu,999,12.759590820291674,standard_3d_pharmacophore,aligned,decoy
ZINCf5000002mEM3,1000,12.756669738360038,standard_3d_pharmacophore,aligned,decoy
ZINCf5000000a8Km,1001,12.753804949782777,standard_3d_pharmacophore,aligned,decoy
ZINCf5000002aP2I,1002,12.74473448921841,standard_3d_pharmacophore,aligned,decoy
ZINCf5000000SNrI,1003,12.743141523044553,standard_3d_pharmacophore,aligned,decoy
ZINCf50000024Ip8,1004,12.74183100116019,standard_3d_pharmacophore,aligned,decoy
ZINCf5000000S4lR,1005,12.740889614430376,standard_3d_pharmacophore,aligned,decoy
ZINCf50000009CNG,1006,12.739045512503228,standard_3d_pharmacophore,aligned,decoy
ZINCf50000026fIa,1007,12.73532410254909,standard_3d_pharmacophore,aligned,decoy
ZINCf5000000ZtX2,1008,12.733892707467916,standard_3d_pharmacophore,aligned,decoy
ZINCf50000017OMp,1009,12.732802257031999,standard_3d_pharmacophore,aligned,decoy
ZINCf5000002rhyB,1010,12.730827498665231,standard_3d_pharmacophore,aligned,decoy
ZINCf5000001Gu23,1011,12.73055465138007,standard_3d_pharmacophore,aligned,decoy
ZINCf5000001KRqb,1012,12.730356533802755,standard_3d_pharmacophore,aligned,decoy
ZINCf5000001NEHX,1013,12.729116960079882,standard_3d_pharmacophore,aligned,decoy
ZINCf50000009slJ,1014,12.722211138638007,standard_3d_pharmacophore,aligned,decoy
ZINCf5000002rLN8,1015,12.719964224559162,standard_3d_pharmacophore,aligned,decoy
ZINCf5000002eaMm,1016,12.718088605327752,standard_3d_pharmacophore,aligned,decoy
ZINCf500000271w3,1017,12.715624153137439,standard_3d_pharmacophore,aligned,decoy
ZINCf50000009FOc,1018,12.711918637976108,standard_3d_pharmacophore,aligned,decoy
ZINCf500000184cO,1019,12.708130587838703,standard_3d_pharmacophore,aligned,decoy
ZINCf5000002dn9J,1020,12.704230737786515,standard_3d_pharmacophore,aligned,decoy
ZINCf50000009Y9L,1021,12.702912100035075,standard_3d_pharmacophore,aligned,decoy
ZINCf5000002eeeG,1022,12.697733113935062,standard_3d_pharmacophore,aligned,decoy
ZINCf5000002r5aT,1023,12.685555244812763,standard_3d_pharmacophore,aligned,decoy
ZINCf5000000afsz,1024,12.684837720452432,standard_3d_pharmacophore,aligned,decoy
ZINCf5000001Qyjg,1025,12.683845734906848,standard_3d_pharmacophore,aligned,decoy
ZINCf50000008GaH,1026,12.679597684993329,standard_3d_pharmacophore,aligned,decoy
ZINCf5000000Vn0I,1027,12.675380237783827,standard_3d_pharmacophore,aligned,decoy
ZINCf5000002eg4T,1028,12.674999887078828,standard_3d_pharmacophore,aligned,decoy
ZINCf5000001pn8i,1029,12.67427135439489,standard_3d_pharmacophore,aligned,decoy
ZINCf50000009rEa,1030,12.660744005986125,standard_3d_pharmacophore,aligned,decoy
ZINCf50000008CTQ,1031,12.649124552251267,standard_3d_pharmacophore,aligned,decoy
ZINCf5000001G84d,1032,12.646044203951883,standard_3d_pharmacophore,aligned,decoy
ZINCf5000002reVR,1033,12.643845427984983,standard_3d_pharmacophore,aligned,decoy
ZINCf50000029Tt9,1034,12.643707690399859,standard_3d_pharmacophore,aligned,decoy
ZINCf5000002dQJ8,1035,12.641514166866585,standard_3d_pharmacophore,aligned,decoy
ZINCf50000008MQx,1036,12.640802694119342,standard_3d_pharmacophore,aligned,decoy
ZINCf50000024kCv,1037,12.639778977309227,standard_3d_pharmacophore,aligned,decoy
ZINCf50000009H9b,1038,12.639255564162164,standard_3d_pharmacophore,aligned,decoy
ZINCf50000009XDp,1039,12.635946182774449,standard_3d_pharmacophore,aligned,decoy
ZINCf5000000ajrV,1040,12.635347483177693,standard_3d_pharmacophore,aligned,decoy
ZINCf50000009GCo,1041,12.634322015532137,standard_3d_pharmacophore,aligned,decoy
ZINCf50000024VZC,1042,12.631399873112828,standard_3d_pharmacophore,aligned,decoy
ZINCf50000009ABB,1043,12.622123144660875,standard_3d_pharmacophore,aligned,decoy
ZINCf5000000ZsVe,1044,12.621673128786169,standard_3d_pharmacophore,aligned,decoy
ZINCf50000017VLE,1045,12.611842932581213,standard_3d_pharmacophore,aligned,decoy
ZINCf50000009vld,1046,12.61010230269822,standard_3d_pharmacophore,aligned,decoy
ZINCf50000009Ebz,1047,12.608077023374872,standard_3d_pharmacophore,aligned,decoy
ZINCf5000002rYk9,1048,12.594410048263956,standard_3d_pharmacophore,aligned,decoy
ZINCf50000024agV,1049,12.590912305800307,standard_3d_pharmacophore,aligned,decoy
ZINCf50000023rbj,1050,12.584581073315091,standard_3d_pharmacophore,aligned,decoy
ZINCf50000008UrJ,1051,12.563062093196729,standard_3d_pharmacophore,aligned,decoy
ZINCf5000000a5Jc,1052,12.551700231056529,standard_3d_pharmacophore,aligned,decoy
ZINCf5000001QBG9,1053,12.53311735144204,standard_3d_pharmacophore,aligned,decoy
ZINCf5000002rPzu,1054,12.531067505611592,standard_3d_pharmacophore,aligned,decoy
ZINCf50000009AuH,1055,12.530233241728832,standard_3d_pharmacophore,aligned,decoy
ZINCf50000017DLM,1056,12.53002356868602,standard_3d_pharmacophore,aligned,decoy
ZINCf5000000adRK,1057,12.524557667706238,standard_3d_pharmacophore,aligned,decoy
ZINCf5000002eoqP,1058,12.522572251784,standard_3d_pharmacophore,aligned,decoy
ZINCf5000002mwA0,1059,12.518987492154297,standard_3d_pharmacophore,aligned,decoy
ZINCf50000008VF0,1060,12.512236313541672,standard_3d_pharmacophore,aligned,decoy
ZINCf50000017AHc,1061,12.507468365757072,standard_3d_pharmacophore,aligned,decoy
ZINCf5000000acIL,1062,12.505505449893134,standard_3d_pharmacophore,aligned,decoy
ZINCf5000001TMFr,1063,12.505020033692935,standard_3d_pharmacophore,aligned,decoy
ZINCf5000002dEhn,1064,12.502143801218116,standard_3d_pharmacophore,aligned,decoy
ZINCf50000009vDx,1065,12.487522515296668,standard_3d_pharmacophore,aligned,decoy
ZINCf5000000aePw,1066,12.4868372832642,standard_3d_pharmacophore,aligned,decoy
ZINCf5000002r4rw,1067,12.486795647882623,standard_3d_pharmacophore,aligned,decoy
ZINCf5000000Zy80,1068,12.48569576633901,standard_3d_pharmacophore,aligned,decoy
ZINCf50000017zcf,1069,12.479162534626063,standard_3d_pharmacophore,aligned,decoy
ZINCf5000000aoP4,1070,12.47451433449824,standard_3d_pharmacophore,aligned,decoy
ZINCf5000002sbr0,1071,12.473229843424576,standard_3d_pharmacophore,aligned,decoy
ZINCf50000009rkW,1072,12.469720488737433,standard_3d_pharmacophore,aligned,decoy
ZINCf50000026yZO,1073,12.466249322126453,standard_3d_pharmacophore,aligned,decoy
ZINCf50000017nRC,1074,12.462071712942942,standard_3d_pharmacophore,aligned,decoy
ZINCf50000008EAI,1075,12.462034149527955,standard_3d_pharmacophore,aligned,decoy
ZINCf50000008TFM,1076,12.457168477736207,standard_3d_pharmacophore,aligned,decoy
ZINCf5000000ZxDt,1077,12.456519126508939,standard_3d_pharmacophore,aligned,decoy
ZINCf50000017pSX,1078,12.45336851399977,standard_3d_pharmacophore,aligned,decoy
ZINCf5000000axv5,1079,12.447523192029989,standard_3d_pharmacophore,aligned,decoy
ZINCf50000009qYY,1080,12.442952913213295,standard_3d_pharmacophore,aligned,decoy
ZINCf5000002aT2O,1081,12.4421910368756,standard_3d_pharmacophore,aligned,decoy
ZINCf50000009upU,1082,12.431447603849346,standard_3d_pharmacophore,aligned,decoy
ZINCf5000001ZYTR,1083,12.431082797143786,standard_3d_pharmacophore,aligned,decoy
ZINCf5000000ajtk,1084,12.430592519856251,standard_3d_pharmacophore,aligned,decoy
ZINCf500000284Qj,1085,12.42890120989179,standard_3d_pharmacophore,aligned,decoy
ZINCf5000002qXdP,1086,12.42736893532014,standard_3d_pharmacophore,aligned,decoy
ZINCf50000009Oaj,1087,12.422962721413858,standard_3d_pharmacophore,aligned,decoy
ZINCf5000000Zr5H,1088,12.419222893753743,standard_3d_pharmacophore,aligned,decoy
ZINCf50000017w2B,1089,12.416619779918712,standard_3d_pharmacophore,aligned,decoy
ZINCf5000000YbsF,1090,12.406272516910278,standard_3d_pharmacophore,aligned,decoy
ZINCf50000009Uno,1091,12.405479538141178,standard_3d_pharmacophore,aligned,decoy
ZINCf50000009du3,1092,12.400010683427316,standard_3d_pharmacophore,aligned,decoy
ZINCf5000001pvyn,1093,12.398435785514488,standard_3d_pharmacophore,aligned,decoy
ZINCf5000002eapx,1094,12.39337288765343,standard_3d_pharmacophore,aligned,decoy
ZINCf50000009fjL,1095,12.39110666480772,standard_3d_pharmacophore,aligned,decoy
ZINCf50000008GiU,1096,12.389417996870854,standard_3d_pharmacophore,aligned,decoy
ZINCf500000095uL,1097,12.385625033525416,standard_3d_pharmacophore,aligned,decoy
ZINCf5000000a86R,1098,12.385197056992752,standard_3d_pharmacophore,aligned,decoy
ZINCf5000000a16n,1099,12.38345082741809,standard_3d_pharmacophore,aligned,decoy
ZINCf50000017HVC,1100,12.376679400775828,standard_3d_pharmacophore,aligned,decoy
ZINCf5000002rVsg,1101,12.37366199811214,standard_3d_pharmacophore,aligned,decoy
ZINCf500000258QP,1102,12.365191194878891,standard_3d_pharmacophore,aligned,decoy
ZINCf50000009E48,1103,12.364050779574214,standard_3d_pharmacophore,aligned,decoy
ZINCf5000001ZOkt,1104,12.360511473082465,standard_3d_pharmacophore,aligned,decoy
ZINCf5000001PMkI,1105,12.35085897148901,standard_3d_pharmacophore,aligned,decoy
ZINCf50000008PSw,1106,12.349161382485015,standard_3d_pharmacophore,aligned,decoy
ZINCf5000000aahM,1107,12.339734145721987,standard_3d_pharmacophore,aligned,decoy
ZINCf50000009ydq,1108,12.339652005220248,standard_3d_pharmacophore,aligned,decoy
ZINCf5000002oGCh,1109,12.339558724764778,standard_3d_pharmacophore,aligned,decoy
ZINCf50000018473,1110,12.33599778561689,standard_3d_pharmacophore,aligned,decoy
ZINCf5000002rE6b,1111,12.322201810126572,standard_3d_pharmacophore,aligned,decoy
ZINCf5000000Zzcn,1112,12.322180244953689,standard_3d_pharmacophore,aligned,decoy
ZINCf50000009eeN,1113,12.321669575034749,standard_3d_pharmacophore,aligned,decoy
ZINCf5000000ZvOD,1114,12.319359540739757,standard_3d_pharmacophore,aligned,decoy
ZINCf50000009BRA,1115,12.317347990289441,standard_3d_pharmacophore,aligned,decoy
ZINCf50000024ZZY,1116,12.314445918388788,standard_3d_pharmacophore,aligned,decoy
ZINCf5000000Zrtg,1117,12.304164015591601,standard_3d_pharmacophore,aligned,decoy
ZINCf5000002qOk8,1118,12.302796719375864,standard_3d_pharmacophore,aligned,decoy
ZINCf5000000aj3k,1119,12.298296034236865,standard_3d_pharmacophore,aligned,decoy
ZINCf50000008DZl,1120,12.296714987648917,standard_3d_pharmacophore,aligned,decoy
ZINCf5000002rteZ,1121,12.29594213016296,standard_3d_pharmacophore,aligned,decoy
ZINCf5000002rSv3,1122,12.29517502352541,standard_3d_pharmacophore,aligned,decoy
ZINCf5000002rjXb,1123,12.292683883483623,standard_3d_pharmacophore,aligned,decoy
ZINCf5000002mEhI,1124,12.29159714178793,standard_3d_pharmacophore,aligned,decoy
ZINCf5000002oxTh,1125,12.282103094158778,standard_3d_pharmacophore,aligned,decoy
ZINCf50000009GCn,1126,12.281639075119937,standard_3d_pharmacophore,aligned,decoy
ZINCf5000002oEvf,1127,12.280877906070653,standard_3d_pharmacophore,aligned,decoy
ZINCf50000023xoF,1128,12.276450418682277,standard_3d_pharmacophore,aligned,decoy
ZINCf5000000WClS,1129,12.271393878208695,standard_3d_pharmacophore,aligned,decoy
ZINCf5000002rhkn,1130,12.264703803528374,standard_3d_pharmacophore,aligned,decoy
ZINCf50000026GoR,1131,12.261888167733048,standard_3d_pharmacophore,aligned,decoy
ZINCf5000000a9hH,1132,12.259805589394386,standard_3d_pharmacophore,aligned,decoy
ZINCf500000093hO,1133,12.259361301475082,standard_3d_pharmacophore,aligned,decoy
ZINCf50000009m9U,1134,12.25120571301575,standard_3d_pharmacophore,aligned,decoy
ZINCf5000002qFjl,1135,12.250812018419252,standard_3d_pharmacophore,aligned,decoy
ZINCf50000009I18,1136,12.244386304178953,standard_3d_pharmacophore,aligned,decoy
ZINCf5000002rwnY,1137,12.241424676088798,standard_3d_pharmacophore,aligned,decoy
ZINCf50000009K0A,1138,12.236721457038682,standard_3d_pharmacophore,aligned,decoy
ZINCf50000009BjU,1139,12.234047517993115,standard_3d_pharmacophore,aligned,decoy
ZINCf5000002aSOu,1140,12.23275604715097,standard_3d_pharmacophore,aligned,decoy
ZINCf500000181yj,1141,12.230979810067094,standard_3d_pharmacophore,aligned,decoy
ZINCf5000000as3q,1142,12.224486873694662,standard_3d_pharmacophore,aligned,decoy
ZINCf50000026w6M,1143,12.221018863856,standard_3d_pharmacophore,aligned,decoy
ZINCf50000009du7,1144,12.219845695907052,standard_3d_pharmacophore,aligned,decoy
ZINCf5000000959R,1145,12.215690531086928,standard_3d_pharmacophore,aligned,decoy
CHEMBL2313485,1146,12.20587602674345,standard_3d_pharmacophore,aligned,active
ZINCf5000001PYNz,1147,12.205543280277572,standard_3d_pharmacophore,aligned,decoy
ZINCf5000002angl,1148,12.202504406332025,standard_3d_pharmacophore,aligned,decoy
ZINCf50000017MGZ,1149,12.197050201102362,standard_3d_pharmacophore,aligned,decoy
ZINCf50000008Nkg,1150,12.196030127028685,standard_3d_pharmacophore,aligned,decoy
ZINCf5000000ar8c,1151,12.183256835233383,standard_3d_pharmacophore,aligned,decoy
ZINCf500000276By,1152,12.177842408703826,standard_3d_pharmacophore,aligned,decoy
ZINCf5000000VmbT,1153,12.17665151316327,standard_3d_pharmacophore,aligned,decoy
ZINCf5000000ZxLc,1154,12.173697764737344,standard_3d_pharmacophore,aligned,decoy
ZINCf5000000ZxEo,1155,12.167993548175843,standard_3d_pharmacophore,aligned,decoy
ZINCf5000001wzZ7,1156,12.16607857796401,standard_3d_pharmacophore,aligned,decoy
ZINCf5000002r7nt,1157,12.164819074038661,standard_3d_pharmacophore,aligned,decoy
ZINCf5000002oxLs,1158,12.164114542796861,standard_3d_pharmacophore,aligned,decoy
ZINCf5000000as8n,1159,12.152914104667659,standard_3d_pharmacophore,aligned,decoy
ZINCf50000008E6s,1160,12.14947625696308,standard_3d_pharmacophore,aligned,decoy
ZINCf5000000awjL,1161,12.13525335781185,standard_3d_pharmacophore,aligned,decoy
CHEMBL3220103,1162,12.131645040008419,standard_3d_pharmacophore,aligned,active
ZINCf50000009GBn,1163,12.130447114263236,standard_3d_pharmacophore,aligned,decoy
ZINCf5000001YK19,1164,12.129749681881131,standard_3d_pharmacophore,aligned,decoy
ZINCf5000002rFoH,1165,12.12863342288778,standard_3d_pharmacophore,aligned,decoy
ZINCf50000009qWd,1166,12.12765990816959,standard_3d_pharmacophore,aligned,decoy
ZINCf50000028wYB,1167,12.117589934551027,standard_3d_pharmacophore,aligned,decoy
ZINCf5000002rRW9,1168,12.116657384837932,standard_3d_pharmacophore,aligned,decoy
ZINCf50000017KGJ,1169,12.11517988093803,standard_3d_pharmacophore,aligned,decoy
ZINCf5000000ap96,1170,12.10440022534022,standard_3d_pharmacophore,aligned,decoy
ZINCf50000009SuM,1171,12.100657014299024,standard_3d_pharmacophore,aligned,decoy
ZINCf5000002roBj,1172,12.097490455018063,standard_3d_pharmacophore,aligned,decoy
ZINCf5000002dEgl,1173,12.09198639370723,standard_3d_pharmacophore,aligned,decoy
ZINCf5000002silb,1174,12.090398308623016,standard_3d_pharmacophore,aligned,decoy
ZINCf5000002aK4C,1175,12.09016990246239,standard_3d_pharmacophore,aligned,decoy
ZINCf5000002ry67,1176,12.089675312256368,standard_3d_pharmacophore,aligned,decoy
ZINCf5000002rwb1,1177,12.08585756272687,standard_3d_pharmacophore,aligned,decoy
ZINCf50000017Wyu,1178,12.08501245527292,standard_3d_pharmacophore,aligned,decoy
ZINCf5000000ZwYF,1179,12.082139895360855,standard_3d_pharmacophore,aligned,decoy
ZINCf5000001nXKs,1180,12.077580895254595,standard_3d_pharmacophore,aligned,decoy
ZINCf50000029Eyg,1181,12.072305505335207,standard_3d_pharmacophore,aligned,decoy
ZINCf50000026Fil,1182,12.05708245521226,standard_3d_pharmacophore,aligned,decoy
ZINCf5000002rVwq,1183,12.040694258290149,standard_3d_pharmacophore,aligned,decoy
ZINCf5000002rI4Q,1184,12.038978411102677,standard_3d_pharmacophore,aligned,decoy
ZINCf5000002aNBR,1185,12.036036136151118,standard_3d_pharmacophore,aligned,decoy
ZINCf5000002shxn,1186,12.026616191354668,standard_3d_pharmacophore,aligned,decoy
ZINCf5000002riGh,1187,12.020835469405817,standard_3d_pharmacophore,aligned,decoy
ZINCf50000027HWE,1188,12.017096873113065,standard_3d_pharmacophore,aligned,decoy
ZINCf50000008VnP,1189,12.016093052259519,standard_3d_pharmacophore,aligned,decoy
ZINCf5000000a251,1190,12.01400403005357,standard_3d_pharmacophore,aligned,decoy
ZINCf50000017zaD,1191,11.99282918715748,standard_3d_pharmacophore,aligned,decoy
CHEMBL6050672,1192,11.973998454696405,standard_3d_pharmacophore,aligned,active
ZINCf50000008Jbx,1193,11.973263498658387,standard_3d_pharmacophore,aligned,decoy
CHEMBL199341,1194,11.966946506522284,standard_3d_pharmacophore,aligned,active
ZINCf5000002eg5W,1195,11.965840208259477,standard_3d_pharmacophore,aligned,decoy
ZINCf5000002qXdO,1196,11.95789513316206,standard_3d_pharmacophore,aligned,decoy
ZINCf5000002rwmG,1197,11.957751868548366,standard_3d_pharmacophore,aligned,decoy
ZINCf5000001YIUb,1198,11.943931916329799,standard_3d_pharmacophore,aligned,decoy
ZINCf50000009nt2,1199,11.943195090657717,standard_3d_pharmacophore,aligned,decoy
ZINCf50000009I3G,1200,11.935811196244126,standard_3d_pharmacophore,aligned,decoy
ZINCf5000000apOn,1201,11.92978861392148,standard_3d_pharmacophore,aligned,decoy
ZINCf50000009e7L,1202,11.92754929018378,standard_3d_pharmacophore,aligned,decoy
ZINCf50000017Xln,1203,11.924844614538864,standard_3d_pharmacophore,aligned,decoy
ZINCf50000017P7X,1204,11.922202827443899,standard_3d_pharmacophore,aligned,decoy
ZINCf500000181p5,1205,11.912249411139317,standard_3d_pharmacophore,aligned,decoy
ZINCf500000095w6,1206,11.904994558503637,standard_3d_pharmacophore,aligned,decoy
CHEMBL2177185,1207,11.898995648326839,standard_3d_pharmacophore,aligned,active
ZINCf50000008TA2,1208,11.89580819283248,standard_3d_pharmacophore,aligned,decoy
ZINCf5000002rVzz,1209,11.87635695560688,standard_3d_pharmacophore,aligned,decoy
ZINCf5000000a1ze,1210,11.867188342934087,standard_3d_pharmacophore,aligned,decoy
ZINCf5000000ad2v,1211,11.866333493540205,standard_3d_pharmacophore,aligned,decoy
ZINCf5000000ZtE0,1212,11.856324743174376,standard_3d_pharmacophore,aligned,decoy
ZINCf50000026GID,1213,11.855631098903526,standard_3d_pharmacophore,aligned,decoy
ZINCf50000024sD9,1214,11.855222554926286,standard_3d_pharmacophore,aligned,decoy
ZINCf5000002scMB,1215,11.83957556380534,standard_3d_pharmacophore,aligned,decoy
ZINCf500000184mH,1216,11.835026592663215,standard_3d_pharmacophore,aligned,decoy
ZINCf5000000WArE,1217,11.832388150810877,standard_3d_pharmacophore,aligned,decoy
ZINCf50000008FGW,1218,11.829642027881135,standard_3d_pharmacophore,aligned,decoy
ZINCf50000009vkS,1219,11.82014050188472,standard_3d_pharmacophore,aligned,decoy
ZINCf500000094a4,1220,11.811036099692394,standard_3d_pharmacophore,aligned,decoy
ZINCf5000000Wzr6,1221,11.802439668414614,standard_3d_pharmacophore,aligned,decoy
CHEMBL3217780,1222,11.801067109286585,standard_3d_pharmacophore,aligned,active
ZINCf50000009OTI,1223,11.79574190435499,standard_3d_pharmacophore,aligned,decoy
ZINCf50000008ULQ,1224,11.786562129181062,standard_3d_pharmacophore,aligned,decoy
CHEMBL3693969,1225,11.780116097498205,standard_3d_pharmacophore,aligned,active
ZINCf50000009AGv,1226,11.775471725165689,standard_3d_pharmacophore,aligned,decoy
ZINCf5000000ZqP7,1227,11.76949757254795,standard_3d_pharmacophore,aligned,decoy
ZINCf50000024UiZ,1228,11.762837590148866,standard_3d_pharmacophore,aligned,decoy
ZINCf5000002qM6c,1229,11.758977584074568,standard_3d_pharmacophore,aligned,decoy
ZINCf50000009d5B,1230,11.75531685596785,standard_3d_pharmacophore,aligned,decoy
ZINCf50000009nZ6,1231,11.752661117969648,standard_3d_pharmacophore,aligned,decoy
ZINCf5000001swWO,1232,11.751128280788121,standard_3d_pharmacophore,aligned,decoy
ZINCf5000000a71E,1233,11.7502173040723,standard_3d_pharmacophore,aligned,decoy
ZINCf5000002e8zQ,1234,11.746610249218877,standard_3d_pharmacophore,aligned,decoy
ZINCf50000009tbw,1235,11.742431311555258,standard_3d_pharmacophore,aligned,decoy
ZINCf500000256q2,1236,11.736009530350183,standard_3d_pharmacophore,aligned,decoy
ZINCf5000000VZiI,1237,11.728264006043817,standard_3d_pharmacophore,aligned,decoy
ZINCf50000008MgF,1238,11.724312655644912,standard_3d_pharmacophore,aligned,decoy
ZINCf5000002rkb9,1239,11.719578858417476,standard_3d_pharmacophore,aligned,decoy
ZINCf50000009uds,1240,11.714069789713292,standard_3d_pharmacophore,aligned,decoy
ZINCf5000002aQSw,1241,11.713995926973967,standard_3d_pharmacophore,aligned,decoy
ZINCf5000002dNoG,1242,11.709670737443753,standard_3d_pharmacophore,aligned,decoy
ZINCf5000000ady2,1243,11.70676270203973,standard_3d_pharmacophore,aligned,decoy
ZINCf50000008Vbf,1244,11.697516151864928,standard_3d_pharmacophore,aligned,decoy
ZINCf5000000aj4d,1245,11.697351063847783,standard_3d_pharmacophore,aligned,decoy
ZINCf5000002mCWI,1246,11.696189046701049,standard_3d_pharmacophore,aligned,decoy
ZINCf50000008E9o,1247,11.688064065508922,standard_3d_pharmacophore,aligned,decoy
ZINCf5000002rNx2,1248,11.68636038206663,standard_3d_pharmacophore,aligned,decoy
ZINCf50000008LMV,1249,11.67642002630923,standard_3d_pharmacophore,aligned,decoy
ZINCf5000000VlCY,1250,11.671687005220054,standard_3d_pharmacophore,aligned,decoy
ZINCf5000002dJqU,1251,11.660879662316411,standard_3d_pharmacophore,aligned,decoy
ZINCf50000009r3c,1252,11.658864227010762,standard_3d_pharmacophore,aligned,decoy
ZINCf50000008TBi,1253,11.65645627471451,standard_3d_pharmacophore,aligned,decoy
ZINCf50000009YU0,1254,11.65577191484809,standard_3d_pharmacophore,aligned,decoy
ZINCf5000002rV83,1255,11.65082984920633,standard_3d_pharmacophore,aligned,decoy
ZINCf50000009Uk0,1256,11.649093342607287,standard_3d_pharmacophore,aligned,decoy
ZINCf500000188ox,1257,11.642939526950336,standard_3d_pharmacophore,aligned,decoy
ZINCf5000000axTO,1258,11.639784053896669,standard_3d_pharmacophore,aligned,decoy
ZINCf50000009vXW,1259,11.635915209235641,standard_3d_pharmacophore,aligned,decoy
ZINCf50000008TRs,1260,11.630426284604026,standard_3d_pharmacophore,aligned,decoy
ZINCf5000001A4En,1261,11.62893291160514,standard_3d_pharmacophore,aligned,decoy
ZINCf5000001Qom4,1262,11.622386242156953,standard_3d_pharmacophore,aligned,decoy
ZINCf5000002seQW,1263,11.616387287508639,standard_3d_pharmacophore,aligned,decoy
ZINCf5000000ZuJO,1264,11.610154312682015,standard_3d_pharmacophore,aligned,decoy
ZINCf50000008TDx,1265,11.603135242825715,standard_3d_pharmacophore,aligned,decoy
ZINCf5000000ZsYv,1266,11.597851214722441,standard_3d_pharmacophore,aligned,decoy
ZINCf50000009zwx,1267,11.595754105657265,standard_3d_pharmacophore,aligned,decoy
ZINCf50000009GL3,1268,11.581058751039409,standard_3d_pharmacophore,aligned,decoy
ZINCf50000017HSQ,1269,11.577408171673905,standard_3d_pharmacophore,aligned,decoy
ZINCf5000002d8V9,1270,11.572387237886703,standard_3d_pharmacophore,aligned,decoy
ZINCf5000002rVew,1271,11.557399632508606,standard_3d_pharmacophore,aligned,decoy
ZINCf5000002rS98,1272,11.549458307198524,standard_3d_pharmacophore,aligned,decoy
ZINCf5000001801V,1273,11.547544363666024,standard_3d_pharmacophore,aligned,decoy
ZINCf5000002rx2V,1274,11.54460477699253,standard_3d_pharmacophore,aligned,decoy
ZINCf50000009upV,1275,11.541782860840307,standard_3d_pharmacophore,aligned,decoy
ZINCf5000001MEbZ,1276,11.537094099772917,standard_3d_pharmacophore,aligned,decoy
ZINCf5000002aK4D,1277,11.526564505486563,standard_3d_pharmacophore,aligned,decoy
ZINCf5000000ZrK7,1278,11.524869499871114,standard_3d_pharmacophore,aligned,decoy
ZINCf50000018cDk,1279,11.518924103310374,standard_3d_pharmacophore,aligned,decoy
ZINCf50000017LMl,1280,11.512718071804565,standard_3d_pharmacophore,aligned,decoy
ZINCf5000002s8CW,1281,11.50636010977355,standard_3d_pharmacophore,aligned,decoy
ZINCf50000017tF2,1282,11.500317442239233,standard_3d_pharmacophore,aligned,decoy
ZINCf5000002955q,1283,11.491250251197636,standard_3d_pharmacophore,aligned,decoy
ZINCf5000000algw,1284,11.48223775236974,standard_3d_pharmacophore,aligned,decoy
ZINCf50000009hsv,1285,11.480640634057151,standard_3d_pharmacophore,aligned,decoy
ZINCf50000009ITk,1286,11.476270587287733,standard_3d_pharmacophore,aligned,decoy
ZINCf50000009GL0,1287,11.455956833101869,standard_3d_pharmacophore,aligned,decoy
ZINCf5000000a959,1288,11.454385298670708,standard_3d_pharmacophore,aligned,decoy
ZINCf50000018dKA,1289,11.438264130292794,standard_3d_pharmacophore,aligned,decoy
ZINCf50000027PC8,1290,11.428262429218668,standard_3d_pharmacophore,aligned,decoy
ZINCf50000028HLN,1291,11.41258579818413,standard_3d_pharmacophore,aligned,decoy
ZINCf50000018a3D,1292,11.412048134642614,standard_3d_pharmacophore,aligned,decoy
ZINCf50000018c0T,1293,11.41125431423327,standard_3d_pharmacophore,aligned,decoy
CHEMBL378100,1294,11.40997009543227,standard_3d_pharmacophore,aligned,active
ZINCf5000000aiZh,1295,11.406390112161887,standard_3d_pharmacophore,aligned,decoy
ZINCf5000002r2MZ,1296,11.400356577703192,standard_3d_pharmacophore,aligned,decoy
ZINCf5000001ZqD7,1297,11.397129299302426,standard_3d_pharmacophore,aligned,decoy
ZINCf50000008Xan,1298,11.3910959556226,standard_3d_pharmacophore,aligned,decoy
ZINCf50000024ITY,1299,11.379879664712028,standard_3d_pharmacophore,aligned,decoy
ZINCf50000017vc6,1300,11.367322020788224,standard_3d_pharmacophore,aligned,decoy
ZINCf5000002aKDa,1301,11.353601042047078,standard_3d_pharmacophore,aligned,decoy
ZINCf50000009XDh,1302,11.35079305602896,standard_3d_pharmacophore,aligned,decoy
ZINCf50000009cQd,1303,11.344080054097885,standard_3d_pharmacophore,aligned,decoy
ZINCf5000000ZsB5,1304,11.343465364600092,standard_3d_pharmacophore,aligned,decoy
ZINCf5000002aU6d,1305,11.341146260606829,standard_3d_pharmacophore,aligned,decoy
ZINCf5000002edWS,1306,11.321305371726941,standard_3d_pharmacophore,aligned,decoy
ZINCf50000024lws,1307,11.312800875408154,standard_3d_pharmacophore,aligned,decoy
ZINCf500000267uy,1308,11.3098636638851,standard_3d_pharmacophore,aligned,decoy
ZINCf50000008M1J,1309,11.302647557544136,standard_3d_pharmacophore,aligned,decoy
ZINCf50000009ILS,1310,11.29513944432067,standard_3d_pharmacophore,aligned,decoy
ZINCf5000002dFc1,1311,11.292420604948308,standard_3d_pharmacophore,aligned,decoy
ZINCf5000000aswG,1312,11.272823991098907,standard_3d_pharmacophore,aligned,decoy
ZINCf50000029Cq2,1313,11.27150044635969,standard_3d_pharmacophore,aligned,decoy
ZINCf5000002scKn,1314,11.267931255186367,standard_3d_pharmacophore,aligned,decoy
ZINCf50000017AE5,1315,11.265354163402161,standard_3d_pharmacophore,aligned,decoy
ZINCf50000009Xf7,1316,11.25508856908665,standard_3d_pharmacophore,aligned,decoy
ZINCf5000002e1wH,1317,11.254025149506694,standard_3d_pharmacophore,aligned,decoy
ZINCf50000017QiB,1318,11.247756756558854,standard_3d_pharmacophore,aligned,decoy
ZINCf50000017B0q,1319,11.244787837224726,standard_3d_pharmacophore,aligned,decoy
ZINCf50000018442,1320,11.225977468011909,standard_3d_pharmacophore,aligned,decoy
ZINCf50000017puu,1321,11.219931022173013,standard_3d_pharmacophore,aligned,decoy
ZINCf50000009qFA,1322,11.21709230070569,standard_3d_pharmacophore,aligned,decoy
ZINCf5000002e0oX,1323,11.214314035537875,standard_3d_pharmacophore,aligned,decoy
ZINCf5000000a183,1324,11.20992671448546,standard_3d_pharmacophore,aligned,decoy
ZINCf5000002e086,1325,11.208382741075347,standard_3d_pharmacophore,aligned,decoy
ZINCf5000000acqq,1326,11.201844513543335,standard_3d_pharmacophore,aligned,decoy
ZINCf5000000VYSf,1327,11.181189074904397,standard_3d_pharmacophore,aligned,decoy
ZINCf50000026YZ4,1328,11.168264281312654,standard_3d_pharmacophore,aligned,decoy
ZINCf5000002oC09,1329,11.15853868454289,standard_3d_pharmacophore,aligned,decoy
ZINCf50000008UZR,1330,11.151268184829108,standard_3d_pharmacophore,aligned,decoy
ZINCf5000000aoiE,1331,11.145378784198222,standard_3d_pharmacophore,aligned,decoy
ZINCf5000000ajAL,1332,11.143356205341123,standard_3d_pharmacophore,aligned,decoy
ZINCf50000009zug,1333,11.124446737957403,standard_3d_pharmacophore,aligned,decoy
ZINCf5000000ZwUV,1334,11.118412373184317,standard_3d_pharmacophore,aligned,decoy
ZINCf5000002rkba,1335,11.117723254414969,standard_3d_pharmacophore,aligned,decoy
ZINCf5000002qtL5,1336,11.10823139256508,standard_3d_pharmacophore,aligned,decoy
ZINCf5000000WAzG,1337,11.100104050494023,standard_3d_pharmacophore,aligned,decoy
ZINCf50000027elu,1338,11.09415933685907,standard_3d_pharmacophore,aligned,decoy
ZINCf5000000apS0,1339,11.070462105370142,standard_3d_pharmacophore,aligned,decoy
ZINCf5000002rjYx,1340,11.069237983960724,standard_3d_pharmacophore,aligned,decoy
ZINCf50000025AQY,1341,11.063364582270161,standard_3d_pharmacophore,aligned,decoy
ZINCf50000008Asi,1342,11.062242686096697,standard_3d_pharmacophore,aligned,decoy
ZINCf50000009FJD,1343,11.059609423140456,standard_3d_pharmacophore,aligned,decoy
ZINCf5000000axST,1344,11.058325478262194,standard_3d_pharmacophore,aligned,decoy
ZINCf5000002rJso,1345,11.056177582492957,standard_3d_pharmacophore,aligned,decoy
ZINCf5000002sezk,1346,11.05040088846766,standard_3d_pharmacophore,aligned,decoy
ZINCf50000017SUC,1347,11.02734048484852,standard_3d_pharmacophore,aligned,decoy
ZINCf50000009GLi,1348,11.006652513361578,standard_3d_pharmacophore,aligned,decoy
ZINCf5000002quEl,1349,11.0036542725821,standard_3d_pharmacophore,aligned,decoy
ZINCf50000009PTa,1350,10.995343489361709,standard_3d_pharmacophore,aligned,decoy
ZINCf5000000azM9,1351,10.991880556943046,standard_3d_pharmacophore,aligned,decoy
ZINCf5000000ZwRE,1352,10.990104682958568,standard_3d_pharmacophore,aligned,decoy
ZINCf50000008N25,1353,10.983903028863113,standard_3d_pharmacophore,aligned,decoy
ZINCf500000204MX,1354,10.981582762141727,standard_3d_pharmacophore,aligned,decoy
ZINCf50000017tTB,1355,10.977714779494907,standard_3d_pharmacophore,aligned,decoy
ZINCf5000000ZxFj,1356,10.962397140785193,standard_3d_pharmacophore,aligned,decoy
ZINCf5000000a7WE,1357,10.95285551197245,standard_3d_pharmacophore,aligned,decoy
ZINCf50000009eyw,1358,10.947629112267556,standard_3d_pharmacophore,aligned,decoy
ZINCf500000187Mb,1359,10.920873158291972,standard_3d_pharmacophore,aligned,decoy
ZINCf5000001MWza,1360,10.911219873639135,standard_3d_pharmacophore,aligned,decoy
ZINCf5000002rwmF,1361,10.90426629680283,standard_3d_pharmacophore,aligned,decoy
ZINCf5000000WADx,1362,10.898742758482332,standard_3d_pharmacophore,aligned,decoy
ZINCf5000000ZwR3,1363,10.894998110718637,standard_3d_pharmacophore,aligned,decoy
ZINCf5000001AWsS,1364,10.883988597736932,standard_3d_pharmacophore,aligned,decoy
ZINCf5000002rWLl,1365,10.8797253609847,standard_3d_pharmacophore,aligned,decoy
ZINCf50000009qR8,1366,10.87148875710343,standard_3d_pharmacophore,aligned,decoy
ZINCf5000002rRZf,1367,10.864752830614371,standard_3d_pharmacophore,aligned,decoy
ZINCf50000026Fx1,1368,10.864362935596164,standard_3d_pharmacophore,aligned,decoy
ZINCf5000002rGpB,1369,10.85850999643763,standard_3d_pharmacophore,aligned,decoy
ZINCf5000002899w,1370,10.854336300023155,standard_3d_pharmacophore,aligned,decoy
ZINCf5000001845d,1371,10.852102201429453,standard_3d_pharmacophore,aligned,decoy
ZINCf50000009Ha4,1372,10.811319730511014,standard_3d_pharmacophore,aligned,decoy
ZINCf50000009eMS,1373,10.810289255204124,standard_3d_pharmacophore,aligned,decoy
ZINCf5000000as8i,1374,10.808832998574522,standard_3d_pharmacophore,aligned,decoy
ZINCf5000002rGmA,1375,10.80700757502341,standard_3d_pharmacophore,aligned,decoy
ZINCf5000000a8i9,1376,10.797435451534117,standard_3d_pharmacophore,aligned,decoy
ZINCf50000009mqe,1377,10.791017147204824,standard_3d_pharmacophore,aligned,decoy
ZINCf50000009BLu,1378,10.787969391640189,standard_3d_pharmacophore,aligned,decoy
ZINCf5000002dmly,1379,10.775568261353826,standard_3d_pharmacophore,aligned,decoy
ZINCf50000008Rlp,1380,10.765483482435894,standard_3d_pharmacophore,aligned,decoy
ZINCf5000000ae2p,1381,10.762731650379378,standard_3d_pharmacophore,aligned,decoy
ZINCf5000002oGW4,1382,10.726115005033677,standard_3d_pharmacophore,aligned,decoy
ZINCf50000017Mn5,1383,10.708693094361623,standard_3d_pharmacophore,aligned,decoy
ZINCf500000182p9,1384,10.705815008456783,standard_3d_pharmacophore,aligned,decoy
ZINCf50000028gDz,1385,10.692903305834749,standard_3d_pharmacophore,aligned,decoy
ZINCf5000002eoOk,1386,10.686033234517387,standard_3d_pharmacophore,aligned,decoy
ZINCf50000008VNR,1387,10.669151145063088,standard_3d_pharmacophore,aligned,decoy
ZINCf5000002s5Dp,1388,10.668864487808857,standard_3d_pharmacophore,aligned,decoy
ZINCf50000008WZ3,1389,10.63614193345688,standard_3d_pharmacophore,aligned,decoy
ZINCf50000009zw4,1390,10.63060362199741,standard_3d_pharmacophore,aligned,decoy
ZINCf5000002dKxn,1391,10.609500188507887,standard_3d_pharmacophore,aligned,decoy
ZINCf5000002qsQM,1392,10.59583832504223,standard_3d_pharmacophore,aligned,decoy
ZINCf5000002rr5Z,1393,10.59379498695063,standard_3d_pharmacophore,aligned,decoy
ZINCf5000001GyDA,1394,10.593496007185264,standard_3d_pharmacophore,aligned,decoy
ZINCf50000009V36,1395,10.592441108106247,standard_3d_pharmacophore,aligned,decoy
ZINCf50000008Qrr,1396,10.591885907856996,standard_3d_pharmacophore,aligned,decoy
ZINCf50000009FT6,1397,10.590713482355415,standard_3d_pharmacophore,aligned,decoy
ZINCf5000000SMPn,1398,10.583556196025775,standard_3d_pharmacophore,aligned,decoy
ZINCf5000000adwF,1399,10.579248706315816,standard_3d_pharmacophore,aligned,decoy
ZINCf5000001s8Uu,1400,10.579248689273582,standard_3d_pharmacophore,aligned,decoy
ZINCf50000018aBP,1401,10.579247286073242,standard_3d_pharmacophore,aligned,decoy
ZINCf5000002qxsa,1402,10.579246314095766,standard_3d_pharmacophore,aligned,decoy
ZINCf5000000aiIl,1403,10.579245991953806,standard_3d_pharmacophore,aligned,decoy
ZINCf5000002ryaK,1404,10.579243680956349,standard_3d_pharmacophore,aligned,decoy
ZINCf5000001vEAg,1405,10.579241711293507,standard_3d_pharmacophore,aligned,decoy
ZINCf50000017oXK,1406,10.579241126570416,standard_3d_pharmacophore,aligned,decoy
ZINCf5000002rXvB,1407,10.579235317890687,standard_3d_pharmacophore,aligned,decoy
ZINCf5000002rvPA,1408,10.57922657712682,standard_3d_pharmacophore,aligned,decoy
ZINCf500000185CT,1409,10.579214914566078,standard_3d_pharmacophore,aligned,decoy
ZINCf50000008IcN,1410,10.57916095072779,standard_3d_pharmacophore,aligned,decoy
ZINCf5000001FcQz,1411,10.579150879191905,standard_3d_pharmacophore,aligned,decoy
ZINCf5000001vqaL,1412,10.579011185844294,standard_3d_pharmacophore,aligned,decoy
ZINCf50000009Fz0,1413,10.579009369301295,standard_3d_pharmacophore,aligned,decoy
ZINCf5000002rvKA,1414,10.578844757022013,standard_3d_pharmacophore,aligned,decoy
ZINCf5000001ytw2,1415,10.578660002407247,standard_3d_pharmacophore,aligned,decoy
ZINCf5000000adyO,1416,10.57860609772195,standard_3d_pharmacophore,aligned,decoy
ZINCf5000002aPLI,1417,10.578459334333218,standard_3d_pharmacophore,aligned,decoy
ZINCf50000008OyQ,1418,10.5783371732106,standard_3d_pharmacophore,aligned,decoy
ZINCf500000181pp,1419,10.578168238196625,standard_3d_pharmacophore,aligned,decoy
ZINCf5000002rCUc,1420,10.577871285463875,standard_3d_pharmacophore,aligned,decoy
ZINCf5000002rpRe,1421,10.57743735532685,standard_3d_pharmacophore,aligned,decoy
ZINCf5000002qtn7,1422,10.577356521856826,standard_3d_pharmacophore,aligned,decoy
ZINCf50000009SV2,1423,10.576872705447137,standard_3d_pharmacophore,aligned,decoy
ZINCf5000000ajB7,1424,10.576745028584828,standard_3d_pharmacophore,aligned,decoy
ZINCf5000002rBIz,1425,10.576715826859196,standard_3d_pharmacophore,aligned,decoy
ZINCf50000017Vjf,1426,10.57632472441134,standard_3d_pharmacophore,aligned,decoy
ZINCf50000017wMe,1427,10.575951817348633,standard_3d_pharmacophore,aligned,decoy
ZINCf50000017Z6B,1428,10.57565161345408,standard_3d_pharmacophore,aligned,decoy
ZINCf5000001MY3e,1429,10.5755081363679,standard_3d_pharmacophore,aligned,decoy
ZINCf50000017QTY,1430,10.574217176806407,standard_3d_pharmacophore,aligned,decoy
ZINCf50000008Qcv,1431,10.573492242643521,standard_3d_pharmacophore,aligned,decoy
ZINCf5000002rwml,1432,10.572677807393248,standard_3d_pharmacophore,aligned,decoy
ZINCf5000002rwmk,1433,10.569987526879768,standard_3d_pharmacophore,aligned,decoy
ZINCf50000017GMD,1434,10.569649988406727,standard_3d_pharmacophore,aligned,decoy
ZINCf50000008Wvs,1435,10.568921089893292,standard_3d_pharmacophore,aligned,decoy
ZINCf5000002rwnU,1436,10.56825483293936,standard_3d_pharmacophore,aligned,decoy
ZINCf5000002rIvm,1437,10.568128559728759,standard_3d_pharmacophore,aligned,decoy
ZINCf50000018457,1438,10.566894137679668,standard_3d_pharmacophore,aligned,decoy
ZINCf50000009DiV,1439,10.566817572066453,standard_3d_pharmacophore,aligned,decoy
ZINCf5000000axRs,1440,10.56671809197453,standard_3d_pharmacophore,aligned,decoy
ZINCf5000002rgTV,1441,10.566048081343604,standard_3d_pharmacophore,aligned,decoy
ZINCf5000001JWNp,1442,10.56531803729317,standard_3d_pharmacophore,aligned,decoy
ZINCf5000002rxMM,1443,10.563518476274215,standard_3d_pharmacophore,aligned,decoy
ZINCf5000002qZ68,1444,10.56242353320562,standard_3d_pharmacophore,aligned,decoy
ZINCf5000000a0u4,1445,10.562181464923198,standard_3d_pharmacophore,aligned,decoy
ZINCf5000000ZwXi,1446,10.560657707075743,standard_3d_pharmacophore,aligned,decoy
ZINCf5000002qSOK,1447,10.55480653342498,standard_3d_pharmacophore,aligned,decoy
ZINCf5000000a2St,1448,10.553772941737483,standard_3d_pharmacophore,aligned,decoy
ZINCf50000017SBr,1449,10.550813658193686,standard_3d_pharmacophore,aligned,decoy
ZINCf5000002rXwv,1450,10.547138224392723,standard_3d_pharmacophore,aligned,decoy
ZINCf50000025DEQ,1451,10.546691923022369,standard_3d_pharmacophore,aligned,decoy
ZINCf5000000S76T,1452,10.544591916171754,standard_3d_pharmacophore,aligned,decoy
ZINCf5000002dDL1,1453,10.537489940513158,standard_3d_pharmacophore,aligned,decoy
ZINCf50000026qzT,1454,10.531580030334638,standard_3d_pharmacophore,aligned,decoy
ZINCf5000002r6Wu,1455,10.52979109259573,standard_3d_pharmacophore,aligned,decoy
ZINCf5000002qy1u,1456,10.52862700293197,standard_3d_pharmacophore,aligned,decoy
ZINCf50000009G9B,1457,10.524863387183352,standard_3d_pharmacophore,aligned,decoy
ZINCf50000009PaG,1458,10.521973884837443,standard_3d_pharmacophore,aligned,decoy
ZINCf50000008ZCq,1459,10.51976196741429,standard_3d_pharmacophore,aligned,decoy
ZINCf50000017Iar,1460,10.517496780732966,standard_3d_pharmacophore,aligned,decoy
ZINCf50000017I7F,1461,10.51620406546495,standard_3d_pharmacophore,aligned,decoy
ZINCf5000000abZq,1462,10.512816421348724,standard_3d_pharmacophore,aligned,decoy
ZINCf50000028Pa6,1463,10.5108306757946,standard_3d_pharmacophore,aligned,decoy
ZINCf50000021pZK,1464,10.508765184768228,standard_3d_pharmacophore,aligned,decoy
ZINCf5000002qSav,1465,10.502507606709232,standard_3d_pharmacophore,aligned,decoy
ZINCf50000009I3a,1466,10.501862658193081,standard_3d_pharmacophore,aligned,decoy
ZINCf50000009efE,1467,10.499732046545125,standard_3d_pharmacophore,aligned,decoy
ZINCf5000001815z,1468,10.499018209141648,standard_3d_pharmacophore,aligned,decoy
ZINCf5000002rqfo,1469,10.493590882549901,standard_3d_pharmacophore,aligned,decoy
ZINCf5000002aOJy,1470,10.490855159176773,standard_3d_pharmacophore,aligned,decoy
ZINCf5000002qAao,1471,10.487923170010653,standard_3d_pharmacophore,aligned,decoy
ZINCf5000001Ooyo,1472,10.485945285789814,standard_3d_pharmacophore,aligned,decoy
ZINCf50000009Vj9,1473,10.48161795683113,standard_3d_pharmacophore,aligned,decoy
ZINCf50000024flk,1474,10.480759305669489,standard_3d_pharmacophore,aligned,decoy
ZINCf5000002rw9J,1475,10.477530320214653,standard_3d_pharmacophore,aligned,decoy
ZINCf5000002e1ZE,1476,10.475537863492521,standard_3d_pharmacophore,aligned,decoy
ZINCf5000002rgpg,1477,10.47444588812605,standard_3d_pharmacophore,aligned,decoy
ZINCf500000096Tl,1478,10.469404358894046,standard_3d_pharmacophore,aligned,decoy
ZINCf50000009PaP,1479,10.46793572164794,standard_3d_pharmacophore,aligned,decoy
ZINCf50000017D32,1480,10.463344727457907,standard_3d_pharmacophore,aligned,decoy
ZINCf5000001847F,1481,10.462729700867701,standard_3d_pharmacophore,aligned,decoy
ZINCf5000001XPLl,1482,10.458365074748965,standard_3d_pharmacophore,aligned,decoy
ZINCf50000009Gaz,1483,10.456241003963076,standard_3d_pharmacophore,aligned,decoy
ZINCf500000184hi,1484,10.446767366313496,standard_3d_pharmacophore,aligned,decoy
ZINCf50000008Upo,1485,10.446651551518308,standard_3d_pharmacophore,aligned,decoy
ZINCf5000002rwuD,1486,10.429784642602927,standard_3d_pharmacophore,aligned,decoy
ZINCf5000002rwuK,1487,10.425354253177664,standard_3d_pharmacophore,aligned,decoy
ZINCf5000002rwuJ,1488,10.424467854822117,standard_3d_pharmacophore,aligned,decoy
ZINCf50000008Q3e,1489,10.400040202915832,standard_3d_pharmacophore,aligned,decoy
ZINCf5000001870t,1490,10.392010834044653,standard_3d_pharmacophore,aligned,decoy
ZINCf5000000ajFz,1491,10.39136729294313,standard_3d_pharmacophore,aligned,decoy
ZINCf5000002shzj,1492,10.377223021354622,standard_3d_pharmacophore,aligned,decoy
ZINCf5000000abZj,1493,10.371073727018956,standard_3d_pharmacophore,aligned,decoy
ZINCf50000008zYd,1494,10.355867532655559,standard_3d_pharmacophore,aligned,decoy
ZINCf5000002rseC,1495,10.355299365544441,standard_3d_pharmacophore,aligned,decoy
ZINCf50000017D6a,1496,10.3548034204596,standard_3d_pharmacophore,aligned,decoy
ZINCf50000026cQC,1497,10.35379157039577,standard_3d_pharmacophore,aligned,decoy
ZINCf5000000artb,1498,10.35317819078916,standard_3d_pharmacophore,aligned,decoy
ZINCf50000017sOK,1499,10.35146740656262,standard_3d_pharmacophore,aligned,decoy
ZINCf5000002s0Sr,1500,10.34524799230588,standard_3d_pharmacophore,aligned,decoy
ZINCf5000002aOhX,1501,10.328047027977226,standard_3d_pharmacophore,aligned,decoy
ZINCf5000000abAi,1502,10.325502064888997,standard_3d_pharmacophore,aligned,decoy
ZINCf50000009d8s,1503,10.32537862781371,standard_3d_pharmacophore,aligned,decoy
ZINCf5000002dIPV,1504,10.309585298502487,standard_3d_pharmacophore,aligned,decoy
ZINCf5000000abZa,1505,10.264334319068091,standard_3d_pharmacophore,aligned,decoy
ZINCf5000001U2Yt,1506,10.248857919819292,standard_3d_pharmacophore,aligned,decoy
ZINCf50000028ISp,1507,10.247708481783869,standard_3d_pharmacophore,aligned,decoy
ZINCf50000017zdT,1508,10.237236038143811,standard_3d_pharmacophore,aligned,decoy
ZINCf500000180XO,1509,10.234065844047525,standard_3d_pharmacophore,aligned,decoy
ZINCf5000001EpbE,1510,10.215187547536626,standard_3d_pharmacophore,aligned,decoy
ZINCf50000017u6n,1511,10.214108041794,standard_3d_pharmacophore,aligned,decoy
ZINCf5000002duCU,1512,10.213001484272937,standard_3d_pharmacophore,aligned,decoy
ZINCf50000009BJc,1513,10.166235643962098,standard_3d_pharmacophore,aligned,decoy
ZINCf5000000944q,1514,10.160475675226163,standard_3d_pharmacophore,aligned,decoy
ZINCf5000002mteh,1515,10.131761521330757,standard_3d_pharmacophore,aligned,decoy
ZINCf50000017uUS,1516,10.092765694509984,standard_3d_pharmacophore,aligned,decoy
ZINCf5000002rwt8,1517,10.070858957495743,standard_3d_pharmacophore,aligned,decoy
ZINCf5000000ae4O,1518,10.070488818934177,standard_3d_pharmacophore,aligned,decoy
ZINCf50000026iVi,1519,10.069531614812359,standard_3d_pharmacophore,aligned,decoy
ZINCf5000002ovE3,1520,10.050650479409777,standard_3d_pharmacophore,aligned,decoy
ZINCf5000002oGSO,1521,9.940574767787119,standard_3d_pharmacophore,aligned,decoy
ZINCf50000017TsV,1522,9.934844764376695,standard_3d_pharmacophore,aligned,decoy
ZINCf5000000af5V,1523,9.93270450577772,standard_3d_pharmacophore,aligned,decoy
ZINCf50000017EUv,1524,9.886193452588493,standard_3d_pharmacophore,aligned,decoy
ZINCf5000000ZwTM,1525,9.871285210029955,standard_3d_pharmacophore,aligned,decoy
ZINCf5000000959K,1526,9.808174895385722,standard_3d_pharmacophore,aligned,decoy
ZINCf5000000a0DR,1527,9.761221907815752,standard_3d_pharmacophore,aligned,decoy
CHEMBL416288,1528,9.746705868237024,standard_3d_pharmacophore,aligned,active
ZINCf5000002s4Qj,1529,9.628770005475644,standard_3d_pharmacophore,aligned,decoy
ZINCf50000017EZq,1530,9.569227652254106,standard_3d_pharmacophore,aligned,decoy
ZINCf5000000a9rH,1531,9.565631950725978,standard_3d_pharmacophore,aligned,decoy
ZINCf50000009vOz,1532,9.17284212500329,standard_3d_pharmacophore,aligned,decoy
ZINCf5000000absw,1533,9.169154803958987,standard_3d_pharmacophore,aligned,decoy
ZINCf5000002d9mj,1534,8.8815899408065,standard_3d_pharmacophore,aligned,decoy
ZINCf5000000ZxFI,1535,8.765248040810459,standard_3d_pharmacophore,aligned,decoy
ZINCf5000002eeL6,1536,8.708970418911264,standard_3d_pharmacophore,aligned,decoy
ZINCf5000002a8Vn,1537,8.604711680222008,standard_3d_pharmacophore,aligned,decoy
ZINCf50000017xZi,1538,8.226455125675816,standard_3d_pharmacophore,aligned,decoy
ZINCf5000000YaTM,1539,7.965862068783699,standard_3d_pharmacophore,aligned,decoy
ZINCf5000002armR,1540,7.923661923374644,standard_3d_pharmacophore,aligned,decoy
ZINCf5000001qm5O,1541,7.853797949976221,standard_3d_pharmacophore,aligned,decoy
ZINCf50000009vQr,1542,7.554588046178676,standard_3d_pharmacophore,aligned,decoy
