ligand_id,rank,score,method,status,label
ZINCk5000003XypT,1,18.926065629958188,stage3_only,stage3_scored,decoy
ZINCk700000gshd2,2,18.41143741402957,stage3_only,stage3_scored,decoy
ZINCk7000009KaSc,3,18.10503522542708,stage3_only,stage3_scored,decoy
ZINCk600000gpjUi,4,18.036353958969187,stage3_only,stage3_scored,decoy
ZINCk600000PAbK4,5,17.927126786618796,stage3_only,stage3_scored,decoy
ZINCk6000004cMDY,6,17.920056479362835,stage3_only,stage3_scored,decoy
ZINCk500000g7D7l,7,17.89126229122606,stage3_only,stage3_scored,decoy
ZINCk600000Emwp9,8,17.876037503410156,stage3_only,stage3_scored,decoy
ZINCk800001bQ7y7,9,17.85919096673773,stage3_only,stage3_scored,decoy
ZINCk8000009LkS9,10,17.788339158307316,stage3_only,stage3_scored,decoy
ZINCk700000y8oGT,11,17.749499459313366,stage3_only,stage3_scored,decoy
ZINCk8000004kdUG,12,17.695118629751132,stage3_only,stage3_scored,decoy
ZINCk5000003ZBIh,13,17.65500824357222,stage3_only,stage3_scored,decoy
ZINCj800000JUdcT,14,17.621905546784976,stage3_only,stage3_scored,decoy
ZINCk700000PApkS,15,17.589482644179956,stage3_only,stage3_scored,decoy
ZINCk700000PwyU8,16,17.562599309456676,stage3_only,stage3_scored,decoy
ZINCk500000404rl,17,17.54826536826574,stage3_only,stage3_scored,decoy
ZINCk7000009KQXz,18,17.529777476509825,stage3_only,stage3_scored,decoy
ZINCk800000PCa7X,19,17.528787602702085,stage3_only,stage3_scored,decoy
ZINCj800000wOPwk,20,17.516994930518507,stage3_only,stage3_scored,decoy
ZINCk800000PxY2q,21,17.493416013451576,stage3_only,stage3_scored,decoy
ZINCj8000009kyrL,22,17.47217027610053,stage3_only,stage3_scored,decoy
ZINCk700000Pz1Mx,23,17.449399992347004,stage3_only,stage3_scored,decoy
ZINCk600000dr5nm,24,17.389821251422106,stage3_only,stage3_scored,decoy
ZINCk50000048uoN,25,17.389496965224073,stage3_only,stage3_scored,decoy
ZINCk7000009KqEJ,26,17.386992577188124,stage3_only,stage3_scored,decoy
CHEMBL4068667,27,17.352319446757463,stage3_only,stage3_scored,active
ZINCk600000JT4WB,28,17.315124107119022,stage3_only,stage3_scored,decoy
ZINCk700000ciELC,29,17.302361821232598,stage3_only,stage3_scored,decoy
ZINCk6000009Jcmw,30,17.295214992801508,stage3_only,stage3_scored,decoy
ZINCk500000dqbkl,31,17.287307041487676,stage3_only,stage3_scored,decoy
ZINCk500000doPCW,32,17.285023014348766,stage3_only,stage3_scored,decoy
ZINCk500000dpaFq,33,17.239614123919917,stage3_only,stage3_scored,decoy
ZINCk800000GgcQd,34,17.233450691481764,stage3_only,stage3_scored,decoy
ZINCk800000AJ7Pr,35,17.232865132941672,stage3_only,stage3_scored,decoy
ZINCk700000BmGKf,36,17.232602041018072,stage3_only,stage3_scored,decoy
ZINCk8000004jwUH,37,17.211255276279875,stage3_only,stage3_scored,decoy
ZINCk800000JT9Lq,38,17.180936513899454,stage3_only,stage3_scored,decoy
ZINCk500000gf7iY,39,17.17864102399452,stage3_only,stage3_scored,decoy
ZINCk800000PCht1,40,17.172612672807112,stage3_only,stage3_scored,decoy
ZINCk700000PBw9i,41,17.159655363421532,stage3_only,stage3_scored,decoy
ZINCk700000Pxm9s,42,17.127075156054204,stage3_only,stage3_scored,decoy
ZINCk5000003XxBJ,43,17.126694083428788,stage3_only,stage3_scored,decoy
ZINCj600000EmrHE,44,17.12199486993634,stage3_only,stage3_scored,decoy
ZINCk7000018TAx0,45,17.121697789424648,stage3_only,stage3_scored,decoy
ZINCk6000004dEGN,46,17.112903009846253,stage3_only,stage3_scored,decoy
ZINCk500000gdYad,47,17.093883255101098,stage3_only,stage3_scored,decoy
ZINCj700000ch6S4,48,17.09008975570403,stage3_only,stage3_scored,decoy
ZINCk800001bNsqu,49,17.074996916534666,stage3_only,stage3_scored,decoy
ZINCk800000GfEZE,50,17.071720824258836,stage3_only,stage3_scored,decoy
ZINCk700000J9Lst,51,17.03660029022221,stage3_only,stage3_scored,decoy
ZINCj8000018SXuH,52,17.024741783917914,stage3_only,stage3_scored,decoy
ZINCk5000009CvxT,53,17.022318451571927,stage3_only,stage3_scored,decoy
ZINCk50000041Ekg,54,17.02040771845782,stage3_only,stage3_scored,decoy
ZINCk6000004dGDK,55,17.014693940833084,stage3_only,stage3_scored,decoy
ZINCj7000002nUcZ,56,16.986368453191506,stage3_only,stage3_scored,decoy
ZINCj700000y9JqT,57,16.980492534753527,stage3_only,stage3_scored,decoy
ZINCk600000PzaKr,58,16.95089544600872,stage3_only,stage3_scored,decoy
ZINCk6000004dvHh,59,16.94522927900787,stage3_only,stage3_scored,decoy
ZINCk600000dqYu8,60,16.92825928835191,stage3_only,stage3_scored,decoy
ZINCk7000009KOAY,61,16.927563549143333,stage3_only,stage3_scored,decoy
ZINCk6000004cObJ,62,16.92427947473504,stage3_only,stage3_scored,decoy
ZINCk800000PCakz,63,16.914634052502816,stage3_only,stage3_scored,decoy
ZINCk700000AJ7PV,64,16.905404096465,stage3_only,stage3_scored,decoy
ZINCj500000wzxq5,65,16.88932876211837,stage3_only,stage3_scored,decoy
ZINCk8000004iBsW,66,16.886479568010486,stage3_only,stage3_scored,decoy
ZINCk800000wpj7T,67,16.877934575877234,stage3_only,stage3_scored,decoy
ZINCk5000003YBaj,68,16.850603018729526,stage3_only,stage3_scored,decoy
ZINCj600001bTl5I,69,16.849098475588512,stage3_only,stage3_scored,decoy
ZINCk600000JU2qg,70,16.845693603309936,stage3_only,stage3_scored,decoy
ZINCk6000018TdYz,71,16.845640438516945,stage3_only,stage3_scored,decoy
ZINCk500000dorzK,72,16.84524882632974,stage3_only,stage3_scored,decoy
ZINCj8000002qaPc,73,16.839143896297355,stage3_only,stage3_scored,decoy
ZINCk5000003XmGL,74,16.8271725188323,stage3_only,stage3_scored,decoy
ZINCk800000dsdKl,75,16.811002585248335,stage3_only,stage3_scored,decoy
ZINCk600000JTZj2,76,16.80938661086927,stage3_only,stage3_scored,decoy
ZINCk600000PAcIp,77,16.808927816303797,stage3_only,stage3_scored,decoy
ZINCk700000GfEWD,78,16.79645705129876,stage3_only,stage3_scored,decoy
ZINCk800000JTuzK,79,16.78315400389969,stage3_only,stage3_scored,decoy
ZINCk600000dqOs8,80,16.777929950246527,stage3_only,stage3_scored,decoy
ZINCk7000018TgsP,81,16.777718209835008,stage3_only,stage3_scored,decoy
ZINCk8000018Tng8,82,16.774958762067445,stage3_only,stage3_scored,decoy
ZINCk5000009GBDF,83,16.761019299494613,stage3_only,stage3_scored,decoy
ZINCk700000Pwogp,84,16.743798894425606,stage3_only,stage3_scored,decoy
ZINCk800000ds54C,85,16.733642267303594,stage3_only,stage3_scored,decoy
ZINCk7000018Toae,86,16.731213484065417,stage3_only,stage3_scored,decoy
ZINCj8000002qHwa,87,16.730545309460197,stage3_only,stage3_scored,decoy
ZINCk7000004g0w8,88,16.729992217286394,stage3_only,stage3_scored,decoy
ZINCk500000dos4p,89,16.726768603616264,stage3_only,stage3_scored,decoy
ZINCk700000Pvyix,90,16.725587406718272,stage3_only,stage3_scored,decoy
ZINCj6000002lA0j,91,16.71783091727416,stage3_only,stage3_scored,decoy
ZINCj5000002eWzt,92,16.707403148462912,stage3_only,stage3_scored,decoy
ZINCk6000004c0eQ,93,16.70016966181317,stage3_only,stage3_scored,decoy
ZINCk7000004eHPj,94,16.682175391235496,stage3_only,stage3_scored,decoy
ZINCk8000004isr1,95,16.68145039202761,stage3_only,stage3_scored,decoy
ZINCk600000Pyws3,96,16.680832452114768,stage3_only,stage3_scored,decoy
ZINCk6000018TjIs,97,16.659125410428647,stage3_only,stage3_scored,decoy
ZINCk500000ge9pw,98,16.658813623074007,stage3_only,stage3_scored,decoy
ZINCk700000PBORJ,99,16.622843173598092,stage3_only,stage3_scored,decoy
ZINCk6000009Jov9,100,16.616264168034743,stage3_only,stage3_scored,decoy
ZINCj500000y8hyc,101,16.61128826449876,stage3_only,stage3_scored,decoy
ZINCk50000042Cs4,102,16.603593746979033,stage3_only,stage3_scored,decoy
ZINCk800000xcf0i,103,16.603290127662216,stage3_only,stage3_scored,decoy
ZINCk6000004c7Fb,104,16.602936415415183,stage3_only,stage3_scored,decoy
ZINCk5000003XmIf,105,16.595618200537217,stage3_only,stage3_scored,decoy
ZINCk800000JS88d,106,16.593771295479215,stage3_only,stage3_scored,decoy
ZINCk600000dr7bE,107,16.59340496214671,stage3_only,stage3_scored,decoy
ZINCk800000y8MSX,108,16.590250692947368,stage3_only,stage3_scored,decoy
ZINCk700000J9UzK,109,16.587573989835985,stage3_only,stage3_scored,decoy
ZINCk800000guYoP,110,16.577834937227873,stage3_only,stage3_scored,decoy
ZINCk700000PxRG7,111,16.57753079466231,stage3_only,stage3_scored,decoy
ZINCk800000GfTHg,112,16.556994062970148,stage3_only,stage3_scored,decoy
ZINCk800000y8w4r,113,16.555236044135842,stage3_only,stage3_scored,decoy
ZINCk500000483nz,114,16.55481698805141,stage3_only,stage3_scored,decoy
ZINCk700000vmfBK,115,16.54321309220312,stage3_only,stage3_scored,decoy
ZINCk8000004iHkF,116,16.5398993405941,stage3_only,stage3_scored,decoy
ZINCk700000PvoWp,117,16.539299704732606,stage3_only,stage3_scored,decoy
ZINCk700000PAs3x,118,16.531506481251217,stage3_only,stage3_scored,decoy
ZINCk700000vOWnu,119,16.53010195309914,stage3_only,stage3_scored,decoy
ZINCk7000009KwyY,120,16.526823894228365,stage3_only,stage3_scored,decoy
ZINCk500000404s3,121,16.523850195315053,stage3_only,stage3_scored,decoy
ZINCk500000464Qq,122,16.5207818259122,stage3_only,stage3_scored,decoy
ZINCk50000042bRF,123,16.51881986250122,stage3_only,stage3_scored,decoy
ZINCk800000gusNd,124,16.518476509376036,stage3_only,stage3_scored,decoy
ZINCk800000y7THL,125,16.516693296913786,stage3_only,stage3_scored,decoy
ZINCk8000004iLen,126,16.508341142111043,stage3_only,stage3_scored,decoy
CHEMBL5808134,127,16.50581282941557,stage3_only,stage3_scored,active
ZINCj800000Bob5d,128,16.505606980304208,stage3_only,stage3_scored,decoy
ZINCk8000004ihp9,129,16.498975811533576,stage3_only,stage3_scored,decoy
ZINCk700000JT2ZH,130,16.49475641594007,stage3_only,stage3_scored,decoy
ZINCk700001bPCxX,131,16.4902292831393,stage3_only,stage3_scored,decoy
ZINCk600000vxL9k,132,16.47738746229027,stage3_only,stage3_scored,decoy
ZINCk700000gsemX,133,16.476057903315407,stage3_only,stage3_scored,decoy
ZINCk600000PBioi,134,16.462706831764535,stage3_only,stage3_scored,decoy
ZINCk500000424t2,135,16.4593902253567,stage3_only,stage3_scored,decoy
ZINCk5000009FjIn,136,16.457481774815736,stage3_only,stage3_scored,decoy
ZINCk500000gdOs9,137,16.45729744121192,stage3_only,stage3_scored,decoy
ZINCk700000y8PFR,138,16.45228851140356,stage3_only,stage3_scored,decoy
ZINCk700000drHT1,139,16.45128830928936,stage3_only,stage3_scored,decoy
ZINCk800000GfJYn,140,16.441853670565294,stage3_only,stage3_scored,decoy
ZINCk700000wAYJ9,141,16.436553929626495,stage3_only,stage3_scored,decoy
ZINCk8000009MbTt,142,16.436481805218754,stage3_only,stage3_scored,decoy
ZINCj800000PwOle,143,16.43591131524423,stage3_only,stage3_scored,decoy
ZINCj500000kGdjB,144,16.43289355957515,stage3_only,stage3_scored,decoy
ZINCk800000guuSI,145,16.43257402458184,stage3_only,stage3_scored,decoy
ZINCk800000PwRRm,146,16.42675331435126,stage3_only,stage3_scored,decoy
ZINCk600000JS3rs,147,16.42489229900031,stage3_only,stage3_scored,decoy
ZINCk5000009FjIo,148,16.416080219144362,stage3_only,stage3_scored,decoy
ZINCk800000JTW5c,149,16.41542533386299,stage3_only,stage3_scored,decoy
ZINCk8000004iB9O,150,16.41370999174454,stage3_only,stage3_scored,decoy
ZINCk800000guMRj,151,16.411371025087565,stage3_only,stage3_scored,decoy
ZINCk800000Pu4v2,152,16.4098313362778,stage3_only,stage3_scored,decoy
ZINCk500000geUUN,153,16.409089030929525,stage3_only,stage3_scored,decoy
ZINCk600000PAvbT,154,16.40692863604437,stage3_only,stage3_scored,decoy
ZINCk700000PBZyr,155,16.403470058419334,stage3_only,stage3_scored,decoy
ZINCk6000004bAW1,156,16.400811480229695,stage3_only,stage3_scored,decoy
ZINCk7000004euqY,157,16.40030993265141,stage3_only,stage3_scored,decoy
ZINCk8000004itZA,158,16.398987646590314,stage3_only,stage3_scored,decoy
ZINCj700000JVEvx,159,16.392232107194936,stage3_only,stage3_scored,decoy
ZINCk800000PAYVn,160,16.38608765286627,stage3_only,stage3_scored,decoy
ZINCk6000018SYx1,161,16.382197703404614,stage3_only,stage3_scored,decoy
ZINCk800000y87Et,162,16.380942931746887,stage3_only,stage3_scored,decoy
ZINCk700000JUgvH,163,16.376830755634764,stage3_only,stage3_scored,decoy
ZINCk500000gfrNi,164,16.370736647027595,stage3_only,stage3_scored,decoy
ZINCk6000004cUE2,165,16.37057368421785,stage3_only,stage3_scored,decoy
ZINCk800001bPkgG,166,16.342035136750653,stage3_only,stage3_scored,decoy
ZINCj700000d8maC,167,16.336830564136726,stage3_only,stage3_scored,decoy
ZINCk800000guvGP,168,16.326853197517938,stage3_only,stage3_scored,decoy
ZINCj6000018UFvw,169,16.325095284136825,stage3_only,stage3_scored,decoy
ZINCi800000cgdnO,170,16.3217551229928,stage3_only,stage3_scored,decoy
ZINCk600000Pz1Kr,171,16.31710018927107,stage3_only,stage3_scored,decoy
ZINCk800000GfGS8,172,16.310570238294467,stage3_only,stage3_scored,decoy
ZINCk700000J9M7L,173,16.307363034285935,stage3_only,stage3_scored,decoy
ZINCk600000JTILY,174,16.297929221238334,stage3_only,stage3_scored,decoy
ZINCk6000004cpye,175,16.296458348749773,stage3_only,stage3_scored,decoy
ZINCk600000AJ5sB,176,16.289002633133226,stage3_only,stage3_scored,decoy
ZINCk500000gblMz,177,16.286758304416992,stage3_only,stage3_scored,decoy
CHEMBL3407579,178,16.280855082268513,stage3_only,stage3_scored,active
ZINCk700000PyTVl,179,16.278445939942042,stage3_only,stage3_scored,decoy
ZINCk600000PAiYc,180,16.272745885810913,stage3_only,stage3_scored,decoy
ZINCk600000dr5nz,181,16.270364268193767,stage3_only,stage3_scored,decoy
ZINCk500000gayVB,182,16.255499193060082,stage3_only,stage3_scored,decoy
ZINCi700000PCuj2,183,16.252185920884056,stage3_only,stage3_scored,decoy
ZINCj800000JT0bw,184,16.250658307993834,stage3_only,stage3_scored,decoy
ZINCk6000004dcEJ,185,16.248746939119755,stage3_only,stage3_scored,decoy
ZINCk700000PtECo,186,16.24577138164163,stage3_only,stage3_scored,decoy
ZINCk5000009G0Nb,187,16.242451161056785,stage3_only,stage3_scored,decoy
ZINCk5000009DDeE,188,16.2399809750007,stage3_only,stage3_scored,decoy
ZINCk7000004gprZ,189,16.23963072775295,stage3_only,stage3_scored,decoy
ZINCk700000GgcRw,190,16.23859727952918,stage3_only,stage3_scored,decoy
ZINCj800000JU279,191,16.2359638443752,stage3_only,stage3_scored,decoy
ZINCk600000dr8Ht,192,16.23534615011534,stage3_only,stage3_scored,decoy
ZINCk5000003XeVy,193,16.225021155638114,stage3_only,stage3_scored,decoy
ZINCk500000dpemz,194,16.22394264048431,stage3_only,stage3_scored,decoy
ZINCk700000cvvZ1,195,16.214930851708328,stage3_only,stage3_scored,decoy
ZINCj5000002cle6,196,16.211752133221196,stage3_only,stage3_scored,decoy
ZINCk800001bPnYM,197,16.210879770668893,stage3_only,stage3_scored,decoy
ZINCk800000JSzVI,198,16.194665045815224,stage3_only,stage3_scored,decoy
ZINCk800000JTOPk,199,16.186286379046948,stage3_only,stage3_scored,decoy
ZINCk700000PyygK,200,16.182857530777007,stage3_only,stage3_scored,decoy
ZINCk7000004f2t9,201,16.18180214847476,stage3_only,stage3_scored,decoy
ZINCk600000vtWlp,202,16.17587160914122,stage3_only,stage3_scored,decoy
ZINCk7000004fBet,203,16.175043702121723,stage3_only,stage3_scored,decoy
ZINCk6000018SxtB,204,16.172313841304405,stage3_only,stage3_scored,decoy
ZINCk600000PAgbe,205,16.17011396308392,stage3_only,stage3_scored,decoy
ZINCj800000PAPMl,206,16.162651845549437,stage3_only,stage3_scored,decoy
ZINCk50000040I0n,207,16.16214226669512,stage3_only,stage3_scored,decoy
ZINCk7000018Toxa,208,16.15853685590022,stage3_only,stage3_scored,decoy
ZINCk800001bPkHY,209,16.158192868454492,stage3_only,stage3_scored,decoy
ZINCk800000J9KOQ,210,16.150187249064015,stage3_only,stage3_scored,decoy
ZINCk50000046Ugq,211,16.149072634032752,stage3_only,stage3_scored,decoy
ZINCk800000gvpjj,212,16.146973145240974,stage3_only,stage3_scored,decoy
ZINCk700000PBw9m,213,16.146281488242966,stage3_only,stage3_scored,decoy
ZINCk700000wkD7W,214,16.143614441162654,stage3_only,stage3_scored,decoy
ZINCk8000004jDXf,215,16.141253812999565,stage3_only,stage3_scored,decoy
ZINCk50000042RJq,216,16.14096141461487,stage3_only,stage3_scored,decoy
ZINCj7000018TgKo,217,16.13386687861124,stage3_only,stage3_scored,decoy
ZINCk50000041DZY,218,16.13339705405108,stage3_only,stage3_scored,decoy
ZINCj600000PxWC9,219,16.130329911344024,stage3_only,stage3_scored,decoy
ZINCk600000JRXxx,220,16.128991410642797,stage3_only,stage3_scored,decoy
ZINCk500000doSkc,221,16.127766674498663,stage3_only,stage3_scored,decoy
ZINCk800000FCBj0,222,16.123213059643035,stage3_only,stage3_scored,decoy
ZINCk600001bO1Rx,223,16.12230386684644,stage3_only,stage3_scored,decoy
ZINCj700000FCSFL,224,16.1214002742706,stage3_only,stage3_scored,decoy
ZINCk7000004gd1F,225,16.10819698714724,stage3_only,stage3_scored,decoy
ZINCk500000citqb,226,16.105891850969556,stage3_only,stage3_scored,decoy
ZINCj6000002lulz,227,16.099126496177263,stage3_only,stage3_scored,decoy
ZINCk800000drXK7,228,16.096111837559278,stage3_only,stage3_scored,decoy
ZINCk7000018Tu8t,229,16.08340634463093,stage3_only,stage3_scored,decoy
ZINCk600000J9LKx,230,16.075956197495774,stage3_only,stage3_scored,decoy
ZINCk800000PAsTD,231,16.06884216422845,stage3_only,stage3_scored,decoy
ZINCk600000dqWC3,232,16.066080585845327,stage3_only,stage3_scored,decoy
ZINCk700000PvxgP,233,16.065498885250822,stage3_only,stage3_scored,decoy
ZINCj600000xcUli,234,16.059506404713893,stage3_only,stage3_scored,decoy
ZINCk500000gfOb9,235,16.058619470991268,stage3_only,stage3_scored,decoy
ZINCk800000xcqB6,236,16.050743111162664,stage3_only,stage3_scored,decoy
ZINCk7000004gqk0,237,16.049890498579405,stage3_only,stage3_scored,decoy
ZINCk800000PwNjm,238,16.047966306609464,stage3_only,stage3_scored,decoy
ZINCk600000PACTH,239,16.04772923811104,stage3_only,stage3_scored,decoy
ZINCk6000004dtiH,240,16.046813972361655,stage3_only,stage3_scored,decoy
ZINCj800000JTvfU,241,16.035290811699284,stage3_only,stage3_scored,decoy
ZINCk800000xaEgB,242,16.031453925120644,stage3_only,stage3_scored,decoy
ZINCk800000xcm8W,243,16.023432334823294,stage3_only,stage3_scored,decoy
ZINCj800000fr2VV,244,16.011882257248498,stage3_only,stage3_scored,decoy
ZINCk6000004cMQi,245,16.011065676813114,stage3_only,stage3_scored,decoy
ZINCk700000PBr6B,246,16.008970007236034,stage3_only,stage3_scored,decoy
ZINCk800000BncUw,247,16.001775133884284,stage3_only,stage3_scored,decoy
ZINCk8000004itzF,248,15.996842937338903,stage3_only,stage3_scored,decoy
ZINCk800000dsgDL,249,15.996018078123061,stage3_only,stage3_scored,decoy
ZINCk700000x5jqU,250,15.992606594948882,stage3_only,stage3_scored,decoy
ZINCk800000PBw39,251,15.991402358960633,stage3_only,stage3_scored,decoy
ZINCk800000JTNSe,252,15.988700648455728,stage3_only,stage3_scored,decoy
ZINCk8000004imkQ,253,15.987673803485974,stage3_only,stage3_scored,decoy
ZINCk700000AJdYs,254,15.984377220488357,stage3_only,stage3_scored,decoy
ZINCk500000gdYHz,255,15.9776415057866,stage3_only,stage3_scored,decoy
ZINCk800000Gg86E,256,15.977107222742726,stage3_only,stage3_scored,decoy
ZINCk600000gpKkB,257,15.97498573979088,stage3_only,stage3_scored,decoy
ZINCj6000009j9yh,258,15.973910263430662,stage3_only,stage3_scored,decoy
ZINCk800000Pwvg7,259,15.972501355153682,stage3_only,stage3_scored,decoy
ZINCk800000JU3fD,260,15.971483562548737,stage3_only,stage3_scored,decoy
ZINCk700000PxooO,261,15.970673863689695,stage3_only,stage3_scored,decoy
ZINCk800000guNfq,262,15.970283057824625,stage3_only,stage3_scored,decoy
ZINCk600000PCaQb,263,15.968505903934755,stage3_only,stage3_scored,decoy
ZINCk600000wUHYr,264,15.962582202788049,stage3_only,stage3_scored,decoy
ZINCk500000427UF,265,15.960609670292063,stage3_only,stage3_scored,decoy
ZINCk700001bPevd,266,15.959871979316192,stage3_only,stage3_scored,decoy
ZINCk6000004cCOa,267,15.958667205882929,stage3_only,stage3_scored,decoy
ZINCk800000wUIEI,268,15.95633820209975,stage3_only,stage3_scored,decoy
ZINCk8000009LkfI,269,15.944116995600206,stage3_only,stage3_scored,decoy
ZINCj700000xaxNk,270,15.941780288609833,stage3_only,stage3_scored,decoy
ZINCk700000PCujV,271,15.941632987033888,stage3_only,stage3_scored,decoy
ZINCh7000018W6RM,272,15.93703550237199,stage3_only,stage3_scored,decoy
ZINCk800000wzrmT,273,15.936914905014202,stage3_only,stage3_scored,decoy
ZINCj500000xcfVg,274,15.93035877480327,stage3_only,stage3_scored,decoy
ZINCk700000JSx0Z,275,15.930235701753519,stage3_only,stage3_scored,decoy
ZINCk600000BmsmS,276,15.923609698749456,stage3_only,stage3_scored,decoy
ZINCj5000002i4JO,277,15.923306323552636,stage3_only,stage3_scored,decoy
ZINCk700000PwHXX,278,15.922724970378178,stage3_only,stage3_scored,decoy
ZINCk600001bPPCX,279,15.915745595164205,stage3_only,stage3_scored,decoy
ZINCk700000Pup5r,280,15.915417380467472,stage3_only,stage3_scored,decoy
ZINCk500000dqaMB,281,15.910071849285359,stage3_only,stage3_scored,decoy
ZINCk8000009LH4b,282,15.909274157169643,stage3_only,stage3_scored,decoy
ZINCk800000vbXW0,283,15.901293494199352,stage3_only,stage3_scored,decoy
ZINCk800000y8wX0,284,15.899934038440136,stage3_only,stage3_scored,decoy
ZINCk800000JS9XB,285,15.893279004592888,stage3_only,stage3_scored,decoy
ZINCj7000002p5iz,286,15.89032371452283,stage3_only,stage3_scored,decoy
ZINCk700000xcbTX,287,15.887423162760056,stage3_only,stage3_scored,decoy
ZINCk500000cLb4I,288,15.885903870998629,stage3_only,stage3_scored,decoy
ZINCk700000EmrFT,289,15.883401438344354,stage3_only,stage3_scored,decoy
ZINCk8000004iJyu,290,15.88247373307757,stage3_only,stage3_scored,decoy
ZINCk600001bPF2k,291,15.882411699649387,stage3_only,stage3_scored,decoy
ZINCk600001bPXBL,292,15.880806597910876,stage3_only,stage3_scored,decoy
ZINCk8000009LLuf,293,15.880056507867515,stage3_only,stage3_scored,decoy
ZINCk700000PykbN,294,15.879519072236086,stage3_only,stage3_scored,decoy
ZINCk700000PxtHL,295,15.877948456287417,stage3_only,stage3_scored,decoy
ZINCk600001bPKu4,296,15.877694864614107,stage3_only,stage3_scored,decoy
ZINCj8000002qaPa,297,15.877100357752841,stage3_only,stage3_scored,decoy
ZINCk500000doYih,298,15.87607202337755,stage3_only,stage3_scored,decoy
CHEMBL6006846,299,15.873661515817252,stage3_only,stage3_scored,active
ZINCk700000xcrYX,300,15.87234408059383,stage3_only,stage3_scored,decoy
ZINCk5000003Y35e,301,15.869587877212389,stage3_only,stage3_scored,decoy
ZINCj5000009gWbg,302,15.866284988078531,stage3_only,stage3_scored,decoy
ZINCk800000guKSH,303,15.85554685714904,stage3_only,stage3_scored,decoy
ZINCk800001bQ4eg,304,15.854597809377442,stage3_only,stage3_scored,decoy
ZINCk700000J9UNf,305,15.853741393136705,stage3_only,stage3_scored,decoy
ZINCk800000JTLzU,306,15.853095007509042,stage3_only,stage3_scored,decoy
ZINCk800000PyxVW,307,15.850663159288017,stage3_only,stage3_scored,decoy
ZINCk800000JSzyg,308,15.84784325136201,stage3_only,stage3_scored,decoy
ZINCk600000gqlSG,309,15.847438895429448,stage3_only,stage3_scored,decoy
ZINCj700000BmIp5,310,15.846108321958353,stage3_only,stage3_scored,decoy
ZINCk700000drpy8,311,15.845461815130609,stage3_only,stage3_scored,decoy
ZINCj700000FCsyK,312,15.845216742333498,stage3_only,stage3_scored,decoy
ZINCk8000004iGLr,313,15.842799776262995,stage3_only,stage3_scored,decoy
ZINCk600000wHcZs,314,15.84218025349352,stage3_only,stage3_scored,decoy
ZINCk600001bOVDG,315,15.841062141725601,stage3_only,stage3_scored,decoy
ZINCk8000004jpWC,316,15.834714706150027,stage3_only,stage3_scored,decoy
ZINCk600000gqBdr,317,15.831409620918704,stage3_only,stage3_scored,decoy
ZINCk700000y8AW2,318,15.828932782977402,stage3_only,stage3_scored,decoy
ZINCk600000dqLRu,319,15.824876311384957,stage3_only,stage3_scored,decoy
ZINCk5000009EzFy,320,15.823432523835502,stage3_only,stage3_scored,decoy
ZINCk700000gsgWv,321,15.823374458002743,stage3_only,stage3_scored,decoy
ZINCk7000009KyRs,322,15.81880463402421,stage3_only,stage3_scored,decoy
ZINCk800001bPB0Y,323,15.814779856253857,stage3_only,stage3_scored,decoy
ZINCk700000xclJ6,324,15.813518935436113,stage3_only,stage3_scored,decoy
ZINCk7000009JWh4,325,15.810964839784114,stage3_only,stage3_scored,decoy
ZINCj600000xcRqt,326,15.808522486087218,stage3_only,stage3_scored,decoy
ZINCk700000grFG9,327,15.806183921108754,stage3_only,stage3_scored,decoy
ZINCk500000gfkfq,328,15.804599729093114,stage3_only,stage3_scored,decoy
ZINCk700000Gf3CO,329,15.80191342983206,stage3_only,stage3_scored,decoy
ZINCk5000003WzPz,330,15.799717954333188,stage3_only,stage3_scored,decoy
ZINCj8000002qAqz,331,15.799461858004504,stage3_only,stage3_scored,decoy
ZINCk7000018T5ak,332,15.799270428988454,stage3_only,stage3_scored,decoy
ZINCk600000gpewG,333,15.798575752604632,stage3_only,stage3_scored,decoy
ZINCi60000010hm2,334,15.796151740377876,stage3_only,stage3_scored,decoy
ZINCj8000002qcQb,335,15.795586339185776,stage3_only,stage3_scored,decoy
ZINCk700000drhix,336,15.792197311225634,stage3_only,stage3_scored,decoy
ZINCk700001bP3gx,337,15.790915665427809,stage3_only,stage3_scored,decoy
ZINCk600000ww1Cp,338,15.787642713511163,stage3_only,stage3_scored,decoy
ZINCk8000009Mfqe,339,15.784855110263582,stage3_only,stage3_scored,decoy
ZINCk6000004dkWb,340,15.784644674088115,stage3_only,stage3_scored,decoy
ZINCk500000g8dVg,341,15.783677351698241,stage3_only,stage3_scored,decoy
ZINCk500000dp63J,342,15.777788351724661,stage3_only,stage3_scored,decoy
ZINCk7000009KXOr,343,15.77033278514802,stage3_only,stage3_scored,decoy
ZINCk800000Pu6b8,344,15.767046586440307,stage3_only,stage3_scored,decoy
ZINCk700000PBr73,345,15.760109294113512,stage3_only,stage3_scored,decoy
ZINCk6000004dwee,346,15.755624129853562,stage3_only,stage3_scored,decoy
ZINCk6000009IXDM,347,15.7549530753798,stage3_only,stage3_scored,decoy
ZINCk600000ciC7d,348,15.754020284349767,stage3_only,stage3_scored,decoy
ZINCk600000gpq09,349,15.75251123931761,stage3_only,stage3_scored,decoy
ZINCk800000JT7sU,350,15.751462363088491,stage3_only,stage3_scored,decoy
ZINCk700000BlHZi,351,15.750702645896347,stage3_only,stage3_scored,decoy
ZINCj800000Gh8yj,352,15.748806501200677,stage3_only,stage3_scored,decoy
ZINCk600001bNqgQ,353,15.746824079644476,stage3_only,stage3_scored,decoy
ZINCj600000PA2sW,354,15.74473233980857,stage3_only,stage3_scored,decoy
ZINCk6000004bCgP,355,15.742111342823012,stage3_only,stage3_scored,decoy
ZINCk600000dqZY3,356,15.740798035141617,stage3_only,stage3_scored,decoy
ZINCk700000Gf4bK,357,15.740509061091714,stage3_only,stage3_scored,decoy
ZINCk8000018T3g5,358,15.7397528617958,stage3_only,stage3_scored,decoy
ZINCj7000018SQAn,359,15.735864012865028,stage3_only,stage3_scored,decoy
ZINCj500000fkseC,360,15.729609836928564,stage3_only,stage3_scored,decoy
ZINCk800000Pzn8N,361,15.727750481723232,stage3_only,stage3_scored,decoy
ZINCk500000g9xME,362,15.72448381948236,stage3_only,stage3_scored,decoy
ZINCk800000JRWMi,363,15.722079484953829,stage3_only,stage3_scored,decoy
ZINCk8000009LAgM,364,15.719235355115867,stage3_only,stage3_scored,decoy
ZINCk600000dqViP,365,15.717087095766283,stage3_only,stage3_scored,decoy
ZINCk600000ciA2g,366,15.716786286730065,stage3_only,stage3_scored,decoy
ZINCk800000PAI2m,367,15.716086266674,stage3_only,stage3_scored,decoy
ZINCk500000gdXQa,368,15.710378931381339,stage3_only,stage3_scored,decoy
ZINCk700000gr4W3,369,15.704272390603185,stage3_only,stage3_scored,decoy
ZINCk7000004gCfl,370,15.703120163675429,stage3_only,stage3_scored,decoy
ZINCk6000009IK7x,371,15.702072306611749,stage3_only,stage3_scored,decoy
ZINCk50000041f8S,372,15.70168590671236,stage3_only,stage3_scored,decoy
ZINCk600001bPlrt,373,15.70001200412482,stage3_only,stage3_scored,decoy
ZINCk700000xchKD,374,15.698726150241002,stage3_only,stage3_scored,decoy
ZINCk600000PCaRo,375,15.692249886892462,stage3_only,stage3_scored,decoy
ZINCj600000JWsWw,376,15.691072167164304,stage3_only,stage3_scored,decoy
ZINCk6000018T3ti,377,15.688019104570097,stage3_only,stage3_scored,decoy
ZINCk7000018Ssb3,378,15.687972157328506,stage3_only,stage3_scored,decoy
ZINCk600000JSbJP,379,15.686993463844189,stage3_only,stage3_scored,decoy
ZINCj800000xceQv,380,15.686340594401116,stage3_only,stage3_scored,decoy
ZINCk7000004giR7,381,15.684264621955581,stage3_only,stage3_scored,decoy
ZINCk6000009JMho,382,15.681289699089133,stage3_only,stage3_scored,decoy
ZINCi600000JaAaQ,383,15.680286463823485,stage3_only,stage3_scored,decoy
ZINCk5000009DzjV,384,15.678984357340878,stage3_only,stage3_scored,decoy
ZINCj700000JWoku,385,15.678674070775648,stage3_only,stage3_scored,decoy
ZINCk800000Pv9mq,386,15.676445991305377,stage3_only,stage3_scored,decoy
ZINCk7000004fHfx,387,15.672807908867343,stage3_only,stage3_scored,decoy
ZINCk8000009MbdW,388,15.670033608177107,stage3_only,stage3_scored,decoy
ZINCk8000004hW6A,389,15.668637141478028,stage3_only,stage3_scored,decoy
ZINCj700000fptMg,390,15.668050066265758,stage3_only,stage3_scored,decoy
ZINCk800000Pywrb,391,15.66405657034214,stage3_only,stage3_scored,decoy
ZINCk7000009KANx,392,15.663299902332552,stage3_only,stage3_scored,decoy
ZINCk700000JT1m6,393,15.66189742283586,stage3_only,stage3_scored,decoy
ZINCk8000018SXuj,394,15.65585914112446,stage3_only,stage3_scored,decoy
ZINCk500000gak7K,395,15.655030100641882,stage3_only,stage3_scored,decoy
ZINCk800000J9TM3,396,15.653395884778353,stage3_only,stage3_scored,decoy
ZINCj800000y9As9,397,15.652451148644188,stage3_only,stage3_scored,decoy
ZINCk7000004eIZy,398,15.649205226161866,stage3_only,stage3_scored,decoy
ZINCk7000009KvbZ,399,15.635262798516806,stage3_only,stage3_scored,decoy
ZINCj6000002lgGU,400,15.635132650793144,stage3_only,stage3_scored,decoy
CHEMBL3819071,401,15.635038549413865,stage3_only,stage3_scored,active
ZINCk7000009KpEE,402,15.633123519973346,stage3_only,stage3_scored,decoy
ZINCj800000Ghtwb,403,15.632161762610203,stage3_only,stage3_scored,decoy
ZINCk800000JSzpJ,404,15.628461032745456,stage3_only,stage3_scored,decoy
ZINCk8000004hO6o,405,15.627497733069882,stage3_only,stage3_scored,decoy
ZINCk700000PzOyo,406,15.627242692493802,stage3_only,stage3_scored,decoy
ZINCk8000004iPdH,407,15.622976624044806,stage3_only,stage3_scored,decoy
ZINCk500000geWbq,408,15.621702369289357,stage3_only,stage3_scored,decoy
ZINCk700000y8ymM,409,15.618426891115664,stage3_only,stage3_scored,decoy
ZINCk8000009LH0X,410,15.61362411859155,stage3_only,stage3_scored,decoy
ZINCk800001bPM9Y,411,15.60955282992685,stage3_only,stage3_scored,decoy
ZINCk700000JTjFp,412,15.59912360046434,stage3_only,stage3_scored,decoy
ZINCk800000wA7Mx,413,15.597041727058954,stage3_only,stage3_scored,decoy
ZINCk800000kGyS6,414,15.597040785511837,stage3_only,stage3_scored,decoy
ZINCk800000JTxTL,415,15.595435676485765,stage3_only,stage3_scored,decoy
ZINCk700000PvNsP,416,15.59383687306362,stage3_only,stage3_scored,decoy
ZINCk800000PAt0A,417,15.593799125558762,stage3_only,stage3_scored,decoy
ZINCk8000009MhGP,418,15.59368083149773,stage3_only,stage3_scored,decoy
ZINCk600000JS55b,419,15.592406123695456,stage3_only,stage3_scored,decoy
ZINCk600000wBTlq,420,15.589510947943511,stage3_only,stage3_scored,decoy
ZINCk800000Pu7XL,421,15.58940498369323,stage3_only,stage3_scored,decoy
ZINCk600001bOkYw,422,15.585087937785735,stage3_only,stage3_scored,decoy
ZINCk600000PBwsY,423,15.579811878817898,stage3_only,stage3_scored,decoy
ZINCk50000041b6k,424,15.577884735970072,stage3_only,stage3_scored,decoy
ZINCj800000Jamsg,425,15.576754715103505,stage3_only,stage3_scored,decoy
ZINCk600000vLL2b,426,15.576415919328886,stage3_only,stage3_scored,decoy
ZINCk800000xclQy,427,15.574498691386585,stage3_only,stage3_scored,decoy
ZINCk800000PBw1f,428,15.573693711999518,stage3_only,stage3_scored,decoy
ZINCk800000PufrL,429,15.572817145208505,stage3_only,stage3_scored,decoy
ZINCk500000gf6Yg,430,15.569161058765394,stage3_only,stage3_scored,decoy
ZINCj800000wY54s,431,15.568188890550324,stage3_only,stage3_scored,decoy
ZINCk600000PtMbj,432,15.566677315153866,stage3_only,stage3_scored,decoy
CHEMBL6024824,433,15.566258331816336,stage3_only,stage3_scored,active
ZINCk700000kIR1n,434,15.564290241752142,stage3_only,stage3_scored,decoy
ZINCk600000Emuvh,435,15.56291012652656,stage3_only,stage3_scored,decoy
ZINCk500000gdyrU,436,15.560905953802338,stage3_only,stage3_scored,decoy
ZINCk600000gpNIm,437,15.55647861567991,stage3_only,stage3_scored,decoy
ZINCk600000y8mMv,438,15.555141505967383,stage3_only,stage3_scored,decoy
ZINCk800000JTGjb,439,15.55502066391894,stage3_only,stage3_scored,decoy
ZINCk6000004cLLG,440,15.55481826600979,stage3_only,stage3_scored,decoy
ZINCj6000018TefE,441,15.553902075520803,stage3_only,stage3_scored,decoy
ZINCk600000gq8em,442,15.55035594593866,stage3_only,stage3_scored,decoy
ZINCk5000003ZA9b,443,15.549842745986997,stage3_only,stage3_scored,decoy
ZINCk600000vV0qj,444,15.548288829099187,stage3_only,stage3_scored,decoy
ZINCk600000vfrQV,445,15.545503005455029,stage3_only,stage3_scored,decoy
ZINCk600000y8xMt,446,15.544439865447808,stage3_only,stage3_scored,decoy
ZINCk7000004glTj,447,15.541844260358081,stage3_only,stage3_scored,decoy
ZINCj700000FCUls,448,15.54114542550502,stage3_only,stage3_scored,decoy
ZINCk7000018SrLs,449,15.539515675905557,stage3_only,stage3_scored,decoy
ZINCk800000wxy9t,450,15.538751270796908,stage3_only,stage3_scored,decoy
ZINCk700001bNXjx,451,15.537667197370702,stage3_only,stage3_scored,decoy
ZINCj700000BmqxA,452,15.536368256677797,stage3_only,stage3_scored,decoy
ZINCk6000004dtvj,453,15.535955621472255,stage3_only,stage3_scored,decoy
ZINCk800000JUvI5,454,15.534623410017023,stage3_only,stage3_scored,decoy
ZINCk800000JST24,455,15.533869141588122,stage3_only,stage3_scored,decoy
ZINCk700000drm7G,456,15.5295545363376,stage3_only,stage3_scored,decoy
ZINCj700000EmG3y,457,15.523603951518146,stage3_only,stage3_scored,decoy
ZINCj5000002b6ao,458,15.522932009692274,stage3_only,stage3_scored,decoy
ZINCj700000d8lZo,459,15.522789192837974,stage3_only,stage3_scored,decoy
ZINCk600000y8BNQ,460,15.52138690996968,stage3_only,stage3_scored,decoy
ZINCk700000ciDxI,461,15.521199380552082,stage3_only,stage3_scored,decoy
ZINCk6000004d1zN,462,15.520944262227461,stage3_only,stage3_scored,decoy
ZINCj6000002mbnj,463,15.519961899215433,stage3_only,stage3_scored,decoy
ZINCk700000gsrnf,464,15.516596287513094,stage3_only,stage3_scored,decoy
ZINCk8000009MdI8,465,15.512853831385234,stage3_only,stage3_scored,decoy
ZINCk700000gsFIt,466,15.508941374201182,stage3_only,stage3_scored,decoy
ZINCk700000PvMSX,467,15.506075341084738,stage3_only,stage3_scored,decoy
ZINCk8000004izgL,468,15.505881394531466,stage3_only,stage3_scored,decoy
ZINCk700000JTch5,469,15.503443549774639,stage3_only,stage3_scored,decoy
ZINCk600000JUxip,470,15.503441546504147,stage3_only,stage3_scored,decoy
ZINCk700000PtypG,471,15.500891967059529,stage3_only,stage3_scored,decoy
ZINCk600000Pyws2,472,15.49864226907882,stage3_only,stage3_scored,decoy
ZINCk8000004il1c,473,15.498378412596693,stage3_only,stage3_scored,decoy
ZINCk700000PwJ29,474,15.495753477669396,stage3_only,stage3_scored,decoy
ZINCk700000drsPA,475,15.495154027122926,stage3_only,stage3_scored,decoy
ZINCj8000009kxHH,476,15.493591624298238,stage3_only,stage3_scored,decoy
ZINCk6000018TEIY,477,15.49336645929604,stage3_only,stage3_scored,decoy
ZINCk800000y8Ay8,478,15.493269134518416,stage3_only,stage3_scored,decoy
ZINCj8000009khQN,479,15.490535889809967,stage3_only,stage3_scored,decoy
ZINCk600001bQr3k,480,15.489509836796042,stage3_only,stage3_scored,decoy
ZINCk700000PA19Y,481,15.486858844268564,stage3_only,stage3_scored,decoy
ZINCk8000009Lgv2,482,15.484432106631733,stage3_only,stage3_scored,decoy
CHEMBL5921912,483,15.484367187028907,stage3_only,stage3_scored,active
ZINCj800000xcMH4,484,15.483531052516321,stage3_only,stage3_scored,decoy
ZINCk700000PBeAe,485,15.483474786284965,stage3_only,stage3_scored,decoy
ZINCk800000xcsvY,486,15.482983455440957,stage3_only,stage3_scored,decoy
ZINCk800000JTSUg,487,15.482570664510021,stage3_only,stage3_scored,decoy
ZINCk700000PAH9F,488,15.479943581017766,stage3_only,stage3_scored,decoy
ZINCj600000JUc8s,489,15.478830300918055,stage3_only,stage3_scored,decoy
ZINCk7000004fvDd,490,15.478215639954836,stage3_only,stage3_scored,decoy
ZINCk800000dsdO5,491,15.475706969830147,stage3_only,stage3_scored,decoy
ZINCk700001bQ4f2,492,15.46852238633521,stage3_only,stage3_scored,decoy
ZINCj8000002rmnP,493,15.466038696787482,stage3_only,stage3_scored,decoy
ZINCk6000004dtEO,494,15.465682217579554,stage3_only,stage3_scored,decoy
ZINCj800000frupn,495,15.465494260337422,stage3_only,stage3_scored,decoy
ZINCk800000JThuP,496,15.465481686480873,stage3_only,stage3_scored,decoy
ZINCk6000009IZ1J,497,15.463885699061695,stage3_only,stage3_scored,decoy
ZINCk800001bNteU,498,15.46140595030061,stage3_only,stage3_scored,decoy
ZINCj800000crLoj,499,15.456420540026725,stage3_only,stage3_scored,decoy
ZINCk7000004ejmN,500,15.45173447103307,stage3_only,stage3_scored,decoy
ZINCk700000drpkG,501,15.443507168321949,stage3_only,stage3_scored,decoy
ZINCk800001bPO03,502,15.443134177637045,stage3_only,stage3_scored,decoy
ZINCk600000dqWSv,503,15.442789905866466,stage3_only,stage3_scored,decoy
ZINCk7000009KyhT,504,15.44015599434663,stage3_only,stage3_scored,decoy
ZINCk800000drTp7,505,15.439573257367938,stage3_only,stage3_scored,decoy
ZINCk700000gt6e8,506,15.437548657130478,stage3_only,stage3_scored,decoy
ZINCk700000gsKmw,507,15.43543140923018,stage3_only,stage3_scored,decoy
ZINCk5000003XmH4,508,15.434252546688736,stage3_only,stage3_scored,decoy
ZINCk6000004dj47,509,15.4340910157663,stage3_only,stage3_scored,decoy
ZINCk7000009Kv9M,510,15.43335451351143,stage3_only,stage3_scored,decoy
ZINCk5000009CCUl,511,15.432979750057772,stage3_only,stage3_scored,decoy
ZINCi5000000RMh9,512,15.430593801601903,stage3_only,stage3_scored,decoy
ZINCk500000dq8UW,513,15.429324262019865,stage3_only,stage3_scored,decoy
ZINCk8000004iLRe,514,15.428307494910678,stage3_only,stage3_scored,decoy
ZINCk800000JTo59,515,15.428280528690328,stage3_only,stage3_scored,decoy
ZINCi800000J9YKQ,516,15.427281898404251,stage3_only,stage3_scored,decoy
ZINCk700000gr4Pv,517,15.426895515146667,stage3_only,stage3_scored,decoy
ZINCk500000geIz1,518,15.4255234022562,stage3_only,stage3_scored,decoy
ZINCk600001bPFI7,519,15.424454354105162,stage3_only,stage3_scored,decoy
ZINCj500000y8ykl,520,15.424397024615587,stage3_only,stage3_scored,decoy
ZINCk700000drFvF,521,15.423940131346628,stage3_only,stage3_scored,decoy
ZINCk800001bNqM4,522,15.423588947292503,stage3_only,stage3_scored,decoy
ZINCk500000gaaLI,523,15.422565292564572,stage3_only,stage3_scored,decoy
ZINCk800000PCtGz,524,15.419760565253819,stage3_only,stage3_scored,decoy
ZINCk800000PtDzT,525,15.418092867420084,stage3_only,stage3_scored,decoy
ZINCk800000PBwvN,526,15.412791318257781,stage3_only,stage3_scored,decoy
ZINCk6000018ToFV,527,15.412783826165427,stage3_only,stage3_scored,decoy
ZINCk800000PBiXF,528,15.41255106995301,stage3_only,stage3_scored,decoy
ZINCk600000J9LUC,529,15.410803004825258,stage3_only,stage3_scored,decoy
ZINCj500000xc2b8,530,15.409578059253171,stage3_only,stage3_scored,decoy
ZINCk800000wbJm0,531,15.403951653573664,stage3_only,stage3_scored,decoy
ZINCk800000gv7ra,532,15.403619350075644,stage3_only,stage3_scored,decoy
ZINCk800000gvf2B,533,15.399073858484682,stage3_only,stage3_scored,decoy
ZINCk700000drCmh,534,15.399031810732696,stage3_only,stage3_scored,decoy
ZINCk500000g75vx,535,15.398648871859177,stage3_only,stage3_scored,decoy
ZINCk700001bPSWb,536,15.397122969934308,stage3_only,stage3_scored,decoy
ZINCk700000JTfma,537,15.396995892006258,stage3_only,stage3_scored,decoy
ZINCk600000wAeDS,538,15.396537921135934,stage3_only,stage3_scored,decoy
ZINCk6000018SQXr,539,15.395305031439362,stage3_only,stage3_scored,decoy
ZINCi600000xdf9D,540,15.390131168036449,stage3_only,stage3_scored,decoy
ZINCk800000Pybid,541,15.388220191036288,stage3_only,stage3_scored,decoy
ZINCk800000Puag6,542,15.387758111675646,stage3_only,stage3_scored,decoy
ZINCk800000PBcMx,543,15.386989020146583,stage3_only,stage3_scored,decoy
CHEMBL5854116,544,15.382985428151999,stage3_only,stage3_scored,active
ZINCk700000y7VIh,545,15.380139507674622,stage3_only,stage3_scored,decoy
ZINCk600000gqzjL,546,15.377055159025215,stage3_only,stage3_scored,decoy
ZINCk700000PAfBR,547,15.376671395535912,stage3_only,stage3_scored,decoy
ZINCj600000AJ961,548,15.371823882110307,stage3_only,stage3_scored,decoy
ZINCk8000004iQAf,549,15.371639531897692,stage3_only,stage3_scored,decoy
ZINCk800000PtEAg,550,15.370025216490786,stage3_only,stage3_scored,decoy
ZINCk5000009CsmP,551,15.369673712369673,stage3_only,stage3_scored,decoy
ZINCk5000009DLT5,552,15.367285054474848,stage3_only,stage3_scored,decoy
ZINCk6000004bAJP,553,15.360333567315736,stage3_only,stage3_scored,decoy
ZINCk700000drnBo,554,15.358228225080088,stage3_only,stage3_scored,decoy
ZINCj700000fpVkJ,555,15.357552661569429,stage3_only,stage3_scored,decoy
ZINCk6000018Tcjk,556,15.357129267847768,stage3_only,stage3_scored,decoy
ZINCh8000000aXcZ,557,15.355806272092382,stage3_only,stage3_scored,decoy
ZINCk500000gehBx,558,15.349818559061994,stage3_only,stage3_scored,decoy
ZINCk500000dpgsd,559,15.349356524877775,stage3_only,stage3_scored,decoy
ZINCk700000dryvo,560,15.34625609862887,stage3_only,stage3_scored,decoy
ZINCk6000009J8yF,561,15.34434654691375,stage3_only,stage3_scored,decoy
ZINCj8000002rO1z,562,15.34343391228386,stage3_only,stage3_scored,decoy
ZINCk800000Pxos9,563,15.343091237552406,stage3_only,stage3_scored,decoy
ZINCk5000009Grm3,564,15.34164522808327,stage3_only,stage3_scored,decoy
ZINCk600000Pz6HD,565,15.339585519348923,stage3_only,stage3_scored,decoy
ZINCk800000AJaDk,566,15.339373082995111,stage3_only,stage3_scored,decoy
ZINCj700000Gg9Ff,567,15.338249293700667,stage3_only,stage3_scored,decoy
ZINCj800000JUvI7,568,15.33823726933921,stage3_only,stage3_scored,decoy
ZINCk800000ds90L,569,15.337574992446696,stage3_only,stage3_scored,decoy
ZINCk800000gurco,570,15.33649928521722,stage3_only,stage3_scored,decoy
ZINCk7000004eXoI,571,15.335902679826008,stage3_only,stage3_scored,decoy
CHEMBL4102803,572,15.3347619915564,stage3_only,stage3_scored,active
ZINCk800000PARii,573,15.329958706856283,stage3_only,stage3_scored,decoy
ZINCk8000018TjiG,574,15.323095686896044,stage3_only,stage3_scored,decoy
CHEMBL5883242,575,15.320798230660516,stage3_only,stage3_scored,active
ZINCk800000gvaTt,576,15.320661918884056,stage3_only,stage3_scored,decoy
ZINCk7000009KFND,577,15.319992376573726,stage3_only,stage3_scored,decoy
ZINCk700000wqyf0,578,15.316103741225378,stage3_only,stage3_scored,decoy
ZINCk8000009LIS1,579,15.309667959539254,stage3_only,stage3_scored,decoy
ZINCj800000JW6dA,580,15.309302842042998,stage3_only,stage3_scored,decoy
ZINCj800000fqOgE,581,15.307272175397186,stage3_only,stage3_scored,decoy
ZINCk7000018Tshr,582,15.302113323956851,stage3_only,stage3_scored,decoy
ZINCk5000003YW9G,583,15.299568699705427,stage3_only,stage3_scored,decoy
ZINCk600000PBhib,584,15.298828642739203,stage3_only,stage3_scored,decoy
ZINCk700000PyFTo,585,15.298485520204824,stage3_only,stage3_scored,decoy
ZINCk800000JTJkY,586,15.297417804157247,stage3_only,stage3_scored,decoy
ZINCk700000GfXWT,587,15.295150419246793,stage3_only,stage3_scored,decoy
ZINCk500000452Rk,588,15.294593965549938,stage3_only,stage3_scored,decoy
ZINCk700000wX8VL,589,15.293815092235057,stage3_only,stage3_scored,decoy
ZINCk800000ds7aP,590,15.29361911536408,stage3_only,stage3_scored,decoy
ZINCk6000009JKbc,591,15.29137920153265,stage3_only,stage3_scored,decoy
ZINCk700000BnfDi,592,15.290019328263758,stage3_only,stage3_scored,decoy
ZINCj800000PIzVT,593,15.289400217664507,stage3_only,stage3_scored,decoy
ZINCk700000J9ZzA,594,15.28498999533944,stage3_only,stage3_scored,decoy
ZINCk600000gq9MR,595,15.28490473650755,stage3_only,stage3_scored,decoy
ZINCk700000x2z5n,596,15.283763530980384,stage3_only,stage3_scored,decoy
ZINCk800000vJPPu,597,15.281559328924137,stage3_only,stage3_scored,decoy
ZINCj800000JS9WB,598,15.277600363812265,stage3_only,stage3_scored,decoy
ZINCk700000Gg4yU,599,15.27450344582924,stage3_only,stage3_scored,decoy
ZINCk700000Pz3bs,600,15.2711689753596,stage3_only,stage3_scored,decoy
ZINCk700000gsZJy,601,15.270629826393398,stage3_only,stage3_scored,decoy
ZINCk800000w6D1B,602,15.269648714861264,stage3_only,stage3_scored,decoy
ZINCk600000JSblL,603,15.267810748586761,stage3_only,stage3_scored,decoy
ZINCk8000009LRhf,604,15.267038673273513,stage3_only,stage3_scored,decoy
ZINCi500000xclPv,605,15.263829742722562,stage3_only,stage3_scored,decoy
ZINCj8000002rfG6,606,15.262439642509595,stage3_only,stage3_scored,decoy
ZINCk8000004jawL,607,15.261849237835397,stage3_only,stage3_scored,decoy
ZINCk600000J9Qy0,608,15.261742398903953,stage3_only,stage3_scored,decoy
ZINCk8000009LOXn,609,15.26082228065897,stage3_only,stage3_scored,decoy
ZINCk800001bNrTS,610,15.259774748391738,stage3_only,stage3_scored,decoy
ZINCk500000dp2El,611,15.250295650582256,stage3_only,stage3_scored,decoy
ZINCi800000156mF,612,15.245166792847256,stage3_only,stage3_scored,decoy
ZINCk5000003YIza,613,15.24315729939451,stage3_only,stage3_scored,decoy
ZINCk700000Ja2DC,614,15.242126678498252,stage3_only,stage3_scored,decoy
ZINCj500000cgT30,615,15.241489207372426,stage3_only,stage3_scored,decoy
ZINCk5000009Dkhr,616,15.239185508867637,stage3_only,stage3_scored,decoy
ZINCk5000003ZJuS,617,15.239072117916017,stage3_only,stage3_scored,decoy
ZINCk800000PAiQm,618,15.232856663268104,stage3_only,stage3_scored,decoy
ZINCk50000045lHM,619,15.232678474566749,stage3_only,stage3_scored,decoy
ZINCk6000009J8LC,620,15.232582364681074,stage3_only,stage3_scored,decoy
ZINCk700000JUxgJ,621,15.23126854212462,stage3_only,stage3_scored,decoy
ZINCj7000018Upzs,622,15.230063251700766,stage3_only,stage3_scored,decoy
ZINCk800000PzJwo,623,15.22924251174849,stage3_only,stage3_scored,decoy
ZINCk800000PwM8H,624,15.22761030544407,stage3_only,stage3_scored,decoy
ZINCk8000004jw4q,625,15.223987391516198,stage3_only,stage3_scored,decoy
ZINCj800000JTTQw,626,15.223076398389617,stage3_only,stage3_scored,decoy
ZINCi8000018V291,627,15.219184274765743,stage3_only,stage3_scored,decoy
ZINCk800000PtTvE,628,15.217541089319116,stage3_only,stage3_scored,decoy
ZINCk800000JU0an,629,15.213813716860725,stage3_only,stage3_scored,decoy
ZINCk600000dr0vP,630,15.212621981107386,stage3_only,stage3_scored,decoy
ZINCk800000J9Zh2,631,15.207263312057204,stage3_only,stage3_scored,decoy
ZINCk5000009E2qh,632,15.206581849497534,stage3_only,stage3_scored,decoy
ZINCk700000xcmVr,633,15.205334140420563,stage3_only,stage3_scored,decoy
ZINCk700001bPeRp,634,15.2043827427498,stage3_only,stage3_scored,decoy
ZINCk8000004ikkL,635,15.2023483723363,stage3_only,stage3_scored,decoy
ZINCj5000002bP1q,636,15.198774021464326,stage3_only,stage3_scored,decoy
ZINCj800000JW6dz,637,15.197307658865846,stage3_only,stage3_scored,decoy
ZINCk600000AJabs,638,15.196919689104993,stage3_only,stage3_scored,decoy
ZINCk600000gpEze,639,15.196255751740374,stage3_only,stage3_scored,decoy
ZINCi800000cWvZg,640,15.195433718776307,stage3_only,stage3_scored,decoy
ZINCj600000AJrtt,641,15.193760588889727,stage3_only,stage3_scored,decoy
ZINCk600000PADC2,642,15.187220663479449,stage3_only,stage3_scored,decoy
ZINCj600000y8NFn,643,15.183992019139927,stage3_only,stage3_scored,decoy
ZINCk6000004dmxS,644,15.183934186258938,stage3_only,stage3_scored,decoy
ZINCj800000Bo06Y,645,15.18267804443767,stage3_only,stage3_scored,decoy
ZINCk600000PvMbq,646,15.179980867531837,stage3_only,stage3_scored,decoy
ZINCk700000GfKQe,647,15.175977527645255,stage3_only,stage3_scored,decoy
ZINCk600000Pzsr9,648,15.175877688273363,stage3_only,stage3_scored,decoy
ZINCk7000004fOfs,649,15.171067489005623,stage3_only,stage3_scored,decoy
ZINCj500000xchqL,650,15.168433564978377,stage3_only,stage3_scored,decoy
ZINCk500000dov1Z,651,15.166240104895806,stage3_only,stage3_scored,decoy
ZINCk800000JUmmp,652,15.164739652906198,stage3_only,stage3_scored,decoy
ZINCj6000002ltwR,653,15.162600061924492,stage3_only,stage3_scored,decoy
ZINCk7000018Tmj0,654,15.16145804487279,stage3_only,stage3_scored,decoy
ZINCk600000vXhyH,655,15.160319377109328,stage3_only,stage3_scored,decoy
ZINCk800000xcj4B,656,15.157717838006242,stage3_only,stage3_scored,decoy
ZINCk600000vkR8A,657,15.156995668361555,stage3_only,stage3_scored,decoy
CHEMBL6024197,658,15.156825337892501,stage3_only,stage3_scored,active
ZINCk7000009KGey,659,15.15582261175261,stage3_only,stage3_scored,decoy
ZINCk500000dqb6f,660,15.15296305000514,stage3_only,stage3_scored,decoy
ZINCk700000dre2I,661,15.152792429298925,stage3_only,stage3_scored,decoy
CHEMBL3687241,662,15.15185533877056,stage3_only,stage3_scored,active
ZINCk800000BmPFe,663,15.151558760619547,stage3_only,stage3_scored,decoy
ZINCk700000gsKmx,664,15.150011784677282,stage3_only,stage3_scored,decoy
ZINCj700000d8gHE,665,15.14918911080682,stage3_only,stage3_scored,decoy
ZINCk500000dqn2i,666,15.146693998032655,stage3_only,stage3_scored,decoy
ZINCk8000004idJG,667,15.143911758604109,stage3_only,stage3_scored,decoy
ZINCk700000drIpD,668,15.139589271028399,stage3_only,stage3_scored,decoy
ZINCk600000JTWwX,669,15.137187794515098,stage3_only,stage3_scored,decoy
ZINCk50000046wYh,670,15.136836939155115,stage3_only,stage3_scored,decoy
ZINCk5000009DJxk,671,15.136755082081574,stage3_only,stage3_scored,decoy
ZINCk700000PyJnI,672,15.135891015368113,stage3_only,stage3_scored,decoy
ZINCj800000JS9gF,673,15.13496676449521,stage3_only,stage3_scored,decoy
ZINCk600000PyjXl,674,15.134928067346342,stage3_only,stage3_scored,decoy
ZINCk800000Pwvsj,675,15.134603653494846,stage3_only,stage3_scored,decoy
ZINCj5000002fm0f,676,15.132807453315214,stage3_only,stage3_scored,decoy
ZINCk8000009LH2h,677,15.130603443224567,stage3_only,stage3_scored,decoy
ZINCk600000wxqpS,678,15.124026444129944,stage3_only,stage3_scored,decoy
ZINCk700000PyNWF,679,15.121940330634027,stage3_only,stage3_scored,decoy
ZINCj600000PC4DI,680,15.121141222076561,stage3_only,stage3_scored,decoy
ZINCk7000004fAWl,681,15.119453645979583,stage3_only,stage3_scored,decoy
ZINCk5000009DDGK,682,15.11894367177738,stage3_only,stage3_scored,decoy
ZINCj7000002ozZT,683,15.118273409530769,stage3_only,stage3_scored,decoy
ZINCk600000Pup2m,684,15.117581250078524,stage3_only,stage3_scored,decoy
ZINCk800000PBNSw,685,15.11521705722971,stage3_only,stage3_scored,decoy
ZINCk800000Gfv2N,686,15.114815664399135,stage3_only,stage3_scored,decoy
ZINCk500000gaNKU,687,15.113836421885217,stage3_only,stage3_scored,decoy
ZINCj7000002nQur,688,15.111991542311282,stage3_only,stage3_scored,decoy
ZINCk800000PtDiy,689,15.111501193315403,stage3_only,stage3_scored,decoy
ZINCj800000PAtkm,690,15.111344510588834,stage3_only,stage3_scored,decoy
ZINCj700000PzsK0,691,15.111225968946947,stage3_only,stage3_scored,decoy
ZINCk500000428z5,692,15.110036864683456,stage3_only,stage3_scored,decoy
ZINCk800000guuTi,693,15.109170443733225,stage3_only,stage3_scored,decoy
ZINCk700000JTOVy,694,15.106860129257221,stage3_only,stage3_scored,decoy
ZINCk500000dop20,695,15.104732946523091,stage3_only,stage3_scored,decoy
ZINCk700000PAw7c,696,15.104686488946763,stage3_only,stage3_scored,decoy
ZINCj700000GhCpI,697,15.101418355745261,stage3_only,stage3_scored,decoy
ZINCk5000009DZnO,698,15.09998587449323,stage3_only,stage3_scored,decoy
ZINCj600000PHDaj,699,15.099361850380038,stage3_only,stage3_scored,decoy
ZINCk700000xcgoR,700,15.097922974840532,stage3_only,stage3_scored,decoy
ZINCk600000Ja0xT,701,15.094897412659053,stage3_only,stage3_scored,decoy
ZINCk700001bQ6Ld,702,15.090121661055155,stage3_only,stage3_scored,decoy
ZINCk600000Gg7AH,703,15.085440673848796,stage3_only,stage3_scored,decoy
ZINCk800000PzU5v,704,15.084946020952291,stage3_only,stage3_scored,decoy
ZINCk7000004gUvH,705,15.084150318997334,stage3_only,stage3_scored,decoy
ZINCk8000004jX7k,706,15.083829249584591,stage3_only,stage3_scored,decoy
ZINCk8000018Sis7,707,15.082518782378436,stage3_only,stage3_scored,decoy
ZINCk8000004hW6r,708,15.078747400268393,stage3_only,stage3_scored,decoy
ZINCh500000PABTO,709,15.078330539363076,stage3_only,stage3_scored,decoy
ZINCk700000JTPvL,710,15.077044418226063,stage3_only,stage3_scored,decoy
ZINCj6000002l6WC,711,15.07687421266706,stage3_only,stage3_scored,decoy
ZINCk800000PzhU8,712,15.07666155485074,stage3_only,stage3_scored,decoy
ZINCk600000JUuPN,713,15.076270466629968,stage3_only,stage3_scored,decoy
ZINCk600000y8AID,714,15.074530430526375,stage3_only,stage3_scored,decoy
ZINCk800000PBGnM,715,15.070570765758058,stage3_only,stage3_scored,decoy
ZINCk600000xcroM,716,15.069602671537584,stage3_only,stage3_scored,decoy
ZINCk600000PBvM0,717,15.064567218180608,stage3_only,stage3_scored,decoy
ZINCk700000PwZK9,718,15.058865845339572,stage3_only,stage3_scored,decoy
ZINCk800000Bmigq,719,15.057575681927236,stage3_only,stage3_scored,decoy
ZINCk500000g7vn1,720,15.048346808074976,stage3_only,stage3_scored,decoy
ZINCk800000guZPN,721,15.048075973632441,stage3_only,stage3_scored,decoy
ZINCj500000c9S16,722,15.046505782701951,stage3_only,stage3_scored,decoy
ZINCk7000004eiX4,723,15.044852673735551,stage3_only,stage3_scored,decoy
ZINCk500000gdizQ,724,15.041084345044778,stage3_only,stage3_scored,decoy
ZINCk5000003XBCR,725,15.038890953271348,stage3_only,stage3_scored,decoy
ZINCk50000046jyr,726,15.0371399635384,stage3_only,stage3_scored,decoy
ZINCk600000wMsG4,727,15.03654618197934,stage3_only,stage3_scored,decoy
ZINCk6000004cOfW,728,15.033195867478103,stage3_only,stage3_scored,decoy
ZINCk500000dp5qC,729,15.026874730387004,stage3_only,stage3_scored,decoy
ZINCk6000004cSP6,730,15.021484421927292,stage3_only,stage3_scored,decoy
ZINCk700000PAqIr,731,15.021453676971674,stage3_only,stage3_scored,decoy
ZINCk700001bPKsD,732,15.020028830449734,stage3_only,stage3_scored,decoy
ZINCk500000g7guL,733,15.017082352620191,stage3_only,stage3_scored,decoy
ZINCk800000Gf0q2,734,15.016681695358777,stage3_only,stage3_scored,decoy
ZINCk8000009LJPe,735,15.015454772248262,stage3_only,stage3_scored,decoy
ZINCj7000018Up9b,736,15.014494086189169,stage3_only,stage3_scored,decoy
ZINCk600000Pytu2,737,15.014049958315399,stage3_only,stage3_scored,decoy
CHEMBL5876084,738,15.010588018191271,stage3_only,stage3_scored,active
ZINCk800000PBjir,739,15.009768498508915,stage3_only,stage3_scored,decoy
ZINCk700000JUxbB,740,15.008854725467037,stage3_only,stage3_scored,decoy
ZINCk800000vdlMl,741,15.006353455589066,stage3_only,stage3_scored,decoy
ZINCk700000grdXC,742,15.004935949793882,stage3_only,stage3_scored,decoy
ZINCk700000GfU4x,743,15.003277101575629,stage3_only,stage3_scored,decoy
ZINCk800000gvhXh,744,15.00163971558131,stage3_only,stage3_scored,decoy
ZINCk700000PAGqv,745,15.001573117500056,stage3_only,stage3_scored,decoy
ZINCj600000BmMuL,746,14.998024008885956,stage3_only,stage3_scored,decoy
ZINCk7000009Kyvg,747,14.996518796100029,stage3_only,stage3_scored,decoy
ZINCk800000Bm7DF,748,14.993029411085196,stage3_only,stage3_scored,decoy
ZINCj600000JVEDE,749,14.992942018331247,stage3_only,stage3_scored,decoy
ZINCk600001bPmXY,750,14.992202904813317,stage3_only,stage3_scored,decoy
ZINCk700000vl3aT,751,14.99089025454609,stage3_only,stage3_scored,decoy
ZINCj700000JU7nS,752,14.989629885120586,stage3_only,stage3_scored,decoy
ZINCk800000JTZ16,753,14.989327101159233,stage3_only,stage3_scored,decoy
ZINCk5000003Vnot,754,14.986997750540448,stage3_only,stage3_scored,decoy
ZINCj800000fqoHl,755,14.985350495821374,stage3_only,stage3_scored,decoy
CHEMBL5879668,756,14.981348447392424,stage3_only,stage3_scored,active
ZINCk800000wxwum,757,14.980317228917944,stage3_only,stage3_scored,decoy
ZINCk5000009FamH,758,14.97887001746503,stage3_only,stage3_scored,decoy
ZINCk600000JU77g,759,14.97806948422417,stage3_only,stage3_scored,decoy
ZINCj500000x8R3C,760,14.97732205049227,stage3_only,stage3_scored,decoy
ZINCk700000GfucN,761,14.974775068557316,stage3_only,stage3_scored,decoy
ZINCk7000004gmOv,762,14.973520870167908,stage3_only,stage3_scored,decoy
ZINCk800000w5P9t,763,14.972381771873605,stage3_only,stage3_scored,decoy
ZINCk8000004iy1r,764,14.972188011235856,stage3_only,stage3_scored,decoy
ZINCk8000004hKvS,765,14.972182947065733,stage3_only,stage3_scored,decoy
ZINCk600000gowWW,766,14.971794525486501,stage3_only,stage3_scored,decoy
ZINCk800001bQqKs,767,14.968836055113023,stage3_only,stage3_scored,decoy
ZINCk700000PCd8y,768,14.968833632690536,stage3_only,stage3_scored,decoy
ZINCk700000PzpaI,769,14.967816037110259,stage3_only,stage3_scored,decoy
ZINCh8000018TinS,770,14.965950053933797,stage3_only,stage3_scored,decoy
ZINCk600000gpKPN,771,14.96396393818602,stage3_only,stage3_scored,decoy
ZINCk800000Gf29a,772,14.96129335443122,stage3_only,stage3_scored,decoy
ZINCk800000dsg4l,773,14.95992562714795,stage3_only,stage3_scored,decoy
ZINCk7000018Tgck,774,14.959680953083115,stage3_only,stage3_scored,decoy
ZINCj700000EmxJD,775,14.955025291670925,stage3_only,stage3_scored,decoy
ZINCj800000xcDSO,776,14.9535059280564,stage3_only,stage3_scored,decoy
ZINCk600000gpqXg,777,14.953308425311306,stage3_only,stage3_scored,decoy
ZINCk600000Pv9YJ,778,14.952712709217257,stage3_only,stage3_scored,decoy
ZINCk800000y8jFR,779,14.950708961534685,stage3_only,stage3_scored,decoy
ZINCi700000134ec,780,14.949447783301283,stage3_only,stage3_scored,decoy
ZINCj6000002m4V2,781,14.948514422739072,stage3_only,stage3_scored,decoy
ZINCk700000PyvCR,782,14.944875651828257,stage3_only,stage3_scored,decoy
CHEMBL514709,783,14.943929469340299,stage3_only,stage3_scored,active
ZINCk700000gsV7b,784,14.943776332924452,stage3_only,stage3_scored,decoy
ZINCk600000gpYOf,785,14.937804203130034,stage3_only,stage3_scored,decoy
ZINCk600000dr9da,786,14.93759528507723,stage3_only,stage3_scored,decoy
ZINCk800000PA8tb,787,14.926875148700045,stage3_only,stage3_scored,decoy
ZINCk800000PAXS5,788,14.92614716064467,stage3_only,stage3_scored,decoy
ZINCk8000018Tvoy,789,14.925533481295199,stage3_only,stage3_scored,decoy
ZINCk800001bQj5U,790,14.925385349818102,stage3_only,stage3_scored,decoy
ZINCk700000PAo8h,791,14.923004341986136,stage3_only,stage3_scored,decoy
ZINCk800001bPO2k,792,14.920606227237128,stage3_only,stage3_scored,decoy
ZINCk800000gv50v,793,14.918320535298232,stage3_only,stage3_scored,decoy
ZINCk700000PAOIH,794,14.917804664565548,stage3_only,stage3_scored,decoy
ZINCk700000grSaI,795,14.917197206422152,stage3_only,stage3_scored,decoy
ZINCk700000J9Q9a,796,14.915696105598583,stage3_only,stage3_scored,decoy
ZINCk8000009M2oF,797,14.914395119406336,stage3_only,stage3_scored,decoy
ZINCk700001bO6B3,798,14.913800496421082,stage3_only,stage3_scored,decoy
ZINCj700000JTLSl,799,14.910885011089425,stage3_only,stage3_scored,decoy
ZINCj500000wigYR,800,14.904703241493937,stage3_only,stage3_scored,decoy
ZINCk600000EmErA,801,14.902305302473861,stage3_only,stage3_scored,decoy
ZINCi5000000Td0t,802,14.900376299139145,stage3_only,stage3_scored,decoy
ZINCk800000EmxC1,803,14.897589453587106,stage3_only,stage3_scored,decoy
ZINCk800000xc5iH,804,14.894145451067747,stage3_only,stage3_scored,decoy
ZINCk6000009JtCL,805,14.892723495185475,stage3_only,stage3_scored,decoy
CHEMBL4114636,806,14.888199467990807,stage3_only,stage3_scored,active
ZINCk800000guZBI,807,14.885882178296844,stage3_only,stage3_scored,decoy
ZINCj600000xcnDz,808,14.884936710771626,stage3_only,stage3_scored,decoy
ZINCk50000045tFK,809,14.883423479684769,stage3_only,stage3_scored,decoy
ZINCk8000009LT4d,810,14.879948234779377,stage3_only,stage3_scored,decoy
ZINCk600000FCAUU,811,14.87621474383122,stage3_only,stage3_scored,decoy
ZINCk7000009KKt8,812,14.87362498638973,stage3_only,stage3_scored,decoy
ZINCk50000041ja5,813,14.870427713553747,stage3_only,stage3_scored,decoy
ZINCk700000PwQB4,814,14.867376452829475,stage3_only,stage3_scored,decoy
ZINCi700000cphcs,815,14.867276362534346,stage3_only,stage3_scored,decoy
ZINCk600000Gf5VQ,816,14.863896063764821,stage3_only,stage3_scored,decoy
ZINCk600000dqUKY,817,14.86282029965808,stage3_only,stage3_scored,decoy
ZINCk7000004gjII,818,14.861756355667259,stage3_only,stage3_scored,decoy
ZINCk800000Pzjlu,819,14.859737442254332,stage3_only,stage3_scored,decoy
ZINCk500000gf15o,820,14.855683588416095,stage3_only,stage3_scored,decoy
ZINCk700000PtU7d,821,14.85494016422714,stage3_only,stage3_scored,decoy
ZINCk800000PAiXd,822,14.849675367500641,stage3_only,stage3_scored,decoy
ZINCj5000002bxrx,823,14.849477788290105,stage3_only,stage3_scored,decoy
ZINCk700000JTt2K,824,14.848278749558684,stage3_only,stage3_scored,decoy
ZINCk700000JUfc7,825,14.846816110722191,stage3_only,stage3_scored,decoy
ZINCk600000PBw9f,826,14.844497001487797,stage3_only,stage3_scored,decoy
ZINCj700000PHeAf,827,14.843357708783948,stage3_only,stage3_scored,decoy
ZINCk500000dp4t5,828,14.833758065006064,stage3_only,stage3_scored,decoy
ZINCk8000009Ltmh,829,14.831530526165606,stage3_only,stage3_scored,decoy
ZINCk800000PtRsA,830,14.82961267485367,stage3_only,stage3_scored,decoy
ZINCk600000gpnUk,831,14.829583002486931,stage3_only,stage3_scored,decoy
ZINCk6000018SrNz,832,14.828899232941033,stage3_only,stage3_scored,decoy
ZINCk8000004jiTF,833,14.827466422634783,stage3_only,stage3_scored,decoy
ZINCj8000002qb0i,834,14.82383188194779,stage3_only,stage3_scored,decoy
ZINCi8000018TCVw,835,14.822666631437233,stage3_only,stage3_scored,decoy
ZINCk800000y8zT3,836,14.819281346458478,stage3_only,stage3_scored,decoy
ZINCk600000dr0Jt,837,14.816657294278475,stage3_only,stage3_scored,decoy
ZINCk500000dp3ZE,838,14.814677408923162,stage3_only,stage3_scored,decoy
ZINCj800001bP0sG,839,14.810125721495462,stage3_only,stage3_scored,decoy
ZINCk8000004iI13,840,14.808576269503451,stage3_only,stage3_scored,decoy
ZINCj8000002rN80,841,14.807183126326272,stage3_only,stage3_scored,decoy
ZINCj8000018TyHN,842,14.806355331537425,stage3_only,stage3_scored,decoy
ZINCk8000004iwJs,843,14.802765741998192,stage3_only,stage3_scored,decoy
ZINCk8000004iRu0,844,14.801419214620442,stage3_only,stage3_scored,decoy
ZINCk6000018TkUO,845,14.800706016041653,stage3_only,stage3_scored,decoy
ZINCj600000BmGl2,846,14.794632123061959,stage3_only,stage3_scored,decoy
ZINCk800000w1Zn0,847,14.792599375434474,stage3_only,stage3_scored,decoy
ZINCk800000BmHdy,848,14.792003382296807,stage3_only,stage3_scored,decoy
ZINCj7000002nwLs,849,14.79094009174049,stage3_only,stage3_scored,decoy
ZINCk700000PwCUl,850,14.788537927331374,stage3_only,stage3_scored,decoy
ZINCk700000JUwjR,851,14.787787146876072,stage3_only,stage3_scored,decoy
ZINCk800000Bmi1K,852,14.782865397159602,stage3_only,stage3_scored,decoy
ZINCk700000driZB,853,14.779645460500236,stage3_only,stage3_scored,decoy
ZINCj800000frh1h,854,14.7781741465522,stage3_only,stage3_scored,decoy
ZINCj600000JTQcL,855,14.77631932132878,stage3_only,stage3_scored,decoy
ZINCk700000Emxur,856,14.775505481355095,stage3_only,stage3_scored,decoy
ZINCk600000wXjIr,857,14.77543548969423,stage3_only,stage3_scored,decoy
ZINCk600000Gf3R9,858,14.775124528298532,stage3_only,stage3_scored,decoy
ZINCk600000w04TU,859,14.773687290651148,stage3_only,stage3_scored,decoy
ZINCk600000AJ7oa,860,14.773118538876156,stage3_only,stage3_scored,decoy
ZINCk7000004fuiD,861,14.769410331971653,stage3_only,stage3_scored,decoy
ZINCk700001bPfQd,862,14.768394710637592,stage3_only,stage3_scored,decoy
ZINCk700000GfZqE,863,14.761252895817705,stage3_only,stage3_scored,decoy
ZINCk800000JS6Rd,864,14.7591451209251,stage3_only,stage3_scored,decoy
ZINCk800000xckUX,865,14.757685153487607,stage3_only,stage3_scored,decoy
ZINCk600000vlE5F,866,14.757535574503429,stage3_only,stage3_scored,decoy
ZINCk700000gr7SC,867,14.756813132541295,stage3_only,stage3_scored,decoy
ZINCk5000003VnQo,868,14.75636309008569,stage3_only,stage3_scored,decoy
ZINCk7000009KMsR,869,14.749092654923995,stage3_only,stage3_scored,decoy
ZINCk600000gqiwU,870,14.746558651329606,stage3_only,stage3_scored,decoy
ZINCk800000PC3Tk,871,14.744721463283101,stage3_only,stage3_scored,decoy
ZINCk800000xcj4U,872,14.735374547679173,stage3_only,stage3_scored,decoy
ZINCk8000009LywA,873,14.733773855516011,stage3_only,stage3_scored,decoy
ZINCk600000gqBw6,874,14.730051865270894,stage3_only,stage3_scored,decoy
ZINCk500000doZ1k,875,14.726856871443381,stage3_only,stage3_scored,decoy
ZINCk8000004hJDg,876,14.726744580307548,stage3_only,stage3_scored,decoy
ZINCk800000PAQFa,877,14.724352322970361,stage3_only,stage3_scored,decoy
ZINCk500000dpbVb,878,14.723645649888697,stage3_only,stage3_scored,decoy
CHEMBL5877121,879,14.723047202660029,stage3_only,stage3_scored,active
ZINCk800000wvSlI,880,14.721989270238604,stage3_only,stage3_scored,decoy
ZINCk600001bOrCw,881,14.718161948619315,stage3_only,stage3_scored,decoy
CHEMBL6064615,882,14.714683346583438,stage3_only,stage3_scored,active
ZINCk600000cvkbO,883,14.714263640355432,stage3_only,stage3_scored,decoy
ZINCk5000009Grm7,884,14.704338980880472,stage3_only,stage3_scored,decoy
ZINCk600000x8nNL,885,14.700244242985807,stage3_only,stage3_scored,decoy
ZINCk6000018Tlj9,886,14.697586391738145,stage3_only,stage3_scored,decoy
ZINCk600000gpOAB,887,14.69726956551183,stage3_only,stage3_scored,decoy
CHEMBL5811937,888,14.696905592280023,stage3_only,stage3_scored,active
ZINCk7000004f4s8,889,14.694546055988068,stage3_only,stage3_scored,decoy
ZINCk5000009D8tL,890,14.69094302396085,stage3_only,stage3_scored,decoy
ZINCi6000018UyGW,891,14.685030891416249,stage3_only,stage3_scored,decoy
ZINCk8000009Lv9P,892,14.683845297188967,stage3_only,stage3_scored,decoy
ZINCk600000JS9Lx,893,14.682400699988836,stage3_only,stage3_scored,decoy
ZINCk7000018Th5o,894,14.682019315718282,stage3_only,stage3_scored,decoy
ZINCk8000004hIIo,895,14.681737492272873,stage3_only,stage3_scored,decoy
ZINCk700000PvB3P,896,14.678190822935964,stage3_only,stage3_scored,decoy
CHEMBL5849977,897,14.675516870230037,stage3_only,stage3_scored,active
ZINCj800000JWv6V,898,14.673110411350171,stage3_only,stage3_scored,decoy
ZINCk700000JTKL6,899,14.671588540577476,stage3_only,stage3_scored,decoy
ZINCk6000009JK7D,900,14.668804764545188,stage3_only,stage3_scored,decoy
ZINCk6000018TEIZ,901,14.667132170736489,stage3_only,stage3_scored,decoy
ZINCj800000JaoGi,902,14.667118428809125,stage3_only,stage3_scored,decoy
ZINCk8000004hVXs,903,14.66677476318259,stage3_only,stage3_scored,decoy
ZINCk5000009DwTI,904,14.666741747074168,stage3_only,stage3_scored,decoy
ZINCk500000dpgrI,905,14.664349884118119,stage3_only,stage3_scored,decoy
ZINCk700000JSDo2,906,14.664050438361112,stage3_only,stage3_scored,decoy
ZINCk6000004ccwi,907,14.663791822241745,stage3_only,stage3_scored,decoy
ZINCk700000y7Qq9,908,14.660882710651851,stage3_only,stage3_scored,decoy
ZINCk700000JTQhm,909,14.659165166956335,stage3_only,stage3_scored,decoy
ZINCk8000004jPO9,910,14.654203314843873,stage3_only,stage3_scored,decoy
ZINCk8000004iiBi,911,14.653777690418542,stage3_only,stage3_scored,decoy
ZINCk700000GfJtL,912,14.653223976812182,stage3_only,stage3_scored,decoy
ZINCj600000Emx6T,913,14.65060314540307,stage3_only,stage3_scored,decoy
ZINCk700000JTlKb,914,14.649587377920398,stage3_only,stage3_scored,decoy
ZINCk800000Ja4kO,915,14.647059845327425,stage3_only,stage3_scored,decoy
ZINCk600000JUjrc,916,14.646070320955904,stage3_only,stage3_scored,decoy
ZINCk500000443lG,917,14.645956040889146,stage3_only,stage3_scored,decoy
ZINCk600000gq2pg,918,14.644446021659864,stage3_only,stage3_scored,decoy
ZINCk8000004j1O7,919,14.643806672887134,stage3_only,stage3_scored,decoy
ZINCk5000009BxDU,920,14.641961817470076,stage3_only,stage3_scored,decoy
ZINCk800000Emr9P,921,14.640932542477252,stage3_only,stage3_scored,decoy
ZINCj7000018TXkq,922,14.63960134913,stage3_only,stage3_scored,decoy
ZINCk800000J9MmP,923,14.633392562292284,stage3_only,stage3_scored,decoy
ZINCk700000FCzyM,924,14.631199432484834,stage3_only,stage3_scored,decoy
ZINCk8000009LT4a,925,14.628273534851928,stage3_only,stage3_scored,decoy
ZINCj7000002nUuA,926,14.625757739223078,stage3_only,stage3_scored,decoy
ZINCk800000JSNfH,927,14.623424972061526,stage3_only,stage3_scored,decoy
ZINCk700000wCPtd,928,14.622245355908504,stage3_only,stage3_scored,decoy
ZINCk500000dpA8O,929,14.615820327472845,stage3_only,stage3_scored,decoy
ZINCk800000JS4K2,930,14.608985258633258,stage3_only,stage3_scored,decoy
ZINCk800000PAQvN,931,14.608581341572298,stage3_only,stage3_scored,decoy
ZINCk600001bOZba,932,14.607942562859794,stage3_only,stage3_scored,decoy
ZINCk8000018T2V9,933,14.60586409764741,stage3_only,stage3_scored,decoy
ZINCk800000w7l6z,934,14.605485253940497,stage3_only,stage3_scored,decoy
ZINCj800000JUtms,935,14.605339495772371,stage3_only,stage3_scored,decoy
ZINCk600000JT6Ji,936,14.601696007760088,stage3_only,stage3_scored,decoy
ZINCj8000002oAIw,937,14.59877039722091,stage3_only,stage3_scored,decoy
ZINCk600000wAN7v,938,14.59797022924541,stage3_only,stage3_scored,decoy
ZINCk700000Bn8u5,939,14.596938437810413,stage3_only,stage3_scored,decoy
ZINCj700000JSVQf,940,14.596649520272905,stage3_only,stage3_scored,decoy
ZINCk800000Pv4Fn,941,14.59660020337891,stage3_only,stage3_scored,decoy
ZINCj600000y9zPt,942,14.596433400418498,stage3_only,stage3_scored,decoy
ZINCk8000018SWPR,943,14.592639000942452,stage3_only,stage3_scored,decoy
ZINCk800000JTzhF,944,14.592057115748473,stage3_only,stage3_scored,decoy
ZINCj7000018T8XT,945,14.589961190240397,stage3_only,stage3_scored,decoy
ZINCk7000004gUm4,946,14.582093811735605,stage3_only,stage3_scored,decoy
ZINCk7000009KyDe,947,14.581658001698939,stage3_only,stage3_scored,decoy
ZINCk50000042l3T,948,14.576312995224734,stage3_only,stage3_scored,decoy
ZINCk800000JS4gE,949,14.574451677373563,stage3_only,stage3_scored,decoy
ZINCi600000Ja1ul,950,14.57238271708769,stage3_only,stage3_scored,decoy
ZINCk600000PATsU,951,14.568692830175955,stage3_only,stage3_scored,decoy
ZINCk700000drzOt,952,14.566695905133434,stage3_only,stage3_scored,decoy
ZINCk6000009J98s,953,14.556125046100068,stage3_only,stage3_scored,decoy
ZINCk700000gs2XR,954,14.55236206116823,stage3_only,stage3_scored,decoy
ZINCj7000002nPtV,955,14.55177114880371,stage3_only,stage3_scored,decoy
ZINCk800001bQaub,956,14.543922962476369,stage3_only,stage3_scored,decoy
ZINCk800000JSe6E,957,14.542109986653347,stage3_only,stage3_scored,decoy
ZINCj6000018TeHj,958,14.539714234688047,stage3_only,stage3_scored,decoy
ZINCk700000wSYyu,959,14.536030997352386,stage3_only,stage3_scored,decoy
ZINCk500000cLfyB,960,14.532980588324662,stage3_only,stage3_scored,decoy
ZINCk600000dr0LE,961,14.53222967789674,stage3_only,stage3_scored,decoy
ZINCk7000004fvau,962,14.53141654070132,stage3_only,stage3_scored,decoy
ZINCk600000gpiYf,963,14.529830619661494,stage3_only,stage3_scored,decoy
ZINCk600000xc2J6,964,14.529199059783126,stage3_only,stage3_scored,decoy
ZINCj800000xcROC,965,14.528780073587267,stage3_only,stage3_scored,decoy
ZINCk7000004eWZp,966,14.528388391720396,stage3_only,stage3_scored,decoy
ZINCk7000004eyAj,967,14.527377970696428,stage3_only,stage3_scored,decoy
ZINCj700000fpWFT,968,14.52697795981421,stage3_only,stage3_scored,decoy
ZINCj50000028IMn,969,14.525857099304389,stage3_only,stage3_scored,decoy
ZINCk700000PvZP4,970,14.524044483804445,stage3_only,stage3_scored,decoy
ZINCk700000Pzspy,971,14.51641003768576,stage3_only,stage3_scored,decoy
ZINCk600000PzwsB,972,14.514726227755764,stage3_only,stage3_scored,decoy
ZINCk7000009KyEK,973,14.511607630897442,stage3_only,stage3_scored,decoy
ZINCk7000004eRlZ,974,14.504567000447564,stage3_only,stage3_scored,decoy
ZINCk700000GfTxY,975,14.503196726338127,stage3_only,stage3_scored,decoy
ZINCk500000dorLm,976,14.502025126493653,stage3_only,stage3_scored,decoy
ZINCk8000018ToId,977,14.501436283884088,stage3_only,stage3_scored,decoy
ZINCj800001bP7Eq,978,14.500394383069988,stage3_only,stage3_scored,decoy
ZINCk800000Pu2kK,979,14.494271493246428,stage3_only,stage3_scored,decoy
ZINCk700000JUcEk,980,14.49340254749351,stage3_only,stage3_scored,decoy
ZINCj700000wzZus,981,14.491205460606144,stage3_only,stage3_scored,decoy
ZINCk5000009CCSK,982,14.487013393499035,stage3_only,stage3_scored,decoy
ZINCk800000ds1pZ,983,14.486484385396059,stage3_only,stage3_scored,decoy
ZINCk8000004hk6q,984,14.485369735487808,stage3_only,stage3_scored,decoy
ZINCk7000009KT83,985,14.484376441531802,stage3_only,stage3_scored,decoy
ZINCk6000004bAlI,986,14.480761803217622,stage3_only,stage3_scored,decoy
ZINCk7000004eKeb,987,14.479521765804273,stage3_only,stage3_scored,decoy
ZINCk800000PAaJW,988,14.476088202096541,stage3_only,stage3_scored,decoy
ZINCk800000JTRZd,989,14.47383027694714,stage3_only,stage3_scored,decoy
ZINCk500000dow3M,990,14.47323991599835,stage3_only,stage3_scored,decoy
ZINCk7000018SjVU,991,14.472706872770159,stage3_only,stage3_scored,decoy
ZINCk8000004jnrC,992,14.47093238580466,stage3_only,stage3_scored,decoy
ZINCk6000018T6kr,993,14.468536458061415,stage3_only,stage3_scored,decoy
ZINCk800000drJFG,994,14.462477962471121,stage3_only,stage3_scored,decoy
ZINCk8000004iFKw,995,14.456744279035625,stage3_only,stage3_scored,decoy
ZINCk8000004jpSc,996,14.45633418498616,stage3_only,stage3_scored,decoy
ZINCj800000vM535,997,14.452915522076573,stage3_only,stage3_scored,decoy
ZINCk8000004jzu9,998,14.449340934644635,stage3_only,stage3_scored,decoy
ZINCk7000004gej4,999,14.447328447989932,stage3_only,stage3_scored,decoy
ZINCk800000vJvm2,1000,14.443760585752205,stage3_only,stage3_scored,decoy
ZINCh70000009f9y,1001,14.441930875510614,stage3_only,stage3_scored,decoy
ZINCk600000GfjX4,1002,14.437482974691967,stage3_only,stage3_scored,decoy
ZINCk8000004jz8x,1003,14.435631113375043,stage3_only,stage3_scored,decoy
ZINCk800000PAku3,1004,14.430871630011493,stage3_only,stage3_scored,decoy
ZINCj6000018UH4G,1005,14.42925691431396,stage3_only,stage3_scored,decoy
ZINCj600000PAmVP,1006,14.428811480632776,stage3_only,stage3_scored,decoy
ZINCk700000JTKDZ,1007,14.426813893932245,stage3_only,stage3_scored,decoy
ZINCk800000PBdGo,1008,14.426225452213577,stage3_only,stage3_scored,decoy
ZINCk800001bQqDb,1009,14.425750383523187,stage3_only,stage3_scored,decoy
ZINCk700000w1eSB,1010,14.42478656418011,stage3_only,stage3_scored,decoy
ZINCk500000dpAbr,1011,14.423059801367053,stage3_only,stage3_scored,decoy
ZINCk700000JSUJp,1012,14.420784658335043,stage3_only,stage3_scored,decoy
ZINCk800000gtBBs,1013,14.413648709712284,stage3_only,stage3_scored,decoy
ZINCk5000003ZAZc,1014,14.412041973971002,stage3_only,stage3_scored,decoy
ZINCj8000002q1ge,1015,14.407953530795641,stage3_only,stage3_scored,decoy
ZINCj6000002lqAj,1016,14.403490166935859,stage3_only,stage3_scored,decoy
ZINCk600000Pys2K,1017,14.401981106586586,stage3_only,stage3_scored,decoy
ZINCk800000wf4BS,1018,14.400355114310432,stage3_only,stage3_scored,decoy
ZINCk600000PANSP,1019,14.393291979020802,stage3_only,stage3_scored,decoy
ZINCj500000xclPr,1020,14.393090242409615,stage3_only,stage3_scored,decoy
ZINCj800000JXe7k,1021,14.392229418697028,stage3_only,stage3_scored,decoy
ZINCk600000dqNGZ,1022,14.39206036383929,stage3_only,stage3_scored,decoy
ZINCk8000004iNhc,1023,14.390289687842548,stage3_only,stage3_scored,decoy
ZINCk800000cvz8e,1024,14.388341422331607,stage3_only,stage3_scored,decoy
ZINCk500000gedZ0,1025,14.387050438432595,stage3_only,stage3_scored,decoy
ZINCk800000GeYpV,1026,14.386197112266425,stage3_only,stage3_scored,decoy
ZINCj800000PA9KI,1027,14.38421506932403,stage3_only,stage3_scored,decoy
ZINCk600000wrpX9,1028,14.382395441945844,stage3_only,stage3_scored,decoy
CHEMBL5901726,1029,14.37132628841144,stage3_only,stage3_scored,active
ZINCk8000018SXgy,1030,14.369313828502516,stage3_only,stage3_scored,decoy
ZINCj800000JWWIc,1031,14.368554403194775,stage3_only,stage3_scored,decoy
ZINCk8000004jnul,1032,14.36807613756793,stage3_only,stage3_scored,decoy
ZINCj7000002nLzp,1033,14.359687477212514,stage3_only,stage3_scored,decoy
ZINCk800000vxqvR,1034,14.356795480590133,stage3_only,stage3_scored,decoy
ZINCk8000018Tt8J,1035,14.353311572987074,stage3_only,stage3_scored,decoy
ZINCk700000PzAN5,1036,14.350183949445755,stage3_only,stage3_scored,decoy
ZINCk800000EmvNl,1037,14.349911284263944,stage3_only,stage3_scored,decoy
ZINCk800000JS486,1038,14.343719002669953,stage3_only,stage3_scored,decoy
ZINCk600000JUpLQ,1039,14.342930758852479,stage3_only,stage3_scored,decoy
ZINCk600000BmAxu,1040,14.338812402660723,stage3_only,stage3_scored,decoy
ZINCk7000004gxkX,1041,14.337508679112164,stage3_only,stage3_scored,decoy
ZINCk5000009EnuY,1042,14.335797716691298,stage3_only,stage3_scored,decoy
ZINCk800000Gfwo9,1043,14.334420764480708,stage3_only,stage3_scored,decoy
ZINCk700000JSDBu,1044,14.3343692975439,stage3_only,stage3_scored,decoy
ZINCj600000JSQur,1045,14.334335962094428,stage3_only,stage3_scored,decoy
ZINCk500000dpcYt,1046,14.333769956875443,stage3_only,stage3_scored,decoy
ZINCk7000009L08Y,1047,14.331818645401135,stage3_only,stage3_scored,decoy
ZINCk5000009FNg4,1048,14.329600347497323,stage3_only,stage3_scored,decoy
ZINCk700001bOPGw,1049,14.32928557873404,stage3_only,stage3_scored,decoy
ZINCk7000018SQX4,1050,14.32915983342193,stage3_only,stage3_scored,decoy
ZINCk50000045gya,1051,14.3288597734171,stage3_only,stage3_scored,decoy
ZINCk50000040Qrr,1052,14.328315190458474,stage3_only,stage3_scored,decoy
ZINCi700000eO0vv,1053,14.32597494294914,stage3_only,stage3_scored,decoy
ZINCk500000gc41G,1054,14.320850310690295,stage3_only,stage3_scored,decoy
ZINCk800000PBihx,1055,14.320415020516718,stage3_only,stage3_scored,decoy
ZINCk6000018TEZO,1056,14.31895636971183,stage3_only,stage3_scored,decoy
ZINCk800000ds6QZ,1057,14.313752224214877,stage3_only,stage3_scored,decoy
ZINCk600000dqWkL,1058,14.310524142280233,stage3_only,stage3_scored,decoy
ZINCk500000464VK,1059,14.310309259200654,stage3_only,stage3_scored,decoy
ZINCj5000002chgY,1060,14.30951283235377,stage3_only,stage3_scored,decoy
ZINCk500000g7hIw,1061,14.304790725839693,stage3_only,stage3_scored,decoy
ZINCk600000vbmrx,1062,14.304045130207133,stage3_only,stage3_scored,decoy
ZINCj600000PGJMQ,1063,14.30358206419664,stage3_only,stage3_scored,decoy
ZINCk600000Pu4GR,1064,14.302391389121297,stage3_only,stage3_scored,decoy
ZINCk7000004d1DM,1065,14.300500771817752,stage3_only,stage3_scored,decoy
ZINCk800000ds2R3,1066,14.291397961174285,stage3_only,stage3_scored,decoy
ZINCk500000gblHK,1067,14.291273586818791,stage3_only,stage3_scored,decoy
ZINCj700000JT7t9,1068,14.288156910777765,stage3_only,stage3_scored,decoy
ZINCk500000gcHWs,1069,14.28714775404015,stage3_only,stage3_scored,decoy
ZINCj600000JUVqm,1070,14.284108979331927,stage3_only,stage3_scored,decoy
ZINCk7000004edgA,1071,14.280987525180347,stage3_only,stage3_scored,decoy
ZINCk8000004hRPC,1072,14.279926385250153,stage3_only,stage3_scored,decoy
ZINCk800000gvsin,1073,14.274298883898236,stage3_only,stage3_scored,decoy
CHEMBL5869704,1074,14.271289237831834,stage3_only,stage3_scored,active
ZINCk700000drqGO,1075,14.271282252922022,stage3_only,stage3_scored,decoy
ZINCj7000002nxDC,1076,14.270043412884677,stage3_only,stage3_scored,decoy
ZINCk7000009KfII,1077,14.268480796441482,stage3_only,stage3_scored,decoy
ZINCj500000d6ekK,1078,14.262641304513973,stage3_only,stage3_scored,decoy
ZINCk800000JTulP,1079,14.261183836231993,stage3_only,stage3_scored,decoy
ZINCk800000JTjI6,1080,14.25998509712939,stage3_only,stage3_scored,decoy
ZINCk600001bNUnq,1081,14.252013087241977,stage3_only,stage3_scored,decoy
ZINCk700000PAkld,1082,14.251035695189147,stage3_only,stage3_scored,decoy
ZINCk600000dr5Jp,1083,14.246862097840229,stage3_only,stage3_scored,decoy
ZINCk800000gu5Mi,1084,14.246302586362066,stage3_only,stage3_scored,decoy
ZINCk800000PzPZ4,1085,14.245773416255064,stage3_only,stage3_scored,decoy
ZINCi800000JXZMw,1086,14.244345549732596,stage3_only,stage3_scored,decoy
ZINCj800000PzONr,1087,14.24365933927196,stage3_only,stage3_scored,decoy
ZINCk800000Pwekf,1088,14.24287300876269,stage3_only,stage3_scored,decoy
ZINCj7000018UKaN,1089,14.242693178086967,stage3_only,stage3_scored,decoy
ZINCk8000004jDd8,1090,14.234419253436243,stage3_only,stage3_scored,decoy
ZINCj800000PFHME,1091,14.232703468469193,stage3_only,stage3_scored,decoy
ZINCk600000gpmv3,1092,14.229768998132114,stage3_only,stage3_scored,decoy
ZINCj500000y8sE9,1093,14.229584884737084,stage3_only,stage3_scored,decoy
ZINCk700000JSkXK,1094,14.229006354657106,stage3_only,stage3_scored,decoy
ZINCk700000grTGp,1095,14.228951264262841,stage3_only,stage3_scored,decoy
ZINCk800001bPIVF,1096,14.228514537295903,stage3_only,stage3_scored,decoy
ZINCk700000FCxnZ,1097,14.224707164790237,stage3_only,stage3_scored,decoy
ZINCk700000BmJCh,1098,14.223614025375936,stage3_only,stage3_scored,decoy
ZINCk800000JTLZG,1099,14.222762748091046,stage3_only,stage3_scored,decoy
ZINCj6000018UULA,1100,14.2196254481613,stage3_only,stage3_scored,decoy
CHEMBL3653239,1101,14.21887583359087,stage3_only,stage3_scored,active
ZINCj6000002lwfB,1102,14.218685082663153,stage3_only,stage3_scored,decoy
ZINCj500000d6fq6,1103,14.210775765345906,stage3_only,stage3_scored,decoy
ZINCk7000018TwN4,1104,14.210261877555265,stage3_only,stage3_scored,decoy
ZINCj6000002l2K6,1105,14.204712614708647,stage3_only,stage3_scored,decoy
ZINCk8000018TgnF,1106,14.201723429629604,stage3_only,stage3_scored,decoy
ZINCk800001bQ4oD,1107,14.201372345374724,stage3_only,stage3_scored,decoy
ZINCj6000002kSDe,1108,14.200030108380714,stage3_only,stage3_scored,decoy
CHEMBL4109769,1109,14.199117765094243,stage3_only,stage3_scored,active
ZINCk700000PyxBD,1110,14.1974650975846,stage3_only,stage3_scored,decoy
ZINCh70000009f9w,1111,14.197248010941706,stage3_only,stage3_scored,decoy
ZINCk7000004gsAi,1112,14.195061861553258,stage3_only,stage3_scored,decoy
ZINCj500000d7r4e,1113,14.194635478496256,stage3_only,stage3_scored,decoy
ZINCk700000PtJsv,1114,14.194565503180815,stage3_only,stage3_scored,decoy
ZINCk8000018Tezv,1115,14.193362446686416,stage3_only,stage3_scored,decoy
ZINCk50000040Was,1116,14.19022844425653,stage3_only,stage3_scored,decoy
ZINCk700000PBdi9,1117,14.189409271086788,stage3_only,stage3_scored,decoy
ZINCi800000xd1XX,1118,14.18445654069369,stage3_only,stage3_scored,decoy
ZINCk600000gpq4B,1119,14.182164437296095,stage3_only,stage3_scored,decoy
ZINCk700000JTg82,1120,14.179788273240554,stage3_only,stage3_scored,decoy
ZINCj600000fnKcN,1121,14.1787908313452,stage3_only,stage3_scored,decoy
CHEMBL5859878,1122,14.177934256513511,stage3_only,stage3_scored,active
ZINCj8000002rDJE,1123,14.176702963896714,stage3_only,stage3_scored,decoy
ZINCj7000018SsVD,1124,14.171975435144232,stage3_only,stage3_scored,decoy
ZINCj800000JUUnX,1125,14.171273342812407,stage3_only,stage3_scored,decoy
ZINCj600000xcKzo,1126,14.169699683151343,stage3_only,stage3_scored,decoy
ZINCh70000009daR,1127,14.165956926768468,stage3_only,stage3_scored,decoy
ZINCk8000009LQ9s,1128,14.163936551606133,stage3_only,stage3_scored,decoy
ZINCk600000dqT4q,1129,14.162776232765081,stage3_only,stage3_scored,decoy
ZINCi800000BpGq4,1130,14.157859691536514,stage3_only,stage3_scored,decoy
ZINCk5000003WiMD,1131,14.151938915839606,stage3_only,stage3_scored,decoy
ZINCk600000vSKKt,1132,14.148333856685017,stage3_only,stage3_scored,decoy
ZINCk6000004drVS,1133,14.146580006573389,stage3_only,stage3_scored,decoy
ZINCk600000y8uQd,1134,14.146141741438528,stage3_only,stage3_scored,decoy
ZINCk50000046FMP,1135,14.14498858179376,stage3_only,stage3_scored,decoy
ZINCk700000BmosF,1136,14.144133771213735,stage3_only,stage3_scored,decoy
ZINCk600001bNsCK,1137,14.14025086031096,stage3_only,stage3_scored,decoy
ZINCk800000vbYhb,1138,14.137499204498988,stage3_only,stage3_scored,decoy
ZINCk700000PAQKB,1139,14.137371611659091,stage3_only,stage3_scored,decoy
ZINCk600000JTl3x,1140,14.117453677358968,stage3_only,stage3_scored,decoy
ZINCk8000009MbRy,1141,14.114088457466417,stage3_only,stage3_scored,decoy
ZINCk800000JSbuH,1142,14.113688782135116,stage3_only,stage3_scored,decoy
ZINCk500000gbth6,1143,14.110236375129647,stage3_only,stage3_scored,decoy
CHEMBL5989834,1144,14.101757861892471,stage3_only,stage3_scored,active
ZINCk7000009Kk2R,1145,14.098516079431816,stage3_only,stage3_scored,decoy
ZINCk800000PC4me,1146,14.098160918721245,stage3_only,stage3_scored,decoy
ZINCk700000w39Ch,1147,14.095405289921148,stage3_only,stage3_scored,decoy
ZINCj700000PKMoT,1148,14.090559268366288,stage3_only,stage3_scored,decoy
ZINCk6000004dHPD,1149,14.090536084532003,stage3_only,stage3_scored,decoy
ZINCk800000FCBLz,1150,14.090066850812955,stage3_only,stage3_scored,decoy
ZINCk800000Pu2jk,1151,14.083232842790672,stage3_only,stage3_scored,decoy
ZINCk700000y8Eft,1152,14.081465920413377,stage3_only,stage3_scored,decoy
ZINCj700001bQrKs,1153,14.075310001263198,stage3_only,stage3_scored,decoy
ZINCk800000xc4gw,1154,14.074901526538254,stage3_only,stage3_scored,decoy
ZINCj700000JTxbA,1155,14.073584968618752,stage3_only,stage3_scored,decoy
ZINCk800000JTtBK,1156,14.072317337665101,stage3_only,stage3_scored,decoy
ZINCj800000PI8sq,1157,14.069974720454681,stage3_only,stage3_scored,decoy
ZINCj6000018Uuza,1158,14.069757408929565,stage3_only,stage3_scored,decoy
ZINCk8000018TA71,1159,14.067020469293205,stage3_only,stage3_scored,decoy
ZINCk500000424sZ,1160,14.061798233304334,stage3_only,stage3_scored,decoy
ZINCj800000JUkCU,1161,14.058479119353013,stage3_only,stage3_scored,decoy
ZINCj700000d8f8i,1162,14.058456434037351,stage3_only,stage3_scored,decoy
CHEMBL6030067,1163,14.055396384098433,stage3_only,stage3_scored,active
ZINCk700000wFWue,1164,14.054424711498388,stage3_only,stage3_scored,decoy
ZINCj700000BmWsp,1165,14.053811994270632,stage3_only,stage3_scored,decoy
ZINCk600000gplPJ,1166,14.051528198394859,stage3_only,stage3_scored,decoy
ZINCk500000419bM,1167,14.046847025006372,stage3_only,stage3_scored,decoy
ZINCk500000dpG5L,1168,14.046179009391873,stage3_only,stage3_scored,decoy
ZINCk6000004dwBG,1169,14.045387636947197,stage3_only,stage3_scored,decoy
ZINCj8000002qFeA,1170,14.037587398064721,stage3_only,stage3_scored,decoy
ZINCj800000fr1zQ,1171,14.033199117612368,stage3_only,stage3_scored,decoy
ZINCj6000002lIMl,1172,14.030275280055905,stage3_only,stage3_scored,decoy
ZINCk800000PBhtT,1173,14.029412199348412,stage3_only,stage3_scored,decoy
ZINCk7000004eSXN,1174,14.025464278490045,stage3_only,stage3_scored,decoy
ZINCk8000004jEOO,1175,14.024333470277721,stage3_only,stage3_scored,decoy
ZINCk800000ciIsJ,1176,14.01440308961036,stage3_only,stage3_scored,decoy
ZINCj7000002nKmz,1177,14.009943799810593,stage3_only,stage3_scored,decoy
ZINCk8000004khnB,1178,14.007426280335986,stage3_only,stage3_scored,decoy
ZINCk700000y8Gj5,1179,14.005501205904741,stage3_only,stage3_scored,decoy
ZINCk800000BmvND,1180,14.002744011445499,stage3_only,stage3_scored,decoy
ZINCk800000guEGb,1181,14.002621376512664,stage3_only,stage3_scored,decoy
ZINCk800000PtEJD,1182,13.997922079655504,stage3_only,stage3_scored,decoy
ZINCk800000EmvSi,1183,13.993421908437458,stage3_only,stage3_scored,decoy
ZINCk700000BnhvB,1184,13.992103421322872,stage3_only,stage3_scored,decoy
ZINCj800000PFB29,1185,13.988726693270744,stage3_only,stage3_scored,decoy
CHEMBL5913446,1186,13.986605984816588,stage3_only,stage3_scored,active
ZINCk500000gbb5N,1187,13.984806876191513,stage3_only,stage3_scored,decoy
ZINCk600000JTbfH,1188,13.977174169910349,stage3_only,stage3_scored,decoy
ZINCj600000ch4LI,1189,13.975184651833917,stage3_only,stage3_scored,decoy
CHEMBL4115504,1190,13.968481400538314,stage3_only,stage3_scored,active
ZINCh600000JTOFf,1191,13.968123432963882,stage3_only,stage3_scored,decoy
ZINCk8000004idWz,1192,13.96671922591058,stage3_only,stage3_scored,decoy
ZINCj8000009kdEf,1193,13.96669308586184,stage3_only,stage3_scored,decoy
ZINCj6000002lF4z,1194,13.965736571063367,stage3_only,stage3_scored,decoy
ZINCk800001bPX2t,1195,13.965103453279818,stage3_only,stage3_scored,decoy
CHEMBL5745234,1196,13.963113542269678,stage3_only,stage3_scored,active
ZINCk700000JTrsU,1197,13.95977901322815,stage3_only,stage3_scored,decoy
ZINCk6000018T1D7,1198,13.956782667614583,stage3_only,stage3_scored,decoy
ZINCk8000009MifW,1199,13.956026899045987,stage3_only,stage3_scored,decoy
ZINCk8000004ioDi,1200,13.955730978748512,stage3_only,stage3_scored,decoy
ZINCk500000geU59,1201,13.955323038129906,stage3_only,stage3_scored,decoy
ZINCk600000PuCPU,1202,13.954448377038215,stage3_only,stage3_scored,decoy
ZINCk600000Em6Tg,1203,13.951718694115137,stage3_only,stage3_scored,decoy
ZINCk800000JU0Vl,1204,13.94712584527938,stage3_only,stage3_scored,decoy
CHEMBL3265101,1205,13.933650158102541,stage3_only,stage3_scored,active
ZINCj8000018SwWt,1206,13.929366436662145,stage3_only,stage3_scored,decoy
ZINCk600000JSDum,1207,13.927284853036136,stage3_only,stage3_scored,decoy
ZINCk6000004dS7C,1208,13.924661424688114,stage3_only,stage3_scored,decoy
CHEMBL5816136,1209,13.912628870665953,stage3_only,stage3_scored,active
ZINCk6000004cBZG,1210,13.910863406777855,stage3_only,stage3_scored,decoy
ZINCk600000y8zv9,1211,13.909845701299727,stage3_only,stage3_scored,decoy
ZINCj700000PIig2,1212,13.908176957268278,stage3_only,stage3_scored,decoy
ZINCj500000crmku,1213,13.907884634075565,stage3_only,stage3_scored,decoy
ZINCj500000y7UEy,1214,13.907384350680427,stage3_only,stage3_scored,decoy
ZINCk800001bNJQ1,1215,13.907250095281551,stage3_only,stage3_scored,decoy
ZINCk7000004fcmT,1216,13.907134114861421,stage3_only,stage3_scored,decoy
ZINCk500000dpdqr,1217,13.902777055551619,stage3_only,stage3_scored,decoy
ZINCk800000xcg6p,1218,13.899577315762995,stage3_only,stage3_scored,decoy
ZINCj600001bOYa4,1219,13.895268352864457,stage3_only,stage3_scored,decoy
ZINCk700000cLjot,1220,13.88643642588024,stage3_only,stage3_scored,decoy
ZINCk6000004dXPg,1221,13.886294922648123,stage3_only,stage3_scored,decoy
ZINCk800000JSKjM,1222,13.87853577552987,stage3_only,stage3_scored,decoy
ZINCk7000004f7FY,1223,13.87242244489906,stage3_only,stage3_scored,decoy
ZINCk500000BlR7m,1224,13.863313764181951,stage3_only,stage3_scored,decoy
ZINCj800000PIucE,1225,13.86311409371126,stage3_only,stage3_scored,decoy
ZINCk5000003Zd5y,1226,13.860708399862565,stage3_only,stage3_scored,decoy
ZINCk700001bPXi3,1227,13.856553204353213,stage3_only,stage3_scored,decoy
ZINCk7000009L6Wc,1228,13.845738250533506,stage3_only,stage3_scored,decoy
ZINCk800000y8ucW,1229,13.845542695236038,stage3_only,stage3_scored,decoy
ZINCi5000000XXik,1230,13.833581196935132,stage3_only,stage3_scored,decoy
ZINCk600000dqRAu,1231,13.832682554801668,stage3_only,stage3_scored,decoy
ZINCk8000004iESa,1232,13.826452109214413,stage3_only,stage3_scored,decoy
ZINCj800000AJpMN,1233,13.819612363575606,stage3_only,stage3_scored,decoy
ZINCj7000002nFrk,1234,13.814496978302325,stage3_only,stage3_scored,decoy
ZINCk7000004eHLk,1235,13.810258154993612,stage3_only,stage3_scored,decoy
ZINCk6000004dyyV,1236,13.805049294394648,stage3_only,stage3_scored,decoy
ZINCk800000drPIT,1237,13.800588838536054,stage3_only,stage3_scored,decoy
ZINCk700000GfkCG,1238,13.79588104892007,stage3_only,stage3_scored,decoy
ZINCk800000EmzXH,1239,13.792450178929089,stage3_only,stage3_scored,decoy
ZINCk800001bPj7s,1240,13.790392296784841,stage3_only,stage3_scored,decoy
ZINCk6000004bQS1,1241,13.779389306439985,stage3_only,stage3_scored,decoy
ZINCj5000002heDb,1242,13.763820749056853,stage3_only,stage3_scored,decoy
ZINCk8000018TjfK,1243,13.76124913907746,stage3_only,stage3_scored,decoy
ZINCk600000dqZxT,1244,13.761237266591845,stage3_only,stage3_scored,decoy
ZINCk6000004djU7,1245,13.757611703903194,stage3_only,stage3_scored,decoy
ZINCk5000009CyuI,1246,13.754961026919629,stage3_only,stage3_scored,decoy
ZINCk50000040VDt,1247,13.748426475587976,stage3_only,stage3_scored,decoy
ZINCk800000guIBH,1248,13.744643961522465,stage3_only,stage3_scored,decoy
ZINCk50000046rb3,1249,13.744599303322671,stage3_only,stage3_scored,decoy
ZINCk700000Pzi6w,1250,13.730052013452857,stage3_only,stage3_scored,decoy
ZINCk800000gvXfa,1251,13.729342884837273,stage3_only,stage3_scored,decoy
ZINCk800000Bmth7,1252,13.723624895988983,stage3_only,stage3_scored,decoy
ZINCk8000004jE7d,1253,13.72279636029627,stage3_only,stage3_scored,decoy
ZINCj700000JW2Lx,1254,13.717547326834262,stage3_only,stage3_scored,decoy
ZINCk5000003Z5jw,1255,13.714454127824256,stage3_only,stage3_scored,decoy
ZINCk5000009F7Hj,1256,13.712303667296474,stage3_only,stage3_scored,decoy
ZINCk500000dorax,1257,13.712287660913068,stage3_only,stage3_scored,decoy
CHEMBL6012158,1258,13.703385835778189,stage3_only,stage3_scored,active
ZINCj7000002nPW0,1259,13.703095893224466,stage3_only,stage3_scored,decoy
ZINCk5000003Y6XP,1260,13.688635513942682,stage3_only,stage3_scored,decoy
ZINCi700000FCYS4,1261,13.677649183546995,stage3_only,stage3_scored,decoy
ZINCk500000470C5,1262,13.674789788539545,stage3_only,stage3_scored,decoy
ZINCk6000004dBme,1263,13.673601962248862,stage3_only,stage3_scored,decoy
ZINCk800000JT8nt,1264,13.666709997899481,stage3_only,stage3_scored,decoy
ZINCk600000EmsZE,1265,13.659686677299812,stage3_only,stage3_scored,decoy
ZINCk8000004ifh7,1266,13.655013619907333,stage3_only,stage3_scored,decoy
ZINCk700000PCx9I,1267,13.64607878697384,stage3_only,stage3_scored,decoy
ZINCk800000PA8Ef,1268,13.637682874960205,stage3_only,stage3_scored,decoy
ZINCk8000004iTWd,1269,13.637541652265462,stage3_only,stage3_scored,decoy
ZINCk600000Pyhgy,1270,13.63266839652753,stage3_only,stage3_scored,decoy
ZINCk8000004hTU9,1271,13.626148095814484,stage3_only,stage3_scored,decoy
ZINCk800000drUZq,1272,13.62538285403166,stage3_only,stage3_scored,decoy
ZINCk700000Pyocj,1273,13.62181519938502,stage3_only,stage3_scored,decoy
ZINCj700000PE7ee,1274,13.617091554915598,stage3_only,stage3_scored,decoy
ZINCk600001bNFvF,1275,13.60696278109586,stage3_only,stage3_scored,decoy
ZINCj800000En8Wp,1276,13.59980569452295,stage3_only,stage3_scored,decoy
ZINCj600000JWr5R,1277,13.599236845246583,stage3_only,stage3_scored,decoy
ZINCk700000PxggN,1278,13.596426586788528,stage3_only,stage3_scored,decoy
ZINCj8000002rMuO,1279,13.593409128464918,stage3_only,stage3_scored,decoy
ZINCk600000Pw9Gl,1280,13.59308851104221,stage3_only,stage3_scored,decoy
ZINCk700000veQJt,1281,13.590462869536724,stage3_only,stage3_scored,decoy
ZINCj500000d6P6F,1282,13.584784010231063,stage3_only,stage3_scored,decoy
ZINCk6000004cRDC,1283,13.58290477297302,stage3_only,stage3_scored,decoy
ZINCj8000018Skr1,1284,13.570734564459299,stage3_only,stage3_scored,decoy
ZINCk800000xc509,1285,13.568602976972482,stage3_only,stage3_scored,decoy
ZINCk50000045enc,1286,13.568470006731047,stage3_only,stage3_scored,decoy
ZINCk7000009Kvuc,1287,13.566943847162305,stage3_only,stage3_scored,decoy
ZINCk700000y8B4g,1288,13.560857687360178,stage3_only,stage3_scored,decoy
ZINCk500000doJB5,1289,13.558404412235006,stage3_only,stage3_scored,decoy
ZINCk600001bNu4g,1290,13.550047611566667,stage3_only,stage3_scored,decoy
ZINCk8000004i0pw,1291,13.549056114502964,stage3_only,stage3_scored,decoy
ZINCk500000dp4C3,1292,13.54687716927795,stage3_only,stage3_scored,decoy
ZINCk600000vSoei,1293,13.543217698784527,stage3_only,stage3_scored,decoy
ZINCk50000044xOE,1294,13.539292491261879,stage3_only,stage3_scored,decoy
ZINCk8000009LJPi,1295,13.535169232070094,stage3_only,stage3_scored,decoy
ZINCj800000JUWHs,1296,13.531779240814503,stage3_only,stage3_scored,decoy
ZINCk800000PBm9N,1297,13.529332322010424,stage3_only,stage3_scored,decoy
ZINCh600000JUxqF,1298,13.525663758494689,stage3_only,stage3_scored,decoy
ZINCj700000d8qoF,1299,13.506706211014587,stage3_only,stage3_scored,decoy
ZINCk800000wBPvY,1300,13.502528658885128,stage3_only,stage3_scored,decoy
CHEMBL5988926,1301,13.502015324336563,stage3_only,stage3_scored,active
ZINCk700000drILh,1302,13.500223582738696,stage3_only,stage3_scored,decoy
ZINCk7000004fHjq,1303,13.497780740039877,stage3_only,stage3_scored,decoy
ZINCk5000009FRUR,1304,13.495410287777185,stage3_only,stage3_scored,decoy
ZINCk8000009LFhJ,1305,13.49337480401401,stage3_only,stage3_scored,decoy
ZINCk7000004ey9s,1306,13.491604948849423,stage3_only,stage3_scored,decoy
ZINCk700000JTvUP,1307,13.482825792072118,stage3_only,stage3_scored,decoy
ZINCk700000PBEHJ,1308,13.480580538314868,stage3_only,stage3_scored,decoy
CHEMBL5267044,1309,13.472564521735107,stage3_only,stage3_scored,active
ZINCk7000004fgjZ,1310,13.46640184972439,stage3_only,stage3_scored,decoy
ZINCj7000002o5i8,1311,13.461831275115179,stage3_only,stage3_scored,decoy
ZINCk600000PABTN,1312,13.458654014693366,stage3_only,stage3_scored,decoy
ZINCk700000PxvCz,1313,13.452146718681432,stage3_only,stage3_scored,decoy
ZINCk6000004bJm2,1314,13.449709408411557,stage3_only,stage3_scored,decoy
ZINCk600000Emt2T,1315,13.44360503405531,stage3_only,stage3_scored,decoy
ZINCk700000JTlds,1316,13.437497226994505,stage3_only,stage3_scored,decoy
ZINCj600001bS0wa,1317,13.434002859543872,stage3_only,stage3_scored,decoy
ZINCj500000fdyB5,1318,13.426044657194275,stage3_only,stage3_scored,decoy
ZINCk600000EmeyG,1319,13.425675667959778,stage3_only,stage3_scored,decoy
ZINCk800000PAv9x,1320,13.42373367784084,stage3_only,stage3_scored,decoy
ZINCk700000PvYgl,1321,13.408211553710899,stage3_only,stage3_scored,decoy
ZINCk800000JTXXJ,1322,13.399273015219658,stage3_only,stage3_scored,decoy
ZINCk8000004hwUr,1323,13.374693772600615,stage3_only,stage3_scored,decoy
ZINCk5000003Xmo7,1324,13.363090888313675,stage3_only,stage3_scored,decoy
CHEMBL2347389,1325,13.36299664568798,stage3_only,stage3_scored,active
ZINCk8000004jPX8,1326,13.35217552619855,stage3_only,stage3_scored,decoy
ZINCj6000002lAoK,1327,13.346698811385426,stage3_only,stage3_scored,decoy
ZINCj8000002q0L3,1328,13.344079403171206,stage3_only,stage3_scored,decoy
ZINCk600000Aiw57,1329,13.340776756195933,stage3_only,stage3_scored,decoy
ZINCk6000004dY4h,1330,13.335741518477452,stage3_only,stage3_scored,decoy
ZINCk600000PvnQl,1331,13.328723425698971,stage3_only,stage3_scored,decoy
ZINCj8000002rQes,1332,13.324524905324585,stage3_only,stage3_scored,decoy
ZINCj8000009kvGM,1333,13.32407758113893,stage3_only,stage3_scored,decoy
ZINCk700000EmACQ,1334,13.319892483050157,stage3_only,stage3_scored,decoy
ZINCk5000009CCur,1335,13.313794071686502,stage3_only,stage3_scored,decoy
ZINCk700001bO9Se,1336,13.312209918400976,stage3_only,stage3_scored,decoy
ZINCk700001bPBzA,1337,13.312085562865413,stage3_only,stage3_scored,decoy
ZINCk700000Bmu7X,1338,13.30308416800332,stage3_only,stage3_scored,decoy
ZINCj6000002kM1c,1339,13.3011004521381,stage3_only,stage3_scored,decoy
ZINCk7000004fHK6,1340,13.297864280791115,stage3_only,stage3_scored,decoy
ZINCk800000JTjUb,1341,13.280720782737372,stage3_only,stage3_scored,decoy
ZINCk6000004e2vd,1342,13.278395794627276,stage3_only,stage3_scored,decoy
ZINCj600000EmD7M,1343,13.256857721156214,stage3_only,stage3_scored,decoy
ZINCk5000003XRfT,1344,13.236852569794376,stage3_only,stage3_scored,decoy
ZINCk600000gpOAC,1345,13.231172236549138,stage3_only,stage3_scored,decoy
ZINCk800001bPmXi,1346,13.223114242681875,stage3_only,stage3_scored,decoy
ZINCk8000004jHtu,1347,13.213670342417272,stage3_only,stage3_scored,decoy
ZINCk700000PuBF3,1348,13.203783453375257,stage3_only,stage3_scored,decoy
ZINCk700000PzBAJ,1349,13.202767929061958,stage3_only,stage3_scored,decoy
ZINCk800000J9LO4,1350,13.200694887735274,stage3_only,stage3_scored,decoy
ZINCk7000004fcxz,1351,13.198277247616108,stage3_only,stage3_scored,decoy
ZINCj700000cKes6,1352,13.195864080729432,stage3_only,stage3_scored,decoy
ZINCk5000009BSiI,1353,13.186149283250119,stage3_only,stage3_scored,decoy
ZINCj800000cKgrM,1354,13.18016520539184,stage3_only,stage3_scored,decoy
ZINCk700000grSgi,1355,13.157145872038155,stage3_only,stage3_scored,decoy
ZINCj800000JVtm7,1356,13.154505244504756,stage3_only,stage3_scored,decoy
ZINCk7000004eMI6,1357,13.14773739077338,stage3_only,stage3_scored,decoy
CHEMBL5775440,1358,13.144962242259595,stage3_only,stage3_scored,active
ZINCk7000018Tipr,1359,13.144577907259988,stage3_only,stage3_scored,decoy
ZINCj500000d76nI,1360,13.127302406333435,stage3_only,stage3_scored,decoy
ZINCk700000y8wcj,1361,13.12416151192835,stage3_only,stage3_scored,decoy
ZINCk7000004gfUX,1362,13.121926852058898,stage3_only,stage3_scored,decoy
ZINCk600000PxgHY,1363,13.120252305584847,stage3_only,stage3_scored,decoy
ZINCi7000018UyDZ,1364,13.11502270190532,stage3_only,stage3_scored,decoy
ZINCk700000PBklZ,1365,13.110115206997829,stage3_only,stage3_scored,decoy
ZINCj800000whhtL,1366,13.108592179750431,stage3_only,stage3_scored,decoy
ZINCj8000002roFN,1367,13.1044786805998,stage3_only,stage3_scored,decoy
ZINCj7000018TyBV,1368,13.103050535628526,stage3_only,stage3_scored,decoy
ZINCk800000JSE3H,1369,13.101415674673806,stage3_only,stage3_scored,decoy
ZINCk7000018ToWQ,1370,13.099753940709592,stage3_only,stage3_scored,decoy
ZINCk800000gvyz2,1371,13.096890656882367,stage3_only,stage3_scored,decoy
ZINCk800000J9Yo7,1372,13.085196556528624,stage3_only,stage3_scored,decoy
ZINCk700000AJ5rU,1373,13.082750290403014,stage3_only,stage3_scored,decoy
CHEMBL5978015,1374,13.068739556200773,stage3_only,stage3_scored,active
CHEMBL5928219,1375,13.06834257348796,stage3_only,stage3_scored,active
ZINCk7000004fGe7,1376,13.064402824363823,stage3_only,stage3_scored,decoy
ZINCk7000004gCT9,1377,13.05724109351422,stage3_only,stage3_scored,decoy
ZINCk800000JTuCT,1378,13.05110017722895,stage3_only,stage3_scored,decoy
ZINCk800000wQS2D,1379,13.048430900929574,stage3_only,stage3_scored,decoy
ZINCj800000wXIrv,1380,13.047236423463776,stage3_only,stage3_scored,decoy
ZINCk600000JSq6D,1381,13.042308890842147,stage3_only,stage3_scored,decoy
ZINCk800000y8RDX,1382,13.037533529585703,stage3_only,stage3_scored,decoy
ZINCk8000004gmJw,1383,13.020520249503347,stage3_only,stage3_scored,decoy
ZINCk8000004iOYu,1384,13.012002521360161,stage3_only,stage3_scored,decoy
ZINCk6000004cZ1Q,1385,13.007197604681132,stage3_only,stage3_scored,decoy
ZINCk7000004fR59,1386,13.001809206817345,stage3_only,stage3_scored,decoy
ZINCk8000004ivBP,1387,12.99886587470683,stage3_only,stage3_scored,decoy
ZINCk7000004gCT8,1388,12.99581971476156,stage3_only,stage3_scored,decoy
ZINCk800000viWnO,1389,12.99170556135338,stage3_only,stage3_scored,decoy
ZINCk800000PzPZx,1390,12.978072895584816,stage3_only,stage3_scored,decoy
ZINCk8000004jYm9,1391,12.964020043937218,stage3_only,stage3_scored,decoy
ZINCk700000GfTJ7,1392,12.954118985878386,stage3_only,stage3_scored,decoy
ZINCk700000JScl0,1393,12.953033055737782,stage3_only,stage3_scored,decoy
ZINCk8000004iOHY,1394,12.946596467179411,stage3_only,stage3_scored,decoy
ZINCk8000004iI1U,1395,12.944539533728213,stage3_only,stage3_scored,decoy
ZINCk800000JUe53,1396,12.943069133110725,stage3_only,stage3_scored,decoy
CHEMBL1688303,1397,12.940122584102367,stage3_only,stage3_scored,active
ZINCk800000drXw0,1398,12.935266635881723,stage3_only,stage3_scored,decoy
ZINCk8000004ib6O,1399,12.930677327111763,stage3_only,stage3_scored,decoy
ZINCk800000gu42E,1400,12.902846362712841,stage3_only,stage3_scored,decoy
ZINCk500000dpO5f,1401,12.901278633986081,stage3_only,stage3_scored,decoy
ZINCk700000y8QwW,1402,12.886915958742945,stage3_only,stage3_scored,decoy
ZINCk800000J9XUV,1403,12.885328349084904,stage3_only,stage3_scored,decoy
ZINCk500000BlKI1,1404,12.885184840604818,stage3_only,stage3_scored,decoy
ZINCk700000JSF2d,1405,12.86620332549708,stage3_only,stage3_scored,decoy
ZINCk8000004igza,1406,12.852980546591574,stage3_only,stage3_scored,decoy
ZINCk8000004i5FL,1407,12.848901462973819,stage3_only,stage3_scored,decoy
ZINCk800000guuK3,1408,12.845868846687573,stage3_only,stage3_scored,decoy
ZINCk600000PBkDQ,1409,12.829583080791355,stage3_only,stage3_scored,decoy
CHEMBL5747471,1410,12.826432301696634,stage3_only,stage3_scored,active
ZINCj6000018TSma,1411,12.823999826786457,stage3_only,stage3_scored,decoy
ZINCk600000gpYM1,1412,12.819108984588024,stage3_only,stage3_scored,decoy
ZINCk700000JTSsL,1413,12.805865982062405,stage3_only,stage3_scored,decoy
ZINCk600000cvno4,1414,12.80392076974737,stage3_only,stage3_scored,decoy
ZINCk7000004faQL,1415,12.792274982977668,stage3_only,stage3_scored,decoy
ZINCk700000grSES,1416,12.790861496232283,stage3_only,stage3_scored,decoy
ZINCj600000y8BSS,1417,12.771089907718723,stage3_only,stage3_scored,decoy
ZINCk800000Emx6O,1418,12.768491320352682,stage3_only,stage3_scored,decoy
ZINCk500000doE6M,1419,12.76066770278575,stage3_only,stage3_scored,decoy
ZINCk7000004emcD,1420,12.758357469269265,stage3_only,stage3_scored,decoy
ZINCk7000004glf1,1421,12.750735640203253,stage3_only,stage3_scored,decoy
ZINCj6000002lIMm,1422,12.74138846347506,stage3_only,stage3_scored,decoy
ZINCk600001bQrJl,1423,12.728623591024013,stage3_only,stage3_scored,decoy
ZINCi60000010SVl,1424,12.718968566395823,stage3_only,stage3_scored,decoy
ZINCk7000009JS2A,1425,12.715298669401475,stage3_only,stage3_scored,decoy
ZINCk8000004igbA,1426,12.714265747928817,stage3_only,stage3_scored,decoy
ZINCj8000018TxlL,1427,12.699489636092457,stage3_only,stage3_scored,decoy
ZINCk800000PBUEa,1428,12.69048973492623,stage3_only,stage3_scored,decoy
ZINCk7000004fYbK,1429,12.67988038037962,stage3_only,stage3_scored,decoy
ZINCk800000JTFpp,1430,12.677891945990224,stage3_only,stage3_scored,decoy
ZINCk500000dp0ZM,1431,12.671317026179715,stage3_only,stage3_scored,decoy
ZINCk800000JUqnd,1432,12.662321716760264,stage3_only,stage3_scored,decoy
ZINCk7000018T1GJ,1433,12.661866622337064,stage3_only,stage3_scored,decoy
ZINCj800000JUiOd,1434,12.65568355962644,stage3_only,stage3_scored,decoy
ZINCk6000004bCwN,1435,12.628611306506231,stage3_only,stage3_scored,decoy
ZINCj700000JW6vk,1436,12.616220969058414,stage3_only,stage3_scored,decoy
ZINCk7000004fIum,1437,12.60722069511676,stage3_only,stage3_scored,decoy
ZINCk600000Emvdy,1438,12.600702385021258,stage3_only,stage3_scored,decoy
ZINCk7000004f6dp,1439,12.549771769563613,stage3_only,stage3_scored,decoy
ZINCk7000004gzq3,1440,12.546694695049382,stage3_only,stage3_scored,decoy
ZINCk7000004fRly,1441,12.514059879877072,stage3_only,stage3_scored,decoy
ZINCk500000dp3rv,1442,12.512863748800234,stage3_only,stage3_scored,decoy
ZINCk8000004jdVh,1443,12.510116590769204,stage3_only,stage3_scored,decoy
ZINCk700000PzWBh,1444,12.50604563097657,stage3_only,stage3_scored,decoy
ZINCj600000xcc7S,1445,12.489379061866957,stage3_only,stage3_scored,decoy
ZINCk50000040F7p,1446,12.487332184456648,stage3_only,stage3_scored,decoy
ZINCj800000JUb6i,1447,12.483215201229841,stage3_only,stage3_scored,decoy
ZINCk800001bQgqw,1448,12.481232002254282,stage3_only,stage3_scored,decoy
ZINCk7000018TdWn,1449,12.456856792096824,stage3_only,stage3_scored,decoy
ZINCk6000004dBth,1450,12.456523830283249,stage3_only,stage3_scored,decoy
ZINCk7000004fH6O,1451,12.438364425560652,stage3_only,stage3_scored,decoy
ZINCk800000BmC1T,1452,12.413540881249837,stage3_only,stage3_scored,decoy
ZINCj600000xcgzR,1453,12.342077807308856,stage3_only,stage3_scored,decoy
ZINCk600000PzJYD,1454,12.341138131079854,stage3_only,stage3_scored,decoy
ZINCk8000004juXj,1455,12.31627752310989,stage3_only,stage3_scored,decoy
ZINCk800000JTxp1,1456,12.313761736226784,stage3_only,stage3_scored,decoy
ZINCj7000002oxZn,1457,12.27967338363801,stage3_only,stage3_scored,decoy
ZINCk8000004ixtl,1458,12.266595096704464,stage3_only,stage3_scored,decoy
ZINCj8000002rp0D,1459,12.222460503687813,stage3_only,stage3_scored,decoy
CHEMBL2313485,1460,12.20587602674345,stage3_only,stage3_scored,active
ZINCj600000JW0cn,1461,12.205860332347768,stage3_only,stage3_scored,decoy
ZINCk800000JTkS3,1462,12.201842681431444,stage3_only,stage3_scored,decoy
ZINCk8000004iGhy,1463,12.192904902098663,stage3_only,stage3_scored,decoy
ZINCk7000004gJy2,1464,12.182968627507522,stage3_only,stage3_scored,decoy
ZINCk5000003YnhZ,1465,12.18184882493162,stage3_only,stage3_scored,decoy
ZINCk600000w9zOR,1466,12.180168818965832,stage3_only,stage3_scored,decoy
ZINCj6000002livx,1467,12.160629003958872,stage3_only,stage3_scored,decoy
ZINCj500000xcjib,1468,12.146630102004831,stage3_only,stage3_scored,decoy
ZINCk5000003WxDa,1469,12.13710770638509,stage3_only,stage3_scored,decoy
ZINCk5000003Z4BK,1470,12.132381791025496,stage3_only,stage3_scored,decoy
CHEMBL3220103,1471,12.131645040008419,stage3_only,stage3_scored,active
ZINCk8000009MbNu,1472,12.121994573380793,stage3_only,stage3_scored,decoy
ZINCk8000004j4lV,1473,12.114990637323944,stage3_only,stage3_scored,decoy
ZINCj8000002rAyL,1474,12.113669601387917,stage3_only,stage3_scored,decoy
ZINCk800000xcmOz,1475,12.089679421420511,stage3_only,stage3_scored,decoy
ZINCk6000004cdu7,1476,12.065547049015166,stage3_only,stage3_scored,decoy
ZINCk8000004itKk,1477,12.04648097150139,stage3_only,stage3_scored,decoy
ZINCk7000004fOk4,1478,12.029430724198997,stage3_only,stage3_scored,decoy
ZINCj7000002ngEP,1479,11.997693044650878,stage3_only,stage3_scored,decoy
ZINCk500000dqfkF,1480,11.979436358363271,stage3_only,stage3_scored,decoy
CHEMBL6050672,1481,11.973998454696405,stage3_only,stage3_scored,active
CHEMBL199341,1482,11.966946506522284,stage3_only,stage3_scored,active
ZINCk8000004ila3,1483,11.938663537444997,stage3_only,stage3_scored,decoy
ZINCk800000JTv4k,1484,11.913021836407793,stage3_only,stage3_scored,decoy
ZINCk7000004gd3u,1485,11.90162948562022,stage3_only,stage3_scored,decoy
CHEMBL2177185,1486,11.898995648326839,stage3_only,stage3_scored,active
ZINCj6000002l4jc,1487,11.881258518979479,stage3_only,stage3_scored,decoy
ZINCk800000drOzz,1488,11.881007329534139,stage3_only,stage3_scored,decoy
ZINCk7000004fNQM,1489,11.866555389424681,stage3_only,stage3_scored,decoy
ZINCj700000x7qUa,1490,11.813250472493987,stage3_only,stage3_scored,decoy
ZINCj8000002q1Ya,1491,11.808327092911938,stage3_only,stage3_scored,decoy
CHEMBL3217780,1492,11.801067109286585,stage3_only,stage3_scored,active
ZINCi8000018UxNl,1493,11.795618519551278,stage3_only,stage3_scored,decoy
ZINCk7000004gObW,1494,11.790542761143625,stage3_only,stage3_scored,decoy
ZINCj800001bPtyz,1495,11.782173476418,stage3_only,stage3_scored,decoy
CHEMBL3693969,1496,11.780116097498205,stage3_only,stage3_scored,active
ZINCk700000FCBSK,1497,11.762556929058869,stage3_only,stage3_scored,decoy
ZINCk8000018TyEK,1498,11.761972303398219,stage3_only,stage3_scored,decoy
ZINCk800000guyyt,1499,11.739983328018212,stage3_only,stage3_scored,decoy
ZINCk800000y8plG,1500,11.722845522920997,stage3_only,stage3_scored,decoy
ZINCk8000004joyJ,1501,11.720621195689672,stage3_only,stage3_scored,decoy
ZINCk7000004gm7q,1502,11.713510273297448,stage3_only,stage3_scored,decoy
ZINCk7000004eqLG,1503,11.713437930255141,stage3_only,stage3_scored,decoy
ZINCj600000PzP0D,1504,11.711492864431525,stage3_only,stage3_scored,decoy
ZINCj5000009g2mt,1505,11.699196899986752,stage3_only,stage3_scored,decoy
ZINCk6000009J9HE,1506,11.69111605826584,stage3_only,stage3_scored,decoy
ZINCj800000PzvgC,1507,11.685219724001021,stage3_only,stage3_scored,decoy
ZINCk500000doOLH,1508,11.662541522266647,stage3_only,stage3_scored,decoy
ZINCk800000wCmiU,1509,11.634619185760576,stage3_only,stage3_scored,decoy
ZINCk7000004eXdK,1510,11.62456726536221,stage3_only,stage3_scored,decoy
ZINCk600000x3MYL,1511,11.556725196422484,stage3_only,stage3_scored,decoy
ZINCj600000PLEQa,1512,11.55384090333537,stage3_only,stage3_scored,decoy
ZINCj700000xcke4,1513,11.526222536224742,stage3_only,stage3_scored,decoy
ZINCk800000y8vRt,1514,11.519406737421322,stage3_only,stage3_scored,decoy
ZINCk800000drSBz,1515,11.509480804068907,stage3_only,stage3_scored,decoy
ZINCk800000Bmuj9,1516,11.47427845993881,stage3_only,stage3_scored,decoy
ZINCk700000vDmdn,1517,11.459583880207386,stage3_only,stage3_scored,decoy
ZINCi800000PAzgx,1518,11.453399923759852,stage3_only,stage3_scored,decoy
ZINCj8000018ThPg,1519,11.445217455456252,stage3_only,stage3_scored,decoy
ZINCj700000y8z12,1520,11.440083852073576,stage3_only,stage3_scored,decoy
ZINCk6000004cZKo,1521,11.438052046261875,stage3_only,stage3_scored,decoy
ZINCk7000004gk9p,1522,11.419066277068165,stage3_only,stage3_scored,decoy
CHEMBL378100,1523,11.40997009543227,stage3_only,stage3_scored,active
ZINCk6000004cd7U,1524,11.366937282080277,stage3_only,stage3_scored,decoy
ZINCk8000004jEMJ,1525,11.357690891797837,stage3_only,stage3_scored,decoy
ZINCj500000d7git,1526,11.356785052080776,stage3_only,stage3_scored,decoy
ZINCk600000gppb0,1527,11.336740138886384,stage3_only,stage3_scored,decoy
ZINCk8000004i2lq,1528,11.312372643017488,stage3_only,stage3_scored,decoy
ZINCk7000004f3zB,1529,11.275764055710837,stage3_only,stage3_scored,decoy
ZINCk700001bNrKu,1530,11.267548463265836,stage3_only,stage3_scored,decoy
ZINCj7000002os1p,1531,11.239985911810678,stage3_only,stage3_scored,decoy
ZINCh60000008lgt,1532,11.216197864653072,stage3_only,stage3_scored,decoy
ZINCk8000004igsI,1533,11.199512317111932,stage3_only,stage3_scored,decoy
ZINCj800000d8KVb,1534,11.184384431976742,stage3_only,stage3_scored,decoy
ZINCj600000JTi06,1535,11.153949706444267,stage3_only,stage3_scored,decoy
ZINCk7000009KtWu,1536,11.132276294173177,stage3_only,stage3_scored,decoy
ZINCk8000004hX2Z,1537,11.119463878575544,stage3_only,stage3_scored,decoy
ZINCi700000xda5m,1538,11.012748024080397,stage3_only,stage3_scored,decoy
ZINCk800000JTkwz,1539,10.967416013566696,stage3_only,stage3_scored,decoy
ZINCk800000BmjdR,1540,10.941138066029616,stage3_only,stage3_scored,decoy
ZINCk8000009MfQi,1541,10.870636805348783,stage3_only,stage3_scored,decoy
ZINCk600000AIXCm,1542,10.546943593254147,stage3_only,stage3_scored,decoy
ZINCk800000JTuRO,1543,10.505875856221323,stage3_only,stage3_scored,decoy
ZINCk600000vhbKv,1544,10.171834990578379,stage3_only,stage3_scored,decoy
ZINCi700000PIBkn,1545,10.065152488099775,stage3_only,stage3_scored,decoy
ZINCh500000wp9yt,1546,9.978021500066394,stage3_only,stage3_scored,decoy
ZINCk8000004iE2d,1547,9.926953430480726,stage3_only,stage3_scored,decoy
CHEMBL416288,1548,9.746705868237024,stage3_only,stage3_scored,active
ZINCi800000JYTPE,1549,9.572198441854578,stage3_only,stage3_scored,decoy
ZINCk800000JTr7Y,1550,8.956033123561976,stage3_only,stage3_scored,decoy
