final_rank,final_rank_mode,zinc_id,smiles,stage3_screen_rank,native_candidate_pool_rank,native_selection_rank,pool_source_stage3_rank,pool_source_hotspot_breadth,pool_source_native_support,screen_coverage_pct,anchor_weighted_pct,geometry_penalty_factor,screen_weighted_coverage_pct,features_matched,mw,logp,hbd,hba,rotatable_bonds,lipinski,chemistry_flagged,pains_alert,reactive_flags,hotspot_weighted_pct,hotspot_bits_matched,hotspot_exact_matches,hotspot_compatible_matches,hotspot_exact_residue_count,hotspot_group_count,hotspot_required_groups_pass,native_supported_hotspot_bits_matched,native_supported_hotspot_exact_matches,native_supported_hotspot_exact_residue_count,native_supported_hotspot_weighted_pct,pair_hash_overlap_pct,pair_hash_recall_pct,pair_hash_precision_pct,cascade_score_pct,shortlist_rank,rerank_conformers,best_conformer_id,fit_rmsd_angstrom,mean_pair_distance_error_angstrom,reference_feature_span_angstrom,ligand_feature_span_angstrom,rerank_query_feature_count,native_weighted_coverage_pct,native_matched_reference_features,native_fit_rmsd_angstrom,native_mean_pair_distance_error_angstrom,native_microstate_id,native_matched_reference_residues,native_conformer_id,native_conformer_energy
1,native_first,CHEMBL130229,CCOC(=O)[C@@H](CCc1ccccc1)NC(=O)[C@@H](Cc1c[nH]c2ccccc12)NC(=O)C(C)(C)N,22,26,26,1,1,1,21.428571428571427,21.88380660626072,0.6642539450406005,14.536404870714236,6,478.5930000000003,2.6132,4,5,11,1,,,,29.626577682298024,10,3,7,3,2,1,,,,,22.31905831146995,16.644400137584338,33.864728856842426,24.145938154176967,14,16,3,1.6426667943667137,1.3292353973964235,11.827453064798013,10.324070864529515,28,92.57496349030072,6,1.6379165603087804,1.6437189205074267,CHEMBL130229_m01_t06,SER5;PHE3;PRO6;HIS8;HIS8;LEU4,2,89.42305831714451
2,native_first,CHEMBL1161835,CC(C)(N)C(=O)N[C@H](Cc1c[nH]c2ccccc12)C(=O)N1CCC2(CC1)C[C@@H](O)c1ccccc12,43,42,42,1,1,1,17.857142857142858,19.144690158779422,0.7212013192869596,13.807175799851796,5,474.6050000000004,2.930000000000001,4,4,5,1,,,,27.23145167775744,9,3,6,3,2,1,,,,,19.450619492028014,14.694735044635731,28.75802358560981,21.39582753846037,36,16,11,1.9181751668715332,0.9342590139923076,12.025129936927916,12.110156632698668,28,92.57496349030072,6,1.7688395736909543,1.3772207471303008,CHEMBL1161835_m01_t04,SER5;PHE3;PRO6;HIS8;HIS8;LEU4,3,100.77315562348944
3,native_first,CHEMBL4645148,Cc1ccc2[nH]c(C(=O)N[C@H]3CN(S(=O)(=O)c4cccnc4)C[C@@H]3C(=O)NCCN(C)C)cc2c1,11,25,25,1,1,1,21.428571428571427,21.93916582688174,0.6985522783946679,15.32565427444668,6,498.60900000000026,0.968220000000001,3,6,8,1,,,,30.00988505211415,10,4,6,4,2,1,,,,,22.062441861080387,17.237909371553304,30.63714063714064,24.04930265883883,15,16,13,1.4914527684168513,1.2077285194990897,12.64932840114446,11.132697351563728,28,82.41290018208466,6,1.5516883174455578,1.461989790766998,CHEMBL4645148_m01_t02,SER5;PRO6;HIS8;HIS8;LEU4;SER2,1,-49.11010971888638
4,native_first,CHEMBL4637284,Cc1ccc2[nH]c(C(=O)N[C@H]3CN(S(=O)(=O)c4cnccn4)C[C@@H]3C(=O)NCCN(C)C)cc2c1,50,2,2,1,1,1,17.857142857142858,17.591736721631662,0.7765308177922241,13.660525702834134,5,499.59700000000026,0.3632200000000005,3,7,8,1,,,,33.23974676957568,11,5,6,5,3,1,,,,,24.122824916488224,19.802462072982312,30.85442861601568,26.402055379760085,9,16,9,1.1533756337397394,1.033342436811529,12.64932840114446,11.470559419222472,28,82.41290018208466,6,2.2369472116842,1.7160088469953896,CHEMBL4637284_m01_t04,SER5;PRO6;HIS8;HIS8;LEU4;SER2,3,24.820367231698206
5,native_first,CHEMBL4164040,Nc1ccncc1C(=O)N[C@H]1c2ccccc2C[C@@H]1NC(=O)c1cc2c(F)cc(F)cc2[nH]1,1,7,7,1,1,1,21.428571428571427,21.93916582688174,0.8080598390772927,17.7281588075601,6,447.4450000000001,3.249100000000001,4,4,4,1,,,,33.69533478231311,11,4,7,4,2,1,,,,,24.45171962062359,18.23570874839218,37.0969754808398,26.76262341104597,6,16,9,1.4534180995120716,0.7325434958693197,12.64932840114446,12.800603640182388,28,81.78114323729052,6,1.908540197868062,1.657998896193075,CHEMBL4164040_m01_t07,SER5;PHE3;PRO6;HIS8;LEU4;SER1,0,14.016999110065544
6,native_first,CHEMBL481620,COc1cccc(C(=O)Nc2ccc(S(=O)(=O)N3CCCC[C@H]3C(=O)N3CC[C@H](N)C3)cc2)c1,34,66,66,1,1,1,17.857142857142858,20.78839116955691,0.6807812044607883,14.152345979212969,5,486.5940000000004,2.0503,2,6,6,1,,,,24.308867652466137,8,3,5,3,2,1,,,,,18.4748965978184,13.360196939853813,29.934914602716997,19.93338936148033,52,16,11,1.908982978699049,1.1689472188676493,17.127600328125357,17.841179258778066,28,81.78114323729052,6,1.9314543981041417,1.4414037204970167,CHEMBL481620_m02_t02,SER5;PHE3;PRO6;HIS8;LEU4;SER1,2,17.755119359658934
7,native_first,CHEMBL4171914,Cn1ccc2c(F)c(C(=O)N[C@H]3Cc4ccccc4[C@@H]3NC(=O)c3cnccc3N)ccc21,139,5,5,1,1,1,17.857142857142858,19.00310044760335,0.6426796505908494,12.212905955808536,5,443.4820000000002,3.120400000000001,3,5,4,1,,,,34.89823407860856,11,5,6,5,2,1,,,,,25.6007099376565,18.97155880303825,39.35094246031745,27.92509097289452,4,16,5,2.153083931522874,1.291525777415888,12.64932840114446,12.468256763973422,28,79.84285059250405,5,1.9604945754748715,2.091037685685468,CHEMBL4171914_m01_t06,SER5;PHE3;PRO6;HIS8;HIS8,1,79.93376181554987
8,native_first,CHEMBL259166,CC(C)(N)C(=O)N[C@H](COCc1ccccc1)c1nnnn1CCCC(=O)NCCSCCO,2,27,27,1,1,1,21.428571428571427,21.88380660626072,0.7891659744846733,17.26995556586387,6,493.6340000000004,0.4064000000000001,4,10,16,1,,,,29.07337943761589,10,3,7,3,2,1,,,,,25.96539846135383,21.10013945912662,33.74669312169311,26.742393705419342,7,16,9,1.4578633656813442,0.8050947078769345,11.827453064798013,11.117223050895973,28,79.33089316904189,5,1.0406178926042695,1.0786295892076674,CHEMBL259166_m02_t01,SER5;PHE3;PRO6;HIS8;LEU4,0,24.565677842876248
9,native_first,CHEMBL382844,CC(C)(N)C(=O)N[C@H](COCc1ccccc1)C(=O)N1CCC2=NNC(=O)[C@@]2(Cc2ccccc2)C1,13,24,24,1,1,1,21.428571428571427,21.88380660626072,0.6908565873209073,15.118571949592004,6,491.5920000000003,1.3725000000000025,3,6,9,1,,,,30.00988505211415,10,4,6,4,2,1,,,,,23.85654244154737,18.191363363124307,34.646067970756775,25.394878094189067,11,16,8,1.6348293112542474,1.3330752858959016,11.827453064798013,11.325411557972348,28,79.33089316904189,5,1.3452311765122995,1.5380000425745353,CHEMBL382844_m02_t03,SER5;PHE3;PRO6;HIS8;LEU4,0,73.77811067913717
10,native_first,CHEMBL401134,COc1cc2c(cc1N1C[C@@H](C)N[C@@H](C)C1)N(S(=O)(=O)c1ccc(-c3ccccn3)cc1)CC2,162,53,53,1,1,1,17.857142857142858,18.953448192927706,0.6260238011473271,11.865309682585538,5,478.6180000000002,3.6952000000000025,1,6,5,1,,,,25.988179895344604,8,4,4,4,2,1,,,,,17.05995261670977,11.655849655236269,31.80682976554537,19.29200943636848,67,16,2,1.610386768259325,1.654055024562743,8.254082929072135,9.615778076065784,28,79.33089316904189,5,1.5196177854959276,1.779844738825593,CHEMBL401134_m01_t01,SER5;PHE3;PRO6;HIS8;LEU4,0,149.40267640060185
11,native_first,CHEMBL4637980,Cc1ccc2[nH]c(C(=O)N[C@H]3CN(S(=O)(=O)c4ccccc4)C[C@@H]3C(=O)NCCN(C)C)cc2c1,37,49,49,1,1,1,17.857142857142858,17.591736721631662,0.8009912044745097,14.090826385458207,5,497.62100000000027,1.57322,3,5,8,1,,,,26.721918824471818,9,3,6,3,2,1,,,,,17.927706407494888,13.183168511413552,28.00738477209066,20.12625951173912,50,16,9,1.0469244715266424,0.8700279417500318,12.64932840114446,11.137365229999691,28,79.33089316904189,5,1.5276175643097951,1.2064177579241877,CHEMBL4637980_m01_t03,SER5;PHE3;PRO6;HIS8;LEU4,0,-24.3514950719418
12,native_first,CHEMBL410135,CC(C)(N)C(=O)N[C@H](COCc1ccccc1)c1nnnn1CCNC(=O)CCc1cccc(O)c1,18,8,8,1,1,1,17.857142857142858,18.953448192927706,0.7796937910820874,14.777885875621738,5,495.5840000000003,1.2390999999999996,4,9,13,1,,,,33.18093759173754,11,4,7,4,2,1,,,,,29.40355947482676,23.41633162881136,39.50424005218526,30.347904004054456,1,16,4,1.458211558241023,0.9161710903025448,8.254082929072135,8.481083617064789,28,79.33089316904189,5,1.5570654456604591,1.3867718757740906,CHEMBL410135_m01_t01,SER5;PHE3;PRO6;HIS8;LEU4,3,42.4485514124955
13,native_first,CHEMBL1161827,CC(C)(N)C(=O)N[C@H](CCCc1ccccc1)C(=O)N1CCC2(CC1)C[S+]([O-])c1ccccc12,29,180,174,1,0,1,17.857142857142858,19.20450777701236,0.7428876818418987,14.266792263379424,5,481.6620000000003,2.913000000000001,2,4,7,1,,,,23.2232187666299,7,3,4,3,2,1,,,,,12.232829108549677,8.23998499091703,23.73321989033844,14.980426523069733,194,16,4,1.31150940733216,1.1315607112271773,13.500608393698414,12.320513475986685,28,79.33089316904189,5,1.5616957272440262,1.148563275740996,CHEMBL1161827_m02_t04,SER5;PHE3;PRO6;HIS8;LEU4,0,102.0046470101925
14,native_first,CHEMBL1923504,CCC[C@@H]1NCCOc2ccccc2CCCNC(=O)[C@@H](Cc2ccccc2)NC(=O)CN(C)C1=O,158,46,46,1,1,1,14.285714285714286,16.017382813649313,0.7421280830180973,11.886949602460582,4,494.63600000000025,2.072,3,5,4,1,,,,26.721918824471818,9,3,6,3,2,1,,,,,19.18412564939436,14.456129639741466,28.507853403141347,21.068573943163727,38,16,0,1.4300925166067038,1.1759289569755609,8.254082929072135,8.460521172903526,28,79.33089316904189,5,1.6382480429127324,1.3729120468656528,CHEMBL1923504_m02_t08,SER5;PHE3;PRO6;HIS8;LEU4,0,94.59399703560676
15,native_first,CHEMBL271876,CC(C)(N)C(=O)N[C@H](COCc1ccccc1)c1nnnn1[C@H](CC#N)COc1ccccn1,4,13,13,1,1,1,21.428571428571427,21.93916582688174,0.76830269241025,16.85592017402819,6,464.5300000000002,1.713279999999999,2,10,12,1,,,,31.70439203423012,10,5,5,5,2,1,,,,,22.287992319142177,16.85783542234807,32.87870809197822,24.64209224791416,12,16,9,1.6906019352631414,0.7892727212574667,12.64932840114446,12.310167614550563,28,79.33089316904189,5,1.6389691763298526,1.424174611474638,CHEMBL271876_m02_t02,SER5;PHE3;PRO6;HIS8;LEU4,3,42.53921082813954
16,native_first,CHEMBL1162058,CNC(C)(C)C/C=C/C(=O)N(C)[C@H](Cc1ccc2ccccc2c1)C(=O)N(C)CCc1ccccc1,6,218,212,1,0,1,21.428571428571427,21.88380660626072,0.7305246201785272,15.986659509098953,6,485.67200000000025,4.854700000000005,1,3,11,1,,,,20.0386939813645,6,3,3,3,2,1,,,,,11.300167766552288,7.4208423731858915,23.67820464054773,13.48479932025534,241,16,7,1.459284358113933,1.2212795237866796,11.827453064798013,12.152796512579297,28,79.33089316904189,5,1.6912984511726228,1.461866733279961,CHEMBL1162058_m02_t01,SER5;PHE3;PRO6;HIS8;LEU4,1,106.22349249647868
17,native_first,CHEMBL270666,CC(C)(N)C(=O)N[C@H](COCc1ccccc1)c1nnnn1[C@H](CC#N)COc1ccccc1O,16,6,6,1,1,1,17.857142857142858,19.00310044760335,0.7839249915456966,14.897005357729482,5,479.5410000000002,2.02388,3,10,12,1,,,,34.1174432062358,11,5,6,5,2,1,,,,,26.996639165560616,21.6643648097019,35.81078865387769,28.77684017572941,3,16,9,1.393287304757466,0.8789277458743708,12.64932840114446,11.84599351101555,28,79.33089316904189,5,1.7879877178481318,1.7327734422826562,CHEMBL270666_m01_t04,SER5;PHE3;PRO6;HIS8;LEU4,2,56.09184446228632
18,native_first,CHEMBL404336,CC(C)(N)C(=O)N[C@H](COCc1ccccc1)c1nnnn1C(/C=C/c1ccccc1)CC#N,17,32,32,1,1,1,17.857142857142858,18.953448192927706,0.7813803508866667,14.809851999502106,5,459.55400000000014,2.95268,2,8,11,1,,,,28.416425806587785,9,4,5,4,2,1,,,,,18.429481038527037,13.686614328993086,28.20262936635328,20.92621723054222,41,16,3,1.6336217478558703,0.7564142613832263,8.254082929072135,8.44904901714843,28,79.33089316904189,5,1.8371627902126173,1.964618007250928,CHEMBL404336_m01_t02,SER5;PHE3;PRO6;HIS8;LEU4,1,89.13459119092046
19,native_first,CHEMBL2364338,Cc1ccc(-c2ccc(S(=O)(=O)Nc3cccc(N4C[C@@H](C)N[C@@H](C)C4)n3)cc2F)o1,173,156,150,0,1,1,17.857142857142858,18.293355023254534,0.6406864301900353,11.7203043260479,5,444.5320000000002,3.7765200000000014,2,6,5,1,,,,24.862065897148263,8,3,5,3,2,1,,,,,17.377406472113606,11.32725753891395,37.30041831143582,19.24857132837227,70,16,2,1.962952895453893,1.3129565972895214,10.889276605909144,9.646056695324775,28,79.33089316904189,5,1.8491227047486447,1.4849929878257095,CHEMBL2364338_m01_t01,SER5;PHE3;PRO6;HIS8;LEU4,2,44.08841888278622
20,native_first,CHEMBL3218890,COc1cccc(-n2cc3nc(-c4cccnc4C)n(C[C@H]4CCCN(C(C)C)C4)c(=O)c3n2)c1,41,1,1,1,1,1,17.857142857142858,18.953448192927706,0.731024879889779,13.855442188732123,5,472.5930000000004,4.081620000000003,0,8,6,1,,,,33.90594778386845,10,7,3,7,3,1,,,,,17.593973986018973,12.949113068549076,27.434903748733547,21.671967435481346,31,16,15,1.6017857770300337,0.8575574233614697,8.254082929072135,9.92899018064315,28,79.33089316904189,5,1.9461716647272649,1.6546308023308256,CHEMBL3218890_m01_t01,SER5;PHE3;PRO6;HIS8;LEU4,2,76.88076970684848
21,native_first,CHEMBL251572,COc1cc2c(cc1N1C[C@@H](C)N[C@@H](C)C1)N(S(=O)(=O)c1ccc(-c3ccccn3)s1)CC2,126,55,55,1,1,1,17.857142857142858,16.742902302159234,0.7359720817349366,12.322308661604794,5,484.6470000000002,3.756700000000003,1,7,5,1,,,,25.988179895344604,8,4,4,4,2,1,,,,,16.44942298410896,11.268773025583416,30.44695581347995,18.83411221191787,82,16,12,1.507891099453058,1.1449111947376536,9.51326894395403,9.101318801248237,28,79.33089316904189,5,1.968059529391073,1.7605592052706485,CHEMBL251572_m01_t01,SER5;PHE3;PRO6;HIS8;LEU4,0,134.82574546652273
22,native_first,CHEMBL403180,CC(C)(N)C(=O)N[C@H](COCc1ccccc1)c1nnnn1C(CC#N)CCc1ccccc1,19,33,33,1,1,1,17.857142857142858,18.953448192927706,0.7793372257047371,14.771127732214737,5,461.5700000000002,2.8720800000000004,2,8,12,1,,,,28.416425806587785,9,4,5,4,2,1,,,,,18.429481038527037,13.686614328993086,28.20262936635328,20.92621723054222,40,16,5,1.4455852766257309,0.9338830577093729,8.254082929072135,8.22897187963389,28,79.33089316904189,5,1.9840585087299405,1.4983800702527912,CHEMBL403180_m01_t01,SER5;PHE3;PRO6;HIS8;LEU4,2,54.83199929078086
23,native_first,CHEMBL379074,CNC(C)(C)C/C=C/C(=O)N(C)[C@H](Cc1ccc2ccccc2c1)C(=O)N(C)CCc1cccs1,33,217,211,1,0,1,17.857142857142858,18.953448192927706,0.7478452262561395,14.174245752174036,5,491.70100000000025,4.916200000000005,1,4,11,1,,,,20.0386939813645,6,3,3,3,2,1,,,,,11.303618245415391,7.4208423731858915,23.708533806026843,13.487387179402669,240,16,14,1.4043704595482929,1.1616479417594747,8.254082929072135,8.380802525429628,28,79.33089316904189,5,1.9950585383250767,1.8244476575998667,CHEMBL379074_m02_t02,SER5;PHE3;PRO6;HIS8;LEU4,2,85.05169963630289
24,native_first,ZINCk800000Pyl8f,C[C@@H](NCCNC(=O)c1cnccn1)c1cncn1C,106,116,116,1,1,1,14.285714285714286,16.17753992324311,0.7807318941397708,12.630321386795355,4,274.32800000000003,0.2906999999999988,2,6,6,1,,,,24.308867652466137,8,3,5,3,2,1,,,,,14.28260531502848,9.264893734617331,31.156379852032035,16.789170899387894,155,16,9,1.5070285533077254,0.872589372503301,11.619609545935706,11.770844847155784,28,77.43811374063404,5,0.7974416897211171,0.599653857604548,ZINCk800000Pyl8f_m01_t01,SER5;PRO6;HIS8;HIS8;LEU4,0,87.30383944980852
25,native_first,ZINCk700000JUf7G,NS(=O)(=O)CCCCOC(=O)c1ccc2n[nH]cc2n1,23,83,83,1,1,1,17.857142857142858,18.287822287125632,0.7922251741344001,14.488073195957066,5,298.324,0.1833999999999991,2,6,6,1,,,,24.308867652466137,8,3,5,3,2,1,,,,,16.4410984713867,10.925352427331486,33.20478097032502,18.40804076665656,99,16,14,1.3747828449963857,0.9057910970445908,9.390882812600733,9.273137573181089,28,77.43811374063404,5,0.9520251645566408,1.1767331211735894,ZINCk700000JUf7G_m01_t03,SER5;PRO6;HIS8;HIS8;LEU4,1,-25.413915084468613
26,native_first,ZINCk8000018TA71,O=C(COCc1cc(C(=O)O)n[nH]1)OCc1nncs1,14,37,37,1,1,1,17.857142857142858,18.287822287125632,0.8195482809871599,14.987753318412484,5,298.28,0.2193999999999998,2,8,7,1,,,,27.596833880108463,9,4,5,4,2,1,,,,,19.334579296025137,13.417752991383816,34.58594118042937,21.400142942045967,35,16,7,1.4260754146672896,0.6780617707217689,9.390882812600733,9.379152798704066,28,77.43811374063404,5,1.0719446171132627,1.1762075849231266,ZINCk8000018TA71_m02_t04,SER5;PRO6;HIS8;HIS8;LEU4,1,98.30411052284066
27,native_first,ZINCk700000drsQ4,CS(=O)(=O)c1cc(C(=O)NCCCc2cnn[nH]2)co1,257,160,154,0,1,1,14.285714285714286,14.327076042954916,0.7041430825577957,10.08831148892622,4,298.324,0.1637999999999997,2,6,6,1,,,,24.308867652466137,8,3,5,3,2,1,,,,,18.236153689135584,11.590634084656628,42.74291027429104,19.754332179968223,56,16,13,1.6973861076548271,1.1897002113680597,12.676391324032252,12.082145226350027,28,77.43811374063404,5,1.1350207367769043,1.0711406677640292,ZINCk700000drsQ4_m01_t05,SER5;PRO6;HIS8;HIS8;LEU4,3,30.44508808137619
28,native_first,ZINCk700000FCpX8,Cc1ncc([N+](=O)[O-])n1CCN[C@H](C)c1nc(=N)[nH][nH]1,226,136,132,0,1,1,10.714285714285714,13.987759907618242,0.7806765791314959,10.9199165543921,3,280.292,-0.0188100000000004,4,7,6,1,,,,31.85944700467021,9,5,4,5,2,1,,,,,16.974370723062655,10.65023536845148,41.7884567748328,20.695639793464544,43,16,3,0.762103248001193,1.069426032710808,9.979418419928084,8.116964668323659,28,77.43811374063404,5,1.180912562033389,1.2177744809339086,ZINCk700000FCpX8_m02_t05,SER5;PRO6;HIS8;HIS8;LEU4,1,-49.51886914104604
29,native_first,ZINCj800000JT0bw,C[C@H](NC(=O)COCc1nccs1)c1nnc(O)o1,182,162,156,0,1,1,14.285714285714286,16.017382813649313,0.7232399575464517,11.584411266148994,4,284.297,0.6256999999999995,2,8,6,1,,,,24.308867652466137,8,3,5,3,2,1,,,,,16.339933386723203,10.354790634782608,38.72087494056111,18.33216695315894,102,16,9,1.4211572245075257,1.2941359447935854,8.254082929072135,7.920771550519872,28,77.43811374063404,5,1.1896814840278456,1.163183452842549,ZINCj800000JT0bw_m01_t04,SER5;PRO6;HIS8;HIS8;LEU4,0,19.934448696682907
30,native_first,ZINCk800000y7OLt,Brc1ncc2n1CCN(CCOCCc1nn[nH]n1)C2,114,192,186,1,0,1,14.285714285714286,16.17753992324311,0.7720334896936369,12.48960260159951,4,342.201,0.2335999999999996,1,7,6,1,,,,21.88062174122295,7,3,4,3,2,1,,,,,12.944593405733327,8.14793853813282,31.47204529370135,15.178600489605737,182,16,5,1.009182582113325,1.1715708246915033,11.619609545935706,10.51806362923226,28,77.43811374063404,5,1.195946275488828,0.7254375420698498,ZINCk800000y7OLt_m01_t01,SER5;PRO6;HIS8;HIS8;LEU4,3,43.12614937728419
31,native_first,ZINCk800000Pyl8e,C[C@H](NCCNC(=O)c1cnccn1)c1cn(C)cn1,184,173,167,0,1,1,14.285714285714286,16.17753992324311,0.7146240662510862,11.560859361887276,4,274.32800000000003,0.2906999999999988,2,6,6,1,,,,24.308867652466137,8,3,5,3,2,1,,,,,14.28260531502848,9.264893734617331,31.156379852032035,16.789170899387894,154,16,14,1.4510351758609807,1.169769298653888,11.619609545935706,10.25556719389025,28,77.43811374063404,5,1.2178354312896895,0.7910752842053543,ZINCk800000Pyl8e_m02_t01,SER5;PRO6;HIS8;HIS8;LEU4,0,87.91763941886947
32,native_first,ZINCk700000Em93S,Cc1nn[nH]c1C(=O)NC1CN(Cc2n[nH]cc2Cl)C1,107,48,48,1,1,1,14.285714285714286,16.21068034427277,0.7783120478744868,12.61696781618963,4,295.73400000000004,0.1038199999999998,3,5,4,1,,,,26.721918824471818,9,3,6,3,2,1,,,,,18.10639847399069,12.442212879096424,33.23734987202205,20.26027856161097,47,16,10,1.000823544709282,1.1484468314445877,10.319912257378936,9.266345499163938,28,77.43811374063404,5,1.2482244903628583,0.8589436599183505,ZINCk700000Em93S_m02_t01,SER5;PRO6;HIS8;HIS8;LEU4,1,54.43844740361908
33,native_first,ZINCj800000xceQv,CCOCc1nc(CNC(=O)c2csc(O)n2)no1,91,72,72,1,1,1,17.857142857142858,18.287822287125632,0.7082912506596534,12.953104519589695,5,284.297,0.6981999999999999,2,8,6,1,,,,24.308867652466137,8,3,5,3,2,1,,,,,16.922558299366084,11.04540309846377,36.16631430584919,18.769135637641096,86,16,14,1.5776797973017636,1.2064416452432571,9.390882812600733,8.466883645877305,28,77.43811374063404,5,1.3059479707013166,1.3203847547972771,ZINCj800000xceQv_m01_t04,SER5;PRO6;HIS8;HIS8;LEU4,1,12.690531023415229
34,native_first,ZINCk800000PtDR3,Cc1cc(C(=O)NCCOc2cnn(C)c2)cnc1O,62,80,80,1,1,1,17.857142857142858,18.287822287125632,0.736655050217076,13.471816645283496,5,276.29600000000005,0.6379199999999996,2,6,5,1,,,,24.308867652466137,8,3,5,3,2,1,,,,,16.49164550316804,10.821242056787693,34.64680247288944,18.445951040492563,96,16,1,1.578724582265579,1.0986712718026888,9.390882812600733,9.168739749464644,28,77.43811374063404,5,1.3492878168458162,1.2570467779924073,ZINCk800000PtDR3_m01_t07,SER5;PRO6;HIS8;HIS8;LEU4,1,12.603934068340894
35,native_first,CHEMBL1079185,CCCCc1ccc(S(=O)(=O)Nc2ccc3c(c2)CCN(Cc2cnc[nH]2)CC3)cc1,159,62,62,1,1,1,17.857142857142858,16.912167614373345,0.7023384426539822,11.878065464182088,5,438.5970000000002,4.153900000000003,2,4,8,1,,,,24.862065897148263,8,3,5,3,2,1,,,,,14.822254241088013,10.694470101866024,24.139445029855985,17.332207155103074,134,16,15,1.4968090092886548,1.3224414908480928,12.088224766275657,11.278235239043648,28,77.43811374063404,5,1.357422414088103,1.4412742654208408,CHEMBL1079185_m02_t02,SER5;PRO6;HIS8;HIS8;LEU4,2,21.22973682373621
36,native_first,ZINCk800000BmzIB,CN(C)[C@@H](CNC(=O)c1csc(O)n1)c1cnn(C)c1,27,104,104,1,1,1,17.857142857142858,18.287822287125632,0.7832252868199211,14.323484856145718,5,295.36800000000005,0.6148999999999994,2,7,5,1,,,,24.308867652466137,8,3,5,3,2,1,,,,,15.102057359434855,10.127576653612913,29.68065122103946,17.403759932692676,130,16,6,1.4195580754685413,0.8862903561575315,9.390882812600733,8.747157972430347,28,77.43811374063404,5,1.3593403677853588,1.318794159916567,ZINCk800000BmzIB_m01_t04,SER5;PRO6;HIS8;HIS8;LEU4,1,20.64507420752201
37,native_first,ZINCk6000004cY3o,CSc1nc(O)cc(CNC(=O)c2cccc[n+]2[O-])n1,197,148,142,0,1,1,14.285714285714286,15.544432503477918,0.735165071542839,11.427723833512175,4,292.32,0.4674999999999998,2,6,4,1,,,,28.30508709523069,8,4,4,4,2,1,,,,,12.835892090469434,7.951826968445909,33.27142001198322,16.703190841659747,156,16,8,1.2541769671173788,1.3304872630060676,8.023705378439566,7.604023056949106,28,77.43811374063404,5,1.377807423816573,1.2475291239752,ZINCk6000004cY3o_m01_t01,SER5;PRO6;HIS8;HIS8;LEU4,3,-46.03687812578309
38,native_first,CHEMBL260819,COc1ccc(F)c(-c2ccc(S(=O)(=O)Nc3cc(N4C[C@@H](C)N[C@@H](C)C4)ccc3OC)cc2)c1,5,30,30,1,1,1,17.857142857142858,18.331759532222502,0.9029972742998292,16.553528890716834,5,499.6080000000003,4.497300000000004,2,6,7,1,,,,28.416425806587785,9,4,5,4,2,1,,,,,19.65623974844089,14.17386352849438,32.05491186804892,21.84628626297761,29,16,5,0.6317010017999627,0.6736324979468413,12.279310281933592,11.613951764981936,28,77.43811374063404,5,1.441754887527285,1.216162642373106,CHEMBL260819_m01_t01,SER5;PRO6;HIS8;HIS8;LEU4,3,110.28807134959264
39,native_first,CHEMBL2364480,COc1ccc(N2C[C@@H](C)N[C@@H](C)C2)cc1NS(=O)(=O)c1ccc(-c2csc(C)c2)c(F)c1,79,64,64,1,1,1,17.857142857142858,18.953448192927706,0.6946587154255909,13.166177974584643,5,489.6380000000002,4.858620000000004,2,6,6,1,,,,24.862065897148263,8,3,5,3,2,1,,,,,14.71337140802526,9.988893699322189,27.917684167684182,17.25054503030601,140,16,7,1.5848662037038468,1.3321722267875131,8.254082929072135,8.879678560811357,28,77.43811374063404,5,1.4633211852555734,1.7491402795793096,CHEMBL2364480_m01_t01,SER5;PRO6;HIS8;HIS8;LEU4,0,90.83197322778788
40,native_first,ZINCk50000040Was,COCCCS(=O)(=O)NCc1nc(-c2cnn[nH]2)no1,57,107,107,1,1,1,17.857142857142858,18.287822287125632,0.7405198461933763,13.542495347274071,5,302.31600000000003,-0.6893999999999991,2,8,8,1,,,,24.308867652466137,8,3,5,3,2,1,,,,,15.025660068379509,9.8646083679774,31.512802443035003,17.346461964401165,133,16,6,1.3612989953877708,1.2118634655918652,9.390882812600733,8.85021912620441,28,77.43811374063404,5,1.46639169758771,1.2487561616931715,ZINCk50000040Was_m01_t03,SER5;PRO6;HIS8;HIS8;LEU4,2,-27.0365417524594
41,native_first,ZINCk8000018Tng8,CP(C)(=O)c1[nH]nnc1C(=O)NCCn1cc(I)cn1,147,179,173,1,0,1,14.285714285714286,15.544432503477918,0.7785530825070174,12.102165841405006,4,408.14,0.2837999999999992,2,6,5,1,,,,24.308867652466137,8,3,5,3,2,1,,,,,11.887271408763675,7.654242273704072,26.59526070100484,14.99267046968929,193,16,13,1.164356105540275,1.1090100408620982,8.023705378439566,7.413459306007901,28,77.43811374063404,5,1.474901275217876,1.1305543858238791,ZINCk8000018Tng8_m01_t04,SER5;PRO6;HIS8;HIS8;LEU4,1,-12.886348235291988
42,native_first,ZINCf5000000a5ui,C[S@@](=O)CCNC(=O)c1ccc[n+]([O-])c1,262,228,222,0,0,1,10.714285714285714,13.987759907618242,0.6997302957483076,9.787659377014032,3,228.273,-0.5717000000000003,1,3,4,1,,,,24.16763324592782,6,4,2,4,2,1,,,,,5.560179900179691,3.1324075618257443,24.717398427260807,10.212043236616724,266,16,14,1.448624507941469,1.3802580326163476,9.979418419928084,9.213361274543916,28,77.43811374063404,5,1.4761128163993702,1.7883106325076548,ZINCf5000000a5ui_m01_t02,SER5;PRO6;HIS8;HIS8;LEU4,2,-16.14638453770342
43,native_first,ZINCk800000GfIqo,Clc1conc1CN1CCN(CCc2nn[nH]n2)CC1,171,236,230,0,0,1,14.285714285714286,15.362996609921524,0.7649434104483668,11.751823021500067,4,297.75000000000006,0.2013999999999996,1,7,5,1,,,,21.88062174122295,7,3,4,3,2,1,,,,,12.698699873924305,7.950535697205419,31.527093596059125,14.994180340748969,192,16,12,1.3171753950065828,1.059034999169499,6.980676614770233,7.779748612402234,28,77.43811374063404,5,1.4780014778426431,1.0847703109929474,ZINCk800000GfIqo_m01_t01,SER5;PRO6;HIS8;HIS8;LEU4,2,109.96500410435542
44,native_first,CHEMBL2364354,COc1ccc(NS(=O)(=O)c2ccc(-c3cccc(C)n3)s2)cc1N1C[C@@H](C)N[C@@H](C)C1,58,28,28,1,1,1,17.857142857142858,18.446183725157347,0.7324976471142844,13.511786176915564,5,472.6360000000002,4.114520000000002,2,7,6,1,,,,28.416425806587785,9,4,5,4,2,1,,,,,20.342639277435264,14.43077143056279,34.45983098917639,22.361085909723396,24,16,7,1.3507172831505103,1.2967662380100706,9.17740627846452,9.180253041434485,28,77.43811374063404,5,1.4929033276921848,1.4509596401338811,CHEMBL2364354_m01_t02,SER5;PRO6;HIS8;HIS8;LEU4,2,109.87469002159436
45,native_first,ZINCj8000002qJfL,CSCCONC(=O)c1cc2c(cnn2C)nc1O,231,226,220,0,0,1,17.857142857142858,18.287822287125632,0.5873770999163747,10.741848018797896,5,282.32500000000005,0.6982999999999999,2,7,5,1,,,,24.308867652466137,8,3,5,3,2,1,,,,,10.660356621840837,6.79113933953713,24.776830391097228,14.07248437949716,220,16,2,1.8577059415864172,1.8091083597257085,9.390882812600733,8.265081373592489,28,77.43811374063404,5,1.4955809531266815,1.219788518309976,ZINCj8000002qJfL_m01_t05,SER5;PRO6;HIS8;HIS8;LEU4,3,32.20724207772628
46,native_first,ZINCk600000gpUvV,COc1noc(C)c1CN1CC(c2nnc(O)n2C)C1,47,200,194,1,0,1,17.857142857142858,18.287822287125632,0.7519951704071546,13.7523540371828,5,279.30000000000007,0.4251199999999998,1,8,4,1,,,,21.88062174122295,7,3,4,3,2,1,,,,,12.018234914444044,7.891102993465281,25.196030384709623,14.483831621138773,203,16,5,1.348379468503353,1.1757655276835015,9.390882812600733,9.23999494307946,28,77.43811374063404,5,1.5070492373048494,1.387634579099568,ZINCk600000gpUvV_m02_t02,SER5;PRO6;HIS8;HIS8;LEU4,1,-41.18539581003408
47,native_first,ZINCk8000004hZ4R,CN(C(=O)COCc1ccnc(O)c1)c1nccn1C,31,198,192,1,0,1,17.857142857142858,18.287822287125632,0.7753481629244685,14.179429414212011,5,276.29600000000005,0.7002999999999999,1,6,5,1,,,,21.88062174122295,7,3,4,3,2,1,,,,,12.176204213845775,7.64783737401704,29.85174203113417,14.602308595690072,200,16,2,1.4021086585561566,0.9919819624800504,9.390882812600733,9.280296946049342,28,77.43811374063404,5,1.52019073829779,1.334524310074665,ZINCk8000004hZ4R_m01_t06,SER5;PRO6;HIS8;HIS8;LEU4,3,-33.35810996182376
48,native_first,ZINCk600000Pz833,CCO[C@H]1COC[C@@H]1n1cc(Cn2cc(N)cn2)nn1,203,235,229,0,0,1,14.285714285714286,14.697370704119452,0.7712181760479603,11.33487942713173,4,278.316,0.0814999999999998,1,8,5,1,,,,21.88062174122295,7,3,4,3,2,1,,,,,12.780486104726648,8.0203587914272,31.44073811213627,15.05552001385072,191,16,0,1.1587870126673463,1.061253724705458,9.390882812600733,8.206350763661584,28,77.43811374063404,5,1.5212037824711435,1.464326392930031,ZINCk600000Pz833_m01_t01,SER5;PRO6;HIS8;HIS8;LEU4,3,44.49885666555089
49,native_first,CHEMBL4170481,Cc1ccc2[nH]c(C(=O)N[C@H]3Cc4ccccc4[C@@H]3NC(=O)[C@@H]3CN(C)CCO3)cc2c1,205,152,146,0,1,1,17.857142857142858,19.37428511321003,0.5824317273862547,11.284198345360716,5,432.5240000000003,2.3189199999999994,3,4,4,1,,,,26.721918824471818,9,3,6,3,2,1,,,,,17.318883928661403,13.039681013251986,25.77858416093712,19.669642652614005,61,16,9,1.77877491866484,1.538722090226362,12.728202622522948,10.272261946779452,28,77.43811374063404,5,1.542600105112769,1.6079237030608469,CHEMBL4170481_m02_t01,SER5;PRO6;HIS8;HIS8;LEU4,1,118.67833706148645
50,native_first,ZINCk600000JU4gH,Nc1ccc(C(=O)NCCC[C@H](O)CO)c([N+](=O)[O-])c1,38,20,20,1,1,1,14.285714285714286,16.21068034427277,0.866640652009048,14.048834583070812,4,283.284,0.0402000000000003,4,6,7,1,,,,30.205494371073204,9,4,5,4,2,1,,,,,15.591603985391512,10.013553912384332,35.199466113006075,19.245076581811936,71,16,2,1.0664867260380826,0.6535846959421131,10.319912257378936,10.61177462968114,28,77.43811374063404,5,1.5472698327927767,1.6157320074002417,ZINCk600000JU4gH_m01_t05,SER5;PRO6;HIS8;HIS8;LEU4,0,24.76354395591255
51,native_first,ZINCj8000002rSdf,O=C1C[C@@H](Cc2nc(-c3c[nH]nc3I)no2)C(=O)N1,141,73,73,1,1,1,14.285714285714286,15.366973629002151,0.7922752396599274,12.174872714765463,4,373.1100000000001,0.2694999999999999,2,6,3,1,,,,24.308867652466137,8,3,5,3,2,1,,,,,16.883649900741318,10.45617029675288,43.82027116402117,18.73995433867252,87,16,1,1.162712389500942,0.998368038818061,11.120119513746245,10.305265960114635,28,77.43811374063404,5,1.600111776366718,1.3769087700472062,ZINCj8000002rSdf_m01_t07,SER5;PRO6;HIS8;HIS8;LEU4,1,-15.083158167305768
52,native_first,ZINCj8000002rSte,O=C1C[C@H](Cc2nc(-c3c[nH]nc3I)no2)C(=O)N1,157,74,74,1,1,1,14.285714285714286,15.366973629002151,0.7754301037161666,11.916013954940738,4,373.1100000000001,0.2694999999999999,2,6,3,1,,,,24.308867652466137,8,3,5,3,2,1,,,,,16.883649900741318,10.45617029675288,43.82027116402117,18.73995433867252,88,16,2,1.1963010168199513,1.037728713764868,11.120119513746245,10.074873576969267,28,77.43811374063404,5,1.600111776366718,1.3769087700472062,ZINCj8000002rSte_m01_t07,SER5;PRO6;HIS8;HIS8;LEU4,1,-15.083158167305768
53,native_first,ZINCk8000009LywA,CCN(CCNC(=O)c1cnns1)c1cc(O)ncn1,77,103,103,1,1,1,17.857142857142858,18.287822287125632,0.7224577846791949,13.21217957616359,5,294.34000000000003,0.2900000000000001,2,8,6,1,,,,24.308867652466137,8,3,5,3,2,1,,,,,15.245764986474786,9.598831663333415,37.03069236259815,17.511540652972624,127,16,11,1.477197830439623,1.2087735585344583,9.390882812600733,8.58781832586407,28,77.43811374063404,5,1.6102364033450198,1.0250377181653405,ZINCk8000009LywA_m01_t06,SER5;PRO6;HIS8;HIS8;LEU4,3,-102.72048096317424
54,native_first,CHEMBL4164328,CN(C)CCNC(=O)[C@H]1c2ccccc2C[C@@H]1NC(=O)c1cc2ccccc2[nH]1,3,41,41,1,1,1,17.857142857142858,18.953448192927706,0.9045822801425883,17.14495338292296,5,390.48700000000014,2.283999999999999,3,3,6,1,,,,27.275117069153943,9,3,6,3,2,1,,,,,16.60838039894195,12.239942957035804,25.825508004926117,19.275064566494947,68,16,1,0.8693050276043773,0.553504555718636,8.254082929072135,8.20652829717253,28,77.43811374063404,5,1.6534604104168185,1.3105597940488054,CHEMBL4164328_m02_t04,SER5;PRO6;HIS8;HIS8;LEU4,1,49.102454744283065
55,native_first,ZINCk7000018TAx0,O[C@@H](COC[C@@H]1CCCO1)CSc1nnc2nc[nH]n12,88,87,87,1,1,1,17.857142857142858,18.287822287125632,0.7129570559203754,13.038431937024116,5,299.356,0.1009999999999995,2,8,7,1,,,,24.308867652466137,8,3,5,3,2,1,,,,,16.164379454410703,10.615647277286458,33.86584289496911,18.200501503924563,106,16,5,1.4873740950300085,1.074409185334908,9.390882812600733,7.721076748809786,28,77.43811374063404,5,1.6590510746689016,1.4595187800434453,ZINCk7000018TAx0_m01_t01,SER5;PRO6;HIS8;HIS8;LEU4,3,152.31507039235672
56,native_first,ZINCk800000Py67v,C[C@@H](CNC(=O)c1ccns1)CC(=O)Nn1ccnn1,21,93,93,1,1,1,14.285714285714286,16.17753992324311,0.90142916951819,14.582906377856402,4,294.34,0.2608999999999999,2,7,6,1,,,,24.308867652466137,8,3,5,3,2,1,,,,,15.750235606082196,9.884036128796984,38.74619883040936,17.889893617678183,114,16,5,0.5733639574793398,0.6996528677182248,11.619609545935706,10.859349875000198,28,77.43811374063404,5,1.7290217672411403,1.495680668186902,ZINCk800000Py67v_m01_t01,SER5;PRO6;HIS8;HIS8;LEU4,2,-80.61637902472425
57,native_first,ZINCk700000wTyDp,Cc1cnc(C(=O)N[C@@H](C)Cc2cnccn2)c[n+]1[O-],86,10,10,1,1,1,14.285714285714286,15.362996609921524,0.849776572151376,13.055114597152324,4,273.296,0.17442,1,5,4,1,,,,32.73436206030686,9,6,3,6,2,1,,,,,15.121735608896524,9.517586404798868,36.776474967429735,19.524892221749106,62,16,13,1.069695464033851,0.7666554621188503,6.980676614770233,7.254508515430742,28,77.43811374063404,5,1.729724106516333,1.543440501723775,ZINCk700000wTyDp_m01_t08,SER5;PRO6;HIS8;HIS8;LEU4,3,39.08261144566358
58,native_first,ZINCk600000gqEx4,O=C(N[C@@H]1C[C@H]1NC(=O)c1n[nH]cc1Cl)c1cnc[nH]1,191,147,141,0,1,1,14.285714285714286,17.708480516576707,0.6479214984648477,11.47370523183594,4,294.702,0.0868999999999998,4,4,4,1,,,,29.07337943761589,10,3,7,3,2,1,,,,,22.16527708009155,15.471553018480176,39.06789038599233,23.89230266947264,16,16,1,1.5100320316223088,1.62853626603175,12.609273135276275,11.515478274651048,28,77.43811374063404,5,1.7322487137121354,1.1899319673218105,ZINCk600000gqEx4_m01_t08,SER5;PRO6;HIS8;HIS8;LEU4,3,3.847629180042105
59,native_first,ZINCk7000004eT0Z,CCn1cc(C(=O)C(=O)NCCc2csc(O)n2)cn1,161,69,69,1,1,1,17.857142857142858,18.953448192927706,0.6262305631492585,11.869228535477411,5,294.336,0.6066999999999996,2,7,6,1,,,,24.308867652466137,8,3,5,3,2,1,,,,,17.092592319412734,10.695741918200891,42.52676659528908,18.896661152676085,79,16,3,1.7099018689284151,1.6321546155356756,8.254082929072135,7.143182862008364,28,77.43811374063404,5,1.747477819233879,1.186651893679607,ZINCk7000004eT0Z_m01_t02,SER5;PRO6;HIS8;HIS8;LEU4,1,36.09446069332511
60,native_first,ZINCk700000y8NCO,O=C(Cn1cc(I)nn1)Nc1cnc2c(c1)CNC2=O,36,77,77,1,1,1,14.285714285714286,16.17753992324311,0.8728315629813834,14.120267456398013,4,384.13700000000017,0.1598,2,6,3,1,,,,24.308867652466137,8,3,5,3,2,1,,,,,16.70848088047131,10.530540091232307,40.4239663629993,18.60857757347002,91,16,13,0.777323753083383,0.7553401373215375,11.619609545935706,10.797651085850882,28,77.43811374063404,5,1.7737683392841197,1.721985099217931,ZINCk700000y8NCO_m01_t08,SER5;PRO6;HIS8;HIS8;LEU4,0,11.529681161167748
61,native_first,ZINCk50000047sNG,O=C(NCCCc1nc(O)n[nH]1)c1n[nH]cc1[N+](=O)[O-],115,4,4,1,1,1,17.857142857142858,18.287822287125632,0.6827698933985575,12.486374473472532,5,281.2320000000001,-0.4958000000000007,4,7,6,1,,,,41.19084267040562,12,7,5,7,2,1,,,,,24.713792150010725,17.070783349818182,44.74903269319512,28.833054780109453,2,16,13,1.60044266598874,1.4012749620544738,9.390882812600733,8.787498055249598,28,77.43811374063404,5,1.836545548026997,1.742498802674654,ZINCk50000047sNG_m01_t04,SER5;PRO6;HIS8;HIS8;LEU4,3,-69.14695794975815
62,native_first,ZINCj7000002nkJO,CC[S@@](=O)CCNC(=O)c1cc([N+](=O)[O-])cnc1O,249,133,129,0,1,1,14.285714285714286,15.302104653171591,0.6764685736544878,10.351392908642689,4,287.297,0.1937999999999996,2,6,6,1,,,,33.42301055501535,9,6,3,6,2,1,,,,,12.958546418522952,8.092035209159963,32.50976085895558,18.07466245264605,112,16,14,1.4794946174375374,1.5595615689943558,6.981687475102268,7.211638512475496,28,77.43811374063404,5,1.8815998134878256,1.679401960020862,ZINCj7000002nkJO_m01_t05,SER5;PRO6;HIS8;HIS8;LEU4,3,10.400540643764424
63,native_first,ZINCk600001bNqgQ,Cc1ncc(C(=O)NC[C@@H](O)CN(C)c2ncns2)o1,170,161,155,0,1,1,14.285714285714286,16.017382813649313,0.733773326736961,11.753128272790882,4,297.34000000000003,0.0616199999999995,2,8,6,1,,,,24.308867652466137,8,3,5,3,2,1,,,,,16.435172529151725,10.63483178389145,36.15381511519994,18.40359630998033,100,16,0,1.52390641654317,1.0740357922899333,8.254082929072135,9.222740607334844,28,77.43811374063404,5,1.901786914840856,1.4760910713415172,ZINCk600001bNqgQ_m01_t07,SER5;PRO6;HIS8;HIS8;LEU4,1,36.06052444740755
64,native_first,ZINCk700000vOWnu,COCCC1CN(C(=O)c2c[nH]c(=O)c3ccnn23)C1,53,211,205,1,0,1,14.285714285714286,16.17753992324311,0.8431854884561348,13.640666902198364,4,276.29600000000005,0.1310999999999998,1,5,4,1,,,,21.88062174122295,7,3,4,3,2,1,,,,,11.10254663044732,6.952517910422841,27.543604651162784,13.79706540814123,231,16,7,0.8867248967223187,0.9058320069345354,11.619609545935706,11.032357063016295,28,77.43811374063404,5,1.9132859964978983,2.127243459206362,ZINCk700000vOWnu_m01_t02,SER5;PRO6;HIS8;HIS8;LEU4,1,-16.99619697031818
65,native_first,CHEMBL272540,COc1ccc(N2C[C@@H](C)N[C@@H](C)C2)cc1NS(=O)(=O)c1ccc(-c2cnco2)s1,65,29,29,1,1,1,17.857142857142858,18.331759532222502,0.7311236963566987,13.402783789920662,5,448.57000000000016,3.3991000000000016,2,8,6,1,,,,28.416425806587785,9,4,5,4,2,1,,,,,19.8419709695213,13.756688676472049,35.581457129574275,21.98558467878792,28,16,2,1.4929264337788128,1.1212091359503098,12.279310281933592,11.348260002894175,28,77.43811374063404,5,1.9171496317678771,1.2745889150306202,CHEMBL272540_m02_t01,SER5;PRO6;HIS8;HIS8;LEU4,0,108.3453841107696
66,native_first,ZINCk800000PA5TH,CNC(=O)[C@H](c1nc(Br)nn1C)N(C)Cc1cn[nH]c1,146,106,106,1,1,1,14.285714285714286,15.362996609921524,0.7881513482250291,12.1083664908862,4,342.2010000000001,0.2197999999999991,2,6,5,1,,,,24.308867652466137,8,3,5,3,2,1,,,,,15.043517091064423,10.054610989942658,29.858966440189437,17.359854731414853,132,16,4,1.426152254197229,0.8384318399554358,6.980676614770233,6.268426661111821,28,77.43811374063404,5,1.930320999281207,1.6232507201440505,ZINCk800000PA5TH_m02_t06,SER5;PRO6;HIS8;HIS8;LEU4,0,19.330011817128447
67,native_first,ZINCk800000ds8Aw,Cc1nc(CC(=O)Nc2c(P(C)(C)=O)cnn2C)n[nH]1,28,176,170,1,0,1,17.857142857142858,18.287822287125632,0.7826291203673739,14.312582270007988,5,296.271,0.2758199999999995,2,6,4,1,,,,24.308867652466137,8,3,5,3,2,1,,,,,13.458970260942104,8.947767129704841,27.144369323226115,16.171444608823112,164,16,15,1.2048621011750356,0.9700129025893708,9.390882812600733,8.264748743807598,28,77.43811374063404,5,1.9465184049184472,1.522064417839891,ZINCk800000ds8Aw_m01_t06,SER5;PRO6;HIS8;HIS8;LEU4,2,38.5873795592933
68,native_first,ZINCk800000JSZKR,C[C@@H](NC(=O)Cc1csc(NC=O)n1)c1nncn1C,48,109,109,1,1,1,14.285714285714286,16.17753992324311,0.8453805005332794,13.67617679770837,4,294.34000000000003,0.2597999999999996,2,7,6,1,,,,24.308867652466137,8,3,5,3,2,1,,,,,14.96317558117933,9.830594949083403,31.31044487427465,17.29959859900103,136,16,4,0.9890080449592658,0.859901358024183,11.619609545935706,11.493632922805867,28,77.43811374063404,5,2.065708601845928,2.078796671556963,ZINCk800000JSZKR_m01_t06,SER5;PRO6;HIS8;HIS8;LEU4,0,-55.13385693815438
69,native_first,CHEMBL2364485,COc1ccc(N2C[C@@H](C)N[C@@H](C)C2)cc1NS(=O)(=O)c1ccc(-c2ccc(C)o2)cn1,90,14,14,1,1,1,17.857142857142858,18.953448192927706,0.6841196352025541,12.96642606357621,5,456.5680000000002,3.646020000000002,2,7,6,1,,,,31.70439203423012,10,5,5,5,2,1,,,,,20.085095244493207,15.16360221909679,29.736296407335228,22.98991944192744,19,16,14,1.8431837434069929,1.2221003615498331,8.254082929072135,8.744906985020428,28,77.43811374063404,5,2.213014872931962,1.8078620245558332,CHEMBL2364485_m02_t01,SER5;PRO6;HIS8;HIS8;LEU4,0,166.2530720612964
70,native_first,ZINCk700000Bn8u5,O=C(O)c1cn(CCCNC(=O)c2c[nH]nc2I)nn1,10,45,45,1,1,1,14.285714285714286,17.708480516576707,0.8670099873818424,15.353429469228772,4,390.141,0.1240999999999999,3,6,6,1,,,,26.721918824471818,9,3,6,3,2,1,,,,,19.75367047466725,13.261480031783195,38.69872947728724,21.495732562118384,34,16,4,0.8209893899881769,0.8022020006055858,12.609273135276275,12.028779241230716,28,77.43811374063404,5,2.2342723673045666,2.14761132124144,ZINCk700000Bn8u5_m01_t02,SER5;PRO6;HIS8;HIS8;LEU4,3,-16.769721813085507
71,native_first,CHEMBL251169,COc1cc2c(cc1N1C[C@@H](C)N[C@@H](C)C1)N(S(=O)(=O)c1ccc3ccccc3c1)CC2,137,184,178,1,0,1,14.285714285714286,17.355041877773814,0.7048297243128722,12.23234938214967,4,451.5920000000002,3.786400000000003,1,5,4,1,,,,22.43381998590508,7,3,4,3,2,1,,,,,12.632147205542212,8.157397609626132,27.98134576948701,15.08256540063293,189,16,14,1.0873580700991703,1.3597854644627865,11.131785166809491,9.298775542283126,28,70.0168090390329,5,1.5933495442426184,1.7399907397587988,CHEMBL251169_m01_t01,SER5;PHE3;HIS8;LEU4;SER2,1,134.84508179892438
72,native_first,CHEMBL2364408,COc1ccc(NS(=O)(=O)c2ccc(-c3cc(C)cs3)s2)cc1N1C[C@@H](C)N[C@@H](C)C1,46,61,61,1,1,1,17.857142857142858,18.259040865655574,0.7534322850547709,13.756950882319323,5,477.6770000000002,4.781020000000004,2,7,6,1,,,,24.862065897148263,8,3,5,3,2,1,,,,,16.319013362111015,10.939451610547192,32.10873983739838,18.454776495870327,95,16,12,1.407605872237235,1.12315108708118,10.81567237854401,10.9897281976982,28,70.0168090390329,5,1.8823976614241893,1.548298250091455,CHEMBL2364408_m01_t01,SER5;PHE3;HIS8;LEU4;SER2,3,98.1989741121806
73,native_first,CHEMBL2364382,COc1ccc(NS(=O)(=O)c2ccc(-c3ccccc3)s2)cc1N1C[C@@H](C)N[C@@H](C)C1,42,59,59,1,1,1,17.857142857142858,18.259040865655574,0.7569433471000215,13.821059507685408,5,457.62100000000015,4.411100000000004,2,6,6,1,,,,24.862065897148263,8,3,5,3,2,1,,,,,16.92275000057519,10.939451610547192,37.3526798933965,18.90757897471845,78,16,12,1.3832256513909995,1.115880366139191,10.81567237854401,11.069903225374798,28,70.0168090390329,5,2.5107884554639592,2.008020961785654,CHEMBL2364382_m02_t01,SER5;PHE3;HIS8;LEU4;SER2,2,120.12986343812842
74,native_first,CHEMBL2364381,COc1ccc(NS(=O)(=O)c2ccc(-c3ccsc3)s2)cc1N1C[C@@H](C)N[C@@H](C)C1,56,60,60,1,1,1,17.857142857142858,18.259040865655574,0.7447307393093165,13.598069002958702,5,463.65000000000015,4.472600000000004,2,7,6,1,,,,24.862065897148263,8,3,5,3,2,1,,,,,16.75102419567208,10.793748696806356,37.3839238185367,18.77878462104113,85,16,10,1.5905663431583303,1.0411683263424691,10.81567237854401,10.69915411921899,28,70.0168090390329,5,3.9224524181900686,1.5795720395867927,CHEMBL2364381_m02_t01,SER5;PHE3;HIS8;LEU4;SER2,3,101.81857442437712
75,native_first,CHEMBL251573,COc1cc2c(cc1N1C[C@@H](C)N[C@@H](C)C1)N(S(=O)(=O)c1ccc(-c3ccon3)s1)CC2,74,54,54,1,1,1,17.857142857142858,18.953448192927706,0.7035195801330291,13.334121914761615,5,474.6080000000002,3.349700000000002,1,8,5,1,,,,25.988179895344604,8,4,4,4,2,1,,,,,16.468535111693818,11.268773025583416,30.57832422586521,18.848446307606515,81,16,7,1.4986634590437884,1.3736460641228647,8.254082929072135,8.183003184858531,28,70.0168090390329,5,4.131512801568435,1.550370663631945,CHEMBL251573_m01_t01,SER5;PHE3;HIS8;LEU4;SER2,1,112.23359017965664
76,native_first,ZINCk700000JTKDZ,COCc1nnc(NNC(=O)N[C@@H](C)c2nc[nH]n2)s1,67,44,44,1,1,1,17.857142857142858,18.287822287125632,0.7310469688927435,13.369257050652353,5,298.33200000000005,0.1898999999999998,4,8,6,1,,,,26.721918824471818,9,3,6,3,2,1,,,,,19.852655606087147,13.693817714473935,36.07954545454546,21.56997141068332,33,16,15,1.456663943786816,1.172145199835003,9.390882812600733,8.607564324528049,28,68.12402961062504,5,0.9517617189175532,1.1163936818397229,ZINCk700000JTKDZ_m01_t01,SER5;HIS8;HIS8;LEU4;SER2,1,3.2132938725218207
77,native_first,ZINCk500000dq4PX,Nc1ccc(C(=O)NCCCNCCO)c([N+](=O)[O-])c1,122,19,19,1,1,1,14.285714285714286,16.16724511088665,0.7655303654796418,12.37651705853601,4,282.3,-0.1211999999999996,4,6,8,1,,,,30.205494371073204,9,4,5,4,2,1,,,,,15.600258938451534,10.013553912384332,35.28786230091997,19.25156779660695,69,16,1,1.5915576267660625,0.8173067549787825,12.609273135276275,13.524368511076258,28,68.12402961062504,5,1.722420979139979,1.8203915918773876,ZINCk500000dq4PX_m02_t05,SER5;HIS8;HIS8;LEU4;SER2,3,18.88796541642864
78,native_first,ZINCk7000018StsX,Cc1oc(CCN)nc1-c1nc(-c2nonc2N)no1,142,57,57,1,1,1,17.857142857142858,18.287822287125632,0.6651528677613392,12.164197439391348,5,277.244,0.1664199999999998,2,10,4,1,,,,24.862065897148263,8,3,5,3,2,1,,,,,17.713068891726678,10.788497707711777,49.456790123456784,19.50031814308208,63,16,8,1.505542476705606,1.4917482142437075,9.390882812600733,8.187670245545736,28,68.12402961062504,5,1.9445328268911224,1.6923750116443448,ZINCk7000018StsX_m02_t04,SER5;HIS8;HIS8;LEU4;SER2,0,49.94195230604787
79,native_first,ZINCk800000gu5Mi,CCC[C@H](C(=O)Nc1cnc(C(N)=O)s1)c1nn[nH]n1,9,47,47,1,1,1,17.857142857142858,18.287822287125632,0.8413060622542066,15.385655755586384,5,295.328,0.2774999999999996,3,7,6,1,,,,26.721918824471818,9,3,6,3,2,1,,,,,18.75641911142672,12.382031603519172,38.6578449905482,20.747794039688,42,16,11,1.1491352223568725,0.7553498391523112,9.390882812600733,9.729034874493276,28,68.12402961062504,5,3.3936636866660463,1.7385174581625995,ZINCk800000gu5Mi_m01_t01,SER5;HIS8;HIS8;LEU4;SER2,3,3.2815737710686714
80,native_first,CHEMBL2364429,COc1ccc(N2C[C@@H](C)N[C@@H](C)C2)cc1NS(=O)(=O)c1ccc(-c2cc(C)cs2)cc1F,15,63,63,1,1,1,17.857142857142858,18.953448192927706,0.7902001238365546,14.977017109181192,5,489.6380000000002,4.858620000000004,2,6,6,1,,,,24.862065897148263,8,3,5,3,2,1,,,,,14.71337140802526,9.988893699322189,27.917684167684182,17.25054503030601,139,16,7,1.4192093406644508,0.868344008583621,8.254082929072135,8.646202878217174,28,66.08682284778305,4,1.8419698730982763,2.2635466454750013,CHEMBL2364429_m01_t01,SER5;PHE3;PRO6;LEU4,0,73.48975825755225
81,native_first,CHEMBL2364468,COc1ccc(N2C[C@@H](C)N[C@@H](C)C2)cc1NS(=O)(=O)c1ccc(-c2ccc(C)o2)cc1Cl,105,31,31,1,1,1,17.857142857142858,18.953448192927706,0.6665865508131577,12.634113656939553,5,490.0250000000002,4.904420000000004,2,6,6,1,,,,28.416425806587785,9,4,5,4,2,1,,,,,19.039306234591447,13.756688676472049,30.908143774960934,21.383586127590533,37,16,7,1.7663016597629213,1.405934310880258,8.254082929072135,8.648744081167514,28,66.08682284778305,4,2.2504723357697083,1.9733028321923871,CHEMBL2364468_m02_t01,SER5;PHE3;PRO6;LEU4,1,86.50205555354178
82,native_first,ZINCk800000xcqB6,O=C(Cc1cnoc1)N1CCN(Cc2cnc[nH]2)CC1,55,189,183,1,0,1,14.285714285714286,16.17753992324311,0.8407560818294889,13.601365079506008,4,275.31200000000007,0.2845999999999998,1,5,4,1,,,,21.88062174122295,7,3,4,3,2,1,,,,,13.15489419136822,8.32106862996908,31.38948884089272,15.336326078831902,179,16,10,1.0058426367235245,0.8500845752906708,11.619609545935706,11.105965897447488,28,65.55398002104442,4,1.5197517462329675,2.1192819176232325,ZINCk800000xcqB6_m02_t01,SER5;PHE3;HIS8;HIS8,3,74.79278521774545
83,native_first,ZINCk600000gpzZR,COC(=O)[C@@H](C)NC(=O)Cn1cc(-c2cncs2)nn1,30,186,180,1,0,1,17.857142857142858,18.287822287125632,0.7794627556462483,14.25467635469182,5,295.324,0.0792999999999997,1,8,5,1,,,,21.88062174122295,7,3,4,3,2,1,,,,,13.473404730663113,8.179549190811446,38.19060166886254,15.575208983303074,171,16,13,1.5342352219763695,0.8396505146721063,9.390882812600733,8.949413518224114,28,65.04202259758227,4,1.2190298026290431,1.4471961797280115,ZINCk600000gpzZR_m01_t06,SER5;PHE3;HIS8;LEU4,1,-29.228825092433883
84,native_first,ZINCj600000PLgxg,O=C(CNC(=O)c1ccns1)NCCc1csnn1,87,115,115,1,1,1,17.857142857142858,18.953448192927706,0.6883255569265317,13.046142783075128,5,297.36499999999995,0.0832999999999997,2,7,6,1,,,,24.308867652466137,8,3,5,3,2,1,,,,,14.32317354269051,8.99974211108374,35.063649222065074,16.819597070134417,153,16,5,2.011539729671807,1.0861363378613582,8.254082929072135,8.23499202835743,28,65.04202259758227,4,1.2367091102698435,1.5181350644990204,ZINCj600000PLgxg_m01_t02,SER5;PHE3;HIS8;LEU4,0,21.22893970733877
85,native_first,ZINCk8000009MfQv,Cn1ccc(CC(=O)N[C@H]2CCN(c3ncns3)C2)n1,92,196,190,1,0,1,14.285714285714286,15.362996609921524,0.8422570667773743,12.93959246158325,4,292.36800000000005,0.2091999999999994,1,7,4,1,,,,21.88062174122295,7,3,4,3,2,1,,,,,12.783481631929122,8.016308608580895,31.539568345323733,15.05776665925258,190,16,9,0.8423184742087058,0.918947828976787,6.980676614770233,6.247579073408442,28,65.04202259758227,4,1.5960731103549644,2.1456327048197426,ZINCk8000009MfQv_m01_t01,SER5;PHE3;HIS8;LEU4,0,22.142495074381912
86,native_first,ZINCk700000PzC17,Cn1cc(NC(=O)CONC(=O)Cc2cscn2)cn1,206,149,143,0,1,1,17.857142857142858,19.82888346299922,0.5688759175474589,11.280174273955316,5,295.324,0.1055999999999992,2,7,6,1,,,,27.596833880108463,9,4,5,4,2,1,,,,,19.842247718548258,12.997395334941867,41.91722674212948,21.78089425893831,30,16,3,1.8015082964092044,1.972456529863184,12.931726064218962,11.674472646019971,28,65.04202259758227,4,1.627550063153144,1.984527630220892,ZINCk700000PzC17_m01_t03,SER5;PHE3;HIS8;LEU4,3,22.34136265444729
87,native_first,ZINCk800000PzIYD,CN(Cc1ccn(C)n1)C(=O)CNC(=O)c1ccns1,72,207,201,1,0,1,17.857142857142858,18.953448192927706,0.704394086384861,13.350696823700105,5,293.352,0.2649999999999997,1,6,5,1,,,,21.88062174122295,7,3,4,3,2,1,,,,,11.434057496057196,7.385106348272856,25.311091818595223,14.045698557348636,223,16,7,1.831708037485943,1.115387854475232,8.254082929072135,8.07501200427971,28,65.04202259758227,4,1.636691316937432,2.2300703950004963,ZINCk800000PzIYD_m01_t02,SER5;PHE3;HIS8;LEU4,1,47.612056333284336
88,native_first,ZINCk600000Pu9Ja,Cc1sccc1CC(=O)NOCC(=O)Nn1ccnn1,168,172,166,0,1,1,14.285714285714286,15.302104653171591,0.768447054274133,11.758857244924211,4,295.324,0.0086199999999992,2,7,6,1,,,,24.308867652466137,8,3,5,3,2,1,,,,,14.469944169839646,8.998087421716326,36.92379616643292,16.92967504049627,150,16,4,1.304362493211854,1.0819013742212722,6.981687475102268,7.503589495316577,28,65.04202259758227,4,1.6471624936174367,1.7446542108385614,ZINCk600000Pu9Ja_m01_t08,SER5;PHE3;HIS8;LEU4,2,-18.155693502348782
89,native_first,ZINCk8000009Mg4L,Cn1cnnc1CN1CC[C@H](NC(=O)c2ccsn2)C1,181,252,246,0,0,1,14.285714285714286,16.017382813649313,0.723945429615564,11.595711082344302,4,292.36800000000005,0.2758999999999998,1,7,4,1,,,,21.88062174122295,7,3,4,3,2,1,,,,,10.869107045572504,7.086074895181622,23.317683881064166,13.621985719485114,237,16,0,1.4525521312562124,1.2613214630403962,8.254082929072135,7.83890456741644,28,65.04202259758227,4,1.7616486555260138,2.362377130102165,ZINCk8000009Mg4L_m01_t02,SER5;PHE3;HIS8;LEU4,2,33.856689735095
90,native_first,ZINCk7000009KZrH,Cc1nc(CC(=O)NC[C@@H](C)N(C)c2ncns2)n[nH]1,151,84,84,1,1,1,14.285714285714286,15.362996609921524,0.7804392371642083,11.989885354803471,4,295.372,0.1482199999999998,2,7,6,1,,,,24.308867652466137,8,3,5,3,2,1,,,,,16.395371833104154,10.732121621537388,34.71327447705403,18.37374578794465,101,16,12,1.3984444077463822,0.9467304673370722,6.980676614770233,7.388735923689571,28,65.04202259758227,4,1.8459828383656305,1.932902798590795,ZINCk7000009KZrH_m01_t01,SER5;PHE3;HIS8;LEU4,3,-9.920115218061085
91,native_first,ZINCk8000009M5XH,C[C@H](CN(C)C(=O)c1csnn1)NC(=O)c1cnsn1,130,193,187,1,0,1,17.857142857142858,17.54376270517786,0.7014991005359326,12.306933757698106,5,312.38,0.2800999999999998,1,8,5,1,,,,21.88062174122295,7,3,4,3,2,1,,,,,12.925453859418791,8.106472549606483,31.872278664731503,15.164245829869833,184,16,12,1.6432182016423953,1.2488101201833726,12.161105747422807,11.575676187964897,28,65.04202259758227,4,2.134585008201279,2.462047466916419,ZINCk8000009M5XH_m01_t02,SER5;PHE3;HIS8;LEU4,3,25.61892838473129
92,native_first,ZINCk600000Emteg,Cn1cnc(CN2CC(C(=O)NCc3nccs3)C2)n1,134,199,193,1,0,1,14.285714285714286,15.362996609921524,0.7967805354947612,12.240936665657474,4,292.36800000000005,0.0197999999999998,1,7,5,1,,,,21.88062174122295,7,3,4,3,2,1,,,,,12.160517118583115,7.649701359288072,29.636098981077147,14.590543274243077,201,16,4,1.1836013411402682,1.009964835163044,6.980676614770233,6.636276208090753,28,65.04202259758227,4,2.3978040547257127,2.48239670719698,ZINCk600000Emteg_m02_t01,SER5;PHE3;HIS8;LEU4,1,-22.502765436652147
93,native_first,ZINCk800000PzWQF,CN(CC(=O)NCc1nccs1)C(=O)c1cn(C)cn1,207,241,235,0,0,1,14.285714285714286,16.017382813649313,0.7041297610097842,11.278315932577115,4,293.35200000000003,0.2649999999999992,1,6,5,1,,,,21.88062174122295,7,3,4,3,2,1,,,,,11.713026435560316,7.631082216444478,25.184444166562454,14.254925261975975,213,16,7,1.2545153049793276,1.436484251440877,8.254082929072135,7.178765186488366,28,65.04202259758227,4,2.4783672004935977,2.55605008972306,ZINCk800000PzWQF_m01_t01,SER5;PHE3;HIS8;LEU4,1,43.104546215465525
94,native_first,ZINCk8000004jFzp,Cn1ccnc1COCC(=O)NC[C@H](O)c1cncs1,96,78,78,1,1,1,17.857142857142858,18.953448192927706,0.6806486942107327,12.900639763307012,5,296.35200000000003,0.2430000000000004,2,7,7,1,,,,24.308867652466137,8,3,5,3,2,1,,,,,16.673558231783588,10.84696882745963,36.024680833790015,18.582385586954224,92,16,3,1.4899905640275477,1.3322678862053,8.254082929072135,6.757222951251641,28,64.70600084283734,4,0.2400208057577908,0.2743361604962432,ZINCk8000004jFzp_m01_t01,SER5;PRO6;HIS8;HIS8,2,23.56087834558077
95,native_first,ZINCk600000xcqtG,O=C(CC1(c2ccon2)CS(=O)(=O)C1)Nc1cn[nH]c1,144,85,85,1,1,1,17.857142857142858,18.293355023254534,0.6634127476900546,12.136044920446956,5,296.30799999999994,0.0926999999999999,2,6,4,1,,,,24.308867652466137,8,3,5,3,2,1,,,,,16.26769006708136,10.335119525265728,38.18890417239799,18.277984463427558,103,16,7,1.703607321654247,1.2505960453858551,10.889276605909144,9.235684630063371,28,64.70600084283734,4,0.4699624286795772,0.6337358030305626,ZINCk600000xcqtG_m01_t03,SER5;PRO6;HIS8;HIS8,1,-27.87949002205588
96,native_first,ZINCk800000PzJpT,CN(Cc1cn(C)cn1)C(=O)CNC(=O)c1ccsn1,64,206,200,1,0,1,17.857142857142858,18.953448192927706,0.7094020527994426,13.445615055690798,5,293.352,0.2649999999999997,1,6,5,1,,,,21.88062174122295,7,3,4,3,2,1,,,,,11.446210165704336,7.40610648216277,25.184723951847243,14.05481305958399,222,16,10,1.7983655014686106,1.110026190940648,8.254082929072135,8.364545777815477,28,64.70600084283734,4,0.5168751662628465,0.7181371942471458,ZINCk800000PzJpT_m01_t06,SER5;PRO6;HIS8;HIS8,3,22.40587425316121
97,native_first,ZINCk800000ciIsJ,O=C(O)Cn1ccnc1CNC(=O)Cn1cnc(Br)c1,187,164,158,0,1,1,17.857142857142858,18.287822287125632,0.6307407129966962,11.534874068538493,5,342.153,0.2430999999999999,2,6,6,1,,,,24.308867652466137,8,3,5,3,2,1,,,,,16.00198291086747,10.224600194969575,36.790167865707424,18.07870409626713,111,16,3,2.1652614019689755,1.3292740986261766,9.390882812600733,8.725509770128722,28,64.70600084283734,4,0.6808354179032544,1.0167426060863602,ZINCk800000ciIsJ_m01_t04,SER5;PRO6;HIS8;HIS8,2,-42.04249405453166
98,native_first,ZINCj8000002rHpm,O=C(Cn1ccc([N+](=O)[O-])n1)OCCn1ccnc1,221,138,134,0,1,1,14.285714285714286,15.362996609921524,0.7223099177352245,11.096844817478948,4,265.229,0.2311999999999998,0,8,6,1,,,,30.306116149063676,8,6,2,6,2,1,,,,,12.32866429991616,7.291999532453937,39.86131713404441,16.823027262203038,152,16,8,1.348289546435734,1.3345248599506798,6.980676614770233,7.522576365855052,28,64.70600084283734,4,0.7878982161232921,0.999946566685718,ZINCj8000002rHpm_m01_t01,SER5;PRO6;HIS8;HIS8,1,83.71159168435797
99,native_first,ZINCk7000009L1jt,Cn1ccnc1CN1CC(CNC(=O)c2cnns2)C1,152,203,197,1,0,1,14.285714285714286,16.17753992324311,0.7407636812925498,11.98373402779876,4,292.36800000000005,0.1333999999999998,1,7,5,1,,,,21.88062174122295,7,3,4,3,2,1,,,,,11.7795453044864,7.353393190389894,29.590876176683555,14.304814413670536,210,16,7,1.546203770592543,1.044013362181461,11.619609545935706,10.846938991174188,28,64.70600084283734,4,0.8345675354663838,0.7076705204227894,ZINCk7000009L1jt_m02_t02,SER5;PRO6;HIS8;HIS8,0,-31.928294846073012
100,native_first,ZINCk7000009L1mI,Cn1cnc(C(=O)NCC2CN(Cc3csnn3)C2)c1,233,234,228,0,0,1,14.285714285714286,16.017382813649313,0.668173836559865,10.702396126244103,4,292.36800000000005,0.1333999999999999,1,7,5,1,,,,21.88062174122295,7,3,4,3,2,1,,,,,12.921899408849091,8.120493560273061,31.614771904417083,15.161579991942556,185,16,14,1.8975738403709124,1.311169270152171,8.254082929072135,8.229471338316962,28,64.70600084283734,4,0.8523714302557591,0.6812946915281314,ZINCk7000009L1mI_m01_t02,SER5;PRO6;HIS8;HIS8,3,52.32379411836783
101,native_first,ZINCk7000009L1ju,Cn1ccnc1CN1CC(CNC(=O)c2cnsn2)C1,163,187,181,1,0,1,14.285714285714286,16.17753992324311,0.731853450288256,11.839588410001475,4,292.36800000000005,0.1333999999999998,1,7,5,1,,,,21.88062174122295,7,3,4,3,2,1,,,,,13.424560658451748,8.394920121796428,33.48848484848484,15.53857592914455,172,16,7,1.284055578063501,1.233385859153002,11.619609545935706,10.50405286980123,28,64.70600084283734,4,0.8572431236160849,0.7720488862879136,ZINCk7000009L1ju_m02_t02,SER5;PRO6;HIS8;HIS8,1,6.488317597095794
102,native_first,ZINCk8000018ToFS,CS(=O)(=O)c1occc1C(=O)NCCOc1cn[nH]c1,177,150,144,0,1,1,14.285714285714286,14.697370704119452,0.7919610482134286,11.63974510881578,4,299.30799999999994,0.2149999999999997,2,6,6,1,,,,27.596833880108463,9,4,5,4,2,1,,,,,18.774453888100208,12.394252928717888,38.691938691938695,20.980048886102274,39,16,0,1.0499622655338663,0.9254195003793598,9.390882812600733,7.877559517153704,28,64.70600084283734,4,0.929989554029539,0.7346480665979263,ZINCk8000018ToFS_m01_t02,SER5;PRO6;HIS8;HIS8,1,28.09936748649376
103,native_first,ZINCk800000JTEfE,COc1cc(C(=O)OCC(=O)c2cn(C)cn2)n(C)n1,24,182,176,1,0,1,17.857142857142858,18.287822287125632,0.7917669626166584,14.479693505150692,5,278.26800000000003,0.2018999999999997,0,8,5,1,,,,22.49977081227017,7,4,3,4,2,1,,,,,11.256123896057805,7.246543742011477,25.19892237328488,14.067035625110895,221,16,6,1.1283468359432762,0.980306572992296,9.390882812600733,8.325994535146192,28,64.70600084283734,4,0.9412381117860712,1.117247398599445,ZINCk800000JTEfE_m01_t01,SER5;PRO6;HIS8;HIS8,2,-5.256825744456251
104,native_first,ZINCk600000vJ41m,Cc1ccc([N+](=O)[O-])c(NNC(=O)c2nonc2N)n1,259,127,125,0,1,1,14.285714285714286,15.544432503477918,0.640653081019366,9.958588576050705,4,279.216,0.0203199999999998,3,9,4,1,,,,35.147413232312545,10,6,4,6,2,1,,,,,18.14332471582381,11.431215411488267,43.94905484172223,22.394346844946,22,16,5,1.3462957810232028,1.6666207723659785,8.023705378439566,6.368444713597729,28,64.70600084283734,4,0.9701792608753772,0.9112267366208272,ZINCk600000vJ41m_m01_t04,SER5;PRO6;HIS8;HIS8,3,0.2043567056178572
105,native_first,ZINCk6000004dCFt,N#Cc1cccc(OCCNS(=O)(=O)c2cnn[nH]2)c1,186,171,165,0,1,1,14.285714285714286,15.544432503477918,0.7429342974319687,11.548492040950023,4,293.308,0.0336799999999998,2,6,6,1,,,,24.308867652466137,8,3,5,3,2,1,,,,,14.498675210192626,9.297288055841967,32.910552061495466,16.951223320761006,148,16,2,1.4913600427066935,1.129082615678186,8.023705378439566,7.943856597526954,28,64.70600084283734,4,1.0514014107167928,1.192141480889665,ZINCk6000004dCFt_m01_t02,SER5;PRO6;HIS8;HIS8,2,48.95764820492014
106,native_first,ZINCj7000002nZj8,COc1c(C(=O)NCc2cnc(O)[nH]2)ccnc1F,99,114,114,1,1,1,17.857142857142858,18.287822287125632,0.7008436783784617,12.81690464124074,5,266.232,0.5879999999999999,3,5,4,1,,,,24.308867652466137,8,3,5,3,2,1,,,,,14.481583669218317,9.133410794311912,34.94265232974912,16.93840466503027,149,16,2,1.806426063047308,1.1608996429771643,9.390882812600733,9.299015819325511,28,64.70600084283734,4,1.0552424199668098,1.4406761359665283,ZINCj7000002nZj8_m01_t06,SER5;PRO6;HIS8;HIS8,1,-7.0090804296398
107,native_first,ZINCk700000PA5Ru,CNC(=O)[C@@H](c1csnc1OC)N(C)Cc1nc[nH]n1,150,118,118,1,1,1,17.857142857142858,18.953448192927706,0.6347554301254974,12.030804160063155,5,296.35599999999994,0.1888999999999992,2,7,6,1,,,,24.308867652466137,8,3,5,3,2,1,,,,,13.970394325525437,9.25415141557558,28.48980852378013,16.555012657260608,160,16,11,1.7532943990555545,1.600324900541161,8.254082929072135,7.516618548745237,28,64.70600084283734,4,1.0780753070325024,1.468642122550096,ZINCk700000PA5Ru_m02_t07,SER5;PRO6;HIS8;HIS8,3,20.4759511329491
108,native_first,ZINCk500000468se,N=c1nnn(CC(=O)NNc2ccc([N+](=O)[O-])cc2)[nH]1,188,135,131,0,1,1,14.285714285714286,15.544432503477918,0.7420328703999147,11.534479869293452,4,278.232,-0.86283,4,8,5,1,,,,31.85944700467021,9,5,4,5,2,1,,,,,19.453382220221062,11.559694625660402,61.3406237343054,22.55489841633335,20,16,2,1.2950254648686854,1.199979528604006,8.023705378439566,7.115590466405298,28,64.70600084283734,4,1.103328486481668,1.3287162514659092,ZINCk500000468se_m01_t06,SER5;PRO6;HIS8;HIS8,1,0.4205770239323514
109,native_first,ZINCk700000drsVz,CS(=O)(=O)c1sccc1CNC(=O)c1c[nH]c(=O)cn1,89,95,95,1,1,1,17.857142857142858,18.287822287125632,0.7126655316449871,13.033100592883432,5,313.36,0.1648999999999999,2,6,4,1,,,,24.308867652466137,8,3,5,3,2,1,,,,,15.65711106217067,9.813484451237574,38.70436225699383,17.820050209744537,116,16,3,1.607894561849043,1.234881483540446,9.390882812600733,9.45124036098367,28,64.70600084283734,4,1.17357839037802,1.3744568017080052,ZINCk700000drsVz_m01_t06,SER5;PRO6;HIS8;HIS8,3,61.280120284207904
110,native_first,ZINCk800000JTrPk,CN(C)c1cncc(C(=O)NCCc2cn(C)cn2)n1,212,244,238,0,0,1,14.285714285714286,15.362996609921524,0.7296605606331911,11.209772719401151,4,274.328,0.2485999999999995,1,6,5,1,,,,21.88062174122295,7,3,4,3,2,1,,,,,11.65243114528203,7.434772585801285,26.928848318119304,14.20947879426726,217,16,5,1.4556647079126646,1.228719669691653,6.980676614770233,6.645258337856827,28,64.70600084283734,4,1.210905014031349,1.7059430147740746,ZINCk800000JTrPk_m01_t02,SER5;PRO6;HIS8;HIS8,0,88.67468024077513
111,native_first,ZINCf50000026AWG,CC[S@@](=O)Cc1nc(-c2nn[nH]n2)no1,225,264,258,0,0,1,14.285714285714286,14.697370704119452,0.7438560695529843,10.932728404729474,4,228.237,-0.4817000000000002,1,7,4,1,,,,20.794972855386707,6,3,3,3,2,1,,,,,6.619994726030365,3.691875422832568,32.0,10.16373925836945,267,16,0,1.2471889850937965,1.2484389618795022,9.390882812600733,8.659326215281192,28,64.70600084283734,4,1.2262879337708774,1.5057659216739532,ZINCf50000026AWG_m01_t03,SER5;PRO6;HIS8;HIS8,2,7.2001178531489165
112,native_first,ZINCk800000JSpFH,CC(C)c1nccnc1C(=O)N(C)Cc1nc(O)n[nH]1,214,168,162,0,1,1,14.285714285714286,15.544432503477918,0.7192397778279591,11.180174180263164,4,276.29999999999995,0.6958999999999999,2,6,4,1,,,,24.308867652466137,8,3,5,3,2,1,,,,,14.674894532728183,9.6020215704469,31.111510360522228,17.08338781266267,143,16,1,1.402240256256594,1.330957337095579,8.023705378439566,7.662061633614341,28,64.70600084283734,4,1.29913265882259,1.6908257661244817,ZINCk800000JSpFH_m01_t07,SER5;PRO6;HIS8;HIS8,0,96.8355461362507
113,native_first,ZINCf50000008Jbu,CC(=O)C(=O)CSc1nnc2nc[nH]n12,220,248,242,0,0,1,10.714285714285714,11.711653070165411,0.9486010603839204,11.109686521207507,3,225.23300000000003,-0.2974,1,7,4,1,,,,21.88062174122295,7,3,4,3,2,1,,,,,11.36783876948204,6.609236216825985,40.59838160136288,13.996034512417266,227,16,13,0.322233922627633,0.5006788521451133,5.471457575454651,6.1336974252319845,28,64.70600084283734,4,1.3072763585248,1.6499325078932383,ZINCf50000008Jbu_m01_t05,SER5;PRO6;HIS8;HIS8,1,48.66901957411178
114,native_first,ZINCj800000JaoGi,NC(=O)c1noc(CNC(=O)c2ccncc2Br)n1,40,82,82,1,1,1,14.285714285714286,16.17753992324311,0.8595416159961103,13.905268808465973,4,326.11,0.2559999999999989,2,6,4,1,,,,24.308867652466137,8,3,5,3,2,1,,,,,16.47529661188174,10.448542245450284,38.93059490084987,18.433689372027835,98,16,14,0.9473388686649168,0.721614829201028,11.619609545935706,10.77650757682833,28,64.70600084283734,4,1.390440753025216,1.7620917830288862,ZINCj800000JaoGi_m01_t03,SER5;PRO6;HIS8;HIS8,3,60.88012620893722
115,native_first,ZINCj800000FCplr,Cc1cnc(CN(C)CC(=O)c2cn(C)nn2)cn1,104,183,177,1,0,1,14.285714285714286,15.362996609921524,0.8262606670002597,12.693839826036486,4,260.301,0.2282199999999998,0,7,5,1,,,,22.49977081227017,7,4,3,4,2,1,,,,,9.330090011839411,5.934341667686698,21.81048118548118,12.622510211947102,251,16,10,0.9356258653247116,0.9310872844922632,6.980676614770233,6.086986027493728,28,64.70600084283734,4,1.4302147397950595,1.372747926903913,ZINCj800000FCplr_m01_t03,SER5;PRO6;HIS8;HIS8,0,111.3880389133012
116,native_first,ZINCj600001bPpQC,Cn1c(S(=O)(=O)NCc2cnc(N)cn2)cnc1Br,194,174,168,0,1,1,14.285714285714286,16.21068034427277,0.706375980995973,11.450835230797816,4,347.19800000000004,0.0333000000000002,2,7,4,1,,,,24.308867652466137,8,3,5,3,2,1,,,,,14.107677252815732,8.819831977981535,35.228712174524986,16.657974852728337,158,16,2,1.1888625956278651,1.4881217763318215,10.319912257378936,9.36867030078983,28,64.70600084283734,4,1.4424720842648784,1.7320380119589105,ZINCj600001bPpQC_m01_t02,SER5;PRO6;HIS8;HIS8,2,-79.369927480131
117,native_first,ZINCj700000xcgLi,Cn1cnc(Br)c1C(=O)NCc1nc(C(N)=O)co1,35,89,89,1,1,1,17.857142857142858,18.287822287125632,0.7732431897954036,14.140934039708496,5,328.1260000000001,0.1994999999999996,2,6,4,1,,,,24.308867652466137,8,3,5,3,2,1,,,,,16.078951336438113,10.625085607049352,33.036737648549185,18.13643041544512,108,16,11,1.4463572716753306,0.971933549161404,9.390882812600733,9.455686292246684,28,64.70600084283734,4,1.4546991430706853,1.666561055864921,ZINCj700000xcgLi_m01_t02,SER5;PRO6;HIS8;HIS8,3,-47.43786115346398
118,native_first,ZINCj800000Ghtwb,CSc1snnc1C(=O)NCc1nc(C(=O)O)no1,160,99,99,1,1,1,14.285714285714286,16.17753992324311,0.7341495826172123,11.87673418242222,4,301.309,0.2711999999999999,2,9,5,1,,,,24.308867652466137,8,3,5,3,2,1,,,,,15.519999266221111,10.149679112244767,32.959025206068574,17.717216362782366,121,16,10,1.2015664854790102,1.2894700573363669,11.619609545935706,10.577702569569675,28,64.70600084283734,4,1.6812741261421682,1.9501556771171025,ZINCj800000Ghtwb_m01_t02,SER5;PRO6;HIS8;HIS8,2,66.64752984881748
119,native_first,ZINCk7000004h24p,OCCn1ncc2c(NOC[C@@H]3CCOC3)ncnc21,136,120,120,1,1,1,14.285714285714286,16.291409824659645,0.7509358456656713,12.233803613766815,4,279.29999999999995,0.1985999999999992,2,8,6,1,,,,24.308867652466137,8,3,5,3,2,1,,,,,13.941783434656132,8.74087006283073,34.42508710801394,16.533554489108635,162,16,6,1.230379791507891,1.2204843487083468,12.609273135276275,11.90774121917146,28,64.70600084283734,4,1.7712160860122017,2.1705574282516653,ZINCk7000004h24p_m01_t03,SER5;PRO6;HIS8;HIS8,2,28.422806523874435
120,native_first,ZINCj8000002rLl9,O=C(NCc1cn(C2COC2)nn1)c1cc(Br)n[nH]1,243,163,157,0,1,1,14.285714285714286,15.515825311824331,0.6770365892761213,10.504781448921658,4,327.142,0.2649999999999997,2,6,4,1,,,,24.308867652466137,8,3,5,3,2,1,,,,,16.229919681869674,10.273282590049524,38.6259541984733,18.24965667451879,105,16,15,1.6594708121434782,1.424612220617308,9.17740627846452,9.409528245088952,28,64.70600084283734,4,1.8099449802205292,2.320362547627291,ZINCj8000002rLl9_m01_t03,SER5;PRO6;HIS8;HIS8,0,-58.745268027116985
121,native_first,ZINCk7000018TgPn,COCCN1CC[C@@H](CNc2nn[nH]c3ncnc2-3)C1,39,100,100,1,1,1,17.857142857142858,20.63883892990972,0.674729359795417,13.925630578098716,5,277.3320000000001,0.0797000000000003,2,7,6,1,,,,24.308867652466137,8,3,5,3,2,1,,,,,15.514110797326678,10.199536449572305,32.3926235786249,17.712800011111543,122,16,11,2.055416113300099,1.137220911847662,12.609273135276275,12.902483272891098,28,64.70600084283734,4,1.881175681090655,2.037338958031704,ZINCk7000018TgPn_m01_t02,SER5;PRO6;HIS8;HIS8,1,69.24104154475478
122,native_first,ZINCk600000wI9FZ,COC(=O)c1nnc(CCNC(=O)c2cn(C)cn2)s1,110,191,185,1,0,1,17.857142857142858,18.287822287125632,0.6884152686368923,12.589616092575335,5,295.324,0.0306999999999999,1,8,5,1,,,,21.88062174122295,7,3,4,3,2,1,,,,,12.981933469244703,8.398648545651447,28.576751117734723,15.206605537239264,181,16,6,1.6935645798592414,1.2699846104300658,9.390882812600733,8.593085119250029,28,64.70600084283734,4,1.939389626393743,2.1403235775086102,ZINCk600000wI9FZ_m01_t01,SER5;PRO6;HIS8;HIS8,0,57.07946637021779
123,native_first,ZINCk800000JUvI5,O=C(O)Cc1nnc(CNC(=O)CCc2csnn2)s1,73,67,67,1,1,1,17.857142857142858,19.00310044760335,0.7017319369866027,13.335082485847678,5,313.364,0.2656999999999996,2,8,7,1,,,,24.308867652466137,8,3,5,3,2,1,,,,,18.4742446043888,11.641982703093856,44.717114568599705,19.93290036640813,53,16,9,1.4595796513223631,1.3036727859974746,12.64932840114446,11.5487522135546,28,64.19404341937518,4,0.6926536818299198,0.5904852637756067,ZINCk800000JUvI5_m01_t02,SER5;PRO6;HIS8;LEU4,3,-13.934759486088106
124,native_first,ZINCk600000y8RkA,O=C(O)c1cc([N+](=O)[O-])cnc1NCCC(CO)CO,176,130,127,0,1,1,14.285714285714286,15.544432503477918,0.74904429037364,11.64346841382856,4,285.25600000000003,0.0907999999999999,4,7,8,1,,,,33.75985428051273,10,5,5,5,2,1,,,,,18.67032567140303,12.144176581644665,40.35860132720776,22.442707823680458,21,16,10,1.337229484877606,1.083142222383222,8.023705378439566,6.886682170663424,28,64.19404341937518,4,0.8087065842750668,0.8540751001335978,ZINCk600000y8RkA_m01_t04,SER5;PRO6;HIS8;LEU4,2,28.63604757754995
125,native_first,ZINCk700000JTfxs,CC[S@](=O)CC(=O)Nc1ccc2oc(=O)nc(O)c2c1,117,181,175,1,0,1,14.285714285714286,16.17753992324311,0.7700102873766078,12.456872165342974,4,296.30400000000003,0.6006999999999998,2,6,4,1,,,,23.2232187666299,7,3,4,3,2,1,,,,,12.201625909202104,7.1883285972241975,40.32553326965933,14.957024123559052,195,16,2,1.732611039898552,0.7515449934497815,11.619609545935706,11.675198992081969,28,64.19404341937518,4,0.9585996345339496,0.8138699362848848,ZINCk700000JTfxs_m01_t02,SER5;PRO6;HIS8;LEU4,2,-31.936211133698784
126,native_first,ZINCk8000009Lyww,CCN(CCNC(=O)c1cnnn1C)c1nc(C)ns1,204,254,248,0,0,1,14.285714285714286,15.302104653171591,0.7374985728734549,11.285280343674303,4,295.372,0.2313199999999997,1,8,6,1,,,,21.88062174122295,7,3,4,3,2,1,,,,,10.63221018401564,6.849286601121678,23.748999815350533,13.444313073317463,243,16,2,1.2965962478297983,1.2364643434795506,6.981687475102268,6.132104275321353,28,64.19404341937518,4,0.9950787833811912,0.8854517357701646,ZINCk8000009Lyww_m01_t01,SER5;PRO6;HIS8;LEU4,0,-30.772231309087797
127,native_first,CHEMBL2364384,COc1ccc(N2C[C@@H](C)N[C@@H](C)C2)cc1NS(=O)(=O)c1ccc2c(Cl)cccc2c1,236,157,151,0,1,1,14.285714285714286,15.544432503477918,0.6832709479639371,10.621059132212793,4,459.9990000000002,4.489200000000003,2,5,5,1,,,,24.862065897148263,8,3,5,3,2,1,,,,,15.281043042475275,9.988893699322189,32.49925969795677,17.676298756143524,123,16,13,1.4266130134013553,1.5171982260630343,8.023705378439566,7.366209396945863,28,64.19404341937518,4,1.056647847401722,1.0418163933891689,CHEMBL2364384_m02_t01,SER5;PRO6;HIS8;LEU4,2,122.59119482252596
128,native_first,ZINCk800000ds8tC,Cc1nc(C(N)=O)ccc1NC(=O)[C@H](C)n1cncn1,68,91,91,1,1,1,14.285714285714286,16.17753992324311,0.8260821213868395,13.363976498612956,4,274.284,0.2801199999999995,2,6,4,1,,,,24.308867652466137,8,3,5,3,2,1,,,,,16.021056444835082,10.224600194969575,36.99267658870776,18.09300924674285,110,16,9,0.9775327432722382,0.984799370755238,11.619609545935706,11.524340942707736,28,64.19404341937518,4,1.0744795383713504,0.9572745616145802,ZINCk800000ds8tC_m01_t07,SER5;PRO6;HIS8;LEU4,3,2.666222297781882
129,native_first,ZINCk8000018T2V9,Cn1ncc(Br)c1CNC(=O)c1nscc1S(N)(=O)=O,149,177,171,1,0,1,14.285714285714286,15.362996609921524,0.7865189639849609,12.083288177339943,4,380.2490000000001,0.2165000000000003,2,7,4,1,,,,24.308867652466137,8,3,5,3,2,1,,,,,12.41284198695283,7.957417594215868,28.205128205128226,15.386848403331156,176,16,11,1.3802715528583738,0.938957636649466,6.980676614770233,7.044910989890866,28,64.19404341937518,4,1.075756008862721,1.2572294133351485,ZINCk8000018T2V9_m01_t01,SER5;PRO6;HIS8;LEU4,2,-103.46693583964152
130,native_first,ZINCk700000gssfs,CS(=O)(=O)NC(=O)CNC(=O)c1cncc2ccsc12,193,170,164,0,1,1,14.285714285714286,16.17753992324311,0.7079300340867307,11.452566389300944,4,313.36,0.1019000000000008,2,6,4,1,,,,24.308867652466137,8,3,5,3,2,1,,,,,14.499918512677246,9.034603362984448,36.70227920227918,16.952155797624467,147,16,15,1.449685028122225,1.3423611272567777,11.619609545935706,10.974070880555962,28,64.19404341937518,4,1.0818127270063351,1.0264976955575549,ZINCk700000gssfs_m01_t02,SER5;PRO6;HIS8;LEU4,1,-19.36074506430241
131,native_first,ZINCj8000018Tg4a,COC[C@H](CCO)NC(=O)c1nc2nccnc2s1,32,113,113,1,1,1,17.857142857142858,18.287822287125632,0.7751533461711676,14.175866640049088,5,282.325,0.2134999999999994,2,7,6,1,,,,24.308867652466137,8,3,5,3,2,1,,,,,14.557535422141015,9.354635509837747,32.800845476901834,16.995368479722295,145,16,9,1.2829761124432328,1.0405529300877592,9.390882812600733,8.734670191549327,28,64.19404341937518,4,1.1186582460921068,1.3024547471074237,ZINCj8000018Tg4a_m01_t01,SER5;PRO6;HIS8;LEU4,3,84.97219115302704
132,native_first,ZINCk8000004i2ku,CN(C)Cc1ccc(C(=O)NCc2ncn(C)n2)cn1,242,245,239,0,0,1,14.285714285714286,15.302104653171591,0.6868700036212135,10.51055667853616,4,274.328,0.2016999999999995,1,6,5,1,,,,21.88062174122295,7,3,4,3,2,1,,,,,11.398500331536958,7.573857970541496,23.0263157894737,14.019030683958457,224,16,15,1.6773618198076006,1.3337027437845084,6.981687475102268,6.548057267617559,28,64.19404341937518,4,1.12295566292495,0.861377391919152,ZINCk8000004i2ku_m02_t01,SER5;PRO6;HIS8;LEU4,0,66.51685121887795
133,native_first,ZINCk700000drzz2,Cc1ncc([N+](=O)[O-])n1CC[S@](=O)Cc1ncn(C)n1,234,134,130,0,1,1,14.285714285714286,15.362996609921524,0.696066753961892,10.693671181395626,4,298.328,0.1771199999999997,0,8,6,1,,,,32.724735634017044,8,7,1,7,2,1,,,,,10.64884659836962,6.597475543056257,27.593331433456825,16.16781885728148,165,16,9,1.52079809695506,1.3515491466644012,6.980676614770233,7.749596190161895,28,64.19404341937518,4,1.1481458433478031,1.324807079085624,ZINCk700000drzz2_m01_t03,SER5;PRO6;HIS8;LEU4,1,85.72865475735522
134,native_first,ZINCk800000JUoEf,O=C(Nc1cncc([N+](=O)[O-])c1)C1CN(C2COC2)C1,185,137,133,0,1,1,14.285714285714286,16.17753992324311,0.7142271961961065,11.554438980728502,4,278.26800000000003,0.2588999999999999,1,6,4,1,,,,31.82120161551783,9,6,3,6,2,1,,,,,15.36253401715105,9.325274104771475,43.57032307989942,19.477200916742746,64,16,10,1.503594686234002,1.2487838410693028,11.619609545935706,10.863674763384456,28,64.19404341937518,4,1.1490140343812534,1.2989784511685498,ZINCk800000JUoEf_m01_t01,SER5;PRO6;HIS8;LEU4,2,79.52223384095154
135,native_first,ZINCi800000Bn9ye,O=[N+]([O-])c1ncc(NCC[C@@H](O)CCO)cc1O,166,21,21,1,1,1,14.285714285714286,16.21068034427277,0.7269085509880195,11.78368215958529,4,257.246,0.2406999999999997,4,7,7,1,,,,30.205494371073204,9,4,5,4,2,1,,,,,15.38272412811676,9.925106774226949,34.17471539048756,19.08841668885587,74,16,8,1.0794940613530697,1.329346907376122,10.319912257378936,8.88189524235634,28,64.19404341937518,4,1.1589342358074306,1.277455126530224,ZINCi800000Bn9ye_m01_t07,SER5;PRO6;HIS8;LEU4,2,141.98951532929715
136,native_first,ZINCk800000JT7sU,CCN(CC(N)=O)C(=O)c1cc2c(C)nc(C)cn2n1,61,213,207,1,0,1,17.857142857142858,18.287822287125632,0.7368846272387212,13.476015109056547,5,275.312,0.2935399999999992,1,5,4,1,,,,21.88062174122295,7,3,4,3,2,1,,,,,10.955652183562352,7.131370894025976,23.624645368200323,13.686894572977504,234,16,11,1.554919238044266,1.1127506817492052,9.390882812600733,9.666460787481777,28,64.19404341937518,4,1.1814818754715988,1.058321846142108,ZINCk800000JT7sU_m01_t04,SER5;PRO6;HIS8;LEU4,2,5.930375468859655
137,native_first,ZINCk700000drwBy,C[S@](=O)(=NCC(=O)O)NC(=O)c1cc2cccn2cn1,167,165,159,0,1,1,17.857142857142858,18.232463066504607,0.6451276540450777,11.76226612555764,5,296.30800000000005,0.1614999999999989,2,6,4,1,,,,24.308867652466137,8,3,5,3,2,1,,,,,15.344840090836056,9.692759888013814,36.80911680911681,17.585846981243577,124,16,13,1.6847409122043948,1.518452316224089,11.827453064798013,10.724963921690664,28,64.19404341937518,4,1.1891018598879737,1.049771614083532,ZINCk700000drwBy_m01_t04,SER5;PRO6;HIS8;LEU4,1,-42.353304125894006
138,native_first,ZINCk800000PwEUu,C=C[C@@H](NC(=O)c1cnc(O)c2c1ccn2C)C(=O)O,113,50,50,1,1,1,17.857142857142858,18.287822287125632,0.6834886925574418,12.499519744750344,5,275.264,0.6478999999999999,3,5,4,1,,,,26.721918824471818,9,3,6,3,2,1,,,,,17.338318150091915,11.926025351934994,31.744812994813003,19.68421831868689,60,16,13,1.872095702169416,1.208926028330198,9.390882812600733,9.828315473251529,28,64.19404341937518,4,1.1964982582003116,1.4867582843625775,ZINCk800000PwEUu_m02_t06,SER5;PRO6;HIS8;LEU4,1,70.79045885593139
139,native_first,ZINCk700000FCG8P,O=C(NCc1nnc2n1CCNC2=O)c1ccc(I)o1,125,90,90,1,1,1,17.857142857142858,18.287822287125632,0.6750070718455604,12.344409372464652,5,387.13700000000006,0.1491,2,6,3,1,,,,24.308867652466137,8,3,5,3,2,1,,,,,16.022510450996798,10.625085607049352,32.56533904863964,18.094099751364134,109,16,5,1.5572003115909607,1.516260813813395,9.390882812600733,9.531002785408852,28,64.19404341937518,4,1.2014600815810352,1.3041754300603894,ZINCk700000FCG8P_m01_t03,SER5;PRO6;HIS8;LEU4,0,-3.209783519661236
140,native_first,ZINCk600000JUaNj,NC[C@H](N)CCC(=O)Nc1cc(CO)cc([N+](=O)[O-])c1,66,16,16,1,1,1,10.714285714285714,13.987759907618242,0.9567538794504812,13.382843556435656,3,282.3,0.0918000000000002,4,6,7,1,,,,30.205494371073204,9,4,5,4,2,1,,,,,17.096749798478466,10.747300379339302,41.78038484193993,20.373935941627156,46,16,8,0.419881790877946,0.4457013346614691,9.979418419928084,9.699382180009588,28,64.19404341937518,4,1.2031170837680265,1.2376957291834076,ZINCk600000JUaNj_m02_t03,SER5;PRO6;HIS8;LEU4,0,107.65311670913248
141,native_first,ZINCk8000018Slw3,Cc1ccnc(C(=O)NCc2cnc(C(=O)O)nc2)n1,85,112,112,1,1,1,17.857142857142858,18.287822287125632,0.7145472384488625,13.06751291250918,5,273.252,0.2032199999999996,2,6,4,1,,,,24.308867652466137,8,3,5,3,2,1,,,,,14.789623289290551,9.703130054808025,31.084454728125195,17.169434380084446,142,16,10,1.4663883963356408,1.2990473585709938,9.390882812600733,8.844433082356627,28,64.19404341937518,4,1.208745377567613,0.9806638491602874,ZINCk8000018Slw3_m01_t04,SER5;PRO6;HIS8;LEU4,2,83.8992683901495
142,native_first,ZINCk7000004fo8S,COC(=O)c1cnc(-n2cc(CCNC(C)=O)nn2)s1,111,194,188,1,0,1,17.857142857142858,18.287822287125632,0.6867958706908756,12.560000830726448,5,295.324,0.1889999999999996,1,8,5,1,,,,21.88062174122295,7,3,4,3,2,1,,,,,12.86179492815094,8.062234431442858,31.78215414539266,15.116501631418942,186,16,6,1.9870271272868243,1.1059015851755996,9.390882812600733,9.070373500341802,28,64.19404341937518,4,1.220887006541867,1.1749166361959402,ZINCk7000004fo8S_m01_t02,SER5;PRO6;HIS8;LEU4,2,24.586925858984568
143,native_first,ZINCk50000048fa4,O=C1C[C@@H](C[C@H](O)Cn2nc([N+](=O)[O-])cc2[N+](=O)[O-])N1,238,122,121,0,1,1,14.285714285714286,15.544432503477918,0.678565592330606,10.547917049165616,4,285.216,-0.6610000000000003,2,8,6,1,,,,41.43257879686414,11,8,3,8,3,1,,,,,18.88507812455024,12.813338190030876,35.8936981385961,24.52195329262872,13,16,11,1.7024445323191957,1.361668431244329,8.023705378439566,7.495719842580305,28,64.19404341937518,4,1.243684959584766,1.6245326444349544,ZINCk50000048fa4_m01_t02,SER5;PRO6;HIS8;LEU4,2,40.00451097794995
144,native_first,ZINCk700000x2z5n,NC(=O)CS(=O)(=O)NC(=O)c1cc2ncc(Br)cc2o1,8,39,39,1,1,1,17.857142857142858,18.287822287125632,0.844212584847584,15.438809724247584,5,362.161,0.1352000000000002,2,6,4,1,,,,27.596833880108463,9,4,5,4,2,1,,,,,16.749586027085694,10.81589536602996,37.10654936461388,19.46139799034139,65,16,4,1.2224964376968288,0.6853282279738171,9.390882812600733,9.518536052553548,28,64.19404341937518,4,1.2539917117109514,1.3090040293992995,ZINCk700000x2z5n_m01_t03,SER5;PRO6;HIS8;LEU4,1,-76.32145784407457
145,native_first,ZINCk8000004i2XY,CN(C)[C@H](C(=O)NCCc1nncn1C)c1cscn1,80,209,203,1,0,1,14.285714285714286,15.302104653171591,0.8577714630308235,13.12570869580177,4,294.384,0.2331999999999998,1,7,6,1,,,,21.88062174122295,7,3,4,3,2,1,,,,,11.30008334979828,7.151044183161316,26.91780821917808,13.945217947654449,229,16,12,1.1008257423508925,0.6972012843428411,6.981687475102268,6.964281319768026,28,64.19404341937518,4,1.2621408457670549,1.628743487552026,ZINCk8000004i2XY_m02_t01,SER5;PRO6;HIS8;LEU4,2,43.11089740169711
146,native_first,ZINCk8000009MgDE,Cn1nncc1CN1CC[C@@H]1CNC(=O)c1ccns1,210,253,247,0,0,1,14.285714285714286,16.017382813649313,0.7028186534288543,11.257315420543485,4,292.368,0.2758999999999998,1,7,5,1,,,,21.88062174122295,7,3,4,3,2,1,,,,,10.64550573639885,6.889454769550131,23.406408777150254,13.454284737604874,242,16,2,1.486358586890182,1.2968884258615845,8.254082929072135,7.259200233998576,28,64.19404341937518,4,1.2692321986287496,1.0215674050512324,ZINCk8000009MgDE_m01_t01,SER5;PRO6;HIS8;LEU4,1,3.884262594422289
147,native_first,ZINCk700000PCx9I,O=[N+]([O-])c1ccc(S(=O)(=O)Nc2cnn(CCO)c2)o1,190,126,124,0,1,1,14.285714285714286,15.544432503477918,0.7395992057850825,11.49664993395209,4,302.26800000000003,0.1774,2,8,6,1,,,,35.147413232312545,10,6,4,6,2,1,,,,,20.138689731095464,12.863743483764043,46.35325416910001,23.890870606399734,17,16,12,1.1259767729473098,1.3053160207203465,8.023705378439566,6.980057169713895,28,64.19404341937518,4,1.2750677172646032,1.3896557071427162,ZINCk700000PCx9I_m01_t01,SER5;PRO6;HIS8;LEU4,2,40.782857279893015
148,native_first,ZINCk800000JSaDi,Cc1nccnc1CNC(=O)c1cnc(C(=O)O)nc1,135,38,38,1,1,1,17.857142857142858,18.287822287125632,0.6693211279765254,12.240425841453169,5,273.252,0.2032199999999995,2,6,4,1,,,,27.596833880108463,9,4,5,4,2,1,,,,,17.721694288479952,12.10623767317858,33.053501745738345,20.190479186387083,49,16,14,1.8155994069729129,1.2664998106958043,9.390882812600733,10.42913185266379,28,64.19404341937518,4,1.277531072589493,1.852305287850811,ZINCk800000JSaDi_m01_t03,SER5;PRO6;HIS8;LEU4,3,130.82048988368408
149,native_first,ZINCk6000004bJA5,CC(CO)(CO)CNc1ccc([N+](=O)[O-])c(C(N)=O)c1,84,17,17,1,1,1,14.285714285714286,16.21068034427277,0.8062584779556851,13.069998460999503,4,283.284,0.0964999999999997,4,6,7,1,,,,30.205494371073204,9,4,5,4,2,1,,,,,16.292271773764345,9.991254573411966,44.11104718066744,19.77057742309156,55,16,7,0.8337286288507424,1.116414851185719,10.319912257378936,9.461471485235188,28,64.19404341937518,4,1.2795282777368098,1.4446300683861115,ZINCk6000004bJA5_m01_t01,SER5;PRO6;HIS8;LEU4,2,11.1782957996579
150,native_first,ZINCk7000004f8Dd,CNC(=O)Cc1nc(CS(=O)(=O)c2nccn2C)cs1,44,208,202,1,0,1,17.857142857142858,18.287822287125632,0.7542470488229455,13.793535989462995,5,314.39200000000005,0.139,1,7,5,1,,,,21.88062174122295,7,3,4,3,2,1,,,,,11.352532325000055,7.128571530919743,27.861681329423263,13.98455467905578,228,16,0,1.4116518021797804,1.0765945164692456,9.390882812600733,8.737363058689011,28,64.19404341937518,4,1.2864500132938466,1.2830777506581346,ZINCk7000004f8Dd_m01_t04,SER5;PRO6;HIS8;LEU4,2,52.37752291341479
151,native_first,ZINCk600000PBwsY,C[S@](=O)CC[C@H](NC(=O)c1cc([N+](=O)[O-])sn1)C(=O)O,217,123,122,0,1,1,14.285714285714286,15.544432503477918,0.7172489254651453,11.149227510085014,4,321.33600000000007,0.0029000000000001,2,7,7,1,,,,36.65287227247688,10,7,3,7,3,1,,,,,17.430380830993826,11.219948772539151,39.03929084810733,22.23600369136459,25,16,13,1.6080059845322026,1.1213780521862138,8.023705378439566,7.0777133373698335,28,64.19404341937518,4,1.2918055832503657,0.8898916634818933,ZINCk600000PBwsY_m02_t06,SER5;PRO6;HIS8;LEU4,0,56.21870477177568
152,native_first,ZINCk600000PBfsm,CONC(=O)c1cnn(CCNC(=O)c2cncs2)c1,121,35,35,1,1,1,17.857142857142858,18.287822287125632,0.6771159890719987,12.382976875920011,5,295.324,0.0608,2,7,6,1,,,,27.596833880108463,9,4,5,4,2,1,,,,,20.29842317192751,13.944509595042176,37.28976697061802,22.12302584897275,27,16,13,1.5891432492388555,1.4477776139625729,9.390882812600733,8.794386304183137,28,64.19404341937518,4,1.3061004546153825,1.2354599312368046,ZINCk600000PBfsm_m01_t01,SER5;PRO6;HIS8;LEU4,2,9.33658828817581
153,native_first,ZINCk8000018T3g5,Cn1ncc(CNC(=O)c2nscc2S(N)(=O)=O)c1Br,76,178,172,1,0,1,14.285714285714286,15.362996609921524,0.8609513015215056,13.226791926582411,4,380.2490000000001,0.2165000000000003,2,7,4,1,,,,24.308867652466137,8,3,5,3,2,1,,,,,12.032475503016226,7.649732658265745,28.174321338383844,15.101573540378704,188,16,5,0.9336927671772964,0.7419662142686357,6.980676614770233,6.246720672178615,28,64.19404341937518,4,1.310331446751516,1.5126083082821218,ZINCk8000018T3g5_m01_t01,SER5;PRO6;HIS8;LEU4,0,-102.87429844249752
154,native_first,ZINCj700000foZg6,CC(C)N(C)CCNC(=O)c1cnn2cnnc2c1,179,256,250,0,0,1,14.285714285714286,15.302104653171591,0.7598195282361193,11.626837938592566,4,262.317,0.1943000000000004,1,6,5,1,,,,21.88062174122295,7,3,4,3,2,1,,,,,10.608113991517111,6.553796371934327,27.81516703243112,13.426240928943573,245,16,15,1.0116671006584017,1.2051447881825583,6.981687475102268,5.697127754388714,28,64.19404341937518,4,1.3112800486397784,1.225404839050919,ZINCj700000foZg6_m01_t01,SER5;PRO6;HIS8;LEU4,0,28.462011627816192
155,native_first,ZINCk7000004gqk0,Cn1cc(I)c(CNC(=O)c2ccc(S(N)(=O)=O)o2)n1,230,166,160,0,1,1,14.285714285714286,16.17753992324311,0.6677091311941185,10.801891127006822,4,410.19300000000015,0.1951,2,6,4,1,,,,24.308867652466137,8,3,5,3,2,1,,,,,15.196770848928168,9.866462742570985,33.05407011289365,17.47479504981266,128,16,11,1.3038941751016255,1.3992697682551265,11.619609545935706,9.578257493108582,28,64.19404341937518,4,1.3328832243816071,1.035142713635823,ZINCk7000004gqk0_m01_t01,SER5;PRO6;HIS8;LEU4,1,-25.986823366269192
156,native_first,ZINCk7000004goUF,Cn1c(C(=O)Nc2nc(CC(N)=O)cs2)cccc1=O,119,88,88,1,1,1,14.285714285714286,16.17753992324311,0.7672579684224018,12.412346415579806,4,292.32000000000005,0.1218999999999997,2,6,4,1,,,,24.308867652466137,8,3,5,3,2,1,,,,,16.147618832616885,10.17802888557681,39.05270655270655,18.1879310375792,107,16,10,1.269305952580592,1.0473900863919172,11.619609545935706,10.631822915228522,28,64.19404341937518,4,1.3335890498722125,0.8024899805140183,ZINCk7000004goUF_m01_t02,SER5;PRO6;HIS8;LEU4,1,-6.638501336235767
157,native_first,ZINCk8000009Mfcx,Cc1nsc(N(C)CCCNC(=O)c2cnn(C)n2)n1,216,247,241,0,0,1,14.285714285714286,15.362996609921524,0.7257494741388608,11.149686710847648,4,295.372,0.2313199999999995,1,8,6,1,,,,21.88062174122295,7,3,4,3,2,1,,,,,11.391418688873197,7.345947194472973,25.354151268785422,14.013719451960633,226,16,10,1.4242311588819094,1.2838747191981297,6.980676614770233,7.152293519704078,28,64.19404341937518,4,1.3352611538389296,1.4184328722081156,ZINCk8000009Mfcx_m01_t01,SER5;PRO6;HIS8;LEU4,0,19.97481415902425
158,native_first,ZINCj7000002oGfY,Cn1nnc(Br)c1C(=O)NCc1ccc(C(N)=O)o1,154,94,94,1,1,1,14.285714285714286,16.17753992324311,0.7378228255278549,11.936158216256908,4,328.1260000000001,0.1994999999999999,2,6,4,1,,,,24.308867652466137,8,3,5,3,2,1,,,,,15.66383134438533,10.25884408529472,33.10621002928696,17.82509042140553,115,16,0,1.0124743778065934,1.1707127172333267,11.619609545935706,9.694677997100165,28,64.19404341937518,4,1.3681206782795174,1.678406950891098,ZINCj7000002oGfY_m01_t03,SER5;PRO6;HIS8;LEU4,0,-63.93171068588798
159,native_first,ZINCk7000004gjaB,Cc1nc(C2CN(c3cncc(OCCO)n3)C2)no1,189,231,225,0,0,1,14.285714285714286,15.362996609921524,0.7485294850789018,11.499655941693472,4,277.28399999999993,0.1429199999999997,1,8,5,1,,,,21.88062174122295,7,3,4,3,2,1,,,,,13.349564379202969,8.099392265418283,37.94840437922199,15.482328719707963,175,16,0,1.2592419156851566,1.0859346339087332,6.980676614770233,8.368121628392124,28,64.19404341937518,4,1.3723702773272903,1.4413477396051877,ZINCk7000004gjaB_m01_t01,SER5;PRO6;HIS8;LEU4,3,42.74912521259009
160,native_first,ZINCk800001bQcGS,O=c1c(NCc2ccns2)c(N[C@H]2CC[S@](=O)C2)c1=O,69,43,43,1,1,1,17.857142857142858,18.446183725157347,0.7242798694975039,13.360199541183944,5,311.3880000000001,0.2840999999999998,2,7,5,1,,,,26.777578676069417,8,4,4,4,2,1,,,,,13.337034977630957,8.02326315762657,39.49322143318269,16.697170902240572,157,16,0,1.2989217080923294,1.3615704342775898,9.17740627846452,8.688850409119429,28,64.19404341937518,4,1.3949401717435377,1.6394667569382382,ZINCk800001bQcGS_m01_t07,SER5;PRO6;HIS8;LEU4,0,110.86009895065106
161,native_first,ZINCk8000018Tp53,CS(=O)(=O)NCCNC(=O)c1ccc(-c2cnco2)o1,120,81,81,1,1,1,17.857142857142858,18.287822287125632,0.6784017910949968,12.40649139481303,5,299.30800000000005,0.2136,2,6,6,1,,,,24.308867652466137,8,3,5,3,2,1,,,,,16.48808700075221,10.334636391282718,40.75360264587762,18.44328216368069,97,16,3,1.9273200509121955,1.2070570731138186,9.390882812600733,9.748065531567375,28,64.19404341937518,4,1.3990122583828604,1.0180191697070236,ZINCk8000018Tp53_m01_t01,SER5;PRO6;HIS8;LEU4,2,-45.532069696233
162,native_first,ZINCj6000002laIu,CN(CCn1cnnc1)Cc1cn(C)nc1[N+](=O)[O-],250,139,135,0,1,1,10.714285714285714,11.711653070165411,0.883453811434106,10.346704543031583,3,265.277,0.0517999999999994,0,8,6,1,,,,30.306116149063676,8,6,2,6,2,1,,,,,9.182012345911756,5.724341286680655,23.1886278515492,14.463038296699732,204,16,1,0.6850841406199205,0.6624491273122187,5.471457575454651,4.297524721253728,28,64.19404341937518,4,1.414595793135669,1.5354404499418477,ZINCj6000002laIu_m02_t01,SER5;PRO6;HIS8;LEU4,1,77.57346381699591
163,native_first,ZINCk700000drleP,CN(CC(=O)NCc1nc(CO)cs1)c1cnccn1,145,70,70,1,1,1,17.857142857142858,18.287822287125632,0.6633300790841068,12.130862603995135,5,293.35200000000003,0.1779999999999995,2,7,6,1,,,,24.308867652466137,8,3,5,3,2,1,,,,,16.94687991745136,11.229638263684963,34.52351937606629,18.78737685120505,83,16,9,2.0197595360149894,1.2423235000527746,9.390882812600733,9.703690088976629,28,64.19404341937518,4,1.426371064551405,0.7315442786426579,ZINCk700000drleP_m01_t01,SER5;PRO6;HIS8;LEU4,1,63.597103866280186
164,native_first,ZINCk700000vkXoQ,Cn1nc(Br)c(CNC(=O)COCc2ccnn2C)n1,218,249,243,0,0,1,14.285714285714286,16.017382813649313,0.6958840456011658,11.146241152304867,4,343.185,0.1440999999999996,1,7,6,1,,,,21.88062174122295,7,3,4,3,2,1,,,,,11.099102972607657,7.10270865023105,25.37853107344633,13.794482664761482,232,16,12,1.4889841739390857,1.3893509391088017,8.254082929072135,7.589134146320552,28,64.19404341937518,4,1.4327352727431786,1.805356535212244,ZINCk700000vkXoQ_m01_t03,SER5;PRO6;HIS8;LEU4,2,1.509237046319971
165,native_first,ZINCj7000002nXp3,CO[C@H](C(=O)NCc1ccn(C)n1)c1cnn(C)c1,155,212,206,1,0,1,14.285714285714286,15.302104653171591,0.7798206881272458,11.932897780431402,4,263.301,0.1574999999999997,1,6,5,1,,,,21.88062174122295,7,3,4,3,2,1,,,,,11.022618936820248,6.928130069193064,26.94982613015401,13.73711963792092,233,16,8,1.2666544799218653,0.9699710835623075,6.981687475102268,5.991642930017803,28,64.19404341937518,4,1.4340503346929452,1.38758272143778,ZINCj7000002nXp3_m01_t01,SER5;PRO6;HIS8;LEU4,1,33.817451593630786
166,native_first,ZINCj700000d8xgb,Nc1ccc(CN[C@@H](CCO)C(=O)O)cc1[N+](=O)[O-],127,15,15,1,1,1,14.285714285714286,16.21068034427277,0.7597565624169197,12.316170772804208,4,269.257,0.1021999999999998,4,6,7,1,,,,30.205494371073204,9,4,5,4,2,1,,,,,17.112810347403524,10.91236933830944,39.63161021984551,20.385981353320943,45,16,1,1.1547844735042854,1.2422767142357458,10.319912257378936,9.840545435086442,28,64.19404341937518,4,1.438607013085174,1.5238329376920234,ZINCj700000d8xgb_m01_t01,SER5;PRO6;HIS8;LEU4,2,54.59910077562907
167,native_first,ZINCf500000099NR,CC[S@](=O)CCNC(=O)CCC[N+](=O)[O-],269,229,223,0,0,1,10.714285714285714,11.711653070165411,0.728471679506277,8.531607581818244,3,236.29299999999995,-0.0718999999999998,1,4,8,1,,,,23.49002715552681,6,4,2,4,2,1,,,,,5.836841725156703,3.4242425800762075,19.756725815684025,10.25013808274923,265,16,8,1.2301911847320313,1.4031847098279375,5.471457575454651,5.590623670086856,28,64.19404341937518,4,1.4474854407115427,1.1017519258411337,ZINCf500000099NR_m01_t03,SER5;PRO6;HIS8;LEU4,0,-51.79727871289583
168,native_first,ZINCk600000gqrRP,NC(=O)c1ccc([N+](=O)[O-])c(NCCC(CO)CO)c1,101,18,18,1,1,1,14.285714285714286,16.21068034427277,0.7876191138022107,12.767841686887037,4,283.28399999999993,0.0964999999999997,4,6,8,1,,,,30.205494371073204,9,4,5,4,2,1,,,,,16.181860342993755,10.34659771248203,37.1125611745514,19.68776885001361,59,16,13,1.532832647918444,0.8047480132999443,10.319912257378936,10.183106726654886,28,64.19404341937518,4,1.4714308656845094,1.322221943917243,ZINCk600000gqrRP_m01_t02,SER5;PRO6;HIS8;LEU4,2,56.82301874764204
169,native_first,ZINCk800000JTa1Z,CC(=O)c1sc(CNC(=O)Cn2nnc(C)n2)nc1C,75,210,204,1,0,1,17.857142857142858,18.287822287125632,0.7244909784059703,13.24936226171416,5,294.34000000000003,0.2654399999999997,1,8,5,1,,,,21.88062174122295,7,3,4,3,2,1,,,,,11.103745282943798,7.263915620652366,23.555678738605568,13.797964397513583,230,16,8,1.7507870230745226,1.0468294217995653,9.390882812600733,9.527862474454968,28,64.19404341937518,4,1.4762357505569823,1.28876629943674,ZINCk800000JTa1Z_m01_t04,SER5;PRO6;HIS8;LEU4,3,32.5241411257753
170,native_first,ZINCk800000EmsOa,Cn1cc(CNC(=O)[C@@H]2CCN2Cc2cnco2)cn1,148,202,196,1,0,1,14.285714285714286,16.17753992324311,0.747634218757132,12.094882421926176,4,275.31199999999995,0.2987999999999997,1,6,5,1,,,,21.88062174122295,7,3,4,3,2,1,,,,,11.87146542535116,7.643204832342973,26.57028506085109,14.373754504319107,207,16,8,1.0595853661850545,1.2884833348985338,11.619609545935706,10.522935180078862,28,64.19404341937518,4,1.500260324044663,1.7223170711063591,ZINCk800000EmsOa_m01_t03,SER5;PRO6;HIS8;LEU4,2,-3.607442919114927
171,native_first,ZINCk800000PBwvN,C[S@@](=O)CCCNc1cc(N2CCS(=O)CC2)ncn1,228,230,224,0,0,1,14.285714285714286,14.697370704119452,0.7374777713640868,10.838984191785832,4,316.4520000000001,0.2258000000000002,1,6,6,1,,,,22.62493008752904,6,4,2,4,2,1,,,,,7.01193474863336,4.097332797918743,24.29143561306223,10.91518358335728,262,16,5,1.0800263683890512,1.283042419914697,9.390882812600733,8.036128366138552,28,64.19404341937518,4,1.5017969874788517,1.27407298658511,ZINCk800000PBwvN_m01_t02,SER5;PRO6;HIS8;LEU4,2,-71.86954229650672
172,native_first,ZINCk600000PBNlG,NC(=O)Cn1cc(CCNC(=O)c2coc(Br)c2)nn1,70,65,65,1,1,1,17.857142857142858,18.287822287125632,0.7304310437519765,13.357993121135834,5,342.153,0.0913999999999993,2,6,6,1,,,,24.308867652466137,8,3,5,3,2,1,,,,,18.623960998812404,11.902710197457996,42.78246601031411,20.045187662225835,51,16,4,1.3380940962365848,1.2329299051302,9.390882812600733,8.428593764093138,28,64.19404341937518,4,1.5133284846217037,1.4312368487555434,ZINCk600000PBNlG_m01_t02,SER5;PRO6;HIS8;LEU4,1,-35.407217082596006
173,native_first,ZINCf5000000aohG,O=C(CCC[N+](=O)[O-])N1CC([N+](=O)[O-])C1,275,146,140,0,1,1,7.142857142857143,8.775587690887027,0.8565680458056651,7.5168879991793505,2,217.181,-0.4692,0,5,5,1,,,,29.206239294412327,7,6,1,6,2,1,,,,,8.06256901544514,4.620902646902889,31.593623082984784,13.348486585186937,246,16,3,0.7736007502452946,1.5472015004905826,3.8806106478233566,2.333409147332774,28,64.19404341937518,4,1.5233259828908614,1.8327675309852287,ZINCf5000000aohG_m01_t05,SER5;PRO6;HIS8;LEU4,1,-83.49491353351642
174,native_first,ZINCj700000JTEZC,COc1cc(N)cc(NC[C@H](CN)CO)c1[N+](=O)[O-],52,22,22,1,1,1,14.285714285714286,16.21068034427277,0.8419343125230797,13.648328011186695,4,270.289,0.1647000000000004,4,7,7,1,,,,30.205494371073204,9,4,5,4,2,1,,,,,13.555906934197228,8.512376756509251,33.265520534861494,17.718303793416222,120,16,14,0.945867260374904,0.8732018243639449,10.319912257378936,9.716867564307698,28,64.19404341937518,4,1.5473022299718635,1.574121474697998,ZINCj700000JTEZC_m01_t07,SER5;PRO6;HIS8;LEU4,2,-1.1279723897027258
175,native_first,ZINCk600000dqY1l,COc1cncc(CN(C)Cc2cc(O)nc(O)n2)c1,108,102,102,1,1,1,17.857142857142858,18.287822287125632,0.689322443367234,12.606206342827198,5,276.296,0.9233999999999998,2,7,5,1,,,,24.308867652466137,8,3,5,3,2,1,,,,,15.303261339902956,10.131149278214734,31.26405757984705,17.55466291804375,126,16,15,1.4831714363947734,1.4330508709480645,9.390882812600733,10.08164943394398,28,64.19404341937518,4,1.5504924618224567,2.085174355786567,ZINCk600000dqY1l_m02_t05,SER5;PRO6;HIS8;LEU4,0,-81.16048673145937
176,native_first,ZINCk500000gdi0R,COC(=O)c1cnc(CNC(=O)Cc2cnn(C)n2)s1,97,214,208,1,0,1,17.857142857142858,18.287822287125632,0.7053959300044192,12.900155409982531,5,295.324,-0.0829000000000004,1,8,5,1,,,,21.88062174122295,7,3,4,3,2,1,,,,,10.803565826151598,7.006027360419622,23.590568723312085,13.572829804919436,238,16,13,1.660582807624822,1.2011509523713422,9.390882812600733,10.054835299216323,28,64.19404341937518,4,1.5670359607086453,1.4212796756013557,ZINCk500000gdi0R_m01_t02,SER5;PRO6;HIS8;LEU4,3,34.10067530956432
177,native_first,ZINCk8000004jqlG,Cc1cc(COCC(=O)N(C)CCn2cncn2)no1,45,219,213,1,0,1,14.285714285714286,15.362996609921524,0.8976417211589192,13.790466719088595,4,279.3,0.2497199999999995,0,7,7,1,,,,19.21180458462784,6,3,3,3,2,1,,,,,9.058521392718845,5.560333248024298,24.425244177310283,11.596842190696094,256,16,11,0.685065599300972,0.7250336641115332,6.980676614770233,6.75964759824767,28,64.19404341937518,4,1.5680032901066117,1.101402693939452,ZINCk8000004jqlG_m01_t02,SER5;PRO6;HIS8;LEU4,1,43.86581026715091
178,native_first,ZINCk800000JTI7N,COc1nccnc1C(=O)N[C@@H](CO)Cc1cncs1,165,108,108,1,1,1,14.285714285714286,16.017382813649313,0.7380591720786519,11.82177629830884,4,294.336,0.2750999999999993,2,7,6,1,,,,24.308867652466137,8,3,5,3,2,1,,,,,15.003696829655134,9.3039997437311,38.72993050563144,17.329989535357885,135,16,5,1.4482000423825954,1.1062915874807753,8.254082929072135,7.30026590446886,28,64.19404341937518,4,1.571086910879364,2.049542882626646,ZINCk800000JTI7N_m01_t02,SER5;PRO6;HIS8;LEU4,3,140.73005821951352
179,native_first,ZINCk700000PyGjc,CCn1cnnc1CN(C)Cc1cn(CCOC)nn1,156,221,215,1,0,1,14.285714285714286,15.351756907847244,0.7768740532349588,11.926381613277066,4,279.348,0.1678999999999999,0,8,8,1,,,,19.21180458462784,6,3,3,3,2,1,,,,,7.732550700917824,4.986061496332149,17.215328775217355,10.60236417184533,264,16,1,1.3701512939549962,1.007904538896699,9.390882812600733,9.412447674703264,28,64.19404341937518,4,1.5844285177295754,1.8969528489805585,ZINCk700000PyGjc_m02_t01,SER5;PRO6;HIS8;LEU4,1,-13.146449357533475
180,native_first,ZINCk600000Emt87,Cn1cc(S(=O)(=O)NC2CN(Cc3nccs3)C2)cn1,83,205,199,1,0,1,17.857142857142858,18.953448192927706,0.6903096242378817,13.08374770007208,5,313.4080000000001,0.0393000000000001,1,7,5,1,,,,21.88062174122295,7,3,4,3,2,1,,,,,11.58470616265478,7.199696042719022,29.632564841498557,14.158685057296823,219,16,0,1.6119794656157682,1.3674707337861478,8.254082929072135,7.933988594668479,28,64.19404341937518,4,1.5897115198226863,1.7559593913970033,ZINCk600000Emt87_m01_t01,SER5;PRO6;HIS8;LEU4,1,4.464773994030763
181,native_first,ZINCj700000fpUOo,Cn1nnc(Br)c1C(=O)NCc1cc(C(N)=O)co1,82,98,98,1,1,1,14.285714285714286,16.17753992324311,0.8097546230950313,13.099837743150546,4,328.1260000000001,0.1994999999999999,2,6,4,1,,,,24.308867652466137,8,3,5,3,2,1,,,,,15.54676887738728,10.149679112244767,33.2018408941486,17.737293571156993,119,16,6,0.9772021622705922,0.9443621695300825,11.619609545935706,10.427370592126106,28,64.19404341937518,4,1.5939740852718245,1.60476371542911,ZINCj700000fpUOo_m01_t04,SER5;PRO6;HIS8;LEU4,1,-75.6253758637291
182,native_first,ZINCk700000Pu1QP,Cc1nc(CN(C)Cc2cn(CCN(C)C)nn2)no1,192,269,263,0,0,1,14.285714285714286,15.544432503477918,0.7376670340984426,11.466615421583985,4,279.348,0.1631200000000006,0,8,7,1,,,,19.21180458462784,6,3,3,3,2,1,,,,,7.732908741671894,4.986061496332149,17.21887868229332,10.60263270241088,263,16,0,1.3319669684765925,1.2547470380159251,8.023705378439566,7.528260343356808,28,64.19404341937518,4,1.5946086401592698,1.1478149688816617,ZINCk700000Pu1QP_m01_t01,SER5;PRO6;HIS8;LEU4,0,56.7024131236342
183,native_first,ZINCk700001bPDoV,COCCc1cn(CCN2CCn3nccc3C2)nn1,256,267,261,0,0,1,14.285714285714286,15.302104653171591,0.6605575565635841,10.107920859979275,4,276.344,0.1793,0,7,6,1,,,,19.21180458462784,6,3,3,3,2,1,,,,,9.095725839919256,5.60672333749141,24.08118081180811,11.624745526096405,255,16,14,1.8441352500241173,1.2763129926287224,6.981687475102268,5.797057293930084,28,64.19404341937518,4,1.619437028758695,1.9057285074447008,ZINCk700001bPDoV_m01_t01,SER5;PRO6;HIS8;LEU4,1,30.91842603706512
184,native_first,ZINCk600001bNsCK,Cc1nnc(N(C)C[C@H](O)CNC(=O)c2nccs2)o1,199,167,161,0,1,1,14.285714285714286,16.017382813649313,0.7109632198014848,11.38777005798508,4,297.34000000000003,0.0616199999999996,2,8,6,1,,,,24.308867652466137,8,3,5,3,2,1,,,,,14.830214406782524,9.578272113353856,32.833333333333336,17.199877718203428,141,16,13,1.7799139069062566,1.080319428003295,8.254082929072135,7.654783287748883,28,64.19404341937518,4,1.6200842882479918,1.3829077463935586,ZINCk600001bNsCK_m01_t01,SER5;PRO6;HIS8;LEU4,0,37.057959300573344
185,native_first,ZINCk8000004iBRf,COCCc1noc(CN(C)C(=O)c2cncn2C)n1,51,220,214,1,0,1,17.857142857142858,18.287822287125632,0.7466860219272098,13.655261273285603,5,279.3,0.2641999999999997,0,7,6,1,,,,19.21180458462784,6,3,3,3,2,1,,,,,8.320055852390613,5.3364709379294935,18.870330230779032,11.04299303544992,260,16,10,1.627817196920096,0.9193373477911028,9.390882812600733,8.493320267813667,28,64.19404341937518,4,1.6312086304267486,1.818587649795732,ZINCk8000004iBRf_m01_t01,SER5;PRO6;HIS8;LEU4,1,-2.158396609239735
186,native_first,ZINCk700001bPzgd,COc1cc(CNCc2cn(C)nc2C(=O)O)nn1C,71,110,110,1,1,1,17.857142857142858,18.287822287125632,0.730165590420008,13.353138557775267,5,279.3,0.1501999999999994,2,7,6,1,,,,24.308867652466137,8,3,5,3,2,1,,,,,14.960606423069777,10.534605372122474,25.800342681937067,17.297671730418866,137,16,1,1.4785625480870492,1.18788184165973,9.390882812600733,9.968105849269662,28,64.19404341937518,4,1.6421366005737956,1.889925157286552,ZINCk700001bPzgd_m02_t01,SER5;PRO6;HIS8;LEU4,3,-17.475966105091906
187,native_first,ZINCk600001bPrL8,CN(Cc1cc(CO)no1)c1ncnc(N)c1[N+](=O)[O-],7,11,11,1,1,1,17.857142857142858,18.287822287125632,0.8677350748835605,15.868984841776207,5,280.244,0.0837000000000002,2,9,5,1,,,,31.85944700467021,9,5,4,5,2,1,,,,,14.663180231703691,9.26693536368118,35.10555638215213,18.96224692494532,76,16,8,0.904213548817224,0.7567898089149507,9.390882812600733,8.93599203396425,28,64.19404341937518,4,1.6437439757938332,1.8138367972594844,ZINCk600001bPrL8_m01_t04,SER5;PRO6;HIS8;LEU4,3,6.225848415600989
188,native_first,ZINCk8000004idWz,CNC(=O)Cn1cc(NC(=O)c2c(I)cnn2C)cn1,81,105,105,1,1,1,14.285714285714286,16.17753992324311,0.8105468453227885,13.11265394986817,4,388.169,0.2194999999999992,2,6,4,1,,,,24.308867652466137,8,3,5,3,2,1,,,,,15.068556413627116,9.919609063469316,31.33196142517048,17.37863422333687,131,16,7,1.142388171657822,0.9237991306152994,11.619609545935706,10.967840721950605,28,64.19404341937518,4,1.6620063536276897,1.4964764951277634,ZINCk8000004idWz_m01_t04,SER5;PRO6;HIS8;LEU4,2,-27.51679839480734
189,native_first,ZINCk800000FCBLz,COCCOCc1ocnc1C(=O)Nc1nnc(O)s1,102,36,36,1,1,1,17.857142857142858,18.287822287125632,0.6976441955186522,12.75839306728984,5,300.296,0.6469999999999998,2,9,7,1,,,,27.596833880108463,9,4,5,4,2,1,,,,,19.61109290469076,13.485141396553354,35.935797930283215,21.607528148545185,32,16,12,1.8853490388402936,1.1178117883819232,9.390882812600733,9.187069060067126,28,64.19404341937518,4,1.709204913486488,1.6775964886984749,ZINCk800000FCBLz_m01_t06,SER5;PRO6;HIS8;LEU4,2,11.300942447452396
190,native_first,ZINCk500000dp3ZE,COCc1nc(C(=O)NCCc2nnc(CO)s2)no1,25,79,79,1,1,1,17.857142857142858,19.07470329851145,0.7562401374707247,14.425056244679586,5,299.312,-0.4677000000000001,2,9,7,1,,,,24.308867652466137,8,3,5,3,2,1,,,,,16.585296193455605,11.316795179667848,31.03228693377392,18.51618905820824,94,16,5,1.120715754425239,1.2419124297625364,14.947090486111335,14.10806267733904,28,64.19404341937518,4,1.7200716051247138,1.2394167276309025,ZINCk500000dp3ZE_m01_t01,SER5;PRO6;HIS8;LEU4,2,79.88778910755458
191,native_first,ZINCk8000004i6V5,CN(Cc1cnccn1)C(=O)c1cccnc1C(N)=O,208,155,149,0,1,1,14.285714285714286,15.302104653171591,0.7364942730293756,11.26991244235704,4,271.28,0.2427000000000002,1,5,4,1,,,,25.16858796886528,8,4,4,4,2,1,,,,,16.299243254692016,10.660229127454,34.60390915179931,18.51657943323533,93,16,9,1.2039163055867028,1.2345150951083752,6.981687475102268,5.746101667271921,28,64.19404341937518,4,1.7248146479314632,1.822321442976201,ZINCk8000004i6V5_m01_t01,SER5;PRO6;HIS8;LEU4,0,82.87930359073427
192,native_first,ZINCk800001bPJGz,COCCOCCC(=O)NOCCOC[C@H]1CCCO1,237,265,259,0,0,1,14.285714285714286,14.613404291844846,0.7256941651903231,10.604862228159032,4,291.34400000000005,0.2829000000000012,1,6,12,1,,,,20.02346152423572,7,3,4,3,2,1,,,,,9.283481389712447,6.212853858481055,18.35542929292929,11.968476423343263,254,16,5,1.7624977663057382,0.9932314646884448,12.161105747422807,11.542789736946713,28,64.19404341937518,4,1.7328217134443946,1.8192939881416084,ZINCk800001bPJGz_m01_t01,SER5;PRO6;HIS8;LEU4,2,39.47328128525783
193,native_first,ZINCk7000004fEPm,CO[C@@]1(COC(=O)Cn2cc([N+](=O)[O-])cn2)CCOC1,268,142,136,0,1,1,10.714285714285714,11.015567504671449,0.7773058266471904,8.562464805206567,3,285.25600000000003,0.1399999999999994,0,8,6,1,,,,29.39295570427464,8,6,2,6,2,1,,,,,11.440344016469538,7.251124041423719,27.09273437103889,15.928496938420814,167,16,5,1.0748074228911273,1.20924286794169,6.1317068586161225,6.278051687378105,28,64.19404341937518,4,1.741212863218735,1.5179462766624094,ZINCk7000004fEPm_m01_t01,SER5;PRO6;HIS8;LEU4,1,69.72973442217274
194,native_first,ZINCk700001bPBzA,COc1nc(CNC(=O)Cc2cc(Br)nn2C)n(C)n1,244,243,237,0,0,1,14.285714285714286,15.362996609921524,0.6832864274240631,10.49732706812127,4,343.18500000000006,0.1785999999999994,1,7,5,1,,,,21.88062174122295,7,3,4,3,2,1,,,,,11.666601967163972,7.434772585801285,27.080883718051854,14.220106910678718,215,16,9,1.7508677151953247,1.3197280537738876,6.980676614770233,6.910683764512857,28,64.19404341937518,4,1.7511965772926468,2.27746092402263,ZINCk700001bPBzA_m01_t03,SER5;PRO6;HIS8;LEU4,0,-12.070236948233372
195,native_first,ZINCk800000guvDk,CN(Cc1cccnn1)C(=O)c1ccc(C(N)=O)cn1,94,195,189,1,0,1,14.285714285714286,16.17753992324311,0.7985291312177786,12.91823690014825,4,271.28,0.2427,1,5,4,1,,,,21.88062174122295,7,3,4,3,2,1,,,,,12.84848763093354,8.040748533162727,31.955198441684924,15.106521158505892,187,16,0,0.8840207571179196,1.0691421980462197,11.619609545935706,10.423160521886908,28,64.19404341937518,4,1.754491374755879,1.3969987794399237,ZINCk800000guvDk_m01_t01,SER5;PRO6;HIS8;LEU4,0,62.71196494253455
196,native_first,ZINCk8000004iiBi,CNc1cnn(C[C@@H](O)COc2cnsn2)c(=O)c1Cl,116,75,75,1,1,1,14.285714285714286,16.291409824659645,0.7658029108118894,12.47600906495377,4,317.75800000000004,0.2297999999999999,2,9,6,1,,,,24.308867652466137,8,3,5,3,2,1,,,,,16.754487132263364,10.2080355999117,46.70940170940171,18.64308226231406,89,16,4,1.1516004980047183,1.1704813143689046,12.609273135276275,11.8157573315916,28,64.19404341937518,4,1.768191592643707,1.2727648988118327,ZINCk8000004iiBi_m01_t03,SER5;PRO6;HIS8;LEU4,2,104.0884771241372
197,native_first,ZINCk700000PzZeB,CNC(=O)c1ccc(-n2cc(CCN(C)C)nn2)cn1,239,238,232,0,0,1,14.285714285714286,16.138637919233066,0.6535387476616352,10.547225214700156,4,274.328,0.1260000000000003,1,6,5,1,,,,21.88062174122295,7,3,4,3,2,1,,,,,11.881994728377368,7.779009482066742,25.14405339302741,14.381651481588763,206,16,7,1.4129613880799805,1.4776768477039266,12.609273135276275,10.764125796212072,28,64.19404341937518,4,1.7808541946916374,1.507208838449028,ZINCk700000PzZeB_m02_t01,SER5;PRO6;HIS8;LEU4,3,75.2671050895762
198,native_first,ZINCk5000009FSd4,Cn1cc(CN2CC[C@H]2CNC(=O)c2cnsn2)nn1,183,237,231,0,0,1,14.285714285714286,16.017382813649313,0.7218801704039438,11.562631034942369,4,293.356,-0.3291000000000003,1,8,5,1,,,,21.88062174122295,7,3,4,3,2,1,,,,,12.260142953089828,7.952905297439708,26.745102795803263,14.66526265012311,199,16,14,1.5052764030556205,1.2487311431025665,8.254082929072135,8.060293909129197,28,64.19404341937518,4,1.7920647646996666,1.806141530182588,ZINCk5000009FSd4_m02_t02,SER5;PRO6;HIS8;LEU4,3,25.759804706820507
199,native_first,ZINCk500000cLfyB,OCCn1ncc2c(O)nc(SCc3ncon3)nc21,54,58,58,1,1,1,17.857142857142858,18.287822287125632,0.7442668466151342,13.611019825096966,5,294.296,0.1994999999999996,2,10,5,1,,,,24.862065897148263,8,3,5,3,2,1,,,,,16.99502827949811,10.277522210614109,49.06347995592844,18.96178768391065,77,16,1,1.45971869813292,0.9797346116896026,9.390882812600733,8.068413628209255,28,64.19404341937518,4,1.814396581399887,1.5227163062016176,ZINCk500000cLfyB_m01_t02,SER5;PRO6;HIS8;LEU4,1,-16.444916053369504
200,native_first,ZINCk5000003ZXd1,COC(=O)CCOCCNC(=O)c1n[nH]cc1[N+](=O)[O-],180,128,126,0,1,1,14.285714285714286,15.302104653171591,0.7593150987899707,11.61911910641746,4,286.2440000000001,-0.3725999999999997,2,7,8,1,,,,34.23425278752351,10,6,4,6,2,1,,,,,13.756737009084882,9.286990642798534,26.52111467581884,18.876115953694537,80,16,15,1.2982453804796472,1.0610006260859408,6.981687475102268,5.91481737228263,28,64.19404341937518,4,1.814643819501924,1.7014428366618273,ZINCk5000003ZXd1_m01_t04,SER5;PRO6;HIS8;LEU4,0,-18.966614273062632
201,native_first,ZINCk7000004g4d9,C[C@H](NC(=O)c1coc(S(N)(=O)=O)c1)c1ccn(C)n1,129,96,96,1,1,1,14.285714285714286,16.17753992324311,0.7608183735593658,12.30816961259353,4,298.324,0.1514999999999993,2,6,4,1,,,,24.308867652466137,8,3,5,3,2,1,,,,,15.622569785621506,10.082897941247085,34.67156891814425,17.794144252332664,117,16,8,1.2548926005127756,1.1354710375160222,11.619609545935706,10.863250443298467,28,64.19404341937518,4,1.83839212246273,1.340231627888686,ZINCk7000004g4d9_m01_t02,SER5;PRO6;HIS8;LEU4,2,-61.07309871636776
202,native_first,ZINCk8000018TedI,COCc1cc(C(=O)NCCn2ccsc2=O)n(C)n1,200,246,240,0,0,1,14.285714285714286,15.351756907847244,0.7399431241819866,11.359426968074883,4,296.352,0.2196999999999995,1,7,6,1,,,,21.88062174122295,7,3,4,3,2,1,,,,,11.395538911274402,7.358486200509996,25.246302864372677,14.016809618761538,225,16,15,1.3728188968657995,1.2299527272639883,9.390882812600733,9.619709150734671,28,64.19404341937518,4,1.8832520053880677,1.5847184519751287,ZINCk8000018TedI_m01_t01,SER5;PRO6;HIS8;LEU4,0,-5.873234429629333
203,native_first,ZINCj800000PCxfJ,O=S1CCN(CCNc2ccnc3ccnn23)CC1,172,159,153,0,1,1,14.285714285714286,14.697370704119452,0.7994052826269147,11.749155781599146,4,279.36900000000014,0.2054999999999995,1,6,4,1,,,,24.349332764826222,7,4,3,4,2,1,,,,,11.694057870420696,7.1187701134539125,32.72965879265092,14.85787659402208,197,16,12,1.337334189657981,0.8874332339925347,9.390882812600733,9.568611112166211,28,64.19404341937518,4,1.919974648859132,1.671577892846707,ZINCj800000PCxfJ_m01_t03,SER5;PRO6;HIS8;LEU4,3,127.99086424683222
204,native_first,ZINCk8000009Mfqq,Cc1scnc1C(=O)NC[C@H](C)N(C)c1nnn(C)n1,229,240,234,0,0,1,14.285714285714286,15.302104653171591,0.7074955029730623,10.826170228142074,4,295.372,0.2297199999999992,1,8,5,1,,,,21.88062174122295,7,3,4,3,2,1,,,,,11.743920623864074,7.638539580656464,25.389860536019626,14.278095903203797,212,16,9,1.3723046578197753,1.3574569864545225,6.981687475102268,6.039570085642679,28,64.19404341937518,4,1.928768668513495,2.0886103825471984,ZINCk8000009Mfqq_m01_t02,SER5;PRO6;HIS8;LEU4,0,2.5386411769820603
205,native_first,ZINCk8000004jDXf,Cn1cc(CNC(=O)c2ncsc2S(N)(=O)=O)c(Br)n1,169,169,163,0,1,1,14.285714285714286,16.17753992324311,0.7268051557108114,11.757919422930575,4,380.2490000000001,0.2165000000000003,2,7,4,1,,,,24.308867652466137,8,3,5,3,2,1,,,,,14.635965437765067,9.394515399523144,33.10754604872251,17.054190991440336,144,16,5,1.4712486650620933,1.1356186590249682,11.619609545935706,10.529249901121544,28,64.19404341937518,4,1.9480762211847944,2.434514130073013,ZINCk8000004jDXf_m01_t02,SER5;PRO6;HIS8;LEU4,1,-122.1846521189505
206,native_first,ZINCk800000JTZ16,COC(=O)Cn1cc(CN2Cc3[nH]nc(I)c3C2)nn1,215,242,236,0,0,1,14.285714285714286,15.362996609921524,0.7262281631150194,11.157040807965576,4,388.169,0.2945999999999998,1,7,4,1,,,,21.88062174122295,7,3,4,3,2,1,,,,,11.670251872464672,7.607705970706469,25.043677329959667,14.222844339654245,214,16,7,1.107323618100364,1.3485499583840974,6.980676614770233,5.683991511682822,28,64.19404341937518,4,1.9699699841118097,2.102835477170105,ZINCk800000JTZ16_m01_t03,SER5;PRO6;HIS8;LEU4,3,8.359415357447118
207,native_first,ZINCj800000wXIrv,Cn1ncc(I)c1CNCc1cnc(C(N)=O)cn1,100,111,111,1,1,1,14.285714285714286,16.17753992324311,0.7899481785453331,12.7794181957103,4,372.1700000000001,0.2033999999999999,2,6,5,1,,,,24.308867652466137,8,3,5,3,2,1,,,,,14.944006147165108,9.652857108011707,33.07244631747943,17.285221523490364,138,16,11,1.0143390534652847,1.1255187430664273,11.619609545935706,10.900128032878651,28,64.19404341937518,4,2.0138956118073774,1.4749945188644211,ZINCj800000wXIrv_m01_t02,SER5;PRO6;HIS8;LEU4,0,73.90808793450782
208,native_first,ZINCj600000JUVqm,Cc1[nH]nc(I)c1C(=O)NCC(=O)c1cnnn1C,178,224,218,0,0,1,14.285714285714286,15.362996609921524,0.7570395634045998,11.630396246161336,4,374.14200000000017,0.0639199999999995,2,6,4,1,,,,24.308867652466137,8,3,5,3,2,1,,,,,12.586216304493448,8.100230457973021,28.208177259845023,15.51687914148662,174,16,13,1.4382758064773704,1.0703475249975856,6.980676614770233,7.306580674088776,28,64.19404341937518,4,2.195093375588433,1.4129835321528696,ZINCj600000JUVqm_m01_t04,SER5;PRO6;HIS8;LEU4,3,30.98945643576467
209,native_first,ZINCk7000009KfII,CCN(CCN=c1[nH]nc(O)s1)C(=O)Cc1cnns1,60,101,101,1,1,1,17.857142857142858,18.287822287125632,0.7369626428288671,13.477441844304764,5,314.396,0.0201999999999992,2,8,6,1,,,,24.308867652466137,8,3,5,3,2,1,,,,,15.323887575587277,9.815503669445803,34.921637426900595,17.570132594806992,125,16,2,1.7480982232733908,0.9500849192243452,9.390882812600733,8.974548227777456,28,64.19404341937518,4,2.2404564709343178,1.70854120048026,ZINCk7000009KfII_m01_t02,SER5;PRO6;HIS8;LEU4,0,-7.76406686652096
210,native_first,ZINCk7000004fBsl,COCc1ncc(C(=O)NS(=O)(=O)c2cnn(C)c2)s1,133,56,56,1,1,1,17.857142857142858,18.287822287125632,0.6699617876076865,12.25214211093438,5,316.36400000000003,0.1417,1,8,5,1,,,,25.16858796886528,8,4,4,4,2,1,,,,,12.954643777832528,8.696243947153013,25.38546636244209,16.008129825590718,166,16,2,1.7855013095393313,1.3773663525495063,9.390882812600733,9.643955211231226,28,64.19404341937518,4,2.7134446928373306,2.6017621083288858,ZINCk7000004fBsl_m01_t01,SER5;PRO6;HIS8;LEU4,3,-90.55784106429005
211,native_first,ZINCk800000PACto,COCCNCc1cn(-c2[nH]nc3cnccc23)nn1,49,34,34,1,1,1,17.857142857142858,17.54376270517786,0.7792533548196342,13.671035944169429,5,273.3,0.2745999999999989,2,7,6,1,,,,28.416425806587785,9,4,5,4,2,1,,,,,17.84225861010324,11.750369184034168,37.05114000816376,20.48580040922437,44,16,11,1.2911913581700114,0.9844564802321608,12.161105747422807,11.335973795904335,28,63.14924316917441,4,0.7579557132293478,0.7519816194450009,ZINCk800000PACto_m01_t02,SER5;HIS8;HIS8;LEU4,1,93.003023878321
212,native_first,ZINCk500000doSkc,COC(=O)Cn1cnc(NS(=O)(=O)c2cnc(O)s2)n1,63,76,76,1,1,1,17.857142857142858,18.287822287125632,0.7362869894156141,13.465085614755502,5,319.32400000000007,-0.5860000000000004,2,10,5,1,,,,24.308867652466137,8,3,5,3,2,1,,,,,16.72913852508109,10.518035729752809,40.854519774011294,18.624070806927357,90,16,11,1.3949490721114122,1.2402466210596947,9.390882812600733,9.262014382197306,28,63.14924316917441,4,0.839900672475175,0.8166583966002063,ZINCk500000doSkc_m01_t08,SER5;HIS8;HIS8;LEU4,1,-183.933812713486
213,native_first,ZINCf50000018dKl,Oc1nc2c(-c3cnn[nH]3)ncnc2[nH]1,276,158,152,0,1,1,10.714285714285714,11.015567504671449,0.6454847590771507,7.110380936850939,3,203.165,-0.1564000000000002,3,6,1,1,,,,24.862065897148263,8,3,5,3,2,1,,,,,12.908912405841678,7.2749996613809405,57.22569134701161,15.897200778668324,169,16,8,1.5378106918411736,1.732860739858782,6.1317068586161225,6.253760469865032,28,63.14924316917441,4,0.899655139983174,0.6772558723574305,ZINCf50000018dKl_m01_t07,SER5;HIS8;HIS8;LEU4,0,-56.917578268864254
214,native_first,ZINCf5000000arUA,O=C(NN=c1cncc[nH]1)c1cc[nH]n1,272,153,147,0,1,1,10.714285714285714,10.954675547921518,0.7615383720946743,8.342405783589488,3,204.193,-0.6215000000000008,3,4,2,1,,,,26.721918824471818,9,3,6,3,2,1,,,,,13.697988802269576,8.226048403328395,40.9135439627725,16.953971307820137,146,16,15,1.2598691663516877,1.1525221331028048,6.981687475102268,6.426402165170049,28,63.14924316917441,4,1.0621739153048455,1.0092444673282452,ZINCf5000000arUA_m01_t07,SER5;HIS8;HIS8;LEU4,1,90.02000159440975
215,native_first,ZINCk600000BmPF7,CON(CC(=O)O)C(=O)c1cccc2c(O)nncc12,20,71,71,1,1,1,17.857142857142858,18.287822287125632,0.8040932735741859,14.705114889397803,5,277.236,0.4235999999999996,2,6,4,1,,,,24.308867652466137,8,3,5,3,2,1,,,,,16.94491643061195,10.689297124112231,40.85304659498208,18.785904236075496,84,16,13,0.9873884158166228,0.9867691679211082,9.390882812600733,8.26381732837163,28,63.14924316917441,4,1.087912890962862,1.290495510620992,ZINCk600000BmPF7_m02_t03,SER5;HIS8;HIS8;LEU4,0,38.28957146339013
216,native_first,ZINCk600000PAmkg,COCC1(N(C)C)CN(Cc2ncc([N+](=O)[O-])n2C)C1,247,143,137,0,1,1,10.714285714285714,12.614074090144909,0.8257991108337028,10.416691167632113,3,283.33200000000005,0.0907000000000006,0,7,6,1,,,,29.39295570427464,8,6,2,6,2,1,,,,,9.918157399962697,6.552455423005495,20.39325769685628,14.78685697604068,198,16,5,1.0269218896748928,0.9408512714980528,8.023705378439566,7.6552321771646,28,63.14924316917441,4,1.1243662488246806,0.8930971129683397,ZINCk600000PAmkg_m01_t01,SER5;HIS8;HIS8;LEU4,1,97.51971148754862
217,native_first,ZINCf5000000ahqO,NC(=O)c1n[nH]c(=NCc2cc[nH]n2)s1,124,51,51,1,1,1,14.285714285714286,15.362996609921524,0.8038411958902704,12.349409567377489,4,224.24900000000005,-0.6059000000000001,3,5,3,1,,,,26.721918824471818,9,3,6,3,2,1,,,,,16.89351263834756,10.6772712022069,40.43385170160019,19.350614184878623,66,16,14,1.1352215545792976,0.9782346715587892,6.980676614770233,7.568821899890588,28,63.14924316917441,4,1.1495913544187908,1.0939955614785275,ZINCf5000000ahqO_m01_t04,SER5;HIS8;HIS8;LEU4,3,28.46072661594428
218,native_first,ZINCj8000002qwcT,COC[C@H](NC(=O)c1cn(C)cn1)c1cnn(C)c1,132,215,209,1,0,1,17.857142857142858,18.287822287125632,0.6703024619116267,12.258372302062629,5,263.301,0.2710999999999994,1,6,5,1,,,,21.88062174122295,7,3,4,3,2,1,,,,,10.77511511227434,6.847693767344411,25.266371736556803,13.551491769511491,239,16,7,1.3673542125664495,1.3239582354652204,9.390882812600733,7.305196292169421,28,63.14924316917441,4,1.1638166863822088,1.2809189205158085,ZINCj8000002qwcT_m01_t02,SER5;HIS8;HIS8;LEU4,0,34.66486843640047
219,native_first,ZINCf50000025tDK,[O-][n+]1cccnc1CSc1n[nH]c(O)n1,223,154,148,0,1,1,14.285714285714286,15.362996609921524,0.7162681135717688,11.004024600597967,4,225.23300000000003,-0.1689999999999999,2,6,3,1,,,,25.89203592322501,7,4,3,4,2,1,,,,,6.769924110902929,3.754151826262184,34.420405133100026,11.55045206398345,257,16,8,1.323612945436526,1.3974456500349006,6.980676614770233,6.522700567937295,28,63.14924316917441,4,1.1825042997549744,1.3116691140925336,ZINCf50000025tDK_m01_t04,SER5;HIS8;HIS8;LEU4,1,-20.325341754002928
220,native_first,ZINCj700000xcJzW,CN(C)Cc1nnc(NS(=O)(=O)c2ccnn2C)s1,201,260,254,0,0,1,14.285714285714286,15.362996609921524,0.7381532189642523,11.340245400550469,4,302.38500000000005,0.1339999999999997,1,8,5,1,,,,21.88062174122295,7,3,4,3,2,1,,,,,8.819840356651914,5.520486204346989,21.92116716728989,12.085035702794674,253,16,14,1.4602830665097912,1.154147409481282,6.980676614770233,7.527390015084345,28,63.14924316917441,4,1.2973364770224192,1.1894219532029646,ZINCj700000xcJzW_m02_t02,SER5;HIS8;HIS8;LEU4,3,-109.26873994301349
221,native_first,ZINCi800000vr0ue,COCCNC(=O)CNc1ncc2ncsc2n1,138,86,86,1,1,1,14.285714285714286,16.17753992324311,0.7551019196501942,12.215691451258529,4,267.314,0.2608,2,7,6,1,,,,24.308867652466137,8,3,5,3,2,1,,,,,16.24186252057984,10.268676022979513,38.82733812949641,18.258613803551413,104,16,6,1.0987775253593457,1.2227693493614626,11.619609545935706,10.547282438698607,28,63.14924316917441,4,1.2984072228667896,1.202401202246331,ZINCi800000vr0ue_m01_t03,SER5;HIS8;HIS8;LEU4,0,-16.148821117120416
222,native_first,ZINCj600000JU75f,Nc1nonc1C(=NO)Sc1cnc(C(=O)O)cn1,12,23,23,1,1,1,17.857142857142858,18.287822287125632,0.8305834808749761,15.189563092863777,5,282.241,0.0680999999999996,3,10,3,1,,,,30.00988505211415,10,4,6,4,2,1,,,,,24.439238578787,16.273041159501105,49.05740730225428,25.831900197118784,10,16,1,1.0722331606003996,0.8602044043584186,9.390882812600733,8.823614084430456,28,63.14924316917441,4,1.4068775178943809,1.630900818066748,ZINCj600000JU75f_m01_t05,SER5;HIS8;HIS8;LEU4,3,104.94948162171691
223,native_first,ZINCi80000014rjS,COCC(=O)NCCNc1nccc2nsnc12,112,97,97,1,1,1,17.857142857142858,18.287822287125632,0.6863445398171321,12.551746971914731,5,267.314,0.2608,2,7,6,1,,,,24.308867652466137,8,3,5,3,2,1,,,,,15.607553080249264,9.771444124737965,38.75358166189111,17.782881723303483,118,16,15,1.755617788609838,1.27929726857334,9.390882812600733,8.965758869776746,28,63.14924316917441,4,1.4724652327987415,1.4536532391876476,ZINCi80000014rjS_m01_t06,SER5;HIS8;HIS8;LEU4,0,38.97503112794787
224,native_first,ZINCf5000000aeLi,N#Cc1cnn(C(=O)c2ncc[nH]2)c1N,253,225,219,0,0,1,14.285714285714286,15.302104653171591,0.6679598849365717,10.221192063419876,4,202.177,-0.2514200000000001,2,6,1,1,,,,24.308867652466137,8,3,5,3,2,1,,,,,11.038155544407935,6.554729114746936,34.93073225897654,14.355833571422489,208,16,14,1.212864697043485,1.371965262471629,6.981687475102268,4.663870724266548,28,63.14924316917441,4,1.6446981742710072,1.7442845271877452,ZINCf5000000aeLi_m01_t08,SER5;HIS8;HIS8;LEU4,1,128.49869896174224
225,native_first,ZINCj6000002lAe5,COCc1nc(O)cc(N(C)Cc2cn(C)nn2)n1,143,216,210,1,0,1,14.285714285714286,15.362996609921524,0.7903100906139742,12.141531242889258,4,264.289,0.0934999999999997,1,8,5,1,,,,21.88062174122295,7,3,4,3,2,1,,,,,9.580597356995472,6.120436012093389,22.04187176771139,12.655603453052342,250,16,8,1.1985485514012937,1.042613894089235,6.980676614770233,6.697762706770061,28,63.14924316917441,4,1.6485166280874528,2.107425858673164,ZINCj6000002lAe5_m01_t04,SER5;HIS8;HIS8;LEU4,0,-29.874345012691705
226,native_first,ZINCf5000000a7as,Cc1cncc(CN=c2nn[nH]n2C)n1,254,257,251,0,0,1,10.714285714285714,12.426931230643136,0.82120363287144,10.2050410720477,3,205.225,-0.6574800000000005,1,6,2,1,,,,21.88062174122295,7,3,4,3,2,1,,,,,10.18019195313138,6.072949575751956,31.45117057821657,13.105299400154273,248,16,3,0.883164315102321,1.0247979174668913,6.980676614770233,6.285531805277856,28,63.14924316917441,4,1.7161341184377268,1.9450166842708736,ZINCf5000000a7as_m01_t06,SER5;HIS8;HIS8;LEU4,0,75.5129735080991
227,native_first,ZINCk8000018T4xF,CNc1nccn2c(C(=O)NC[C@@H](C)[S@](C)=O)cnc12,213,151,145,0,1,1,14.285714285714286,16.17753992324311,0.6923544747420864,11.200592156176116,4,295.36800000000005,0.2678,2,6,5,1,,,,26.777578676069417,8,4,4,4,2,1,,,,,12.105390449817042,7.65259711845855,28.951048951048943,15.773437506380136,170,16,3,1.2960633300901436,1.4681962003734002,11.619609545935706,10.462176056960214,28,63.14924316917441,4,1.746324667628567,1.7204579144175576,ZINCk8000018T4xF_m01_t04,SER5;HIS8;HIS8;LEU4,3,-36.3339146844365
228,native_first,ZINCk7000004foGS,COC(=O)c1nscc1S(=O)(=O)NCc1cncn1C,241,258,252,0,0,1,14.285714285714286,15.362996609921524,0.6848486317671979,10.521327208148856,4,316.36400000000003,0.1416999999999997,1,8,5,1,,,,21.88062174122295,7,3,4,3,2,1,,,,,9.955511803441793,6.313007305669076,23.53460125971974,12.936789287887082,249,16,12,1.3186039556818654,1.6144685562446603,6.980676614770233,6.687942707127007,28,63.14924316917441,4,1.7669701761458962,1.7647494193663469,ZINCk7000004foGS_m01_t01,SER5;HIS8;HIS8;LEU4,2,-102.9051086258258
229,native_first,ZINCj5000002c8e2,COC[C@@](O)(CO)CNc1cc(N)c([N+](=O)[O-])cn1,227,132,128,0,1,1,14.285714285714286,15.362996609921524,0.7090783848275215,10.893568822273842,4,272.261,-0.6462999999999999,4,8,7,1,,,,33.75985428051273,10,5,5,5,2,1,,,,,18.29442366987983,11.467531276608176,45.20754165448702,22.160781322538053,26,16,3,1.5970648057609609,1.2230573518557806,6.980676614770233,6.302020124585067,28,54.87995928936619,4,1.9370057522856108,2.0348642982457807,ZINCj5000002c8e2_m01_t08,SER5;HIS8;LEU4;SER2,2,-27.30901059271766
230,native_first,ZINCk500000dpM9s,Cn1cc([N+](=O)[O-])c(OCC(=O)OCCOCCO)n1,128,12,12,1,1,1,14.285714285714286,15.362996609921524,0.8011964194378837,12.30877787570547,4,289.244,-0.7407999999999999,1,9,9,1,,,,31.82120161551783,9,6,3,6,2,1,,,,,14.747843710721693,9.75421618674521,30.217619297325644,19.016183186920728,75,16,2,1.3065910136467616,0.8577595345528551,6.980676614770233,7.637363271719439,28,54.87995928936619,4,2.6915100660684246,1.8495295431675596,ZINCk500000dpM9s_m01_t01,SER5;HIS8;LEU4;SER2,1,48.6952915726723
231,native_first,ZINCk600000PC7ZQ,OCCn1cc(CN2CC[C@@H](c3cnccn3)C2)nn1,26,190,184,1,0,1,17.857142857142858,18.287822287125632,0.785590152103487,14.366733092184566,5,274.328,0.0498999999999998,1,7,5,1,,,,21.88062174122295,7,3,4,3,2,1,,,,,13.03218930513551,8.223448455686391,31.384689224862004,15.244297414157373,180,16,10,1.3748242673138131,0.8297348444385939,9.390882812600733,10.468128513708493,28,54.24820234457205,4,1.605930303293104,1.7974000884957702,ZINCk600000PC7ZQ_m01_t01,SER5;PHE3;LEU4;SER1,2,91.35708071421736
232,native_first,ZINCk700001bPyy0,COc1cccc2c(CNCc3nnnn3C)cnn12,98,185,179,1,0,1,17.857142857142858,18.287822287125632,0.703477333915568,12.865068465668845,5,273.3,0.1561999999999994,1,8,5,1,,,,22.43381998590508,7,3,4,3,2,1,,,,,11.583395824186976,7.169475555635232,30.13798111837328,14.296001864616503,211,16,2,1.628987995794819,1.2715162673187852,9.390882812600733,9.668627633540789,28,53.35470994998635,3,1.3759899122025314,2.3201551998955368,ZINCk700001bPyy0_m02_t01,SER5;PHE3;PRO6,2,18.64518154317139
233,native_first,ZINCk700000PC6VH,OC[C@H]1COCCN1Cc1cn(Cc2ccco2)nn1,248,232,226,0,0,1,14.285714285714286,15.362996609921524,0.674432959616175,10.361311272202636,4,278.312,0.1124999999999991,1,7,5,1,,,,21.88062174122295,7,3,4,3,2,1,,,,,13.205236633267214,8.237307789745554,33.27102803738317,15.37408291025615,177,16,15,1.538813040222318,1.3179933411764384,6.980676614770233,8.558003027584762,28,52.30990969978558,3,1.2893858571568568,1.8681194392408205,ZINCk700000PC6VH_m01_t01,SER5;PHE3;HIS8,2,118.2741486642985
234,native_first,ZINCk800000wuX7z,CN(Cc1cncs1)c1ccc(C(=O)NCCO)nn1,118,68,68,1,1,1,14.285714285714286,15.366973629002151,0.8087927824278822,12.428697358896542,4,293.352,0.2915999999999999,2,7,6,1,,,,24.308867652466137,8,3,5,3,2,1,,,,,17.53637974073602,11.571276344035908,36.19551126235618,19.22950171866855,72,16,4,1.1956627757690772,0.8809998762113566,11.120119513746245,10.368488737396223,28,52.30990969978558,3,1.2907941150857316,2.070476113646707,ZINCk800000wuX7z_m01_t01,SER5;PHE3;HIS8,0,45.43834027406201
235,native_first,ZINCk6000009Jfx9,COCC(=O)NCC(C)(C)Nc1cc2nncn2cn1,93,92,92,1,1,1,17.857142857142858,18.287822287125632,0.7068731007779657,12.927169646576884,5,278.31600000000003,0.0773999999999995,2,7,6,1,,,,24.308867652466137,8,3,5,3,2,1,,,,,15.985246776774506,9.955237511730642,40.54208273894435,18.06615199569741,113,16,8,1.7829867809153734,1.1149949469925076,9.390882812600733,9.898058753283117,28,51.79795227632343,3,0.9289057461731652,1.0880602464478857,ZINCk6000009Jfx9_m01_t02,SER5;PHE3;LEU4,3,-12.794637204763372
236,native_first,ZINCk5000009FVHb,Cn1nccc1COCc1nc(N2CCNCC2)no1,174,233,227,0,0,1,14.285714285714286,15.362996609921524,0.7613583163270049,11.696745232667336,4,278.316,-0.0704999999999995,1,8,5,1,,,,21.88062174122295,7,3,4,3,2,1,,,,,12.940308987460474,8.522921439731762,26.86355533949117,15.175387175901095,183,16,10,1.2052917689222842,1.215021055999063,6.980676614770233,7.222646419956573,28,51.79795227632343,3,1.915469344999456,1.637791480096517,ZINCk5000009FVHb_m01_t01,SER5;PHE3;LEU4,1,43.276500266342175
237,native_first,ZINCj600001bQGIZ,Cc1nc(CNc2c(N(C)CCO)c(=O)c2=O)cs1,123,117,117,1,1,1,14.285714285714286,15.302104653171591,0.8087202202255122,12.375121445026766,4,281.33699999999993,0.0881199999999998,2,7,6,1,,,,24.308867652466137,8,3,5,3,2,1,,,,,14.081493914910816,9.08634695417147,31.274281274281275,16.638337349299647,159,16,3,1.0509808913911634,1.0170328226125347,6.981687475102268,6.492821650284109,28,51.46193052157849,3,0.3850029763464216,0.3977518362986547,ZINCj600001bQGIZ_m01_t02,SER5;PRO6;HIS8,2,135.41210413633107
238,native_first,ZINCk50000045w8F,Cn1cc([N+](=O)[O-])c(Cn2cc(COC(=N)O)nn2)n1,164,9,9,1,1,1,14.285714285714286,15.362996609921524,0.7698807006401407,11.82767459397849,4,281.232,-0.0225300000000003,2,9,5,1,,,,32.73436206030686,9,6,3,6,2,1,,,,,15.561550208676575,10.152836229247184,33.30307745504841,19.854753171584143,54,16,1,1.3834484017564963,0.8463707200040939,6.980676614770233,8.390813695393113,28,51.46193052157849,3,0.7489060365648281,0.8312361699398538,ZINCk50000045w8F_m01_t02,SER5;PRO6;HIS8,2,-29.63753224556035
239,native_first,ZINCk6000004dm5O,Cc1cc([N+](=O)[O-])cc([N+](=O)[O-])c1NC[C@@H](O)C(N)=O,95,3,3,1,1,1,14.285714285714286,15.362996609921524,0.8407417680717927,12.91631293270638,4,284.228,0.0695199999999998,3,7,6,1,,,,41.894685904351626,11,8,3,8,2,1,,,,,21.394667413395226,14.130914562329538,44.02491597252667,26.519672036134324,8,16,2,0.8222661614892786,0.9305413388378528,6.980676614770233,6.186660379054449,28,51.46193052157849,3,0.8492889189680239,1.150586344984048,ZINCk6000004dm5O_m01_t05,SER5;PRO6;HIS8,3,25.174619989276884
240,native_first,ZINCk7000004eXFt,CN(C)C[C@@H](O)CNC(=O)c1nccn2c(Br)cnc12,232,223,217,0,0,1,14.285714285714286,15.544432503477918,0.6902227849390151,10.729121492847074,4,342.197,0.1440999999999995,2,6,5,1,,,,24.308867652466137,8,3,5,3,2,1,,,,,12.609023712161008,8.153339641643756,27.802928341286364,15.53398469723729,173,16,12,1.5043017802240866,1.4039344930949476,8.023705378439566,7.271852955172712,28,51.46193052157849,3,0.8608322384268606,1.278070978042429,ZINCk7000004eXFt_m02_t01,SER5;PRO6;HIS8,3,112.87338902681437
241,native_first,ZINCk800000Emx6O,COCC(=O)NC1CN(c2ccn3ncc(I)c3n2)C1,131,188,182,1,0,1,17.857142857142858,18.287822287125632,0.6708331905414868,12.2680781729282,5,387.181,0.2850999999999997,1,6,4,1,,,,21.88062174122295,7,3,4,3,2,1,,,,,13.18235600085646,7.977951053335438,37.91831357048749,15.356922435948084,178,16,8,1.947050550146226,1.2218873544452058,9.390882812600733,9.988404222509637,28,51.46193052157849,3,0.9001006525555776,1.049151249292014,ZINCk800000Emx6O_m01_t03,SER5;PRO6;HIS8,0,78.07667400683155
242,native_first,ZINCk600000GfSWC,COc1cnccc1C(=O)NOC[C@H]1CN(C)CCO1,209,227,221,0,0,1,17.857142857142858,18.287822287125632,0.6161249448022489,11.267583497208618,5,281.312,0.0822000000000002,1,6,5,1,,,,24.255427524076254,8,4,4,4,2,1,,,,,9.46386779883702,6.259212539036095,19.392780877591797,13.161757730146828,247,16,3,2.1416346020550625,1.3688914802876426,9.390882812600733,8.213071716756259,28,51.46193052157849,3,0.931176508276394,1.0036943605622772,ZINCk600000GfSWC_m02_t02,SER5;PRO6;HIS8,3,123.06814768463715
243,native_first,ZINCk7000004eWZp,CN(C)CC(=O)NCc1nn(C)c(=O)c2ccccc12,78,204,198,1,0,1,14.285714285714286,15.362996609921524,0.8586173857383607,13.190935986318117,4,274.324,0.1112999999999999,1,5,4,1,,,,21.88062174122295,7,3,4,3,2,1,,,,,11.661980671543978,7.592896506056239,25.128526645768,14.21664093896372,216,16,9,1.0852539702057415,0.6965256100212507,6.980676614770233,6.72874416874336,28,51.46193052157849,3,0.9546929984639916,1.4596863949515475,ZINCk7000004eWZp_m02_t02,SER5;PRO6;HIS8,1,97.99242736941224
244,native_first,ZINCf500000446yY,NC(=O)c1n[nH]c(=NCc2ccon2)o1,140,119,119,1,1,1,14.285714285714286,15.362996609921524,0.794263226566176,12.202263257121492,4,209.165,-0.8095000000000001,2,6,3,1,,,,24.308867652466137,8,3,5,3,2,1,,,,,13.951874524584095,8.442571838528485,40.15645917001339,16.541122806554608,161,16,0,1.127555802182476,1.0737101966287266,6.980676614770233,6.834275549562324,28,51.46193052157849,3,0.9930540727528212,1.3182574434142262,ZINCf500000446yY_m01_t02,SER5;PRO6;HIS8,2,38.511113909059446
245,native_first,ZINCk800000ciGFd,COC[C@@H](ONC(=O)c1scc2c1OCCO2)C(=O)O,59,52,52,1,1,1,17.857142857142858,18.287822287125632,0.7387012701991104,13.509237552675303,5,303.29200000000003,0.2803000000000001,2,7,6,1,,,,26.683673435319445,9,4,5,4,2,1,,,,,14.380696384547742,9.752251123033028,27.371092164027605,17.45644064724067,129,16,7,1.74661113683978,0.9557821084090218,9.390882812600733,9.517694531930609,28,51.46193052157849,3,1.0978900515948973,1.5473476437830476,ZINCk800000ciGFd_m01_t04,SER5;PRO6;HIS8,1,77.03079846674015
246,native_first,ZINCf5000000acl9,Cn1ncnc1Cn1cnnc1[S@](C)=O,270,276,270,0,0,1,10.714285714285714,11.015567504671449,0.7644875819503896,8.42126456545756,3,226.265,-0.8077000000000001,0,7,3,1,,,,18.126155698791603,5,3,2,3,2,1,,,,,4.249551563165992,2.329558118331137,24.170974656411552,7.718702597072394,273,16,2,0.8189602413134481,1.3181310141730054,6.1317068586161225,4.98932986107486,28,51.46193052157849,3,1.2200568152268425,1.9850007677936972,ZINCf5000000acl9_m01_t01,SER5;PRO6;HIS8,0,0.0526163857638888
247,native_first,ZINCk600000JTl3x,CN1CCO[C@H](CN(C)Cc2c([N+](=O)[O-])cnn2C)C1,240,145,139,0,1,1,10.714285714285714,12.426931230643136,0.8481251888408575,10.53959339670156,3,283.33200000000005,0.0907000000000006,0,7,5,1,,,,29.39295570427464,8,6,2,6,2,1,,,,,9.08708796936065,6.160258521158648,17.31252173241123,14.163554903089148,218,16,15,0.5956275741503835,0.9839093148651582,6.980676614770233,6.062500712395173,28,51.46193052157849,3,1.2935558076834694,2.104026572968605,ZINCk600000JTl3x_m02_t01,SER5;PRO6;HIS8,2,151.22361368715502
248,native_first,ZINCj6000002lA7T,COCc1nc(C(=O)NCc2c(Br)nnn2C)no1,175,239,233,0,0,1,14.285714285714286,15.351756907847244,0.7607686354498598,11.679135154540909,4,331.13000000000005,0.0369999999999997,1,8,5,1,,,,21.88062174122295,7,3,4,3,2,1,,,,,11.84021160544001,7.573857970541496,27.11291413116972,14.350314139385745,209,16,9,1.316050288194094,1.1416474819000306,9.390882812600733,9.629312084694002,28,51.46193052157849,3,1.3234253130305664,2.105365663668693,ZINCj6000002lA7T_m01_t02,SER5;PRO6;HIS8,2,51.1278344467346
249,native_first,ZINCf5000002sEgd,O=C(NNc1nncnn1)c1cnsc1,245,255,249,0,0,1,14.285714285714286,15.362996609921524,0.6816986066409544,10.472933382813208,4,223.22100000000003,-0.5200000000000005,2,8,3,1,,,,21.88062174122295,7,3,4,3,2,1,,,,,10.62406618842568,5.92189968726875,51.58066940796744,13.438205076624998,244,16,15,1.39691395004224,1.4409771558372706,6.980676614770233,5.694642964043631,28,51.46193052157849,3,1.409755531191357,2.3780335924840816,ZINCf5000002sEgd_m01_t02,SER5;PRO6;HIS8,3,82.16618226807647
250,native_first,ZINCk7000004fsSG,COCCN(Cc1cncs1)c1cc(O)nc(=O)n1C,109,197,191,1,0,1,14.285714285714286,15.362996609921524,0.8199771730311757,12.597306529490986,4,296.35200000000003,0.5954000000000002,1,8,6,1,,,,21.88062174122295,7,3,4,3,2,1,,,,,12.586490819791548,7.846548046906952,31.79049034175335,14.9100235501494,196,16,10,1.1970099481458898,0.8434816639806725,6.980676614770233,7.464383416962883,28,51.46193052157849,3,1.4198312616888948,2.405494018621851,ZINCk7000004fsSG_m01_t03,SER5;PRO6;HIS8,1,-65.4469677990905
251,native_first,ZINCf5000000axR1,O=[N+]([O-])CCN1C[C@@H]2C[C@H](C1)CS(=O)C2,274,263,257,0,0,1,7.142857142857143,9.053595449018632,0.8722133222014408,7.896666564456385,2,232.305,-0.0365000000000002,0,4,3,1,,,,21.061781244283623,5,4,1,4,2,1,,,,,2.633758002608281,1.4563862461232215,13.74756176853056,7.240763813027116,274,16,13,0.5961682084111777,1.1923364168223545,6.569961415411811,5.377624998589456,28,51.46193052157849,3,1.42985244687375,2.3804809782676744,ZINCf5000000axR1_m02_t02,SER5;PRO6;HIS8,0,-43.26853067388097
252,native_first,ZINCk600000dqRJl,CN(CCN(C)C1COC1)Cc1cn(C)nc1[N+](=O)[O-],222,144,138,0,1,1,14.285714285714286,16.17753992324311,0.6844248256144541,11.072309940836536,4,283.332,0.0907000000000006,0,7,7,1,,,,29.39295570427464,8,6,2,6,2,1,,,,,9.567325539661322,6.472703364925657,18.33184483361161,14.52373308081465,202,16,9,1.3939410324300767,1.4660930065150997,11.619609545935706,10.53415434107747,28,51.46193052157849,3,1.5150568679011451,2.172195198894487,ZINCk600000dqRJl_m02_t01,SER5;PRO6;HIS8,3,224.33951949335287
253,native_first,ZINCk700000JTCa8,COc1ccc(CNCc2nn(C)c(=O)n2C)nc1C,103,201,195,1,0,1,17.857142857142858,18.287822287125632,0.6952772296894395,12.7151064168455,5,277.32800000000003,0.1206199999999997,1,7,5,1,,,,21.88062174122295,7,3,4,3,2,1,,,,,11.98007016721375,8.08729861068277,23.098290598290603,14.455208060716052,205,16,10,1.7478129590040716,1.2142629297769012,9.390882812600733,8.837950969705396,28,51.46193052157849,3,2.120263454620986,2.3785032312208183,ZINCk700000JTCa8_m02_t02,SER5;PRO6;HIS8,2,45.53600424373148
254,native_first,ZINCf5000002mCsZ,CO[C@H]1C[C@@H](CN[S@@](C)=O)N([S@@](C)=O)C1,235,273,267,0,0,1,10.714285714285714,11.711653070165411,0.9099592592323756,10.657127152114295,3,254.377,-0.7476999999999985,1,5,5,1,,,,18.39296408768851,5,3,2,3,2,1,,,,,2.718851915379343,1.556710348250097,10.726811431982687,6.637379958456635,275,16,3,0.6547426845275349,0.6679808725373199,5.471457575454651,5.3971806162604965,28,50.94997309811634,3,0.5792318473883867,0.8916411957746982,ZINCf5000002mCsZ_m01_t01,SER5;PRO6;LEU4,0,15.881743224645168
255,native_first,ZINCf5000002mSa8,CO[C@H]1C[C@@H](CN[S@](C)=O)N([S@@](C)=O)C1,264,274,268,0,0,1,10.714285714285714,11.711653070165411,0.8320298883463184,9.744445396320543,3,254.377,-0.7476999999999985,1,5,5,1,,,,18.39296408768851,5,3,2,3,2,1,,,,,2.718851915379343,1.556710348250097,10.726811431982687,6.637379958456635,276,16,15,0.9055212403270986,0.9906845755451232,5.471457575454651,5.245531006334001,28,50.94997309811634,3,0.9053301757850828,0.916400625195918,ZINCf5000002mSa8_m01_t01,SER5;PRO6;LEU4,0,15.189694735849203
256,native_first,ZINCf5000000aavf,Cn1cc(Cn2cnnc2[S@@](C)=O)nn1,251,275,269,0,0,1,10.714285714285714,11.015567504671449,0.9295168042616548,10.239155104070734,3,226.265,-0.8077000000000001,0,7,3,1,,,,18.126155698791603,5,3,2,3,2,1,,,,,5.122506739978581,2.820977557416406,27.81888874952966,8.373418979681837,272,16,11,0.5045692136128169,0.6058987517310338,6.1317068586161225,5.810556250699485,28,50.94997309811634,3,1.2763574240272222,1.9592414559211608,ZINCf5000000aavf_m01_t01,SER5;PRO6;LEU4,0,-1.38216491698164
257,native_first,ZINCf500000437uP,c1cnn2c(Cn3cncn3)nnc2c1,271,266,260,0,0,1,10.714285714285714,11.015567504671449,0.7639691682019683,8.415553943816477,3,201.193,-0.2359000000000004,0,7,2,1,,,,19.76500282930997,6,3,3,3,2,1,,,,,5.029273559679134,2.748161436123153,29.592711682743843,8.713205877086844,271,16,12,0.8778100859238724,1.1897517222337195,6.1317068586161225,4.560553181211627,28,50.94997309811634,3,1.4101990700696232,2.359782691473999,ZINCf500000437uP_m01_t01,SER5;PRO6;LEU4,1,28.446757949629525
258,native_first,ZINCf5000000acCm,Cn1nnc(COc2coccc2=O)n1,252,271,265,0,0,1,10.714285714285714,11.015567504671449,0.928629454921044,10.229380447509012,3,208.177,-0.2577,0,7,3,1,,,,19.21180458462784,6,3,3,3,2,1,,,,,5.377344048650282,2.988216825855061,26.82181410346278,8.835959182644672,269,16,6,0.5656420355610257,0.580079386558515,6.1317068586161225,6.437160570846722,28,50.94997309811634,3,1.6534687338610796,2.67874762962092,ZINCf5000000acCm_m01_t01,SER5;PRO6;LEU4,0,63.37681831716466
259,native_first,ZINCk7000018TeUr,COCc1nsc(Cn2cnc(S(=O)(=O)N(C)C)c2)n1,219,268,262,0,0,1,17.857142857142858,18.287822287125632,0.6092267916118698,11.141431297553597,5,317.3960000000001,0.1795999999999997,0,8,6,1,,,,19.21180458462784,6,3,3,3,2,1,,,,,8.275935582941914,5.292447078535655,18.969569912966143,11.009902833363396,261,16,11,1.8216355981652363,1.7675868304579283,9.390882812600733,8.953366566823064,28,50.41713027137772,3,0.2097655229715571,0.3287188160469649,ZINCk7000018TeUr_m01_t01,SER5;HIS8;HIS8,1,72.81891149419663
260,native_first,ZINCf5000000azNl,c1nc(-c2n[nH]c(-c3cnc[nH]3)n2)n[nH]1,153,40,40,1,1,1,14.285714285714286,15.362996609921524,0.7779621951879621,11.951830567319767,4,202.181,-0.0201000000000003,3,5,2,1,,,,27.275117069153943,9,3,6,3,2,1,,,,,17.21362574829829,10.101026098081242,58.18288854003142,19.728998578512208,57,16,8,1.3735894970471902,0.9959748179233632,6.980676614770233,7.139383039012744,28,50.41713027137772,3,0.3465863781408633,0.3750009695669884,ZINCf5000000azNl_m01_t03,SER5;HIS8;HIS8,1,118.39453058678512
261,native_first,ZINCf5000002KusP,N#Cc1cncn(Cc2cnn[nH]2)c1=O,258,251,245,0,0,1,10.714285714285714,11.711653070165411,0.8588285383337363,10.058301887721976,3,202.177,-0.7186200000000003,1,6,2,1,,,,21.88062174122295,7,3,4,3,2,1,,,,,10.86972734587284,6.332874294086823,38.32728437233136,13.622450944710367,236,16,4,0.8137608126351616,0.8820476097253308,5.471457575454651,5.151229244637993,28,50.41713027137772,3,0.962161475092746,1.5009517263039418,ZINCf5000002KusP_m01_t03,SER5;HIS8;HIS8,0,-51.156242666517166
262,native_first,ZINCf50000025AyO,NC(=O)C(=O)Nc1nc2nccnc2s1,265,222,216,0,0,1,14.285714285714286,13.940393181875551,0.6963686276638548,9.707652469157235,4,223.217,-0.4899,2,6,1,1,,,,24.308867652466137,8,3,5,3,2,1,,,,,13.124051695700722,7.5891945465457455,48.48326359832637,15.920255684892076,168,16,2,1.4077856479628237,1.3037985780863053,9.390882812600733,7.959879742468654,28,50.41713027137772,3,1.1548273954586794,1.4446132822843836,ZINCf50000025AyO_m01_t05,SER5;HIS8;HIS8,3,45.199639941020855
263,native_first,ZINCi800000PAVb1,COCn1cc(NCc2c(OC)cnn2C)nn1,246,259,253,0,0,1,14.285714285714286,15.302104653171591,0.6820018432390998,10.436063578900631,4,252.278,0.2361999999999995,1,8,6,1,,,,21.88062174122295,7,3,4,3,2,1,,,,,9.410794123093744,5.980959724305777,22.06304020463313,12.528251027626045,252,16,9,1.8161702298703448,1.2795570760061683,6.981687475102268,7.000382227796371,28,50.41713027137772,3,1.3136669057989212,1.6879794304826554,ZINCi800000PAVb1_m01_t01,SER5;HIS8;HIS8,0,-9.54702984644756
264,native_first,ZINCf50000017MnG,COCn1nnnc1-c1nccnc1O,261,261,255,0,0,1,14.285714285714286,15.302104653171591,0.6397142649138803,9.788974629838933,4,208.181,-0.5604000000000007,1,8,3,1,,,,21.88062174122295,7,3,4,3,2,1,,,,,7.6177511485977245,4.3765548728636,29.3647363872083,11.183468796754031,258,16,2,1.4909501949201045,1.638567967547763,6.981687475102268,5.599139106082163,28,50.41713027137772,3,1.358568006841957,2.0046324639143567,ZINCf50000017MnG_m01_t04,SER5;HIS8;HIS8,0,70.24447614920959
265,native_first,ZINCf5000000apSF,O=C(Cn1ncsc1=O)c1cnccn1,267,272,266,0,0,1,10.714285714285714,11.015567504671449,0.8375876021832142,9.22650277292509,3,222.229,-0.0222999999999999,0,7,3,1,,,,19.21180458462784,6,3,3,3,2,1,,,,,5.365298042256299,2.9087325795052936,34.51426836672738,8.826924677849185,270,16,0,0.9150735524853072,0.9568528177053914,6.1317068586161225,6.073529036345249,28,49.905172847915566,3,0.7256225500344143,0.8332823521445899,ZINCf5000000apSF_m01_t02,SER5;HIS8;LEU4,2,82.86929797965479
266,native_first,ZINCf5000001ooXU,N=c1[nH]c(N)c([N+](=O)[O-])c(N)c1[N+](=O)[O-],273,124,123,0,1,1,7.142857142857143,9.423555814012603,0.857635840707542,8.081979213005145,2,214.141,-0.5250300000000001,4,7,2,1,,,,38.60671967670929,10,7,3,7,2,1,,,,,9.640521423349709,5.604538100997951,34.446147731789026,16.882070986689605,151,16,2,0.7624327116421279,1.5248654232842431,6.23952474151678,4.7146593182325365,28,49.905172847915566,3,0.9723712600111748,1.4792534025033963,ZINCf5000001ooXU_m01_t03,SER5;HIS8;LEU4,1,-78.09975783791589
267,native_first,ZINCf5000000a8DN,Cc1nn(C)c(=O)n1Cc1cnccn1,263,270,264,0,0,1,10.714285714285714,11.015567504671449,0.885542928844127,9.754757910966944,3,205.22100000000003,-0.2714800000000008,0,6,2,1,,,,19.21180458462784,6,3,3,3,2,1,,,,,5.538544656552724,3.1878404005116336,21.09094982078853,8.956859638571505,268,16,13,0.5828768339509621,0.7692059731780162,6.1317068586161225,5.22898329559111,28,49.905172847915566,3,1.0573696707134177,1.444200825887813,ZINCf5000000a8DN_m01_t01,SER5;HIS8;LEU4,0,34.67612806781788
268,native_first,ZINCf5000001oyw4,O=C(O)c1sc(C(=O)O)c2c(=O)c(=O)c12,266,175,169,0,1,1,17.857142857142858,18.287822287125632,0.5141504889126988,9.402692770074191,5,226.165,-0.1063000000000001,2,5,2,1,,,,24.308867652466137,8,3,5,3,2,1,,,,,13.60025780219306,8.118804441112262,41.86694531522115,16.27741026476133,163,16,10,2.2351755073095783,1.8881995359833748,9.390882812600733,7.328822711815305,28,49.905172847915566,3,1.361036663927828,1.2160497268651131,ZINCf5000001oyw4_m01_t01,SER5;HIS8;LEU4,0,27.96989223512553
269,native_first,ZINCk7000004fuvb,COCCOC[C@H]1CN(c2c(C#N)cnn2C)CCO1,224,262,256,0,0,1,10.714285714285714,11.015567504671449,0.9925651310292236,10.933668203635472,3,280.32800000000003,0.1599799999999995,0,7,6,1,,,,21.586610367481143,7,4,3,4,2,1,,,,,7.655791666387649,5.077109446042454,15.557504251700676,11.138496341661025,259,16,0,0.1929941613231757,0.1722753658606152,6.1317068586161225,6.147196605068904,28,49.905172847915566,3,1.4782148302413916,2.022074600954189,ZINCk7000004fuvb_m01_t01,SER5;HIS8;LEU4,0,166.85525974819248
270,native_first,ZINCf5000003oKPw,Cn1[nH]nnc1=NCc1ncc(C#N)o1,255,250,244,0,0,1,10.714285714285714,12.426931230643136,0.8185911096192566,10.17257542525436,3,205.181,-0.8962199999999998,1,7,2,1,,,,21.88062174122295,7,3,4,3,2,1,,,,,10.890687473047658,6.593306886638545,31.27523941386868,13.638171040091478,235,16,4,0.881877298020496,1.0216990894487583,6.980676614770233,6.155136469111008,28,39.22025354031439,3,0.8878034070554477,1.0468937621397636,ZINCf5000003oKPw_m01_t03,HIS8;HIS8;LEU4,2,44.37111178144583
271,native_first,ZINCf5000002mDsd,C[S@@](=O)N1CCN([S@@](C)=O)CC2(CC2)C1,277,277,271,0,0,1,7.142857142857143,7.364223964915338,0.8685357380442128,6.396091696490622,2,250.38899999999995,-0.0287999999999997,0,4,2,1,,,,15.724146931093404,4,3,1,3,2,1,,,,,0.5353899951884045,0.2921759960449626,3.1948881789137378,4.332579229164654,277,16,15,0.6410746385554723,1.2821492771109368,3.3123011638436526,4.594450440954589,28,27.020983469256315,2,0.4472760413835155,0.8945520827670226,ZINCf5000002mDsd_m01_t01,PRO6;LEU4,2,19.517952734370088
