method_a,method_b,n_shared,kendall_tau,spearman_r,jaccard_top10,jaccard_top25,jaccard_top50
full_cascade,stage3_only,310,0.9995824198768138,0.9999919437918358,0.8181818181818182,1.0,1.0
full_cascade,standard_3d_pharmacophore,310,-0.11756968368305669,-0.18058937204878434,0.25,0.1111111111111111,0.08695652173913043
stage3_only,standard_3d_pharmacophore,310,-0.11715210355987055,-0.1804008567777383,0.25,0.1111111111111111,0.08695652173913043
