ligand_id,smiles,label,source,potency_value,potency_type,murcko_scaffold,in_domain,canonical_smiles,chemotype,mw,logp,hbd,hba,tpsa,rotatable_bonds,formal_charge,matched_active_ligand_id,property_distance,max_active_tanimoto,pref_name,chembl_id,document_year,assay_description
CHEMBL3407579,CC(C)(C)NC(=O)C(c1c(C(=O)O)[nH]c2cc(Cl)ccc12)N(C=O)Cc1cc(F)c(F)c(F)c1,active,ChEMBL:CHEMBL3886366,0.13,Ki,c1ccc(CNCc2c[nH]c3ccccc23)cc1,1,CC(C)(C)NC(=O)C(c1c(C(=O)O)[nH]c2cc(Cl)ccc12)N(C=O)Cc1cc(F)c(F)c(F)c1,scaffold_1,495.88500000000016,4.551200000000002,3,3,102.5,7,0,,,,CHEMBL3407579,CHEMBL3407579,2015.0,"Fluorescence Polarization (FP) Assay: Fluorescent polarization experiments were performed as follows. Briefly, the fluorescence polarization experiments were read on an Ultra Evolution 384-well plate reader (Tecan) with the 485 nm excitation and 535 nm emission filters. The fluorescence intensities parallel (Intparallel) and perpendicular (Intperpedicular) to the plane of excitation were measured in parallel perpendicular black 384-well NBS assay plates (Corning) at room temperature (20° C). The background fluorescence intensities of blank samples containing the references buffer were subtracted and steady-state fluorescence polarization was calculated using the equation: P=(Intparallel Gintperpendicular)/(Intparallel+Gintperpendicular), and the correction factor G (G=0.998 determined empirically) was introduced to eliminate differences in the transmission of vertically and horizontally polarized light. All fluorescence polarization values were expressed in millipolarization units (mP)."
CHEMBL5913446,CC[C@@H]([C@@H](O)CO)N1C(=O)[C@@](C)(CC(=O)O)C[C@H](c2cccc(Cl)c2)[C@H]1c1ccc(Cl)cc1,active,ChEMBL:CHEMBL5725884,1.0,IC50,O=C1CCC(c2ccccc2)C(c2ccccc2)N1,1,CC[C@@H]([C@@H](O)CO)N1C(=O)[C@@](C)(CC(=O)O)C[C@H](c2cccc(Cl)c2)[C@H]1c1ccc(Cl)cc1,scaffold_2,494.4150000000001,4.663400000000004,3,4,98.07,8,0,,,,CHEMBL5913446,CHEMBL5913446,2017.0,"Homogenous Time-Resolved Fluorescence Assay (HTRF2 Assay): The standard assay conditions for the in vitro HTRF assay consisted of a 50 ul total reaction volume in black 384-well Costar polypropylene plates in 1×PBS buffer pH 7.4, 1 mM DTT, 0.1% BSA, 2.5 nM GST-hMDM2 (aa 1-188), 5 nM biotinylated-p53 (aa 1-83), 1.8 nM SA-XLent (Cisbio; Bedford, Mass.), 0.6 nM anti-GST cryptate monoclonal antibody (Cisbio; Bedford, Mass.) and 200 mM KF. Amino acid residues 1-188 of human MDM2 were expressed as an amino-terminal glutathione-S-transferase (GST) fusion protein (GST-hMDM2) in Escherichia coli. Residues 1-83 of human p53 were expressed as an amino-terminal AviTag™-TrxA-6×His fusion protein (biotinylated p53) in E. coli. Each protein was purified from cell paste by affinity chromatography.Specifically, 10 uL of GST-hMDM2 was incubated with 10 ul of diluted compound (various concentrations, serially diluted) in 10% DMSO for 20 minutes at room temperature. 20 uL of biotinylated-p53 was added to the GST-hMDM2+compound mixture, and then incubated at room temperature for 60 min. 10 uL of detection buffer consisting of SA-XLent, anti-GST cryptate antibody and KF was added to GST-hMDM2, biotinylated-p53 and compound reaction and left at room temperature to reach equilibrium for >4 hrs. The final concentration of DMSO in the reaction was 2%. Time-resolved fluorescence readings were measured on a microplate multilabel reader. Percentage of inhibition was calculated relative to nutlin-3. All assay conditions remained the same as described above, with the exception of the following changes in reagent concentrations: 0.2 nM GST-hMDM2 (1-188), 0.5 nM biotinylated-p53 (1-83), 0.18 nM SA-XLent, and 100 mM KF."
CHEMBL3653239,COc1ccccc1-c1nc2c(n1C(C)C)C(c1ccc(Cl)cc1)N(C1CCC(=O)N(C)C1)C2=O,active,ChEMBL:CHEMBL3639025,1.47,IC50,O=C1CCC(N2C(=O)c3nc(-c4ccccc4)[nH]c3C2c2ccccc2)CN1,1,COc1ccccc1-c1nc2c(n1C(C)C)C(c1ccc(Cl)cc1)N(C1CCC(=O)N(C)C1)C2=O,scaffold_3,493.0070000000002,4.959000000000006,0,5,67.67,5,0,,,,CHEMBL3653239,CHEMBL3653239,2014.0,"Time Resolved Fluorescence Energy Transfer (TR-FRET) Assay: The inhibition of p53-MDM2 and p53-MDM4 interactions is measured by time resolved fluorescence energy transfer (TR-FRET). Fluorescence energy transfer (or Foerster resonance energy transfer) describes an energy transfer between donor and acceptor fluorescent molecules. For this assay, human MDM2 protein (amino acids 2-188) and human MDM4 protein (amino acids 2-185), tagged with a C-terminal biotin moiety, are used in combination with a Europium labeled streptavidin (Perkin Elmer, Inc., Waltham, Mass., USA) serving as the donor fluorophore. The p53 derived, Cy5 labeled peptide Cy5-TFSDLWKLL (p53 aa18-26) is the energy acceptor. Upon excitation of the donor molecule at 340 nm, binding interaction between MDM2 or MDM4 and the p53 peptide induces energy transfer and enhanced response at the acceptor emission wavelength at 665 nm."
CHEMBL5989834,CC(C)C(O)c1nc2nc(-c3noc(=O)[nH]3)nc(N[C@H](C)C3CCC3)c2n1C[C@H]1CC[C@H](C)CC1,active,ChEMBL:CHEMBL5725217,3.662,IC50,O=c1[nH]c(-c2nc(NCC3CCC3)c3c(ncn3CC3CCCCC3)n2)no1,1,CC(C)C(O)c1nc2nc(-c3noc(=O)[nH]3)nc(N[C@H](C)C3CCC3)c2n1C[C@H]1CC[C@H](C)CC1,scaffold_4,483.6170000000004,4.285800000000004,3,9,134.75,8,0,,,,CHEMBL5989834,CHEMBL5989834,2017.0,"FRET Assay: An HDM2 FRET assay was developed to assess the compounds' inhibitory activity towards binding of p53 protein. A truncated version of HDM2 with residues 17 to 125 (containing p53 binding surface, Science (1994) 265, 346-355), with N-terminal His and Thioredoxin tag was generated in pET32a expression vector and expressed in E. coli strain BL21(DE3)Rosetta. Protein was purified using Ni-affinity chromatography, followed by size exclusion chromatography using Superdex 75 26/60 column. To assess inhibition of p53 binding to HDM2, a FITC labeled 8-mer peptide (sequence: Ac-Phe-Arg-Dpr-Ac6c-(6-Br)Trp-Glu-Glu-Leu-NH2; Anal Biochem. 2004 Aug. 1; 331(1):138-46) with strong affinity towards p53 binding pocket of HDM2 was used. The HDM2 assay buffer contained 1× Phosphate Buffered Saline (Invitrogen, Cat#14190), 0.01% BSA (Jackson ImmunoResearch, Cat#001-000-162), 0.01% Tween-20. In the 1× assay buffer recombinant HDM2 protein, peptide and Lumi4-Tb Cryptate-conjugate mouse anti-6×His antibody (cisbio, Cat# Tb61HISTLB) were added and transferred to ProxiPlate PLUS (PerkinElmer, Cat#6008269), containing compounds so that final DMSO concentration is 0.1%. Final concentrations of reagents in the assay wells are 0.5 nM HDM2, 0.25 nM anti HIS (Tb label) antibody and 3 nM peptide. After two hour incubation at room temperature in a humidified chamber plates were read on EnVision plate reader with the following settings: excitation: UV, 340 nM, two emission filters: 520 nm and 495 nm respectively. Ratio of em520/em495 was used to calculate % inhibition and to obtain IC50 with 4-parameter logistic equation."
CHEMBL3693969,CNC(=O)[C@@H]1NC2(CCCCC2)[C@@]2(C(=O)Nc3cc(Cl)ccc32)[C@H]1c1cccc(Cl)c1F,active,ChEMBL:CHEMBL4007507,4.3,Ki,O=C1Nc2ccccc2C12C(c1ccccc1)CNC21CCCCC1,1,CNC(=O)[C@@H]1NC2(CCCCC2)[C@@]2(C(=O)Nc3cc(Cl)ccc32)[C@H]1c1cccc(Cl)c1F,scaffold_5,476.3790000000001,4.526900000000003,3,3,70.23,2,0,,,,CHEMBL3693969,CHEMBL3693969,2017.0,Inhibition of FAM-tagged p53-based PMDM6-F peptide binding to human recombinant His-tagged MDM2 (1 to 118 residues) after 30 mins by fluorescence polarization assay
CHEMBL5879668,COC1(c2nc3nc(-c4noc(=O)[nH]4)nc(N[C@H](C)C4CCC4)c3n2C[C@H]2CC[C@H](C)CC2)CCC1,active,ChEMBL:CHEMBL5725217,4.536,IC50,O=c1[nH]c(-c2nc(NCC3CCC3)c3c(n2)nc(C2CCC2)n3CC2CCCCC2)no1,1,COC1(c2nc3nc(-c4noc(=O)[nH]4)nc(N[C@H](C)C4CCC4)c3n2C[C@H]2CC[C@H](C)CC2)CCC1,scaffold_6,495.62800000000055,4.622000000000003,2,9,123.75,8,0,,,,CHEMBL5879668,CHEMBL5879668,2017.0,"FRET Assay: An HDM2 FRET assay was developed to assess the compounds' inhibitory activity towards binding of p53 protein. A truncated version of HDM2 with residues 17 to 125 (containing p53 binding surface, Science (1994) 265, 346-355), with N-terminal His and Thioredoxin tag was generated in pET32a expression vector and expressed in E. coli strain BL21(DE3)Rosetta. Protein was purified using Ni-affinity chromatography, followed by size exclusion chromatography using Superdex 75 26/60 column. To assess inhibition of p53 binding to HDM2, a FITC labeled 8-mer peptide (sequence: Ac-Phe-Arg-Dpr-Ac6c-(6-Br)Trp-Glu-Glu-Leu-NH2; Anal Biochem. 2004 Aug. 1; 331(1):138-46) with strong affinity towards p53 binding pocket of HDM2 was used. The HDM2 assay buffer contained 1× Phosphate Buffered Saline (Invitrogen, Cat#14190), 0.01% BSA (Jackson ImmunoResearch, Cat#001-000-162), 0.01% Tween-20. In the 1× assay buffer recombinant HDM2 protein, peptide and Lumi4-Tb Cryptate-conjugate mouse anti-6×His antibody (cisbio, Cat# Tb61HISTLB) were added and transferred to ProxiPlate PLUS (PerkinElmer, Cat#6008269), containing compounds so that final DMSO concentration is 0.1%. Final concentrations of reagents in the assay wells are 0.5 nM HDM2, 0.25 nM anti HIS (Tb label) antibody and 3 nM peptide. After two hour incubation at room temperature in a humidified chamber plates were read on EnVision plate reader with the following settings: excitation: UV, 340 nM, two emission filters: 520 nm and 495 nm respectively. Ratio of em520/em495 was used to calculate % inhibition and to obtain IC50 with 4-parameter logistic equation."
CHEMBL5883242,C[C@@H](Nc1nc(-c2noc(=O)[nH]2)nc2nc(N(C)CC3CC3)n(C[C@H]3CC[C@H](C)CC3)c12)C1CCC1,active,ChEMBL:CHEMBL5725217,5.341,IC50,O=c1[nH]c(-c2nc(NCC3CCC3)c3c(n2)nc(NCC2CC2)n3CC2CCCCC2)no1,1,C[C@@H](Nc1nc(-c2noc(=O)[nH]2)nc2nc(N(C)CC3CC3)n(C[C@H]3CC[C@H](C)CC3)c12)C1CCC1,scaffold_7,494.6440000000006,4.442600000000002,2,9,117.76,9,0,,,,CHEMBL5883242,CHEMBL5883242,2017.0,"FRET Assay: An HDM2 FRET assay was developed to assess the compounds' inhibitory activity towards binding of p53 protein. A truncated version of HDM2 with residues 17 to 125 (containing p53 binding surface, Science (1994) 265, 346-355), with N-terminal His and Thioredoxin tag was generated in pET32a expression vector and expressed in E. coli strain BL21(DE3)Rosetta. Protein was purified using Ni-affinity chromatography, followed by size exclusion chromatography using Superdex 75 26/60 column. To assess inhibition of p53 binding to HDM2, a FITC labeled 8-mer peptide (sequence: Ac-Phe-Arg-Dpr-Ac6c-(6-Br)Trp-Glu-Glu-Leu-NH2; Anal Biochem. 2004 Aug. 1; 331(1):138-46) with strong affinity towards p53 binding pocket of HDM2 was used. The HDM2 assay buffer contained 1× Phosphate Buffered Saline (Invitrogen, Cat#14190), 0.01% BSA (Jackson ImmunoResearch, Cat#001-000-162), 0.01% Tween-20. In the 1× assay buffer recombinant HDM2 protein, peptide and Lumi4-Tb Cryptate-conjugate mouse anti-6×His antibody (cisbio, Cat# Tb61HISTLB) were added and transferred to ProxiPlate PLUS (PerkinElmer, Cat#6008269), containing compounds so that final DMSO concentration is 0.1%. Final concentrations of reagents in the assay wells are 0.5 nM HDM2, 0.25 nM anti HIS (Tb label) antibody and 3 nM peptide. After two hour incubation at room temperature in a humidified chamber plates were read on EnVision plate reader with the following settings: excitation: UV, 340 nM, two emission filters: 520 nm and 495 nm respectively. Ratio of em520/em495 was used to calculate % inhibition and to obtain IC50 with 4-parameter logistic equation."
CHEMBL5921912,C[C@@H](Nc1nc(-c2noc(=O)[nH]2)nc2nc(-c3nccs3)n(C[C@H]3CC[C@H](C)CC3)c12)C1CCC1,active,ChEMBL:CHEMBL5725217,6.279,IC50,O=c1[nH]c(-c2nc(NCC3CCC3)c3c(n2)nc(-c2nccs2)n3CC2CCCCC2)no1,1,C[C@@H](Nc1nc(-c2noc(=O)[nH]2)nc2nc(-c3nccs3)n(C[C@H]3CC[C@H](C)CC3)c12)C1CCC1,scaffold_8,494.62500000000045,4.719900000000004,2,10,127.41,7,0,,,,CHEMBL5921912,CHEMBL5921912,2017.0,"FRET Assay: An HDM2 FRET assay was developed to assess the compounds' inhibitory activity towards binding of p53 protein. A truncated version of HDM2 with residues 17 to 125 (containing p53 binding surface, Science (1994) 265, 346-355), with N-terminal His and Thioredoxin tag was generated in pET32a expression vector and expressed in E. coli strain BL21(DE3)Rosetta. Protein was purified using Ni-affinity chromatography, followed by size exclusion chromatography using Superdex 75 26/60 column. To assess inhibition of p53 binding to HDM2, a FITC labeled 8-mer peptide (sequence: Ac-Phe-Arg-Dpr-Ac6c-(6-Br)Trp-Glu-Glu-Leu-NH2; Anal Biochem. 2004 Aug. 1; 331(1):138-46) with strong affinity towards p53 binding pocket of HDM2 was used. The HDM2 assay buffer contained 1× Phosphate Buffered Saline (Invitrogen, Cat#14190), 0.01% BSA (Jackson ImmunoResearch, Cat#001-000-162), 0.01% Tween-20. In the 1× assay buffer recombinant HDM2 protein, peptide and Lumi4-Tb Cryptate-conjugate mouse anti-6×His antibody (cisbio, Cat# Tb61HISTLB) were added and transferred to ProxiPlate PLUS (PerkinElmer, Cat#6008269), containing compounds so that final DMSO concentration is 0.1%. Final concentrations of reagents in the assay wells are 0.5 nM HDM2, 0.25 nM anti HIS (Tb label) antibody and 3 nM peptide. After two hour incubation at room temperature in a humidified chamber plates were read on EnVision plate reader with the following settings: excitation: UV, 340 nM, two emission filters: 520 nm and 495 nm respectively. Ratio of em520/em495 was used to calculate % inhibition and to obtain IC50 with 4-parameter logistic equation."
CHEMBL378100,CN(C)C(=O)[C@@H]1N[C@H](CC(C)(C)C)[C@]2(C(=O)Nc3cc(Cl)ccc32)[C@H]1c1cccc(Cl)c1,active,ChEMBL:CHEMBL4350977,8.5,Ki,O=C1Nc2ccccc2C12CNCC2c1ccccc1,1,CN(C)C(=O)[C@@H]1N[C@H](CC(C)(C)C)[C@]2(C(=O)Nc3cc(Cl)ccc32)[C@H]1c1cccc(Cl)c1,scaffold_9,474.4320000000001,4.831900000000004,2,3,61.440000000000005,3,0,,,,CHEMBL378100,CHEMBL378100,2019.0,Inhibition of p53 protein binding to MDM2 (unknown origin) by western blot analysis
CHEMBL4102803,O=C(CC(c1ccccc1)c1ccccc1)N[C@H](Cc1ccc(O)cc1)C(=O)O,active,ChEMBL:CHEMBL4017523,9.6,IC50,O=C(CC(c1ccccc1)c1ccccc1)NCCc1ccccc1,1,O=C(CC(c1ccccc1)c1ccccc1)N[C@H](Cc1ccc(O)cc1)C(=O)O,scaffold_10,389.45100000000014,3.726300000000001,3,3,86.63000000000001,8,0,,,,CHEMBL4102803,CHEMBL4102803,2017.0,Inhibition of MDM2 in human U87MG cells assessed as reduction in MDM2 interaction with p53 after 10 mins by quantitative sandwich immune-enzymatic assay
CHEMBL5869704,C[C@@H](Nc1nc(-c2noc(=O)[nH]2)nc2nc(C(O)C3CCC3)n(C[C@H]3CC[C@H](C)CC3)c12)C1CCC1,active,ChEMBL:CHEMBL5725217,9.754,IC50,O=c1[nH]c(-c2nc(NCC3CCC3)c3c(n2)nc(CC2CCC2)n3CC2CCCCC2)no1,1,C[C@@H](Nc1nc(-c2noc(=O)[nH]2)nc2nc(C(O)C3CCC3)n(C[C@H]3CC[C@H](C)CC3)c12)C1CCC1,scaffold_11,495.62800000000055,4.429900000000004,3,9,134.75,8,0,,,,CHEMBL5869704,CHEMBL5869704,2017.0,"FRET Assay: An HDM2 FRET assay was developed to assess the compounds' inhibitory activity towards binding of p53 protein. A truncated version of HDM2 with residues 17 to 125 (containing p53 binding surface, Science (1994) 265, 346-355), with N-terminal His and Thioredoxin tag was generated in pET32a expression vector and expressed in E. coli strain BL21(DE3)Rosetta. Protein was purified using Ni-affinity chromatography, followed by size exclusion chromatography using Superdex 75 26/60 column. To assess inhibition of p53 binding to HDM2, a FITC labeled 8-mer peptide (sequence: Ac-Phe-Arg-Dpr-Ac6c-(6-Br)Trp-Glu-Glu-Leu-NH2; Anal Biochem. 2004 Aug. 1; 331(1):138-46) with strong affinity towards p53 binding pocket of HDM2 was used. The HDM2 assay buffer contained 1× Phosphate Buffered Saline (Invitrogen, Cat#14190), 0.01% BSA (Jackson ImmunoResearch, Cat#001-000-162), 0.01% Tween-20. In the 1× assay buffer recombinant HDM2 protein, peptide and Lumi4-Tb Cryptate-conjugate mouse anti-6×His antibody (cisbio, Cat# Tb61HISTLB) were added and transferred to ProxiPlate PLUS (PerkinElmer, Cat#6008269), containing compounds so that final DMSO concentration is 0.1%. Final concentrations of reagents in the assay wells are 0.5 nM HDM2, 0.25 nM anti HIS (Tb label) antibody and 3 nM peptide. After two hour incubation at room temperature in a humidified chamber plates were read on EnVision plate reader with the following settings: excitation: UV, 340 nM, two emission filters: 520 nm and 495 nm respectively. Ratio of em520/em495 was used to calculate % inhibition and to obtain IC50 with 4-parameter logistic equation."
CHEMBL5978015,CC[C@H]1CC[C@H](Cn2c(N3CCOCC3)nc3nc(C(=O)O)nc(N[C@H](C)C4CCC4)c32)CC1,active,ChEMBL:CHEMBL5725217,13.05,IC50,c1nc(NCC2CCC2)c2c(n1)nc(N1CCOCC1)n2CC1CCCCC1,1,CC[C@H]1CC[C@H](Cn2c(N3CCOCC3)nc3nc(C(=O)O)nc(N[C@H](C)C4CCC4)c32)CC1,scaffold_12,470.6180000000003,4.178000000000003,2,8,105.4,8,0,,,,CHEMBL5978015,CHEMBL5978015,2017.0,"FRET Assay: An HDM2 FRET assay was developed to assess the compounds' inhibitory activity towards binding of p53 protein. A truncated version of HDM2 with residues 17 to 125 (containing p53 binding surface, Science (1994) 265, 346-355), with N-terminal His and Thioredoxin tag was generated in pET32a expression vector and expressed in E. coli strain BL21(DE3)Rosetta. Protein was purified using Ni-affinity chromatography, followed by size exclusion chromatography using Superdex 75 26/60 column. To assess inhibition of p53 binding to HDM2, a FITC labeled 8-mer peptide (sequence: Ac-Phe-Arg-Dpr-Ac6c-(6-Br)Trp-Glu-Glu-Leu-NH2; Anal Biochem. 2004 Aug. 1; 331(1):138-46) with strong affinity towards p53 binding pocket of HDM2 was used. The HDM2 assay buffer contained 1× Phosphate Buffered Saline (Invitrogen, Cat#14190), 0.01% BSA (Jackson ImmunoResearch, Cat#001-000-162), 0.01% Tween-20. In the 1× assay buffer recombinant HDM2 protein, peptide and Lumi4-Tb Cryptate-conjugate mouse anti-6×His antibody (cisbio, Cat# Tb61HISTLB) were added and transferred to ProxiPlate PLUS (PerkinElmer, Cat#6008269), containing compounds so that final DMSO concentration is 0.1%. Final concentrations of reagents in the assay wells are 0.5 nM HDM2, 0.25 nM anti HIS (Tb label) antibody and 3 nM peptide. After two hour incubation at room temperature in a humidified chamber plates were read on EnVision plate reader with the following settings: excitation: UV, 340 nM, two emission filters: 520 nm and 495 nm respectively. Ratio of em520/em495 was used to calculate % inhibition and to obtain IC50 with 4-parameter logistic equation."
CHEMBL3819071,CC[C@H](C)[C@H](NC(=O)[C@@H](NC(=O)C(=O)c1c(-c2ccccc2)[nH]c2ccccc12)C(C)C)C(=O)OC,active,ChEMBL:CHEMBL3817787,15.2,IC50,c1ccc(-c2cc3ccccc3[nH]2)cc1,1,CC[C@H](C)[C@H](NC(=O)[C@@H](NC(=O)C(=O)c1c(-c2ccccc2)[nH]c2ccccc12)C(C)C)C(=O)OC,scaffold_13,491.5880000000002,3.862300000000002,3,5,117.36,10,0,,,,CHEMBL3819071,CHEMBL3819071,2016.0,Binding affinity to MDM2 in human U87MG cells assessed as inhibition of MDM2/p53 protein interaction after 10 mins by quantitative sandwich immuno assay
CHEMBL3687241,CC(C)c1c2c(nn1Cc1nnn[nH]1)C(=O)N(c1cccc(Cl)c1F)C2c1ccc(Cl)cc1,active,ChEMBL:CHEMBL3638655,16.2,IC50,O=C1c2nn(Cc3nnn[nH]3)cc2C(c2ccccc2)N1c1ccccc1,1,CC(C)c1c2c(nn1Cc1nnn[nH]1)C(=O)N(c1cccc(Cl)c1F)C2c1ccc(Cl)cc1,scaffold_14,486.3380000000001,4.763600000000004,1,6,92.59,5,0,,,,CHEMBL3687241,CHEMBL3687241,2015.0,"Time Resolved Fluorescence Energy Transfer (TR-FRET) Assay: The inhibition of p53-MDM2 and p53-MDM4 interactions is measured by time resolved fluorescence energy transfer (TR-FRET). Fluorescence energy transfer (or Foerster resonance energy transfer) describes an energy transfer between donor and acceptor fluorescent molecules. For this assay, human MDM2 protein (amino acids 2-188) and human MDM4 protein (amino acids 2-185), tagged with a C-terminal biotin moiety, are used in combination with a Europium labeled streptavidin (Perkin Elmer, Inc., Waltham, MA, USA) serving as the donor fluorophore. The p53 derived, Cy5 labeled peptide Cy5-TFSDLWKLL (p53 aa18-26) is the energy acceptor. Upon excitation of the donor molecule at 340nm, binding interaction between MDM2 or MDM4 and the p53 peptide induces energy transfer and enhanced response at the acceptor emission wavelength at 665 nm."
CHEMBL6064615,C[C@@H](Nc1nc(-c2noc(=O)[nH]2)nc2nc(-n3ccnc3)n(C[C@H]3CC[C@H](C)CC3)c12)C1CCC1,active,ChEMBL:CHEMBL5725217,16.45,IC50,O=c1[nH]c(-c2nc(NCC3CCC3)c3c(n2)nc(-n2ccnc2)n3CC2CCCCC2)no1,1,C[C@@H](Nc1nc(-c2noc(=O)[nH]2)nc2nc(-n3ccnc3)n(C[C@H]3CC[C@H](C)CC3)c12)C1CCC1,scaffold_15,477.5730000000004,3.7821000000000016,2,10,132.34,7,0,,,,CHEMBL6064615,CHEMBL6064615,2017.0,"FRET Assay: An HDM2 FRET assay was developed to assess the compounds' inhibitory activity towards binding of p53 protein. A truncated version of HDM2 with residues 17 to 125 (containing p53 binding surface, Science (1994) 265, 346-355), with N-terminal His and Thioredoxin tag was generated in pET32a expression vector and expressed in E. coli strain BL21(DE3)Rosetta. Protein was purified using Ni-affinity chromatography, followed by size exclusion chromatography using Superdex 75 26/60 column. To assess inhibition of p53 binding to HDM2, a FITC labeled 8-mer peptide (sequence: Ac-Phe-Arg-Dpr-Ac6c-(6-Br)Trp-Glu-Glu-Leu-NH2; Anal Biochem. 2004 Aug. 1; 331(1):138-46) with strong affinity towards p53 binding pocket of HDM2 was used. The HDM2 assay buffer contained 1× Phosphate Buffered Saline (Invitrogen, Cat#14190), 0.01% BSA (Jackson ImmunoResearch, Cat#001-000-162), 0.01% Tween-20. In the 1× assay buffer recombinant HDM2 protein, peptide and Lumi4-Tb Cryptate-conjugate mouse anti-6×His antibody (cisbio, Cat# Tb61HISTLB) were added and transferred to ProxiPlate PLUS (PerkinElmer, Cat#6008269), containing compounds so that final DMSO concentration is 0.1%. Final concentrations of reagents in the assay wells are 0.5 nM HDM2, 0.25 nM anti HIS (Tb label) antibody and 3 nM peptide. After two hour incubation at room temperature in a humidified chamber plates were read on EnVision plate reader with the following settings: excitation: UV, 340 nM, two emission filters: 520 nm and 495 nm respectively. Ratio of em520/em495 was used to calculate % inhibition and to obtain IC50 with 4-parameter logistic equation."
CHEMBL5849977,C[C@@H](Nc1nc(-c2noc(=O)[nH]2)nc2nc(C3CC3)n(C[C@H]3CC[C@H](C)CC3)c12)C1CCC1,active,ChEMBL:CHEMBL5725217,18.02,IC50,O=c1[nH]c(-c2nc(NCC3CCC3)c3c(n2)nc(C2CC2)n3CC2CCCCC2)no1,1,C[C@@H](Nc1nc(-c2noc(=O)[nH]2)nc2nc(C3CC3)n(C[C@H]3CC[C@H](C)CC3)c12)C1CCC1,scaffold_16,451.5750000000005,4.473800000000003,2,8,114.52,7,0,,,,CHEMBL5849977,CHEMBL5849977,2017.0,"FRET Assay: An HDM2 FRET assay was developed to assess the compounds' inhibitory activity towards binding of p53 protein. A truncated version of HDM2 with residues 17 to 125 (containing p53 binding surface, Science (1994) 265, 346-355), with N-terminal His and Thioredoxin tag was generated in pET32a expression vector and expressed in E. coli strain BL21(DE3)Rosetta. Protein was purified using Ni-affinity chromatography, followed by size exclusion chromatography using Superdex 75 26/60 column. To assess inhibition of p53 binding to HDM2, a FITC labeled 8-mer peptide (sequence: Ac-Phe-Arg-Dpr-Ac6c-(6-Br)Trp-Glu-Glu-Leu-NH2; Anal Biochem. 2004 Aug. 1; 331(1):138-46) with strong affinity towards p53 binding pocket of HDM2 was used. The HDM2 assay buffer contained 1× Phosphate Buffered Saline (Invitrogen, Cat#14190), 0.01% BSA (Jackson ImmunoResearch, Cat#001-000-162), 0.01% Tween-20. In the 1× assay buffer recombinant HDM2 protein, peptide and Lumi4-Tb Cryptate-conjugate mouse anti-6×His antibody (cisbio, Cat# Tb61HISTLB) were added and transferred to ProxiPlate PLUS (PerkinElmer, Cat#6008269), containing compounds so that final DMSO concentration is 0.1%. Final concentrations of reagents in the assay wells are 0.5 nM HDM2, 0.25 nM anti HIS (Tb label) antibody and 3 nM peptide. After two hour incubation at room temperature in a humidified chamber plates were read on EnVision plate reader with the following settings: excitation: UV, 340 nM, two emission filters: 520 nm and 495 nm respectively. Ratio of em520/em495 was used to calculate % inhibition and to obtain IC50 with 4-parameter logistic equation."
CHEMBL5876084,CO[C@]1(c2ccc(Cl)cc2)c2c(F)cc(C(C)(C)O)cc2C(=O)N1Cc1ccc(C#N)cn1,active,ChEMBL:CHEMBL5728955,25.0,IC50,O=C1c2ccccc2C(c2ccccc2)N1Cc1ccccn1,1,CO[C@]1(c2ccc(Cl)cc2)c2c(F)cc(C(C)(C)O)cc2C(=O)N1Cc1ccc(C#N)cn1,scaffold_17,465.9120000000002,4.476680000000004,1,5,86.45,5,0,,,,CHEMBL5876084,CHEMBL5876084,2022.0,"Binding Assay (ELISA): The ELISA assay was performed in streptavidin coated plates which were preincubated with 200 ul per well of 1 μg ml−1 biotinylated IP3 peptide. The plates were ready to use for MDM2 binding after washing the plate with PBS.Compounds and control solutions in DMSO aliquoted in 96-well plates were pre-incubated in a final 2.5-5% (v/v) DMSO concentration at room temperature (for example 20C.) for 20 min with 190 ul aliquots of optimized concentrations of in vitro translated MDM2, before transfer of the MDM2-compound mixture to the b-IP3 streptavidin plates, and incubation at 4C. for 90 min. After washing three times with PBS to remove unbound MDM2, each well was incubated at 20C. for 1 hour with a TBS-Tween (50 mM Tris pH7.5; 150 mM NaCl; 0.05% Tween 20 nonionic detergent) buffered solution of primary mouse monoclonal anti-MDM2 antibody (Ab-5, Calbiochem, used at a 1/10000 or 1/200 dilution depending on the antibody stock solution used), then washed three times with TBS-Tween before incubation for 45 mins at 20C. with a TBS-Tween buffered solution of a goat-anti-mouse horseradish peroxidase (HRP) conjugated secondary antibody (used at 1/20000 or 1/2000 depending on the antibody stock solution). The unbound secondary antibody was removed by washing three times with TBS-Tween. The bound HRP activity was measured by enhanced chemiluminesence (ECL, Amersham Biosciences) using the oxidation of the diacylhydrazide substrate, luminol, to generate a quantifiable light signal. The percentage of MDM2 inhibition at a given concentration is calculated as the [1−(RLU detected in the compound treated sample−RLU negative DMSO control)÷(RLU of DMSO positive and negative controls)]x100 or as the (RLU detected in the compound treated sample ÷ RLU of DMSO controls)x100."
CHEMBL6024824,CC1CCCN1c1nc2nc(-c3noc(=O)[nH]3)nc(N[C@H](C)C3CCC3)c2n1C[C@H]1CC[C@H](C)CC1,active,ChEMBL:CHEMBL5725217,25.37,IC50,O=c1[nH]c(-c2nc(NCC3CCC3)c3c(n2)nc(N2CCCC2)n3CC2CCCCC2)no1,1,CC1CCCN1c1nc2nc(-c3noc(=O)[nH]3)nc(N[C@H](C)C3CCC3)c2n1C[C@H]1CC[C@H](C)CC1,scaffold_18,494.64400000000046,4.585100000000004,2,9,117.76,7,0,,,,CHEMBL6024824,CHEMBL6024824,2017.0,"FRET Assay: An HDM2 FRET assay was developed to assess the compounds' inhibitory activity towards binding of p53 protein. A truncated version of HDM2 with residues 17 to 125 (containing p53 binding surface, Science (1994) 265, 346-355), with N-terminal His and Thioredoxin tag was generated in pET32a expression vector and expressed in E. coli strain BL21(DE3)Rosetta. Protein was purified using Ni-affinity chromatography, followed by size exclusion chromatography using Superdex 75 26/60 column. To assess inhibition of p53 binding to HDM2, a FITC labeled 8-mer peptide (sequence: Ac-Phe-Arg-Dpr-Ac6c-(6-Br)Trp-Glu-Glu-Leu-NH2; Anal Biochem. 2004 Aug. 1; 331(1):138-46) with strong affinity towards p53 binding pocket of HDM2 was used. The HDM2 assay buffer contained 1× Phosphate Buffered Saline (Invitrogen, Cat#14190), 0.01% BSA (Jackson ImmunoResearch, Cat#001-000-162), 0.01% Tween-20. In the 1× assay buffer recombinant HDM2 protein, peptide and Lumi4-Tb Cryptate-conjugate mouse anti-6×His antibody (cisbio, Cat# Tb61HISTLB) were added and transferred to ProxiPlate PLUS (PerkinElmer, Cat#6008269), containing compounds so that final DMSO concentration is 0.1%. Final concentrations of reagents in the assay wells are 0.5 nM HDM2, 0.25 nM anti HIS (Tb label) antibody and 3 nM peptide. After two hour incubation at room temperature in a humidified chamber plates were read on EnVision plate reader with the following settings: excitation: UV, 340 nM, two emission filters: 520 nm and 495 nm respectively. Ratio of em520/em495 was used to calculate % inhibition and to obtain IC50 with 4-parameter logistic equation."
CHEMBL5877121,CC(O)(CO)c1ccc2c(c1)C(=O)N(Cc1ccc(C#N)cc1)[C@]2(C)OCC1(CO)CC1,active,ChEMBL:CHEMBL5727518,26.0,IC50,O=C1c2ccccc2C(OCC2CC2)N1Cc1ccccc1,1,CC(O)(CO)c1ccc2c(c1)C(=O)N(Cc1ccc(C#N)cc1)[C@]2(C)OCC1(CO)CC1,scaffold_19,436.5080000000003,2.3758800000000004,3,6,114.02,8,0,,,,CHEMBL5877121,CHEMBL5877121,2020.0,"MDM2-p53 Interaction Using a 96-Well Plate Binding Assay (ELISA): The ELISA assay was performed in streptavidin coated plates which were preincubated with 200 μl per well of 1 μg ml−1 biotinylated IP3 peptide. The plates were ready to use for MDM2 binding after washing the plate with PBS.Compounds and control solutions in DMSO aliquoted in 96-well plates were pre-incubated in a final 2.5-5% (v/v) DMSO concentration at room temperature (for example 20° C.) for 20 min with 190 μl aliquots of optimized concentrations of in vitro translated MDM2, before transfer of the MDM2-compound mixture to the b-IP3 streptavidin plates, and incubation at 4° C. for 90 min. After washing three times with PBS to remove unbound MDM2, each well was incubated at 20° C. for 1 hour with a TBS-Tween (50 mM Tris pH7.5; 150 mM NaCl; 0.05% Tween 20 nonionic detergent) buffered solution of primary mouse monoclonal anti-MDM2 antibody (Ab-5, Calbiochem, used at a 1/10000 or 1/200 dilution depending on the antibody stock solution used), then washed three times with TBS-Tween before incubation for 45 mins at 20° C. with a TBS-Tween buffered solution of a goat-anti-mouse horseradish peroxidase (HRP) conjugated secondary antibody (used at 1/20000 or 1/2000 depending on the antibody stock solution). The unbound secondary antibody was removed by washing three times with TBS-Tween. The bound HRP activity was measured by enhanced chemiluminescence (ECL, Amersham Biosciences) using the oxidation of the diacylhydrazide substrate, luminol, to generate a quantifiable light signal. The percentage of MDM2 inhibition at a given concentration is calculated as the [1−(RLU detected in the compound treated sampleRLU negative DMSO control)÷(RLU of DMSO positive and negative controls)]×100 or as the (RLU detected in the compound treated sample÷RLU of DMSO controls)×100. The IC50 was calculated using a plot of % MDM2 inhibition vs concentration and is the average of two or three independent experiments."
CHEMBL5859878,C[C@H](CO)Nc1nc2nc(-c3noc(=O)[nH]3)nc(-c3cccc(Cl)c3)c2n1C[C@H]1CC[C@H](C)CC1,active,ChEMBL:CHEMBL5725217,29.77,IC50,O=c1[nH]c(-c2nc(-c3ccccc3)c3c(ncn3CC3CCCCC3)n2)no1,1,C[C@H](CO)Nc1nc2nc(-c3noc(=O)[nH]3)nc(-c3cccc(Cl)c3)c2n1C[C@H]1CC[C@H](C)CC1,scaffold_20,497.9870000000004,4.109000000000003,3,9,134.75,7,0,,,,CHEMBL5859878,CHEMBL5859878,2017.0,"FRET Assay: An HDM2 FRET assay was developed to assess the compounds' inhibitory activity towards binding of p53 protein. A truncated version of HDM2 with residues 17 to 125 (containing p53 binding surface, Science (1994) 265, 346-355), with N-terminal His and Thioredoxin tag was generated in pET32a expression vector and expressed in E. coli strain BL21(DE3)Rosetta. Protein was purified using Ni-affinity chromatography, followed by size exclusion chromatography using Superdex 75 26/60 column. To assess inhibition of p53 binding to HDM2, a FITC labeled 8-mer peptide (sequence: Ac-Phe-Arg-Dpr-Ac6c-(6-Br)Trp-Glu-Glu-Leu-NH2; Anal Biochem. 2004 Aug. 1; 331(1):138-46) with strong affinity towards p53 binding pocket of HDM2 was used. The HDM2 assay buffer contained 1× Phosphate Buffered Saline (Invitrogen, Cat#14190), 0.01% BSA (Jackson ImmunoResearch, Cat#001-000-162), 0.01% Tween-20. In the 1× assay buffer recombinant HDM2 protein, peptide and Lumi4-Tb Cryptate-conjugate mouse anti-6×His antibody (cisbio, Cat# Tb61HISTLB) were added and transferred to ProxiPlate PLUS (PerkinElmer, Cat#6008269), containing compounds so that final DMSO concentration is 0.1%. Final concentrations of reagents in the assay wells are 0.5 nM HDM2, 0.25 nM anti HIS (Tb label) antibody and 3 nM peptide. After two hour incubation at room temperature in a humidified chamber plates were read on EnVision plate reader with the following settings: excitation: UV, 340 nM, two emission filters: 520 nm and 495 nm respectively. Ratio of em520/em495 was used to calculate % inhibition and to obtain IC50 with 4-parameter logistic equation."
CHEMBL5267044,Cc1c(Cl)ccc2c(/C=C3\NC(=O)N(Cc4ccc(F)c(F)c4)C3=O)c[nH]c12,active,ChEMBL:CHEMBL5579884,30.0,IC50,O=C1NC(=Cc2c[nH]c3ccccc23)C(=O)N1Cc1ccccc1,1,Cc1c(Cl)ccc2c(/C=C3\NC(=O)N(Cc4ccc(F)c(F)c4)C3=O)c[nH]c12,scaffold_21,401.80000000000007,4.500820000000002,2,2,65.2,3,0,,,,CHEMBL5267044,CHEMBL5267044,2024.0,Inhibition of MDM2 (unknown origin)
CHEMBL5816136,C[C@@H](Nc1nc(C(=O)O)nc2nc(-c3ncco3)n(Cc3ccc(C(F)(F)F)cc3)c12)C1CCC1,active,ChEMBL:CHEMBL5725217,30.04,IC50,c1ccc(Cn2c(-c3ncco3)nc3ncnc(NCC4CCC4)c32)cc1,1,C[C@@H](Nc1nc(C(=O)O)nc2nc(-c3ncco3)n(Cc3ccc(C(F)(F)F)cc3)c12)C1CCC1,scaffold_22,486.4540000000002,4.847100000000004,2,8,118.96,7,0,,,,CHEMBL5816136,CHEMBL5816136,2017.0,"FRET Assay: An HDM2 FRET assay was developed to assess the compounds' inhibitory activity towards binding of p53 protein. A truncated version of HDM2 with residues 17 to 125 (containing p53 binding surface, Science (1994) 265, 346-355), with N-terminal His and Thioredoxin tag was generated in pET32a expression vector and expressed in E. coli strain BL21(DE3)Rosetta. Protein was purified using Ni-affinity chromatography, followed by size exclusion chromatography using Superdex 75 26/60 column. To assess inhibition of p53 binding to HDM2, a FITC labeled 8-mer peptide (sequence: Ac-Phe-Arg-Dpr-Ac6c-(6-Br)Trp-Glu-Glu-Leu-NH2; Anal Biochem. 2004 Aug. 1; 331(1):138-46) with strong affinity towards p53 binding pocket of HDM2 was used. The HDM2 assay buffer contained 1× Phosphate Buffered Saline (Invitrogen, Cat#14190), 0.01% BSA (Jackson ImmunoResearch, Cat#001-000-162), 0.01% Tween-20. In the 1× assay buffer recombinant HDM2 protein, peptide and Lumi4-Tb Cryptate-conjugate mouse anti-6×His antibody (cisbio, Cat# Tb61HISTLB) were added and transferred to ProxiPlate PLUS (PerkinElmer, Cat#6008269), containing compounds so that final DMSO concentration is 0.1%. Final concentrations of reagents in the assay wells are 0.5 nM HDM2, 0.25 nM anti HIS (Tb label) antibody and 3 nM peptide. After two hour incubation at room temperature in a humidified chamber plates were read on EnVision plate reader with the following settings: excitation: UV, 340 nM, two emission filters: 520 nm and 495 nm respectively. Ratio of em520/em495 was used to calculate % inhibition and to obtain IC50 with 4-parameter logistic equation."
CHEMBL5988926,C[C@H](CO)Nc1nc2nc(C(=O)O)nc(N[C@H](C)C3CCC3)c2n1Cc1ccc(C(F)(F)F)cc1,active,ChEMBL:CHEMBL5725217,35.79,IC50,c1ccc(Cn2cnc3ncnc(NCC4CCC4)c32)cc1,1,C[C@H](CO)Nc1nc2nc(C(=O)O)nc(N[C@H](C)C3CCC3)c2n1Cc1ccc(C(F)(F)F)cc1,scaffold_23,492.5020000000003,3.9848000000000026,4,8,125.19,9,0,,,,CHEMBL5988926,CHEMBL5988926,2017.0,"FRET Assay: An HDM2 FRET assay was developed to assess the compounds' inhibitory activity towards binding of p53 protein. A truncated version of HDM2 with residues 17 to 125 (containing p53 binding surface, Science (1994) 265, 346-355), with N-terminal His and Thioredoxin tag was generated in pET32a expression vector and expressed in E. coli strain BL21(DE3)Rosetta. Protein was purified using Ni-affinity chromatography, followed by size exclusion chromatography using Superdex 75 26/60 column. To assess inhibition of p53 binding to HDM2, a FITC labeled 8-mer peptide (sequence: Ac-Phe-Arg-Dpr-Ac6c-(6-Br)Trp-Glu-Glu-Leu-NH2; Anal Biochem. 2004 Aug. 1; 331(1):138-46) with strong affinity towards p53 binding pocket of HDM2 was used. The HDM2 assay buffer contained 1× Phosphate Buffered Saline (Invitrogen, Cat#14190), 0.01% BSA (Jackson ImmunoResearch, Cat#001-000-162), 0.01% Tween-20. In the 1× assay buffer recombinant HDM2 protein, peptide and Lumi4-Tb Cryptate-conjugate mouse anti-6×His antibody (cisbio, Cat# Tb61HISTLB) were added and transferred to ProxiPlate PLUS (PerkinElmer, Cat#6008269), containing compounds so that final DMSO concentration is 0.1%. Final concentrations of reagents in the assay wells are 0.5 nM HDM2, 0.25 nM anti HIS (Tb label) antibody and 3 nM peptide. After two hour incubation at room temperature in a humidified chamber plates were read on EnVision plate reader with the following settings: excitation: UV, 340 nM, two emission filters: 520 nm and 495 nm respectively. Ratio of em520/em495 was used to calculate % inhibition and to obtain IC50 with 4-parameter logistic equation."
CHEMBL6024197,Cc1cn(C[C@H]2CC[C@H](C)CC2)c2c(-c3cncc(Cl)c3)nc(-c3noc(=O)[nH]3)nc12,active,ChEMBL:CHEMBL5726234,36.0,IC50,O=c1[nH]c(-c2nc(-c3cccnc3)c3c(ccn3CC3CCCCC3)n2)no1,1,Cc1cn(C[C@H]2CC[C@H](C)CC2)c2c(-c3cncc(Cl)c3)nc(-c3noc(=O)[nH]3)nc12,scaffold_24,438.91900000000015,4.624720000000004,1,7,102.49,4,0,,,,CHEMBL6024197,CHEMBL6024197,2017.0,"FRET Assay: Methods: An HDM2 FRET assay was developed to assess the compounds' inhibitory activity towards binding of p53 protein. A truncated version of HDM2 with residues 17 to 125 (containing p53 binding surface, Science (1994) 265, 346-355), with N-terminal His and Thioredoxin tag was generated in pET32a expression vector and expressed in E. coli strain BL21(DE3)Rosetta. Protein was purified using Ni-affinity chromatography, followed by size exclusion chromatography using Superdex 75 26/60 column. To assess inhibition of p53 binding to HDM2, a FITC labeled 8-mer peptide (SEQ ID NO:1: Ac-Phe-Arg-Dpr-Ac6c-(6-Br)Trp-Glu-Glu-Leu-NH2; Anal Biochem. 2004 Aug. 1; 331(1):138-46) with strong affinity towards the p53 binding pocket of HDM2 was used. The HDM2 assay buffer contained 1× Phosphate Buffered Saline (Invitrogen, Cat#14190), 0.01% BSA (Jackson ImmunoResearch, Cat#001-000-162), 0.01% Tween-20. In the 1× assay buffer recombinant HDM2 protein, peptide and Lumi4-Tb Cryptate-conjugate mouse anti-6×His antibody (cisbio, Cat#Tb61HISTLB) were added and transferred to ProxiPlate PLUS (PerkinElmer, Cat#6008269), containing compounds so that final DMSO concentration is 0.1%. Final concentrations of reagents in the assay wells are 0.5 nM HDM2, 0.25 nM anti HIS (Tb label) antibody and 3 nM peptide. After two hour incubation at room temperature in a humidified chamber plates were read on EnVision plate reader with the following settings: excitation: UV, 340 nM, two emission filters: 520 nm and 495 nm respectively. Ratio of em520/em495 was used to calculate % inhibition and to obtain IC50 with 4-parameter logistic equation."
CHEMBL5901726,C[C@@H](Nc1nc(-c2noc(=O)[nH]2)nc2nc(N3CC(C)(O)C3)n(C[C@H]3CC[C@H](C)CC3)c12)C1CCC1,active,ChEMBL:CHEMBL5725217,36.21,IC50,O=c1[nH]c(-c2nc(NCC3CCC3)c3c(n2)nc(N2CCC2)n3CC2CCCCC2)no1,1,C[C@@H](Nc1nc(-c2noc(=O)[nH]2)nc2nc(N3CC(C)(O)C3)n(C[C@H]3CC[C@H](C)CC3)c12)C1CCC1,scaffold_25,496.6160000000005,3.1674000000000007,3,10,137.99,7,0,,,,CHEMBL5901726,CHEMBL5901726,2017.0,"FRET Assay: An HDM2 FRET assay was developed to assess the compounds' inhibitory activity towards binding of p53 protein. A truncated version of HDM2 with residues 17 to 125 (containing p53 binding surface, Science (1994) 265, 346-355), with N-terminal His and Thioredoxin tag was generated in pET32a expression vector and expressed in E. coli strain BL21(DE3)Rosetta. Protein was purified using Ni-affinity chromatography, followed by size exclusion chromatography using Superdex 75 26/60 column. To assess inhibition of p53 binding to HDM2, a FITC labeled 8-mer peptide (sequence: Ac-Phe-Arg-Dpr-Ac6c-(6-Br)Trp-Glu-Glu-Leu-NH2; Anal Biochem. 2004 Aug. 1; 331(1):138-46) with strong affinity towards p53 binding pocket of HDM2 was used. The HDM2 assay buffer contained 1× Phosphate Buffered Saline (Invitrogen, Cat#14190), 0.01% BSA (Jackson ImmunoResearch, Cat#001-000-162), 0.01% Tween-20. In the 1× assay buffer recombinant HDM2 protein, peptide and Lumi4-Tb Cryptate-conjugate mouse anti-6×His antibody (cisbio, Cat# Tb61HISTLB) were added and transferred to ProxiPlate PLUS (PerkinElmer, Cat#6008269), containing compounds so that final DMSO concentration is 0.1%. Final concentrations of reagents in the assay wells are 0.5 nM HDM2, 0.25 nM anti HIS (Tb label) antibody and 3 nM peptide. After two hour incubation at room temperature in a humidified chamber plates were read on EnVision plate reader with the following settings: excitation: UV, 340 nM, two emission filters: 520 nm and 495 nm respectively. Ratio of em520/em495 was used to calculate % inhibition and to obtain IC50 with 4-parameter logistic equation."
CHEMBL4115504,O=C(O)C[C@H]1C[C@H](c2cccc(Cl)c2)[C@@H](c2ccc(Cl)cc2)N([C@H](CO)C2CC2)C1=O,active,ChEMBL:CHEMBL5725884,40.0,IC50,O=C1CCC(c2ccccc2)C(c2ccccc2)N1CC1CC1,1,O=C(O)C[C@H]1C[C@H](c2cccc(Cl)c2)[C@@H](c2ccc(Cl)cc2)N([C@H](CO)C2CC2)C1=O,scaffold_26,462.3730000000002,4.912400000000005,2,3,77.84,7,0,,,,CHEMBL4115504,CHEMBL4115504,2017.0,"Homogenous Time-Resolved Fluorescence Assay (HTRF1 Assay): The standard assay conditions for the in vitro HTRF assay consisted of a 50 ul total reaction volume in black 384-well Costar polypropylene plates in 1xPBS buffer pH 7.4, 1 mM DTT, 0.1% BSA, 2.5 nM GST-hMDM2 (aa 1-188), 5 nM biotinylated-p53 (aa 1-83), 1.8 nM SA-XLent (Cisbio; Bedford, Mass.), 0.6 nM anti-GST cryptate monoclonal antibody (Cisbio; Bedford, Mass.) and 200 mM KF. Amino acid residues 1-188 of human MDM2 were expressed as an amino-terminal glutathione-S-transferase (GST) fusion protein (GST-hMDM2) in Escherichia coli. Residues 1-83 of human p53 were expressed as an amino-terminal AviTag-TrxA-6-His fusion protein (biotinylated p53) in E. coli. Each protein was purified from cell paste by affinity chromatography.Specifically, 10 uL of GST-hMDM2 was incubated with 10 ul of diluted compound (various concentrations, serially diluted) in 10% DMSO for 20 minutes at room temperature. 20 uL of biotinylated-p53 was added to the GST-hMDM2+compound mixture, and then incubated at room temperature for 60 min. 10 uL of detection buffer consisting of SA-XLent, anti-GST cryptate antibody and KF was added to GST-hMDM2, biotinylated-p53 and compound reaction and left at room temperature to reach equilibrium for >4 hrs. The final concentration of DMSO in the reaction was 2%. Time-resolved fluorescence readings were measured on a microplate multilabel reader. Percentage of inhibition was calculated relative to nutlin-3."
CHEMBL199341,C=C(C(=O)O)C(CCCCCC)C(=O)O,active,ChEMBL:CHEMBL1148535,50.0,IC50,,1,C=C(C(=O)O)C(CCCCCC)C(=O)O,scaffold_27,214.261,2.2984,2,2,74.6,8,0,,,,HEXYLITACONIC ACID,CHEMBL199341,2006.0,Inhibition of p53-HDM2 interaction
CHEMBL4114636,C[C@]1(CC(=O)O)C[C@H](c2cccc(Cl)c2)[C@@H](c2ccc(Cl)cc2)N([C@H]2CC[C@@H](O)[C@H]2O)C1=O,active,ChEMBL:CHEMBL5725884,50.0,IC50,O=C1CCC(c2ccccc2)C(c2ccccc2)N1C1CCCC1,1,C[C@]1(CC(=O)O)C[C@H](c2cccc(Cl)c2)[C@@H](c2ccc(Cl)cc2)N([C@H]2CC[C@@H](O)[C@H]2O)C1=O,scaffold_28,492.3990000000002,4.415800000000005,3,4,98.07,5,0,,,,CHEMBL4114636,CHEMBL4114636,2017.0,"Homogenous Time-Resolved Fluorescence Assay (HTRF1 Assay): The standard assay conditions for the in vitro HTRF assay consisted of a 50 ul total reaction volume in black 384-well Costar polypropylene plates in 1xPBS buffer pH 7.4, 1 mM DTT, 0.1% BSA, 2.5 nM GST-hMDM2 (aa 1-188), 5 nM biotinylated-p53 (aa 1-83), 1.8 nM SA-XLent (Cisbio; Bedford, Mass.), 0.6 nM anti-GST cryptate monoclonal antibody (Cisbio; Bedford, Mass.) and 200 mM KF. Amino acid residues 1-188 of human MDM2 were expressed as an amino-terminal glutathione-S-transferase (GST) fusion protein (GST-hMDM2) in Escherichia coli. Residues 1-83 of human p53 were expressed as an amino-terminal AviTag-TrxA-6-His fusion protein (biotinylated p53) in E. coli. Each protein was purified from cell paste by affinity chromatography.Specifically, 10 uL of GST-hMDM2 was incubated with 10 ul of diluted compound (various concentrations, serially diluted) in 10% DMSO for 20 minutes at room temperature. 20 uL of biotinylated-p53 was added to the GST-hMDM2+compound mixture, and then incubated at room temperature for 60 min. 10 uL of detection buffer consisting of SA-XLent, anti-GST cryptate antibody and KF was added to GST-hMDM2, biotinylated-p53 and compound reaction and left at room temperature to reach equilibrium for >4 hrs. The final concentration of DMSO in the reaction was 2%. Time-resolved fluorescence readings were measured on a microplate multilabel reader. Percentage of inhibition was calculated relative to nutlin-3."
CHEMBL5811937,C[C@H]1CC[C@H](Cn2c(C3(F)COC3)nc3nc(-c4noc(=O)[nH]4)nc(-c4cncc(Cl)c4)c32)CC1,active,ChEMBL:CHEMBL5725217,62.8,IC50,O=c1[nH]c(-c2nc(-c3cccnc3)c3c(n2)nc(C2COC2)n3CC2CCCCC2)no1,1,C[C@H]1CC[C@H](Cn2c(C3(F)COC3)nc3nc(-c4noc(=O)[nH]4)nc(-c4cncc(Cl)c4)c32)CC1,scaffold_29,499.93400000000025,3.9063000000000025,1,9,124.61,5,0,,,,CHEMBL5811937,CHEMBL5811937,2017.0,"FRET Assay: An HDM2 FRET assay was developed to assess the compounds' inhibitory activity towards binding of p53 protein. A truncated version of HDM2 with residues 17 to 125 (containing p53 binding surface, Science (1994) 265, 346-355), with N-terminal His and Thioredoxin tag was generated in pET32a expression vector and expressed in E. coli strain BL21(DE3)Rosetta. Protein was purified using Ni-affinity chromatography, followed by size exclusion chromatography using Superdex 75 26/60 column. To assess inhibition of p53 binding to HDM2, a FITC labeled 8-mer peptide (sequence: Ac-Phe-Arg-Dpr-Ac6c-(6-Br)Trp-Glu-Glu-Leu-NH2; Anal Biochem. 2004 Aug. 1; 331(1):138-46) with strong affinity towards p53 binding pocket of HDM2 was used. The HDM2 assay buffer contained 1× Phosphate Buffered Saline (Invitrogen, Cat#14190), 0.01% BSA (Jackson ImmunoResearch, Cat#001-000-162), 0.01% Tween-20. In the 1× assay buffer recombinant HDM2 protein, peptide and Lumi4-Tb Cryptate-conjugate mouse anti-6×His antibody (cisbio, Cat# Tb61HISTLB) were added and transferred to ProxiPlate PLUS (PerkinElmer, Cat#6008269), containing compounds so that final DMSO concentration is 0.1%. Final concentrations of reagents in the assay wells are 0.5 nM HDM2, 0.25 nM anti HIS (Tb label) antibody and 3 nM peptide. After two hour incubation at room temperature in a humidified chamber plates were read on EnVision plate reader with the following settings: excitation: UV, 340 nM, two emission filters: 520 nm and 495 nm respectively. Ratio of em520/em495 was used to calculate % inhibition and to obtain IC50 with 4-parameter logistic equation."
CHEMBL6030067,C[C@@H](Nc1nc(C(=O)O)nc2nc(-c3ncccn3)n(Cc3ccc(C(F)(F)F)cc3)c12)C1CCC1,active,ChEMBL:CHEMBL5725217,69.82,IC50,c1ccc(Cn2c(-c3ncccn3)nc3ncnc(NCC4CCC4)c32)cc1,1,C[C@@H](Nc1nc(C(=O)O)nc2nc(-c3ncccn3)n(Cc3ccc(C(F)(F)F)cc3)c12)C1CCC1,scaffold_30,497.4810000000003,4.649100000000003,2,8,118.71,7,0,,,,CHEMBL6030067,CHEMBL6030067,2017.0,"FRET Assay: An HDM2 FRET assay was developed to assess the compounds' inhibitory activity towards binding of p53 protein. A truncated version of HDM2 with residues 17 to 125 (containing p53 binding surface, Science (1994) 265, 346-355), with N-terminal His and Thioredoxin tag was generated in pET32a expression vector and expressed in E. coli strain BL21(DE3)Rosetta. Protein was purified using Ni-affinity chromatography, followed by size exclusion chromatography using Superdex 75 26/60 column. To assess inhibition of p53 binding to HDM2, a FITC labeled 8-mer peptide (sequence: Ac-Phe-Arg-Dpr-Ac6c-(6-Br)Trp-Glu-Glu-Leu-NH2; Anal Biochem. 2004 Aug. 1; 331(1):138-46) with strong affinity towards p53 binding pocket of HDM2 was used. The HDM2 assay buffer contained 1× Phosphate Buffered Saline (Invitrogen, Cat#14190), 0.01% BSA (Jackson ImmunoResearch, Cat#001-000-162), 0.01% Tween-20. In the 1× assay buffer recombinant HDM2 protein, peptide and Lumi4-Tb Cryptate-conjugate mouse anti-6×His antibody (cisbio, Cat# Tb61HISTLB) were added and transferred to ProxiPlate PLUS (PerkinElmer, Cat#6008269), containing compounds so that final DMSO concentration is 0.1%. Final concentrations of reagents in the assay wells are 0.5 nM HDM2, 0.25 nM anti HIS (Tb label) antibody and 3 nM peptide. After two hour incubation at room temperature in a humidified chamber plates were read on EnVision plate reader with the following settings: excitation: UV, 340 nM, two emission filters: 520 nm and 495 nm respectively. Ratio of em520/em495 was used to calculate % inhibition and to obtain IC50 with 4-parameter logistic equation."
CHEMBL6006846,C[C@H](CO)Nc1nc2nc(-c3n[nH]c(=O)o3)nc(-c3cccc(Cl)c3)c2n1C[C@H]1CC[C@H](C)CC1,active,ChEMBL:CHEMBL5725217,71.01,IC50,O=c1[nH]nc(-c2nc(-c3ccccc3)c3c(ncn3CC3CCCCC3)n2)o1,1,C[C@H](CO)Nc1nc2nc(-c3n[nH]c(=O)o3)nc(-c3cccc(Cl)c3)c2n1C[C@H]1CC[C@H](C)CC1,scaffold_31,497.9870000000004,4.109000000000003,3,9,134.75,7,0,,,,CHEMBL6006846,CHEMBL6006846,2017.0,"FRET Assay: An HDM2 FRET assay was developed to assess the compounds' inhibitory activity towards binding of p53 protein. A truncated version of HDM2 with residues 17 to 125 (containing p53 binding surface, Science (1994) 265, 346-355), with N-terminal His and Thioredoxin tag was generated in pET32a expression vector and expressed in E. coli strain BL21(DE3)Rosetta. Protein was purified using Ni-affinity chromatography, followed by size exclusion chromatography using Superdex 75 26/60 column. To assess inhibition of p53 binding to HDM2, a FITC labeled 8-mer peptide (sequence: Ac-Phe-Arg-Dpr-Ac6c-(6-Br)Trp-Glu-Glu-Leu-NH2; Anal Biochem. 2004 Aug. 1; 331(1):138-46) with strong affinity towards p53 binding pocket of HDM2 was used. The HDM2 assay buffer contained 1× Phosphate Buffered Saline (Invitrogen, Cat#14190), 0.01% BSA (Jackson ImmunoResearch, Cat#001-000-162), 0.01% Tween-20. In the 1× assay buffer recombinant HDM2 protein, peptide and Lumi4-Tb Cryptate-conjugate mouse anti-6×His antibody (cisbio, Cat# Tb61HISTLB) were added and transferred to ProxiPlate PLUS (PerkinElmer, Cat#6008269), containing compounds so that final DMSO concentration is 0.1%. Final concentrations of reagents in the assay wells are 0.5 nM HDM2, 0.25 nM anti HIS (Tb label) antibody and 3 nM peptide. After two hour incubation at room temperature in a humidified chamber plates were read on EnVision plate reader with the following settings: excitation: UV, 340 nM, two emission filters: 520 nm and 495 nm respectively. Ratio of em520/em495 was used to calculate % inhibition and to obtain IC50 with 4-parameter logistic equation."
CHEMBL5854116,Cc1cn(C[C@H]2CC[C@H](C)CC2)c2c(-c3cncc(Cl)c3)nc(C(=O)O)nc12,active,ChEMBL:CHEMBL5726234,88.0,IC50,c1cncc(-c2ncnc3ccn(CC4CCCCC4)c23)c1,1,Cc1cn(C[C@H]2CC[C@H](C)CC2)c2c(-c3cncc(Cl)c3)nc(C(=O)O)nc12,scaffold_32,398.8940000000001,4.979620000000005,1,5,80.9,4,0,,,,CHEMBL5854116,CHEMBL5854116,2017.0,"FRET Assay: Methods: An HDM2 FRET assay was developed to assess the compounds' inhibitory activity towards binding of p53 protein. A truncated version of HDM2 with residues 17 to 125 (containing p53 binding surface, Science (1994) 265, 346-355), with N-terminal His and Thioredoxin tag was generated in pET32a expression vector and expressed in E. coli strain BL21(DE3)Rosetta. Protein was purified using Ni-affinity chromatography, followed by size exclusion chromatography using Superdex 75 26/60 column. To assess inhibition of p53 binding to HDM2, a FITC labeled 8-mer peptide (SEQ ID NO:1: Ac-Phe-Arg-Dpr-Ac6c-(6-Br)Trp-Glu-Glu-Leu-NH2; Anal Biochem. 2004 Aug. 1; 331(1):138-46) with strong affinity towards the p53 binding pocket of HDM2 was used. The HDM2 assay buffer contained 1× Phosphate Buffered Saline (Invitrogen, Cat#14190), 0.01% BSA (Jackson ImmunoResearch, Cat#001-000-162), 0.01% Tween-20. In the 1× assay buffer recombinant HDM2 protein, peptide and Lumi4-Tb Cryptate-conjugate mouse anti-6×His antibody (cisbio, Cat#Tb61HISTLB) were added and transferred to ProxiPlate PLUS (PerkinElmer, Cat#6008269), containing compounds so that final DMSO concentration is 0.1%. Final concentrations of reagents in the assay wells are 0.5 nM HDM2, 0.25 nM anti HIS (Tb label) antibody and 3 nM peptide. After two hour incubation at room temperature in a humidified chamber plates were read on EnVision plate reader with the following settings: excitation: UV, 340 nM, two emission filters: 520 nm and 495 nm respectively. Ratio of em520/em495 was used to calculate % inhibition and to obtain IC50 with 4-parameter logistic equation."
CHEMBL2177185,O=C1[C@@H](Cc2nnn[nH]2)C[C@H](c2cccc(Cl)c2)[C@@H](c2ccc(Cl)cc2)N1CC1CC1,active,ChEMBL:CHEMBL5725884,90.0,IC50,O=C1C(Cc2nnn[nH]2)CC(c2ccccc2)C(c2ccccc2)N1CC1CC1,1,O=C1[C@@H](Cc2nnn[nH]2)C[C@H](c2cccc(Cl)c2)[C@@H](c2ccc(Cl)cc2)N1CC1CC1,scaffold_33,456.3770000000002,4.832600000000005,1,4,74.77,6,0,,,,CHEMBL2177185,CHEMBL2177185,2017.0,"Homogenous Time-Resolved Fluorescence Assay (HTRF1 Assay): The standard assay conditions for the in vitro HTRF assay consisted of a 50 ul total reaction volume in black 384-well Costar polypropylene plates in 1xPBS buffer pH 7.4, 1 mM DTT, 0.1% BSA, 2.5 nM GST-hMDM2 (aa 1-188), 5 nM biotinylated-p53 (aa 1-83), 1.8 nM SA-XLent (Cisbio; Bedford, Mass.), 0.6 nM anti-GST cryptate monoclonal antibody (Cisbio; Bedford, Mass.) and 200 mM KF. Amino acid residues 1-188 of human MDM2 were expressed as an amino-terminal glutathione-S-transferase (GST) fusion protein (GST-hMDM2) in Escherichia coli. Residues 1-83 of human p53 were expressed as an amino-terminal AviTag-TrxA-6-His fusion protein (biotinylated p53) in E. coli. Each protein was purified from cell paste by affinity chromatography.Specifically, 10 uL of GST-hMDM2 was incubated with 10 ul of diluted compound (various concentrations, serially diluted) in 10% DMSO for 20 minutes at room temperature. 20 uL of biotinylated-p53 was added to the GST-hMDM2+compound mixture, and then incubated at room temperature for 60 min. 10 uL of detection buffer consisting of SA-XLent, anti-GST cryptate antibody and KF was added to GST-hMDM2, biotinylated-p53 and compound reaction and left at room temperature to reach equilibrium for >4 hrs. The final concentration of DMSO in the reaction was 2%. Time-resolved fluorescence readings were measured on a microplate multilabel reader. Percentage of inhibition was calculated relative to nutlin-3."
CHEMBL4109769,O=C(O)C[C@H]1C[C@H](c2cccc(Cl)c2)[C@]2(C(=O)Nc3cc(Cl)ccc32)N(CC2CC2)C1=O,active,ChEMBL:CHEMBL5725884,90.0,IC50,O=C1CCC(c2ccccc2)C2(C(=O)Nc3ccccc32)N1CC1CC1,1,O=C(O)C[C@H]1C[C@H](c2cccc(Cl)c2)[C@]2(C(=O)Nc3cc(Cl)ccc32)N(CC2CC2)C1=O,scaffold_34,473.3560000000003,4.657800000000004,2,3,86.70999999999998,5,0,,,,CHEMBL4109769,CHEMBL4109769,2017.0,"Homogenous Time-Resolved Fluorescence Assay (HTRF1 Assay): The standard assay conditions for the in vitro HTRF assay consisted of a 50 ul total reaction volume in black 384-well Costar polypropylene plates in 1xPBS buffer pH 7.4, 1 mM DTT, 0.1% BSA, 2.5 nM GST-hMDM2 (aa 1-188), 5 nM biotinylated-p53 (aa 1-83), 1.8 nM SA-XLent (Cisbio; Bedford, Mass.), 0.6 nM anti-GST cryptate monoclonal antibody (Cisbio; Bedford, Mass.) and 200 mM KF. Amino acid residues 1-188 of human MDM2 were expressed as an amino-terminal glutathione-S-transferase (GST) fusion protein (GST-hMDM2) in Escherichia coli. Residues 1-83 of human p53 were expressed as an amino-terminal AviTag-TrxA-6-His fusion protein (biotinylated p53) in E. coli. Each protein was purified from cell paste by affinity chromatography.Specifically, 10 uL of GST-hMDM2 was incubated with 10 ul of diluted compound (various concentrations, serially diluted) in 10% DMSO for 20 minutes at room temperature. 20 uL of biotinylated-p53 was added to the GST-hMDM2+compound mixture, and then incubated at room temperature for 60 min. 10 uL of detection buffer consisting of SA-XLent, anti-GST cryptate antibody and KF was added to GST-hMDM2, biotinylated-p53 and compound reaction and left at room temperature to reach equilibrium for >4 hrs. The final concentration of DMSO in the reaction was 2%. Time-resolved fluorescence readings were measured on a microplate multilabel reader. Percentage of inhibition was calculated relative to nutlin-3."
CHEMBL2313485,COc1cc(C(O)c2c(-c3cc[nH]c3)[nH]c3ccccc23)cc(OC)c1OC,active,ChEMBL:CHEMBL5579884,90.0,IC50,c1ccc(Cc2c(-c3cc[nH]c3)[nH]c3ccccc23)cc1,1,COc1cc(C(O)c2c(-c3cc[nH]c3)[nH]c3ccccc23)cc(OC)c1OC,scaffold_35,378.4280000000002,4.270500000000002,3,4,79.5,6,0,,,,CHEMBL2313485,CHEMBL2313485,2024.0,Inhibition of MDM2 (unknown origin)
CHEMBL514709,COc1ccc(/C=C2/C(=O)Nc3ccccc32)c(OC)c1,active,ChEMBL:CHEMBL3259813,93.0,Ki,O=C1Nc2ccccc2C1=Cc1ccccc1,1,COc1ccc(/C=C2/C(=O)Nc3ccccc32)c(OC)c1,scaffold_36,281.31100000000004,3.196500000000001,1,3,47.56,3,0,,,,CHEMBL514709,CHEMBL514709,2014.0,Binding affinity to MDM2 (1 to 118) (unknown origin) after 30 mins by fluorescence polarization assay
CHEMBL5808134,C[C@H]1CC[C@H](Cn2ccc3nc(-c4n[nH]c(=O)o4)nc(-c4cncc(Cl)c4)c32)CC1,active,ChEMBL:CHEMBL5726234,95.0,IC50,O=c1[nH]nc(-c2nc(-c3cccnc3)c3c(ccn3CC3CCCCC3)n2)o1,1,C[C@H]1CC[C@H](Cn2ccc3nc(-c4n[nH]c(=O)o4)nc(-c4cncc(Cl)c4)c32)CC1,scaffold_37,424.8920000000002,4.316300000000004,1,7,102.49,4,0,,,,CHEMBL5808134,CHEMBL5808134,2017.0,"FRET Assay: Methods: An HDM2 FRET assay was developed to assess the compounds' inhibitory activity towards binding of p53 protein. A truncated version of HDM2 with residues 17 to 125 (containing p53 binding surface, Science (1994) 265, 346-355), with N-terminal His and Thioredoxin tag was generated in pET32a expression vector and expressed in E. coli strain BL21(DE3)Rosetta. Protein was purified using Ni-affinity chromatography, followed by size exclusion chromatography using Superdex 75 26/60 column. To assess inhibition of p53 binding to HDM2, a FITC labeled 8-mer peptide (SEQ ID NO:1: Ac-Phe-Arg-Dpr-Ac6c-(6-Br)Trp-Glu-Glu-Leu-NH2; Anal Biochem. 2004 Aug. 1; 331(1):138-46) with strong affinity towards the p53 binding pocket of HDM2 was used. The HDM2 assay buffer contained 1× Phosphate Buffered Saline (Invitrogen, Cat#14190), 0.01% BSA (Jackson ImmunoResearch, Cat#001-000-162), 0.01% Tween-20. In the 1× assay buffer recombinant HDM2 protein, peptide and Lumi4-Tb Cryptate-conjugate mouse anti-6×His antibody (cisbio, Cat#Tb61HISTLB) were added and transferred to ProxiPlate PLUS (PerkinElmer, Cat#6008269), containing compounds so that final DMSO concentration is 0.1%. Final concentrations of reagents in the assay wells are 0.5 nM HDM2, 0.25 nM anti HIS (Tb label) antibody and 3 nM peptide. After two hour incubation at room temperature in a humidified chamber plates were read on EnVision plate reader with the following settings: excitation: UV, 340 nM, two emission filters: 520 nm and 495 nm respectively. Ratio of em520/em495 was used to calculate % inhibition and to obtain IC50 with 4-parameter logistic equation."
CHEMBL5745234,C[C@@H](Nc1nc(C(=O)O)nc2nc(-c3nccs3)n(Cc3ccc(Cl)cc3)c12)C1CC1,active,ChEMBL:CHEMBL5725217,98.8,IC50,c1ccc(Cn2c(-c3nccs3)nc3ncnc(NCC4CC4)c32)cc1,1,C[C@@H](Nc1nc(C(=O)O)nc2nc(-c3nccs3)n(Cc3ccc(Cl)cc3)c12)C1CC1,scaffold_38,454.94300000000027,4.560100000000003,2,8,105.82,7,0,,,,CHEMBL5745234,CHEMBL5745234,2017.0,"FRET Assay: An HDM2 FRET assay was developed to assess the compounds' inhibitory activity towards binding of p53 protein. A truncated version of HDM2 with residues 17 to 125 (containing p53 binding surface, Science (1994) 265, 346-355), with N-terminal His and Thioredoxin tag was generated in pET32a expression vector and expressed in E. coli strain BL21(DE3)Rosetta. Protein was purified using Ni-affinity chromatography, followed by size exclusion chromatography using Superdex 75 26/60 column. To assess inhibition of p53 binding to HDM2, a FITC labeled 8-mer peptide (sequence: Ac-Phe-Arg-Dpr-Ac6c-(6-Br)Trp-Glu-Glu-Leu-NH2; Anal Biochem. 2004 Aug. 1; 331(1):138-46) with strong affinity towards p53 binding pocket of HDM2 was used. The HDM2 assay buffer contained 1× Phosphate Buffered Saline (Invitrogen, Cat#14190), 0.01% BSA (Jackson ImmunoResearch, Cat#001-000-162), 0.01% Tween-20. In the 1× assay buffer recombinant HDM2 protein, peptide and Lumi4-Tb Cryptate-conjugate mouse anti-6×His antibody (cisbio, Cat# Tb61HISTLB) were added and transferred to ProxiPlate PLUS (PerkinElmer, Cat#6008269), containing compounds so that final DMSO concentration is 0.1%. Final concentrations of reagents in the assay wells are 0.5 nM HDM2, 0.25 nM anti HIS (Tb label) antibody and 3 nM peptide. After two hour incubation at room temperature in a humidified chamber plates were read on EnVision plate reader with the following settings: excitation: UV, 340 nM, two emission filters: 520 nm and 495 nm respectively. Ratio of em520/em495 was used to calculate % inhibition and to obtain IC50 with 4-parameter logistic equation."
CHEMBL2347389,O=C(O)C[C@@H]1O[C@@H](c2cccc(Cl)c2)[C@@H](c2ccc(Cl)cc2)N(CC2CC2)C1=O,active,ChEMBL:CHEMBL2346599,100.0,IC50,O=C1COC(c2ccccc2)C(c2ccccc2)N1CC1CC1,1,O=C(O)C[C@@H]1O[C@@H](c2cccc(Cl)c2)[C@@H](c2ccc(Cl)cc2)N(CC2CC2)C1=O,scaffold_39,434.3190000000002,4.887900000000005,1,3,66.84,6,0,,,,CHEMBL2347389,CHEMBL2347389,2013.0,Inhibition of human recombinant GST-thrombin-MDM2 (1 to 188) expressed in Escherichia coli assessed as reduction of MDM2-p53 interaction incubated for 20 mins followed by p53 addition measured after 60 mins by HTRF assay
CHEMBL5775440,Cc1nc2nc(C(=O)O)nc(N[C@H](C)C3CCC3)c2n1C[C@H]1CC[C@H](C)CC1,active,ChEMBL:CHEMBL5725217,100.8,IC50,c1nc(NCC2CCC2)c2c(n1)ncn2CC1CCCCC1,1,Cc1nc2nc(C(=O)O)nc(N[C@H](C)C3CCC3)c2n1C[C@H]1CC[C@H](C)CC1,scaffold_40,385.5120000000002,4.259720000000003,2,6,92.93,6,0,,,,CHEMBL5775440,CHEMBL5775440,2017.0,"FRET Assay: An HDM2 FRET assay was developed to assess the compounds' inhibitory activity towards binding of p53 protein. A truncated version of HDM2 with residues 17 to 125 (containing p53 binding surface, Science (1994) 265, 346-355), with N-terminal His and Thioredoxin tag was generated in pET32a expression vector and expressed in E. coli strain BL21(DE3)Rosetta. Protein was purified using Ni-affinity chromatography, followed by size exclusion chromatography using Superdex 75 26/60 column. To assess inhibition of p53 binding to HDM2, a FITC labeled 8-mer peptide (sequence: Ac-Phe-Arg-Dpr-Ac6c-(6-Br)Trp-Glu-Glu-Leu-NH2; Anal Biochem. 2004 Aug. 1; 331(1):138-46) with strong affinity towards p53 binding pocket of HDM2 was used. The HDM2 assay buffer contained 1× Phosphate Buffered Saline (Invitrogen, Cat#14190), 0.01% BSA (Jackson ImmunoResearch, Cat#001-000-162), 0.01% Tween-20. In the 1× assay buffer recombinant HDM2 protein, peptide and Lumi4-Tb Cryptate-conjugate mouse anti-6×His antibody (cisbio, Cat# Tb61HISTLB) were added and transferred to ProxiPlate PLUS (PerkinElmer, Cat#6008269), containing compounds so that final DMSO concentration is 0.1%. Final concentrations of reagents in the assay wells are 0.5 nM HDM2, 0.25 nM anti HIS (Tb label) antibody and 3 nM peptide. After two hour incubation at room temperature in a humidified chamber plates were read on EnVision plate reader with the following settings: excitation: UV, 340 nM, two emission filters: 520 nm and 495 nm respectively. Ratio of em520/em495 was used to calculate % inhibition and to obtain IC50 with 4-parameter logistic equation."
CHEMBL5747471,C[C@H]1CC[C@H](Cn2ccc3nc(-c4noc(=O)[nH]4)nc(-c4cccc(Cl)c4)c32)CC1,active,ChEMBL:CHEMBL5726234,132.0,IC50,O=c1[nH]c(-c2nc(-c3ccccc3)c3c(ccn3CC3CCCCC3)n2)no1,1,C[C@H]1CC[C@H](Cn2ccc3nc(-c4noc(=O)[nH]4)nc(-c4cccc(Cl)c4)c32)CC1,scaffold_41,423.90400000000017,4.921300000000004,1,6,89.60000000000001,4,0,,,,CHEMBL5747471,CHEMBL5747471,2017.0,"FRET Assay: Methods: An HDM2 FRET assay was developed to assess the compounds' inhibitory activity towards binding of p53 protein. A truncated version of HDM2 with residues 17 to 125 (containing p53 binding surface, Science (1994) 265, 346-355), with N-terminal His and Thioredoxin tag was generated in pET32a expression vector and expressed in E. coli strain BL21(DE3)Rosetta. Protein was purified using Ni-affinity chromatography, followed by size exclusion chromatography using Superdex 75 26/60 column. To assess inhibition of p53 binding to HDM2, a FITC labeled 8-mer peptide (SEQ ID NO:1: Ac-Phe-Arg-Dpr-Ac6c-(6-Br)Trp-Glu-Glu-Leu-NH2; Anal Biochem. 2004 Aug. 1; 331(1):138-46) with strong affinity towards the p53 binding pocket of HDM2 was used. The HDM2 assay buffer contained 1× Phosphate Buffered Saline (Invitrogen, Cat#14190), 0.01% BSA (Jackson ImmunoResearch, Cat#001-000-162), 0.01% Tween-20. In the 1× assay buffer recombinant HDM2 protein, peptide and Lumi4-Tb Cryptate-conjugate mouse anti-6×His antibody (cisbio, Cat#Tb61HISTLB) were added and transferred to ProxiPlate PLUS (PerkinElmer, Cat#6008269), containing compounds so that final DMSO concentration is 0.1%. Final concentrations of reagents in the assay wells are 0.5 nM HDM2, 0.25 nM anti HIS (Tb label) antibody and 3 nM peptide. After two hour incubation at room temperature in a humidified chamber plates were read on EnVision plate reader with the following settings: excitation: UV, 340 nM, two emission filters: 520 nm and 495 nm respectively. Ratio of em520/em495 was used to calculate % inhibition and to obtain IC50 with 4-parameter logistic equation."
CHEMBL3265101,COc1ccc(/C=C2/C(=O)Nc3cc(F)ccc32)c(-c2ccc(C#N)cc2)c1,active,ChEMBL:CHEMBL3259813,140.0,Ki,O=C1Nc2ccccc2C1=Cc1ccccc1-c1ccccc1,1,COc1ccc(/C=C2/C(=O)Nc3cc(F)ccc32)c(-c2ccc(C#N)cc2)c1,scaffold_42,370.3830000000001,4.865680000000004,1,3,62.12,3,0,,,,CHEMBL3265101,CHEMBL3265101,2014.0,Binding affinity to MDM2 (1 to 118) (unknown origin) after 30 mins by fluorescence polarization assay
CHEMBL4068667,CC(CC(=O)N[C@@H](Cc1ccc(OCCCNc2ccccn2)cc1)C(=O)O)c1ccccc1,active,ChEMBL:CHEMBL5579884,140.0,IC50,O=C(CCc1ccccc1)NCCc1ccc(OCCCNc2ccccn2)cc1,1,CC(CC(=O)N[C@@H](Cc1ccc(OCCCNc2ccccn2)cc1)C(=O)O)c1ccccc1,scaffold_43,461.56200000000007,4.268300000000003,3,5,100.55,13,0,,,,CHEMBL4068667,CHEMBL4068667,2024.0,Inhibition of MDM2 (unknown origin)
CHEMBL5928219,C[C@@H](Nc1nc(C(=O)O)nc2nc(N3CCOC[C@@H]3C)n(Cc3ccc(Cl)cc3)c12)C1CC1,active,ChEMBL:CHEMBL5725217,142.8,IC50,c1ccc(Cn2c(N3CCOCC3)nc3ncnc(NCC4CC4)c32)cc1,1,C[C@@H](Nc1nc(C(=O)O)nc2nc(N3CCOC[C@@H]3C)n(Cc3ccc(Cl)cc3)c12)C1CC1,scaffold_44,470.9610000000002,3.6617000000000015,2,8,105.4,7,0,,,,CHEMBL5928219,CHEMBL5928219,2017.0,"FRET Assay: An HDM2 FRET assay was developed to assess the compounds' inhibitory activity towards binding of p53 protein. A truncated version of HDM2 with residues 17 to 125 (containing p53 binding surface, Science (1994) 265, 346-355), with N-terminal His and Thioredoxin tag was generated in pET32a expression vector and expressed in E. coli strain BL21(DE3)Rosetta. Protein was purified using Ni-affinity chromatography, followed by size exclusion chromatography using Superdex 75 26/60 column. To assess inhibition of p53 binding to HDM2, a FITC labeled 8-mer peptide (sequence: Ac-Phe-Arg-Dpr-Ac6c-(6-Br)Trp-Glu-Glu-Leu-NH2; Anal Biochem. 2004 Aug. 1; 331(1):138-46) with strong affinity towards p53 binding pocket of HDM2 was used. The HDM2 assay buffer contained 1× Phosphate Buffered Saline (Invitrogen, Cat#14190), 0.01% BSA (Jackson ImmunoResearch, Cat#001-000-162), 0.01% Tween-20. In the 1× assay buffer recombinant HDM2 protein, peptide and Lumi4-Tb Cryptate-conjugate mouse anti-6×His antibody (cisbio, Cat# Tb61HISTLB) were added and transferred to ProxiPlate PLUS (PerkinElmer, Cat#6008269), containing compounds so that final DMSO concentration is 0.1%. Final concentrations of reagents in the assay wells are 0.5 nM HDM2, 0.25 nM anti HIS (Tb label) antibody and 3 nM peptide. After two hour incubation at room temperature in a humidified chamber plates were read on EnVision plate reader with the following settings: excitation: UV, 340 nM, two emission filters: 520 nm and 495 nm respectively. Ratio of em520/em495 was used to calculate % inhibition and to obtain IC50 with 4-parameter logistic equation."
CHEMBL3220103,O=C1NC(=O)C(=Cc2cc(-c3ccccc3)n(-c3ccc([N+](=O)[O-])cc3)c2-c2ccccc2)C(=O)N1,active,ChEMBL:CHEMBL3217694,150.0,IC50,O=C1NC(=O)C(=Cc2cc(-c3ccccc3)n(-c3ccccc3)c2-c2ccccc2)C(=O)N1,1,O=C1NC(=O)C(=Cc2cc(-c3ccccc3)n(-c3ccc([N+](=O)[O-])cc3)c2-c2ccccc2)C(=O)N1,scaffold_45,478.46400000000017,4.468900000000003,2,6,123.34,5,0,,,,CHEMBL3220103,CHEMBL3220103,2013.0,Inhibition of MDM2-p53 interaction (unknown origin) by ELISA
CHEMBL6012158,C[C@@H](Nc1nc(C(=O)O)nc2nc(-c3nccn3C)n(Cc3ccc(C(F)(F)F)cc3)c12)C1CCC1,active,ChEMBL:CHEMBL5725217,160.6,IC50,c1ccc(Cn2c(-c3ncc[nH]3)nc3ncnc(NCC4CCC4)c32)cc1,1,C[C@@H](Nc1nc(C(=O)O)nc2nc(-c3nccn3C)n(Cc3ccc(C(F)(F)F)cc3)c12)C1CCC1,scaffold_46,499.4970000000003,4.592600000000004,2,8,110.75,7,0,,,,CHEMBL6012158,CHEMBL6012158,2017.0,"FRET Assay: An HDM2 FRET assay was developed to assess the compounds' inhibitory activity towards binding of p53 protein. A truncated version of HDM2 with residues 17 to 125 (containing p53 binding surface, Science (1994) 265, 346-355), with N-terminal His and Thioredoxin tag was generated in pET32a expression vector and expressed in E. coli strain BL21(DE3)Rosetta. Protein was purified using Ni-affinity chromatography, followed by size exclusion chromatography using Superdex 75 26/60 column. To assess inhibition of p53 binding to HDM2, a FITC labeled 8-mer peptide (sequence: Ac-Phe-Arg-Dpr-Ac6c-(6-Br)Trp-Glu-Glu-Leu-NH2; Anal Biochem. 2004 Aug. 1; 331(1):138-46) with strong affinity towards p53 binding pocket of HDM2 was used. The HDM2 assay buffer contained 1× Phosphate Buffered Saline (Invitrogen, Cat#14190), 0.01% BSA (Jackson ImmunoResearch, Cat#001-000-162), 0.01% Tween-20. In the 1× assay buffer recombinant HDM2 protein, peptide and Lumi4-Tb Cryptate-conjugate mouse anti-6×His antibody (cisbio, Cat# Tb61HISTLB) were added and transferred to ProxiPlate PLUS (PerkinElmer, Cat#6008269), containing compounds so that final DMSO concentration is 0.1%. Final concentrations of reagents in the assay wells are 0.5 nM HDM2, 0.25 nM anti HIS (Tb label) antibody and 3 nM peptide. After two hour incubation at room temperature in a humidified chamber plates were read on EnVision plate reader with the following settings: excitation: UV, 340 nM, two emission filters: 520 nm and 495 nm respectively. Ratio of em520/em495 was used to calculate % inhibition and to obtain IC50 with 4-parameter logistic equation."
CHEMBL1688303,O=C1c2ccccc2[C@](OCC2(CO)CC2)(c2ccc(Cl)cc2)N1Cc1ccc([N+](=O)[O-])cc1,active,ChEMBL:CHEMBL1687910,170.0,IC50,O=C1c2ccccc2C(OCC2CC2)(c2ccccc2)N1Cc1ccccc1,1,O=C1c2ccccc2[C@](OCC2(CO)CC2)(c2ccc(Cl)cc2)N1Cc1ccc([N+](=O)[O-])cc1,scaffold_47,478.9320000000001,4.8944000000000045,1,5,92.91,8,0,,,,CHEMBL1688303,CHEMBL1688303,2011.0,Inhibition of Mdm2 -p53 protein interaction by ELISA
CHEMBL3217780,O=C1NC(=S)NC(=O)C1=Cc1cc(-c2ccccc2)n(-c2ccc([N+](=O)[O-])cc2)c1-c1ccccc1,active,ChEMBL:CHEMBL3217694,170.0,IC50,O=C1NC(=S)NC(=O)C1=Cc1cc(-c2ccccc2)n(-c2ccccc2)c1-c1ccccc1,1,O=C1NC(=S)NC(=O)C1=Cc1cc(-c2ccccc2)n(-c2ccc([N+](=O)[O-])cc2)c1-c1ccccc1,scaffold_48,494.5320000000002,4.633800000000003,2,6,106.27,5,0,,,,CHEMBL3217780,CHEMBL3217780,2013.0,Inhibition of MDM2-p53 interaction (unknown origin) by ELISA
CHEMBL416288,CN1CCc2cccc3c2[C@@H]1Cc1ccc(O)c(O)c1-3,active,ChEMBL:CHEMBL4017461,175.0,IC50,c1ccc2c(c1)CC1NCCc3cccc-2c31,1,CN1CCc2cccc3c2[C@@H]1Cc1ccc(O)c(O)c1-3,scaffold_49,267.328,2.8499000000000025,2,3,43.7,0,0,,,,(S)APOMORPHINE,CHEMBL416288,2017.0,Inhibition of biotin-labelled L-p53 binding to L-MDM2 (25 to 109 residues) (unknown origin) by FAM labeled P4 peptide based fluorescence polarization assay
CHEMBL6050672,C[C@@H](Nc1nc(C(=O)O)nc2nc(-c3cnn(C)c3)n(Cc3ccc(C(F)(F)F)cc3)c12)C1CCC1,active,ChEMBL:CHEMBL5725217,189.4,IC50,c1ccc(Cn2c(-c3cn[nH]c3)nc3ncnc(NCC4CCC4)c32)cc1,1,C[C@@H](Nc1nc(C(=O)O)nc2nc(-c3cnn(C)c3)n(Cc3ccc(C(F)(F)F)cc3)c12)C1CCC1,scaffold_50,499.4970000000002,4.592600000000004,2,8,110.75,7,0,,,,CHEMBL6050672,CHEMBL6050672,2017.0,"FRET Assay: An HDM2 FRET assay was developed to assess the compounds' inhibitory activity towards binding of p53 protein. A truncated version of HDM2 with residues 17 to 125 (containing p53 binding surface, Science (1994) 265, 346-355), with N-terminal His and Thioredoxin tag was generated in pET32a expression vector and expressed in E. coli strain BL21(DE3)Rosetta. Protein was purified using Ni-affinity chromatography, followed by size exclusion chromatography using Superdex 75 26/60 column. To assess inhibition of p53 binding to HDM2, a FITC labeled 8-mer peptide (sequence: Ac-Phe-Arg-Dpr-Ac6c-(6-Br)Trp-Glu-Glu-Leu-NH2; Anal Biochem. 2004 Aug. 1; 331(1):138-46) with strong affinity towards p53 binding pocket of HDM2 was used. The HDM2 assay buffer contained 1× Phosphate Buffered Saline (Invitrogen, Cat#14190), 0.01% BSA (Jackson ImmunoResearch, Cat#001-000-162), 0.01% Tween-20. In the 1× assay buffer recombinant HDM2 protein, peptide and Lumi4-Tb Cryptate-conjugate mouse anti-6×His antibody (cisbio, Cat# Tb61HISTLB) were added and transferred to ProxiPlate PLUS (PerkinElmer, Cat#6008269), containing compounds so that final DMSO concentration is 0.1%. Final concentrations of reagents in the assay wells are 0.5 nM HDM2, 0.25 nM anti HIS (Tb label) antibody and 3 nM peptide. After two hour incubation at room temperature in a humidified chamber plates were read on EnVision plate reader with the following settings: excitation: UV, 340 nM, two emission filters: 520 nm and 495 nm respectively. Ratio of em520/em495 was used to calculate % inhibition and to obtain IC50 with 4-parameter logistic equation."
ZINCf50000027kAm,C[C@H](CO)C(=O)NCCNC(=O)C=CI,decoy,local_zinc_pool,,,,1,C[C@H](CO)C(=O)NCCNC(=O)C=CI,matched_to_CHEMBL3407579,326.134,-0.20410000000000034,3,3,78.43,6,0,CHEMBL3407579,6.330510000000003,0.14285714285714285,,,,
ZINCf5000001vGLk,CCCCCS(=O)(=O)NCC(C)(N)CO,decoy,local_zinc_pool,,,,1,CCCCCS(=O)(=O)NCC(C)(N)CO,matched_to_CHEMBL5913446,238.35299999999998,-0.19429999999999864,3,4,92.42,8,0,CHEMBL5913446,6.025086666666669,0.1956521739130435,,,,
ZINCf5000000YaTM,CCOC(=O)C(=O)N(CCI)S(C)(=O)=O,decoy,local_zinc_pool,,,,1,CCOC(=O)C(=O)N(CCI)S(C)(=O)=O,matched_to_CHEMBL3653239,349.146,-0.2272999999999996,0,5,80.75,4,0,CHEMBL3653239,5.919343333333338,0.14893617021276595,,,,
ZINCf50000009BWN,CONCCNC(=O)[C@H](N)CCCC#N,decoy,local_zinc_pool,,,,1,CONCCNC(=O)[C@H](N)CCCC#N,matched_to_CHEMBL5989834,214.26899999999998,-0.7252199999999991,3,5,100.16999999999999,8,0,CHEMBL5989834,9.417360000000008,0.1568627450980392,,,,
ZINCf5000000S4lH,C=C(Br)CNC(=O)N1C[C@@H](O)[C@H](CO)C1,decoy,local_zinc_pool,,,C1CCNC1,1,C=C(Br)CNC(=O)N1C[C@@H](CO)[C@H](O)C1,matched_to_CHEMBL3693969,279.134,-0.11040000000000016,3,3,72.80000000000001,3,0,CHEMBL3693969,5.666783333333337,0.14,,,,
ZINCf5000000aiTW,NCCCOCCNC(=O)c1cnsn1,decoy,local_zinc_pool,,,c1cnsn1,1,NCCCOCCNC(=O)c1cnsn1,matched_to_CHEMBL5879668,230.293,-0.36669999999999997,2,6,90.13,7,0,CHEMBL5879668,9.323950000000007,0.15,,,,
ZINCf5000000ajs3,NCCOCc1cn(CCCCO)nn1,decoy,local_zinc_pool,,,c1c[nH]nn1,1,NCCOCc1cn(CCCCO)nn1,matched_to_CHEMBL5883242,214.26899999999998,-0.4741000000000006,2,6,86.19,8,0,CHEMBL5883242,9.34435000000001,0.1111111111111111,,,,
ZINCf50000008PQx,CC(C)n1nnnc1CSC[C@H](O)CO,decoy,local_zinc_pool,,,c1nnn[nH]1,1,CC(C)n1nnnc1CSC[C@H](O)CO,matched_to_CHEMBL5921912,232.309,-0.15960000000000008,2,7,84.06,6,0,CHEMBL5921912,9.610160000000008,0.13095238095238096,,,,
ZINCf50000009GGs,CSCCNC(=O)N1CCNC(=O)[C@@H]1C,decoy,local_zinc_pool,,,O=C1CNCCN1,1,CSCCNC(=O)N1CCNC(=O)[C@@H]1C,matched_to_CHEMBL378100,231.32099999999997,-0.12069999999999936,2,3,61.440000000000005,3,0,CHEMBL378100,5.732843333333337,0.14285714285714285,,,,
ZINCf50000017B0q,CC[C@H]1CC[C@@H]1NCCCNS(N)(=O)=O,decoy,local_zinc_pool,,,C1CCC1,1,CC[C@H]1CC[C@@H]1NCCCNS(N)(=O)=O,matched_to_CHEMBL4102803,235.353,-0.0521999999999983,3,3,84.22,7,0,CHEMBL4102803,4.656380000000001,0.10975609756097561,,,,
ZINCf50000009MFI,C[C@@H](O)C(=O)OCCCSC[C@H](O)CO,decoy,local_zinc_pool,,,,1,C[C@@H](O)C(=O)OCCCSC[C@H](O)CO,matched_to_CHEMBL5869704,238.30499999999998,-0.6131,3,6,86.99000000000001,8,0,CHEMBL5869704,9.345630000000009,0.14583333333333334,,,,
ZINCf5000000Vn0X,N#CSCCCNC(=O)COCC(=O)O,decoy,local_zinc_pool,,,,1,N#CSCCCNC(=O)COCC(=O)O,matched_to_CHEMBL5978015,232.26099999999997,-0.19182000000000038,2,5,99.42,8,0,CHEMBL5978015,7.0359833333333395,0.13157894736842105,,,,
ZINCf50000008TsN,CCCCCS(=O)(=O)N[C@H](CO)C(=O)O,decoy,local_zinc_pool,,,,1,CCCCCS(=O)(=O)N[C@H](CO)C(=O)O,matched_to_CHEMBL3819071,239.293,-0.4584999999999993,3,4,103.7,8,0,CHEMBL3819071,7.449883333333336,0.3170731707317073,,,,
ZINCf50000009tSx,COCCC(=O)N(C)Cc1nnc(O)o1,decoy,local_zinc_pool,,,c1nnco1,1,COCCC(=O)N(C)Cc1nnc(O)o1,matched_to_CHEMBL3687241,215.209,-0.22990000000000038,1,6,88.69,5,0,CHEMBL3687241,6.196290000000005,0.125,,,,
ZINCf50000009qan,COC(=O)C[C@H](O)CNC(=O)CN=[N+]=[N-],decoy,local_zinc_pool,,,,1,COC(=O)C[C@H](O)CNC(=O)CN=[N+]=[N-],matched_to_CHEMBL6064615,216.197,-0.6631000000000005,2,5,124.39,6,0,CHEMBL6064615,8.895226666666671,0.13333333333333333,,,,
ZINCf5000002s4vj,COCC=CCNC(=O)[C@@H](N)CN=[N+]=[N-],decoy,local_zinc_pool,,,,1,COCC=CCNC(=O)[C@@H](N)CN=[N+]=[N-],matched_to_CHEMBL5849977,213.241,-0.05719999999999964,2,4,113.11,7,0,CHEMBL5849977,7.460406666666674,0.12658227848101267,,,,
ZINCf5000001YIUb,CCOC(=O)C(COC)NS(=O)(=O)CI,decoy,local_zinc_pool,,,,1,CCOC(=O)C(COC)NS(=O)(=O)CI,matched_to_CHEMBL5876084,351.162,-0.12359999999999988,1,5,81.69999999999999,7,0,CHEMBL5876084,5.404353333333339,0.2028985507246377,,,,
ZINCf50000009wBo,COCCc1noc([C@@H](N)CC(N)=O)n1,decoy,local_zinc_pool,,,c1ncon1,1,COCCc1noc([C@@H](N)CC(N)=O)n1,matched_to_CHEMBL6024824,214.22499999999997,-0.8662999999999987,2,6,117.26,6,0,CHEMBL6024824,8.458456666666674,0.1518987341772152,,,,
ZINCf50000008VF0,CCC[C@H](O)[C@H](CO)NC(=O)CN=[N+]=[N-],decoy,local_zinc_pool,,,,1,CCC[C@H](O)[C@H](CO)NC(=O)CN=[N+]=[N-],matched_to_CHEMBL5877121,216.24099999999999,-0.06520000000000031,3,4,118.32000000000001,7,0,CHEMBL5877121,5.502056666666672,0.18,,,,
ZINCf5000000adGN,N#CCCSCC(=O)NCCOC(=N)O,decoy,local_zinc_pool,,,,1,N#CCCSCC(=O)NCCOC(=N)O,matched_to_CHEMBL5859878,231.277,0.2588499999999998,3,5,106.2,7,0,CHEMBL5859878,8.375866666666672,0.125,,,,
ZINCf50000025DEQ,CC(=O)N[C@H]1COC[C@H]1NC(=O)C=CI,decoy,local_zinc_pool,,,C1CCOC1,1,CC(=O)N[C@H]1COC[C@H]1NC(=O)C=CI,matched_to_CHEMBL5267044,324.118,-0.04520000000000052,2,3,67.43,3,0,CHEMBL5267044,4.396700000000003,0.12195121951219512,,,,
ZINCf5000000aguA,NC(=O)CSC[C@H](O)COc1cnsn1,decoy,local_zinc_pool,,,c1cnsn1,1,NC(=O)CSC[C@H](O)COc1cnsn1,matched_to_CHEMBL5816136,249.317,-0.5037000000000007,2,7,98.33000000000001,7,0,CHEMBL5816136,7.2637700000000045,0.12195121951219512,,,,
ZINCf5000002qVHP,CC(C)(CNC(=O)CCNO)OCCO,decoy,local_zinc_pool,,,,1,CC(C)(CNC(=O)CCNO)OCCO,matched_to_CHEMBL5988926,220.26899999999998,-0.7409999999999983,4,5,90.82000000000001,8,0,CHEMBL5988926,9.247663333333335,0.1643835616438356,,,,
ZINCf50000009FO4,CS(=O)(=O)CCNc1nccnc1C#N,decoy,local_zinc_pool,,,c1cnccn1,1,CS(=O)(=O)CCNc1nccnc1C#N,matched_to_CHEMBL6024197,226.26100000000002,-0.19522000000000034,1,6,95.74000000000001,4,0,CHEMBL6024197,6.109873333333337,0.16,,,,
ZINCf5000002rPbO,CCSC[C@H](N)C(=O)NCC[S@](C)(=N)=O,decoy,local_zinc_pool,,,,1,CCSC[C@H](N)C(=O)NCC[S@](C)(=N)=O,matched_to_CHEMBL5901726,253.393,-0.14042999999999867,3,5,96.03999999999999,7,0,CHEMBL5901726,8.815450000000006,0.13725490196078433,,,,
ZINCf5000002oxTh,C#CC[C@@H](NS(=O)(=O)CCC=C)C(=O)O,decoy,local_zinc_pool,,,,1,C#CC[C@@H](NS(=O)(=O)CCC=C)C(=O)O,matched_to_CHEMBL4115504,231.27299999999994,-0.04160000000000014,2,3,83.47,7,0,CHEMBL4115504,5.838866666666672,0.1724137931034483,,,,
ZINCf50000009vkS,COCCOCC(=O)NC[C@@H]1C[C@H]1CN,decoy,local_zinc_pool,,,C1CC1,1,COCCOCC(=O)NC[C@@H]1C[C@H]1CN,matched_to_CHEMBL199341,216.28099999999998,-0.639599999999998,2,4,73.58,8,0,CHEMBL199341,3.019666666666665,0.1125,,,,
ZINCf5000000S74l,NC(=O)CCNC(=O)NCc1cscn1,decoy,local_zinc_pool,,,c1cscn1,1,NC(=O)CCNC(=O)NCc1cscn1,matched_to_CHEMBL4114636,228.27700000000002,-0.18230000000000057,3,4,97.11,5,0,CHEMBL4114636,5.745020000000006,0.13095238095238096,,,,
ZINCf50000009KPt,C[C@@H](CSc1nncn1N)CS(C)(=O)=O,decoy,local_zinc_pool,,,c1nnc[nH]1,1,C[C@@H](CSc1nncn1N)CS(C)(=O)=O,matched_to_CHEMBL5811937,250.34899999999996,-0.2353000000000003,1,7,90.87,5,0,CHEMBL5811937,7.606516666666671,0.11494252873563218,,,,
ZINCf5000000atn7,O=C(O)CCn1cc(COCCO)nn1,decoy,local_zinc_pool,,,c1c[nH]nn1,1,O=C(O)CCn1cc(COCCO)nn1,matched_to_CHEMBL6030067,215.209,-0.7383,2,6,97.47,7,0,CHEMBL6030067,8.263920000000004,0.13924050632911392,,,,
ZINCf50000017Hd9,CNOCCCNC(=O)c1nsnc1O,decoy,local_zinc_pool,,,c1cnsn1,1,CNOCCCNC(=O)c1nsnc1O,matched_to_CHEMBL6006846,232.26500000000001,-0.48540000000000083,3,7,96.37,6,0,CHEMBL6006846,8.755353333333339,0.17105263157894737,,,,
ZINCf5000001CEAB,CN1C(CNS(=O)(=O)CBr)CCS1(=O)=O,decoy,local_zinc_pool,,,O=S1(=O)CCCN1,1,CN1C(CNS(=O)(=O)CBr)CCS1(=O)=O,matched_to_CHEMBL5854116,321.218,-0.7078999999999998,1,4,83.55000000000001,4,0,CHEMBL5854116,5.174440000000004,0.12,,,,
ZINCf5000001P0vn,O=C1C[C@@H](NS(=O)(=O)CCCCF)CO1,decoy,local_zinc_pool,,,O=C1CCCO1,1,O=C1C[C@@H](NS(=O)(=O)CCCCF)CO1,matched_to_CHEMBL2177185,239.26799999999992,-0.029000000000000137,1,4,72.47,6,0,CHEMBL2177185,5.504156666666672,0.11904761904761904,,,,
ZINCf5000001QntH,O=S(=O)(CI)N1CCC(CO)(CCO)C1,decoy,local_zinc_pool,,,C1CCNC1,1,O=S(=O)(CI)N1CCC(CO)(CCO)C1,matched_to_CHEMBL4109769,349.19000000000017,-0.22449999999999987,2,4,77.84,5,0,CHEMBL4109769,5.35132666666667,0.15789473684210525,,,,
ZINCf5000002dJhU,C[C@@H]1[C@@H](C)C1(Br)C(=O)NOC[C@H](O)CO,decoy,local_zinc_pool,,,C1CC1,1,C[C@@H]1[C@@H](C)C1(Br)C(=O)NOC[C@H](O)CO,matched_to_CHEMBL2313485,282.134,-0.19309999999999988,3,4,78.79,5,0,CHEMBL2313485,4.467073333333336,0.15,,,,
ZINCf5000002rPA5,CC[S@@](=O)CC(=O)N1CCNCC1(C)C,decoy,local_zinc_pool,,,C1CNCCN1,1,CC[S@@](=O)CC(=O)N1CCNCC1(C)C,matched_to_CHEMBL514709,232.34899999999996,-0.034599999999999076,1,3,49.410000000000004,3,0,CHEMBL514709,2.7176866666666673,0.12658227848101267,,,,
ZINCf5000000Zy80,O=C(CCn1cnnn1)Nc1ccno1,decoy,local_zinc_pool,,,O=C(CCn1cnnn1)Nc1ccno1,1,O=C(CCn1cnnn1)Nc1ccno1,matched_to_CHEMBL5808134,208.181,-0.3101000000000007,1,7,98.73,4,0,CHEMBL5808134,5.401776666666671,0.18032786885245902,,,,
ZINCf5000002rLMQ,CCOCCONC(=O)c1nnsc1N,decoy,local_zinc_pool,,,c1csnn1,1,CCOCCONC(=O)c1nnsc1N,matched_to_CHEMBL5745234,232.26500000000001,-0.1818000000000003,2,7,99.36,6,0,CHEMBL5745234,6.646446666666671,0.13924050632911392,,,,
ZINCf5000001FXaY,CCCNS(=O)(=O)N1CC(CS(C)=O)C1,decoy,local_zinc_pool,,,C1CNC1,1,CCCNS(=O)(=O)N1CC(CS(C)=O)C1,matched_to_CHEMBL2347389,254.37699999999995,-0.45889999999999875,1,3,66.48,6,0,CHEMBL2347389,5.378353333333338,0.12,,,,
ZINCf50000025uSm,CCOC(=O)[C@@](C)(O)CNS(=O)(=O)CI,decoy,local_zinc_pool,,,,1,CCOC(=O)[C@@](C)(O)CNS(=O)(=O)CI,matched_to_CHEMBL5775440,351.162,-0.38759999999999994,2,5,92.69999999999999,6,0,CHEMBL5775440,3.9509133333333386,0.1527777777777778,,,,
ZINCf50000026YZ4,CN(C)c1nnc(CNS(=O)(=O)CBr)o1,decoy,local_zinc_pool,,,c1nnco1,1,CN(C)c1nnc(CNS(=O)(=O)CBr)o1,matched_to_CHEMBL5747471,299.15,-0.09259999999999974,1,6,88.33,5,0,CHEMBL5747471,5.140940000000005,0.10227272727272728,,,,
ZINCf5000002scKn,CO[C@@H](C(=O)O)C(=O)N1C[C@H]2[C@H](Br)[C@H]2C1,decoy,local_zinc_pool,,,C1NCC2CC12,1,CO[C@@H](C(=O)O)C(=O)N1C[C@@H]2[C@@H](Br)[C@@H]2C1,matched_to_CHEMBL3265101,278.10200000000003,-0.0622999999999998,1,3,66.84,3,0,CHEMBL3265101,4.396930000000003,0.17391304347826086,,,,
ZINCf5000002rMLF,CCOC(=O)CC[C@@H](O)CNCCCO,decoy,local_zinc_pool,,,,1,CCOC(=O)CC[C@@H](O)CNCCCO,matched_to_CHEMBL4068667,219.28099999999998,-0.33739999999999987,3,5,78.79,9,0,CHEMBL4068667,8.363676666666668,0.1836734693877551,,,,
ZINCf5000000Zu2d,C[C@@H](NCCCS(N)(=O)=O)c1nncs1,decoy,local_zinc_pool,,,c1nncs1,1,C[C@@H](NCCCS(N)(=O)=O)c1nncs1,matched_to_CHEMBL5928219,250.34900000000002,-0.13269999999999926,2,6,97.97,6,0,CHEMBL5928219,6.5329200000000025,0.13924050632911392,,,,
ZINCf5000002qy1u,CC1(CS(=O)(=O)NC[C@@H](O)CC#N)N=N1,decoy,local_zinc_pool,,,C1N=N1,1,CC1(CS(=O)(=O)NC[C@@H](O)CC#N)N=N1,matched_to_CHEMBL3220103,232.265,-0.6376199999999996,2,6,114.91,6,0,CHEMBL3220103,6.703536666666671,0.12790697674418605,,,,
ZINCf5000000949X,CC[C@@H](C)S(=O)(=O)NC(=O)CCCON,decoy,local_zinc_pool,,,,1,CC[C@@H](C)S(=O)(=O)NC(=O)CCCON,matched_to_CHEMBL6012158,238.30899999999994,-0.09859999999999902,2,5,98.49,7,0,CHEMBL6012158,7.729746666666672,0.16666666666666666,,,,
ZINCf5000000ag9C,NC(=O)CCS(=O)(=O)CCOCC(F)F,decoy,local_zinc_pool,,,,1,NC(=O)CCS(=O)(=O)CCOCC(F)F,matched_to_CHEMBL1688303,245.24699999999993,-0.4417000000000002,1,4,86.46000000000001,8,0,CHEMBL1688303,6.652250000000004,0.10204081632653061,,,,
ZINCf50000009Aos,COC[C@](C)(O)CC(=O)NS(=O)(=O)CI,decoy,local_zinc_pool,,,,1,COC[C@](C)(O)CC(=O)NS(=O)(=O)CI,matched_to_CHEMBL3217780,351.162,-0.38759999999999994,2,5,92.69999999999999,6,0,CHEMBL3217780,6.324100000000005,0.14285714285714285,,,,
ZINCf5000002e1ZE,CNC(=S)N1CCC[C@@H](C2(O)COC2)C1,decoy,local_zinc_pool,,,C1CNCC(C2COC2)C1,1,CNC(=S)N1CCC[C@@H](C2(O)COC2)C1,matched_to_CHEMBL416288,230.33299999999997,-0.03600000000000003,2,3,44.730000000000004,1,0,CHEMBL416288,2.835083333333335,0.14634146341463414,,,,
ZINCf50000028kMc,NC(=O)c1coc(CNS(=O)(=O)CI)n1,decoy,local_zinc_pool,,,c1cocn1,1,NC(=O)c1coc(CNS(=O)(=O)CI)n1,matched_to_CHEMBL6050672,345.118,-0.4146000000000003,2,5,115.29,5,0,CHEMBL6050672,7.563523333333338,0.12903225806451613,,,,
ZINCf5000000Vlgk,CCCNS(=O)(=O)N[C@H](C(=O)O)C1CC1,decoy,local_zinc_pool,,,C1CC1,1,CCCNS(=O)(=O)N[C@H](C(=O)O)C1CC1,matched_to_CHEMBL3407579,236.29299999999998,-0.3163999999999989,3,3,95.50000000000001,7,0,CHEMBL3407579,6.120986666666669,0.21739130434782608,,,,
ZINCf500000094nS,CC[C@@H](CNC(=O)NCCCON)OC,decoy,local_zinc_pool,,,,1,CC[C@@H](CNC(=O)NCCCON)OC,matched_to_CHEMBL5913446,219.28499999999994,-0.008999999999998953,3,4,85.61,8,0,CHEMBL5913446,6.364633333333336,0.1643835616438356,,,,
ZINCf50000009eyw,CN(CCCF)S(=O)(=O)c1cnn(C)n1,decoy,local_zinc_pool,,,c1cn[nH]n1,1,CN(CCCF)S(=O)(=O)c1cnn(C)n1,matched_to_CHEMBL3653239,236.27200000000002,-0.2048000000000001,0,5,68.09,5,0,CHEMBL3653239,6.026683333333338,0.13636363636363635,,,,
ZINCf5000000akV7,NCc1nc(C(=O)NCCCON)cs1,decoy,local_zinc_pool,,,c1cscn1,1,NCc1nc(C(=O)NCCCON)cs1,matched_to_CHEMBL5989834,230.29299999999998,-0.3880000000000008,3,6,103.25999999999999,6,0,CHEMBL5989834,9.408706666666674,0.16666666666666666,,,,
ZINCf5000002899w,C[C@@H]1[C@@H](C)C1(Br)C(=O)N[C@@H]1CNC[C@@H]1O,decoy,local_zinc_pool,,,O=C(NC1CCNC1)C1CC1,1,C[C@@H]1[C@@H](C)C1(Br)C(=O)N[C@@H]1CNC[C@@H]1O,matched_to_CHEMBL3693969,277.162,-0.14520000000000033,3,3,61.36,2,0,CHEMBL3693969,5.461703333333336,0.14102564102564102,,,,
ZINCf50000009xNF,COC[C@@H](O)CNS(=O)(=O)CCCC#N,decoy,local_zinc_pool,,,,1,COC[C@@H](O)CNS(=O)(=O)CCCC#N,matched_to_CHEMBL5879668,236.29299999999995,-0.7831199999999996,2,5,99.41999999999999,8,0,CHEMBL5879668,9.169963333333342,0.11764705882352941,,,,
ZINCf50000009Hhg,CSCc1noc(CNCCC(N)=O)n1,decoy,local_zinc_pool,,,c1ncon1,1,CSCc1noc(CNCCC(N)=O)n1,matched_to_CHEMBL5883242,230.29299999999998,-0.10239999999999994,2,6,94.04,7,0,CHEMBL5883242,9.122310000000008,0.12658227848101267,,,,
ZINCf500000184cO,NCCOCCC(=O)NCc1cnon1,decoy,local_zinc_pool,,,c1cnon1,1,NCCOCCC(=O)NCc1cnon1,matched_to_CHEMBL5921912,214.225,-0.9487999999999992,2,6,103.27,7,0,CHEMBL5921912,9.54873333333334,0.13580246913580246,,,,
ZINCf5000000as8n,O=C(NS(=O)(=O)CI)[C@@H]1C[C@]12CCNC2,decoy,local_zinc_pool,,,C1CC2(CC2)CN1,1,O=C(NS(=O)(=O)CI)[C@@H]1C[C@]12CCNC2,matched_to_CHEMBL378100,344.17400000000015,-0.17549999999999993,2,4,75.27,3,0,CHEMBL378100,5.694046666666668,0.13253012048192772,,,,
ZINCf50000008Gil,C=CCNCCC(=O)NC[C@H](C)C(=O)O,decoy,local_zinc_pool,,,,1,C=CCNCCC(=O)NC[C@H](C)C(=O)O,matched_to_CHEMBL4102803,214.265,-0.010999999999999954,3,3,78.43,8,0,CHEMBL4102803,4.571393333333336,0.1875,,,,
ZINCf5000002s1mZ,CNOCCCNC(=O)[C@@H](N)CN=[N+]=[N-],decoy,local_zinc_pool,,,,1,CNOCCCNC(=O)[C@@H](N)CN=[N+]=[N-],matched_to_CHEMBL5869704,216.245,-0.7186999999999988,3,5,125.14,8,0,CHEMBL5869704,8.610630000000008,0.15,,,,
ZINCf5000000Zt61,COCCCCNC(=O)c1nonc1N,decoy,local_zinc_pool,,,c1cnon1,1,COCCCCNC(=O)c1nonc1N,matched_to_CHEMBL5978015,214.225,-0.19180000000000008,2,6,103.27,6,0,CHEMBL5978015,7.562330000000005,0.17105263157894737,,,,
ZINCf5000002sikl,CSCCOCC(=O)NC[C@H](O)CCN,decoy,local_zinc_pool,,,,1,CSCCOCC(=O)NC[C@H](O)CCN,matched_to_CHEMBL3819071,236.337,-0.808099999999998,3,5,84.58,9,0,CHEMBL3819071,7.477310000000002,0.1320754716981132,,,,
ZINCf5000000aahM,Cn1cc(CC(=O)NS(=O)(=O)CI)cn1,decoy,local_zinc_pool,,,c1cn[nH]c1,1,Cn1cc(CC(=O)NS(=O)(=O)CI)cn1,matched_to_CHEMBL3687241,343.146,-0.19890000000000008,1,5,81.06,4,0,CHEMBL3687241,6.201453333333337,0.21428571428571427,,,,
ZINCf5000000ZxEo,NCCCSCCC(=O)Nn1ccnn1,decoy,local_zinc_pool,,,c1c[nH]nn1,1,NCCCSCCC(=O)Nn1ccnn1,matched_to_CHEMBL6064615,229.30900000000003,-0.17970000000000036,2,6,85.83,7,0,CHEMBL6064615,8.984240000000005,0.14444444444444443,,,,
ZINCf50000017ZrY,C[S@@](=N)(=O)CCNS(=O)(=O)CCCC#N,decoy,local_zinc_pool,,,,1,C[S@@](=N)(=O)CCNS(=O)(=O)CCCC#N,matched_to_CHEMBL5849977,253.34899999999996,-0.11385000000000023,2,5,110.88,7,0,CHEMBL5849977,6.6862933333333405,0.10416666666666667,,,,
ZINCf50000024flk,C=C(Cl)CS(=O)(=O)NCc1cn(C)nn1,decoy,local_zinc_pool,,,c1c[nH]nn1,1,C=C(Cl)CS(=O)(=O)NCc1cn(C)nn1,matched_to_CHEMBL5876084,250.711,-0.0129999999999999,1,5,76.88,5,0,CHEMBL5876084,5.527930000000006,0.15730337078651685,,,,
ZINCf5000002myLk,C[C@H](CNS(=O)(=O)CBr)NS(=O)(=O)CBr,decoy,local_zinc_pool,,,,1,C[C@H](CNS(=O)(=O)CBr)NS(=O)(=O)CBr,matched_to_CHEMBL6024824,388.10300000000007,-0.08149999999999963,2,4,92.34,7,0,CHEMBL6024824,7.693276666666673,0.1038961038961039,,,,
ZINCf5000002ryaK,C[C@@H](CS(C)(=O)=O)NC(CCN)CCN,decoy,local_zinc_pool,,,,1,C[C@@H](CS(C)(=O)=O)NC(CCN)CCN,matched_to_CHEMBL5877121,237.36899999999994,-0.924699999999997,3,5,98.21,8,0,CHEMBL5877121,5.324176666666668,0.1111111111111111,,,,
ZINCf5000000ZxNc,NS(=O)(=O)NCCNCc1ncsc1Br,decoy,local_zinc_pool,,,c1cscn1,1,NS(=O)(=O)NCCNCc1ncsc1Br,matched_to_CHEMBL5859878,315.21799999999996,-0.21169999999999978,3,5,97.11,6,0,CHEMBL5859878,8.713756666666672,0.11627906976744186,,,,
ZINCf5000002mEt4,NC(=O)[C@H](O)C1CCN(CC#CBr)CC1,decoy,local_zinc_pool,,,C1CCNCC1,1,NC(=O)[C@H](O)C1CCN(CC#CBr)CC1,matched_to_CHEMBL5267044,275.146,-0.09960000000000013,2,3,66.56,3,0,CHEMBL5267044,4.8878866666666685,0.15,,,,
ZINCf5000000Zxnj,NC(=O)CSCCC(=O)Nc1nnco1,decoy,local_zinc_pool,,,c1nnco1,1,NC(=O)CSCCC(=O)Nc1nnco1,matched_to_CHEMBL5816136,230.24900000000002,-0.3833000000000002,2,6,111.11,6,0,CHEMBL5816136,7.862983333333338,0.12903225806451613,,,,
ZINCf5000000WBKn,NC[C@@H](O)CNC(=O)CCCCCCO,decoy,local_zinc_pool,,,,1,NC[C@@H](O)CNC(=O)CCCCCCO,matched_to_CHEMBL5988926,218.29699999999994,-0.6350000000000002,4,4,95.58,9,0,CHEMBL5988926,9.006316666666672,0.15217391304347827,,,,
ZINCf5000002oBuO,C[C@@H](COC(=O)c1nccs1)S(N)(=O)=O,decoy,local_zinc_pool,,,c1cscn1,1,C[C@@H](COC(=O)c1nccs1)S(N)(=O)=O,matched_to_CHEMBL6024197,250.301,-0.023099999999999787,1,6,99.35,4,0,CHEMBL6024197,5.610326666666671,0.20987654320987653,,,,
ZINCf5000000Zru3,CC[C@@H](O)CNc1cnsc1S(N)(=O)=O,decoy,local_zinc_pool,,,c1cnsc1,1,CC[C@@H](O)CNc1cnsc1S(N)(=O)=O,matched_to_CHEMBL5901726,251.333,-0.026700000000000057,3,6,105.31,5,0,CHEMBL5901726,8.889430000000006,0.12987012987012986,,,,
ZINCf50000008GaH,C=CCNC(=O)CNS(=O)(=O)CC1CC1,decoy,local_zinc_pool,,,C1CC1,1,C=CCNC(=O)CNS(=O)(=O)CC1CC1,matched_to_CHEMBL4115504,232.30499999999995,-0.38199999999999923,2,3,75.27000000000001,7,0,CHEMBL4115504,5.933080000000005,0.1794871794871795,,,,
ZINCf5000001VXXG,CC(CCO)CCNS(=O)(=O)N1CCC1,decoy,local_zinc_pool,,,C1CNC1,1,CC(CCO)CCNS(=O)(=O)N1CCC1,matched_to_CHEMBL199341,236.33699999999996,-0.06489999999999951,2,3,69.64,7,0,CHEMBL199341,2.9946933333333328,0.1375,,,,
ZINCf5000000ZqP7,CC(C)(N)CCNS(=O)(=O)c1cn[nH]c1,decoy,local_zinc_pool,,,c1cn[nH]c1,1,CC(C)(N)CCNS(=O)(=O)c1cn[nH]c1,matched_to_CHEMBL4114636,232.30900000000003,-0.1845999999999996,3,4,100.87,5,0,CHEMBL4114636,5.779833333333339,0.12658227848101267,,,,
ZINCf5000000azM9,c1cc2nnnn2nc1Sc1nn[nH]n1,decoy,local_zinc_pool,,,c1cc2nnnn2nc1Sc1nn[nH]n1,1,c1cc2nnnn2nc1Sc1nn[nH]n1,matched_to_CHEMBL5811937,221.20900000000003,-0.8164000000000005,1,9,110.42999999999999,2,0,CHEMBL5811937,8.002916666666671,0.12345679012345678,,,,
ZINCf5000002dkM7,Cc1nsc(CNS(=O)(=O)CCCN)n1,decoy,local_zinc_pool,,,c1ncsn1,1,Cc1nsc(CNS(=O)(=O)CCCN)n1,matched_to_CHEMBL6030067,250.34899999999996,-0.3852799999999998,2,6,97.97,6,0,CHEMBL6030067,8.15717333333334,0.10344827586206896,,,,
ZINCf5000002oFbj,COc1nnc(NC(=O)[C@@H](N)CCO)s1,decoy,local_zinc_pool,,,c1nncs1,1,COc1nnc(NC(=O)[C@@H](N)CCO)s1,matched_to_CHEMBL6006846,232.265,-0.8051000000000006,3,7,110.36000000000001,5,0,CHEMBL6006846,8.908886666666671,0.14285714285714285,,,,
ZINCf5000002seQW,COC(=O)[C@@H](NS(=O)(=O)CI)C1COC1,decoy,local_zinc_pool,,,C1COC1,1,COC(=O)[C@@H](NS(=O)(=O)CI)C1COC1,matched_to_CHEMBL5854116,349.1460000000001,-0.5137000000000003,1,5,81.7,5,0,CHEMBL5854116,4.691693333333338,0.1643835616438356,,,,
ZINCf50000009fgF,CN(CCS(C)(=O)=O)[C@H](C(=O)O)C1CC1,decoy,local_zinc_pool,,,C1CC1,1,CN(CCS(C)(=O)=O)[C@H](C(=O)O)C1CC1,matched_to_CHEMBL2177185,235.30499999999998,-0.1739999999999997,1,4,74.68,6,0,CHEMBL2177185,5.552053333333338,0.1702127659574468,,,,
ZINCf50000009eMS,CN(CCN)C(=O)C(=O)NCCC=CBr,decoy,local_zinc_pool,,,,1,CN(CCN)C(=O)C(=O)NCCC=CBr,matched_to_CHEMBL4109769,278.15,-0.18159999999999998,2,3,75.42999999999999,5,0,CHEMBL4109769,5.6295266666666715,0.12048192771084337,,,,
ZINCf5000002r4rw,CC[C@@H](CCN)C(=O)NCC1(O)CSC1,decoy,local_zinc_pool,,,C1CSC1,1,CC[C@@H](CCN)C(=O)NCC1(O)CSC1,matched_to_CHEMBL2313485,232.349,-0.044499999999999096,3,4,75.35000000000001,6,0,CHEMBL2313485,4.503456666666669,0.18,,,,
ZINCf5000002eoqP,O=[S@@](CC(F)(F)F)N1CCO[C@@H](CO)C1,decoy,local_zinc_pool,,,C1COCCN1,1,O=[S@@](CC(F)(F)F)N1CCO[C@@H](CO)C1,matched_to_CHEMBL514709,247.23799999999997,-0.09449999999999975,1,3,49.77,3,0,CHEMBL514709,2.623130000000001,0.13095238095238096,,,,
ZINCf5000000VZpa,O=C(O)Cc1cn(Cc2cnsn2)nn1,decoy,local_zinc_pool,,,c1cn(Cc2cnsn2)nn1,1,O=C(O)Cc1cn(Cc2cnsn2)nn1,matched_to_CHEMBL5808134,225.23300000000003,-0.19499999999999984,1,7,93.78999999999999,4,0,CHEMBL5808134,5.352123333333338,0.15384615384615385,,,,
ZINCf5000000ai5I,NCC(=O)Cn1cc(CSCCO)nn1,decoy,local_zinc_pool,,,c1c[nH]nn1,1,NCC(=O)Cn1cc(CSCCO)nn1,matched_to_CHEMBL5745234,230.29299999999998,-0.9686000000000006,2,7,94.03,7,0,CHEMBL5745234,6.903900000000005,0.12345679012345678,,,,
ZINCf50000008VS8,CCN(C(=O)CCNS(C)(=O)=O)C1CC1,decoy,local_zinc_pool,,,C1CC1,1,CCN(C(=O)CCNS(C)(=O)=O)C1CC1,matched_to_CHEMBL2347389,234.32099999999997,-0.06339999999999946,1,3,66.48,6,0,CHEMBL2347389,5.315246666666672,0.125,,,,
ZINCf5000000SKx4,CC[C@@H](COC)n1cc([C@H](N)CO)nn1,decoy,local_zinc_pool,,,c1c[nH]nn1,1,CC[C@@H](COC)n1cc([C@H](N)CO)nn1,matched_to_CHEMBL5775440,214.269,-0.1322999999999997,2,6,86.19,6,0,CHEMBL5775440,4.910043333333338,0.14285714285714285,,,,
ZINCf5000000a7WE,Cc1nc(CS(=O)(=O)NC2CSC2)no1,decoy,local_zinc_pool,,,O=S(=O)(Cc1ncon1)NC1CSC1,1,Cc1nc(CS(=O)(=O)NC2CSC2)no1,matched_to_CHEMBL5747471,249.31699999999998,-0.08718000000000026,1,6,85.09,4,0,CHEMBL5747471,5.265256666666671,0.1797752808988764,,,,
ZINCf50000027HWE,O=C1NCCN(S(=O)(=O)CI)[C@@H]1C1CC1,decoy,local_zinc_pool,,,O=C1NCCNC1C1CC1,1,O=C1NCCN(S(=O)(=O)CI)[C@@H]1C1CC1,matched_to_CHEMBL3265101,344.1740000000001,-0.0809000000000002,1,3,66.48,3,0,CHEMBL3265101,3.7342100000000036,0.12658227848101267,,,,
ZINCf50000017zcf,CCSC[C@H](N)C(=O)NCCCONC,decoy,local_zinc_pool,,,,1,CCSC[C@H](N)C(=O)NCCCONC,matched_to_CHEMBL4068667,235.35299999999998,-0.2758999999999985,3,5,76.38000000000001,9,0,CHEMBL4068667,8.258356666666668,0.1568627450980392,,,,
ZINCf50000009adX,CCc1nnc(SC[C@H](O)COC)n1N,decoy,local_zinc_pool,,,c1nnc[nH]1,1,CCc1nnc(SC[C@H](O)COC)n1N,matched_to_CHEMBL5928219,232.309,-0.3463,2,7,86.19000000000001,6,0,CHEMBL5928219,6.826920000000003,0.11363636363636363,,,,
ZINCf5000000WBkB,Cc1noc(C)c1S(=O)(=O)NCCON,decoy,local_zinc_pool,,,c1cnoc1,1,Cc1noc(C)c1S(=O)(=O)NCCON,matched_to_CHEMBL3220103,235.26499999999996,-0.5399599999999996,2,6,107.45,5,0,CHEMBL3220103,6.406830000000005,0.14285714285714285,,,,
ZINCf5000002oIFK,O=C(O)COCCCn1cc(CO)nn1,decoy,local_zinc_pool,,,c1c[nH]nn1,1,O=C(O)COCCCn1cc(CO)nn1,matched_to_CHEMBL6012158,215.209,-0.7383000000000004,2,6,97.47,7,0,CHEMBL6012158,7.92801333333334,0.15384615384615385,,,,
ZINCf5000002rLUl,CCOCCS(=O)(=O)NC(=O)CCC#N,decoy,local_zinc_pool,,,,1,CCOCCS(=O)(=O)NC(=O)CCC#N,matched_to_CHEMBL1688303,234.277,-0.22731999999999997,1,5,96.25999999999999,7,0,CHEMBL1688303,6.4950300000000025,0.11538461538461539,,,,
ZINCf50000009zwx,COC[C@H](Nc1cnc(I)nc1)C(N)=O,decoy,local_zinc_pool,,,c1cncnc1,1,COC[C@H](Nc1cnc(I)nc1)C(N)=O,matched_to_CHEMBL3217780,322.10600000000005,-0.00660000000000005,2,5,90.13,5,0,CHEMBL3217780,5.963460000000003,0.2112676056338028,,,,
ZINCf5000001s8Uu,CC1(C)CN(C(=O)C2C=CCN2)CCN1,decoy,local_zinc_pool,,,O=C(C1C=CCN1)N1CCNCC1,1,CC1(C)CN(C(=O)C2C=CCN2)CCN1,matched_to_CHEMBL416288,209.29299999999998,-0.2751999999999987,2,3,44.370000000000005,1,0,CHEMBL416288,3.1905500000000004,0.12345679012345678,,,,
ZINCf50000017Bo0,CC[S@](=N)(=O)NC(=O)CSCC(=O)OC,decoy,local_zinc_pool,,,,1,CC[S@](=N)(=O)NC(=O)CSCC(=O)OC,matched_to_CHEMBL6050672,254.33299999999994,-0.009530000000000483,2,6,96.32000000000001,6,0,CHEMBL6050672,7.596926666666672,0.125,,,,
ZINCf5000000alHu,NS(=O)(=O)NCCNCc1ccc(Br)o1,decoy,local_zinc_pool,,,c1ccoc1,1,NS(=O)(=O)NCCNCc1ccc(Br)o1,matched_to_CHEMBL3407579,298.16200000000003,-0.07519999999999949,3,4,97.36,6,0,CHEMBL3407579,6.26709666666667,0.10126582278481013,,,,
ZINCf5000002e2dg,CNS(=O)(=O)NCCCNC(=O)CCBr,decoy,local_zinc_pool,,,,1,CNS(=O)(=O)NCCCNC(=O)CCBr,matched_to_CHEMBL5913446,302.19399999999996,-0.6685000000000003,3,3,87.30000000000001,8,0,CHEMBL5913446,6.407610000000004,0.12244897959183673,,,,
ZINCf500000204MX,O=S1(=O)CC(C2CN(S(=O)(=O)CI)C2)C1,decoy,local_zinc_pool,,,O=S1(=O)CC(C2CNC2)C1,1,O=S1(=O)CC(C2CN(S(=O)(=O)CI)C2)C1,matched_to_CHEMBL3653239,365.21400000000006,-0.31489999999999974,0,4,71.52000000000001,3,0,CHEMBL3653239,6.447863333333338,0.07894736842105263,,,,
ZINCf5000001V3uo,CCCS(=O)(=O)NCC(O)CCC(=O)O,decoy,local_zinc_pool,,,,1,CCCS(=O)(=O)NCC(O)CCC(=O)O,matched_to_CHEMBL5989834,239.29299999999995,-0.4584999999999993,3,4,103.7,8,0,CHEMBL5989834,9.348106666666673,0.2222222222222222,,,,
ZINCf5000000S7fK,O=C(NCC=CBr)N1C[C@@H](O)[C@H](CO)C1,decoy,local_zinc_pool,,,C1CCNC1,1,O=C(NCC=CBr)N1C[C@@H](CO)[C@H](O)C1,matched_to_CHEMBL3693969,279.134,-0.11039999999999994,3,3,72.80000000000001,3,0,CHEMBL3693969,5.666783333333337,0.125,,,,
ZINCf5000000ZwRE,Cn1nnc(CSCc2n[nH]c(=N)o2)n1,decoy,local_zinc_pool,,,N=c1[nH]nc(CSCc2nn[nH]n2)o1,1,Cn1nnc(CSCc2n[nH]c(=N)o2)n1,matched_to_CHEMBL5879668,227.25300000000001,-0.5609300000000004,2,8,109.27000000000001,4,0,CHEMBL5879668,9.218236666666673,0.11578947368421053,,,,
ZINCf50000009AET,COCc1nc(CNCCC(=O)O)no1,decoy,local_zinc_pool,,,c1ncon1,1,COCc1nc(CNCCC(=O)O)no1,matched_to_CHEMBL5883242,215.209,-0.21970000000000028,2,6,97.48,7,0,CHEMBL5883242,9.213750000000008,0.14285714285714285,,,,
ZINCf50000009G31,CS(=O)(=O)NCCCNC(=O)CN=[N+]=[N-],decoy,local_zinc_pool,,,,1,CS(=O)(=O)NCCCNC(=O)CN=[N+]=[N-],matched_to_CHEMBL5921912,235.269,-0.6478000000000002,2,4,124.03000000000002,7,0,CHEMBL5921912,9.307226666666674,0.11764705882352941,,,,
ZINCf50000017sOK,CC(C)NS(=O)(=O)N1CCCNCCC1,decoy,local_zinc_pool,,,C1CNCCCNC1,1,CC(C)NS(=O)(=O)N1CCCNCCC1,matched_to_CHEMBL378100,235.35299999999992,-0.08539999999999925,2,3,61.440000000000005,3,0,CHEMBL378100,5.668990000000003,0.125,,,,
ZINCf5000002qFjl,C#CCCCCC[C@H](N)C(=O)NCCN,decoy,local_zinc_pool,,,,1,C#CCCCCC[C@H](N)C(=O)NCCN,matched_to_CHEMBL4102803,211.309,-0.027699999999998393,3,3,81.14,8,0,CHEMBL4102803,4.503686666666669,0.1875,,,,
ZINCf500000181pp,N#CCCCNC(=O)C[C@@H](N)CCCN,decoy,local_zinc_pool,,,,1,N#CCCCNC(=O)C[C@@H](N)CCCN,matched_to_CHEMBL5869704,212.29699999999997,-0.1373199999999991,3,4,104.92999999999999,8,0,CHEMBL5869704,9.570923333333342,0.14,,,,
ZINCf50000009GTO,CSCC[C@H](NCCS(C)(=O)=O)C(N)=O,decoy,local_zinc_pool,,,,1,CSCC[C@H](NCCS(C)(=O)=O)C(N)=O,matched_to_CHEMBL5978015,254.37699999999998,-0.7723999999999991,2,5,89.25999999999999,8,0,CHEMBL5978015,7.608276666666671,0.14,,,,
ZINCf50000017WSx,C[C@H](O)CCONC(=O)CSCC(N)=O,decoy,local_zinc_pool,,,,1,C[C@H](O)CCONC(=O)CSCC(N)=O,matched_to_CHEMBL3819071,236.29299999999998,-0.976399999999999,3,5,101.65,8,0,CHEMBL3819071,7.407150000000003,0.1506849315068493,,,,
ZINCf5000000ZsV5,COC(=O)COCC(=O)Nc1ccno1,decoy,local_zinc_pool,,,c1cnoc1,1,COC(=O)COCC(=O)Nc1ccno1,matched_to_CHEMBL3687241,214.17700000000002,-0.19730000000000064,1,6,90.66,5,0,CHEMBL3687241,6.10607666666667,0.20270270270270271,,,,
ZINCf5000000axSu,O=[N+]([O-])CCN[C@H](CO)Cc1cncs1,decoy,local_zinc_pool,,,c1cscn1,1,O=[N+]([O-])CCN[C@H](CO)Cc1cncs1,matched_to_CHEMBL6064615,231.27700000000002,-0.08720000000000039,2,6,88.29,7,0,CHEMBL6064615,8.804493333333339,0.125,,,,
ZINCf5000000axpl,O=S(=O)(NCCOCCO)c1cncs1,decoy,local_zinc_pool,,,c1cscn1,1,O=S(=O)(NCCOCCO)c1cncs1,matched_to_CHEMBL5849977,252.317,-0.5697000000000001,2,6,88.52000000000001,7,0,CHEMBL5849977,7.3949133333333394,0.13924050632911392,,,,
ZINCf50000009ahy,CCc1noc(C[S@](=O)CC(=O)NC)n1,decoy,local_zinc_pool,,,c1ncon1,1,CCc1noc(C[S@](=O)CC(=O)NC)n1,matched_to_CHEMBL5876084,231.277,-0.37329999999999997,1,5,85.09,5,0,CHEMBL5876084,5.634070000000006,0.13095238095238096,,,,
ZINCf5000000ZxFj,NCCNS(=O)(=O)c1ccc([N+](=O)[O-])s1,decoy,local_zinc_pool,,,c1ccsc1,1,NCCNS(=O)(=O)c1ccc([N+](=O)[O-])s1,matched_to_CHEMBL6024824,251.289,-0.10669999999999996,2,6,115.33000000000001,5,0,CHEMBL6024824,8.158616666666674,0.12857142857142856,,,,
ZINCf5000002s5cv,COCC[C@H](N)C(=O)NCC[S@](C)(=N)=O,decoy,local_zinc_pool,,,,1,COCC[C@H](N)C(=O)NCC[S@](C)(=N)=O,matched_to_CHEMBL5877121,237.325,-0.8570299999999988,3,5,105.26999999999998,7,0,CHEMBL5877121,5.497103333333337,0.1346153846153846,,,,
ZINCf5000002qNLm,CC(C)(CC(=O)NC[C@@H](N)CO)N=[N+]=[N-],decoy,local_zinc_pool,,,,1,CC(C)(CC(=O)NC[C@@H](N)CO)N=[N+]=[N-],matched_to_CHEMBL5859878,215.25699999999998,-0.09879999999999983,3,4,124.11,6,0,CHEMBL5859878,9.058100000000005,0.12941176470588237,,,,
ZINCf5000001wzZ7,O=C(NCC=CBr)C(=O)NC1CCOC1,decoy,local_zinc_pool,,,C1CCOC1,1,O=C(NCC=CBr)C(=O)NC1CCOC1,matched_to_CHEMBL5267044,277.118,-0.08370000000000011,2,3,67.43,3,0,CHEMBL5267044,4.8923666666666685,0.16049382716049382,,,,
ZINCf5000002rFi2,C[C@@H](ONS(=O)(=O)CCCC#N)C(=O)O,decoy,local_zinc_pool,,,,1,C[C@@H](ONS(=O)(=O)CCCC#N)C(=O)O,matched_to_CHEMBL5816136,236.24899999999994,-0.38572000000000034,2,5,116.49,7,0,CHEMBL5816136,7.589396666666672,0.19148936170212766,,,,
ZINCf5000000ZtRN,C[C@@H](CO)CSCc1nc(O)[nH]c(=N)n1,decoy,local_zinc_pool,,,N=c1ncnc[nH]1,1,C[C@@H](CO)CSCc1nc(O)[nH]c(=N)n1,matched_to_CHEMBL5988926,230.29300000000006,-0.14863000000000015,4,6,105.88000000000001,5,0,CHEMBL5988926,9.150110000000003,0.13043478260869565,,,,
ZINCf5000002rFoH,CCn1cc(-c2nc(CCO)no2)nn1,decoy,local_zinc_pool,,,c1noc(-c2c[nH]nn2)n1,1,CCn1cc(-c2nc(CCO)no2)nn1,matched_to_CHEMBL6024197,209.209,-0.11720000000000014,1,7,89.86,4,0,CHEMBL6024197,5.963580000000006,0.1276595744680851,,,,
ZINCf5000000af5N,N=C(O)OCCc1cn(CC(=O)O)nn1,decoy,local_zinc_pool,,,c1c[nH]nn1,1,N=C(O)OCCc1cn(CC(=O)O)nn1,matched_to_CHEMBL5901726,214.181,-0.5854299999999999,3,6,121.32000000000001,5,0,CHEMBL5901726,8.993036666666672,0.14285714285714285,,,,
ZINCf5000002efUo,NC(=O)COCCNC(=O)[C@H]1C[C@]1(F)Br,decoy,local_zinc_pool,,,C1CC1,1,NC(=O)COCCNC(=O)[C@H]1C[C@]1(F)Br,matched_to_CHEMBL4115504,283.097,-0.31489999999999996,2,3,81.42000000000002,6,0,CHEMBL4115504,5.920826666666673,0.12048192771084337,,,,
ZINCf50000008Wvs,CCN(C1CC1)S(=O)(=O)NC[C@H](C)CN,decoy,local_zinc_pool,,,C1CC1,1,CCN(C1CC1)S(=O)(=O)NC[C@H](C)CN,matched_to_CHEMBL199341,235.35299999999998,-0.10009999999999819,2,3,75.43,7,0,CHEMBL199341,2.8431199999999985,0.12195121951219512,,,,
ZINCf5000000Vl9P,CC(C)[C@](C)(O)C(=O)NO[C@H](C)C(=O)O,decoy,local_zinc_pool,,,,1,CC(C)[C@](C)(O)C(=O)NO[C@H](C)C(=O)O,matched_to_CHEMBL4114636,219.23699999999997,-0.08570000000000016,3,4,95.86,5,0,CHEMBL4114636,5.821020000000006,0.16279069767441862,,,,
ZINCf50000009nMD,CNS(=O)(=O)CCn1cnc([N+](=O)[O-])c1,decoy,local_zinc_pool,,,c1c[nH]cn1,1,CNS(=O)(=O)CCn1cnc([N+](=O)[O-])c1,matched_to_CHEMBL5811937,234.237,-0.6595,1,6,107.13,5,0,CHEMBL5811937,7.900036666666671,0.15714285714285714,,,,
ZINCf5000002qDLr,CCc1nonc1C(=O)NCCCON,decoy,local_zinc_pool,,,c1cnon1,1,CCc1nonc1C(=O)NCCCON,matched_to_CHEMBL6030067,214.22499999999994,-0.3577999999999994,2,6,103.27,6,0,CHEMBL6030067,8.288093333333338,0.18421052631578946,,,,
ZINCf500000184mH,NC[C@@H](CO)NS(=O)(=O)c1nc(Br)cs1,decoy,local_zinc_pool,,,c1cscn1,1,NC[C@@H](CO)NS(=O)(=O)c1nc(Br)cs1,matched_to_CHEMBL6006846,316.202,-0.49650000000000016,3,6,105.30999999999999,5,0,CHEMBL6006846,8.56578333333334,0.15294117647058825,,,,
ZINCf50000009Wf6,C[C@H](CO)NS(=O)(=O)c1cnn(C)c1I,decoy,local_zinc_pool,,,c1cn[nH]c1,1,C[C@H](CO)NS(=O)(=O)c1cnn(C)c1I,matched_to_CHEMBL5854116,345.162,-0.31620000000000026,2,5,84.22,4,0,CHEMBL5854116,5.200666666666671,0.19753086419753085,,,,
ZINCf50000022eWr,CS(=O)(=O)N1CC(CNS(=O)(=O)CI)C1,decoy,local_zinc_pool,,,C1CNC1,1,CS(=O)(=O)N1CC(CNS(=O)(=O)CI)C1,matched_to_CHEMBL2177185,368.2180000000001,-0.8102999999999998,1,4,83.55000000000001,5,0,CHEMBL2177185,5.494723333333338,0.1111111111111111,,,,
ZINCf5000002ow10,CCc1ccc(CCNS(N)(=O)=O)nc1,decoy,local_zinc_pool,,,c1ccncc1,1,CCc1ccc(CCNS(N)(=O)=O)nc1,matched_to_CHEMBL4109769,229.30499999999998,-0.020400000000000085,2,3,85.08,5,0,CHEMBL4109769,5.624510000000005,0.15789473684210525,,,,
ZINCf50000009GCo,CSCCCNC(=O)C[C@H]1[C@@H](O)C[C@H]1N,decoy,local_zinc_pool,,,C1CCC1,1,CSCCCNC(=O)C[C@@H]1[C@H](N)C[C@@H]1O,matched_to_CHEMBL2313485,232.349,-0.0460999999999997,3,4,75.35,6,0,CHEMBL2313485,4.504523333333338,0.1125,,,,
ZINCf50000026GoR,NC(=O)CN1CCN(C[C@@H]2C[C@H]2Br)CC1,decoy,local_zinc_pool,,,C1CN(CC2CC2)CCN1,1,NC(=O)CN1CCN(C[C@@H]2C[C@H]2Br)CC1,matched_to_CHEMBL514709,276.17800000000005,-0.12729999999999997,1,3,49.57000000000001,4,0,CHEMBL514709,2.847596666666667,0.11842105263157894,,,,
ZINCf5000000a7X8,Cc1nc(C[S@@](=O)Cc2cnn[nH]2)no1,decoy,local_zinc_pool,,,O=S(Cc1ncon1)Cc1cnn[nH]1,1,Cc1nc(C[S@@](=O)Cc2cnn[nH]2)no1,matched_to_CHEMBL5808134,227.249,-0.054980000000000195,1,6,97.56,4,0,CHEMBL5808134,5.587816666666671,0.15294117647058825,,,,
ZINCf5000000ZsP2,CNS(=O)(=O)CCSc1nncc(O)n1,decoy,local_zinc_pool,,,c1cnncn1,1,CNS(=O)(=O)CCSc1nncc(O)n1,matched_to_CHEMBL5745234,250.305,-0.7815000000000003,2,7,105.07000000000001,5,0,CHEMBL5745234,7.137446666666671,0.125,,,,
ZINCf5000002rxMM,C[C@@H](CO)N(C)S(=O)(=O)N(C)CC1CC1,decoy,local_zinc_pool,,,C1CC1,1,C[C@@H](CO)N(C)S(=O)(=O)N(C)CC1CC1,matched_to_CHEMBL2347389,236.33699999999996,-0.11439999999999984,1,3,60.85,6,0,CHEMBL2347389,5.554286666666672,0.189873417721519,,,,
ZINCf500000181p7,N#CCCCCn1cc([C@H](O)CO)nn1,decoy,local_zinc_pool,,,c1c[nH]nn1,1,N#CCCCCn1cc([C@H](O)CO)nn1,matched_to_CHEMBL5775440,210.23700000000002,-0.0023199999999999887,2,6,94.96000000000001,6,0,CHEMBL5775440,4.675310000000004,0.11363636363636363,,,,
ZINCf5000002rP2g,CC(=O)OCC(=O)O[C@H](C)c1nc[nH]n1,decoy,local_zinc_pool,,,c1nc[nH]n1,1,CC(=O)OCC(=O)O[C@H](C)c1nc[nH]n1,matched_to_CHEMBL5747471,213.19300000000004,-0.02800000000000019,1,6,94.17,4,0,CHEMBL5747471,5.589443333333337,0.1643835616438356,,,,
ZINCf50000008CTQ,C#CC[C@H](C)NC(=O)[C@@H]1CCS(=O)(=O)C1,decoy,local_zinc_pool,,,O=S1(=O)CCCC1,1,C#CC[C@H](C)NC(=O)[C@@H]1CCS(=O)(=O)C1,matched_to_CHEMBL3265101,229.30099999999996,-0.050899999999999945,1,3,63.24,3,0,CHEMBL3265101,4.733340000000004,0.14666666666666667,,,,
ZINCf5000002qZ68,C=CCCS(=O)(=O)NC(CCN)CCN,decoy,local_zinc_pool,,,,1,C=CCCS(=O)(=O)NC(CCN)CCN,matched_to_CHEMBL4068667,235.35299999999992,-0.4518999999999979,3,4,98.21,9,0,CHEMBL4068667,8.002490000000002,0.10638297872340426,,,,
ZINCf50000027F9l,COCc1nc(SCc2nn[nH]n2)n[nH]1,decoy,local_zinc_pool,,,c1nc(SCc2nn[nH]n2)n[nH]1,1,COCc1nc(SCc2nn[nH]n2)n[nH]1,matched_to_CHEMBL5928219,227.25300000000004,-0.24350000000000016,2,7,105.26000000000002,5,0,CHEMBL5928219,6.546146666666669,0.11363636363636363,,,,
ZINCf5000000Vm3Z,CS(=O)(=O)N[C@H](Cc1ncns1)C(=O)O,decoy,local_zinc_pool,,,c1ncsn1,1,CS(=O)(=O)N[C@H](Cc1ncns1)C(=O)O,matched_to_CHEMBL3220103,251.28900000000002,-0.917,2,6,109.25000000000001,5,0,CHEMBL3220103,6.425950000000003,0.22807017543859648,,,,
ZINCf5000002dR2n,C=C(I)CC(=O)NCCS(=O)(=O)CCO,decoy,local_zinc_pool,,,,1,C=C(I)CC(=O)NCCS(=O)(=O)CCO,matched_to_CHEMBL6012158,347.1740000000001,-0.15150000000000036,2,4,83.47,7,0,CHEMBL6012158,7.777163333333338,0.1276595744680851,,,,
ZINCf50000017LIJ,COC[C@H](C)C(=O)OCCCS(N)(=O)=O,decoy,local_zinc_pool,,,,1,COC[C@H](C)C(=O)OCCCS(N)(=O)=O,matched_to_CHEMBL1688303,239.29299999999995,-0.5092999999999981,1,5,95.69,7,0,CHEMBL1688303,6.61005666666667,0.1506849315068493,,,,
ZINCf50000017HS4,COC(=O)/C=C(\\O)N=[S@](C)(=O)CCCO,decoy,local_zinc_pool,,,,1,COC(=O)/C=C(\O)N=[S@](C)(=O)CCCO,matched_to_CHEMBL3217780,237.27699999999996,0.03899999999999998,2,6,96.19000000000001,5,0,CHEMBL3217780,6.038950000000003,0.14,,,,
ZINCf50000017tTB,CC1(C)CN([C@@H]2CCCNC2)CC(=O)N1,decoy,local_zinc_pool,,,O=C1CN(C2CCCNC2)CCN1,1,CC1(C)CN([C@@H]2CCCNC2)CC(=O)N1,matched_to_CHEMBL416288,211.30899999999997,-0.05119999999999897,2,3,44.370000000000005,1,0,CHEMBL416288,3.021056666666668,0.14606741573033707,,,,
ZINCf5000000a16n,C[C@H](ONS(=O)(=O)CCCC#N)C(=O)O,decoy,local_zinc_pool,,,,1,C[C@H](ONS(=O)(=O)CCCC#N)C(=O)O,matched_to_CHEMBL6050672,236.24899999999994,-0.38572000000000034,2,5,116.49,7,0,CHEMBL6050672,7.680960000000004,0.19148936170212766,,,,
ZINCf50000008T08,CCC(CC)NC(=O)NCCS(N)(=O)=O,decoy,local_zinc_pool,,,,1,CCC(CC)NC(=O)NCCS(N)(=O)=O,matched_to_CHEMBL3407579,237.32499999999996,-0.2372999999999984,3,3,101.28999999999999,6,0,CHEMBL3407579,6.326333333333335,0.15217391304347827,,,,
ZINCf5000002r5aT,CC[C@H](C)CS(=O)(=O)NC[C@H](O)CCN,decoy,local_zinc_pool,,,,1,CC[C@H](C)CS(=O)(=O)NC[C@H](O)CCN,matched_to_CHEMBL5913446,238.35299999999998,-0.3383999999999984,3,4,92.42,8,0,CHEMBL5913446,6.1211533333333366,0.14285714285714285,,,,
ZINCf5000001MY3e,CN(C)S(=O)(=O)C1CN(CCSC#N)C1,decoy,local_zinc_pool,,,C1CNC1,1,CN(C)S(=O)(=O)C1CN(CCSC#N)C1,matched_to_CHEMBL3653239,249.36099999999996,-0.22371999999999947,0,5,64.41,5,0,CHEMBL3653239,6.022006666666671,0.0963855421686747,,,,
ZINCf500000090KH,CCOC(=O)C[C@H](O)CSC[C@H](O)CO,decoy,local_zinc_pool,,,,1,CCOC(=O)C[C@H](O)CSC[C@H](O)CO,matched_to_CHEMBL5989834,238.30499999999998,-0.6131,3,6,86.99000000000001,8,0,CHEMBL5989834,9.12945333333334,0.15217391304347827,,,,
ZINCf5000002dJeP,C[C@H]1C(C(=O)N[C@@H]2CC[C@@H](O)[C@H]2O)[C@@H]1C,decoy,local_zinc_pool,,,O=C(NC1CCCC1)C1CC1,1,C[C@H]1C(C(=O)N[C@@H]2CC[C@@H](O)[C@H]2O)[C@@H]1C,matched_to_CHEMBL3693969,213.27700000000002,-0.11120000000000008,3,3,69.56,2,0,CHEMBL3693969,5.7498866666666695,0.17142857142857143,,,,
ZINCf5000000ajo6,NCCOCCCNC(=O)c1cnns1,decoy,local_zinc_pool,,,c1csnn1,1,NCCOCCCNC(=O)c1cnns1,matched_to_CHEMBL5879668,230.293,-0.36669999999999997,2,6,90.13,7,0,CHEMBL5879668,9.323950000000007,0.16455696202531644,,,,
ZINCf5000000advk,N#CCCCCS(=O)(=O)NCCC(N)=O,decoy,local_zinc_pool,,,,1,N#CCCCCS(=O)(=O)NCCC(N)=O,matched_to_CHEMBL5883242,233.29299999999998,-0.5249199999999996,2,4,113.04999999999998,8,0,CHEMBL5883242,9.11359000000001,0.12244897959183673,,,,
ZINCf5000002rVew,CN(CCCN=[N+]=[N-])C(=O)[C@@H](N)CCO,decoy,local_zinc_pool,,,,1,CN(CCCN=[N+]=[N-])C(=O)[C@@H](N)CCO,matched_to_CHEMBL5921912,215.257,-0.14510000000000012,2,4,115.32,7,0,CHEMBL5921912,9.520613333333342,0.1568627450980392,,,,
ZINCf50000026l8j,CNC(=O)N[C@H]1CCN(S(=O)(=O)CI)C1,decoy,local_zinc_pool,,,C1CCNC1,1,CNC(=O)N[C@H]1CCN(S(=O)(=O)CI)C1,matched_to_CHEMBL378100,347.178,-0.28800000000000003,2,3,78.51,3,0,CHEMBL378100,5.36860666666667,0.14666666666666667,,,,
ZINCf5000002rNZq,CC(=O)NCCCC(=O)NCCCCN,decoy,local_zinc_pool,,,,1,CC(=O)NCCCC(=O)NCCCCN,matched_to_CHEMBL4102803,215.29699999999997,-0.24219999999999897,3,3,84.22,8,0,CHEMBL4102803,4.4836066666666685,0.13333333333333333,,,,
ZINCf5000000azJc,[N-]=[N+]=NCCNC(=O)CCCNC(N)=O,decoy,local_zinc_pool,,,,1,[N-]=[N+]=NCCNC(=O)CCCNC(N)=O,matched_to_CHEMBL5869704,214.22899999999998,-0.1386000000000004,3,3,132.98000000000002,7,0,CHEMBL5869704,9.430456666666673,0.1038961038961039,,,,
ZINCf5000002s99t,COCCSCCNC(=O)[C@H](N)CC#N,decoy,local_zinc_pool,,,,1,COCCSCCNC(=O)[C@H](N)CC#N,matched_to_CHEMBL5978015,231.321,-0.2768199999999992,2,5,88.13999999999999,8,0,CHEMBL5978015,7.553250000000004,0.1375,,,,
ZINCf5000002rwt8,C[C@@H](C#N)ONC(=O)C[C@H](N)CCCN,decoy,local_zinc_pool,,,,1,C[C@@H](C#N)ONC(=O)C[C@H](N)CCCN,matched_to_CHEMBL3819071,214.26899999999995,-0.5974199999999992,3,5,114.16,7,0,CHEMBL3819071,7.37433666666667,0.1568627450980392,,,,
ZINCf5000002dn9J,CCC1=NO[C@@H](CNS(=O)(=O)CC#N)C1,decoy,local_zinc_pool,,,C1=NOCC1,1,CCC1=NO[C@@H](CNS(=O)(=O)CC#N)C1,matched_to_CHEMBL3687241,231.27699999999996,-0.015719999999999956,1,5,91.54999999999998,5,0,CHEMBL3687241,6.278423333333338,0.12790697674418605,,,,
ZINCf500000090KI,CCOC(=O)C[C@H](O)CSc1nn[nH]n1,decoy,local_zinc_pool,,,c1nn[nH]n1,1,CCOC(=O)C[C@H](O)CSc1nn[nH]n1,matched_to_CHEMBL6064615,232.26500000000001,-0.39410000000000006,2,7,100.99,6,0,CHEMBL6064615,8.491213333333338,0.15584415584415584,,,,
ZINCf5000000ZwXi,N#CCNCc1cn(CCCCN)nn1,decoy,local_zinc_pool,,,c1c[nH]nn1,1,N#CCNCc1cn(CCCCN)nn1,matched_to_CHEMBL5849977,208.26899999999998,-0.3698199999999993,2,6,92.55,7,0,CHEMBL5849977,7.540940000000006,0.12359550561797752,,,,
ZINCf5000002aowO,CCN(CCN)C(=O)Cn1ncc(Br)n1,decoy,local_zinc_pool,,,c1cn[nH]n1,1,CCN(CCN)C(=O)Cn1ncc(Br)n1,matched_to_CHEMBL5876084,276.138,-0.1522000000000001,1,5,77.04,5,0,CHEMBL5876084,5.360060000000004,0.13580246913580246,,,,
ZINCf50000009cQd,CN(C)CC[C@H](N)C(=O)NS(=O)(=O)CI,decoy,local_zinc_pool,,,,1,CN(C)CC[C@H](N)C(=O)NS(=O)(=O)CI,matched_to_CHEMBL6024824,349.19399999999996,-0.8960999999999979,2,5,92.5,6,0,CHEMBL6024824,8.61903333333334,0.16666666666666666,,,,
ZINCf50000018akF,O=C(O)C[C@H](NCc1nncs1)C(=O)O,decoy,local_zinc_pool,,,c1nncs1,1,O=C(O)C[C@H](NCc1nncs1)C(=O)O,matched_to_CHEMBL5877121,231.233,-0.4444000000000004,3,6,112.41000000000001,6,0,CHEMBL5877121,4.997336666666669,0.23636363636363636,,,,
ZINCf5000002aUsU,Oc1cc(NCc2cnns2)nc(O)n1,decoy,local_zinc_pool,,,c1cc(NCc2cnns2)ncn1,1,Oc1cc(NCc2cnns2)nc(O)n1,matched_to_CHEMBL5859878,225.233,0.35139999999999977,3,8,104.05000000000001,3,0,CHEMBL5859878,8.960606666666672,0.11475409836065574,,,,
ZINCf50000018bKd,O=C1C[C@H](C(=O)NCC2CC(F)C2)CN1,decoy,local_zinc_pool,,,O=C1CC(C(=O)NCC2CCC2)CN1,1,O=C1C[C@H](C(=O)NCC2CC(F)C2)CN1,matched_to_CHEMBL5267044,214.23999999999998,-0.013200000000000045,2,2,58.2,3,0,CHEMBL5267044,5.164946666666669,0.15,,,,
ZINCf5000003631Z,NOCCCSCc1cc(O)nc(O)n1,decoy,local_zinc_pool,,,c1cncnc1,1,NOCCCSCc1cc(O)nc(O)n1,matched_to_CHEMBL5816136,231.27700000000004,0.40140000000000003,3,7,101.49000000000001,6,0,CHEMBL5816136,8.214370000000002,0.11392405063291139,,,,
ZINCf5000000Zrtg,CC[C@@H](Nc1nnc(O)nc1O)[C@@H](C)O,decoy,local_zinc_pool,,,c1cnncn1,1,CC[C@@H](Nc1nnc(O)nc1O)[C@@H](C)O,matched_to_CHEMBL5988926,214.225,-0.14590000000000036,4,7,111.39000000000001,4,0,CHEMBL5988926,9.088570000000004,0.1625,,,,
ZINCf5000000SNrI,C[S@](=O)(CCO)=NC(=O)Cc1csnn1,decoy,local_zinc_pool,,,c1csnn1,1,C[S@](=O)(CCO)=NC(=O)Cc1csnn1,matched_to_CHEMBL6024197,249.317,-0.3027000000000002,1,6,92.50999999999999,4,0,CHEMBL6024197,6.080166666666672,0.10975609756097561,,,,
ZINCf5000001omOP,CSCC[C@@H](N)C(=O)NCCS(=O)(=O)O,decoy,local_zinc_pool,,,,1,CSCC[C@@H](N)C(=O)NCCS(=O)(=O)O,matched_to_CHEMBL5901726,256.349,-0.929199999999998,3,5,109.49,7,0,CHEMBL5901726,8.773736666666672,0.14,,,,
ZINCf500000095w8,CC[C@@H](NS(=O)(=O)CCCF)C(=O)NC,decoy,local_zinc_pool,,,,1,CC[C@@H](NS(=O)(=O)CCCF)C(=O)NC,matched_to_CHEMBL4115504,240.29999999999995,-0.20999999999999996,2,3,75.27,7,0,CHEMBL4115504,5.73846333333334,0.16666666666666666,,,,
ZINCf5000002rGpB,CCN(CC1CC1)S(=O)(=O)NC[C@@H](C)N,decoy,local_zinc_pool,,,C1CC1,1,CCN(CC1CC1)S(=O)(=O)NC[C@@H](C)N,matched_to_CHEMBL199341,235.35299999999998,-0.10009999999999819,2,3,75.43,7,0,CHEMBL199341,2.8431199999999985,0.1686746987951807,,,,
ZINCf50000017Acv,CC[C@@](C)(O)CNS(=O)(=O)c1cc[nH]n1,decoy,local_zinc_pool,,,c1cn[nH]c1,1,CC[C@@](C)(O)CNS(=O)(=O)c1cc[nH]n1,matched_to_CHEMBL4114636,233.293,-0.1510000000000004,3,4,95.08,5,0,CHEMBL4114636,5.75519333333334,0.15853658536585366,,,,
ZINCf5000002oDM5,Cn1nnnc1Sc1ncc(C(N)=O)s1,decoy,local_zinc_pool,,,c1csc(Sc2nnn[nH]2)n1,1,Cn1nnnc1Sc1ncc(C(N)=O)s1,matched_to_CHEMBL5811937,242.289,-0.08329999999999982,1,8,99.58000000000001,3,0,CHEMBL5811937,7.737383333333337,0.15,,,,
ZINCf5000002s8CW,COCCN(C)NC(=O)[C@@H](N)CN=[N+]=[N-],decoy,local_zinc_pool,,,,1,COCCN(C)NC(=O)[C@@H](N)CN=[N+]=[N-],matched_to_CHEMBL6030067,216.245,-0.766599999999998,2,5,116.35000000000001,7,0,CHEMBL6030067,8.01722666666667,0.12658227848101267,,,,
ZINCf5000002rwnU,C[C@H](CN=[N+]=[N-])NC(=O)[C@H](N)CCCN,decoy,local_zinc_pool,,,,1,C[C@H](CN=[N+]=[N-])NC(=O)[C@H](N)CCCN,matched_to_CHEMBL6006846,214.27299999999997,-0.1323999999999984,3,4,129.9,7,0,CHEMBL6006846,8.358740000000004,0.15384615384615385,,,,
ZINCf50000017FgN,CN=[S@](C)(=O)NC(=O)[C@@H](C)CC(=O)OC,decoy,local_zinc_pool,,,,1,CN=[S@](C)(=O)NC(=O)[C@@H](C)CC(=O)OC,matched_to_CHEMBL5854116,236.29299999999998,-0.05559999999999987,1,5,84.83,4,0,CHEMBL5854116,5.140023333333338,0.15492957746478872,,,,
ZINCf50000008Asi,C#CCCCS(=O)(=O)N[C@H](C)C(=O)OC,decoy,local_zinc_pool,,,,1,C#CCCCS(=O)(=O)N[C@H](C)C(=O)OC,matched_to_CHEMBL2177185,233.289,-0.11929999999999996,1,4,72.47,6,0,CHEMBL2177185,5.624146666666671,0.16901408450704225,,,,
ZINCf50000009ILS,C[C@@H](CC1CC1)NC(=O)[C@H](C)S(N)(=O)=O,decoy,local_zinc_pool,,,C1CC1,1,C[C@@H](CC1CC1)NC(=O)[C@H](C)S(N)(=O)=O,matched_to_CHEMBL4109769,234.321,-0.03179999999999927,2,3,89.25999999999999,5,0,CHEMBL4109769,5.618750000000006,0.18840579710144928,,,,
ZINCf5000002sjyD,C[S@](=O)C1(CNC(=O)CCNO)CCC1,decoy,local_zinc_pool,,,C1CCC1,1,C[S@](=O)C1(CNC(=O)CCNO)CCC1,matched_to_CHEMBL2313485,234.32099999999997,-0.22729999999999917,3,4,78.43,6,0,CHEMBL2313485,4.482403333333337,0.11538461538461539,,,,
ZINCf5000002ejZu,O=C([C@H](O)CF)N1CCO[C@H](C(F)F)C1,decoy,local_zinc_pool,,,C1COCCN1,1,O=C([C@H](O)CF)N1CCO[C@H](C(F)F)C1,matched_to_CHEMBL514709,227.182,-0.1907000000000003,1,3,49.769999999999996,3,0,CHEMBL514709,2.887823333333334,0.14814814814814814,,,,
ZINCf5000002oGSO,N#CCCC(=O)NS(=O)(=O)c1ncsn1,decoy,local_zinc_pool,,,c1ncsn1,1,N#CCCC(=O)NS(=O)(=O)c1ncsn1,matched_to_CHEMBL5808134,246.273,-0.3532199999999998,1,7,112.81,4,0,CHEMBL5808134,5.3120033333333385,0.1375,,,,
ZINCf5000002mHDq,O=S(=O)(CBr)NCCCNS(=O)(=O)CBr,decoy,local_zinc_pool,,,,1,O=S(=O)(CBr)NCCCNS(=O)(=O)CBr,matched_to_CHEMBL5745234,388.10300000000007,-0.0798999999999998,2,4,92.34,8,0,CHEMBL5745234,6.800933333333337,0.07692307692307693,,,,
ZINCf50000017FI5,CNC(=O)CCN(C)S(=O)(=O)C[C@H](C)F,decoy,local_zinc_pool,,,,1,CNC(=O)CCN(C)S(=O)(=O)C[C@H](C)F,matched_to_CHEMBL2347389,240.29999999999998,-0.2578999999999996,1,3,66.48,6,0,CHEMBL2347389,5.385123333333338,0.12162162162162163,,,,
ZINCf5000000ZsV9,COC(=O)COC[C@H](C)Nc1cnn[nH]1,decoy,local_zinc_pool,,,c1c[nH]nn1,1,COC(=O)COC[C@H](C)Nc1cnn[nH]1,matched_to_CHEMBL5775440,214.22500000000005,-0.20530000000000065,2,6,89.13,6,0,CHEMBL5775440,4.841550000000004,0.20270270270270271,,,,
ZINCf5000000ZtI8,CS(=O)(=O)c1cc(C(=O)OCCO)co1,decoy,local_zinc_pool,,,c1ccoc1,1,CS(=O)(=O)c1cc(C(=O)OCCO)co1,matched_to_CHEMBL5747471,234.22899999999996,-0.1677999999999999,1,6,93.81,4,0,CHEMBL5747471,5.4578833333333385,0.12987012987012986,,,,
ZINCf5000002dEhn,CC(C)NS(=O)(=O)N1CCOC[C@@H](F)C1,decoy,local_zinc_pool,,,C1CNCCOC1,1,CC(C)NS(=O)(=O)N1CCOC[C@@H](F)C1,matched_to_CHEMBL3265101,240.29999999999993,-0.10049999999999981,1,3,58.64,3,0,CHEMBL3265101,4.75081666666667,0.18292682926829268,,,,
ZINCf5000002dw11,CCCCSCC(=O)NOC[C@H](O)CO,decoy,local_zinc_pool,,,,1,CCCCSCC(=O)NOC[C@H](O)CO,matched_to_CHEMBL4068667,237.321,-0.07929999999999976,3,5,78.79,9,0,CHEMBL4068667,8.011210000000002,0.20408163265306123,,,,
ZINCf50000009CNG,CO[C@@H](CN)Cc1nc(CCCN)no1,decoy,local_zinc_pool,,,c1ncon1,1,CO[C@@H](CN)Cc1nc(CCCN)no1,matched_to_CHEMBL5928219,214.26899999999998,-0.522899999999999,2,6,100.19,7,0,CHEMBL5928219,6.565053333333336,0.12087912087912088,,,,
ZINCf50000026GID,COC(=O)[C@H](O)CNC(=O)[C@@H](C)N=[N+]=[N-],decoy,local_zinc_pool,,,,1,COC(=O)[C@H](O)CNC(=O)[C@@H](C)N=[N+]=[N-],matched_to_CHEMBL3220103,216.197,-0.6647000000000003,2,5,124.39,5,0,CHEMBL3220103,6.587070000000003,0.2,,,,
ZINCf500000185c0,NOCCNC(=O)Cn1nc(Br)c(Br)n1,decoy,local_zinc_pool,,,c1cn[nH]n1,1,NOCCNC(=O)Cn1nc(Br)c(Br)n1,matched_to_CHEMBL6012158,342.979,-0.19039999999999985,2,6,95.06,5,0,CHEMBL6012158,7.381446666666672,0.14666666666666667,,,,
ZINCf50000017Hff,CNS(=O)(=O)CC(C)=NOCCCOC,decoy,local_zinc_pool,,,,1,CNS(=O)(=O)CC(C)=NOCCCOC,matched_to_CHEMBL1688303,238.30899999999994,-0.035399999999999876,1,5,76.99000000000001,8,0,CHEMBL1688303,6.329563333333336,0.11688311688311688,,,,
ZINCf5000000YbsF,C[C@H](Br)C(=O)OCc1cnc(O)nc1O,decoy,local_zinc_pool,,,c1cncnc1,1,C[C@H](Br)C(=O)OCc1cnc(O)nc1O,matched_to_CHEMBL3217780,277.074,0.7143999999999995,2,6,92.54,3,0,CHEMBL3217780,6.336713333333337,0.15789473684210525,,,,
ZINCf50000009PaG,C[C@@H]1CN(C(=O)C2=CCCNC2)CCN1,decoy,local_zinc_pool,,,O=C(C1=CCCNC1)N1CCNCC1,1,C[C@@H]1CN(C(=O)C2=CCCNC2)CCN1,matched_to_CHEMBL416288,209.29299999999995,-0.2735999999999989,2,3,44.370000000000005,1,0,CHEMBL416288,3.1894833333333343,0.12987012987012986,,,,
ZINCf5000000ZtJJ,CSCc1noc(CN[C@@H](C)C(N)=O)n1,decoy,local_zinc_pool,,,c1ncon1,1,CSCc1noc(CN[C@@H](C)C(N)=O)n1,matched_to_CHEMBL6050672,230.293,-0.1040000000000002,2,6,94.04,6,0,CHEMBL6050672,7.991506666666671,0.15584415584415584,,,,
ZINCf5000001A55Y,O=S(=O)(NCCC(CO)CO)C1(Br)CC1,decoy,local_zinc_pool,,,C1CC1,1,O=S(=O)(NCCC(CO)CO)C1(Br)CC1,matched_to_CHEMBL3407579,302.19000000000005,-0.21829999999999994,3,4,86.63000000000001,7,0,CHEMBL3407579,6.251416666666668,0.10638297872340426,,,,
ZINCf5000002eaNP,CSC[C@@H](CO)NC(=O)CCCC(N)=O,decoy,local_zinc_pool,,,,1,CSC[C@@H](CO)NC(=O)CCCC(N)=O,matched_to_CHEMBL5913446,234.32099999999994,-0.5179,3,4,92.41999999999999,8,0,CHEMBL5913446,6.281140000000004,0.14893617021276595,,,,
ZINCf5000001AWsS,CS(=O)(=O)CCS(=O)(=O)CC1CCOC1,decoy,local_zinc_pool,,,C1CCOC1,1,CS(=O)(=O)CCS(=O)(=O)CC1CCOC1,matched_to_CHEMBL3653239,256.34499999999997,-0.5176999999999998,0,5,77.51,5,0,CHEMBL3653239,6.411353333333339,0.15789473684210525,,,,
ZINCf5000002rvKA,C[C@H](CNC(=O)C[C@@H](N)CCN)N=[N+]=[N-],decoy,local_zinc_pool,,,,1,C[C@H](CNC(=O)C[C@@H](N)CCN)N=[N+]=[N-],matched_to_CHEMBL5989834,214.27299999999997,-0.1323999999999984,3,4,129.9,7,0,CHEMBL5989834,8.832906666666672,0.15384615384615385,,,,
ZINCf5000000aqei,O=C(NC1CCC1)N[C@@H]1CCOC[C@H]1O,decoy,local_zinc_pool,,,O=C(NC1CCC1)NC1CCOCC1,1,O=C(NC1CCC1)N[C@@H]1CCOC[C@H]1O,matched_to_CHEMBL3693969,214.265,-0.012100000000000388,3,3,70.59,2,0,CHEMBL3693969,5.661540000000003,0.16883116883116883,,,,
ZINCf5000000Vn0I,N#CCCSCC(=O)Nc1nc(=O)o[nH]1,decoy,local_zinc_pool,,,O=c1nc[nH]o1,1,N#CCCSCC(=O)Nc1nc(=O)o[nH]1,matched_to_CHEMBL5879668,228.233,-0.0517200000000001,2,6,111.78,5,0,CHEMBL5879668,9.26856333333334,0.12359550561797752,,,,
ZINCf5000000S58O,CCOCCONC(=O)NOCCOC,decoy,local_zinc_pool,,,,1,CCOCCONC(=O)NOCCOC,matched_to_CHEMBL5883242,222.24099999999999,-0.16829999999999945,2,5,78.05000000000001,9,0,CHEMBL5883242,9.38636333333334,0.13636363636363635,,,,
ZINCf5000000aloJ,NOCCOCc1cn([C@@H](F)CO)nn1,decoy,local_zinc_pool,,,c1c[nH]nn1,1,NOCCOCc1cn([C@@H](F)CO)nn1,matched_to_CHEMBL5921912,220.20399999999998,-0.8546000000000005,2,7,95.42,7,0,CHEMBL5921912,9.240143333333341,0.1282051282051282,,,,
ZINCf5000002angl,O=C(N1C[C@@H](CO)C[C@@H]1CO)C1(Cl)CC1,decoy,local_zinc_pool,,,O=C(C1CC1)N1CCCC1,1,O=C(N1C[C@@H](CO)C[C@@H]1CO)C1(Cl)CC1,matched_to_CHEMBL378100,233.69499999999994,-0.0405000000000002,2,3,60.77000000000001,3,0,CHEMBL378100,5.682436666666671,0.14285714285714285,,,,
ZINCf50000008GiT,C=CCNCCC(=O)N[C@H](C)CC(N)=O,decoy,local_zinc_pool,,,,1,C=CCNCCC(=O)N[C@H](C)CC(N)=O,matched_to_CHEMBL4102803,213.28099999999998,-0.4677999999999986,3,3,84.22,8,0,CHEMBL4102803,4.654166666666668,0.15789473684210525,,,,
ZINCf50000027pLc,C[C@@H](O)c1n[nH]c(CNS(=O)(=O)CI)n1,decoy,local_zinc_pool,,,c1nc[nH]n1,1,C[C@@H](O)c1n[nH]c(CNS(=O)(=O)CI)n1,matched_to_CHEMBL5869704,346.15,-0.3301000000000003,3,5,107.97000000000001,5,0,CHEMBL5869704,9.239313333333342,0.14285714285714285,,,,
ZINCf5000000ajo9,NCCOCCCNC(=O)c1csnn1,decoy,local_zinc_pool,,,c1csnn1,1,NCCOCCCNC(=O)c1csnn1,matched_to_CHEMBL5978015,230.293,-0.36669999999999997,2,6,90.13,7,0,CHEMBL5978015,7.543850000000004,0.1794871794871795,,,,
ZINCf5000000axo0,O=S(=O)(NCCCCCO)c1nc[nH]n1,decoy,local_zinc_pool,,,c1nc[nH]n1,1,O=S(=O)(NCCCCCO)c1nc[nH]n1,matched_to_CHEMBL3819071,234.281,-0.7544000000000006,3,5,107.97000000000001,7,0,CHEMBL3819071,7.526470000000002,0.15789473684210525,,,,
ZINCf5000000ZtkQ,CON(CCO)S(=O)(=O)c1cc(C)ns1,decoy,local_zinc_pool,,,c1cnsc1,1,CON(CCO)S(=O)(=O)c1cc(C)ns1,matched_to_CHEMBL3687241,252.31699999999998,-0.00408000000000025,1,6,79.73,5,0,CHEMBL3687241,6.033063333333336,0.11235955056179775,,,,
ZINCf5000000a5Jc,C[S@](=O)CC[C@H](N)c1nc(CCN)no1,decoy,local_zinc_pool,,,c1ncon1,1,C[S@](=O)CC[C@H](N)c1nc(CCN)no1,matched_to_CHEMBL6064615,232.309,-0.6607999999999983,2,6,108.03,6,0,CHEMBL6064615,8.886973333333337,0.12359550561797752,,,,
ZINCf50000024W6j,CSc1snnc1C(=O)NOCC(N)=O,decoy,local_zinc_pool,,,c1csnn1,1,CSc1snnc1C(=O)NOCC(N)=O,matched_to_CHEMBL5849977,248.289,-0.5933000000000004,2,7,107.19999999999999,5,0,CHEMBL5849977,7.203726666666674,0.125,,,,
ZINCf50000008VMS,CCCn1cc(C(=O)OCC(N)=O)cn1,decoy,local_zinc_pool,,,c1cn[nH]c1,1,CCCn1cc(C(=O)OCC(N)=O)cn1,matched_to_CHEMBL5876084,211.22099999999995,-0.06480000000000008,1,5,87.21,5,0,CHEMBL5876084,5.604963333333338,0.14606741573033707,,,,
ZINCf5000002rbnf,CC[C@H](O)CC(=O)OCCCS(N)(=O)=O,decoy,local_zinc_pool,,,,1,CC[C@H](O)CC(=O)OCCCS(N)(=O)=O,matched_to_CHEMBL6024824,239.29299999999995,-0.6307999999999989,2,5,106.69,7,0,CHEMBL6024824,8.473576666666673,0.16666666666666666,,,,
ZINCf5000000ZxAk,NCC(CN)n1cc(CCCCO)nn1,decoy,local_zinc_pool,,,c1c[nH]nn1,1,NCC(CN)n1cc(CCCCO)nn1,matched_to_CHEMBL5877121,213.28499999999997,-0.9483999999999992,3,6,102.98,7,0,CHEMBL5877121,5.39001666666667,0.10526315789473684,,,,
ZINCf5000002rwuL,C[C@@H](C#N)ONC(=O)[C@@H](N)CCC(=O)O,decoy,local_zinc_pool,,,,1,C[C@@H](C#N)ONC(=O)[C@@H](N)CCC(=O)O,matched_to_CHEMBL5859878,215.20899999999995,-0.8616199999999994,3,5,125.44000000000001,6,0,CHEMBL5859878,9.013926666666672,0.16666666666666666,,,,
ZINCf50000018bL0,O=C1C[C@H](C(=O)N[C@@H]2C[C@H]2CF)CCN1,decoy,local_zinc_pool,,,O=C1CC(C(=O)NC2CC2)CCN1,1,O=C1C[C@H](C(=O)N[C@@H]2C[C@H]2CF)CCN1,matched_to_CHEMBL5267044,214.23999999999998,-0.013200000000000489,2,2,58.2,3,0,CHEMBL5267044,5.164946666666669,0.16049382716049382,,,,
ZINCf50000008Hb1,C=CCn1c(O)nnc1SCCC(N)=O,decoy,local_zinc_pool,,,c1nnc[nH]1,1,C=CCn1c(O)nnc1SCCC(N)=O,matched_to_CHEMBL5816136,228.27699999999996,0.13719999999999988,2,6,94.03,6,0,CHEMBL5816136,8.218903333333337,0.10126582278481013,,,,
ZINCf500000094j6,CC[C@@H](CCN)C(=O)NCCOC(=N)O,decoy,local_zinc_pool,,,,1,CC[C@@H](CCN)C(=O)NCCOC(=N)O,matched_to_CHEMBL5988926,217.269,-0.013029999999998543,4,4,108.43000000000002,7,0,CHEMBL5988926,9.087950000000003,0.18,,,,
ZINCf50000009qsY,COC(=O)NCC(=O)OCc1cnns1,decoy,local_zinc_pool,,,c1csnn1,1,COC(=O)NCC(=O)OCc1cnns1,matched_to_CHEMBL6024197,231.233,-0.06270000000000042,1,7,90.41,4,0,CHEMBL6024197,5.685006666666672,0.14666666666666667,,,,
ZINCf5000000a86R,Cc1nc(SCCOCCN)[nH]c(=N)n1,decoy,local_zinc_pool,,,N=c1ncnc[nH]1,1,Cc1nc(SCCOCCN)[nH]c(=N)n1,matched_to_CHEMBL5901726,229.309,-0.3400099999999992,3,6,100.67,6,0,CHEMBL5901726,9.004143333333339,0.1,,,,
ZINCf5000002e5Hf,COCCOCC(=O)NNC(=O)CCBr,decoy,local_zinc_pool,,,,1,COCCOCC(=O)NNC(=O)CCBr,matched_to_CHEMBL4115504,283.12199999999996,-0.4182000000000001,2,4,76.66,7,0,CHEMBL4115504,5.89344333333334,0.14545454545454545,,,,
ZINCf50000009efE,CN(CC1CC1)S(=O)(=O)NCCCCN,decoy,local_zinc_pool,,,C1CC1,1,CN(CC1CC1)S(=O)(=O)NCCCCN,matched_to_CHEMBL199341,235.35299999999995,-0.09849999999999837,2,3,75.43,8,0,CHEMBL199341,2.342053333333332,0.1566265060240964,,,,
ZINCf5000000aoNC,O=C(CNc1ncc(I)cn1)NCCO,decoy,local_zinc_pool,,,c1cncnc1,1,O=C(CNc1ncc(I)cn1)NCCO,matched_to_CHEMBL4114636,322.10600000000005,-0.39840000000000003,3,5,87.14,5,0,CHEMBL4114636,5.849596666666671,0.1643835616438356,,,,
ZINCf5000002rwTe,C[C@@H](COC(=O)CP(C)(C)=O)S(N)(=O)=O,decoy,local_zinc_pool,,,,1,C[C@@H](COC(=O)CP(C)(C)=O)S(N)(=O)=O,matched_to_CHEMBL5811937,257.248,-0.17069999999999996,1,5,103.53,5,0,CHEMBL5811937,7.988060000000004,0.125,,,,
ZINCf5000002rXvB,CN(CCN=[N+]=[N-])C(=O)CC[C@H](N)CN,decoy,local_zinc_pool,,,,1,CN(CCN=[N+]=[N-])C(=O)CC[C@H](N)CN,matched_to_CHEMBL6030067,214.27299999999997,-0.17869999999999908,2,4,121.10999999999999,7,0,CHEMBL6030067,8.146613333333338,0.1346153846153846,,,,
ZINCf5000002qNLW,CC(C)(CC(=O)NC[C@@H](O)CN)N=[N+]=[N-],decoy,local_zinc_pool,,,,1,CC(C)(CC(=O)NC[C@@H](O)CN)N=[N+]=[N-],matched_to_CHEMBL6006846,215.257,-0.09880000000000033,3,4,124.11,6,0,CHEMBL6006846,9.058100000000007,0.11904761904761904,,,,
ZINCf5000000ZynH,O=C(NCCn1cc(Br)nn1)[C@H]1CCO1,decoy,local_zinc_pool,,,O=C(NCCn1ccnn1)C1CCO1,1,O=C(NCCn1cc(Br)nn1)[C@H]1CCO1,matched_to_CHEMBL5854116,275.10600000000005,-0.05430000000000046,1,5,69.04,4,0,CHEMBL5854116,5.068226666666671,0.17857142857142858,,,,
ZINCf50000009sdM,COC(C)(C)C(=O)NCCCS(C)(=O)=O,decoy,local_zinc_pool,,,,1,COC(C)(C)C(=O)NCCCS(C)(=O)=O,matched_to_CHEMBL2177185,237.32099999999994,-0.037699999999999845,1,4,72.47,6,0,CHEMBL2177185,5.529426666666672,0.125,,,,
ZINCf50000009I46,C[C@@H](C(=O)NCCS(N)(=O)=O)C(C)(F)F,decoy,local_zinc_pool,,,,1,C[C@@H](C(=O)NCCS(N)(=O)=O)C(C)(F)F,matched_to_CHEMBL4109769,244.26299999999995,-0.3175999999999999,2,3,89.25999999999999,5,0,CHEMBL4109769,5.70986333333334,0.16455696202531644,,,,
ZINCf50000009xKh,COC[C@@H](O)CNC1(C(=O)O)CCCC1,decoy,local_zinc_pool,,,C1CCCC1,1,COC[C@@H](O)CNC1(C(=O)O)CCCC1,matched_to_CHEMBL2313485,217.26499999999996,-0.01930000000000054,3,4,78.79,6,0,CHEMBL2313485,4.49989666666667,0.14285714285714285,,,,
ZINCf5000002e0Ja,CN([C@@H]1COC[C@H]1O)[S@](=O)CC(F)(F)F,decoy,local_zinc_pool,,,C1CCOC1,1,CN([C@@H]1COC[C@H]1O)[S@](=O)CC(F)(F)F,matched_to_CHEMBL514709,247.23799999999994,-0.09610000000000046,1,3,49.77,3,0,CHEMBL514709,2.6241966666666685,0.12359550561797752,,,,
ZINCf5000000ZrK7,CCc1nnnn1Cc1cc(CO)on1,decoy,local_zinc_pool,,,c1cc(Cn2cnnn2)no1,1,CCc1nnnn1Cc1cc(CO)on1,matched_to_CHEMBL5808134,209.209,-0.23590000000000017,1,7,89.86,4,0,CHEMBL5808134,5.696830000000004,0.13978494623655913,,,,
ZINCf5000000WAJX,COc1cc(NCCON)nc(OC)n1,decoy,local_zinc_pool,,,c1cncnc1,1,COc1cc(NCCON)nc(OC)n1,matched_to_CHEMBL5745234,214.225,-0.20400000000000018,2,7,91.52000000000001,6,0,CHEMBL5745234,7.15524666666667,0.17567567567567569,,,,
ZINCf50000009d5B,CN(C)S(=O)(=O)CCNC(=O)C1(Br)CC1,decoy,local_zinc_pool,,,C1CC1,1,CN(C)S(=O)(=O)CCNC(=O)C1(Br)CC1,matched_to_CHEMBL2347389,299.19000000000005,-0.07850000000000001,1,3,66.48,5,0,CHEMBL2347389,5.176623333333338,0.1111111111111111,,,,
ZINCf5000000a9rH,Cc1noc([C@@H](C)N(CCN)CCN)n1,decoy,local_zinc_pool,,,c1ncon1,1,Cc1noc([C@@H](C)N(CCN)CCN)n1,matched_to_CHEMBL5775440,213.28499999999997,-0.3415799999999984,2,6,94.2,6,0,CHEMBL5775440,4.840603333333337,0.1511627906976744,,,,
ZINCf50000009DI8,CO[C@H](C)C(=O)NS(=O)(=O)c1cncs1,decoy,local_zinc_pool,,,c1cscn1,1,CO[C@H](C)C(=O)NS(=O)(=O)c1cncs1,matched_to_CHEMBL5747471,250.30100000000002,-0.017099999999999838,1,6,85.36,4,0,CHEMBL5747471,5.197896666666671,0.16883116883116883,,,,
ZINCf5000001ZqD7,O=S(=O)(N1CCOCC1CO)C1(Br)CC1,decoy,local_zinc_pool,,,O=S(=O)(C1CC1)N1CCOCC1,1,O=S(=O)(N1CCOCC1CO)C1(Br)CC1,matched_to_CHEMBL3265101,300.1740000000001,-0.1056999999999999,1,4,66.84,3,0,CHEMBL3265101,4.705143333333336,0.15476190476190477,,,,
ZINCf5000002shw9,CSCC[C@@H](O)CC(=O)NCCCON,decoy,local_zinc_pool,,,,1,CSCC[C@@H](O)CC(=O)NCCCON,matched_to_CHEMBL4068667,236.33699999999996,-0.11289999999999945,3,5,84.58,9,0,CHEMBL4068667,7.811850000000002,0.18421052631578946,,,,
ZINCf5000000ayno,OCCOCCSc1nnc2nc[nH]n12,decoy,local_zinc_pool,,,c1nc2nncn2[nH]1,1,OCCOCCSc1nnc2nc[nH]n12,matched_to_CHEMBL5928219,229.26500000000004,-0.44660000000000005,2,7,88.32999999999998,6,0,CHEMBL5928219,6.838626666666671,0.10843373493975904,,,,
ZINCf5000002mtBV,Cc1nsc(CN[C@H](C)CS(N)(=O)=O)n1,decoy,local_zinc_pool,,,c1ncsn1,1,Cc1nsc(CN[C@H](C)CS(N)(=O)=O)n1,matched_to_CHEMBL3220103,250.349,-0.3868799999999996,2,6,97.96999999999998,5,0,CHEMBL3220103,6.533136666666671,0.13157894736842105,,,,
ZINCf50000009O4f,C[C@@H](ON)C(=O)NS(=O)(=O)CCCCF,decoy,local_zinc_pool,,,,1,C[C@@H](ON)C(=O)NS(=O)(=O)CCCCF,matched_to_CHEMBL6012158,242.2719999999999,-0.5390999999999995,2,5,98.48999999999998,7,0,CHEMBL6012158,7.98378333333334,0.14,,,,
ZINCf50000009uok,COCCCS(=O)(=O)CCCS(N)(=O)=O,decoy,local_zinc_pool,,,,1,COCCCS(=O)(=O)CCCS(N)(=O)=O,matched_to_CHEMBL1688303,259.349,-0.8836999999999979,1,5,103.53,8,0,CHEMBL1688303,6.4726966666666685,0.09090909090909091,,,,
ZINCf5000002s6YJ,COC[C@@H](CF)NC(=O)c1nonc1N,decoy,local_zinc_pool,,,c1cnon1,1,COC[C@@H](CF)NC(=O)c1nonc1N,matched_to_CHEMBL3217780,218.18800000000002,-0.6339000000000001,2,6,103.27,5,0,CHEMBL3217780,6.395240000000004,0.16455696202531644,,,,
ZINCf5000001870t,O=C(C1=CCNC1)N1CCCNCCC1,decoy,local_zinc_pool,,,O=C(C1=CCNC1)N1CCCNCCC1,1,O=C(C1=CCNC1)N1CCCNCCC1,matched_to_CHEMBL416288,209.29299999999998,-0.2719999999999996,2,3,44.370000000000005,1,0,CHEMBL416288,3.1884166666666682,0.11267605633802817,,,,
ZINCf50000017AE5,CC[C@H](N)C(=O)NS(=O)(=O)CCCSC,decoy,local_zinc_pool,,,,1,CC[C@H](N)C(=O)NS(=O)(=O)CCCSC,matched_to_CHEMBL6050672,254.37699999999995,-0.07719999999999927,2,5,89.25999999999999,7,0,CHEMBL6050672,7.924000000000005,0.16326530612244897,,,,
ZINCf50000008FL3,C=CCC[C@@H](N)C(=O)N[C@@H](C)CC(N)=O,decoy,local_zinc_pool,,,,1,C=CCC[C@@H](N)C(=O)N[C@@H](C)CC(N)=O,matched_to_CHEMBL3407579,213.28099999999998,-0.33999999999999847,3,3,98.21000000000001,7,0,CHEMBL3407579,6.258440000000002,0.16326530612244897,,,,
ZINCf5000001DnRW,CC[C@@H](NCCNS(=O)(=O)CC)C(=O)O,decoy,local_zinc_pool,,,,1,CC[C@@H](NCCNS(=O)(=O)CC)C(=O)O,matched_to_CHEMBL5913446,238.30899999999997,-0.6214999999999993,3,4,95.5,8,0,CHEMBL5913446,6.187126666666669,0.20930232558139536,,,,
ZINCf50000009fgo,CN(CCS(C)(=O)=O)Cc1ncccn1,decoy,local_zinc_pool,,,c1cncnc1,1,CN(CCS(C)(=O)=O)Cc1ncccn1,matched_to_CHEMBL3653239,229.305,-0.04700000000000015,0,5,63.160000000000004,5,0,CHEMBL3653239,6.154753333333338,0.136986301369863,,,,
ZINCf5000002qSOK,CC(C)[C@@H](N)CNC(=O)[C@@H](N)CN=[N+]=[N-],decoy,local_zinc_pool,,,,1,CC(C)[C@@H](N)CNC(=O)[C@@H](N)CN=[N+]=[N-],matched_to_CHEMBL5989834,214.273,-0.2764999999999982,3,4,129.9,6,0,CHEMBL5989834,9.428973333333339,0.13513513513513514,,,,
ZINCf50000018a3D,O=C(N[C@H]1CCC[C@H]1O)[C@H](O)C(F)(F)F,decoy,local_zinc_pool,,,C1CCCC1,1,O=C(N[C@H]1CCC[C@H]1O)[C@H](O)C(F)(F)F,matched_to_CHEMBL3693969,227.182,-0.0608000000000003,3,3,69.56,2,0,CHEMBL3693969,5.5772366666666695,0.17073170731707318,,,,
ZINCf5000000VZ2u,CCSCC(=O)NO[C@@H](COC)C(=O)O,decoy,local_zinc_pool,,,,1,CCSCC(=O)NO[C@@H](COC)C(=O)O,matched_to_CHEMBL5879668,237.277,-0.11310000000000026,2,5,84.86,8,0,CHEMBL5879668,9.295843333333341,0.1875,,,,
ZINCf5000002rkb9,C=CCSCC(=O)NNc1nncnn1,decoy,local_zinc_pool,,,c1nncnn1,1,C=CCSCC(=O)NNc1nncnn1,matched_to_CHEMBL5883242,226.26500000000001,-0.3711000000000004,2,7,92.69,6,0,CHEMBL5883242,9.395723333333342,0.15,,,,
ZINCf50000009qWd,COC(=O)[C@@H](CO)NC(=O)CCN=[N+]=[N-],decoy,local_zinc_pool,,,,1,COC(=O)[C@@H](CO)NC(=O)CCN=[N+]=[N-],matched_to_CHEMBL5921912,216.19699999999997,-0.6631000000000005,2,5,124.39,6,0,CHEMBL5921912,9.493746666666674,0.18309859154929578,,,,
ZINCf50000024agV,O=C(N1C[C@@H](CO)C[C@H]1CO)C1(Cl)CC1,decoy,local_zinc_pool,,,O=C(C1CC1)N1CCCC1,1,O=C(N1C[C@@H](CO)C[C@H]1CO)C1(Cl)CC1,matched_to_CHEMBL378100,233.69499999999994,-0.0405000000000002,2,3,60.77000000000001,3,0,CHEMBL378100,5.682436666666671,0.14285714285714285,,,,
ZINCf50000008VAe,CCC[C@H](O)CCNC(=O)CCC(N)=O,decoy,local_zinc_pool,,,,1,CCC[C@H](O)CCNC(=O)CCC(N)=O,matched_to_CHEMBL4102803,216.28099999999995,-0.08079999999999965,3,3,92.41999999999999,8,0,CHEMBL4102803,4.5013666666666685,0.2,,,,
ZINCf50000009Hoj,CS[C@@H](CO)[C@H](C)NC(=O)CCCON,decoy,local_zinc_pool,,,,1,CS[C@@H](CO)[C@H](C)NC(=O)CCCON,matched_to_CHEMBL5869704,236.33699999999993,-0.11449999999999927,3,5,84.58,8,0,CHEMBL5869704,9.62931000000001,0.17105263157894737,,,,
ZINCf5000002sfL9,CONCCC(=O)Nc1nnc(C#N)s1,decoy,local_zinc_pool,,,c1nncs1,1,CONCCC(=O)Nc1nnc(C#N)s1,matched_to_CHEMBL5978015,227.24900000000002,-0.11062000000000011,2,7,99.93,5,0,CHEMBL5978015,7.511570000000004,0.1375,,,,
ZINCf50000017BnG,CC[S@](=N)(=O)NC(=O)CCOCCCO,decoy,local_zinc_pool,,,,1,CC[S@](=N)(=O)NC(=O)CCOCCCO,matched_to_CHEMBL3819071,238.3089999999999,-0.1266300000000004,3,5,99.48000000000002,8,0,CHEMBL3819071,6.907276666666671,0.14285714285714285,,,,
ZINCf5000000acRP,Cn1nncc1SCCCCS(N)(=O)=O,decoy,local_zinc_pool,,,c1c[nH]nn1,1,Cn1nncc1SCCCCS(N)(=O)=O,matched_to_CHEMBL3687241,250.34899999999993,-0.024099999999999677,1,6,90.87,6,0,CHEMBL3687241,6.120490000000004,0.09876543209876543,,,,
ZINCf50000009nBd,CNS(=O)(=O)CCCSc1nncn1N,decoy,local_zinc_pool,,,c1nnc[nH]1,1,CNS(=O)(=O)CCCSc1nncn1N,matched_to_CHEMBL6064615,251.33700000000002,-0.9766999999999995,2,7,102.89999999999999,6,0,CHEMBL6064615,8.612493333333338,0.0989010989010989,,,,
ZINCf500000093Bx,CCS(=O)(=O)NCc1nc(CCN)no1,decoy,local_zinc_pool,,,c1ncon1,1,CCS(=O)(=O)NCc1nc(CCN)no1,matched_to_CHEMBL5849977,234.28099999999998,-0.9898999999999989,2,6,111.11,6,0,CHEMBL5849977,7.451806666666673,0.12048192771084337,,,,
ZINCf50000009afF,CCc1noc(C(=O)NCC[S@@](C)=O)n1,decoy,local_zinc_pool,,,c1ncon1,1,CCc1noc(C(=O)NCC[S@@](C)=O)n1,matched_to_CHEMBL5876084,231.27699999999996,-0.25970000000000004,1,5,85.09,5,0,CHEMBL5876084,5.558336666666672,0.14457831325301204,,,,
ZINCf5000000ap96,O=C(COc1ccon1)NOCCCO,decoy,local_zinc_pool,,,c1cnoc1,1,O=C(COc1ccon1)NOCCCO,matched_to_CHEMBL6024824,216.19299999999996,-0.5164000000000004,2,6,93.82000000000001,7,0,CHEMBL6024824,8.643110000000007,0.19480519480519481,,,,
ZINCf5000002enFI,O=C(NOC[C@H](O)CO)c1csnc1Br,decoy,local_zinc_pool,,,c1cnsc1,1,O=C(NOC[C@H](O)CO)c1csnc1Br,matched_to_CHEMBL5877121,297.13,-0.07980000000000004,3,6,91.68,5,0,CHEMBL5877121,5.424500000000004,0.125,,,,
ZINCf5000000azGJ,[N-]=[N+]=NCC(=O)NCCCCNC(N)=O,decoy,local_zinc_pool,,,,1,[N-]=[N+]=NCC(=O)NCCCCNC(N)=O,matched_to_CHEMBL5859878,214.22899999999998,-0.1386000000000004,3,3,132.98000000000002,7,0,CHEMBL5859878,8.740113333333339,0.10666666666666667,,,,
ZINCf5000002mEGz,O=C1C[C@H](C(=O)NC[C@H]2C[C@H]2F)CCN1,decoy,local_zinc_pool,,,O=C1CC(C(=O)NCC2CC2)CCN1,1,O=C1C[C@H](C(=O)NC[C@H]2C[C@H]2F)CCN1,matched_to_CHEMBL5267044,214.23999999999998,-0.013200000000000045,2,2,58.2,3,0,CHEMBL5267044,5.164946666666669,0.1625,,,,
ZINCf500000293Lb,C[S@](=O)CC[C@H](O)C(=O)NCCN=[N+]=[N-],decoy,local_zinc_pool,,,,1,C[S@](=O)CC[C@H](O)C(=O)NCCN=[N+]=[N-],matched_to_CHEMBL5816136,234.281,-0.4575999999999998,2,4,115.15999999999998,7,0,CHEMBL5816136,8.210196666666672,0.1346153846153846,,,,
ZINCf50000018473,NCCC[C@H](N)CC(=O)Nc1cnn[nH]1,decoy,local_zinc_pool,,,c1c[nH]nn1,1,NCCC[C@H](N)CC(=O)Nc1cnn[nH]1,matched_to_CHEMBL5988926,212.25700000000003,-0.8004999999999984,4,5,122.71000000000001,6,0,CHEMBL5988926,9.091850000000003,0.16129032258064516,,,,
ZINCf50000025ZxH,COC1(c2nc(-c3nn[nH]n3)no2)CC1,decoy,local_zinc_pool,,,C1CC1c1nc(-c2nn[nH]n2)no1,1,COC1(c2nc(-c3nn[nH]n3)no2)CC1,matched_to_CHEMBL6024197,208.18099999999998,-0.11480000000000046,1,7,102.61000000000001,3,0,CHEMBL6024197,5.971860000000006,0.2,,,,
ZINCf5000002rwmF,C[C@@H](CN=[N+]=[N-])NC(=O)C[C@@H](N)C(=O)O,decoy,local_zinc_pool,,,,1,C[C@@H](CN=[N+]=[N-])NC(=O)C[C@@H](N)C(=O)O,matched_to_CHEMBL5901726,215.213,-0.3965999999999999,3,4,141.18,6,0,CHEMBL5901726,8.817630000000005,0.21428571428571427,,,,
ZINCf5000001SMHT,CCN(CCF)C(=O)C(CO)CC(=O)O,decoy,local_zinc_pool,,,,1,CCN(CCF)C(=O)C(CO)CC(=O)O,matched_to_CHEMBL4115504,221.22799999999998,-0.11240000000000056,2,3,77.84,7,0,CHEMBL4115504,5.761316666666673,0.1702127659574468,,,,
ZINCf50000017D32,CN(CC1CC1)S(=O)(=O)NC/C=C/CN,decoy,local_zinc_pool,,,C1CC1,1,CN(CC1CC1)S(=O)(=O)NC/C=C/CN,matched_to_CHEMBL199341,233.337,-0.3224999999999982,2,3,75.43,7,0,CHEMBL199341,2.9712266666666656,0.1686746987951807,,,,
ZINCf5000000a0DR,C[C@H](O)[C@H](NC(=O)OCC(F)F)C(=O)O,decoy,local_zinc_pool,,,,1,C[C@H](O)[C@H](NC(=O)OCC(F)F)C(=O)O,matched_to_CHEMBL4114636,227.16299999999995,-0.18829999999999997,3,4,95.86,5,0,CHEMBL4114636,5.810160000000007,0.22727272727272727,,,,
ZINCf50000027elu,COC(=O)CNc1c([N+](=O)[O-])cnn1C,decoy,local_zinc_pool,,,c1cn[nH]c1,1,COC(=O)CNc1c([N+](=O)[O-])cnn1C,matched_to_CHEMBL5811937,214.181,-0.08680000000000043,1,7,99.28999999999999,4,0,CHEMBL5811937,8.03239666666667,0.15730337078651685,,,,
ZINCf5000002oGxA,Nc1nonc1C(=O)OCCCCCO,decoy,local_zinc_pool,,,c1cnon1,1,Nc1nonc1C(=O)OCCCCCO,matched_to_CHEMBL6030067,215.20899999999992,-0.028800000000000325,2,7,111.47,6,0,CHEMBL6030067,7.2309200000000065,0.12987012987012986,,,,
ZINCf5000000VnD5,OCCCCCC=Nn1c(O)nnc1O,decoy,local_zinc_pool,,,c1nnc[nH]1,1,OCCCCCC=Nn1c(O)nnc1O,matched_to_CHEMBL6006846,214.22500000000002,0.07589999999999997,3,7,103.76,6,0,CHEMBL6006846,8.26595333333334,0.10810810810810811,,,,
ZINCf50000017HSQ,COC(=O)CC(=O)N[S@@](C)(=O)=NC1CC1,decoy,local_zinc_pool,,,C1CC1,1,COC(=O)CC(=O)N[S@@](C)(=O)=NC1CC1,matched_to_CHEMBL5854116,234.277,-0.1590999999999998,1,5,84.83,4,0,CHEMBL5854116,5.229183333333337,0.125,,,,
ZINCf50000009yAo,COC[C@H](C)C(=O)NC[C@H](C)S(C)(=O)=O,decoy,local_zinc_pool,,,,1,COC[C@H](C)C(=O)NC[C@H](C)S(C)(=O)=O,matched_to_CHEMBL2177185,237.321,-0.18179999999999952,1,4,72.47,6,0,CHEMBL2177185,5.6254933333333375,0.15714285714285714,,,,
ZINCf50000026oVS,CC(I)=CC(=O)NC[C@@H](O)CS(C)(=O)=O,decoy,local_zinc_pool,,,,1,CC(I)=CC(=O)NC[C@@H](O)CS(C)(=O)=O,matched_to_CHEMBL4109769,347.1740000000001,-0.1530999999999998,2,4,83.47,5,0,CHEMBL4109769,5.09868666666667,0.12,,,,
ZINCf50000029mTS,O=S(=O)(CI)NC[C@]1(CO)CC[C@H]1CO,decoy,local_zinc_pool,,,C1CCC1,1,O=S(=O)(CI)NC[C@]1(CO)CC[C@H]1CO,matched_to_CHEMBL2313485,349.19000000000017,-0.32070000000000015,3,4,86.63000000000001,6,0,CHEMBL2313485,3.638380000000003,0.09876543209876543,,,,
ZINCf5000001FcQz,CC1CN(C(=O)CN(C)C)CCC1CN,decoy,local_zinc_pool,,,C1CCNCC1,1,CC1CN(C(=O)CN(C)C)CCC1CN,matched_to_CHEMBL514709,213.32499999999996,-0.008699999999998487,1,3,49.57000000000001,3,0,CHEMBL514709,2.8970600000000006,0.136986301369863,,,,
ZINCf50000009fjL,CN(CCS(N)(=O)=O)c1nnc(C#N)s1,decoy,local_zinc_pool,,,c1nncs1,1,CN(CCS(N)(=O)=O)c1nnc(C#N)s1,matched_to_CHEMBL5808134,247.305,-0.8655199999999996,1,7,112.97,4,0,CHEMBL5808134,5.649616666666671,0.10112359550561797,,,,
ZINCf5000002rPuS,CC[S@@](=N)(=O)NC(=O)[C@@H](CCOC)OC,decoy,local_zinc_pool,,,,1,CC[S@@](=N)(=O)NC(=O)[C@@H](CCOC)OC,matched_to_CHEMBL5745234,238.30899999999994,0.1357699999999995,2,5,88.48000000000002,7,0,CHEMBL5745234,7.3094933333333385,0.16666666666666666,,,,
ZINCf5000002aJfj,C#CCCS(=O)(=O)N(C)C[C@@H](C)C(=O)O,decoy,local_zinc_pool,,,,1,C#CCCS(=O)(=O)N(C)C[C@@H](C)C(=O)O,matched_to_CHEMBL2347389,233.28899999999996,-0.008000000000000063,1,3,74.68,6,0,CHEMBL2347389,5.5878333333333385,0.1702127659574468,,,,
ZINCf50000017DLX,CN(Cc1nncs1)C[C@H](O)CC(=O)O,decoy,local_zinc_pool,,,c1nncs1,1,CN(Cc1nncs1)C[C@H](O)CC(=O)O,matched_to_CHEMBL5775440,231.277,-0.19449999999999995,2,6,86.55,6,0,CHEMBL5775440,4.7670300000000045,0.15294117647058825,,,,
ZINCf5000000SKPV,CCn1ncc(C(=O)NS(=O)(=O)CI)n1,decoy,local_zinc_pool,,,c1cn[nH]n1,1,CCn1ncc(C(=O)NS(=O)(=O)CI)n1,matched_to_CHEMBL5747471,344.13399999999996,-0.24990000000000018,1,6,93.95,4,0,CHEMBL5747471,4.419166666666671,0.14606741573033707,,,,
ZINCf5000001XBcj,CNS(=O)(=O)N1CCC1C1CCCOC1,decoy,local_zinc_pool,,,C1COCC(C2CCN2)C1,1,CNS(=O)(=O)N1CCC1C1CCCOC1,matched_to_CHEMBL3265101,234.32099999999994,-0.048499999999999543,1,3,58.64,3,0,CHEMBL3265101,4.775940000000004,0.1686746987951807,,,,
ZINCf5000002dQJ8,C[C@@H](ON)C(=O)NCCCOCCCN,decoy,local_zinc_pool,,,,1,C[C@@H](ON)C(=O)NCCCOCCCN,matched_to_CHEMBL4068667,219.2849999999999,-0.863099999999998,3,5,99.6,9,0,CHEMBL4068667,7.881703333333336,0.1780821917808219,,,,
ZINCf5000000Zr7a,CCCS(=O)(=O)NCc1nnc(CO)s1,decoy,local_zinc_pool,,,c1nncs1,1,CCCS(=O)(=O)NCc1nnc(CO)s1,matched_to_CHEMBL5928219,251.33299999999997,-0.1402000000000002,2,6,92.18,6,0,CHEMBL5928219,6.759680000000003,0.12,,,,
ZINCf5000000ZrKM,CCc1nonc1S(=O)(=O)NC[C@H](C)O,decoy,local_zinc_pool,,,c1cnon1,1,CCc1nonc1S(=O)(=O)NC[C@H](C)O,matched_to_CHEMBL3220103,235.265,-0.7089000000000001,2,6,105.32000000000001,5,0,CHEMBL3220103,6.60465666666667,0.14285714285714285,,,,
ZINCf50000008TKQ,CCCCn1c(O)nnc1SCC(N)=O,decoy,local_zinc_pool,,,c1nnc[nH]1,1,CCCCn1c(O)nnc1SCC(N)=O,matched_to_CHEMBL6012158,230.29299999999995,0.36120000000000013,2,6,94.03,6,0,CHEMBL6012158,7.681773333333339,0.18,,,,
ZINCf500000182rW,NC(=O)CS(=O)(=O)CCCOCC1CC1,decoy,local_zinc_pool,,,C1CC1,1,NC(=O)CS(=O)(=O)CCCOCC1CC1,matched_to_CHEMBL1688303,235.30499999999992,-0.2968000000000006,1,4,86.46000000000001,8,0,CHEMBL1688303,6.655070000000006,0.14285714285714285,,,,
ZINCf50000009M3v,C[C@@H](NC(=O)[C@@H](N)CC#N)c1csnn1,decoy,local_zinc_pool,,,c1csnn1,1,C[C@@H](NC(=O)[C@@H](N)CC#N)c1csnn1,matched_to_CHEMBL3217780,225.27700000000002,-0.04372000000000037,2,6,104.69,4,0,CHEMBL3217780,6.374096666666672,0.16049382716049382,,,,
ZINCf5000001ytw2,O=C(C1CC=CCN1)N1CCCNCC1,decoy,local_zinc_pool,,,O=C(C1CC=CCN1)N1CCCNCC1,1,O=C(C1CC=CCN1)N1CCCNCC1,matched_to_CHEMBL416288,209.29299999999995,-0.27359999999999896,2,3,44.370000000000005,1,0,CHEMBL416288,3.189483333333335,0.10843373493975904,,,,
ZINCf50000017Hgt,CNS(=O)(=O)CCCNCc1cnns1,decoy,local_zinc_pool,,,c1csnn1,1,CNS(=O)(=O)CCCNCc1cnns1,matched_to_CHEMBL6050672,250.34900000000002,-0.4330000000000003,2,6,83.98,7,0,CHEMBL6050672,7.9126800000000035,0.1111111111111111,,,,
ZINCf5000002s0Ez,CNC(=O)NCCCCCCS(N)(=O)=O,decoy,local_zinc_pool,,,,1,CNC(=O)NCCCCCCS(N)(=O)=O,matched_to_CHEMBL3407579,237.32499999999996,-0.23569999999999924,3,3,101.28999999999999,7,0,CHEMBL3407579,5.8252666666666695,0.15555555555555556,,,,
ZINCf50000017GMD,CNCCNC(=O)[C@@H](N)CCCCC#N,decoy,local_zinc_pool,,,,1,CNCCNC(=O)[C@@H](N)CCCCC#N,matched_to_CHEMBL5913446,212.2969999999999,-0.26671999999999874,3,4,90.94,8,0,CHEMBL5913446,6.393126666666669,0.1875,,,,
ZINCf5000002a8Vn,O=S(=O)(CBr)N1CC(Cn2ccnn2)C1,decoy,local_zinc_pool,,,c1cn(CC2CNC2)nn1,1,O=S(=O)(CBr)N1CC(Cn2ccnn2)C1,matched_to_CHEMBL3653239,295.16200000000003,-0.1079000000000001,0,5,68.09,4,0,CHEMBL3653239,5.873183333333339,0.12087912087912088,,,,
ZINCf50000025AQY,CC[S@](=N)(=O)NC(=O)CNCCN=[N+]=[N-],decoy,local_zinc_pool,,,,1,CC[S@](=N)(=O)NC(=O)CNCCN=[N+]=[N-],matched_to_CHEMBL5989834,234.28499999999997,-0.01583000000000001,3,5,130.81000000000003,7,0,CHEMBL5989834,8.01867333333334,0.11538461538461539,,,,
ZINCf5000002rNzu,C[C@@](O)(C(=O)N[C@H]1C[C@H](O)C1)C(F)(F)F,decoy,local_zinc_pool,,,C1CCC1,1,C[C@@](O)(C(=O)N[C@H]1C[C@H](O)C1)C(F)(F)F,matched_to_CHEMBL3693969,227.18199999999996,-0.060800000000000354,3,3,69.56,2,0,CHEMBL3693969,5.5772366666666695,0.16049382716049382,,,,
ZINCf5000002oC1u,C[C@H](O)CCCOC(=O)c1nonc1N,decoy,local_zinc_pool,,,c1cnon1,1,C[C@H](O)CCCOC(=O)c1nonc1N,matched_to_CHEMBL5879668,215.209,-0.030400000000000094,2,7,111.47,5,0,CHEMBL5879668,8.89699000000001,0.16883116883116883,,,,
ZINCf50000018cs2,O=S(=O)(CCCO)CCSc1nc[nH]n1,decoy,local_zinc_pool,,,c1nc[nH]n1,1,O=S(=O)(CCCO)CCSc1nc[nH]n1,matched_to_CHEMBL5883242,251.333,-0.306,2,6,95.94000000000001,7,0,CHEMBL5883242,8.97164333333334,0.1125,,,,
ZINCf50000017zaD,CCSCCC(=O)NOCc1nn[nH]n1,decoy,local_zinc_pool,,,c1nn[nH]n1,1,CCSCCC(=O)NOCc1nn[nH]n1,matched_to_CHEMBL5921912,231.281,-0.10930000000000034,2,6,92.79,7,0,CHEMBL5921912,9.237706666666675,0.13414634146341464,,,,
ZINCf50000024VZC,CN1C[C@@H](C(=O)NC[C@@H]2C[C@@H]2Br)NC1=O,decoy,local_zinc_pool,,,O=C1NCC(C(=O)NCC2CC2)N1,1,CN1C[C@@H](C(=O)NC[C@@H]2C[C@@H]2Br)NC1=O,matched_to_CHEMBL378100,276.134,-0.09039999999999954,2,2,61.440000000000005,3,0,CHEMBL378100,5.764513333333336,0.13414634146341464,,,,
ZINCf50000008TrA,CCCCCCC(=O)N[C@@H](CO)C(N)=O,decoy,local_zinc_pool,,,,1,CCCCCCC(=O)N[C@@H](CO)C(N)=O,matched_to_CHEMBL4102803,216.28099999999998,-0.08079999999999965,3,3,92.41999999999999,8,0,CHEMBL4102803,4.501366666666668,0.2857142857142857,,,,
ZINCf5000001Lr3T,N#CCCC(C#N)CNCC[C@@H](O)CO,decoy,local_zinc_pool,,,,1,N#CCCC(C#N)CNCC[C@@H](O)CO,matched_to_CHEMBL5869704,211.265,-0.23714000000000002,3,5,100.07000000000001,8,0,CHEMBL5869704,9.34219000000001,0.08433734939759036,,,,
ZINCf50000009ulF,COCCCOCC(=O)NS(=O)(=O)CI,decoy,local_zinc_pool,,,,1,COCCCOCC(=O)NS(=O)(=O)CI,matched_to_CHEMBL5978015,351.16200000000003,-0.12200000000000005,1,5,81.69999999999999,8,0,CHEMBL5978015,7.509226666666671,0.13157894736842105,,,,
ZINCf50000009weJ,COCC[C@@H](O)CNCC[C@H](O)COC,decoy,local_zinc_pool,,,,1,COCC[C@@H](O)CNCC[C@H](O)COC,matched_to_CHEMBL3819071,221.29699999999997,-0.6291999999999986,3,5,70.95,10,0,CHEMBL3819071,7.553643333333336,0.1095890410958904,,,,
ZINCf5000000aoN3,O=C(CNS(=O)(=O)CBr)c1cnccn1,decoy,local_zinc_pool,,,c1cnccn1,1,O=C(CNS(=O)(=O)CBr)c1cnccn1,matched_to_CHEMBL3687241,294.13,-0.06889999999999996,1,5,89.02,5,0,CHEMBL3687241,5.786546666666671,0.13095238095238096,,,,
ZINCf5000002rb06,CC[C@@H](O)CCOC(=O)c1nonc1N,decoy,local_zinc_pool,,,c1cnon1,1,CC[C@@H](O)CCOC(=O)c1nonc1N,matched_to_CHEMBL6064615,215.209,-0.030400000000000094,2,7,111.47,5,0,CHEMBL6064615,8.500106666666671,0.15384615384615385,,,,
ZINCf50000029zy9,COC[C@H](O)CONC(=O)[C@@H](C)N=[N+]=[N-],decoy,local_zinc_pool,,,,1,COC[C@H](O)CONC(=O)[C@@H](C)N=[N+]=[N-],matched_to_CHEMBL5849977,218.21300000000002,-0.2596999999999996,2,5,116.55,7,0,CHEMBL5849977,7.070486666666674,0.1780821917808219,,,,
ZINCf5000000aoN9,O=C(CNS(=O)(=O)CCl)c1cnccn1,decoy,local_zinc_pool,,,c1cnccn1,1,O=C(CNS(=O)(=O)CCl)c1cnccn1,matched_to_CHEMBL5876084,249.679,-0.2250000000000001,1,5,89.02,5,0,CHEMBL5876084,5.3995833333333385,0.14457831325301204,,,,
ZINCf5000002rwuJ,C[C@@H](C#N)ONC(=O)[C@@H](N)CCCC#N,decoy,local_zinc_pool,,,,1,C[C@@H](C#N)ONC(=O)[C@@H](N)CCCC#N,matched_to_CHEMBL6024824,210.23699999999994,-0.032540000000000235,2,5,111.93,6,0,CHEMBL6024824,8.655696666666675,0.16326530612244897,,,,
ZINCf50000008TA2,CCCCOC(=O)[C@@H](C)NC(CN)CN,decoy,local_zinc_pool,,,,1,CCCCOC(=O)[C@@H](C)NC(CN)CN,matched_to_CHEMBL5877121,217.31299999999996,-0.4061999999999976,3,5,90.36999999999999,8,0,CHEMBL5877121,5.492670000000002,0.22727272727272727,,,,
ZINCf5000000Zzck,Oc1nnc(NCc2cnco2)c(O)n1,decoy,local_zinc_pool,,,c1ncc(NCc2cnco2)nn1,1,Oc1nnc(NCc2cnco2)c(O)n1,matched_to_CHEMBL5859878,209.165,-0.1171000000000002,3,8,117.19000000000001,3,0,CHEMBL5859878,8.908020000000006,0.1282051282051282,,,,
ZINCf5000000awgf,O=C1NCC[C@H]1C(=O)N[C@H]1C[C@H](CF)C1,decoy,local_zinc_pool,,,O=C1NCCC1C(=O)NC1CCC1,1,O=C1NCC[C@H]1C(=O)N[C@H]1C[C@H](CF)C1,matched_to_CHEMBL5267044,214.23999999999995,-0.0132000000000001,2,2,58.2,3,0,CHEMBL5267044,5.16494666666667,0.15,,,,
ZINCf5000001XGaU,CC(CO)COC(=O)CCCS(N)(=O)=O,decoy,local_zinc_pool,,,,1,CC(CO)COC(=O)CCCS(N)(=O)=O,matched_to_CHEMBL5816136,239.29299999999995,-0.7732999999999988,2,5,106.69,7,0,CHEMBL5816136,8.209343333333337,0.14285714285714285,,,,
ZINCf50000008TBi,CCCCOC[C@@H](O)CNC(CN)CN,decoy,local_zinc_pool,,,,1,CCCCOC[C@@H](O)CNC(CN)CN,matched_to_CHEMBL5988926,219.32899999999995,-0.9603999999999968,4,5,93.53,10,0,CHEMBL5988926,9.294930000000004,0.1702127659574468,,,,
ZINCf50000026iVi,COC(=O)CNc1c([N+](=O)[O-])ncn1C,decoy,local_zinc_pool,,,c1c[nH]cn1,1,COC(=O)CNc1c([N+](=O)[O-])ncn1C,matched_to_CHEMBL6024197,214.181,-0.08680000000000021,1,7,99.28999999999999,4,0,CHEMBL6024197,5.516393333333339,0.15730337078651685,,,,
ZINCf5000000VZiS,N#CCSCC(=O)N[C@@H](CCO)C(=O)O,decoy,local_zinc_pool,,,,1,N#CCSCC(=O)N[C@@H](CCO)C(=O)O,matched_to_CHEMBL5901726,232.26099999999997,-0.8050200000000003,3,5,110.42,7,0,CHEMBL5901726,8.894630000000006,0.24074074074074073,,,,
ZINCf5000002dGj5,CCC[S@@](=O)NCC(C)(C)CS(N)(=O)=O,decoy,local_zinc_pool,,,,1,CCC[S@@](=O)NCC(C)(C)CS(N)(=O)=O,matched_to_CHEMBL4115504,256.393,-0.03559999999999841,2,3,89.25999999999999,7,0,CHEMBL4115504,5.8152666666666715,0.10204081632653061,,,,
ZINCf50000021pZK,CCCN(C)S(=O)(=O)NCC1CC1CN,decoy,local_zinc_pool,,,C1CC1,1,CCCN(C)S(=O)(=O)NCC1CC1CN,matched_to_CHEMBL199341,235.35299999999995,-0.24259999999999804,2,3,75.43,7,0,CHEMBL199341,2.9381199999999987,0.10227272727272728,,,,
ZINCf5000000ajQP,NC[C@@H](O)CNC(=O)c1cncc(I)c1,decoy,local_zinc_pool,,,c1ccncc1,1,NC[C@@H](O)CNC(=O)c1cncc(I)c1,matched_to_CHEMBL4114636,321.11800000000005,-0.26439999999999997,3,4,88.24,4,0,CHEMBL4114636,5.726143333333339,0.14754098360655737,,,,
ZINCf5000002aP2I,CCNS(=O)(=O)Cc1nc(CC#N)no1,decoy,local_zinc_pool,,,c1ncon1,1,CCNS(=O)(=O)Cc1nc(CC#N)no1,matched_to_CHEMBL5811937,230.249,-0.4250200000000002,1,6,108.88,5,0,CHEMBL5811937,7.713596666666672,0.13333333333333333,,,,
ZINCf50000024KJR,CC[S@](=N)(=O)NC(=O)Cn1cc(I)nn1,decoy,local_zinc_pool,,,c1c[nH]nn1,1,CC[S@](=N)(=O)NC(=O)Cn1cc(I)nn1,matched_to_CHEMBL6030067,343.15,-0.019430000000000447,2,6,100.73000000000002,4,0,CHEMBL6030067,7.874863333333338,0.14516129032258066,,,,
ZINCf5000000981C,CC[C@H](N)CNS(=O)(=O)c1cnc(O)s1,decoy,local_zinc_pool,,,c1cscn1,1,CC[C@H](N)CNS(=O)(=O)c1cnc(O)s1,matched_to_CHEMBL6006846,251.333,-0.1357,3,6,105.31,5,0,CHEMBL6006846,8.973940000000006,0.14516129032258066,,,,
ZINCf5000001XPLl,COC(=O)CS(=O)(=O)NC1CSC1(C)C,decoy,local_zinc_pool,,,C1CSC1,1,COC(=O)CS(=O)(=O)NC1CSC1(C)C,matched_to_CHEMBL5854116,253.345,-0.02719999999999967,1,5,72.47,4,0,CHEMBL5854116,5.130570000000005,0.1282051282051282,,,,
ZINCf5000001rFjc,CCC(CS(C)(=O)=O)NS(=O)(=O)C1CC1,decoy,local_zinc_pool,,,C1CC1,1,CCC(CS(C)(=O)=O)NS(=O)(=O)C1CC1,matched_to_CHEMBL2177185,255.361,-0.10859999999999959,1,4,80.31,6,0,CHEMBL2177185,5.525893333333338,0.12987012987012986,,,,
ZINCf5000000ahhN,NC(=O)[C@H]1C[C@H](NS(=O)(=O)CC=CCl)C1,decoy,local_zinc_pool,,,C1CCC1,1,NC(=O)[C@H]1C[C@H](NS(=O)(=O)CC=CCl)C1,matched_to_CHEMBL4109769,252.72299999999998,-0.07780000000000031,2,3,89.25999999999999,5,0,CHEMBL4109769,5.465396666666674,0.11363636363636363,,,,
ZINCf5000000S7uB,O=C(O)CC[C@@H](O)CN[C@H]1CCCOC1,decoy,local_zinc_pool,,,C1CCOCC1,1,O=C(O)CC[C@@H](O)CN[C@H]1CCCOC1,matched_to_CHEMBL2313485,217.26499999999996,-0.019300000000000317,3,4,78.79,6,0,CHEMBL2313485,4.49989666666667,0.189873417721519,,,,
ZINCf5000001YK19,O=C(N1CCOC(CF)C1)C1(CO)CC1,decoy,local_zinc_pool,,,O=C(C1CC1)N1CCOCC1,1,O=C(N1CCOC(CF)C1)C1(CO)CC1,matched_to_CHEMBL514709,217.23999999999992,-0.04420000000000024,1,3,49.77,3,0,CHEMBL514709,2.889576666666669,0.13253012048192772,,,,
ZINCf50000017zdT,CC[C@@H](C#N)NS(=O)(=O)c1nonc1C,decoy,local_zinc_pool,,,c1cnon1,1,CC[C@@H](C#N)NS(=O)(=O)c1nonc1C,matched_to_CHEMBL5808134,230.249,-0.04150000000000026,1,6,108.88000000000001,4,0,CHEMBL5808134,5.607230000000005,0.10869565217391304,,,,
ZINCf5000000Zt9N,COCCc1nnc(S[C@H](C)CO)n1N,decoy,local_zinc_pool,,,c1nnc[nH]1,1,COCCc1nnc(S[C@H](C)CO)n1N,matched_to_CHEMBL5745234,232.309,-0.3463,2,7,86.19000000000001,6,0,CHEMBL5745234,7.282473333333337,0.11494252873563218,,,,
ZINCf5000001GyDA,CC(CO)CN(C)S(=O)(=O)N(C)C1CC1,decoy,local_zinc_pool,,,C1CC1,1,CC(CO)CN(C)S(=O)(=O)N(C)C1CC1,matched_to_CHEMBL2347389,236.337,-0.11439999999999984,1,3,60.85,6,0,CHEMBL2347389,5.554286666666672,0.1518987341772152,,,,
ZINCf5000002sbqU,CO[C@H](CCN)C(=O)NCc1cnns1,decoy,local_zinc_pool,,,c1csnn1,1,CO[C@H](CCN)C(=O)NCc1cnns1,matched_to_CHEMBL5775440,230.29300000000003,-0.48189999999999955,2,6,90.13,6,0,CHEMBL5775440,4.825270000000004,0.1518987341772152,,,,
ZINCf5000002rpdt,C[C@@H]1CCS[C@H]1C(=O)OCCS(N)(=O)=O,decoy,local_zinc_pool,,,C1CCSC1,1,C[C@@H]1CCS[C@H]1C(=O)OCCS(N)(=O)=O,matched_to_CHEMBL5747471,253.34499999999994,-0.04029999999999989,1,5,86.46000000000001,4,0,CHEMBL5747471,5.638923333333339,0.11688311688311688,,,,
ZINCf5000000artb,O=C(NC[C@H]1CC1(F)F)[C@@H]1CCS1(=O)=O,decoy,local_zinc_pool,,,O=C(NCC1CC1)C1CCS1(=O)=O,1,O=C(NC[C@H]1CC1(F)F)[C@@H]1CCS1(=O)=O,matched_to_CHEMBL3265101,239.24299999999997,-0.05509999999999993,1,3,63.24,3,0,CHEMBL3265101,4.636720000000004,0.125,,,,
ZINCf50000017yyw,CCOC[C@H](C)NCCCNS(N)(=O)=O,decoy,local_zinc_pool,,,,1,CCOC[C@H](C)NCCCNS(N)(=O)=O,matched_to_CHEMBL4068667,239.34099999999998,-0.8157999999999979,3,4,93.44999999999999,9,0,CHEMBL4068667,8.395610000000001,0.12,,,,
ZINCf5000002aOhX,C[C@@H](SCCNCCN)c1nnnn1C,decoy,local_zinc_pool,,,c1nnn[nH]1,1,C[C@@H](SCCNCCN)c1nnnn1C,matched_to_CHEMBL5928219,230.341,-0.44739999999999913,2,7,81.65,7,0,CHEMBL5928219,6.595600000000002,0.11538461538461539,,,,
ZINCf5000002aP2J,CCNS(=O)(=O)Cc1nc([C@@H](C)N)no1,decoy,local_zinc_pool,,,c1ncon1,1,CCNS(=O)(=O)Cc1nc([C@@H](C)N)no1,matched_to_CHEMBL3220103,234.281,-0.4714,2,6,111.11,5,0,CHEMBL3220103,6.224563333333338,0.1625,,,,
ZINCf5000000ZyYU,O=c1scnn1C[C@@H](O)COCCCO,decoy,local_zinc_pool,,,O=c1[nH]ncs1,1,O=c1scnn1C[C@@H](O)COCCCO,matched_to_CHEMBL6012158,234.27699999999996,-0.9353000000000002,2,7,84.58000000000001,7,0,CHEMBL6012158,7.884266666666672,0.125,,,,
ZINCf50000009u7k,COCCCC(=O)OCCNS(C)(=O)=O,decoy,local_zinc_pool,,,,1,COCCCC(=O)OCCNS(C)(=O)=O,matched_to_CHEMBL1688303,239.29299999999998,-0.49459999999999904,1,5,81.69999999999999,8,0,CHEMBL1688303,6.43745666666667,0.14864864864864866,,,,
ZINCf5000002oFaH,COc1nnc(CC(=O)NCC(=O)O)s1,decoy,local_zinc_pool,,,c1nncs1,1,COc1nnc(CC(=O)NCC(=O)O)s1,matched_to_CHEMBL3217780,231.23299999999998,-0.7100000000000002,2,6,101.41000000000001,5,0,CHEMBL3217780,6.3899233333333365,0.15789473684210525,,,,
ZINCf5000001EpbE,CCC(=O)N1CCNC2(CCNCC2)C1,decoy,local_zinc_pool,,,C1CC2(CCN1)CNCCN2,1,CCC(=O)N1CCNC2(CCNCC2)C1,matched_to_CHEMBL416288,211.30899999999994,-0.0495999999999992,2,3,44.370000000000005,1,0,CHEMBL416288,3.0199900000000013,0.12,,,,
ZINCf5000000Ybic,COCc1snnc1C(=O)NCCON,decoy,local_zinc_pool,,,c1csnn1,1,COCc1snnc1C(=O)NCCON,matched_to_CHEMBL6050672,232.265,-0.6953999999999998,2,7,99.36,6,0,CHEMBL6050672,7.653253333333337,0.15,,,,
ZINCf50000009K3m,C[C@@H](CNC(=O)C=CI)CNC(=O)CO,decoy,local_zinc_pool,,,,1,C[C@@H](CNC(=O)C=CI)CNC(=O)CO,matched_to_CHEMBL3407579,326.134,-0.20409999999999984,3,3,78.43,6,0,CHEMBL3407579,6.330510000000002,0.1276595744680851,,,,
ZINCf50000018442,NCCCS(=O)(=O)NCCC1(CN)CC1,decoy,local_zinc_pool,,,C1CC1,1,NCCCS(=O)(=O)NCCC1(CN)CC1,matched_to_CHEMBL5913446,235.35299999999992,-0.6163999999999987,3,4,98.21,8,0,CHEMBL5913446,6.1160866666666704,0.09876543209876543,,,,
ZINCf50000009vOz,COCCS(=O)(=O)N(C)c1ccnn1C,decoy,local_zinc_pool,,,c1cn[nH]c1,1,COCCS(=O)(=O)N(C)c1ccnn1C,matched_to_CHEMBL3653239,233.293,-0.1675000000000002,0,5,64.43,5,0,CHEMBL3653239,6.144406666666672,0.15584415584415584,,,,
ZINCf5000002aK4D,CC[C@H](CN)SCC(=O)Nc1nn[nH]n1,decoy,local_zinc_pool,,,c1nn[nH]n1,1,CC[C@H](CN)SCC(=O)Nc1nn[nH]n1,matched_to_CHEMBL5989834,230.29700000000005,-0.3912999999999999,3,6,109.58,6,0,CHEMBL5989834,9.158066666666674,0.15584415584415584,,,,
ZINCf5000002dSCQ,C[C@@](N)(C(=O)NC1CC(O)C1)C(F)(F)F,decoy,local_zinc_pool,,,C1CCC1,1,C[C@@](N)(C(=O)NC1CC(O)C1)C(F)(F)F,matched_to_CHEMBL3693969,226.19799999999995,-0.09439999999999998,3,3,75.35000000000001,2,0,CHEMBL3693969,5.78747666666667,0.15853658536585366,,,,
ZINCf50000009wAP,COCCc1nc([C@@H](N)CC(=O)O)no1,decoy,local_zinc_pool,,,c1ncon1,1,COCCc1nc([C@@H](N)CC(=O)O)no1,matched_to_CHEMBL5879668,215.209,-0.26699999999999974,2,6,111.47000000000001,6,0,CHEMBL5879668,9.05472333333334,0.1518987341772152,,,,
ZINCf5000000aguu,NC(=O)CSC[C@@H](O)COc1cnsn1,decoy,local_zinc_pool,,,c1cnsn1,1,NC(=O)CSC[C@@H](O)COc1cnsn1,matched_to_CHEMBL5883242,249.317,-0.5037000000000007,2,7,98.33000000000001,7,0,CHEMBL5883242,8.528003333333341,0.12195121951219512,,,,
ZINCf50000009q0n,COC(=O)CSCC(=O)NS(=O)(=O)CI,decoy,local_zinc_pool,,,,1,COC(=O)CSCC(=O)NS(=O)(=O)CI,matched_to_CHEMBL5921912,367.18600000000004,-0.26890000000000014,1,6,89.53999999999999,6,0,CHEMBL5921912,9.615056666666675,0.125,,,,
ZINCf5000000as8i,O=C(NS(=O)(=O)CI)[C@@H]1C[C@@H]2CNC[C@@H]21,decoy,local_zinc_pool,,,C1CC2CNCC12,1,O=C(NS(=O)(=O)CI)[C@@H]1C[C@@H]2CNC[C@@H]21,matched_to_CHEMBL378100,344.1740000000001,-0.31959999999999966,2,4,75.27,3,0,CHEMBL378100,5.790113333333335,0.10975609756097561,,,,
ZINCf50000008Upo,CCCNS(=O)(=O)NC[C@H](N)C1CCC1,decoy,local_zinc_pool,,,C1CCC1,1,CCCNS(=O)(=O)NC[C@H](N)C1CCC1,matched_to_CHEMBL4102803,235.35299999999995,-0.05219999999999869,3,3,84.22,7,0,CHEMBL4102803,4.656380000000001,0.16901408450704225,,,,
ZINCf50000024Ip8,CC[C@@H](CO)NC(=O)CNCCN=[N+]=[N-],decoy,local_zinc_pool,,,,1,CC[C@@H](CO)NC(=O)CNCCN=[N+]=[N-],matched_to_CHEMBL5869704,215.25699999999998,-0.22660000000000036,3,4,110.11999999999999,8,0,CHEMBL5869704,9.393243333333343,0.1625,,,,
ZINCf5000002mDhl,CSC[C@@H](CO)SCCS(=O)(=O)CCO,decoy,local_zinc_pool,,,,1,CSC[C@@H](CO)SCCS(=O)(=O)CCO,matched_to_CHEMBL5978015,274.429,-0.14939999999999992,2,6,74.6,9,0,CHEMBL5978015,7.578823333333339,0.10416666666666667,,,,
ZINCf5000000aiKp,NCCCCSCC(=O)NCCC(N)=O,decoy,local_zinc_pool,,,,1,NCCCCSCC(=O)NCCC(N)=O,matched_to_CHEMBL3819071,233.337,-0.549899999999999,3,4,98.21000000000001,9,0,CHEMBL3819071,7.28997666666667,0.1038961038961039,,,,
ZINCf5000002oFn8,COC[C@H](N)CC(=O)N(C)c1nncs1,decoy,local_zinc_pool,,,c1nncs1,1,COC[C@H](N)CC(=O)N(C)c1nncs1,matched_to_CHEMBL3687241,230.293,-0.13529999999999998,1,6,81.34,5,0,CHEMBL3687241,6.276383333333337,0.1625,,,,
ZINCf5000002eeo2,NCCCSc1ncc(S(N)(=O)=O)cn1,decoy,local_zinc_pool,,,c1cncnc1,1,NCCCSc1ncc(S(N)(=O)=O)cn1,matched_to_CHEMBL6064615,248.333,-0.4350999999999998,2,6,111.96,5,0,CHEMBL6064615,8.919066666666673,0.09411764705882353,,,,
ZINCf5000000atn8,O=C(O)CCn1cc(CSCCO)nn1,decoy,local_zinc_pool,,,c1c[nH]nn1,1,O=C(O)CCn1cc(CSCCO)nn1,matched_to_CHEMBL5849977,231.277,-0.021699999999999997,2,6,88.24,7,0,CHEMBL5849977,7.251180000000007,0.13924050632911392,,,,
ZINCf5000000a71E,Cc1cnc(CN(CCO)S(C)(=O)=O)o1,decoy,local_zinc_pool,,,c1cocn1,1,Cc1cnc(CN(CCO)S(C)(=O)=O)o1,matched_to_CHEMBL5876084,234.27700000000002,-0.26308,1,5,83.64,5,0,CHEMBL5876084,5.588590000000004,0.11494252873563218,,,,
ZINCf50000018dKA,Oc1nnc(CSc2nnco2)c(O)n1,decoy,local_zinc_pool,,,c1ncc(CSc2nnco2)nn1,1,Oc1nnc(CSc2nnco2)c(O)n1,matched_to_CHEMBL6024824,227.205,-0.041900000000000104,2,9,118.05000000000001,3,0,CHEMBL6024824,7.770656666666674,0.0875,,,,
ZINCf50000009364,CCS(=O)(=O)CCC(=N)NO[C@H](F)CO,decoy,local_zinc_pool,,,,1,CCS(=O)(=O)CCC(=N)NO[C@H](F)CO,matched_to_CHEMBL5877121,242.27200000000002,-0.4024299999999998,3,5,99.48,7,0,CHEMBL5877121,5.37616666666667,0.12,,,,
ZINCf5000002rwmk,C[C@@H](CN=[N+]=[N-])NC(=O)CC[C@@H](N)CN,decoy,local_zinc_pool,,,,1,C[C@@H](CN=[N+]=[N-])NC(=O)CC[C@@H](N)CN,matched_to_CHEMBL5859878,214.27299999999997,-0.1323999999999984,3,4,129.9,7,0,CHEMBL5859878,8.358740000000004,0.14754098360655737,,,,
ZINCf5000000SOA1,O=C(CO)NC[C@@H]1CCN1C(=O)C=CI,decoy,local_zinc_pool,,,C1CNC1,1,O=C(CO)NC[C@@H]1CCN1C(=O)C=CI,matched_to_CHEMBL5267044,324.118,-0.3554999999999999,2,3,69.64,4,0,CHEMBL5267044,5.191966666666669,0.13414634146341464,,,,
ZINCf50000009adV,CCc1nnc(SC[C@@H](O)COC)n1N,decoy,local_zinc_pool,,,c1nnc[nH]1,1,CCc1nnc(SC[C@@H](O)COC)n1N,matched_to_CHEMBL5816136,232.309,-0.3463,2,7,86.19000000000001,6,0,CHEMBL5816136,8.31451666666667,0.11363636363636363,,,,
ZINCf5000002dO8t,C[C@H](Nc1ncc(C(=O)O)s1)[C@H](N)CO,decoy,local_zinc_pool,,,c1cscn1,1,C[C@H](Nc1ncc(C(=O)O)s1)[C@H](N)CO,matched_to_CHEMBL5988926,231.277,-0.038700000000000234,4,6,108.47,5,0,CHEMBL5988926,8.96338333333334,0.1951219512195122,,,,
ZINCf50000009du7,CN(C)c1nnc(SCCS(N)(=O)=O)s1,decoy,local_zinc_pool,,,c1nncs1,1,CN(C)c1nnc(SCCS(N)(=O)=O)s1,matched_to_CHEMBL6024197,268.38899999999995,-0.015299999999999758,1,7,89.18,5,0,CHEMBL6024197,5.831046666666671,0.1,,,,
ZINCf5000002eaMm,CSC[C@@H](CO)NC(=O)c1nonc1N,decoy,local_zinc_pool,,,c1cnon1,1,CSC[C@@H](CO)NC(=O)c1nonc1N,matched_to_CHEMBL5901726,232.265,-0.8944999999999999,3,7,114.27,5,0,CHEMBL5901726,8.800243333333338,0.15476190476190477,,,,
ZINCf50000008DZl,C=C(Br)CN(C)CCCNC(=O)C(N)=O,decoy,local_zinc_pool,,,,1,C=C(Br)CN(C)CCCNC(=O)C(N)=O,matched_to_CHEMBL4115504,278.15,-0.18159999999999987,2,3,75.43,6,0,CHEMBL4115504,5.834630000000005,0.16326530612244897,,,,
ZINCf5000001s4un,CCOCCCS(=O)(=O)N[C@@H]1C[C@@H]1CO,decoy,local_zinc_pool,,,C1CC1,1,CCOCCCS(=O)(=O)N[C@@H]1C[C@@H]1CO,matched_to_CHEMBL199341,237.321,-0.28679999999999967,2,4,75.63000000000001,8,0,CHEMBL199341,2.995266666666667,0.11320754716981132,,,,
ZINCf5000002rkHG,CC(F)(F)[C@@H](N)C(=O)NCC[S@](C)(=N)=O,decoy,local_zinc_pool,,,,1,CC(F)(F)[C@@H](N)C(=O)NCC[S@](C)(=N)=O,matched_to_CHEMBL4114636,243.279,-0.23832999999999943,3,4,96.03999999999999,5,0,CHEMBL4114636,5.675153333333339,0.13636363636363635,,,,
ZINCf5000002mC06,COC[C@](C)(O)C(=O)OCc1cnsn1,decoy,local_zinc_pool,,,c1cnsn1,1,COC[C@](C)(O)C(=O)OCc1cnsn1,matched_to_CHEMBL5811937,232.261,-0.021300000000000263,1,7,81.54,5,0,CHEMBL5811937,8.017930000000003,0.16279069767441862,,,,
ZINCf5000002reVR,CCCN(CCO)C(=O)[C@@H](N)CN=[N+]=[N-],decoy,local_zinc_pool,,,,1,CCCN(CCO)C(=O)[C@@H](N)CN=[N+]=[N-],matched_to_CHEMBL6030067,215.25699999999998,-0.14510000000000017,2,4,115.32000000000001,7,0,CHEMBL6030067,8.153973333333338,0.1568627450980392,,,,
ZINCf50000017Pfp,CSCC[C@@H](O)C(=O)NCC[S@@](C)(=N)=O,decoy,local_zinc_pool,,,,1,CSCC[C@@H](O)C(=O)NCC[S@@](C)(=N)=O,matched_to_CHEMBL6006846,254.37699999999998,-0.10683000000000015,3,5,90.25,7,0,CHEMBL6006846,9.02665333333334,0.13725490196078433,,,,
ZINCf50000017DLM,CN(Cc1nnc(O)o1)C(=O)CC(F)F,decoy,local_zinc_pool,,,c1nnco1,1,CN(Cc1nnc(O)o1)C(=O)CC(F)F,matched_to_CHEMBL5854116,221.16299999999995,0.38879999999999987,1,5,79.46000000000001,4,0,CHEMBL5854116,4.895456666666672,0.13333333333333333,,,,
ZINCf50000009yJu,COC[C@H](C)NC(=O)CS(=O)(=O)C(C)C,decoy,local_zinc_pool,,,,1,COC[C@H](C)NC(=O)CS(=O)(=O)C(C)C,matched_to_CHEMBL2177185,237.321,-0.03929999999999967,1,4,72.47,6,0,CHEMBL2177185,5.530493333333338,0.16901408450704225,,,,
ZINCf500000099fg,CC[C@H]1C[C@@H]1C(=O)N[C@@H](C)CS(N)(=O)=O,decoy,local_zinc_pool,,,C1CC1,1,CC[C@H]1C[C@@H]1C(=O)N[C@@H](C)CS(N)(=O)=O,matched_to_CHEMBL4109769,234.32099999999997,-0.17429999999999912,2,3,89.25999999999999,5,0,CHEMBL4109769,5.713750000000006,0.1794871794871795,,,,
ZINCf5000002shzj,CSCC[C@@H](O)C(=O)N[C@H]1C[C@@H](CN)C1,decoy,local_zinc_pool,,,C1CCC1,1,CSCC[C@@H](O)C(=O)N[C@H]1C[C@@H](CN)C1,matched_to_CHEMBL2313485,232.34899999999996,-0.04609999999999975,3,4,75.35,6,0,CHEMBL2313485,4.504523333333338,0.14666666666666667,,,,
ZINCf5000002dmly,C#C[C@@]1(CO)COCCN1[S@@](=O)C(C)C,decoy,local_zinc_pool,,,C1COCCN1,1,C#C[C@@]1(CO)COCCN1[S@@](=O)C(C)C,matched_to_CHEMBL514709,231.31699999999998,-0.2450000000000001,1,3,49.77,3,0,CHEMBL514709,2.8826733333333343,0.1566265060240964,,,,
ZINCf50000009BLu,CONC(=O)Cn1c([N+](=O)[O-])cnc1C,decoy,local_zinc_pool,,,c1c[nH]cn1,1,CONC(=O)Cn1c([N+](=O)[O-])cnc1C,matched_to_CHEMBL5808134,214.18099999999998,-0.22268000000000066,1,6,99.28999999999999,4,0,CHEMBL5808134,5.761096666666672,0.16049382716049382,,,,
ZINCf5000000ZtGB,CS(=O)(=O)NCCSc1nncc(O)n1,decoy,local_zinc_pool,,,c1cnncn1,1,CS(=O)(=O)NCCSc1nncc(O)n1,matched_to_CHEMBL5745234,250.30500000000004,-0.7815000000000003,2,7,105.07000000000001,5,0,CHEMBL5745234,7.137446666666671,0.125,,,,
ZINCf5000001MEbZ,COCC(F)CNS(=O)(=O)N1CCCC1,decoy,local_zinc_pool,,,C1CCNC1,1,COCC(F)CNS(=O)(=O)N1CCCC1,matched_to_CHEMBL2347389,240.29999999999995,-0.09889999999999999,1,3,58.64,6,0,CHEMBL2347389,5.592723333333339,0.11235955056179775,,,,
ZINCf50000017Zr1,C[S@@](=N)(=O)CCNC(=O)Cc1csnn1,decoy,local_zinc_pool,,,c1csnn1,1,C[S@@](=N)(=O)CCNC(=O)Cc1csnn1,matched_to_CHEMBL5775440,248.333,-0.12662999999999996,2,6,95.80000000000001,5,0,CHEMBL5775440,4.9108233333333375,0.14285714285714285,,,,
ZINCf50000009qR8,COC(=O)[C@@H](C)NS(=O)(=O)c1cscn1,decoy,local_zinc_pool,,,c1cscn1,1,COC(=O)[C@@H](C)NS(=O)(=O)c1cscn1,matched_to_CHEMBL5747471,250.30100000000002,-0.017100000000000504,1,6,85.36,4,0,CHEMBL5747471,5.197896666666671,0.1780821917808219,,,,
ZINCf5000001ZOkt,CC1(CO)COCCN(S(=O)(=O)CBr)C1,decoy,local_zinc_pool,,,C1CNCCOC1,1,CC1(CO)COCCN(S(=O)(=O)CBr)C1,matched_to_CHEMBL3265101,302.19000000000005,-0.0005999999999997119,1,4,66.84,3,0,CHEMBL3265101,4.614916666666669,0.13253012048192772,,,,
ZINCf5000002sc2F,CO[C@H](CN)CC(=O)NCCSCCO,decoy,local_zinc_pool,,,,1,CO[C@H](CN)CC(=O)NCCSCCO,matched_to_CHEMBL4068667,236.33699999999996,-0.8080999999999987,3,5,84.58,9,0,CHEMBL4068667,8.275316666666669,0.14285714285714285,,,,
ZINCf50000009skC,COC(C)(C)[C@H](N)C(=O)NS(=O)(=O)CI,decoy,local_zinc_pool,,,,1,COC(C)(C)[C@H](N)C(=O)NS(=O)(=O)CI,matched_to_CHEMBL5928219,350.178,-0.4227999999999996,2,5,98.48999999999998,5,0,CHEMBL5928219,6.707230000000004,0.16901408450704225,,,,
ZINCf50000029Tt9,C[C@@H](N)CONC(=O)Cn1ncc(Br)n1,decoy,local_zinc_pool,,,c1cn[nH]n1,1,C[C@@H](N)CONC(=O)Cn1ncc(Br)n1,matched_to_CHEMBL3220103,278.10999999999996,-0.5643999999999998,2,6,95.06,5,0,CHEMBL3220103,6.490273333333338,0.16883116883116883,,,,
ZINCf50000009wB0,COCCc1nnc(S[C@H](F)CO)n1N,decoy,local_zinc_pool,,,c1nnc[nH]1,1,COCCc1nnc(S[C@H](F)CO)n1N,matched_to_CHEMBL6012158,236.272,-0.4392,2,7,86.19000000000001,6,0,CHEMBL6012158,7.969183333333338,0.11363636363636363,,,,
ZINCf5000002rYk9,CNCC[S@@](C)(=O)=NS(=O)(=O)CCOC,decoy,local_zinc_pool,,,,1,CNCC[S@@](C)(=O)=NS(=O)(=O)CCOC,matched_to_CHEMBL1688303,258.36499999999995,-0.7201999999999991,1,5,84.83,7,0,CHEMBL1688303,6.7719366666666705,0.10666666666666667,,,,
ZINCf50000017Xln,C[C@H](ON)C(=O)NCCn1cc(Br)nn1,decoy,local_zinc_pool,,,c1c[nH]nn1,1,C[C@H](ON)C(=O)NCCn1cc(Br)nn1,matched_to_CHEMBL3217780,278.10999999999996,-0.5643999999999998,2,6,95.06,5,0,CHEMBL3217780,6.07808666666667,0.18181818181818182,,,,
ZINCf5000001JWNp,CC1(C)CNC(C(=O)N2CCNCC2)C1,decoy,local_zinc_pool,,,O=C(C1CCCN1)N1CCNCC1,1,CC1(C)CNC(C(=O)N2CCNCC2)C1,matched_to_CHEMBL416288,211.30899999999994,-0.19369999999999887,2,3,44.370000000000005,1,0,CHEMBL416288,3.116056666666668,0.14666666666666667,,,,
ZINCf50000017L7N,COC[C@@H](C)S(=O)(=O)NCC[S@](C)(=N)=O,decoy,local_zinc_pool,,,,1,COC[C@@H](C)S(=O)(=O)NCC[S@](C)(=N)=O,matched_to_CHEMBL6050672,258.365,-0.38272999999999907,2,5,96.32,7,0,CHEMBL6050672,7.805406666666671,0.12790697674418605,,,,
ZINCf5000000SKgy,CCC[C@H](NC(=O)[C@@H](F)CCN)C(N)=O,decoy,local_zinc_pool,,,,1,CCC[C@H](NC(=O)[C@@H](F)CCN)C(N)=O,matched_to_CHEMBL3407579,219.25999999999993,-0.5564999999999991,3,3,98.21000000000001,7,0,CHEMBL3407579,6.342983333333336,0.1956521739130435,,,,
ZINCf500000091Cg,CCOCCNC(=O)[C@@H](O)CCC(=O)O,decoy,local_zinc_pool,,,,1,CCOCCNC(=O)[C@@H](O)CCC(=O)O,matched_to_CHEMBL5913446,219.237,-0.6352000000000002,3,4,95.86,8,0,CHEMBL5913446,6.372580000000004,0.21739130434782608,,,,
ZINCf50000009uds,COCCCN(C)C(=O)c1ncn(C)n1,decoy,local_zinc_pool,,,c1nc[nH]n1,1,COCCCN(C)C(=O)c1ncn(C)n1,matched_to_CHEMBL3653239,212.25300000000001,-0.07640000000000002,0,5,60.25,5,0,CHEMBL3653239,6.461273333333339,0.1518987341772152,,,,
ZINCf5000002qsQM,CC1(C[C@@H](N)C(=O)NOCCCN)N=N1,decoy,local_zinc_pool,,,C1N=N1,1,CC1(C[C@@H](N)C(=O)NOCCCN)N=N1,matched_to_CHEMBL5989834,215.25699999999998,-0.7175999999999987,3,6,115.09,7,0,CHEMBL5989834,8.805600000000007,0.15789473684210525,,,,
ZINCf5000000a8i9,Cc1ncc(C(=O)N[C@H]2C=CCNC2)[nH]1,decoy,local_zinc_pool,,,O=C(NC1C=CCNC1)c1cnc[nH]1,1,Cc1ncc(C(=O)N[C@H]2C=CCNC2)[nH]1,matched_to_CHEMBL3693969,206.249,-0.024080000000000212,3,3,69.81,2,0,CHEMBL3693969,5.752086666666671,0.16279069767441862,,,,
ZINCf50000009ZfR,C[C@H](O)C(=O)OCCCSCCC(N)=O,decoy,local_zinc_pool,,,,1,C[C@H](O)C(=O)OCCCSCCC(N)=O,matched_to_CHEMBL5879668,235.30499999999995,-0.09090000000000009,2,5,89.62,8,0,CHEMBL5879668,9.110363333333343,0.14583333333333334,,,,
ZINCf5000000aloK,NOCCOCc1cn([C@H](F)CO)nn1,decoy,local_zinc_pool,,,c1c[nH]nn1,1,NOCCOCc1cn([C@H](F)CO)nn1,matched_to_CHEMBL5883242,220.20399999999998,-0.8546000000000005,2,7,95.42,7,0,CHEMBL5883242,9.169466666666676,0.1282051282051282,,,,
ZINCf5000002rI4Q,CCN(CCN=[N+]=[N-])C(=O)C[C@@H](O)CN,decoy,local_zinc_pool,,,,1,CCN(CCN=[N+]=[N-])C(=O)C[C@@H](O)CN,matched_to_CHEMBL5921912,215.257,-0.14510000000000012,2,4,115.32,7,0,CHEMBL5921912,9.520613333333342,0.1346153846153846,,,,
ZINCf5000001YTCq,O=C(C1CC1Cl)N1CCC(CO)(CO)C1,decoy,local_zinc_pool,,,O=C(C1CC1)N1CCCC1,1,O=C(C1CC1Cl)N1CCC(CO)(CO)C1,matched_to_CHEMBL378100,233.69499999999996,-0.18300000000000016,2,3,60.77000000000001,3,0,CHEMBL378100,5.77743666666667,0.16,,,,
ZINCf50000017VLq,C[C@H](CO)[C@H](NC(=O)CCCF)C(=O)O,decoy,local_zinc_pool,,,,1,C[C@H](CO)[C@H](NC(=O)CCCF)C(=O)O,matched_to_CHEMBL4102803,221.22799999999995,-0.06610000000000077,3,3,86.63000000000001,7,0,CHEMBL4102803,4.710496666666669,0.1956521739130435,,,,
ZINCf50000017AV1,CC[C@H](O)CONC(=O)CSCC(N)=O,decoy,local_zinc_pool,,,,1,CC[C@H](O)CONC(=O)CSCC(N)=O,matched_to_CHEMBL5869704,236.29299999999998,-0.976399999999999,3,5,101.65,8,0,CHEMBL5869704,9.521550000000008,0.14583333333333334,,,,
ZINCf5000002rwb1,C[C@@H](CN)n1cc(COCCCN)nn1,decoy,local_zinc_pool,,,c1c[nH]nn1,1,C[C@@H](CN)n1cc(COCCCN)nn1,matched_to_CHEMBL5978015,213.28499999999994,-0.3367999999999986,2,6,91.98,7,0,CHEMBL5978015,7.619996666666671,0.125,,,,
ZINCf5000002s45f,COC[C@@](C)(CCO)NCCOCCN,decoy,local_zinc_pool,,,,1,COC[C@@](C)(CCO)NCCOCCN,matched_to_CHEMBL3819071,220.31299999999993,-0.6611999999999978,3,5,76.74,10,0,CHEMBL3819071,7.35321666666667,0.09090909090909091,,,,
ZINCf5000002e086,CN(CC#N)S(=O)(=O)NCc1cnsn1,decoy,local_zinc_pool,,,c1cnsn1,1,CN(CC#N)S(=O)(=O)NCc1cnsn1,matched_to_CHEMBL3687241,247.305,-0.67212,1,6,98.98,5,0,CHEMBL3687241,6.269743333333337,0.12222222222222222,,,,
ZINCf5000002dmbV,CCC1(CNC(=O)CSCC(N)=O)N=N1,decoy,local_zinc_pool,,,C1N=N1,1,CCC1(CNC(=O)CSCC(N)=O)N=N1,matched_to_CHEMBL6064615,230.29299999999995,-0.10679999999999945,2,5,96.91,7,0,CHEMBL6064615,8.982600000000005,0.12244897959183673,,,,
ZINCf5000002rzS4,C[C@@H](N)CCC(=O)NCCSS(C)(=O)=O,decoy,local_zinc_pool,,,,1,C[C@@H](N)CCC(=O)NCCSS(C)(=O)=O,matched_to_CHEMBL5849977,254.37699999999998,-0.07719999999999927,2,5,89.25999999999999,7,0,CHEMBL5849977,7.516380000000007,0.14,,,,
ZINCf500000284Qj,C[C@@H](CO)COC(=O)C(C)(C)S(C)(=O)=O,decoy,local_zinc_pool,,,,1,C[C@@H](CO)COC(=O)C(C)(C)S(C)(=O)=O,matched_to_CHEMBL5876084,238.30499999999998,-0.018799999999999928,1,5,80.67,5,0,CHEMBL5876084,5.504256666666673,0.14285714285714285,,,,
ZINCf50000017nR2,C=C(CO)COC(=O)CCCS(N)(=O)=O,decoy,local_zinc_pool,,,,1,C=C(CO)COC(=O)CCCS(N)(=O)=O,matched_to_CHEMBL6024824,237.27699999999996,-0.8531999999999988,2,5,106.69,7,0,CHEMBL6024824,8.64200333333334,0.14583333333333334,,,,
ZINCf5000002aW76,O=C(NOC[C@H](O)CO)c1csc(I)n1,decoy,local_zinc_pool,,,c1cscn1,1,O=C(NOC[C@H](O)CO)c1csc(I)n1,matched_to_CHEMBL5877121,344.13,-0.23769999999999986,3,6,91.68,5,0,CHEMBL5877121,5.05976666666667,0.13793103448275862,,,,
ZINCf5000002aW75,O=C(NOC[C@@H](O)CO)c1csc(Br)n1,decoy,local_zinc_pool,,,c1cscn1,1,O=C(NOC[C@@H](O)CO)c1csc(Br)n1,matched_to_CHEMBL5859878,297.13,-0.07979999999999998,3,6,91.68,5,0,CHEMBL5859878,9.023903333333338,0.13953488372093023,,,,
ZINCf5000002dV89,CC(=O)N1CC[C@H](NC(=O)NCCF)C1,decoy,local_zinc_pool,,,C1CCNC1,1,CC(=O)N1CC[C@H](NC(=O)NCCF)C1,matched_to_CHEMBL5267044,217.24399999999997,-0.12410000000000032,2,2,61.440000000000005,3,0,CHEMBL5267044,5.079240000000003,0.16049382716049382,,,,
ZINCf50000009I3G,C[C@@H](C(=O)NCCCSC#N)S(N)(=O)=O,decoy,local_zinc_pool,,,,1,C[C@@H](C(=O)NCCCSC#N)S(N)(=O)=O,matched_to_CHEMBL5816136,251.333,-0.6160199999999996,2,5,113.04999999999998,6,0,CHEMBL5816136,8.229690000000005,0.1346153846153846,,,,
ZINCf5000002efXb,NC(=O)CSCC(=O)N[C@H](CS)CCS,decoy,local_zinc_pool,,,,1,NC(=O)CSCC(=O)N[C@H](CS)CCS,matched_to_CHEMBL5988926,268.429,-0.0605999999999996,4,5,72.19,8,0,CHEMBL5988926,9.057663333333338,0.14285714285714285,,,,
ZINCf5000002aUmK,NS(=O)(=O)Cc1noc(-c2nccs2)n1,decoy,local_zinc_pool,,,c1noc(-c2nccs2)n1,1,NS(=O)(=O)Cc1noc(-c2nccs2)n1,matched_to_CHEMBL6024197,246.27300000000002,-0.018399999999999972,1,7,111.97000000000001,3,0,CHEMBL6024197,5.901073333333338,0.25,,,,
ZINCf50000009363,CCS(=O)(=O)CCC(=N)NO[C@@H](F)CO,decoy,local_zinc_pool,,,,1,CCS(=O)(=O)CCC(=N)NO[C@@H](F)CO,matched_to_CHEMBL5901726,242.27200000000002,-0.4024299999999998,3,5,99.48,7,0,CHEMBL5901726,8.963726666666672,0.12,,,,
ZINCf5000002ru4a,C[C@@H](CCO)CCNS(=O)(=O)N1CCC1,decoy,local_zinc_pool,,,C1CNC1,1,C[C@@H](CCO)CCNS(=O)(=O)N1CCC1,matched_to_CHEMBL4115504,236.33699999999996,-0.06489999999999951,2,3,69.64,7,0,CHEMBL4115504,5.906560000000006,0.1375,,,,
ZINCf50000009vld,COCCOCC(=O)NC[C@H]1C[C@@H]1CN,decoy,local_zinc_pool,,,C1CC1,1,COCCOCC(=O)NC[C@H]1C[C@@H]1CN,matched_to_CHEMBL199341,216.28099999999998,-0.639599999999998,2,4,73.58,8,0,CHEMBL199341,3.019666666666665,0.1125,,,,
ZINCf50000009xJW,COC[C@@H](O)CNC(=O)c1n[nH]cc1Br,decoy,local_zinc_pool,,,c1cn[nH]c1,1,COC[C@@H](O)CNC(=O)c1n[nH]cc1Br,matched_to_CHEMBL4114636,278.106,-0.09070000000000011,3,4,87.24000000000001,5,0,CHEMBL4114636,5.580463333333339,0.16455696202531644,,,,
ZINCf5000000ZxLc,NCc1noc(CCCn2ccnn2)n1,decoy,local_zinc_pool,,,c1cn(CCCc2ncno2)nn1,1,NCc1noc(CCCn2ccnn2)n1,matched_to_CHEMBL5811937,208.22500000000002,-0.2474000000000003,1,7,95.65,5,0,CHEMBL5811937,7.844623333333336,0.11827956989247312,,,,
ZINCf5000002rwuK,C[C@H](C#N)ONC(=O)[C@@H](N)CCCC#N,decoy,local_zinc_pool,,,,1,C[C@H](C#N)ONC(=O)[C@@H](N)CCCC#N,matched_to_CHEMBL6030067,210.23699999999994,-0.032540000000000235,2,5,111.93,6,0,CHEMBL6030067,8.26473333333334,0.16326530612244897,,,,
ZINCf5000000aiZh,NCCC[C@@H](N)Cc1nc(CCN)no1,decoy,local_zinc_pool,,,c1ncon1,1,NCCC[C@@H](N)Cc1nc(CCN)no1,matched_to_CHEMBL6006846,213.28499999999997,-0.8204999999999987,3,6,116.98,7,0,CHEMBL6006846,8.344153333333338,0.09523809523809523,,,,
ZINCf5000002duCU,C#CCCNS(=O)(=O)c1nn(C)nc1Br,decoy,local_zinc_pool,,,c1cn[nH]n1,1,C#CCCNS(=O)(=O)c1nn(C)nc1Br,matched_to_CHEMBL5854116,293.14599999999996,-0.12079999999999996,1,5,76.88,4,0,CHEMBL5854116,4.618560000000005,0.09876543209876543,,,,
ZINCf50000024lws,C#CCONC(=O)[C@@H](C)S(=O)(=O)CCC,decoy,local_zinc_pool,,,,1,C#CCONC(=O)[C@@H](C)S(=O)(=O)CCC,matched_to_CHEMBL2177185,233.28899999999993,-0.1193000000000004,1,4,72.47,6,0,CHEMBL2177185,5.624146666666673,0.17333333333333334,,,,
ZINCf50000029Eyg,CC[C@H]1CCN(S(=O)(=O)NCC(=O)O)C1,decoy,local_zinc_pool,,,C1CCNC1,1,CC[C@H]1CCN(S(=O)(=O)NCC(=O)O)C1,matched_to_CHEMBL4109769,236.29299999999998,-0.3626999999999989,2,3,86.71000000000001,5,0,CHEMBL4109769,5.717630000000006,0.2236842105263158,,,,
ZINCf50000009SuM,C[C@@]1(Br)C[C@@H]1CNCC(=O)NCC(=O)O,decoy,local_zinc_pool,,,C1CC1,1,C[C@@]1(Br)C[C@@H]1CNCC(=O)NCC(=O)O,matched_to_CHEMBL2313485,279.134,-0.04970000000000013,3,3,78.43,6,0,CHEMBL2313485,4.415873333333337,0.17567567567567569,,,,
ZINCf5000001KRqb,COC1(CO)CCN(C(=O)[C@@H]2C[C@@H]2F)C1,decoy,local_zinc_pool,,,O=C(C1CC1)N1CCCC1,1,COC1(CO)CCN(C(=O)[C@@H]2C[C@@H]2F)C1,matched_to_CHEMBL514709,217.23999999999998,-0.04580000000000006,1,3,49.77,3,0,CHEMBL514709,2.890643333333335,0.13186813186813187,,,,
ZINCf5000000Ybyz,Cc1nnsc1SCC(=O)OCC(N)=O,decoy,local_zinc_pool,,,c1csnn1,1,Cc1nnsc1SCC(=O)OCC(N)=O,matched_to_CHEMBL5808134,247.30099999999993,-0.03288000000000013,1,7,95.16999999999999,5,0,CHEMBL5808134,5.468163333333339,0.125,,,,
ZINCf50000017P7X,CSCCCS(=O)(=O)NC(=O)C[C@@H](C)N,decoy,local_zinc_pool,,,,1,CSCCCS(=O)(=O)NC(=O)C[C@@H](C)N,matched_to_CHEMBL5745234,254.37699999999998,-0.07719999999999916,2,5,89.26,7,0,CHEMBL5745234,7.259593333333338,0.14473684210526316,,,,
ZINCf5000001XfWA,CN1CC(CCNS(=O)(=O)CCl)CC1=O,decoy,local_zinc_pool,,,O=C1CCCN1,1,CN1CC(CCNS(=O)(=O)CCl)CC1=O,matched_to_CHEMBL2347389,254.73899999999998,-0.02949999999999986,1,3,66.48,5,0,CHEMBL2347389,5.588466666666672,0.1686746987951807,,,,
ZINCf50000009AGv,COCc1ncsc1C(=O)NOCCO,decoy,local_zinc_pool,,,c1cscn1,1,COCc1ncsc1C(=O)NOCCO,matched_to_CHEMBL5775440,232.26099999999997,-0.05679999999999985,2,6,80.68,6,0,CHEMBL5775440,4.900190000000005,0.15,,,,
ZINCf5000002aU6d,N#CCS(=O)(=O)NCCn1cc(I)cn1,decoy,local_zinc_pool,,,c1cn[nH]c1,1,N#CCS(=O)(=O)NCCn1cc(I)cn1,matched_to_CHEMBL5747471,340.146,-0.06932000000000027,1,5,87.77999999999999,5,0,CHEMBL5747471,5.237460000000005,0.14444444444444443,,,,
ZINCf5000001PaQY,CNS(=O)(=O)N1CCC(C2CCO2)CC1,decoy,local_zinc_pool,,,C1CC(C2CCO2)CCN1,1,CNS(=O)(=O)N1CCC(C2CCO2)CC1,matched_to_CHEMBL3265101,234.32099999999994,-0.048499999999999543,1,3,58.64,3,0,CHEMBL3265101,4.775940000000004,0.14473684210526316,,,,
ZINCf5000002rhkf,CCCNS(=O)(=O)N[C@H](CCO)CSC,decoy,local_zinc_pool,,,,1,CCCNS(=O)(=O)N[C@H](CCO)CSC,matched_to_CHEMBL4068667,256.393,-0.06559999999999921,3,4,78.43,9,0,CHEMBL4068667,8.325756666666667,0.16666666666666666,,,,
ZINCf50000017PmQ,CS[C@@H](C)CC(=O)NOCc1nn[nH]n1,decoy,local_zinc_pool,,,c1nn[nH]n1,1,CS[C@@H](C)CC(=O)NOCc1nn[nH]n1,matched_to_CHEMBL5928219,231.281,-0.11090000000000039,2,6,92.79,6,0,CHEMBL5928219,6.916266666666671,0.17721518987341772,,,,
ZINCf5000002efLd,NC(=O)C[C@H](O)C(=O)OCc1nccs1,decoy,local_zinc_pool,,,c1cscn1,1,NC(=O)C[C@H](O)C(=O)OCc1nccs1,matched_to_CHEMBL3220103,230.24499999999998,-0.5774000000000001,2,6,102.51000000000002,5,0,CHEMBL3220103,6.679590000000004,0.18518518518518517,,,,
ZINCf50000009g5d,CN(Cc1nnc(O)o1)C[C@H](O)CC#N,decoy,local_zinc_pool,,,c1nnco1,1,CN(Cc1nnc(O)o1)C[C@H](O)CC#N,matched_to_CHEMBL6012158,212.20899999999997,-0.5184200000000005,2,7,106.41,5,0,CHEMBL6012158,7.953826666666673,0.10526315789473684,,,,
ZINCf5000002ecMi,CS(=O)(=O)CC(=O)NOCCOCCF,decoy,local_zinc_pool,,,,1,CS(=O)(=O)CC(=O)NOCCOCCF,matched_to_CHEMBL1688303,243.25599999999994,-0.9350999999999994,1,5,81.7,8,0,CHEMBL1688303,6.691493333333337,0.11842105263157894,,,,
ZINCf5000000a5YY,Cc1c([N+](=O)[O-])ncn1C[C@H](O)CCO,decoy,local_zinc_pool,,,c1c[nH]cn1,1,Cc1c([N+](=O)[O-])ncn1C[C@H](O)CCO,matched_to_CHEMBL3217780,215.20899999999997,-0.15698000000000012,2,6,101.42,5,0,CHEMBL3217780,6.181083333333337,0.1625,,,,
ZINCf50000009PaP,C[C@@H]1CN(C(=O)C2=CCNC2)C[C@@H](C)N1,decoy,local_zinc_pool,,,O=C(C1=CCNC1)N1CCNCC1,1,C[C@@H]1CN(C(=O)C2=CCNC2)C[C@@H](C)N1,matched_to_CHEMBL416288,209.29299999999998,-0.2751999999999987,2,3,44.370000000000005,1,0,CHEMBL416288,3.1905500000000004,0.136986301369863,,,,
ZINCf5000002oABR,CC(C)(O)CCOC(=O)c1nonc1N,decoy,local_zinc_pool,,,c1cnon1,1,CC(C)(O)CCOC(=O)c1nonc1N,matched_to_CHEMBL6050672,215.209,-0.030400000000000094,2,7,111.47,4,0,CHEMBL6050672,7.953680000000005,0.1282051282051282,,,,
ZINCf5000000S4XZ,CCC[C@H](C)NC(=O)NCCS(N)(=O)=O,decoy,local_zinc_pool,,,,1,CCC[C@H](C)NC(=O)NCCS(N)(=O)=O,matched_to_CHEMBL3407579,237.32499999999996,-0.2372999999999984,3,3,101.28999999999999,6,0,CHEMBL3407579,6.326333333333335,0.19148936170212766,,,,
ZINCf50000008UoE,CCCNS(=O)(=O)NC[C@@H](CC)C(=O)O,decoy,local_zinc_pool,,,,1,CCCNS(=O)(=O)NC[C@@H](CC)C(=O)O,matched_to_CHEMBL5913446,238.30899999999997,-0.06879999999999914,3,3,95.50000000000001,8,0,CHEMBL5913446,6.318660000000002,0.23255813953488372,,,,
ZINCf500000099xL,CC[S@@](=O)CC(=O)N(C)Cc1ncon1,decoy,local_zinc_pool,,,c1ncon1,1,CC[S@@](=O)CC(=O)N(C)Cc1ncon1,matched_to_CHEMBL3653239,231.277,-0.20340000000000047,0,5,76.30000000000001,5,0,CHEMBL3653239,6.404100000000007,0.1282051282051282,,,,
ZINCf5000000Zzcn,Oc1nnc(NCc2nccs2)c(O)n1,decoy,local_zinc_pool,,,c1ncc(NCc2nccs2)nn1,1,Oc1nnc(NCc2nccs2)c(O)n1,matched_to_CHEMBL5989834,225.23300000000003,0.35139999999999977,3,8,104.05000000000001,3,0,CHEMBL5989834,9.43477333333334,0.1875,,,,
ZINCf5000000aswG,O=C(N[C@@H]1C[C@H](O)C12CCC2)C1(O)CC1,decoy,local_zinc_pool,,,O=C(NC1CCC12CCC2)C1CC1,1,O=C(N[C@@H]1C[C@H](O)C12CCC2)C1(O)CC1,matched_to_CHEMBL3693969,211.26099999999994,-0.06900000000000128,3,3,69.56,2,0,CHEMBL3693969,5.741913333333338,0.11764705882352941,,,,
ZINCf50000024dVA,Cc1noc([C@H](CO)NS(=O)(=O)CI)n1,decoy,local_zinc_pool,,,c1ncon1,1,Cc1noc([C@H](CO)NS(=O)(=O)CI)n1,matched_to_CHEMBL5879668,347.13399999999996,-0.27668000000000004,2,6,105.32000000000001,5,0,CHEMBL5879668,8.487926666666674,0.16666666666666666,,,,
ZINCf5000002s7Vj,COC[C@@H](O)CCNS(=O)(=O)CCSC,decoy,local_zinc_pool,,,,1,COC[C@@H](O)CCNS(=O)(=O)CCSC,matched_to_CHEMBL5883242,257.37699999999995,-0.3337999999999992,2,5,75.63,9,0,CHEMBL5883242,9.242136666666674,0.11538461538461539,,,,
ZINCf5000002rXwv,CN(CCN=[N+]=[N-])C(=O)[C@@H](O)CCCN,decoy,local_zinc_pool,,,,1,CN(CCN=[N+]=[N-])C(=O)[C@@H](O)CCCN,matched_to_CHEMBL5921912,215.25699999999998,-0.14510000000000012,2,4,115.32,7,0,CHEMBL5921912,9.520613333333342,0.1568627450980392,,,,
ZINCf50000028CXX,CC(=O)N[C@@H]1CN(C(=O)C=CI)C[C@H]1O,decoy,local_zinc_pool,,,C1CCNC1,1,CC(=O)N[C@@H]1CN(C(=O)C=CI)C[C@H]1O,matched_to_CHEMBL378100,324.11800000000005,-0.3570999999999997,2,3,69.64,2,0,CHEMBL378100,5.790473333333335,0.11538461538461539,,,,
ZINCf50000017VL8,C[C@H](CO)[C@@H](NC(=O)CCCF)C(=O)O,decoy,local_zinc_pool,,,,1,C[C@H](CO)[C@@H](NC(=O)CCCF)C(=O)O,matched_to_CHEMBL4102803,221.22799999999995,-0.06610000000000077,3,3,86.63000000000001,7,0,CHEMBL4102803,4.710496666666669,0.1956521739130435,,,,
ZINCf5000002aTEW,Nc1nonc1C(=O)NCCSCCO,decoy,local_zinc_pool,,,c1cnon1,1,Nc1nonc1C(=O)NCCSCCO,matched_to_CHEMBL5869704,232.26499999999996,-0.8929,3,7,114.27,6,0,CHEMBL5869704,9.001363333333343,0.11904761904761904,,,,
ZINCf5000002dEDM,CCCOCCOC(=O)[C@H](O)CC(N)=O,decoy,local_zinc_pool,,,,1,CCCOCCOC(=O)[C@H](O)CC(N)=O,matched_to_CHEMBL5978015,219.23699999999997,-0.807499999999999,2,5,98.85,8,0,CHEMBL5978015,7.599476666666671,0.17777777777777778,,,,
ZINCf50000024kCv,[N-]=[N+]=NCCCCC(=O)NC[C@H](O)CO,decoy,local_zinc_pool,,,,1,[N-]=[N+]=NCCCCC(=O)NC[C@H](O)CO,matched_to_CHEMBL3819071,216.24099999999999,-0.06360000000000016,3,4,118.32000000000002,8,0,CHEMBL3819071,6.9091366666666705,0.12345679012345678,,,,
ZINCf50000009WqI,C[C@H](CSc1nncn1N)CS(C)(=O)=O,decoy,local_zinc_pool,,,c1nnc[nH]1,1,C[C@H](CSc1nncn1N)CS(C)(=O)=O,matched_to_CHEMBL3687241,250.34899999999996,-0.2353000000000003,1,7,90.87,5,0,CHEMBL3687241,6.261290000000004,0.11494252873563218,,,,
ZINCf5000002aNTw,C[C@H](NC(=O)CN=[N+]=[N-])c1nnc(O)o1,decoy,local_zinc_pool,,,c1nnco1,1,C[C@H](NC(=O)CN=[N+]=[N-])c1nnc(O)o1,matched_to_CHEMBL6064615,212.169,0.26269999999999977,2,6,137.01,4,0,CHEMBL6064615,8.687106666666672,0.16129032258064516,,,,
ZINCf5000002e3ph,COCCc1noc([C@@H](O)CC(N)=O)n1,decoy,local_zinc_pool,,,c1ncon1,1,COCCc1noc([C@@H](O)CC(N)=O)n1,matched_to_CHEMBL5849977,215.20899999999997,-0.8326999999999998,2,6,111.47000000000001,6,0,CHEMBL5849977,7.523326666666673,0.1518987341772152,,,,
ZINCf50000025tBQ,O=S(=O)(CI)N1CC[C@@H](c2nn[nH]n2)C1,decoy,local_zinc_pool,,,C1CC(c2nn[nH]n2)CN1,1,O=S(=O)(CI)N1CC[C@@H](c2nn[nH]n2)C1,matched_to_CHEMBL5876084,343.15000000000003,-0.2887000000000002,1,5,91.84,3,0,CHEMBL5876084,5.620140000000005,0.13414634146341464,,,,
ZINCf50000009AIT,COCc1noc(CNCCC(N)=O)n1,decoy,local_zinc_pool,,,c1ncon1,1,COCc1noc(CNCCC(N)=O)n1,matched_to_CHEMBL6024824,214.22499999999997,-0.8189999999999993,2,6,103.27,7,0,CHEMBL6024824,8.486523333333341,0.12903225806451613,,,,
ZINCf5000002aNBR,C[C@H](N)CCSCC(=O)Nc1nn[nH]n1,decoy,local_zinc_pool,,,c1nn[nH]n1,1,C[C@H](N)CCSCC(=O)Nc1nn[nH]n1,matched_to_CHEMBL5877121,230.29700000000005,-0.3912999999999999,3,6,109.58,6,0,CHEMBL5877121,5.084496666666669,0.15384615384615385,,,,
ZINCf5000002qXdO,CC[C@](C)(O)CNC(=O)[C@@H](N)CN=[N+]=[N-],decoy,local_zinc_pool,,,,1,CC[C@](C)(O)CNC(=O)[C@@H](N)CN=[N+]=[N-],matched_to_CHEMBL5859878,215.25699999999998,-0.09879999999999994,3,4,124.11,6,0,CHEMBL5859878,9.058100000000005,0.1320754716981132,,,,
ZINCf5000000awjL,O=C1NC[C@@H](C(=O)N(C2CC2)C2CC2)N1,decoy,local_zinc_pool,,,O=C1NCC(C(=O)N(C2CC2)C2CC2)N1,1,O=C1NC[C@@H](C(=O)N(C2CC2)C2CC2)N1,matched_to_CHEMBL5267044,209.24899999999997,-0.17880000000000046,2,2,61.440000000000005,3,0,CHEMBL5267044,5.195656666666669,0.12162162162162163,,,,
ZINCf50000017M5a,COC[C@H](O)CONC(=O)c1cnns1,decoy,local_zinc_pool,,,c1csnn1,1,COC[C@H](O)CONC(=O)c1cnns1,matched_to_CHEMBL5816136,233.24900000000002,-0.7931999999999999,2,7,93.57,6,0,CHEMBL5816136,8.307850000000006,0.15,,,,
ZINCf5000000agGq,NC(=O)NC(=O)CCNCCOCCS,decoy,local_zinc_pool,,,,1,NC(=O)NC(=O)CCNCCOCCS,matched_to_CHEMBL5988926,235.30899999999997,-0.8925999999999998,4,5,93.45,8,0,CHEMBL5988926,9.093130000000006,0.11842105263157894,,,,
ZINCf5000001801V,Cc1nc(CN(C)Cc2nn[nH]n2)no1,decoy,local_zinc_pool,,,c1nc(CNCc2nn[nH]n2)no1,1,Cc1nc(CN(C)Cc2nn[nH]n2)no1,matched_to_CHEMBL6024197,209.21300000000002,-0.47688000000000014,1,7,96.62,4,0,CHEMBL6024197,5.932926666666671,0.12941176470588237,,,,
ZINCf5000002raZH,CC[C@@H](O)CCNC(=O)[C@@H](N)CN=[N+]=[N-],decoy,local_zinc_pool,,,,1,CC[C@@H](O)CCNC(=O)[C@@H](N)CN=[N+]=[N-],matched_to_CHEMBL5901726,215.257,-0.09879999999999994,3,4,124.11,7,0,CHEMBL5901726,8.546256666666673,0.15384615384615385,,,,
ZINCf5000002r6Ja,CC[C@@H](C)N(C)S(=O)(=O)NC[C@@H](F)CN,decoy,local_zinc_pool,,,,1,CC[C@@H](C)N(C)S(=O)(=O)NC[C@@H](F)CN,matched_to_CHEMBL4115504,241.33199999999997,-0.15209999999999846,2,3,75.43,7,0,CHEMBL4115504,5.683143333333338,0.1527777777777778,,,,
ZINCf50000017A2s,CC[C@@H]1C[C@H]1NS(=O)(=O)CCCNC=O,decoy,local_zinc_pool,,,C1CC1,1,CC[C@@H]1C[C@H]1NS(=O)(=O)CCCNC=O,matched_to_CHEMBL199341,234.32099999999997,-0.15960000000000013,2,3,75.27000000000001,8,0,CHEMBL199341,2.3660666666666668,0.09433962264150944,,,,
ZINCf5000000axqQ,O=S(=O)(NC[C@@H](O)CF)c1c[nH]nc1Cl,decoy,local_zinc_pool,,,c1cn[nH]c1,1,O=S(=O)(NC[C@@H](O)CF)c1c[nH]nc1Cl,matched_to_CHEMBL4114636,257.674,-0.32820000000000044,3,4,95.08,5,0,CHEMBL4114636,5.629516666666673,0.17073170731707318,,,,
ZINCf5000002955q,C[C@H](N=[N+]=[N-])C(=O)NCc1nnnn1C,decoy,local_zinc_pool,,,c1nnn[nH]1,1,C[C@H](N=[N+]=[N-])C(=O)NCc1nnnn1C,matched_to_CHEMBL5811937,210.20100000000002,-0.4749000000000003,1,6,121.46000000000001,4,0,CHEMBL5811937,7.944130000000004,0.15584415584415584,,,,
ZINCf50000009ujW,COCCCNS(=O)(=O)c1cnc(O)s1,decoy,local_zinc_pool,,,c1cscn1,1,COCCCNS(=O)(=O)c1cnc(O)s1,matched_to_CHEMBL6030067,252.317,0.1635000000000001,2,6,88.52,6,0,CHEMBL6030067,8.149640000000005,0.19736842105263158,,,,
ZINCf5000000amZV,N[C@H](CO)c1cn(CCCC(=O)O)nn1,decoy,local_zinc_pool,,,c1c[nH]nn1,1,N[C@H](CO)c1cn(CCCC(=O)O)nn1,matched_to_CHEMBL6006846,214.225,-0.8650000000000009,3,6,114.26,6,0,CHEMBL6006846,8.973220000000007,0.15584415584415584,,,,
ZINCf5000000ZwTM,Cn1nncc1S(=O)(=O)NC[C@H]1C[C@@H]1Cl,decoy,local_zinc_pool,,,O=S(=O)(NCC1CC1)c1cnn[nH]1,1,Cn1nncc1S(=O)(=O)NC[C@H]1C[C@@H]1Cl,matched_to_CHEMBL5854116,250.71099999999998,-0.2792999999999999,1,5,76.88,4,0,CHEMBL5854116,5.1485766666666715,0.17045454545454544,,,,
ZINCf50000008NjO,CC(C)CS(=O)(=O)NC[C@@H](C)S(C)(=O)=O,decoy,local_zinc_pool,,,,1,CC(C)CS(=O)(=O)NC[C@@H](C)S(C)(=O)=O,matched_to_CHEMBL2177185,257.377,-0.005099999999999438,1,4,80.31,6,0,CHEMBL2177185,5.436733333333338,0.09859154929577464,,,,
ZINCf5000002efO6,NC(=O)[C@@H]1CC[C@@H](CNC(=O)CCBr)O1,decoy,local_zinc_pool,,,C1CCOC1,1,NC(=O)[C@@H]1CC[C@@H](CNC(=O)CCBr)O1,matched_to_CHEMBL4109769,279.134,-0.07950000000000035,2,3,81.42,5,0,CHEMBL4109769,5.312020000000005,0.136986301369863,,,,
ZINCf5000002rBIz,C[C@H](NC(=O)CC[C@H](N)CN)C1CSC1,decoy,local_zinc_pool,,,C1CSC1,1,C[C@H](NC(=O)CC[C@H](N)CN)C1CSC1,matched_to_CHEMBL2313485,231.36499999999995,-0.07969999999999833,3,4,81.14,6,0,CHEMBL2313485,4.436363333333336,0.16216216216216217,,,,
ZINCf50000017EUv,CN1C[C@H](NS(=O)(=O)N(C)C)CC1(C)C,decoy,local_zinc_pool,,,C1CCNC1,1,CN1C[C@H](NS(=O)(=O)N(C)C)CC1(C)C,matched_to_CHEMBL514709,235.35299999999995,-0.1348999999999987,1,3,52.650000000000006,3,0,CHEMBL514709,2.884113333333334,0.11842105263157894,,,,
ZINCf5000000ZuPR,C[C@H](NS(C)(=O)=O)c1nc(CC#N)no1,decoy,local_zinc_pool,,,c1ncon1,1,C[C@H](NS(C)(=O)=O)c1nc(CC#N)no1,matched_to_CHEMBL5808134,230.24899999999997,-0.2541200000000001,1,6,108.88,4,0,CHEMBL5808134,5.748976666666672,0.15555555555555556,,,,
ZINCf50000009du3,CN(C)c1nnc(CSC[C@H](O)CO)o1,decoy,local_zinc_pool,,,c1nnco1,1,CN(C)c1nnc(CSC[C@H](O)CO)o1,matched_to_CHEMBL5745234,233.29299999999998,-0.2779999999999999,2,7,82.62,6,0,CHEMBL5745234,7.369900000000005,0.1125,,,,
ZINCf50000008Ydp,CCN1C[C@@](C)(CNS(=O)(=O)CCl)C1=O,decoy,local_zinc_pool,,,O=C1CCN1,1,CCN1C[C@@](C)(CNS(=O)(=O)CCl)C1=O,matched_to_CHEMBL2347389,254.73899999999998,-0.029500000000000026,1,3,66.48,5,0,CHEMBL2347389,5.588466666666672,0.16455696202531644,,,,
ZINCf5000000Ztii,COCc1nnc(CNC(=O)CCO)s1,decoy,local_zinc_pool,,,c1nncs1,1,COCc1nnc(CNC(=O)CCO)s1,matched_to_CHEMBL5775440,231.277,-0.3169000000000001,2,6,84.34000000000002,6,0,CHEMBL5775440,4.9370300000000045,0.13333333333333333,,,,
ZINCf5000000ZsYv,COC(=O)[C@H](C)NS(=O)(=O)c1nccs1,decoy,local_zinc_pool,,,c1cscn1,1,COC(=O)[C@H](C)NS(=O)(=O)c1nccs1,matched_to_CHEMBL5747471,250.30100000000002,-0.017099999999999838,1,6,85.36,4,0,CHEMBL5747471,5.197896666666671,0.23076923076923078,,,,
ZINCf5000001JHD5,CNS(=O)(=O)C1CN(C(=O)C(C)(C)Br)C1,decoy,local_zinc_pool,,,C1CNC1,1,CNS(=O)(=O)C1CN(C(=O)C(C)(C)Br)C1,matched_to_CHEMBL3265101,299.19,-0.08009999999999984,1,3,66.48,3,0,CHEMBL3265101,4.18351666666667,0.12941176470588237,,,,
ZINCf50000009Zzc,C[C@H](O)CCONC(=N)CCS(C)(=O)=O,decoy,local_zinc_pool,,,,1,C[C@H](O)CCONC(=N)CCS(C)(=O)=O,matched_to_CHEMBL4068667,238.30899999999997,-0.3095300000000003,3,5,99.47999999999999,7,0,CHEMBL4068667,8.32721666666667,0.11764705882352941,,,,
ZINCf50000017LMX,COC[C@H](C)S(=O)(=O)NCC[S@](C)(=N)=O,decoy,local_zinc_pool,,,,1,COC[C@H](C)S(=O)(=O)NCC[S@](C)(=N)=O,matched_to_CHEMBL5928219,258.365,-0.38272999999999907,2,5,96.32,7,0,CHEMBL5928219,6.685446666666669,0.12790697674418605,,,,
ZINCf5000002aT2O,CSC[C@@H](C)C(=O)NCc1nnc(O)o1,decoy,local_zinc_pool,,,c1nnco1,1,CSC[C@@H](C)C(=O)NCc1nnc(O)o1,matched_to_CHEMBL3220103,231.277,0.3904999999999997,2,6,88.25,5,0,CHEMBL3220103,6.594403333333338,0.14666666666666667,,,,
ZINCf5000000axTO,O=[N+]([O-])c1nc(Br)n(CCOCCO)n1,decoy,local_zinc_pool,,,c1nc[nH]n1,1,O=[N+]([O-])c1nc(Br)n(CCOCCO)n1,matched_to_CHEMBL6012158,281.0659999999999,-0.04230000000000006,1,7,103.31,6,0,CHEMBL6012158,7.57184333333334,0.16455696202531644,,,,
ZINCf50000009FGf,CS(=O)(=O)CCCSCC(=O)NCC#N,decoy,local_zinc_pool,,,,1,CS(=O)(=O)CCCSCC(=O)NCC#N,matched_to_CHEMBL1688303,250.345,-0.2059199999999996,1,5,87.03,7,0,CHEMBL1688303,6.421283333333338,0.11764705882352941,,,,
ZINCf5000002qDFK,CCc1nnc(CNC(=O)[C@H](C)ON)s1,decoy,local_zinc_pool,,,c1nncs1,1,CCc1nnc(CNC(=O)[C@H](C)ON)s1,matched_to_CHEMBL3217780,230.29299999999998,-0.0045000000000002816,2,6,90.13,5,0,CHEMBL3217780,6.380190000000004,0.16216216216216217,,,,
ZINCf5000002rseC,C[C@@H]1NCCN(C(=O)C2(Cl)CNC2)[C@@H]1C,decoy,local_zinc_pool,,,O=C(C1CNC1)N1CCNCC1,1,C[C@@H]1NCCN(C(=O)C2(Cl)CNC2)[C@@H]1C,matched_to_CHEMBL416288,231.72699999999998,-0.2239999999999993,2,3,44.370000000000005,1,0,CHEMBL416288,2.932076666666668,0.12987012987012986,,,,
ZINCf5000000WzGX,CCCCS(=O)(=O)NCCc1nn[nH]n1,decoy,local_zinc_pool,,,c1nn[nH]n1,1,CCCCS(=O)(=O)NCCc1nn[nH]n1,matched_to_CHEMBL6050672,233.297,-0.5382999999999998,2,5,100.63000000000001,7,0,CHEMBL6050672,7.987400000000004,0.1346153846153846,,,,
ZINCf5000000WzHu,CCCC[C@H](Br)C(=O)N[C@@H](CO)C(N)=O,decoy,local_zinc_pool,,,,1,CCCC[C@H](Br)C(=O)N[C@@H](CO)C(N)=O,matched_to_CHEMBL3407579,281.15000000000003,-0.09749999999999981,3,3,92.41999999999999,7,0,CHEMBL3407579,5.6496833333333365,0.24444444444444444,,,,
ZINCf500000091q6,CCOCCC(=O)NC[C@H](O)CC(=O)O,decoy,local_zinc_pool,,,,1,CCOCCC(=O)NC[C@H](O)CC(=O)O,matched_to_CHEMBL5913446,219.237,-0.6351999999999993,3,4,95.86,8,0,CHEMBL5913446,6.372580000000003,0.16666666666666666,,,,
ZINCf50000009DiV,CO[C@@H]1COCC[C@H]1N(C)CC[N+](=O)[O-],decoy,local_zinc_pool,,,C1CCOCC1,1,CO[C@@H]1COCC[C@H]1N(C)CC[N+](=O)[O-],matched_to_CHEMBL3653239,218.25299999999996,-0.0012000000000000899,0,5,64.84,5,0,CHEMBL3653239,6.167540000000007,0.12359550561797752,,,,
ZINCf5000002aW7f,O=C(NOC[C@H](O)CO)c1ncoc1Br,decoy,local_zinc_pool,,,c1cocn1,1,O=C(NOC[C@H](O)CO)c1ncoc1Br,matched_to_CHEMBL5989834,281.062,-0.5483000000000002,3,6,104.82000000000001,5,0,CHEMBL5989834,9.445483333333339,0.15,,,,
ZINCf5000000avYt,O=C1C[C@H](NC(=O)c2c[nH]nc2I)CN1,decoy,local_zinc_pool,,,O=C1CC(NC(=O)c2cn[nH]c2)CN1,1,O=C1C[C@H](NC(=O)c2c[nH]nc2I)CN1,matched_to_CHEMBL3693969,320.09000000000003,-0.36740000000000034,3,3,86.88,2,0,CHEMBL3693969,5.491756666666668,0.15555555555555556,,,,
ZINCf50000017I9l,COC(=O)CS(=O)(=O)NCCOCCS,decoy,local_zinc_pool,,,,1,COC(=O)CS(=O)(=O)NCCOCCS,matched_to_CHEMBL5879668,257.3329999999999,-0.974799999999999,2,6,81.7,8,0,CHEMBL5879668,9.296150000000008,0.12244897959183673,,,,
ZINCf5000002oHw2,NS(=O)(=O)CCC(=O)Nc1snnc1Br,decoy,local_zinc_pool,,,c1csnn1,1,NS(=O)(=O)CCC(=O)Nc1snnc1Br,matched_to_CHEMBL5883242,315.174,-0.08229999999999998,2,6,115.04,4,0,CHEMBL5883242,8.920100000000009,0.11627906976744186,,,,
ZINCf50000009LXr,C[C@@H](NC(=O)CCCON)c1ncon1,decoy,local_zinc_pool,,,c1ncon1,1,C[C@@H](NC(=O)CCCON)c1ncon1,matched_to_CHEMBL5921912,214.225,-0.0827000000000001,2,6,103.27,6,0,CHEMBL5921912,9.471333333333341,0.22077922077922077,,,,
ZINCf50000025mCr,O=C([C@H]1C[C@H](Br)C1)N1C[C@@H](O)[C@H](CO)C1,decoy,local_zinc_pool,,,O=C(C1CCC1)N1CCCC1,1,O=C([C@H]1C[C@H](Br)C1)N1C[C@@H](CO)[C@H](O)C1,matched_to_CHEMBL378100,278.146,-0.02850000000000008,2,3,60.77000000000001,2,0,CHEMBL378100,5.729926666666669,0.12,,,,
ZINCf50000008U3W,CCCNC(=O)CCCC(=O)NNC=O,decoy,local_zinc_pool,,,,1,CCCNC(=O)CCCC(=O)NNC=O,matched_to_CHEMBL4102803,215.25300000000001,-0.5398999999999992,3,3,87.30000000000001,8,0,CHEMBL4102803,4.612913333333335,0.17777777777777778,,,,
ZINCf5000000a163,C[C@H](ON)c1nc([C@@H](C)NC(N)=O)no1,decoy,local_zinc_pool,,,c1ncon1,1,C[C@H](ON)c1nc([C@@H](C)NC(N)=O)no1,matched_to_CHEMBL5869704,215.21299999999997,-0.2497999999999999,3,6,129.29,4,0,CHEMBL5869704,9.642350000000008,0.18666666666666668,,,,
ZINCf50000009H33,CSC[C@@H](O)CNCCCn1cnnn1,decoy,local_zinc_pool,,,c1nnn[nH]1,1,CSC[C@@H](O)CNCCCn1cnnn1,matched_to_CHEMBL5978015,231.325,-0.6233,2,7,75.86,8,0,CHEMBL5978015,7.275396666666672,0.10975609756097561,,,,
ZINCf50000009wuo,COCC[C@H](NC[C@H](O)CSC)C(N)=O,decoy,local_zinc_pool,,,,1,COCC[C@H](NC[C@H](O)CSC)C(N)=O,matched_to_CHEMBL3819071,236.337,-0.809699999999999,3,5,84.57999999999998,9,0,CHEMBL3819071,7.478376666666669,0.13725490196078433,,,,
ZINCf50000008Vbf,CCC[C@@H](O)CS(=O)(=O)c1ncnn1C,decoy,local_zinc_pool,,,c1nc[nH]n1,1,CCC[C@@H](O)CS(=O)(=O)c1ncnn1C,matched_to_CHEMBL3687241,233.293,-0.2502,1,6,85.07999999999998,5,0,CHEMBL3687241,6.173383333333336,0.1568627450980392,,,,
ZINCf5000000Vn0E,N#CCCS(=O)(=O)NC(=O)CCC(=O)O,decoy,local_zinc_pool,,,,1,N#CCCS(=O)(=O)NC(=O)CCC(=O)O,matched_to_CHEMBL6064615,234.23299999999995,-0.78912,2,5,124.33,6,0,CHEMBL6064615,8.801280000000006,0.125,,,,
ZINCf50000026TVY,O=S(=O)(CI)NCc1cnn(CCO)c1,decoy,local_zinc_pool,,,c1cn[nH]c1,1,O=S(=O)(CI)NCc1cnn(CCO)c1,matched_to_CHEMBL5849977,345.1620000000001,-0.31270000000000014,2,5,84.22,6,0,CHEMBL5849977,7.467130000000006,0.14606741573033707,,,,
ZINCf500000093c5,CCS(=O)(=O)CCNC(=O)c1ccon1,decoy,local_zinc_pool,,,c1cnoc1,1,CCS(=O)(=O)CCNC(=O)c1ccon1,matched_to_CHEMBL5876084,232.261,-0.16089999999999977,1,5,89.27,5,0,CHEMBL5876084,5.541030000000005,0.16049382716049382,,,,
ZINCf5000000ajFz,NCCc1cc(-c2nc(CN)no2)no1,decoy,local_zinc_pool,,,c1noc(-c2ccon2)n1,1,NCCc1cc(-c2nc(CN)no2)no1,matched_to_CHEMBL6024824,209.20899999999997,-0.31549999999999984,2,7,116.99,4,0,CHEMBL6024824,8.652216666666675,0.1111111111111111,,,,
ZINCf5000000ae2p,N#CC[C@H](N)C(=O)NCCCCCCN,decoy,local_zinc_pool,,,,1,N#CC[C@H](N)C(=O)NCCCCCCN,matched_to_CHEMBL5877121,212.29699999999994,-0.13731999999999978,3,4,104.92999999999999,8,0,CHEMBL5877121,5.281176666666671,0.14583333333333334,,,,
ZINCf5000000Zt92,COCC[C@@H](C)Nc1nnc(O)nc1O,decoy,local_zinc_pool,,,c1cnncn1,1,COCC[C@@H](C)Nc1nnc(O)nc1O,matched_to_CHEMBL5859878,214.225,0.11969999999999958,3,7,100.39,5,0,CHEMBL5859878,8.871553333333338,0.1527777777777778,,,,
ZINCf50000017FPz,CNC(=O)CNC(=O)N1CC[C@H](CF)C1,decoy,local_zinc_pool,,,C1CCNC1,1,CNC(=O)CNC(=O)N1CC[C@H](CF)C1,matched_to_CHEMBL5267044,217.24399999999994,-0.26660000000000017,2,2,61.440000000000005,3,0,CHEMBL5267044,5.174240000000003,0.175,,,,
ZINCf50000017OIu,CS(=O)(=O)C[C@H](O)CNCc1cnns1,decoy,local_zinc_pool,,,c1csnn1,1,CS(=O)(=O)C[C@H](O)CNCc1cnns1,matched_to_CHEMBL5816136,251.333,-0.9667999999999999,2,7,92.18,6,0,CHEMBL5816136,8.298343333333337,0.11827956989247312,,,,
ZINCf50000009H2Z,CSC[C@@H](O)CNCCCCS(N)(=O)=O,decoy,local_zinc_pool,,,,1,CSC[C@@H](O)CNCCCCS(N)(=O)=O,matched_to_CHEMBL5988926,256.393,-0.6313999999999993,3,5,92.41999999999999,9,0,CHEMBL5988926,9.249356666666671,0.12,,,,
ZINCf50000018000,Cc1nc(-c2cnsn2)n(CC(N)=O)n1,decoy,local_zinc_pool,,,c1n[nH]c(-c2cnsn2)n1,1,Cc1nc(-c2cnsn2)n(CC(N)=O)n1,matched_to_CHEMBL6024197,224.24899999999997,-0.4096800000000002,1,7,99.58,3,0,CHEMBL6024197,6.119366666666671,0.1518987341772152,,,,
ZINCf5000000akjg,NC[C@H](CO)NS(=O)(=O)c1sncc1Br,decoy,local_zinc_pool,,,c1cnsc1,1,NC[C@H](CO)NS(=O)(=O)c1sncc1Br,matched_to_CHEMBL5901726,316.202,-0.49650000000000016,3,6,105.30999999999999,5,0,CHEMBL5901726,8.553940000000006,0.12643678160919541,,,,
ZINCf50000017VLE,C[C@H](COC(F)F)NC(=O)CCC(N)=O,decoy,local_zinc_pool,,,,1,C[C@H](COC(F)F)NC(=O)CCC(N)=O,matched_to_CHEMBL4115504,224.20699999999997,-0.0042000000000000925,2,3,81.41999999999999,7,0,CHEMBL4115504,5.802593333333339,0.15492957746478872,,,,
ZINCf50000017KEG,COCCOCCNC(=O)[C@H]1C[C@H]1CN,decoy,local_zinc_pool,,,C1CC1,1,COCCOCCNC(=O)[C@H]1C[C@H]1CN,matched_to_CHEMBL199341,216.28099999999998,-0.6395999999999975,2,4,73.58,8,0,CHEMBL199341,3.019666666666665,0.13333333333333333,,,,
ZINCf50000018457,NCCCS(=O)(=O)N[C@@H]1CCCC[C@@H]1N,decoy,local_zinc_pool,,,C1CCCCC1,1,NCCCS(=O)(=O)N[C@@H]1CCCC[C@@H]1N,matched_to_CHEMBL4114636,235.35299999999995,-0.47549999999999865,3,4,98.21,5,0,CHEMBL4114636,5.836926666666672,0.1095890410958904,,,,
ZINCf50000009BjU,CON(CCO)c1nn(C)cc1[N+](=O)[O-],decoy,local_zinc_pool,,,c1cn[nH]c1,1,CON(CCO)c1nn(C)cc1[N+](=O)[O-],matched_to_CHEMBL5811937,216.19699999999997,-0.31160000000000054,1,7,93.66,5,0,CHEMBL5811937,7.887303333333339,0.1625,,,,
ZINCf50000028GQR,CC[S@](=N)(=O)NC(=O)Cn1ncc(Br)n1,decoy,local_zinc_pool,,,c1cn[nH]n1,1,CC[S@](=N)(=O)NC(=O)Cn1ncc(Br)n1,matched_to_CHEMBL6030067,296.15,0.13846999999999976,2,6,100.73000000000002,4,0,CHEMBL6030067,8.239596666666671,0.16666666666666666,,,,
ZINCf5000002eg50,[N-]=[N+]=NCCCC(=O)NOC[C@@H](O)CO,decoy,local_zinc_pool,,,,1,[N-]=[N+]=NCCCC(=O)NOC[C@@H](O)CO,matched_to_CHEMBL6006846,218.213,-0.5221000000000002,3,5,127.55000000000003,8,0,CHEMBL6006846,8.673140000000005,0.12048192771084337,,,,
ZINCf500000180XO,Cn1ncc(S(=O)(=O)NCC(F)(F)Cl)n1,decoy,local_zinc_pool,,,c1cn[nH]n1,1,Cn1ncc(S(=O)(=O)NCC(F)(F)Cl)n1,matched_to_CHEMBL5854116,260.65299999999996,-0.0749999999999999,1,5,76.88,4,0,CHEMBL5854116,4.9129566666666715,0.18823529411764706,,,,
ZINCf50000008Nkg,CC(C)CS(=O)(=O)N[C@@H](C)CS(C)(=O)=O,decoy,local_zinc_pool,,,,1,CC(C)CS(=O)(=O)N[C@@H](C)CS(C)(=O)=O,matched_to_CHEMBL2177185,257.377,-0.005099999999999438,1,4,80.31,6,0,CHEMBL2177185,5.436733333333338,0.10843373493975904,,,,
ZINCf5000002dMsl,C[C@H](CNS(=O)(=O)N1CC(Cl)C1)C(=O)O,decoy,local_zinc_pool,,,C1CNC1,1,C[C@H](CNS(=O)(=O)N1CC(Cl)C1)C(=O)O,matched_to_CHEMBL4109769,256.71099999999996,-0.5354999999999999,2,3,86.71000000000001,5,0,CHEMBL4109769,5.628650000000007,0.1956521739130435,,,,
ZINCf50000029mls,C/C(I)=C/C(=O)N[C@H](C)CNC(=O)CO,decoy,local_zinc_pool,,,,1,C/C(I)=C/C(=O)N[C@H](C)CNC(=O)CO,matched_to_CHEMBL2313485,326.13400000000007,-0.06160000000000021,3,3,78.43,5,0,CHEMBL2313485,4.45380666666667,0.13793103448275862,,,,
ZINCf5000002dXOM,CN1CCN([S@](=O)C2CCC2)C[C@H]1CO,decoy,local_zinc_pool,,,O=S(C1CCC1)N1CCNCC1,1,CN1CCN([S@](=O)C2CCC2)C[C@H]1CO,matched_to_CHEMBL514709,232.34899999999993,-0.18910000000000043,1,3,43.78,3,0,CHEMBL514709,2.8978866666666683,0.14634146341463414,,,,
ZINCf50000008Rlp,CC1(CNS(=O)(=O)c2cncnc2)N=N1,decoy,local_zinc_pool,,,O=S(=O)(NCC1N=N1)c1cncnc1,1,CC1(CNS(=O)(=O)c2cncnc2)N=N1,matched_to_CHEMBL5808134,227.24900000000002,-0.06310000000000032,1,6,96.67,4,0,CHEMBL5808134,5.628830000000005,0.12048192771084337,,,,
ZINCf5000000ZtE0,COc1nscc1S(=O)(=O)NCCCN,decoy,local_zinc_pool,,,c1cnsc1,1,COc1nscc1S(=O)(=O)NCCCN,matched_to_CHEMBL5745234,251.33299999999994,-0.22119999999999995,2,6,94.30999999999999,6,0,CHEMBL5745234,7.184033333333338,0.1518987341772152,,,,
ZINCf5000001Gu23,COCCN(C)S(=O)(=O)NC1CC12CC2,decoy,local_zinc_pool,,,C1CC12CC2,1,COCCN(C)S(=O)(=O)NC1CC12CC2,matched_to_CHEMBL2347389,234.32099999999997,-0.048499999999999543,1,3,58.64,6,0,CHEMBL2347389,5.618913333333339,0.1125,,,,
ZINCf5000000ZxDt,NCCCC(=O)NCCn1cc(Br)nn1,decoy,local_zinc_pool,,,c1c[nH]nn1,1,NCCCC(=O)NCCn1cc(Br)nn1,matched_to_CHEMBL5775440,276.138,-0.10430000000000006,2,5,85.83,6,0,CHEMBL5775440,4.7870866666666725,0.13580246913580246,,,,
ZINCf50000009qYY,COC(=O)[C@@H](F)CNC(=O)c1csnn1,decoy,local_zinc_pool,,,c1csnn1,1,COC(=O)[C@@H](F)CNC(=O)c1csnn1,matched_to_CHEMBL5747471,233.22400000000002,-0.22100000000000025,1,6,81.17999999999999,4,0,CHEMBL5747471,5.671800000000005,0.2054794520547945,,,,
ZINCf50000008E6s,C=C(C)CNC(=O)[C@H]1[C@@H]2CS(=O)(=O)C[C@@H]21,decoy,local_zinc_pool,,,O=S1(=O)CC2CC2C1,1,C=C(C)CNC(=O)[C@H]1[C@@H]2CS(=O)(=O)C[C@@H]21,matched_to_CHEMBL3265101,229.30099999999993,-0.03069999999999995,1,3,63.24,3,0,CHEMBL3265101,4.7198733333333385,0.14893617021276595,,,,
ZINCf5000000atl4,O=C(O)CCNCCCNS(=O)(=O)CCl,decoy,local_zinc_pool,,,,1,O=C(O)CCNCCCNS(=O)(=O)CCl,matched_to_CHEMBL4068667,258.727,-0.4434999999999998,3,4,95.5,9,0,CHEMBL4068667,7.871550000000003,0.1276595744680851,,,,
ZINCf50000008L4G,CC(=O)[C@@H](C)SCc1nnc(O)nc1O,decoy,local_zinc_pool,,,c1cnncn1,1,CC(=O)[C@@H](C)SCc1nnc(O)nc1O,matched_to_CHEMBL5928219,229.26100000000002,0.4934999999999999,2,7,96.2,4,0,CHEMBL5928219,6.897133333333336,0.14814814814814814,,,,
ZINCf5000000adRK,N#CCONC(=O)C=CSc1nc[nH]n1,decoy,local_zinc_pool,,,c1nc[nH]n1,1,N#CCONC(=O)C=CSc1nc[nH]n1,matched_to_CHEMBL3220103,225.233,-0.018120000000000303,2,6,103.68999999999998,5,0,CHEMBL3220103,6.309656666666672,0.11827956989247312,,,,
ZINCf5000001pvAi,CC(C)NS(=O)(=O)CCNS(=O)(=O)CI,decoy,local_zinc_pool,,,,1,CC(C)NS(=O)(=O)CCNS(=O)(=O)CI,matched_to_CHEMBL6012158,370.2339999999999,-0.37389999999999946,2,4,92.34,7,0,CHEMBL6012158,7.340030000000006,0.1323529411764706,,,,
ZINCf5000000YaWV,CCS(=O)(=O)NCCC(=O)OCCOC,decoy,local_zinc_pool,,,,1,CCS(=O)(=O)NCCC(=O)OCCOC,matched_to_CHEMBL1688303,239.29299999999995,-0.49459999999999904,1,5,81.7,8,0,CHEMBL1688303,6.4374566666666695,0.14084507042253522,,,,
ZINCf500000095eA,CC[C@@H](NC(=O)CON)c1noc(C)n1,decoy,local_zinc_pool,,,c1ncon1,1,CC[C@@H](NC(=O)CON)c1noc(C)n1,matched_to_CHEMBL3217780,214.22499999999997,-0.16438000000000086,2,6,103.27,5,0,CHEMBL3217780,6.121856666666672,0.15584415584415584,,,,
ZINCf5000000a2St,C[C@H]1CNC[C@@H](C)N1C(=O)[C@@H]1CCNC1,decoy,local_zinc_pool,,,O=C(C1CCNC1)N1CCNCC1,1,C[C@@H]1CNC[C@H](C)N1C(=O)[C@@H]1CCNC1,matched_to_CHEMBL416288,211.30899999999997,-0.19529999999999886,2,3,44.370000000000005,1,0,CHEMBL416288,3.117123333333334,0.15492957746478872,,,,
ZINCf5000000S7uO,O=C(O)CN(CC(=O)O)Cc1csnn1,decoy,local_zinc_pool,,,c1csnn1,1,O=C(O)CN(CC(=O)O)Cc1csnn1,matched_to_CHEMBL6050672,231.233,-0.49070000000000014,2,6,103.62,6,0,CHEMBL6050672,7.856706666666671,0.12727272727272726,,,,
ZINCf5000002r3js,C=C[C@H](C)CCNC(=O)[C@H](N)CC(N)=O,decoy,local_zinc_pool,,,,1,C=C[C@H](C)CCNC(=O)[C@H](N)CC(N)=O,matched_to_CHEMBL3407579,213.28099999999998,-0.482499999999999,3,3,98.21000000000001,7,0,CHEMBL3407579,6.353440000000003,0.16326530612244897,,,,
ZINCf5000001NEHX,CSC(C)(C)CNS(=O)(=O)NCC(=O)O,decoy,local_zinc_pool,,,,1,CSC(C)(C)CNS(=O)(=O)NCC(=O)O,matched_to_CHEMBL5913446,256.349,-0.36339999999999956,3,4,95.50000000000001,7,0,CHEMBL5913446,6.334660000000002,0.1282051282051282,,,,
ZINCf5000002rGmA,CCN1OC[C@@H](SCCS(C)(=O)=O)C1=O,decoy,local_zinc_pool,,,O=C1CCON1,1,CCN1OC[C@@H](SCCS(C)(=O)=O)C1=O,matched_to_CHEMBL3653239,253.34499999999994,-0.07350000000000012,0,5,63.68,5,0,CHEMBL3653239,5.911220000000006,0.13253012048192772,,,,
ZINCf50000025GN0,C[C@H](N=[N+]=[N-])C(=O)NCCC(CO)CO,decoy,local_zinc_pool,,,,1,C[C@H](N=[N+]=[N-])C(=O)NCCC(CO)CO,matched_to_CHEMBL5989834,216.24099999999999,-0.2077000000000001,3,4,118.32000000000002,7,0,CHEMBL5989834,9.326626666666673,0.16666666666666666,,,,
ZINCf5000000asKS,O=C(N[C@H]1CCNC[C@@H]1F)c1cn[nH]c1,decoy,local_zinc_pool,,,O=C(NC1CCNCC1)c1cn[nH]c1,1,O=C(N[C@H]1CCNC[C@@H]1F)c1cn[nH]c1,matched_to_CHEMBL3693969,212.22800000000004,-0.1604999999999998,3,3,69.81,2,0,CHEMBL3693969,5.783243333333336,0.1348314606741573,,,,
ZINCf50000017BnH,CC[S@](=N)(=O)NC(=O)CCOCCOC,decoy,local_zinc_pool,,,,1,CC[S@](=N)(=O)NC(=O)CCOCCOC,matched_to_CHEMBL5879668,238.3089999999999,0.13737000000000021,2,5,88.48000000000002,8,0,CHEMBL5879668,8.973743333333342,0.1232876712328767,,,,
ZINCf50000017Pd0,CSCCS(=O)(=O)NCCCCC(N)=O,decoy,local_zinc_pool,,,,1,CSCCS(=O)(=O)NCCCCC(N)=O,matched_to_CHEMBL5883242,254.37699999999995,-0.07559999999999933,2,4,89.25999999999999,9,0,CHEMBL5883242,9.054803333333341,0.12244897959183673,,,,
ZINCf5000002scMB,CO[C@H](C(=O)O)C(=O)NC[C@@H](C)N=[N+]=[N-],decoy,local_zinc_pool,,,,1,CO[C@H](C(=O)O)C(=O)NC[C@@H](C)N=[N+]=[N-],matched_to_CHEMBL5921912,216.197,-0.09899999999999975,2,4,124.39,6,0,CHEMBL5921912,9.617680000000007,0.19718309859154928,,,,
ZINCf5000002dxwE,CC[C@H]1[C@@H](O)CCN1C(=O)C(F)(F)CO,decoy,local_zinc_pool,,,C1CCNC1,1,CC[C@H]1[C@@H](O)CCN1C(=O)C(F)(F)CO,matched_to_CHEMBL378100,223.21899999999997,-0.01419999999999988,2,3,60.769999999999996,3,0,CHEMBL378100,5.7696633333333365,0.16455696202531644,,,,
ZINCf50000017QiB,C[C@@H](CNCCCNS(N)(=O)=O)C1CC1,decoy,local_zinc_pool,,,C1CC1,1,C[C@@H](CNCCCNS(N)(=O)=O)C1CC1,matched_to_CHEMBL4102803,235.35299999999998,-0.19469999999999876,3,3,84.22,8,0,CHEMBL4102803,4.251380000000002,0.14814814814814814,,,,
ZINCf5000000af3d,N=C(O)OCCCNC(=O)c1cnns1,decoy,local_zinc_pool,,,c1csnn1,1,N=C(O)OCCCNC(=O)c1cnns1,matched_to_CHEMBL5869704,230.24900000000002,0.16736999999999985,3,6,108.19,5,0,CHEMBL5869704,9.557876666666674,0.1794871794871795,,,,
ZINCf5000002s8fr,COC[C@@H](O)CONC(=O)CCC1N=N1,decoy,local_zinc_pool,,,C1N=N1,1,COC[C@@H](O)CONC(=O)CCC1N=N1,matched_to_CHEMBL5978015,217.225,-0.38639999999999963,2,6,92.50999999999999,8,0,CHEMBL5978015,7.092463333333339,0.14285714285714285,,,,
ZINCf50000008PSw,CC(CO)(CO)NC(=O)CCCN=[N+]=[N-],decoy,local_zinc_pool,,,,1,CC(CO)(CO)NC(=O)CCCN=[N+]=[N-],matched_to_CHEMBL3819071,216.24099999999999,-0.06360000000000054,3,4,118.32000000000001,7,0,CHEMBL3819071,7.4091366666666705,0.12244897959183673,,,,
ZINCf500000096Tl,CC[C@H](C)CNS(=O)(=O)c1nnn(C)n1,decoy,local_zinc_pool,,,c1nn[nH]n1,1,CC[C@H](C)CNS(=O)(=O)c1nnn(C)n1,matched_to_CHEMBL3687241,233.297,-0.46549999999999936,1,6,89.77,5,0,CHEMBL3687241,6.129276666666669,0.13513513513513514,,,,
ZINCf5000000ae4O,N#CC[C@H](N)c1nc(-c2nc[nH]n2)no1,decoy,local_zinc_pool,,,c1nc(-c2ncon2)n[nH]1,1,N#CC[C@H](N)c1nc(-c2nc[nH]n2)no1,matched_to_CHEMBL6064615,205.181,-0.2318200000000003,2,7,130.3,3,0,CHEMBL6064615,8.981466666666671,0.13829787234042554,,,,
ZINCf50000017Pvr,C[C@@H](C#N)CS(=O)(=O)NCC[S@@](C)(=N)=O,decoy,local_zinc_pool,,,,1,C[C@@H](C#N)CS(=O)(=O)NCC[S@@](C)(=N)=O,matched_to_CHEMBL5849977,253.349,-0.25794999999999896,2,5,110.88,6,0,CHEMBL5849977,7.282360000000007,0.10810810810810811,,,,
ZINCf5000001WZot,COC(=O)N1CC(CNS(=O)(=O)CI)C1,decoy,local_zinc_pool,,,C1CNC1,1,COC(=O)N1CC(CNS(=O)(=O)CI)C1,matched_to_CHEMBL5876084,348.16200000000003,-0.003499999999999781,1,4,75.71000000000001,4,0,CHEMBL5876084,5.593886666666671,0.13513513513513514,,,,
ZINCf50000017LMW,COC[C@H](C)S(=O)(=O)NCC[S@@](C)(=N)=O,decoy,local_zinc_pool,,,,1,COC[C@H](C)S(=O)(=O)NCC[S@@](C)(=N)=O,matched_to_CHEMBL6024824,258.365,-0.38272999999999907,2,5,96.32,7,0,CHEMBL6024824,8.532276666666673,0.12790697674418605,,,,
ZINCf500000181yj,N#CSCCCNC(=O)[C@@H](O)CCCO,decoy,local_zinc_pool,,,,1,N#CSCCCNC(=O)[C@@H](O)CCCO,matched_to_CHEMBL5877121,232.30499999999998,-0.15962000000000037,3,5,93.35000000000001,8,0,CHEMBL5877121,5.059163333333337,0.13725490196078433,,,,
ZINCf50000017BhD,CC[S@@](=N)(=O)NC(=O)CCCCC(N)=O,decoy,local_zinc_pool,,,,1,CC[S@@](=N)(=O)NC(=O)CCCCC(N)=O,matched_to_CHEMBL5859878,235.3089999999999,0.12996999999999959,3,4,113.11000000000001,7,0,CHEMBL5859878,8.645066666666672,0.1590909090909091,,,,
ZINCf50000017EZq,CN1OC[C@H](NC(=O)NCC=CBr)C1=O,decoy,local_zinc_pool,,,O=C1CCON1,1,CN1OC[C@H](NC(=O)NCC=CBr)C1=O,matched_to_CHEMBL5267044,278.10600000000005,-0.033600000000000074,2,3,70.67,3,0,CHEMBL5267044,4.978686666666668,0.15789473684210525,,,,
ZINCf5000000Zru5,CC[C@@H](O)Cc1nc(CS(N)(=O)=O)no1,decoy,local_zinc_pool,,,c1ncon1,1,CC[C@@H](O)Cc1nc(CS(N)(=O)=O)no1,matched_to_CHEMBL5816136,235.265,-0.8284999999999998,2,6,119.31,5,0,CHEMBL5816136,8.309623333333338,0.1686746987951807,,,,
ZINCf5000000Ztuj,CO[C@H](C)C(=N)NOCc1n[nH]c(=N)o1,decoy,local_zinc_pool,,,N=c1[nH]nco1,1,CO[C@H](C)C(=N)NOCc1n[nH]c(=N)o1,matched_to_CHEMBL5988926,215.21300000000002,-0.48445999999999984,4,6,120.01,5,0,CHEMBL5988926,8.95959666666667,0.14102564102564102,,,,
ZINCf50000017Jcy,COC(=O)c1coc(CNS(C)(=O)=O)n1,decoy,local_zinc_pool,,,c1cocn1,1,COC(=O)c1coc(CNS(C)(=O)=O)n1,matched_to_CHEMBL6024197,234.233,-0.48960000000000004,1,6,98.49999999999999,4,0,CHEMBL6024197,6.116006666666672,0.14102564102564102,,,,
ZINCf5000002rwml,C[C@H](CN=[N+]=[N-])NC(=O)CC[C@@H](N)CN,decoy,local_zinc_pool,,,,1,C[C@H](CN=[N+]=[N-])NC(=O)CC[C@@H](N)CN,matched_to_CHEMBL5901726,214.27299999999997,-0.1323999999999984,3,4,129.9,7,0,CHEMBL5901726,8.346896666666671,0.14754098360655737,,,,
ZINCf50000008UOV,CCCS(=O)(=O)N[C@@H](C)C(=O)NCCF,decoy,local_zinc_pool,,,,1,CCCS(=O)(=O)N[C@@H](C)C(=O)NCCF,matched_to_CHEMBL4115504,240.29999999999995,-0.20999999999999996,2,3,75.27,7,0,CHEMBL4115504,5.73846333333334,0.16666666666666666,,,,
ZINCf5000002rGY7,CCN(CCC(N)=O)C[C@@H]1C[C@H]1C(=O)O,decoy,local_zinc_pool,,,C1CC1,1,CCN(CCC(N)=O)C[C@@H]1C[C@H]1C(=O)O,matched_to_CHEMBL199341,214.265,-0.09559999999999974,2,3,83.63,7,0,CHEMBL199341,2.9572399999999996,0.14,,,,
ZINCf50000024N07,CC(C)(CNS(N)(=O)=O)NC(=O)C=CI,decoy,local_zinc_pool,,,,1,CC(C)(CNS(N)(=O)=O)NC(=O)C=CI,matched_to_CHEMBL4114636,347.178,-0.37699999999999956,3,3,101.28999999999999,5,0,CHEMBL4114636,5.276210000000006,0.14102564102564102,,,,
ZINCf50000008M1J,CC(C)(Cn1cc(CON)nn1)[N+](=O)[O-],decoy,local_zinc_pool,,,c1c[nH]nn1,1,CC(C)(Cn1cc(CON)nn1)[N+](=O)[O-],matched_to_CHEMBL5811937,215.21299999999997,-0.2763000000000001,1,7,109.10000000000002,5,0,CHEMBL5811937,7.256010000000003,0.13636363636363635,,,,
ZINCf5000002eg5W,[N-]=[N+]=NCCNCC(=O)NOC1COC1,decoy,local_zinc_pool,,,C1COC1,1,[N-]=[N+]=NCCNCC(=O)NOC1COC1,matched_to_CHEMBL6030067,215.21299999999997,-0.6670999999999996,2,5,108.35000000000002,7,0,CHEMBL6030067,8.281213333333337,0.13636363636363635,,,,
ZINCf500000185bu,NOCCNC(=O)C[C@@H](N)c1nccs1,decoy,local_zinc_pool,,,c1cscn1,1,NOCCNC(=O)C[C@@H](N)c1nccs1,matched_to_CHEMBL6006846,230.293,-0.4604999999999997,3,6,103.25999999999999,6,0,CHEMBL6006846,8.98287333333334,0.2077922077922078,,,,
ZINCf50000009r3c,COC(=O)[C@@H](NS(=O)(=O)CBr)C1COC1,decoy,local_zinc_pool,,,C1COC1,1,COC(=O)[C@@H](NS(=O)(=O)CBr)C1COC1,matched_to_CHEMBL5854116,302.1460000000001,-0.5538000000000001,1,5,81.7,5,0,CHEMBL5854116,5.18842666666667,0.15476190476190477,,,,
ZINCf50000027RNd,COCCNC(=O)CN(C)S(=O)(=O)CI,decoy,local_zinc_pool,,,,1,COCCNC(=O)CN(C)S(=O)(=O)CI,matched_to_CHEMBL2177185,350.178,-0.5968999999999993,1,4,75.71000000000001,7,0,CHEMBL2177185,5.219256666666672,0.12987012987012986,,,,
ZINCf50000009K4S,C[C@@H](CNC(=O)CO)N(C)C(=O)C=CI,decoy,local_zinc_pool,,,,1,C[C@@H](CNC(=O)CO)N(C)C(=O)C=CI,matched_to_CHEMBL4109769,326.134,-0.10949999999999993,2,3,69.64,5,0,CHEMBL4109769,5.333220000000005,0.12162162162162163,,,,
ZINCf50000008HOI,C=C[C@@](C)(O)C(=O)NO[C@@H](CO)C(C)C,decoy,local_zinc_pool,,,,1,C=C[C@@](C)(O)C(=O)NO[C@@H](CO)C(C)C,matched_to_CHEMBL2313485,217.265,-0.011900000000000688,3,4,78.79,6,0,CHEMBL2313485,4.494963333333337,0.14,,,,
ZINCf5000002roBj,C[C@H]1CCN(CC(=O)N(C)C)C[C@H]1CN,decoy,local_zinc_pool,,,C1CCNCC1,1,C[C@H]1CCN(CC(=O)N(C)C)C[C@H]1CN,matched_to_CHEMBL514709,213.32499999999996,-0.008699999999998487,1,3,49.57000000000001,3,0,CHEMBL514709,2.8970600000000006,0.16666666666666666,,,,
ZINCf5000002aQ6f,Cn1ncc(I)c1CC(=O)OCC(N)=O,decoy,local_zinc_pool,,,c1cn[nH]c1,1,Cn1ncc(I)c1CC(=O)OCC(N)=O,matched_to_CHEMBL5808134,323.0900000000001,-0.40430000000000005,1,5,87.21000000000001,4,0,CHEMBL5808134,5.77628666666667,0.14606741573033707,,,,
ZINCf50000009GM5,CSCC[C@@H](CO)NCc1nnn(C)n1,decoy,local_zinc_pool,,,c1nn[nH]n1,1,CSCC[C@@H](CO)NCc1nnn(C)n1,matched_to_CHEMBL5745234,231.325,-0.5863,2,7,75.86,7,0,CHEMBL5745234,7.365513333333338,0.12903225806451613,,,,
ZINCf5000000VYSf,C#CCN(CC(=O)O)C(=O)COC(F)F,decoy,local_zinc_pool,,,,1,C#CCN(CC(=O)O)C(=O)COC(F)F,matched_to_CHEMBL2347389,221.15899999999993,-0.22799999999999976,1,3,66.84,6,0,CHEMBL2347389,5.542200000000005,0.14285714285714285,,,,
ZINCf50000009E48,CO[C@H](C)[C@@H](N)c1cn(CCCN)nn1,decoy,local_zinc_pool,,,c1c[nH]nn1,1,CO[C@H](C)[C@@H](N)c1cn(CCCN)nn1,matched_to_CHEMBL5775440,213.28499999999997,-0.33839999999999887,2,6,91.98,6,0,CHEMBL5775440,4.8256833333333375,0.125,,,,
ZINCf50000027CLp,Cc1cc(C(=O)OCC#N)nn1CCO,decoy,local_zinc_pool,,,c1cn[nH]c1,1,Cc1cc(C(=O)OCC#N)nn1CCO,matched_to_CHEMBL5747471,209.20499999999998,-0.1358000000000001,1,6,88.14,4,0,CHEMBL5747471,5.576790000000005,0.1566265060240964,,,,
ZINCf50000009d8s,CN(C)S(=O)(=O)N1CCCC[C@@H](CO)C1,decoy,local_zinc_pool,,,C1CCCNCC1,1,CN(C)S(=O)(=O)N1CCCC[C@@H](CO)C1,matched_to_CHEMBL3265101,236.33699999999993,-0.11279999999999996,1,3,60.85000000000001,3,0,CHEMBL3265101,4.710246666666671,0.1375,,,,
ZINCf50000009Ebz,CO[C@H](CCO)CNC(=O)CSCCN,decoy,local_zinc_pool,,,,1,CO[C@H](CCO)CNC(=O)CSCCN,matched_to_CHEMBL4068667,236.33699999999996,-0.8080999999999983,3,5,84.58,9,0,CHEMBL4068667,8.275316666666669,0.15384615384615385,,,,
ZINCf50000009duI,CN(C)c1noc(CSC[C@@H](O)CO)n1,decoy,local_zinc_pool,,,c1ncon1,1,CN(C)c1noc(CSC[C@@H](O)CO)n1,matched_to_CHEMBL5928219,233.29299999999998,-0.27800000000000014,2,7,82.62,6,0,CHEMBL5928219,6.9143466666666695,0.15555555555555556,,,,
ZINCf5000002aSJ3,COC(=O)[C@H](N)CNc1ncc(I)cn1,decoy,local_zinc_pool,,,c1cncnc1,1,COC(=O)[C@H](N)CNc1ncc(I)cn1,matched_to_CHEMBL3220103,322.10600000000005,-0.006600000000000328,2,6,90.13,4,0,CHEMBL3220103,6.375646666666671,0.2,,,,
ZINCf5000002aSjQ,COCC[S@@](=O)NCc1nnc(CO)s1,decoy,local_zinc_pool,,,c1nncs1,1,COCC[S@@](=O)NCc1nnc(CO)s1,matched_to_CHEMBL6012158,251.333,-0.5699000000000003,2,6,84.34,7,0,CHEMBL6012158,7.979706666666672,0.1125,,,,
ZINCf5000000WADx,COCC(COC)NS(=O)(=O)[C@@H](C)C#N,decoy,local_zinc_pool,,,,1,COCC(COC)NS(=O)(=O)[C@@H](C)C#N,matched_to_CHEMBL1688303,236.293,-0.5207199999999987,1,5,88.41999999999999,7,0,CHEMBL1688303,6.716070000000004,0.14492753623188406,,,,
ZINCf5000001BK1A,C[C@H](O)CS(=O)(=O)/C=C(\\O)N=S(C)(C)=O,decoy,local_zinc_pool,,,,1,C[C@H](O)CS(=O)(=O)/C=C(\O)N=S(C)(C)=O,matched_to_CHEMBL3217780,257.333,-0.1334999999999995,2,6,104.03,4,0,CHEMBL3217780,6.139790000000004,0.13043478260869565,,,,
ZINCf5000001vEAg,CC1(C)CCNC1C(=O)N1CCNCC1,decoy,local_zinc_pool,,,O=C(C1CCCN1)N1CCNCC1,1,CC1(C)CCNC1C(=O)N1CCNCC1,matched_to_CHEMBL416288,211.30899999999994,-0.19369999999999887,2,3,44.370000000000005,1,0,CHEMBL416288,3.116056666666668,0.11842105263157894,,,,
ZINCf5000001pvyn,C=CC(NS(=O)(=O)CCCC#N)C(=O)O,decoy,local_zinc_pool,,,,1,C=CC(NS(=O)(=O)CCCC#N)C(=O)O,matched_to_CHEMBL6050672,232.26099999999994,-0.15121999999999997,2,4,107.26,7,0,CHEMBL6050672,7.974506666666671,0.19148936170212766,,,,
ZINCf50000017VUq,C[C@H](F)CS(=O)(=O)NCCCOC(=N)O,decoy,local_zinc_pool,,,,1,C[C@H](F)CS(=O)(=O)NCCCOC(=N)O,matched_to_CHEMBL3407579,242.27199999999996,0.1632699999999998,3,4,99.48,7,0,CHEMBL3407579,6.08221666666667,0.17333333333333334,,,,
ZINCf5000000adwF,N#CCCCNC(=O)[C@@H](N)CCCCN,decoy,local_zinc_pool,,,,1,N#CCCCNC(=O)[C@@H](N)CCCCN,matched_to_CHEMBL5913446,212.2969999999999,-0.1373199999999991,3,4,104.92999999999999,8,0,CHEMBL5913446,6.296060000000004,0.16666666666666666,,,,
ZINCf50000009eWj,CN(CCN1CCOCC1)S(=O)(=O)CBr,decoy,local_zinc_pool,,,C1COCCN1,1,CN(CCN1CCOCC1)S(=O)(=O)CBr,matched_to_CHEMBL3653239,301.20599999999996,-0.06740000000000013,0,4,49.85,5,0,CHEMBL3653239,6.481743333333339,0.13924050632911392,,,,
ZINCf500000181p5,N#CCCCC[C@H](N)C(=O)NCCON,decoy,local_zinc_pool,,,,1,N#CCCCC[C@H](N)C(=O)NCCON,matched_to_CHEMBL5989834,214.26899999999998,-0.595819999999998,3,5,114.16,8,0,CHEMBL5989834,8.77149333333334,0.16326530612244897,,,,
ZINCf5000002rjYx,CCC(=O)NNC(=O)[C@@H]1CNCC1(C)C,decoy,local_zinc_pool,,,C1CCNC1,1,CCC(=O)NNC(=O)[C@@H]1CNCC1(C)C,matched_to_CHEMBL3693969,213.28099999999995,-0.21059999999999923,3,3,70.23,2,0,CHEMBL3693969,5.789313333333336,0.13924050632911392,,,,
ZINCf50000023t3V,CP(C)(=O)CNCCS(=O)(=O)CCCO,decoy,local_zinc_pool,,,,1,CP(C)(=O)CNCCS(=O)(=O)CCCO,matched_to_CHEMBL5879668,257.2919999999999,-0.04660000000000036,2,5,83.47,8,0,CHEMBL5879668,9.10696000000001,0.10416666666666667,,,,
ZINCf5000002oGW4,NCCCOCc1cn(CCCN)nn1,decoy,local_zinc_pool,,,c1c[nH]nn1,1,NCCCOCc1cn(CCCN)nn1,matched_to_CHEMBL5883242,213.28499999999997,-0.5076999999999992,2,6,91.98,8,0,CHEMBL5883242,9.144990000000007,0.10256410256410256,,,,
ZINCf5000000a959,Cc1nnc(SCCc2nn[nH]n2)n1N,decoy,local_zinc_pool,,,c1nnc(SCCc2nn[nH]n2)[nH]1,1,Cc1nnc(SCCc2nn[nH]n2)n1N,matched_to_CHEMBL5921912,226.26900000000003,-0.85178,2,8,111.18999999999998,4,0,CHEMBL5921912,9.54681333333334,0.09876543209876543,,,,
ZINCf50000024U4c,O=S(=O)(CI)N1CC[C@H](O)[C@H](CO)CC1,decoy,local_zinc_pool,,,C1CCCNCC1,1,O=S(=O)(CI)N1CC[C@@H](CO)[C@@H](O)CC1,matched_to_CHEMBL378100,349.1900000000001,-0.2261000000000002,2,4,77.84,3,0,CHEMBL378100,5.780420000000001,0.11842105263157894,,,,
ZINCf50000017xTX,CCNS(=O)(=O)NCCCc1cnc[nH]1,decoy,local_zinc_pool,,,c1c[nH]cn1,1,CCNS(=O)(=O)NCCCc1cnc[nH]1,matched_to_CHEMBL4102803,232.309,-0.2137999999999995,3,3,86.88,7,0,CHEMBL4102803,4.7081533333333345,0.11627906976744186,,,,
ZINCf50000009Hy6,CS[C@H](CO)[C@@H](C)NC(=O)CCCON,decoy,local_zinc_pool,,,,1,CS[C@H](CO)[C@@H](C)NC(=O)CCCON,matched_to_CHEMBL5869704,236.33699999999993,-0.11449999999999927,3,5,84.58,8,0,CHEMBL5869704,9.62931000000001,0.17105263157894737,,,,
ZINCf50000009FEX,CS(=O)(=O)CCCNC(=O)CSCCN,decoy,local_zinc_pool,,,,1,CS(=O)(=O)CCCNC(=O)CSCCN,matched_to_CHEMBL5978015,254.37699999999998,-0.7707999999999982,2,5,89.26,8,0,CHEMBL5978015,7.607210000000004,0.11764705882352941,,,,
ZINCf50000009xOi,COC[C@@H](O)CN[C@@H](CCSC)C(N)=O,decoy,local_zinc_pool,,,,1,COC[C@@H](O)CN[C@@H](CCSC)C(N)=O,matched_to_CHEMBL3819071,236.33699999999996,-0.8096999999999983,3,5,84.58000000000001,9,0,CHEMBL3819071,7.478376666666669,0.1346153846153846,,,,
ZINCf5000000959R,CC[C@@H](N)c1cn(CCS(C)(=O)=O)nn1,decoy,local_zinc_pool,,,c1c[nH]nn1,1,CC[C@@H](N)c1cn(CCS(C)(=O)=O)nn1,matched_to_CHEMBL3687241,232.309,-0.26749999999999985,1,6,90.87,5,0,CHEMBL3687241,5.96315666666667,0.11688311688311688,,,,
ZINCf50000009K4b,C[C@@H](CNC(=O)CCN=[N+]=[N-])S(N)(=O)=O,decoy,local_zinc_pool,,,,1,C[C@@H](CNC(=O)CCN=[N+]=[N-])S(N)(=O)=O,matched_to_CHEMBL6064615,235.269,-0.5199999999999994,2,4,138.01999999999998,6,0,CHEMBL6064615,9.018306666666671,0.11538461538461539,,,,
ZINCf5000002aLWo,C=CCSCC(=O)NCc1nnc(O)o1,decoy,local_zinc_pool,,,c1nnco1,1,C=CCSCC(=O)NCc1nnc(O)o1,matched_to_CHEMBL5849977,229.26099999999997,0.3105999999999998,2,6,88.25,6,0,CHEMBL5849977,7.549406666666674,0.12698412698412698,,,,
ZINCf5000002aQSw,CN(CC#N)S(=O)(=O)NCc1ccns1,decoy,local_zinc_pool,,,c1cnsc1,1,CN(CC#N)S(=O)(=O)NCc1ccns1,matched_to_CHEMBL5876084,246.317,-0.06712000000000029,1,5,86.09,5,0,CHEMBL5876084,5.239550000000005,0.11494252873563218,,,,
ZINCf5000000ady2,N#CCCCS(=O)(=O)NC(=O)CCCN,decoy,local_zinc_pool,,,,1,N#CCCCS(=O)(=O)NC(=O)CCCN,matched_to_CHEMBL6024824,233.29299999999995,-0.5249199999999987,2,5,113.05,7,0,CHEMBL6024824,8.208590000000006,0.12244897959183673,,,,
ZINCf5000002aKDa,CC[C@H](N)CSCC(=O)Nc1nn[nH]n1,decoy,local_zinc_pool,,,c1nn[nH]n1,1,CC[C@H](N)CSCC(=O)Nc1nn[nH]n1,matched_to_CHEMBL5877121,230.29700000000005,-0.3912999999999999,3,6,109.58,6,0,CHEMBL5877121,5.084496666666669,0.15584415584415584,,,,
ZINCf5000000aqQc,O=C(NCCOCCS)c1nsnc1O,decoy,local_zinc_pool,,,c1cnsn1,1,O=C(NCCOCCS)c1nsnc1O,matched_to_CHEMBL5859878,249.31700000000004,-0.08009999999999995,3,7,84.34,6,0,CHEMBL5859878,8.795833333333338,0.14102564102564102,,,,
ZINCf5000002qPRA,CC(C)[C@@H](Br)C(=O)N[C@@H]1CC(=O)NC1=O,decoy,local_zinc_pool,,,O=C1CCC(=O)N1,1,CC(C)[C@@H](Br)C(=O)N[C@@H]1CC(=O)NC1=O,matched_to_CHEMBL5267044,277.11800000000005,-0.06280000000000013,2,3,75.27000000000001,3,0,CHEMBL5267044,5.192033333333335,0.1506849315068493,,,,
ZINCf5000002rwuD,C[C@H](C#N)ONC(=O)[C@H](N)CC1(C)N=N1,decoy,local_zinc_pool,,,C1N=N1,1,C[C@H](C#N)ONC(=O)[C@H](N)CC1(C)N=N1,matched_to_CHEMBL5816136,211.22499999999997,-0.1543199999999998,2,6,112.86,5,0,CHEMBL5816136,8.330570000000003,0.14666666666666667,,,,
ZINCf5000000ZwYF,N#CSCCCNC(=O)c1n[nH]c(=N)[nH]1,decoy,local_zinc_pool,,,N=c1[nH]cn[nH]1,1,N#CSCCCNC(=O)c1n[nH]c(=N)[nH]1,matched_to_CHEMBL5988926,226.26500000000004,-0.4485500000000004,4,5,121.20999999999998,5,0,CHEMBL5988926,9.27713666666667,0.10843373493975904,,,,
ZINCf5000000Zz22,OCCc1nnnn1Cc1nnc(Br)s1,decoy,local_zinc_pool,,,c1nnc(Cn2cnnn2)s1,1,OCCc1nnnn1Cc1nnc(Br)s1,matched_to_CHEMBL6024197,291.134,-0.12980000000000014,1,8,89.61,4,0,CHEMBL6024197,5.662730000000005,0.09195402298850575,,,,
ZINCf5000000ahsC,NC(=O)c1nnc(NC(=O)CCCO)s1,decoy,local_zinc_pool,,,c1nncs1,1,NC(=O)c1nnc(NC(=O)CCCO)s1,matched_to_CHEMBL5901726,230.24899999999997,-0.652000000000001,3,6,118.2,5,0,CHEMBL5901726,9.001536666666674,0.11666666666666667,,,,
ZINCf5000002rGn9,CCN(C1CC1)S(=O)(=O)NC[C@H](F)CN,decoy,local_zinc_pool,,,C1CC1,1,CCN(C1CC1)S(=O)(=O)NC[C@H](F)CN,matched_to_CHEMBL4115504,239.31599999999997,-0.3980999999999985,2,3,75.43,7,0,CHEMBL4115504,5.867303333333338,0.14457831325301204,,,,
ZINCf5000001OZGu,CC(NS(=O)(=O)CCOCCO)C1CC1,decoy,local_zinc_pool,,,C1CC1,1,CC(NS(=O)(=O)CCOCCO)C1CC1,matched_to_CHEMBL199341,237.32099999999994,-0.2867999999999997,2,4,75.63000000000001,8,0,CHEMBL199341,2.9952666666666667,0.19230769230769232,,,,
ZINCf5000002rZ07,CN[C@@H](C)C(=O)NCCc1nc(Br)n[nH]1,decoy,local_zinc_pool,,,c1nc[nH]n1,1,CN[C@@H](C)C(=O)NCCc1nc(Br)n[nH]1,matched_to_CHEMBL4114636,276.138,-0.1662000000000003,3,4,82.69999999999999,5,0,CHEMBL4114636,5.832076666666673,0.14942528735632185,,,,
ZINCf5000000ZtoQ,CO[C@@H](C)Cc1nc(CS(N)(=O)=O)no1,decoy,local_zinc_pool,,,c1ncon1,1,CO[C@@H](C)Cc1nc(CS(N)(=O)=O)no1,matched_to_CHEMBL5811937,235.265,-0.5644999999999991,1,6,108.31,5,0,CHEMBL5811937,7.779223333333337,0.1590909090909091,,,,
ZINCf50000024pNc,NC(=NOCc1ccns1)c1nn[nH]n1,decoy,local_zinc_pool,,,C(=NOCc1ccns1)c1nn[nH]n1,1,NC(=NOCc1ccns1)c1nn[nH]n1,matched_to_CHEMBL6030067,225.23700000000002,-0.5067000000000006,2,7,114.96,4,0,CHEMBL6030067,8.309640000000005,0.11904761904761904,,,,
ZINCf5000002qSav,CCC[C@@H](CO)NC(=O)[C@@H](N)CN=[N+]=[N-],decoy,local_zinc_pool,,,,1,CCC[C@@H](CO)NC(=O)[C@@H](N)CN=[N+]=[N-],matched_to_CHEMBL6006846,215.257,-0.09879999999999994,3,4,124.11,7,0,CHEMBL6006846,8.558100000000005,0.17647058823529413,,,,
ZINCf50000009f8z,CN(CCO)S(=O)(=O)c1ccc(Cl)nn1,decoy,local_zinc_pool,,,c1ccnnc1,1,CN(CCO)S(=O)(=O)c1ccc(Cl)nn1,matched_to_CHEMBL5854116,251.695,-0.25720000000000054,1,5,83.39,4,0,CHEMBL5854116,5.0628033333333375,0.15789473684210525,,,,
ZINCf50000009FG3,CS(=O)(=O)CCCS(=O)(=O)NC1CCC1,decoy,local_zinc_pool,,,C1CCC1,1,CS(=O)(=O)CCCS(=O)(=O)NC1CCC1,matched_to_CHEMBL2177185,255.361,-0.10699999999999976,1,4,80.31,6,0,CHEMBL2177185,5.524826666666671,0.14925373134328357,,,,
ZINCf5000002mwA0,CC[C@@H](NS(=O)(=O)[C@@]1(C)C[C@@H]1C)C(N)=O,decoy,local_zinc_pool,,,C1CC1,1,CC[C@@H](NS(=O)(=O)[C@@]1(C)C[C@@H]1C)C(N)=O,matched_to_CHEMBL4109769,234.32099999999997,-0.03179999999999927,2,3,89.25999999999999,5,0,CHEMBL4109769,5.618750000000006,0.16883116883116883,,,,
ZINCf5000000S6rr,C[C@@H]1C[C@H](NC[C@H](O)CCC(=O)O)CO1,decoy,local_zinc_pool,,,C1CCOC1,1,C[C@@H]1C[C@H](NC[C@H](O)CCC(=O)O)CO1,matched_to_CHEMBL2313485,217.26499999999993,-0.020900000000000418,3,4,78.79,6,0,CHEMBL2313485,4.500963333333337,0.17857142857142858,,,,
ZINCf5000001BSFm,CN1C[C@@H](O)[C@H](N(C)C(=O)[C@@H]2C[C@@H]2Br)C1,decoy,local_zinc_pool,,,O=C(NC1CCNC1)C1CC1,1,CN1C[C@@H](O)[C@H](N(C)C(=O)[C@@H]2C[C@@H]2Br)C1,matched_to_CHEMBL514709,277.16200000000003,-0.09689999999999976,1,3,43.78,2,0,CHEMBL514709,2.8882900000000005,0.12987012987012986,,,,
ZINCf50000008LMV,CC(C)(CN)c1nc(CS(C)(=O)=O)no1,decoy,local_zinc_pool,,,c1ncon1,1,CC(C)(CN)c1nc(CS(C)(=O)=O)no1,matched_to_CHEMBL5808134,233.29299999999998,-0.14949999999999974,1,6,99.08,4,0,CHEMBL5808134,5.529590000000004,0.10989010989010989,,,,
ZINCf50000009Ha4,CSC[C@H](NCc1nnn(C)n1)C(=O)O,decoy,local_zinc_pool,,,c1nn[nH]n1,1,CSC[C@H](NCc1nnn(C)n1)C(=O)O,matched_to_CHEMBL5745234,231.281,-0.8840999999999994,2,7,92.93,6,0,CHEMBL5745234,7.38168666666667,0.1896551724137931,,,,
ZINCf50000009eeN,CN(CC1CC1)C(=O)[C@@H](N)CC[S@@](C)=O,decoy,local_zinc_pool,,,C1CC1,1,CN(CC1CC1)C(=O)[C@@H](N)CC[S@@](C)=O,matched_to_CHEMBL2347389,232.34899999999996,-0.0492999999999999,1,3,63.4,6,0,CHEMBL2347389,5.448766666666672,0.1686746987951807,,,,
ZINCf50000009GLi,CSCCS(=O)(=O)NC(=O)[C@H](N)C(C)C,decoy,local_zinc_pool,,,,1,CSCCS(=O)(=O)NC(=O)[C@H](N)C(C)C,matched_to_CHEMBL5775440,254.377,-0.22129999999999894,2,5,89.26,6,0,CHEMBL5775440,4.945496666666671,0.14583333333333334,,,,
ZINCf50000009HCg,CSc1nccnc1C(=O)NS(C)(=O)=O,decoy,local_zinc_pool,,,c1cnccn1,1,CSc1nccnc1C(=O)NS(C)(=O)=O,matched_to_CHEMBL5747471,247.301,-0.11210000000000003,1,6,89.02000000000001,3,0,CHEMBL5747471,5.644830000000004,0.14864864864864866,,,,
ZINCf50000009nt2,CNS(=O)(=O)CC(=O)N1C[C@H]2[C@H](Br)[C@H]2C1,decoy,local_zinc_pool,,,C1NCC2CC12,1,CNS(=O)(=O)CC(=O)N1C[C@@H]2[C@@H](Br)[C@@H]2C1,matched_to_CHEMBL3265101,297.17400000000004,-0.6126999999999998,1,3,66.48,3,0,CHEMBL3265101,4.558743333333337,0.1232876712328767,,,,
ZINCf50000017zuz,CC[C@@H](CO)NCCS(=O)(=O)CCCO,decoy,local_zinc_pool,,,,1,CC[C@@H](CO)NCCS(=O)(=O)CCCO,matched_to_CHEMBL4068667,239.33699999999996,-0.8558999999999992,3,5,86.63000000000001,9,0,CHEMBL4068667,8.195183333333334,0.14893617021276595,,,,
ZINCf50000009H08,CSC[C@@H](CCO)NCc1nnn(C)n1,decoy,local_zinc_pool,,,c1nn[nH]n1,1,CSC[C@@H](CCO)NCc1nnn(C)n1,matched_to_CHEMBL5928219,231.325,-0.5863,2,7,75.86,7,0,CHEMBL5928219,6.9099600000000025,0.11688311688311688,,,,
ZINCf5000002oC09,C[C@@H](N=[N+]=[N-])C(=O)NNc1cnnn1C,decoy,local_zinc_pool,,,c1c[nH]nn1,1,C[C@@H](N=[N+]=[N-])C(=O)NNc1cnnn1C,matched_to_CHEMBL3220103,210.20100000000002,-0.04300000000000037,2,6,120.60000000000002,4,0,CHEMBL3220103,6.3001633333333364,0.15384615384615385,,,,
ZINCf50000025u3r,COC(=O)[C@H](CO)Sc1nncc(O)n1,decoy,local_zinc_pool,,,c1cnncn1,1,COC(=O)[C@H](CO)Sc1nncc(O)n1,matched_to_CHEMBL6012158,231.233,-0.7968000000000004,2,8,105.43,4,0,CHEMBL6012158,7.988373333333339,0.17333333333333334,,,,
ZINCf50000009w1n,COCCSCC(=O)NCCS(C)(=O)=O,decoy,local_zinc_pool,,,,1,COCCSCC(=O)NCCS(C)(=O)=O,matched_to_CHEMBL1688303,255.361,-0.4731999999999992,1,5,72.47,8,0,CHEMBL1688303,6.631710000000003,0.12987012987012986,,,,
ZINCf5000002mBws,CN(CSc1n[nH]c(CO)n1)S(C)(=O)=O,decoy,local_zinc_pool,,,c1nc[nH]n1,1,CN(CSc1n[nH]c(CO)n1)S(C)(=O)=O,matched_to_CHEMBL3217780,252.321,-0.762,2,6,99.18,5,0,CHEMBL3217780,6.302910000000004,0.11827956989247312,,,,
ZINCf50000008Q3e,CC1(C(=O)N2CCNCC2)CCNCC1,decoy,local_zinc_pool,,,O=C(C1CCNCC1)N1CCNCC1,1,CC1(C(=O)N2CCNCC2)CCNCC1,matched_to_CHEMBL416288,211.30899999999997,-0.19209999999999905,2,3,44.370000000000005,1,0,CHEMBL416288,3.114990000000001,0.12162162162162163,,,,
ZINCf5000000VlUp,COC[C@H](C)NCc1noc(C(=O)O)n1,decoy,local_zinc_pool,,,c1ncon1,1,COC[C@H](C)NCc1noc(C(=O)O)n1,matched_to_CHEMBL6050672,215.209,-0.10770000000000018,2,6,97.48,6,0,CHEMBL6050672,8.007213333333338,0.18518518518518517,,,,
ZINCf5000002dpJh,CCCC[C@@H](C)NC(=O)[C@H](O)CC(N)=O,decoy,local_zinc_pool,,,,1,CCCC[C@@H](C)NC(=O)[C@H](O)CC(N)=O,matched_to_CHEMBL3407579,216.28099999999998,-0.08239999999999947,3,3,92.41999999999999,7,0,CHEMBL3407579,6.28830666666667,0.25,,,,
ZINCf50000009GBn,CSCCCCNC(=O)[C@H](N)CC(N)=O,decoy,local_zinc_pool,,,,1,CSCCCCNC(=O)[C@H](N)CC(N)=O,matched_to_CHEMBL5913446,233.337,-0.551499999999999,3,4,98.21000000000001,8,0,CHEMBL5913446,6.092980000000003,0.14285714285714285,,,,
ZINCf50000017tF2,CC1(C(=O)COC(=O)CS(C)(=O)=O)CC1,decoy,local_zinc_pool,,,C1CC1,1,CC1(C(=O)COC(=O)CS(C)(=O)=O)CC1,matched_to_CHEMBL3653239,234.27299999999997,-0.056599999999999984,0,5,77.51,5,0,CHEMBL3653239,6.324673333333339,0.11392405063291139,,,,
ZINCf500000263Mr,C[C@@H](CN=[N+]=[N-])NC(=O)[C@@H](O)CCCO,decoy,local_zinc_pool,,,,1,C[C@@H](CN=[N+]=[N-])NC(=O)[C@@H](O)CCCO,matched_to_CHEMBL5989834,216.24099999999999,-0.06519999999999998,3,4,118.32000000000002,7,0,CHEMBL5989834,9.231626666666672,0.1568627450980392,,,,
ZINCf5000002rjXb,CCC(=O)NNC(=O)[C@H]1CCCCNC1,decoy,local_zinc_pool,,,C1CCCNCC1,1,CCC(=O)NNC(=O)[C@H]1CCCCNC1,matched_to_CHEMBL3693969,213.28099999999992,-0.06649999999999928,3,3,70.23,2,0,CHEMBL3693969,5.693246666666671,0.1506849315068493,,,,
ZINCf50000029civ,[N-]=[N+]=NCCC(=O)NOCCOCCO,decoy,local_zinc_pool,,,,1,[N-]=[N+]=NCCC(=O)NOCCOCCO,matched_to_CHEMBL5879668,218.21299999999994,-0.2564999999999999,2,5,116.55000000000003,9,0,CHEMBL5879668,8.81448333333334,0.10126582278481013,,,,
ZINCf50000009sr4,COC(CS(=O)(=O)NCCCCO)OC,decoy,local_zinc_pool,,,,1,COC(CS(=O)(=O)NCCCCO)OC,matched_to_CHEMBL5883242,241.30899999999994,-0.7027999999999992,2,5,84.86000000000001,9,0,CHEMBL5883242,9.279616666666673,0.1276595744680851,,,,
ZINCf5000000WClS,O=[N+]([O-])c1cnc(NCS(=O)(=O)O)nc1,decoy,local_zinc_pool,,,c1cncnc1,1,O=[N+]([O-])c1cnc(NCS(=O)(=O)O)nc1,matched_to_CHEMBL5921912,234.193,-0.3580000000000004,2,7,135.32,4,0,CHEMBL5921912,9.305986666666675,0.16,,,,
ZINCf50000017RrL,C[C@@H](O)CC(=O)N1CCC(F)(F)[C@@H]1CO,decoy,local_zinc_pool,,,C1CCNC1,1,C[C@@H](O)CC(=O)N1CCC(F)(F)[C@@H]1CO,matched_to_CHEMBL378100,223.21899999999997,-0.014200000000000379,2,3,60.769999999999996,3,0,CHEMBL378100,5.769663333333338,0.15,,,,
ZINCf5000002rhkn,CCCNS(=O)(=O)N[C@@H](CO)CC1CC1,decoy,local_zinc_pool,,,C1CC1,1,CCCNS(=O)(=O)N[C@@H](CO)CC1CC1,matched_to_CHEMBL4102803,236.33699999999996,-0.018599999999999506,3,3,78.43,8,0,CHEMBL4102803,4.355740000000003,0.1590909090909091,,,,
ZINCf5000000axnZ,O=S(=O)(NCCCCCO)c1cnn[nH]1,decoy,local_zinc_pool,,,c1c[nH]nn1,1,O=S(=O)(NCCCCCO)c1cnn[nH]1,matched_to_CHEMBL5869704,234.281,-0.7544000000000006,3,5,107.97,7,0,CHEMBL5869704,9.64087000000001,0.14285714285714285,,,,
ZINCf5000002s51J,COCC[C@H](C)S(=O)(=O)NOCC(=O)O,decoy,local_zinc_pool,,,,1,COCC[C@H](C)S(=O)(=O)NOCC(=O)O,matched_to_CHEMBL5978015,241.265,-0.6529999999999994,2,5,101.93000000000002,8,0,CHEMBL5978015,7.15299666666667,0.1702127659574468,,,,
ZINCf500000091HZ,CCOCCOC[C@@H](O)CNC[C@H](C)O,decoy,local_zinc_pool,,,,1,CCOCCOC[C@@H](O)CNC[C@H](C)O,matched_to_CHEMBL3819071,221.297,-0.6291999999999986,3,5,70.95,10,0,CHEMBL3819071,7.553643333333334,0.11267605633802817,,,,
ZINCf50000008VNR,CCCn1cnnc1S(=O)(=O)C[C@@H](C)O,decoy,local_zinc_pool,,,c1nnc[nH]1,1,CCCn1cnnc1S(=O)(=O)C[C@@H](C)O,matched_to_CHEMBL3687241,233.29299999999998,-0.15739999999999993,1,6,85.08,5,0,CHEMBL3687241,6.11151666666667,0.13725490196078433,,,,
ZINCf5000002aNWH,C[C@@H](N=[N+]=[N-])C(=O)NCc1nnc(O)o1,decoy,local_zinc_pool,,,c1nnco1,1,C[C@@H](N=[N+]=[N-])C(=O)NCc1nnc(O)o1,matched_to_CHEMBL6064615,212.169,0.09019999999999995,2,6,137.01000000000002,4,0,CHEMBL6064615,8.80210666666667,0.15476190476190477,,,,
ZINCf5000000adLv,N#CCNC(=O)CCCCCS(N)(=O)=O,decoy,local_zinc_pool,,,,1,N#CCNC(=O)CCCCCS(N)(=O)=O,matched_to_CHEMBL5849977,233.29299999999998,-0.52492,2,4,113.04999999999998,7,0,CHEMBL5849977,7.574100000000008,0.14583333333333334,,,,
ZINCf50000008SNN,CCC(=O)NCc1nc(C[S@](C)=O)no1,decoy,local_zinc_pool,,,c1ncon1,1,CCC(=O)NCc1nc(C[S@](C)=O)no1,matched_to_CHEMBL5876084,231.277,-0.025700000000000278,1,5,85.09,5,0,CHEMBL5876084,5.402336666666673,0.14634146341463414,,,,
ZINCf500000095w6,CC[C@@H](NS(=O)(=O)CCCC#N)C(N)=O,decoy,local_zinc_pool,,,,1,CC[C@@H](NS(=O)(=O)CCCC#N)C(N)=O,matched_to_CHEMBL6024824,233.29299999999995,-0.5265199999999994,2,4,113.05000000000001,7,0,CHEMBL6024824,8.709656666666675,0.16666666666666666,,,,
ZINCf5000002rLkE,CCOC[C@@H](N)C(=O)NCC[S@@](C)(=N)=O,decoy,local_zinc_pool,,,,1,CCOC[C@@H](N)C(=O)NCC[S@@](C)(=N)=O,matched_to_CHEMBL5877121,237.325,-0.8570299999999988,3,5,105.26999999999998,7,0,CHEMBL5877121,5.497103333333337,0.1346153846153846,,,,
ZINCf5000002rDJg,C[C@@H](O)CCONC(=O)[C@@H](N)CN=[N+]=[N-],decoy,local_zinc_pool,,,,1,C[C@@H](O)CCONC(=O)[C@@H](N)CN=[N+]=[N-],matched_to_CHEMBL5859878,217.229,-0.5572999999999995,3,5,133.34,7,0,CHEMBL5859878,7.9748466666666715,0.13924050632911392,,,,
ZINCf50000009gw1,CN1C(=O)NC[C@@H]1C(=O)NCC(C)(F)F,decoy,local_zinc_pool,,,O=C1NCCN1,1,CN1C(=O)NC[C@@H]1C(=O)NCC(C)(F)F,matched_to_CHEMBL5267044,221.20699999999994,-0.21860000000000013,2,2,61.440000000000005,3,0,CHEMBL5267044,5.102610000000003,0.18823529411764706,,,,
ZINCf50000009YU0,C[C@H](NS(=O)(=O)CCCCC#N)C(N)=O,decoy,local_zinc_pool,,,,1,C[C@H](NS(=O)(=O)CCCCC#N)C(N)=O,matched_to_CHEMBL5816136,233.29299999999995,-0.5265199999999997,2,4,113.05000000000001,7,0,CHEMBL5816136,8.350423333333337,0.14583333333333334,,,,
ZINCf50000017QTY,C[C@@H](N)CCNC(=O)C[C@@H](N)CCCN,decoy,local_zinc_pool,,,,1,C[C@@H](N)CCNC(=O)C[C@@H](N)CCCN,matched_to_CHEMBL5988926,216.32899999999995,-0.703799999999998,4,4,107.16,8,0,CHEMBL5988926,9.108663333333338,0.1702127659574468,,,,
ZINCf5000002aQAC,CN(Cc1nnc(C(=O)O)s1)S(C)(=O)=O,decoy,local_zinc_pool,,,c1nncs1,1,CN(Cc1nnc(C(=O)O)s1)S(C)(=O)=O,matched_to_CHEMBL6024197,251.28900000000002,-0.3723000000000001,1,6,100.46000000000001,4,0,CHEMBL6024197,5.78884666666667,0.136986301369863,,,,
ZINCf5000000ajtk,NCCONC(=O)C[C@@H](N)c1nccs1,decoy,local_zinc_pool,,,c1cscn1,1,NCCONC(=O)C[C@@H](N)c1nccs1,matched_to_CHEMBL5901726,230.293,-0.4604999999999997,3,6,103.25999999999999,6,0,CHEMBL5901726,8.971030000000006,0.19480519480519481,,,,
ZINCf50000009nzl,CNS(=O)(=O)CCCNC(=O)C1(Br)CC1,decoy,local_zinc_pool,,,C1CC1,1,CNS(=O)(=O)CCCNC(=O)C1(Br)CC1,matched_to_CHEMBL4115504,299.19000000000005,-0.030600000000000405,2,3,75.27000000000001,6,0,CHEMBL4115504,5.529963333333338,0.12,,,,
ZINCf50000008TRs,CCCN(C)S(=O)(=O)NCCNC1CC1,decoy,local_zinc_pool,,,C1CC1,1,CCCN(C)S(=O)(=O)NCCNC1CC1,matched_to_CHEMBL199341,235.35299999999995,-0.08539999999999925,2,3,61.440000000000005,8,0,CHEMBL199341,2.8265199999999986,0.125,,,,
ZINCf500000189vh,O=C(N[C@@H](CO)CCO)c1nocc1Br,decoy,local_zinc_pool,,,c1cnoc1,1,O=C(N[C@@H](CO)CCO)c1nocc1Br,matched_to_CHEMBL4114636,279.09000000000003,-0.08980000000000021,3,5,95.59,5,0,CHEMBL4114636,5.736023333333339,0.15476190476190477,,,,
ZINCf500000093hO,CCS(=O)(=O)Cc1noc(C[C@H](C)N)n1,decoy,local_zinc_pool,,,c1ncon1,1,CCS(=O)(=O)Cc1noc(C[C@H](C)N)n1,matched_to_CHEMBL5811937,233.29299999999998,-0.10599999999999976,1,6,99.08,5,0,CHEMBL5811937,7.862476666666671,0.14814814814814814,,,,
ZINCf5000002edWS,NCCCCn1cc(-c2nn[nH]n2)nn1,decoy,local_zinc_pool,,,c1[nH]nnc1-c1nn[nH]n1,1,NCCCCn1cc(-c2nn[nH]n2)nn1,matched_to_CHEMBL6030067,208.229,-0.8029000000000002,2,7,111.19000000000001,5,0,CHEMBL6030067,8.327986666666671,0.0963855421686747,,,,
ZINCf5000000ajrP,NCCOCCNc1cnc(CN)cn1,decoy,local_zinc_pool,,,c1cnccn1,1,NCCOCCNc1cnc(CN)cn1,matched_to_CHEMBL6006846,211.26899999999998,-0.6774999999999989,3,6,99.08,7,0,CHEMBL6006846,8.984980000000006,0.16216216216216217,,,,
ZINCf50000018cDk,O=S(=O)(NCc1cnon1)[C@H]1CC1(F)F,decoy,local_zinc_pool,,,O=S(=O)(NCc1cnon1)C1CC1,1,O=S(=O)(NCc1cnon1)[C@H]1CC1(F)F,matched_to_CHEMBL5854116,239.20299999999995,-0.10340000000000016,1,5,85.09,4,0,CHEMBL5854116,5.153190000000005,0.14285714285714285,,,,
ZINCf50000017OQq,CS(=O)(=O)NCCOC(=O)[C@@H](F)C1CC1,decoy,local_zinc_pool,,,C1CC1,1,CS(=O)(=O)NCCOC(=O)[C@@H](F)C1CC1,matched_to_CHEMBL2177185,239.26799999999997,-0.17310000000000003,1,4,72.47,6,0,CHEMBL2177185,5.600223333333338,0.1566265060240964,,,,
ZINCf50000009VEz,C[C@H](CNC(=O)C=CI)N(C)C(=O)CO,decoy,local_zinc_pool,,,,1,C[C@H](CNC(=O)C=CI)N(C)C(=O)CO,matched_to_CHEMBL4109769,326.13400000000007,-0.10949999999999988,2,3,69.64,5,0,CHEMBL4109769,5.333220000000004,0.12162162162162163,,,,
ZINCf50000009AuH,COC[C@](O)(CO)CNC(=O)C(C)(Cl)Cl,decoy,local_zinc_pool,,,,1,COC[C@](O)(CO)CNC(=O)C(C)(Cl)Cl,matched_to_CHEMBL2313485,260.11699999999996,-0.3337999999999999,3,4,78.78999999999999,6,0,CHEMBL2313485,4.281043333333337,0.13924050632911392,,,,
ZINCf5000002dG2e,CC(C)[S@](=O)N1C[C@@H](CO)C2(COC2)C1,decoy,local_zinc_pool,,,C1CC2(CN1)COC2,1,CC(C)[S@](=O)N1C[C@@H](CO)C2(COC2)C1,matched_to_CHEMBL514709,233.33299999999997,-0.0008000000000001339,1,3,49.77000000000001,3,0,CHEMBL514709,2.699713333333335,0.13333333333333333,,,,
ZINCf50000009NVQ,C[C@@H](OC(=O)CS(C)(=O)=O)c1nc[nH]n1,decoy,local_zinc_pool,,,c1nc[nH]n1,1,C[C@@H](OC(=O)CS(C)(=O)=O)c1nc[nH]n1,matched_to_CHEMBL5808134,233.249,-0.5465000000000002,1,6,102.01,4,0,CHEMBL5808134,5.677496666666671,0.15584415584415584,,,,
ZINCf5000000a9iG,Cc1nnsc1CS(=O)(=O)C[C@@H](O)CO,decoy,local_zinc_pool,,,c1csnn1,1,Cc1nnsc1CS(=O)(=O)C[C@@H](O)CO,matched_to_CHEMBL5745234,252.31699999999998,-0.8854799999999998,2,7,100.38000000000001,5,0,CHEMBL5745234,7.374246666666671,0.11842105263157894,,,,
ZINCf5000002dDL1,CCCN(CCO)S(=O)(=O)N1CC(Cl)C1,decoy,local_zinc_pool,,,C1CNC1,1,CCCN(CCO)S(=O)(=O)N1CC(Cl)C1,matched_to_CHEMBL2347389,256.755,-0.14149999999999952,1,3,60.85,6,0,CHEMBL2347389,5.368173333333338,0.1956521739130435,,,,
ZINCf5000002sbr0,CO[C@H](CCN)C(=O)NCc1csnn1,decoy,local_zinc_pool,,,c1csnn1,1,CO[C@H](CCN)C(=O)NCc1csnn1,matched_to_CHEMBL5775440,230.29300000000003,-0.48189999999999955,2,6,90.13,6,0,CHEMBL5775440,4.825270000000004,0.15384615384615385,,,,
ZINCf500000271w3,CSc1snnc1C(=O)N(C)CC(N)=O,decoy,local_zinc_pool,,,c1csnn1,1,CSc1snnc1C(=O)N(C)CC(N)=O,matched_to_CHEMBL5747471,246.31699999999998,-0.18269999999999997,1,6,89.18,4,0,CHEMBL5747471,5.1953366666666705,0.12658227848101267,,,,
ZINCf5000002ry67,C[C@@H](C[S@@](C)=O)C(=O)N1CCC(N)CC1,decoy,local_zinc_pool,,,C1CCNCC1,1,C[C@@H](C[S@@](C)=O)C(=O)N1CCC(N)CC1,matched_to_CHEMBL3265101,232.34899999999993,-0.04929999999999901,1,3,63.400000000000006,3,0,CHEMBL3265101,4.7081933333333374,0.1527777777777778,,,,
ZINCf50000009mxO,CNCCOCCNC(=O)CCCON,decoy,local_zinc_pool,,,,1,CNCCOCCNC(=O)CCCON,matched_to_CHEMBL4068667,219.28499999999994,-0.9908999999999983,3,5,85.61,10,0,CHEMBL4068667,8.026503333333334,0.14864864864864866,,,,
ZINCf50000009nAl,CNS(=O)(=O)CCCNS(=O)(=O)C(Cl)Cl,decoy,local_zinc_pool,,,,1,CNS(=O)(=O)CCCNS(=O)(=O)C(Cl)Cl,matched_to_CHEMBL5928219,299.201,-0.3937000000000004,2,4,92.34,7,0,CHEMBL5928219,6.9436000000000035,0.10869565217391304,,,,
ZINCf5000000WBxi,N#CCc1ncc(NCS(=O)(=O)O)cn1,decoy,local_zinc_pool,,,c1cncnc1,1,N#CCc1ncc(NCS(=O)(=O)O)cn1,matched_to_CHEMBL3220103,228.233,-0.20012000000000035,2,6,115.97,4,0,CHEMBL3220103,6.4097900000000045,0.15853658536585366,,,,
ZINCf5000001pn8i,CN(CCN=[N+]=[N-])C(=O)C(O)CCCO,decoy,local_zinc_pool,,,,1,CN(CCN=[N+]=[N-])C(=O)C(O)CCCO,matched_to_CHEMBL6012158,216.24099999999999,-0.11150000000000032,2,4,109.53,7,0,CHEMBL6012158,8.017426666666672,0.16,,,,
ZINCf5000002ruE6,C[C@H](CCO)S(=O)(=O)CCCS(C)(=O)=O,decoy,local_zinc_pool,,,,1,C[C@H](CCO)S(=O)(=O)CCCS(C)(=O)=O,matched_to_CHEMBL1688303,258.36099999999993,-0.39319999999999977,1,5,88.50999999999999,7,0,CHEMBL1688303,6.406776666666671,0.16279069767441862,,,,
ZINCf50000024ZZY,CN(C)c1n[nH]c(CNS(=O)(=O)CI)n1,decoy,local_zinc_pool,,,c1nc[nH]n1,1,CN(C)c1n[nH]c(CNS(=O)(=O)CI)n1,matched_to_CHEMBL3217780,345.166,-0.3174000000000001,2,5,90.98,5,0,CHEMBL3217780,5.906060000000004,0.12790697674418605,,,,
ZINCf50000009PTa,C[C@@H]1CN([C@@H]2CCCCNC2=O)CCN1,decoy,local_zinc_pool,,,O=C1NCCCCC1N1CCNCC1,1,C[C@@H]1CN([C@@H]2CCCCNC2=O)CCN1,matched_to_CHEMBL416288,211.30899999999997,-0.05119999999999897,2,3,44.370000000000005,1,0,CHEMBL416288,3.021056666666668,0.13953488372093023,,,,
ZINCf50000026fIa,CN(CCN=[N+]=[N-])C(=O)[C@@H](O)CCCO,decoy,local_zinc_pool,,,,1,CN(CCN=[N+]=[N-])C(=O)[C@@H](O)CCCO,matched_to_CHEMBL6050672,216.24099999999999,-0.11150000000000032,2,4,109.53,7,0,CHEMBL6050672,8.017426666666672,0.16,,,,
ZINCf5000000Vli9,CCC[C@H](NC(=O)CCC(=O)O)C(N)=O,decoy,local_zinc_pool,,,,1,CCC[C@H](NC(=O)CCC(=O)O)C(N)=O,matched_to_CHEMBL3407579,216.23699999999997,-0.3785999999999991,3,3,109.49000000000001,7,0,CHEMBL3407579,6.362613333333337,0.23255813953488372,,,,
ZINCf50000009yzK,COC[C@H](C)C(=O)NCCCOC(=N)O,decoy,local_zinc_pool,,,,1,COC[C@H](C)C(=O)NCCCOC(=N)O,matched_to_CHEMBL5913446,218.253,0.2845700000000002,3,4,91.64,7,0,CHEMBL5913446,6.4380400000000035,0.1917808219178082,,,,
ZINCf5000002armR,COC(=O)[C@H]1COCCN1S(=O)(=O)CI,decoy,local_zinc_pool,,,C1COCCN1,1,COC(=O)[C@H]1COCCN1S(=O)(=O)CI,matched_to_CHEMBL3653239,349.14599999999996,-0.4175,0,5,72.91,3,0,CHEMBL3653239,6.232543333333339,0.1927710843373494,,,,
ZINCf5000002rPch,CCSC[C@H](N)C(=O)NOCC[C@@H](C)O,decoy,local_zinc_pool,,,,1,CCSC[C@H](N)C(=O)NOCC[C@@H](C)O,matched_to_CHEMBL5989834,236.337,-0.11449999999999932,3,5,84.58000000000001,8,0,CHEMBL5989834,9.41313333333334,0.16326530612244897,,,,
ZINCf5000002mEhI,N[C@@H]1C[C@H](O)[C@@H](NC(=O)C2CC(Cl)C2)C1,decoy,local_zinc_pool,,,O=C(NC1CCCC1)C1CCC1,1,N[C@H]1C[C@H](NC(=O)C2CC(Cl)C2)[C@@H](O)C1,matched_to_CHEMBL3693969,232.71099999999996,-0.029400000000000537,3,3,75.35,2,0,CHEMBL3693969,5.679013333333336,0.13513513513513514,,,,
ZINCf50000017BnT,CC[S@](=N)(=O)NC(=O)COCCCOC,decoy,local_zinc_pool,,,,1,CC[S@](=N)(=O)NC(=O)COCCCOC,matched_to_CHEMBL5879668,238.3089999999999,0.13737000000000021,2,5,88.48000000000002,8,0,CHEMBL5879668,8.973743333333342,0.14285714285714285,,,,
ZINCf500000090y4,CCOC(=O)CC[C@@H](O)CSCC(N)=O,decoy,local_zinc_pool,,,,1,CCOC(=O)CC[C@@H](O)CSCC(N)=O,matched_to_CHEMBL5883242,235.30499999999998,-0.09089999999999987,2,5,89.62,8,0,CHEMBL5883242,9.24132333333334,0.16666666666666666,,,,
ZINCf5000002oGS6,N#CCCC(=O)Nc1nnc(C(N)=O)s1,decoy,local_zinc_pool,,,c1nncs1,1,N#CCCC(=O)Nc1nnc(C(N)=O)s1,matched_to_CHEMBL5921912,225.23299999999998,-0.12071999999999983,2,6,121.75999999999999,4,0,CHEMBL5921912,9.64700000000001,0.11290322580645161,,,,
ZINCf5000002qwvY,C[C@]1(CO)C[C@H](O)CN1C(=O)CC(F)F,decoy,local_zinc_pool,,,C1CCNC1,1,C[C@]1(CO)C[C@H](O)CN1C(=O)CC(F)F,matched_to_CHEMBL378100,223.21899999999997,-0.01419999999999999,2,3,60.77,3,0,CHEMBL378100,5.769663333333336,0.1794871794871795,,,,
ZINCf5000002rTKV,CNCCCCC(=O)NC/C=C/C(N)=O,decoy,local_zinc_pool,,,,1,CNCCCCC(=O)NC/C=C/C(N)=O,matched_to_CHEMBL4102803,213.28099999999998,-0.4661999999999988,3,3,84.22,8,0,CHEMBL4102803,4.653100000000001,0.12,,,,
ZINCf50000009KnW,C[C@@H](CO)CSCC(=O)Nc1nn[nH]n1,decoy,local_zinc_pool,,,c1nn[nH]n1,1,C[C@@H](CO)CSCC(=O)Nc1nn[nH]n1,matched_to_CHEMBL5869704,231.28100000000006,-0.5002000000000004,3,6,103.79,6,0,CHEMBL5869704,9.668603333333342,0.15584415584415584,,,,
ZINCf50000008FGW,C=CCCS(=O)(=O)NC(=O)CSCCN,decoy,local_zinc_pool,,,,1,C=CCCS(=O)(=O)NC(=O)CSCCN,matched_to_CHEMBL5978015,252.36099999999993,-0.29959999999999914,2,5,89.26,8,0,CHEMBL5978015,7.313236666666672,0.0967741935483871,,,,
ZINCf50000008OyQ,CC(C)S(=O)(=O)CCCNC(CN)CN,decoy,local_zinc_pool,,,,1,CC(C)S(=O)(=O)CCCNC(CN)CN,matched_to_CHEMBL3819071,237.36899999999997,-0.9246999999999965,3,5,98.21,8,0,CHEMBL3819071,7.499523333333335,0.1095890410958904,,,,
ZINCf50000009G6I,CS(=O)(=O)NCCOC(=O)c1cncs1,decoy,local_zinc_pool,,,c1cscn1,1,CS(=O)(=O)NCCOC(=O)c1cncs1,matched_to_CHEMBL3687241,250.30100000000002,-0.1508999999999998,1,6,85.36,5,0,CHEMBL3687241,5.925903333333337,0.15384615384615385,,,,
ZINCf5000000VmbT,C[C@@H](Cc1nn[nH]n1)NC(=O)CN=[N+]=[N-],decoy,local_zinc_pool,,,c1nn[nH]n1,1,C[C@@H](Cc1nn[nH]n1)NC(=O)CN=[N+]=[N-],matched_to_CHEMBL6064615,210.20100000000002,-0.4428000000000005,2,5,132.32000000000002,5,0,CHEMBL6064615,8.991120000000002,0.175,,,,
ZINCf5000002qU7b,CC(C)[C@@H](O)COC(=O)c1nonc1N,decoy,local_zinc_pool,,,c1cnon1,1,CC(C)[C@@H](O)COC(=O)c1nonc1N,matched_to_CHEMBL5849977,215.20899999999997,-0.1745,2,7,111.47,4,0,CHEMBL5849977,7.584526666666674,0.14864864864864866,,,,
ZINCf50000009KVT,C[C@@H](C[S@](C)=O)C(=O)NCc1cnon1,decoy,local_zinc_pool,,,c1cnon1,1,C[C@@H](C[S@](C)=O)C(=O)NCc1cnon1,matched_to_CHEMBL5876084,231.277,-0.2996000000000003,1,5,85.09,5,0,CHEMBL5876084,5.584936666666673,0.1511627906976744,,,,
ZINCf5000000ZtX2,C[C@@H](N)CC(=O)NS(=O)(=O)c1ncsn1,decoy,local_zinc_pool,,,c1ncsn1,1,C[C@@H](N)CC(=O)NS(=O)(=O)c1ncsn1,matched_to_CHEMBL6024824,250.305,-0.9196999999999997,2,7,115.03999999999999,4,0,CHEMBL6024824,8.722056666666674,0.19736842105263158,,,,
ZINCf50000017Bnz,CC[S@](=N)(=O)NC(=O)CCCCC(N)=O,decoy,local_zinc_pool,,,,1,CC[S@](=N)(=O)NC(=O)CCCCC(N)=O,matched_to_CHEMBL5877121,235.3089999999999,0.12996999999999959,3,4,113.11000000000001,7,0,CHEMBL5877121,5.045663333333337,0.1590909090909091,,,,
ZINCf5000000ZyVZ,O=S(=O)(Nc1nc[nH]n1)c1cnc(O)s1,decoy,local_zinc_pool,,,O=S(=O)(Nc1nc[nH]n1)c1cncs1,1,O=S(=O)(Nc1nc[nH]n1)c1cnc(O)s1,matched_to_CHEMBL5859878,247.26100000000002,-0.23240000000000033,3,7,120.86,3,0,CHEMBL5859878,8.957126666666673,0.13114754098360656,,,,
ZINCf50000018c0T,O=C1NCC[C@H]1C(=O)N[C@@H]1C[C@@H]1C(F)F,decoy,local_zinc_pool,,,O=C1NCCC1C(=O)NC1CC1,1,O=C1NCC[C@H]1C(=O)N[C@@H]1C[C@@H]1C(F)F,matched_to_CHEMBL5267044,218.20299999999997,-0.1076999999999999,2,2,58.2,3,0,CHEMBL5267044,5.18831666666667,0.14772727272727273,,,,
ZINCf50000017AHc,CC[C@H](N)c1nc(CNS(C)(=O)=O)no1,decoy,local_zinc_pool,,,c1ncon1,1,CC[C@H](N)c1nc(CNS(C)(=O)=O)no1,matched_to_CHEMBL5816136,234.28099999999998,-0.47139999999999915,2,6,111.10999999999999,5,0,CHEMBL5816136,8.38139666666667,0.13186813186813187,,,,
ZINCf5000002aJMa,CC[C@H](CCO)Nc1cc(O)nc(O)n1,decoy,local_zinc_pool,,,c1cncnc1,1,CC[C@H](CCO)Nc1cc(O)nc(O)n1,matched_to_CHEMBL5988926,213.237,0.4606999999999997,4,6,98.5,5,0,CHEMBL5988926,9.209650000000003,0.13559322033898305,,,,
ZINCf50000009qVo,COC(=O)[C@@H](CN)n1cc(C(C)=O)nn1,decoy,local_zinc_pool,,,c1c[nH]nn1,1,COC(=O)[C@@H](CN)n1cc(C(C)=O)nn1,matched_to_CHEMBL6024197,212.20900000000003,-0.8465000000000003,1,7,100.1,4,0,CHEMBL6024197,6.0101800000000045,0.1917808219178082,,,,
ZINCf5000000S76T,NCCCCc1cn(C(CN)CN)nn1,decoy,local_zinc_pool,,,c1c[nH]nn1,1,NCCCCc1cn(C(CN)CN)nn1,matched_to_CHEMBL5901726,212.30099999999996,-0.981999999999998,3,6,108.77,7,0,CHEMBL5901726,8.77821666666667,0.09523809523809523,,,,
ZINCf5000001U2Yt,CCC(CO)NS(=O)(=O)N(C)CC1CC1,decoy,local_zinc_pool,,,C1CC1,1,CCC(CO)NS(=O)(=O)N(C)CC1CC1,matched_to_CHEMBL4115504,236.33699999999996,-0.06650000000000023,2,3,69.64,7,0,CHEMBL4115504,5.9076266666666735,0.1686746987951807,,,,
ZINCf5000002rIvm,CCN(CC)S(=O)(=O)NC[C@@H]1C[C@H]1CN,decoy,local_zinc_pool,,,C1CC1,1,CCN(CC)S(=O)(=O)NC[C@@H]1C[C@H]1CN,matched_to_CHEMBL199341,235.35299999999998,-0.24259999999999804,2,3,75.43,7,0,CHEMBL199341,2.938119999999999,0.09876543209876543,,,,
ZINCf5000002aUYP,O=C(CCc1nc(O)n[nH]1)NCC(Cl)Cl,decoy,local_zinc_pool,,,c1nc[nH]n1,1,O=C(CCc1nc(O)n[nH]1)NCC(Cl)Cl,matched_to_CHEMBL4114636,253.08900000000003,0.36279999999999996,3,4,90.9,5,0,CHEMBL4114636,5.381900000000005,0.15,,,,
ZINCf5000000aoiE,O=C(CCC[N+](=O)[O-])Nc1nccnn1,decoy,local_zinc_pool,,,c1cnncn1,1,O=C(CCC[N+](=O)[O-])Nc1nccnn1,matched_to_CHEMBL5811937,211.18100000000004,-0.13300000000000017,1,6,110.91,5,0,CHEMBL5811937,7.628396666666671,0.16883116883116883,,,,
ZINCf5000002dm5C,CCC1(CNC(=O)CCS(N)(=O)=O)N=N1,decoy,local_zinc_pool,,,C1N=N1,1,CCC1(CNC(=O)CCS(N)(=O)=O)N=N1,matched_to_CHEMBL6030067,234.28099999999998,-0.6466999999999987,2,5,113.97999999999999,6,0,CHEMBL6030067,8.351733333333339,0.12,,,,
ZINCf5000001oltJ,COC(=O)CCNc1nnc(O)nc1O,decoy,local_zinc_pool,,,c1cnncn1,1,COC(=O)CCNc1nnc(O)nc1O,matched_to_CHEMBL6006846,214.181,-0.7422000000000004,3,8,117.46000000000001,4,0,CHEMBL6006846,8.76379333333334,0.14666666666666667,,,,
ZINCf5000000ZwR3,Cn1nnc(CNS(C)(=O)=O)c1C(F)F,decoy,local_zinc_pool,,,c1c[nH]nn1,1,Cn1nnc(CNS(C)(=O)=O)c1C(F)F,matched_to_CHEMBL5854116,240.23499999999996,-0.19809999999999994,1,5,76.88,4,0,CHEMBL5854116,5.1992033333333385,0.125,,,,
ZINCf50000009DOh,CO[C@H](C)CCC(=O)NS(=O)(=O)N(C)C,decoy,local_zinc_pool,,,,1,CO[C@H](C)CCC(=O)NS(=O)(=O)N(C)C,matched_to_CHEMBL2177185,238.309,-0.27589999999999937,1,4,75.71,6,0,CHEMBL2177185,5.623946666666671,0.14583333333333334,,,,
ZINCf5000002efO7,NC(=O)[C@H]1CC[C@@H](CNC(=O)CCBr)O1,decoy,local_zinc_pool,,,C1CCOC1,1,NC(=O)[C@H]1CC[C@@H](CNC(=O)CCBr)O1,matched_to_CHEMBL4109769,279.134,-0.07950000000000035,2,3,81.42,5,0,CHEMBL4109769,5.312020000000005,0.136986301369863,,,,
ZINCf50000008EAI,C=C(Cl)C[C@@H](N)C(=O)NN(C)[C@H](C)CO,decoy,local_zinc_pool,,,,1,C=C(Cl)C[C@@H](N)C(=O)NN(C)[C@H](C)CO,matched_to_CHEMBL2313485,235.715,-0.1998999999999999,3,4,78.59,6,0,CHEMBL2313485,4.443796666666669,0.16,,,,
ZINCf50000017Vjf,C[C@H](CN(C)C)C(=O)N=C1CCN(C)N1,decoy,local_zinc_pool,,,N=C1CCNN1,1,C[C@H](CN(C)C)C(=O)N=C1CCN(C)N1,matched_to_CHEMBL514709,212.29699999999997,-0.05069999999999969,1,3,47.940000000000005,3,0,CHEMBL514709,2.870140000000001,0.13095238095238096,,,,
ZINCf5000000Zt1C,COC(C)(C)c1nc(CS(N)(=O)=O)no1,decoy,local_zinc_pool,,,c1ncon1,1,COC(C)(C)c1nc(CS(N)(=O)=O)no1,matched_to_CHEMBL5808134,235.265,-0.2603999999999994,1,6,108.31,4,0,CHEMBL5808134,5.680203333333338,0.13636363636363635,,,,
ZINCf50000009yuU,COC[C@H](C#N)NC(=O)CSCC(=O)O,decoy,local_zinc_pool,,,,1,COC[C@H](C#N)NC(=O)CSCC(=O)O,matched_to_CHEMBL5745234,232.261,-0.5410199999999996,2,5,99.42,7,0,CHEMBL5745234,7.38356666666667,0.16,,,,
ZINCf50000017oXK,C=CCN(CCC)S(=O)(=O)N1CC(N)C1,decoy,local_zinc_pool,,,C1CNC1,1,C=CCN(CCC)S(=O)(=O)N1CC(N)C1,matched_to_CHEMBL2347389,233.33699999999996,-0.22789999999999883,1,3,66.64,6,0,CHEMBL2347389,5.428353333333338,0.13725490196078433,,,,
ZINCf50000009vXk,COCCS(=O)(=O)NNc1ncccn1,decoy,local_zinc_pool,,,c1cncnc1,1,COCCS(=O)(=O)NNc1ncccn1,matched_to_CHEMBL5775440,232.26500000000004,-0.6307,2,6,93.21000000000001,6,0,CHEMBL5775440,4.803950000000003,0.19718309859154928,,,,
ZINCf50000008MgF,CC(C)(N)Cc1nc(CS(C)(=O)=O)no1,decoy,local_zinc_pool,,,c1ncon1,1,CC(C)(N)Cc1nc(CS(C)(=O)=O)no1,matched_to_CHEMBL5747471,233.29299999999998,-0.10599999999999987,1,6,99.08,4,0,CHEMBL5747471,5.636843333333338,0.12222222222222222,,,,
ZINCf5000002s0Sr,CN(C)S(=O)(=O)N1CC[C@H](CO)C1(C)C,decoy,local_zinc_pool,,,C1CCNC1,1,CN(C)S(=O)(=O)N1CC[C@H](CO)C1(C)C,matched_to_CHEMBL3265101,236.33699999999996,-0.11439999999999984,1,3,60.85000000000001,3,0,CHEMBL3265101,4.711313333333337,0.14666666666666667,,,,
ZINCf5000002s99m,COCCSCCNC(=O)[C@H](CN)CO,decoy,local_zinc_pool,,,,1,COCCSCCNC(=O)[C@H](CN)CO,matched_to_CHEMBL4068667,236.337,-0.9505999999999979,3,5,84.58,9,0,CHEMBL4068667,8.370316666666668,0.13725490196078433,,,,
ZINCf5000000aj4d,NCCN(CCN)S(=O)(=O)c1ccns1,decoy,local_zinc_pool,,,c1cnsc1,1,NCCN(CCN)S(=O)(=O)c1ccns1,matched_to_CHEMBL5928219,250.34900000000002,-0.9487999999999999,2,6,102.30999999999999,6,0,CHEMBL5928219,6.903386666666671,0.10344827586206896,,,,
ZINCf5000000a8Km,Cc1nn(C[C@H](O)CCO)cc1[N+](=O)[O-],decoy,local_zinc_pool,,,c1cn[nH]c1,1,Cc1nn(C[C@H](O)CCO)cc1[N+](=O)[O-],matched_to_CHEMBL3220103,215.209,-0.15698000000000006,2,6,101.42,5,0,CHEMBL3220103,6.593270000000004,0.1625,,,,
ZINCf5000002dZ7j,CN(CCC[C@H](O)CO)C(=O)CN=[N+]=[N-],decoy,local_zinc_pool,,,,1,CN(CCC[C@H](O)CO)C(=O)CN=[N+]=[N-],matched_to_CHEMBL6012158,216.24099999999999,-0.11150000000000004,2,4,109.52999999999999,7,0,CHEMBL6012158,8.017426666666672,0.18,,,,
ZINCf5000002ecIl,CS(=O)(=O)CCCC(=O)OCCC(=O)O,decoy,local_zinc_pool,,,,1,CS(=O)(=O)CCCC(=O)OCCC(=O)O,matched_to_CHEMBL1688303,238.26099999999997,-0.17090000000000033,1,5,97.74,7,0,CHEMBL1688303,6.476776666666671,0.15555555555555556,,,,
ZINCf5000000acqq,Cn1nnc(Br)c1C(=O)NOCCCN,decoy,local_zinc_pool,,,c1c[nH]nn1,1,Cn1nnc(Br)c1C(=O)NOCCCN,matched_to_CHEMBL3217780,278.11,-0.4122000000000003,2,6,95.06,5,0,CHEMBL3217780,5.976620000000004,0.1375,,,,
ZINCf50000008Qrr,CC1(C)CN(C(=O)[C@@H]2CCCN2)CCN1,decoy,local_zinc_pool,,,O=C(C1CCCN1)N1CCNCC1,1,CC1(C)CN(C(=O)[C@@H]2CCCN2)CCN1,matched_to_CHEMBL416288,211.30899999999997,-0.05119999999999897,2,3,44.370000000000005,1,0,CHEMBL416288,3.021056666666668,0.1348314606741573,,,,
ZINCf50000009GL3,CSCCS(=O)(=O)NC(=O)[C@@H](C)CCN,decoy,local_zinc_pool,,,,1,CSCCS(=O)(=O)NC(=O)[C@@H](C)CCN,matched_to_CHEMBL6050672,254.37699999999998,-0.219699999999999,2,5,89.26,7,0,CHEMBL6050672,8.019000000000004,0.14,,,,
ZINCf5000001G84d,CC[C@H](C)[C@@H](C)NS(=O)(=O)NCC(=O)O,decoy,local_zinc_pool,,,,1,CC[C@H](C)[C@@H](C)NS(=O)(=O)NCC(=O)O,matched_to_CHEMBL3407579,238.30899999999997,-0.07039999999999896,3,3,95.50000000000001,7,0,CHEMBL3407579,5.936826666666669,0.19402985074626866,,,,
ZINCf5000000VlZV,CO[C@H](CCO)CNC(=O)CCC(=O)O,decoy,local_zinc_pool,,,,1,CO[C@H](CCO)CNC(=O)CCC(=O)O,matched_to_CHEMBL5913446,219.23699999999997,-0.6352000000000002,3,4,95.86,8,0,CHEMBL5913446,6.372580000000004,0.1956521739130435,,,,
ZINCf50000017I7F,COC(=O)CON(C)C(=O)[C@@H]1C[C@H]1OC,decoy,local_zinc_pool,,,C1CC1,1,COC(=O)CON(C)C(=O)[C@@H]1C[C@H]1OC,matched_to_CHEMBL3653239,217.221,-0.4156999999999995,0,5,65.07000000000001,5,0,CHEMBL3653239,6.444993333333339,0.11538461538461539,,,,
ZINCf5000002r7nt,CC[C@@H](CO)CNC(=O)[C@@H](N)CN=[N+]=[N-],decoy,local_zinc_pool,,,,1,CC[C@@H](CO)CNC(=O)[C@@H](N)CN=[N+]=[N-],matched_to_CHEMBL5989834,215.257,-0.24130000000000024,3,4,124.11,7,0,CHEMBL5989834,9.127266666666673,0.14634146341463414,,,,
ZINCf50000008Qcv,CC1(C(=O)N[C@@]2(C)CCNC2)CC(N)C1,decoy,local_zinc_pool,,,O=C(NC1CCNC1)C1CCC1,1,CC1(C(=O)N[C@@]2(C)CCNC2)CC(N)C1,matched_to_CHEMBL3693969,211.30899999999997,-0.017999999999998573,3,3,67.15,2,0,CHEMBL3693969,5.803833333333335,0.16666666666666666,,,,
ZINCf50000008GAi,C=CCONC[C@@H](O)COc1cnsn1,decoy,local_zinc_pool,,,c1cnsn1,1,C=CCONC[C@@H](O)COc1cnsn1,matched_to_CHEMBL5879668,231.277,-0.015000000000000235,2,7,76.5,8,0,CHEMBL5879668,8.624843333333342,0.10588235294117647,,,,
ZINCf50000008UN0,CCCS(=O)(=O)NCCCOCC(=O)O,decoy,local_zinc_pool,,,,1,CCCS(=O)(=O)NCCCOCC(=O)O,matched_to_CHEMBL5883242,239.29299999999992,-0.19289999999999968,2,4,92.7,9,0,CHEMBL5883242,9.146243333333341,0.19148936170212766,,,,
ZINCf5000000WBlq,Cc1oncc1S(=O)(=O)NCS(=O)(=O)O,decoy,local_zinc_pool,,,c1cnoc1,1,Cc1oncc1S(=O)(=O)NCS(=O)(=O)O,matched_to_CHEMBL5921912,256.26099999999997,-0.8933799999999998,2,6,126.57000000000001,4,0,CHEMBL5921912,9.659426666666674,0.14457831325301204,,,,
ZINCf5000002dOlz,C[C@@H](N(C)C(=O)[C@@H]1C[C@@H]1Br)C1(O)CNC1,decoy,local_zinc_pool,,,O=C(NCC1CNC1)C1CC1,1,C[C@@H](N(C)C(=O)[C@@H]1C[C@@H]1Br)C1(O)CNC1,matched_to_CHEMBL378100,277.162,-0.0490000000000001,2,3,52.57000000000001,3,0,CHEMBL378100,5.5814333333333375,0.1282051282051282,,,,
ZINCf50000008UrJ,CCCNS(=O)(=O)N[C@H](CO)CC1CC1,decoy,local_zinc_pool,,,C1CC1,1,CCCNS(=O)(=O)N[C@H](CO)CC1CC1,matched_to_CHEMBL4102803,236.33699999999996,-0.018599999999999506,3,3,78.43,8,0,CHEMBL4102803,4.355740000000003,0.1590909090909091,,,,
ZINCf500000256q2,[N-]=[N+]=NCCNCC(=O)Nc1cnn[nH]1,decoy,local_zinc_pool,,,c1c[nH]nn1,1,[N-]=[N+]=NCCNCC(=O)Nc1cnn[nH]1,matched_to_CHEMBL5869704,210.20100000000002,-0.35690000000000016,3,5,131.46,6,0,CHEMBL5869704,9.177070000000008,0.15384615384615385,,,,
ZINCf5000001zmj8,CCOCCS(=O)(=O)NOC(C)C(=O)O,decoy,local_zinc_pool,,,,1,CCOCCS(=O)(=O)NOC(C)C(=O)O,matched_to_CHEMBL5978015,241.26500000000001,-0.6529999999999994,2,5,101.93000000000002,8,0,CHEMBL5978015,7.15299666666667,0.19148936170212766,,,,
ZINCf50000009H9b,CSC[C@H](CCO)NC(=O)CSCCN,decoy,local_zinc_pool,,,,1,CSC[C@H](CCO)NC(=O)CSCCN,matched_to_CHEMBL3819071,252.40499999999994,-0.09149999999999958,3,5,75.35,9,0,CHEMBL3819071,7.20809666666667,0.13725490196078433,,,,
ZINCf50000009O7A,C[C@@H]([C@@H](C)NCc1nnco1)S(C)(=O)=O,decoy,local_zinc_pool,,,c1nnco1,1,C[C@@H](NCc1nnco1)[C@H](C)S(C)(=O)=O,matched_to_CHEMBL3687241,233.293,-0.019200000000000106,1,6,85.09,5,0,CHEMBL3687241,6.018983333333336,0.1282051282051282,,,,
ZINCf50000029FqH,NC(=NOCc1cnco1)c1nn[nH]n1,decoy,local_zinc_pool,,,C(=NOCc1cnco1)c1nn[nH]n1,1,NC(=NOCc1cnco1)c1nn[nH]n1,matched_to_CHEMBL6064615,209.169,-0.9752000000000005,2,7,128.10000000000002,4,0,CHEMBL6064615,9.025173333333338,0.12048192771084337,,,,
ZINCf50000017PN7,C[C@@H](CC(N)=O)NS(=O)(=O)CC1(C)N=N1,decoy,local_zinc_pool,,,C1N=N1,1,C[C@@H](CC(N)=O)NS(=O)(=O)CC1(C)N=N1,matched_to_CHEMBL5849977,234.28099999999998,-0.6482999999999985,2,5,113.97999999999999,6,0,CHEMBL5849977,7.60927333333334,0.14814814814814814,,,,
ZINCf50000009G9B,CS(=O)(=O)[C@@H]1CC[C@H](NCC[N+](=O)[O-])C1,decoy,local_zinc_pool,,,C1CCCC1,1,CS(=O)(=O)[C@@H]1CC[C@H](NCC[N+](=O)[O-])C1,matched_to_CHEMBL5876084,236.29299999999998,-0.18159999999999998,1,5,89.31,5,0,CHEMBL5876084,5.516110000000006,0.10843373493975904,,,,
ZINCf50000008Hcy,C=CCn1nnnc1SC[C@H](O)[C@H](C)O,decoy,local_zinc_pool,,,c1nnn[nH]1,1,C=CCn1nnnc1SC[C@H](O)[C@H](C)O,matched_to_CHEMBL6024824,230.293,-0.3071000000000001,2,7,84.06,6,0,CHEMBL6024824,8.752976666666674,0.11363636363636363,,,,
ZINCf5000000adyO,N#CCCC[C@@H](N)C(=O)NCCCCN,decoy,local_zinc_pool,,,,1,N#CCCC[C@@H](N)C(=O)NCCCCN,matched_to_CHEMBL5877121,212.29699999999994,-0.1373199999999989,3,4,104.92999999999999,8,0,CHEMBL5877121,5.28117666666667,0.14285714285714285,,,,
ZINCf5000000apcH,O=C(CSc1n[nH]c(O)n1)NOCCF,decoy,local_zinc_pool,,,c1nc[nH]n1,1,O=C(CSc1n[nH]c(O)n1)NOCCF,matched_to_CHEMBL5859878,236.22799999999998,-0.3803000000000001,3,6,100.13000000000001,6,0,CHEMBL5859878,8.995256666666673,0.125,,,,
ZINCf5000002qM6c,C#CC#CCNC(=O)[C@H]1CC[C@H]1C(=O)O,decoy,local_zinc_pool,,,C1CCC1,1,C#CC#CCNC(=O)[C@H]1CC[C@H]1C(=O)O,matched_to_CHEMBL5267044,205.21299999999994,-0.15000000000000063,2,2,66.4,3,0,CHEMBL5267044,5.11441666666667,0.14583333333333334,,,,
ZINCf5000001ofcB,CN(CCO)c1ncnc(N)c1[N+](=O)[O-],decoy,local_zinc_pool,,,c1cncnc1,1,CN(CCO)c1ncnc(N)c1[N+](=O)[O-],matched_to_CHEMBL5816136,213.19699999999997,-0.6045000000000003,2,7,118.41,4,0,CHEMBL5816136,8.388970000000004,0.13580246913580246,,,,
ZINCf50000008Vcm,CCC[C@@H](O)[C@H](CO)NC[C@@H](O)COC,decoy,local_zinc_pool,,,,1,CCC[C@@H](O)[C@H](CO)NC[C@@H](O)COC,matched_to_CHEMBL5988926,221.29699999999997,-0.8947999999999992,4,5,81.95,9,0,CHEMBL5988926,9.19471666666667,0.14583333333333334,,,,
ZINCf50000008N25,CC(C)C(=O)NS(=O)(=O)Cc1ncon1,decoy,local_zinc_pool,,,c1ncon1,1,CC(C)C(=O)NS(=O)(=O)Cc1ncon1,matched_to_CHEMBL6024197,233.24899999999997,-0.32840000000000025,1,6,102.16,4,0,CHEMBL6024197,5.871980000000005,0.1566265060240964,,,,
ZINCf5000002rwnY,C[C@H](CN=[N+]=[N-])NC(=O)[C@@H](N)CC(=O)O,decoy,local_zinc_pool,,,,1,C[C@H](CN=[N+]=[N-])NC(=O)[C@@H](N)CC(=O)O,matched_to_CHEMBL5901726,215.213,-0.3965999999999999,3,4,141.18,6,0,CHEMBL5901726,8.817630000000005,0.15254237288135594,,,,
ZINCf5000002a4hN,CNS(=O)(=O)CCCNC(=O)[C@@H]1C[C@@H]1Br,decoy,local_zinc_pool,,,C1CC1,1,CNS(=O)(=O)CCCNC(=O)[C@@H]1C[C@@H]1Br,matched_to_CHEMBL4115504,299.19,-0.17470000000000052,2,3,75.27000000000001,6,0,CHEMBL4115504,5.626030000000005,0.11764705882352941,,,,
ZINCf50000009nZ6,CNS(=O)(=O)NCCCCN(C)C1CC1,decoy,local_zinc_pool,,,C1CC1,1,CNS(=O)(=O)NCCCCN(C)C1CC1,matched_to_CHEMBL199341,235.35299999999995,-0.08539999999999992,2,3,61.440000000000005,8,0,CHEMBL199341,2.8265199999999995,0.10465116279069768,,,,
ZINCf5000001845d,NCCCS(=O)(=O)N[C@@H]1CCC[C@@H](N)C1,decoy,local_zinc_pool,,,C1CCCCC1,1,NCCCS(=O)(=O)N[C@@H]1CCC[C@@H](N)C1,matched_to_CHEMBL4114636,235.35299999999995,-0.4754999999999987,3,4,98.21,5,0,CHEMBL4114636,5.836926666666672,0.12195121951219512,,,,
ZINCf5000002oGxy,Nc1nonc1C(=O)OCc1nncs1,decoy,local_zinc_pool,,,O=C(OCc1nncs1)c1cnon1,1,Nc1nonc1C(=O)OCc1nncs1,matched_to_CHEMBL5811937,227.20499999999998,-0.1397000000000006,1,9,117.02,3,0,CHEMBL5811937,6.7282233333333386,0.1125,,,,
ZINCf50000009GL0,CSCCS(=O)(=O)NC(=O)CSCCN,decoy,local_zinc_pool,,,,1,CSCCS(=O)(=O)NC(=O)CSCCN,matched_to_CHEMBL6030067,272.41700000000003,-0.5126999999999986,2,6,89.26,8,0,CHEMBL6030067,8.369840000000003,0.1,,,,
ZINCf5000002s2SC,COc1nnc(NC(=O)[C@H](CN)CO)s1,decoy,local_zinc_pool,,,c1nncs1,1,COc1nnc(NC(=O)[C@H](CN)CO)s1,matched_to_CHEMBL6006846,232.265,-0.9476000000000004,3,7,110.36000000000001,5,0,CHEMBL6006846,9.003886666666673,0.14285714285714285,,,,
ZINCf50000009OTI,C[C@@H]1CCS(=O)(=O)N1C(=O)CSCCN,decoy,local_zinc_pool,,,O=S1(=O)CCCN1,1,C[C@@H]1CCS(=O)(=O)N1C(=O)CSCCN,matched_to_CHEMBL5854116,252.36099999999993,-0.3710999999999988,1,5,80.47,4,0,CHEMBL5854116,5.049676666666671,0.14102564102564102,,,,
ZINCf5000002rKan,CCNS(=O)(=O)CC(=O)N(OC)C(C)C,decoy,local_zinc_pool,,,,1,CCNS(=O)(=O)CC(=O)N(OC)C(C)C,matched_to_CHEMBL2177185,238.309,-0.27589999999999937,1,4,75.71000000000001,6,0,CHEMBL2177185,5.623946666666671,0.15714285714285714,,,,
ZINCf500000096ii,CC[C@@H]1C[C@@H]1C(=O)NC[C@@H](C)S(N)(=O)=O,decoy,local_zinc_pool,,,C1CC1,1,CC[C@@H]1C[C@@H]1C(=O)NC[C@@H](C)S(N)(=O)=O,matched_to_CHEMBL4109769,234.321,-0.17429999999999912,2,3,89.25999999999999,5,0,CHEMBL4109769,5.713750000000005,0.17721518987341772,,,,
ZINCf500000260cr,C=C(I)CC(=O)NC[C@H](O)CNC(C)=O,decoy,local_zinc_pool,,,,1,C=C(I)CC(=O)NC[C@H](O)CNC(C)=O,matched_to_CHEMBL2313485,326.13400000000007,-0.061600000000000266,3,3,78.43,6,0,CHEMBL2313485,3.9538066666666696,0.18181818181818182,,,,
ZINCf50000009I18,C[C@@H](C(=O)NC1CCS(=O)CC1)N(C)C,decoy,local_zinc_pool,,,O=S1CCCCC1,1,C[C@@H](C(=O)NC1CCS(=O)CC1)N(C)C,matched_to_CHEMBL514709,232.34899999999996,-0.03619999999999979,1,3,49.410000000000004,3,0,CHEMBL514709,2.7187533333333342,0.15714285714285714,,,,
ZINCf5000000a183,C[C@H](c1nc(CCN)no1)n1cncn1,decoy,local_zinc_pool,,,c1noc(Cn2cncn2)n1,1,C[C@H](c1nc(CCN)no1)n1cncn1,matched_to_CHEMBL5808134,208.22500000000005,-0.22840000000000032,1,7,95.65,4,0,CHEMBL5808134,5.470070000000004,0.16483516483516483,,,,
ZINCf5000002aURX,O=C(Cc1csnn1)NCCSCCO,decoy,local_zinc_pool,,,c1csnn1,1,O=C(Cc1csnn1)NCCSCCO,matched_to_CHEMBL5745234,247.34499999999997,-0.07769999999999982,2,6,75.11,7,0,CHEMBL5745234,7.396246666666671,0.12698412698412698,,,,
ZINCf50000017CyI,CN(C)S(=O)(=O)CCNC(=O)C=CCF,decoy,local_zinc_pool,,,,1,CN(C)S(=O)(=O)CCNC(=O)C=CCF,matched_to_CHEMBL2347389,238.284,-0.4802999999999995,1,3,66.48,6,0,CHEMBL2347389,5.553550000000005,0.11764705882352941,,,,
ZINCf50000009nKD,CNS(=O)(=O)CCN[C@@H](C)c1csnn1,decoy,local_zinc_pool,,,c1csnn1,1,CNS(=O)(=O)CCN[C@@H](C)c1csnn1,matched_to_CHEMBL5775440,250.34900000000002,-0.2621,2,6,83.98,6,0,CHEMBL5775440,4.724176666666672,0.125,,,,
ZINCf5000000ZvOD,Cc1nc(SCC(N)=O)nc(N(C)C)n1,decoy,local_zinc_pool,,,c1ncncn1,1,Cc1nc(SCC(N)=O)nc(N(C)C)n1,matched_to_CHEMBL5747471,227.293,-0.17658000000000018,1,6,85.0,4,0,CHEMBL5747471,5.548696666666672,0.136986301369863,,,,
ZINCf5000002emZr,O=C(N[C@@H]1C[C@@H]1CF)[C@H]1CCS(=O)(=O)C1,decoy,local_zinc_pool,,,O=C(NC1CC1)C1CCS(=O)(=O)C1,1,O=C(N[C@@H]1C[C@@H]1CF)[C@H]1CCS(=O)(=O)C1,matched_to_CHEMBL3265101,235.27999999999997,-0.10470000000000002,1,3,63.24,3,0,CHEMBL3265101,4.709416666666671,0.13580246913580246,,,,
ZINCf5000002qOk8,CCCCCS(=O)(=O)NC[C@@H](O)CCN,decoy,local_zinc_pool,,,,1,CCCCCS(=O)(=O)NC[C@@H](O)CCN,matched_to_CHEMBL4068667,238.35299999999998,-0.1942999999999987,3,4,92.42,9,0,CHEMBL4068667,8.032356666666669,0.24444444444444444,,,,
ZINCf5000000a9iH,Cc1nnsc1CS(=O)(=O)C[C@H](O)CO,decoy,local_zinc_pool,,,c1csnn1,1,Cc1nnsc1CS(=O)(=O)C[C@H](O)CO,matched_to_CHEMBL5928219,252.31699999999998,-0.8854799999999998,2,7,100.38000000000001,5,0,CHEMBL5928219,6.918693333333336,0.11842105263157894,,,,
ZINCf5000000a92W,Cc1nnc(NC(=O)CCS(N)(=O)=O)s1,decoy,local_zinc_pool,,,c1nncs1,1,Cc1nnc(NC(=O)CCS(N)(=O)=O)s1,matched_to_CHEMBL3220103,250.30499999999998,-0.5363800000000001,2,6,115.03999999999999,4,0,CHEMBL3220103,6.450443333333338,0.11842105263157894,,,,
ZINCf5000001Qom4,C[C@@H](ON)C(=O)N=S(C)(=O)CCCCN,decoy,local_zinc_pool,,,,1,C[C@@H](ON)C(=O)N=S(C)(=O)CCCCN,matched_to_CHEMBL6012158,237.32499999999993,-0.3714999999999988,2,5,107.77,6,0,CHEMBL6012158,8.050320000000006,0.14,,,,
ZINCf50000009uI2,COCCN(CC#N)CCNS(C)(=O)=O,decoy,local_zinc_pool,,,,1,COCCN(CC#N)CCNS(C)(=O)=O,matched_to_CHEMBL1688303,235.309,-0.9924199999999981,1,5,82.43,8,0,CHEMBL1688303,6.779976666666668,0.09523809523809523,,,,
ZINCf5000002oEsQ,CN(C(=O)C[C@@H](O)CN)c1nnc(Br)s1,decoy,local_zinc_pool,,,c1nncs1,1,CN(C(=O)C[C@@H](O)CN)c1nnc(Br)s1,matched_to_CHEMBL3217780,295.162,-0.026899999999999813,2,6,92.34,4,0,CHEMBL3217780,6.1580333333333375,0.11904761904761904,,,,
ZINCf5000002rqfo,C[C@H]1CNCCN1C(=O)[C@]1(C)CCCN1,decoy,local_zinc_pool,,,O=C(C1CCCN1)N1CCNCC1,1,C[C@H]1CNCCN1C(=O)[C@]1(C)CCCN1,matched_to_CHEMBL416288,211.30899999999997,-0.05119999999999897,2,3,44.370000000000005,1,0,CHEMBL416288,3.021056666666668,0.125,,,,
ZINCf5000000atlx,O=C(O)CCNS(=O)(=O)Cc1ccon1,decoy,local_zinc_pool,,,c1cnoc1,1,O=C(O)CCNS(=O)(=O)Cc1ccon1,matched_to_CHEMBL6050672,234.233,-0.4313,2,5,109.5,6,0,CHEMBL6050672,8.051906666666671,0.1527777777777778,,,,
ZINCf50000008EBj,C=C(Cl)C[C@H](N)C(=O)NCCCC(N)=O,decoy,local_zinc_pool,,,,1,C=C(Cl)C[C@H](N)C(=O)NCCCC(N)=O,matched_to_CHEMBL3407579,233.69899999999996,-0.1619999999999996,3,3,98.21000000000001,7,0,CHEMBL3407579,5.935593333333337,0.1702127659574468,,,,
ZINCf50000008FwI,C=CCCCS(=O)(=O)N[C@H](CO)C(=O)O,decoy,local_zinc_pool,,,,1,C=CCCCS(=O)(=O)N[C@H](CO)C(=O)O,matched_to_CHEMBL5913446,237.277,-0.682499999999999,3,4,103.7,8,0,CHEMBL5913446,6.360513333333336,0.19148936170212766,,,,
ZINCf50000009vQr,COCCS(=O)(=O)N1CCSC[C@@H]1C#N,decoy,local_zinc_pool,,,C1CSCCN1,1,COCCS(=O)(=O)N1CCSC[C@@H]1C#N,matched_to_CHEMBL3653239,250.34499999999997,-0.09641999999999973,0,5,70.4,4,0,CHEMBL3653239,6.406100000000006,0.11627906976744186,,,,
ZINCf5000002rF5w,C[C@@H](O)C(=O)OCCCSC[C@@H](O)CO,decoy,local_zinc_pool,,,,1,C[C@@H](O)C(=O)OCCCSC[C@@H](O)CO,matched_to_CHEMBL5989834,238.30499999999998,-0.6131,3,6,86.99000000000001,8,0,CHEMBL5989834,9.12945333333334,0.14583333333333334,,,,
ZINCf50000017Z6B,C[C@]1(C(=O)N[C@@H]2CCC[C@H]2N)CCNC1,decoy,local_zinc_pool,,,O=C(NC1CCCC1)C1CCNC1,1,C[C@]1(C(=O)N[C@@H]2CCC[C@H]2N)CCNC1,matched_to_CHEMBL3693969,211.30899999999997,-0.017999999999998628,3,3,67.15,2,0,CHEMBL3693969,5.803833333333335,0.13333333333333333,,,,
ZINCf5000002s63L,COCCCS(=O)(=O)NO[C@H](C)C(=O)O,decoy,local_zinc_pool,,,,1,COCCCS(=O)(=O)NO[C@H](C)C(=O)O,matched_to_CHEMBL5879668,241.26500000000001,-0.6529999999999994,2,5,101.93000000000002,8,0,CHEMBL5879668,8.933096666666675,0.19148936170212766,,,,
ZINCf50000009un8,COCCCONC(=O)CSCC(N)=O,decoy,local_zinc_pool,,,,1,COCCCONC(=O)CSCC(N)=O,matched_to_CHEMBL5883242,236.29299999999998,-0.7107999999999985,2,5,90.65,9,0,CHEMBL5883242,9.103510000000007,0.13513513513513514,,,,
ZINCf5000000aePw,N#Cc1nn(C[C@@H](O)CO)cc1[N+](=O)[O-],decoy,local_zinc_pool,,,c1cn[nH]c1,1,N#Cc1nn(C[C@@H](O)CO)cc1[N+](=O)[O-],matched_to_CHEMBL5921912,212.165,-0.9838200000000001,2,7,125.21000000000001,4,0,CHEMBL5921912,9.715080000000007,0.16049382716049382,,,,
ZINCf50000027Yux,C/C(I)=C/C(=O)N1CC(NC(=O)CO)C1,decoy,local_zinc_pool,,,C1CNC1,1,C/C(I)=C/C(=O)N1CC(NC(=O)CO)C1,matched_to_CHEMBL378100,324.1180000000001,-0.35550000000000037,2,3,69.64,3,0,CHEMBL378100,5.289406666666668,0.1506849315068493,,,,
ZINCf5000002dVj4,CC(=O)NCC[C@@H](O)CNC(=O)C=CI,decoy,local_zinc_pool,,,,1,CC(=O)NCC[C@@H](O)CNC(=O)C=CI,matched_to_CHEMBL4102803,326.134,-0.061600000000000266,3,3,78.43,6,0,CHEMBL4102803,4.486436666666669,0.14583333333333334,,,,
ZINCf5000000Vl6O,CC(C)NS(=O)(=O)NCCSCC(=O)O,decoy,local_zinc_pool,,,,1,CC(C)NS(=O)(=O)NCCSCC(=O)O,matched_to_CHEMBL5869704,256.34899999999993,-0.36339999999999956,3,4,95.50000000000001,8,0,CHEMBL5869704,9.658323333333342,0.14583333333333334,,,,
ZINCf5000000VlQK,COCCCS(=O)(=O)NO[C@@H](C)C(=O)O,decoy,local_zinc_pool,,,,1,COCCCS(=O)(=O)NO[C@@H](C)C(=O)O,matched_to_CHEMBL5978015,241.26500000000001,-0.6529999999999994,2,5,101.93000000000002,8,0,CHEMBL5978015,7.15299666666667,0.19148936170212766,,,,
ZINCf50000017Paj,CSCCNC(=O)[C@@H](N)CCOCCO,decoy,local_zinc_pool,,,,1,CSCCNC(=O)[C@@H](N)CCOCCO,matched_to_CHEMBL3819071,236.33699999999996,-0.8080999999999994,3,5,84.58000000000001,9,0,CHEMBL3819071,7.477310000000003,0.1346153846153846,,,,
ZINCf50000009fjA,CN(CCS(N)(=O)=O)c1ncc(Br)cn1,decoy,local_zinc_pool,,,c1cncnc1,1,CN(CCS(N)(=O)=O)c1ncc(Br)cn1,matched_to_CHEMBL3687241,295.162,-0.0361999999999999,1,5,89.17999999999999,4,0,CHEMBL3687241,6.24802666666667,0.11688311688311688,,,,
ZINCf5000002d9mj,COC(=O)c1nc(O)nc(O)c1[N+](=O)[O-],decoy,local_zinc_pool,,,c1cncnc1,1,COC(=O)c1nc(O)nc(O)c1[N+](=O)[O-],matched_to_CHEMBL6064615,215.12099999999998,-0.4174000000000002,2,8,135.68,2,0,CHEMBL6064615,9.057786666666672,0.12,,,,
ZINCf5000002rw9J,C[C@@H](C#N)CS(=O)(=O)NC[C@@H](O)CC#N,decoy,local_zinc_pool,,,,1,C[C@@H](C#N)CS(=O)(=O)NC[C@@H](O)CC#N,matched_to_CHEMBL5849977,231.277,-0.6599400000000002,2,5,113.97999999999999,6,0,CHEMBL5849977,7.647073333333341,0.10465116279069768,,,,
ZINCf50000009Gaz,CS(=O)(=O)[C@H]1CC[C@@H](NCC[N+](=O)[O-])C1,decoy,local_zinc_pool,,,C1CCCC1,1,CS(=O)(=O)[C@H]1CC[C@@H](NCC[N+](=O)[O-])C1,matched_to_CHEMBL5876084,236.29299999999998,-0.18159999999999998,1,5,89.31,5,0,CHEMBL5876084,5.516110000000006,0.10843373493975904,,,,
ZINCf5000000aguE,NC(=O)CSCc1coc(S(N)(=O)=O)c1,decoy,local_zinc_pool,,,c1ccoc1,1,NC(=O)CSCc1coc(S(N)(=O)=O)c1,matched_to_CHEMBL6024824,250.301,-0.3545,2,5,116.38999999999999,5,0,CHEMBL6024824,8.791296666666675,0.13559322033898305,,,,
ZINCf5000002sc2H,CO[C@@H](CN)CC(=O)NCC[S@@](C)(=N)=O,decoy,local_zinc_pool,,,,1,CO[C@@H](CN)CC(=O)NCC[S@@](C)(=N)=O,matched_to_CHEMBL5877121,237.325,-0.8570299999999988,3,5,105.26999999999998,7,0,CHEMBL5877121,5.497103333333337,0.15254237288135594,,,,
ZINCf5000002rvPA,C[C@H](CNC(=O)[C@@H](N)CCCN)N=[N+]=[N-],decoy,local_zinc_pool,,,,1,C[C@H](CNC(=O)[C@@H](N)CCCN)N=[N+]=[N-],matched_to_CHEMBL5859878,214.27299999999997,-0.1323999999999993,3,4,129.9,7,0,CHEMBL5859878,8.358740000000004,0.17647058823529413,,,,
ZINCf5000000S4gN,C#CC[C@H](CC)NC(=O)N1CNC(=O)C1,decoy,local_zinc_pool,,,O=C1CNCN1,1,C#CC[C@H](CC)NC(=O)N1CNC(=O)C1,matched_to_CHEMBL5267044,209.24899999999997,-0.11279999999999996,2,2,61.440000000000005,3,0,CHEMBL5267044,5.1516566666666685,0.15384615384615385,,,,
ZINCf5000000Vn5I,Nc1cncnc1SCCc1nn[nH]n1,decoy,local_zinc_pool,,,c1cc(SCCc2nn[nH]n2)ncn1,1,Nc1cncnc1SCCc1nn[nH]n1,matched_to_CHEMBL5816136,223.265,-0.0933000000000001,2,7,106.26,4,0,CHEMBL5816136,8.433490000000004,0.0898876404494382,,,,
ZINCf5000000S6ep,CSCCONC(=O)N[C@@H](CO)CCO,decoy,local_zinc_pool,,,,1,CSCCONC(=O)N[C@@H](CO)CCO,matched_to_CHEMBL5988926,238.309,-0.6764999999999999,4,5,90.82000000000001,8,0,CHEMBL5988926,9.024263333333337,0.13725490196078433,,,,
ZINCf5000002aObw,C[C@H](OC(=O)Cn1cnc(Br)n1)C(N)=O,decoy,local_zinc_pool,,,c1nc[nH]n1,1,C[C@H](OC(=O)Cn1cnc(Br)n1)C(N)=O,matched_to_CHEMBL6024197,277.07800000000003,-0.5424,1,6,100.1,4,0,CHEMBL6024197,5.658756666666671,0.1518987341772152,,,,
ZINCf5000002enFV,O=C(NOC[C@@H](O)CO)c1sncc1Br,decoy,local_zinc_pool,,,c1cnsc1,1,O=C(NOC[C@@H](O)CO)c1sncc1Br,matched_to_CHEMBL5901726,297.13,-0.07980000000000026,3,6,91.68,5,0,CHEMBL5901726,9.012060000000005,0.13793103448275862,,,,
ZINCf50000008Tgh,CCCC(=O)CNC(=O)CNC(=O)CC,decoy,local_zinc_pool,,,,1,CCCC(=O)CNC(=O)CNC(=O)CC,matched_to_CHEMBL4115504,214.26499999999996,-0.0020000000000000018,2,3,75.27000000000001,7,0,CHEMBL4115504,5.8601466666666715,0.17073170731707318,,,,
ZINCf50000009vXW,COCCS(=O)(=O)N[C@@H](CO)CC1CC1,decoy,local_zinc_pool,,,C1CC1,1,COCCS(=O)(=O)N[C@@H](CO)CC1CC1,matched_to_CHEMBL199341,237.32099999999997,-0.2867999999999997,2,4,75.63000000000001,8,0,CHEMBL199341,2.9952666666666667,0.15853658536585366,,,,
ZINCf5000000S4lR,C=C(Br)CNC(=O)N[C@H](C)CS(N)(=O)=O,decoy,local_zinc_pool,,,,1,C=C(Br)CNC(=O)N[C@H](C)CS(N)(=O)=O,matched_to_CHEMBL4114636,300.17800000000005,-0.12880000000000014,3,3,101.28999999999999,5,0,CHEMBL4114636,5.580743333333339,0.16326530612244897,,,,
ZINCf50000009F96,COc1cc(COCc2nn[nH]n2)on1,decoy,local_zinc_pool,,,c1cc(COCc2nn[nH]n2)on1,1,COc1cc(COCc2nn[nH]n2)on1,matched_to_CHEMBL5811937,211.181,-0.08690000000000014,1,7,98.95,5,0,CHEMBL5811937,7.576063333333337,0.14084507042253522,,,,
ZINCf50000017Owq,CP(C)(=O)CCS(=O)(=O)NCCC(N)=O,decoy,local_zinc_pool,,,,1,CP(C)(=O)CCS(=O)(=O)NCCC(N)=O,matched_to_CHEMBL6030067,256.26399999999995,-0.5960999999999987,2,4,106.33000000000001,7,0,CHEMBL6030067,8.404170000000004,0.1095890410958904,,,,
ZINCf50000017ZBT,C[S@](=N)(=O)CCNC(=O)c1nsnc1O,decoy,local_zinc_pool,,,c1cnsn1,1,C[S@](=N)(=O)CCNC(=O)c1nsnc1O,matched_to_CHEMBL6006846,250.305,-0.3499300000000002,3,7,116.03000000000002,4,0,CHEMBL6006846,8.698240000000006,0.13114754098360656,,,,
ZINCf50000017Iar,COC(=O)CS(=O)(=O)N[C@H]1CSC1(C)C,decoy,local_zinc_pool,,,C1CSC1,1,COC(=O)CS(=O)(=O)N[C@H]1CSC1(C)C,matched_to_CHEMBL5854116,253.345,-0.02719999999999967,1,5,72.47,4,0,CHEMBL5854116,5.130570000000005,0.1282051282051282,,,,
ZINCf50000017L8k,COC[C@@H](C)[C@@H](C)NC(=O)CS(C)(=O)=O,decoy,local_zinc_pool,,,,1,COC[C@@H](C)[C@@H](C)NC(=O)CS(C)(=O)=O,matched_to_CHEMBL2177185,237.32099999999997,-0.18179999999999952,1,4,72.47,6,0,CHEMBL2177185,5.6254933333333375,0.17391304347826086,,,,
ZINCf5000002rV83,CN(CCCN)C(=O)[C@@]1(Cl)C[C@H]1C(=O)O,decoy,local_zinc_pool,,,C1CC1,1,CN(CCCN)C(=O)[C@@]1(Cl)C[C@H]1C(=O)O,matched_to_CHEMBL4109769,234.683,-0.12429999999999947,2,3,83.63,5,0,CHEMBL4109769,5.697996666666672,0.14102564102564102,,,,
ZINCf50000009VEy,C[C@H](CNC(=O)C=CI)CNC(=O)CO,decoy,local_zinc_pool,,,,1,C[C@H](CNC(=O)C=CI)CNC(=O)CO,matched_to_CHEMBL2313485,326.134,-0.20409999999999984,3,3,78.43,6,0,CHEMBL2313485,4.048806666666669,0.1276595744680851,,,,
ZINCf5000001C6KR,CN(C(=O)C(F)C1CC1)[C@@H]1COC[C@H]1O,decoy,local_zinc_pool,,,O=C(CC1CC1)NC1CCOC1,1,CN(C(=O)C(F)C1CC1)[C@@H]1COC[C@H]1O,matched_to_CHEMBL514709,217.23999999999998,-0.047400000000000275,1,3,49.77,3,0,CHEMBL514709,2.8917100000000016,0.1566265060240964,,,,
ZINCf50000009OpQ,C[C@@H]1CC(Cn2cc(CON)nn2)=NO1,decoy,local_zinc_pool,,,c1cn(CC2=NOCC2)nn1,1,C[C@@H]1CC(Cn2cc(CON)nn2)=NO1,matched_to_CHEMBL5808134,211.225,-0.16680000000000017,1,7,87.55000000000001,4,0,CHEMBL5808134,5.723003333333337,0.13253012048192772,,,,
ZINCf50000017Bhk,CC[S@@](=N)(=O)NC(=O)C(COC)COC,decoy,local_zinc_pool,,,,1,CC[S@@](=N)(=O)NC(=O)C(COC)COC,matched_to_CHEMBL5745234,238.30899999999994,-0.006729999999999459,2,5,88.48000000000002,7,0,CHEMBL5745234,7.404493333333337,0.16176470588235295,,,,
ZINCf5000002rSv3,CN(C1CCC1)S(=O)(=O)NCC[S@](C)=O,decoy,local_zinc_pool,,,C1CCC1,1,CN(C1CCC1)S(=O)(=O)NCC[S@](C)=O,matched_to_CHEMBL2347389,254.37699999999998,-0.3163999999999989,1,3,66.48,6,0,CHEMBL2347389,5.283353333333338,0.13095238095238096,,,,
ZINCf50000009otY,CN[C@@H](C)Cc1noc([C@H](CN)OC)n1,decoy,local_zinc_pool,,,c1ncon1,1,CN[C@@H](C)Cc1noc([C@H](CN)OC)n1,matched_to_CHEMBL5775440,214.26899999999998,-0.13379999999999992,2,6,86.2,6,0,CHEMBL5775440,4.910643333333339,0.14444444444444443,,,,
ZINCf5000002rwS2,C[C@@H](COC(=O)[C@H]1CCSC1)S(N)(=O)=O,decoy,local_zinc_pool,,,C1CCSC1,1,C[C@@H](COC(=O)[C@H]1CCSC1)S(N)(=O)=O,matched_to_CHEMBL5747471,253.34499999999997,-0.04029999999999989,1,5,86.46000000000001,4,0,CHEMBL5747471,5.638923333333339,0.1411764705882353,,,,
ZINCf50000023xoF,O=S(=O)(CI)N1C[C@H]2CCO[C@@]2(CO)C1,decoy,local_zinc_pool,,,C1CC2CNCC2O1,1,O=S(=O)(CI)N1C[C@H]2CCO[C@@]2(CO)C1,matched_to_CHEMBL3265101,347.1740000000002,-0.20810000000000012,1,4,66.84,3,0,CHEMBL3265101,4.303410000000002,0.12345679012345678,,,,
ZINCf5000002s7CT,COC[C@H](N)CC(=O)NCCSCCO,decoy,local_zinc_pool,,,,1,COC[C@H](N)CC(=O)NCCSCCO,matched_to_CHEMBL4068667,236.33699999999996,-0.8080999999999987,3,5,84.58,9,0,CHEMBL4068667,8.275316666666669,0.17105263157894737,,,,
ZINCf5000000a5xo,C[S@](=N)(=O)CCc1cn(CCCO)nn1,decoy,local_zinc_pool,,,c1c[nH]nn1,1,C[S@](=N)(=O)CCc1cn(CCCO)nn1,matched_to_CHEMBL5928219,232.309,-0.1204300000000002,2,6,91.86,6,0,CHEMBL5928219,6.949540000000004,0.12345679012345678,,,,
ZINCf500000098B7,CC[C@H](O)CCn1cc(S(N)(=O)=O)nn1,decoy,local_zinc_pool,,,c1c[nH]nn1,1,CC[C@H](O)CCn1cc(S(N)(=O)=O)nn1,matched_to_CHEMBL3220103,234.281,-0.9134999999999995,2,6,111.1,5,0,CHEMBL3220103,6.51969666666667,0.13333333333333333,,,,
ZINCf500000090LO,CCOC(=O)NC(=O)CSc1nn[nH]n1,decoy,local_zinc_pool,,,c1nn[nH]n1,1,CCOC(=O)NC(=O)CSc1nn[nH]n1,matched_to_CHEMBL6012158,231.23700000000002,-0.43550000000000016,2,7,109.86,4,0,CHEMBL6012158,8.070266666666672,0.14285714285714285,,,,
ZINCf5000002rLUh,CCOCCS(=O)(=O)N[C@@H](C#N)COC,decoy,local_zinc_pool,,,,1,CCOCCS(=O)(=O)N[C@@H](C#N)COC,matched_to_CHEMBL1688303,236.293,-0.5191199999999989,1,5,88.42,8,0,CHEMBL1688303,6.215003333333336,0.10666666666666667,,,,
ZINCf50000008EcU,C=C(CBr)n1cc(C[C@@H](N)C(N)=O)nn1,decoy,local_zinc_pool,,,c1c[nH]nn1,1,C=C(CBr)n1cc(C[C@@H](N)C(N)=O)nn1,matched_to_CHEMBL3217780,274.12199999999996,-0.5011999999999994,2,5,99.82,5,0,CHEMBL3217780,6.385433333333337,0.1320754716981132,,,,
ZINCf5000002qtL5,CC1(C)CN(C(=O)[C@@H]2CCNC2)CCN1,decoy,local_zinc_pool,,,O=C(C1CCNC1)N1CCNCC1,1,CC1(C)CN(C(=O)[C@@H]2CCNC2)CCN1,matched_to_CHEMBL416288,211.30899999999997,-0.19369999999999882,2,3,44.370000000000005,1,0,CHEMBL416288,3.1160566666666676,0.14102564102564102,,,,
ZINCf50000028TXa,N#Cc1nc(CNCCS(N)(=O)=O)cs1,decoy,local_zinc_pool,,,c1cscn1,1,N#Cc1nc(CNCCS(N)(=O)=O)cs1,matched_to_CHEMBL6050672,246.317,-0.6071199999999994,2,6,108.87,5,0,CHEMBL6050672,8.073480000000004,0.125,,,,
ZINCf5000002qRDI,CCC[C@@H](CN)C(=O)N[C@@H](CC)C(N)=O,decoy,local_zinc_pool,,,,1,CCC[C@@H](CN)C(=O)N[C@@H](CC)C(N)=O,matched_to_CHEMBL3407579,215.297,-0.2584999999999983,3,3,98.21000000000001,7,0,CHEMBL3407579,6.183946666666669,0.2,,,,
ZINCf5000002dTAg,CCOC[C@@H](C)N[C@H](CC(=O)O)C(=O)O,decoy,local_zinc_pool,,,,1,CCOC[C@@H](C)N[C@H](CC(=O)O)C(=O)O,matched_to_CHEMBL5913446,219.23699999999997,-0.07110000000000005,3,4,95.86,8,0,CHEMBL5913446,5.996513333333337,0.20754716981132076,,,,
ZINCf50000017xZi,CCOC(=O)C(F)(F)S(=O)(=O)N(C)OC,decoy,local_zinc_pool,,,,1,CCOC(=O)C(F)(F)S(=O)(=O)N(C)OC,matched_to_CHEMBL3653239,247.219,-0.03469999999999995,0,5,72.91000000000001,5,0,CHEMBL3653239,5.996613333333339,0.125,,,,
ZINCf5000002eaMn,CSC[C@H](CO)NC(=O)c1nonc1N,decoy,local_zinc_pool,,,c1cnon1,1,CSC[C@H](CO)NC(=O)c1nonc1N,matched_to_CHEMBL5989834,232.265,-0.8944999999999999,3,7,114.27,5,0,CHEMBL5989834,9.28625333333334,0.15476190476190477,,,,
ZINCf5000000aswM,O=C(N[C@@H]1C[C@H](O)[C@H](O)C1)C1CC=CC1,decoy,local_zinc_pool,,,O=C(NC1CCCC1)C1CC=CC1,1,O=C(N[C@H]1C[C@@H](O)[C@@H](O)C1)C1CC=CC1,matched_to_CHEMBL3693969,211.26099999999997,-0.04700000000000104,3,3,69.56,2,0,CHEMBL3693969,5.7272466666666695,0.12345679012345678,,,,
ZINCf50000009Edz,CO[C@H](CCSC)C(=O)NOCC(=O)O,decoy,local_zinc_pool,,,,1,CO[C@H](CCSC)C(=O)NOCC(=O)O,matched_to_CHEMBL5879668,237.277,-0.11310000000000026,2,5,84.86,8,0,CHEMBL5879668,9.295843333333341,0.16326530612244897,,,,
ZINCf50000009yQr,COC[C@H](C)OC[C@@H](O)CSCC(N)=O,decoy,local_zinc_pool,,,,1,COC[C@H](C)OC[C@@H](O)CSCC(N)=O,matched_to_CHEMBL5883242,237.32099999999997,-0.3826999999999993,2,5,81.78,9,0,CHEMBL5883242,9.229296666666674,0.12162162162162163,,,,
ZINCf5000002egdk,NS(=O)(=O)c1cnc(SCC(=O)O)nc1,decoy,local_zinc_pool,,,c1cncnc1,1,NS(=O)(=O)c1cnc(SCC(=O)O)nc1,matched_to_CHEMBL5921912,249.273,-0.6992999999999998,2,6,123.24000000000001,4,0,CHEMBL5921912,9.733120000000008,0.12280701754385964,,,,
ZINCf50000008T1s,CCC(F)(F)CC(=O)N1C[C@H](O)[C@@H](O)C1,decoy,local_zinc_pool,,,C1CCNC1,1,CCC(F)(F)CC(=O)N1C[C@H](O)[C@@H](O)C1,matched_to_CHEMBL378100,223.219,-0.01419999999999988,2,3,60.77000000000001,3,0,CHEMBL378100,5.769663333333336,0.15555555555555556,,,,
ZINCf50000008GiU,C=CCNCCC(=O)N[C@H](CC)C(N)=O,decoy,local_zinc_pool,,,,1,C=CCNCCC(=O)N[C@H](CC)C(N)=O,matched_to_CHEMBL4102803,213.28099999999998,-0.4677999999999986,3,3,84.22,8,0,CHEMBL4102803,4.654166666666668,0.1724137931034483,,,,
ZINCf5000002eg4T,[N-]=[N+]=NCCCC(=O)NC[C@@H](O)CCO,decoy,local_zinc_pool,,,,1,[N-]=[N+]=NCCCC(=O)NC[C@@H](O)CCO,matched_to_CHEMBL5869704,216.24099999999999,-0.06360000000000016,3,4,118.32000000000002,8,0,CHEMBL5869704,8.946736666666675,0.13725490196078433,,,,
ZINCf500000091sp,CCOCCCC(=O)NS(=O)(=O)CCN,decoy,local_zinc_pool,,,,1,CCOCCCC(=O)NS(=O)(=O)CCN,matched_to_CHEMBL5978015,238.30899999999997,-0.7921999999999978,2,5,98.49,8,0,CHEMBL5978015,7.412956666666671,0.14473684210526316,,,,
ZINCf50000027i1D,[N-]=[N+]=NCCC(=O)NCCCNCCO,decoy,local_zinc_pool,,,,1,[N-]=[N+]=NCCC(=O)NCCCNCCO,matched_to_CHEMBL3819071,215.25699999999998,-0.22499999999999998,3,4,110.12000000000002,9,0,CHEMBL3819071,6.777776666666669,0.1038961038961039,,,,
ZINCf50000026w6M,Cn1ccc(C(=O)CNS(=O)(=O)CBr)n1,decoy,local_zinc_pool,,,c1cn[nH]c1,1,Cn1ccc(C(=O)CNS(=O)(=O)CBr)n1,matched_to_CHEMBL3687241,296.146,-0.12539999999999968,1,5,81.06,5,0,CHEMBL3687241,6.122453333333336,0.1590909090909091,,,,
ZINCf5000000azI3,[N-]=[N+]=NCC(=O)Nc1nnc(C(N)=O)s1,decoy,local_zinc_pool,,,c1nncs1,1,[N-]=[N+]=NCC(=O)Nc1nnc(C(N)=O)s1,matched_to_CHEMBL6064615,227.20899999999997,-0.11419999999999975,2,6,146.73000000000002,4,0,CHEMBL6064615,9.176773333333339,0.1111111111111111,,,,
ZINCf5000000VZmM,O=C(O)C=CCNC(=O)CCC[N+](=O)[O-],decoy,local_zinc_pool,,,,1,O=C(O)C=CCNC(=O)CCC[N+](=O)[O-],matched_to_CHEMBL5849977,216.19299999999996,-0.1997,2,4,109.54000000000002,7,0,CHEMBL5849977,7.668686666666674,0.12,,,,
ZINCf50000009e7L,CN(CC(N)=O)Cc1nc(C(F)F)no1,decoy,local_zinc_pool,,,c1ncon1,1,CN(CC(N)=O)Cc1nc(C(F)F)no1,matched_to_CHEMBL5876084,220.179,-0.07570000000000005,1,5,85.25,5,0,CHEMBL5876084,5.540250000000006,0.15853658536585366,,,,
ZINCf5000002rd6l,C=C(Cl)CONC(=O)CCCS(N)(=O)=O,decoy,local_zinc_pool,,,,1,C=C(Cl)CONC(=O)CCCS(N)(=O)=O,matched_to_CHEMBL6024824,256.71099999999996,-0.14459999999999995,2,4,98.48999999999998,7,0,CHEMBL6024824,8.803263333333343,0.14285714285714285,,,,
ZINCf5000000alo6,NOCCCNC(=O)c1cc(CO)on1,decoy,local_zinc_pool,,,c1cnoc1,1,NOCCCNC(=O)c1cc(CO)on1,matched_to_CHEMBL5877121,215.209,-0.8229,3,6,110.61,6,0,CHEMBL5877121,5.481910000000003,0.18181818181818182,,,,
ZINCf50000017X3k,C[C@H](O)CONC(=O)[C@@H](N)CCCC#N,decoy,local_zinc_pool,,,,1,C[C@H](O)CONC(=O)[C@@H](N)CCCC#N,matched_to_CHEMBL5859878,215.25299999999996,-0.5638199999999995,3,5,108.37,7,0,CHEMBL5859878,8.997753333333339,0.16,,,,
ZINCf500000097HU,CC[C@H](F)C(=O)NC1CN(C(=O)NC)C1,decoy,local_zinc_pool,,,C1CNC1,1,CC[C@H](F)C(=O)NC1CN(C(=O)NC)C1,matched_to_CHEMBL5267044,217.24399999999997,-0.12570000000000014,2,2,61.440000000000005,3,0,CHEMBL5267044,5.08030666666667,0.16326530612244897,,,,
ZINCf50000009ITk,C[C@@H](CCN)C(=O)NS(=O)(=O)CCC#N,decoy,local_zinc_pool,,,,1,C[C@@H](CCN)C(=O)NS(=O)(=O)CCC#N,matched_to_CHEMBL5816136,233.29299999999995,-0.6690199999999984,2,5,113.04999999999998,6,0,CHEMBL5816136,8.445423333333338,0.13725490196078433,,,,
ZINCf50000009TKh,C[C@H](C(=O)O)C(=O)NCCCOC(=N)O,decoy,local_zinc_pool,,,,1,C[C@H](C(=O)O)C(=O)NCCCOC(=N)O,matched_to_CHEMBL5988926,218.20899999999997,-0.27722999999999903,4,4,119.71,6,0,CHEMBL5988926,9.303483333333338,0.21428571428571427,,,,
ZINCf5000002aObv,C[C@@H](OC(=O)Cn1cnc(Br)n1)C(N)=O,decoy,local_zinc_pool,,,c1nc[nH]n1,1,C[C@@H](OC(=O)Cn1cnc(Br)n1)C(N)=O,matched_to_CHEMBL6024197,277.07800000000003,-0.5424,1,6,100.1,4,0,CHEMBL6024197,5.658756666666671,0.1518987341772152,,,,
ZINCf5000000ZxaH,N=c1[nH]nc(CSc2nncc(O)n2)o1,decoy,local_zinc_pool,,,N=c1[nH]nc(CSc2nccnn2)o1,1,N=c1[nH]nc(CSc2nncc(O)n2)o1,matched_to_CHEMBL5901726,226.221,-0.33493000000000006,3,8,124.57000000000001,3,0,CHEMBL5901726,8.575636666666671,0.125,,,,
ZINCf50000008FqZ,C=CC=CCCNC(=O)CS(=O)(=O)NC,decoy,local_zinc_pool,,,,1,C=CC=CCCNC(=O)CS(=O)(=O)NC,matched_to_CHEMBL4115504,232.305,-0.21589999999999954,2,3,75.27,7,0,CHEMBL4115504,5.822346666666672,0.11764705882352941,,,,
ZINCf50000008WMX,CCN(CC(N)=O)CC(=O)NCC1CC1,decoy,local_zinc_pool,,,C1CC1,1,CCN(CC(N)=O)CC(=O)NCC1CC1,matched_to_CHEMBL199341,213.28099999999998,-0.6801999999999995,2,3,75.42999999999999,7,0,CHEMBL199341,3.0287333333333333,0.16666666666666666,,,,
ZINCf5000002sjtf,C[S@](=N)(=O)CCNC(=O)CC1CC(N)C1,decoy,local_zinc_pool,,,C1CCC1,1,C[S@](=N)(=O)CCNC(=O)CC1CC(N)C1,matched_to_CHEMBL4114636,233.33699999999996,-0.0934299999999994,3,4,96.04,5,0,CHEMBL4114636,5.677973333333338,0.13414634146341464,,,,
ZINCf5000000ZwUV,Cn1nnnc1CSc1nncc(O)n1,decoy,local_zinc_pool,,,c1cnc(SCc2nnn[nH]2)nn1,1,Cn1nnnc1CSc1nncc(O)n1,matched_to_CHEMBL5811937,225.23700000000002,-0.6070000000000007,1,9,102.5,3,0,CHEMBL5811937,7.640236666666671,0.14102564102564102,,,,
ZINCf50000009V36,C[C@H](CN)C(=O)NS(=O)(=O)CCCC#N,decoy,local_zinc_pool,,,,1,C[C@H](CN)C(=O)NS(=O)(=O)CCCC#N,matched_to_CHEMBL6030067,233.29299999999995,-0.6690199999999984,2,5,113.04999999999998,6,0,CHEMBL6030067,8.413693333333338,0.14285714285714285,,,,
ZINCf5000002rCUc,C[C@H](N=[N+]=[N-])C(=O)NC(CCN)CCN,decoy,local_zinc_pool,,,,1,C[C@H](N=[N+]=[N-])C(=O)NC(CCN)CCN,matched_to_CHEMBL6006846,214.27299999999994,-0.13239999999999885,3,4,129.9,7,0,CHEMBL6006846,8.358740000000004,0.1702127659574468,,,,
ZINCf50000017nRC,C=C(CO)COC(=O)[C@@H]1CCCS1(=O)=O,decoy,local_zinc_pool,,,O=S1(=O)CCCC1,1,C=C(CO)COC(=O)[C@@H]1CCCS1(=O)=O,matched_to_CHEMBL5854116,234.27299999999994,-0.3446999999999998,1,5,80.67,4,0,CHEMBL5854116,5.204956666666671,0.11764705882352941,,,,
ZINCf5000002ebLt,CS[C@H](C)C(=O)N(C)CCCS(N)(=O)=O,decoy,local_zinc_pool,,,,1,CS[C@H](C)C(=O)N(C)CCCS(N)(=O)=O,matched_to_CHEMBL2177185,254.37699999999995,-0.12509999999999877,1,4,80.47,6,0,CHEMBL2177185,5.553133333333338,0.14285714285714285,,,,
ZINCf5000001ZYTR,O=C(O)C1(CNS(=O)(=O)CBr)CCCO1,decoy,local_zinc_pool,,,C1CCOC1,1,O=C(O)C1(CNS(=O)(=O)CBr)CCCO1,matched_to_CHEMBL4109769,302.14600000000013,-0.1080000000000001,2,4,92.7,5,0,CHEMBL4109769,5.628900000000005,0.12048192771084337,,,,
ZINCf5000002anJ3,CNS(=O)(=O)NCCNC(=O)C=C(C)I,decoy,local_zinc_pool,,,,1,CNS(=O)(=O)NCCNC(=O)C=C(C)I,matched_to_CHEMBL2313485,347.178,-0.5048000000000004,3,3,87.30000000000001,6,0,CHEMBL2313485,4.308033333333338,0.1,,,,
ZINCf5000002dmq0,CCC1(C(=O)N2CC(O)(CF)C2)COC1,decoy,local_zinc_pool,,,O=C(C1COC1)N1CCC1,1,CCC1(C(=O)N2CC(O)(CF)C2)COC1,matched_to_CHEMBL514709,217.23999999999992,-0.04420000000000002,1,3,49.77000000000001,3,0,CHEMBL514709,2.889576666666669,0.1375,,,,
ZINCf5000000abZq,Cn1ncc(S(=O)(=O)Nc2ccon2)n1,decoy,local_zinc_pool,,,O=S(=O)(Nc1ccon1)c1cn[nH]n1,1,Cn1ncc(S(=O)(=O)Nc2ccon2)n1,matched_to_CHEMBL5808134,229.22100000000003,-0.3961000000000001,1,7,102.91,3,0,CHEMBL5808134,5.615110000000005,0.13333333333333333,,,,
ZINCf500000187Mb,O=C(CSC(F)F)NOCc1nn[nH]n1,decoy,local_zinc_pool,,,c1nn[nH]n1,1,O=C(CSC(F)F)NOCc1nn[nH]n1,matched_to_CHEMBL5745234,239.20700000000002,-0.29670000000000035,2,6,92.79,6,0,CHEMBL5745234,7.416426666666671,0.14285714285714285,,,,
ZINCf50000009Vj9,C[C@H](CN)N(C)S(=O)(=O)N(C)CC1CC1,decoy,local_zinc_pool,,,C1CC1,1,C[C@H](CN)N(C)S(=O)(=O)N(C)CC1CC1,matched_to_CHEMBL2347389,235.35299999999995,-0.14799999999999902,1,3,66.64,6,0,CHEMBL2347389,5.354926666666672,0.189873417721519,,,,
ZINCf50000017ye4,CCOC(=O)c1coc(CNCCO)n1,decoy,local_zinc_pool,,,c1cocn1,1,CCOC(=O)c1coc(CNCCO)n1,matched_to_CHEMBL5775440,214.22099999999998,-0.06680000000000008,2,6,84.59,6,0,CHEMBL5775440,4.930856666666672,0.15,,,,
ZINCf5000000WAzG,COC(=O)[C@H](CCl)NC(=O)c1ncon1,decoy,local_zinc_pool,,,c1ncon1,1,COC(=O)[C@H](CCl)NC(=O)c1ncon1,matched_to_CHEMBL5747471,233.61100000000002,-0.4202000000000006,1,6,94.32,4,0,CHEMBL5747471,5.6527300000000045,0.2054794520547945,,,,
ZINCf50000009hsv,CN1CCO[C@H](C(=O)NCC(Cl)Cl)C1=O,decoy,local_zinc_pool,,,O=C1COCCN1,1,CN1CCO[C@H](C(=O)NCC(Cl)Cl)C1=O,matched_to_CHEMBL3265101,255.10099999999997,-0.2365000000000006,1,3,58.64,3,0,CHEMBL3265101,4.693473333333337,0.20253164556962025,,,,
ZINCf50000017w8G,CCC[C@@H](O)CCNS(=O)(=O)CCCN,decoy,local_zinc_pool,,,,1,CCC[C@@H](O)CCNS(=O)(=O)CCCN,matched_to_CHEMBL4068667,238.35299999999995,-0.1942999999999987,3,4,92.42,9,0,CHEMBL4068667,8.032356666666669,0.19148936170212766,,,,
ZINCf50000008Pur,CC(C)[C@H](NC=O)C(=O)NS(=O)(=O)CI,decoy,local_zinc_pool,,,,1,CC(C)[C@H](NC=O)C(=O)NS(=O)(=O)CI,matched_to_CHEMBL5928219,348.162,-0.4045000000000001,2,4,92.34,6,0,CHEMBL5928219,6.961190000000004,0.18840579710144928,,,,
ZINCf500000094a4,CC[C@@H](C)S(=O)(=O)NC(=O)[C@@H](N)CC#N,decoy,local_zinc_pool,,,,1,CC[C@@H](C)S(=O)(=O)NC(=O)[C@@H](N)CC#N,matched_to_CHEMBL3220103,233.29299999999998,-0.5281199999999993,2,5,113.05000000000001,5,0,CHEMBL3220103,6.6946566666666705,0.1527777777777778,,,,
ZINCf5000002oFf9,COCc1nc(CN[C@@H](C)C(=O)O)no1,decoy,local_zinc_pool,,,c1ncon1,1,COCc1nc(CN[C@@H](C)C(=O)O)no1,matched_to_CHEMBL6012158,215.209,-0.2213000000000001,2,6,97.48,6,0,CHEMBL6012158,8.082946666666672,0.17333333333333334,,,,
ZINCf5000002rVwq,CN(C)CC(=O)NCCOCCN=[N+]=[N-],decoy,local_zinc_pool,,,,1,CN(C)CC(=O)NCCOCCN=[N+]=[N-],matched_to_CHEMBL1688303,215.25699999999998,-0.008900000000000352,1,4,90.33,8,0,CHEMBL1688303,6.508816666666671,0.1282051282051282,,,,
ZINCf5000002ekjp,O=C(COC(F)F)NCc1nnc(O)o1,decoy,local_zinc_pool,,,c1nnco1,1,O=C(COC(F)F)NCc1nnc(O)o1,matched_to_CHEMBL3217780,223.135,-0.36940000000000006,2,6,97.48,5,0,CHEMBL3217780,6.40103666666667,0.15254237288135594,,,,
ZINCf50000018dyC,O[C@@H]1CN(C2=NCC3(CC3)N2)CC[C@H]1F,decoy,local_zinc_pool,,,C1CCN(C2=NCC3(CC3)N2)CC1,1,O[C@@H]1CN(C2=NCC3(CC3)N2)CC[C@H]1F,matched_to_CHEMBL416288,213.25599999999997,-0.1171000000000002,2,4,47.86,0,0,CHEMBL416288,3.1851200000000017,0.10975609756097561,,,,
ZINCf500000184hi,NCCSCC(=O)NC[C@@H]1C[C@H]1[N+](=O)[O-],decoy,local_zinc_pool,,,C1CC1,1,NCCSCC(=O)NC[C@@H]1C[C@H]1[N+](=O)[O-],matched_to_CHEMBL6050672,233.29299999999998,-0.5403,2,5,98.26,7,0,CHEMBL6050672,8.083573333333337,0.09411764705882353,,,,
ZINCf50000008TFM,CCCC[C@@H](C)NC(=O)[C@H](N)CC(N)=O,decoy,local_zinc_pool,,,,1,CCCC[C@@H](C)NC(=O)[C@H](N)CC(N)=O,matched_to_CHEMBL3407579,215.29699999999997,-0.11599999999999844,3,3,98.21000000000001,7,0,CHEMBL3407579,6.0889466666666685,0.25,,,,
ZINCf5000000alkc,NOCCCC(=O)N[C@H](CCF)C(=O)O,decoy,local_zinc_pool,,,,1,NOCCCC(=O)N[C@H](CCF)C(=O)O,matched_to_CHEMBL5913446,222.21599999999998,-0.41410000000000063,3,4,101.64999999999999,8,0,CHEMBL5913446,6.2501900000000035,0.24528301886792453,,,,
ZINCf5000000absw,Cn1cnnc1C1CN(S(=O)(=O)CBr)C1,decoy,local_zinc_pool,,,c1nnc(C2CNC2)[nH]1,1,Cn1cnnc1C1CN(S(=O)(=O)CBr)C1,matched_to_CHEMBL3653239,295.16200000000003,-0.10350000000000015,0,5,68.09,3,0,CHEMBL3653239,6.370250000000006,0.12658227848101267,,,,
ZINCf5000000WBLy,NC[C@@H](O)CNc1ncc([N+](=O)[O-])cn1,decoy,local_zinc_pool,,,c1cncnc1,1,NC[C@@H](O)CNc1ncc([N+](=O)[O-])cn1,matched_to_CHEMBL5989834,213.197,-0.8836999999999999,3,7,127.2,5,0,CHEMBL5989834,8.952533333333339,0.16883116883116883,,,,
ZINCf50000017uUS,CC1CC(NC(=O)N[C@@H]2COC[C@@H]2O)C1,decoy,local_zinc_pool,,,O=C(NC1CCC1)NC1CCOC1,1,CC1CC(NC(=O)N[C@@H]2COC[C@@H]2O)C1,matched_to_CHEMBL3693969,214.26499999999996,-0.15620000000000006,3,3,70.59,2,0,CHEMBL3693969,5.75760666666667,0.1388888888888889,,,,
ZINCf5000002rGk8,CCn1nnc(CNCCSCCO)n1,decoy,local_zinc_pool,,,c1nn[nH]n1,1,CCn1nnc(CNCCSCCO)n1,matched_to_CHEMBL5879668,231.325,-0.49189999999999995,2,7,75.86,8,0,CHEMBL5879668,8.967896666666675,0.10526315789473684,,,,
ZINCf5000002s57x,COCC[C@@H](N)CNS(=O)(=O)CCCCl,decoy,local_zinc_pool,,,,1,COCC[C@@H](N)CNS(=O)(=O)CCCCl,matched_to_CHEMBL5883242,258.77099999999996,-0.10149999999999859,2,4,81.41999999999999,9,0,CHEMBL5883242,9.341730000000009,0.11538461538461539,,,,
ZINCf50000009zqC,COC[C@H](N)c1nc(-c2nc[nH]n2)no1,decoy,local_zinc_pool,,,c1nc(-c2ncon2)n[nH]1,1,COC[C@H](N)c1nc(-c2nc[nH]n2)no1,matched_to_CHEMBL5921912,210.19700000000003,-0.49910000000000004,2,7,115.74,4,0,CHEMBL5921912,9.79041333333334,0.15217391304347827,,,,
ZINCf5000000a0u4,C[C@H](O)[C@@](C)(O)C(=O)N1C[C@H]2[C@H](Br)[C@H]2C1,decoy,local_zinc_pool,,,C1NCC2CC12,1,C[C@H](O)[C@@](C)(O)C(=O)N1C[C@@H]2[C@@H](Br)[C@@H]2C1,matched_to_CHEMBL378100,278.146,-0.030100000000000016,2,3,60.77,2,0,CHEMBL378100,5.730993333333336,0.1282051282051282,,,,
ZINCf500000186rO,N[C@H](CCOCCO)C(=O)NCC=CBr,decoy,local_zinc_pool,,,,1,N[C@H](CCOCCO)C(=O)NCC=CBr,matched_to_CHEMBL4102803,281.15,-0.2625000000000004,3,4,84.58000000000001,8,0,CHEMBL4102803,4.324210000000002,0.11688311688311688,,,,
ZINCf50000024ITY,C[C@@H](CCO)NC(=O)CNCCN=[N+]=[N-],decoy,local_zinc_pool,,,,1,C[C@@H](CCO)NC(=O)CNCCN=[N+]=[N-],matched_to_CHEMBL5869704,215.25699999999998,-0.22660000000000036,3,4,110.11999999999999,8,0,CHEMBL5869704,9.393243333333343,0.14285714285714285,,,,
ZINCf50000009B9R,CON(CCCO)C(=O)CSCC(=O)O,decoy,local_zinc_pool,,,,1,CON(CCCO)C(=O)CSCC(=O)O,matched_to_CHEMBL5978015,237.27699999999996,-0.4234000000000003,2,5,87.07000000000001,8,0,CHEMBL5978015,7.634210000000005,0.14583333333333334,,,,
ZINCf5000002rLOE,CCOCCONC(=O)[C@@H](O)CCCN,decoy,local_zinc_pool,,,,1,CCOCCONC(=O)[C@@H](O)CCCN,matched_to_CHEMBL3819071,220.26899999999998,-0.8294999999999988,3,5,93.81,9,0,CHEMBL3819071,7.283056666666669,0.1875,,,,
ZINCf50000017yY2,CCS(=O)(=O)CC(=O)NCc1cnsn1,decoy,local_zinc_pool,,,c1cnsn1,1,CCS(=O)(=O)CC(=O)NCc1cnsn1,matched_to_CHEMBL3687241,249.317,-0.41100000000000003,1,6,89.02,5,0,CHEMBL3687241,5.962743333333337,0.1724137931034483,,,,
ZINCf5000000acCI,Cn1nnc(CSc2n[nH]c(CO)n2)n1,decoy,local_zinc_pool,,,c1nc(SCc2nn[nH]n2)n[nH]1,1,Cn1nnc(CSc2n[nH]c(CO)n2)n1,matched_to_CHEMBL6064615,227.25300000000001,-0.8872000000000002,2,8,105.4,4,0,CHEMBL6064615,9.19366666666667,0.1276595744680851,,,,
ZINCf5000000VlVJ,COCc1cc(C=NNCC(=O)O)on1,decoy,local_zinc_pool,,,c1cnoc1,1,COCc1cc(C=NNCC(=O)O)on1,matched_to_CHEMBL5849977,213.19299999999998,-0.1709000000000001,2,6,96.95,6,0,CHEMBL5849977,7.683086666666675,0.1625,,,,
ZINCf5000000ag9b,NC(=O)CCOC(=O)Cn1cc(Cl)cn1,decoy,local_zinc_pool,,,c1cn[nH]c1,1,NC(=O)CCOC(=O)Cn1cc(Cl)cn1,matched_to_CHEMBL5876084,231.639,-0.04490000000000016,1,5,87.21000000000002,5,0,CHEMBL5876084,5.387516666666673,0.16883116883116883,,,,
ZINCf5000000ayEj,OC[C@@H](O)CSCc1nnnn1C1CC1,decoy,local_zinc_pool,,,c1nnnn1C1CC1,1,OC[C@@H](O)CSCc1nnnn1C1CC1,matched_to_CHEMBL6024824,230.29300000000003,-0.4056000000000002,2,7,84.06,6,0,CHEMBL6024824,8.818643333333341,0.12941176470588237,,,,
ZINCf5000002aW6B,O=C(NOC[C@H](O)CO)c1cc(Br)no1,decoy,local_zinc_pool,,,c1cnoc1,1,O=C(NOC[C@H](O)CO)c1cc(Br)no1,matched_to_CHEMBL5877121,281.062,-0.5483000000000002,3,6,104.82000000000001,5,0,CHEMBL5877121,5.371913333333336,0.16304347826086957,,,,
ZINCf50000026Fx1,[N-]=[N+]=NCCNCC(=O)Nc1nn[nH]n1,decoy,local_zinc_pool,,,c1nn[nH]n1,1,[N-]=[N+]=NCCNCC(=O)Nc1nn[nH]n1,matched_to_CHEMBL5859878,211.18900000000002,-0.9619,3,6,144.35000000000002,6,0,CHEMBL5859878,8.632580000000006,0.12195121951219512,,,,
ZINCf5000002qPRB,CC(C)[C@H](Br)C(=O)N[C@@H]1CC(=O)NC1=O,decoy,local_zinc_pool,,,O=C1CCC(=O)N1,1,CC(C)[C@H](Br)C(=O)N[C@@H]1CC(=O)NC1=O,matched_to_CHEMBL5267044,277.11800000000005,-0.06280000000000013,2,3,75.27000000000001,3,0,CHEMBL5267044,5.192033333333335,0.1506849315068493,,,,
ZINCf500000091ue,CCOCCCNS(=O)(=O)c1cnn[nH]1,decoy,local_zinc_pool,,,c1c[nH]nn1,1,CCOCCCNS(=O)(=O)c1cnn[nH]1,matched_to_CHEMBL5816136,234.28100000000003,-0.49039999999999945,2,5,96.97,7,0,CHEMBL5816136,8.459663333333337,0.18181818181818182,,,,
ZINCf5000002aTAV,Nc1nc(SC[C@@H](O)CF)nc(O)c1N,decoy,local_zinc_pool,,,c1cncnc1,1,Nc1nc(SC[C@@H](O)CF)nc(O)c1N,matched_to_CHEMBL5988926,234.25599999999997,-0.23090000000000022,4,7,118.28,4,0,CHEMBL5988926,8.66932666666667,0.09302325581395349,,,,
ZINCf5000000ahoM,NC(=O)c1cn(Cc2nnsc2Cl)nn1,decoy,local_zinc_pool,,,c1cn(Cc2csnn2)nn1,1,NC(=O)c1cn(Cc2nnsc2Cl)nn1,matched_to_CHEMBL6024197,244.667,-0.06980000000000025,1,7,99.58000000000001,3,0,CHEMBL6024197,5.688600000000004,0.1518987341772152,,,,
ZINCf5000002rE6b,C[C@H](O)[C@H](NC(=O)CCN=[N+]=[N-])C(=O)O,decoy,local_zinc_pool,,,,1,C[C@H](O)[C@H](NC(=O)CCN=[N+]=[N-])C(=O)O,matched_to_CHEMBL5901726,216.197,-0.36300000000000027,3,4,135.39,6,0,CHEMBL5901726,8.761790000000007,0.17857142857142858,,,,
ZINCf5000002rgpg,CCCN(C)S(=O)(=O)NC[C@@H]1C[C@H]1CN,decoy,local_zinc_pool,,,C1CC1,1,CCCN(C)S(=O)(=O)NC[C@@H]1C[C@H]1CN,matched_to_CHEMBL4115504,235.35299999999995,-0.24259999999999804,2,3,75.43,7,0,CHEMBL4115504,5.803266666666672,0.10227272727272728,,,,
ZINCf5000002a5jV,O=CNCCCS(=O)(=O)NC[C@@H]1C[C@@H]1Br,decoy,local_zinc_pool,,,C1CC1,1,O=CNCCCS(=O)(=O)NC[C@@H]1C[C@@H]1Br,matched_to_CHEMBL199341,299.19,-0.17469999999999963,2,3,75.27,8,0,CHEMBL199341,3.0248233333333334,0.08860759493670886,,,,
ZINCf5000000ZrzF,CC[C@H](O)[C@H](C)NS(=O)(=O)c1cn[nH]c1,decoy,local_zinc_pool,,,c1cn[nH]c1,1,CC[C@H](O)[C@H](C)NS(=O)(=O)c1cn[nH]c1,matched_to_CHEMBL4114636,233.293,-0.15260000000000024,3,4,95.08000000000001,5,0,CHEMBL4114636,5.7562600000000055,0.17567567567567569,,,,
ZINCf5000000Ztfr,COC[C@H](O)C(=O)OCc1nonc1C,decoy,local_zinc_pool,,,c1cnon1,1,COC[C@H](O)C(=O)OCc1nonc1C,matched_to_CHEMBL5811937,216.19299999999998,-0.5714800000000004,1,7,94.68,5,0,CHEMBL5811937,8.019796666666672,0.13333333333333333,,,,
ZINCf50000009K5v,C[C@@H](CNC(=O)CSCC#N)S(N)(=O)=O,decoy,local_zinc_pool,,,,1,C[C@@H](CNC(=O)CSCC#N)S(N)(=O)=O,matched_to_CHEMBL6030067,251.33299999999997,-0.9636199999999988,2,5,113.04999999999998,6,0,CHEMBL6030067,8.42969333333334,0.11320754716981132,,,,
ZINCf5000000afsz,N=c1ncnc(SCc2nnc(O)s2)[nH]1,decoy,local_zinc_pool,,,N=c1ncnc(SCc2nncs2)[nH]1,1,N=c1ncnc(SCc2nnc(O)s2)[nH]1,matched_to_CHEMBL6006846,242.28900000000004,0.13357000000000008,3,8,111.43,3,0,CHEMBL6006846,8.640066666666673,0.10227272727272728,,,,
ZINCf5000002qAao,C[C@@]1(NS(=O)(=O)OC2CC2)CCOC1=O,decoy,local_zinc_pool,,,O=C1OCCC1NS(=O)(=O)OC1CC1,1,C[C@@]1(NS(=O)(=O)OC2CC2)CCOC1=O,matched_to_CHEMBL5854116,235.26099999999994,-0.2946000000000002,1,5,81.70000000000002,4,0,CHEMBL5854116,5.184476666666672,0.16091954022988506,,,,
ZINCf500000097Cj,CC[C@H](COC)NC(=O)[C@@H](C)S(C)(=O)=O,decoy,local_zinc_pool,,,,1,CC[C@H](COC)NC(=O)[C@@H](C)S(C)(=O)=O,matched_to_CHEMBL2177185,237.321,-0.03929999999999967,1,4,72.47,6,0,CHEMBL2177185,5.530493333333338,0.20588235294117646,,,,
ZINCf50000008E9o,C=C(C)CS(=O)(=O)NC1(C(N)=O)CCC1,decoy,local_zinc_pool,,,C1CCC1,1,C=C(C)CS(=O)(=O)NC1(C(N)=O)CCC1,matched_to_CHEMBL4109769,232.30499999999992,-0.11010000000000075,2,3,89.25999999999999,5,0,CHEMBL4109769,5.691110000000007,0.14285714285714285,,,,
ZINCf5000000ajB7,NCCSCC(=O)N[C@@H]1CC[C@H](CN)C1,decoy,local_zinc_pool,,,C1CCCC1,1,NCCSCC(=O)N[C@@H]1CC[C@H](CN)C1,matched_to_CHEMBL2313485,231.36499999999995,-0.07809999999999889,3,4,81.14,6,0,CHEMBL2313485,4.43529666666667,0.1643835616438356,,,,
ZINCf5000002rVsg,CNCCC(=O)N1CC[S@@](=O)C(C)(C)C1,decoy,local_zinc_pool,,,O=S1CCNCC1,1,CNCCC(=O)N1CC[S@@](=O)C(C)(C)C1,matched_to_CHEMBL514709,232.34899999999996,-0.0345999999999993,1,3,49.410000000000004,3,0,CHEMBL514709,2.7176866666666673,0.12658227848101267,,,,
ZINCf50000009XDh,C[C@H](N)Cc1cn(Cc2cnon2)nn1,decoy,local_zinc_pool,,,c1cn(Cc2cnon2)nn1,1,C[C@H](N)Cc1cn(Cc2cnon2)nn1,matched_to_CHEMBL5808134,208.22500000000002,-0.40090000000000003,1,7,95.65,4,0,CHEMBL5808134,5.5850700000000035,0.11956521739130435,,,,
ZINCf5000002rkba,CC(C)SCC(=O)NNc1nncnn1,decoy,local_zinc_pool,,,c1nncnn1,1,CC(C)SCC(=O)NNc1nncnn1,matched_to_CHEMBL5745234,228.28100000000003,-0.1487000000000004,2,7,92.69,5,0,CHEMBL5745234,7.431020000000005,0.17543859649122806,,,,
ZINCf5000001rUt8,COCC1(CO)CCN(S(=O)(=O)CBr)C1,decoy,local_zinc_pool,,,C1CCNC1,1,COCC1(CO)CCN(S(=O)(=O)CBr)C1,matched_to_CHEMBL2347389,302.19000000000005,-0.0005999999999997119,1,4,66.84,5,0,CHEMBL2347389,5.580290000000004,0.18181818181818182,,,,
ZINCf5000002scy2,CO[C@H](CO)CNS(=O)(=O)c1nccs1,decoy,local_zinc_pool,,,c1cscn1,1,CO[C@H](CO)CNS(=O)(=O)c1nccs1,matched_to_CHEMBL5775440,252.317,-0.5712999999999999,2,6,88.52,6,0,CHEMBL5775440,4.729030000000004,0.1927710843373494,,,,
ZINCf5000000aby6,Cn1cnnc1S(=O)(=O)CCC(C)(C)O,decoy,local_zinc_pool,,,c1nnc[nH]1,1,Cn1cnnc1S(=O)(=O)CCC(C)(C)O,matched_to_CHEMBL5747471,233.29299999999995,-0.2501999999999999,1,6,85.08,4,0,CHEMBL5747471,5.534576666666672,0.1566265060240964,,,,
ZINCf500000267uy,CN(CC(=O)NC1CC(Br)C1)S(C)(=O)=O,decoy,local_zinc_pool,,,C1CCC1,1,CN(CC(=O)NC1CC(Br)C1)S(C)(=O)=O,matched_to_CHEMBL3265101,299.19000000000005,-0.08009999999999984,1,3,66.48,4,0,CHEMBL3265101,4.683516666666669,0.136986301369863,,,,
ZINCf5000002qOlN,CCCCCS(=O)(=O)N[C@H](CO)CCO,decoy,local_zinc_pool,,,,1,CCCCCS(=O)(=O)N[C@H](CO)CCO,matched_to_CHEMBL4068667,239.337,-0.16070000000000012,3,4,86.63000000000001,9,0,CHEMBL4068667,8.231716666666669,0.2558139534883721,,,,
ZINCf5000000Zy49,Nc1nonc1C(=O)NCCOCCF,decoy,local_zinc_pool,,,c1cnon1,1,Nc1nonc1C(=O)NCCOCCF,matched_to_CHEMBL5928219,218.18799999999993,-0.6323000000000003,2,6,103.27,6,0,CHEMBL5928219,6.9755966666666716,0.13924050632911392,,,,
ZINCf5000000WAOI,COc1ncncc1NCCS(N)(=O)=O,decoy,local_zinc_pool,,,c1cncnc1,1,COc1ncncc1NCCS(N)(=O)=O,matched_to_CHEMBL3220103,232.26499999999996,-0.8143999999999993,2,6,107.19999999999999,5,0,CHEMBL3220103,6.629790000000004,0.13924050632911392,,,,
ZINCf5000000SKrI,CCOCCCn1cc([C@H](N)CO)nn1,decoy,local_zinc_pool,,,c1c[nH]nn1,1,CCOCCCn1cc([C@H](N)CO)nn1,matched_to_CHEMBL6012158,214.269,-0.30319999999999997,2,6,86.19,7,0,CHEMBL6012158,8.098546666666673,0.13580246913580246,,,,
ZINCf5000001wrKt,CCC(O)CS(=O)(=O)CCCS(C)(=O)=O,decoy,local_zinc_pool,,,,1,CCC(O)CS(=O)(=O)CCCS(C)(=O)=O,matched_to_CHEMBL1688303,258.361,-0.39319999999999977,1,5,88.50999999999999,7,0,CHEMBL1688303,6.406776666666671,0.16279069767441862,,,,
ZINCf5000000apS0,O=C(Cn1ncnn1)Nc1n[nH]cc1I,decoy,local_zinc_pool,,,O=C(Cn1ncnn1)Nc1cc[nH]n1,1,O=C(Cn1ncnn1)Nc1n[nH]cc1I,matched_to_CHEMBL3217780,319.06600000000003,-0.36050000000000043,2,6,101.38,3,0,CHEMBL3217780,6.279793333333337,0.15384615384615385,,,,
ZINCf5000001PM9z,O=C([C@@H]1C[C@H](Cl)CN1)N1CCCC(O)C1,decoy,local_zinc_pool,,,O=C(C1CCCN1)N1CCCCC1,1,O=C([C@@H]1C[C@H](Cl)CN1)N1CCCC(O)C1,matched_to_CHEMBL416288,232.71099999999998,-0.061000000000000554,2,3,52.57000000000001,1,0,CHEMBL416288,3.141570000000002,0.14942528735632185,,,,
ZINCf5000000ZsXj,COC(=O)[C@@H](O)CCNCc1csnn1,decoy,local_zinc_pool,,,c1csnn1,1,COC(=O)[C@@H](O)CCNCc1csnn1,matched_to_CHEMBL6050672,231.27700000000002,-0.44830000000000036,2,7,84.34,6,0,CHEMBL6050672,8.099200000000003,0.17105263157894737,,,,
ZINCf5000002qWbx,CC[C@](C)(N)C(=O)NCCCCC(N)=O,decoy,local_zinc_pool,,,,1,CC[C@](C)(N)C(=O)NCCCCC(N)=O,matched_to_CHEMBL3407579,215.29699999999994,-0.11439999999999884,3,3,98.21000000000001,7,0,CHEMBL3407579,6.087880000000002,0.15217391304347827,,,,
ZINCf5000002dEwn,CCCOCCC(=O)NCCC(=O)NO,decoy,local_zinc_pool,,,,1,CCCOCCC(=O)NCCC(=O)NO,matched_to_CHEMBL5913446,218.253,-0.1851999999999986,3,4,87.66,8,0,CHEMBL5913446,6.410420000000002,0.15217391304347827,,,,
ZINCf5000000939z,CCS(=O)(=O)CCN1CC[C@H]1C(=O)OC,decoy,local_zinc_pool,,,C1CNC1,1,CCS(=O)(=O)CCN1CC[C@H]1C(=O)OC,matched_to_CHEMBL3653239,235.30499999999995,-0.33159999999999945,0,5,63.68000000000001,5,0,CHEMBL3653239,6.263686666666673,0.16455696202531644,,,,
ZINCf5000000ZtaC,COC[C@@H](C)CNc1nnc(O)nc1O,decoy,local_zinc_pool,,,c1cnncn1,1,COC[C@@H](C)CNc1nnc(O)nc1O,matched_to_CHEMBL5989834,214.22500000000002,-0.022800000000000264,3,7,100.39,5,0,CHEMBL5989834,9.440720000000006,0.14473684210526316,,,,
ZINCf50000026qzT,O=C1NCCNC[C@@H]1NC(=O)C1(Br)CC1,decoy,local_zinc_pool,,,O=C(NC1CNCCNC1=O)C1CC1,1,O=C1NCCNC[C@@H]1NC(=O)C1(Br)CC1,matched_to_CHEMBL3693969,276.13400000000007,-0.8818999999999997,3,3,70.23,2,0,CHEMBL3693969,5.608316666666669,0.13580246913580246,,,,
ZINCf50000028TAZ,[N-]=[N+]=NCCCOCC(=O)NCC(N)=O,decoy,local_zinc_pool,,,,1,[N-]=[N+]=NCCCOCC(=O)NCC(N)=O,matched_to_CHEMBL5879668,215.213,-0.6950999999999996,2,4,130.18,8,0,CHEMBL5879668,9.106083333333341,0.11392405063291139,,,,
ZINCf5000000WArE,COC(=O)CCS(=O)(=O)NCCCCN,decoy,local_zinc_pool,,,,1,COC(=O)CCS(=O)(=O)NCCCCN,matched_to_CHEMBL5883242,238.30899999999997,-0.7921999999999982,2,5,98.49,8,0,CHEMBL5883242,9.324016666666672,0.12244897959183673,,,,
ZINCf5000002scj7,CO[C@@H](CN)CNS(=O)(=O)c1ccns1,decoy,local_zinc_pool,,,c1cnsc1,1,CO[C@@H](CN)CNS(=O)(=O)c1ccns1,matched_to_CHEMBL5921912,251.33300000000003,-0.6048999999999995,2,6,94.30999999999999,6,0,CHEMBL5921912,9.806786666666675,0.15,,,,
ZINCf5000002r2Ks,CC[C@@H](Br)C(=O)N[C@H]1COCCNC1=O,decoy,local_zinc_pool,,,O=C1CCOCCN1,1,CC[C@@H](Br)C(=O)N[C@H]1COCCNC1=O,matched_to_CHEMBL378100,279.134,-0.2088999999999998,2,3,67.43,3,0,CHEMBL378100,5.553113333333337,0.1724137931034483,,,,
ZINCf5000000VZfJ,C[C@H](CF)CC(=O)NCC[C@H](O)C(=O)O,decoy,local_zinc_pool,,,,1,C[C@H](CF)CC(=O)NCC[C@H](O)C(=O)O,matched_to_CHEMBL4102803,221.22799999999998,-0.06610000000000027,3,3,86.63000000000001,7,0,CHEMBL4102803,4.710496666666669,0.2037037037037037,,,,
ZINCf5000002ov2H,Cc1nc(CC(=N)NOCCCO)no1,decoy,local_zinc_pool,,,c1ncon1,1,Cc1nc(CC(=N)NOCCCO)no1,matched_to_CHEMBL5869704,214.22499999999997,-0.1986099999999999,3,6,104.26,6,0,CHEMBL5869704,9.619303333333342,0.11578947368421053,,,,
ZINCf5000002aOJy,CCn1nnc(CSCCNCCN)n1,decoy,local_zinc_pool,,,c1nn[nH]n1,1,CCn1nnc(CSCCNCCN)n1,matched_to_CHEMBL5978015,230.34099999999995,-0.5254999999999981,2,7,81.65,8,0,CHEMBL5978015,6.988436666666671,0.0875,,,,
ZINCf5000000SMmi,C[C@@H](O)[C@@H](O)CNC(=O)CCCN=[N+]=[N-],decoy,local_zinc_pool,,,,1,C[C@@H](O)[C@@H](O)CNC(=O)CCCN=[N+]=[N-],matched_to_CHEMBL3819071,216.24099999999999,-0.06520000000000081,3,4,118.32000000000001,7,0,CHEMBL3819071,7.410203333333338,0.14,,,,
ZINCf50000008L01,CC(=O)OCCNS(=O)(=O)c1cscn1,decoy,local_zinc_pool,,,c1cscn1,1,CC(=O)OCCNS(=O)(=O)c1cscn1,matched_to_CHEMBL3687241,250.30100000000002,-0.015500000000000236,1,6,85.36,5,0,CHEMBL3687241,5.83563666666667,0.18181818181818182,,,,
ZINCf5000000aa1V,Cn1c(O)nnc1CNC(=O)CN=[N+]=[N-],decoy,local_zinc_pool,,,c1nnc[nH]1,1,Cn1c(O)nnc1CNC(=O)CN=[N+]=[N-],matched_to_CHEMBL6064615,211.185,-0.5528000000000004,2,6,128.8,4,0,CHEMBL6064615,9.195413333333338,0.14516129032258066,,,,
ZINCf50000029gb5,COC(=O)CONC(=O)C=CSCCO,decoy,local_zinc_pool,,,,1,COC(=O)CONC(=O)C=CSCCO,matched_to_CHEMBL5849977,235.261,-0.5536000000000001,2,6,84.86,7,0,CHEMBL5849977,7.701140000000008,0.10526315789473684,,,,
ZINCf50000009zw4,COC[C@H](NS(=O)(=O)C(Cl)Cl)C(=O)OC,decoy,local_zinc_pool,,,,1,COC[C@H](NS(=O)(=O)C(Cl)Cl)C(=O)OC,matched_to_CHEMBL5876084,280.129,-0.1449999999999998,1,5,81.7,6,0,CHEMBL5876084,5.628950000000005,0.19402985074626866,,,,
ZINCf5000002s7NE,COC[C@@H](N)C(=O)Nc1nnc(C#N)s1,decoy,local_zinc_pool,,,c1nncs1,1,COC[C@@H](N)C(=O)Nc1nnc(C#N)s1,matched_to_CHEMBL6024824,227.24900000000002,-0.6780200000000001,2,7,113.91999999999999,4,0,CHEMBL6024824,8.836296666666675,0.14102564102564102,,,,
ZINCf50000017nnX,C=C(Br)CNC(=O)[C@@H](N)CCOCCO,decoy,local_zinc_pool,,,,1,C=C(Br)CNC(=O)[C@@H](N)CCOCCO,matched_to_CHEMBL5877121,281.15,-0.26250000000000057,3,4,84.58000000000001,8,0,CHEMBL5877121,5.4901000000000035,0.16,,,,
ZINCf5000000ZxFI,NCCONC(=O)c1nc(Br)cnc1N,decoy,local_zinc_pool,,,c1cnccn1,1,NCCONC(=O)c1nc(Br)cnc1N,matched_to_CHEMBL5859878,276.094,-0.5586,3,6,116.14999999999999,4,0,CHEMBL5859878,9.07466333333334,0.15584415584415584,,,,
ZINCf50000017G1T,CNC(=O)N[C@@H](C)C(=O)N1CC[C@H]1CF,decoy,local_zinc_pool,,,C1CNC1,1,CNC(=O)N[C@@H](C)C(=O)N1CC[C@H]1CF,matched_to_CHEMBL5267044,217.24399999999994,-0.12570000000000014,2,2,61.440000000000005,3,0,CHEMBL5267044,5.08030666666667,0.16216216216216217,,,,
ZINCf50000009aCA,CCn1cnc(NC(=O)CCCON)n1,decoy,local_zinc_pool,,,c1nc[nH]n1,1,CCn1cnc(NC(=O)CCCON)n1,matched_to_CHEMBL5816136,213.24099999999996,-0.09300000000000053,2,6,95.06,6,0,CHEMBL5816136,8.481530000000005,0.17721518987341772,,,,
ZINCf5000000Zy3p,Nc1ncnc(N[C@@H](CO)CCO)c1Br,decoy,local_zinc_pool,,,c1cncnc1,1,Nc1ncnc(N[C@@H](CO)CCO)c1Br,matched_to_CHEMBL5988926,277.12199999999996,-0.023500000000000132,4,6,104.29,5,0,CHEMBL5988926,8.662000000000006,0.13095238095238096,,,,
ZINCf50000009rEa,COC(=O)[C@H](C)ONC(=O)c1csnn1,decoy,local_zinc_pool,,,c1csnn1,1,COC(=O)[C@H](C)ONC(=O)c1csnn1,matched_to_CHEMBL6024197,231.233,-0.23900000000000027,1,7,90.41,4,0,CHEMBL6024197,5.802540000000004,0.19444444444444445,,,,
ZINCf5000002enFp,O=C(NOC[C@H](O)CO)c1cc(Br)sn1,decoy,local_zinc_pool,,,c1cnsc1,1,O=C(NOC[C@H](O)CO)c1cc(Br)sn1,matched_to_CHEMBL5901726,297.13,-0.0798000000000001,3,6,91.68,5,0,CHEMBL5901726,9.012060000000005,0.14285714285714285,,,,
ZINCf5000002dEgS,CC(C)NS(=O)(=O)CCN[S@](=O)C1CC1,decoy,local_zinc_pool,,,C1CC1,1,CC(C)NS(=O)(=O)CCN[S@](=O)C1CC1,matched_to_CHEMBL4115504,254.37699999999995,-0.2700999999999991,2,3,75.27000000000001,7,0,CHEMBL4115504,5.6377600000000045,0.13924050632911392,,,,
ZINCf50000008Kmd,CC(=O)NCCNS(=O)(=O)CCC1CC1,decoy,local_zinc_pool,,,C1CC1,1,CC(=O)NCCNS(=O)(=O)CCC1CC1,matched_to_CHEMBL199341,234.32099999999994,-0.1579999999999997,2,3,75.27000000000001,7,0,CHEMBL199341,2.8649999999999998,0.17142857142857143,,,,
ZINCf5000002aWse,O=S(=O)(NCC1(O)CC1)c1c[nH]nc1Br,decoy,local_zinc_pool,,,O=S(=O)(NCC1CC1)c1cn[nH]c1,1,O=S(=O)(NCC1(O)CC1)c1c[nH]nc1Br,matched_to_CHEMBL4114636,296.14599999999996,-0.024600000000000566,3,4,95.08,4,0,CHEMBL4114636,5.542396666666674,0.12345679012345678,,,,
ZINCf50000024UiZ,Cn1nnc(S(=O)(=O)NCP(C)(C)=O)n1,decoy,local_zinc_pool,,,c1nn[nH]n1,1,Cn1nnc(S(=O)(=O)NCP(C)(C)=O)n1,matched_to_CHEMBL5811937,253.22399999999996,-0.9313999999999991,1,7,106.83999999999999,4,0,CHEMBL5811937,7.9030333333333385,0.10256410256410256,,,,
ZINCf50000009TRd,C[C@H](C(=O)O)n1cc(COCCN)nn1,decoy,local_zinc_pool,,,c1c[nH]nn1,1,C[C@H](C(=O)O)n1cc(COCCN)nn1,matched_to_CHEMBL6030067,214.22499999999997,-0.6009999999999989,2,6,103.25999999999999,6,0,CHEMBL6030067,8.450626666666672,0.18666666666666668,,,,
ZINCf5000002emwU,O=C(NCCSCCO)c1cnc(O)o1,decoy,local_zinc_pool,,,c1cocn1,1,O=C(NCCSCCO)c1cnc(O)o1,matched_to_CHEMBL6006846,232.26100000000002,-0.16449999999999998,3,6,95.59,6,0,CHEMBL6006846,9.072660000000006,0.14754098360655737,,,,
ZINCf500000187N5,O=C(C[C@@H]1C=CS(=O)(=O)C1)O[C@H](F)CO,decoy,local_zinc_pool,,,O=S1(=O)C=CCC1,1,O=C(C[C@@H]1C=CS(=O)(=O)C1)O[C@H](F)CO,matched_to_CHEMBL5854116,238.23599999999996,-0.23410000000000014,1,5,80.67,4,0,CHEMBL5854116,5.091593333333338,0.14285714285714285,,,,
ZINCf5000001Ooyo,C#CCC(NS(=O)(=O)CCC)C(=O)OC,decoy,local_zinc_pool,,,,1,C#CCC(NS(=O)(=O)CCC)C(=O)OC,matched_to_CHEMBL2177185,233.28899999999993,-0.11929999999999996,1,4,72.47,6,0,CHEMBL2177185,5.624146666666673,0.18309859154929578,,,,
ZINCf5000002dNoG,C[C@H](C(=O)N[C@H]1C[C@H](CBr)C1)S(N)(=O)=O,decoy,local_zinc_pool,,,C1CCC1,1,C[C@H](C(=O)N[C@H]1C[C@H](CBr)C1)S(N)(=O)=O,matched_to_CHEMBL4109769,299.19000000000005,-0.04689999999999961,2,3,89.25999999999999,4,0,CHEMBL4109769,5.480126666666672,0.16666666666666666,,,,
ZINCf50000008IGW,C=C[C@](C)(O)C(=O)NO[C@H](CO)C(C)C,decoy,local_zinc_pool,,,,1,C=C[C@](C)(O)C(=O)NO[C@H](CO)C(C)C,matched_to_CHEMBL2313485,217.265,-0.011900000000000688,3,4,78.79,6,0,CHEMBL2313485,4.494963333333337,0.14,,,,
ZINCf5000002rWLl,CN(C)[C@H](CO)C(=O)N1C[C@H]2[C@@H](Br)[C@H]2C1,decoy,local_zinc_pool,,,C1NCC2CC12,1,CN(C)[C@H](CO)C(=O)N1C[C@@H]2[C@H](Br)[C@@H]2C1,matched_to_CHEMBL514709,277.16200000000003,-0.23939999999999984,1,3,43.78,3,0,CHEMBL514709,2.4832900000000007,0.15584415584415584,,,,
ZINCf5000000ZsB5,CNC(=O)CSc1nc([N+](=O)[O-])nn1C,decoy,local_zinc_pool,,,c1nc[nH]n1,1,CNC(=O)CSc1nc([N+](=O)[O-])nn1C,matched_to_CHEMBL5808134,231.237,-0.4386000000000003,1,7,102.94999999999999,4,0,CHEMBL5808134,5.124883333333338,0.14285714285714285,,,,
ZINCf5000000VZ9b,COC[C@H](N)c1cn(CCC(=O)O)nn1,decoy,local_zinc_pool,,,c1c[nH]nn1,1,COC[C@H](N)c1cn(CCC(=O)O)nn1,matched_to_CHEMBL5745234,214.225,-0.6009999999999995,2,6,103.26,6,0,CHEMBL5745234,7.450313333333337,0.16455696202531644,,,,
ZINCf50000009uIM,COCCN(CC(=O)O)C(=O)[C@@H]1C[C@H]1F,decoy,local_zinc_pool,,,C1CC1,1,COCCN(CC(=O)O)C(=O)[C@@H]1C[C@H]1F,matched_to_CHEMBL2347389,219.212,-0.09600000000000031,1,3,66.84,6,0,CHEMBL2347389,5.473670000000006,0.12,,,,
ZINCf500000092Y2,CCOc1cc(C(=O)NOCCO)on1,decoy,local_zinc_pool,,,c1cnoc1,1,CCOc1cc(C(=O)NOCCO)on1,matched_to_CHEMBL5775440,216.19299999999996,-0.27300000000000024,2,6,93.82000000000001,6,0,CHEMBL5775440,4.750603333333339,0.1794871794871795,,,,
ZINCf500000252Wu,C[C@@H](OC(=O)Cn1ncc(Br)n1)C(N)=O,decoy,local_zinc_pool,,,c1cn[nH]n1,1,C[C@@H](OC(=O)Cn1ncc(Br)n1)C(N)=O,matched_to_CHEMBL5747471,277.07800000000003,-0.5424000000000002,1,6,100.1,4,0,CHEMBL5747471,5.53072666666667,0.17333333333333334,,,,
ZINCf50000017OMp,CS(=O)(=O)N1C[C@@H](C2CC2)[C@](F)(CO)C1,decoy,local_zinc_pool,,,C1CC(C2CC2)CN1,1,CS(=O)(=O)N1C[C@@H](C2CC2)[C@](F)(CO)C1,matched_to_CHEMBL3265101,237.29599999999996,-0.011599999999999777,1,3,57.61,3,0,CHEMBL3265101,4.762790000000003,0.12162162162162163,,,,
ZINCf50000024Tbj,CCOCCOC[C@@H](O)CN[C@H](C)CO,decoy,local_zinc_pool,,,,1,CCOCCOC[C@@H](O)CN[C@H](C)CO,matched_to_CHEMBL4068667,221.297,-0.6291999999999986,3,5,70.95,10,0,CHEMBL4068667,8.351650000000001,0.1375,,,,
ZINCf5000000ZxEf,NCCCS(=O)(=O)NCCc1nccs1,decoy,local_zinc_pool,,,c1cscn1,1,NCCCS(=O)(=O)NCCc1nccs1,matched_to_CHEMBL5928219,249.361,-0.0461999999999998,2,5,85.08,7,0,CHEMBL5928219,7.000733333333336,0.1686746987951807,,,,
ZINCf5000002rRW9,Cn1cnc([C@H](O)CNS(=O)(=O)CI)c1,decoy,local_zinc_pool,,,c1c[nH]cn1,1,Cn1cnc([C@H](O)CNS(=O)(=O)CI)c1,matched_to_CHEMBL3220103,345.1619999999999,-0.23460000000000014,2,5,84.22,5,0,CHEMBL3220103,6.533486666666672,0.13186813186813187,,,,
ZINCf500000098v9,CC[C@H](O)CC(=O)NCCSS(C)(=O)=O,decoy,local_zinc_pool,,,,1,CC[C@H](O)CC(=O)NCCSS(C)(=O)=O,matched_to_CHEMBL6012158,255.361,-0.04359999999999986,2,5,83.47,7,0,CHEMBL6012158,8.123360000000005,0.14285714285714285,,,,
ZINCf50000008TDx,CCCCS(=O)(=O)NC(=O)CSCCN,decoy,local_zinc_pool,,,,1,CCCCS(=O)(=O)NC(=O)CSCCN,matched_to_CHEMBL1688303,254.37699999999995,-0.07559999999999933,2,5,89.26,8,0,CHEMBL1688303,6.7048833333333375,0.1875,,,,
ZINCf5000000VkZS,CC(=O)CCCC(=O)Nn1cnnc1O,decoy,local_zinc_pool,,,c1nnc[nH]1,1,CC(=O)CCCC(=O)Nn1cnnc1O,matched_to_CHEMBL3217780,212.20900000000003,-0.18689999999999996,2,6,97.11,5,0,CHEMBL3217780,6.403430000000003,0.1724137931034483,,,,
ZINCf5000000a1ze,C[C@H]1CCN(C(=O)[C@@H]2C=CCN2)CCN1,decoy,local_zinc_pool,,,O=C(C1C=CCN1)N1CCCNCC1,1,C[C@H]1CCN(C(=O)[C@@H]2C=CCN2)CCN1,matched_to_CHEMBL416288,209.29299999999998,-0.2751999999999987,2,3,44.370000000000005,1,0,CHEMBL416288,3.1905500000000004,0.14285714285714285,,,,
ZINCf50000009FOX,CS(=O)(=O)CCSCCC(=O)NC(N)=O,decoy,local_zinc_pool,,,,1,CS(=O)(=O)CCSCCC(=O)NC(N)=O,matched_to_CHEMBL6050672,254.33299999999997,-0.6507999999999989,2,5,106.33000000000001,6,0,CHEMBL6050672,8.124040000000004,0.10344827586206896,,,,
ZINCf50000008E2h,C=C(C)CCC(=O)NCCNS(N)(=O)=O,decoy,local_zinc_pool,,,,1,C=C(C)CCC(=O)NCCNS(N)(=O)=O,matched_to_CHEMBL3407579,235.309,-0.7479999999999976,3,3,101.28999999999999,7,0,CHEMBL3407579,6.186960000000002,0.14893617021276595,,,,
ZINCf5000000VnxD,O=C(O)[C@H](F)C(=O)NCCSCCCO,decoy,local_zinc_pool,,,,1,O=C(O)[C@H](F)C(=O)NCCSCCCO,matched_to_CHEMBL5913446,239.26799999999994,-0.3590999999999999,3,4,86.63,8,0,CHEMBL5913446,6.3574033333333375,0.1702127659574468,,,,
ZINCf50000009slJ,COC(CCN1CCS(=O)(=O)CC1)OC,decoy,local_zinc_pool,,,O=S1(=O)CCNCC1,1,COC(CCN1CCS(=O)(=O)CC1)OC,matched_to_CHEMBL3653239,237.32099999999997,-0.27419999999999933,0,5,55.84,5,0,CHEMBL3653239,6.518860000000005,0.1125,,,,
ZINCf5000000Vn0F,N#CCCSCC(=O)NC[C@@H](O)C(=O)O,decoy,local_zinc_pool,,,,1,N#CCCSCC(=O)NC[C@@H](O)C(=O)O,matched_to_CHEMBL5989834,232.261,-0.8050200000000003,3,5,110.42,7,0,CHEMBL5989834,9.380640000000007,0.15517241379310345,,,,
ZINCf50000009QH0,C[C@@H]1C[C@@H](NC(=O)[C@@H]2CNC(=O)N2)CS1,decoy,local_zinc_pool,,,O=C1NCC(C(=O)NC2CCSC2)N1,1,C[C@@H]1C[C@@H](NC(=O)[C@@H]2CNC(=O)N2)CS1,matched_to_CHEMBL3693969,229.30499999999998,-0.3219999999999994,3,3,70.23,2,0,CHEMBL3693969,5.7033400000000025,0.13978494623655913,,,,
ZINCf5000000aloI,NOCCOCc1cn(CCCO)nn1,decoy,local_zinc_pool,,,c1c[nH]nn1,1,NOCCOCc1cn(CCCO)nn1,matched_to_CHEMBL5879668,216.24099999999996,-0.9326000000000001,2,7,95.42,8,0,CHEMBL5879668,8.630136666666676,0.1111111111111111,,,,
ZINCf5000000agon,NC(=O)COCCNS(=O)(=O)CCCCl,decoy,local_zinc_pool,,,,1,NC(=O)COCCNS(=O)(=O)CCCCl,matched_to_CHEMBL5883242,258.727,-0.9633999999999989,2,4,98.49000000000001,9,0,CHEMBL5883242,9.233970000000006,0.14,,,,
ZINCf5000002rgTV,CC(C)(N=[N+]=[N-])C(=O)N(CCN)CCN,decoy,local_zinc_pool,,,,1,CC(C)(N=[N+]=[N-])C(=O)N(CCN)CCN,matched_to_CHEMBL5921912,214.27299999999994,-0.1786999999999982,2,4,121.11,6,0,CHEMBL5921912,9.821253333333342,0.13513513513513514,,,,
ZINCf50000009kau,CNC(=O)NCC(=O)N(C)[C@@H]1CCSC1,decoy,local_zinc_pool,,,C1CCSC1,1,CNC(=O)NCC(=O)N(C)[C@@H]1CCSC1,matched_to_CHEMBL378100,231.32099999999997,-0.12069999999999936,2,3,61.440000000000005,3,0,CHEMBL378100,5.732843333333337,0.14285714285714285,,,,
ZINCf500000095zR,CC[C@@H](O)CC(=O)NCCCCC(N)=O,decoy,local_zinc_pool,,,,1,CC[C@@H](O)CC(=O)NCCCCC(N)=O,matched_to_CHEMBL4102803,216.28099999999995,-0.08079999999999965,3,3,92.41999999999999,8,0,CHEMBL4102803,4.5013666666666685,0.17391304347826086,,,,
ZINCf50000029ZxW,C[C@@H](CN=[N+]=[N-])NC(=O)[C@H](O)CCCO,decoy,local_zinc_pool,,,,1,C[C@@H](CN=[N+]=[N-])NC(=O)[C@H](O)CCCO,matched_to_CHEMBL5869704,216.24099999999999,-0.06519999999999998,3,4,118.32000000000002,7,0,CHEMBL5869704,9.447803333333342,0.1568627450980392,,,,
ZINCf5000002oI03,OCCOCCOCCN=c1nc[nH]s1,decoy,local_zinc_pool,,,N=c1nc[nH]s1,1,OCCOCCOCCN=c1nc[nH]s1,matched_to_CHEMBL5978015,233.29300000000003,-0.6025999999999994,2,6,79.72999999999999,8,0,CHEMBL5978015,7.587116666666671,0.11538461538461539,,,,
ZINCf5000002rKR7,CCOCCCN(CCN)C[C@H](O)CO,decoy,local_zinc_pool,,,,1,CCOCCCN(CCN)C[C@H](O)CO,matched_to_CHEMBL3819071,220.313,-0.9730999999999974,3,5,78.95,10,0,CHEMBL3819071,7.472750000000001,0.11764705882352941,,,,
ZINCf50000009tbw,COCC(=O)Cn1cc(I)c(O)nc1=O,decoy,local_zinc_pool,,,O=c1nccc[nH]1,1,COCC(=O)Cn1cc(I)c(O)nc1=O,matched_to_CHEMBL3687241,324.07400000000007,-0.23099999999999993,1,6,81.41999999999999,4,0,CHEMBL3687241,5.899173333333336,0.16883116883116883,,,,
ZINCf50000009ydq,COC[C@@](C)(NC(=O)CN=[N+]=[N-])C(N)=O,decoy,local_zinc_pool,,,,1,COC[C@@](C)(NC(=O)CN=[N+]=[N-])C(N)=O,matched_to_CHEMBL6064615,215.213,-0.6966999999999994,2,4,130.17999999999998,6,0,CHEMBL6064615,9.195866666666673,0.1125,,,,
ZINCf5000000abXE,Cn1ncc(N)c1C(=O)NS(=O)(=O)CI,decoy,local_zinc_pool,,,c1cn[nH]c1,1,Cn1ncc(N)c1C(=O)NS(=O)(=O)CI,matched_to_CHEMBL5849977,344.134,-0.5455999999999999,2,6,107.07999999999998,3,0,CHEMBL5849977,7.718276666666673,0.14606741573033707,,,,
ZINCf50000009awP,CCn1ccc(C(=O)OCCC(N)=O)n1,decoy,local_zinc_pool,,,c1cn[nH]c1,1,CCn1ccc(C(=O)OCCC(N)=O)n1,matched_to_CHEMBL5876084,211.22099999999995,-0.06480000000000008,1,5,87.21,5,0,CHEMBL5876084,5.604963333333338,0.14473684210526316,,,,
ZINCf50000008ZCq,CCNCC(=O)NS(=O)(=O)CCCC#N,decoy,local_zinc_pool,,,,1,CCNCC(=O)NS(=O)(=O)CCCC#N,matched_to_CHEMBL6024824,233.29299999999995,-0.6543199999999993,2,5,99.06,7,0,CHEMBL6024824,8.854456666666673,0.16666666666666666,,,,
ZINCf500000182CG,NC(=O)NCCCCC(=O)OCCCO,decoy,local_zinc_pool,,,,1,NC(=O)NCCCCC(=O)OCCCO,matched_to_CHEMBL5877121,218.25299999999996,-0.2494,3,4,101.65,8,0,CHEMBL5877121,5.42753666666667,0.13513513513513514,,,,
ZINCf5000000af3g,N=C(O)OCCCNC(=O)c1csnn1,decoy,local_zinc_pool,,,c1csnn1,1,N=C(O)OCCCNC(=O)c1csnn1,matched_to_CHEMBL5859878,230.24900000000002,0.16736999999999985,3,6,108.19,5,0,CHEMBL5859878,8.86753333333334,0.19480519480519481,,,,
ZINCf50000009bg5,CN(C(=O)NC[C@@H]1CNC(=O)C1)C1CC1,decoy,local_zinc_pool,,,O=C1CC(CNC(=O)NC2CC2)CN1,1,CN(C(=O)NC[C@@H]1CNC(=O)C1)C1CC1,matched_to_CHEMBL5267044,211.26499999999996,-0.07369999999999988,2,2,61.440000000000005,3,0,CHEMBL5267044,5.105430000000003,0.15730337078651685,,,,
ZINCf50000009m9U,CNCCCC(=O)NS(=O)(=O)CCC#N,decoy,local_zinc_pool,,,,1,CNCCCC(=O)NS(=O)(=O)CCC#N,matched_to_CHEMBL5816136,233.29299999999995,-0.6543199999999998,2,5,99.06,7,0,CHEMBL5816136,8.495223333333337,0.11764705882352941,,,,
ZINCf5000001Rg6X,CC(C)OCCC(O)CNC[C@H](O)CO,decoy,local_zinc_pool,,,,1,CC(C)OCCC(O)CNC[C@H](O)CO,matched_to_CHEMBL5988926,221.297,-0.8947999999999992,4,5,81.95,9,0,CHEMBL5988926,9.19471666666667,0.11538461538461539,,,,
ZINCf50000024NXI,CN(CCS(N)(=O)=O)c1ccnc(Br)n1,decoy,local_zinc_pool,,,c1cncnc1,1,CN(CCS(N)(=O)=O)c1ccnc(Br)n1,matched_to_CHEMBL6024197,295.162,-0.03619999999999968,1,5,89.17999999999999,4,0,CHEMBL6024197,6.077250000000005,0.13636363636363635,,,,
ZINCf5000002rwmG,C[C@@H](CN=[N+]=[N-])NC(=O)C[C@H](N)C(=O)O,decoy,local_zinc_pool,,,,1,C[C@@H](CN=[N+]=[N-])NC(=O)C[C@H](N)C(=O)O,matched_to_CHEMBL5901726,215.213,-0.3965999999999999,3,4,141.18,6,0,CHEMBL5901726,8.817630000000005,0.21428571428571427,,,,
ZINCf5000000aqEj,O=C(NCCCNS(=O)(=O)CCl)C(F)F,decoy,local_zinc_pool,,,,1,O=C(NCCCNS(=O)(=O)CCl)C(F)F,matched_to_CHEMBL4115504,264.681,-0.12650000000000022,2,3,75.27000000000001,7,0,CHEMBL4115504,5.438986666666672,0.12658227848101267,,,,
ZINCf50000008WZ3,CCN(CC1CC1)S(=O)(=O)N[C@@H](C)CN,decoy,local_zinc_pool,,,C1CC1,1,CCN(CC1CC1)S(=O)(=O)N[C@@H](C)CN,matched_to_CHEMBL199341,235.35299999999998,-0.10009999999999819,2,3,75.43,7,0,CHEMBL199341,2.8431199999999985,0.1686746987951807,,,,
ZINCf5000002dCfo,C=C[C@@H](O)C(=O)NCCc1nc(Br)n[nH]1,decoy,local_zinc_pool,,,c1nc[nH]n1,1,C=C[C@@H](O)C(=O)NCCc1nc(Br)n[nH]1,matched_to_CHEMBL4114636,275.10599999999994,-0.22720000000000024,3,4,90.9,5,0,CHEMBL4114636,5.555063333333338,0.12790697674418605,,,,
ZINCf50000017vc6,CCC(=O)CNS(=O)(=O)c1nonc1C,decoy,local_zinc_pool,,,c1cnon1,1,CCC(=O)CNS(=O)(=O)c1nonc1C,matched_to_CHEMBL5811937,233.249,-0.3645800000000001,1,6,102.16,5,0,CHEMBL5811937,7.912103333333338,0.13580246913580246,,,,
ZINCf5000000SLW6,CS(=O)(=O)C=CCNC(=O)CCCON,decoy,local_zinc_pool,,,,1,CS(=O)(=O)C=CCNC(=O)CCCON,matched_to_CHEMBL6030067,236.29299999999995,-0.6685999999999983,2,5,98.49,7,0,CHEMBL6030067,8.465813333333339,0.1282051282051282,,,,
ZINCf5000000Zrm2,CCOC[C@H](C)Nc1nnc(O)nc1O,decoy,local_zinc_pool,,,c1cnncn1,1,CCOC[C@H](C)Nc1nnc(O)nc1O,matched_to_CHEMBL6006846,214.225,0.11969999999999958,3,7,100.39,5,0,CHEMBL6006846,8.871553333333338,0.1506849315068493,,,,
ZINCf5000001ERk8,COC(=O)[C@@H]1CC[C@H](NS(=O)(=O)OC)C1,decoy,local_zinc_pool,,,C1CCCC1,1,COC(=O)[C@@H]1CC[C@H](NS(=O)(=O)OC)C1,matched_to_CHEMBL5854116,237.277,-0.19109999999999983,1,5,81.7,4,0,CHEMBL5854116,5.095316666666671,0.1282051282051282,,,,
ZINCf5000001CqVW,O=S(=O)(CCCCl)NCC1CCS1(=O)=O,decoy,local_zinc_pool,,,O=S1(=O)CCC1,1,O=S(=O)(CCCCl)NCC1CCS1(=O)=O,matched_to_CHEMBL2177185,275.779,-0.2781999999999998,1,4,80.31,6,0,CHEMBL2177185,5.434780000000005,0.09411764705882353,,,,
ZINCf50000025zh4,C[C@@H](CS(N)(=O)=O)NC(=O)C1CC(I)C1,decoy,local_zinc_pool,,,C1CCC1,1,C[C@@H](CS(N)(=O)=O)NC(=O)C1CC(I)C1,matched_to_CHEMBL4109769,346.19000000000005,-0.006799999999999917,2,3,89.25999999999999,4,0,CHEMBL4109769,4.983393333333339,0.15517241379310345,,,,
ZINCf5000002dEgl,CC(C)(NS(C)(=O)=O)C(=O)NCCCS,decoy,local_zinc_pool,,,,1,CC(C)(NS(C)(=O)=O)C(=O)NCCCS,matched_to_CHEMBL2313485,254.37699999999998,-0.24969999999999953,3,4,75.27,6,0,CHEMBL2313485,4.42317666666667,0.17391304347826086,,,,
ZINCf500000187Sx,O=C(C[C@@H]1COC[C@H]1O)N1CC[C@@H]1CF,decoy,local_zinc_pool,,,O=C(CC1CCOC1)N1CCC1,1,O=C(C[C@@H]1COC[C@H]1O)N1CC[C@@H]1CF,matched_to_CHEMBL514709,217.23999999999998,-0.04580000000000006,1,3,49.77,3,0,CHEMBL514709,2.890643333333335,0.13953488372093023,,,,
ZINCf50000009XYt,C[C@H](N)c1nc(CS(=O)(=O)N(C)C)no1,decoy,local_zinc_pool,,,c1ncon1,1,C[C@H](N)c1nc(CS(=O)(=O)N(C)C)no1,matched_to_CHEMBL5808134,234.28099999999998,-0.5192999999999988,1,6,102.32,4,0,CHEMBL5808134,5.636643333333337,0.15476190476190477,,,,
ZINCf50000017Vrk,C[C@H](CN)c1cn(CCOCCN)nn1,decoy,local_zinc_pool,,,c1c[nH]nn1,1,C[C@H](CN)c1cn(CCOCCN)nn1,matched_to_CHEMBL5745234,213.28499999999997,-0.6843999999999992,2,6,91.98,7,0,CHEMBL5745234,7.466513333333337,0.15584415584415584,,,,
ZINCf50000017o8A,C=C(F)CNC(=O)CCS(=O)(=O)N(C)C,decoy,local_zinc_pool,,,,1,C=C(F)CNC(=O)CCS(=O)(=O)N(C)C,matched_to_CHEMBL2347389,238.28399999999996,-0.13269999999999982,1,3,66.48,6,0,CHEMBL2347389,5.321816666666672,0.14583333333333334,,,,
ZINCf5000000VmCZ,C[C@H](O)CN(CC(=O)O)Cc1cnns1,decoy,local_zinc_pool,,,c1csnn1,1,C[C@H](O)CN(CC(=O)O)Cc1cnns1,matched_to_CHEMBL5775440,231.27700000000002,-0.1944999999999999,2,6,86.55,6,0,CHEMBL5775440,4.7670300000000045,0.14285714285714285,,,,
ZINCf50000018cvq,O=S(=O)(Cc1csnn1)N[C@H]1CCOC1,decoy,local_zinc_pool,,,O=S(=O)(Cc1csnn1)NC1CCOC1,1,O=S(=O)(Cc1csnn1)N[C@H]1CCOC1,matched_to_CHEMBL5747471,249.31699999999998,-0.25360000000000005,1,6,81.18,4,0,CHEMBL5747471,5.532603333333338,0.1590909090909091,,,,
ZINCf50000026XfH,C[C@H](Br)CC(=O)N1CC(NS(C)(=O)=O)C1,decoy,local_zinc_pool,,,C1CNC1,1,C[C@H](Br)CC(=O)N1CC(NS(C)(=O)=O)C1,matched_to_CHEMBL3265101,299.1900000000001,-0.08009999999999984,1,3,66.48,4,0,CHEMBL3265101,4.683516666666669,0.16666666666666666,,,,
ZINCf5000002rKN8,CCOCC[C@H](O)CNC[C@@H](O)COC,decoy,local_zinc_pool,,,,1,CCOCC[C@H](O)CNC[C@@H](O)COC,matched_to_CHEMBL4068667,221.29699999999997,-0.6291999999999986,3,5,70.95,10,0,CHEMBL4068667,8.351650000000001,0.13043478260869565,,,,
ZINCf5000002rhyB,CC(C)OCC[C@@H](N)C(=O)NOCC#N,decoy,local_zinc_pool,,,,1,CC(C)OCC[C@@H](N)C(=O)NOCC#N,matched_to_CHEMBL5928219,215.25300000000001,-0.29981999999999887,2,5,97.37,7,0,CHEMBL5928219,7.019293333333335,0.16,,,,
ZINCf5000000ZrBj,CC[C@](C)(O)c1nc(CS(N)(=O)=O)no1,decoy,local_zinc_pool,,,c1ncon1,1,CC[C@](C)(O)c1nc(CS(N)(=O)=O)no1,matched_to_CHEMBL3220103,235.26499999999996,-0.5244000000000002,2,6,119.31,4,0,CHEMBL3220103,6.422056666666671,0.12941176470588237,,,,
ZINCf5000002rhyC,CC(C)OCC[C@H](N)C(=O)NOCC#N,decoy,local_zinc_pool,,,,1,CC(C)OCC[C@H](N)C(=O)NOCC#N,matched_to_CHEMBL6012158,215.25300000000001,-0.29981999999999887,2,5,97.37,7,0,CHEMBL6012158,8.139253333333338,0.16,,,,
ZINCf50000026Fil,C=CC[C@@H](NS(=O)(=O)OC)C(=O)OCC,decoy,local_zinc_pool,,,,1,C=CC[C@@H](NS(=O)(=O)OC)C(=O)OCC,matched_to_CHEMBL1688303,237.27699999999993,-0.02499999999999991,1,5,81.7,7,0,CHEMBL1688303,6.644550000000004,0.16666666666666666,,,,
ZINCf5000000Ztox,CO[C@@H](C)CCNC(=O)c1nonc1N,decoy,local_zinc_pool,,,c1cnon1,1,CO[C@@H](C)CCNC(=O)c1nonc1N,matched_to_CHEMBL3217780,214.225,-0.1933999999999999,2,6,103.27,5,0,CHEMBL3217780,6.141203333333338,0.17073170731707318,,,,
ZINCf50000018aBP,O=C([C@@H]1CCN1)N1CCNCCC12CC2,decoy,local_zinc_pool,,,O=C(C1CCN1)N1CCNCCC12CC2,1,O=C([C@@H]1CCN1)N1CCNCCC12CC2,matched_to_CHEMBL416288,209.29299999999998,-0.29719999999999924,2,3,44.370000000000005,1,0,CHEMBL416288,3.205216666666668,0.11538461538461539,,,,
ZINCf5000000Zr5H,CCCC[C@@H](O)Cn1nnnc1CCO,decoy,local_zinc_pool,,,c1nnn[nH]1,1,CCCC[C@@H](O)Cn1nnnc1CCO,matched_to_CHEMBL6050672,214.26899999999998,-0.24100000000000005,2,6,84.06,7,0,CHEMBL6050672,8.142280000000005,0.18,,,,
ZINCf50000008THG,CCCC[C@@H](O)CC(=O)N[C@@H](C)C(N)=O,decoy,local_zinc_pool,,,,1,CCCC[C@@H](O)CC(=O)N[C@@H](C)C(N)=O,matched_to_CHEMBL3407579,216.28099999999998,-0.08239999999999947,3,3,92.41999999999999,7,0,CHEMBL3407579,6.28830666666667,0.25,,,,
ZINCf5000002r6Sb,CC[C@@H](CN)NC(=O)CCSCC(N)=O,decoy,local_zinc_pool,,,,1,CC[C@@H](CN)NC(=O)CCSCC(N)=O,matched_to_CHEMBL5913446,233.33699999999996,-0.5514999999999994,3,4,98.21000000000001,8,0,CHEMBL5913446,6.092980000000003,0.14285714285714285,,,,
ZINCf5000001qm5O,COC(=O)C1(OC)CN(S(=O)(=O)CI)C1,decoy,local_zinc_pool,,,C1CNC1,1,COC(=O)C1(OC)CN(S(=O)(=O)CI)C1,matched_to_CHEMBL3653239,349.146,-0.4175,0,5,72.91,4,0,CHEMBL3653239,5.732543333333338,0.12643678160919541,,,,
ZINCf5000001DljD,CCCCS(=O)(=O)NCC(O)CC(=O)O,decoy,local_zinc_pool,,,,1,CCCCS(=O)(=O)NCC(O)CC(=O)O,matched_to_CHEMBL5989834,239.29299999999998,-0.4584999999999993,3,4,103.7,8,0,CHEMBL5989834,9.348106666666673,0.2558139534883721,,,,
ZINCf5000002mteh,C[C@]1(C(=O)N[C@@H]2CCNC2)CC[C@H](N)C1,decoy,local_zinc_pool,,,O=C(NC1CCNC1)C1CCCC1,1,C[C@]1(C(=O)N[C@@H]2CCNC2)CC[C@H](N)C1,matched_to_CHEMBL3693969,211.30899999999994,-0.017999999999998573,3,3,67.15,2,0,CHEMBL3693969,5.803833333333336,0.12345679012345678,,,,
ZINCf5000001TMFr,CC(CC#N)NCCS(=O)(=O)CCCO,decoy,local_zinc_pool,,,,1,CC(CC#N)NCCS(=O)(=O)CCCO,matched_to_CHEMBL5879668,234.32099999999997,-0.32461999999999963,2,5,90.19000000000001,8,0,CHEMBL5879668,9.253216666666674,0.13157894736842105,,,,
ZINCf5000001QBG9,COCCS(=O)(=O)NC(CO)CCSC,decoy,local_zinc_pool,,,,1,COCCS(=O)(=O)NC(CO)CCSC,matched_to_CHEMBL5883242,257.37699999999995,-0.3337999999999992,2,5,75.63000000000001,9,0,CHEMBL5883242,9.242136666666674,0.11904761904761904,,,,
ZINCf50000009Z3e,C[C@H](Nc1ncc([N+](=O)[O-])cn1)C(N)=O,decoy,local_zinc_pool,,,c1cncnc1,1,C[C@H](Nc1ncc([N+](=O)[O-])cn1)C(N)=O,matched_to_CHEMBL5921912,211.18099999999998,-0.3295000000000003,2,6,124.03999999999999,4,0,CHEMBL5921912,9.835506666666674,0.1511627906976744,,,,
ZINCf50000009jr7,CNC(=O)CN(C)C(=O)c1n[nH]cc1I,decoy,local_zinc_pool,,,c1cn[nH]c1,1,CNC(=O)CN(C)C(=O)c1n[nH]cc1I,matched_to_CHEMBL378100,322.106,-0.16770000000000013,2,3,78.09,3,0,CHEMBL378100,5.52232666666667,0.16883116883116883,,,,
ZINCf50000008SJO,CCC(=O)NCCNC(=O)CCCCO,decoy,local_zinc_pool,,,,1,CCC(=O)NCCNC(=O)CCCCO,matched_to_CHEMBL4102803,216.28099999999995,-0.2086000000000005,3,3,78.43,8,0,CHEMBL4102803,4.68296666666667,0.16666666666666666,,,,
ZINCf5000002s9bv,COCC[S@@](=N)(=O)CCNC(=O)CCN,decoy,local_zinc_pool,,,,1,COCC[S@@](=N)(=O)CCNC(=O)CCN,matched_to_CHEMBL5869704,237.32499999999996,-0.8554299999999977,3,5,105.27,8,0,CHEMBL5869704,9.28578333333334,0.15789473684210525,,,,
ZINCf50000017r2B,CC(=O)NCCSCCCCS(N)(=O)=O,decoy,local_zinc_pool,,,,1,CC(=O)NCCSCCCCS(N)(=O)=O,matched_to_CHEMBL5978015,254.37699999999995,-0.07559999999999956,2,4,89.25999999999999,8,0,CHEMBL5978015,7.643743333333339,0.12244897959183673,,,,
ZINCf5000002sho8,CSCC[C@H](CO)NC(=O)COCCN,decoy,local_zinc_pool,,,,1,CSCC[C@H](CO)NC(=O)COCCN,matched_to_CHEMBL3819071,236.33699999999993,-0.8080999999999978,3,5,84.58,9,0,CHEMBL3819071,7.477310000000003,0.13924050632911392,,,,
ZINCf5000000944q,CC[C@@H](C)CNS(=O)(=O)c1nnnn1C,decoy,local_zinc_pool,,,c1nnn[nH]1,1,CC[C@@H](C)CNS(=O)(=O)c1nnnn1C,matched_to_CHEMBL3687241,233.297,-0.46549999999999936,1,6,89.77000000000001,5,0,CHEMBL3687241,6.129276666666669,0.13333333333333333,,,,
ZINCf5000002sezk,COC(=O)[C@H](CN)NC(=O)[C@@H](C)N=[N+]=[N-],decoy,local_zinc_pool,,,,1,COC(=O)[C@H](CN)NC(=O)[C@@H](C)N=[N+]=[N-],matched_to_CHEMBL6064615,215.21300000000002,-0.6982999999999993,2,5,130.18,5,0,CHEMBL6064615,9.196933333333337,0.2318840579710145,,,,
ZINCf50000008VrH,CCC[C@H](N)c1cn(CC(=O)CN)nn1,decoy,local_zinc_pool,,,c1c[nH]nn1,1,CCC[C@H](N)c1cn(CC(=O)CN)nn1,matched_to_CHEMBL5849977,211.26899999999998,-0.3941999999999994,2,6,99.82,6,0,CHEMBL5849977,7.73639333333334,0.17307692307692307,,,,
ZINCf500000276By,C[C@H](N)CN(C)S(=O)(=O)Cc1ccno1,decoy,local_zinc_pool,,,c1cnoc1,1,C[C@H](N)CN(C)S(=O)(=O)Cc1ccno1,matched_to_CHEMBL5876084,233.29299999999998,-0.21659999999999968,1,5,89.42999999999999,5,0,CHEMBL5876084,5.574243333333337,0.13186813186813187,,,,
ZINCf5000002rRZf,Cn1cnnc1NNC(=O)CCC1N=N1,decoy,local_zinc_pool,,,O=C(CCC1N=N1)NNc1nnc[nH]1,1,Cn1cnnc1NNC(=O)CCC1N=N1,matched_to_CHEMBL6024824,209.213,-0.16970000000000085,2,7,96.56,5,0,CHEMBL6024824,8.872176666666675,0.14516129032258066,,,,
ZINCf5000000959K,CC[C@@H](N)Cn1cc(COC(=N)O)nn1,decoy,local_zinc_pool,,,c1c[nH]nn1,1,CC[C@@H](N)Cn1cc(COC(=N)O)nn1,matched_to_CHEMBL5877121,213.241,0.02476999999999996,3,6,110.04,5,0,CHEMBL5877121,5.459276666666669,0.17333333333333334,,,,
ZINCf50000017Phe,CSCC[C@H](O)C(=O)NCC[S@](C)(=N)=O,decoy,local_zinc_pool,,,,1,CSCC[C@H](O)C(=O)NCC[S@](C)(=N)=O,matched_to_CHEMBL5859878,254.37699999999998,-0.10683000000000015,3,5,90.25,7,0,CHEMBL5859878,9.02665333333334,0.13725490196078433,,,,
ZINCf50000008IWs,CC#CCN(C)C(=O)[C@H](C)NC(=O)NC,decoy,local_zinc_pool,,,,1,CC#CCN(C)C(=O)[C@H](C)NC(=O)NC,matched_to_CHEMBL5267044,211.265,-0.21439999999999948,2,2,61.440000000000005,3,0,CHEMBL5267044,5.199230000000002,0.12162162162162163,,,,
ZINCf5000000Ztj4,COCc1noc([C@H](C)NCC(N)=O)n1,decoy,local_zinc_pool,,,c1ncon1,1,COCc1noc([C@H](C)NCC(N)=O)n1,matched_to_CHEMBL5816136,214.22499999999997,-0.6480999999999999,2,6,103.27,6,0,CHEMBL5816136,8.513356666666672,0.16666666666666666,,,,
ZINCf5000000Vnkh,O=C(O)CCCCC(=O)NC(CO)CO,decoy,local_zinc_pool,,,,1,O=C(O)CCCCC(=O)NC(CO)CO,matched_to_CHEMBL5988926,219.23700000000002,-0.8992000000000004,4,4,106.86,8,0,CHEMBL5988926,9.221850000000005,0.1836734693877551,,,,
ZINCf50000009XDp,C[C@H](N)Cc1nc(Cn2cncn2)no1,decoy,local_zinc_pool,,,c1ncn(Cc2ncon2)n1,1,C[C@H](N)Cc1nc(Cn2cncn2)no1,matched_to_CHEMBL6024197,208.22500000000002,-0.4009000000000005,1,7,95.65,4,0,CHEMBL6024197,5.9309533333333375,0.15217391304347827,,,,
ZINCf50000008VLK,CCCc1nnc(SC[C@@H](O)CO)n1N,decoy,local_zinc_pool,,,c1nnc[nH]1,1,CCCc1nnc(SC[C@@H](O)CO)n1N,matched_to_CHEMBL5901726,232.309,-0.6103000000000001,3,7,97.19000000000001,6,0,CHEMBL5901726,8.793536666666672,0.15,,,,
ZINCf50000009eup,CN(CCCC(=O)O)C(=O)[C@@H](N)CCF,decoy,local_zinc_pool,,,,1,CN(CCCC(=O)O)C(=O)[C@@H](N)CCF,matched_to_CHEMBL4115504,220.24399999999994,-0.003500000000000447,2,3,83.63000000000001,7,0,CHEMBL4115504,5.930156666666674,0.19148936170212766,,,,
ZINCf50000017Yua,C[C@H]1C[C@H]1CNS(=O)(=O)CCCNC=O,decoy,local_zinc_pool,,,C1CC1,1,C[C@H]1C[C@H]1CNS(=O)(=O)CCCNC=O,matched_to_CHEMBL199341,234.32099999999997,-0.3020999999999991,2,3,75.27000000000001,8,0,CHEMBL199341,2.4610666666666665,0.0967741935483871,,,,
ZINCf5000002oGCh,NCc1cc(C(=O)NCCC(N)=O)cs1,decoy,local_zinc_pool,,,c1ccsc1,1,NCc1cc(C(=O)NCCC(N)=O)cs1,matched_to_CHEMBL4114636,227.289,-0.1880000000000001,3,4,98.21000000000001,5,0,CHEMBL4114636,5.7259000000000055,0.13333333333333333,,,,
ZINCf50000008VE4,CCC[C@H](O)CS(=O)(=O)c1nnn(C)n1,decoy,local_zinc_pool,,,c1nn[nH]n1,1,CCC[C@H](O)CS(=O)(=O)c1nnn(C)n1,matched_to_CHEMBL5811937,234.281,-0.8552000000000004,1,7,97.96999999999998,5,0,CHEMBL5811937,7.8964633333333385,0.16,,,,
ZINCf5000000adA3,N#CCCCn1cc(CNCCO)nn1,decoy,local_zinc_pool,,,c1c[nH]nn1,1,N#CCCCn1cc(CNCCO)nn1,matched_to_CHEMBL6030067,209.253,-0.33622000000000013,2,6,86.76,7,0,CHEMBL6030067,8.483826666666673,0.12195121951219512,,,,
ZINCf5000002qXdP,CC[C@@](C)(O)CNC(=O)[C@@H](N)CN=[N+]=[N-],decoy,local_zinc_pool,,,,1,CC[C@@](C)(O)CNC(=O)[C@@H](N)CN=[N+]=[N-],matched_to_CHEMBL6006846,215.25699999999998,-0.09879999999999994,3,4,124.11,6,0,CHEMBL6006846,9.058100000000005,0.1320754716981132,,,,
ZINCf5000000axv5,O=S(=O)(NCc1cnco1)[C@H]1CCOC1,decoy,local_zinc_pool,,,O=S(=O)(NCc1cnco1)C1CCOC1,1,O=S(=O)(NCc1cnco1)[C@H]1CCOC1,matched_to_CHEMBL5854116,232.26099999999994,-0.11710000000000043,1,5,81.43,4,0,CHEMBL5854116,5.0853433333333395,0.1744186046511628,,,,
ZINCf500000092ab,CCOC[C@H](C)NC(=O)[C@H](C)S(C)(=O)=O,decoy,local_zinc_pool,,,,1,CCOC[C@H](C)NC(=O)[C@H](C)S(C)(=O)=O,matched_to_CHEMBL2177185,237.321,-0.03929999999999967,1,4,72.47,6,0,CHEMBL2177185,5.530493333333338,0.17391304347826086,,,,
ZINCf50000009Wqb,C[C@H](CS(N)(=O)=O)NC(=O)[C@@]1(C)C[C@H]1Br,decoy,local_zinc_pool,,,C1CC1,1,C[C@H](CS(N)(=O)=O)NC(=O)[C@@]1(C)C[C@H]1Br,matched_to_CHEMBL4109769,299.18999999999994,-0.04689999999999972,2,3,89.25999999999999,4,0,CHEMBL4109769,5.480126666666673,0.16049382716049382,,,,
ZINCf50000009GCn,CSCCCNC(=O)C[C@@H]1[C@H](N)C[C@H]1O,decoy,local_zinc_pool,,,C1CCC1,1,CSCCCNC(=O)C[C@@H]1[C@H](N)C[C@H]1O,matched_to_CHEMBL2313485,232.349,-0.04609999999999964,3,4,75.35000000000001,6,0,CHEMBL2313485,4.504523333333337,0.1125,,,,
ZINCf5000002dKxn,C[C@@H]1OCC[C@H]1NS(=O)(=O)N1CC(Cl)C1,decoy,local_zinc_pool,,,O=S(=O)(NC1CCOC1)N1CCC1,1,C[C@@H]1OCC[C@H]1NS(=O)(=O)N1CC(Cl)C1,matched_to_CHEMBL514709,254.73899999999998,-0.07879999999999932,1,3,58.64,3,0,CHEMBL514709,2.892453333333334,0.1728395061728395,,,,
ZINCf50000009FT6,CS(=O)(=O)Cc1noc(C2(CN)CC2)n1,decoy,local_zinc_pool,,,c1noc(C2CC2)n1,1,CS(=O)(=O)Cc1noc(C2(CN)CC2)n1,matched_to_CHEMBL5808134,231.27699999999996,-0.39549999999999974,1,6,99.08,4,0,CHEMBL5808134,5.713750000000005,0.1348314606741573,,,,
ZINCf50000009aj3,CCc1nonc1C(=O)NOCCCO,decoy,local_zinc_pool,,,c1cnon1,1,CCc1nonc1C(=O)NOCCCO,matched_to_CHEMBL5745234,215.20899999999995,-0.3242,2,6,97.48,6,0,CHEMBL5745234,7.487140000000005,0.16883116883116883,,,,
ZINCf50000017wMe,CCN(CC)S(=O)(=O)N(C)C1(CN)CC1,decoy,local_zinc_pool,,,C1CC1,1,CCN(CC)S(=O)(=O)N(C)C1(CN)CC1,matched_to_CHEMBL2347389,235.35299999999995,-0.003899999999999071,1,3,66.64,6,0,CHEMBL2347389,5.258860000000005,0.0851063829787234,,,,
ZINCf50000017AHa,CC[C@H](N)Cn1cc([C@H](N)COC)nn1,decoy,local_zinc_pool,,,c1c[nH]nn1,1,CC[C@H](N)Cn1cc([C@H](N)COC)nn1,matched_to_CHEMBL5775440,213.28499999999997,-0.33839999999999937,2,6,91.98,6,0,CHEMBL5775440,4.8256833333333375,0.13333333333333333,,,,
ZINCf50000009AHA,COCc1nnc(C[C@H]2COC(=O)N2)o1,decoy,local_zinc_pool,,,O=C1NC(Cc2nnco2)CO1,1,COCc1nnc(C[C@H]2COC(=O)N2)o1,matched_to_CHEMBL5747471,213.19299999999998,-0.13309999999999994,1,6,86.48,4,0,CHEMBL5747471,5.601510000000005,0.13186813186813187,,,,
ZINCf5000002ecSw,CS(=O)(=O)N[C@H]1CCN(C(=O)CCBr)C1,decoy,local_zinc_pool,,,C1CCNC1,1,CS(=O)(=O)N[C@H]1CCN(C(=O)CCBr)C1,matched_to_CHEMBL3265101,299.19,-0.07850000000000001,1,3,66.48,4,0,CHEMBL3265101,4.682450000000004,0.14666666666666667,,,,
ZINCf5000001MqF9,COCCOCC(O)CNCC[C@H](C)O,decoy,local_zinc_pool,,,,1,COCCOCC(O)CNCC[C@H](C)O,matched_to_CHEMBL4068667,221.29699999999997,-0.6291999999999986,3,5,70.95,10,0,CHEMBL4068667,8.351650000000001,0.11842105263157894,,,,
ZINCf50000017Pbh,CSCCONC(=O)[C@@H](C)c1nn[nH]n1,decoy,local_zinc_pool,,,c1nn[nH]n1,1,CSCCONC(=O)[C@@H](C)c1nn[nH]n1,matched_to_CHEMBL5928219,231.28100000000003,-0.2860000000000002,2,6,92.79,6,0,CHEMBL5928219,7.033000000000003,0.17721518987341772,,,,
ZINCf5000000aj3k,NCCN(CCN)C(=O)c1cc(Br)no1,decoy,local_zinc_pool,,,c1cnoc1,1,NCCN(CCN)C(=O)c1cc(Br)no1,matched_to_CHEMBL3220103,277.122,-0.20329999999999976,2,5,98.38,5,0,CHEMBL3220103,6.626620000000004,0.13793103448275862,,,,
ZINCf5000000SNrm,C[S@](=O)(CCO)=NC(=O)CSCC(=O)O,decoy,local_zinc_pool,,,,1,C[S@](=O)(CCO)=NC(=O)CSCC(=O)O,matched_to_CHEMBL6012158,255.31699999999998,-0.5791000000000002,2,5,104.02999999999999,6,0,CHEMBL6012158,8.158400000000007,0.125,,,,
ZINCf500000093bo,CCS(=O)(=O)CCNC(=O)OCCOC,decoy,local_zinc_pool,,,,1,CCS(=O)(=O)CCNC(=O)OCCOC,matched_to_CHEMBL1688303,239.29299999999995,-0.20629999999999904,1,5,81.7,7,0,CHEMBL1688303,6.74525666666667,0.14084507042253522,,,,
ZINCf5000000abZj,Cn1ncc(S(=O)(=O)NCCCN)c1I,decoy,local_zinc_pool,,,c1cn[nH]c1,1,Cn1ncc(S(=O)(=O)NCCCN)c1I,matched_to_CHEMBL3217780,344.178,-0.34819999999999957,2,5,90.01,5,0,CHEMBL3217780,5.9752733333333365,0.125,,,,
ZINCf50000029Cq2,C[C@@H]1C[C@@H](N2CCCNC(=O)CC2)CN1,decoy,local_zinc_pool,,,O=C1CCN(C2CCNC2)CCCN1,1,C[C@@H]1C[C@@H](N2CCCNC(=O)CC2)CN1,matched_to_CHEMBL416288,211.30899999999997,-0.05119999999999897,2,3,44.370000000000005,1,0,CHEMBL416288,3.021056666666668,0.13333333333333333,,,,
ZINCf50000027PC8,COC[C@H](Nc1cncc(I)n1)C(N)=O,decoy,local_zinc_pool,,,c1cnccn1,1,COC[C@H](Nc1cncc(I)n1)C(N)=O,matched_to_CHEMBL6050672,322.10600000000005,-0.00660000000000005,2,5,90.13,5,0,CHEMBL6050672,8.164843333333337,0.20270270270270271,,,,
ZINCf50000026aCQ,C=C[C@H](NS(=O)(=O)NCC(=O)O)C1CC1,decoy,local_zinc_pool,,,C1CC1,1,C=C[C@H](NS(=O)(=O)NCC(=O)O)C1CC1,matched_to_CHEMBL3407579,234.27699999999996,-0.5403999999999998,3,3,95.50000000000001,7,0,CHEMBL3407579,6.290480000000002,0.18309859154929578,,,,
ZINCf5000002myLr,C[C@H](CO)CCCN[C@H](C)CS(N)(=O)=O,decoy,local_zinc_pool,,,,1,C[C@H](CO)CCCN[C@H](C)CS(N)(=O)=O,matched_to_CHEMBL5913446,238.353,-0.3383999999999984,3,4,92.41999999999999,8,0,CHEMBL5913446,6.121153333333335,0.15,,,,
ZINCf50000017D6a,CN(CCC(F)F)C(=O)Cn1ncnn1,decoy,local_zinc_pool,,,c1nn[nH]n1,1,CN(CCC(F)F)C(=O)Cn1ncnn1,matched_to_CHEMBL3653239,219.19500000000002,-0.21330000000000005,0,5,63.910000000000004,5,0,CHEMBL3653239,6.336720000000006,0.13333333333333333,,,,
ZINCf50000009HnH,CS[C@@H](CO)[C@@H](C)NC(=O)CCCON,decoy,local_zinc_pool,,,,1,CS[C@@H](CO)[C@@H](C)NC(=O)CCCON,matched_to_CHEMBL5989834,236.33699999999993,-0.11449999999999927,3,5,84.58,8,0,CHEMBL5989834,9.41313333333334,0.17105263157894737,,,,
ZINCf5000002qxsa,C[C@]1(C(=O)N[C@H]2CC[C@H]2N)CCCNC1,decoy,local_zinc_pool,,,O=C(NC1CCC1)C1CCCNC1,1,C[C@]1(C(=O)N[C@H]2CC[C@H]2N)CCCNC1,matched_to_CHEMBL3693969,211.30899999999994,-0.017999999999998628,3,3,67.15,2,0,CHEMBL3693969,5.803833333333336,0.13253012048192772,,,,
ZINCf50000009vDx,COCCONC(=O)[C@@H](N)CCCC#N,decoy,local_zinc_pool,,,,1,COCCONC(=O)[C@@H](N)CCCC#N,matched_to_CHEMBL5879668,215.25299999999996,-0.29821999999999993,2,5,97.37,8,0,CHEMBL5879668,9.139096666666674,0.16,,,,
ZINCf500000181o6,N#CCCCC(=O)NOCCOCCO,decoy,local_zinc_pool,,,,1,N#CCCCC(=O)NOCCOCCO,matched_to_CHEMBL5883242,216.23699999999994,-0.26302,2,5,91.58000000000001,9,0,CHEMBL5883242,8.968350000000008,0.12987012987012986,,,,
ZINCf50000008IcN,C=C[C@H](N)C(=O)NS(=O)(=O)CCCC#N,decoy,local_zinc_pool,,,,1,C=C[C@H](N)C(=O)NS(=O)(=O)CCCC#N,matched_to_CHEMBL5921912,231.27699999999993,-0.7505199999999994,2,5,113.04999999999998,6,0,CHEMBL5921912,9.854826666666675,0.14,,,,
ZINCf5000001876q,O=C(C=CBr)N[C@H]1CCN(C(=O)CO)C1,decoy,local_zinc_pool,,,C1CCNC1,1,O=C(C=CBr)N[C@H]1CCN(C(=O)CO)C1,matched_to_CHEMBL378100,277.118,-0.3956000000000002,2,3,69.64,3,0,CHEMBL378100,5.786140000000003,0.13253012048192772,,,,
ZINCf500000095uL,CC[C@@H](NCCNS(N)(=O)=O)C1CCC1,decoy,local_zinc_pool,,,C1CCC1,1,CC[C@@H](NCCNS(N)(=O)=O)C1CCC1,matched_to_CHEMBL4102803,235.35299999999995,-0.052199999999998914,3,3,84.22,7,0,CHEMBL4102803,4.656380000000002,0.16901408450704225,,,,
ZINCf5000000af5V,N=C(O)OCc1cn(CCCCN)nn1,decoy,local_zinc_pool,,,c1c[nH]nn1,1,N=C(O)OCc1cn(CCCCN)nn1,matched_to_CHEMBL5869704,213.24099999999999,0.026369999999999894,3,6,110.04,6,0,CHEMBL5869704,9.247956666666676,0.11538461538461539,,,,
ZINCf50000008Ke0,CC(=O)NCCCSCCCS(N)(=O)=O,decoy,local_zinc_pool,,,,1,CC(=O)NCCCSCCCS(N)(=O)=O,matched_to_CHEMBL5978015,254.37699999999995,-0.07559999999999956,2,4,89.25999999999999,8,0,CHEMBL5978015,7.643743333333339,0.125,,,,
ZINCf50000017KGJ,COCCONC(=O)C[C@@H](N)CCCN,decoy,local_zinc_pool,,,,1,COCCONC(=O)C[C@@H](N)CCCN,matched_to_CHEMBL3819071,219.28499999999994,-0.863099999999998,3,5,99.6,9,0,CHEMBL3819071,7.083696666666669,0.16326530612244897,,,,
ZINCf5000000ax9A,O=S(=O)(CCO)Cc1nc(C2CC2)no1,decoy,local_zinc_pool,,,c1nc(C2CC2)no1,1,O=S(=O)(CCO)Cc1nc(C2CC2)no1,matched_to_CHEMBL3687241,232.26099999999997,-0.14590000000000014,1,6,93.29,5,0,CHEMBL3687241,5.841770000000004,0.189873417721519,,,,
ZINCf5000002ovE3,Cc1nncn1NC(=O)[C@@H](N)CN=[N+]=[N-],decoy,local_zinc_pool,,,c1nnc[nH]1,1,Cc1nncn1NC(=O)[C@@H](N)CN=[N+]=[N-],matched_to_CHEMBL6064615,210.201,-0.7057800000000003,2,6,134.59,4,0,CHEMBL6064615,9.255640000000007,0.15,,,,
ZINCf50000009Ghu,CS(C)(=O)=NS(=O)(=O)NCCOCCS,decoy,local_zinc_pool,,,,1,CS(C)(=O)=NS(=O)(=O)NCCOCCS,matched_to_CHEMBL5849977,276.4049999999999,-0.5052000000000001,2,5,84.83,7,0,CHEMBL5849977,7.758633333333341,0.09210526315789473,,,,
ZINCf50000009FBj,CS(=O)(=O)CCC(=O)NCc1cocn1,decoy,local_zinc_pool,,,c1cocn1,1,CS(=O)(=O)CCC(=O)NCc1cocn1,matched_to_CHEMBL5876084,232.26100000000002,-0.2745000000000002,1,5,89.27,5,0,CHEMBL5876084,5.616763333333338,0.13924050632911392,,,,
ZINCf5000000ajrV,NCCOCCc1nc(C2(N)CC2)no1,decoy,local_zinc_pool,,,c1nc(C2CC2)no1,1,NCCOCCc1nc(C2(N)CC2)no1,matched_to_CHEMBL6024824,212.25299999999996,-0.46479999999999966,2,6,100.19,6,0,CHEMBL6024824,8.893310000000008,0.14772727272727273,,,,
ZINCf5000002rLkD,CCOC[C@@H](N)C(=O)NCC[S@](C)(=N)=O,decoy,local_zinc_pool,,,,1,CCOC[C@@H](N)C(=O)NCC[S@](C)(=N)=O,matched_to_CHEMBL5877121,237.325,-0.8570299999999988,3,5,105.26999999999998,7,0,CHEMBL5877121,5.497103333333337,0.1346153846153846,,,,
ZINCf50000009ABB,COCc1cc(CONC(=N)CO)on1,decoy,local_zinc_pool,,,c1cnoc1,1,COCc1cc(CONC(=N)CO)on1,matched_to_CHEMBL5859878,215.209,-0.18822999999999995,3,6,100.60000000000001,6,0,CHEMBL5859878,9.058600000000006,0.13978494623655913,,,,
ZINCf50000008zYd,C#CC(C)(C)NC(=O)C(=O)NCC(F)F,decoy,local_zinc_pool,,,,1,C#CC(C)(C)NC(=O)C(=O)NCC(F)F,matched_to_CHEMBL5267044,218.20299999999997,-0.10430000000000023,2,2,58.2,3,0,CHEMBL5267044,5.1860500000000025,0.15584415584415584,,,,
ZINCf5000000ap9k,O=C(COc1ccon1)Nc1nn[nH]n1,decoy,local_zinc_pool,,,O=C(COc1ccon1)Nc1nn[nH]n1,1,O=C(COc1ccon1)Nc1nn[nH]n1,matched_to_CHEMBL5816136,210.15300000000002,-0.7948000000000006,2,7,118.82000000000001,4,0,CHEMBL5816136,8.52987666666667,0.17721518987341772,,,,
ZINCf5000002r6Wu,CC[C@H](CN)NC(=O)[C@@H](N)CCCCN,decoy,local_zinc_pool,,,,1,CC[C@H](CN)NC(=O)[C@@H](N)CCCCN,matched_to_CHEMBL5988926,216.32899999999992,-0.7037999999999984,4,4,107.16,8,0,CHEMBL5988926,9.108663333333338,0.2222222222222222,,,,
ZINCf50000009Oaj,C[C@@H](c1nnnn1C)S(=O)(=O)[C@H](C)CO,decoy,local_zinc_pool,,,c1nnn[nH]1,1,C[C@H](CO)S(=O)(=O)[C@@H](C)c1nnnn1C,matched_to_CHEMBL6024197,234.28099999999998,-0.9332999999999994,1,7,97.97000000000001,4,0,CHEMBL6024197,5.9325266666666705,0.13414634146341464,,,,
ZINCf5000002rtj9,C[C@H](CCCO)NC(=O)[C@@H](N)CN=[N+]=[N-],decoy,local_zinc_pool,,,,1,C[C@H](CCCO)NC(=O)[C@@H](N)CN=[N+]=[N-],matched_to_CHEMBL5901726,215.257,-0.09879999999999994,3,4,124.11,7,0,CHEMBL5901726,8.546256666666673,0.15384615384615385,,,,
ZINCf50000008TcP,CCC=C(C)C(=O)NCCOCC(N)=O,decoy,local_zinc_pool,,,,1,CCC=C(C)C(=O)NCCOCC(N)=O,matched_to_CHEMBL4115504,214.26499999999996,-0.03919999999999979,2,3,81.41999999999999,7,0,CHEMBL4115504,5.925346666666672,0.16326530612244897,,,,
ZINCf5000000aqPy,O=C(NCCOCCF)[C@H]1C[C@H]1C(=O)O,decoy,local_zinc_pool,,,C1CC1,1,O=C(NCCOCCF)[C@H]1C[C@H]1C(=O)O,matched_to_CHEMBL199341,219.212,-0.19060000000000038,2,3,75.63,7,0,CHEMBL199341,2.750043333333333,0.12,,,,
ZINCf50000029RbS,CC(C)(N)[C@H](O)C(=O)NCCP(C)(C)=O,decoy,local_zinc_pool,,,,1,CC(C)(N)[C@H](O)C(=O)NCCP(C)(C)=O,matched_to_CHEMBL4114636,236.25199999999992,-0.17649999999999944,3,4,92.41999999999999,5,0,CHEMBL4114636,5.849003333333339,0.14102564102564102,,,,
ZINCf5000000ZrnR,CCO[C@@H](C)c1nc(CS(N)(=O)=O)no1,decoy,local_zinc_pool,,,c1ncon1,1,CCO[C@@H](C)c1nc(CS(N)(=O)=O)no1,matched_to_CHEMBL5811937,235.265,-0.044399999999999884,1,6,108.31,5,0,CHEMBL5811937,7.432490000000004,0.15555555555555556,,,,
ZINCf5000000abTo,Cn1ncc(CNCCSCC(=O)O)n1,decoy,local_zinc_pool,,,c1cn[nH]n1,1,Cn1ncc(CNCCSCC(=O)O)n1,matched_to_CHEMBL6030067,230.293,-0.27750000000000036,2,6,80.04,7,0,CHEMBL6030067,8.503080000000006,0.17045454545454544,,,,
ZINCf5000000ZtRK,C[C@@H](CO)CNc1cnsc1S(N)(=O)=O,decoy,local_zinc_pool,,,c1cnsc1,1,C[C@@H](CO)CNc1cnsc1S(N)(=O)=O,matched_to_CHEMBL6006846,251.333,-0.16920000000000013,3,6,105.31,5,0,CHEMBL6006846,8.996273333333338,0.1411764705882353,,,,
ZINCf5000002ecKi,CS(=O)(=O)CCN1CC[C@@H]([S@@](C)(=N)=O)C1,decoy,local_zinc_pool,,,C1CCNC1,1,CS(=O)(=O)CCN1CC[C@@H]([S@@](C)(=N)=O)C1,matched_to_CHEMBL5854116,254.377,-0.21812999999999877,1,5,78.30000000000001,4,0,CHEMBL5854116,5.01433666666667,0.10465116279069768,,,,
ZINCf5000001swWO,CCN(CC)CC(=O)N=S(C)(=O)CCN,decoy,local_zinc_pool,,,,1,CCN(CC)CC(=O)N=S(C)(=O)CCN,matched_to_CHEMBL2177185,235.35299999999995,-0.08869999999999856,1,4,75.76,6,0,CHEMBL2177185,5.530706666666671,0.125,,,,
ZINCf5000000SMLw,C[C@H](CS(N)(=O)=O)NC(=O)C[C@H]1C[C@H]1C,decoy,local_zinc_pool,,,C1CC1,1,C[C@H](CS(N)(=O)=O)NC(=O)C[C@H]1C[C@H]1C,matched_to_CHEMBL4109769,234.32099999999997,-0.17429999999999923,2,3,89.25999999999999,5,0,CHEMBL4109769,5.713750000000006,0.15517241379310345,,,,
ZINCf5000002eapx,CSCC[C@H](NC(=O)C(F)F)C(=O)NO,decoy,local_zinc_pool,,,,1,CSCC[C@H](NC(=O)C(F)F)C(=O)NO,matched_to_CHEMBL2313485,242.24699999999999,-0.0052000000000004265,3,4,78.43,6,0,CHEMBL2313485,4.25507666666667,0.15714285714285714,,,,
ZINCf5000002dXS3,CN1CC(O)(CN(C)C(=O)[C@@H]2C[C@@H]2Br)C1,decoy,local_zinc_pool,,,O=C(NCC1CNC1)C1CC1,1,CN1CC(O)(CN(C)C(=O)[C@@H]2C[C@@H]2Br)C1,matched_to_CHEMBL514709,277.16200000000003,-0.09529999999999994,1,3,43.78,3,0,CHEMBL514709,2.387223333333334,0.14285714285714285,,,,
ZINCf5000000ZuJO,C[C@H](N)c1noc(CN(C)S(C)(=O)=O)n1,decoy,local_zinc_pool,,,c1ncon1,1,C[C@H](N)c1noc(CN(C)S(C)(=O)=O)n1,matched_to_CHEMBL5808134,234.281,-0.5192999999999997,1,6,102.32000000000001,4,0,CHEMBL5808134,5.636643333333336,0.15294117647058825,,,,
ZINCf5000000SOkk,N[C@@H](CO)c1cn(Cc2cnsn2)nn1,decoy,local_zinc_pool,,,c1cn(Cc2cnsn2)nn1,1,N[C@@H](CO)c1cn(Cc2cnsn2)nn1,matched_to_CHEMBL5745234,226.26500000000004,-0.8300000000000007,2,8,102.74,4,0,CHEMBL5745234,7.503380000000004,0.125,,,,
ZINCf50000017Djw,CN(CCNS(C)(=O)=O)C(=O)CC(F)F,decoy,local_zinc_pool,,,,1,CN(CCNS(C)(=O)=O)C(=O)CC(F)F,matched_to_CHEMBL2347389,244.26299999999995,-0.35080000000000044,1,3,66.48,6,0,CHEMBL2347389,5.407426666666673,0.125,,,,
ZINCf5000000a94X,Cc1nnc(SCCCO)n1CC(N)=O,decoy,local_zinc_pool,,,c1nnc[nH]1,1,Cc1nnc(SCCCO)n1CC(N)=O,matched_to_CHEMBL5775440,230.29299999999998,-0.45368,2,6,94.03,6,0,CHEMBL5775440,4.738456666666671,0.14666666666666667,,,,
ZINCf5000002aSPS,CONC(=O)c1csc(CS(C)(=O)=O)n1,decoy,local_zinc_pool,,,c1cscn1,1,CONC(=O)c1csc(CS(C)(=O)=O)n1,matched_to_CHEMBL5747471,250.30099999999996,-0.021099999999999897,1,6,85.36,4,0,CHEMBL5747471,5.200563333333338,0.1411764705882353,,,,
ZINCf50000017vpK,CCC1(CN2CCCNS2(=O)=O)COC1,decoy,local_zinc_pool,,,O=S1(=O)NCCCN1CC1COC1,1,CCC1(CN2CCCNS2(=O)=O)COC1,matched_to_CHEMBL3265101,234.32099999999994,-0.04689999999999972,1,3,58.64,3,0,CHEMBL3265101,4.774873333333337,0.13333333333333333,,,,
ZINCf5000002shZH,CSC[C@@H](CO)NC(=O)CCOCCN,decoy,local_zinc_pool,,,,1,CSC[C@@H](CO)NC(=O)CCOCCN,matched_to_CHEMBL4068667,236.33699999999993,-0.8080999999999985,3,5,84.58,9,0,CHEMBL4068667,8.275316666666669,0.14285714285714285,,,,
ZINCf5000000SOr8,N[C@H](CO)c1cn(Cc2cnns2)nn1,decoy,local_zinc_pool,,,c1cn(Cc2cnns2)nn1,1,N[C@H](CO)c1cn(Cc2cnns2)nn1,matched_to_CHEMBL5928219,226.26500000000004,-0.8300000000000007,2,8,102.74,4,0,CHEMBL5928219,7.047826666666671,0.11827956989247312,,,,
ZINCf5000000Ztou,CO[C@@H](C)CC(=O)OCc1nc(O)n[nH]1,decoy,local_zinc_pool,,,c1nc[nH]n1,1,CO[C@@H](C)CC(=O)OCc1nc(O)n[nH]1,matched_to_CHEMBL3220103,215.209,-0.021500000000000186,2,6,97.33000000000001,5,0,CHEMBL3220103,6.666550000000004,0.17567567567567569,,,,
ZINCf5000000SOrb,N[C@H](CO)c1cn(Cc2csnn2)nn1,decoy,local_zinc_pool,,,c1cn(Cc2csnn2)nn1,1,N[C@H](CO)c1cn(Cc2csnn2)nn1,matched_to_CHEMBL6012158,226.26500000000004,-0.8300000000000007,2,8,102.74,4,0,CHEMBL6012158,8.167786666666672,0.11363636363636363,,,,
ZINCf5000000a5Ck,C[S@](=O)CCCNS(=O)(=O)CCCC#N,decoy,local_zinc_pool,,,,1,C[S@](=O)CCCNS(=O)(=O)CCCC#N,matched_to_CHEMBL1688303,252.36099999999996,-0.02181999999999973,1,4,87.03,8,0,CHEMBL1688303,6.278390000000004,0.1038961038961039,,,,
ZINCf5000002aOdL,C[C@@H](O)CONC(=O)Cn1cnc(Br)n1,decoy,local_zinc_pool,,,c1nc[nH]n1,1,C[C@@H](O)CONC(=O)Cn1cnc(Br)n1,matched_to_CHEMBL3217780,279.094,-0.5307999999999999,2,6,89.27,5,0,CHEMBL3217780,6.27744666666667,0.17721518987341772,,,,
ZINCf5000002rpRe,C[C@@H]1CNCCCN1C(=O)[C@@H]1C=CCN1,decoy,local_zinc_pool,,,O=C(C1C=CCN1)N1CCCNCC1,1,C[C@@H]1CNCCCN1C(=O)[C@@H]1C=CCN1,matched_to_CHEMBL416288,209.29300000000003,-0.2751999999999987,2,3,44.370000000000005,1,0,CHEMBL416288,3.19055,0.125,,,,
ZINCf50000009BJc,CONC(=O)CNC[C@H](C#N)CCC#N,decoy,local_zinc_pool,,,,1,CONC(=O)CNC[C@H](C#N)CCC#N,matched_to_CHEMBL6050672,210.237,-0.30283999999999955,2,5,97.94,7,0,CHEMBL6050672,8.16862666666667,0.1346153846153846,,,,
ZINCf5000002rteZ,C[C@@H](CCCN)NC(=O)[C@H](C)CC(N)=O,decoy,local_zinc_pool,,,,1,C[C@H](CC(N)=O)C(=O)N[C@@H](C)CCCN,matched_to_CHEMBL3407579,215.297,-0.2584999999999983,3,3,98.21000000000001,7,0,CHEMBL3407579,6.183946666666669,0.17391304347826086,,,,
ZINCf5000000almi,NOCCCNC(=O)NCCOC(F)F,decoy,local_zinc_pool,,,,1,NOCCCNC(=O)NCCOC(F)F,matched_to_CHEMBL5913446,227.21099999999996,-0.19480000000000008,3,4,85.61,8,0,CHEMBL5913446,6.409240000000004,0.16666666666666666,,,,
ZINCf50000009fgg,CN(CCS(C)(=O)=O)Cc1cn(C)cn1,decoy,local_zinc_pool,,,c1c[nH]cn1,1,CN(CCS(C)(=O)=O)Cc1cn(C)cn1,matched_to_CHEMBL3653239,231.321,-0.10349999999999948,0,5,55.2,5,0,CHEMBL3653239,6.4906600000000045,0.12790697674418605,,,,
ZINCf50000017X2G,C[C@H](O)CONC(=O)CCSCC(N)=O,decoy,local_zinc_pool,,,,1,C[C@H](O)CONC(=O)CCSCC(N)=O,matched_to_CHEMBL5989834,236.29299999999995,-0.9763999999999993,3,5,101.65,8,0,CHEMBL5989834,9.305373333333339,0.13157894736842105,,,,
ZINCf5000002r2MZ,CC[C@H](Br)C(=O)NNC(=O)[C@H]1CCNC1,decoy,local_zinc_pool,,,C1CCNC1,1,CC[C@H](Br)C(=O)NNC(=O)[C@H]1CCNC1,matched_to_CHEMBL3693969,278.15,-0.08320000000000033,3,3,70.23,3,0,CHEMBL3693969,5.555690000000004,0.14666666666666667,,,,
ZINCf500000091Oj,CCOCCS(=O)(=O)NO[C@@H](C)C(=O)O,decoy,local_zinc_pool,,,,1,CCOCCS(=O)(=O)NO[C@@H](C)C(=O)O,matched_to_CHEMBL5879668,241.26500000000001,-0.6529999999999994,2,5,101.93000000000002,8,0,CHEMBL5879668,8.933096666666675,0.19148936170212766,,,,
ZINCf5000002ryaO,C[C@@H](CS(C)(=O)=O)NCCCOCCN,decoy,local_zinc_pool,,,,1,C[C@@H](CS(C)(=O)=O)NCCCOCCN,matched_to_CHEMBL5883242,238.35299999999992,-0.625499999999998,2,5,81.42,9,0,CHEMBL5883242,9.39524333333334,0.14666666666666667,,,,
ZINCf5000000axfN,O=S(=O)(Cc1ccno1)c1n[nH]c(O)n1,decoy,local_zinc_pool,,,O=S(=O)(Cc1ccno1)c1nc[nH]n1,1,O=S(=O)(Cc1ccno1)c1n[nH]c(O)n1,matched_to_CHEMBL5921912,230.20499999999998,-0.5278000000000002,2,7,121.97,3,0,CHEMBL5921912,9.860266666666675,0.14130434782608695,,,,
ZINCf50000017SBr,C[C@@H]1CC[C@H](CO)N1C(=O)[C@@H](O)C(F)F,decoy,local_zinc_pool,,,C1CCNC1,1,C[C@@H]1CC[C@H](CO)N1C(=O)[C@@H](O)C(F)F,matched_to_CHEMBL378100,223.219,-0.015800000000000147,2,3,60.769999999999996,3,0,CHEMBL378100,5.770730000000005,0.1625,,,,
ZINCf5000000Vn7h,O=C(C[C@@H](CCO)C(=O)O)NCCCF,decoy,local_zinc_pool,,,,1,O=C(C[C@@H](CCO)C(=O)O)NCCCF,matched_to_CHEMBL4102803,221.22799999999998,-0.06450000000000045,3,3,86.63,8,0,CHEMBL4102803,4.209430000000004,0.1956521739130435,,,,
ZINCf50000009XeK,C[C@H](N)CCNS(=O)(=O)c1cnc(O)s1,decoy,local_zinc_pool,,,c1cscn1,1,C[C@H](N)CCNS(=O)(=O)c1cnc(O)s1,matched_to_CHEMBL5869704,251.333,-0.13570000000000004,3,6,105.31,5,0,CHEMBL5869704,9.66428333333334,0.16666666666666666,,,,
ZINCf5000002rNx2,CCOC(=O)CONC(=O)CCCCN,decoy,local_zinc_pool,,,,1,CCOC(=O)CONC(=O)CCCCN,matched_to_CHEMBL5978015,218.25299999999993,-0.27369999999999906,2,5,90.64999999999999,8,0,CHEMBL5978015,7.581450000000005,0.14583333333333334,,,,
ZINCf5000002dT2A,CCOCCCC(=O)NOC[C@@H](O)CO,decoy,local_zinc_pool,,,,1,CCOCCCC(=O)NOC[C@@H](O)CO,matched_to_CHEMBL3819071,221.253,-0.7958999999999998,3,5,88.02000000000001,9,0,CHEMBL3819071,7.48241666666667,0.16,,,,
ZINCf5000000Zt76,COCCN(C)c1cnsc1S(N)(=O)=O,decoy,local_zinc_pool,,,c1cnsc1,1,COCCN(C)c1cnsc1S(N)(=O)=O,matched_to_CHEMBL3687241,251.33299999999997,-0.12689999999999968,1,6,85.51999999999998,5,0,CHEMBL3687241,5.893183333333337,0.1111111111111111,,,,
ZINCf5000000ZqV6,CC(C)[C@@H](O)c1nc(CS(N)(=O)=O)no1,decoy,local_zinc_pool,,,c1ncon1,1,CC(C)[C@@H](O)c1nc(CS(N)(=O)=O)no1,matched_to_CHEMBL6064615,235.265,-0.45249999999999985,2,6,119.31,4,0,CHEMBL6064615,9.267346666666672,0.21518987341772153,,,,
ZINCf5000000Zr5Y,CCCN(CC(N)=O)c1nnc(CO)s1,decoy,local_zinc_pool,,,c1nncs1,1,CCCN(CC(N)=O)c1nnc(CO)s1,matched_to_CHEMBL5849977,230.29299999999998,-0.2679000000000001,2,6,92.34,6,0,CHEMBL5849977,7.761153333333341,0.13725490196078433,,,,
ZINCf50000017Fd1,CN=[S@@](C)(=O)NC(=O)CCCS(C)(=O)=O,decoy,local_zinc_pool,,,,1,CN=[S@@](C)(=O)NC(=O)CCCS(C)(=O)=O,matched_to_CHEMBL5876084,256.349,-0.4299999999999997,1,5,92.66999999999999,5,0,CHEMBL5876084,5.615550000000004,0.13043478260869565,,,,
ZINCf5000000Zrb9,CCN(CCC(N)=O)c1nnc(CO)s1,decoy,local_zinc_pool,,,c1nncs1,1,CCN(CCC(N)=O)c1nnc(CO)s1,matched_to_CHEMBL6024824,230.293,-0.2679000000000001,2,6,92.34,6,0,CHEMBL6024824,8.895643333333341,0.11320754716981132,,,,
ZINCf50000027fjf,CC[C@H](C)CN[C@@H](CS(=O)(=O)O)C(=O)O,decoy,local_zinc_pool,,,,1,CC[C@H](C)CN[C@@H](CS(=O)(=O)O)C(=O)O,matched_to_CHEMBL5877121,239.29299999999998,-0.036899999999998934,3,4,103.7,7,0,CHEMBL5877121,5.493470000000003,0.2,,,,
ZINCf5000002rJso,C[C@](N)(CO)C(=O)NCCCCN=[N+]=[N-],decoy,local_zinc_pool,,,,1,C[C@](N)(CO)C(=O)NCCCCN=[N+]=[N-],matched_to_CHEMBL5859878,215.25699999999995,-0.09720000000000018,3,4,124.11,7,0,CHEMBL5859878,8.557033333333338,0.11538461538461539,,,,
ZINCf5000002egKd,O=C1C[C@H](C(=O)NC2CC(CF)C2)CN1,decoy,local_zinc_pool,,,O=C1CC(C(=O)NC2CCC2)CN1,1,O=C1C[C@H](C(=O)NC2CC(CF)C2)CN1,matched_to_CHEMBL5267044,214.23999999999998,-0.013200000000000489,2,2,58.2,3,0,CHEMBL5267044,5.164946666666669,0.15,,,,
ZINCf5000002e3PG,COCC[C@](C)(O)CNS(=O)(=O)CC#N,decoy,local_zinc_pool,,,,1,COCC[C@](C)(O)CNS(=O)(=O)CC#N,matched_to_CHEMBL5816136,236.29299999999998,-0.7831199999999996,2,5,99.41999999999999,7,0,CHEMBL5816136,8.536690000000005,0.1411764705882353,,,,
ZINCf50000009Uno,C[C@H](CCCO)NC(=O)[C@H](N)CCCN,decoy,local_zinc_pool,,,,1,C[C@H](CCCO)NC(=O)[C@H](N)CCCN,matched_to_CHEMBL5988926,217.31299999999996,-0.6701999999999981,4,4,101.36999999999999,8,0,CHEMBL5988926,9.308023333333336,0.1702127659574468,,,,
ZINCf50000009BLy,CONC(=O)Cn1cc([N+](=O)[O-])nc1C,decoy,local_zinc_pool,,,c1c[nH]cn1,1,CONC(=O)Cn1cc([N+](=O)[O-])nc1C,matched_to_CHEMBL6024197,214.18099999999998,-0.2226800000000002,1,6,99.28999999999999,4,0,CHEMBL6024197,6.106980000000005,0.16455696202531644,,,,
ZINCf50000008VE1,CCC[C@H](O)CS(=O)(=O)c1n[nH]c(O)n1,decoy,local_zinc_pool,,,c1nc[nH]n1,1,CCC[C@H](O)CS(=O)(=O)c1n[nH]c(O)n1,matched_to_CHEMBL5901726,235.26500000000001,-0.555,3,6,116.16999999999999,5,0,CHEMBL5901726,8.967910000000007,0.16,,,,
ZINCf50000028LEi,CCS(=O)(=O)NCCNC(=O)[C@@H]1C[C@@H]1Br,decoy,local_zinc_pool,,,C1CC1,1,CCS(=O)(=O)NCCNC(=O)[C@@H]1C[C@@H]1Br,matched_to_CHEMBL4115504,299.19,-0.17470000000000052,2,3,75.27000000000001,6,0,CHEMBL4115504,5.626030000000005,0.13924050632911392,,,,
ZINCf5000000VlCY,CN(CCC(=O)O)C(=O)CNCC1CC1,decoy,local_zinc_pool,,,C1CC1,1,CN(CCC(=O)O)C(=O)CNCC1CC1,matched_to_CHEMBL199341,214.26499999999996,-0.08089999999999975,2,3,69.64,7,0,CHEMBL199341,2.784639999999999,0.19117647058823528,,,,
ZINCf500000097AT,CC[C@H](CO)NS(=O)(=O)c1[nH]cnc1C,decoy,local_zinc_pool,,,c1c[nH]cn1,1,CC[C@H](CO)NS(=O)(=O)c1[nH]cnc1C,matched_to_CHEMBL4114636,233.293,-0.23268000000000022,3,4,95.08,5,0,CHEMBL4114636,5.809646666666673,0.1686746987951807,,,,
ZINCf5000000axST,O=[N+]([O-])c1ccnn1CCc1nn[nH]n1,decoy,local_zinc_pool,,,c1cnn(CCc2nn[nH]n2)c1,1,O=[N+]([O-])c1ccnn1CCc1nn[nH]n1,matched_to_CHEMBL5811937,209.169,-0.45290000000000025,1,7,115.42,4,0,CHEMBL5811937,7.681383333333336,0.1527777777777778,,,,
ZINCf5000002sbOp,CO[C@H](C)CS(=O)(=O)NC[C@@H](O)CC#N,decoy,local_zinc_pool,,,,1,CO[C@H](C)CS(=O)(=O)NC[C@@H](O)CC#N,matched_to_CHEMBL6030067,236.293,-0.7847199999999994,2,5,99.42000000000002,7,0,CHEMBL6030067,8.50602666666667,0.11842105263157894,,,,
ZINCf5000002riGh,CC(C)(O)[C@H](N)C(=O)NCCCN=[N+]=[N-],decoy,local_zinc_pool,,,,1,CC(C)(O)[C@H](N)C(=O)NCCCN=[N+]=[N-],matched_to_CHEMBL6006846,215.25699999999998,-0.09880000000000044,3,4,124.11,6,0,CHEMBL6006846,9.058100000000007,0.13725490196078433,,,,
ZINCf5000001U9Co,CS(=O)(=O)N[C@H]1CCN(S(=O)(=O)CI)C1,decoy,local_zinc_pool,,,C1CCNC1,1,CS(=O)(=O)N[C@H]1CCN(S(=O)(=O)CI)C1,matched_to_CHEMBL5854116,368.218,-0.6678000000000002,1,4,83.55000000000001,4,0,CHEMBL5854116,4.677706666666671,0.125,,,,
ZINCf5000002s5Dp,COC[C@](C)(NS(=O)(=O)CI)C(=O)OC,decoy,local_zinc_pool,,,,1,COC[C@](C)(NS(=O)(=O)CI)C(=O)OC,matched_to_CHEMBL2177185,351.16200000000003,-0.12360000000000015,1,5,81.7,6,0,CHEMBL2177185,5.133483333333338,0.125,,,,
ZINCf50000008T1b,CCC(F)(F)C(=O)N[C@@H](C)CS(N)(=O)=O,decoy,local_zinc_pool,,,,1,CCC(F)(F)C(=O)N[C@@H](C)CS(N)(=O)=O,matched_to_CHEMBL4109769,244.26299999999998,-0.17509999999999992,2,3,89.25999999999999,5,0,CHEMBL4109769,5.614863333333339,0.15,,,,
ZINCf50000009xJZ,COC[C@@H](O)CNC(=O)c1n[nH]cc1I,decoy,local_zinc_pool,,,c1cn[nH]c1,1,COC[C@@H](O)CNC(=O)c1n[nH]cc1I,matched_to_CHEMBL2313485,325.106,-0.24860000000000032,3,4,87.24000000000001,5,0,CHEMBL2313485,4.355553333333338,0.17333333333333334,,,,
ZINCf5000002ejZt,O=C([C@H](O)CF)N1CCO[C@@H](C(F)F)C1,decoy,local_zinc_pool,,,C1COCCN1,1,O=C([C@H](O)CF)N1CCO[C@@H](C(F)F)C1,matched_to_CHEMBL514709,227.182,-0.1907000000000003,1,3,49.769999999999996,3,0,CHEMBL514709,2.887823333333334,0.14814814814814814,,,,
ZINCf5000001osMH,Nn1cnnc1/N=N/Cc1ccncc1,decoy,local_zinc_pool,,,c1cc(CN=Nc2nnc[nH]2)ccn1,1,Nn1cnnc1/N=N/Cc1ccncc1,matched_to_CHEMBL5808134,203.20900000000003,0.6707999999999997,1,7,94.34,3,0,CHEMBL5808134,5.473163333333337,0.10526315789473684,,,,
ZINCf50000009q0m,COC(=O)CSCC(=O)NOC[C@H](C)O,decoy,local_zinc_pool,,,,1,COC(=O)CSCC(=O)NOC[C@H](C)O,matched_to_CHEMBL5745234,237.27700000000002,-0.6788000000000003,2,6,84.86000000000001,7,0,CHEMBL5745234,7.507660000000004,0.1388888888888889,,,,
ZINCf50000017puu,C=C[C@@H](C)CNC(=O)CN(C)S(C)(=O)=O,decoy,local_zinc_pool,,,,1,C=C[C@@H](C)CNC(=O)CN(C)S(C)(=O)=O,matched_to_CHEMBL2347389,234.32099999999997,-0.18389999999999906,1,3,66.48,6,0,CHEMBL2347389,5.395580000000004,0.14,,,,
ZINCf50000008ULQ,CCCS(=O)(=O)NC(=O)[C@H](N)[C@@H](C)SC,decoy,local_zinc_pool,,,,1,CCCS(=O)(=O)NC(=O)[C@H](N)[C@@H](C)SC,matched_to_CHEMBL5775440,254.37699999999998,-0.07879999999999909,2,5,89.26,6,0,CHEMBL5775440,4.850496666666671,0.16666666666666666,,,,
ZINCf50000009qFA,COC(=O)OCn1cc(I)c(O)nc1=O,decoy,local_zinc_pool,,,O=c1nccc[nH]1,1,COC(=O)OCn1cc(I)c(O)nc1=O,matched_to_CHEMBL5747471,326.04600000000005,0.294,1,7,90.65,2,0,CHEMBL5747471,5.605446666666671,0.17567567567567569,,,,
ZINCf5000002qMrh,CC(C)[C@@](C)(N)C(=O)N1CC([S@](C)=O)C1,decoy,local_zinc_pool,,,C1CNC1,1,CC(C)[C@@](C)(N)C(=O)N1CC([S@](C)=O)C1,matched_to_CHEMBL3265101,232.34899999999996,-0.050899999999998835,1,3,63.400000000000006,3,0,CHEMBL3265101,4.709260000000003,0.14583333333333334,,,,
ZINCf5000000927o,CCOC[C@@H](O)CN[C@H](CO)CCOC,decoy,local_zinc_pool,,,,1,CCOC[C@@H](O)CN[C@H](CO)CCOC,matched_to_CHEMBL4068667,221.29699999999997,-0.6291999999999986,3,5,70.95,10,0,CHEMBL4068667,8.351650000000001,0.11764705882352941,,,,
ZINCf50000009F8s,COc1cc(CN(CCN)CCN)sn1,decoy,local_zinc_pool,,,c1cnsc1,1,COc1cc(CN(CCN)CCN)sn1,matched_to_CHEMBL5928219,230.337,-0.12889999999999902,2,6,77.4,7,0,CHEMBL5928219,7.053306666666669,0.1111111111111111,,,,
ZINCf5000002aPfN,CCOCC(=O)N[C@H](C)c1nnc(O)o1,decoy,local_zinc_pool,,,c1nnco1,1,CCOCC(=O)N[C@H](C)c1nnc(O)o1,matched_to_CHEMBL3220103,215.20899999999997,-0.01110000000000022,2,6,97.48,5,0,CHEMBL3220103,6.653616666666671,0.17105263157894737,,,,
ZINCf500000185b2,NOCCNC(=O)CCCn1cncn1,decoy,local_zinc_pool,,,c1nc[nH]n1,1,NOCCNC(=O)CCCn1cncn1,matched_to_CHEMBL6012158,213.24099999999999,-0.9351999999999991,2,6,95.06,7,0,CHEMBL6012158,8.175360000000005,0.15,,,,
ZINCf50000009Fz0,CS(=O)(=O)CC1(CNCC[N+](=O)[O-])CC1,decoy,local_zinc_pool,,,C1CC1,1,CS(=O)(=O)CC1(CNCC[N+](=O)[O-])CC1,matched_to_CHEMBL1688303,236.29299999999995,-0.3224999999999998,1,5,89.31,7,0,CHEMBL1688303,6.548323333333338,0.16,,,,
ZINCf5000000apOn,O=C(Cn1cnnn1)Nc1n[nH]cc1I,decoy,local_zinc_pool,,,O=C(Cn1cnnn1)Nc1cc[nH]n1,1,O=C(Cn1cnnn1)Nc1n[nH]cc1I,matched_to_CHEMBL3217780,319.06600000000003,-0.36050000000000043,2,6,101.38,3,0,CHEMBL3217780,6.279793333333337,0.15384615384615385,,,,
ZINCf5000002rr5Z,C[C@@H]1CN(C(=O)[C@H]2NCC2(C)C)CCN1,decoy,local_zinc_pool,,,O=C(C1CCN1)N1CCNCC1,1,C[C@@H]1CN(C(=O)[C@H]2NCC2(C)C)CCN1,matched_to_CHEMBL416288,211.30899999999997,-0.19529999999999864,2,3,44.370000000000005,1,0,CHEMBL416288,3.117123333333334,0.125,,,,
ZINCf5000000WzOZ,CCOC(=O)CCC(=O)NCS(=O)(=O)O,decoy,local_zinc_pool,,,,1,CCOC(=O)CCC(=O)NCS(=O)(=O)O,matched_to_CHEMBL6050672,239.249,-0.708799999999999,2,5,109.77,6,0,CHEMBL6050672,8.175946666666672,0.1276595744680851,,,,
ZINCf5000002dqbj,CCCC[C@@H](O)C(=O)N[C@@H](C)CC(N)=O,decoy,local_zinc_pool,,,,1,CCCC[C@@H](O)C(=O)N[C@@H](C)CC(N)=O,matched_to_CHEMBL3407579,216.28099999999995,-0.08239999999999947,3,3,92.41999999999999,7,0,CHEMBL3407579,6.288306666666672,0.25,,,,
ZINCf50000029Pki,C[C@H](CCC(=O)NOCCO)CC(=O)O,decoy,local_zinc_pool,,,,1,C[C@H](CCC(=O)NOCCO)CC(=O)O,matched_to_CHEMBL5913446,219.23699999999997,-0.08250000000000052,3,4,95.86,8,0,CHEMBL5913446,6.004113333333337,0.1780821917808219,,,,
ZINCf5000002s4Qj,COCC[C@H]1CN(S(=O)(=O)OC)CCO1,decoy,local_zinc_pool,,,C1COCCN1,1,COCC[C@H]1CN(S(=O)(=O)OC)CCO1,matched_to_CHEMBL3653239,239.29299999999995,-0.3850999999999991,0,5,65.07000000000001,5,0,CHEMBL3653239,6.2038733333333385,0.1348314606741573,,,,
ZINCf5000000afYF,NC(=O)CCCCC(=O)NOCC(=O)O,decoy,local_zinc_pool,,,,1,NC(=O)CCCCC(=O)NOCC(=O)O,matched_to_CHEMBL5989834,218.209,-0.8355000000000001,3,4,118.72000000000001,8,0,CHEMBL5989834,9.209480000000006,0.13953488372093023,,,,
ZINCf5000002dFc1,CC(C)(O)C(=O)NNC(=O)[C@@H]1C[C@@]1(F)Br,decoy,local_zinc_pool,,,C1CC1,1,CC(C)(O)C(=O)NNC(=O)[C@@H]1C[C@@]1(F)Br,matched_to_CHEMBL3693969,283.097,-0.014700000000000102,3,3,78.43,2,0,CHEMBL3693969,5.288553333333337,0.14285714285714285,,,,
ZINCf50000024C21,[N-]=[N+]=NCCCOCC(=O)NOCCO,decoy,local_zinc_pool,,,,1,[N-]=[N+]=NCCCOCC(=O)NOCCO,matched_to_CHEMBL5879668,218.213,-0.25649999999999984,2,5,116.55000000000001,9,0,CHEMBL5879668,8.814483333333342,0.11392405063291139,,,,
ZINCf5000002sfMO,CONCCC(=O)NCCSS(C)(=O)=O,decoy,local_zinc_pool,,,,1,CONCCC(=O)NCCSS(C)(=O)=O,matched_to_CHEMBL5883242,256.349,-0.6634999999999986,2,6,84.5,8,0,CHEMBL5883242,9.117416666666674,0.11842105263157894,,,,
ZINCf50000009GDl,CSCCCn1cc(C[C@@H](N)CO)nn1,decoy,local_zinc_pool,,,c1c[nH]nn1,1,CSCCCn1cc(C[C@@H](N)CO)nn1,matched_to_CHEMBL5921912,230.337,-0.10670000000000007,2,6,76.96,7,0,CHEMBL5921912,9.878613333333341,0.13580246913580246,,,,
ZINCf5000002dIPV,C[C@H]1C[C@H](O)CN1C(=O)[C@H](O)CC(F)F,decoy,local_zinc_pool,,,C1CCNC1,1,C[C@H]1C[C@H](O)CN1C(=O)[C@H](O)CC(F)F,matched_to_CHEMBL378100,223.219,-0.015800000000000147,2,3,60.769999999999996,3,0,CHEMBL378100,5.770730000000005,0.14,,,,
ZINCf50000028xRY,C[C@@H](O)C(=O)NCCCNC(=O)C=CI,decoy,local_zinc_pool,,,,1,C[C@@H](O)C(=O)NCCCNC(=O)C=CI,matched_to_CHEMBL4102803,326.134,-0.061600000000000266,3,3,78.43,6,0,CHEMBL4102803,4.486436666666669,0.15217391304347827,,,,
ZINCf5000002oGS5,NCCCC(=O)Nc1nnc(CCO)s1,decoy,local_zinc_pool,,,c1nncs1,1,NCCCC(=O)Nc1nnc(CCO)s1,matched_to_CHEMBL5869704,230.29299999999998,-0.24970000000000014,3,6,101.13000000000001,6,0,CHEMBL5869704,9.617883333333342,0.11290322580645161,,,,
ZINCf5000001oTeG,CCNS(=O)(=O)CCCNS(=O)(=O)CCl,decoy,local_zinc_pool,,,,1,CCNS(=O)(=O)CCCNS(=O)(=O)CCl,matched_to_CHEMBL5978015,278.783,-0.5684999999999996,2,4,92.34,8,0,CHEMBL5978015,7.605083333333337,0.1111111111111111,,,,
ZINCf5000001qM4w,COCCOCCCN[C@H](CO)[C@@H](C)O,decoy,local_zinc_pool,,,,1,COCCOCCCN[C@H](CO)[C@@H](C)O,matched_to_CHEMBL3819071,221.29700000000003,-0.6291999999999986,3,5,70.95,10,0,CHEMBL3819071,7.553643333333334,0.14864864864864866,,,,
ZINCf5000000ZsVe,COC(=O)CS(=O)(=O)NCc1cnsc1,decoy,local_zinc_pool,,,c1cnsc1,1,COC(=O)CS(=O)(=O)NCc1cnsc1,matched_to_CHEMBL3687241,250.30100000000002,-0.26449999999999996,1,6,85.36,5,0,CHEMBL3687241,6.00163666666667,0.13924050632911392,,,,
ZINCf5000002aPxi,CCSCCn1cc(C[C@@H](O)CN)nn1,decoy,local_zinc_pool,,,c1c[nH]nn1,1,CCSCCn1cc(C[C@@H](O)CN)nn1,matched_to_CHEMBL6064615,230.337,-0.10670000000000013,2,6,76.96,7,0,CHEMBL6064615,9.280093333333337,0.11627906976744186,,,,
ZINCf5000000abAi,Cn1nc(Br)c(C(=O)NOCCCN)n1,decoy,local_zinc_pool,,,c1cn[nH]n1,1,Cn1nc(Br)c(C(=O)NOCCCN)n1,matched_to_CHEMBL5849977,278.10999999999996,-0.4122000000000003,2,6,95.06,5,0,CHEMBL5849977,7.77038333333334,0.15384615384615385,,,,
ZINCf5000002mGxn,O=C(NCCCn1cnnn1)[C@H]1C[C@H]1Br,decoy,local_zinc_pool,,,O=C(NCCCn1cnnn1)C1CC1,1,O=C(NCCCn1cnnn1)[C@H]1C[C@H]1Br,matched_to_CHEMBL5876084,274.122,-0.03720000000000012,1,5,72.7,5,0,CHEMBL5876084,5.477153333333338,0.13043478260869565,,,,
ZINCf50000009GLl,CSCCS(=O)(=O)NC(=O)[C@H](N)CCF,decoy,local_zinc_pool,,,,1,CSCCS(=O)(=O)NC(=O)[C@H](N)CCF,matched_to_CHEMBL6024824,258.34,-0.5176999999999994,2,5,89.26,7,0,CHEMBL6024824,8.904906666666674,0.13725490196078433,,,,
ZINCf500000240X9,C=CCCS(=O)(=O)N[C@@H](CO)CC(=O)O,decoy,local_zinc_pool,,,,1,C=CCCS(=O)(=O)N[C@@H](CO)CC(=O)O,matched_to_CHEMBL5877121,237.27699999999996,-0.6824999999999999,3,4,103.7,8,0,CHEMBL5877121,5.444030000000004,0.14285714285714285,,,,
ZINCf5000002enFW,O=C(NOC[C@H](O)CO)c1sncc1Br,decoy,local_zinc_pool,,,c1cnsc1,1,O=C(NOC[C@H](O)CO)c1sncc1Br,matched_to_CHEMBL5859878,297.13,-0.07980000000000026,3,6,91.68,5,0,CHEMBL5859878,9.023903333333338,0.13793103448275862,,,,
ZINCf50000026cQC,C=CCN(C)C(=O)NC1CN(C(N)=S)C1,decoy,local_zinc_pool,,,C1CNC1,1,C=CCN(C)C(=O)NC1CN(C(N)=S)C1,matched_to_CHEMBL5267044,228.32099999999997,-0.2583999999999993,2,2,61.60000000000001,3,0,CHEMBL5267044,5.051603333333335,0.13186813186813187,,,,
ZINCf5000000SM0z,CSCCS(=O)(=O)NC(=O)[C@H](F)CCN,decoy,local_zinc_pool,,,,1,CSCCS(=O)(=O)NC(=O)[C@H](F)CCN,matched_to_CHEMBL5816136,258.34,-0.5176999999999994,2,5,89.26,7,0,CHEMBL5816136,8.545673333333337,0.13725490196078433,,,,
ZINCf500000188Pq,O=C(NCCOCCS)[C@H](O)CCCO,decoy,local_zinc_pool,,,,1,O=C(NCCOCCS)[C@H](O)CCCO,matched_to_CHEMBL5988926,237.321,-0.8176000000000003,4,5,78.79,9,0,CHEMBL5988926,9.109410000000004,0.16326530612244897,,,,
ZINCf5000000a9AP,Cc1nonc1CC(=O)Nc1nnco1,decoy,local_zinc_pool,,,O=C(Cc1cnon1)Nc1nnco1,1,Cc1nonc1CC(=O)Nc1nnco1,matched_to_CHEMBL6024197,209.165,-0.05778000000000055,1,7,106.94,3,0,CHEMBL6024197,6.097206666666671,0.13186813186813187,,,,
ZINCf5000002aK4C,CC[C@@H](CN)SCC(=O)Nc1nn[nH]n1,decoy,local_zinc_pool,,,c1nn[nH]n1,1,CC[C@@H](CN)SCC(=O)Nc1nn[nH]n1,matched_to_CHEMBL5901726,230.29700000000005,-0.3912999999999999,3,6,109.58,6,0,CHEMBL5901726,8.672056666666672,0.15584415584415584,,,,
ZINCf50000009JeR,C[C@@H](CF)C(=O)NCCCNS(C)(=O)=O,decoy,local_zinc_pool,,,,1,C[C@@H](CF)C(=O)NCCCNS(C)(=O)=O,matched_to_CHEMBL4115504,240.29999999999998,-0.3524999999999987,2,3,75.27000000000001,7,0,CHEMBL4115504,5.833463333333338,0.14864864864864866,,,,
ZINCf5000001847F,NCCN(CC1CC1)S(=O)(=O)NC1CC1,decoy,local_zinc_pool,,,O=S(=O)(NCC1CC1)NC1CC1,1,NCCN(CC1CC1)S(=O)(=O)NC1CC1,matched_to_CHEMBL199341,233.33699999999996,-0.34609999999999985,2,3,75.42999999999999,7,0,CHEMBL199341,2.9869599999999994,0.14634146341463414,,,,
ZINCf5000002oxLs,CC(C)[C@@H](NC(=O)CCN)c1cnn[nH]1,decoy,local_zinc_pool,,,c1c[nH]nn1,1,CC(C)[C@@H](NC(=O)CCN)c1cnn[nH]1,matched_to_CHEMBL4114636,211.269,-0.03319999999999934,3,4,96.69,5,0,CHEMBL4114636,5.832500000000006,0.1891891891891892,,,,
ZINCf5000000Zu2n,C[C@@H](NCCn1cnnn1)c1nncs1,decoy,local_zinc_pool,,,c1nnc(CNCCn2cnnn2)s1,1,C[C@@H](NCCn1cnnn1)c1nncs1,matched_to_CHEMBL5811937,225.28100000000003,-0.12460000000000004,1,8,81.41000000000001,5,0,CHEMBL5811937,7.661796666666671,0.13978494623655913,,,,
ZINCf50000017P86,CSCCCS(=O)(=O)NC(=O)[C@H](F)CN,decoy,local_zinc_pool,,,,1,CSCCCS(=O)(=O)NC(=O)[C@H](F)CN,matched_to_CHEMBL6030067,258.34,-0.5176999999999994,2,5,89.26,7,0,CHEMBL6030067,8.513943333333337,0.13725490196078433,,,,
ZINCf5000000aiWU,NCCCONC(=O)c1cc(CO)on1,decoy,local_zinc_pool,,,c1cnoc1,1,NCCCONC(=O)c1cc(CO)on1,matched_to_CHEMBL6006846,215.20899999999997,-0.8229,3,6,110.61,6,0,CHEMBL6006846,9.08131333333334,0.15384615384615385,,,,
ZINCf5000002silb,CSCCOC(=O)[C@H]1CCCNS1(=O)=O,decoy,local_zinc_pool,,,O=S1(=O)CCCCN1,1,CSCCOC(=O)[C@H]1CCCNS1(=O)=O,matched_to_CHEMBL5854116,253.34499999999997,-0.02559999999999979,1,5,72.47,4,0,CHEMBL5854116,5.129503333333338,0.11538461538461539,,,,
ZINCf50000017IXJ,COC(=O)[C@H](F)CNS(=O)(=O)C[C@@H](C)F,decoy,local_zinc_pool,,,,1,COC(=O)[C@H](F)CNS(=O)(=O)C[C@@H](C)F,matched_to_CHEMBL2177185,245.24699999999999,-0.2251000000000003,1,4,72.47,6,0,CHEMBL2177185,5.575100000000005,0.19117647058823528,,,,
ZINCf50000017Wyu,C[C@H](NS(=O)(=O)CC1(C)CCC1)C(N)=O,decoy,local_zinc_pool,,,C1CCC1,1,C[C@H](NS(=O)(=O)CC1(C)CCC1)C(N)=O,matched_to_CHEMBL4109769,234.32099999999994,-0.03019999999999945,2,3,89.25999999999999,5,0,CHEMBL4109769,5.617683333333339,0.1527777777777778,,,,
ZINCf5000001xzwp,COC1(CNC(CO)C(=O)O)CCCC1,decoy,local_zinc_pool,,,C1CCCC1,1,COC1(CNC(CO)C(=O)O)CCCC1,matched_to_CHEMBL2313485,217.26499999999993,-0.01930000000000054,3,4,78.78999999999999,6,0,CHEMBL2313485,4.499896666666672,0.17857142857142858,,,,
ZINCf5000002eoOk,O=S(=O)(NC1CCOCC1)N1CC(Cl)C1,decoy,local_zinc_pool,,,O=S(=O)(NC1CCOCC1)N1CCC1,1,O=S(=O)(NC1CCOCC1)N1CC(Cl)C1,matched_to_CHEMBL514709,254.73899999999995,-0.07719999999999949,1,3,58.64000000000001,3,0,CHEMBL514709,2.891386666666668,0.17567567567567569,,,,
ZINCf5000000abZa,Cn1ncc(S(=O)(=O)NCC2(C)N=N2)n1,decoy,local_zinc_pool,,,O=S(=O)(NCC1N=N1)c1cn[nH]n1,1,Cn1ncc(S(=O)(=O)NCC2(C)N=N2)n1,matched_to_CHEMBL5808134,230.25300000000001,-0.7245999999999999,1,7,101.6,4,0,CHEMBL5808134,5.342590000000004,0.14942528735632185,,,,
ZINCf5000000991p,CC[C@H](Sc1nnc(O)n1CC)C(N)=O,decoy,local_zinc_pool,,,c1nnc[nH]1,1,CC[C@H](Sc1nnc(O)n1CC)C(N)=O,matched_to_CHEMBL5745234,230.29299999999998,0.3595999999999998,2,6,94.03,5,0,CHEMBL5745234,7.518433333333339,0.13725490196078433,,,,
ZINCf5000002rNZ3,CC(=O)N(C)CCCNS(=O)(=O)C1CC1,decoy,local_zinc_pool,,,C1CC1,1,CC(=O)N(C)CCCNS(=O)(=O)C1CC1,matched_to_CHEMBL2347389,234.321,-0.06339999999999946,1,3,66.48,6,0,CHEMBL2347389,5.315246666666671,0.12345679012345678,,,,
ZINCf50000017Pp4,CS[C@H](C)C(=O)N=[S@](=O)(CCN)CCO,decoy,local_zinc_pool,,,,1,CS[C@H](C)C(=O)N=[S@](=O)(CCN)CCO,matched_to_CHEMBL5775440,254.37699999999995,-0.3164999999999993,2,5,92.75,6,0,CHEMBL5775440,4.869363333333339,0.11764705882352941,,,,
ZINCf5000002oG6t,CS(=O)(=O)CCN(N)C(=O)c1ccns1,decoy,local_zinc_pool,,,c1cnsc1,1,CS(=O)(=O)CCN(N)C(=O)c1ccns1,matched_to_CHEMBL5747471,249.317,-0.4964000000000002,1,6,93.36,4,0,CHEMBL5747471,5.508070000000004,0.12790697674418605,,,,
ZINCf5000000a251,C[C@H]1CN(C(=O)CCCN)CC[S@@](=O)C1,decoy,local_zinc_pool,,,O=S1CCCNCC1,1,C[C@H]1CN(C(=O)CCCN)CC[S@@](=O)C1,matched_to_CHEMBL3265101,232.34899999999993,-0.04769999999999919,1,3,63.4,3,0,CHEMBL3265101,4.70712666666667,0.14473684210526316,,,,
ZINCf5000002eeeG,NCCCNCCSCCCS(N)(=O)=O,decoy,local_zinc_pool,,,,1,NCCCNCCSCCCS(N)(=O)=O,matched_to_CHEMBL4068667,255.40899999999993,-0.6633999999999984,3,5,98.20999999999998,10,0,CHEMBL4068667,6.942930000000002,0.0641025641025641,,,,
ZINCf50000009sq1,COC(CNC(=O)c1nsnc1O)OC,decoy,local_zinc_pool,,,c1cnsn1,1,COC(CNC(=O)c1nsnc1O)OC,matched_to_CHEMBL5928219,233.249,-0.4076000000000002,2,7,93.57000000000001,5,0,CHEMBL5928219,7.06318666666667,0.14473684210526316,,,,
ZINCf5000000as3q,O=C(NOCCF)c1n[nH]cc1[N+](=O)[O-],decoy,local_zinc_pool,,,c1cn[nH]c1,1,O=C(NOCCF)c1n[nH]cc1[N+](=O)[O-],matched_to_CHEMBL3220103,218.144,-0.0512000000000003,2,5,110.15,5,0,CHEMBL3220103,6.644200000000003,0.1375,,,,
ZINCf50000009qFB,COC(=O)OCn1cc([C@H](O)CO)nn1,decoy,local_zinc_pool,,,c1c[nH]nn1,1,COC(=O)OCn1cc([C@H](O)CO)nn1,matched_to_CHEMBL6012158,217.181,-0.9557000000000002,2,8,106.7,4,0,CHEMBL6012158,8.184026666666671,0.17567567567567569,,,,
ZINCf5000000axRs,O=[N+]([O-])CCNCCOC[C@H]1CCOC1,decoy,local_zinc_pool,,,C1CCOC1,1,O=[N+]([O-])CCNCCOC[C@H]1CCOC1,matched_to_CHEMBL1688303,218.25299999999996,-0.09420000000000028,1,5,73.63000000000001,8,0,CHEMBL1688303,6.703723333333337,0.12359550561797752,,,,
ZINCf50000008L6Q,CC(=O)[C@H](C)SCC(=O)Nc1nn[nH]n1,decoy,local_zinc_pool,,,c1nn[nH]n1,1,CC(=O)[C@H](C)SCC(=O)Nc1nn[nH]n1,matched_to_CHEMBL3217780,229.26500000000004,-0.15110000000000035,2,6,100.63000000000001,5,0,CHEMBL3217780,6.0682033333333365,0.16,,,,
ZINCf500000258QP,C[C@H]1CN(C(=S)N[C@H]2CCOC2)CCN1,decoy,local_zinc_pool,,,S=C(NC1CCOC1)N1CCNCC1,1,C[C@H]1CN(C(=S)N[C@H]2CCOC2)CCN1,matched_to_CHEMBL416288,229.34899999999993,-0.05649999999999905,2,3,36.53,1,0,CHEMBL416288,3.1041900000000013,0.16279069767441862,,,,
ZINCf500000183nO,NCC(=O)Cn1cc(CCCCO)nn1,decoy,local_zinc_pool,,,c1c[nH]nn1,1,NCC(=O)Cn1cc(CCCCO)nn1,matched_to_CHEMBL6050672,212.253,-0.8791000000000007,2,6,94.03,7,0,CHEMBL6050672,8.189040000000004,0.12658227848101267,,,,
ZINCf5000000Wzr6,CC(=O)N[C@@H](CO)C(=O)NCCCCBr,decoy,local_zinc_pool,,,,1,CC(=O)N[C@@H](CO)C(=O)NCCCCBr,matched_to_CHEMBL3407579,281.15,-0.22530000000000028,3,3,78.43,7,0,CHEMBL3407579,6.294483333333336,0.14864864864864866,,,,
ZINCf5000000VlSp,COCC[C@H](CO)NC(=O)CCC(=O)O,decoy,local_zinc_pool,,,,1,COCC[C@H](CO)NC(=O)CCC(=O)O,matched_to_CHEMBL5913446,219.23699999999997,-0.6352000000000002,3,4,95.86,8,0,CHEMBL5913446,6.372580000000004,0.1702127659574468,,,,
ZINCf50000009mqe,CNCCN(C)C(=O)Cn1cc(I)nn1,decoy,local_zinc_pool,,,c1c[nH]nn1,1,CNCCN(C)C(=O)Cn1cc(I)nn1,matched_to_CHEMBL3653239,323.138,-0.43950000000000045,1,5,63.050000000000004,5,0,CHEMBL3653239,6.4824900000000065,0.14814814814814814,,,,
ZINCf50000009E9s,CO[C@H](C)[C@H](N)CC(=O)NOCCCN,decoy,local_zinc_pool,,,,1,CO[C@H](C)[C@H](N)CC(=O)NOCCCN,matched_to_CHEMBL5989834,219.28499999999997,-0.8646999999999978,3,5,99.6,8,0,CHEMBL5989834,9.482986666666672,0.17567567567567569,,,,
ZINCf50000028Pa6,C[Si]1(C)CN[C@H](C(=O)N[C@H]2C[C@H](N)C2)C1,decoy,local_zinc_pool,,,O=C(NC1CCC1)C1C[SiH2]CN1,1,C[Si]1(C)CN[C@H](C(=O)N[C@H]2C[C@H](N)C2)C1,matched_to_CHEMBL3693969,227.38399999999996,-0.18829999999999925,3,3,67.15,2,0,CHEMBL3693969,5.756616666666669,0.12,,,,
ZINCf5000002eeL6,NCCNCCSCCCn1cnnn1,decoy,local_zinc_pool,,,c1nnn[nH]1,1,NCCNCCSCCCn1cnnn1,matched_to_CHEMBL5879668,230.34099999999998,-0.6553000000000002,2,7,81.64999999999999,9,0,CHEMBL5879668,9.355070000000008,0.0851063829787234,,,,
ZINCf5000001A1LB,O=S(=O)(NCCOCCO)OCC(F)F,decoy,local_zinc_pool,,,,1,O=S(=O)(NCCOCCO)OCC(F)F,matched_to_CHEMBL5883242,249.23499999999996,-0.8886000000000001,2,5,84.86000000000001,9,0,CHEMBL5883242,9.32422333333334,0.1038961038961039,,,,
ZINCf50000017pBj,C=C[C@@H](N)c1nc(CNS(C)(=O)=O)no1,decoy,local_zinc_pool,,,c1ncon1,1,C=C[C@@H](N)c1nc(CNS(C)(=O)=O)no1,matched_to_CHEMBL5921912,232.265,-0.6953999999999989,2,6,111.10999999999999,5,0,CHEMBL5921912,9.885800000000009,0.12903225806451613,,,,
ZINCf5000002dJqU,C[C@H]1[C@@H](O)CCN1C(=O)[C@@H](O)CC(F)F,decoy,local_zinc_pool,,,C1CCNC1,1,C[C@H]1[C@@H](O)CCN1C(=O)[C@@H](O)CC(F)F,matched_to_CHEMBL378100,223.219,-0.015800000000000203,2,3,60.769999999999996,3,0,CHEMBL378100,5.770730000000005,0.1506849315068493,,,,
ZINCf50000008THz,CCCC[C@@H](O)CC(=O)NCCC(N)=O,decoy,local_zinc_pool,,,,1,CCCC[C@@H](O)CC(=O)NCCC(N)=O,matched_to_CHEMBL4102803,216.28099999999995,-0.08079999999999965,3,3,92.41999999999999,8,0,CHEMBL4102803,4.5013666666666685,0.24444444444444444,,,,
ZINCf50000017KhB,COCCC[C@@H](N)C(=O)NOC[C@@H](C)N,decoy,local_zinc_pool,,,,1,COCCC[C@@H](N)C(=O)NOC[C@@H](C)N,matched_to_CHEMBL5869704,219.285,-0.8646999999999978,3,5,99.6,8,0,CHEMBL5869704,9.69916333333334,0.16666666666666666,,,,
ZINCf5000000WAqJ,COC(=O)CCCS(=O)(=O)NCCCO,decoy,local_zinc_pool,,,,1,COC(=O)CCCS(=O)(=O)NCCCO,matched_to_CHEMBL5978015,239.29299999999998,-0.7585999999999997,2,5,92.7,8,0,CHEMBL5978015,7.612316666666671,0.125,,,,
ZINCf50000008Ocf,CC(C)NS(=O)(=O)NCCSCCCO,decoy,local_zinc_pool,,,,1,CC(C)NS(=O)(=O)NCCSCCCO,matched_to_CHEMBL3819071,256.3929999999999,-0.06560000000000005,3,4,78.43,9,0,CHEMBL3819071,7.527750000000004,0.12244897959183673,,,,
ZINCf50000008Xan,CCN(CCN)C(=O)Cn1cc(I)nn1,decoy,local_zinc_pool,,,c1c[nH]nn1,1,CCN(CCN)C(=O)Cn1cc(I)nn1,matched_to_CHEMBL3687241,323.13800000000003,-0.31010000000000004,1,5,77.04,5,0,CHEMBL3687241,6.13646666666667,0.13580246913580246,,,,
ZINCf50000025RrE,NC(=O)CSc1ncnc2nc(O)oc12,decoy,local_zinc_pool,,,c1ncc2ocnc2n1,1,NC(=O)CSc1ncnc2nc(O)oc12,matched_to_CHEMBL6064615,226.217,-0.09920000000000012,2,7,115.13000000000001,3,0,CHEMBL6064615,9.289493333333338,0.11956521739130435,,,,
ZINCf5000000a0Rw,C[C@H](OC(=O)CCCCC(N)=O)C(N)=O,decoy,local_zinc_pool,,,,1,C[C@H](OC(=O)CCCCC(N)=O)C(N)=O,matched_to_CHEMBL5849977,216.23699999999997,-0.5508999999999988,2,4,112.47999999999999,7,0,CHEMBL5849977,7.784780000000007,0.1951219512195122,,,,
ZINCf5000002e98Z,COC(=O)[C@H](CP(C)(C)=O)NS(C)(=O)=O,decoy,local_zinc_pool,,,,1,COC(=O)[C@H](CP(C)(C)=O)NS(C)(=O)=O,matched_to_CHEMBL5876084,257.24800000000005,-0.3000999999999998,1,5,89.53999999999999,5,0,CHEMBL5876084,5.394760000000003,0.17647058823529413,,,,
ZINCf50000008UKF,CCCS(=O)(=O)NC(=O)C[C@@H](N)COC,decoy,local_zinc_pool,,,,1,CCCS(=O)(=O)NC(=O)C[C@@H](N)COC,matched_to_CHEMBL6024824,238.30899999999994,-0.793799999999999,2,5,98.49000000000001,7,0,CHEMBL6024824,8.92008333333334,0.16326530612244897,,,,
ZINCf5000002e8zQ,COC(=O)C(CO)(CO)NCCCSC,decoy,local_zinc_pool,,,,1,COC(=O)C(CO)(CO)NCCCSC,matched_to_CHEMBL5877121,237.321,-0.7745,3,6,78.79,8,0,CHEMBL5877121,5.501323333333336,0.125,,,,
ZINCf5000002aRDK,COc1nc(CSCC(=O)O)nc(=N)[nH]1,decoy,local_zinc_pool,,,N=c1ncnc[nH]1,1,COc1nc(CSCC(=O)O)nc(=N)[nH]1,matched_to_CHEMBL5859878,230.24900000000002,-0.3894300000000001,3,6,111.94999999999999,5,0,CHEMBL5859878,9.08833333333334,0.14666666666666667,,,,
ZINCf5000002mEM3,O=C1NCCC[C@@H]1C(=O)N[C@H]1C[C@H]1CF,decoy,local_zinc_pool,,,O=C1NCCCC1C(=O)NC1CC1,1,O=C1NCCC[C@@H]1C(=O)N[C@H]1C[C@H]1CF,matched_to_CHEMBL5267044,214.23999999999998,-0.0132000000000001,2,2,58.2,3,0,CHEMBL5267044,5.164946666666669,0.14457831325301204,,,,
ZINCf500000091uF,CCOCCCS(=O)(=O)NC(=O)[C@H](C)N,decoy,local_zinc_pool,,,,1,CCOCCCS(=O)(=O)NC(=O)[C@H](C)N,matched_to_CHEMBL5816136,238.309,-0.7937999999999976,2,5,98.49,7,0,CHEMBL5816136,8.560850000000002,0.16666666666666666,,,,
ZINCf5000000VmgN,C[C@@H](O)[C@@H](NCCCCC(=O)O)C(=O)O,decoy,local_zinc_pool,,,,1,C[C@@H](O)[C@@H](NCCCCC(=O)O)C(=O)O,matched_to_CHEMBL5988926,219.237,-0.3351000000000007,4,4,106.86,8,0,CHEMBL5988926,8.845783333333339,0.20930232558139536,,,,
ZINCf5000000apGz,O=C(Cn1cc(I)nn1)Nn1cnnc1,decoy,local_zinc_pool,,,O=C(Cn1ccnn1)Nn1cnnc1,1,O=C(Cn1cc(I)nn1)Nn1cnnc1,matched_to_CHEMBL6024197,319.06600000000003,-0.7555000000000005,1,7,90.52000000000001,3,0,CHEMBL6024197,5.764143333333338,0.13333333333333333,,,,
ZINCf5000001orCY,N[C@@H](CS[C@@H](CC(=O)O)C(=O)O)C(=O)O,decoy,local_zinc_pool,,,,1,N[C@@H](CS[C@@H](CC(=O)O)C(=O)O)C(=O)O,matched_to_CHEMBL5901726,237.23299999999998,-0.9405999999999994,4,5,137.92000000000002,7,0,CHEMBL5901726,8.835296666666672,0.16666666666666666,,,,
ZINCf50000017p42,C=CCNC(=O)CNS(=O)(=O)C[C@H](C)F,decoy,local_zinc_pool,,,,1,C=CCNC(=O)CNS(=O)(=O)C[C@H](C)F,matched_to_CHEMBL4115504,238.28399999999996,-0.4339999999999997,2,3,75.27000000000001,7,0,CHEMBL4115504,5.907956666666672,0.13725490196078433,,,,
ZINCf50000009sGG,COC1(CC(=O)NCCCC(N)=O)CC1,decoy,local_zinc_pool,,,C1CC1,1,COC1(CC(=O)NCCCC(N)=O)CC1,matched_to_CHEMBL199341,214.26499999999993,-0.06279999999999997,2,3,81.41999999999999,7,0,CHEMBL199341,2.8469733333333322,0.13157894736842105,,,,
ZINCf5000002dC2L,CC[C@H](O)[C@@H](C)C(=O)N[S@@](=N)(=O)N(C)C,decoy,local_zinc_pool,,,,1,CC[C@H](O)[C@@H](C)C(=O)N[S@@](=N)(=O)N(C)C,matched_to_CHEMBL4114636,237.32500000000002,-0.05202999999999958,3,4,93.49,5,0,CHEMBL4114636,5.712493333333339,0.15492957746478872,,,,
ZINCf5000000a90Q,Cc1nnc(N(C)Cc2nnc(O)o2)o1,decoy,local_zinc_pool,,,c1nnc(CNc2nnco2)o1,1,Cc1nnc(N(C)Cc2nnc(O)o2)o1,matched_to_CHEMBL5811937,211.18099999999998,0.10301999999999994,1,8,101.31,3,0,CHEMBL5811937,7.855050000000004,0.11688311688311688,,,,
ZINCf50000009ubg,COCCCCS(=O)(=O)NC(=O)[C@H](C)N,decoy,local_zinc_pool,,,,1,COCCCCS(=O)(=O)NC(=O)[C@H](C)N,matched_to_CHEMBL6030067,238.309,-0.7937999999999976,2,5,98.49,7,0,CHEMBL6030067,8.529120000000002,0.1527777777777778,,,,
ZINCf5000000a5SH,Cc1c(C(=O)NCCCON)noc1N,decoy,local_zinc_pool,,,c1cnoc1,1,Cc1c(C(=O)NCCCON)noc1N,matched_to_CHEMBL6006846,214.225,-0.4245800000000001,3,6,116.39999999999999,5,0,CHEMBL6006846,9.094006666666672,0.16883116883116883,,,,
ZINCf50000009Xjr,C[C@H](N)CN(C)C(=O)c1nn(C)nc1Br,decoy,local_zinc_pool,,,c1cn[nH]n1,1,C[C@H](N)CN(C)C(=O)c1nn(C)nc1Br,matched_to_CHEMBL5854116,276.138,-0.0032000000000000917,1,5,77.04,3,0,CHEMBL5854116,5.203840000000005,0.14666666666666667,,,,
ZINCf5000001PYNz,CCN(CC)C(=O)C(C)NS(=O)(=O)OC,decoy,local_zinc_pool,,,,1,CCN(CC)C(=O)C(C)NS(=O)(=O)OC,matched_to_CHEMBL2177185,238.30899999999997,-0.27589999999999937,1,4,75.71000000000001,6,0,CHEMBL2177185,5.623946666666671,0.16176470588235295,,,,
ZINCf5000002dHEe,C[C@H]1CC[C@H]1C(=O)NCCCS(N)(=O)=O,decoy,local_zinc_pool,,,C1CCC1,1,C[C@H]1CC[C@H]1C(=O)NCCCS(N)(=O)=O,matched_to_CHEMBL4109769,234.32099999999997,-0.1726999999999984,2,3,89.25999999999999,5,0,CHEMBL4109769,5.712683333333338,0.13513513513513514,,,,
ZINCf5000001BftP,COCC(O)CNC1(C(=O)O)CCCC1,decoy,local_zinc_pool,,,C1CCCC1,1,COCC(O)CNC1(C(=O)O)CCCC1,matched_to_CHEMBL2313485,217.26499999999996,-0.01930000000000054,3,4,78.79,6,0,CHEMBL2313485,4.49989666666667,0.14285714285714285,,,,
ZINCf5000002rPzu,CC[S@](=O)CC(=O)N1CCCNCCC1,decoy,local_zinc_pool,,,C1CNCCCNC1,1,CC[S@](=O)CC(=O)N1CCCNCCC1,matched_to_CHEMBL514709,232.34899999999993,-0.03299999999999925,1,3,49.410000000000004,3,0,CHEMBL514709,2.7166200000000007,0.12658227848101267,,,,
ZINCf5000000a9nq,Cc1noc(CCC(=O)NS(C)(=O)=O)n1,decoy,local_zinc_pool,,,c1ncon1,1,Cc1noc(CCC(=O)NS(C)(=O)=O)n1,matched_to_CHEMBL5808134,233.249,-0.6135799999999998,1,6,102.16000000000001,4,0,CHEMBL5808134,5.7162166666666705,0.14864864864864866,,,,
ZINCf500000091MD,CCOCCS(=O)(=O)NC(=O)[C@@H](N)CC,decoy,local_zinc_pool,,,,1,CCOCCS(=O)(=O)NC(=O)[C@@H](N)CC,matched_to_CHEMBL5745234,238.309,-0.7937999999999978,2,5,98.49,7,0,CHEMBL5745234,7.52880666666667,0.1527777777777778,,,,
ZINCf50000017pSX,C=C[C@H](C)NC(=O)CCN(C)S(C)(=O)=O,decoy,local_zinc_pool,,,,1,C=C[C@H](C)NC(=O)CCN(C)S(C)(=O)=O,matched_to_CHEMBL2347389,234.32099999999997,-0.0414000000000001,1,3,66.48,6,0,CHEMBL2347389,5.300580000000005,0.14,,,,
ZINCf500000093eL,CCS(=O)(=O)CCSc1n[nH]c(=N)n1C,decoy,local_zinc_pool,,,N=c1[nH]cn[nH]1,1,CCS(=O)(=O)CCSc1n[nH]c(=N)n1C,matched_to_CHEMBL5775440,250.34900000000002,-0.24553000000000025,2,6,91.6,5,0,CHEMBL5775440,4.908330000000005,0.11764705882352941,,,,
ZINCf50000008MQx,CC(C)(O)c1cn(CCS(C)(=O)=O)nn1,decoy,local_zinc_pool,,,c1c[nH]nn1,1,CC(C)(O)c1cn(CCS(C)(=O)=O)nn1,matched_to_CHEMBL5747471,233.293,-0.4499000000000002,1,6,85.08,4,0,CHEMBL5747471,5.667710000000005,0.14285714285714285,,,,
ZINCf50000017TsV,C[C@@H]1C[C@H](CO)CCN1S(=O)(=O)N(C)C,decoy,local_zinc_pool,,,C1CCNCC1,1,C[C@@H]1C[C@H](CO)CCN1S(=O)(=O)N(C)C,matched_to_CHEMBL3265101,236.337,-0.11439999999999984,1,3,60.85,3,0,CHEMBL3265101,4.711313333333337,0.136986301369863,,,,
ZINCf5000002eakk,CSCCCCC(=O)NOC[C@@H](O)CO,decoy,local_zinc_pool,,,,1,CSCCCCC(=O)NOC[C@@H](O)CO,matched_to_CHEMBL4068667,237.321,-0.07929999999999976,3,5,78.79,9,0,CHEMBL4068667,8.011210000000002,0.13725490196078433,,,,
ZINCf50000009Cip,CO[C@@H](C)CCC(=O)NS(=O)(=O)CCN,decoy,local_zinc_pool,,,,1,CO[C@@H](C)CCC(=O)NS(=O)(=O)CCN,matched_to_CHEMBL5928219,238.30899999999997,-0.7937999999999976,2,5,98.49,7,0,CHEMBL5928219,7.073253333333335,0.14473684210526316,,,,
ZINCf5000002mtuP,Cc1nnc(CN[C@@H](C)CS(N)(=O)=O)s1,decoy,local_zinc_pool,,,c1nncs1,1,Cc1nnc(CN[C@@H](C)CS(N)(=O)=O)s1,matched_to_CHEMBL3220103,250.349,-0.3868799999999996,2,6,97.97,5,0,CHEMBL3220103,6.53313666666667,0.11842105263157894,,,,
ZINCf50000008VnP,CCC[C@H](N)C(=O)NS(=O)(=O)CCOC,decoy,local_zinc_pool,,,,1,CCC[C@H](N)C(=O)NS(=O)(=O)CCOC,matched_to_CHEMBL6012158,238.30899999999994,-0.7937999999999981,2,5,98.49,7,0,CHEMBL6012158,8.193213333333338,0.1875,,,,
ZINCf5000002r56C,CC[C@@H](CC(=O)OCCS(N)(=O)=O)OC,decoy,local_zinc_pool,,,,1,CC[C@@H](CC(=O)OCCS(N)(=O)=O)OC,matched_to_CHEMBL1688303,239.29299999999998,-0.3667999999999991,1,5,95.69000000000001,7,0,CHEMBL1688303,6.515056666666671,0.16901408450704225,,,,
ZINCf50000017MGZ,CON=CC(=O)NO[C@@H](C)c1nc[nH]n1,decoy,local_zinc_pool,,,c1nc[nH]n1,1,CON=CC(=O)NO[C@@H](C)c1nc[nH]n1,matched_to_CHEMBL3217780,213.19700000000003,-0.4543000000000003,2,6,101.49,5,0,CHEMBL3217780,6.39661666666667,0.15384615384615385,,,,
ZINCf5000001vqaL,CC1CN(C(=O)C2C=CCCN2)CCN1,decoy,local_zinc_pool,,,O=C(C1C=CCCN1)N1CCNCC1,1,CC1CN(C(=O)C2C=CCCN2)CCN1,matched_to_CHEMBL416288,209.29299999999995,-0.2751999999999987,2,3,44.370000000000005,1,0,CHEMBL416288,3.190550000000001,0.1282051282051282,,,,
ZINCf500000094hL,CC[C@@H](CC(=O)NS(=O)(=O)CCN)OC,decoy,local_zinc_pool,,,,1,CC[C@@H](CC(=O)NS(=O)(=O)CCN)OC,matched_to_CHEMBL6050672,238.30899999999994,-0.793799999999999,2,5,98.49000000000001,7,0,CHEMBL6050672,8.193213333333336,0.1506849315068493,,,,
ZINCf5000002r2En,CC[C@H](Br)C(=O)NCCC(=O)NC(N)=O,decoy,local_zinc_pool,,,,1,CC[C@H](Br)C(=O)NCCC(=O)NC(N)=O,matched_to_CHEMBL3407579,280.122,-0.1388999999999997,3,3,101.28999999999999,5,0,CHEMBL3407579,6.332763333333336,0.14583333333333334,,,,
ZINCf5000001tN8K,C=C(Cl)CS(=O)(=O)N[C@H](CO)CCCO,decoy,local_zinc_pool,,,,1,C=C(Cl)CS(=O)(=O)N[C@H](CO)CCCO,matched_to_CHEMBL5913446,257.739,-0.2083000000000001,3,4,86.63000000000001,8,0,CHEMBL5913446,6.072160000000004,0.1702127659574468,,,,
ZINCf50000024fnB,CCn1nnc(CN(C=O)[C@@H]2C[C@@H]2F)n1,decoy,local_zinc_pool,,,C(NC1CC1)c1nn[nH]n1,1,CCn1nnc(CN(C=O)[C@@H]2C[C@@H]2F)n1,matched_to_CHEMBL3653239,213.21599999999998,-0.23819999999999997,0,5,63.910000000000004,5,0,CHEMBL3653239,6.413110000000006,0.13580246913580246,,,,
ZINCf50000008Fwz,C=CCCCS(=O)(=O)NC[C@@H](O)C(=O)O,decoy,local_zinc_pool,,,,1,C=CCCCS(=O)(=O)NC[C@@H](O)C(=O)O,matched_to_CHEMBL5989834,237.277,-0.682499999999999,3,4,103.7,8,0,CHEMBL5989834,9.517600000000005,0.19148936170212766,,,,
ZINCf50000009SV2,C[C@@]1(NC(=O)[C@@H]2CC[C@H](N)C2)CCNC1,decoy,local_zinc_pool,,,O=C(NC1CCNC1)C1CCCC1,1,C[C@@]1(NC(=O)[C@@H]2CC[C@H](N)C2)CCNC1,matched_to_CHEMBL3693969,211.30899999999994,-0.017999999999998628,3,3,67.15,2,0,CHEMBL3693969,5.803833333333336,0.16049382716049382,,,,
ZINCf5000000WAuu,COC(=O)CS(=O)(=O)NCCCCCO,decoy,local_zinc_pool,,,,1,COC(=O)CS(=O)(=O)NCCCCCO,matched_to_CHEMBL5879668,239.29299999999995,-0.7585999999999997,2,5,92.7,8,0,CHEMBL5879668,9.392416666666676,0.15555555555555556,,,,
ZINCf5000002sbOB,CO[C@H](C)CS(=O)(=O)NCCSCCO,decoy,local_zinc_pool,,,,1,CO[C@H](C)CS(=O)(=O)NCCSCCO,matched_to_CHEMBL5883242,257.37699999999995,-0.33379999999999915,2,5,75.63000000000001,9,0,CHEMBL5883242,9.242136666666674,0.12087912087912088,,,,
ZINCf50000009upU,COCCCS(=O)(=O)NC(=O)C[C@@H](C)N,decoy,local_zinc_pool,,,,1,COCCCS(=O)(=O)NC(=O)C[C@@H](C)N,matched_to_CHEMBL5921912,238.309,-0.7937999999999978,2,5,98.49,7,0,CHEMBL5921912,9.895760000000006,0.17567567567567569,,,,
ZINCf50000028gDz,CN1C[C@@H](NC(=O)[C@@H]2CC2(Br)Br)C(=O)N1,decoy,local_zinc_pool,,,O=C(NC1CNNC1=O)C1CC1,1,CN1C[C@@H](NC(=O)[C@@H]2CC2(Br)Br)C(=O)N1,matched_to_CHEMBL378100,341.003,-0.04619999999999974,2,3,61.440000000000005,2,0,CHEMBL378100,5.08635666666667,0.14814814814814814,,,,
ZINCf5000001Qyjg,CCCNS(=O)(=O)NC(CO)CC1CC1,decoy,local_zinc_pool,,,C1CC1,1,CCCNS(=O)(=O)NC(CO)CC1CC1,matched_to_CHEMBL4102803,236.33699999999996,-0.018599999999999506,3,3,78.43,8,0,CHEMBL4102803,4.355740000000003,0.1590909090909091,,,,
ZINCf50000008FIr,C=CCCS(=O)(=O)NC[C@H](O)CC(=O)O,decoy,local_zinc_pool,,,,1,C=CCCS(=O)(=O)NC[C@H](O)CC(=O)O,matched_to_CHEMBL5869704,237.27699999999996,-0.6824999999999999,3,4,103.7,8,0,CHEMBL5869704,9.733776666666675,0.14583333333333334,,,,
ZINCf50000009Knv,C[C@@H](CO)CS(=O)(=O)CCCCC(N)=O,decoy,local_zinc_pool,,,,1,C[C@@H](CO)CS(=O)(=O)CCCCC(N)=O,matched_to_CHEMBL5978015,237.32099999999994,-0.3147999999999997,2,4,97.46000000000001,8,0,CHEMBL5978015,7.645770000000005,0.15217391304347827,,,,
ZINCf50000009xvR,COC[C@@H](O)CCNC(=O)CCCON,decoy,local_zinc_pool,,,,1,COC[C@@H](O)CCNC(=O)CCCON,matched_to_CHEMBL3819071,220.26899999999995,-0.829499999999999,3,5,93.81,9,0,CHEMBL3819071,7.2830566666666705,0.16,,,,
ZINCf5000000a9hH,Cc1nnsc1CN(CCO)S(C)(=O)=O,decoy,local_zinc_pool,,,c1csnn1,1,Cc1nnsc1CN(CCO)S(C)(=O)=O,matched_to_CHEMBL3687241,251.33299999999997,-0.3995799999999998,1,6,83.38999999999999,5,0,CHEMBL3687241,6.160170000000004,0.1,,,,
ZINCf50000009upV,COCCCS(=O)(=O)NC(=O)C[C@H](C)N,decoy,local_zinc_pool,,,,1,COCCCS(=O)(=O)NC(=O)C[C@H](C)N,matched_to_CHEMBL6064615,238.309,-0.7937999999999978,2,5,98.49,7,0,CHEMBL6064615,9.297240000000004,0.17567567567567569,,,,
ZINCf50000017HVC,COC(=O)CCCS(=O)(=O)NC[C@H](C)N,decoy,local_zinc_pool,,,,1,COC(=O)CCCS(=O)(=O)NC[C@H](C)N,matched_to_CHEMBL5849977,238.309,-0.7937999999999978,2,5,98.49,7,0,CHEMBL5849977,7.785593333333338,0.14285714285714285,,,,
ZINCf50000024mgd,COC(=O)[C@@H]([C@@H](C)O)N(C)S(=O)(=O)CI,decoy,local_zinc_pool,,,,1,COC(=O)[C@@H]([C@@H](C)O)N(C)S(=O)(=O)CI,matched_to_CHEMBL5876084,351.1619999999999,-0.43710000000000027,1,5,83.91,5,0,CHEMBL5876084,4.52495333333334,0.18840579710144928,,,,
ZINCf50000017z4n,CCS(=O)(=O)NC(=O)[C@H](N)CCCOC,decoy,local_zinc_pool,,,,1,CCS(=O)(=O)NC(=O)[C@H](N)CCCOC,matched_to_CHEMBL6024824,238.30899999999994,-0.7937999999999994,2,5,98.49000000000001,7,0,CHEMBL6024824,8.92008333333334,0.19148936170212766,,,,
ZINCf5000002s5cu,COCC[C@@H](N)C(=O)NCC[S@](C)(=N)=O,decoy,local_zinc_pool,,,,1,COCC[C@@H](N)C(=O)NCC[S@](C)(=N)=O,matched_to_CHEMBL5877121,237.325,-0.8570299999999988,3,5,105.26999999999998,7,0,CHEMBL5877121,5.497103333333337,0.1346153846153846,,,,
ZINCf5000000VZiI,N#CCCCC(=O)N[C@@H](CCN)C(=O)O,decoy,local_zinc_pool,,,,1,N#CCCCC(=O)N[C@@H](CCN)C(=O)O,matched_to_CHEMBL5859878,213.23699999999997,-0.40151999999999927,3,4,116.21,7,0,CHEMBL5859878,9.09611333333334,0.24528301886792453,,,,
ZINCf5000002rVzz,CN(C)CC(=O)NNC(=O)[C@@]1(C)C[C@H]1Br,decoy,local_zinc_pool,,,C1CC1,1,CN(C)CC(=O)NNC(=O)[C@@]1(C)C[C@H]1Br,matched_to_CHEMBL5267044,278.15,-0.1311,2,3,61.440000000000005,3,0,CHEMBL5267044,4.974846666666669,0.14864864864864866,,,,
ZINCf50000017w2B,CCCS(=O)(=O)[C@H](C)C(=O)NOCCN,decoy,local_zinc_pool,,,,1,CCCS(=O)(=O)[C@H](C)C(=O)NOCCN,matched_to_CHEMBL5816136,238.30899999999994,-0.7937999999999976,2,5,98.49,7,0,CHEMBL5816136,8.560850000000002,0.19444444444444445,,,,
ZINCf5000000ZtNy,C[C@@H](CCO)SCc1nc(O)[nH]c(=N)n1,decoy,local_zinc_pool,,,N=c1ncnc[nH]1,1,C[C@@H](CCO)SCc1nc(O)[nH]c(=N)n1,matched_to_CHEMBL5988926,230.29300000000003,-0.006129999999999969,4,6,105.88000000000001,5,0,CHEMBL5988926,9.055110000000003,0.11827956989247312,,,,
ZINCf50000017Mn5,COCn1nnnc1-c1c[nH]nc1OC,decoy,local_zinc_pool,,,c1n[nH]cc1-c1nnn[nH]1,1,COCn1nnnc1-c1c[nH]nc1OC,matched_to_CHEMBL6024197,210.19700000000003,-0.3243000000000005,1,7,90.74000000000001,4,0,CHEMBL6024197,6.056566666666671,0.140625,,,,
ZINCf50000009K0A,C[C@@H](CN=[N+]=[N-])NC(=O)c1n[nH]c(O)n1,decoy,local_zinc_pool,,,c1nc[nH]n1,1,C[C@@H](CN=[N+]=[N-])NC(=O)c1n[nH]c(O)n1,matched_to_CHEMBL5901726,211.18500000000003,-0.06110000000000021,3,5,139.66000000000003,4,0,CHEMBL5901726,9.073443333333339,0.17647058823529413,,,,
ZINCf50000009G55,CS(=O)(=O)NCCNC(=O)CCC(F)F,decoy,local_zinc_pool,,,,1,CS(=O)(=O)NCCNC(=O)CCC(F)F,matched_to_CHEMBL4115504,244.26299999999998,-0.30290000000000084,2,3,75.27000000000001,7,0,CHEMBL4115504,5.760766666666673,0.14893617021276595,,,,
ZINCf50000008FYf,C=CCN(CCO)CC(=O)NCC1CC1,decoy,local_zinc_pool,,,C1CC1,1,C=CCN(CCO)CC(=O)NCC1CC1,matched_to_CHEMBL199341,212.29299999999998,-0.007100000000000106,2,3,52.57,8,0,CHEMBL199341,2.93788,0.13253012048192772,,,,
ZINCf5000002sjum,C[S@@](=N)(=O)CCNC(=O)[C@H](N)C1CCC1,decoy,local_zinc_pool,,,C1CCC1,1,C[S@@](=N)(=O)CCNC(=O)[C@H](N)C1CCC1,matched_to_CHEMBL4114636,233.33699999999996,-0.09342999999999946,3,4,96.04,5,0,CHEMBL4114636,5.677973333333338,0.2112676056338028,,,,
ZINCf5000002rwTf,C[C@H](COC(=O)CP(C)(C)=O)S(N)(=O)=O,decoy,local_zinc_pool,,,,1,C[C@H](COC(=O)CP(C)(C)=O)S(N)(=O)=O,matched_to_CHEMBL5811937,257.248,-0.17069999999999996,1,5,103.53,5,0,CHEMBL5811937,7.988060000000004,0.125,,,,
ZINCf500000092wo,CCONC(=O)[C@@H](N)CCS(=O)(=O)CC,decoy,local_zinc_pool,,,,1,CCONC(=O)[C@@H](N)CCS(=O)(=O)CC,matched_to_CHEMBL6030067,238.30899999999997,-0.7937999999999994,2,5,98.48999999999998,7,0,CHEMBL6030067,8.529120000000004,0.17777777777777778,,,,
ZINCf5000000advt,N#CCCCC[C@H](N)C(=O)NCC(=O)O,decoy,local_zinc_pool,,,,1,N#CCCCC[C@H](N)C(=O)NCC(=O)O,matched_to_CHEMBL6006846,213.237,-0.40151999999999927,3,4,116.21,7,0,CHEMBL6006846,9.09611333333334,0.1956521739130435,,,,
ZINCf5000002quEl,Cc1cc(S(=O)(=O)N(C)C[C@@H](C)O)on1,decoy,local_zinc_pool,,,c1cnoc1,1,Cc1cc(S(=O)(=O)N(C)C[C@@H](C)O)on1,matched_to_CHEMBL5854116,234.277,-0.015680000000000083,1,5,83.64,4,0,CHEMBL5854116,5.085970000000004,0.15,,,,
ZINCf5000001Y9Yn,CN(CCS(C)(=O)=O)C(C(=O)O)C1CC1,decoy,local_zinc_pool,,,C1CC1,1,CN(CCS(C)(=O)=O)C(C(=O)O)C1CC1,matched_to_CHEMBL2177185,235.30499999999998,-0.1739999999999997,1,4,74.68,6,0,CHEMBL2177185,5.552053333333338,0.1702127659574468,,,,
ZINCf50000009I3a,C[C@@H](C(=O)NCCC1CCC1)S(N)(=O)=O,decoy,local_zinc_pool,,,C1CCC1,1,C[C@@H](C(=O)NCCC1CCC1)S(N)(=O)=O,matched_to_CHEMBL4109769,234.32099999999997,-0.03019999999999945,2,3,89.25999999999999,5,0,CHEMBL4109769,5.617683333333339,0.2,,,,
ZINCf5000002shxn,CSCC[C@H](O)CNC(=O)[C@H]1C[C@@H](N)C1,decoy,local_zinc_pool,,,C1CCC1,1,CSCC[C@H](O)CNC(=O)[C@H]1C[C@@H](N)C1,matched_to_CHEMBL2313485,232.34899999999996,-0.04609999999999975,3,4,75.35,6,0,CHEMBL2313485,4.504523333333338,0.1346153846153846,,,,
ZINCf5000000aoP4,O=C(CO)N1CCN(CC2(Cl)CC2)CC1,decoy,local_zinc_pool,,,C1CN(CC2CC2)CCN1,1,O=C(CO)N1CCN(CC2(Cl)CC2)CC1,matched_to_CHEMBL514709,232.71099999999996,-0.10569999999999968,1,3,43.78,3,0,CHEMBL514709,2.838666666666668,0.12,,,,
ZINCf5000000a0RG,C[C@H](OC(=O)CS(C)(=O)=O)c1nc[nH]n1,decoy,local_zinc_pool,,,c1nc[nH]n1,1,C[C@H](OC(=O)CS(C)(=O)=O)c1nc[nH]n1,matched_to_CHEMBL5808134,233.249,-0.5465000000000002,1,6,102.01,4,0,CHEMBL5808134,5.677496666666671,0.15584415584415584,,,,
ZINCf50000009Wn3,C[C@H](CS(C)(=O)=O)NC(=O)CCCON,decoy,local_zinc_pool,,,,1,C[C@H](CS(C)(=O)=O)NC(=O)CCCON,matched_to_CHEMBL5745234,238.30899999999994,-0.7937999999999987,2,5,98.49,7,0,CHEMBL5745234,7.528806666666671,0.17567567567567569,,,,
ZINCf5000002ry71,C[C@@H](C[S@](C)=O)C(=O)N(C)CCC(=O)O,decoy,local_zinc_pool,,,,1,C[C@@H](C[S@](C)=O)C(=O)N(C)CCC(=O)O,matched_to_CHEMBL2347389,235.30499999999995,-0.06589999999999968,1,3,74.68,6,0,CHEMBL2347389,5.6062733333333385,0.14893617021276595,,,,
ZINCf50000017zSV,CC[C@@H](O)CONC(=O)Cc1csnn1,decoy,local_zinc_pool,,,c1csnn1,1,CC[C@@H](O)CONC(=O)Cc1csnn1,matched_to_CHEMBL5775440,231.27700000000002,-0.1007000000000004,2,6,84.34,6,0,CHEMBL5775440,4.792896666666672,0.15584415584415584,,,,
ZINCf5000002aQMt,CN(C[C@@H]1CCO1)c1nnc(C(N)=O)s1,decoy,local_zinc_pool,,,c1nnc(NCC2CCO2)s1,1,CN(C[C@@H]1CCO1)c1nnc(C(N)=O)s1,matched_to_CHEMBL5747471,228.277,-0.13790000000000002,1,6,81.34,4,0,CHEMBL5747471,5.659470000000005,0.1724137931034483,,,,
ZINCf5000000ar8c,O=C(NC[C@@H]1CC1(F)F)C1CS(=O)(=O)C1,decoy,local_zinc_pool,,,O=C(NCC1CC1)C1CS(=O)(=O)C1,1,O=C(NC[C@@H]1CC1(F)F)C1CS(=O)(=O)C1,matched_to_CHEMBL3265101,239.24299999999997,-0.1976,1,3,63.24,3,0,CHEMBL3265101,4.731720000000005,0.14285714285714285,,,,
ZINCf5000001Hd6c,C=C[C@H](CO)NCCOCCOCCO,decoy,local_zinc_pool,,,,1,C=C[C@H](CO)NCCOCCOCCO,matched_to_CHEMBL4068667,219.28099999999995,-0.8515999999999995,3,5,70.95,11,0,CHEMBL4068667,8.020076666666668,0.10638297872340426,,,,
ZINCf50000009VF9,C[C@H](CNC(=O)CCCON)S(C)(=O)=O,decoy,local_zinc_pool,,,,1,C[C@H](CNC(=O)CCCON)S(C)(=O)=O,matched_to_CHEMBL5928219,238.309,-0.793799999999999,2,5,98.48999999999998,7,0,CHEMBL5928219,7.073253333333336,0.17567567567567569,,,,
ZINCf5000000VmyF,C[C@H](Cc1nn[nH]n1)NS(=O)(=O)C(Cl)Cl,decoy,local_zinc_pool,,,c1nn[nH]n1,1,C[C@H](Cc1nn[nH]n1)NS(=O)(=O)C(Cl)Cl,matched_to_CHEMBL3220103,274.13300000000004,-0.18870000000000026,2,5,100.63,5,0,CHEMBL3220103,6.5567766666666705,0.14444444444444443,,,,
ZINCf500000092xa,CCONC(=O)[C@H](N)CCCS(C)(=O)=O,decoy,local_zinc_pool,,,,1,CCONC(=O)[C@H](N)CCCS(C)(=O)=O,matched_to_CHEMBL6012158,238.30899999999997,-0.7937999999999994,2,5,98.48999999999998,7,0,CHEMBL6012158,8.19321333333334,0.19148936170212766,,,,
ZINCf50000009ubk,COCCCCS(=O)(=O)NCC(=O)OC,decoy,local_zinc_pool,,,,1,COCCCCS(=O)(=O)NCC(=O)OC,matched_to_CHEMBL1688303,239.29299999999998,-0.49459999999999904,1,5,81.7,8,0,CHEMBL1688303,6.4374566666666695,0.1276595744680851,,,,
ZINCf5000000agpY,NC(=O)CONC(=O)Cn1cc(I)cn1,decoy,local_zinc_pool,,,c1cn[nH]c1,1,NC(=O)CONC(=O)Cn1cc(I)cn1,matched_to_CHEMBL3217780,324.07800000000003,-0.9792000000000001,2,5,99.24000000000002,5,0,CHEMBL3217780,6.227740000000003,0.1348314606741573,,,,
ZINCf5000002qtn7,CC1(C)CN[C@H](C(=O)N2CCNCC2)C1,decoy,local_zinc_pool,,,O=C(C1CCCN1)N1CCNCC1,1,CC1(C)CN[C@H](C(=O)N2CCNCC2)C1,matched_to_CHEMBL416288,211.30899999999994,-0.19369999999999887,2,3,44.370000000000005,1,0,CHEMBL416288,3.116056666666668,0.14666666666666667,,,,
ZINCf5000002rtjk,C[C@@H](CCC(=O)NOCCN)S(C)(=O)=O,decoy,local_zinc_pool,,,,1,C[C@@H](CCC(=O)NOCCN)S(C)(=O)=O,matched_to_CHEMBL6050672,238.30899999999997,-0.793799999999999,2,5,98.48999999999998,7,0,CHEMBL6050672,8.193213333333338,0.14666666666666667,,,,
ZINCf500000298Jo,CCCC[C@H](O)CC(=O)N[C@H](C)C(N)=O,decoy,local_zinc_pool,,,,1,CCCC[C@H](O)CC(=O)N[C@H](C)C(N)=O,matched_to_CHEMBL3407579,216.28099999999998,-0.08239999999999947,3,3,92.41999999999999,7,0,CHEMBL3407579,6.28830666666667,0.25,,,,
ZINCf5000001SQz0,CCNS(=O)(=O)CCCNC(C)C(=O)O,decoy,local_zinc_pool,,,,1,CCNS(=O)(=O)CCCNC(C)C(=O)O,matched_to_CHEMBL5913446,238.309,-0.6214999999999993,3,4,95.50000000000001,8,0,CHEMBL5913446,6.187126666666669,0.2222222222222222,,,,
ZINCf50000017JyP,COC1(OC)CCN(CCS(C)(=O)=O)C1,decoy,local_zinc_pool,,,C1CCNC1,1,COC1(OC)CCN(CCS(C)(=O)=O)C1,matched_to_CHEMBL3653239,237.32099999999997,-0.27419999999999933,0,5,55.84,5,0,CHEMBL3653239,6.518860000000005,0.11494252873563218,,,,
ZINCf5000000ae2o,N#CC[C@H](N)C(=O)NCCCCC(=O)O,decoy,local_zinc_pool,,,,1,N#CC[C@H](N)C(=O)NCCCCC(=O)O,matched_to_CHEMBL5989834,213.23699999999997,-0.4015199999999997,3,4,116.21,7,0,CHEMBL5989834,9.570280000000007,0.14285714285714285,,,,
ZINCf5000002d8V9,CC[C@@]1(C2CCNCC2)NC(=O)NC1=O,decoy,local_zinc_pool,,,O=C1NC(=O)C(C2CCNCC2)N1,1,CC[C@@]1(C2CCNCC2)NC(=O)NC1=O,matched_to_CHEMBL3693969,211.26500000000001,-0.025799999999999934,3,3,70.22999999999999,2,0,CHEMBL3693969,5.686273333333337,0.12987012987012986,,,,
ZINCf50000017zdt,CC[C@@H](C#N)C(=O)NOCCOCCO,decoy,local_zinc_pool,,,,1,CC[C@@H](C#N)C(=O)NOCCOCCO,matched_to_CHEMBL5879668,216.23699999999994,-0.4071200000000003,2,5,91.58000000000001,8,0,CHEMBL5879668,9.433456666666675,0.1506849315068493,,,,
ZINCf500000091Nd,CCOCCS(=O)(=O)NCCCC(=O)O,decoy,local_zinc_pool,,,,1,CCOCCS(=O)(=O)NCCCC(=O)O,matched_to_CHEMBL5883242,239.29299999999998,-0.19289999999999968,2,4,92.7,9,0,CHEMBL5883242,9.14624333333334,0.16666666666666666,,,,
ZINCf5000000VmyA,C[C@H](Cc1nn[nH]n1)NCc1cnns1,decoy,local_zinc_pool,,,c1nnsc1CNCCc1nn[nH]n1,1,C[C@H](Cc1nn[nH]n1)NCc1cnns1,matched_to_CHEMBL5921912,225.28100000000003,-0.22800000000000042,2,7,92.27,5,0,CHEMBL5921912,9.897640000000008,0.125,,,,
ZINCf50000009GGj,CSCCNC(=O)N1CC(=O)N[C@@H](C)C1,decoy,local_zinc_pool,,,O=C1CNCCN1,1,CSCCNC(=O)N1CC(=O)N[C@@H](C)C1,matched_to_CHEMBL378100,231.32099999999997,-0.12069999999999936,2,3,61.440000000000005,3,0,CHEMBL378100,5.732843333333337,0.14130434782608695,,,,
ZINCf50000008Gu8,C=CCOCCNC(=O)NCCC(=O)O,decoy,local_zinc_pool,,,,1,C=CCOCCNC(=O)NCCC(=O)O,matched_to_CHEMBL4102803,216.237,-0.03709999999999952,3,3,87.66000000000001,8,0,CHEMBL4102803,4.282273333333335,0.14893617021276595,,,,
ZINCf5000002sc2G,CO[C@@H](CN)CC(=O)NCC[S@](C)(=N)=O,decoy,local_zinc_pool,,,,1,CO[C@@H](CN)CC(=O)NCC[S@](C)(=N)=O,matched_to_CHEMBL5869704,237.325,-0.8570299999999988,3,5,105.26999999999998,7,0,CHEMBL5869704,9.786850000000008,0.15254237288135594,,,,
ZINCf5000000VZiG,N#CCCCC(=O)NCCOCC(=O)O,decoy,local_zinc_pool,,,,1,N#CCCCC(=O)NCCOCC(=O)O,matched_to_CHEMBL5978015,214.22099999999998,-0.10232000000000024,2,4,99.42,8,0,CHEMBL5978015,7.6567166666666715,0.16326530612244897,,,,
ZINCf5000000SMPn,C[C@H](N)CONC(=O)CSCCCCN,decoy,local_zinc_pool,,,,1,C[C@H](N)CONC(=O)CSCCCCN,matched_to_CHEMBL3819071,235.35299999999992,-0.1464999999999982,3,5,90.36999999999999,9,0,CHEMBL3819071,6.814483333333336,0.14285714285714285,,,,
ZINCf5000000acIL,Cn1nncc1CC(=O)NS(=O)(=O)CI,decoy,local_zinc_pool,,,c1c[nH]nn1,1,Cn1nncc1CC(=O)NS(=O)(=O)CI,matched_to_CHEMBL3687241,344.13399999999996,-0.8039000000000001,1,6,93.94999999999999,4,0,CHEMBL3687241,5.68810666666667,0.14473684210526316,,,,
ZINCf50000017VOT,C[C@H](Cc1nn[nH]n1)NCc1nncs1,decoy,local_zinc_pool,,,c1nnc(CNCCc2nn[nH]n2)s1,1,C[C@H](Cc1nn[nH]n1)NCc1nncs1,matched_to_CHEMBL5849977,225.28100000000003,-0.22800000000000042,2,7,92.27,5,0,CHEMBL5849977,7.787473333333341,0.12195121951219512,,,,
ZINCf50000009FOO,CS(=O)(=O)CCS(=O)(=O)N[C@@H]1CCSC1,decoy,local_zinc_pool,,,C1CCSC1,1,CS(=O)(=O)CCS(=O)(=O)N[C@@H]1CCSC1,matched_to_CHEMBL5876084,273.401,-0.5440999999999991,1,5,80.31,5,0,CHEMBL5876084,5.517896666666671,0.1111111111111111,,,,
ZINCf5000000SL7m,CN=[S@](C)(=O)CCNC(=O)CCCON,decoy,local_zinc_pool,,,,1,CN=[S@](C)(=O)CCNC(=O)CCCON,matched_to_CHEMBL6024824,237.32499999999996,-0.4992999999999978,2,5,93.78,7,0,CHEMBL6024824,8.921990000000008,0.14102564102564102,,,,
ZINCf5000000910a,CCOC(=O)[C@H](CO)NC[C@@H](O)CSC,decoy,local_zinc_pool,,,,1,CCOC(=O)[C@H](CO)NC[C@@H](O)CSC,matched_to_CHEMBL5877121,237.32099999999997,-0.7760999999999998,3,6,78.79,8,0,CHEMBL5877121,5.502390000000003,0.1527777777777778,,,,
ZINCf5000000WBL6,NC[C@@H](O)CNc1ccc([N+](=O)[O-])nc1,decoy,local_zinc_pool,,,c1ccncc1,1,NC[C@@H](O)CNc1ccc([N+](=O)[O-])nc1,matched_to_CHEMBL5859878,212.209,-0.2787000000000004,3,6,114.31,5,0,CHEMBL5859878,9.100513333333339,0.1506849315068493,,,,
ZINCf5000002dHic,C[C@@H]1C[C@@]1(F)C(=O)NC[C@@H]1CNC(=O)C1,decoy,local_zinc_pool,,,O=C1CC(CNC(=O)C2CC2)CN1,1,C[C@@H]1C[C@@]1(F)C(=O)NC[C@@H]1CNC(=O)C1,matched_to_CHEMBL5267044,214.23999999999998,-0.013200000000000045,2,2,58.2,3,0,CHEMBL5267044,5.164946666666669,0.15555555555555556,,,,
ZINCf500000184hK,NCCSCc1cn(C[C@@H](O)CF)nn1,decoy,local_zinc_pool,,,c1c[nH]nn1,1,NCCSCc1cn(C[C@@H](O)CF)nn1,matched_to_CHEMBL5816136,234.29999999999995,-0.19960000000000017,2,6,76.96,7,0,CHEMBL5816136,8.566006666666672,0.1111111111111111,,,,
ZINCf50000008UZR,CCC[C@@H](N)CNC(=O)C[C@@H](N)CCN,decoy,local_zinc_pool,,,,1,CCC[C@@H](N)CNC(=O)C[C@@H](N)CCN,matched_to_CHEMBL5988926,216.32899999999995,-0.7037999999999975,4,4,107.16,8,0,CHEMBL5988926,9.108663333333336,0.2,,,,
ZINCf50000008Jbx,CC(=O)C(=O)Cn1cc(I)c(O)nc1=O,decoy,local_zinc_pool,,,O=c1nccc[nH]1,1,CC(=O)C(=O)Cn1cc(I)c(O)nc1=O,matched_to_CHEMBL6024197,322.05800000000005,-0.28840000000000005,1,6,89.25999999999999,3,0,CHEMBL6024197,5.973223333333338,0.17567567567567569,,,,
ZINCf500000185zQ,N[C@@H](CO)CNc1cccnc1[N+](=O)[O-],decoy,local_zinc_pool,,,c1ccncc1,1,N[C@@H](CO)CNc1cccnc1[N+](=O)[O-],matched_to_CHEMBL5901726,212.209,-0.2787000000000006,3,6,114.31,5,0,CHEMBL5901726,9.088670000000006,0.1794871794871795,,,,
ZINCf5000002dU4k,CCO[C@@H](C)CCNC(=O)/C=C\\C(N)=O,decoy,local_zinc_pool,,,,1,CCO[C@@H](C)CCNC(=O)/C=C\C(N)=O,matched_to_CHEMBL4115504,214.26500000000001,-0.040799999999999614,2,3,81.41999999999999,7,0,CHEMBL4115504,5.926413333333339,0.16326530612244897,,,,
ZINCf50000018cmD,O=CNCCCS(=O)(=O)NC[C@@H]1C[C@H]1Cl,decoy,local_zinc_pool,,,C1CC1,1,O=CNCCCS(=O)(=O)NC[C@@H]1C[C@H]1Cl,matched_to_CHEMBL199341,254.739,-0.3308,2,3,75.27,8,0,CHEMBL199341,2.68438,0.10256410256410256,,,,
ZINCf50000024hVQ,N[C@@H](CO)CNC(=O)c1ccncc1I,decoy,local_zinc_pool,,,c1ccncc1,1,N[C@@H](CO)CNC(=O)c1ccncc1I,matched_to_CHEMBL4114636,321.11800000000005,-0.26439999999999975,3,4,88.24,4,0,CHEMBL4114636,5.726143333333338,0.16666666666666666,,,,
ZINCf5000000YbyH,Cc1noc(CCNS(=O)(=O)CC#N)n1,decoy,local_zinc_pool,,,c1ncon1,1,Cc1noc(CCNS(=O)(=O)CC#N)n1,matched_to_CHEMBL5811937,230.249,-0.6364999999999998,1,6,108.88000000000001,5,0,CHEMBL5811937,7.854583333333338,0.13333333333333333,,,,
ZINCf50000009HLj,C[C@@H](C#N)CNS(=O)(=O)c1cnc(O)s1,decoy,local_zinc_pool,,,c1cscn1,1,C[C@@H](C#N)CNS(=O)(=O)c1cnc(O)s1,matched_to_CHEMBL6030067,247.30100000000002,0.2866800000000001,2,6,103.08000000000001,4,0,CHEMBL6030067,8.535280000000004,0.15,,,,
ZINCf5000002efnB,N[C@H](CO)CNc1ccc([N+](=O)[O-])nc1,decoy,local_zinc_pool,,,c1ccncc1,1,N[C@H](CO)CNc1ccc([N+](=O)[O-])nc1,matched_to_CHEMBL6006846,212.209,-0.2787000000000004,3,6,114.31,5,0,CHEMBL6006846,9.100513333333339,0.1506849315068493,,,,
ZINCf50000017Pky,CSC[C@H](C)OC(=O)[C@@H]1CCS(=O)(=O)N1,decoy,local_zinc_pool,,,O=S1(=O)CCCN1,1,CSC[C@H](C)OC(=O)[C@@H]1CCS(=O)(=O)N1,matched_to_CHEMBL5854116,253.34499999999997,-0.027200000000000057,1,5,72.47,4,0,CHEMBL5854116,5.130570000000005,0.14666666666666667,,,,
ZINCf5000001PMkI,CSCCCN(C)C(=O)C(C)S(N)(=O)=O,decoy,local_zinc_pool,,,,1,CSCCCN(C)C(=O)C(C)S(N)(=O)=O,matched_to_CHEMBL2177185,254.377,-0.12509999999999877,1,4,80.47,6,0,CHEMBL2177185,5.553133333333337,0.14285714285714285,,,,
ZINCf50000009QRC,C[C@@H]1C[C@@H]1CC(=O)NC[C@@H](C)S(N)(=O)=O,decoy,local_zinc_pool,,,C1CC1,1,C[C@@H]1C[C@@H]1CC(=O)NC[C@@H](C)S(N)(=O)=O,matched_to_CHEMBL4109769,234.321,-0.17429999999999912,2,3,89.25999999999999,5,0,CHEMBL4109769,5.713750000000005,0.1506849315068493,,,,
ZINCf50000009Hm2,CS[C@@H](C)[C@@H](N)C(=O)NCC(F)(F)CO,decoy,local_zinc_pool,,,,1,CS[C@@H](C)[C@@H](N)C(=O)NCC(F)(F)CO,matched_to_CHEMBL2313485,242.29099999999997,-0.19100000000000017,3,4,75.35000000000001,6,0,CHEMBL2313485,4.501703333333336,0.14634146341463414,,,,
ZINCf5000002e1wH,CNC(=O)[C@H]1COCCN1C(=O)CCBr,decoy,local_zinc_pool,,,C1COCCN1,1,CNC(=O)[C@H]1COCCN1C(=O)CCBr,matched_to_CHEMBL514709,279.13399999999996,-0.25520000000000054,1,3,58.64,3,0,CHEMBL514709,2.7661033333333354,0.1927710843373494,,,,
ZINCf5000002rS98,Cn1nccc1S(=O)(=O)Nc1nnco1,decoy,local_zinc_pool,,,O=S(=O)(Nc1nnco1)c1ccn[nH]1,1,Cn1nccc1S(=O)(=O)Nc1nnco1,matched_to_CHEMBL5808134,229.221,-0.39610000000000034,1,7,102.91,3,0,CHEMBL5808134,5.615110000000005,0.12658227848101267,,,,
ZINCf5000002e4kT,COC[C@](C)(O)CC(=O)OCCC(=O)O,decoy,local_zinc_pool,,,,1,COC[C@](C)(O)CC(=O)OCCC(=O)O,matched_to_CHEMBL5745234,220.22099999999995,-0.20820000000000022,2,5,93.06000000000002,7,0,CHEMBL5745234,7.536486666666671,0.14893617021276595,,,,
ZINCf5000002e06r,CN(CCNS(C)(=O)=O)[S@@](=O)C1CCC1,decoy,local_zinc_pool,,,C1CCC1,1,CN(CCNS(C)(=O)=O)[S@@](=O)C1CCC1,matched_to_CHEMBL2347389,254.37699999999995,-0.3163999999999989,1,3,66.48,6,0,CHEMBL2347389,5.283353333333338,0.14285714285714285,,,,
ZINCf50000009082,CCNS(=O)(=O)NCCn1ncc(Br)n1,decoy,local_zinc_pool,,,c1cn[nH]n1,1,CCNS(=O)(=O)NCCn1ncc(Br)n1,matched_to_CHEMBL5775440,298.166,-0.5155000000000005,2,5,88.91000000000001,6,0,CHEMBL5775440,4.7177400000000045,0.1348314606741573,,,,
ZINCf50000009fiV,CN(CCS(N)(=O)=O)Cc1nnsc1Cl,decoy,local_zinc_pool,,,c1csnn1,1,CN(CCS(N)(=O)=O)Cc1nnsc1Cl,matched_to_CHEMBL5747471,270.767,-0.0882,1,6,89.17999999999999,5,0,CHEMBL5747471,5.387836666666671,0.1111111111111111,,,,
ZINCf50000008Jcw,CC(=O)C1(C(=O)N[C@@H]2CC[S@](=O)C2)CC1,decoy,local_zinc_pool,,,O=C(NC1CCS(=O)C1)C1CC1,1,CC(=O)C1(C(=O)N[C@@H]2CC[S@](=O)C2)CC1,matched_to_CHEMBL3265101,229.30099999999993,-0.007200000000000539,1,3,63.24,3,0,CHEMBL3265101,4.704206666666671,0.12643678160919541,,,,
ZINCf5000002s99B,COCCSCCNC(=O)[C@@H](O)CCN,decoy,local_zinc_pool,,,,1,COCCSCCNC(=O)[C@@H](O)CCN,matched_to_CHEMBL4068667,236.337,-0.808099999999998,3,5,84.58,9,0,CHEMBL4068667,8.275316666666669,0.1346153846153846,,,,
ZINCf5000000ajAL,NCCSCC(=O)NS(=O)(=O)CC1CC1,decoy,local_zinc_pool,,,C1CC1,1,NCCSCC(=O)NS(=O)(=O)CC1CC1,matched_to_CHEMBL5928219,252.36099999999996,-0.4656999999999998,2,5,89.25999999999999,7,0,CHEMBL5928219,7.083200000000004,0.16455696202531644,,,,
ZINCf50000026yZO,COC(=O)[C@](C)(O)CNC(=O)CN=[N+]=[N-],decoy,local_zinc_pool,,,,1,COC(=O)[C@](C)(O)CNC(=O)CN=[N+]=[N-],matched_to_CHEMBL3220103,216.197,-0.6631000000000005,2,5,124.39,5,0,CHEMBL3220103,6.586003333333337,0.10526315789473684,,,,
ZINCf50000017KXM,COCO[C@@H](C)C(=O)NCC[S@@](C)(=N)=O,decoy,local_zinc_pool,,,,1,COCO[C@@H](C)C(=O)NCC[S@@](C)(=N)=O,matched_to_CHEMBL6012158,238.30899999999997,-0.21182999999999902,2,5,88.47999999999999,7,0,CHEMBL6012158,8.205633333333338,0.14864864864864866,,,,
ZINCf50000009FJD,CS(=O)(=O)CCNC(=O)CSCCC#N,decoy,local_zinc_pool,,,,1,CS(=O)(=O)CCNC(=O)CSCCC#N,matched_to_CHEMBL1688303,250.34499999999997,-0.2059200000000001,1,5,87.03,7,0,CHEMBL1688303,6.421283333333338,0.1,,,,
ZINCf5000000ZtEi,CP(C)(=O)CC(=O)OCc1nc(O)n[nH]1,decoy,local_zinc_pool,,,c1nc[nH]n1,1,CP(C)(=O)CC(=O)OCc1nc(O)n[nH]1,matched_to_CHEMBL3217780,233.164,0.1761999999999998,2,6,105.17000000000002,4,0,CHEMBL3217780,6.1294133333333365,0.11842105263157894,,,,
ZINCf50000017u6n,CC1(C)C[C@H](C(=O)N2CCNCC2)CN1,decoy,local_zinc_pool,,,O=C(C1CCNC1)N1CCNCC1,1,CC1(C)C[C@H](C(=O)N2CCNCC2)CN1,matched_to_CHEMBL416288,211.30899999999997,-0.19369999999999882,2,3,44.370000000000005,1,0,CHEMBL416288,3.1160566666666676,0.13157894736842105,,,,
ZINCf50000017KXN,COCO[C@@H](C)C(=O)NCC[S@](C)(=N)=O,decoy,local_zinc_pool,,,,1,COCO[C@@H](C)C(=O)NCC[S@](C)(=N)=O,matched_to_CHEMBL6050672,238.30899999999997,-0.21182999999999902,2,5,88.47999999999999,7,0,CHEMBL6050672,8.205633333333337,0.14864864864864866,,,,
ZINCf50000024sD9,CC(C)[C@H](C)CNS(=O)(=O)NCC(=O)O,decoy,local_zinc_pool,,,,1,CC(C)[C@H](C)CNS(=O)(=O)NCC(=O)O,matched_to_CHEMBL3407579,238.309,-0.2128999999999988,3,3,95.50000000000001,7,0,CHEMBL3407579,6.031826666666667,0.16417910447761194,,,,
ZINCf5000002s5no,COCC[C@H](O)CNC(=O)CCC(=O)O,decoy,local_zinc_pool,,,,1,COCC[C@H](O)CNC(=O)CCC(=O)O,matched_to_CHEMBL5913446,219.23699999999997,-0.6352000000000002,3,4,95.86,8,0,CHEMBL5913446,6.372580000000004,0.1702127659574468,,,,
ZINCf50000009fg3,CN(CCS(C)(=O)=O)C[C@H]1CCC(=O)O1,decoy,local_zinc_pool,,,O=C1CCCO1,1,CN(CCS(C)(=O)=O)C[C@H]1CCC(=O)O1,matched_to_CHEMBL3653239,235.30499999999995,-0.33159999999999945,0,5,63.68000000000001,5,0,CHEMBL3653239,6.263686666666673,0.13953488372093023,,,,
ZINCf5000000ZyZN,OCCCCCNc1nnc(O)nc1O,decoy,local_zinc_pool,,,c1cnncn1,1,OCCCCCNc1nnc(O)nc1O,matched_to_CHEMBL5989834,214.22500000000002,-0.14270000000000033,4,7,111.39,6,0,CHEMBL5989834,9.58065333333334,0.12162162162162163,,,,
ZINCf500000185CT,N[C@@H]1CCCC[C@@H]1C(=O)N[C@H]1CCNC1,decoy,local_zinc_pool,,,O=C(NC1CCNC1)C1CCCCC1,1,N[C@@H]1CCCC[C@@H]1C(=O)N[C@H]1CCNC1,matched_to_CHEMBL3693969,211.30899999999997,-0.01799999999999996,3,3,67.15,2,0,CHEMBL3693969,5.803833333333336,0.12162162162162163,,,,
ZINCf5000002aPLI,Cn1cc(CSCCNCCCN)nn1,decoy,local_zinc_pool,,,c1c[nH]nn1,1,Cn1cc(CSCCNCCCN)nn1,matched_to_CHEMBL5879668,229.35299999999998,-0.013299999999998868,2,6,68.76,8,0,CHEMBL5879668,9.452550000000008,0.10752688172043011,,,,
ZINCf50000009ubo,COCCCCS(=O)(=O)NCCC(=O)O,decoy,local_zinc_pool,,,,1,COCCCCS(=O)(=O)NCCC(=O)O,matched_to_CHEMBL5883242,239.29299999999998,-0.19289999999999968,2,4,92.7,9,0,CHEMBL5883242,9.14624333333334,0.14864864864864866,,,,
ZINCf50000028wYB,O=C(C1CC(I)C1)N1CCNC[C@H]1CO,decoy,local_zinc_pool,,,O=C(C1CCC1)N1CCNCC1,1,O=C(C1CC(I)C1)N1CCNC[C@H]1CO,matched_to_CHEMBL378100,324.16200000000003,-0.007299999999999973,2,3,52.57000000000001,2,0,CHEMBL378100,5.583633333333336,0.12987012987012986,,,,
ZINCf50000017zmw,CC[C@@H](CC(=O)N[C@H](CO)CF)C(=O)O,decoy,local_zinc_pool,,,,1,CC[C@@H](CC(=O)N[C@H](CO)CF)C(=O)O,matched_to_CHEMBL4102803,221.22799999999998,-0.06610000000000033,3,3,86.63000000000001,7,0,CHEMBL4102803,4.710496666666669,0.22641509433962265,,,,
ZINCf50000017ZqT,C[S@@](=N)(=O)CCNC(=O)CCCC(N)=O,decoy,local_zinc_pool,,,,1,C[S@@](=N)(=O)CCNC(=O)CCCC(N)=O,matched_to_CHEMBL5869704,235.30899999999994,-0.5652299999999995,3,4,113.11000000000001,7,0,CHEMBL5869704,9.798876666666674,0.125,,,,
ZINCf5000002mCfu,COCCN[C@@H](CCS(C)(=O)=O)C(=O)O,decoy,local_zinc_pool,,,,1,COCCN[C@@H](CCS(C)(=O)=O)C(=O)O,matched_to_CHEMBL5978015,239.29299999999998,-0.8896999999999984,2,5,92.7,8,0,CHEMBL5978015,7.699716666666671,0.21739130434782608,,,,
ZINCf50000009BRA,CONCCNC(=O)C[C@@H](N)CCSC,decoy,local_zinc_pool,,,,1,CONCCNC(=O)C[C@@H](N)CCSC,matched_to_CHEMBL3819071,235.35299999999998,-0.2758999999999987,3,5,76.38,9,0,CHEMBL3819071,7.460350000000004,0.14102564102564102,,,,
ZINCf50000017LMl,COC[C@H](C)NS(=O)(=O)c1nonc1C,decoy,local_zinc_pool,,,c1cnon1,1,COC[C@H](C)NS(=O)(=O)c1nonc1C,matched_to_CHEMBL3687241,235.265,-0.3087799999999996,1,6,94.32,5,0,CHEMBL3687241,5.961516666666669,0.14285714285714285,,,,
ZINCf50000008ML1,CC(C)(O)[C@@H](O)Cn1ncc([N+](=O)[O-])n1,decoy,local_zinc_pool,,,c1cn[nH]n1,1,CC(C)(O)[C@@H](O)Cn1ncc([N+](=O)[O-])n1,matched_to_CHEMBL5849977,216.197,-0.6819000000000002,2,7,114.31,4,0,CHEMBL5849977,7.79931333333334,0.15714285714285714,,,,
ZINCf50000023rbj,CC(CC#N)NS(=O)(=O)CC1=NOCC1,decoy,local_zinc_pool,,,C1=NOCC1,1,CC(CC#N)NS(=O)(=O)CC1=NOCC1,matched_to_CHEMBL5876084,231.27699999999996,-0.015719999999999956,1,5,91.55000000000001,5,0,CHEMBL5876084,5.545283333333339,0.13793103448275862,,,,
ZINCf50000009wfD,COCC[C@@H](O)CNCc1noc(C)n1,decoy,local_zinc_pool,,,c1ncon1,1,COCC[C@@H](O)CNCc1noc(C)n1,matched_to_CHEMBL6024824,215.253,-0.13498000000000032,2,6,80.41000000000001,7,0,CHEMBL6024824,8.934630000000007,0.13793103448275862,,,,
ZINCf50000009Hh3,CSCc1n[nH]c(CNC(=O)CON)n1,decoy,local_zinc_pool,,,c1nc[nH]n1,1,CSCc1n[nH]c(CNC(=O)CON)n1,matched_to_CHEMBL5877121,231.28099999999998,-0.8257999999999992,3,6,105.92,6,0,CHEMBL5877121,5.5107233333333365,0.14130434782608695,,,,
ZINCf5000000ZxN4,NS(=O)(=O)NCCCNCc1cncs1,decoy,local_zinc_pool,,,c1cscn1,1,NS(=O)(=O)NCCCNCc1cncs1,matched_to_CHEMBL5859878,250.34900000000002,-0.5840999999999998,3,5,97.11,7,0,CHEMBL5859878,9.110713333333338,0.1,,,,
ZINCf500000182p9,NC(=O)CNC(=O)[C@@H]1[C@@H]2CCC(F)(F)[C@@H]21,decoy,local_zinc_pool,,,C1CC2CC2C1,1,NC(=O)CNC(=O)[C@@H]1[C@@H]2CCC(F)(F)[C@@H]21,matched_to_CHEMBL5267044,218.20299999999992,-0.12080000000000068,2,2,72.19,3,0,CHEMBL5267044,5.196650000000003,0.14634146341463414,,,,
ZINCf50000009wxq,COCC[C@H](O)CNCc1nonc1C,decoy,local_zinc_pool,,,c1cnon1,1,COCC[C@H](O)CNCc1nonc1C,matched_to_CHEMBL5816136,215.253,-0.13497999999999988,2,6,80.41000000000001,7,0,CHEMBL5816136,8.57539666666667,0.11538461538461539,,,,
ZINCf50000009Uk0,C[C@H](CCCCN)NC(=O)C[C@@H](O)CN,decoy,local_zinc_pool,,,,1,C[C@H](CCCCN)NC(=O)C[C@@H](O)CN,matched_to_CHEMBL5988926,217.313,-0.6701999999999975,4,4,101.36999999999999,8,0,CHEMBL5988926,9.308023333333336,0.1956521739130435,,,,
ZINCf50000028HLN,Cn1cc(S(=O)(=O)NCP(C)(C)=O)nn1,decoy,local_zinc_pool,,,c1c[nH]nn1,1,Cn1cc(S(=O)(=O)NCP(C)(C)=O)nn1,matched_to_CHEMBL6024197,252.236,-0.3264,1,6,93.95,4,0,CHEMBL6024197,6.009176666666671,0.125,,,,
ZINCf5000002qsk9,CC1(CCC(=O)NC[C@H](O)CCN)N=N1,decoy,local_zinc_pool,,,C1N=N1,1,CC1(CCC(=O)NC[C@H](O)CCN)N=N1,matched_to_CHEMBL5901726,214.26899999999998,-0.2254999999999997,3,5,100.07,7,0,CHEMBL5901726,9.102203333333339,0.13725490196078433,,,,
ZINCf5000002duCG,CC(C)(CN[S@@](=O)CCCl)CS(N)(=O)=O,decoy,local_zinc_pool,,,,1,CC(C)(CN[S@@](=O)CCCl)CS(N)(=O)=O,matched_to_CHEMBL4115504,276.811,-0.20679999999999887,2,3,89.25999999999999,7,0,CHEMBL4115504,5.725220000000005,0.08433734939759036,,,,
ZINCf50000009uLA,COCCN(CCC1(O)CC1)CC(=O)O,decoy,local_zinc_pool,,,C1CC1,1,COCCN(CCC1(O)CC1)CC(=O)O,matched_to_CHEMBL199341,217.26499999999996,-0.06560000000000038,2,4,70.0,8,0,CHEMBL199341,2.79004,0.14473684210526316,,,,
ZINCf5000002efJk,NC(=O)C[C@H](O)C(=O)NC[C@H]1CC1(Br)Br,decoy,local_zinc_pool,,,C1CC1,1,NC(=O)C[C@H](O)C(=O)NC[C@H]1CC1(Br)Br,matched_to_CHEMBL4114636,344.00299999999993,-0.15510000000000002,3,3,92.42000000000002,5,0,CHEMBL4114636,5.257226666666672,0.13793103448275862,,,,
ZINCf50000009G8x,CS(=O)(=O)SCCNC(=O)c1csnn1,decoy,local_zinc_pool,,,c1csnn1,1,CS(=O)(=O)SCCNC(=O)c1csnn1,matched_to_CHEMBL5811937,267.357,-0.039299999999999835,1,7,89.02,5,0,CHEMBL5811937,7.379770000000004,0.1375,,,,
ZINCf50000009Xf7,C[C@H](N)CCn1cc(COCCO)nn1,decoy,local_zinc_pool,,,c1c[nH]nn1,1,C[C@H](N)CCn1cc(COCCO)nn1,matched_to_CHEMBL6030067,214.26899999999998,-0.4757000000000002,2,6,86.19,7,0,CHEMBL6030067,8.54945333333334,0.13580246913580246,,,,
ZINCf5000002oFXx,CSc1nnc(CNC(=O)[C@H](N)CO)s1,decoy,local_zinc_pool,,,c1nncs1,1,CSc1nnc(CNC(=O)[C@H](N)CO)s1,matched_to_CHEMBL6006846,248.333,-0.8042,3,7,101.13000000000001,5,0,CHEMBL6006846,9.116806666666672,0.12941176470588237,,,,
ZINCf5000000ZtIn,CS(=O)(=O)n1cc(NC(=O)CCF)cn1,decoy,local_zinc_pool,,,c1cn[nH]c1,1,CS(=O)(=O)n1cc(NC(=O)CCF)cn1,matched_to_CHEMBL5854116,235.23999999999998,-0.011100000000000332,1,5,81.06,4,0,CHEMBL5854116,4.970086666666671,0.16091954022988506,,,,
ZINCf500000095Zi,CC[C@@H](OC)C(=O)NC[C@H](C)S(C)(=O)=O,decoy,local_zinc_pool,,,,1,CC[C@@H](OC)C(=O)NC[C@H](C)S(C)(=O)=O,matched_to_CHEMBL2177185,237.32099999999997,-0.03929999999999967,1,4,72.47,6,0,CHEMBL2177185,5.530493333333339,0.18840579710144928,,,,
ZINCf50000017ANo,CC[C@H](NS(=O)(=O)[C@H]1CC1(C)C)C(N)=O,decoy,local_zinc_pool,,,C1CC1,1,CC[C@H](NS(=O)(=O)[C@H]1CC1(C)C)C(N)=O,matched_to_CHEMBL4109769,234.32099999999997,-0.03179999999999927,2,3,89.25999999999999,5,0,CHEMBL4109769,5.618750000000006,0.16883116883116883,,,,
ZINCf50000009MUh,C[C@@H](O)CCN[C@]1(CC(=O)O)CCOC1,decoy,local_zinc_pool,,,C1CCOC1,1,C[C@@H](O)CCN[C@]1(CC(=O)O)CCOC1,matched_to_CHEMBL2313485,217.26499999999996,-0.019300000000000317,3,4,78.79,6,0,CHEMBL2313485,4.49989666666667,0.16049382716049382,,,,
ZINCf5000001A4En,CCN(C)C(=O)C1(S(C)=O)CCNCC1,decoy,local_zinc_pool,,,C1CCNCC1,1,CCN(C)C(=O)C1(S(C)=O)CCNCC1,matched_to_CHEMBL514709,232.34899999999993,-0.034599999999999964,1,3,49.410000000000004,3,0,CHEMBL514709,2.717686666666668,0.12244897959183673,,,,
ZINCf5000000ZuJL,C[C@H](N)c1noc(CCn2ccnn2)n1,decoy,local_zinc_pool,,,c1cn(CCc2ncno2)nn1,1,C[C@H](N)c1noc(CCn2ccnn2)n1,matched_to_CHEMBL5808134,208.22500000000002,-0.07650000000000001,1,7,95.65,4,0,CHEMBL5808134,5.368803333333337,0.15217391304347827,,,,
ZINCf5000002oC5o,C[C@H](O)Cn1cc(COCCCN)nn1,decoy,local_zinc_pool,,,c1c[nH]nn1,1,C[C@H](O)Cn1cc(COCCCN)nn1,matched_to_CHEMBL5745234,214.26899999999995,-0.47569999999999907,2,6,86.19,7,0,CHEMBL5745234,7.549140000000004,0.15,,,,
ZINCf50000009nBs,CNS(=O)(=O)CCN(C)C(=O)C1(Br)CC1,decoy,local_zinc_pool,,,C1CC1,1,CNS(=O)(=O)CCN(C)C(=O)C1(Br)CC1,matched_to_CHEMBL2347389,299.19000000000005,-0.07850000000000001,1,3,66.48,5,0,CHEMBL2347389,5.176623333333338,0.1111111111111111,,,,
ZINCf5000000ZsOY,CNS(=O)(=O)CCN[C@H](C)c1nncs1,decoy,local_zinc_pool,,,c1nncs1,1,CNS(=O)(=O)CCN[C@H](C)c1nncs1,matched_to_CHEMBL5775440,250.34900000000002,-0.2621,2,6,83.98,6,0,CHEMBL5775440,4.724176666666672,0.12941176470588237,,,,
ZINCf5000000ad2v,Cn1nnnc1S(=O)(=O)NCC(C)(C)F,decoy,local_zinc_pool,,,c1nnn[nH]1,1,Cn1nnnc1S(=O)(=O)NCC(C)(C)F,matched_to_CHEMBL5747471,237.25999999999996,-0.7634999999999998,1,6,89.77000000000001,4,0,CHEMBL5747471,5.663106666666671,0.125,,,,
ZINCf5000001xLRs,O=S1(=O)CC2(CC(NS(=O)(=O)CI)C2)C1,decoy,local_zinc_pool,,,O=S1(=O)CC2(CCC2)C1,1,O=S1(=O)CC2(CC(NS(=O)(=O)CI)C2)C1,matched_to_CHEMBL3265101,365.21400000000006,-0.12450000000000006,1,4,80.31,3,0,CHEMBL3265101,4.60607666666667,0.09876543209876543,,,,
ZINCf5000002rLN8,CCOCCONC(=O)CC[C@@H](N)CN,decoy,local_zinc_pool,,,,1,CCOCCONC(=O)CC[C@@H](N)CN,matched_to_CHEMBL4068667,219.28499999999997,-0.8630999999999973,3,5,99.6,9,0,CHEMBL4068667,7.881703333333335,0.16326530612244897,,,,
ZINCf5000000a86K,Cc1nc(SCC(=O)NOCC#N)n[nH]1,decoy,local_zinc_pool,,,c1nc[nH]n1,1,Cc1nc(SCC(=O)NOCC#N)n[nH]1,matched_to_CHEMBL5928219,227.249,-0.2234000000000002,2,6,103.69,5,0,CHEMBL5928219,7.09558666666667,0.13253012048192772,,,,
ZINCf50000009rkW,COC(=O)[C@@](C)(CO)NC(=O)CN=[N+]=[N-],decoy,local_zinc_pool,,,,1,COC(=O)[C@@](C)(CO)NC(=O)CN=[N+]=[N-],matched_to_CHEMBL3220103,216.197,-0.6631000000000005,2,5,124.39,5,0,CHEMBL3220103,6.586003333333337,0.10843373493975904,,,,
ZINCf5000000ap9G,O=C(COc1ccsn1)Nc1nn[nH]n1,decoy,local_zinc_pool,,,O=C(COc1ccsn1)Nc1nn[nH]n1,1,O=C(COc1ccsn1)Nc1nn[nH]n1,matched_to_CHEMBL6012158,226.22100000000003,-0.3263000000000004,2,7,105.67999999999999,4,0,CHEMBL6012158,8.214826666666672,0.1625,,,,
ZINCf50000009FOc,CS(=O)(=O)CCS(=O)(=O)CCCCCO,decoy,local_zinc_pool,,,,1,CS(=O)(=O)CCS(=O)(=O)CCCCCO,matched_to_CHEMBL1688303,258.36099999999993,-0.3915999999999999,1,5,88.51,8,0,CHEMBL1688303,5.905710000000004,0.14634146341463414,,,,
ZINCf5000000algw,NOCC(=O)N[C@H](c1ncon1)C1CC1,decoy,local_zinc_pool,,,c1nc(CC2CC2)no1,1,NOCC(=O)N[C@H](c1ncon1)C1CC1,matched_to_CHEMBL3217780,212.20899999999997,-0.47280000000000055,2,6,103.27,5,0,CHEMBL3217780,6.347630000000004,0.1839080459770115,,,,
ZINCf50000017SUC,C[C@@H]1CN=C(N2CC[C@@H](F)[C@H](O)C2)NC1,decoy,local_zinc_pool,,,C1CCN(C2=NCCCN2)CC1,1,C[C@@H]1CN=C(N2CC[C@@H](F)[C@H](O)C2)NC1,matched_to_CHEMBL416288,215.272,-0.013599999999999779,2,4,47.86,0,0,CHEMBL416288,3.095960000000001,0.1375,,,,
ZINCf5000000aeNZ,N#Cc1nccnc1NCCOCCN,decoy,local_zinc_pool,,,c1cnccn1,1,N#Cc1nccnc1NCCOCCN,matched_to_CHEMBL6050672,207.23699999999994,-0.2645200000000002,2,6,96.85,6,0,CHEMBL6050672,8.216680000000004,0.15789473684210525,,,,
ZINCf5000002dqDb,CC[C@@](C)(CN)C(=O)NCCCC(N)=O,decoy,local_zinc_pool,,,,1,CC[C@@](C)(CN)C(=O)NCCCC(N)=O,matched_to_CHEMBL3407579,215.29699999999994,-0.25689999999999846,3,3,98.21000000000001,7,0,CHEMBL3407579,6.182880000000003,0.15217391304347827,,,,
ZINCf50000008PiK,CC(C)[C@H](CO)NCCCCS(N)(=O)=O,decoy,local_zinc_pool,,,,1,CC(C)[C@H](CO)NCCCCS(N)(=O)=O,matched_to_CHEMBL5913446,238.35299999999995,-0.3383999999999984,3,4,92.41999999999999,8,0,CHEMBL5913446,6.1211533333333366,0.13513513513513514,,,,
ZINCf5000002rPNH,CCS(=O)(=O)CCN(C)[C@@H]1CCOC1=O,decoy,local_zinc_pool,,,O=C1CCCO1,1,CCS(=O)(=O)CCN(C)[C@@H]1CCOC1=O,matched_to_CHEMBL3653239,235.30499999999995,-0.33159999999999945,0,5,63.68,5,0,CHEMBL3653239,6.263686666666673,0.14285714285714285,,,,
ZINCf500000090KB,CCOC(=O)C[C@H](O)CONC(=N)CC,decoy,local_zinc_pool,,,,1,CCOC(=O)C[C@H](O)CONC(=N)CC,matched_to_CHEMBL5989834,218.253,0.2089699999999997,3,5,91.64000000000001,7,0,CHEMBL5989834,9.595926666666672,0.1506849315068493,,,,
ZINCf500000188ox,O=C(NC1CC2(CC[C@H]2O)C1)C1(O)CC1,decoy,local_zinc_pool,,,O=C(NC1CC2(CCC2)C1)C1CC1,1,O=C(NC1CC2(CC[C@H]2O)C1)C1(O)CC1,matched_to_CHEMBL3693969,211.26099999999997,-0.06900000000000084,3,3,69.56,2,0,CHEMBL3693969,5.741913333333336,0.14457831325301204,,,,
ZINCf50000009nxl,CNS(=O)(=O)CCC(=O)NOCCSC,decoy,local_zinc_pool,,,,1,CNS(=O)(=O)CCC(=O)NOCCSC,matched_to_CHEMBL5879668,256.349,-0.6634999999999995,2,5,84.5,8,0,CHEMBL5879668,9.486456666666674,0.11538461538461539,,,,
ZINCf5000002s5p1,COCC[C@@H](O)CNS(=O)(=O)CCSC,decoy,local_zinc_pool,,,,1,COCC[C@@H](O)CNS(=O)(=O)CCSC,matched_to_CHEMBL5883242,257.37699999999995,-0.3337999999999992,2,5,75.63,9,0,CHEMBL5883242,9.242136666666674,0.11538461538461539,,,,
ZINCf50000009QyF,C[C@@H]1C[C@@H](CO)N1C(=O)C(F)(F)[C@@H](C)O,decoy,local_zinc_pool,,,C1CNC1,1,C[C@@H]1C[C@@H](CO)N1C(=O)C(F)(F)[C@@H](C)O,matched_to_CHEMBL378100,223.219,-0.015800000000000147,2,3,60.769999999999996,3,0,CHEMBL378100,5.770730000000005,0.189873417721519,,,,
ZINCf5000002rhiQ,CCCNS(=O)(=O)NC[C@@H](O)CC1CC1,decoy,local_zinc_pool,,,C1CC1,1,CCCNS(=O)(=O)NC[C@@H](O)CC1CC1,matched_to_CHEMBL4102803,236.33699999999996,-0.018599999999999506,3,3,78.43,8,0,CHEMBL4102803,4.355740000000003,0.1527777777777778,,,,
ZINCf5000000YaRg,CCCCS(=O)(=O)NCc1nc(O)n[nH]1,decoy,local_zinc_pool,,,c1nc[nH]n1,1,CCCCS(=O)(=O)NCc1nc(O)n[nH]1,matched_to_CHEMBL5869704,234.281,-0.27020000000000005,3,5,107.97,6,0,CHEMBL5869704,9.81807000000001,0.1836734693877551,,,,
ZINCf5000000Zz1e,OCCOCCOCCSc1nc[nH]n1,decoy,local_zinc_pool,,,c1nc[nH]n1,1,OCCOCCOCCSc1nc[nH]n1,matched_to_CHEMBL5978015,233.29300000000003,-0.07770000000000005,2,6,80.26,9,0,CHEMBL5978015,7.715983333333338,0.1038961038961039,,,,
ZINCf5000002qOjM,CCCCCS(=O)(=O)NC[C@@H](CN)CO,decoy,local_zinc_pool,,,,1,CCCCCS(=O)(=O)NC[C@@H](CN)CO,matched_to_CHEMBL3819071,238.35299999999998,-0.33679999999999854,3,4,92.42,9,0,CHEMBL3819071,7.329350000000003,0.21739130434782608,,,,
ZINCf5000002aSOu,CON(CCO)C(=O)Cn1cnc(Br)n1,decoy,local_zinc_pool,,,c1nc[nH]n1,1,CON(CCO)C(=O)Cn1cnc(Br)n1,matched_to_CHEMBL3687241,279.094,-0.5771000000000002,1,6,80.48,5,0,CHEMBL3687241,6.11730666666667,0.1348314606741573,,,,
ZINCf50000009UAy,C[C@H](CCO)C(=O)NCCSS(C)(=O)=O,decoy,local_zinc_pool,,,,1,C[C@H](CCO)C(=O)NCCSS(C)(=O)=O,matched_to_CHEMBL5849977,255.36099999999996,-0.18609999999999993,2,5,83.47,7,0,CHEMBL5849977,7.810740000000007,0.14285714285714285,,,,
ZINCf5000002mCWI,COC(=O)[C@H](C)CS(=O)(=O)CC(C)(C)O,decoy,local_zinc_pool,,,,1,COC(=O)[C@H](C)CS(=O)(=O)CC(C)(C)O,matched_to_CHEMBL5876084,238.30499999999998,-0.018799999999999872,1,5,80.67,5,0,CHEMBL5876084,5.504256666666673,0.1791044776119403,,,,
ZINCf5000000atDK,O=C(O)[C@@H](CO)NS(=O)(=O)CCCCF,decoy,local_zinc_pool,,,,1,O=C(O)[C@@H](CO)NS(=O)(=O)CCCCF,matched_to_CHEMBL5877121,243.25599999999994,-0.899,3,4,103.69999999999999,8,0,CHEMBL5877121,5.528573333333338,0.18518518518518517,,,,
ZINCf5000002qtTb,CC1(CCNC(=O)[C@H](N)CC(=O)O)N=N1,decoy,local_zinc_pool,,,C1N=N1,1,CC1(CCNC(=O)[C@H](N)CC(=O)O)N=N1,matched_to_CHEMBL5859878,214.225,-0.5232999999999992,3,5,117.14,6,0,CHEMBL5859878,9.130220000000005,0.14666666666666667,,,,
ZINCf5000001nXKs,Cc1nn(C[C@@](C)(N)C(=O)O)c(C)c1Br,decoy,local_zinc_pool,,,c1cn[nH]c1,1,Cc1nn(C[C@@](C)(N)C(=O)O)c(C)c1Br,matched_to_CHEMBL5267044,276.134,1.06444,2,4,81.14,3,0,CHEMBL5267044,5.185180000000002,0.13513513513513514,,,,
ZINCf5000000aiIl,NCCCCNC(=O)[C@@H](N)CCCCN,decoy,local_zinc_pool,,,,1,NCCCCNC(=O)[C@@H](N)CCCCN,matched_to_CHEMBL5988926,216.32899999999992,-0.7021999999999986,4,4,107.16,9,0,CHEMBL5988926,8.607596666666671,0.19047619047619047,,,,
ZINCf50000028ISp,Cn1nnnc1S(=O)(=O)NC[C@@H]1C[C@@H]1Br,decoy,local_zinc_pool,,,O=S(=O)(NCC1CC1)c1nnn[nH]1,1,Cn1nnnc1S(=O)(=O)NC[C@@H]1C[C@@H]1Br,matched_to_CHEMBL6024197,296.15,-0.7282,1,6,89.77000000000001,4,0,CHEMBL6024197,6.005103333333337,0.125,,,,
ZINCf5000000alol,NOCCCNC(=O)c1csc(CO)n1,decoy,local_zinc_pool,,,c1cscn1,1,NOCCCNC(=O)c1csc(CO)n1,matched_to_CHEMBL5901726,231.27700000000002,-0.3543999999999997,3,6,97.47,6,0,CHEMBL5901726,9.122056666666673,0.16666666666666666,,,,
ZINCf50000009nI5,CNS(=O)(=O)CCNC(=O)CCC(F)F,decoy,local_zinc_pool,,,,1,CNS(=O)(=O)CCNC(=O)CCC(F)F,matched_to_CHEMBL4115504,244.26299999999995,-0.30290000000000084,2,3,75.27000000000001,7,0,CHEMBL4115504,5.760766666666673,0.14583333333333334,,,,
ZINCf50000009Eij,CO[C@H](CNC(=O)CCC(N)=O)C1CC1,decoy,local_zinc_pool,,,C1CC1,1,CO[C@H](CNC(=O)CCC(N)=O)C1CC1,matched_to_CHEMBL199341,214.26499999999996,-0.20689999999999964,2,3,81.41999999999999,7,0,CHEMBL199341,2.943039999999999,0.1506849315068493,,,,
ZINCf5000002aUh7,NC(=O)[C@@H](O)CNC(=O)c1ccoc1I,decoy,local_zinc_pool,,,c1ccoc1,1,NC(=O)[C@@H](O)CNC(=O)c1ccoc1I,matched_to_CHEMBL4114636,324.07399999999996,-0.5398000000000003,3,4,105.56000000000002,4,0,CHEMBL4114636,5.786583333333341,0.15,,,,
ZINCf5000002mC07,COC[C@@](C)(O)C(=O)OCc1cnsn1,decoy,local_zinc_pool,,,c1cnsn1,1,COC[C@@](C)(O)C(=O)OCc1cnsn1,matched_to_CHEMBL5811937,232.261,-0.021300000000000263,1,7,81.54,5,0,CHEMBL5811937,8.017930000000003,0.16279069767441862,,,,
ZINCf5000000a9in,Cc1nnsc1CNCC[C@H](O)C(=O)O,decoy,local_zinc_pool,,,c1csnn1,1,Cc1nnsc1CNCC[C@H](O)C(=O)O,matched_to_CHEMBL6006846,231.277,-0.22827999999999987,3,6,95.34000000000002,6,0,CHEMBL6006846,9.135020000000006,0.17647058823529413,,,,
ZINCf5000000ZtGG,CS(=O)(=O)NCCn1cncc(Cl)c1=O,decoy,local_zinc_pool,,,O=c1ccnc[nH]1,1,CS(=O)(=O)NCCn1cncc(Cl)c1=O,matched_to_CHEMBL5854116,251.69500000000002,-0.5541,1,5,81.06,4,0,CHEMBL5854116,5.167536666666671,0.1566265060240964,,,,
ZINCf50000009p8N,COC(=O)C1(CS(=O)(=O)NCCF)CC1,decoy,local_zinc_pool,,,C1CC1,1,COC(=O)C1(CS(=O)(=O)NCCF)CC1,matched_to_CHEMBL2177185,239.26799999999994,-0.1715000000000002,1,4,72.47,6,0,CHEMBL2177185,5.599156666666672,0.11235955056179775,,,,
ZINCf50000009zug,COC[C@H](NC(=O)[C@H]1C[C@]1(C)Br)C(N)=O,decoy,local_zinc_pool,,,C1CC1,1,COC[C@H](NC(=O)[C@H]1C[C@]1(C)Br)C(N)=O,matched_to_CHEMBL4109769,279.134,-0.2235999999999997,2,3,81.41999999999999,5,0,CHEMBL4109769,5.408086666666672,0.16216216216216217,,,,
ZINCf5000002akKL,C=C(I)CC(=O)N[C@H](C)CNC(=O)CO,decoy,local_zinc_pool,,,,1,C=C(I)CC(=O)N[C@H](C)CNC(=O)CO,matched_to_CHEMBL2313485,326.13400000000007,-0.06160000000000021,3,3,78.43,6,0,CHEMBL2313485,3.9538066666666696,0.17391304347826086,,,,
ZINCf5000002dG1S,CC(C)[S@](=O)N1C[C@H]2OC[C@@H](CO)[C@H]2C1,decoy,local_zinc_pool,,,C1CC2CNCC2O1,1,CC(C)[S@](=O)N1C[C@@H]2[C@H](CO)CO[C@@H]2C1,matched_to_CHEMBL514709,233.333,-0.0024000000000001243,1,3,49.77,3,0,CHEMBL514709,2.700780000000001,0.14634146341463414,,,,
ZINCf5000002e0oX,CN(CCO)S(=O)(=O)c1nn(C)nc1Br,decoy,local_zinc_pool,,,c1cn[nH]n1,1,CN(CCO)S(=O)(=O)c1nn(C)nc1Br,matched_to_CHEMBL5808134,299.15,-0.8096000000000001,1,6,88.32000000000001,4,0,CHEMBL5808134,5.741486666666671,0.1,,,,
ZINCf50000009TZE,C[C@H](C(N)=O)n1cc(CSCCO)nn1,decoy,local_zinc_pool,,,c1c[nH]nn1,1,C[C@H](C(N)=O)n1cc(CSCCO)nn1,matched_to_CHEMBL5745234,230.29299999999998,-0.4501000000000001,2,6,94.03,6,0,CHEMBL5745234,7.558233333333338,0.15294117647058825,,,,
ZINCf5000000VYSr,C#CCOCC(=O)N(C)[C@H](C)CC(=O)O,decoy,local_zinc_pool,,,,1,C#CCOCC(=O)N(C)[C@H](C)CC(=O)O,matched_to_CHEMBL2347389,213.23299999999998,-0.04220000000000029,1,3,66.84,6,0,CHEMBL2347389,5.497593333333338,0.14,,,,
ZINCf5000002oEvf,CN(C(=O)[C@@H](O)CCN)c1nnc(Br)s1,decoy,local_zinc_pool,,,c1nncs1,1,CN(C(=O)[C@@H](O)CCN)c1nnc(Br)s1,matched_to_CHEMBL5775440,295.162,-0.0269000000000007,2,6,92.34,4,0,CHEMBL5775440,4.784846666666672,0.1346153846153846,,,,
ZINCf5000001815z,Cn1nnc(S(=O)(=O)NC[C@H]2C[C@H]2Cl)n1,decoy,local_zinc_pool,,,O=S(=O)(NCC1CC1)c1nn[nH]n1,1,Cn1nnc(S(=O)(=O)NC[C@H]2C[C@H]2Cl)n1,matched_to_CHEMBL5747471,251.69899999999998,-0.8842999999999996,1,6,89.77,4,0,CHEMBL5747471,5.599250000000003,0.13333333333333333,,,,
ZINCf5000002qMrg,CC(C)[C@](C)(N)C(=O)N1CC([S@@](C)=O)C1,decoy,local_zinc_pool,,,C1CNC1,1,CC(C)[C@](C)(N)C(=O)N1CC([S@@](C)=O)C1,matched_to_CHEMBL3265101,232.34899999999996,-0.050899999999998835,1,3,63.400000000000006,3,0,CHEMBL3265101,4.709260000000003,0.14583333333333334,,,,
ZINCf5000002rhU4,CC(C)OC[C@@H](O)CNCCOCCO,decoy,local_zinc_pool,,,,1,CC(C)OC[C@@H](O)CNCCOCCO,matched_to_CHEMBL4068667,221.29699999999994,-0.6291999999999986,3,5,70.95,10,0,CHEMBL4068667,8.351650000000001,0.11842105263157894,,,,
ZINCf5000002s92p,COCCONC(=O)[C@@H](N)CP(C)(C)=O,decoy,local_zinc_pool,,,,1,COCCONC(=O)[C@@H](N)CP(C)(C)=O,matched_to_CHEMBL5928219,238.22399999999996,-0.36939999999999906,2,5,90.65,7,0,CHEMBL5928219,7.104770000000002,0.14084507042253522,,,,
ZINCf5000002aKaQ,CC[C@H](CO)N(C)c1nnc(C(=O)O)o1,decoy,local_zinc_pool,,,c1nnco1,1,CC[C@H](CO)N(C)c1nnc(C(=O)O)o1,matched_to_CHEMBL3220103,215.20899999999997,-0.025100000000000178,2,6,99.69,5,0,CHEMBL3220103,6.574550000000004,0.1625,,,,
ZINCf5000002aSP9,CON=CC(=O)N[C@@H](C)c1nnc(O)o1,decoy,local_zinc_pool,,,c1nnco1,1,CON=CC(=O)N[C@@H](C)c1nnc(O)o1,matched_to_CHEMBL6012158,214.18099999999998,-0.41540000000000016,2,7,109.84,4,0,CHEMBL6012158,8.228226666666671,0.14285714285714285,,,,
ZINCf5000002rx2V,C[C@@H](CO)CS(=O)(=O)CCOCCC#N,decoy,local_zinc_pool,,,,1,C[C@@H](CO)CS(=O)(=O)CCOCCC#N,matched_to_CHEMBL1688303,235.30499999999995,-0.040120000000000156,1,5,87.38999999999999,8,0,CHEMBL1688303,5.946750000000005,0.10843373493975904,,,,
ZINCf5000000akfl,NC[C@@H]1OCC[C@H]1C(=O)NS(=O)(=O)CI,decoy,local_zinc_pool,,,C1CCOC1,1,NC[C@@H]1OCC[C@H]1C(=O)NS(=O)(=O)CI,matched_to_CHEMBL3217780,348.162,-0.8113000000000001,2,5,98.48999999999998,4,0,CHEMBL3217780,6.404966666666671,0.13253012048192772,,,,
ZINCf5000001MWza,CC1CCN(C(=O)C2=CCNC2)CCN1,decoy,local_zinc_pool,,,O=C(C1=CCNC1)N1CCCNCC1,1,CC1CCN(C(=O)C2=CCNC2)CCN1,matched_to_CHEMBL416288,209.29299999999995,-0.2735999999999989,2,3,44.370000000000005,1,0,CHEMBL416288,3.1894833333333343,0.14473684210526316,,,,
ZINCf50000009Y9L,C[C@H](NC(=O)COCCN)c1ncon1,decoy,local_zinc_pool,,,c1ncon1,1,C[C@H](NC(=O)COCCN)c1ncon1,matched_to_CHEMBL6050672,214.225,-0.7778999999999996,2,6,103.27,6,0,CHEMBL6050672,8.232253333333336,0.20512820512820512,,,,
