ligand_id,smiles,label,source,potency_value,potency_type,murcko_scaffold,in_domain,canonical_smiles,chemotype,mw,logp,hbd,hba,tpsa,rotatable_bonds,formal_charge,matched_active_ligand_id,property_distance,max_active_tanimoto,pref_name,chembl_id,document_year,assay_description
CHEMBL463811,CC(C)C[C@H](NC(=O)Cn1ccc2cc(NS(=O)(=O)c3cccc4cccnc34)ccc21)C(=O)O,active,ChEMBL:CHEMBL1153268,178.0,EC50,O=S(=O)(Nc1ccc2[nH]ccc2c1)c1cccc2cccnc12,1,CC(C)C[C@H](NC(=O)Cn1ccc2cc(NS(=O)(=O)c3cccc4cccnc34)ccc21)C(=O)O,scaffold_1,494.57300000000026,3.605800000000001,3,6,130.39,9,0,,,,CHEMBL463811,CHEMBL463811,2009.0,Agonist activity at NTR1 expressed in CHOK1 cells by calcium mobilization assay
CHEMBL294989,CC(C)CC(NC(=O)OCC1c2ccccc2-c2ccccc21)C(=O)O,active,ChEMBL:CHEMBL1153268,216.0,EC50,c1ccc2c(c1)Cc1ccccc1-2,1,CC(C)CC(NC(=O)OCC1c2ccccc2-c2ccccc21)C(=O)O,scaffold_2,353.41800000000006,4.024400000000003,2,3,75.63,6,0,,,,CHEMBL294989,CHEMBL294989,2009.0,Agonist activity at NTR1 expressed in CHOK1 cells by calcium mobilization assay
CHEMBL462830,COc1ccccc1-c1cc(C(=O)N[C@@H](CC(C)C)C(=O)O)nn1-c1ccnc2cc(Cl)ccc12,active,ChEMBL:CHEMBL1153268,220.0,EC50,c1ccc(-c2ccnn2-c2ccnc3ccccc23)cc1,1,COc1ccccc1-c1cc(C(=O)N[C@@H](CC(C)C)C(=O)O)nn1-c1ccnc2cc(Cl)ccc12,scaffold_3,492.96300000000014,4.978600000000004,2,6,106.34,8,0,,,,CHEMBL462830,CHEMBL462830,2009.0,Agonist activity at NTR1 expressed in CHOK1 cells by calcium mobilization assay
CHEMBL2431120,COc1cc2nc(C3CC3)nc(N3CCN(c4ccccc4OC)CC3)c2cc1OC,active,ChEMBL:CHEMBL2429761,2000.0,EC50,c1ccc(N2CCN(c3nc(C4CC4)nc4ccccc34)CC2)cc1,1,COc1cc2nc(C3CC3)nc(N3CCN(c4ccccc4OC)CC3)c2cc1OC,scaffold_4,420.51300000000026,3.859600000000003,0,7,59.95000000000002,6,0,,,,CHEMBL2431120,CHEMBL2431120,2013.0,Agonist activity at NTR1 (unknown origin) expressed in human U2OS cells coexpressing beta-arrestin by GFP reporter gene assay
CHEMBL3315193,CC(C)C[C@H](NC(=O)Cn1ccc2cc(-c3cnc4ccccc4c3)ccc21)C(=O)O,active,ChEMBL:CHEMBL3351689,2050.0,EC50,c1ccc2ncc(-c3ccc4[nH]ccc4c3)cc2c1,1,CC(C)C[C@H](NC(=O)Cn1ccc2cc(-c3cnc4ccccc4c3)ccc21)C(=O)O,scaffold_5,415.4930000000001,4.472000000000002,2,4,84.22,7,0,,,,CHEMBL3315193,CHEMBL3315193,2014.0,Agonist activity at NTSR1 (unknown origin) expressed in CHO cells assessed as potentiation of NT(8-13) peptide-induced change in intracellular Ca2+ level preincubated for 45 mins by FLIPR assay
CHEMBL3099769,COc1cccc(OC)c1-c1nc(C(=O)N[C@@H](CC(C)C)C(=O)O)cn1-c1cccc2ccccc12,active,ChEMBL:CHEMBL3098058,2300.0,EC50,c1ccc(-c2nccn2-c2cccc3ccccc23)cc1,1,COc1cccc(OC)c1-c1nc(C(=O)N[C@@H](CC(C)C)C(=O)O)cn1-c1cccc2ccccc12,scaffold_6,487.5560000000002,4.938800000000004,2,6,102.68,9,0,,,,CHEMBL3099769,CHEMBL3099769,2014.0,Agonist activity at NTR1 in human U2OS cells after 1 hr by beta-arrestin GFP reporter gene assay
CHEMBL3315203,CC(C)C[C@H](NC(=O)Cn1ccc2cc(-c3cncc4ccccc34)ccc21)C(=O)O,active,ChEMBL:CHEMBL3351689,3240.0,EC50,c1ccc2c(-c3ccc4[nH]ccc4c3)cncc2c1,1,CC(C)C[C@H](NC(=O)Cn1ccc2cc(-c3cncc4ccccc34)ccc21)C(=O)O,scaffold_7,415.49300000000017,4.472000000000003,2,4,84.22,7,0,,,,CHEMBL3315203,CHEMBL3315203,2014.0,Agonist activity at NTSR1 (unknown origin) expressed in CHO cells assessed as potentiation of NT(8-13) peptide-induced change in intracellular Ca2+ level preincubated for 45 mins by FLIPR assay
CHEMBL1301125,COC(=O)C[C@]1(C(=O)OC)CN(C#N)N(c2ccc(Cl)cc2)C12c1ccccc1-c1ccccc12,active,ChEMBL:CHEMBL1201862,3270.0,EC50,c1ccc(N2NCCC23c2ccccc2-c2ccccc23)cc1,1,COC(=O)C[C@]1(C(=O)OC)CN(C#N)N(c2ccc(Cl)cc2)C12c1ccccc1-c1ccccc12,scaffold_8,487.94300000000015,4.504780000000004,0,7,82.87,4,0,,,,CHEMBL1301125,CHEMBL1301125,,"PUBCHEM_BIOASSAY: Dose Response confirmation of Image-Based HTS for Selective Agonists for NTR1. (Class of assay: confirmatory) [Related pubchem assays (depositor defined):AID493036, AID493055]"
CHEMBL3315221,CC(C)C[C@H](NC(=O)Cn1ccc2ccc(-c3cnc4ccccc4c3)cc21)C(=O)O,active,ChEMBL:CHEMBL3351689,3280.0,EC50,c1ccc2ncc(-c3ccc4cc[nH]c4c3)cc2c1,1,CC(C)C[C@H](NC(=O)Cn1ccc2ccc(-c3cnc4ccccc4c3)cc21)C(=O)O,scaffold_9,415.49300000000017,4.472000000000003,2,4,84.22,7,0,,,,CHEMBL3315221,CHEMBL3315221,2014.0,Agonist activity at NTSR1 (unknown origin) expressed in CHO cells assessed as potentiation of NT(8-13) peptide-induced change in intracellular Ca2+ level preincubated for 45 mins by FLIPR assay
CHEMBL1323442,CCOC(=O)c1c(C)[nH]c(C(=O)OCC(=O)Nc2sccc2C(N)=O)c1C,active,ChEMBL:CHEMBL1201862,3350.0,EC50,O=C(COC(=O)c1ccc[nH]1)Nc1cccs1,1,CCOC(=O)c1c(C)[nH]c(C(=O)OCC(=O)Nc2sccc2C(N)=O)c1C,scaffold_10,393.4210000000001,1.7641400000000005,3,7,140.58,7,0,,,,CHEMBL1323442,CHEMBL1323442,,"PUBCHEM_BIOASSAY: Dose Response confirmation of Image-Based HTS for Selective Agonists for NTR1. (Class of assay: confirmatory) [Related pubchem assays (depositor defined):AID493036, AID493055]"
CHEMBL3099777,COc1cccc(OC)c1-c1nc(C(=O)N[C@@H](CC(C)C)C(=O)O)cn1-c1ccnc2ccccc12,active,ChEMBL:CHEMBL3098058,3800.0,EC50,c1ccc(-c2nccn2-c2ccnc3ccccc23)cc1,1,COc1cccc(OC)c1-c1nc(C(=O)N[C@@H](CC(C)C)C(=O)O)cn1-c1ccnc2ccccc12,scaffold_11,488.5440000000002,4.333800000000003,2,7,115.57,9,0,,,,CHEMBL3099777,CHEMBL3099777,2014.0,Agonist activity at NTR1 in human U2OS cells after 1 hr by beta-arrestin GFP reporter gene assay
CHEMBL1490404,Cn1cc([N+](=O)[O-])c(C(=O)Nc2nc(-c3ccc(Cl)cc3)cs2)n1,active,ChEMBL:CHEMBL1201862,3800.0,EC50,O=C(Nc1nc(-c2ccccc2)cs1)c1cc[nH]n1,1,Cn1cc([N+](=O)[O-])c(C(=O)Nc2nc(-c3ccc(Cl)cc3)cs2)n1,scaffold_12,363.786,3.357500000000001,1,7,102.95,4,0,,,,CHEMBL1490404,CHEMBL1490404,,"PUBCHEM_BIOASSAY: Dose Response confirmation of Image-Based HTS for Selective Agonists for NTR1. (Class of assay: confirmatory) [Related pubchem assays (depositor defined):AID493036, AID493055]"
CHEMBL1611170,CCOC(=O)COc1ccc(/C=C/[N+](=O)[O-])c(OCC(=O)OCC)c1,active,ChEMBL:CHEMBL1201862,3890.0,EC50,c1ccccc1,1,CCOC(=O)COc1ccc(/C=C/[N+](=O)[O-])c(OCC(=O)OCC)c1,scaffold_13,353.32700000000017,1.8178,0,8,114.2,10,0,,,,CHEMBL1611170,CHEMBL1611170,,"PUBCHEM_BIOASSAY: Dose Response confirmation of Image-Based HTS for Selective Agonists for NTR1. (Class of assay: confirmatory) [Related pubchem assays (depositor defined):AID493036, AID493055]"
CHEMBL1600146,CCN(CC)c1ccc(C=C2C(=O)NC(=S)NC2=O)cc1,active,ChEMBL:CHEMBL1201862,3910.0,EC50,O=C1NC(=S)NC(=O)C1=Cc1ccccc1,1,CCN(CC)c1ccc(C=C2C(=O)NC(=S)NC2=O)cc1,scaffold_14,303.38700000000006,1.4470999999999998,2,4,61.440000000000005,4,0,,,,CHEMBL1600146,CHEMBL1600146,,"PUBCHEM_BIOASSAY: Dose Response confirmation of Image-Based HTS for Selective Agonists for NTR1. (Class of assay: confirmatory) [Related pubchem assays (depositor defined):AID493036, AID493055]"
CHEMBL1468368,O=C1NC(=O)C(=Cc2cn(CCOc3ccc4c(c3)OCO4)c3ccccc23)C(=O)N1,active,ChEMBL:CHEMBL1201862,4120.0,EC50,O=C1NC(=O)C(=Cc2cn(CCOc3ccc4c(c3)OCO4)c3ccccc23)C(=O)N1,1,O=C1NC(=O)C(=Cc2cn(CCOc3ccc4c(c3)OCO4)c3ccccc23)C(=O)N1,scaffold_15,419.39300000000014,2.1984,2,7,107.89,5,0,,,,CHEMBL1468368,CHEMBL1468368,,"PUBCHEM_BIOASSAY: Dose Response confirmation of Image-Based HTS for Selective Agonists for NTR1. (Class of assay: confirmatory) [Related pubchem assays (depositor defined):AID493036, AID493055]"
CHEMBL3315213,O=C(Cn1ccc2cc(-c3cnc4ccccc4c3)ccc21)N[C@@H](Cc1ccccc1)C(=O)O,active,ChEMBL:CHEMBL3351689,4330.0,EC50,O=C(Cn1ccc2cc(-c3cnc4ccccc4c3)ccc21)NCCc1ccccc1,1,O=C(Cn1ccc2cc(-c3cnc4ccccc4c3)ccc21)N[C@@H](Cc1ccccc1)C(=O)O,scaffold_16,449.51000000000016,4.668600000000002,2,4,84.22,7,0,,,,CHEMBL3315213,CHEMBL3315213,2014.0,Agonist activity at NTSR1 (unknown origin) expressed in CHO cells assessed as potentiation of NT(8-13) peptide-induced change in intracellular Ca2+ level preincubated for 45 mins by FLIPR assay
CHEMBL3315202,CC(C)C[C@H](NC(=O)Cn1ccc2cc(-c3cccc4cnccc34)ccc21)C(=O)O,active,ChEMBL:CHEMBL3351689,4960.0,EC50,c1cc(-c2ccc3[nH]ccc3c2)c2ccncc2c1,1,CC(C)C[C@H](NC(=O)Cn1ccc2cc(-c3cccc4cnccc34)ccc21)C(=O)O,scaffold_17,415.49300000000017,4.472000000000003,2,4,84.22,7,0,,,,CHEMBL3315202,CHEMBL3315202,2014.0,Agonist activity at NTSR1 (unknown origin) expressed in CHO cells assessed as potentiation of NT(8-13) peptide-induced change in intracellular Ca2+ level preincubated for 45 mins by FLIPR assay
CHEMBL1546134,CC1=NNC(=O)/C1=C\c1cn(-c2ccccc2)nc1-c1cccs1,active,ChEMBL:CHEMBL1201862,5140.0,EC50,O=C1NN=CC1=Cc1cn(-c2ccccc2)nc1-c1cccs1,1,CC1=NNC(=O)/C1=C\c1cn(-c2ccccc2)nc1-c1cccs1,scaffold_18,334.40400000000005,3.4899000000000022,1,5,59.28,3,0,,,,CHEMBL1546134,CHEMBL1546134,,"PUBCHEM_BIOASSAY: Dose Response confirmation of Image-Based HTS for Selective Agonists for NTR1. (Class of assay: confirmatory) [Related pubchem assays (depositor defined):AID493036, AID493055]"
CHEMBL3315209,CC(C)C[C@H](NC(=O)Cn1ccc2cc(-c3cnc4ccccc4c3)ccc21)c1nn[nH]n1,active,ChEMBL:CHEMBL3351689,5170.0,EC50,O=C(Cn1ccc2cc(-c3cnc4ccccc4c3)ccc21)NCc1nn[nH]n1,1,CC(C)C[C@H](NC(=O)Cn1ccc2cc(-c3cnc4ccccc4c3)ccc21)c1nn[nH]n1,scaffold_19,439.5230000000001,4.273200000000003,2,6,101.38,7,0,,,,CHEMBL3315209,CHEMBL3315209,2014.0,Agonist activity at NTSR1 (unknown origin) expressed in CHO cells assessed as potentiation of NT(8-13) peptide-induced change in intracellular Ca2+ level preincubated for 45 mins by FLIPR assay
CHEMBL1538066,CC(C)C[C@H](NC(=O)c1[nH]cnc1C(=O)N[C@@H](C)c1ccccc1)C(=O)OCc1ccccc1,active,ChEMBL:CHEMBL1201862,5400.0,EC50,O=C(CNC(=O)c1[nH]cnc1C(=O)NCc1ccccc1)OCc1ccccc1,1,CC(C)C[C@H](NC(=O)c1[nH]cnc1C(=O)N[C@@H](C)c1ccccc1)C(=O)OCc1ccccc1,scaffold_20,462.5500000000002,3.7886000000000033,3,5,113.18,10,0,,,,CHEMBL1538066,CHEMBL1538066,,"PUBCHEM_BIOASSAY: Dose Response confirmation of Image-Based HTS for Selective Agonists for NTR1. (Class of assay: confirmatory) [Related pubchem assays (depositor defined):AID493036, AID493055]"
CHEMBL2431121,COc1cc2nc(C3CCCC3)nc(N3CCN(c4ccccc4OC)CC3)c2cc1OC,active,ChEMBL:CHEMBL2429761,5800.0,EC50,c1ccc(N2CCN(c3nc(C4CCCC4)nc4ccccc34)CC2)cc1,1,COc1cc2nc(C3CCCC3)nc(N3CCN(c4ccccc4OC)CC3)c2cc1OC,scaffold_21,448.5670000000002,4.639800000000005,0,7,59.95000000000002,6,0,,,,CHEMBL2431121,CHEMBL2431121,2013.0,Agonist activity at NTR1 (unknown origin) expressed in human U2OS cells coexpressing beta-arrestin by GFP reporter gene assay
CHEMBL1597454,CC(=O)OCCCNc1cc(Sc2ccc(C)cc2)c2nonc2c1[N+](=O)[O-],active,ChEMBL:CHEMBL1201862,5830.0,EC50,c1ccc(Sc2cccc3nonc23)cc1,1,CC(=O)OCCCNc1cc(Sc2ccc(C)cc2)c2nonc2c1[N+](=O)[O-],scaffold_22,402.4320000000002,3.955720000000003,1,9,120.39,8,0,,,,CHEMBL1597454,CHEMBL1597454,,"PUBCHEM_BIOASSAY: Dose Response confirmation of Image-Based HTS for Selective Agonists for NTR1. (Class of assay: confirmatory) [Related pubchem assays (depositor defined):AID493036, AID493055]"
CHEMBL1446377,COc1cc2nc(C3CCC3)nc(N3CCN(c4ccccc4OC)CC3)c2cc1OC,active,ChEMBL:CHEMBL2429761,5900.0,EC50,c1ccc(N2CCN(c3nc(C4CCC4)nc4ccccc34)CC2)cc1,1,COc1cc2nc(C3CCC3)nc(N3CCN(c4ccccc4OC)CC3)c2cc1OC,scaffold_23,434.54000000000025,4.249700000000003,0,7,59.95000000000002,6,0,,,,CHEMBL1446377,CHEMBL1446377,2013.0,Agonist activity at NTR1 (unknown origin) expressed in human U2OS cells coexpressing beta-arrestin by GFP reporter gene assay
CHEMBL1547420,COC(=O)C(=Cc1ccc(OCc2ccc([N+](=O)[O-])cc2)c(OC)c1)C(=O)OC,active,ChEMBL:CHEMBL1201862,5980.0,EC50,c1ccc(COc2ccccc2)cc1,1,COC(=O)C(=Cc1ccc(OCc2ccc([N+](=O)[O-])cc2)c(OC)c1)C(=O)OC,scaffold_24,401.37100000000015,2.9118000000000013,0,8,114.2,8,0,,,,CHEMBL1547420,CHEMBL1547420,,"PUBCHEM_BIOASSAY: Dose Response confirmation of Image-Based HTS for Selective Agonists for NTR1. (Class of assay: confirmatory) [Related pubchem assays (depositor defined):AID493036, AID493055]"
CHEMBL1312502,O=C(Nc1ccc(N2CCN(C(=O)c3ccco3)CC2)c(Cl)c1)c1cc2ccccc2o1,active,ChEMBL:CHEMBL1201862,6000.0,EC50,O=C(Nc1ccc(N2CCN(C(=O)c3ccco3)CC2)cc1)c1cc2ccccc2o1,1,O=C(Nc1ccc(N2CCN(C(=O)c3ccco3)CC2)c(Cl)c1)c1cc2ccccc2o1,scaffold_25,449.8940000000002,4.893900000000004,1,5,78.93,4,0,,,,CHEMBL1312502,CHEMBL1312502,,"PUBCHEM_BIOASSAY: Dose Response confirmation of Image-Based HTS for Selective Agonists for NTR1. (Class of assay: confirmatory) [Related pubchem assays (depositor defined):AID493036, AID493055]"
CHEMBL1328169,Cc1cc(C)n(-c2nc(N(c3ccccc3)c3ccccc3)nc(-n3nc(C)cc3C)n2)n1,active,ChEMBL:CHEMBL1201862,6210.0,EC50,c1ccc(N(c2ccccc2)c2nc(-n3cccn3)nc(-n3cccn3)n2)cc1,1,Cc1cc(C)n(-c2nc(N(c3ccccc3)c3ccccc3)nc(-n3nc(C)cc3C)n2)n1,scaffold_26,436.5230000000002,4.9464800000000055,0,8,77.55,5,0,,,,CHEMBL1328169,CHEMBL1328169,,"PUBCHEM_BIOASSAY: Dose Response confirmation of Image-Based HTS for Selective Agonists for NTR1. (Class of assay: confirmatory) [Related pubchem assays (depositor defined):AID493036, AID493055]"
CHEMBL1586252,Cc1cc(C)c2c(c1)/C(=C/C(=O)c1ccc(Br)s1)C(=O)N2,active,ChEMBL:CHEMBL1201862,6240.0,EC50,O=C1Nc2ccccc2C1=CC(=O)c1cccs1,1,Cc1cc(C)c2c(c1)/C(=C/C(=O)c1ccc(Br)s1)C(=O)N2,scaffold_27,362.248,4.345840000000002,1,3,46.17,2,0,,,,CHEMBL1586252,CHEMBL1586252,,"PUBCHEM_BIOASSAY: Dose Response confirmation of Image-Based HTS for Selective Agonists for NTR1. (Class of assay: confirmatory) [Related pubchem assays (depositor defined):AID493036, AID493055]"
CHEMBL1594369,CCOC(=O)/C(=C\c1cccc(O)c1)c1nc(O)c2c(C)c(C)sc2n1,active,ChEMBL:CHEMBL1201862,6590.0,EC50,C(=Cc1ncc2ccsc2n1)c1ccccc1,1,CCOC(=O)/C(=C\c1cccc(O)c1)c1nc(O)c2c(C)c(C)sc2n1,scaffold_28,370.4300000000001,3.8230400000000015,2,7,92.54,4,0,,,,CHEMBL1594369,CHEMBL1594369,,"PUBCHEM_BIOASSAY: Dose Response confirmation of Image-Based HTS for Selective Agonists for NTR1. (Class of assay: confirmatory) [Related pubchem assays (depositor defined):AID493036, AID493055]"
CHEMBL2003819,CN(C)S(=O)(=O)c1ccc(-c2csc(N/N=C/c3ccc(O)cc3)n2)cc1,active,ChEMBL:CHEMBL1201862,6620.0,EC50,C(=NNc1nc(-c2ccccc2)cs1)c1ccccc1,1,CN(C)S(=O)(=O)c1ccc(-c2csc(N/N=C/c3ccc(O)cc3)n2)cc1,scaffold_29,402.5010000000001,3.212000000000001,2,7,94.89,6,0,,,,CHEMBL2003819,CHEMBL2003819,,"PUBCHEM_BIOASSAY: Dose Response confirmation of Image-Based HTS for Selective Agonists for NTR1. (Class of assay: confirmatory) [Related pubchem assays (depositor defined):AID493036, AID493055]"
CHEMBL3315194,CC(C)C[C@H](NC(=O)Cn1ccc2ccccc21)C(=O)O,active,ChEMBL:CHEMBL3351689,6650.0,EC50,c1ccc2[nH]ccc2c1,1,CC(C)C[C@H](NC(=O)Cn1ccc2ccccc21)C(=O)O,scaffold_30,288.34700000000004,2.2568,2,3,71.33,6,0,,,,CHEMBL3315194,CHEMBL3315194,2014.0,Agonist activity at NTSR1 (unknown origin) expressed in CHO cells assessed as potentiation of NT(8-13) peptide-induced change in intracellular Ca2+ level preincubated for 45 mins by FLIPR assay
CHEMBL1550591,N#CC1=C(c2ccccc2)/C(=C/c2ccccc2)OC1=O,active,ChEMBL:CHEMBL1201862,6660.0,EC50,O=C1C=C(c2ccccc2)C(=Cc2ccccc2)O1,1,N#CC1=C(c2ccccc2)/C(=C/c2ccccc2)OC1=O,scaffold_31,273.291,3.5616800000000026,0,3,50.09,2,0,,,,CHEMBL1550591,CHEMBL1550591,,"PUBCHEM_BIOASSAY: Dose Response confirmation of Image-Based HTS for Selective Agonists for NTR1. (Class of assay: confirmatory) [Related pubchem assays (depositor defined):AID493036, AID493055]"
CHEMBL2431119,C=Cc1nc(N2CCN(c3ccccc3OC)CC2)c2cc(OC)c(OC)cc2n1,active,ChEMBL:CHEMBL2429761,7000.0,EC50,c1ccc(N2CCN(c3ncnc4ccccc34)CC2)cc1,1,C=Cc1nc(N2CCN(c3ccccc3OC)CC2)c2cc(OC)c(OC)cc2n1,scaffold_32,406.4860000000002,3.625200000000002,0,7,59.95,6,0,,,,CHEMBL2431119,CHEMBL2431119,2013.0,Agonist activity at NTR1 (unknown origin) expressed in human U2OS cells coexpressing beta-arrestin by GFP reporter gene assay
CHEMBL1966869,CCOC(=O)/C=c1\s/c(=C\c2ccc3cc(OC)ccc3c2)c(=O)n1CC(=O)NCC1CCCO1,active,ChEMBL:CHEMBL1201862,7150.0,EC50,C=c1sc(=Cc2ccc3ccccc3c2)c(=O)n1CC(=O)NCC1CCCO1,1,CCOC(=O)/C=c1\s/c(=C\c2ccc3cc(OC)ccc3c2)c(=O)n1CC(=O)NCC1CCCO1,scaffold_33,496.5850000000004,1.5392,1,8,95.86,8,0,,,,CHEMBL1966869,CHEMBL1966869,,"PUBCHEM_BIOASSAY: Dose Response confirmation of Image-Based HTS for Selective Agonists for NTR1. (Class of assay: confirmatory) [Related pubchem assays (depositor defined):AID493036, AID493055]"
CHEMBL1438069,CC(C)c1ccc(Nc2nnc(SC3CCOC3=O)s2)cc1,active,ChEMBL:CHEMBL1201862,7370.0,EC50,O=C1OCCC1Sc1nnc(Nc2ccccc2)s1,1,CC(C)c1ccc(Nc2nnc(SC3CCOC3=O)s2)cc1,scaffold_34,335.454,3.812700000000002,1,7,64.11000000000001,5,0,,,,CHEMBL1438069,CHEMBL1438069,,"PUBCHEM_BIOASSAY: Dose Response confirmation of Image-Based HTS for Selective Agonists for NTR1. (Class of assay: confirmatory) [Related pubchem assays (depositor defined):AID493036, AID493055]"
CHEMBL3315223,CC(C)C[C@H](NC(=O)Cn1ccc2ccc(-c3cncc4ccccc34)cc21)C(=O)O,active,ChEMBL:CHEMBL3351689,7460.0,EC50,c1ccc2c(-c3ccc4cc[nH]c4c3)cncc2c1,1,CC(C)C[C@H](NC(=O)Cn1ccc2ccc(-c3cncc4ccccc34)cc21)C(=O)O,scaffold_35,415.49300000000017,4.472000000000002,2,4,84.22,7,0,,,,CHEMBL3315223,CHEMBL3315223,2014.0,Agonist activity at NTSR1 (unknown origin) expressed in CHO cells assessed as potentiation of NT(8-13) peptide-induced change in intracellular Ca2+ level preincubated for 45 mins by FLIPR assay
CHEMBL1611686,Cc1ccc(-c2cc(-c3ccccc3)cc(-c3ccccc3)[n+]2-c2ccccc2)cc1.[O-][Cl+3]([O-])([O-])[O-],active,ChEMBL:CHEMBL1201862,7490.0,EC50,c1ccc(-c2cc(-c3ccccc3)[n+](-c3ccccc3)c(-c3ccccc3)c2)cc1,1,Cc1ccc(-c2cc(-c3ccccc3)cc(-c3ccccc3)[n+]2-c2ccccc2)cc1.[O-][Cl+3]([O-])([O-])[O-],scaffold_36,497.9780000000002,2.516720000000003,0,4,96.12,4,0,,,,CHEMBL1611686,CHEMBL1611686,,"PUBCHEM_BIOASSAY: Dose Response confirmation of Image-Based HTS for Selective Agonists for NTR1. (Class of assay: confirmatory) [Related pubchem assays (depositor defined):AID493036, AID493055]"
CHEMBL1595121,CC1=NOC(=O)/C1=C\c1ccc(-c2cc(Cl)ccc2Cl)o1,active,ChEMBL:CHEMBL1201862,7500.0,EC50,O=C1ON=CC1=Cc1ccc(-c2ccccc2)o1,1,CC1=NOC(=O)/C1=C\c1ccc(-c2cc(Cl)ccc2Cl)o1,scaffold_37,322.14700000000005,4.569500000000002,0,4,51.8,2,0,,,,CHEMBL1595121,CHEMBL1595121,,"PUBCHEM_BIOASSAY: Dose Response confirmation of Image-Based HTS for Selective Agonists for NTR1. (Class of assay: confirmatory) [Related pubchem assays (depositor defined):AID493036, AID493055]"
CHEMBL1340713,COC(=O)c1ccc2c(c1)C(C)(C)C(/C=C/c1ccc(O)cc1)=[N+]2C.[I-],active,ChEMBL:CHEMBL1201862,7590.0,EC50,C(=Cc1ccccc1)C1=[NH+]c2ccccc2C1,1,COC(=O)c1ccc2c(c1)C(C)(C)C(/C=C/c1ccc(O)cc1)=[N+]2C.[I-],scaffold_38,463.31500000000005,0.9022,1,3,49.54,3,0,,,,CHEMBL1340713,CHEMBL1340713,,"PUBCHEM_BIOASSAY: Dose Response confirmation of Image-Based HTS for Selective Agonists for NTR1. (Class of assay: confirmatory) [Related pubchem assays (depositor defined):AID493036, AID493055]"
CHEMBL1453900,Cc1ccc(C(=O)Nc2nnc(N=C(S)Nc3ccccc3)s2)cc1,active,ChEMBL:CHEMBL1201862,7590.0,EC50,O=C(Nc1nnc(N=CNc2ccccc2)s1)c1ccccc1,1,Cc1ccc(C(=O)Nc2nnc(N=C(S)Nc3ccccc3)s2)cc1,scaffold_39,369.4750000000001,4.1282200000000016,3,5,79.27000000000001,4,0,,,,CHEMBL1453900,CHEMBL1453900,,"PUBCHEM_BIOASSAY: Dose Response confirmation of Image-Based HTS for Selective Agonists for NTR1. (Class of assay: confirmatory) [Related pubchem assays (depositor defined):AID493036, AID493055]"
CHEMBL3315204,CC(C)C[C@H](NC(=O)Cn1ccc2cc(Nc3ccc4cnccc4c3)ccc21)C(=O)O,active,ChEMBL:CHEMBL3351689,7720.0,EC50,c1cc2cc(Nc3ccc4[nH]ccc4c3)ccc2cn1,1,CC(C)C[C@H](NC(=O)Cn1ccc2cc(Nc3ccc4cnccc4c3)ccc21)C(=O)O,scaffold_40,430.50800000000015,4.548600000000002,3,5,96.25,8,0,,,,CHEMBL3315204,CHEMBL3315204,2014.0,Agonist activity at NTSR1 (unknown origin) expressed in CHO cells assessed as potentiation of NT(8-13) peptide-induced change in intracellular Ca2+ level preincubated for 45 mins by FLIPR assay
CHEMBL1461496,Cc1cc(C)n(-c2nc(Nc3ccccc3C)nc(-n3nc(C)cc3C)n2)n1,active,ChEMBL:CHEMBL1201862,7860.0,EC50,c1ccc(Nc2nc(-n3cccn3)nc(-n3cccn3)n2)cc1,1,Cc1cc(C)n(-c2nc(Nc3ccccc3C)nc(-n3nc(C)cc3C)n2)n1,scaffold_41,374.4520000000001,3.528700000000001,1,8,86.34,4,0,,,,CHEMBL1461496,CHEMBL1461496,,"PUBCHEM_BIOASSAY: Dose Response confirmation of Image-Based HTS for Selective Agonists for NTR1. (Class of assay: confirmatory) [Related pubchem assays (depositor defined):AID493036, AID493055]"
CHEMBL1387563,Cc1ccc(-c2ccc(/C=C3\C(=O)ON=C3c3ccccc3)o2)c([N+](=O)[O-])c1,active,ChEMBL:CHEMBL1201862,7890.0,EC50,O=C1ON=C(c2ccccc2)C1=Cc1ccc(-c2ccccc2)o1,1,Cc1ccc(-c2ccc(/C=C3\C(=O)ON=C3c3ccccc3)o2)c([N+](=O)[O-])c1,scaffold_42,374.3520000000001,4.507720000000004,0,6,94.94,4,0,,,,CHEMBL1387563,CHEMBL1387563,,"PUBCHEM_BIOASSAY: Dose Response confirmation of Image-Based HTS for Selective Agonists for NTR1. (Class of assay: confirmatory) [Related pubchem assays (depositor defined):AID493036, AID493055]"
CHEMBL1321527,Nc1ccccc1C#CC(=O)c1ccccc1,active,ChEMBL:CHEMBL1201862,8090.0,EC50,O=C(C#Cc1ccccc1)c1ccccc1,1,Nc1ccccc1C#CC(=O)c1ccccc1,scaffold_43,221.259,2.5032000000000005,1,2,43.09,1,0,,,,CHEMBL1321527,CHEMBL1321527,,"PUBCHEM_BIOASSAY: Dose Response confirmation of Image-Based HTS for Selective Agonists for NTR1. (Class of assay: confirmatory) [Related pubchem assays (depositor defined):AID493036, AID493055]"
CHEMBL1385214,CSc1nnc(NC(=O)C23CC4CC(CC(C4)C2)C3)s1,active,ChEMBL:CHEMBL1201862,8210.0,EC50,O=C(Nc1nncs1)C12CC3CC(CC(C3)C1)C2,1,CSc1nnc(NC(=O)C23CC4CC(CC(C4)C2)C3)s1,scaffold_44,309.46000000000004,3.414900000000002,1,5,54.88,3,0,,,,CHEMBL1385214,CHEMBL1385214,,"PUBCHEM_BIOASSAY: Dose Response confirmation of Image-Based HTS for Selective Agonists for NTR1. (Class of assay: confirmatory) [Related pubchem assays (depositor defined):AID493036, AID493055]"
CHEMBL1369296,O=C1ON=C(c2ccc(Cl)cc2)/C1=C/c1ccc(O)cc1,active,ChEMBL:CHEMBL1201862,8290.0,EC50,O=C1ON=C(c2ccccc2)C1=Cc1ccccc1,1,O=C1ON=C(c2ccc(Cl)cc2)/C1=C/c1ccc(O)cc1,scaffold_45,299.713,3.390100000000001,1,4,58.89,2,0,,,,CHEMBL1369296,CHEMBL1369296,,"PUBCHEM_BIOASSAY: Dose Response confirmation of Image-Based HTS for Selective Agonists for NTR1. (Class of assay: confirmatory) [Related pubchem assays (depositor defined):AID493036, AID493055]"
CHEMBL1995726,CN(C)S(=O)(=O)c1ccc(-c2csc(N/N=C/c3ccco3)n2)cc1,active,ChEMBL:CHEMBL1201862,8510.0,EC50,C(=NNc1nc(-c2ccccc2)cs1)c1ccco1,1,CN(C)S(=O)(=O)c1ccc(-c2csc(N/N=C/c3ccco3)n2)cc1,scaffold_46,376.4630000000001,3.099400000000002,1,7,87.8,6,0,,,,CHEMBL1995726,CHEMBL1995726,,"PUBCHEM_BIOASSAY: Dose Response confirmation of Image-Based HTS for Selective Agonists for NTR1. (Class of assay: confirmatory) [Related pubchem assays (depositor defined):AID493036, AID493055]"
CHEMBL1608453,O=C(CC1Nc2ccccc2NC1=O)Nc1cc(Cl)cc(Cl)c1,active,ChEMBL:CHEMBL1201862,8640.0,EC50,O=C(CC1Nc2ccccc2NC1=O)Nc1ccccc1,1,O=C(CC1Nc2ccccc2NC1=O)Nc1cc(Cl)cc(Cl)c1,scaffold_47,350.20500000000004,3.754800000000001,3,3,70.23,3,0,,,,CHEMBL1608453,CHEMBL1608453,,"PUBCHEM_BIOASSAY: Dose Response confirmation of Image-Based HTS for Selective Agonists for NTR1. (Class of assay: confirmatory) [Related pubchem assays (depositor defined):AID493036, AID493055]"
CHEMBL1586169,Cc1cccc(OCc2n(C)c3ccccc3[n+]2CC(=O)OC2CC(C)CCC2C(C)C)c1.[Cl-],active,ChEMBL:CHEMBL1201862,8850.0,EC50,O=C(C[n+]1c(COc2ccccc2)[nH]c2ccccc21)OC1CCCCC1,1,Cc1cccc(OCc2n(C)c3ccccc3[n+]2CC(=O)OC2CC(C)CCC2C(C)C)c1.[Cl-],scaffold_48,485.0680000000003,2.3612199999999994,0,4,44.34,7,0,,,,CHEMBL1586169,CHEMBL1586169,,"PUBCHEM_BIOASSAY: Dose Response confirmation of Image-Based HTS for Selective Agonists for NTR1. (Class of assay: confirmatory) [Related pubchem assays (depositor defined):AID493036, AID493055]"
CHEMBL1493442,COc1ccc(Oc2cc(NC(=O)c3nn(C)cc3[N+](=O)[O-])cc([N+](=O)[O-])c2)cc1,active,ChEMBL:CHEMBL1201862,8910.0,EC50,O=C(Nc1cccc(Oc2ccccc2)c1)c1cc[nH]n1,1,COc1ccc(Oc2cc(NC(=O)c3nn(C)cc3[N+](=O)[O-])cc([N+](=O)[O-])c2)cc1,scaffold_49,413.3460000000002,3.2897000000000007,1,9,151.66000000000005,7,0,,,,CHEMBL1493442,CHEMBL1493442,,"PUBCHEM_BIOASSAY: Dose Response confirmation of Image-Based HTS for Selective Agonists for NTR1. (Class of assay: confirmatory) [Related pubchem assays (depositor defined):AID493036, AID493055]"
CHEMBL1325640,CN(C)c1ccc(-n2cccc2/C=C/[N+](=O)[O-])cc1,active,ChEMBL:CHEMBL1201862,9060.0,EC50,c1ccc(-n2cccc2)cc1,1,CN(C)c1ccc(-n2cccc2/C=C/[N+](=O)[O-])cc1,scaffold_50,257.293,2.790700000000001,0,4,51.31,4,0,,,,CHEMBL1325640,CHEMBL1325640,,"PUBCHEM_BIOASSAY: Dose Response confirmation of Image-Based HTS for Selective Agonists for NTR1. (Class of assay: confirmatory) [Related pubchem assays (depositor defined):AID493036, AID493055]"
ZINCf5000002rPbO,CCSC[C@H](N)C(=O)NCC[S@](C)(=N)=O,decoy,local_zinc_pool,,,,1,CCSC[C@H](N)C(=O)NCC[S@](C)(=N)=O,matched_to_CHEMBL463811,253.393,-0.14042999999999867,3,5,96.03999999999999,7,0,CHEMBL463811,7.783286666666668,0.1232876712328767,,,,
ZINCf500000090a2,CCNS(=O)(=O)NCc1c(I)cnn1C,decoy,local_zinc_pool,,,c1cn[nH]c1,1,CCNS(=O)(=O)NCc1c(I)cnn1C,matched_to_CHEMBL294989,344.17800000000005,-0.03140000000000054,2,4,76.02000000000001,5,0,CHEMBL294989,3.811866666666669,0.14084507042253522,,,,
ZINCf5000000Zt61,COCCCCNC(=O)c1nonc1N,decoy,local_zinc_pool,,,c1cnon1,1,COCCCCNC(=O)c1nonc1N,matched_to_CHEMBL462830,214.225,-0.19180000000000008,2,6,103.27,6,0,CHEMBL462830,7.357113333333338,0.2328767123287671,,,,
ZINCf50000009pE1,COC(=O)CN(C)CCCn1cncn1,decoy,local_zinc_pool,,,c1nc[nH]n1,1,COC(=O)CN(C)CCCn1cncn1,matched_to_CHEMBL2431120,212.25300000000001,-0.2270000000000001,0,6,60.25,6,0,CHEMBL2431120,5.319000000000004,0.17333333333333334,,,,
ZINCf50000009G2d,CS(=O)(=O)NCCC(=O)NOCC=CCl,decoy,local_zinc_pool,,,,1,CS(=O)(=O)NCCC(=O)NOCC=CCl,matched_to_CHEMBL3315193,256.711,-0.2739999999999998,2,4,84.5,7,0,CHEMBL3315193,4.763020000000002,0.1388888888888889,,,,
ZINCf50000009ubo,COCCCCS(=O)(=O)NCCC(=O)O,decoy,local_zinc_pool,,,,1,COCCCCS(=O)(=O)NCCC(=O)O,matched_to_CHEMBL3099769,239.29299999999998,-0.19289999999999968,2,4,92.7,9,0,CHEMBL3099769,7.302963333333338,0.14666666666666667,,,,
ZINCf5000002qKV6,CC(C)C[C@H](O)CN(C)CCS(N)(=O)=O,decoy,local_zinc_pool,,,,1,CC(C)C[C@H](O)CN(C)CCS(N)(=O)=O,matched_to_CHEMBL3315203,238.35299999999995,-0.38629999999999803,2,4,83.63,7,0,CHEMBL3315203,5.033866666666669,0.1694915254237288,,,,
ZINCf5000002rNvu,CCOC(=O)COC(=O)[C@H]1CCC(=O)O1,decoy,local_zinc_pool,,,O=C1CCCO1,1,CCOC(=O)COC(=O)[C@H]1CCC(=O)O1,matched_to_CHEMBL1301125,216.18899999999996,-0.20170000000000043,0,6,78.9,4,0,CHEMBL1301125,6.513993333333338,0.2711864406779661,,,,
ZINCf5000002rkgg,CC(C)[S@](=O)NC[C@H](O)CCS(C)(=O)=O,decoy,local_zinc_pool,,,,1,CC(C)[S@](=O)NC[C@H](O)CCS(C)(=O)=O,matched_to_CHEMBL3315221,257.377,-0.5562999999999991,2,4,83.47,7,0,CHEMBL3315221,4.963360000000003,0.11290322580645161,,,,
ZINCf5000002qXdO,CC[C@](C)(O)CNC(=O)[C@@H](N)CN=[N+]=[N-],decoy,local_zinc_pool,,,,1,CC[C@](C)(O)CNC(=O)[C@@H](N)CN=[N+]=[N-],matched_to_CHEMBL1323442,215.25699999999998,-0.09879999999999994,3,4,124.11,6,0,CHEMBL1323442,5.682400000000002,0.11940298507462686,,,,
ZINCf5000002sbOB,CO[C@H](C)CS(=O)(=O)NCCSCCO,decoy,local_zinc_pool,,,,1,CO[C@H](C)CS(=O)(=O)NCCSCCO,matched_to_CHEMBL3099777,257.37699999999995,-0.33379999999999915,2,5,75.63000000000001,9,0,CHEMBL3099777,8.021003333333336,0.1282051282051282,,,,
ZINCf50000009qVo,COC(=O)[C@@H](CN)n1cc(C(C)=O)nn1,decoy,local_zinc_pool,,,c1c[nH]nn1,1,COC(=O)[C@@H](CN)n1cc(C(C)=O)nn1,matched_to_CHEMBL1490404,212.20900000000003,-0.8465000000000003,1,7,100.1,4,0,CHEMBL1490404,4.432436666666668,0.19736842105263158,,,,
ZINCf5000000acC2,Cn1nnc(COC(=O)CCCC#N)n1,decoy,local_zinc_pool,,,c1nn[nH]n1,1,Cn1nnc(COC(=O)CCCC#N)n1,matched_to_CHEMBL1611170,209.20899999999995,-0.05282000000000053,0,7,93.69,5,0,CHEMBL1611170,6.5086600000000026,0.15584415584415584,,,,
ZINCf5000001RKHX,O=C(C(O)CCCO)N1C[C@@H]2C[C@H]1CS2,decoy,local_zinc_pool,,,C1SC2CNC1C2,1,O=C(C(O)CCCO)N1C[C@@H]2C[C@H]1CS2,matched_to_CHEMBL1600146,231.31699999999998,-0.16390000000000016,2,4,60.77,4,0,CHEMBL1600146,1.821500000000001,0.13114754098360656,,,,
ZINCf5000002rkba,CC(C)SCC(=O)NNc1nncnn1,decoy,local_zinc_pool,,,c1nncnn1,1,CC(C)SCC(=O)NNc1nncnn1,matched_to_CHEMBL1468368,228.28100000000003,-0.1487000000000004,2,7,92.69,5,0,CHEMBL1468368,4.083853333333335,0.18032786885245902,,,,
ZINCf5000001XUpk,CS(=O)(=O)CCCNC(C(=O)O)C1CC1,decoy,local_zinc_pool,,,C1CC1,1,CS(=O)(=O)CCCNC(C(=O)O)C1CC1,matched_to_CHEMBL3315213,235.305,-0.1261000000000001,2,4,83.47,7,0,CHEMBL3315213,5.36851666666667,0.16393442622950818,,,,
ZINCf5000000SL7k,CN=[S@](C)(=O)CCNC(=O)CCCCO,decoy,local_zinc_pool,,,,1,CN=[S@](C)(=O)CCNC(=O)CCCCO,matched_to_CHEMBL3315202,236.33699999999996,-0.007199999999999818,2,4,78.76,7,0,CHEMBL3315202,4.996093333333337,0.11538461538461539,,,,
ZINCf50000008ExI,C=C(CO)Cn1c(=O)c(I)cn(C)c1=O,decoy,local_zinc_pool,,,O=c1cc[nH]c(=O)[nH]1,1,C=C(CO)Cn1c(=O)c(I)cn(C)c1=O,matched_to_CHEMBL1546134,322.1020000000001,-0.29989999999999983,1,5,64.23,3,0,CHEMBL1546134,2.8475533333333343,0.125,,,,
ZINCf50000009Ghu,CS(C)(=O)=NS(=O)(=O)NCCOCCS,decoy,local_zinc_pool,,,,1,CS(C)(=O)=NS(=O)(=O)NCCOCCS,matched_to_CHEMBL3315209,276.4049999999999,-0.5052000000000001,2,5,84.83,7,0,CHEMBL3315209,5.978780000000004,0.10526315789473684,,,,
ZINCf50000008TBw,CCCCOC[C@H](O)CNCCC(N)=O,decoy,local_zinc_pool,,,,1,CCCCOC[C@H](O)CNCCC(N)=O,matched_to_CHEMBL1538066,218.29699999999994,-0.37099999999999883,3,4,84.58000000000001,10,0,CHEMBL1538066,6.85959666666667,0.1527777777777778,,,,
ZINCf50000017y6z,CCOC(=O)Cn1cc(CN(C)C)nn1,decoy,local_zinc_pool,,,c1c[nH]nn1,1,CCOC(=O)Cn1cc(CN(C)C)nn1,matched_to_CHEMBL2431121,212.253,-0.09719999999999995,0,6,60.25,5,0,CHEMBL2431121,6.533140000000004,0.22580645161290322,,,,
ZINCf50000017vDf,CCCCS(=O)(=O)CC(=O)OCC(N)=O,decoy,local_zinc_pool,,,,1,CCCCS(=O)(=O)CC(=O)OCC(N)=O,matched_to_CHEMBL1597454,237.27699999999993,-0.7701999999999989,1,5,103.53,7,0,CHEMBL1597454,7.9765633333333374,0.16417910447761194,,,,
ZINCf5000002rMkN,CCO[C@@H](C)C(=O)N(C)OCC(=O)OC,decoy,local_zinc_pool,,,,1,CCO[C@@H](C)C(=O)N(C)OCC(=O)OC,matched_to_CHEMBL1446377,219.23699999999997,-0.025600000000000067,0,5,65.07,6,0,CHEMBL1446377,6.208030000000004,0.16129032258064516,,,,
ZINCf5000001R9gQ,COCCCS(=O)(=O)CC(C)S(C)(=O)=O,decoy,local_zinc_pool,,,,1,COCCCS(=O)(=O)CC(C)S(C)(=O)=O,matched_to_CHEMBL1547420,258.361,-0.12919999999999998,0,5,77.51,7,0,CHEMBL1547420,6.925033333333336,0.10810810810810811,,,,
ZINCf5000000ZqX7,CC(C)c1nnc(CNS(C)(=O)=O)n1C,decoy,local_zinc_pool,,,c1nnc[nH]1,1,CC(C)c1nnc(CNS(C)(=O)=O)n1C,matched_to_CHEMBL1312502,232.309,-0.012299999999999978,1,5,76.88,4,0,CHEMBL1312502,5.528650000000005,0.1375,,,,
ZINCf5000000apSt,O=C(Cn1ncnn1)OCc1cscn1,decoy,local_zinc_pool,,,O=C(Cn1ncnn1)OCc1cscn1,1,O=C(Cn1ncnn1)OCc1cscn1,matched_to_CHEMBL1328169,225.233,-0.12700000000000022,0,8,82.79,4,0,CHEMBL1328169,6.204820000000005,0.15384615384615385,,,,
ZINCf50000018cUj,O=S1(=O)C[C@H](N[C@@H]2C[C@@H]2F)[C@H]2CCCN21,decoy,local_zinc_pool,,,O=S1(=O)CC(NC2CC2)C2CCCN21,1,O=S1(=O)C[C@H](N[C@@H]2C[C@@H]2F)[C@H]2CCCN21,matched_to_CHEMBL1586252,234.29599999999994,-0.13720000000000043,1,3,49.410000000000004,2,0,CHEMBL1586252,4.397813333333335,0.11666666666666667,,,,
ZINCf5000002qzvH,Cc1nn(C)c(I)c1C(=O)NCCON,decoy,local_zinc_pool,,,c1cn[nH]c1,1,Cc1nn(C)c(I)c1C(=O)NCCON,matched_to_CHEMBL1594369,324.12200000000007,-0.04677999999999993,2,5,82.17,4,0,CHEMBL1594369,4.457760000000002,0.1780821917808219,,,,
ZINCf5000002scy2,CO[C@H](CO)CNS(=O)(=O)c1nccs1,decoy,local_zinc_pool,,,c1cscn1,1,CO[C@H](CO)CNS(=O)(=O)c1nccs1,matched_to_CHEMBL2003819,252.317,-0.5712999999999999,2,6,88.52,6,0,CHEMBL2003819,4.7788400000000015,0.18072289156626506,,,,
ZINCf5000001yg3T,CC(C)NS(=O)(=O)N(C)CC(O)C1CC1,decoy,local_zinc_pool,,,C1CC1,1,CC(C)NS(=O)(=O)N(C)CC(O)C1CC1,matched_to_CHEMBL3315194,236.33699999999996,-0.06810000000000005,2,3,69.64,6,0,CHEMBL3315194,2.1376333333333344,0.12903225806451613,,,,
ZINCf50000017z2x,CCS(=O)(=O)N1CCC(=O)N2CCC[C@@H]21,decoy,local_zinc_pool,,,O=C1CCNC2CCCN12,1,CCS(=O)(=O)N1CCC(=O)N2CCC[C@@H]21,matched_to_CHEMBL1550591,232.30499999999995,-0.009700000000000264,0,3,57.690000000000005,2,0,CHEMBL1550591,3.0947800000000028,0.1323529411764706,,,,
ZINCf50000009pom,COC(=O)CCC(=O)Cn1ncsc1=O,decoy,local_zinc_pool,,,O=c1[nH]ncs1,1,COC(=O)CCC(=O)Cn1ncsc1=O,matched_to_CHEMBL2431119,230.245,-0.17290000000000005,0,7,78.26,5,0,CHEMBL2431119,5.526876666666671,0.18571428571428572,,,,
ZINCf5000000aa29,Cn1c(O)nnc1SCCCS(C)(=O)=O,decoy,local_zinc_pool,,,c1nnc[nH]1,1,Cn1c(O)nnc1SCCCS(C)(=O)=O,matched_to_CHEMBL1966869,251.33299999999997,0.047499999999999876,1,7,85.07999999999998,5,0,CHEMBL1966869,5.878186666666672,0.11475409836065574,,,,
ZINCf50000025VUm,O=S(=O)(CBr)NC1CN(c2nncs2)C1,decoy,local_zinc_pool,,,c1nnc(N2CCC2)s1,1,O=S(=O)(CBr)NC1CN(c2nncs2)C1,matched_to_CHEMBL1438069,313.20200000000006,-0.0015000000000000568,1,6,75.19,4,0,CHEMBL1438069,4.20852,0.125,,,,
ZINCf50000009Uke,C[C@H](CCCCO)NC(=O)CS(C)(=O)=O,decoy,local_zinc_pool,,,,1,C[C@H](CCCCO)NC(=O)CS(C)(=O)=O,matched_to_CHEMBL3315223,237.32099999999997,-0.30169999999999964,2,4,83.47,7,0,CHEMBL3315223,4.99418666666667,0.1694915254237288,,,,
ZINCf5000002rXxI,CN(CC#N)S(=O)(=O)CC12CC(CO1)C2,decoy,local_zinc_pool,,,C1OC2CC1C2,1,CN(CC#N)S(=O)(=O)CC12CC(CO1)C2,matched_to_CHEMBL1611686,230.28899999999993,-0.04942000000000002,0,4,70.4,4,0,CHEMBL1611686,5.416450000000005,0.1206896551724138,,,,
ZINCf5000001zKUr,O=S(=O)(CI)N1CCN(C2COC2)CC1,decoy,local_zinc_pool,,,C1CN(C2COC2)CCN1,1,O=S(=O)(CI)N1CCN(C2COC2)CC1,matched_to_CHEMBL1595121,346.19000000000017,-0.2748999999999999,0,4,49.85000000000001,3,0,CHEMBL1595121,4.0480300000000025,0.07894736842105263,,,,
ZINCf5000002dG1S,CC(C)[S@](=O)N1C[C@H]2OC[C@@H](CO)[C@H]2C1,decoy,local_zinc_pool,,,C1CC2CNCC2O1,1,CC(C)[S@](=O)N1C[C@@H]2[C@H](CO)CO[C@@H]2C1,matched_to_CHEMBL1340713,233.333,-0.0024000000000001243,1,3,49.77,3,0,CHEMBL1340713,2.9120866666666676,0.10989010989010989,,,,
ZINCf5000002rRse,Cn1cc(I)c(C(=O)NC[C@H](N)CO)n1,decoy,local_zinc_pool,,,c1cn[nH]c1,1,Cn1cc(I)c(C(=O)NC[C@H](N)CO)n1,matched_to_CHEMBL1453900,324.12200000000007,-0.9258999999999995,3,5,93.17,4,0,CHEMBL1453900,4.378943333333334,0.25,,,,
ZINCf5000002ryaK,C[C@@H](CS(C)(=O)=O)NC(CCN)CCN,decoy,local_zinc_pool,,,,1,C[C@@H](CS(C)(=O)=O)NC(CCN)CCN,matched_to_CHEMBL3315204,237.36899999999994,-0.924699999999997,3,5,98.21,8,0,CHEMBL3315204,5.658656666666668,0.10256410256410256,,,,
ZINCf5000000a1pf,C[C@H]1CC(Cn2cc(CON)nn2)=NO1,decoy,local_zinc_pool,,,c1cn(CC2=NOCC2)nn1,1,C[C@H]1CC(Cn2cc(CON)nn2)=NO1,matched_to_CHEMBL1461496,211.225,-0.16680000000000017,1,7,87.55000000000001,4,0,CHEMBL1461496,4.644336666666669,0.136986301369863,,,,
ZINCf500000096V8,CC[C@H](C)N(C)S(=O)(=O)c1nnn(C)n1,decoy,local_zinc_pool,,,c1nn[nH]n1,1,CC[C@H](C)N(C)S(=O)(=O)c1nnn(C)n1,matched_to_CHEMBL1387563,233.297,-0.37090000000000023,0,6,80.98,4,0,CHEMBL1387563,5.221363333333337,0.13414634146341464,,,,
ZINCf50000008Dn6,C#C[C@@H]1CCN1C(=O)[C@H]1CCCC(=O)N1,decoy,local_zinc_pool,,,O=C1CCCC(C(=O)N2CCC2)N1,1,C#C[C@@H]1CCN1C(=O)[C@H]1CCCC(=O)N1,matched_to_CHEMBL1321527,206.24499999999998,-0.11079999999999995,1,2,49.410000000000004,1,0,CHEMBL1321527,2.145606666666667,0.11940298507462686,,,,
ZINCf5000000YbK6,O=C(CN1CCCCC1)O[C@H]1CNOC1,decoy,local_zinc_pool,,,O=C(CN1CCCCC1)OC1CNOC1,1,O=C(CN1CCCCC1)O[C@H]1CNOC1,matched_to_CHEMBL1385214,214.265,-0.08109999999999967,1,5,50.8,3,0,CHEMBL1385214,3.4458166666666687,0.13636363636363635,,,,
ZINCf5000002mELD,O=C1NC2(CCO1)CN(S(=O)(=O)CBr)C2,decoy,local_zinc_pool,,,O=C1NC2(CCO1)CNC2,1,O=C1NC2(CCO1)CN(S(=O)(=O)CBr)C2,matched_to_CHEMBL1369296,299.146,-0.14709999999999956,1,4,75.71000000000001,2,0,CHEMBL1369296,3.0366033333333338,0.1282051282051282,,,,
ZINCf5000002sjfh,CS[C@H](C(=O)OCCS(N)(=O)=O)C1CC1,decoy,local_zinc_pool,,,C1CC1,1,CS[C@H](C(=O)OCCS(N)(=O)=O)C1CC1,matched_to_CHEMBL1995726,253.34499999999997,-0.0403,1,5,86.46000000000001,6,0,CHEMBL1995726,4.3779133333333355,0.14285714285714285,,,,
ZINCf5000002qZjY,CC(C)(F)CNC(=O)N[C@H]1COC[C@@H]1O,decoy,local_zinc_pool,,,C1CCOC1,1,CC(C)(F)CNC(=O)N[C@H]1COC[C@@H]1O,matched_to_CHEMBL1608453,220.244,-0.20660000000000028,3,3,70.59,3,0,CHEMBL1608453,3.954943333333335,0.11290322580645161,,,,
ZINCf50000009pWy,COC(=O)COCC(=O)N(C)CCCF,decoy,local_zinc_pool,,,,1,COC(=O)COCC(=O)N(C)CCCF,matched_to_CHEMBL1586169,221.22799999999995,-0.006000000000000227,0,4,55.84,7,0,CHEMBL1586169,4.67654666666667,0.14285714285714285,,,,
ZINCf5000000ZwUV,Cn1nnnc1CSc1nncc(O)n1,decoy,local_zinc_pool,,,c1cnc(SCc2nnn[nH]2)nn1,1,Cn1nnnc1CSc1nncc(O)n1,matched_to_CHEMBL1493442,225.23700000000002,-0.6070000000000007,1,9,102.5,3,0,CHEMBL1493442,8.445290000000004,0.125,,,,
ZINCf50000009vQe,COCCS(=O)(=O)N1CCOC2(CC2)C1,decoy,local_zinc_pool,,,C1COC2(CC2)CN1,1,COCCS(=O)(=O)N1CCOC2(CC2)C1,matched_to_CHEMBL1325640,235.30499999999992,-0.17259999999999986,0,4,55.84,4,0,CHEMBL1325640,2.376613333333335,0.11842105263157894,,,,
ZINCf50000017zcf,CCSC[C@H](N)C(=O)NCCCONC,decoy,local_zinc_pool,,,,1,CCSC[C@H](N)C(=O)NCCCONC,matched_to_CHEMBL463811,235.35299999999998,-0.2758999999999985,3,5,76.38000000000001,9,0,CHEMBL463811,7.840400000000002,0.15384615384615385,,,,
ZINCf50000009c9c,CN(C)C(=O)NNS(=O)(=O)CCCCF,decoy,local_zinc_pool,,,,1,CN(C)C(=O)NNS(=O)(=O)CCCCF,matched_to_CHEMBL294989,241.28799999999993,-0.15829999999999966,2,3,78.51,6,0,CHEMBL294989,4.02496666666667,0.14925373134328357,,,,
ZINCf50000009Edz,CO[C@H](CCSC)C(=O)NOCC(=O)O,decoy,local_zinc_pool,,,,1,CO[C@H](CCSC)C(=O)NOCC(=O)O,matched_to_CHEMBL462830,237.277,-0.11310000000000026,2,5,84.86,8,0,CHEMBL462830,7.3105266666666715,0.14285714285714285,,,,
ZINCf5000001rTZS,COCC(OC)C(=O)OCC1OCCO1,decoy,local_zinc_pool,,,C1COCO1,1,COCC(OC)C(=O)OCC1OCCO1,matched_to_CHEMBL2431120,220.22099999999995,-0.43609999999999993,0,6,63.22000000000001,6,0,CHEMBL2431120,5.497520000000004,0.1694915254237288,,,,
ZINCf5000000VZ2K,CC[C@@H](CC(=O)O)NC(=O)C(OC)OC,decoy,local_zinc_pool,,,,1,CC[C@@H](CC(=O)O)NC(=O)C(OC)OC,matched_to_CHEMBL3315193,219.23699999999997,-0.02519999999999989,2,4,84.86000000000001,7,0,CHEMBL3315193,4.986293333333337,0.17543859649122806,,,,
ZINCf5000002dEDM,CCCOCCOC(=O)[C@H](O)CC(N)=O,decoy,local_zinc_pool,,,,1,CCCOCCOC(=O)[C@H](O)CC(N)=O,matched_to_CHEMBL3099769,219.23699999999997,-0.807499999999999,2,5,98.85,8,0,CHEMBL3099769,7.667256666666672,0.14925373134328357,,,,
ZINCf50000009HiG,CS[C@@H](C)C(=O)NCCCCS(N)(=O)=O,decoy,local_zinc_pool,,,,1,CS[C@@H](C)C(=O)NCCCCS(N)(=O)=O,matched_to_CHEMBL3315203,254.37699999999995,-0.07719999999999916,2,4,89.25999999999999,7,0,CHEMBL3315203,4.845560000000003,0.12987012987012986,,,,
ZINCf5000002s7li,COC[C@@H](C#N)OC(=O)[C@@H]1CCC(=O)O1,decoy,local_zinc_pool,,,O=C1CCCO1,1,COC[C@@H](C#N)OC(=O)[C@@H]1CCC(=O)O1,matched_to_CHEMBL1301125,213.18899999999996,-0.2262200000000001,0,6,85.62,4,0,CHEMBL1301125,6.5115400000000045,0.21621621621621623,,,,
ZINCf500000097FT,CC[C@H](CSC)NC(=O)CCS(N)(=O)=O,decoy,local_zinc_pool,,,,1,CC[C@H](CSC)NC(=O)CCS(N)(=O)=O,matched_to_CHEMBL3315221,254.37699999999995,-0.07719999999999916,2,4,89.25999999999999,7,0,CHEMBL3315221,4.845560000000003,0.14516129032258066,,,,
ZINCf50000026Fx1,[N-]=[N+]=NCCNCC(=O)Nc1nn[nH]n1,decoy,local_zinc_pool,,,c1nn[nH]n1,1,[N-]=[N+]=NCCNCC(=O)Nc1nn[nH]n1,matched_to_CHEMBL1323442,211.18900000000002,-0.9619,3,6,144.35000000000002,6,0,CHEMBL1323442,4.790480000000001,0.19047619047619047,,,,
ZINCf50000009sr4,COC(CS(=O)(=O)NCCCCO)OC,decoy,local_zinc_pool,,,,1,COC(CS(=O)(=O)NCCCCO)OC,matched_to_CHEMBL3099777,241.30899999999994,-0.7027999999999992,2,5,84.86000000000001,9,0,CHEMBL3099777,8.058483333333337,0.12,,,,
ZINCf50000009WqI,C[C@H](CSc1nncn1N)CS(C)(=O)=O,decoy,local_zinc_pool,,,c1nnc[nH]1,1,C[C@H](CSc1nncn1N)CS(C)(=O)=O,matched_to_CHEMBL1490404,250.34899999999996,-0.2353000000000003,1,7,90.87,5,0,CHEMBL1490404,4.5127700000000015,0.14457831325301204,,,,
ZINCf5000002dUUq,CCOC(=O)CN(CCO)S(=O)(=O)CI,decoy,local_zinc_pool,,,,1,CCOC(=O)CN(CCO)S(=O)(=O)CI,matched_to_CHEMBL1611170,351.162,-0.4339000000000002,1,5,83.91,7,0,CHEMBL1611170,6.734383333333335,0.19672131147540983,,,,
ZINCf500000182Ru,NC(=O)[C@H]1OCC[C@H]1NC[C@H]1CCSC1,decoy,local_zinc_pool,,,C1CC(NCC2CCSC2)CO1,1,NC(=O)[C@H]1OCC[C@H]1NC[C@H]1CCSC1,matched_to_CHEMBL1600146,230.33299999999997,-0.028100000000000014,2,4,64.35000000000001,4,0,CHEMBL1600146,1.8304066666666676,0.14285714285714285,,,,
ZINCf5000002rMkU,CCO[C@@H](C)C(=O)NNc1nncnn1,decoy,local_zinc_pool,,,c1nncnn1,1,CCO[C@@H](C)C(=O)NNc1nncnn1,matched_to_CHEMBL1468368,212.21300000000002,-0.8653,2,7,101.92,5,0,CHEMBL1468368,4.353066666666668,0.18571428571428572,,,,
ZINCf50000008Vkv,CCC[C@H](C)S(=O)(=O)NCC(=O)NOC,decoy,local_zinc_pool,,,,1,CCC[C@H](C)S(=O)(=O)NCC(=O)NOC,matched_to_CHEMBL3315213,238.309,-0.22799999999999954,2,4,84.5,7,0,CHEMBL3315213,5.387610000000003,0.14516129032258066,,,,
ZINCf500000255IB,C[C@H](Br)CC(=O)N[C@@H](CO)CS(C)(=O)=O,decoy,local_zinc_pool,,,,1,C[C@H](Br)CC(=O)N[C@@H](CO)CS(C)(=O)=O,matched_to_CHEMBL3315202,302.19000000000005,-0.3184,2,4,83.47,6,0,CHEMBL3315202,4.8566300000000036,0.16666666666666666,,,,
ZINCf50000018cKV,O=S1(=O)CC(CN2CCSC[C@H]2CO)C1,decoy,local_zinc_pool,,,O=S1(=O)CC(CN2CCSCC2)C1,1,O=S1(=O)CC(CN2CCSC[C@H]2CO)C1,matched_to_CHEMBL1546134,251.37299999999996,-0.5593000000000004,1,5,57.61,3,0,CHEMBL1546134,3.596576666666669,0.08695652173913043,,,,
ZINCf5000001pvAi,CC(C)NS(=O)(=O)CCNS(=O)(=O)CI,decoy,local_zinc_pool,,,,1,CC(C)NS(=O)(=O)CCNS(=O)(=O)CI,matched_to_CHEMBL3315209,370.2339999999999,-0.37389999999999946,2,4,92.34,7,0,CHEMBL3315209,5.152556666666669,0.1206896551724138,,,,
ZINCf5000002eg4T,[N-]=[N+]=NCCCC(=O)NC[C@@H](O)CCO,decoy,local_zinc_pool,,,,1,[N-]=[N+]=NCCCC(=O)NC[C@@H](O)CCO,matched_to_CHEMBL1538066,216.24099999999999,-0.06360000000000016,3,4,118.32000000000002,8,0,CHEMBL1538066,6.736823333333338,0.10606060606060606,,,,
ZINCf50000029YkI,O=S(=O)(CI)N1CC(Cn2ccnn2)C1,decoy,local_zinc_pool,,,c1cn(CC2CNC2)nn1,1,O=S(=O)(CI)N1CC(Cn2ccnn2)C1,matched_to_CHEMBL2431121,342.1620000000001,-0.06780000000000008,0,5,68.09,4,0,CHEMBL2431121,6.528050000000004,0.10588235294117647,,,,
ZINCf5000002ecIl,CS(=O)(=O)CCCC(=O)OCCC(=O)O,decoy,local_zinc_pool,,,,1,CS(=O)(=O)CCCC(=O)OCCC(=O)O,matched_to_CHEMBL1597454,238.26099999999997,-0.17090000000000033,1,5,97.74,7,0,CHEMBL1597454,7.798790000000005,0.15,,,,
ZINCf50000009vvW,COCCOCCn1c(C)nn(C)c1=O,decoy,local_zinc_pool,,,O=c1[nH]cn[nH]1,1,COCCOCCn1c(C)nn(C)c1=O,matched_to_CHEMBL1446377,215.25300000000001,-0.44677999999999973,0,6,58.28,6,0,CHEMBL1446377,5.890656666666672,0.1506849315068493,,,,
ZINCf50000017Ka7,COCCCC(=O)OCCCS(N)(=O)=O,decoy,local_zinc_pool,,,,1,COCCCC(=O)OCCCS(N)(=O)=O,matched_to_CHEMBL1547420,239.29299999999995,-0.36519999999999836,1,5,95.69,8,0,CHEMBL1547420,7.045846666666669,0.14864864864864866,,,,
ZINCf50000009Mqz,C[C@@H](NS(=O)(=O)c1cn(C)nn1)C1CC1,decoy,local_zinc_pool,,,O=S(=O)(NCC1CC1)c1c[nH]nn1,1,C[C@@H](NS(=O)(=O)c1cn(C)nn1)C1CC1,matched_to_CHEMBL1312502,230.29299999999998,-0.10810000000000053,1,5,76.88,4,0,CHEMBL1312502,5.6126766666666725,0.17647058823529413,,,,
ZINCf5000000acCv,Cn1nnc(CSCCCS(C)(=O)=O)n1,decoy,local_zinc_pool,,,c1nn[nH]n1,1,Cn1nnc(CSCCCS(C)(=O)=O)n1,matched_to_CHEMBL1328169,250.34899999999996,-0.12199999999999989,0,7,77.74,6,0,CHEMBL1328169,6.248326666666673,0.1,,,,
ZINCf5000002dBdF,CC[C@H](F)C(=O)N1CCN(C)C[C@H](O)C1,decoy,local_zinc_pool,,,C1CNCCNC1,1,CC[C@H](F)C(=O)N1CCN(C)C[C@H](O)C1,matched_to_CHEMBL1586252,218.27199999999996,-0.13059999999999977,1,3,43.78,2,0,CHEMBL1586252,4.519653333333334,0.11494252873563218,,,,
ZINCf5000002aK3p,CC[C@H](CN)Sc1cc(=O)n(C)c(O)n1,decoy,local_zinc_pool,,,O=c1ccnc[nH]1,1,CC[C@H](CN)Sc1cc(=O)n(C)c(O)n1,matched_to_CHEMBL1594369,229.305,0.31529999999999986,2,6,81.14,4,0,CHEMBL1594369,4.705743333333336,0.171875,,,,
ZINCf50000017zSV,CC[C@@H](O)CONC(=O)Cc1csnn1,decoy,local_zinc_pool,,,c1csnn1,1,CC[C@@H](O)CONC(=O)Cc1csnn1,matched_to_CHEMBL2003819,231.27700000000002,-0.1007000000000004,2,6,84.34,6,0,CHEMBL2003819,4.842706666666668,0.1780821917808219,,,,
ZINCf5000002s1Bt,CNS(=O)(=O)N(CC1CCC1)[C@H](C)CO,decoy,local_zinc_pool,,,C1CCC1,1,CNS(=O)(=O)N(CC1CCC1)[C@H](C)CO,matched_to_CHEMBL3315194,236.33699999999996,-0.06650000000000017,2,3,69.64,6,0,CHEMBL3315194,2.136566666666668,0.125,,,,
ZINCf5000001BrJX,CS(=O)(=O)C1CCN(C(=O)[C@@H]2C[C@H]2F)C1,decoy,local_zinc_pool,,,O=C(C1CC1)N1CCCC1,1,CS(=O)(=O)C1CCN(C(=O)[C@@H]2C[C@H]2F)C1,matched_to_CHEMBL1550591,235.27999999999997,-0.010099999999999998,0,3,54.45,2,0,CHEMBL1550591,2.9356966666666686,0.11666666666666667,,,,
ZINCf50000009Csh,CO[C@@H](C)COC(=O)CCn1cnnn1,decoy,local_zinc_pool,,,c1nnn[nH]1,1,CO[C@@H](C)COC(=O)CCn1cnnn1,matched_to_CHEMBL2431119,214.225,-0.35870000000000024,0,7,79.13000000000001,6,0,CHEMBL2431119,5.345743333333337,0.1643835616438356,,,,
ZINCf500000093hL,CCS(=O)(=O)Cc1noc(CCCN)n1,decoy,local_zinc_pool,,,c1ncon1,1,CCS(=O)(=O)Cc1noc(CCCN)n1,matched_to_CHEMBL1966869,233.29299999999995,-0.10439999999999994,1,6,99.08,6,0,CHEMBL1966869,5.857453333333337,0.1232876712328767,,,,
ZINCf50000008L06,CC(=O)OCCSc1nnc(CO)n1C,decoy,local_zinc_pool,,,c1nnc[nH]1,1,CC(=O)OCCSc1nnc(CO)n1C,matched_to_CHEMBL1438069,231.27700000000002,-0.037400000000000044,1,7,77.24000000000001,5,0,CHEMBL1438069,4.133703333333335,0.2,,,,
ZINCf50000017vAk,CCCCCS(=O)(=O)NC(=O)[C@H](F)CN,decoy,local_zinc_pool,,,,1,CCCCCS(=O)(=O)NC(=O)[C@H](F)CN,matched_to_CHEMBL3315223,240.29999999999998,-0.08059999999999923,2,4,89.26,7,0,CHEMBL3315223,4.98859666666667,0.1111111111111111,,,,
ZINCf50000028Nf7,CN(C)C[C@H]1COCCN1S(=O)(=O)CI,decoy,local_zinc_pool,,,C1COCCN1,1,CN(C)C[C@H]1COCCN1S(=O)(=O)CI,matched_to_CHEMBL1611686,348.20599999999996,-0.028899999999999926,0,4,49.85,4,0,CHEMBL1611686,5.045600000000005,0.10666666666666667,,,,
ZINCf5000002rrEh,C[C@@H]1C(=O)CCN1C(=O)CC1OCCO1,decoy,local_zinc_pool,,,O=C1CCN(C(=O)CC2OCCO2)C1,1,C[C@@H]1C(=O)CCN1C(=O)CC1OCCO1,matched_to_CHEMBL1595121,213.23299999999998,-0.0607000000000002,0,4,55.84,2,0,CHEMBL1595121,4.337540000000002,0.1511627906976744,,,,
ZINCf5000002ekNx,O=C(N1C[C@H]2[C@@H](Br)[C@H]2C1)C1(CO)COC1,decoy,local_zinc_pool,,,O=C(C1COC1)N1CC2CC2C1,1,O=C(N1C[C@@H]2[C@H](Br)[C@@H]2C1)C1(CO)COC1,matched_to_CHEMBL1340713,276.13,-0.15300000000000025,1,3,49.77000000000001,2,0,CHEMBL1340713,3.084516666666668,0.10112359550561797,,,,
ZINCf50000009NG8,C[C@@H](O)[C@H](CO)NC(=O)c1cc(Br)no1,decoy,local_zinc_pool,,,c1cnoc1,1,C[C@@H](O)[C@H](CO)NC(=O)c1cc(Br)no1,matched_to_CHEMBL1453900,279.09000000000003,-0.09140000000000048,3,5,95.59,4,0,CHEMBL1453900,4.3697300000000014,0.2054794520547945,,,,
ZINCf5000002dTAg,CCOC[C@@H](C)N[C@H](CC(=O)O)C(=O)O,decoy,local_zinc_pool,,,,1,CCOC[C@@H](C)N[C@H](CC(=O)O)C(=O)O,matched_to_CHEMBL3315204,219.23699999999997,-0.07110000000000005,3,4,95.86,8,0,CHEMBL3315204,5.708110000000004,0.23214285714285715,,,,
ZINCf5000000aqYC,O=C(NCCn1ccnn1)c1cnns1,decoy,local_zinc_pool,,,O=C(NCCn1ccnn1)c1cnns1,1,O=C(NCCn1ccnn1)c1cnns1,matched_to_CHEMBL1461496,224.24900000000002,-0.44040000000000057,1,7,85.59,4,0,CHEMBL1461496,4.6780966666666695,0.1643835616438356,,,,
ZINCf5000000SKPV,CCn1ncc(C(=O)NS(=O)(=O)CI)n1,decoy,local_zinc_pool,,,c1cn[nH]n1,1,CCn1ncc(C(=O)NS(=O)(=O)CI)n1,matched_to_CHEMBL1387563,344.13399999999996,-0.24990000000000018,1,6,93.95,4,0,CHEMBL1387563,4.513526666666671,0.18571428571428572,,,,
ZINCf50000008DLX,C#C[C@H]1CCN1C(=O)[C@@H]1CCCNC1=O,decoy,local_zinc_pool,,,O=C1NCCCC1C(=O)N1CCC1,1,C#C[C@H]1CCN1C(=O)[C@@H]1CCCNC1=O,matched_to_CHEMBL1321527,206.24499999999998,-0.2533,1,2,49.410000000000004,1,0,CHEMBL1321527,2.2406066666666673,0.13636363636363635,,,,
ZINCf50000025oiK,CS(=O)(=O)CCNC(=S)N1CCSCC1,decoy,local_zinc_pool,,,C1CSCCN1,1,CS(=O)(=O)CCNC(=S)N1CCSCC1,matched_to_CHEMBL1385214,268.42900000000003,-0.04569999999999985,1,4,49.410000000000004,3,0,CHEMBL1385214,3.4361766666666678,0.11235955056179775,,,,
ZINCf5000000aqyH,O=C(NCC=CBr)C(=O)N1CCOCC1,decoy,local_zinc_pool,,,C1COCCN1,1,O=C(NCC=CBr)C(=O)N1CCOCC1,matched_to_CHEMBL1369296,277.118,-0.13000000000000012,1,3,58.64,2,0,CHEMBL1369296,3.082683333333334,0.125,,,,
ZINCf5000002aPdn,CCOC[C@@H](C)C(=O)OCc1nn[nH]n1,decoy,local_zinc_pool,,,c1nn[nH]n1,1,CCOC[C@@H](C)C(=O)OCc1nn[nH]n1,matched_to_CHEMBL1995726,214.225,-0.08450000000000019,1,6,89.99,6,0,CHEMBL1995726,4.332580000000003,0.1951219512195122,,,,
ZINCf5000002qOQs,CC(C)C(F)(F)C(=O)N[C@@H]1[C@@H](O)C[C@H]1O,decoy,local_zinc_pool,,,C1CCC1,1,CC(C)C(F)(F)C(=O)N[C@H]1[C@H](O)C[C@@H]1O,matched_to_CHEMBL1608453,223.21900000000002,-0.11199999999999993,3,3,69.56,3,0,CHEMBL1608453,3.8745266666666676,0.14545454545454545,,,,
ZINCf5000001UVD4,C#CCN(CCOC)C(=O)CS(=O)CC,decoy,local_zinc_pool,,,,1,C#CCN(CCOC)C(=O)CS(=O)CC,matched_to_CHEMBL1586169,231.31699999999995,-0.13680000000000003,0,3,46.61,7,0,CHEMBL1586169,4.79365666666667,0.11764705882352941,,,,
ZINCf500000239R3,COCCC(NS(=O)(=O)CBr)C(=O)OC,decoy,local_zinc_pool,,,,1,COCCC(NS(=O)(=O)CBr)C(=O)OC,matched_to_CHEMBL1493442,304.16200000000003,-0.16369999999999996,1,5,81.7,7,0,CHEMBL1493442,8.19250666666667,0.16666666666666666,,,,
ZINCf50000017P4L,CSCCC(=O)C(=O)N1CCS(=O)CC1,decoy,local_zinc_pool,,,O=S1CCNCC1,1,CSCCC(=O)C(=O)N1CCS(=O)CC1,matched_to_CHEMBL1325640,249.35699999999994,-0.10050000000000003,0,4,54.45,4,0,CHEMBL1325640,2.1324266666666682,0.14035087719298245,,,,
ZINCf5000002eakk,CSCCCCC(=O)NOC[C@@H](O)CO,decoy,local_zinc_pool,,,,1,CSCCCCC(=O)NOC[C@@H](O)CO,matched_to_CHEMBL463811,237.321,-0.07929999999999976,3,5,78.79,9,0,CHEMBL463811,7.593253333333336,0.140625,,,,
ZINCf5000002ecur,C[S@@](=O)NCCCNS(=O)(=O)C(F)(F)F,decoy,local_zinc_pool,,,,1,C[S@@](=O)NCCCNS(=O)(=O)C(F)(F)F,matched_to_CHEMBL294989,268.282,-0.3012000000000003,2,3,75.27000000000001,6,0,CHEMBL294989,3.7494933333333353,0.07792207792207792,,,,
ZINCf5000000ajo6,NCCOCCCNC(=O)c1cnns1,decoy,local_zinc_pool,,,c1csnn1,1,NCCOCCCNC(=O)c1cnns1,matched_to_CHEMBL462830,230.293,-0.36669999999999997,2,6,90.13,7,0,CHEMBL462830,7.338633333333338,0.1625,,,,
ZINCf5000002sehT,COC(=O)[C@H](C)CN(C)CCS(C)(=O)=O,decoy,local_zinc_pool,,,,1,COC(=O)[C@H](C)CN(C)CCS(C)(=O)=O,matched_to_CHEMBL2431120,237.32099999999997,-0.2280999999999993,0,5,63.68,6,0,CHEMBL2431120,5.706253333333337,0.16666666666666666,,,,
ZINCf50000024FMA,CCOCCCS(=O)(=O)N[C@H]1CC[C@@H]1N,decoy,local_zinc_pool,,,C1CCC1,1,CCOCCCS(=O)(=O)N[C@H]1CC[C@@H]1N,matched_to_CHEMBL3315193,236.337,-0.17789999999999873,2,4,81.42,7,0,CHEMBL3315193,5.003493333333335,0.1111111111111111,,,,
ZINCf500000091sp,CCOCCCC(=O)NS(=O)(=O)CCN,decoy,local_zinc_pool,,,,1,CCOCCCC(=O)NS(=O)(=O)CCN,matched_to_CHEMBL3099769,238.30899999999997,-0.7921999999999978,2,5,98.49,8,0,CHEMBL3099769,7.480736666666671,0.15714285714285714,,,,
ZINCf5000002dEiR,CCCNS(=O)(=O)NC(=O)COC(F)F,decoy,local_zinc_pool,,,,1,CCCNS(=O)(=O)NC(=O)COC(F)F,matched_to_CHEMBL3315203,246.23499999999996,-0.4137999999999997,2,4,84.50000000000001,7,0,CHEMBL3315203,4.960980000000005,0.14285714285714285,,,,
ZINCf5000000ZyG5,O=C(OCCn1cnnn1)[C@H]1CCSC1,decoy,local_zinc_pool,,,O=C(OCCn1cnnn1)C1CCSC1,1,O=C(OCCn1cnnn1)[C@H]1CCSC1,matched_to_CHEMBL1301125,228.277,-0.030600000000000183,0,7,69.9,4,0,CHEMBL1301125,6.13904666666667,0.15584415584415584,,,,
ZINCf500000187iK,O=C(CCCF)NCCCc1nn[nH]n1,decoy,local_zinc_pool,,,c1nn[nH]n1,1,O=C(CCCF)NCCCc1nn[nH]n1,matched_to_CHEMBL3315221,215.23200000000003,-0.0018000000000001903,2,4,83.56,7,0,CHEMBL3315221,5.011543333333337,0.18072289156626506,,,,
ZINCf5000002rtj9,C[C@H](CCCO)NC(=O)[C@@H](N)CN=[N+]=[N-],decoy,local_zinc_pool,,,,1,C[C@H](CCCO)NC(=O)[C@@H](N)CN=[N+]=[N-],matched_to_CHEMBL1323442,215.257,-0.09879999999999994,3,4,124.11,7,0,CHEMBL1323442,5.182400000000002,0.13636363636363635,,,,
ZINCf5000001QBG9,COCCS(=O)(=O)NC(CO)CCSC,decoy,local_zinc_pool,,,,1,COCCS(=O)(=O)NC(CO)CCSC,matched_to_CHEMBL3099777,257.37699999999995,-0.3337999999999992,2,5,75.63000000000001,9,0,CHEMBL3099777,8.021003333333336,0.12,,,,
ZINCf5000000a0RG,C[C@H](OC(=O)CS(C)(=O)=O)c1nc[nH]n1,decoy,local_zinc_pool,,,c1nc[nH]n1,1,C[C@H](OC(=O)CS(C)(=O)=O)c1nc[nH]n1,matched_to_CHEMBL1490404,233.249,-0.5465000000000002,1,6,102.01,4,0,CHEMBL1490404,4.445636666666668,0.19444444444444445,,,,
ZINCf5000000apKQ,O=C(Cn1cnc([N+](=O)[O-])n1)OC1CC1,decoy,local_zinc_pool,,,O=C(Cn1cncn1)OC1CC1,1,O=C(Cn1cnc([N+](=O)[O-])n1)OC1CC1,matched_to_CHEMBL1611170,212.16499999999996,-0.10810000000000031,0,7,100.15,4,0,CHEMBL1611170,6.757553333333336,0.2153846153846154,,,,
ZINCf5000000a3nf,C[C@H]1C[C@@H](NC[C@H](F)CO)CCS1(=O)=O,decoy,local_zinc_pool,,,O=S1(=O)CCCCC1,1,C[C@H]1C[C@@H](NC[C@H](F)CO)CCS1(=O)=O,matched_to_CHEMBL1600146,239.31199999999995,-0.1278999999999999,2,4,66.4,4,0,CHEMBL1600146,1.8891500000000008,0.125,,,,
ZINCf5000000Ztox,CO[C@@H](C)CCNC(=O)c1nonc1N,decoy,local_zinc_pool,,,c1cnon1,1,CO[C@@H](C)CCNC(=O)c1nonc1N,matched_to_CHEMBL1468368,214.225,-0.1933999999999999,2,6,103.27,5,0,CHEMBL1468368,4.331013333333335,0.19480519480519481,,,,
ZINCf50000009IU9,C[C@@H](CCN)N(C)C(=O)CSCC(=O)O,decoy,local_zinc_pool,,,,1,C[C@@H](CCN)N(C)C(=O)CSCC(=O)O,matched_to_CHEMBL3315213,234.32099999999997,-9.999999999960041e-05,2,4,83.63,7,0,CHEMBL3315213,5.28795666666667,0.14754098360655737,,,,
ZINCf5000001rW3P,COC(C)CNCC(C)(C)CS(N)(=O)=O,decoy,local_zinc_pool,,,,1,COC(C)CNCC(C)(C)CS(N)(=O)=O,matched_to_CHEMBL3315202,238.35299999999998,-0.07439999999999858,2,4,81.41999999999999,7,0,CHEMBL3315202,4.914333333333337,0.11290322580645161,,,,
ZINCf5000000S5sX,CN(C)CCNC(=O)c1nn(C)nc1Br,decoy,local_zinc_pool,,,c1cn[nH]n1,1,CN(C)CCNC(=O)c1nn(C)nc1Br,matched_to_CHEMBL1546134,276.138,-0.13099999999999995,1,5,63.050000000000004,4,0,CHEMBL1546134,3.6473933333333357,0.17391304347826086,,,,
ZINCf50000017ZrY,C[S@@](=N)(=O)CCNS(=O)(=O)CCCC#N,decoy,local_zinc_pool,,,,1,C[S@@](=N)(=O)CCNS(=O)(=O)CCCC#N,matched_to_CHEMBL3315209,253.34899999999996,-0.11385000000000023,2,5,110.88,7,0,CHEMBL3315209,5.666440000000003,0.10144927536231885,,,,
ZINCf500000091Rr,CCOCC[C@@H](O)CNC[C@@H](CO)OC,decoy,local_zinc_pool,,,,1,CCOCC[C@@H](O)CNC[C@@H](CO)OC,matched_to_CHEMBL1538066,221.29699999999997,-0.6291999999999986,3,5,70.95,10,0,CHEMBL1538066,7.046930000000004,0.1111111111111111,,,,
ZINCf50000009sqy,COC(COCCn1nnnc1C)OC,decoy,local_zinc_pool,,,c1nnn[nH]1,1,COC(COCCn1nnnc1C)OC,matched_to_CHEMBL2431121,216.241,-0.3829800000000003,0,7,71.29,7,0,CHEMBL2431121,6.625380000000004,0.11538461538461539,,,,
ZINCf50000009vUQ,COCCS(=O)(=O)NCCSS(C)(=O)=O,decoy,local_zinc_pool,,,,1,COCCS(=O)(=O)NCCSS(C)(=O)=O,matched_to_CHEMBL1597454,277.389,-0.7549999999999983,1,6,89.53999999999999,8,0,CHEMBL1597454,7.124910000000003,0.12,,,,
ZINCf5000000Zt6p,COCCCS(=O)(=O)Cc1ncn(C)n1,decoy,local_zinc_pool,,,c1nc[nH]n1,1,COCCCS(=O)(=O)Cc1ncn(C)n1,matched_to_CHEMBL1446377,233.293,-0.23360000000000025,0,6,74.08000000000001,6,0,CHEMBL1446377,6.0665366666666705,0.16666666666666666,,,,
ZINCf500000094Mn,CC[C@@H](C[N+](=O)[O-])OC(=O)CCC(N)=O,decoy,local_zinc_pool,,,,1,CC[C@@H](C[N+](=O)[O-])OC(=O)CCC(N)=O,matched_to_CHEMBL1547420,218.20899999999995,-0.14959999999999984,1,5,112.53,7,0,CHEMBL1547420,6.939353333333336,0.2,,,,
ZINCf50000026ml4,Cn1cc(I)c(CC(=O)OCC(N)=O)n1,decoy,local_zinc_pool,,,c1cn[nH]c1,1,Cn1cc(I)c(CC(=O)OCC(N)=O)n1,matched_to_CHEMBL1312502,323.0900000000001,-0.40430000000000005,1,5,87.21,4,0,CHEMBL1312502,5.131373333333336,0.19718309859154928,,,,
ZINCf5000000ZrWR,CCn1nnc(COC(=O)[C@@H](C)OC)n1,decoy,local_zinc_pool,,,c1nn[nH]n1,1,CCn1nnc(COC(=O)[C@@H](C)OC)n1,matched_to_CHEMBL1328169,214.225,-0.22890000000000033,0,7,79.13,5,0,CHEMBL1328169,6.2364333333333395,0.1780821917808219,,,,
ZINCf50000029ceF,O=C1NC[C@H]2[C@@H]1CCCN2S(=O)(=O)CI,decoy,local_zinc_pool,,,O=C1NCC2NCCCC12,1,O=C1NC[C@H]2[C@@H]1CCCN2S(=O)(=O)CI,matched_to_CHEMBL1586252,344.174,-0.0809000000000002,1,3,66.48,2,0,CHEMBL1586252,3.944300000000002,0.12121212121212122,,,,
ZINCf50000009Zz9,C[C@H](O)CCNc1nccn2nnnc12,decoy,local_zinc_pool,,,c1cn2nnnc2cn1,1,C[C@H](O)CCNc1nccn2nnnc12,matched_to_CHEMBL1594369,208.22500000000002,-0.2979000000000003,2,7,88.23,4,0,CHEMBL1594369,4.5417433333333355,0.175,,,,
ZINCf5000000Zu2d,C[C@@H](NCCCS(N)(=O)=O)c1nncs1,decoy,local_zinc_pool,,,c1nncs1,1,C[C@@H](NCCCS(N)(=O)=O)c1nncs1,matched_to_CHEMBL2003819,250.34900000000002,-0.13269999999999926,2,6,97.97,6,0,CHEMBL2003819,4.374520000000001,0.14084507042253522,,,,
ZINCf5000002dSIB,CCNS(=O)(=O)CCN[S@@](=O)C(C)(C)C,decoy,local_zinc_pool,,,,1,CCNS(=O)(=O)CCN[S@@](=O)C(C)(C)C,matched_to_CHEMBL3315194,256.393,-0.0224999999999993,2,3,75.27000000000001,6,0,CHEMBL3315194,1.9966733333333337,0.08641975308641975,,,,
ZINCf50000020nN1,CCC(=O)N1CCN(S(C)(=O)=O)C(C)C1,decoy,local_zinc_pool,,,C1CNCCN1,1,CCC(=O)N1CCN(S(C)(=O)=O)C(C)C1,matched_to_CHEMBL1550591,234.32099999999997,-0.11129999999999995,0,3,57.690000000000005,2,0,CHEMBL1550591,3.142353333333335,0.1111111111111111,,,,
ZINCf50000017ysu,CCOCCS(=O)(=O)Cc1cnn(C)n1,decoy,local_zinc_pool,,,c1cn[nH]n1,1,CCOCCS(=O)(=O)Cc1cnn(C)n1,matched_to_CHEMBL2431119,233.293,-0.23360000000000025,0,6,74.08000000000001,6,0,CHEMBL2431119,5.369663333333337,0.13432835820895522,,,,
ZINCf50000008Hcr,C=CCn1nnnc1SC[C@@H](O)COC,decoy,local_zinc_pool,,,c1nnn[nH]1,1,C=CCn1nnnc1SC[C@@H](O)COC,matched_to_CHEMBL1966869,230.29299999999998,-0.04150000000000009,1,7,73.06,7,0,CHEMBL1966869,5.628720000000004,0.1388888888888889,,,,
ZINCf5000001rUt8,COCC1(CO)CCN(S(=O)(=O)CBr)C1,decoy,local_zinc_pool,,,C1CCNC1,1,COCC1(CO)CCN(S(=O)(=O)CBr)C1,matched_to_CHEMBL1438069,302.19000000000005,-0.0005999999999997119,1,4,66.84,5,0,CHEMBL1438069,4.48404,0.14666666666666667,,,,
ZINCf50000024GA8,CCCCC(=O)N[C@@H](CO)CS(C)(=O)=O,decoy,local_zinc_pool,,,,1,CCCCC(=O)N[C@@H](CO)CS(C)(=O)=O,matched_to_CHEMBL3315223,237.32099999999997,-0.30169999999999964,2,4,83.47,7,0,CHEMBL3315223,4.99418666666667,0.14754098360655737,,,,
ZINCf5000001Pewb,CC1CN(CCCS(C)(=O)=O)S(=O)(=O)C1,decoy,local_zinc_pool,,,O=S1(=O)CCCN1,1,CC1CN(CCCS(C)(=O)=O)S(=O)(=O)C1,matched_to_CHEMBL1611686,255.36099999999996,-0.2973999999999992,0,4,71.52000000000001,4,0,CHEMBL1611686,5.2862500000000034,0.10465116279069768,,,,
ZINCf50000029VGD,C#CCC1CN(C(=O)c2cnnn2C)C1,decoy,local_zinc_pool,,,O=C(c1cnn[nH]1)N1CCC1,1,C#CCC1CN(C(=O)c2cnnn2C)C1,matched_to_CHEMBL1595121,204.233,-0.08960000000000035,0,4,51.02,2,0,CHEMBL1595121,4.316406666666669,0.14814814814814814,,,,
ZINCf50000028jVR,O=S(=O)(CI)N1C[C@@H](CO)OCC12CC2,decoy,local_zinc_pool,,,C1COCC2(CC2)N1,1,O=S(=O)(CI)N1C[C@@H](CO)OCC12CC2,matched_to_CHEMBL1340713,347.1740000000002,-0.0656000000000001,1,4,66.84,3,0,CHEMBL1340713,2.998609999999999,0.10989010989010989,,,,
ZINCf50000009NTz,C[C@@H](O)[C@](C)(O)C(=O)NCc1ccns1,decoy,local_zinc_pool,,,c1cnsc1,1,C[C@@H](O)[C@](C)(O)C(=O)NCc1ccns1,matched_to_CHEMBL1453900,230.289,-0.10890000000000044,3,5,82.45,4,0,CHEMBL1453900,4.343806666666668,0.17105263157894737,,,,
ZINCf50000009Hn3,CS[C@@H](C)[C@H](N)C(=O)NCCOCCN,decoy,local_zinc_pool,,,,1,CS[C@@H](C)[C@H](N)C(=O)NCCOCCN,matched_to_CHEMBL3315204,235.35299999999995,-0.8432999999999979,3,5,90.37,8,0,CHEMBL3315204,5.7813500000000015,0.14102564102564102,,,,
ZINCf5000002oDM5,Cn1nnnc1Sc1ncc(C(N)=O)s1,decoy,local_zinc_pool,,,c1csc(Sc2nnn[nH]2)n1,1,Cn1nnnc1Sc1ncc(C(N)=O)s1,matched_to_CHEMBL1461496,242.289,-0.08329999999999982,1,8,99.58000000000001,3,0,CHEMBL1461496,4.759230000000002,0.18055555555555555,,,,
ZINCf50000009tbw,COCC(=O)Cn1cc(I)c(O)nc1=O,decoy,local_zinc_pool,,,O=c1nccc[nH]1,1,COCC(=O)Cn1cc(I)c(O)nc1=O,matched_to_CHEMBL1387563,324.07400000000007,-0.23099999999999993,1,6,81.41999999999999,4,0,CHEMBL1387563,5.2027266666666705,0.18181818181818182,,,,
ZINCf500000297wZ,O=C1CN(C(=O)[C@@H]2C[C@@H]3C[C@@H]32)CCCN1,decoy,local_zinc_pool,,,O=C1CN(C(=O)C2CC3CC32)CCCN1,1,O=C1CN(C(=O)[C@@H]2C[C@@H]3C[C@@H]32)CCCN1,matched_to_CHEMBL1321527,208.26099999999994,-0.009100000000000275,1,2,49.410000000000004,1,0,CHEMBL1321527,2.0576466666666677,0.1111111111111111,,,,
ZINCf50000009oYI,CN[C@H]1CCN(C(=O)Cc2cnns2)C1,decoy,local_zinc_pool,,,O=C(Cc1cnns1)N1CCCC1,1,CN[C@H]1CCN(C(=O)Cc2cnns2)C1,matched_to_CHEMBL1385214,226.305,-0.09910000000000019,1,5,58.120000000000005,3,0,CHEMBL1385214,3.3038166666666684,0.16129032258064516,,,,
ZINCf5000002rxgf,C[C@@H](CO)N1CCS(=O)(=O)CC(F)(F)C1,decoy,local_zinc_pool,,,O=S1(=O)CCCNCC1,1,C[C@@H](CO)N1CCS(=O)(=O)CC(F)(F)C1,matched_to_CHEMBL1369296,243.27499999999995,-0.26709999999999967,1,4,57.61,2,0,CHEMBL1369296,3.0537133333333344,0.11538461538461539,,,,
ZINCf5000002aShv,COCCONC(=O)Cn1cnc(Br)n1,decoy,local_zinc_pool,,,c1nc[nH]n1,1,COCCONC(=O)Cn1cnc(Br)n1,matched_to_CHEMBL1995726,279.094,-0.2652000000000001,1,6,78.27,6,0,CHEMBL1995726,4.0979566666666685,0.20270270270270271,,,,
ZINCf5000002rjVy,CCC(=O)NNC(=O)C[C@@H]1CCCNC1,decoy,local_zinc_pool,,,C1CCNCC1,1,CCC(=O)NNC(=O)C[C@@H]1CCCNC1,matched_to_CHEMBL1608453,213.28099999999995,-0.06649999999999928,3,3,70.23,3,0,CHEMBL1608453,3.9167733333333343,0.1511627906976744,,,,
ZINCf5000001og7C,CN(CCC(=O)O)Cc1ccccc1Br,decoy,local_zinc_pool,,,c1ccccc1,1,CN(CCC(=O)O)Cc1ccccc1Br,matched_to_CHEMBL1586169,272.142,2.3556,1,2,40.540000000000006,5,0,CHEMBL1586169,5.28500666666667,0.2033898305084746,,,,
ZINCf5000002oGSO,N#CCCC(=O)NS(=O)(=O)c1ncsn1,decoy,local_zinc_pool,,,c1ncsn1,1,N#CCCC(=O)NS(=O)(=O)c1ncsn1,matched_to_CHEMBL1493442,246.273,-0.3532199999999998,1,7,112.81,4,0,CHEMBL1493442,8.153343333333337,0.1686746987951807,,,,
ZINCf50000009Ctc,CO[C@@H](C)CS(=O)(=O)N1CCN(C)CC1,decoy,local_zinc_pool,,,C1CNCCN1,1,CO[C@@H](C)CS(=O)(=O)N1CCN(C)CC1,matched_to_CHEMBL1325640,236.33699999999996,-0.40149999999999886,0,4,49.85000000000001,4,0,CHEMBL1325640,2.3960933333333334,0.10843373493975904,,,,
ZINCf5000000VZiS,N#CCSCC(=O)N[C@@H](CCO)C(=O)O,decoy,local_zinc_pool,,,,1,N#CCSCC(=O)N[C@@H](CCO)C(=O)O,matched_to_CHEMBL463811,232.26099999999997,-0.8050200000000003,3,5,110.42,7,0,CHEMBL463811,7.862466666666669,0.22033898305084745,,,,
ZINCf50000027vdG,CNS(=O)(=O)CCNC(=O)[C@@H]1C[C@H]1CCl,decoy,local_zinc_pool,,,C1CC1,1,CNS(=O)(=O)CCNC(=O)[C@@H]1C[C@H]1CCl,matched_to_CHEMBL294989,254.73899999999998,-0.4732999999999996,2,3,75.27000000000001,6,0,CHEMBL294989,3.999656666666668,0.13114754098360656,,,,
ZINCf50000009cQd,CN(C)CC[C@H](N)C(=O)NS(=O)(=O)CI,decoy,local_zinc_pool,,,,1,CN(C)CC[C@H](N)C(=O)NS(=O)(=O)CI,matched_to_CHEMBL462830,349.19399999999996,-0.8960999999999979,2,5,92.5,6,0,CHEMBL462830,7.40775666666667,0.12698412698412698,,,,
ZINCf5000002e63V,COCC[S@@](=O)N(C)C[C@@H]1COC(=O)O1,decoy,local_zinc_pool,,,O=C1OCCO1,1,COCC[S@@](=O)N(C)C[C@@H]1COC(=O)O1,matched_to_CHEMBL2431120,237.27699999999996,-0.23630000000000018,0,5,65.07,6,0,CHEMBL2431120,5.767760000000004,0.13043478260869565,,,,
ZINCf50000009jTv,CNC(=O)COCCNS(=O)(=O)C(Cl)Cl,decoy,local_zinc_pool,,,,1,CNC(=O)COCCNS(=O)(=O)C(Cl)Cl,matched_to_CHEMBL3315193,279.145,-0.5703999999999996,2,4,84.5,7,0,CHEMBL3315193,4.736280000000002,0.12987012987012986,,,,
ZINCf50000026TVY,O=S(=O)(CI)NCc1cnn(CCO)c1,decoy,local_zinc_pool,,,c1cn[nH]c1,1,O=S(=O)(CI)NCc1cnn(CCO)c1,matched_to_CHEMBL3099769,345.1620000000001,-0.31270000000000014,2,5,84.22,6,0,CHEMBL3099769,7.663340000000004,0.1282051282051282,,,,
ZINCf50000008V4I,CCC[C@@H](O)C(=O)NCCCS(C)(=O)=O,decoy,local_zinc_pool,,,,1,CCC[C@@H](O)C(=O)NCCCS(C)(=O)=O,matched_to_CHEMBL3315203,237.32099999999994,-0.30169999999999964,2,4,83.47,7,0,CHEMBL3315203,4.99418666666667,0.12903225806451613,,,,
ZINCf5000002aTew,CS(C)(=O)=NS(=O)(=O)CCn1ccnc1,decoy,local_zinc_pool,,,c1c[nH]cn1,1,CS(C)(=O)=NS(=O)(=O)CCn1ccnc1,matched_to_CHEMBL1301125,251.333,-0.05950000000000033,0,5,81.39,4,0,CHEMBL1301125,6.468153333333338,0.1375,,,,
ZINCf5000000alxA,NS(=O)(=O)CCCSCC(=O)NC1CC1,decoy,local_zinc_pool,,,C1CC1,1,NS(=O)(=O)CCCSCC(=O)NC1CC1,matched_to_CHEMBL3315221,252.36099999999996,-0.32319999999999993,2,4,89.26,7,0,CHEMBL3315221,5.029720000000004,0.11475409836065574,,,,
ZINCf5000000981C,CC[C@H](N)CNS(=O)(=O)c1cnc(O)s1,decoy,local_zinc_pool,,,c1cscn1,1,CC[C@H](N)CNS(=O)(=O)c1cnc(O)s1,matched_to_CHEMBL1323442,251.333,-0.1357,3,6,105.31,5,0,CHEMBL1323442,5.598240000000002,0.1686746987951807,,,,
ZINCf5000000a16n,C[C@H](ONS(=O)(=O)CCCC#N)C(=O)O,decoy,local_zinc_pool,,,,1,C[C@H](ONS(=O)(=O)CCCC#N)C(=O)O,matched_to_CHEMBL3099777,236.24899999999994,-0.38572000000000034,2,5,116.49,7,0,CHEMBL3099777,7.706096666666672,0.2033898305084746,,,,
ZINCf50000009XDh,C[C@H](N)Cc1cn(Cc2cnon2)nn1,decoy,local_zinc_pool,,,c1cn(Cc2cnon2)nn1,1,C[C@H](N)Cc1cn(Cc2cnon2)nn1,matched_to_CHEMBL1490404,208.22500000000002,-0.40090000000000003,1,7,95.65,4,0,CHEMBL1490404,4.353210000000001,0.12658227848101267,,,,
ZINCf5000000acUm,Cn1nnnc1CCSCCS(C)(=O)=O,decoy,local_zinc_pool,,,c1nnn[nH]1,1,Cn1nnnc1CCSCCS(C)(=O)=O,matched_to_CHEMBL1611170,250.34899999999996,-0.4696,0,7,77.74000000000001,6,0,CHEMBL1611170,6.513113333333335,0.0967741935483871,,,,
ZINCf5000002sax6,CO[C@@H]1CN(C(=O)CCNO)CC12CC2,decoy,local_zinc_pool,,,C1CC2(CC2)CN1,1,CO[C@@H]1CN(C(=O)CCNO)CC12CC2,matched_to_CHEMBL1600146,214.26499999999996,-0.007300000000000084,2,4,61.8,4,0,CHEMBL1600146,1.8752200000000006,0.16,,,,
ZINCf5000002rRZf,Cn1cnnc1NNC(=O)CCC1N=N1,decoy,local_zinc_pool,,,O=C(CCC1N=N1)NNc1nnc[nH]1,1,Cn1cnnc1NNC(=O)CCC1N=N1,matched_to_CHEMBL1468368,209.213,-0.16970000000000085,2,7,96.56,5,0,CHEMBL1468368,4.1337333333333355,0.15151515151515152,,,,
ZINCf50000008VC1,CCC[C@H](O)CNC(=O)CS(=O)(=O)CC,decoy,local_zinc_pool,,,,1,CCC[C@H](O)CNC(=O)CS(=O)(=O)CC,matched_to_CHEMBL3315213,237.32099999999997,-0.30169999999999964,2,4,83.47,7,0,CHEMBL3315213,5.465423333333336,0.15254237288135594,,,,
ZINCf50000008FOo,C=CCC[S@](C)(=O)=NC(=O)CNCCN,decoy,local_zinc_pool,,,,1,C=CCC[S@](C)(=O)=NC(=O)CNCCN,matched_to_CHEMBL3315202,233.33699999999993,-0.2647999999999985,2,4,84.55,7,0,CHEMBL3315202,4.99262666666667,0.12,,,,
ZINCf50000028IZE,CN(c1nc(Br)nn1C)[C@@H]1CCNC1=O,decoy,local_zinc_pool,,,O=C1NCCC1Nc1ncn[nH]1,1,CN(c1nc(Br)nn1C)[C@@H]1CCNC1=O,matched_to_CHEMBL1546134,274.122,-0.09770000000000006,1,5,63.050000000000004,2,0,CHEMBL1546134,3.6453533333333357,0.12162162162162163,,,,
ZINCf5000002rbnf,CC[C@H](O)CC(=O)OCCCS(N)(=O)=O,decoy,local_zinc_pool,,,,1,CC[C@H](O)CC(=O)OCCCS(N)(=O)=O,matched_to_CHEMBL3315209,239.29299999999995,-0.6307999999999989,2,5,106.69,7,0,CHEMBL3315209,5.984033333333335,0.15873015873015872,,,,
ZINCf5000000ajkb,NCCOCC(=O)NCCCCC(=O)O,decoy,local_zinc_pool,,,,1,NCCOCC(=O)NCCCCC(=O)O,matched_to_CHEMBL1538066,218.25299999999993,-0.6671999999999993,3,4,101.64999999999999,9,0,CHEMBL1538066,6.874703333333339,0.12857142857142856,,,,
ZINCf50000009zZg,COC[C@H](OC)C(=O)Oc1cnn(C)c1,decoy,local_zinc_pool,,,c1cn[nH]c1,1,COC[C@H](OC)C(=O)Oc1cnn(C)c1,matched_to_CHEMBL2431121,214.221,-0.013100000000000556,0,6,62.580000000000005,5,0,CHEMBL2431121,6.550593333333339,0.19718309859154928,,,,
ZINCf50000017KQY,COCC[C@@H](O)CSCc1nnn(C)n1,decoy,local_zinc_pool,,,c1nn[nH]n1,1,COCC[C@@H](O)CSCc1nnn(C)n1,matched_to_CHEMBL1597454,232.309,-0.15930000000000022,1,7,73.06,7,0,CHEMBL1597454,7.837776666666671,0.13157894736842105,,,,
ZINCf50000009uPy,COCCN(Cc1nnn(C)n1)C1CC1,decoy,local_zinc_pool,,,C(NC1CC1)c1nn[nH]n1,1,COCCN(Cc1nnn(C)n1)C1CC1,matched_to_CHEMBL1446377,211.26899999999998,-0.17909999999999981,0,6,56.07,6,0,CHEMBL1446377,5.840443333333338,0.12857142857142856,,,,
ZINCf5000000YbHL,NC(=O)CSCCOC(=O)c1cnsn1,decoy,local_zinc_pool,,,c1cnsn1,1,NC(=O)CSCCOC(=O)c1cnsn1,matched_to_CHEMBL1547420,247.30100000000002,-0.08660000000000001,1,7,95.17000000000002,6,0,CHEMBL1547420,6.800833333333335,0.16666666666666666,,,,
ZINCf5000002aSLa,COC(=O)CNC(=O)Cn1ccc(Br)n1,decoy,local_zinc_pool,,,c1cn[nH]c1,1,COC(=O)CNC(=O)Cn1ccc(Br)n1,matched_to_CHEMBL1312502,276.09,-0.06520000000000015,1,5,73.22,4,0,CHEMBL1312502,5.272506666666672,0.20967741935483872,,,,
ZINCf5000000YbC0,Cn1cnc(COCCn2cncn2)n1,decoy,local_zinc_pool,,,c1ncn(CCOCc2nc[nH]n2)n1,1,Cn1cnc(COCCn2cncn2)n1,matched_to_CHEMBL1328169,208.22500000000002,-0.3766000000000005,0,7,70.65,5,0,CHEMBL1328169,6.607700000000006,0.13559322033898305,,,,
ZINCf5000001vtEI,O=C([C@@H]1C[C@@H]1Br)N1CCOC2(CNC2)C1,decoy,local_zinc_pool,,,O=C(C1CC1)N1CCOC2(CNC2)C1,1,O=C([C@@H]1C[C@@H]1Br)N1CCOC2(CNC2)C1,matched_to_CHEMBL1586252,275.146,-0.029400000000000093,1,3,41.57,1,0,CHEMBL1586252,4.471846666666668,0.12903225806451613,,,,
ZINCf5000000SP4D,OC[C@H](O)Cn1cc(-c2cnsc2)nn1,decoy,local_zinc_pool,,,c1nscc1-c1c[nH]nn1,1,OC[C@H](O)Cn1cc(-c2cnsc2)nn1,matched_to_CHEMBL1594369,226.26100000000005,-0.2452000000000003,2,7,84.06,4,0,CHEMBL1594369,4.493050000000002,0.13513513513513514,,,,
ZINCf50000017DLX,CN(Cc1nncs1)C[C@H](O)CC(=O)O,decoy,local_zinc_pool,,,c1nncs1,1,CN(Cc1nncs1)C[C@H](O)CC(=O)O,matched_to_CHEMBL2003819,231.277,-0.19449999999999995,2,6,86.55,6,0,CHEMBL2003819,4.816840000000003,0.17647058823529413,,,,
ZINCf5000002rxgT,C[C@@H](CO)N(C1CC1)S(=O)(=O)NC1CC1,decoy,local_zinc_pool,,,O=S(=O)(NC1CC1)NC1CC1,1,C[C@@H](CO)N(C1CC1)S(=O)(=O)NC1CC1,matched_to_CHEMBL3315194,234.32099999999997,-0.17159999999999975,2,3,69.64,6,0,CHEMBL3315194,2.226793333333334,0.13432835820895522,,,,
ZINCf5000000aphz,O=C(C[C@@H]1CCS(=O)(=O)C1)N1CC(F)C1,decoy,local_zinc_pool,,,O=C(CC1CCS(=O)(=O)C1)N1CCC1,1,O=C(C[C@@H]1CCS(=O)(=O)C1)N1CC(F)C1,matched_to_CHEMBL1550591,235.27999999999997,-0.008500000000000174,0,3,54.45,2,0,CHEMBL1550591,2.934630000000002,0.10344827586206896,,,,
ZINCf50000009zYT,COC[C@H](OC)C(=O)OCC1OCCO1,decoy,local_zinc_pool,,,C1COCO1,1,COC[C@H](OC)C(=O)OCC1OCCO1,matched_to_CHEMBL2431119,220.22099999999995,-0.43609999999999993,0,6,63.22000000000001,6,0,CHEMBL2431119,5.200983333333338,0.1694915254237288,,,,
ZINCf500000091jS,CCOCC(=O)NS(=O)(=O)CCCC#N,decoy,local_zinc_pool,,,,1,CCOCC(=O)NS(=O)(=O)CCCC#N,matched_to_CHEMBL1966869,234.27699999999996,-0.22731999999999997,1,5,96.25999999999999,7,0,CHEMBL1966869,5.816760000000004,0.17391304347826086,,,,
ZINCf5000000961i,CC[C@@H](SC)C(=O)NCc1nnn(C)n1,decoy,local_zinc_pool,,,c1nn[nH]n1,1,CC[C@@H](SC)C(=O)NCc1nnn(C)n1,matched_to_CHEMBL1438069,229.309,-0.03210000000000046,1,6,72.7,5,0,CHEMBL1438069,4.468250000000001,0.16393442622950818,,,,
ZINCf500000095A6,CC[C@@H](O)CC(=O)NCCS(=O)(=O)CC,decoy,local_zinc_pool,,,,1,CC[C@@H](O)CC(=O)NCCS(=O)(=O)CC,matched_to_CHEMBL3315223,237.32099999999997,-0.30169999999999964,2,4,83.47,7,0,CHEMBL3315223,4.99418666666667,0.13333333333333333,,,,
ZINCf50000009WrG,C[C@H](C[N+](=O)[O-])OC(=O)[C@@H]1CCC(=O)O1,decoy,local_zinc_pool,,,O=C1CCCO1,1,C[C@H](C[N+](=O)[O-])OC(=O)[C@@H]1CCC(=O)O1,matched_to_CHEMBL1611686,217.17699999999994,-0.09959999999999991,0,6,95.74,4,0,CHEMBL1611686,5.567423333333338,0.1625,,,,
ZINCf50000009Bvn,CON=CC(=O)N1CC[S@](=O)C[C@H](C)C1,decoy,local_zinc_pool,,,O=S1CCCNCC1,1,CON=CC(=O)N1CC[S@](=O)C[C@H](C)C1,matched_to_CHEMBL1595121,232.30499999999998,-0.15439999999999987,0,4,58.97,2,0,CHEMBL1595121,4.3344866666666695,0.1111111111111111,,,,
ZINCf50000009Pke,C[C@@H]1CN(C(=O)[C@@H](C)N(C)C)C[C@H]1CN,decoy,local_zinc_pool,,,C1CCNC1,1,C[C@@H]1CN(C(=O)[C@@H](C)N(C)C)C[C@H]1CN,matched_to_CHEMBL1340713,213.32499999999996,-0.01029999999999831,1,3,49.57000000000001,3,0,CHEMBL1340713,3.1094333333333335,0.12790697674418605,,,,
ZINCf5000000ar3T,O=C(NC[C@@H](O)C(F)F)c1csc(O)n1,decoy,local_zinc_pool,,,c1cscn1,1,O=C(NC[C@@H](O)C(F)F)c1csc(O)n1,matched_to_CHEMBL1453900,238.215,0.2044999999999999,3,5,82.45,4,0,CHEMBL1453900,4.055613333333334,0.18840579710144928,,,,
ZINCf5000002rLlC,CCOC[C@H](N)C(=O)NOC[C@H](O)CC,decoy,local_zinc_pool,,,,1,CCOC[C@H](N)C(=O)NOC[C@H](O)CC,matched_to_CHEMBL3315204,220.26899999999998,-0.8310999999999988,3,5,93.81,8,0,CHEMBL3315204,5.78645666666667,0.14492753623188406,,,,
ZINCf5000000a0R6,C[C@H](O)c1nnnn1CCC1OCCO1,decoy,local_zinc_pool,,,c1nnnn1CCC1OCCO1,1,C[C@H](O)c1nnnn1CCC1OCCO1,matched_to_CHEMBL1461496,214.225,-0.5106000000000006,1,7,82.29,4,0,CHEMBL1461496,4.957136666666669,0.14492753623188406,,,,
ZINCf50000008BUE,C#CCOC(=O)Cn1cc([N+](=O)[O-])cn1,decoy,local_zinc_pool,,,c1cn[nH]c1,1,C#CCOC(=O)Cn1cc([N+](=O)[O-])cn1,matched_to_CHEMBL1387563,209.161,-0.032299999999999995,0,6,87.26,4,0,CHEMBL1387563,4.985790000000003,0.2222222222222222,,,,
ZINCf50000018b94,O=C1CC2(CN1)CN(C(=O)[C@@H]1C[C@H]1Cl)C2,decoy,local_zinc_pool,,,O=C1CC2(CN1)CN(C(=O)C1CC1)C2,1,O=C1CC2(CN1)CN(C(=O)[C@@H]1C[C@H]1Cl)C2,matched_to_CHEMBL1321527,228.679,-0.037800000000000056,1,2,49.410000000000004,1,0,CHEMBL1321527,2.0210000000000004,0.140625,,,,
ZINCf5000000abT5,Cn1ncc(CNC2CCS(=O)CC2)n1,decoy,local_zinc_pool,,,O=S1CCC(NCc2cn[nH]n2)CC1,1,Cn1ncc(CNC2CCS(=O)CC2)n1,matched_to_CHEMBL1385214,228.32099999999997,-0.18420000000000014,1,5,59.81,3,0,CHEMBL1385214,3.407990000000002,0.1267605633802817,,,,
ZINCf5000001WvYr,C[C@H]1[C@H](O)CCN1CC1CCS(=O)(=O)C1,decoy,local_zinc_pool,,,O=S1(=O)CCC(CN2CCCC2)C1,1,C[C@H]1[C@H](O)CCN1CC1CCS(=O)(=O)C1,matched_to_CHEMBL1369296,233.33299999999997,-0.12379999999999969,1,4,57.61,2,0,CHEMBL1369296,3.057600000000001,0.1111111111111111,,,,
ZINCf5000002mAJu,Cn1cnnc1CSCCc1nn[nH]n1,decoy,local_zinc_pool,,,c1nnc(CSCCc2nn[nH]n2)[nH]1,1,Cn1cnnc1CSCCc1nn[nH]n1,matched_to_CHEMBL1995726,225.281,-0.19590000000000035,1,7,85.17,5,0,CHEMBL1995726,4.313886666666669,0.16470588235294117,,,,
ZINCf5000002dmzU,C=CC1(C(=O)N[C@@H]2CC[C@@H](O)[C@H]2O)CC1,decoy,local_zinc_pool,,,O=C(NC1CCCC1)C1CC1,1,C=CC1(C(=O)N[C@@H]2CC[C@@H](O)[C@H]2O)CC1,matched_to_CHEMBL1608453,211.261,-0.047000000000000486,3,3,69.56,3,0,CHEMBL1608453,3.950773333333335,0.13793103448275862,,,,
ZINCf500000091Gj,CCOCCOC1CN(C(=O)COC)C1,decoy,local_zinc_pool,,,C1CNC1,1,CCOCCOC1CN(C(=O)COC)C1,matched_to_CHEMBL1586169,217.26499999999996,-0.10329999999999995,0,4,48.0,7,0,CHEMBL1586169,4.467443333333336,0.15625,,,,
ZINCf50000009zaV,COC[C@H](Cn1cc(CON)nn1)OC,decoy,local_zinc_pool,,,c1c[nH]nn1,1,COC[C@H](Cn1cc(CON)nn1)OC,matched_to_CHEMBL1493442,216.241,-0.6701999999999986,1,7,84.42,7,0,CHEMBL1493442,8.300583333333336,0.12345679012345678,,,,
ZINCf50000017mFN,C#CC[C@H]1CN(CCS(C)(=O)=O)CCO1,decoy,local_zinc_pool,,,C1COCCN1,1,C#CC[C@H]1CN(CCS(C)(=O)=O)CCO1,matched_to_CHEMBL1325640,231.31699999999998,-0.24489999999999923,0,4,46.61,4,0,CHEMBL1325640,2.4714933333333344,0.13186813186813187,,,,
ZINCf50000008TsN,CCCCCS(=O)(=O)N[C@H](CO)C(=O)O,decoy,local_zinc_pool,,,,1,CCCCCS(=O)(=O)N[C@H](CO)C(=O)O,matched_to_CHEMBL463811,239.293,-0.4584999999999993,3,4,103.7,8,0,CHEMBL463811,7.829933333333336,0.1896551724137931,,,,
ZINCf5000002dA83,CC[C@@H](CO)CNS(=O)(=O)N1CC(Cl)C1,decoy,local_zinc_pool,,,C1CNC1,1,CC[C@@H](CO)CNS(=O)(=O)N1CC(Cl)C1,matched_to_CHEMBL294989,256.755,-0.23769999999999913,2,3,69.64,6,0,CHEMBL294989,4.047630000000002,0.14285714285714285,,,,
ZINCf5000000VlQK,COCCCS(=O)(=O)NO[C@@H](C)C(=O)O,decoy,local_zinc_pool,,,,1,COCCCS(=O)(=O)NO[C@@H](C)C(=O)O,matched_to_CHEMBL462830,241.26500000000001,-0.6529999999999994,2,5,101.93000000000002,8,0,CHEMBL462830,6.9477800000000025,0.18333333333333332,,,,
ZINCf5000000Ztic,COCc1nn(C[C@@H](C)N(C)C)c(=O)o1,decoy,local_zinc_pool,,,O=c1[nH]nco1,1,COCc1nn(C[C@@H](C)N(C)C)c(=O)o1,matched_to_CHEMBL2431120,215.253,-0.0671999999999997,0,6,60.5,5,0,CHEMBL2431120,5.692466666666671,0.13636363636363635,,,,
ZINCf5000002s3Iy,COCC1(S(=O)(=O)N[C@@H](C)CCN)CC1,decoy,local_zinc_pool,,,C1CC1,1,COCC1(S(=O)(=O)N[C@@H](C)CCN)CC1,matched_to_CHEMBL3315193,236.33699999999996,-0.17789999999999928,2,4,81.42,7,0,CHEMBL3315193,5.003493333333336,0.1076923076923077,,,,
ZINCf5000002rLNk,CCOCCONC(=O)C[C@@H](N)COC,decoy,local_zinc_pool,,,,1,CCOCCONC(=O)C[C@@H](N)COC,matched_to_CHEMBL3099769,220.26899999999998,-0.5654999999999983,2,5,82.81,9,0,CHEMBL3099769,7.637203333333338,0.15942028985507245,,,,
ZINCf500000099rv,CC[C@](F)(C(=O)O)C(=O)NOCCOC,decoy,local_zinc_pool,,,,1,CC[C@](F)(C(=O)O)C(=O)NOCCOC,matched_to_CHEMBL3315203,223.19999999999996,-0.11649999999999983,2,4,84.86,7,0,CHEMBL3315203,5.0075300000000045,0.14754098360655737,,,,
ZINCf5000000apQa,O=C(Cn1nccn1)OCc1csnn1,decoy,local_zinc_pool,,,O=C(Cn1nccn1)OCc1csnn1,1,O=C(Cn1nccn1)OCc1csnn1,matched_to_CHEMBL1301125,225.233,-0.12700000000000045,0,8,82.79,4,0,CHEMBL1301125,6.218153333333337,0.16666666666666666,,,,
ZINCf5000002dEiH,CCCNS(=O)(=O)NC(=O)[C@H](C)COC,decoy,local_zinc_pool,,,,1,CCCNS(=O)(=O)NC(=O)[C@H](C)COC,matched_to_CHEMBL3315221,238.30899999999997,-0.3704999999999985,2,4,84.50000000000001,7,0,CHEMBL3315221,5.011373333333337,0.14516129032258066,,,,
ZINCf5000000ajrP,NCCOCCNc1cnc(CN)cn1,decoy,local_zinc_pool,,,c1cnccn1,1,NCCOCCNc1cnc(CN)cn1,matched_to_CHEMBL1323442,211.26899999999998,-0.6774999999999989,3,6,99.08,7,0,CHEMBL1323442,5.609280000000002,0.12987012987012986,,,,
ZINCf5000002sfL9,CONCCC(=O)Nc1nnc(C#N)s1,decoy,local_zinc_pool,,,c1nncs1,1,CONCCC(=O)Nc1nnc(C#N)s1,matched_to_CHEMBL3099777,227.24900000000002,-0.11062000000000011,2,7,99.93,5,0,CHEMBL3099777,8.20149666666667,0.2413793103448276,,,,
ZINCf50000009du7,CN(C)c1nnc(SCCS(N)(=O)=O)s1,decoy,local_zinc_pool,,,c1nncs1,1,CN(C)c1nnc(SCCS(N)(=O)=O)s1,matched_to_CHEMBL1490404,268.38899999999995,-0.015299999999999758,1,7,89.18,5,0,CHEMBL1490404,4.253303333333334,0.1724137931034483,,,,
ZINCf5000000acYe,Cn1nnnc1CSCCCS(C)(=O)=O,decoy,local_zinc_pool,,,c1nnn[nH]1,1,Cn1nnnc1CSCCCS(C)(=O)=O,matched_to_CHEMBL1611170,250.34899999999996,-0.12200000000000033,0,7,77.74000000000001,6,0,CHEMBL1611170,6.281380000000002,0.09523809523809523,,,,
ZINCf5000001WTLP,CC1SCCN(C(=O)CNCCN)C1C,decoy,local_zinc_pool,,,C1CSCCN1,1,CC1SCCN(C(=O)CNCCN)C1C,matched_to_CHEMBL1600146,231.36499999999998,-0.11289999999999867,2,4,58.36,4,0,CHEMBL1600146,1.8834199999999999,0.12698412698412698,,,,
ZINCf5000000WBOU,NS(=O)(=O)CCNC(=O)c1cnc(Br)s1,decoy,local_zinc_pool,,,c1cscn1,1,NS(=O)(=O)CCNC(=O)c1cnc(Br)s1,matched_to_CHEMBL1468368,314.18600000000004,-0.07609999999999956,2,5,102.14999999999999,4,0,CHEMBL1468368,4.298003333333335,0.15492957746478872,,,,
ZINCf500000091vi,CCOCCCS(=O)(=O)N[C@H]1C[C@H](N)C1,decoy,local_zinc_pool,,,C1CCC1,1,CCOCCCS(=O)(=O)N[C@H]1C[C@H](N)C1,matched_to_CHEMBL3315213,236.337,-0.1778999999999979,2,4,81.42,7,0,CHEMBL3315213,5.474730000000002,0.1111111111111111,,,,
ZINCf5000002qKMh,CCCC[C@H](NS(=O)(=O)NC)C(=O)OC,decoy,local_zinc_pool,,,,1,CCCC[C@H](NS(=O)(=O)NC)C(=O)OC,matched_to_CHEMBL3315202,238.30899999999997,-0.22799999999999954,2,4,84.50000000000001,7,0,CHEMBL3315202,4.916373333333338,0.1864406779661017,,,,
ZINCf50000009bwb,CN(C(=O)c1cn(C)c(O)n1)C1CSC1,decoy,local_zinc_pool,,,O=C(NC1CSC1)c1c[nH]cn1,1,CN(C(=O)c1cn(C)c(O)n1)C1CSC1,matched_to_CHEMBL1546134,227.289,0.3130999999999999,1,5,58.36,2,0,CHEMBL1546134,3.725816666666669,0.18571428571428572,,,,
ZINCf50000009AIT,COCc1noc(CNCCC(N)=O)n1,decoy,local_zinc_pool,,,c1ncon1,1,COCc1noc(CNCCC(N)=O)n1,matched_to_CHEMBL3315209,214.22499999999997,-0.8189999999999993,2,6,103.27,7,0,CHEMBL3315209,5.723380000000002,0.14814814814814814,,,,
ZINCf5000002sc2F,CO[C@H](CN)CC(=O)NCCSCCO,decoy,local_zinc_pool,,,,1,CO[C@H](CN)CC(=O)NCCSCCO,matched_to_CHEMBL1538066,236.33699999999996,-0.8080999999999987,3,5,84.58,9,0,CHEMBL1538066,6.970596666666671,0.12857142857142856,,,,
ZINCf5000001R6eV,COC(=O)CN(CC(=O)OC)CC(C)F,decoy,local_zinc_pool,,,,1,COC(=O)CN(CC(=O)OC)CC(C)F,matched_to_CHEMBL2431121,221.22799999999998,-0.007600000000000051,0,5,55.84,6,0,CHEMBL2431121,6.536056666666672,0.17647058823529413,,,,
ZINCf50000008UKt,CCCS(=O)(=O)NC(=O)CCC[N+](=O)[O-],decoy,local_zinc_pool,,,,1,CCCS(=O)(=O)NC(=O)CCC[N+](=O)[O-],matched_to_CHEMBL1597454,238.26499999999993,-0.10070000000000001,1,5,106.38,7,0,CHEMBL1597454,7.406350000000005,0.15873015873015872,,,,
ZINCf5000000ZsWU,COC(=O)[C@@H](F)CSCc1nnn(C)n1,decoy,local_zinc_pool,,,c1nn[nH]n1,1,COC(=O)[C@@H](F)CSCc1nnn(C)n1,matched_to_CHEMBL1446377,234.256,-0.04560000000000053,0,7,69.9,5,0,CHEMBL1446377,5.764373333333339,0.16216216216216217,,,,
ZINCf5000002rwRT,C[C@H](COC(=O)[C@@H]1C[C@H]1[N+](=O)[O-])[N+](=O)[O-],decoy,local_zinc_pool,,,C1CC1,1,C[C@H](COC(=O)[C@@H]1C[C@H]1[N+](=O)[O-])[N+](=O)[O-],matched_to_CHEMBL1547420,218.16499999999996,-0.13999999999999968,0,6,112.58000000000001,5,0,CHEMBL1547420,6.431393333333336,0.18032786885245902,,,,
ZINCf5000000VlC4,CN(CC(Cl)Cl)C(=O)Cn1cnnc1O,decoy,local_zinc_pool,,,c1nnc[nH]1,1,CN(CC(Cl)Cl)C(=O)Cn1cnnc1O,matched_to_CHEMBL1312502,253.089,0.24579999999999985,1,5,71.25,4,0,CHEMBL1312502,5.373983333333338,0.171875,,,,
ZINCf5000002aRP2,COCCc1nc(Cn2cnnn2)no1,decoy,local_zinc_pool,,,c1nc(Cn2cnnn2)no1,1,COCCc1nc(Cn2cnnn2)no1,matched_to_CHEMBL1328169,210.19700000000003,-0.7066999999999999,0,8,91.75,5,0,CHEMBL1328169,6.600046666666671,0.12903225806451613,,,,
ZINCf50000023AnH,CC1(CO)COCCN1C(=O)[C@@H]1C[C@@H]1F,decoy,local_zinc_pool,,,O=C(C1CC1)N1CCOCC1,1,CC1(CO)COCCN1C(=O)[C@@H]1C[C@@H]1F,matched_to_CHEMBL1586252,217.23999999999998,-0.04580000000000006,1,3,49.77,2,0,CHEMBL1586252,4.521840000000001,0.12698412698412698,,,,
ZINCf5000000ad3g,Cn1nnnc1SC[C@@H](O)C1(O)CCC1,decoy,local_zinc_pool,,,C1CC(CCSc2nnn[nH]2)C1,1,Cn1nnnc1SC[C@@H](O)C1(O)CCC1,matched_to_CHEMBL1594369,230.29299999999995,-0.42190000000000083,2,7,84.06,4,0,CHEMBL1594369,4.570530000000003,0.14516129032258066,,,,
ZINCf50000008L4G,CC(=O)[C@@H](C)SCc1nnc(O)nc1O,decoy,local_zinc_pool,,,c1cnncn1,1,CC(=O)[C@@H](C)SCc1nnc(O)nc1O,matched_to_CHEMBL2003819,229.26100000000002,0.4934999999999999,2,7,96.2,4,0,CHEMBL2003819,4.597133333333335,0.14516129032258066,,,,
ZINCf5000002duCe,CC(C)(CNS(C)(=O)=O)N[S@](=O)C1CC1,decoy,local_zinc_pool,,,C1CC1,1,CC(C)(CNS(C)(=O)=O)N[S@](=O)C1CC1,matched_to_CHEMBL3315194,254.37699999999998,-0.2700999999999991,2,3,75.27000000000001,6,0,CHEMBL3315194,2.1819000000000006,0.11940298507462686,,,,
ZINCf500000092Zp,CCS(=O)(=O)C1CN(C(=O)N2CCC2)C1,decoy,local_zinc_pool,,,O=C(N1CCC1)N1CCC1,1,CCS(=O)(=O)C1CN(C(=O)N2CCC2)C1,matched_to_CHEMBL1550591,232.30499999999992,-0.06899999999999995,0,3,57.690000000000005,2,0,CHEMBL1550591,3.1343133333333357,0.13095238095238096,,,,
ZINCf50000009aXl,CCn1nnn(CCOCC2CC2)c1=O,decoy,local_zinc_pool,,,O=c1[nH]nnn1CCOCC1CC1,1,CCn1nnn(CCOCC2CC2)c1=O,matched_to_CHEMBL2431119,212.25299999999996,-0.11370000000000058,0,6,61.940000000000005,6,0,CHEMBL2431119,5.014530000000004,0.125,,,,
ZINCf5000001YIUb,CCOC(=O)C(COC)NS(=O)(=O)CI,decoy,local_zinc_pool,,,,1,CCOC(=O)C(COC)NS(=O)(=O)CI,matched_to_CHEMBL1966869,351.162,-0.12359999999999988,1,5,81.69999999999999,7,0,CHEMBL1966869,5.129163333333338,0.1774193548387097,,,,
ZINCf500000098qs,CC[C@H](NCc1cnn(C)n1)C(=O)OC,decoy,local_zinc_pool,,,c1cn[nH]n1,1,CC[C@H](NCc1cnn(C)n1)C(=O)OC,matched_to_CHEMBL1438069,212.253,-0.14370000000000038,1,6,69.04,5,0,CHEMBL1438069,4.566810000000001,0.19047619047619047,,,,
ZINCf5000000SKcQ,CCCCS(=O)(=O)NC(=O)[C@@H](F)CCN,decoy,local_zinc_pool,,,,1,CCCCS(=O)(=O)NC(=O)[C@@H](F)CCN,matched_to_CHEMBL3315223,240.29999999999995,-0.08059999999999923,2,4,89.26,7,0,CHEMBL3315223,4.98859666666667,0.12048192771084337,,,,
ZINCf50000009FLi,CS(=O)(=O)CCNC(=O)c1n[nH]cc1I,decoy,local_zinc_pool,,,c1cn[nH]c1,1,CS(=O)(=O)CCNC(=O)c1n[nH]cc1I,matched_to_CHEMBL1611686,343.146,-0.21130000000000043,2,4,91.91999999999999,4,0,CHEMBL1611686,5.5350000000000055,0.1780821917808219,,,,
ZINCf5000000axO2,O=S1(=O)N(CC2OCCO2)CCC12CC2,decoy,local_zinc_pool,,,O=S1(=O)N(CC2OCCO2)CCC12CC2,1,O=S1(=O)N(CC2OCCO2)CCC12CC2,matched_to_CHEMBL1595121,233.2889999999999,-0.07260000000000022,0,4,55.84,2,0,CHEMBL1595121,4.144913333333337,0.11627906976744186,,,,
ZINCf5000001Rb6S,O=C(C(O)C(F)F)N1CCOCC1CF,decoy,local_zinc_pool,,,C1COCCN1,1,O=C(C(O)C(F)F)N1CCOCC1CF,matched_to_CHEMBL1340713,227.18199999999996,-0.1907000000000003,1,3,49.769999999999996,3,0,CHEMBL1340713,3.099130000000001,0.10112359550561797,,,,
ZINCf5000002oDG3,Cn1nc(C(=O)NNCCO)c(Cl)c1Cl,decoy,local_zinc_pool,,,c1cn[nH]c1,1,Cn1nc(C(=O)NNCCO)c(Cl)c1Cl,matched_to_CHEMBL1453900,253.089,-0.04640000000000005,3,5,79.18,4,0,CHEMBL1453900,3.9505400000000024,0.208955223880597,,,,
ZINCf5000002qYEh,C=CCCONC(=O)[C@H](O)CCC(=O)O,decoy,local_zinc_pool,,,,1,C=CCCONC(=O)[C@H](O)CCC(=O)O,matched_to_CHEMBL3315204,217.22099999999995,-0.16400000000000065,3,4,95.86,8,0,CHEMBL3315204,5.790203333333337,0.14285714285714285,,,,
ZINCf5000000ZsYv,COC(=O)[C@H](C)NS(=O)(=O)c1nccs1,decoy,local_zinc_pool,,,c1cscn1,1,COC(=O)[C@H](C)NS(=O)(=O)c1nccs1,matched_to_CHEMBL1461496,250.30100000000002,-0.017099999999999838,1,6,85.36,4,0,CHEMBL1461496,4.644576666666668,0.22058823529411764,,,,
ZINCf50000018cfT,O=C1OCC[C@@H]1OC(=O)[C@@H]1C[C@H]1[N+](=O)[O-],decoy,local_zinc_pool,,,O=C(OC1CCOC1=O)C1CC1,1,O=C1OCC[C@@H]1OC(=O)[C@@H]1C[C@H]1[N+](=O)[O-],matched_to_CHEMBL1387563,215.16099999999997,-0.48970000000000025,0,6,95.74000000000001,3,0,CHEMBL1387563,5.455523333333337,0.17391304347826086,,,,
ZINCf50000009Pst,C[C@@H]1CN(C(=O)[C@H]2CC2(F)F)CC(=O)N1,decoy,local_zinc_pool,,,O=C1CN(C(=O)C2CC2)CCN1,1,C[C@@H]1CN(C(=O)[C@H]2CC2(F)F)CC(=O)N1,matched_to_CHEMBL1321527,218.20299999999995,-0.01150000000000001,1,2,49.410000000000004,1,0,CHEMBL1321527,1.9598266666666673,0.15,,,,
ZINCf5000002mzGF,CCn1ncc(CN2C[C@H]3C[C@]3(O)C2)n1,decoy,local_zinc_pool,,,c1n[nH]nc1CN1CC2CC2C1,1,CCn1ncc(CN2C[C@H]3C[C@]3(O)C2)n1,matched_to_CHEMBL1385214,208.265,-0.1353999999999999,1,5,54.18000000000001,3,0,CHEMBL1385214,3.4068166666666686,0.13846153846153847,,,,
ZINCf5000002dijV,C[C@@]1(CN2CCS(=O)(=O)NC2)CCCO1,decoy,local_zinc_pool,,,O=S1(=O)CCN(CC2CCCO2)CN1,1,C[C@@]1(CN2CCS(=O)(=O)NC2)CCCO1,matched_to_CHEMBL1369296,234.32099999999994,-0.2519999999999991,1,4,58.64,2,0,CHEMBL1369296,3.091986666666667,0.0875,,,,
ZINCf50000009AKa,COCc1nsc(N(C)CCC(N)=O)n1,decoy,local_zinc_pool,,,c1ncsn1,1,COCc1nsc(N(C)CCC(N)=O)n1,matched_to_CHEMBL1995726,230.29299999999998,-0.0038999999999999035,1,6,81.33999999999999,6,0,CHEMBL1995726,4.288966666666669,0.14666666666666667,,,,
ZINCf5000000ar2X,O=C(NC[C@@H](O)C(F)(F)F)C1(O)CCC1,decoy,local_zinc_pool,,,C1CCC1,1,O=C(NC[C@@H](O)C(F)(F)F)C1(O)CCC1,matched_to_CHEMBL1608453,227.18199999999993,-0.05920000000000014,3,3,69.56,3,0,CHEMBL1608453,3.7996966666666685,0.14035087719298245,,,,
ZINCf50000017Dfa,CN(CCN(C)C1COC1)CC[S@](C)=O,decoy,local_zinc_pool,,,C1COC1,1,CN(CCN(C)C1COC1)CC[S@](C)=O,matched_to_CHEMBL1586169,234.36499999999995,-0.3726999999999987,0,4,32.78,7,0,CHEMBL1586169,4.792043333333336,0.07246376811594203,,,,
ZINCf50000008ExF,C=C(CO)CSc1nnnn1CCOC,decoy,local_zinc_pool,,,c1nnn[nH]1,1,C=C(CO)CSc1nnnn1CCOC,matched_to_CHEMBL1493442,230.29299999999998,-0.03990000000000005,1,7,73.06,7,0,CHEMBL1493442,8.194263333333339,0.11688311688311688,,,,
ZINCf50000009d4A,CN(C)S(=O)(=O)CCC(=O)N1CCSC1,decoy,local_zinc_pool,,,C1CSCN1,1,CN(C)S(=O)(=O)CCC(=O)N1CCSC1,matched_to_CHEMBL1325640,252.36099999999996,-0.19920000000000004,0,4,57.690000000000005,4,0,CHEMBL1325640,2.297786666666668,0.1267605633802817,,,,
ZINCf5000000adGN,N#CCCSCC(=O)NCCOC(=N)O,decoy,local_zinc_pool,,,,1,N#CCCSCC(=O)NCCOC(=N)O,matched_to_CHEMBL463811,231.277,0.2588499999999998,3,5,106.2,7,0,CHEMBL463811,7.3318600000000025,0.13513513513513514,,,,
ZINCf50000017TJ9,C[C@@H]1C[C@]1(NC(=O)COCCF)C(=O)O,decoy,local_zinc_pool,,,C1CC1,1,C[C@@H]1C[C@]1(NC(=O)COCCF)C(=O)O,matched_to_CHEMBL294989,219.21199999999996,-0.04810000000000031,2,3,75.63,6,0,CHEMBL294989,4.057060000000003,0.15,,,,
ZINCf5000001rUv3,CCON(CCN)C(=O)C(N)CCSC,decoy,local_zinc_pool,,,,1,CCON(CCN)C(=O)C(N)CCSC,matched_to_CHEMBL462830,235.35299999999998,-0.19439999999999813,2,5,81.58,8,0,CHEMBL462830,7.515166666666669,0.136986301369863,,,,
ZINCf5000000ax0J,O=COCCOC(=O)C[C@H]1COCCO1,decoy,local_zinc_pool,,,C1COCCO1,1,O=COCCOC(=O)C[C@H]1COCCO1,matched_to_CHEMBL2431120,218.20499999999993,-0.49190000000000045,0,6,71.06,6,0,CHEMBL2431120,5.868480000000004,0.16091954022988506,,,,
ZINCf50000008FOg,C=CCC[S@@](C)(=O)=NC(=O)CNCCN,decoy,local_zinc_pool,,,,1,C=CCC[S@@](C)(=O)=NC(=O)CNCCN,matched_to_CHEMBL3315193,233.33699999999993,-0.2647999999999985,2,4,84.55,7,0,CHEMBL3315193,4.992626666666669,0.12,,,,
ZINCf5000002s7Vj,COC[C@@H](O)CCNS(=O)(=O)CCSC,decoy,local_zinc_pool,,,,1,COC[C@@H](O)CCNS(=O)(=O)CCSC,matched_to_CHEMBL3099769,257.37699999999995,-0.3337999999999992,2,5,75.63,9,0,CHEMBL3099769,7.398856666666672,0.11904761904761904,,,,
ZINCf5000002mDj1,CSCCNS(=O)(=O)C[C@@H]1C[C@@H]1C(=O)O,decoy,local_zinc_pool,,,C1CC1,1,CSCCNS(=O)(=O)C[C@@H]1C[C@@H]1C(=O)O,matched_to_CHEMBL3315203,253.34499999999997,-0.010500000000000231,2,4,83.47,7,0,CHEMBL3315203,4.639813333333338,0.1694915254237288,,,,
ZINCf50000009g64,CN(Cc1nnco1)Cc1ncnn1C,decoy,local_zinc_pool,,,c1n[nH]c(CNCc2nnco2)n1,1,CN(Cc1nnco1)Cc1ncnn1C,matched_to_CHEMBL1301125,208.22500000000002,-0.16990000000000016,0,7,72.87,4,0,CHEMBL1301125,6.313633333333337,0.1038961038961039,,,,
ZINCf5000002s40n,COC(CCCCNC(=O)C(=O)O)OC,decoy,local_zinc_pool,,,,1,COC(CCCCNC(=O)C(=O)O)OC,matched_to_CHEMBL3315221,219.237,-0.02360000000000012,2,4,84.86,7,0,CHEMBL3315221,4.98522666666667,0.15517241379310345,,,,
ZINCf50000009K0A,C[C@@H](CN=[N+]=[N-])NC(=O)c1n[nH]c(O)n1,decoy,local_zinc_pool,,,c1nc[nH]n1,1,C[C@@H](CN=[N+]=[N-])NC(=O)c1n[nH]c(O)n1,matched_to_CHEMBL1323442,211.18500000000003,-0.06110000000000021,3,5,139.66000000000003,4,0,CHEMBL1323442,5.575986666666667,0.18421052631578946,,,,
ZINCf50000009Hhg,CSCc1noc(CNCCC(N)=O)n1,decoy,local_zinc_pool,,,c1ncon1,1,CSCc1noc(CNCCC(N)=O)n1,matched_to_CHEMBL3099777,230.29299999999998,-0.10239999999999994,2,6,94.04,7,0,CHEMBL3099777,7.90117666666667,0.14814814814814814,,,,
ZINCf50000009FT6,CS(=O)(=O)Cc1noc(C2(CN)CC2)n1,decoy,local_zinc_pool,,,c1noc(C2CC2)n1,1,CS(=O)(=O)Cc1noc(C2(CN)CC2)n1,matched_to_CHEMBL1490404,231.27699999999996,-0.39549999999999974,1,6,99.08,4,0,CHEMBL1490404,4.48189,0.10666666666666667,,,,
ZINCf50000017I9f,COC(=O)CS(=O)(=O)NCCCSC#N,decoy,local_zinc_pool,,,,1,COC(=O)CS(=O)(=O)NCCCSC#N,matched_to_CHEMBL1611170,252.31699999999998,-0.3168199999999999,1,6,96.25999999999999,7,0,CHEMBL1611170,6.650780000000003,0.18055555555555555,,,,
ZINCf50000009QK6,C[C@@H]1C[C@@H](NC[C@H](O)CF)CCS1(=O)=O,decoy,local_zinc_pool,,,O=S1(=O)CCCCC1,1,C[C@@H]1C[C@@H](NC[C@H](O)CF)CCS1(=O)=O,matched_to_CHEMBL1600146,239.31199999999993,-0.12790000000000035,2,4,66.4,4,0,CHEMBL1600146,1.8891500000000012,0.125,,,,
ZINCf5000000Ztou,CO[C@@H](C)CC(=O)OCc1nc(O)n[nH]1,decoy,local_zinc_pool,,,c1nc[nH]n1,1,CO[C@@H](C)CC(=O)OCc1nc(O)n[nH]1,matched_to_CHEMBL1468368,215.209,-0.021500000000000186,2,6,97.33000000000001,5,0,CHEMBL1468368,4.444173333333334,0.18055555555555555,,,,
ZINCf500000181oW,N#CCCCCS(=O)(=O)N[C@@H]1C[C@H]1CO,decoy,local_zinc_pool,,,C1CC1,1,N#CCCCCS(=O)(=O)N[C@@H]1C[C@H]1CO,matched_to_CHEMBL3315213,232.305,-0.01951999999999987,2,4,90.19,7,0,CHEMBL3315213,5.536263333333337,0.10526315789473684,,,,
ZINCf5000001vdUv,COC(C)CS(=O)(=O)NCC(C)(C)CN,decoy,local_zinc_pool,,,,1,COC(C)CS(=O)(=O)NCC(C)(C)CN,matched_to_CHEMBL3315202,238.35299999999998,-0.07439999999999858,2,4,81.42,7,0,CHEMBL3315202,4.914333333333337,0.1111111111111111,,,,
ZINCf5000001ZOkt,CC1(CO)COCCN(S(=O)(=O)CBr)C1,decoy,local_zinc_pool,,,C1CNCCOC1,1,CC1(CO)COCCN(S(=O)(=O)CBr)C1,matched_to_CHEMBL1546134,302.19000000000005,-0.0005999999999997119,1,4,66.84,3,0,CHEMBL1546134,3.4515400000000014,0.10256410256410256,,,,
ZINCf5000000S7uO,O=C(O)CN(CC(=O)O)Cc1csnn1,decoy,local_zinc_pool,,,c1csnn1,1,O=C(O)CN(CC(=O)O)Cc1csnn1,matched_to_CHEMBL3315209,231.233,-0.49070000000000014,2,6,103.62,6,0,CHEMBL3315209,5.848433333333337,0.14516129032258066,,,,
ZINCf5000001DljD,CCCCS(=O)(=O)NCC(O)CC(=O)O,decoy,local_zinc_pool,,,,1,CCCCS(=O)(=O)NCC(O)CC(=O)O,matched_to_CHEMBL1538066,239.29299999999998,-0.4584999999999993,3,4,103.7,8,0,CHEMBL1538066,6.943170000000004,0.13114754098360656,,,,
ZINCf50000009psD,COC(=O)CCN(C)CCn1cncn1,decoy,local_zinc_pool,,,c1nc[nH]n1,1,COC(=O)CCN(C)CCn1cncn1,matched_to_CHEMBL2431121,212.25300000000001,-0.2270000000000001,0,6,60.25,6,0,CHEMBL2431121,6.1196733333333375,0.17567567567567569,,,,
ZINCf50000009Bj2,CON(CCO)S(=O)(=O)CCCCC#N,decoy,local_zinc_pool,,,,1,CON(CCO)S(=O)(=O)CCCCC#N,matched_to_CHEMBL1597454,236.29299999999992,-0.13422000000000045,1,5,90.63,8,0,CHEMBL1597454,7.578416666666673,0.12162162162162163,,,,
ZINCf50000009ve7,COCCOC(=O)CCc1nncn1C,decoy,local_zinc_pool,,,c1nnc[nH]1,1,COCCOC(=O)CCc1nncn1C,matched_to_CHEMBL1446377,213.237,-0.06270000000000042,0,6,66.24000000000001,6,0,CHEMBL1446377,5.839563333333338,0.16923076923076924,,,,
ZINCf50000017yYv,CCS(=O)(=O)CC(=O)OCC(=O)C(C)=O,decoy,local_zinc_pool,,,,1,CCS(=O)(=O)CC(=O)OCC(=O)C(C)=O,matched_to_CHEMBL1547420,236.24499999999995,-0.8775999999999997,0,6,94.57999999999998,6,0,CHEMBL1547420,6.962326666666669,0.19642857142857142,,,,
ZINCf50000028Lsb,CC[C@@H](O)C(=O)OC[C@@H]1CCS(=O)(=O)C1,decoy,local_zinc_pool,,,O=S1(=O)CCCC1,1,CC[C@@H](O)C(=O)OC[C@@H]1CCS(=O)(=O)C1,matched_to_CHEMBL1312502,236.28899999999996,-0.2647999999999999,1,5,80.67,4,0,CHEMBL1312502,5.644783333333338,0.16129032258064516,,,,
ZINCf5000000ay0y,O=c1n(Cc2nncs2)nnn1C1CC1,decoy,local_zinc_pool,,,O=c1n(Cc2nncs2)nnn1C1CC1,1,O=c1n(Cc2nncs2)nnn1C1CC1,matched_to_CHEMBL1328169,224.249,-0.32550000000000034,0,8,78.49000000000001,3,0,CHEMBL1328169,6.674993333333339,0.14084507042253522,,,,
ZINCf5000002ekH9,O=C(N1CCC[C@H](O)C1)C1(CF)COC1,decoy,local_zinc_pool,,,O=C(C1COC1)N1CCCCC1,1,O=C(N1CCC[C@H](O)C1)C1(CF)COC1,matched_to_CHEMBL1586252,217.23999999999992,-0.04420000000000024,1,3,49.77000000000001,2,0,CHEMBL1586252,4.520773333333335,0.10869565217391304,,,,
ZINCf5000002oHw2,NS(=O)(=O)CCC(=O)Nc1snnc1Br,decoy,local_zinc_pool,,,c1csnn1,1,NS(=O)(=O)CCC(=O)Nc1snnc1Br,matched_to_CHEMBL1594369,315.174,-0.08229999999999998,2,6,115.04,4,0,CHEMBL1594369,4.556120000000003,0.16901408450704225,,,,
ZINCf50000009skC,COC(C)(C)[C@H](N)C(=O)NS(=O)(=O)CI,decoy,local_zinc_pool,,,,1,COC(C)(C)[C@H](N)C(=O)NS(=O)(=O)CI,matched_to_CHEMBL2003819,350.178,-0.4227999999999996,2,5,98.48999999999998,5,0,CHEMBL2003819,4.5904300000000005,0.14516129032258066,,,,
ZINCf5000001MGxA,CC(C1CC1)N(C)S(=O)(=O)NC[C@@H](C)O,decoy,local_zinc_pool,,,C1CC1,1,CC(C1CC1)N(C)S(=O)(=O)NC[C@@H](C)O,matched_to_CHEMBL3315194,236.33700000000002,-0.0681,2,3,69.64,6,0,CHEMBL3315194,2.137633333333334,0.12903225806451613,,,,
ZINCf5000002eguM,O=C1CC[C@H]1CC(=O)N1CCS(=O)CC1,decoy,local_zinc_pool,,,O=C1CCC1CC(=O)N1CCS(=O)CC1,1,O=C1CC[C@H]1CC(=O)N1CCS(=O)CC1,matched_to_CHEMBL1550591,229.30099999999996,-0.05349999999999988,0,3,54.45,2,0,CHEMBL1550591,3.0244200000000014,0.12698412698412698,,,,
ZINCf50000026T15,COC[C@@H](C)N(C=O)Cc1cn(C)nn1,decoy,local_zinc_pool,,,c1c[nH]nn1,1,COC[C@@H](C)N(C=O)Cc1cn(C)nn1,matched_to_CHEMBL2431119,212.25300000000001,-0.1916,0,5,60.25,6,0,CHEMBL2431119,5.498863333333337,0.14814814814814814,,,,
ZINCf5000000aguA,NC(=O)CSC[C@H](O)COc1cnsn1,decoy,local_zinc_pool,,,c1cnsn1,1,NC(=O)CSC[C@H](O)COc1cnsn1,matched_to_CHEMBL1966869,249.317,-0.5037000000000007,2,7,98.33000000000001,7,0,CHEMBL1966869,5.933413333333338,0.13157894736842105,,,,
ZINCf5000000abhZ,Cn1cnc(NCCC[S@@](C)=O)cc1=O,decoy,local_zinc_pool,,,O=c1ccnc[nH]1,1,Cn1cnc(NCCC[S@@](C)=O)cc1=O,matched_to_CHEMBL1438069,229.30499999999998,-0.039200000000000346,1,5,63.99,5,0,CHEMBL1438069,4.634223333333336,0.15584415584415584,,,,
ZINCf5000002myLk,C[C@H](CNS(=O)(=O)CBr)NS(=O)(=O)CBr,decoy,local_zinc_pool,,,,1,C[C@H](CNS(=O)(=O)CBr)NS(=O)(=O)CBr,matched_to_CHEMBL3315223,388.10300000000007,-0.08149999999999963,2,4,92.34,7,0,CHEMBL3315223,3.634366666666669,0.10526315789473684,,,,
ZINCf50000020I7D,COC(C)CS(=O)(=O)N=S(C)(=O)N(C)C,decoy,local_zinc_pool,,,,1,COC(C)CS(=O)(=O)N=S(C)(=O)N(C)C,matched_to_CHEMBL1611686,258.365,-0.07449999999999957,0,4,76.04,5,0,CHEMBL1611686,5.426810000000003,0.13636363636363635,,,,
ZINCf50000009haG,CN1CCN(CC(=O)N=S(C)(C)=O)CC1,decoy,local_zinc_pool,,,C1CNCCN1,1,CN1CCN(CC(=O)N=S(C)(C)=O)CC1,matched_to_CHEMBL1595121,233.33699999999996,-0.5119999999999989,0,4,52.98,2,0,CHEMBL1595121,4.322966666666669,0.11666666666666667,,,,
ZINCf50000008E0K,C=C(Br)CNC(=O)[C@H]1OCCN(C)C1=O,decoy,local_zinc_pool,,,O=C1COCCN1,1,C=C(Br)CNC(=O)[C@H]1OCCN(C)C1=O,matched_to_CHEMBL1340713,277.118,-0.13160000000000038,1,3,58.64,3,0,CHEMBL1340713,2.9151700000000007,0.16666666666666666,,,,
ZINCf50000027vOR,Cc1onc(C(=O)NC[C@H](O)CN)c1I,decoy,local_zinc_pool,,,c1cnoc1,1,Cc1onc(C(=O)NC[C@H](O)CN)c1I,matched_to_CHEMBL1453900,325.106,-0.3629799999999998,3,5,101.38,4,0,CHEMBL1453900,4.322223333333334,0.16455696202531644,,,,
ZINCf5000002mv37,CCC[C@@H](O)CCN[C@H](C)CS(N)(=O)=O,decoy,local_zinc_pool,,,,1,CCC[C@@H](O)CCN[C@H](C)CS(N)(=O)=O,matched_to_CHEMBL3315204,238.35299999999998,-0.19589999999999852,3,4,92.41999999999999,8,0,CHEMBL3315204,5.737750000000003,0.12345679012345678,,,,
ZINCf5000000ZuJL,C[C@H](N)c1noc(CCn2ccnn2)n1,decoy,local_zinc_pool,,,c1cn(CCc2ncno2)nn1,1,C[C@H](N)c1noc(CCn2ccnn2)n1,matched_to_CHEMBL1461496,208.22500000000002,-0.07650000000000001,1,7,95.65,4,0,CHEMBL1461496,4.938136666666668,0.13924050632911392,,,,
ZINCf50000009cdR,CN(C)C(=O)c1nnc(CS(C)(=O)=O)o1,decoy,local_zinc_pool,,,c1nnco1,1,CN(C)C(=O)c1nnc(CS(C)(=O)=O)o1,matched_to_CHEMBL1387563,233.24899999999997,-0.6839999999999999,0,6,93.37,3,0,CHEMBL1387563,5.43497666666667,0.13043478260869565,,,,
ZINCf50000017Fcr,CN=C(N[C@H]1CCC(=O)N(C)C1)N(C)C,decoy,local_zinc_pool,,,O=C1CCCCN1,1,CN=C(N[C@H]1CCC(=O)N(C)C1)N(C)C,matched_to_CHEMBL1321527,212.29699999999997,-0.2557999999999987,1,2,47.940000000000005,1,0,CHEMBL1321527,2.1229533333333332,0.12903225806451613,,,,
ZINCf5000001810O,Cn1ncnc1CN1CCC=C[C@H]1CO,decoy,local_zinc_pool,,,C1=CCN(Cc2ncn[nH]2)CC1,1,Cn1ncnc1CN1CCC=C[C@H]1CO,matched_to_CHEMBL1385214,208.26500000000001,-0.06210000000000021,1,5,54.18000000000001,3,0,CHEMBL1385214,3.3579500000000015,0.12087912087912088,,,,
ZINCf50000008Dvr,C#C[C@H](C)N(C)C(=O)c1cn(C)c(O)n1,decoy,local_zinc_pool,,,c1c[nH]cn1,1,C#C[C@H](C)N(C)C(=O)c1cn(C)c(O)n1,matched_to_CHEMBL1369296,207.233,0.2194000000000001,1,4,58.36,2,0,CHEMBL1369296,3.0598000000000005,0.16901408450704225,,,,
ZINCf50000009fiV,CN(CCS(N)(=O)=O)Cc1nnsc1Cl,decoy,local_zinc_pool,,,c1csnn1,1,CN(CCS(N)(=O)=O)Cc1nnsc1Cl,matched_to_CHEMBL1995726,270.767,-0.0882,1,6,89.17999999999999,5,0,CHEMBL1995726,4.237226666666668,0.1388888888888889,,,,
ZINCf50000009jHs,CNC(=O)CNC(=O)N[C@@H]1CCS[C@H]1C,decoy,local_zinc_pool,,,C1CCSC1,1,CNC(=O)CNC(=O)N[C@@H]1CCS[C@H]1C,matched_to_CHEMBL1608453,231.321,-0.07439999999999958,3,3,70.23,3,0,CHEMBL1608453,3.7416400000000003,0.1348314606741573,,,,
ZINCf50000009ss4,COC(OC)C(=O)N(C)[C@H](C)C[S@@](C)=O,decoy,local_zinc_pool,,,,1,COC(OC)C(=O)N(C)[C@H](C)C[S@@](C)=O,matched_to_CHEMBL1586169,237.321,-0.16929999999999956,0,4,55.84,6,0,CHEMBL1586169,5.124483333333337,0.13333333333333333,,,,
ZINCf5000000ax0v,O=COCCOC(=O)CCc1nc[nH]n1,decoy,local_zinc_pool,,,c1nc[nH]n1,1,O=COCCOC(=O)CCc1nc[nH]n1,matched_to_CHEMBL1493442,213.19299999999998,-0.5465000000000007,1,6,94.17,7,0,CHEMBL1493442,8.358596666666672,0.20967741935483872,,,,
ZINCf5000001BP2c,COC(C)CS(=O)(=O)N1C[C@H]2COC[C@H]21,decoy,local_zinc_pool,,,C1NC2COCC12,1,COC(C)CS(=O)(=O)N1C[C@H]2COC[C@H]21,matched_to_CHEMBL1325640,235.30499999999998,-0.31829999999999936,0,4,55.84,4,0,CHEMBL1325640,2.4737466666666674,0.12121212121212122,,,,
ZINCf50000024kCv,[N-]=[N+]=NCCCCC(=O)NC[C@H](O)CO,decoy,local_zinc_pool,,,,1,[N-]=[N+]=NCCCCC(=O)NC[C@H](O)CO,matched_to_CHEMBL463811,216.24099999999999,-0.06360000000000016,3,4,118.32000000000002,8,0,CHEMBL463811,7.212386666666668,0.1076923076923077,,,,
ZINCf50000024OkN,CCS(=O)(=O)NCCNC(=O)C1(Cl)CC1,decoy,local_zinc_pool,,,C1CC1,1,CCS(=O)(=O)NCCNC(=O)C1(Cl)CC1,matched_to_CHEMBL294989,254.73899999999998,-0.1867000000000001,2,3,75.27000000000001,6,0,CHEMBL294989,3.808590000000002,0.14035087719298245,,,,
ZINCf50000008TDx,CCCCS(=O)(=O)NC(=O)CSCCN,decoy,local_zinc_pool,,,,1,CCCCS(=O)(=O)NC(=O)CSCCN,matched_to_CHEMBL462830,254.37699999999995,-0.07559999999999933,2,5,89.26,8,0,CHEMBL462830,6.938526666666671,0.14084507042253522,,,,
ZINCf5000001UoUg,CCOC(=O)CN(C)C(C)CS(C)(=O)=O,decoy,local_zinc_pool,,,,1,CCOC(=O)CN(C)C(C)CS(C)(=O)=O,matched_to_CHEMBL2431120,237.321,-0.08559999999999945,0,5,63.68,6,0,CHEMBL2431120,5.611253333333337,0.2,,,,
ZINCf50000009GTU,CSCC[C@H](NS(=O)(=O)N(C)C)C(=O)O,decoy,local_zinc_pool,,,,1,CSCC[C@H](NS(=O)(=O)N(C)C)C(=O)O,matched_to_CHEMBL3315193,256.349,-0.41129999999999917,2,4,86.71000000000001,7,0,CHEMBL3315193,4.946573333333336,0.1864406779661017,,,,
ZINCf50000017KTo,COCC[C@H](CO)NS(=O)(=O)CCSC,decoy,local_zinc_pool,,,,1,COCC[C@H](CO)NS(=O)(=O)CCSC,matched_to_CHEMBL3099769,257.37699999999995,-0.3337999999999992,2,5,75.63,9,0,CHEMBL3099769,7.398856666666672,0.11475409836065574,,,,
ZINCf5000000VZ8H,COC[C@@H](ONC(=O)CC(F)F)C(=O)O,decoy,local_zinc_pool,,,,1,COC[C@@H](ONC(=O)CC(F)F)C(=O)O,matched_to_CHEMBL3315203,227.16299999999998,-0.21100000000000013,2,4,84.86,7,0,CHEMBL3315203,5.0309000000000035,0.16666666666666666,,,,
ZINCf5000000apOt,O=C(Cn1cnnn1)OCc1cscn1,decoy,local_zinc_pool,,,O=C(Cn1cnnn1)OCc1cscn1,1,O=C(Cn1cnnn1)OCc1cscn1,matched_to_CHEMBL1301125,225.233,-0.12700000000000022,0,8,82.79,4,0,CHEMBL1301125,6.218153333333337,0.15942028985507245,,,,
ZINCf5000000atwE,O=C(O)CONC(=O)COCC1CCC1,decoy,local_zinc_pool,,,C1CCC1,1,O=C(O)CONC(=O)COCC1CCC1,matched_to_CHEMBL3315221,217.22099999999995,-0.06450000000000045,2,4,84.86,7,0,CHEMBL3315221,5.0326533333333385,0.15,,,,
ZINCf50000017BhD,CC[S@@](=N)(=O)NC(=O)CCCCC(N)=O,decoy,local_zinc_pool,,,,1,CC[S@@](=N)(=O)NC(=O)CCCCC(N)=O,matched_to_CHEMBL1323442,235.3089999999999,0.12996999999999959,3,4,113.11000000000001,7,0,CHEMBL1323442,5.269366666666669,0.15384615384615385,,,,
ZINCf50000009un8,COCCCONC(=O)CSCC(N)=O,decoy,local_zinc_pool,,,,1,COCCCONC(=O)CSCC(N)=O,matched_to_CHEMBL3099777,236.29299999999998,-0.7107999999999985,2,5,90.65,9,0,CHEMBL3099777,7.882376666666668,0.14705882352941177,,,,
ZINCf5000000ZrK7,CCc1nnnn1Cc1cc(CO)on1,decoy,local_zinc_pool,,,c1cc(Cn2cnnn2)no1,1,CCc1nnnn1Cc1cc(CO)on1,matched_to_CHEMBL1490404,209.209,-0.23590000000000017,1,7,89.86,4,0,CHEMBL1490404,4.464970000000001,0.13114754098360656,,,,
ZINCf50000017BqP,CC[S@](=O)CC(=O)OCC(=O)CCOC,decoy,local_zinc_pool,,,,1,CC[S@](=O)CC(=O)OCC(=O)CCOC,matched_to_CHEMBL1611170,236.28899999999993,-0.09620000000000006,0,5,69.67,8,0,CHEMBL1611170,6.727580000000002,0.16393442622950818,,,,
ZINCf5000002sh1a,CSCC1CN(C(=O)[C@H](O)C(C)(C)O)C1,decoy,local_zinc_pool,,,C1CNC1,1,CSCC1CN(C(=O)[C@H](O)C(C)(C)O)C1,matched_to_CHEMBL1600146,233.333,-0.060400000000000176,2,4,60.77000000000001,4,0,CHEMBL1600146,1.7323400000000004,0.13559322033898305,,,,
ZINCf5000002aSP9,CON=CC(=O)N[C@@H](C)c1nnc(O)o1,decoy,local_zinc_pool,,,c1nnco1,1,CON=CC(=O)N[C@@H](C)c1nnc(O)o1,matched_to_CHEMBL1468368,214.18099999999998,-0.41540000000000016,2,7,109.84,4,0,CHEMBL1468368,4.372653333333336,0.1891891891891892,,,,
ZINCf50000017yYU,CCS(=O)(=O)CCCNC(=O)C[C@@H](C)O,decoy,local_zinc_pool,,,,1,CCS(=O)(=O)CCCNC(=O)C[C@@H](C)O,matched_to_CHEMBL3315213,237.321,-0.3016999999999996,2,4,83.47,7,0,CHEMBL3315213,5.465423333333336,0.15,,,,
ZINCf5000002rinO,CC(C)OCCONC(=O)[C@@H](F)C(=O)O,decoy,local_zinc_pool,,,,1,CC(C)OCCONC(=O)[C@@H](F)C(=O)O,matched_to_CHEMBL3315202,223.2,-0.1181000000000006,2,4,84.86,7,0,CHEMBL3315202,5.008596666666671,0.1896551724137931,,,,
ZINCf50000009fSK,CN(Cc1ccc(O)nn1)[C@H]1CCOC1,decoy,local_zinc_pool,,,c1cnnc(CNC2CCOC2)c1,1,CN(Cc1ccc(O)nn1)[C@H]1CCOC1,matched_to_CHEMBL1546134,209.24899999999994,0.4029000000000001,1,5,58.480000000000004,3,0,CHEMBL1546134,3.3415500000000025,0.15492957746478872,,,,
ZINCf5000000ajo9,NCCOCCCNC(=O)c1csnn1,decoy,local_zinc_pool,,,c1csnn1,1,NCCOCCCNC(=O)c1csnn1,matched_to_CHEMBL3315209,230.293,-0.36669999999999997,2,6,90.13,7,0,CHEMBL3315209,5.635566666666669,0.17721518987341772,,,,
ZINCf500000091HZ,CCOCCOC[C@@H](O)CNC[C@H](C)O,decoy,local_zinc_pool,,,,1,CCOCCOC[C@@H](O)CNC[C@H](C)O,matched_to_CHEMBL1538066,221.297,-0.6291999999999986,3,5,70.95,10,0,CHEMBL1538066,7.046930000000004,0.11764705882352941,,,,
ZINCf500000097Bo,CC[C@H](COC(=O)Cn1ncnn1)OC,decoy,local_zinc_pool,,,c1nn[nH]n1,1,CC[C@H](COC(=O)Cn1ncnn1)OC,matched_to_CHEMBL2431121,214.225,-0.35870000000000024,0,7,79.13000000000001,6,0,CHEMBL2431121,6.442953333333338,0.14864864864864866,,,,
ZINCf5000002seH7,COC(=O)[C@H](C)SCCS(=O)(=O)CCO,decoy,local_zinc_pool,,,,1,COC(=O)[C@H](C)SCCS(=O)(=O)CCO,matched_to_CHEMBL1597454,256.3449999999999,-0.3118,1,6,80.67,7,0,CHEMBL1597454,7.894683333333338,0.16666666666666666,,,,
ZINCf5000000Ybjp,CON(C)[C@H](C)C(=O)OCCS(C)(=O)=O,decoy,local_zinc_pool,,,,1,CON(C)[C@H](C)C(=O)OCCS(C)(=O)=O,matched_to_CHEMBL1446377,239.29299999999995,-0.5440999999999994,0,6,72.91,6,0,CHEMBL1446377,6.1667366666666705,0.15,,,,
ZINCf5000001x8Bp,COC(=O)CCOCCNS(=O)(=O)OC,decoy,local_zinc_pool,,,,1,COC(=O)CCOCCNS(=O)(=O)OC,matched_to_CHEMBL1547420,241.26500000000001,-0.953099999999999,1,6,90.92999999999999,8,0,CHEMBL1547420,7.108460000000002,0.14285714285714285,,,,
ZINCf5000002ryf5,C[C@@H](CS(N)(=O)=O)OC(=O)[C@@H]1CCSC1,decoy,local_zinc_pool,,,C1CCSC1,1,C[C@@H](CS(N)(=O)=O)OC(=O)[C@@H]1CCSC1,matched_to_CHEMBL1312502,253.34499999999997,-0.0403,1,5,86.46000000000001,4,0,CHEMBL1312502,5.556156666666671,0.14084507042253522,,,,
ZINCf5000000Zu2n,C[C@@H](NCCn1cnnn1)c1nncs1,decoy,local_zinc_pool,,,c1nnc(CNCCn2cnnn2)s1,1,C[C@@H](NCCn1cnnn1)c1nncs1,matched_to_CHEMBL1328169,225.28100000000003,-0.12460000000000004,1,8,81.41000000000001,5,0,CHEMBL1328169,6.647540000000006,0.1232876712328767,,,,
ZINCf5000001Zk35,O=C(C(F)C1CCOCC1)N1CC(O)C1,decoy,local_zinc_pool,,,O=C(CC1CCOCC1)N1CCC1,1,O=C(C(F)C1CCOCC1)N1CC(O)C1,matched_to_CHEMBL1586252,217.23999999999995,-0.04580000000000001,1,3,49.769999999999996,2,0,CHEMBL1586252,4.521840000000002,0.12162162162162163,,,,
ZINCf50000009Wf8,C[C@H](CO)NS(=O)(=O)c1ncc(Br)n1C,decoy,local_zinc_pool,,,c1c[nH]cn1,1,C[C@H](CO)NS(=O)(=O)c1ncc(Br)n1C,matched_to_CHEMBL1594369,298.16200000000003,-0.15829999999999989,2,5,84.22,4,0,CHEMBL1594369,4.709706666666669,0.18518518518518517,,,,
ZINCf50000026Kk6,CN(C)CCSCc1nnc(O)nc1O,decoy,local_zinc_pool,,,c1cnncn1,1,CN(C)CCSCc1nnc(O)nc1O,matched_to_CHEMBL2003819,230.29300000000003,0.07759999999999978,2,7,82.37,5,0,CHEMBL2003819,4.812480000000001,0.11428571428571428,,,,
ZINCf5000000avdr,O=C1CC[C@H](CNS(=O)(=O)CCCCl)N1,decoy,local_zinc_pool,,,O=C1CCCN1,1,O=C1CC[C@H](CNS(=O)(=O)CCCCl)N1,matched_to_CHEMBL3315194,254.73899999999998,-0.18670000000000003,2,3,75.27,6,0,CHEMBL3315194,2.122680000000001,0.13846153846153847,,,,
ZINCf50000009t7w,COCC#CCN1C(=O)CCN(C)C1=O,decoy,local_zinc_pool,,,O=C1CCNC(=O)N1,1,COCC#CCN1C(=O)CCN(C)C1=O,matched_to_CHEMBL1550591,210.23299999999998,-0.0797000000000001,0,3,49.85,2,0,CHEMBL1550591,3.0677666666666688,0.12,,,,
ZINCf5000000SLBM,COCCN(CCC#N)c1nnnn1C,decoy,local_zinc_pool,,,c1nnn[nH]1,1,COCCN(CCC#N)c1nnnn1C,matched_to_CHEMBL2431119,210.241,-0.42342000000000035,0,7,79.86000000000001,6,0,CHEMBL2431119,5.457930000000004,0.11538461538461539,,,,
ZINCf5000000axTO,O=[N+]([O-])c1nc(Br)n(CCOCCO)n1,decoy,local_zinc_pool,,,c1nc[nH]n1,1,O=[N+]([O-])c1nc(Br)n(CCOCCO)n1,matched_to_CHEMBL1966869,281.0659999999999,-0.04230000000000006,1,7,103.31,6,0,CHEMBL1966869,5.007523333333338,0.19718309859154928,,,,
ZINCf5000000YaXu,CC[C@H](C(=O)O[C@H]1CNOC1)N(C)OC,decoy,local_zinc_pool,,,C1CNOC1,1,CC[C@H](C(=O)O[C@H]1CNOC1)N(C)OC,matched_to_CHEMBL1438069,218.25299999999996,-0.2951999999999997,1,6,60.03,5,0,CHEMBL1438069,4.573810000000003,0.13432835820895522,,,,
ZINCf50000008NGb,CC(C)N(CCN)C(=O)CSCC(=O)O,decoy,local_zinc_pool,,,,1,CC(C)N(CCN)C(=O)CSCC(=O)O,matched_to_CHEMBL3315223,234.321,-9.999999999960041e-05,2,4,83.63,7,0,CHEMBL3315223,4.816720000000003,0.13114754098360656,,,,
ZINCf5000002rPt9,CC[S@](C)(=O)=NS(=O)(=O)N1CC(OC)C1,decoy,local_zinc_pool,,,C1CNC1,1,CC[S@](C)(=O)=NS(=O)(=O)N1CC(OC)C1,matched_to_CHEMBL1611686,256.349,-0.32049999999999956,0,4,76.04,4,0,CHEMBL1611686,5.110970000000004,0.1111111111111111,,,,
ZINCf50000017JaY,COC(=O)[C@]1(C)CCN1C(=O)[C@@H]1CCO1,decoy,local_zinc_pool,,,O=C(C1CCO1)N1CCC1,1,COC(=O)[C@]1(C)CCN1C(=O)[C@@H]1CCO1,matched_to_CHEMBL1595121,213.23299999999998,-0.06070000000000042,0,4,55.84,2,0,CHEMBL1595121,4.337540000000002,0.1643835616438356,,,,
ZINCf5000002mENp,O=C1NC[C@H]2CCCN(S(=O)(=O)CI)[C@@H]12,decoy,local_zinc_pool,,,O=C1NCC2CCCNC12,1,O=C1NC[C@H]2CCCN(S(=O)(=O)CI)[C@@H]12,matched_to_CHEMBL1340713,344.174,-0.08089999999999997,1,3,66.48,2,0,CHEMBL1340713,3.024410000000001,0.11764705882352941,,,,
ZINCf500000189k2,O=C(NCc1csc(O)n1)[C@@H](O)C(F)F,decoy,local_zinc_pool,,,c1cscn1,1,O=C(NCc1csc(O)n1)[C@@H](O)C(F)F,matched_to_CHEMBL1453900,238.215,0.0908999999999997,3,5,82.45,4,0,CHEMBL1453900,4.131346666666668,0.15873015873015872,,,,
ZINCf5000002rPch,CCSC[C@H](N)C(=O)NOCC[C@@H](C)O,decoy,local_zinc_pool,,,,1,CCSC[C@H](N)C(=O)NOCC[C@@H](C)O,matched_to_CHEMBL3315204,236.337,-0.11449999999999932,3,5,84.58000000000001,8,0,CHEMBL3315204,5.517243333333336,0.14285714285714285,,,,
ZINCf5000000acNr,Cn1nncc1CSc1nnc(O)n1C,decoy,local_zinc_pool,,,c1nnc(SCc2cnn[nH]2)[nH]1,1,Cn1nncc1CSc1nnc(O)n1C,matched_to_CHEMBL1461496,226.265,-0.058500000000000274,1,8,81.65,3,0,CHEMBL1461496,4.560936666666668,0.12658227848101267,,,,
ZINCf50000017I7M,COC(=O)CS(=O)(=O)Cc1nnc(C)o1,decoy,local_zinc_pool,,,c1nnco1,1,COC(=O)CS(=O)(=O)Cc1nnc(C)o1,matched_to_CHEMBL1387563,234.23299999999998,-0.5341799999999999,0,7,99.36000000000001,4,0,CHEMBL1387563,5.4392566666666715,0.15789473684210525,,,,
ZINCf50000009W9D,C[C@H](CO)/N=C1\\N(C)C[C@H]2CCCCN12,decoy,local_zinc_pool,,,N=C1NCC2CCCCN12,1,C[C@H](CO)/N=C1\N(C)C[C@H]2CCCCN12,matched_to_CHEMBL1321527,211.30899999999994,0.5230999999999997,1,2,39.07000000000001,2,0,CHEMBL1321527,2.0803666666666674,0.1267605633802817,,,,
ZINCf5000000WBoh,Cn1cc(NCC2(F)COC2)ncc1=O,decoy,local_zinc_pool,,,O=c1cnc(NCC2COC2)c[nH]1,1,Cn1cc(NCC2(F)COC2)ncc1=O,matched_to_CHEMBL1385214,213.212,-0.06930000000000014,1,5,56.15,3,0,CHEMBL1385214,3.3360800000000017,0.1518987341772152,,,,
ZINCf5000002dQyW,C[C@H](O)C(=O)N(C)C1COC(C)(C)OC1,decoy,local_zinc_pool,,,C1COCOC1,1,C[C@H](O)C(=O)N(C)C1COC(C)(C)OC1,matched_to_CHEMBL1369296,217.26499999999996,-0.022900000000000365,1,4,59.0,2,0,CHEMBL1369296,3.104213333333335,0.12280701754385964,,,,
ZINCf5000000ax9n,O=S(=O)(CCO)CCSc1cccnn1,decoy,local_zinc_pool,,,c1ccnnc1,1,O=S(=O)(CCO)CCSc1cccnn1,matched_to_CHEMBL1995726,248.329,-0.024199999999999777,1,6,80.15,6,0,CHEMBL1995726,4.169740000000002,0.16049382716049382,,,,
ZINCf50000008RVJ,CC1CC(NC[C@]2(C)NC(=O)NC2=O)C1,decoy,local_zinc_pool,,,O=C1NC(=O)C(CNC2CCC2)N1,1,CC1CC(NC[C@]2(C)NC(=O)NC2=O)C1,matched_to_CHEMBL1608453,211.265,-0.027399999999999758,3,3,70.22999999999999,3,0,CHEMBL1608453,3.910866666666668,0.15517241379310345,,,,
ZINCf50000017Dqt,CN(CCS(C)(=O)=O)CC1[C@H]2COC[C@H]12,decoy,local_zinc_pool,,,C1OCC2CC12,1,CN(CCS(C)(=O)=O)CC1[C@H]2COC[C@H]12,matched_to_CHEMBL1586169,233.33299999999997,-0.14479999999999915,0,4,46.61,5,0,CHEMBL1586169,5.278830000000003,0.09722222222222222,,,,
ZINCf50000017Kqj,COCCN(CCO)c1nnc(C#N)s1,decoy,local_zinc_pool,,,c1nncs1,1,COCCN(CCO)c1nnc(C#N)s1,matched_to_CHEMBL1493442,228.27700000000002,-0.14511999999999964,1,7,82.27000000000001,6,0,CHEMBL1493442,8.416170000000005,0.12987012987012986,,,,
ZINCf5000000ap5J,O=C(COC[C@@H]1CCCO1)N1CCOC1,decoy,local_zinc_pool,,,O=C(COCC1CCCO1)N1CCOC1,1,O=C(COC[C@@H]1CCCO1)N1CCOC1,matched_to_CHEMBL1325640,215.24899999999997,-0.0016999999999998128,0,4,48.0,4,0,CHEMBL1325640,2.414440000000001,0.20930232558139536,,,,
ZINCf5000000adyO,N#CCCC[C@@H](N)C(=O)NCCCCN,decoy,local_zinc_pool,,,,1,N#CCCC[C@@H](N)C(=O)NCCCCN,matched_to_CHEMBL463811,212.29699999999994,-0.1373199999999989,3,4,104.92999999999999,8,0,CHEMBL463811,7.836573333333336,0.10666666666666667,,,,
ZINCf50000008UNu,CCCS(=O)(=O)NCC[C@H]1CNC(=O)C1,decoy,local_zinc_pool,,,O=C1CCCN1,1,CCCS(=O)(=O)NCC[C@H]1CNC(=O)C1,matched_to_CHEMBL294989,234.32099999999994,-0.15799999999999942,2,3,75.27000000000001,6,0,CHEMBL294989,3.993636666666669,0.13559322033898305,,,,
ZINCf50000008FGW,C=CCCS(=O)(=O)NC(=O)CSCCN,decoy,local_zinc_pool,,,,1,C=CCCS(=O)(=O)NC(=O)CSCCN,matched_to_CHEMBL462830,252.36099999999993,-0.29959999999999914,2,5,89.26,8,0,CHEMBL462830,7.108020000000004,0.10810810810810811,,,,
ZINCf50000017NGr,CO[C@@H]1COC[C@H]1OC(=O)COCCF,decoy,local_zinc_pool,,,C1CCOC1,1,CO[C@@H]1COC[C@H]1OC(=O)COCCF,matched_to_CHEMBL2431120,222.21199999999993,-0.07050000000000023,0,5,53.99000000000001,6,0,CHEMBL2431120,5.841476666666672,0.13953488372093023,,,,
ZINCf50000008Vk8,CCC[C@H](C)NC(=O)CS(=O)(=O)CCO,decoy,local_zinc_pool,,,,1,CCC[C@H](C)NC(=O)CS(=O)(=O)CCO,matched_to_CHEMBL3315193,237.32099999999997,-0.3016999999999996,2,4,83.47,7,0,CHEMBL3315193,4.994186666666669,0.16666666666666666,,,,
ZINCf5000000axSu,O=[N+]([O-])CCN[C@H](CO)Cc1cncs1,decoy,local_zinc_pool,,,c1cscn1,1,O=[N+]([O-])CCN[C@H](CO)Cc1cncs1,matched_to_CHEMBL3099769,231.27700000000002,-0.08720000000000039,2,6,88.29,7,0,CHEMBL3099769,7.489056666666672,0.16216216216216217,,,,
ZINCf50000017phT,C=CC[C@@H](CN)C(=O)NS(=O)(=O)CCC,decoy,local_zinc_pool,,,,1,C=CC[C@@H](CN)C(=O)NS(=O)(=O)CCC,matched_to_CHEMBL3315203,234.32099999999997,-0.006599999999999495,2,4,89.25999999999999,7,0,CHEMBL3315203,4.999053333333337,0.12162162162162163,,,,
ZINCf5000002ovih,Cc1nc(CS(=O)(=O)CCC#N)nn1C,decoy,local_zinc_pool,,,c1nc[nH]n1,1,Cc1nc(CS(=O)(=O)CCC#N)nn1C,matched_to_CHEMBL1301125,228.27699999999996,-0.04800000000000004,0,6,88.63999999999999,4,0,CHEMBL1301125,6.362646666666671,0.13793103448275862,,,,
ZINCf50000009BKg,CONC(=O)CNS(=O)(=O)CC=C(Cl)Cl,decoy,local_zinc_pool,,,,1,CONC(=O)CNS(=O)(=O)CC=C(Cl)Cl,matched_to_CHEMBL3315221,277.129,-0.09759999999999963,2,4,84.5,6,0,CHEMBL3315221,4.941240000000003,0.13432835820895522,,,,
ZINCf5000002rwmk,C[C@@H](CN=[N+]=[N-])NC(=O)CC[C@@H](N)CN,decoy,local_zinc_pool,,,,1,C[C@@H](CN=[N+]=[N-])NC(=O)CC[C@@H](N)CN,matched_to_CHEMBL1323442,214.27299999999997,-0.1323999999999984,3,4,129.9,7,0,CHEMBL1323442,4.983040000000001,0.171875,,,,
ZINCf5000002s57x,COCC[C@@H](N)CNS(=O)(=O)CCCCl,decoy,local_zinc_pool,,,,1,COCC[C@@H](N)CNS(=O)(=O)CCCCl,matched_to_CHEMBL3099777,258.77099999999996,-0.10149999999999859,2,4,81.41999999999999,9,0,CHEMBL3099777,8.120596666666671,0.11235955056179775,,,,
ZINCf5000000ZtEu,CS(=O)(=O)C1(CSc2nncn2N)CC1,decoy,local_zinc_pool,,,c1nnc(SCC2CC2)[nH]1,1,CS(=O)(=O)C1(CSc2nncn2N)CC1,matched_to_CHEMBL1490404,248.333,-0.33880000000000043,1,7,90.86999999999999,4,0,CHEMBL1490404,4.101930000000001,0.13559322033898305,,,,
ZINCf5000002s8S2,COCCOCCS(=O)(=O)N(C)CC#N,decoy,local_zinc_pool,,,,1,COCCOCCS(=O)(=O)N(C)CC#N,matched_to_CHEMBL1611170,236.29299999999998,-0.5654199999999987,0,5,79.63,8,0,CHEMBL1611170,6.641953333333335,0.10810810810810811,,,,
ZINCf5000002dnrp,C=CC1(O)CN(C(=O)[C@@H](O)[C@H](C)SC)C1,decoy,local_zinc_pool,,,C1CNC1,1,C=CC1(O)CN(C(=O)[C@@H](O)[C@H](C)SC)C1,matched_to_CHEMBL1600146,231.317,-0.14189999999999992,2,4,60.769999999999996,4,0,CHEMBL1600146,1.8068333333333342,0.13333333333333333,,,,
ZINCf50000024W6j,CSc1snnc1C(=O)NOCC(N)=O,decoy,local_zinc_pool,,,c1csnn1,1,CSc1snnc1C(=O)NOCC(N)=O,matched_to_CHEMBL1468368,248.289,-0.5933000000000004,2,7,107.19999999999999,5,0,CHEMBL1468368,3.599773333333336,0.2033898305084746,,,,
ZINCf50000017vGK,CCCN(C)S(=O)(=O)NCC[S@](C)(=N)=O,decoy,local_zinc_pool,,,,1,CCCN(C)S(=O)(=O)NCC[S@](C)(=N)=O,matched_to_CHEMBL3315213,257.381,-0.16082999999999886,2,4,90.33000000000001,7,0,CHEMBL3315213,5.385310000000003,0.11764705882352941,,,,
ZINCf50000009GYy,CSC[C@@H](C)NC(=O)CCCS(N)(=O)=O,decoy,local_zinc_pool,,,,1,CSC[C@@H](C)NC(=O)CCCS(N)(=O)=O,matched_to_CHEMBL3315202,254.37699999999995,-0.07719999999999916,2,4,89.25999999999999,7,0,CHEMBL3315202,4.845560000000003,0.16393442622950818,,,,
ZINCf5000000VnzW,O=C(O)[C@H]1CN=C(CN2CCSCC2)O1,decoy,local_zinc_pool,,,C1COC(CN2CCSCC2)=N1,1,O=C(O)[C@H]1CN=C(CN2CCSCC2)O1,matched_to_CHEMBL1546134,230.289,-0.08289999999999975,1,5,62.129999999999995,3,0,CHEMBL1546134,3.537016666666668,0.12903225806451613,,,,
ZINCf5000000ajrV,NCCOCCc1nc(C2(N)CC2)no1,decoy,local_zinc_pool,,,c1nc(C2CC2)no1,1,NCCOCCc1nc(C2(N)CC2)no1,matched_to_CHEMBL3315209,212.25299999999996,-0.46479999999999966,2,6,100.19,6,0,CHEMBL3315209,5.978966666666669,0.11864406779661017,,,,
ZINCf50000017Bnz,CC[S@](=N)(=O)NC(=O)CCCCC(N)=O,decoy,local_zinc_pool,,,,1,CC[S@](=N)(=O)NC(=O)CCCCC(N)=O,matched_to_CHEMBL1538066,235.3089999999999,0.12996999999999959,3,4,113.11000000000001,7,0,CHEMBL1538066,6.714296666666671,0.15384615384615385,,,,
ZINCf500000090za,CCOC(=O)CN(C)CCn1cnnc1,decoy,local_zinc_pool,,,c1nnc[nH]1,1,CCOC(=O)CN(C)CCn1cnnc1,matched_to_CHEMBL2431121,212.25300000000001,-0.2270000000000001,0,6,60.25,6,0,CHEMBL2431121,6.1196733333333375,0.21311475409836064,,,,
ZINCf5000000alxC,NS(=O)(=O)CCCSCCn1ccnn1,decoy,local_zinc_pool,,,c1c[nH]nn1,1,NS(=O)(=O)CCCSCCn1ccnn1,matched_to_CHEMBL1597454,250.349,-0.31010000000000026,1,6,90.87,7,0,CHEMBL1597454,7.545510000000004,0.10588235294117647,,,,
ZINCf50000009JcO,C[C@@H](CCOC(=O)CS(C)(=O)=O)N(C)C,decoy,local_zinc_pool,,,,1,C[C@@H](CCOC(=O)CS(C)(=O)=O)N(C)C,matched_to_CHEMBL1446377,237.32099999999997,-0.08559999999999945,0,5,63.68000000000001,6,0,CHEMBL1446377,6.011590000000004,0.15,,,,
ZINCf5000000YbHM,NC(=O)CSCCOC(=O)c1csnn1,decoy,local_zinc_pool,,,c1csnn1,1,NC(=O)CSCCOC(=O)c1csnn1,matched_to_CHEMBL1547420,247.30100000000002,-0.08660000000000001,1,7,95.17000000000002,6,0,CHEMBL1547420,6.800833333333335,0.16666666666666666,,,,
ZINCf5000002quEl,Cc1cc(S(=O)(=O)N(C)C[C@@H](C)O)on1,decoy,local_zinc_pool,,,c1cnoc1,1,Cc1cc(S(=O)(=O)N(C)C[C@@H](C)O)on1,matched_to_CHEMBL1312502,234.277,-0.015680000000000083,1,5,83.64,4,0,CHEMBL1312502,5.617623333333337,0.15853658536585366,,,,
ZINCf50000017Bll,CC[S@@](=O)CC(=O)OCc1cnn(C)n1,decoy,local_zinc_pool,,,c1cn[nH]n1,1,CC[S@@](=O)CC(=O)OCc1cnn(C)n1,matched_to_CHEMBL1328169,231.277,-0.3731000000000002,0,6,74.08000000000001,5,0,CHEMBL1328169,6.737646666666672,0.16666666666666666,,,,
ZINCf5000002mDne,CS[C@@H](C)C(=O)N1C[C@@H]2CNC(=O)[C@@H]2C1,decoy,local_zinc_pool,,,O=C1NCC2CNCC12,1,CS[C@@H](C)C(=O)N1C[C@@H]2CNC(=O)[C@@H]2C1,matched_to_CHEMBL1586252,228.31699999999998,-0.05769999999999981,1,3,49.410000000000004,2,0,CHEMBL1586252,4.404603333333334,0.14516129032258066,,,,
ZINCf5000000VlZT,CO[C@H](C=Nn1c(O)nnc1O)C(C)C,decoy,local_zinc_pool,,,c1nnc[nH]1,1,CO[C@H](C=Nn1c(O)nnc1O)C(C)C,matched_to_CHEMBL1594369,214.225,0.19419999999999982,2,7,92.76,4,0,CHEMBL1594369,3.9900766666666687,0.12,,,,
ZINCf5000000ZsXj,COC(=O)[C@@H](O)CCNCc1csnn1,decoy,local_zinc_pool,,,c1csnn1,1,COC(=O)[C@@H](O)CCNCc1csnn1,matched_to_CHEMBL2003819,231.27700000000002,-0.44830000000000036,2,7,84.34,6,0,CHEMBL2003819,4.574440000000001,0.1780821917808219,,,,
ZINCf5000002ry6P,C[C@H](C[S@@](C)=O)C(=O)NCCC1(N)CC1,decoy,local_zinc_pool,,,C1CC1,1,C[C@H](C[S@@](C)=O)C(=O)NCCC1(N)CC1,matched_to_CHEMBL3315194,232.34899999999993,-0.0013999999999993462,2,3,72.19,6,0,CHEMBL3315194,2.099846666666667,0.12307692307692308,,,,
ZINCf5000001uvHC,O=S(=O)(N1CCOCC1)N1CCC2CC21,decoy,local_zinc_pool,,,O=S(=O)(N1CCOCC1)N1CCC2CC21,1,O=S(=O)(N1CCOCC1)N1CCC2CC21,matched_to_CHEMBL1550591,232.30499999999995,-0.34240000000000004,0,3,49.85,2,0,CHEMBL1550591,3.0221800000000028,0.10606060606060606,,,,
ZINCf50000009wRb,COC[C@@H](C)N(C)CCc1nnnn1C,decoy,local_zinc_pool,,,c1nnn[nH]1,1,COC[C@@H](C)N(C)CCc1nnnn1C,matched_to_CHEMBL2431119,213.28500000000003,-0.28069999999999906,0,6,56.07,6,0,CHEMBL2431119,5.191143333333336,0.11235955056179775,,,,
ZINCf50000017LIJ,COC[C@H](C)C(=O)OCCCS(N)(=O)=O,decoy,local_zinc_pool,,,,1,COC[C@H](C)C(=O)OCCCS(N)(=O)=O,matched_to_CHEMBL1966869,239.29299999999995,-0.5092999999999981,1,5,95.69,7,0,CHEMBL1966869,5.9453866666666695,0.15,,,,
ZINCf50000009CYt,CO[C@@H](Sc1nnc(CO)n1C)C(C)=O,decoy,local_zinc_pool,,,c1nnc[nH]1,1,CO[C@@H](Sc1nnc(CO)n1C)C(C)=O,matched_to_CHEMBL1438069,231.277,-0.039000000000000146,1,7,77.24000000000001,5,0,CHEMBL1438069,4.134770000000001,0.16883116883116883,,,,
ZINCf50000009kHx,CNC(=O)[C@@H](C)S(=O)(=O)CCCCCO,decoy,local_zinc_pool,,,,1,CNC(=O)[C@@H](C)S(=O)(=O)CCCCCO,matched_to_CHEMBL3315223,237.3209999999999,-0.30170000000000047,2,4,83.47,7,0,CHEMBL3315223,4.994186666666671,0.14102564102564102,,,,
ZINCf5000002dZM2,CN(C[C@@H]1CCO1)S(=O)(=O)N=S(C)(C)=O,decoy,local_zinc_pool,,,C1COC1,1,CN(C[C@@H]1CCO1)S(=O)(=O)N=S(C)(C)=O,matched_to_CHEMBL1611686,256.349,-0.32049999999999956,0,4,76.03999999999999,4,0,CHEMBL1611686,5.110970000000004,0.14285714285714285,,,,
ZINCf5000002efsF,N#CN=CN1CCN([C@H]2CCOC2)CC1,decoy,local_zinc_pool,,,C1CN(C2CCOC2)CCN1,1,N#CN=CN1CCN([C@H]2CCOC2)CC1,matched_to_CHEMBL1595121,208.26499999999993,-0.09772000000000025,0,4,51.86,2,0,CHEMBL1595121,4.252700000000003,0.10526315789473684,,,,
ZINCf5000002e0Jb,CN([C@@H]1COC[C@H]1O)[S@@](=O)CC(F)(F)F,decoy,local_zinc_pool,,,C1CCOC1,1,CN([C@@H]1COC[C@H]1O)[S@@](=O)CC(F)(F)F,matched_to_CHEMBL1340713,247.23799999999994,-0.09610000000000046,1,3,49.77,3,0,CHEMBL1340713,2.8355033333333353,0.09090909090909091,,,,
ZINCf5000002oIer,O=C(NCc1nc(Br)n[nH]1)[C@@H]1CSCN1,decoy,local_zinc_pool,,,O=C(NCc1ncn[nH]1)C1CSCN1,1,O=C(NCc1nc(Br)n[nH]1)[C@@H]1CSCN1,matched_to_CHEMBL1453900,292.16200000000003,-0.15410000000000074,3,5,82.7,3,0,CHEMBL1453900,4.2652100000000015,0.13846153846153847,,,,
ZINCf50000009Zzc,C[C@H](O)CCONC(=N)CCS(C)(=O)=O,decoy,local_zinc_pool,,,,1,C[C@H](O)CCONC(=N)CCS(C)(=O)=O,matched_to_CHEMBL3315204,238.30899999999997,-0.3095300000000003,3,5,99.47999999999999,7,0,CHEMBL3315204,5.789943333333337,0.125,,,,
ZINCf5000000apNQ,O=C(Cn1cnnn1)NCc1ccsn1,decoy,local_zinc_pool,,,O=C(Cn1cnnn1)NCc1ccsn1,1,O=C(Cn1cnnn1)NCc1ccsn1,matched_to_CHEMBL1461496,224.24900000000002,-0.554,1,7,85.59,4,0,CHEMBL1461496,4.7538300000000016,0.18461538461538463,,,,
ZINCf50000008VU5,CCN(C(=O)Cn1ncnn1)[C@H](C)C#N,decoy,local_zinc_pool,,,c1nn[nH]n1,1,CCN(C(=O)Cn1ncnn1)[C@H](C)C#N,matched_to_CHEMBL1387563,208.225,-0.5663200000000002,0,6,87.7,4,0,CHEMBL1387563,5.333563333333338,0.1518987341772152,,,,
ZINCf50000017F29,CN=C(NC)N1CC[C@H](C(=O)N(C)C)C1,decoy,local_zinc_pool,,,C1CCNC1,1,CN=C(NC)N1CC[C@H](C(=O)N(C)C)C1,matched_to_CHEMBL1321527,212.29699999999997,-0.39829999999999854,1,2,47.940000000000005,1,0,CHEMBL1321527,2.217953333333333,0.11290322580645161,,,,
ZINCf50000017ZLn,Cc1c(CN[C@@H]2COC[C@@H]2F)nnn1C,decoy,local_zinc_pool,,,c1[nH]nnc1CNC1CCOC1,1,Cc1c(CN[C@@H]2COC[C@@H]2F)nnn1C,matched_to_CHEMBL1385214,214.244,-0.04998000000000036,1,5,51.97,3,0,CHEMBL1385214,3.378480000000002,0.10975609756097561,,,,
ZINCf50000026j1D,O=C1NCC[C@@H]1Cn1cc(I)cnc1=O,decoy,local_zinc_pool,,,O=C1NCCC1Cn1cccnc1=O,1,O=C1NCC[C@@H]1Cn1cc(I)cnc1=O,matched_to_CHEMBL1369296,319.1020000000001,-0.016000000000000236,1,4,63.99,2,0,CHEMBL1369296,2.668623333333335,0.1518987341772152,,,,
ZINCf50000008L01,CC(=O)OCCNS(=O)(=O)c1cscn1,decoy,local_zinc_pool,,,c1cscn1,1,CC(=O)OCCNS(=O)(=O)c1cscn1,matched_to_CHEMBL1995726,250.30100000000002,-0.015500000000000236,1,6,85.36,5,0,CHEMBL1995726,4.435820000000001,0.24324324324324326,,,,
ZINCf5000002r52C,CC[C@@H](C)C(=O)NNC(=O)[C@@H]1CCCN1,decoy,local_zinc_pool,,,C1CCNC1,1,CC[C@@H](C)C(=O)NNC(=O)[C@@H]1CCCN1,matched_to_CHEMBL1608453,213.28099999999998,-0.0680999999999991,3,3,70.23,3,0,CHEMBL1608453,3.917840000000001,0.15294117647058825,,,,
ZINCf50000008Ceu,C#CCOCCN(C)CCn1cncn1,decoy,local_zinc_pool,,,c1nc[nH]n1,1,C#CCOCCN(C)CCn1cncn1,matched_to_CHEMBL1586169,208.26500000000001,-0.1403000000000003,0,5,43.18,7,0,CHEMBL1586169,4.982110000000004,0.08641975308641975,,,,
ZINCf5000002rNhF,CCOC(=O)[C@@H](N)CSCC(=O)C(C)=O,decoy,local_zinc_pool,,,,1,CCOC(=O)[C@@H](N)CSCC(=O)C(C)=O,matched_to_CHEMBL1493442,233.28899999999996,-0.23190000000000022,1,6,86.46000000000001,7,0,CHEMBL1493442,8.256303333333339,0.1864406779661017,,,,
ZINCf5000000915t,CCOC1(C)CN(S(=O)(=O)C2COC2)C1,decoy,local_zinc_pool,,,O=S(=O)(C1COC1)N1CCC1,1,CCOC1(C)CN(S(=O)(=O)C2COC2)C1,matched_to_CHEMBL1325640,235.30499999999995,-0.1741999999999997,0,4,55.84,4,0,CHEMBL1325640,2.377680000000001,0.11363636363636363,,,,
ZINCf5000002rF5w,C[C@@H](O)C(=O)OCCCSC[C@@H](O)CO,decoy,local_zinc_pool,,,,1,C[C@@H](O)C(=O)OCCCSC[C@@H](O)CO,matched_to_CHEMBL463811,238.30499999999998,-0.6131,3,6,86.99000000000001,8,0,CHEMBL463811,7.611280000000002,0.16666666666666666,,,,
ZINCf50000017wUn,CCN(CCNC(=O)C=CBr)C(=O)CO,decoy,local_zinc_pool,,,,1,CCN(CCNC(=O)C=CBr)C(=O)CO,matched_to_CHEMBL294989,279.134,-0.1479999999999998,2,3,69.64,6,0,CHEMBL294989,3.764040000000002,0.14035087719298245,,,,
ZINCf5000000VZ2u,CCSCC(=O)NO[C@@H](COC)C(=O)O,decoy,local_zinc_pool,,,,1,CCSCC(=O)NO[C@@H](COC)C(=O)O,matched_to_CHEMBL462830,237.277,-0.11310000000000026,2,5,84.86,8,0,CHEMBL462830,7.3105266666666715,0.16129032258064516,,,,
ZINCf50000009xRM,COC[C@@H](OC(=O)CS(C)(=O)=O)C1CC1,decoy,local_zinc_pool,,,C1CC1,1,COC[C@@H](OC(=O)CS(C)(=O)=O)C1CC1,matched_to_CHEMBL2431120,236.28899999999996,-0.0007999999999999119,0,5,69.67,6,0,CHEMBL2431120,5.8046400000000045,0.12941176470588237,,,,
ZINCf50000008Hhj,C=C[C@@H](CC)CC(=O)NS(=O)(=O)CCN,decoy,local_zinc_pool,,,,1,C=C[C@@H](CC)CC(=O)NS(=O)(=O)CCN,matched_to_CHEMBL3315193,234.32099999999994,-0.006599999999999384,2,4,89.26,7,0,CHEMBL3315193,4.999053333333336,0.140625,,,,
ZINCf50000009ujW,COCCCNS(=O)(=O)c1cnc(O)s1,decoy,local_zinc_pool,,,c1cscn1,1,COCCCNS(=O)(=O)c1cnc(O)s1,matched_to_CHEMBL3099769,252.317,0.1635000000000001,2,6,88.52,6,0,CHEMBL3099769,7.602323333333339,0.16666666666666666,,,,
ZINCf5000000WBK7,NCCOCCNS(=O)(=O)C1CCCC1,decoy,local_zinc_pool,,,C1CCCC1,1,NCCOCCNS(=O)(=O)C1CCCC1,matched_to_CHEMBL3315203,236.33699999999993,-0.1762999999999999,2,4,81.41999999999999,7,0,CHEMBL3315203,5.00242666666667,0.10227272727272728,,,,
ZINCf5000002sfca,COC(=O)COC(=O)C1(OC(C)=O)CC1,decoy,local_zinc_pool,,,C1CC1,1,COC(=O)COC(=O)C1(OC(C)=O)CC1,matched_to_CHEMBL1301125,216.18899999999996,-0.20170000000000066,0,6,78.9,4,0,CHEMBL1301125,6.513993333333338,0.19402985074626866,,,,
ZINCf500000094ix,CC[C@@H](CCCO)NC(=O)CS(C)(=O)=O,decoy,local_zinc_pool,,,,1,CC[C@@H](CCCO)NC(=O)CS(C)(=O)=O,matched_to_CHEMBL3315221,237.32099999999997,-0.30169999999999964,2,4,83.47,7,0,CHEMBL3315221,4.99418666666667,0.16666666666666666,,,,
ZINCf5000002enFp,O=C(NOC[C@H](O)CO)c1cc(Br)sn1,decoy,local_zinc_pool,,,c1cnsc1,1,O=C(NOC[C@H](O)CO)c1cc(Br)sn1,matched_to_CHEMBL1323442,297.13,-0.0798000000000001,3,6,91.68,5,0,CHEMBL1323442,5.648203333333335,0.16,,,,
ZINCf50000009AET,COCc1nc(CNCCC(=O)O)no1,decoy,local_zinc_pool,,,c1ncon1,1,COCc1nc(CNCCC(=O)O)no1,matched_to_CHEMBL3099777,215.209,-0.21970000000000028,2,6,97.48,7,0,CHEMBL3099777,7.99261666666667,0.15,,,,
ZINCf50000009aa3,CCc1ncn(Cc2noc(CN)n2)n1,decoy,local_zinc_pool,,,c1ncn(Cc2ncon2)n1,1,CCc1ncn(Cc2noc(CN)n2)n1,matched_to_CHEMBL1490404,208.225,-0.2695000000000002,1,7,95.65,4,0,CHEMBL1490404,4.265610000000001,0.17543859649122806,,,,
ZINCf5000000a9iF,Cc1nnsc1CS(=O)(=O)CS(C)(=O)=O,decoy,local_zinc_pool,,,c1csnn1,1,Cc1nnsc1CS(=O)(=O)CS(C)(=O)=O,matched_to_CHEMBL1611170,270.35699999999997,-0.23658,0,7,94.06,4,0,CHEMBL1611170,6.504886666666669,0.12280701754385964,,,,
ZINCf50000017Ww7,C[C@H](NC[C@@H]1CCS1(=O)=O)[C@@H]1CCCN1,decoy,local_zinc_pool,,,O=S1(=O)CCC1CNCC1CCCN1,1,C[C@H](NC[C@@H]1CCS1(=O)=O)[C@@H]1CCCN1,matched_to_CHEMBL1600146,232.34899999999996,-0.09639999999999954,2,4,58.2,4,0,CHEMBL1600146,1.8689800000000008,0.1267605633802817,,,,
ZINCf50000024dVA,Cc1noc([C@H](CO)NS(=O)(=O)CI)n1,decoy,local_zinc_pool,,,c1ncon1,1,Cc1noc([C@H](CO)NS(=O)(=O)CI)n1,matched_to_CHEMBL1468368,347.13399999999996,-0.27668000000000004,2,6,105.32000000000001,5,0,CHEMBL1468368,2.975443333333335,0.14285714285714285,,,,
ZINCf50000008TxS,CCCCNC(=O)CS(=O)(=O)C[C@H](C)O,decoy,local_zinc_pool,,,,1,CCCCNC(=O)CS(=O)(=O)C[C@H](C)O,matched_to_CHEMBL3315213,237.32099999999997,-0.3016999999999996,2,4,83.47,7,0,CHEMBL3315213,5.465423333333336,0.1864406779661017,,,,
ZINCf5000000SKov,CCNCCCNS(=O)(=O)N=S(C)(C)=O,decoy,local_zinc_pool,,,,1,CCNCCCNS(=O)(=O)N=S(C)(C)=O,matched_to_CHEMBL3315202,257.38100000000003,-0.45199999999999885,2,4,87.63,7,0,CHEMBL3315202,5.00018666666667,0.10294117647058823,,,,
ZINCf5000002dR3L,C=C(I)CN1CCNC(=O)[C@@H]1C(=O)OC,decoy,local_zinc_pool,,,O=C1CNCCN1,1,C=C(I)CN1CCNC(=O)[C@@H]1C(=O)OC,matched_to_CHEMBL1546134,324.11800000000005,-0.09150000000000036,1,4,58.64,3,0,CHEMBL1546134,3.0160600000000017,0.16666666666666666,,,,
ZINCf5000002dkM7,Cc1nsc(CNS(=O)(=O)CCCN)n1,decoy,local_zinc_pool,,,c1ncsn1,1,Cc1nsc(CNS(=O)(=O)CCCN)n1,matched_to_CHEMBL3315209,250.34899999999996,-0.3852799999999998,2,6,97.97,6,0,CHEMBL3315209,5.633793333333337,0.1232876712328767,,,,
ZINCf50000027i1D,[N-]=[N+]=NCCC(=O)NCCCNCCO,decoy,local_zinc_pool,,,,1,[N-]=[N+]=NCCC(=O)NCCCNCCO,matched_to_CHEMBL1538066,215.25699999999998,-0.22499999999999998,3,4,110.12000000000002,9,0,CHEMBL1538066,6.271063333333337,0.12903225806451613,,,,
ZINCf500000092Mx,CCO[C@H](C)C(=O)N(C)OCC(=O)OC,decoy,local_zinc_pool,,,,1,CCO[C@H](C)C(=O)N(C)OCC(=O)OC,matched_to_CHEMBL2431121,219.23699999999997,-0.025600000000000067,0,5,65.07,6,0,CHEMBL2431121,6.6083666666666705,0.16129032258064516,,,,
ZINCf50000009wyg,COCC[C@H](O)Cn1cnc([N+](=O)[O-])n1,decoy,local_zinc_pool,,,c1nc[nH]n1,1,COCC[C@H](O)Cn1cnc([N+](=O)[O-])n1,matched_to_CHEMBL1597454,216.197,-0.41630000000000034,1,7,103.31,6,0,CHEMBL1597454,7.460230000000005,0.2222222222222222,,,,
ZINCf5000000ZrlD,CCOCC[S@@](=O)Cc1nnn(CC)n1,decoy,local_zinc_pool,,,c1nn[nH]n1,1,CCOCC[S@@](=O)Cc1nnn(CC)n1,matched_to_CHEMBL1446377,232.309,-0.021800000000000264,0,6,69.9,7,0,CHEMBL1446377,6.267976666666671,0.11764705882352941,,,,
ZINCf50000024pu6,CSC(=O)COC(=O)CCn1cnnn1,decoy,local_zinc_pool,,,c1nnn[nH]1,1,CSC(=O)COC(=O)CCn1cnnn1,matched_to_CHEMBL1547420,230.249,-0.5040000000000002,0,8,86.97000000000001,5,0,CHEMBL1547420,6.577620000000001,0.16666666666666666,,,,
ZINCf5000001xLRs,O=S1(=O)CC2(CC(NS(=O)(=O)CI)C2)C1,decoy,local_zinc_pool,,,O=S1(=O)CC2(CCC2)C1,1,O=S1(=O)CC2(CC(NS(=O)(=O)CI)C2)C1,matched_to_CHEMBL1312502,365.21400000000006,-0.12450000000000006,1,4,80.31,3,0,CHEMBL1312502,5.247600000000004,0.10344827586206896,,,,
ZINCf5000000Zt87,COCCOC(=O)C(C)(C)n1cnnn1,decoy,local_zinc_pool,,,c1nnn[nH]1,1,COCCOC(=O)C(C)(C)n1cnnn1,matched_to_CHEMBL1328169,214.225,-0.4021999999999999,0,7,79.13000000000001,5,0,CHEMBL1328169,6.351966666666672,0.14285714285714285,,,,
ZINCf5000002dNS7,C[C@@H](F)CC(=O)N1CCN(C)C[C@@H](O)C1,decoy,local_zinc_pool,,,C1CNCCNC1,1,C[C@@H](F)CC(=O)N1CCN(C)C[C@@H](O)C1,matched_to_CHEMBL1586252,218.272,-0.13059999999999977,1,3,43.78,2,0,CHEMBL1586252,4.519653333333334,0.12790697674418605,,,,
ZINCf50000017D6z,CN(CCC(F)F)c1nnc(O)nc1O,decoy,local_zinc_pool,,,c1cnncn1,1,CN(CCC(F)F)c1nnc(O)nc1O,matched_to_CHEMBL1594369,220.179,0.3741999999999999,2,6,82.37,4,0,CHEMBL1594369,4.708536666666669,0.12048192771084337,,,,
ZINCf5000002oEvf,CN(C(=O)[C@@H](O)CCN)c1nnc(Br)s1,decoy,local_zinc_pool,,,c1nncs1,1,CN(C(=O)[C@@H](O)CCN)c1nnc(Br)s1,matched_to_CHEMBL2003819,295.162,-0.0269000000000007,2,6,92.34,4,0,CHEMBL2003819,4.834656666666669,0.14925373134328357,,,,
ZINCf50000008Yjc,CCN=C(NCC)NCCS(=O)(=O)CC,decoy,local_zinc_pool,,,,1,CCN=C(NCC)NCCS(=O)(=O)CC,matched_to_CHEMBL3315194,235.35299999999995,-0.0038999999999993484,2,3,70.56,6,0,CHEMBL3315194,2.0678733333333335,0.11940298507462686,,,,
ZINCf50000009d9y,CN(C)S(=O)(=O)N1CC[C@@H]2COC[C@@H]2C1,decoy,local_zinc_pool,,,C1CC2COCC2CN1,1,CN(C)S(=O)(=O)N1CC[C@@H]2COC[C@@H]2C1,matched_to_CHEMBL1550591,234.32099999999994,-0.238899999999999,0,3,49.85000000000001,2,0,CHEMBL1550591,2.9330200000000013,0.11764705882352941,,,,
ZINCf50000008AVQ,C#CCN(C)c1nnnn1[C@@H](C)COC,decoy,local_zinc_pool,,,c1nnn[nH]1,1,C#CCN(C)c1nnnn1[C@@H](C)COC,matched_to_CHEMBL2431119,209.253,-0.050100000000000255,0,6,56.07000000000001,5,0,CHEMBL2431119,5.577730000000004,0.12195121951219512,,,,
ZINCf5000002s4K7,COCCCC(=O)OC[C@@H](C)S(N)(=O)=O,decoy,local_zinc_pool,,,,1,COCCCC(=O)OC[C@@H](C)S(N)(=O)=O,matched_to_CHEMBL1966869,239.29299999999998,-0.36679999999999907,1,5,95.69,7,0,CHEMBL1966869,5.85038666666667,0.14516129032258066,,,,
ZINCf50000009WoG,C[C@H](CS(C)(=O)=O)NCc1ccn(C)n1,decoy,local_zinc_pool,,,c1cn[nH]c1,1,C[C@H](CS(C)(=O)=O)NCc1ccn(C)n1,matched_to_CHEMBL1438069,231.321,-0.057200000000000584,1,5,63.99,5,0,CHEMBL1438069,4.626063333333335,0.1746031746031746,,,,
ZINCf50000009UT2,C[C@H](CN(C)C(=O)CSCCN)C(=O)O,decoy,local_zinc_pool,,,,1,C[C@H](CN(C)C(=O)CSCCN)C(=O)O,matched_to_CHEMBL3315223,234.32099999999994,-0.1425999999999994,2,4,83.63,7,0,CHEMBL3315223,4.911720000000003,0.14516129032258066,,,,
ZINCf5000001FMop,CN(C)C(=O)C(=O)COC(=O)[C@@H]1C[C@@H]1Br,decoy,local_zinc_pool,,,C1CC1,1,CN(C)C(=O)C(=O)COC(=O)[C@@H]1C[C@@H]1Br,matched_to_CHEMBL1611686,278.102,-0.02970000000000006,0,4,63.68,4,0,CHEMBL1611686,5.1939733333333375,0.16393442622950818,,,,
ZINCf5000000WABM,COC(C)(C)C(=O)N1C[C@@H]2C[C@H]1C(=O)O2,decoy,local_zinc_pool,,,O=C1OC2CNC1C2,1,COC(C)(C)C(=O)N1C[C@@H]2C[C@H]1C(=O)O2,matched_to_CHEMBL1595121,213.23299999999998,-0.062300000000000244,0,4,55.84,2,0,CHEMBL1595121,4.338606666666669,0.1590909090909091,,,,
ZINCf50000008Zxi,CCNCC(=O)N1CC[S@@](=O)C[C@@H](C)C1,decoy,local_zinc_pool,,,O=S1CCCNCC1,1,CCNCC(=O)N1CC[S@@](=O)C[C@@H](C)C1,matched_to_CHEMBL1340713,232.34899999999996,-0.17709999999999892,1,3,49.410000000000004,3,0,CHEMBL1340713,3.0343933333333335,0.125,,,,
ZINCf5000000a0Pp,C[C@H](O)[C@](C)(O)C(=O)NCc1cnsc1,decoy,local_zinc_pool,,,c1cnsc1,1,C[C@H](O)[C@](C)(O)C(=O)NCc1cnsc1,matched_to_CHEMBL1453900,230.289,-0.10890000000000022,3,5,82.45,4,0,CHEMBL1453900,4.343806666666668,0.16455696202531644,,,,
ZINCf5000002mwA9,CC[C@H](O)CCCN[C@H](C)CS(N)(=O)=O,decoy,local_zinc_pool,,,,1,CC[C@H](O)CCCN[C@H](C)CS(N)(=O)=O,matched_to_CHEMBL3315204,238.353,-0.19589999999999852,3,4,92.41999999999999,8,0,CHEMBL3315204,5.737750000000003,0.12162162162162163,,,,
ZINCf50000017JcP,COC(=O)c1nsc(N(CCO)OC)n1,decoy,local_zinc_pool,,,c1ncsn1,1,COC(=O)c1nsc(N(CCO)OC)n1,matched_to_CHEMBL1461496,233.249,-0.31520000000000015,1,8,84.78,5,0,CHEMBL1461496,4.537030000000002,0.15384615384615385,,,,
ZINCf5000000ZsWO,COC(=O)[C@@H](C)OC(=O)Cc1nnco1,decoy,local_zinc_pool,,,c1nnco1,1,COC(=O)[C@@H](C)OC(=O)Cc1nnco1,matched_to_CHEMBL1387563,214.177,-0.28320000000000034,0,7,91.52000000000001,4,0,CHEMBL1387563,5.432496666666671,0.20967741935483872,,,,
ZINCf5000002eh6T,O=C1NC[C@H]2CC[C@H]1N2C(=O)[C@@H]1C[C@H]1F,decoy,local_zinc_pool,,,O=C1NCC2CCC1N2C(=O)C1CC1,1,O=C1NC[C@H]2CC[C@H]1N2C(=O)[C@@H]1C[C@H]1F,matched_to_CHEMBL1321527,212.224,-0.1662000000000008,1,2,49.410000000000004,1,0,CHEMBL1321527,2.122750000000001,0.12307692307692308,,,,
ZINCf5000000azOp,c1ncc(CNC2COCCOC2)cn1,decoy,local_zinc_pool,,,c1ncc(CNC2COCCOC2)cn1,1,c1ncc(CNC2COCCOC2)cn1,matched_to_CHEMBL1385214,209.24899999999997,-0.018400000000000416,1,5,56.27000000000001,3,0,CHEMBL1385214,3.346576666666669,0.12121212121212122,,,,
ZINCf50000017QuS,C[C@@H](CO)N1CC[C@]2(CCS(=O)(=O)C2)C1,decoy,local_zinc_pool,,,O=S1(=O)CCC2(CCNC2)C1,1,C[C@@H](CO)N1CC[C@]2(CCS(=O)(=O)C2)C1,matched_to_CHEMBL1369296,233.33299999999997,-0.12219999999999986,1,4,57.61,2,0,CHEMBL1369296,3.0565333333333347,0.12307692307692308,,,,
ZINCf5000002mD3K,CON(C)C(=O)CSCCc1nn[nH]n1,decoy,local_zinc_pool,,,c1nn[nH]n1,1,CON(C)C(=O)CSCCc1nn[nH]n1,matched_to_CHEMBL1995726,231.28099999999998,-0.5048000000000001,1,6,84.0,6,0,CHEMBL1995726,4.5066200000000025,0.17647058823529413,,,,
ZINCf5000002ebrF,CS[C@H]1C[C@@H](NC(=O)[C@H]2CNC(=O)N2)C1,decoy,local_zinc_pool,,,O=C1NCC(C(=O)NC2CCC2)N1,1,CS[C@H]1C[C@@H](NC(=O)[C@H]2CNC(=O)N2)C1,matched_to_CHEMBL1608453,229.305,-0.3219999999999994,3,3,70.23,3,0,CHEMBL1608453,3.926866666666667,0.1864406779661017,,,,
ZINCf50000009vil,COCCOCC(=O)N1CC(C)(OC)C1,decoy,local_zinc_pool,,,C1CNC1,1,COCCOCC(=O)N1CC(C)(OC)C1,matched_to_CHEMBL1586169,217.26499999999996,-0.10329999999999995,0,4,48.0,6,0,CHEMBL1586169,4.967443333333336,0.15492957746478872,,,,
ZINCf50000017y5n,CCOC(=O)CNS(=O)(=O)CC1(C)N=N1,decoy,local_zinc_pool,,,C1N=N1,1,CCOC(=O)CNS(=O)(=O)CC1(C)N=N1,matched_to_CHEMBL1493442,235.265,-0.3490999999999995,1,6,97.19,6,0,CHEMBL1493442,8.385476666666671,0.19672131147540983,,,,
ZINCf50000008E6R,C=C(C)COC(=O)CN1CCOCC1=O,decoy,local_zinc_pool,,,O=C1COCCN1,1,C=C(C)COC(=O)CN1CCOCC1=O,matched_to_CHEMBL1325640,213.23299999999995,-0.03550000000000009,0,4,55.839999999999996,4,0,CHEMBL1325640,2.505933333333334,0.15555555555555556,,,,
ZINCf5000002dw11,CCCCSCC(=O)NOC[C@H](O)CO,decoy,local_zinc_pool,,,,1,CCCCSCC(=O)NOC[C@H](O)CO,matched_to_CHEMBL463811,237.321,-0.07929999999999976,3,5,78.79,9,0,CHEMBL463811,7.593253333333336,0.13846153846153847,,,,
ZINCf50000017nBt,C=C(CCN)CNS(=O)(=O)N1CCCC1,decoy,local_zinc_pool,,,C1CCNC1,1,C=C(CCN)CNS(=O)(=O)N1CCCC1,matched_to_CHEMBL294989,233.33699999999993,-0.17839999999999856,2,3,75.42999999999999,6,0,CHEMBL294989,4.010676666666669,0.12345679012345678,,,,
ZINCf5000002sfMO,CONCCC(=O)NCCSS(C)(=O)=O,decoy,local_zinc_pool,,,,1,CONCCC(=O)NCCSS(C)(=O)=O,matched_to_CHEMBL462830,256.349,-0.6634999999999986,2,6,84.5,8,0,CHEMBL462830,7.001140000000003,0.13432835820895522,,,,
ZINCf5000002s8Rz,COCCOCC(=O)O[C@@H]1CCOC1=O,decoy,local_zinc_pool,,,O=C1CCCO1,1,COCCOCC(=O)O[C@@H]1CCOC1=O,matched_to_CHEMBL2431120,218.20499999999996,-0.49190000000000045,0,6,71.06,6,0,CHEMBL2431120,5.868480000000004,0.19117647058823528,,,,
ZINCf50000009u3p,COCCC1(S(=O)(=O)N[C@@H](C)CN)CC1,decoy,local_zinc_pool,,,C1CC1,1,COCCC1(S(=O)(=O)N[C@@H](C)CN)CC1,matched_to_CHEMBL3315193,236.33699999999996,-0.17789999999999884,2,4,81.42,7,0,CHEMBL3315193,5.003493333333335,0.11594202898550725,,,,
ZINCf5000000S58O,CCOCCONC(=O)NOCCOC,decoy,local_zinc_pool,,,,1,CCOCCONC(=O)NOCCOC,matched_to_CHEMBL3099769,222.24099999999999,-0.16829999999999945,2,5,78.05000000000001,9,0,CHEMBL3099769,7.543083333333338,0.15625,,,,
ZINCf500000097Fu,CC[C@H](CS(C)(=O)=O)NC(=O)CCCO,decoy,local_zinc_pool,,,,1,CC[C@H](CS(C)(=O)=O)NC(=O)CCCO,matched_to_CHEMBL3315203,237.32099999999997,-0.3016999999999996,2,4,83.47,7,0,CHEMBL3315203,4.99418666666667,0.16666666666666666,,,,
ZINCf5000002aGP7,CCCc1cn(Cc2nnnn2C)nn1,decoy,local_zinc_pool,,,c1cn(Cc2nnn[nH]2)nn1,1,CCCc1cn(Cc2nnnn2C)nn1,matched_to_CHEMBL1301125,207.241,-0.19760000000000044,0,7,74.31,4,0,CHEMBL1301125,6.284340000000005,0.1206896551724138,,,,
ZINCf50000009FPs,CS(=O)(=O)CC[C@H](N)C(=O)NCC=CBr,decoy,local_zinc_pool,,,,1,CS(=O)(=O)CC[C@H](N)C(=O)NCC=CBr,matched_to_CHEMBL3315221,299.19,-0.22679999999999945,2,4,89.25999999999999,6,0,CHEMBL3315221,4.9971633333333365,0.1095890410958904,,,,
ZINCf5000002eaMm,CSC[C@@H](CO)NC(=O)c1nonc1N,decoy,local_zinc_pool,,,c1cnon1,1,CSC[C@@H](CO)NC(=O)c1nonc1N,matched_to_CHEMBL1323442,232.265,-0.8944999999999999,3,7,114.27,5,0,CHEMBL1323442,5.436386666666668,0.18181818181818182,,,,
ZINCf500000091Nd,CCOCCS(=O)(=O)NCCCC(=O)O,decoy,local_zinc_pool,,,,1,CCOCCS(=O)(=O)NCCCC(=O)O,matched_to_CHEMBL3099777,239.29299999999998,-0.19289999999999968,2,4,92.7,9,0,CHEMBL3099777,7.925110000000004,0.14473684210526316,,,,
ZINCf50000009NVQ,C[C@@H](OC(=O)CS(C)(=O)=O)c1nc[nH]n1,decoy,local_zinc_pool,,,c1nc[nH]n1,1,C[C@@H](OC(=O)CS(C)(=O)=O)c1nc[nH]n1,matched_to_CHEMBL1490404,233.249,-0.5465000000000002,1,6,102.01,4,0,CHEMBL1490404,4.445636666666668,0.19444444444444445,,,,
ZINCf5000000Ybya,Cc1nnc(C(=O)OCCS(C)(=O)=O)o1,decoy,local_zinc_pool,,,c1nnco1,1,Cc1nnc(C(=O)OCCS(C)(=O)=O)o1,matched_to_CHEMBL1611170,234.23299999999998,-0.42057999999999995,0,7,99.36,4,0,CHEMBL1611170,6.776793333333336,0.15789473684210525,,,,
ZINCf50000009GXa,CSC[C@@H](C)C(=O)N1CC[C@](O)(CO)C1,decoy,local_zinc_pool,,,C1CCNC1,1,CSC[C@@H](C)C(=O)N1CC[C@](O)(CO)C1,matched_to_CHEMBL1600146,233.33299999999994,-0.05879999999999985,2,4,60.77000000000001,4,0,CHEMBL1600146,1.731273333333334,0.13333333333333333,,,,
ZINCf500000090KI,CCOC(=O)C[C@H](O)CSc1nn[nH]n1,decoy,local_zinc_pool,,,c1nn[nH]n1,1,CCOC(=O)C[C@H](O)CSc1nn[nH]n1,matched_to_CHEMBL1468368,232.26500000000001,-0.39410000000000006,2,7,100.99,6,0,CHEMBL1468368,4.375613333333336,0.2153846153846154,,,,
ZINCf5000000VZ1Y,CCOCC(=O)NO[C@@H](C(=O)O)C1CC1,decoy,local_zinc_pool,,,C1CC1,1,CCOCC(=O)NO[C@@H](C(=O)O)C1CC1,matched_to_CHEMBL3315213,217.22099999999998,-0.06610000000000049,2,4,84.86,7,0,CHEMBL3315213,5.50495666666667,0.18032786885245902,,,,
ZINCf5000002qYb3,CCCC(=O)NC[C@H](O)CCS(C)(=O)=O,decoy,local_zinc_pool,,,,1,CCCC(=O)NC[C@H](O)CCS(C)(=O)=O,matched_to_CHEMBL3315202,237.32099999999997,-0.30169999999999964,2,4,83.47,7,0,CHEMBL3315202,4.99418666666667,0.13114754098360656,,,,
ZINCf5000000ay13,O=c1nccc2n(C[C@H](O)CF)ccn12,decoy,local_zinc_pool,,,O=c1nccc2[nH]ccn12,1,O=c1nccc2n(C[C@H](O)CF)ccn12,matched_to_CHEMBL1546134,211.196,-0.17359999999999998,1,5,59.53,3,0,CHEMBL1546134,3.6844133333333353,0.15789473684210525,,,,
ZINCf50000017Bhk,CC[S@@](=N)(=O)NC(=O)C(COC)COC,decoy,local_zinc_pool,,,,1,CC[S@@](=N)(=O)NC(=O)C(COC)COC,matched_to_CHEMBL3315209,238.30899999999994,-0.006729999999999459,2,5,88.48000000000002,7,0,CHEMBL3315209,5.881426666666669,0.16129032258064516,,,,
ZINCf50000009BWN,CONCCNC(=O)[C@H](N)CCCC#N,decoy,local_zinc_pool,,,,1,CONCCNC(=O)[C@H](N)CCCC#N,matched_to_CHEMBL1538066,214.26899999999998,-0.7252199999999991,3,5,100.16999999999999,8,0,CHEMBL1538066,7.012423333333338,0.14666666666666667,,,,
ZINCf500000091FH,CCOCCOC(=O)Cn1nnc(C)n1,decoy,local_zinc_pool,,,c1nn[nH]n1,1,CCOCCOC(=O)Cn1nnc(C)n1,matched_to_CHEMBL2431121,214.225,-0.4387800000000006,0,7,79.13000000000001,6,0,CHEMBL2431121,6.4963400000000044,0.22580645161290322,,,,
ZINCf5000002rLUh,CCOCCS(=O)(=O)N[C@@H](C#N)COC,decoy,local_zinc_pool,,,,1,CCOCCS(=O)(=O)N[C@@H](C#N)COC,matched_to_CHEMBL1597454,236.293,-0.5191199999999989,1,5,88.42,8,0,CHEMBL1597454,7.92341666666667,0.12,,,,
ZINCf5000000Ybhl,COCCOCN1CC[C@H](S(C)(=O)=O)C1,decoy,local_zinc_pool,,,C1CCNC1,1,COCCOCN1CC[C@H](S(C)(=O)=O)C1,matched_to_CHEMBL1446377,237.321,-0.27419999999999933,0,5,55.84,6,0,CHEMBL1446377,6.152523333333338,0.11764705882352941,,,,
ZINCf50000009xWh,COC[C@@H](OC)C(=O)O[C@@H](C)C[N+](=O)[O-],decoy,local_zinc_pool,,,,1,COC[C@@H](OC)C(=O)O[C@@H](C)C[N+](=O)[O-],matched_to_CHEMBL1547420,221.20899999999997,-0.14379999999999993,0,6,87.9,7,0,CHEMBL1547420,6.390686666666669,0.1774193548387097,,,,
ZINCf50000009eUp,CN(CCN)S(=O)(=O)c1cnn(C)c1Cl,decoy,local_zinc_pool,,,c1cn[nH]c1,1,CN(CCN)S(=O)(=O)c1cnn(C)c1Cl,matched_to_CHEMBL1312502,252.727,-0.34730000000000016,1,5,81.22,4,0,CHEMBL1312502,5.557403333333338,0.1388888888888889,,,,
ZINCf5000000ZthQ,COCc1nc(Cc2ncn(C)n2)no1,decoy,local_zinc_pool,,,c1nc(Cc2ncon2)n[nH]1,1,COCc1nc(Cc2ncn(C)n2)no1,matched_to_CHEMBL1328169,209.20900000000003,-0.06469999999999998,0,7,78.86,4,0,CHEMBL1328169,6.666326666666672,0.1694915254237288,,,,
ZINCf5000000SP2C,O=S1(=O)CCN(C[C@@H]2CC2(F)F)CCN1,decoy,local_zinc_pool,,,O=S1(=O)CCN(CC2CC2)CCN1,1,O=S1(=O)CCN(C[C@@H]2CC2(F)F)CCN1,matched_to_CHEMBL1586252,240.27499999999998,-0.12339999999999968,1,3,49.410000000000004,2,0,CHEMBL1586252,4.328823333333334,0.08064516129032258,,,,
ZINCf50000024KJR,CC[S@](=N)(=O)NC(=O)Cn1cc(I)nn1,decoy,local_zinc_pool,,,c1c[nH]nn1,1,CC[S@](=N)(=O)NC(=O)Cn1cc(I)nn1,matched_to_CHEMBL1594369,343.15,-0.019430000000000447,2,6,100.73000000000002,4,0,CHEMBL1594369,3.6620466666666696,0.1875,,,,
ZINCf50000009vXk,COCCS(=O)(=O)NNc1ncccn1,decoy,local_zinc_pool,,,c1cncnc1,1,COCCS(=O)(=O)NNc1ncccn1,matched_to_CHEMBL2003819,232.26500000000004,-0.6307,2,6,93.21000000000001,6,0,CHEMBL2003819,4.831360000000001,0.17142857142857143,,,,
ZINCf5000001UPLJ,CCN(C)S(=O)(=O)NCC(O)C1(Cl)CC1,decoy,local_zinc_pool,,,C1CC1,1,CCN(C)S(=O)(=O)NCC(O)C1(Cl)CC1,matched_to_CHEMBL3315194,256.755,-0.09519999999999951,2,3,69.64,6,0,CHEMBL3315194,1.95152,0.14035087719298245,,,,
ZINCf50000008ACg,C#CCCOC(=O)N1CCN(C)C(=O)C1,decoy,local_zinc_pool,,,O=C1CNCCN1,1,C#CCCOC(=O)N1CCN(C)C(=O)C1,matched_to_CHEMBL1550591,210.23299999999998,-0.0797000000000001,0,3,49.85,2,0,CHEMBL1550591,3.0677666666666688,0.14473684210526316,,,,
ZINCf50000017wBQ,CCN(C)CCn1nnn(C(C)C)c1=O,decoy,local_zinc_pool,,,O=c1[nH]nn[nH]1,1,CCN(C)CCn1nnn(C(C)C)c1=O,matched_to_CHEMBL2431119,213.285,-0.027600000000000735,0,6,55.95,5,0,CHEMBL2431119,5.527210000000004,0.14285714285714285,,,,
ZINCf50000009GD3,CSCCCNS(=O)(=O)CCS(C)(=O)=O,decoy,local_zinc_pool,,,,1,CSCCCNS(=O)(=O)CCS(C)(=O)=O,matched_to_CHEMBL1966869,275.41700000000003,-0.2964999999999993,1,5,80.31,8,0,CHEMBL1966869,5.557480000000003,0.09333333333333334,,,,
ZINCf50000008L0D,CC(=O)OC[C@@H](C)NCc1cnn(C)n1,decoy,local_zinc_pool,,,c1cn[nH]n1,1,CC(=O)OC[C@@H](C)NCc1cnn(C)n1,matched_to_CHEMBL1438069,212.25300000000001,-0.14370000000000038,1,6,69.03999999999999,5,0,CHEMBL1438069,4.56681,0.20634920634920634,,,,
ZINCf5000002dD5F,C=C(Cl)CONC(=O)CNS(=O)(=O)CC,decoy,local_zinc_pool,,,,1,C=C(Cl)CONC(=O)CNS(=O)(=O)CC,matched_to_CHEMBL3315223,256.71099999999996,-0.27400000000000024,2,4,84.5,7,0,CHEMBL3315223,4.763020000000004,0.15942028985507245,,,,
ZINCf50000009dF1,CN(CC#N)S(=O)(=O)N=S1(=O)CCCC1,decoy,local_zinc_pool,,,N=S1(=O)CCCC1,1,CN(CC#N)S(=O)(=O)N=S1(=O)CCCC1,matched_to_CHEMBL1611686,251.33299999999994,-0.05162,0,4,90.6,3,0,CHEMBL1611686,4.899476666666671,0.09859154929577464,,,,
ZINCf50000017z2X,CCS(=O)(=O)N1CCO[C@H]2COC[C@H]2C1,decoy,local_zinc_pool,,,C1COC2COCC2CN1,1,CCS(=O)(=O)N1CCO[C@H]2COC[C@H]2C1,matched_to_CHEMBL1595121,235.30499999999995,-0.31669999999999954,0,4,55.84,2,0,CHEMBL1595121,4.287486666666669,0.12643678160919541,,,,
ZINCf50000017NpR,CO[C@@H]1CN(C(=O)[C@@H](F)C2CC2)C[C@H]1O,decoy,local_zinc_pool,,,O=C(CC1CC1)N1CCCC1,1,CO[C@@H]1CN(C(=O)[C@@H](F)C2CC2)C[C@H]1O,matched_to_CHEMBL1340713,217.23999999999995,-0.04739999999999983,1,3,49.769999999999996,3,0,CHEMBL1340713,3.1030166666666674,0.12790697674418605,,,,
ZINCf50000009l97,CNC(=O)[C@H](O)CNc1ncc(I)cn1,decoy,local_zinc_pool,,,c1cncnc1,1,CNC(=O)[C@H](O)CNc1ncc(I)cn1,matched_to_CHEMBL1453900,322.106,-0.4000000000000006,3,5,87.14,4,0,CHEMBL1453900,3.807303333333335,0.16666666666666666,,,,
ZINCf50000017Phe,CSCC[C@H](O)C(=O)NCC[S@](C)(=N)=O,decoy,local_zinc_pool,,,,1,CSCC[C@H](O)C(=O)NCC[S@](C)(=N)=O,matched_to_CHEMBL3315204,254.37699999999998,-0.10683000000000015,3,5,90.25,7,0,CHEMBL3315204,5.604930000000003,0.12307692307692308,,,,
ZINCf50000017X6g,C[C@H](O)Cc1nnnn1Cc1cnoc1,decoy,local_zinc_pool,,,c1nocc1Cn1cnnn1,1,C[C@H](O)Cc1nnnn1Cc1cnoc1,matched_to_CHEMBL1461496,209.20900000000003,-0.3673000000000004,1,7,89.86,4,0,CHEMBL1461496,4.890563333333335,0.125,,,,
ZINCf50000017Irl,COC(=O)[C@@H](C)OC(=O)[C@@H]1C[C@H]1[N+](=O)[O-],decoy,local_zinc_pool,,,C1CC1,1,COC(=O)[C@@H](C)OC(=O)[C@@H]1C[C@H]1[N+](=O)[O-],matched_to_CHEMBL1387563,217.177,-0.24370000000000025,0,6,95.74000000000001,4,0,CHEMBL1387563,4.771363333333338,0.16417910447761194,,,,
ZINCf50000018b97,O=C1CC2(CN1)CN(C(=O)[C@H]1C[C@H]1Cl)C2,decoy,local_zinc_pool,,,O=C1CC2(CN1)CN(C(=O)C1CC1)C2,1,O=C1CC2(CN1)CN(C(=O)[C@H]1C[C@H]1Cl)C2,matched_to_CHEMBL1321527,228.679,-0.037800000000000056,1,2,49.410000000000004,1,0,CHEMBL1321527,2.0210000000000004,0.140625,,,,
ZINCf5000002dYpi,Cn1nnnc1CNC(=O)[C@H]1C[C@]1(F)Br,decoy,local_zinc_pool,,,O=C(NCc1nnn[nH]1)C1CC1,1,Cn1nnnc1CNC(=O)[C@H]1C[C@]1(F)Br,matched_to_CHEMBL1385214,278.085,-0.09310000000000057,1,5,72.7,3,0,CHEMBL1385214,3.365216666666669,0.1935483870967742,,,,
ZINCf50000017STX,C[C@@H]1CN([C@H]2CCOC2)C[C@@H](C(=O)O)O1,decoy,local_zinc_pool,,,C1CN(C2CCOC2)CCO1,1,C[C@@H]1CN([C@H]2CCOC2)C[C@@H](C(=O)O)O1,matched_to_CHEMBL1369296,215.24899999999997,-0.050800000000000234,1,4,59.0,2,0,CHEMBL1369296,3.1429733333333343,0.11363636363636363,,,,
ZINCf50000009tC8,COCC(COC)n1cc(C(=O)O)nn1,decoy,local_zinc_pool,,,c1c[nH]nn1,1,COCC(COC)n1cc(C(=O)O)nn1,matched_to_CHEMBL1995726,215.20900000000003,-0.18980000000000002,1,6,86.47,6,0,CHEMBL1995726,4.358540000000002,0.20833333333333334,,,,
ZINCf50000009ERZ,CO[C@H]1C[C@H](NC(=O)N[C@H]2C[C@@H](O)C2)C1,decoy,local_zinc_pool,,,O=C(NC1CCC1)NC1CCC1,1,CO[C@H]1C[C@H](NC(=O)N[C@H]2C[C@@H](O)C2)C1,matched_to_CHEMBL1608453,214.265,-0.013700000000000268,3,3,70.59,3,0,CHEMBL1608453,3.886133333333335,0.1509433962264151,,,,
ZINCf50000008W2C,CCN(C)C(=O)CN(CC#N)CCOC,decoy,local_zinc_pool,,,,1,CCN(C)C(=O)CN(CC#N)CCOC,matched_to_CHEMBL1586169,213.28099999999995,-0.06331999999999915,0,4,56.57000000000001,7,0,CHEMBL1586169,4.823430000000003,0.13333333333333333,,,,
ZINCf5000002rwRo,C[C@H](COC(=O)CCCC#N)S(N)(=O)=O,decoy,local_zinc_pool,,,,1,C[C@H](COC(=O)CCCC#N)S(N)(=O)=O,matched_to_CHEMBL1493442,234.277,-0.09951999999999994,1,5,110.25,6,0,CHEMBL1493442,8.206570000000005,0.14285714285714285,,,,
ZINCf50000021mRx,O=S1(=O)C[C@@H]2CN(CCOC(F)F)C[C@@H]21,decoy,local_zinc_pool,,,O=S1(=O)CC2CNCC21,1,O=S1(=O)C[C@@H]2CN(CCOC(F)F)C[C@@H]21,matched_to_CHEMBL1325640,241.25899999999996,-0.04560000000000031,0,4,46.61,4,0,CHEMBL1325640,2.2392066666666683,0.09090909090909091,,,,
ZINCf5000002s57j,COCC[C@@H](N)CNC(=O)CSCCN,decoy,local_zinc_pool,,,,1,COCC[C@@H](N)CNC(=O)CSCCN,matched_to_CHEMBL463811,235.35299999999998,-0.8416999999999972,3,5,90.36999999999999,9,0,CHEMBL463811,7.658000000000001,0.13513513513513514,,,,
ZINCf5000000VZf2,C[C@@]1(C(=O)NCCOCC(=O)O)C[C@H]1F,decoy,local_zinc_pool,,,C1CC1,1,C[C@@]1(C(=O)NCCOCC(=O)O)C[C@H]1F,matched_to_CHEMBL294989,219.21199999999996,-0.048099999999999865,2,3,75.63,6,0,CHEMBL294989,4.0570600000000026,0.1694915254237288,,,,
ZINCf5000002aPLI,Cn1cc(CSCCNCCCN)nn1,decoy,local_zinc_pool,,,c1c[nH]nn1,1,Cn1cc(CSCCNCCCN)nn1,matched_to_CHEMBL462830,229.35299999999998,-0.013299999999998868,2,6,68.76,8,0,CHEMBL462830,7.467233333333336,0.12,,,,
ZINCf50000008KXO,CC(=O)OCCN(C)Cc1cn(C)nn1,decoy,local_zinc_pool,,,c1c[nH]nn1,1,CC(=O)OCCN(C)Cc1cn(C)nn1,matched_to_CHEMBL2431120,212.25300000000001,-0.19000000000000017,0,6,60.25,5,0,CHEMBL2431120,5.794333333333338,0.19480519480519481,,,,
ZINCf5000002s57t,COCC[C@@H](N)CNS(=O)(=O)C1(C)CC1,decoy,local_zinc_pool,,,C1CC1,1,COCC[C@@H](N)CNS(=O)(=O)C1(C)CC1,matched_to_CHEMBL3315193,236.33699999999996,-0.17789999999999884,2,4,81.41999999999999,7,0,CHEMBL3315193,5.003493333333335,0.1323529411764706,,,,
ZINCf50000017Pd0,CSCCS(=O)(=O)NCCCCC(N)=O,decoy,local_zinc_pool,,,,1,CSCCS(=O)(=O)NCCCCC(N)=O,matched_to_CHEMBL3099769,254.37699999999995,-0.07559999999999933,2,4,89.25999999999999,9,0,CHEMBL3099769,7.211523333333338,0.11864406779661017,,,,
ZINCf5000002dR2n,C=C(I)CC(=O)NCCS(=O)(=O)CCO,decoy,local_zinc_pool,,,,1,C=C(I)CC(=O)NCCS(=O)(=O)CCO,matched_to_CHEMBL3315203,347.1740000000001,-0.15150000000000036,2,4,83.47,7,0,CHEMBL3315203,3.7955233333333362,0.09876543209876543,,,,
ZINCf5000000Ybd8,COC(=O)[C@@H](C)C(=O)OCn1cncn1,decoy,local_zinc_pool,,,c1nc[nH]n1,1,COC(=O)[C@@H](C)C(=O)OCn1cncn1,matched_to_CHEMBL1301125,213.193,-0.4121000000000006,0,7,83.31000000000002,4,0,CHEMBL1301125,6.043020000000005,0.18309859154929578,,,,
ZINCf50000009tEO,COCC1(CC(=O)NOCC(=O)O)CC1,decoy,local_zinc_pool,,,C1CC1,1,COCC1(CC(=O)NOCC(=O)O)CC1,matched_to_CHEMBL3315221,217.22099999999995,-0.06450000000000067,2,4,84.86,7,0,CHEMBL3315221,5.0326533333333385,0.16901408450704225,,,,
ZINCf5000000aguu,NC(=O)CSC[C@@H](O)COc1cnsn1,decoy,local_zinc_pool,,,c1cnsn1,1,NC(=O)CSC[C@@H](O)COc1cnsn1,matched_to_CHEMBL1323442,249.317,-0.5037000000000007,2,7,98.33000000000001,7,0,CHEMBL1323442,5.642933333333335,0.13157894736842105,,,,
ZINCf5000002s8fr,COC[C@@H](O)CONC(=O)CCC1N=N1,decoy,local_zinc_pool,,,C1N=N1,1,COC[C@@H](O)CONC(=O)CCC1N=N1,matched_to_CHEMBL3099777,217.225,-0.38639999999999963,2,6,92.50999999999999,8,0,CHEMBL3099777,7.782390000000003,0.140625,,,,
ZINCf5000000ahoM,NC(=O)c1cn(Cc2nnsc2Cl)nn1,decoy,local_zinc_pool,,,c1cn(Cc2csnn2)nn1,1,NC(=O)c1cn(Cc2nnsc2Cl)nn1,matched_to_CHEMBL1490404,244.667,-0.06980000000000025,1,7,99.58000000000001,3,0,CHEMBL1490404,4.110856666666667,0.16666666666666666,,,,
ZINCf5000002mA37,CCOCC(=O)Cn1cnc([N+](=O)[O-])n1,decoy,local_zinc_pool,,,c1nc[nH]n1,1,CCOCC(=O)Cn1cnc([N+](=O)[O-])n1,matched_to_CHEMBL1611170,214.181,-0.20809999999999995,0,7,100.15,6,0,CHEMBL1611170,5.8040600000000016,0.25396825396825395,,,,
ZINCf5000002dYfk,Cn1ncc(I)c1CNC(=O)[C@H](O)CF,decoy,local_zinc_pool,,,c1cn[nH]c1,1,Cn1ncc(I)c1CNC(=O)[C@H](O)CF,matched_to_CHEMBL1600146,327.09700000000004,-0.02870000000000028,2,4,67.15,4,0,CHEMBL1600146,1.4493666666666667,0.16455696202531644,,,,
ZINCf50000009HLj,C[C@@H](C#N)CNS(=O)(=O)c1cnc(O)s1,decoy,local_zinc_pool,,,c1cscn1,1,C[C@@H](C#N)CNS(=O)(=O)c1cnc(O)s1,matched_to_CHEMBL1468368,247.30100000000002,0.2866800000000001,2,6,103.08000000000001,4,0,CHEMBL1468368,4.187800000000001,0.18072289156626506,,,,
ZINCf5000001YMN9,COCC1(S(=O)(=O)NC(C)CCN)CC1,decoy,local_zinc_pool,,,C1CC1,1,COCC1(S(=O)(=O)NC(C)CCN)CC1,matched_to_CHEMBL3315213,236.33699999999996,-0.17789999999999928,2,4,81.42,7,0,CHEMBL3315213,5.474730000000003,0.1076923076923077,,,,
ZINCf50000009Ln5,C[C@@H](N)CCC(=O)NS(=O)(=O)CCCF,decoy,local_zinc_pool,,,,1,C[C@@H](N)CCC(=O)NS(=O)(=O)CCCF,matched_to_CHEMBL3315202,240.29999999999993,-0.08059999999999934,2,4,89.25999999999999,7,0,CHEMBL3315202,4.988596666666671,0.14285714285714285,,,,
ZINCf5000000aavu,Cn1cc(I)c(=O)n(CCCCO)c1=O,decoy,local_zinc_pool,,,O=c1cc[nH]c(=O)[nH]1,1,Cn1cc(I)c(=O)n(CCCCO)c1=O,matched_to_CHEMBL1546134,324.1180000000001,-0.07590000000000002,1,5,64.22999999999999,4,0,CHEMBL1546134,3.1780600000000003,0.11428571428571428,,,,
ZINCf5000002oIFK,O=C(O)COCCCn1cc(CO)nn1,decoy,local_zinc_pool,,,c1c[nH]nn1,1,O=C(O)COCCCn1cc(CO)nn1,matched_to_CHEMBL3315209,215.209,-0.7383000000000004,2,6,97.47,7,0,CHEMBL3315209,5.740540000000003,0.14864864864864866,,,,
ZINCf5000000adwF,N#CCCCNC(=O)[C@@H](N)CCCCN,decoy,local_zinc_pool,,,,1,N#CCCCNC(=O)[C@@H](N)CCCCN,matched_to_CHEMBL1538066,212.2969999999999,-0.1373199999999991,3,4,104.92999999999999,8,0,CHEMBL1538066,6.949810000000006,0.10666666666666667,,,,
ZINCf50000009vOd,COCCS(=O)(=O)N(C)Cc1cnsn1,decoy,local_zinc_pool,,,c1cnsn1,1,COCCS(=O)(=O)N(C)Cc1cnsn1,matched_to_CHEMBL2431121,251.333,-0.05390000000000028,0,6,72.39000000000001,6,0,CHEMBL2431121,6.0990733333333385,0.1388888888888889,,,,
ZINCf5000000Zw8c,Cc1noc(CCOCCOCCN)n1,decoy,local_zinc_pool,,,c1ncon1,1,Cc1noc(CCOCCOCCN)n1,matched_to_CHEMBL1597454,215.25299999999996,-0.0875800000000001,1,6,83.4,8,0,CHEMBL1597454,7.546923333333337,0.11842105263157894,,,,
ZINCf50000008GvD,C=CCOCCn1nnn(C2CC2)c1=O,decoy,local_zinc_pool,,,O=c1[nH]nnn1C1CC1,1,C=CCOCCn1nnn(C2CC2)c1=O,matched_to_CHEMBL1446377,210.237,-0.022700000000000164,0,6,61.94,6,0,CHEMBL1446377,5.670896666666671,0.125,,,,
ZINCf500000092of,CCOCn1nnc(CCC(=O)OC)n1,decoy,local_zinc_pool,,,c1nn[nH]n1,1,CCOCn1nnc(CCC(=O)OC)n1,matched_to_CHEMBL1547420,214.225,-0.22730000000000006,0,7,79.13,6,0,CHEMBL1547420,6.866993333333336,0.17567567567567569,,,,
ZINCf50000009Mp9,C[C@@H](NS(=O)(=O)C1CC1)c1ncnn1C,decoy,local_zinc_pool,,,O=S(=O)(NCc1ncn[nH]1)C1CC1,1,C[C@@H](NS(=O)(=O)C1CC1)c1ncnn1C,matched_to_CHEMBL1312502,230.29299999999998,-0.04210000000000047,1,5,76.88,4,0,CHEMBL1312502,5.568676666666672,0.15942028985507245,,,,
ZINCf50000009GEJ,CSCCN(C)S(=O)(=O)c1nnn(C)n1,decoy,local_zinc_pool,,,c1nn[nH]n1,1,CSCCN(C)S(=O)(=O)c1nnn(C)n1,matched_to_CHEMBL1328169,251.33700000000002,-0.8063999999999996,0,7,80.98,5,0,CHEMBL1328169,6.324313333333338,0.14084507042253522,,,,
ZINCf5000002acMt,O=C(CO)N1CCN(C[C@@H]2C[C@H]2Br)CC1,decoy,local_zinc_pool,,,C1CN(CC2CC2)CCN1,1,O=C(CO)N1CCN(C[C@@H]2C[C@H]2Br)CC1,matched_to_CHEMBL1586252,277.1620000000001,-0.09369999999999967,1,3,43.78,3,0,CHEMBL1586252,4.406153333333333,0.10810810810810811,,,,
ZINCf5000000a17k,C[C@H](Sc1nnnn1C1CC1)C(=O)NN,decoy,local_zinc_pool,,,c1nnnn1C1CC1,1,C[C@H](Sc1nnnn1C1CC1)C(=O)NN,matched_to_CHEMBL1594369,228.28099999999998,-0.5214999999999994,2,7,98.72,4,0,CHEMBL1594369,4.565050000000002,0.1774193548387097,,,,
ZINCf5000001Vzqp,COC(=O)CC(O)CNS(=O)(=O)C(Cl)Cl,decoy,local_zinc_pool,,,,1,COC(=O)CC(O)CNS(=O)(=O)C(Cl)Cl,matched_to_CHEMBL2003819,280.129,-0.40900000000000025,2,5,92.69999999999999,6,0,CHEMBL2003819,4.725320000000002,0.15714285714285714,,,,
ZINCf5000002qQFP,CC(C)[C@H](CCO)NS(=O)(=O)N1CCC1,decoy,local_zinc_pool,,,C1CNC1,1,CC(C)[C@H](CCO)NS(=O)(=O)N1CCC1,matched_to_CHEMBL3315194,236.33699999999996,-0.06650000000000023,2,3,69.64,6,0,CHEMBL3315194,2.136566666666668,0.12903225806451613,,,,
ZINCf50000017sis,CC(C)C(=O)C(=O)N1C[C@@H]2C[C@H]1C[S@@]2=O,decoy,local_zinc_pool,,,O=S1CC2CC1CN2,1,CC(C)C(=O)C(=O)N1C[C@@H]2C[C@H]1C[S@@]2=O,matched_to_CHEMBL1550591,229.301,-0.05669999999999997,0,3,54.45,2,0,CHEMBL1550591,3.0265533333333354,0.11666666666666667,,,,
ZINCf5000001Ss7a,COCCN(CC#N)CC1=CC(=O)OC1,decoy,local_zinc_pool,,,O=C1C=CCO1,1,COCCN(CC#N)CC1=CC(=O)OC1,matched_to_CHEMBL2431119,210.23299999999998,-0.058419999999999916,0,5,62.56,6,0,CHEMBL2431119,5.522676666666671,0.15384615384615385,,,,
ZINCf5000000Zz23,OCCc1nnnn1Cc1nnc(Cl)s1,decoy,local_zinc_pool,,,c1nnc(Cn2cnnn2)s1,1,OCCc1nnnn1Cc1nnc(Cl)s1,matched_to_CHEMBL1966869,246.68300000000005,-0.2389000000000001,1,8,89.61,4,0,CHEMBL1966869,5.934420000000003,0.11290322580645161,,,,
ZINCf50000009jv9,CNC(=O)CN(C)c1nnc(COC)s1,decoy,local_zinc_pool,,,c1nncs1,1,CNC(=O)CN(C)c1nnc(COC)s1,matched_to_CHEMBL1438069,230.29299999999998,-0.13330000000000042,1,6,67.35000000000001,5,0,CHEMBL1438069,4.311876666666668,0.1643835616438356,,,,
ZINCf50000009MQf,C[C@@H](O)CCNC(=O)CCCS(C)(=O)=O,decoy,local_zinc_pool,,,,1,C[C@@H](O)CCNC(=O)CCCS(C)(=O)=O,matched_to_CHEMBL3315223,237.32099999999997,-0.30169999999999964,2,4,83.47,7,0,CHEMBL3315223,4.99418666666667,0.14754098360655737,,,,
ZINCf5000001U9Co,CS(=O)(=O)N[C@H]1CCN(S(=O)(=O)CI)C1,decoy,local_zinc_pool,,,C1CCNC1,1,CS(=O)(=O)N[C@H]1CCN(S(=O)(=O)CI)C1,matched_to_CHEMBL1611686,368.218,-0.6678000000000002,1,4,83.55000000000001,4,0,CHEMBL1611686,4.923413333333337,0.08888888888888889,,,,
ZINCf5000001t14J,COC(=O)CC(=O)N1CCC12CCOC2,decoy,local_zinc_pool,,,C1CC2(CCOC2)N1,1,COC(=O)CC(=O)N1CCC12CCOC2,matched_to_CHEMBL1595121,213.23299999999995,-0.05910000000000015,0,4,55.84,2,0,CHEMBL1595121,4.336473333333336,0.18309859154929578,,,,
ZINCf5000001A4En,CCN(C)C(=O)C1(S(C)=O)CCNCC1,decoy,local_zinc_pool,,,C1CCNCC1,1,CCN(C)C(=O)C1(S(C)=O)CCNCC1,matched_to_CHEMBL1340713,232.34899999999993,-0.034599999999999964,1,3,49.410000000000004,3,0,CHEMBL1340713,2.9393933333333346,0.14545454545454545,,,,
ZINCf50000008LZu,CC(C)(CO)ONC(=O)[C@]1(O)CCSC1,decoy,local_zinc_pool,,,C1CCSC1,1,CC(C)(CO)ONC(=O)[C@]1(O)CCSC1,matched_to_CHEMBL1453900,235.30499999999995,-0.3269000000000002,3,5,78.79,4,0,CHEMBL1453900,4.330980000000003,0.14754098360655737,,,,
ZINCf5000000ZxN4,NS(=O)(=O)NCCCNCc1cncs1,decoy,local_zinc_pool,,,c1cscn1,1,NS(=O)(=O)NCCCNCc1cncs1,matched_to_CHEMBL3315204,250.34900000000002,-0.5840999999999998,3,5,97.11,7,0,CHEMBL3315204,5.757790000000002,0.136986301369863,,,,
ZINCf5000002aSPS,CONC(=O)c1csc(CS(C)(=O)=O)n1,decoy,local_zinc_pool,,,c1cscn1,1,CONC(=O)c1csc(CS(C)(=O)=O)n1,matched_to_CHEMBL1461496,250.30099999999996,-0.021099999999999897,1,6,85.36,4,0,CHEMBL1461496,4.647243333333336,0.2028985507246377,,,,
ZINCf5000002rmgP,C[C@@H]1CC[C@H](CS(=O)(=O)CS(C)(=O)=O)O1,decoy,local_zinc_pool,,,C1CCOC1,1,C[C@@H]1CC[C@H](CS(=O)(=O)CS(C)(=O)=O)O1,matched_to_CHEMBL1387563,256.34499999999997,-0.029199999999999893,0,5,77.51,4,0,CHEMBL1387563,5.401883333333337,0.09195402298850575,,,,
ZINCf50000017tMR,CC1(C)CCN1C(=O)[C@@H]1[C@H]2CNC(=O)[C@H]21,decoy,local_zinc_pool,,,O=C1NCC2C1C2C(=O)N1CCC1,1,CC1(C)CCN1C(=O)[C@@H]1[C@H]2CNC(=O)[C@H]21,matched_to_CHEMBL1321527,208.261,-0.010700000000000098,1,2,49.410000000000004,1,0,CHEMBL1321527,2.058713333333334,0.15625,,,,
ZINCf50000018dwK,O[C@@H](CN1CCn2ncnc2C1)C(F)F,decoy,local_zinc_pool,,,c1nc2n(n1)CCNC2,1,O[C@@H](CN1CCn2ncnc2C1)C(F)F,matched_to_CHEMBL1385214,218.20699999999997,-0.2803000000000002,1,5,54.18,3,0,CHEMBL1385214,3.4039966666666692,0.11428571428571428,,,,
ZINCf5000002mHH8,O=S(=O)(CCl)N1CCO[C@@H]2CCNC[C@@H]21,decoy,local_zinc_pool,,,C1CC2OCCNC2CN1,1,O=S(=O)(CCl)N1CCO[C@@H]2CCNC[C@@H]21,matched_to_CHEMBL1369296,254.73899999999998,-0.4247999999999994,1,4,58.64,2,0,CHEMBL1369296,3.003006666666667,0.0967741935483871,,,,
ZINCf50000009psw,COC(=O)CCCn1nnnc1[C@H](C)O,decoy,local_zinc_pool,,,c1nnn[nH]1,1,COC(=O)CCCn1nnnc1[C@H](C)O,matched_to_CHEMBL1995726,214.22500000000002,-0.3204000000000004,1,7,90.13000000000001,5,0,CHEMBL1995726,4.49544666666667,0.16666666666666666,,,,
ZINCf500000189Cj,O=C(N[C@@H]1CC[C@@H]1F)[C@H](O)C1(O)CCC1,decoy,local_zinc_pool,,,O=C(CC1CCC1)NC1CCC1,1,O=C(N[C@@H]1CC[C@@H]1F)[C@H](O)C1(O)CCC1,matched_to_CHEMBL1608453,217.23999999999998,-0.1210000000000011,3,3,69.56,3,0,CHEMBL1608453,3.9403166666666682,0.15789473684210525,,,,
ZINCf50000009uM3,COCCN(CCF)C(=O)CS(C)(=O)=O,decoy,local_zinc_pool,,,,1,COCCN(CCF)C(=O)CS(C)(=O)=O,matched_to_CHEMBL1586169,241.284,-0.5244999999999989,0,4,63.68,7,0,CHEMBL1586169,5.135253333333336,0.125,,,,
ZINCf5000002aScU,COCCn1nnnc1SCC=CCN,decoy,local_zinc_pool,,,c1nnn[nH]1,1,COCCn1nnnc1SCC=CCN,matched_to_CHEMBL1493442,229.309,-0.07350000000000023,1,7,78.85,7,0,CHEMBL1493442,7.994903333333338,0.1038961038961039,,,,
ZINCf5000002dG7y,CCC[S@@](=O)N1CCO[C@H](C(=O)OC)C1,decoy,local_zinc_pool,,,C1COCCN1,1,CCC[S@@](=O)N1CCO[C@H](C(=O)OC)C1,matched_to_CHEMBL1325640,235.30499999999995,-0.0660999999999996,0,4,55.84,4,0,CHEMBL1325640,2.3056133333333344,0.18181818181818182,,,,
ZINCf50000017AV1,CC[C@H](O)CONC(=O)CSCC(N)=O,decoy,local_zinc_pool,,,,1,CC[C@H](O)CONC(=O)CSCC(N)=O,matched_to_CHEMBL463811,236.29299999999998,-0.976399999999999,3,5,101.65,8,0,CHEMBL463811,7.787200000000003,0.16176470588235295,,,,
ZINCf50000017oaP,C=C(F)CNC(=O)[C@H](C)NS(=O)(=O)CC,decoy,local_zinc_pool,,,,1,C=C(F)CNC(=O)[C@H](C)NS(=O)(=O)CC,matched_to_CHEMBL294989,238.28399999999996,-0.08640000000000048,2,3,75.27000000000001,6,0,CHEMBL294989,3.9062733333333357,0.14754098360655737,,,,
ZINCf5000000atn7,O=C(O)CCn1cc(COCCO)nn1,decoy,local_zinc_pool,,,c1c[nH]nn1,1,O=C(O)CCn1cc(COCCO)nn1,matched_to_CHEMBL462830,215.209,-0.7383,2,6,97.47,7,0,CHEMBL462830,7.44360666666667,0.14864864864864866,,,,
ZINCf50000017HZ5,COC(=O)CN(C)C(=O)C(=O)CCSC,decoy,local_zinc_pool,,,,1,COC(=O)CN(C)C(=O)C(=O)CCSC,matched_to_CHEMBL2431120,233.289,-0.060000000000000275,0,5,63.68,6,0,CHEMBL2431120,5.634506666666671,0.15384615384615385,,,,
ZINCf5000002mCLt,CO[C@H](CN[C@H](C)CS(N)(=O)=O)C(C)C,decoy,local_zinc_pool,,,,1,CO[C@H](CN[C@H](C)CS(N)(=O)=O)C(C)C,matched_to_CHEMBL3315193,238.35299999999998,-0.07599999999999896,2,4,81.41999999999999,7,0,CHEMBL3315193,4.915400000000002,0.1267605633802817,,,,
ZINCf5000002s63L,COCCCS(=O)(=O)NO[C@H](C)C(=O)O,decoy,local_zinc_pool,,,,1,COCCCS(=O)(=O)NO[C@H](C)C(=O)O,matched_to_CHEMBL3099769,241.26500000000001,-0.6529999999999994,2,5,101.93000000000002,8,0,CHEMBL3099769,7.220776666666671,0.18333333333333332,,,,
ZINCf50000008Pur,CC(C)[C@H](NC=O)C(=O)NS(=O)(=O)CI,decoy,local_zinc_pool,,,,1,CC(C)[C@H](NC=O)C(=O)NS(=O)(=O)CI,matched_to_CHEMBL3315203,348.162,-0.4045000000000001,2,4,92.34,6,0,CHEMBL3315203,4.749110000000005,0.14754098360655737,,,,
ZINCf5000000acCW,Cn1nnc(C[S@@](=O)Cc2ccon2)n1,decoy,local_zinc_pool,,,O=S(Cc1ccon1)Cc1nn[nH]n1,1,Cn1nnc(C[S@@](=O)Cc2ccon2)n1,matched_to_CHEMBL1301125,227.249,-0.353,0,7,86.7,4,0,CHEMBL1301125,5.9986600000000045,0.14754098360655737,,,,
ZINCf50000029adq,CCCNC(=O)[C@H](CC)NS(=O)(=O)OC,decoy,local_zinc_pool,,,,1,CCCNC(=O)[C@H](CC)NS(=O)(=O)OC,matched_to_CHEMBL3315221,238.30899999999997,-0.22799999999999954,2,4,84.50000000000001,7,0,CHEMBL3315221,4.916373333333338,0.15,,,,
ZINCf5000002qsQM,CC1(C[C@@H](N)C(=O)NOCCCN)N=N1,decoy,local_zinc_pool,,,C1N=N1,1,CC1(C[C@@H](N)C(=O)NOCCCN)N=N1,matched_to_CHEMBL1323442,215.25699999999998,-0.7175999999999987,3,6,115.09,7,0,CHEMBL1323442,4.955733333333335,0.13333333333333333,,,,
ZINCf50000008UN0,CCCS(=O)(=O)NCCCOCC(=O)O,decoy,local_zinc_pool,,,,1,CCCS(=O)(=O)NCCCOCC(=O)O,matched_to_CHEMBL3099777,239.29299999999992,-0.19289999999999968,2,4,92.7,9,0,CHEMBL3099777,7.925110000000004,0.14473684210526316,,,,
ZINCf50000017Jcy,COC(=O)c1coc(CNS(C)(=O)=O)n1,decoy,local_zinc_pool,,,c1cocn1,1,COC(=O)c1coc(CNS(C)(=O)=O)n1,matched_to_CHEMBL1490404,234.233,-0.48960000000000004,1,6,98.49999999999999,4,0,CHEMBL1490404,4.538263333333335,0.18309859154929578,,,,
ZINCf50000009w27,COCCSCCCn1nnn(C)c1=O,decoy,local_zinc_pool,,,O=c1[nH]nn[nH]1,1,COCCSCCCn1nnn(C)c1=O,matched_to_CHEMBL1611170,232.309,-0.2535000000000005,0,7,61.94,7,0,CHEMBL1611170,6.68144666666667,0.1232876712328767,,,,
ZINCf5000001Djwe,CS(=O)(=O)CCNC1CC2CCC(C1)N2,decoy,local_zinc_pool,,,C1CC2CCC(C1)N2,1,CS(=O)(=O)CCNC1CC2CCC(C1)N2,matched_to_CHEMBL1600146,232.349,-0.0963999999999991,2,4,58.2,4,0,CHEMBL1600146,1.86898,0.10344827586206896,,,,
ZINCf50000009zwx,COC[C@H](Nc1cnc(I)nc1)C(N)=O,decoy,local_zinc_pool,,,c1cncnc1,1,COC[C@H](Nc1cnc(I)nc1)C(N)=O,matched_to_CHEMBL1468368,322.10600000000005,-0.00660000000000005,2,5,90.13,5,0,CHEMBL1468368,4.153270000000001,0.1875,,,,
ZINCf50000008UG8,CCCS(=O)(=O)CC(=O)N[C@H](CC)CO,decoy,local_zinc_pool,,,,1,CCCS(=O)(=O)CC(=O)N[C@H](CC)CO,matched_to_CHEMBL3315213,237.32099999999997,-0.3016999999999996,2,4,83.47,7,0,CHEMBL3315213,5.465423333333336,0.15,,,,
ZINCf5000001wG0U,CCCNS(=O)(=O)NCC(C)C(=O)OC,decoy,local_zinc_pool,,,,1,CCCNS(=O)(=O)NCC(C)C(=O)OC,matched_to_CHEMBL3315202,238.30899999999997,-0.3704999999999985,2,4,84.50000000000001,7,0,CHEMBL3315202,5.011373333333337,0.1694915254237288,,,,
ZINCf5000000albx,NOCC(=O)N1CCn2ncc(I)c2C1,decoy,local_zinc_pool,,,c1cc2n(n1)CCNC2,1,NOCC(=O)N1CCn2ncc(I)c2C1,matched_to_CHEMBL1546134,322.10600000000005,-0.27980000000000005,1,5,73.38,2,0,CHEMBL1546134,3.7001133333333343,0.1518987341772152,,,,
ZINCf50000009GL3,CSCCS(=O)(=O)NC(=O)[C@@H](C)CCN,decoy,local_zinc_pool,,,,1,CSCCS(=O)(=O)NC(=O)[C@@H](C)CCN,matched_to_CHEMBL3315209,254.37699999999998,-0.219699999999999,2,5,89.26,7,0,CHEMBL3315209,5.831526666666669,0.125,,,,
ZINCf5000002eeeG,NCCCNCCSCCCS(N)(=O)=O,decoy,local_zinc_pool,,,,1,NCCCNCCSCCCS(N)(=O)=O,matched_to_CHEMBL1538066,255.40899999999993,-0.6633999999999984,3,5,98.20999999999998,10,0,CHEMBL1538066,5.638210000000004,0.09090909090909091,,,,
ZINCf5000002sdHj,COC(=O)CCN(C)[C@H](C)CS(C)(=O)=O,decoy,local_zinc_pool,,,,1,COC(=O)CCN(C)[C@H](C)CS(C)(=O)=O,matched_to_CHEMBL2431121,237.321,-0.08559999999999945,0,5,63.68,6,0,CHEMBL2431121,6.4119266666666705,0.14754098360655737,,,,
ZINCf5000001OeYf,COC(=O)CN(C)CCNS(=O)(=O)CI,decoy,local_zinc_pool,,,,1,COC(=O)CN(C)CCNS(=O)(=O)CI,matched_to_CHEMBL1597454,350.178,-0.5968999999999993,1,5,75.71000000000001,7,0,CHEMBL1597454,7.844820000000003,0.136986301369863,,,,
ZINCf5000002mB1l,CN(CC[C@@H]1CCO1)CCn1cnnn1,decoy,local_zinc_pool,,,c1nnnn1CCNCCC1CCO1,1,CN(CC[C@@H]1CCO1)CCn1cnnn1,matched_to_CHEMBL1446377,211.269,-0.21609999999999974,0,6,56.07,6,0,CHEMBL1446377,5.865110000000005,0.15555555555555556,,,,
ZINCf50000024rPW,COCCN([C@@H](C)COC)S(=O)(=O)OC,decoy,local_zinc_pool,,,,1,COCCN([C@@H](C)COC)S(=O)(=O)OC,matched_to_CHEMBL1547420,241.30899999999997,-0.1390999999999991,0,5,65.07000000000001,8,0,CHEMBL1547420,7.099753333333336,0.10810810810810811,,,,
ZINCf50000009fjA,CN(CCS(N)(=O)=O)c1ncc(Br)cn1,decoy,local_zinc_pool,,,c1cncnc1,1,CN(CCS(N)(=O)=O)c1ncc(Br)cn1,matched_to_CHEMBL1312502,295.162,-0.0361999999999999,1,5,89.17999999999999,4,0,CHEMBL1312502,5.244053333333337,0.1375,,,,
ZINCf5000000Zqeh,C#CCCCS(=O)(=O)Cc1nnnn1C,decoy,local_zinc_pool,,,c1nnn[nH]1,1,C#CCCCS(=O)(=O)Cc1nnnn1C,matched_to_CHEMBL1328169,228.277,-0.4617000000000002,0,6,77.74000000000001,5,0,CHEMBL1328169,6.69551333333334,0.10465116279069768,,,,
ZINCf50000009bz1,CN(C(C)(C)C)S(=O)(=O)N1CCNCC1,decoy,local_zinc_pool,,,C1CNCCN1,1,CN(C(C)(C)C)S(=O)(=O)N1CCNCC1,matched_to_CHEMBL1586252,235.35299999999995,-0.13329999999999886,1,3,52.650000000000006,2,0,CHEMBL1586252,4.514243333333335,0.10606060606060606,,,,
ZINCf5000000ZqRZ,CC(C)CCN(C)c1nnc(O)nc1O,decoy,local_zinc_pool,,,c1cnncn1,1,CC(C)CCN(C)c1nnc(O)nc1O,matched_to_CHEMBL1594369,212.25300000000001,0.7650999999999997,2,6,82.37,4,0,CHEMBL1594369,4.5271966666666685,0.15,,,,
ZINCf5000002rLMQ,CCOCCONC(=O)c1nnsc1N,decoy,local_zinc_pool,,,c1csnn1,1,CCOCCONC(=O)c1nnsc1N,matched_to_CHEMBL2003819,232.26500000000001,-0.1818000000000003,2,7,99.36,6,0,CHEMBL2003819,4.143693333333335,0.16666666666666666,,,,
ZINCf5000002dKPr,C[C@H](CCCN)NS(=O)(=O)N1CC(Cl)C1,decoy,local_zinc_pool,,,C1CNC1,1,C[C@H](CCCN)NS(=O)(=O)N1CC(Cl)C1,matched_to_CHEMBL3315194,255.771,-0.1287999999999987,2,3,75.42999999999999,6,0,CHEMBL3315194,2.0801599999999993,0.12903225806451613,,,,
ZINCf5000002mBnK,CN(C(=O)C1[C@H]2CC[C@H]12)C1CS(=O)(=O)C1,decoy,local_zinc_pool,,,O=C(NC1CS(=O)(=O)C1)C1C2CCC21,1,CN(C(=O)C1[C@H]2CC[C@H]12)C1CS(=O)(=O)C1,matched_to_CHEMBL1550591,229.30099999999996,-0.10220000000000007,0,3,54.45,2,0,CHEMBL1550591,3.0568866666666685,0.10714285714285714,,,,
ZINCf5000000YbiD,CON(C)CC(=O)OCc1cnn(C)c1,decoy,local_zinc_pool,,,c1cn[nH]c1,1,CON(C)CC(=O)OCc1cnn(C)c1,matched_to_CHEMBL2431119,213.237,-0.043500000000000316,0,6,56.589999999999996,5,0,CHEMBL2431119,5.512690000000004,0.1780821917808219,,,,
ZINCf50000009KPt,C[C@@H](CSc1nncn1N)CS(C)(=O)=O,decoy,local_zinc_pool,,,c1nnc[nH]1,1,C[C@@H](CSc1nncn1N)CS(C)(=O)=O,matched_to_CHEMBL1966869,250.34899999999996,-0.2353000000000003,1,7,90.87,5,0,CHEMBL1966869,5.844960000000005,0.14457831325301204,,,,
ZINCf50000009BiI,CON(CCO)C[C@H]1CCc2ncnn21,decoy,local_zinc_pool,,,c1nc2n(n1)CCC2,1,CON(CCO)C[C@H]1CCc2ncnn21,matched_to_CHEMBL1438069,212.253,-0.3789000000000007,1,6,63.410000000000004,5,0,CHEMBL1438069,4.5544100000000025,0.13924050632911392,,,,
ZINCf5000002rLME,CCOCCONC(=O)C1(C(=O)O)CC1,decoy,local_zinc_pool,,,C1CC1,1,CCOCCONC(=O)C1(C(=O)O)CC1,matched_to_CHEMBL3315223,217.22099999999998,-0.06450000000000067,2,4,84.86,7,0,CHEMBL3315223,5.032653333333337,0.14492753623188406,,,,
ZINCf50000017OF5,CS(=O)(=O)CCCOC1=NS(=O)(=O)C=C1,decoy,local_zinc_pool,,,O=S1(=O)C=CC=N1,1,CS(=O)(=O)CCCOC1=NS(=O)(=O)C=C1,matched_to_CHEMBL1611686,253.30100000000002,-0.30669999999999953,0,5,89.87,4,0,CHEMBL1611686,5.079050000000003,0.12987012987012986,,,,
ZINCf50000018cLy,O=S1(=O)CC(CN2C[C@H]3CCO[C@H]3C2)C1,decoy,local_zinc_pool,,,O=S1(=O)CC(CN2CC3CCOC3C2)C1,1,O=S1(=O)CC(CN2C[C@H]3CCO[C@H]3C2)C1,matched_to_CHEMBL1595121,231.31699999999995,-0.2482999999999993,0,4,46.61,2,0,CHEMBL1595121,4.327766666666669,0.1,,,,
ZINCf50000009I18,C[C@@H](C(=O)NC1CCS(=O)CC1)N(C)C,decoy,local_zinc_pool,,,O=S1CCCCC1,1,C[C@@H](C(=O)NC1CCS(=O)CC1)N(C)C,matched_to_CHEMBL1340713,232.34899999999996,-0.03619999999999979,1,3,49.410000000000004,3,0,CHEMBL1340713,2.9404600000000007,0.13253012048192772,,,,
ZINCf5000000SNCx,Cc1scnc1C(=O)NC[C@@H](O)[C@H](C)O,decoy,local_zinc_pool,,,c1cscn1,1,Cc1scnc1C(=O)NC[C@@H](O)[C@H](C)O,matched_to_CHEMBL1453900,230.289,-0.07698000000000033,3,5,82.45,4,0,CHEMBL1453900,4.322526666666668,0.19444444444444445,,,,
ZINCf50000017WSx,C[C@H](O)CCONC(=O)CSCC(N)=O,decoy,local_zinc_pool,,,,1,C[C@H](O)CCONC(=O)CSCC(N)=O,matched_to_CHEMBL3315204,236.29299999999998,-0.976399999999999,3,5,101.65,8,0,CHEMBL3315204,5.841483333333336,0.15714285714285714,,,,
ZINCf5000001815g,Cn1nnc(CSCc2nnc(O)s2)n1,decoy,local_zinc_pool,,,c1nnc(CSCc2nn[nH]n2)s1,1,Cn1nnc(CSCc2nnc(O)s2)n1,matched_to_CHEMBL1461496,244.305,0.2005999999999999,1,9,89.61,4,0,CHEMBL1461496,4.1510033333333345,0.13114754098360656,,,,
ZINCf50000009KY4,C[C@@H](C[S@](C)=O)OC(=O)c1ncn(C)n1,decoy,local_zinc_pool,,,c1nc[nH]n1,1,C[C@@H](C[S@](C)=O)OC(=O)c1ncn(C)n1,matched_to_CHEMBL1387563,231.277,-0.2611000000000001,0,6,74.08000000000001,4,0,CHEMBL1387563,5.444363333333337,0.17333333333333334,,,,
ZINCf50000017Fmk,CNC(=O)C(=O)N1C[C@@H]2C[C@]2(C(F)F)C1,decoy,local_zinc_pool,,,C1NCC2CC12,1,CNC(=O)C(=O)N1C[C@@H]2C[C@]2(C(F)F)C1,matched_to_CHEMBL1321527,218.20299999999995,-0.15400000000000058,1,2,49.410000000000004,1,0,CHEMBL1321527,2.054826666666668,0.15,,,,
ZINCf5000000ay0Z,O=c1ncc(I)cn1CC1(CO)COC1,decoy,local_zinc_pool,,,O=c1ncccn1CC1COC1,1,O=c1ncc(I)cn1CC1(CO)COC1,matched_to_CHEMBL1385214,322.10200000000015,-0.1432,1,5,64.35000000000001,3,0,CHEMBL1385214,2.877286666666669,0.1518987341772152,,,,
ZINCf5000000ak47,NC[C@@H]1C[C@@H](C(=O)N2CCSCC2)CO1,decoy,local_zinc_pool,,,O=C(C1CCOC1)N1CCSCC1,1,NC[C@@H]1C[C@@H](C(=O)N2CCSCC2)CO1,matched_to_CHEMBL1369296,230.33299999999994,-0.07440000000000024,1,4,55.56,2,0,CHEMBL1369296,3.136666666666668,0.13114754098360656,,,,
ZINCf50000009G8x,CS(=O)(=O)SCCNC(=O)c1csnn1,decoy,local_zinc_pool,,,c1csnn1,1,CS(=O)(=O)SCCNC(=O)c1csnn1,matched_to_CHEMBL1995726,267.357,-0.039299999999999835,1,7,89.02,5,0,CHEMBL1995726,3.7323266666666686,0.18309859154929578,,,,
ZINCf5000002a0Ua,C[C@@]1(CNC(=O)C=CI)NC(=O)NC1=O,decoy,local_zinc_pool,,,O=C1CNC(=O)N1,1,C[C@@]1(CNC(=O)C=CI)NC(=O)NC1=O,matched_to_CHEMBL1608453,323.09000000000003,-0.3506000000000002,3,3,87.30000000000001,3,0,CHEMBL1608453,3.6908833333333346,0.14285714285714285,,,,
ZINCf50000009vrJ,COCCOCCN1CCO[C@@H](OC)C1,decoy,local_zinc_pool,,,C1COCCN1,1,COCCOCCN1CCO[C@@H](OC)C1,matched_to_CHEMBL1586169,219.28099999999998,-0.04589999999999872,0,5,40.160000000000004,7,0,CHEMBL1586169,4.92981666666667,0.1111111111111111,,,,
ZINCf5000002e91S,COC(=O)[C@@H](CC#N)NC(=O)CN=[N+]=[N-],decoy,local_zinc_pool,,,,1,COC(=O)[C@@H](CC#N)NC(=O)CN=[N+]=[N-],matched_to_CHEMBL1493442,211.181,-0.13182,1,5,127.95,5,0,CHEMBL1493442,8.251063333333338,0.171875,,,,
ZINCf50000009FEq,CS(=O)(=O)CCCN1C[C@H]2COC[C@H]2C1,decoy,local_zinc_pool,,,C1NCC2COCC12,1,CS(=O)(=O)CCCN1C[C@H]2COC[C@H]2C1,matched_to_CHEMBL1325640,233.33299999999997,-0.0006999999999994788,0,4,46.61,4,0,CHEMBL1325640,2.288533333333334,0.09523809523809523,,,,
ZINCf50000029civ,[N-]=[N+]=NCCC(=O)NOCCOCCO,decoy,local_zinc_pool,,,,1,[N-]=[N+]=NCCC(=O)NOCCOCCO,matched_to_CHEMBL463811,218.21299999999994,-0.2564999999999999,2,5,116.55000000000003,9,0,CHEMBL463811,7.392066666666669,0.1095890410958904,,,,
ZINCf50000009ntQ,CNS(=O)(=O)CC(=O)NCCC(C)(C)F,decoy,local_zinc_pool,,,,1,CNS(=O)(=O)CC(=O)NCCC(C)(C)F,matched_to_CHEMBL294989,240.29999999999995,-0.20999999999999996,2,3,75.27,6,0,CHEMBL294989,3.9685133333333367,0.13924050632911392,,,,
ZINCf50000009q0n,COC(=O)CSCC(=O)NS(=O)(=O)CI,decoy,local_zinc_pool,,,,1,COC(=O)CSCC(=O)NS(=O)(=O)CI,matched_to_CHEMBL462830,367.18600000000004,-0.26890000000000014,1,6,89.53999999999999,6,0,CHEMBL462830,7.428103333333338,0.14084507042253522,,,,
ZINCf5000002am9v,C#CCOCC[S@](=O)Cc1cn(C)nn1,decoy,local_zinc_pool,,,c1c[nH]nn1,1,C#CCOCC[S@](=O)Cc1cn(C)nn1,matched_to_CHEMBL2431120,227.289,-0.28640000000000043,0,5,57.010000000000005,6,0,CHEMBL2431120,5.813840000000005,0.1282051282051282,,,,
ZINCf50000008Gy0,C=CCONC(=O)NCCS(=O)(=O)CC,decoy,local_zinc_pool,,,,1,C=CCONC(=O)NCCS(=O)(=O)CC,matched_to_CHEMBL3315193,236.29299999999995,-0.1620999999999997,2,4,84.5,7,0,CHEMBL3315193,4.8926000000000025,0.125,,,,
ZINCf50000017L4I,COC[C@@H](C)CS(=O)(=O)NCCCCN,decoy,local_zinc_pool,,,,1,COC[C@@H](C)CS(=O)(=O)NCCCCN,matched_to_CHEMBL3099769,238.35299999999995,-0.07279999999999787,2,4,81.42,9,0,CHEMBL3099769,7.683496666666671,0.11538461538461539,,,,
ZINCf50000008TCr,CCCCS(=O)(=O)CC(=O)NC[C@@H](C)O,decoy,local_zinc_pool,,,,1,CCCCS(=O)(=O)CC(=O)NC[C@@H](C)O,matched_to_CHEMBL3315203,237.32099999999997,-0.3016999999999996,2,4,83.47,7,0,CHEMBL3315203,4.99418666666667,0.1694915254237288,,,,
ZINCf5000000apQ8,O=C(Cn1nccn1)OCc1cnns1,decoy,local_zinc_pool,,,O=C(Cn1nccn1)OCc1cnns1,1,O=C(Cn1nccn1)OCc1cnns1,matched_to_CHEMBL1301125,225.233,-0.12700000000000033,0,8,82.79,4,0,CHEMBL1301125,6.218153333333337,0.17567567567567569,,,,
ZINCf50000017zia,CC[C@@H](C)N(C)C[C@@H](O)CCS(N)(=O)=O,decoy,local_zinc_pool,,,,1,CC[C@@H](C)N(C)C[C@@H](O)CCS(N)(=O)=O,matched_to_CHEMBL3315221,238.35299999999998,-0.24379999999999813,2,4,83.63,7,0,CHEMBL3315221,4.938866666666669,0.09859154929577464,,,,
ZINCf50000008VLK,CCCc1nnc(SC[C@@H](O)CO)n1N,decoy,local_zinc_pool,,,c1nnc[nH]1,1,CCCc1nnc(SC[C@@H](O)CO)n1N,matched_to_CHEMBL1323442,232.309,-0.6103000000000001,3,7,97.19000000000001,6,0,CHEMBL1323442,5.429680000000001,0.1,,,,
ZINCf5000002mHDq,O=S(=O)(CBr)NCCCNS(=O)(=O)CBr,decoy,local_zinc_pool,,,,1,O=S(=O)(CBr)NCCCNS(=O)(=O)CBr,matched_to_CHEMBL3099777,388.10300000000007,-0.0798999999999998,2,4,92.34,8,0,CHEMBL3099777,6.87607666666667,0.08333333333333333,,,,
ZINCf50000009BLy,CONC(=O)Cn1cc([N+](=O)[O-])nc1C,decoy,local_zinc_pool,,,c1c[nH]cn1,1,CONC(=O)Cn1cc([N+](=O)[O-])nc1C,matched_to_CHEMBL1490404,214.18099999999998,-0.2226800000000002,1,6,99.28999999999999,4,0,CHEMBL1490404,4.529236666666669,0.2608695652173913,,,,
ZINCf5000000ZrWW,CCn1nnc(CS(=O)(=O)CCC#N)n1,decoy,local_zinc_pool,,,c1nn[nH]n1,1,CCn1nnc(CS(=O)(=O)CCC#N)n1,matched_to_CHEMBL1611170,229.26499999999996,-0.47852000000000006,0,7,101.52999999999999,5,0,CHEMBL1611170,6.278300000000003,0.14035087719298245,,,,
ZINCf50000009QGz,C[C@@H]1C[C@@H](NC(=O)[C@@H](N)CN(C)C)CS1,decoy,local_zinc_pool,,,C1CCSC1,1,C[C@@H]1C[C@@H](NC(=O)[C@@H](N)CN(C)C)CS1,matched_to_CHEMBL1600146,231.36499999999998,-0.11449999999999849,2,4,58.36000000000001,4,0,CHEMBL1600146,1.8844866666666662,0.14516129032258066,,,,
ZINCf5000002dW9F,CC[S@](=N)(=O)NC(=O)[C@H](OC)C(=O)OC,decoy,local_zinc_pool,,,,1,CC[S@](=N)(=O)NC(=O)[C@H](OC)C(=O)OC,matched_to_CHEMBL1468368,238.26499999999996,-0.7277299999999991,2,6,105.55000000000003,5,0,CHEMBL1468368,4.355633333333333,0.15873015873015872,,,,
ZINCf50000009nAl,CNS(=O)(=O)CCCNS(=O)(=O)C(Cl)Cl,decoy,local_zinc_pool,,,,1,CNS(=O)(=O)CCCNS(=O)(=O)C(Cl)Cl,matched_to_CHEMBL3315213,299.201,-0.3937000000000004,2,4,92.34,7,0,CHEMBL3315213,5.202756666666669,0.0875,,,,
ZINCf5000002dwiC,CC(C)C[S@@](=O)NC[C@H](O)CS(C)(=O)=O,decoy,local_zinc_pool,,,,1,CC(C)C[S@@](=O)NC[C@H](O)CS(C)(=O)=O,matched_to_CHEMBL3315202,257.377,-0.698799999999999,2,4,83.47,7,0,CHEMBL3315202,5.058360000000003,0.13114754098360656,,,,
ZINCf50000009W2D,C[C@H](CO)N(C)C(=O)Cn1cc(I)nn1,decoy,local_zinc_pool,,,c1c[nH]nn1,1,C[C@H](CO)N(C)C(=O)Cn1cc(I)nn1,matched_to_CHEMBL1546134,324.12199999999996,-0.27810000000000024,1,5,71.25,4,0,CHEMBL1546134,3.5936200000000027,0.1875,,,,
ZINCf50000009Aos,COC[C@](C)(O)CC(=O)NS(=O)(=O)CI,decoy,local_zinc_pool,,,,1,COC[C@](C)(O)CC(=O)NS(=O)(=O)CI,matched_to_CHEMBL3315209,351.162,-0.38759999999999994,2,5,92.69999999999999,6,0,CHEMBL3315209,5.338010000000003,0.14516129032258066,,,,
ZINCf5000002rLOE,CCOCCONC(=O)[C@@H](O)CCCN,decoy,local_zinc_pool,,,,1,CCOCCONC(=O)[C@@H](O)CCCN,matched_to_CHEMBL1538066,220.26899999999998,-0.8294999999999988,3,5,93.81,9,0,CHEMBL1538066,6.776343333333336,0.14285714285714285,,,,
ZINCf5000002dZlW,CN(CCCn1cnnn1)C[C@@H]1CCO1,decoy,local_zinc_pool,,,c1nnnn1CCCNCC1CCO1,1,CN(CCCn1cnnn1)C[C@@H]1CCO1,matched_to_CHEMBL2431121,211.26899999999998,-0.21609999999999974,0,6,56.07000000000001,6,0,CHEMBL2431121,6.265446666666673,0.15384615384615385,,,,
ZINCf5000002r56C,CC[C@@H](CC(=O)OCCS(N)(=O)=O)OC,decoy,local_zinc_pool,,,,1,CC[C@@H](CC(=O)OCCS(N)(=O)=O)OC,matched_to_CHEMBL1597454,239.29299999999998,-0.3667999999999991,1,5,95.69000000000001,7,0,CHEMBL1597454,8.001070000000002,0.15873015873015872,,,,
ZINCf5000000YbiA,CON(C)CC(=O)OCc1cn(C)cn1,decoy,local_zinc_pool,,,c1c[nH]cn1,1,CON(C)CC(=O)OCc1cn(C)cn1,matched_to_CHEMBL1446377,213.237,-0.04350000000000054,0,6,56.589999999999996,5,0,CHEMBL1446377,6.20956333333334,0.1686746987951807,,,,
ZINCf5000000Ybib,COCc1nc(CCSCC(N)=O)no1,decoy,local_zinc_pool,,,c1ncon1,1,COCc1nc(CCSCC(N)=O)no1,matched_to_CHEMBL1547420,231.277,-0.02300000000000002,1,6,91.24000000000001,7,0,CHEMBL1547420,7.075873333333336,0.13580246913580246,,,,
ZINCf5000000axEn,O=S1(=O)CC(S(=O)(=O)NCC2(Br)CC2)C1,decoy,local_zinc_pool,,,O=S1(=O)CC(S(=O)(=O)NCC2CC2)C1,1,O=S1(=O)CC(S(=O)(=O)NCC2(Br)CC2)C1,matched_to_CHEMBL1312502,318.2140000000001,-0.3696999999999997,1,4,80.31,4,0,CHEMBL1312502,5.38106666666667,0.0967741935483871,,,,
ZINCf500000090vP,CCOC(=O)CCCn1nnn(C)c1=O,decoy,local_zinc_pool,,,O=c1[nH]nn[nH]1,1,CCOC(=O)CCCn1nnn(C)c1=O,matched_to_CHEMBL1328169,214.225,-0.6798999999999997,0,7,79.01,5,0,CHEMBL1328169,6.532300000000006,0.21311475409836064,,,,
ZINCf5000001KDfx,O=C([C@@H]1C[C@@H]1Br)N1CC2(CNCCO2)C1,decoy,local_zinc_pool,,,O=C(C1CC1)N1CC2(CNCCO2)C1,1,O=C([C@@H]1C[C@@H]1Br)N1CC2(CNCCO2)C1,matched_to_CHEMBL1586252,275.146,-0.029400000000000093,1,3,41.57000000000001,1,0,CHEMBL1586252,4.471846666666667,0.1111111111111111,,,,
ZINCf50000009Nk8,C[C@@H](O)CNS(=O)(=O)c1cnn(C)c1Br,decoy,local_zinc_pool,,,c1cn[nH]c1,1,C[C@@H](O)CNS(=O)(=O)c1cnn(C)c1Br,matched_to_CHEMBL1594369,298.162,-0.1583000000000001,2,5,84.22,4,0,CHEMBL1594369,4.709706666666669,0.2,,,,
ZINCf5000000WAJX,COc1cc(NCCON)nc(OC)n1,decoy,local_zinc_pool,,,c1cncnc1,1,COc1cc(NCCON)nc(OC)n1,matched_to_CHEMBL2003819,214.225,-0.20400000000000018,2,7,91.52000000000001,6,0,CHEMBL2003819,4.294893333333334,0.15789473684210525,,,,
ZINCf50000008WXx,CCN(CC)S(=O)(=O)NC[C@H]1C[C@H](N)C1,decoy,local_zinc_pool,,,C1CCC1,1,CCN(CC)S(=O)(=O)NC[C@H]1C[C@H](N)C1,matched_to_CHEMBL3315194,235.35299999999998,-0.10009999999999825,2,3,75.43,6,0,CHEMBL3315194,2.2652066666666664,0.10909090909090909,,,,
ZINCf5000000a49Z,C[C@H]1OCC[C@H]1CN1CCN(C)S1(=O)=O,decoy,local_zinc_pool,,,O=S1(=O)NCCN1CC1CCOC1,1,C[C@H]1OCC[C@H]1CN1CCN(C)S1(=O)=O,matched_to_CHEMBL1550591,234.321,-0.09639999999999915,0,3,49.85,2,0,CHEMBL1550591,2.8380200000000015,0.11428571428571428,,,,
ZINCf50000009zaz,COC[C@H](CS(=O)(=O)N1CCSC1)OC,decoy,local_zinc_pool,,,C1CSCN1,1,COC[C@H](CS(=O)(=O)N1CCSC1)OC,matched_to_CHEMBL2431119,255.36099999999996,-0.01609999999999956,0,5,55.84,6,0,CHEMBL2431119,5.1031833333333365,0.1,,,,
ZINCf5000002aU6d,N#CCS(=O)(=O)NCCn1cc(I)cn1,decoy,local_zinc_pool,,,c1cn[nH]c1,1,N#CCS(=O)(=O)NCCn1cc(I)cn1,matched_to_CHEMBL1966869,340.146,-0.06932000000000027,1,5,87.77999999999999,5,0,CHEMBL1966869,5.959936666666671,0.13559322033898305,,,,
ZINCf5000002dRs4,CCn1nnnc1CN(C)CC1(O)CC1,decoy,local_zinc_pool,,,C(NCC1CC1)c1nnn[nH]1,1,CCn1nnnc1CN(C)CC1(O)CC1,matched_to_CHEMBL1438069,211.26899999999998,-0.3503000000000003,1,6,67.07000000000001,5,0,CHEMBL1438069,4.635583333333335,0.11666666666666667,,,,
ZINCf5000000947y,CC[C@@H](C)NC(=O)CS(=O)(=O)CCCO,decoy,local_zinc_pool,,,,1,CC[C@@H](C)NC(=O)CS(=O)(=O)CCCO,matched_to_CHEMBL3315223,237.32099999999994,-0.3016999999999996,2,4,83.47,7,0,CHEMBL3315223,4.99418666666667,0.16666666666666666,,,,
ZINCf5000001CEAB,CN1C(CNS(=O)(=O)CBr)CCS1(=O)=O,decoy,local_zinc_pool,,,O=S1(=O)CCCN1,1,CN1C(CNS(=O)(=O)CBr)CCS1(=O)=O,matched_to_CHEMBL1611686,321.218,-0.7078999999999998,1,4,83.55000000000001,4,0,CHEMBL1611686,5.42014666666667,0.1111111111111111,,,,
ZINCf50000017NsX,CO[C@@H]1CN(C2CS(=O)(=O)C2)CC[C@H]1F,decoy,local_zinc_pool,,,O=S1(=O)CC(N2CCCCC2)C1,1,CO[C@@H]1CN(C2CS(=O)(=O)C2)CC[C@H]1F,matched_to_CHEMBL1595121,237.29599999999994,-0.15779999999999972,0,4,46.61,2,0,CHEMBL1595121,4.207643333333336,0.11940298507462686,,,,
ZINCf5000002dR3S,C=C(I)CN1CC(=O)N[C@@H](C(=O)OC)C1,decoy,local_zinc_pool,,,O=C1CNCCN1,1,C=C(I)CN1CC(=O)N[C@@H](C(=O)OC)C1,matched_to_CHEMBL1340713,324.1180000000001,-0.09150000000000036,1,4,58.64,3,0,CHEMBL1340713,2.918436666666666,0.15384615384615385,,,,
ZINCf5000002e1Lf,CNC(=O)[C@H](O)CNC(=O)C1=CSCS1,decoy,local_zinc_pool,,,C1=CSCS1,1,CNC(=O)[C@H](O)CNC(=O)C1=CSCS1,matched_to_CHEMBL1453900,248.32899999999998,-0.5115999999999998,3,5,78.43,4,0,CHEMBL1453900,4.338273333333335,0.16176470588235295,,,,
ZINCf50000017X2G,C[C@H](O)CONC(=O)CCSCC(N)=O,decoy,local_zinc_pool,,,,1,C[C@H](O)CONC(=O)CCSCC(N)=O,matched_to_CHEMBL3315204,236.29299999999995,-0.9763999999999993,3,5,101.65,8,0,CHEMBL3315204,5.841483333333336,0.14516129032258066,,,,
ZINCf5000000ZrqI,CC[C@@H](C#N)Sc1nc(O)n(C)c(=O)n1,decoy,local_zinc_pool,,,O=c1ncnc[nH]1,1,CC[C@@H](C#N)Sc1nc(O)n(C)c(=O)n1,matched_to_CHEMBL1461496,226.261,0.2751799999999999,1,7,91.8,3,0,CHEMBL1461496,4.869323333333336,0.125,,,,
ZINCf50000009scd,COC(=O)c1ncn(CC(=O)C(F)F)n1,decoy,local_zinc_pool,,,c1nc[nH]n1,1,COC(=O)c1ncn(CC(=O)C(F)F)n1,matched_to_CHEMBL1387563,219.147,-0.10109999999999975,0,6,74.08,4,0,CHEMBL1387563,5.458996666666671,0.19047619047619047,,,,
ZINCf5000002egOV,O=C1CCN(C(=O)C2[C@@H]3CC[C@@H]23)CCN1,decoy,local_zinc_pool,,,O=C1CCN(C(=O)C2C3CCC32)CCN1,1,O=C1CCN(C(=O)C2[C@@H]3CC[C@@H]23)CCN1,matched_to_CHEMBL1321527,208.26099999999994,-0.00909999999999983,1,2,49.410000000000004,1,0,CHEMBL1321527,2.0576466666666673,0.11864406779661017,,,,
ZINCf50000017oF2,C=CC1(O)CN(Cc2nnc(C)n2C)C1,decoy,local_zinc_pool,,,c1nnc(CN2CCC2)[nH]1,1,C=CC1(O)CN(Cc2nnc(C)n2C)C1,matched_to_CHEMBL1385214,208.265,-0.14378000000000024,1,5,54.18,3,0,CHEMBL1385214,3.4124033333333355,0.1323529411764706,,,,
ZINCf50000017RUo,C[C@@H](O)[C@@H]1CCCN(C2CS(=O)(=O)C2)C1,decoy,local_zinc_pool,,,O=S1(=O)CC(N2CCCCC2)C1,1,C[C@@H](O)[C@@H]1CCCN(C2CS(=O)(=O)C2)C1,matched_to_CHEMBL1369296,233.33299999999997,-0.12379999999999969,1,4,57.61,2,0,CHEMBL1369296,3.057600000000001,0.11594202898550725,,,,
ZINCf5000000a06A,C[C@H](O)CS(=O)(=O)CCCc1nnco1,decoy,local_zinc_pool,,,c1nnco1,1,C[C@H](O)CS(=O)(=O)CCCc1nnco1,matched_to_CHEMBL1995726,234.27699999999996,-0.20220000000000016,1,6,93.28999999999999,6,0,CHEMBL1995726,4.342526666666669,0.13793103448275862,,,,
ZINCf5000002rYLd,CN[C@@H](CC(F)(F)F)C(=O)NNC(C)=O,decoy,local_zinc_pool,,,,1,CN[C@@H](CC(F)(F)F)C(=O)NNC(C)=O,matched_to_CHEMBL1608453,227.18600000000004,-0.30590000000000006,3,3,70.23,3,0,CHEMBL1608453,3.9373233333333335,0.13559322033898305,,,,
ZINCf50000017DoC,CN(CCOC(F)F)S(=O)(=O)C1COC1,decoy,local_zinc_pool,,,C1COC1,1,CN(CCOC(F)F)S(=O)(=O)C1COC1,matched_to_CHEMBL1586169,245.24699999999996,-0.11400000000000032,0,4,55.84,6,0,CHEMBL1586169,5.00835666666667,0.09333333333333334,,,,
ZINCf5000000Vlgw,CCCOCC(=O)OCCc1nn[nH]n1,decoy,local_zinc_pool,,,c1nn[nH]n1,1,CCCOCC(=O)OCCc1nn[nH]n1,matched_to_CHEMBL1493442,214.225,-0.288,1,6,89.99,7,0,CHEMBL1493442,8.343143333333337,0.20634920634920634,,,,
ZINCf5000001BhxF,C=CCC(C(=O)OC)N1CC(=O)N(C)C1,decoy,local_zinc_pool,,,O=C1CNCN1,1,C=CCC(C(=O)OC)N1CC(=O)N(C)C1,matched_to_CHEMBL1325640,212.24899999999997,-0.16440000000000032,0,4,49.85,4,0,CHEMBL1325640,2.4789066666666684,0.16853932584269662,,,,
ZINCf5000000SMmi,C[C@@H](O)[C@@H](O)CNC(=O)CCCN=[N+]=[N-],decoy,local_zinc_pool,,,,1,C[C@@H](O)[C@@H](O)CNC(=O)CCCN=[N+]=[N-],matched_to_CHEMBL463811,216.24099999999999,-0.06520000000000081,3,4,118.32000000000001,7,0,CHEMBL463811,7.713453333333336,0.14285714285714285,,,,
ZINCf50000017CN3,CN(C1CCC1)S(=O)(=O)NC/C=C/CN,decoy,local_zinc_pool,,,C1CCC1,1,CN(C1CCC1)S(=O)(=O)NC/C=C/CN,matched_to_CHEMBL294989,233.337,-0.17999999999999827,2,3,75.43,6,0,CHEMBL294989,4.011743333333333,0.11267605633802817,,,,
ZINCf50000009CNG,CO[C@@H](CN)Cc1nc(CCCN)no1,decoy,local_zinc_pool,,,c1ncon1,1,CO[C@@H](CN)Cc1nc(CCCN)no1,matched_to_CHEMBL462830,214.26899999999998,-0.522899999999999,2,6,100.19,7,0,CHEMBL462830,7.200606666666671,0.09836065573770492,,,,
ZINCf50000008XvU,CCN(CCn1cnnn1)CC(=O)OC,decoy,local_zinc_pool,,,c1nnn[nH]1,1,CCN(CCn1cnnn1)CC(=O)OC,matched_to_CHEMBL2431120,213.24099999999999,-0.8319999999999994,0,7,73.14,6,0,CHEMBL2431120,5.728053333333337,0.16216216216216217,,,,
ZINCf50000009KUh,C[C@@H](C[S@@](C)=O)NC(=O)CSCC(=O)O,decoy,local_zinc_pool,,,,1,C[C@@H](C[S@@](C)=O)NC(=O)CSCC(=O)O,matched_to_CHEMBL3315193,253.34499999999997,-0.3125999999999994,2,4,83.47,7,0,CHEMBL3315193,4.841213333333337,0.1864406779661017,,,,
ZINCf500000184cO,NCCOCCC(=O)NCc1cnon1,decoy,local_zinc_pool,,,c1cnon1,1,NCCOCCC(=O)NCc1cnon1,matched_to_CHEMBL3099769,214.225,-0.9487999999999992,2,6,103.27,7,0,CHEMBL3099769,7.681976666666671,0.1625,,,,
ZINCf5000002s5ZW,COCCCONC(=O)[C@](C)(F)C(=O)O,decoy,local_zinc_pool,,,,1,COCCCONC(=O)[C@](C)(F)C(=O)O,matched_to_CHEMBL3315203,223.2,-0.11650000000000033,2,4,84.86,7,0,CHEMBL3315203,5.007530000000004,0.14754098360655737,,,,
ZINCf5000000YaTM,CCOC(=O)C(=O)N(CCI)S(C)(=O)=O,decoy,local_zinc_pool,,,,1,CCOC(=O)C(=O)N(CCI)S(C)(=O)=O,matched_to_CHEMBL1301125,349.146,-0.2272999999999996,0,5,80.75,4,0,CHEMBL1301125,5.627490000000004,0.1791044776119403,,,,
ZINCf50000017AmI,CC[C@H](C)ONC(=O)CCNS(C)(=O)=O,decoy,local_zinc_pool,,,,1,CC[C@H](C)ONC(=O)CCNS(C)(=O)=O,matched_to_CHEMBL3315221,238.30899999999997,-0.22799999999999865,2,4,84.5,7,0,CHEMBL3315221,4.916373333333336,0.15942028985507245,,,,
ZINCf5000002aTEW,Nc1nonc1C(=O)NCCSCCO,decoy,local_zinc_pool,,,c1cnon1,1,Nc1nonc1C(=O)NCCSCCO,matched_to_CHEMBL1323442,232.26499999999996,-0.8929,3,7,114.27,6,0,CHEMBL1323442,4.935320000000003,0.2,,,,
ZINCf50000008TKQ,CCCCn1c(O)nnc1SCC(N)=O,decoy,local_zinc_pool,,,c1nnc[nH]1,1,CCCCn1c(O)nnc1SCC(N)=O,matched_to_CHEMBL3099777,230.29299999999995,0.36120000000000013,2,6,94.03,6,0,CHEMBL3099777,8.092510000000004,0.12903225806451613,,,,
ZINCf5000002oFJC,COCOC(=O)c1coc(S(N)(=O)=O)c1,decoy,local_zinc_pool,,,c1ccoc1,1,COCOC(=O)c1coc(S(N)(=O)=O)c1,matched_to_CHEMBL1490404,235.21699999999998,-0.31229999999999997,1,6,108.82999999999998,4,0,CHEMBL1490404,4.467423333333333,0.1791044776119403,,,,
ZINCf50000009veg,COCCOC(=O)CSCCS(N)(=O)=O,decoy,local_zinc_pool,,,,1,COCCOC(=O)CSCCS(N)(=O)=O,matched_to_CHEMBL1611170,257.33299999999997,-0.8022999999999987,1,6,95.69,8,0,CHEMBL1611170,6.447073333333335,0.140625,,,,
ZINCf5000001zRw1,O=S(=O)(CC1CNCCO1)NCC=CBr,decoy,local_zinc_pool,,,C1COCCN1,1,O=S(=O)(CC1CNCCO1)NCC=CBr,matched_to_CHEMBL1600146,299.18999999999994,-0.1971999999999996,2,4,67.43,5,0,CHEMBL1600146,1.8777700000000008,0.13186813186813187,,,,
ZINCf50000027PC8,COC[C@H](Nc1cncc(I)n1)C(N)=O,decoy,local_zinc_pool,,,c1cnccn1,1,COC[C@H](Nc1cncc(I)n1)C(N)=O,matched_to_CHEMBL1468368,322.10600000000005,-0.00660000000000005,2,5,90.13,5,0,CHEMBL1468368,4.153270000000001,0.19230769230769232,,,,
ZINCf5000002s4Lp,COCCCCS(=O)(=O)N[C@@H]1CC[C@H]1N,decoy,local_zinc_pool,,,C1CCC1,1,COCCCCS(=O)(=O)N[C@@H]1CC[C@H]1N,matched_to_CHEMBL3315213,236.337,-0.17789999999999873,2,4,81.42,7,0,CHEMBL3315213,5.474730000000003,0.0989010989010989,,,,
ZINCf500000093yk,CCS(=O)(=O)NCCNC(=O)C=CSC,decoy,local_zinc_pool,,,,1,CCS(=O)(=O)NCCNC(=O)C=CSC,matched_to_CHEMBL3315202,252.36100000000002,-0.08140000000000058,2,4,75.27000000000001,7,0,CHEMBL3315202,5.024920000000003,0.12643678160919541,,,,
ZINCf50000009PIQ,C[C@@H]1CN(CCn2ccnn2)CC[C@H]1N,decoy,local_zinc_pool,,,c1cn(CCN2CCCCC2)nn1,1,C[C@@H]1CN(CCn2ccnn2)CC[C@H]1N,matched_to_CHEMBL1546134,209.29699999999997,-0.052799999999999625,1,5,59.97,3,0,CHEMBL1546134,3.640470000000002,0.11267605633802817,,,,
ZINCf50000028GQR,CC[S@](=N)(=O)NC(=O)Cn1ncc(Br)n1,decoy,local_zinc_pool,,,c1cn[nH]n1,1,CC[S@](=N)(=O)NC(=O)Cn1ncc(Br)n1,matched_to_CHEMBL3315209,296.15,0.13846999999999976,2,6,100.73000000000002,4,0,CHEMBL3315209,5.716216666666669,0.18666666666666668,,,,
ZINCf50000024ITY,C[C@@H](CCO)NC(=O)CNCCN=[N+]=[N-],decoy,local_zinc_pool,,,,1,C[C@@H](CCO)NC(=O)CNCCN=[N+]=[N-],matched_to_CHEMBL1538066,215.25699999999998,-0.22660000000000036,3,4,110.11999999999999,8,0,CHEMBL1538066,6.772130000000005,0.1746031746031746,,,,
ZINCf5000000Zt5Z,COCCCC(=O)OCc1nnnn1C,decoy,local_zinc_pool,,,c1nnn[nH]1,1,COCCCC(=O)OCc1nnnn1C,matched_to_CHEMBL2431121,214.225,-0.32010000000000005,0,7,79.13,6,0,CHEMBL2431121,6.417220000000004,0.14942528735632185,,,,
ZINCf5000002rLUi,CCOCCS(=O)(=O)N[C@H](C#N)COC,decoy,local_zinc_pool,,,,1,CCOCCS(=O)(=O)N[C@H](C#N)COC,matched_to_CHEMBL1597454,236.293,-0.5191199999999989,1,5,88.42,8,0,CHEMBL1597454,7.92341666666667,0.12,,,,
ZINCf500000092ra,CCON(CC)C(=O)[C@H](OC)C(=O)OC,decoy,local_zinc_pool,,,,1,CCON(CC)C(=O)[C@H](OC)C(=O)OC,matched_to_CHEMBL1446377,219.23699999999997,-0.025600000000000067,0,5,65.07,6,0,CHEMBL1446377,6.208030000000004,0.16666666666666666,,,,
ZINCf5000000acDW,Cn1nnc(S(=O)(=O)Cc2ccon2)n1,decoy,local_zinc_pool,,,O=S(=O)(Cc1ccon1)c1nn[nH]n1,1,Cn1nnc(S(=O)(=O)Cc2ccon2)n1,matched_to_CHEMBL1547420,229.22099999999998,-0.8280000000000003,0,8,103.77,3,0,CHEMBL1547420,7.1319000000000035,0.14864864864864866,,,,
ZINCf5000002s5Dp,COC[C@](C)(NS(=O)(=O)CI)C(=O)OC,decoy,local_zinc_pool,,,,1,COC[C@](C)(NS(=O)(=O)CI)C(=O)OC,matched_to_CHEMBL1312502,351.16200000000003,-0.12360000000000015,1,5,81.7,6,0,CHEMBL1312502,5.443120000000004,0.125,,,,
ZINCf5000000apS9,O=C(Cn1ncnn1)OCCC1COC1,decoy,local_zinc_pool,,,O=C(Cn1ncnn1)OCCC1COC1,1,O=C(Cn1ncnn1)OCCC1COC1,matched_to_CHEMBL1328169,212.20899999999995,-0.7472000000000001,0,7,79.13000000000001,5,0,CHEMBL1328169,6.602126666666673,0.14130434782608695,,,,
ZINCf5000001AXnq,O=C(C1CCOC1)N1CCC(F)(CO)C1,decoy,local_zinc_pool,,,O=C(C1CCOC1)N1CCCC1,1,O=C(C1CCOC1)N1CCC(F)(CO)C1,matched_to_CHEMBL1586252,217.23999999999998,-0.04419999999999974,1,3,49.769999999999996,2,0,CHEMBL1586252,4.520773333333334,0.10638297872340426,,,,
ZINCf50000009fWN,CN(Cc1cnc[nH]1)Cc1nnc(O)o1,decoy,local_zinc_pool,,,c1ncc(CNCc2nnco2)[nH]1,1,CN(Cc1cnc[nH]1)Cc1nnc(O)o1,matched_to_CHEMBL1594369,209.209,0.13029999999999997,2,6,91.07000000000001,4,0,CHEMBL1594369,4.632836666666669,0.14473684210526316,,,,
ZINCf50000009wB0,COCCc1nnc(S[C@H](F)CO)n1N,decoy,local_zinc_pool,,,c1nnc[nH]1,1,COCCc1nnc(S[C@H](F)CO)n1N,matched_to_CHEMBL2003819,236.272,-0.4392,2,7,86.19000000000001,6,0,CHEMBL2003819,4.444423333333335,0.12195121951219512,,,,
ZINCf5000002rPBG,CC[S@](=O)CC(=O)N[C@@](C)(CN)C1CC1,decoy,local_zinc_pool,,,C1CC1,1,CC[S@](=O)CC(=O)N[C@@](C)(CN)C1CC1,matched_to_CHEMBL3315194,232.34899999999996,-0.0013999999999994017,2,3,72.19,6,0,CHEMBL3315194,2.099846666666667,0.140625,,,,
ZINCf5000000apYi,O=C(N1CCS(=O)(=O)CC1)C1(CF)CC1,decoy,local_zinc_pool,,,O=C(C1CC1)N1CCS(=O)(=O)CC1,1,O=C(N1CCS(=O)(=O)CC1)C1(CF)CC1,matched_to_CHEMBL1550591,235.27999999999992,-0.00690000000000035,0,3,54.45,2,0,CHEMBL1550591,2.933563333333336,0.09722222222222222,,,,
ZINCf50000017PhM,CSCCn1nnnc1N(C)[C@@H](C)CO,decoy,local_zinc_pool,,,c1nnn[nH]1,1,CSCCn1nnnc1N(C)[C@@H](C)CO,matched_to_CHEMBL2431119,231.32500000000002,-0.14689999999999998,1,7,67.07000000000001,6,0,CHEMBL2431119,5.5511433333333375,0.12698412698412698,,,,
ZINCf5000002ruE6,C[C@H](CCO)S(=O)(=O)CCCS(C)(=O)=O,decoy,local_zinc_pool,,,,1,C[C@H](CCO)S(=O)(=O)CCCS(C)(=O)=O,matched_to_CHEMBL1966869,258.36099999999993,-0.39319999999999977,1,5,88.50999999999999,7,0,CHEMBL1966869,5.964506666666671,0.10256410256410256,,,,
ZINCf5000000acrg,Cn1nnc(Br)c1CNCCS(C)(=O)=O,decoy,local_zinc_pool,,,c1c[nH]nn1,1,Cn1nnc(Br)c1CNCCS(C)(=O)=O,matched_to_CHEMBL1438069,297.17800000000005,-0.2881999999999998,1,6,76.88,5,0,CHEMBL1438069,4.127493333333334,0.10588235294117647,,,,
ZINCf50000008VnO,CCC[C@H](N)C(=O)NS(=O)(=O)CCCF,decoy,local_zinc_pool,,,,1,CCC[C@H](N)C(=O)NS(=O)(=O)CCCF,matched_to_CHEMBL3315223,240.29999999999993,-0.08059999999999934,2,4,89.25999999999999,7,0,CHEMBL3315223,4.988596666666671,0.1095890410958904,,,,
ZINCf5000002rUzF,CN(C)C[C@@H]1COCCN1S(=O)(=O)CI,decoy,local_zinc_pool,,,C1COCCN1,1,CN(C)C[C@@H]1COCCN1S(=O)(=O)CI,matched_to_CHEMBL1611686,348.20599999999996,-0.028899999999999926,0,4,49.85,4,0,CHEMBL1611686,5.045600000000005,0.10666666666666667,,,,
ZINCf5000000Ybnz,CS(=O)(=O)N1CCN(C(=O)C(Cl)Cl)CC1,decoy,local_zinc_pool,,,C1CNCCN1,1,CS(=O)(=O)N1CCN(C(=O)C(Cl)Cl)CC1,matched_to_CHEMBL1595121,275.1570000000001,-0.10609999999999964,0,3,57.690000000000005,2,0,CHEMBL1595121,4.322566666666668,0.12857142857142856,,,,
ZINCf50000023xoF,O=S(=O)(CI)N1C[C@H]2CCO[C@@]2(CO)C1,decoy,local_zinc_pool,,,C1CC2CNCC2O1,1,O=S(=O)(CI)N1C[C@H]2CCO[C@@]2(CO)C1,matched_to_CHEMBL1340713,347.1740000000002,-0.20810000000000012,1,4,66.84,3,0,CHEMBL1340713,3.0936099999999986,0.0967741935483871,,,,
ZINCf5000000YaTJ,CCNC(=S)NNC(=O)COC(=O)CI,decoy,local_zinc_pool,,,,1,CCNC(=S)NNC(=O)COC(=O)CI,matched_to_CHEMBL1453900,345.1619999999999,-0.5201999999999998,3,4,79.46000000000001,4,0,CHEMBL1453900,3.8496766666666695,0.19402985074626866,,,,
ZINCf5000002rPbA,CCSC[C@H](N)C(=O)NC[C@H](CN)OC,decoy,local_zinc_pool,,,,1,CCSC[C@H](N)C(=O)NC[C@H](CN)OC,matched_to_CHEMBL3315204,235.35299999999998,-0.8432999999999979,3,5,90.37,8,0,CHEMBL3315204,5.7813500000000015,0.1232876712328767,,,,
ZINCf5000002aVg4,O=C(Cn1cnnc1)NCc1csnn1,decoy,local_zinc_pool,,,O=C(Cn1cnnc1)NCc1csnn1,1,O=C(Cn1cnnc1)NCc1csnn1,matched_to_CHEMBL1461496,224.249,-0.5540000000000005,1,7,85.59,4,0,CHEMBL1461496,4.753830000000002,0.1744186046511628,,,,
ZINCf50000008Jbp,CC(=O)C(=O)CS(=O)(=O)c1cncn1C,decoy,local_zinc_pool,,,c1c[nH]cn1,1,CC(=O)C(=O)CS(=O)(=O)c1cncn1C,matched_to_CHEMBL1387563,230.245,-0.6481000000000001,0,6,86.1,4,0,CHEMBL1387563,5.231883333333338,0.1506849315068493,,,,
ZINCf5000000auLy,O=C1CCC2(CN(C(=O)C3(F)CC3)C2)N1,decoy,local_zinc_pool,,,O=C1CCC2(CN(C(=O)C3CC3)C2)N1,1,O=C1CCC2(CN(C(=O)C3(F)CC3)C2)N1,matched_to_CHEMBL1321527,212.22399999999996,-0.020499999999999907,1,2,49.410000000000004,1,0,CHEMBL1321527,2.025616666666667,0.11864406779661017,,,,
ZINCf5000000ZwPT,Cn1nnc(Br)c1S(=O)(=O)N[C@@H]1C[C@@H]1F,decoy,local_zinc_pool,,,O=S(=O)(NC1CC1)c1cnn[nH]1,1,Cn1nnc(Br)c1S(=O)(=O)N[C@@H]1C[C@@H]1F,matched_to_CHEMBL1385214,299.12500000000006,-0.033700000000000285,1,5,76.88,3,0,CHEMBL1385214,3.282416666666668,0.14754098360655737,,,,
ZINCf5000001tbAc,CN(C(=O)[C@H]1C[C@H](S)C1)C1CS(=O)(=O)C1,decoy,local_zinc_pool,,,O=C(NC1CS(=O)(=O)C1)C1CCC1,1,CN(C(=O)[C@H]1C[C@H](S)C1)C1CS(=O)(=O)C1,matched_to_CHEMBL1369296,249.35699999999997,-0.049799999999999844,1,4,54.45,2,0,CHEMBL1369296,2.974426666666668,0.12280701754385964,,,,
ZINCf50000009wMG,COC[C@@H](C)CC(=O)OCc1nn[nH]n1,decoy,local_zinc_pool,,,c1nn[nH]n1,1,COC[C@@H](C)CC(=O)OCc1nn[nH]n1,matched_to_CHEMBL1995726,214.22500000000002,-0.08450000000000019,1,6,89.99,6,0,CHEMBL1995726,4.332580000000002,0.1927710843373494,,,,
ZINCf50000009SN3,C[C@@]1(CNC(=O)[C@H]2C[C@H](O)CN2)C[C@H]1Br,decoy,local_zinc_pool,,,O=C(NCC1CC1)C1CCCN1,1,C[C@@]1(CNC(=O)[C@H]2C[C@H](O)CN2)C[C@H]1Br,matched_to_CHEMBL1608453,277.162,-0.0011000000000000454,3,3,61.36,3,0,CHEMBL1608453,3.5891633333333344,0.16666666666666666,,,,
ZINCf50000009ukK,COCCCOCC(=O)N1CC(OC)C1,decoy,local_zinc_pool,,,C1CNC1,1,COCCCOCC(=O)N1CC(OC)C1,matched_to_CHEMBL1586169,217.265,-0.10329999999999995,0,4,48.0,7,0,CHEMBL1586169,4.467443333333336,0.125,,,,
ZINCf5000000aeOM,N#Cc1ncn(CCOCCC(=O)O)n1,decoy,local_zinc_pool,,,c1nc[nH]n1,1,N#Cc1ncn(CCOCCC(=O)O)n1,matched_to_CHEMBL1493442,210.19299999999998,-0.3589200000000002,1,6,101.03,6,0,CHEMBL1493442,8.489143333333338,0.14473684210526316,,,,
ZINCf50000009sY4,COC1CN(S(=O)(=O)C[C@@H]2CCCO2)C1,decoy,local_zinc_pool,,,O=S(=O)(CC1CCCO1)N1CCC1,1,COC1CN(S(=O)(=O)C[C@@H]2CCCO2)C1,matched_to_CHEMBL1325640,235.30499999999992,-0.1741999999999997,0,4,55.84,4,0,CHEMBL1325640,2.3776800000000016,0.21686746987951808,,,,
ZINCf50000009MFI,C[C@@H](O)C(=O)OCCCSC[C@H](O)CO,decoy,local_zinc_pool,,,,1,C[C@@H](O)C(=O)OCCCSC[C@H](O)CO,matched_to_CHEMBL463811,238.30499999999998,-0.6131,3,6,86.99000000000001,8,0,CHEMBL463811,7.611280000000002,0.16666666666666666,,,,
ZINCf50000027r0M,C[C@@H](O)C(=O)N(C)CCNC(=O)C=CI,decoy,local_zinc_pool,,,,1,C[C@@H](O)C(=O)N(C)CCNC(=O)C=CI,matched_to_CHEMBL294989,326.134,-0.10949999999999988,2,3,69.64,5,0,CHEMBL294989,3.768373333333335,0.12698412698412698,,,,
ZINCf5000000aiTW,NCCCOCCNC(=O)c1cnsn1,decoy,local_zinc_pool,,,c1cnsn1,1,NCCCOCCNC(=O)c1cnsn1,matched_to_CHEMBL462830,230.293,-0.36669999999999997,2,6,90.13,7,0,CHEMBL462830,7.338633333333338,0.1625,,,,
ZINCf5000001N6Rz,O=COCCOC(=O)CC1COCCO1,decoy,local_zinc_pool,,,C1COCCO1,1,O=COCCOC(=O)CC1COCCO1,matched_to_CHEMBL2431120,218.20499999999993,-0.49190000000000045,0,6,71.06,6,0,CHEMBL2431120,5.868480000000004,0.16091954022988506,,,,
ZINCf5000000SJvO,C=CCNCCC(=O)N=[S@@](C)(=O)CCN,decoy,local_zinc_pool,,,,1,C=CCNCCC(=O)N=[S@@](C)(=O)CCN,matched_to_CHEMBL3315193,233.33699999999996,-0.2647999999999989,2,4,84.55,7,0,CHEMBL3315193,4.992626666666669,0.12,,,,
ZINCf5000002s7uE,COC[C@H](C)S(=O)(=O)NCCSCCO,decoy,local_zinc_pool,,,,1,COC[C@H](C)S(=O)(=O)NCCSCCO,matched_to_CHEMBL3099769,257.37699999999995,-0.33379999999999915,2,5,75.63000000000001,9,0,CHEMBL3099769,7.3988566666666715,0.125,,,,
ZINCf50000008UUv,CCC[C@@H](CCO)NC(=O)CS(C)(=O)=O,decoy,local_zinc_pool,,,,1,CCC[C@@H](CCO)NC(=O)CS(C)(=O)=O,matched_to_CHEMBL3315203,237.32099999999997,-0.30169999999999964,2,4,83.47,7,0,CHEMBL3315203,4.99418666666667,0.15,,,,
ZINCf5000000a9bT,Cc1nnn(CC(=O)OC[C@@H]2CCO2)n1,decoy,local_zinc_pool,,,O=C(Cn1ncnn1)OCC1CCO1,1,Cc1nnn(CC(=O)OC[C@@H]2CCO2)n1,matched_to_CHEMBL1301125,212.20899999999995,-0.6863800000000004,0,7,79.13000000000001,4,0,CHEMBL1301125,6.367713333333338,0.21839080459770116,,,,
ZINCf50000009GAN,CSCCCC(=O)NC[C@@H](C)S(N)(=O)=O,decoy,local_zinc_pool,,,,1,CSCCCC(=O)NC[C@@H](C)S(N)(=O)=O,matched_to_CHEMBL3315221,254.37699999999998,-0.07719999999999916,2,4,89.25999999999999,7,0,CHEMBL3315221,4.845560000000003,0.14285714285714285,,,,
ZINCf5000000amZV,N[C@H](CO)c1cn(CCCC(=O)O)nn1,decoy,local_zinc_pool,,,c1c[nH]nn1,1,N[C@H](CO)c1cn(CCCC(=O)O)nn1,matched_to_CHEMBL1323442,214.225,-0.8650000000000009,3,6,114.26,6,0,CHEMBL1323442,5.597520000000002,0.15384615384615385,,,,
ZINCf50000017zaD,CCSCCC(=O)NOCc1nn[nH]n1,decoy,local_zinc_pool,,,c1nn[nH]n1,1,CCSCCC(=O)NOCc1nn[nH]n1,matched_to_CHEMBL3099777,231.281,-0.10930000000000034,2,6,92.79,7,0,CHEMBL3099777,7.94589666666667,0.20833333333333334,,,,
ZINCf50000009XDp,C[C@H](N)Cc1nc(Cn2cncn2)no1,decoy,local_zinc_pool,,,c1ncn(Cc2ncon2)n1,1,C[C@H](N)Cc1nc(Cn2cncn2)no1,matched_to_CHEMBL1490404,208.22500000000002,-0.4009000000000005,1,7,95.65,4,0,CHEMBL1490404,4.353210000000001,0.12903225806451613,,,,
ZINCf5000000a9rn,Cc1noc(Cn2ncc([N+](=O)[O-])n2)n1,decoy,local_zinc_pool,,,c1noc(Cn2nccn2)n1,1,Cc1noc(Cn2ncc([N+](=O)[O-])n2)n1,matched_to_CHEMBL1611170,210.15300000000002,-0.07398000000000016,0,8,112.77,3,0,CHEMBL1611170,6.250126666666668,0.21428571428571427,,,,
ZINCf5000002rsfq,C[C@@H]1NCCN(C(=O)CSCCN)[C@@H]1C,decoy,local_zinc_pool,,,C1CNCCN1,1,C[C@@H]1NCCN(C(=O)CSCCN)[C@@H]1C,matched_to_CHEMBL1600146,231.36499999999998,-0.11289999999999889,2,4,58.36,4,0,CHEMBL1600146,1.88342,0.11392405063291139,,,,
ZINCf5000000a9iH,Cc1nnsc1CS(=O)(=O)C[C@H](O)CO,decoy,local_zinc_pool,,,c1csnn1,1,Cc1nnsc1CS(=O)(=O)C[C@H](O)CO,matched_to_CHEMBL1468368,252.31699999999998,-0.8854799999999998,2,7,100.38000000000001,5,0,CHEMBL1468368,4.0270800000000015,0.11594202898550725,,,,
ZINCf5000002dtlt,CC(C)[C@@H](O)CN(C)CCCS(N)(=O)=O,decoy,local_zinc_pool,,,,1,CC(C)[C@@H](O)CN(C)CCCS(N)(=O)=O,matched_to_CHEMBL3315213,238.35299999999995,-0.38629999999999803,2,4,83.63,7,0,CHEMBL3315213,5.505103333333336,0.11290322580645161,,,,
ZINCf5000001CsKq,COCC(C)S(=O)(=O)NCC(N)C(C)C,decoy,local_zinc_pool,,,,1,COCC(C)S(=O)(=O)NCC(N)C(C)C,matched_to_CHEMBL3315202,238.353,-0.07599999999999851,2,4,81.42,7,0,CHEMBL3315202,4.9154000000000035,0.11666666666666667,,,,
ZINCf50000009ctk,CN(C)CC(=O)NCc1c(Br)nnn1C,decoy,local_zinc_pool,,,c1c[nH]nn1,1,CN(C)CC(=O)NCc1c(Br)nnn1C,matched_to_CHEMBL1546134,276.13800000000003,-0.24460000000000037,1,5,63.050000000000004,4,0,CHEMBL1546134,3.7231266666666687,0.13924050632911392,,,,
ZINCf5000002aURX,O=C(Cc1csnn1)NCCSCCO,decoy,local_zinc_pool,,,c1csnn1,1,O=C(Cc1csnn1)NCCSCCO,matched_to_CHEMBL3315209,247.34499999999997,-0.07769999999999982,2,6,75.11,7,0,CHEMBL3315209,5.873180000000003,0.15,,,,
ZINCf5000002eg50,[N-]=[N+]=NCCCC(=O)NOC[C@@H](O)CO,decoy,local_zinc_pool,,,,1,[N-]=[N+]=NCCCC(=O)NOC[C@@H](O)CO,matched_to_CHEMBL1538066,218.213,-0.5221000000000002,3,5,127.55000000000003,8,0,CHEMBL1538066,6.891970000000005,0.12121212121212122,,,,
ZINCf5000001I74I,CCOC(=O)C(OC)C(=O)N(CC)OC,decoy,local_zinc_pool,,,,1,CCOC(=O)C(OC)C(=O)N(CC)OC,matched_to_CHEMBL2431121,219.23699999999997,-0.025600000000000067,0,5,65.07000000000001,6,0,CHEMBL2431121,6.608366666666671,0.1896551724137931,,,,
ZINCf5000002ecIc,CS(=O)(=O)CCCCNS(=O)(=O)CC#N,decoy,local_zinc_pool,,,,1,CS(=O)(=O)CCCCNS(=O)(=O)CC#N,matched_to_CHEMBL1597454,254.333,-0.7458199999999986,1,5,104.1,7,0,CHEMBL1597454,7.766950000000003,0.1,,,,
ZINCf50000009Fyc,CS(=O)(=O)CC(=O)OCCCN1CCC1,decoy,local_zinc_pool,,,C1CNC1,1,CS(=O)(=O)CC(=O)OCCCN1CCC1,matched_to_CHEMBL1446377,235.30499999999992,-0.3299999999999996,0,5,63.68,6,0,CHEMBL1446377,6.194683333333338,0.140625,,,,
ZINCf50000017BEC,CCn1nnc(CS(=O)(=O)CCCF)n1,decoy,local_zinc_pool,,,c1nn[nH]n1,1,CCn1nnc(CS(=O)(=O)CCCF)n1,matched_to_CHEMBL1547420,236.27199999999993,-0.032600000000000184,0,6,77.74,6,0,CHEMBL1547420,7.072323333333337,0.11864406779661017,,,,
ZINCf5000000Zwzh,Cn1cnc(C[S@](=O)Cc2cc[nH]n2)n1,decoy,local_zinc_pool,,,O=S(Cc1cc[nH]n1)Cc1nc[nH]n1,1,Cn1cnc(C[S@](=O)Cc2cc[nH]n2)n1,matched_to_CHEMBL1312502,225.27700000000002,-0.012900000000000078,1,5,76.46000000000001,4,0,CHEMBL1312502,5.616170000000004,0.15,,,,
ZINCf50000009fnO,CN(CCn1cncn1)Cc1cnon1,decoy,local_zinc_pool,,,c1ncn(CCNCc2cnon2)n1,1,CN(CCn1cncn1)Cc1cnon1,matched_to_CHEMBL1328169,208.225,-0.20690000000000053,0,7,72.87,5,0,CHEMBL1328169,6.405766666666673,0.0975609756097561,,,,
ZINCf50000017ULD,C[C@H](C(=O)N(C)C)N1C[C@@H](O)C[C@H](F)C1,decoy,local_zinc_pool,,,C1CCNCC1,1,C[C@H](C(=O)N(C)C)N1C[C@@H](O)C[C@H](F)C1,matched_to_CHEMBL1586252,218.27199999999996,-0.1322000000000001,1,3,43.78,2,0,CHEMBL1586252,4.520720000000002,0.11864406779661017,,,,
ZINCf5000000VmyA,C[C@H](Cc1nn[nH]n1)NCc1cnns1,decoy,local_zinc_pool,,,c1nnsc1CNCCc1nn[nH]n1,1,C[C@H](Cc1nn[nH]n1)NCc1cnns1,matched_to_CHEMBL1594369,225.28100000000003,-0.22800000000000042,2,7,92.27,5,0,CHEMBL1594369,4.662983333333337,0.18823529411764706,,,,
ZINCf50000017M5a,COC[C@H](O)CONC(=O)c1cnns1,decoy,local_zinc_pool,,,c1csnn1,1,COC[C@H](O)CONC(=O)c1cnns1,matched_to_CHEMBL2003819,233.24900000000002,-0.7931999999999999,2,7,93.57,6,0,CHEMBL2003819,4.4154533333333355,0.1625,,,,
ZINCf50000008Xgz,CCN(CCO)C(=O)C(=O)NCC=CBr,decoy,local_zinc_pool,,,,1,CCN(CCO)C(=O)C(=O)NCC=CBr,matched_to_CHEMBL3315194,279.134,-0.14800000000000035,2,3,69.64,5,0,CHEMBL3315194,2.2629300000000008,0.14035087719298245,,,,
ZINCf50000017SEe,C[C@@H]1CN(C(=O)C=CC(=O)N(C)C)CO1,decoy,local_zinc_pool,,,C1COCN1,1,C[C@@H]1CN(C(=O)C=CC(=O)N(C)C)CO1,matched_to_CHEMBL1550591,212.24899999999994,-0.16440000000000032,0,3,49.85000000000001,2,0,CHEMBL1550591,3.1040733333333357,0.13793103448275862,,,,
ZINCf5000002rN1w,CCOC(=O)[C@H](C)N(C)CCS(C)(=O)=O,decoy,local_zinc_pool,,,,1,CCOC(=O)[C@H](C)N(C)CCS(C)(=O)=O,matched_to_CHEMBL2431119,237.32099999999994,-0.08559999999999945,0,5,63.68,6,0,CHEMBL2431119,5.31471666666667,0.1694915254237288,,,,
ZINCf50000009FOc,CS(=O)(=O)CCS(=O)(=O)CCCCCO,decoy,local_zinc_pool,,,,1,CS(=O)(=O)CCS(=O)(=O)CCCCCO,matched_to_CHEMBL1966869,258.36099999999993,-0.3915999999999999,1,5,88.51,8,0,CHEMBL1966869,5.463440000000004,0.07792207792207792,,,,
ZINCf50000008XGN,CCN(Cc1nnnn1C)CC(C)(C)O,decoy,local_zinc_pool,,,c1nnn[nH]1,1,CCN(Cc1nnnn1C)CC(C)(C)O,matched_to_CHEMBL1438069,213.285,-0.19710000000000044,1,6,67.07000000000001,5,0,CHEMBL1438069,4.513290000000001,0.1206896551724138,,,,
ZINCf50000026oVS,CC(I)=CC(=O)NC[C@@H](O)CS(C)(=O)=O,decoy,local_zinc_pool,,,,1,CC(I)=CC(=O)NC[C@@H](O)CS(C)(=O)=O,matched_to_CHEMBL3315223,347.1740000000001,-0.1530999999999998,2,4,83.47,5,0,CHEMBL3315223,4.796590000000002,0.12698412698412698,,,,
ZINCf500000204MX,O=S1(=O)CC(C2CN(S(=O)(=O)CI)C2)C1,decoy,local_zinc_pool,,,O=S1(=O)CC(C2CNC2)C1,1,O=S1(=O)CC(C2CN(S(=O)(=O)CI)C2)C1,matched_to_CHEMBL1611686,365.21400000000006,-0.31489999999999974,0,4,71.52000000000001,3,0,CHEMBL1611686,4.69938666666667,0.075,,,,
ZINCf5000002mHyQ,O=S1(=O)CC[C@H](CN2C[C@@H]3COC[C@@H]32)C1,decoy,local_zinc_pool,,,O=S1(=O)CCC(CN2CC3COCC32)C1,1,O=S1(=O)CC[C@H](CN2C[C@@H]3COC[C@@H]32)C1,matched_to_CHEMBL1595121,231.31699999999995,-0.2482999999999993,0,4,46.61,2,0,CHEMBL1595121,4.327766666666669,0.09782608695652174,,,,
ZINCf50000009jaM,CNC(=O)CCN1CC[S@](=O)C[C@@H](C)C1,decoy,local_zinc_pool,,,O=S1CCCNCC1,1,CNC(=O)CCN1CC[S@](=O)C[C@@H](C)C1,matched_to_CHEMBL1340713,232.349,-0.17709999999999915,1,3,49.410000000000004,3,0,CHEMBL1340713,3.034393333333333,0.12698412698412698,,,,
ZINCf50000029SXh,O=C(N[C@H](CO)CF)c1ccnc(S)n1,decoy,local_zinc_pool,,,c1cncnc1,1,O=C(N[C@H](CO)CF)c1ccnc(S)n1,matched_to_CHEMBL1453900,231.25200000000004,-0.1745000000000002,3,5,75.11,4,0,CHEMBL1453900,4.417110000000002,0.22784810126582278,,,,
ZINCf50000009Hoj,CS[C@@H](CO)[C@H](C)NC(=O)CCCON,decoy,local_zinc_pool,,,,1,CS[C@@H](CO)[C@H](C)NC(=O)CCCON,matched_to_CHEMBL3315204,236.33699999999993,-0.11449999999999927,3,5,84.58,8,0,CHEMBL3315204,5.5172433333333375,0.15625,,,,
ZINCf50000009jVo,CNC(=O)CS(=O)(=O)c1cnc(OC)s1,decoy,local_zinc_pool,,,c1cscn1,1,CNC(=O)CS(=O)(=O)c1cnc(OC)s1,matched_to_CHEMBL1461496,250.301,-0.32860000000000045,1,6,85.36,4,0,CHEMBL1461496,4.852243333333336,0.17391304347826086,,,,
ZINCf500000181a2,Cn1nnnc1COC(=O)CP(C)(C)=O,decoy,local_zinc_pool,,,c1nnn[nH]1,1,Cn1nnnc1COC(=O)CP(C)(C)=O,matched_to_CHEMBL1387563,232.17999999999995,-0.12400000000000033,0,7,86.97,4,0,CHEMBL1387563,5.3283333333333385,0.15294117647058825,,,,
ZINCf5000000WChf,O=C1NC[C@@H]2CCN(C(=O)C(F)F)C[C@H]12,decoy,local_zinc_pool,,,O=C1NCC2CCNCC12,1,O=C1NC[C@@H]2CCN(C(=O)C(F)F)C[C@H]12,matched_to_CHEMBL1321527,218.20299999999997,-0.15400000000000014,1,2,49.410000000000004,1,0,CHEMBL1321527,2.054826666666667,0.13846153846153847,,,,
ZINCf5000001811v,Cn1ncnc1CN[C@H]1COCC1(F)F,decoy,local_zinc_pool,,,c1n[nH]c(CNC2CCOC2)n1,1,Cn1ncnc1CN[C@H]1COCC1(F)F,matched_to_CHEMBL1385214,218.20699999999994,-0.06120000000000014,1,5,51.97,3,0,CHEMBL1385214,3.3463300000000022,0.10975609756097561,,,,
ZINCf500000099hu,CC[C@H]1OCC[C@@H]1C(=O)N1C[C@H](O)CO1,decoy,local_zinc_pool,,,O=C(C1CCOC1)N1CCCO1,1,CC[C@H]1OCC[C@@H]1C(=O)N1C[C@H](O)CO1,matched_to_CHEMBL1369296,215.24899999999997,-0.06380000000000002,1,4,59.0,2,0,CHEMBL1369296,3.151640000000001,0.14444444444444443,,,,
ZINCf50000017PhK,CSCCn1cnc(S(=O)(=O)CCO)n1,decoy,local_zinc_pool,,,c1nc[nH]n1,1,CSCCn1cnc(S(=O)(=O)CCO)n1,matched_to_CHEMBL1995726,251.333,-0.5929000000000002,1,7,85.08,6,0,CHEMBL1995726,3.821633333333336,0.12941176470588237,,,,
ZINCf5000000WBTp,O=C(C[C@@H](O)C(F)(F)F)NC1CC(O)C1,decoy,local_zinc_pool,,,C1CCC1,1,O=C(C[C@@H](O)C(F)(F)F)NC1CC(O)C1,matched_to_CHEMBL1608453,227.18200000000002,-0.06079999999999991,3,3,69.56,3,0,CHEMBL1608453,3.800763333333334,0.1206896551724138,,,,
ZINCf50000009uMF,COCCN(CCF)S(=O)(=O)C1COC1,decoy,local_zinc_pool,,,C1COC1,1,COCCN(CCF)S(=O)(=O)C1COC1,matched_to_CHEMBL1586169,241.28399999999996,-0.3670999999999993,0,4,55.84,7,0,CHEMBL1586169,4.716720000000003,0.08695652173913043,,,,
ZINCf50000008TCA,CCCCS(=O)(=O)CC(=O)OCC(=O)O,decoy,local_zinc_pool,,,,1,CCCCS(=O)(=O)CC(=O)OCC(=O)O,matched_to_CHEMBL1493442,238.26099999999994,-0.17089999999999989,1,5,97.74,7,0,CHEMBL1493442,8.214716666666671,0.16666666666666666,,,,
ZINCf5000000SLIE,COC[C@H](C)N1CCN(S(=O)(=O)F)CC1,decoy,local_zinc_pool,,,C1CNCCN1,1,COC[C@H](C)N1CCN(S(=O)(=O)F)CC1,matched_to_CHEMBL1325640,240.29999999999998,-0.14679999999999982,0,4,49.85,4,0,CHEMBL1325640,2.1866633333333345,0.12,,,,
ZINCf5000000SMPn,C[C@H](N)CONC(=O)CSCCCCN,decoy,local_zinc_pool,,,,1,C[C@H](N)CONC(=O)CSCCCCN,matched_to_CHEMBL463811,235.35299999999992,-0.1464999999999982,3,5,90.36999999999999,9,0,CHEMBL463811,7.194533333333336,0.140625,,,,
ZINCf5000002ry6O,C[C@@H](C[S@@](C)=O)C(=O)NCCC1(N)CC1,decoy,local_zinc_pool,,,C1CC1,1,C[C@@H](C[S@@](C)=O)C(=O)NCCC1(N)CC1,matched_to_CHEMBL294989,232.34899999999993,-0.0013999999999993462,2,3,72.19,6,0,CHEMBL294989,4.032156666666669,0.12307692307692308,,,,
ZINCf50000028kMc,NC(=O)c1coc(CNS(=O)(=O)CI)n1,decoy,local_zinc_pool,,,c1cocn1,1,NC(=O)c1coc(CNS(=O)(=O)CI)n1,matched_to_CHEMBL462830,345.118,-0.4146000000000003,2,5,115.29,5,0,CHEMBL462830,7.431916666666671,0.136986301369863,,,,
ZINCf50000009f9z,CN(CCOC(F)F)Cc1nnnn1C,decoy,local_zinc_pool,,,c1nnn[nH]1,1,CN(CCOC(F)F)Cc1nnnn1C,matched_to_CHEMBL2431120,221.211,-0.11890000000000045,0,6,56.07,6,0,CHEMBL2431120,5.300553333333339,0.1,,,,
ZINCf5000002r2Mg,CC[C@@H](Br)C(=O)N[C@@H](CO)CS(C)(=O)=O,decoy,local_zinc_pool,,,,1,CC[C@@H](Br)C(=O)N[C@@H](CO)CS(C)(=O)=O,matched_to_CHEMBL3315193,302.19000000000005,-0.3184,2,4,83.47,6,0,CHEMBL3315193,4.856630000000002,0.13114754098360656,,,,
ZINCf50000017LMX,COC[C@H](C)S(=O)(=O)NCC[S@](C)(=N)=O,decoy,local_zinc_pool,,,,1,COC[C@H](C)S(=O)(=O)NCC[S@](C)(=N)=O,matched_to_CHEMBL3099769,258.365,-0.38272999999999907,2,5,96.32,7,0,CHEMBL3099769,7.593996666666671,0.11290322580645161,,,,
ZINCf5000000VZ3N,CC[C@H](F)C(=O)NO[C@@H](COC)C(=O)O,decoy,local_zinc_pool,,,,1,CC[C@H](F)C(=O)NO[C@@H](COC)C(=O)O,matched_to_CHEMBL3315203,223.19999999999996,-0.11810000000000015,2,4,84.86,7,0,CHEMBL3315203,5.008596666666671,0.16393442622950818,,,,
ZINCf50000028nCI,CSC(=O)COC(=O)Cc1cnnn1C,decoy,local_zinc_pool,,,c1c[nH]nn1,1,CSC(=O)COC(=O)Cc1cnnn1C,matched_to_CHEMBL1301125,229.261,-0.20960000000000023,0,7,74.08000000000001,4,0,CHEMBL1301125,6.081340000000003,0.16666666666666666,,,,
ZINCf50000008YNU,CCNC(=O)CCNC(=O)CSCC#N,decoy,local_zinc_pool,,,,1,CCNC(=O)CCNC(=O)CSCC#N,matched_to_CHEMBL3315221,229.30499999999998,-0.11441999999999997,2,4,81.99000000000001,7,0,CHEMBL3315221,5.008693333333337,0.12698412698412698,,,,
ZINCf5000002enFI,O=C(NOC[C@H](O)CO)c1csnc1Br,decoy,local_zinc_pool,,,c1cnsc1,1,O=C(NOC[C@H](O)CO)c1csnc1Br,matched_to_CHEMBL1323442,297.13,-0.07980000000000004,3,6,91.68,5,0,CHEMBL1323442,5.648203333333335,0.14925373134328357,,,,
ZINCf5000002oGW4,NCCCOCc1cn(CCCN)nn1,decoy,local_zinc_pool,,,c1c[nH]nn1,1,NCCCOCc1cn(CCCN)nn1,matched_to_CHEMBL3099777,213.28499999999997,-0.5076999999999992,2,6,91.98,8,0,CHEMBL3099777,7.923856666666669,0.1095890410958904,,,,
ZINCf50000008MgF,CC(C)(N)Cc1nc(CS(C)(=O)=O)no1,decoy,local_zinc_pool,,,c1ncon1,1,CC(C)(N)Cc1nc(CS(C)(=O)=O)no1,matched_to_CHEMBL1490404,233.29299999999998,-0.10599999999999987,1,6,99.08,4,0,CHEMBL1490404,4.268730000000001,0.125,,,,
ZINCf50000009AH3,COCc1nn(Cc2cnon2)c(=O)o1,decoy,local_zinc_pool,,,O=c1ocnn1Cc1cnon1,1,COCc1nn(Cc2cnon2)c(=O)o1,matched_to_CHEMBL1611170,212.165,-0.5859999999999999,0,8,96.17999999999999,4,0,CHEMBL1611170,6.734953333333336,0.13414634146341464,,,,
ZINCf5000001CVfY,O=S1(=O)CCCC(NCC(F)CO)CC1,decoy,local_zinc_pool,,,O=S1(=O)CCCCCC1,1,O=S1(=O)CCCC(NCC(F)CO)CC1,matched_to_CHEMBL1600146,239.31199999999995,-0.12630000000000008,2,4,66.4,4,0,CHEMBL1600146,1.8880833333333342,0.0989010989010989,,,,
ZINCf5000000abZj,Cn1ncc(S(=O)(=O)NCCCN)c1I,decoy,local_zinc_pool,,,c1cn[nH]c1,1,Cn1ncc(S(=O)(=O)NCCCN)c1I,matched_to_CHEMBL1468368,344.178,-0.34819999999999957,2,5,90.01,5,0,CHEMBL1468368,4.1650833333333335,0.14285714285714285,,,,
ZINCf5000002r3Nm,C=C[C@@H](C)[C@H](NCCS(C)(=O)=O)C(=O)O,decoy,local_zinc_pool,,,,1,C=C[C@@H](C)[C@H](NCCS(C)(=O)=O)C(=O)O,matched_to_CHEMBL3315213,235.30499999999998,-0.10409999999999991,2,4,83.47,7,0,CHEMBL3315213,5.353850000000004,0.18333333333333332,,,,
ZINCf5000002sbeU,CO[C@@H](C)CNCC(C)(C)CS(N)(=O)=O,decoy,local_zinc_pool,,,,1,CO[C@@H](C)CNCC(C)(C)CS(N)(=O)=O,matched_to_CHEMBL3315202,238.35299999999998,-0.07439999999999858,2,4,81.41999999999999,7,0,CHEMBL3315202,4.914333333333337,0.11290322580645161,,,,
ZINCf5000001QlLD,O=C1O[C@H]2CN(CC(O)C3CC3)C[C@H]2O1,decoy,local_zinc_pool,,,O=C1OC2CN(CCC3CC3)CC2O1,1,O=C1O[C@H]2CN(CC(O)C3CC3)C[C@H]2O1,matched_to_CHEMBL1546134,213.23299999999998,-0.023100000000000565,1,5,59.0,3,0,CHEMBL1546134,3.5649100000000025,0.13636363636363635,,,,
ZINCf5000000SLW6,CS(=O)(=O)C=CCNC(=O)CCCON,decoy,local_zinc_pool,,,,1,CS(=O)(=O)C=CCNC(=O)CCCON,matched_to_CHEMBL3315209,236.29299999999995,-0.6685999999999983,2,5,98.49,7,0,CHEMBL3315209,5.942433333333335,0.1388888888888889,,,,
ZINCf5000002qZ68,C=CCCS(=O)(=O)NC(CCN)CCN,decoy,local_zinc_pool,,,,1,C=CCCS(=O)(=O)NC(CCN)CCN,matched_to_CHEMBL1538066,235.35299999999992,-0.4518999999999979,3,4,98.21,9,0,CHEMBL1538066,6.697770000000004,0.07317073170731707,,,,
ZINCf50000017za3,CCSCC(=O)OCC(=O)C(=O)N(C)C,decoy,local_zinc_pool,,,,1,CCSCC(=O)OCC(=O)C(=O)N(C)C,matched_to_CHEMBL2431121,233.28899999999996,-0.06000000000000005,0,5,63.68000000000001,6,0,CHEMBL2431121,6.435180000000005,0.1896551724137931,,,,
ZINCf500000181qc,N#CCCCOC(=O)CCCS(N)(=O)=O,decoy,local_zinc_pool,,,,1,N#CCCCOC(=O)CCCS(N)(=O)=O,matched_to_CHEMBL1597454,234.27699999999996,-0.09791999999999967,1,5,110.25,7,0,CHEMBL1597454,7.289576666666671,0.12987012987012986,,,,
ZINCf5000001VQQf,CCS(=O)(=O)CC(C)N(C)CC(=O)OC,decoy,local_zinc_pool,,,,1,CCS(=O)(=O)CC(C)N(C)CC(=O)OC,matched_to_CHEMBL1446377,237.32099999999997,-0.08559999999999945,0,5,63.68000000000001,6,0,CHEMBL1446377,6.011590000000004,0.15,,,,
ZINCf50000009tbu,COCC(=O)Cn1c(COC)noc1=O,decoy,local_zinc_pool,,,O=c1[nH]cno1,1,COCC(=O)Cn1c(COC)noc1=O,matched_to_CHEMBL1547420,216.19299999999998,-0.8017999999999996,0,7,83.56,6,0,CHEMBL1547420,7.053113333333336,0.1744186046511628,,,,
ZINCf50000008Xan,CCN(CCN)C(=O)Cn1cc(I)nn1,decoy,local_zinc_pool,,,c1c[nH]nn1,1,CCN(CCN)C(=O)Cn1cc(I)nn1,matched_to_CHEMBL1312502,323.13800000000003,-0.31010000000000004,1,5,77.04,5,0,CHEMBL1312502,5.312493333333338,0.14925373134328357,,,,
ZINCf5000000YaUz,CCOC(=O)COC(=O)CN=S(C)(C)=O,decoy,local_zinc_pool,,,,1,CCOC(=O)COC(=O)CN=S(C)(C)=O,matched_to_CHEMBL1328169,237.277,-0.1797000000000002,0,6,82.03,5,0,CHEMBL1328169,6.589113333333339,0.2545454545454545,,,,
ZINCf5000001QVIF,CC(C)(Cl)C(=O)N1CC(N2CC(O)C2)C1,decoy,local_zinc_pool,,,C1CN(C2CNC2)C1,1,CC(C)(Cl)C(=O)N1CC(N2CC(O)C2)C1,matched_to_CHEMBL1586252,232.71099999999998,-0.10890000000000022,1,3,43.78,2,0,CHEMBL1586252,4.360796666666668,0.125,,,,
ZINCf5000002aVFW,O=C(NCc1nnc(O)o1)c1ccsn1,decoy,local_zinc_pool,,,O=C(NCc1nnco1)c1ccsn1,1,O=C(NCc1nnc(O)o1)c1ccsn1,matched_to_CHEMBL1594369,226.217,0.1616999999999999,2,7,101.14,3,0,CHEMBL1594369,4.727023333333335,0.15942028985507245,,,,
ZINCf5000000ayEj,OC[C@@H](O)CSCc1nnnn1C1CC1,decoy,local_zinc_pool,,,c1nnnn1C1CC1,1,OC[C@@H](O)CSCc1nnnn1C1CC1,matched_to_CHEMBL2003819,230.29300000000003,-0.4056000000000002,2,7,84.06,6,0,CHEMBL2003819,4.5670133333333345,0.1111111111111111,,,,
ZINCf5000001869L,N[C@@H]1C[C@H]1CNS(=O)(=O)C[C@@H]1C[C@H]1CF,decoy,local_zinc_pool,,,O=S(=O)(CC1CC1)NCC1CC1,1,N[C@@H]1C[C@H]1CNS(=O)(=O)C[C@@H]1C[C@H]1CF,matched_to_CHEMBL3315194,236.31199999999995,-0.14140000000000041,2,3,72.19,6,0,CHEMBL3315194,2.153550000000001,0.08333333333333333,,,,
ZINCf5000002ejkF,O=C(C(F)F)N1CC(N2CCOC2=O)C1,decoy,local_zinc_pool,,,O=C1OCCN1C1CNC1,1,O=C(C(F)F)N1CC(N2CCOC2=O)C1,matched_to_CHEMBL1550591,220.17499999999995,-0.08549999999999991,0,3,49.85,2,0,CHEMBL1550591,2.9722133333333356,0.13043478260869565,,,,
ZINCf5000000ZtdS,COC[C@H](C)C(=O)OCCn1cnnn1,decoy,local_zinc_pool,,,c1nnn[nH]1,1,COC[C@H](C)C(=O)OCCn1cnnn1,matched_to_CHEMBL2431119,214.225,-0.5012000000000001,0,7,79.13000000000001,6,0,CHEMBL2431119,5.440743333333337,0.15873015873015872,,,,
ZINCf5000002s4Td,COCC[C@@H](C)C(=O)OCCS(N)(=O)=O,decoy,local_zinc_pool,,,,1,COCC[C@@H](C)C(=O)OCCS(N)(=O)=O,matched_to_CHEMBL1966869,239.29299999999995,-0.5092999999999981,1,5,95.69,7,0,CHEMBL1966869,5.9453866666666695,0.15,,,,
ZINCf5000002sdEX,COC(=O)C[C@@H](O)CS[C@H]1CCOC1=O,decoy,local_zinc_pool,,,O=C1CCCO1,1,COC(=O)C[C@@H](O)CS[C@H]1CCOC1=O,matched_to_CHEMBL1438069,234.27299999999997,-0.04090000000000038,1,6,72.83000000000001,5,0,CHEMBL1438069,4.429676666666668,0.296875,,,,
ZINCf500000090dm,CCNS(=O)(=O)N[C@H](CC)CC(=O)OC,decoy,local_zinc_pool,,,,1,CCNS(=O)(=O)N[C@H](CC)CC(=O)OC,matched_to_CHEMBL3315223,238.30899999999997,-0.22799999999999954,2,4,84.50000000000001,7,0,CHEMBL3315223,4.916373333333337,0.14084507042253522,,,,
ZINCf5000000aohL,O=C(CCC[N+](=O)[O-])N1CCCS1(=O)=O,decoy,local_zinc_pool,,,O=S1(=O)CCCN1,1,O=C(CCC[N+](=O)[O-])N1CCCS1(=O)=O,matched_to_CHEMBL1611686,236.24899999999997,-0.3945999999999996,0,5,97.59,4,0,CHEMBL1611686,5.116970000000004,0.12121212121212122,,,,
ZINCf50000017TBQ,C[C@@H]1C[C@H]1S(=O)(=O)N1C[C@H]2COC[C@H]2O1,decoy,local_zinc_pool,,,O=S(=O)(C1CC1)N1CC2COCC2O1,1,C[C@@H]1C[C@H]1S(=O)(=O)N1C[C@H]2COC[C@H]2O1,matched_to_CHEMBL1595121,233.28899999999996,-0.0132000000000001,0,4,55.84,2,0,CHEMBL1595121,4.105313333333337,0.10465116279069768,,,,
ZINCf50000009Pqu,C[C@@H]1CN(C(=O)[C@H](C)N(C)C)C[C@H]1CN,decoy,local_zinc_pool,,,C1CCNC1,1,C[C@@H]1CN(C(=O)[C@H](C)N(C)C)C[C@H]1CN,matched_to_CHEMBL1340713,213.32499999999996,-0.01029999999999831,1,3,49.57000000000001,3,0,CHEMBL1340713,3.1094333333333335,0.12790697674418605,,,,
ZINCf5000000aoNw,O=C(CNc1cnc(I)nc1)NCCO,decoy,local_zinc_pool,,,c1cncnc1,1,O=C(CNc1cnc(I)nc1)NCCO,matched_to_CHEMBL1453900,322.10600000000005,-0.39840000000000003,3,5,87.14,5,0,CHEMBL1453900,4.306236666666667,0.1506849315068493,,,,
ZINCf5000002qTxH,CCC[C@H](N)C(=O)NOC[C@H](O)COC,decoy,local_zinc_pool,,,,1,CCC[C@H](N)C(=O)NOC[C@H](O)COC,matched_to_CHEMBL3315204,220.26899999999998,-0.831099999999998,3,5,93.81000000000002,8,0,CHEMBL3315204,5.786456666666667,0.1323529411764706,,,,
ZINCf5000001BDIX,CNS(=O)(=O)C1CCN(S(=O)(=O)CI)C1,decoy,local_zinc_pool,,,C1CCNC1,1,CNS(=O)(=O)C1CCN(S(=O)(=O)CI)C1,matched_to_CHEMBL1461496,368.218,-0.6678000000000002,1,4,83.55000000000001,4,0,CHEMBL1461496,4.971606666666668,0.08888888888888889,,,,
ZINCf5000000aakf,Cn1cc(CCS(=O)(=O)CCC#N)nn1,decoy,local_zinc_pool,,,c1c[nH]nn1,1,Cn1cc(CCS(=O)(=O)CCC#N)nn1,matched_to_CHEMBL1387563,228.277,-0.3139200000000002,0,6,88.64,5,0,CHEMBL1387563,5.4271766666666705,0.14035087719298245,,,,
ZINCf5000002ekDI,O=C(N1CC[C@]12CCNC2=O)C1(F)CC1,decoy,local_zinc_pool,,,O=C(C1CC1)N1CCC12CCNC2=O,1,O=C(N1CC[C@]12CCNC2=O)C1(F)CC1,matched_to_CHEMBL1321527,212.22399999999996,-0.020500000000000185,1,2,49.410000000000004,1,0,CHEMBL1321527,2.0256166666666675,0.12121212121212122,,,,
ZINCf5000000awPL,O=C1O[C@H]2CN(C[C@@H](O)C3CC3)C[C@H]2O1,decoy,local_zinc_pool,,,O=C1OC2CN(CCC3CC3)CC2O1,1,O=C1O[C@H]2CN(C[C@@H](O)C3CC3)C[C@H]2O1,matched_to_CHEMBL1385214,213.23299999999998,-0.023100000000000565,1,5,59.0,3,0,CHEMBL1385214,3.4190700000000023,0.13636363636363635,,,,
ZINCf5000002sav2,CO[C@@H]1CN(C(=O)C2(C)CSC2)C[C@@H]1N,decoy,local_zinc_pool,,,O=C(C1CSC1)N1CCCC1,1,CO[C@@H]1CN(C(=O)C2(C)CSC2)C[C@@H]1N,matched_to_CHEMBL1369296,230.33299999999997,-0.07599999999999973,1,4,55.56,2,0,CHEMBL1369296,3.137733333333334,0.13114754098360656,,,,
ZINCf50000009qFA,COC(=O)OCn1cc(I)c(O)nc1=O,decoy,local_zinc_pool,,,O=c1nccc[nH]1,1,COC(=O)OCn1cc(I)c(O)nc1=O,matched_to_CHEMBL1995726,326.04600000000005,0.294,1,7,90.65,2,0,CHEMBL1995726,4.488436666666669,0.19736842105263158,,,,
ZINCf50000017oJL,C=CCC(=O)N[C@@]12CC[C@@H](C1)[C@H](O)[C@@H]2O,decoy,local_zinc_pool,,,C1CC2CCC1C2,1,C=CCC(=O)N[C@@]12CC[C@@H](C1)[C@H](O)[C@@H]2O,matched_to_CHEMBL1608453,211.261,-0.04700000000000004,3,3,69.56,3,0,CHEMBL1608453,3.9507733333333346,0.14754098360655737,,,,
ZINCf5000001VBAA,CN(CCN1CCOC1=O)CCS(C)=O,decoy,local_zinc_pool,,,O=C1NCCO1,1,CN(CCN1CCOC1=O)CCS(C)=O,matched_to_CHEMBL1586169,234.32099999999997,-0.251099999999999,0,4,49.85,6,0,CHEMBL1586169,4.969416666666669,0.1125,,,,
ZINCf50000008TEh,CCCCS(=O)(=O)NCCn1cnnn1,decoy,local_zinc_pool,,,c1nnn[nH]1,1,CCCCS(=O)(=O)NCCn1cnnn1,matched_to_CHEMBL1493442,233.297,-0.6073999999999997,1,6,89.77,7,0,CHEMBL1493442,8.374156666666671,0.11904761904761904,,,,
ZINCf5000002e5Sd,COCC[S@@](=O)N1CC2(CCC(=O)O2)C1,decoy,local_zinc_pool,,,O=C1CCC2(CNC2)O1,1,COCC[S@@](=O)N1CC2(CCC(=O)O2)C1,matched_to_CHEMBL1325640,233.28899999999993,-0.3120999999999996,0,4,55.84,4,0,CHEMBL1325640,2.4897733333333347,0.12987012987012986,,,,
ZINCf5000002aK4C,CC[C@@H](CN)SCC(=O)Nc1nn[nH]n1,decoy,local_zinc_pool,,,c1nn[nH]n1,1,CC[C@@H](CN)SCC(=O)Nc1nn[nH]n1,matched_to_CHEMBL463811,230.29700000000005,-0.3912999999999999,3,6,109.58,6,0,CHEMBL463811,7.639893333333335,0.21951219512195122,,,,
ZINCf5000000a5IT,C[S@](=O)CC[C@H](N)C(=O)NCC(C)(C)F,decoy,local_zinc_pool,,,,1,C[S@](=O)CC[C@H](N)C(=O)NCC(C)(C)F,matched_to_CHEMBL294989,238.328,-0.05339999999999967,2,3,72.19,6,0,CHEMBL294989,4.007033333333336,0.12048192771084337,,,,
ZINCf5000000949X,CC[C@@H](C)S(=O)(=O)NC(=O)CCCON,decoy,local_zinc_pool,,,,1,CC[C@@H](C)S(=O)(=O)NC(=O)CCCON,matched_to_CHEMBL462830,238.30899999999994,-0.09859999999999902,2,5,98.49,7,0,CHEMBL462830,7.245340000000004,0.14285714285714285,,,,
ZINCf50000009pVD,COC(=O)COC(=O)Cn1cc(I)nn1,decoy,local_zinc_pool,,,c1c[nH]nn1,1,COC(=O)COC(=O)Cn1cc(I)nn1,matched_to_CHEMBL2431120,325.062,-0.40110000000000046,0,7,83.31,4,0,CHEMBL2431120,5.7293766666666714,0.18309859154929578,,,,
ZINCf5000001Aklv,CCNS(=O)(=O)NC(C)CCC(=O)OC,decoy,local_zinc_pool,,,,1,CCNS(=O)(=O)NC(C)CCC(=O)OC,matched_to_CHEMBL3315193,238.30899999999997,-0.22799999999999954,2,4,84.50000000000001,7,0,CHEMBL3315193,4.916373333333336,0.14754098360655737,,,,
ZINCf5000000ZtE0,COc1nscc1S(=O)(=O)NCCCN,decoy,local_zinc_pool,,,c1cnsc1,1,COc1nscc1S(=O)(=O)NCCCN,matched_to_CHEMBL3099769,251.33299999999994,-0.22119999999999995,2,6,94.30999999999999,6,0,CHEMBL3099769,7.6370300000000055,0.15,,,,
ZINCf500000092vj,CCONC(=O)CNS(=O)(=O)CC=CCl,decoy,local_zinc_pool,,,,1,CCONC(=O)CNS(=O)(=O)CC=CCl,matched_to_CHEMBL3315203,256.711,-0.2739999999999998,2,4,84.5,7,0,CHEMBL3315203,4.763020000000004,0.15492957746478872,,,,
ZINCf50000009aIE,CCn1ncc(C(=O)Cn2ccnn2)n1,decoy,local_zinc_pool,,,O=C(Cn1ccnn1)c1cn[nH]n1,1,CCn1ncc(C(=O)Cn2ccnn2)n1,matched_to_CHEMBL1301125,206.209,-0.22760000000000025,0,7,78.49,4,0,CHEMBL1301125,6.147460000000004,0.19230769230769232,,,,
ZINCf50000009I3k,C[C@@H](C(=O)NCCCCCO)S(C)(=O)=O,decoy,local_zinc_pool,,,,1,C[C@@H](C(=O)NCCCCCO)S(C)(=O)=O,matched_to_CHEMBL3315221,237.321,-0.30169999999999964,2,4,83.47,7,0,CHEMBL3315221,4.99418666666667,0.13333333333333333,,,,
ZINCf5000000af3g,N=C(O)OCCCNC(=O)c1csnn1,decoy,local_zinc_pool,,,c1csnn1,1,N=C(O)OCCCNC(=O)c1csnn1,matched_to_CHEMBL1323442,230.24900000000002,0.16736999999999985,3,6,108.19,5,0,CHEMBL1323442,5.491833333333335,0.2077922077922078,,,,
ZINCf50000009ZfR,C[C@H](O)C(=O)OCCCSCCC(N)=O,decoy,local_zinc_pool,,,,1,C[C@H](O)C(=O)OCCCSCCC(N)=O,matched_to_CHEMBL3099777,235.30499999999995,-0.09090000000000009,2,5,89.62,8,0,CHEMBL3099777,8.020190000000003,0.14754098360655737,,,,
ZINCf50000026YZ4,CN(C)c1nnc(CNS(=O)(=O)CBr)o1,decoy,local_zinc_pool,,,c1nnco1,1,CN(C)c1nnc(CNS(=O)(=O)CBr)o1,matched_to_CHEMBL1490404,299.15,-0.09259999999999974,1,6,88.33,5,0,CHEMBL1490404,4.531226666666668,0.1388888888888889,,,,
ZINCf5000000Zr5s,CCCC(=O)COC(=O)Cn1ncnn1,decoy,local_zinc_pool,,,c1nn[nH]n1,1,CCCC(=O)COC(=O)Cn1ncnn1,matched_to_CHEMBL1611170,212.209,-0.4145000000000003,0,7,86.97000000000001,6,0,CHEMBL1611170,6.488580000000001,0.16923076923076924,,,,
ZINCf5000002eaSZ,CSC[C@@H](O)C(=O)N1CCC[C@H](CO)C1,decoy,local_zinc_pool,,,C1CCNCC1,1,CSC[C@@H](O)C(=O)N1CCC[C@H](CO)C1,matched_to_CHEMBL1600146,233.3329999999999,-0.05879999999999991,2,4,60.769999999999996,4,0,CHEMBL1600146,1.731273333333335,0.12903225806451613,,,,
ZINCf5000002efLd,NC(=O)C[C@H](O)C(=O)OCc1nccs1,decoy,local_zinc_pool,,,c1cscn1,1,NC(=O)C[C@H](O)C(=O)OCc1nccs1,matched_to_CHEMBL1468368,230.24499999999998,-0.5774000000000001,2,6,102.51000000000002,5,0,CHEMBL1468368,4.457213333333335,0.22058823529411764,,,,
ZINCf50000017AmL,CC[C@H](C)ONC(=O)CNS(=O)(=O)CC,decoy,local_zinc_pool,,,,1,CC[C@H](C)ONC(=O)CNS(=O)(=O)CC,matched_to_CHEMBL3315213,238.30899999999997,-0.22799999999999954,2,4,84.5,7,0,CHEMBL3315213,5.387610000000003,0.15,,,,
ZINCf5000002dEiI,CCCNS(=O)(=O)NC(=O)[C@H](CC)OC,decoy,local_zinc_pool,,,,1,CCCNS(=O)(=O)NC(=O)[C@H](CC)OC,matched_to_CHEMBL3315202,238.30899999999997,-0.22799999999999865,2,4,84.50000000000001,7,0,CHEMBL3315202,4.916373333333337,0.12903225806451613,,,,
ZINCf50000009LPV,C[C@@H](N)[C@@H]1CCN(Cc2cnn(C)n2)C1,decoy,local_zinc_pool,,,c1n[nH]nc1CN1CCCC1,1,C[C@@H](N)[C@@H]1CCN(Cc2cnn(C)n2)C1,matched_to_CHEMBL1546134,209.29700000000003,-0.015799999999999814,1,5,59.97,3,0,CHEMBL1546134,3.615803333333335,0.136986301369863,,,,
ZINCf50000008Hb1,C=CCn1c(O)nnc1SCCC(N)=O,decoy,local_zinc_pool,,,c1nnc[nH]1,1,C=CCn1c(O)nnc1SCCC(N)=O,matched_to_CHEMBL3315209,228.27699999999996,0.13719999999999988,2,6,94.03,6,0,CHEMBL3315209,5.663793333333336,0.109375,,,,
ZINCf50000009BRA,CONCCNC(=O)C[C@@H](N)CCSC,decoy,local_zinc_pool,,,,1,CONCCNC(=O)C[C@@H](N)CCSC,matched_to_CHEMBL1538066,235.35299999999998,-0.2758999999999987,3,5,76.38,9,0,CHEMBL1538066,6.953636666666671,0.13924050632911392,,,,
ZINCf50000009smb,COC(CN(C)Cc1ncnn1C)OC,decoy,local_zinc_pool,,,c1nc[nH]n1,1,COC(CN(C)Cc1ncnn1C)OC,matched_to_CHEMBL2431121,214.269,-0.13419999999999987,0,6,52.41,6,0,CHEMBL2431121,6.327246666666672,0.1206896551724138,,,,
ZINCf5000002oGxv,Nc1nonc1C(=O)OCc1cnoc1,decoy,local_zinc_pool,,,O=C(OCc1cnoc1)c1cnon1,1,Nc1nonc1C(=O)OCc1cnoc1,matched_to_CHEMBL1597454,210.14899999999997,-0.003200000000000258,1,8,117.27,3,0,CHEMBL1597454,7.686910000000005,0.1794871794871795,,,,
ZINCf5000000Zs6u,CN(C)CCCN(C)Cc1nnnn1C,decoy,local_zinc_pool,,,c1nnn[nH]1,1,CN(C)CCCN(C)Cc1nnnn1C,matched_to_CHEMBL1446377,212.30100000000002,-0.406399999999999,0,6,50.080000000000005,6,0,CHEMBL1446377,6.221256666666671,0.10714285714285714,,,,
ZINCf5000000apMr,O=C(Cn1cncn1)OCCC[N+](=O)[O-],decoy,local_zinc_pool,,,c1nc[nH]n1,1,O=C(Cn1cncn1)OCCC[N+](=O)[O-],matched_to_CHEMBL1547420,214.18099999999995,-0.5118999999999998,0,7,100.15,6,0,CHEMBL1547420,6.216366666666669,0.21052631578947367,,,,
ZINCf500000187XB,O=C(C[C@H]1CCS(=O)(=O)C1)O[C@H](F)CO,decoy,local_zinc_pool,,,O=S1(=O)CCCC1,1,O=C(C[C@H]1CCS(=O)(=O)C1)O[C@H](F)CO,matched_to_CHEMBL1312502,240.25199999999998,-0.35769999999999985,1,5,80.67,4,0,CHEMBL1312502,5.66708666666667,0.13953488372093023,,,,
ZINCf5000000Zrup,CC[C@@H](OC(=O)Cn1ncnn1)C(C)=O,decoy,local_zinc_pool,,,c1nn[nH]n1,1,CC[C@@H](OC(=O)Cn1ncnn1)C(C)=O,matched_to_CHEMBL1328169,212.209,-0.41610000000000014,0,7,86.97,5,0,CHEMBL1328169,6.694993333333339,0.16216216216216217,,,,
ZINCf5000002mFzF,O=C([C@@H]1C[C@H]1CCl)N1C[C@H]2OC[C@@H]1[C@@H]2O,decoy,local_zinc_pool,,,O=C(C1CC1)N1CC2CC1CO2,1,O=C([C@@H]1C[C@H]1CCl)N1C[C@H]2OC[C@@H]1[C@@H]2O,matched_to_CHEMBL1586252,231.679,-0.1682000000000003,1,3,49.77,2,0,CHEMBL1586252,4.459050000000001,0.09574468085106383,,,,
ZINCf50000009NnH,C[C@@H](O)CONC(=O)c1nn(C)nc1Br,decoy,local_zinc_pool,,,c1cn[nH]n1,1,C[C@@H](O)CONC(=O)c1nn(C)nc1Br,matched_to_CHEMBL1594369,279.094,-0.3802000000000001,2,6,89.27,4,0,CHEMBL1594369,4.346320000000003,0.18055555555555555,,,,
ZINCf5000000a94X,Cc1nnc(SCCCO)n1CC(N)=O,decoy,local_zinc_pool,,,c1nnc[nH]1,1,Cc1nnc(SCCCO)n1CC(N)=O,matched_to_CHEMBL2003819,230.29299999999998,-0.45368,2,6,94.03,6,0,CHEMBL2003819,4.700266666666669,0.14754098360655737,,,,
ZINCf50000009FF0,CS(=O)(=O)CCCNC(=O)NCC(F)F,decoy,local_zinc_pool,,,,1,CS(=O)(=O)CCCNC(=O)NCC(F)F,matched_to_CHEMBL3315194,244.263,-0.014599999999999669,2,3,75.27,6,0,CHEMBL3315194,2.112706666666667,0.11290322580645161,,,,
ZINCf5000001871q,O=C(C1=CCS(=O)(=O)C1)N1CC[C@@H]1CF,decoy,local_zinc_pool,,,O=C(C1=CCS(=O)(=O)C1)N1CCC1,1,O=C(C1=CCS(=O)(=O)C1)N1CC[C@@H]1CF,matched_to_CHEMBL1550591,233.26399999999995,-0.08840000000000003,0,3,54.45,2,0,CHEMBL1550591,3.008056666666669,0.1125,,,,
ZINCf50000009aFI,CCn1cnnc1CS(=O)(=O)CCOC,decoy,local_zinc_pool,,,c1nnc[nH]1,1,CCn1cnnc1CS(=O)(=O)CCOC,matched_to_CHEMBL2431119,233.29299999999995,-0.14080000000000004,0,6,74.08,6,0,CHEMBL2431119,5.307796666666671,0.13559322033898305,,,,
ZINCf5000000WAGq,COCCOCCNS(=O)(=O)[C@H](C)C#N,decoy,local_zinc_pool,,,,1,COCCOCCNS(=O)(=O)[C@H](C)C#N,matched_to_CHEMBL1966869,236.293,-0.5191199999999989,1,5,88.41999999999999,8,0,CHEMBL1966869,5.772733333333337,0.12698412698412698,,,,
ZINCf50000009aQ5,CCn1ncnc1CNC[C@@H]1COCO1,decoy,local_zinc_pool,,,c1n[nH]c(CNCC2COCO2)n1,1,CCn1ncnc1CNC[C@@H]1COCO1,matched_to_CHEMBL1438069,212.25299999999996,-0.23949999999999982,1,6,61.2,5,0,CHEMBL1438069,4.549876666666669,0.13829787234042554,,,,
ZINCf5000002dD5k,C=C(Cl)CONC(=O)[C@@H](O)CC[S@@](C)=O,decoy,local_zinc_pool,,,,1,C=C(Cl)CONC(=O)[C@@H](O)CC[S@@](C)=O,matched_to_CHEMBL3315223,255.72299999999998,-0.0838000000000001,2,4,75.63,7,0,CHEMBL3315223,4.978500000000004,0.13846153846153847,,,,
ZINCf50000009Iqr,C[C@@H](C(N)=O)N(C)S(=O)(=O)c1ccoc1,decoy,local_zinc_pool,,,c1ccoc1,1,C[C@@H](C(N)=O)N(C)S(=O)(=O)c1ccoc1,matched_to_CHEMBL1611686,232.261,-0.22609999999999952,1,4,93.61,4,0,CHEMBL1611686,5.586116666666671,0.2028985507246377,,,,
ZINCf5000002mHyP,O=S1(=O)CC[C@@H](CN2C[C@@H]3COC[C@@H]32)C1,decoy,local_zinc_pool,,,O=S1(=O)CCC(CN2CC3COCC32)C1,1,O=S1(=O)CC[C@@H](CN2C[C@@H]3COC[C@@H]32)C1,matched_to_CHEMBL1595121,231.31699999999995,-0.2482999999999993,0,4,46.61,2,0,CHEMBL1595121,4.327766666666669,0.09782608695652174,,,,
ZINCf50000027HWE,O=C1NCCN(S(=O)(=O)CI)[C@@H]1C1CC1,decoy,local_zinc_pool,,,O=C1NCCNC1C1CC1,1,O=C1NCCN(S(=O)(=O)CI)[C@@H]1C1CC1,matched_to_CHEMBL1340713,344.1740000000001,-0.0809000000000002,1,3,66.48,3,0,CHEMBL1340713,2.5244099999999996,0.12048192771084337,,,,
ZINCf5000000a0Pj,C[C@H](O)[C@](C)(O)C(=O)NCc1ccns1,decoy,local_zinc_pool,,,c1cnsc1,1,C[C@H](O)[C@](C)(O)C(=O)NCc1ccns1,matched_to_CHEMBL1453900,230.289,-0.10890000000000044,3,5,82.45,4,0,CHEMBL1453900,4.343806666666668,0.17105263157894737,,,,
ZINCf5000002rFlk,C=C(I)CC(=O)N(CCN)C[C@@H](O)CO,decoy,local_zinc_pool,,,,1,C=C(I)CC(=O)N(CCN)C[C@@H](O)CO,matched_to_CHEMBL3315204,328.15000000000003,-0.5343000000000002,3,4,86.79,7,0,CHEMBL3315204,5.790580000000003,0.1076923076923077,,,,
ZINCf5000002mC06,COC[C@](C)(O)C(=O)OCc1cnsn1,decoy,local_zinc_pool,,,c1cnsn1,1,COC[C@](C)(O)C(=O)OCc1cnsn1,matched_to_CHEMBL1461496,232.261,-0.021300000000000263,1,7,81.54,5,0,CHEMBL1461496,4.980576666666669,0.16216216216216217,,,,
ZINCf500000099FG,CC[S@@](C)(=O)=NC(=O)Cn1nnc(C)n1,decoy,local_zinc_pool,,,c1nn[nH]n1,1,CC[S@@](C)(=O)=NC(=O)Cn1nnc(C)n1,matched_to_CHEMBL1387563,231.281,-0.3741800000000002,0,6,90.1,3,0,CHEMBL1387563,5.378910000000004,0.13253012048192772,,,,
ZINCf50000009hV4,CN1CN(C(=O)N[C@@H]2CC23CC3)CC1=O,decoy,local_zinc_pool,,,O=C1CN(C(=O)NC2CC23CC3)CN1,1,CN1CN(C(=O)N[C@@H]2CC23CC3)CC1=O,matched_to_CHEMBL1321527,209.24899999999994,-0.02000000000000024,1,2,52.65,1,0,CHEMBL1321527,2.184633333333334,0.16666666666666666,,,,
ZINCf50000008QuO,CC1(C)CN(CCn2cncn2)C[C@H]1O,decoy,local_zinc_pool,,,c1ncn(CCN2CCCC2)n1,1,CC1(C)CN(CCn2cncn2)C[C@H]1O,matched_to_CHEMBL1385214,210.281,-0.01919999999999983,1,5,54.18000000000001,3,0,CHEMBL1385214,3.3091900000000014,0.13157894736842105,,,,
ZINCf500000188ls,O=C(NC12CC(C1)S(=O)(=O)C2)C1CSC1,decoy,local_zinc_pool,,,O=C(NC12CC(C1)S(=O)(=O)C2)C1CSC1,1,O=C(NC12CC(C1)S(=O)(=O)C2)C1CSC1,matched_to_CHEMBL1369296,247.34099999999995,-0.2048000000000001,1,4,63.24,2,0,CHEMBL1369296,3.0943200000000015,0.16071428571428573,,,,
ZINCf50000017QC6,C[C@@H](C[S@](C)=O)NS(=O)(=O)CC1(C)N=N1,decoy,local_zinc_pool,,,C1N=N1,1,C[C@@H](C[S@](C)=O)NS(=O)(=O)CC1(C)N=N1,matched_to_CHEMBL1995726,253.34899999999996,-0.14519999999999955,1,5,87.96,6,0,CHEMBL1995726,4.400606666666669,0.12345679012345678,,,,
ZINCf50000026Aip,NC[C@H]1CC[C@@H](NC(=O)C2(Cl)CNC2)C1,decoy,local_zinc_pool,,,O=C(NC1CCCC1)C1CNC1,1,NC[C@H]1CC[C@@H](NC(=O)C2(Cl)CNC2)C1,matched_to_CHEMBL1608453,231.72699999999998,-0.1891999999999996,3,3,67.14999999999999,3,0,CHEMBL1608453,3.9373133333333348,0.16666666666666666,,,,
ZINCf50000017CnV,CN(C)CCN(C)CCN(C)S(C)(=O)=O,decoy,local_zinc_pool,,,,1,CN(C)CCN(C)CCN(C)S(C)(=O)=O,matched_to_CHEMBL1586169,237.369,-0.6287999999999982,0,4,43.86,7,0,CHEMBL1586169,4.489536666666669,0.0967741935483871,,,,
ZINCf5000002msdK,c1ncn(CCSCCc2nn[nH]n2)n1,decoy,local_zinc_pool,,,c1ncn(CCSCCc2nn[nH]n2)n1,1,c1ncn(CCSCCc2nn[nH]n2)n1,matched_to_CHEMBL1493442,225.281,-0.23290000000000027,1,7,85.17,6,0,CHEMBL1493442,8.388650000000005,0.1511627906976744,,,,
ZINCf50000009dT1,CN(CC(=O)OCC(F)(F)F)S(C)(=O)=O,decoy,local_zinc_pool,,,,1,CN(CC(=O)OCC(F)(F)F)S(C)(=O)=O,matched_to_CHEMBL1325640,249.20999999999995,-0.016699999999999937,0,4,63.68,4,0,CHEMBL1325640,2.447230000000001,0.13114754098360656,,,,
ZINCf5000002r7nt,CC[C@@H](CO)CNC(=O)[C@@H](N)CN=[N+]=[N-],decoy,local_zinc_pool,,,,1,CC[C@@H](CO)CNC(=O)[C@@H](N)CN=[N+]=[N-],matched_to_CHEMBL463811,215.257,-0.24130000000000024,3,4,124.11,7,0,CHEMBL463811,7.609093333333337,0.12,,,,
ZINCf5000002dGa9,CCC[S@](=O)NC1CC(NS(C)(=O)=O)C1,decoy,local_zinc_pool,,,C1CCC1,1,CCC[S@](=O)NC1CC(NS(C)(=O)=O)C1,matched_to_CHEMBL294989,254.37699999999998,-0.2700999999999991,2,3,75.27000000000001,6,0,CHEMBL294989,3.8678100000000013,0.1016949152542373,,,,
ZINCf5000000aygm,OCCN(CCO)CCCc1nnco1,decoy,local_zinc_pool,,,c1nnco1,1,OCCN(CCO)CCCc1nnco1,matched_to_CHEMBL462830,215.253,-0.7112000000000005,2,6,82.62,8,0,CHEMBL462830,7.519100000000005,0.10714285714285714,,,,
ZINCf50000009tS8,COCCC(=O)Cn1cnnc1[S@@](C)=O,decoy,local_zinc_pool,,,c1nnc[nH]1,1,COCCC(=O)Cn1cnnc1[S@@](C)=O,matched_to_CHEMBL2431120,231.27700000000002,-0.3789,0,6,74.08000000000001,6,0,CHEMBL2431120,5.783226666666671,0.15151515151515152,,,,
ZINCf5000000990N,CC[C@H](SC)C(=O)NCCCS(N)(=O)=O,decoy,local_zinc_pool,,,,1,CC[C@H](SC)C(=O)NCCCS(N)(=O)=O,matched_to_CHEMBL3315193,254.37699999999995,-0.07719999999999916,2,4,89.25999999999999,7,0,CHEMBL3315193,4.8455600000000025,0.1282051282051282,,,,
ZINCf50000009yQr,COC[C@H](C)OC[C@@H](O)CSCC(N)=O,decoy,local_zinc_pool,,,,1,COC[C@H](C)OC[C@@H](O)CSCC(N)=O,matched_to_CHEMBL3099769,237.32099999999997,-0.3826999999999993,2,5,81.78,9,0,CHEMBL3099769,7.386016666666672,0.12698412698412698,,,,
ZINCf5000000ZqzS,C=CCOCCNS(=O)(=O)c1cn[nH]c1,decoy,local_zinc_pool,,,c1cn[nH]c1,1,C=CCOCCNS(=O)(=O)c1cn[nH]c1,matched_to_CHEMBL3315203,231.27700000000002,-0.10940000000000033,2,4,84.07999999999998,7,0,CHEMBL3315203,4.9020266666666705,0.12195121951219512,,,,
ZINCf5000001qm5O,COC(=O)C1(OC)CN(S(=O)(=O)CI)C1,decoy,local_zinc_pool,,,C1CNC1,1,COC(=O)C1(OC)CN(S(=O)(=O)CI)C1,matched_to_CHEMBL1301125,349.146,-0.4175,0,5,72.91,4,0,CHEMBL1301125,6.067890000000005,0.20588235294117646,,,,
ZINCf50000008SOo,CCC(=O)NNS(=O)(=O)CCOC(C)C,decoy,local_zinc_pool,,,,1,CCC(=O)NNS(=O)(=O)CCOC(C)C,matched_to_CHEMBL3315221,238.30899999999994,-0.22799999999999954,2,4,84.50000000000001,7,0,CHEMBL3315221,4.916373333333338,0.14754098360655737,,,,
ZINCf50000017X3k,C[C@H](O)CONC(=O)[C@@H](N)CCCC#N,decoy,local_zinc_pool,,,,1,C[C@H](O)CONC(=O)[C@@H](N)CCCC#N,matched_to_CHEMBL1323442,215.25299999999996,-0.5638199999999995,3,5,108.37,7,0,CHEMBL1323442,5.622053333333335,0.140625,,,,
ZINCf50000017Pvr,C[C@@H](C#N)CS(=O)(=O)NCC[S@@](C)(=N)=O,decoy,local_zinc_pool,,,,1,C[C@@H](C#N)CS(=O)(=O)NCC[S@@](C)(=N)=O,matched_to_CHEMBL3099777,253.349,-0.25794999999999896,2,5,110.88,6,0,CHEMBL3099777,8.10071666666667,0.1111111111111111,,,,
ZINCf50000008N25,CC(C)C(=O)NS(=O)(=O)Cc1ncon1,decoy,local_zinc_pool,,,c1ncon1,1,CC(C)C(=O)NS(=O)(=O)Cc1ncon1,matched_to_CHEMBL1490404,233.24899999999997,-0.32840000000000025,1,6,102.16,4,0,CHEMBL1490404,4.294236666666667,0.1728395061728395,,,,
ZINCf5000001E9fQ,C#CCOCCOCCNS(=O)(=O)CI,decoy,local_zinc_pool,,,,1,C#CCOCCOCCNS(=O)(=O)CI,matched_to_CHEMBL1611170,347.174,-0.035300000000000054,1,4,64.63,9,0,CHEMBL1611170,6.779730000000002,0.08974358974358974,,,,
ZINCf5000001qPnh,CN(C[C@H](O)CO)C(=O)[C@@]12C[C@@H](Br)[C@@H]1C2,decoy,local_zinc_pool,,,C1CC2CC12,1,CN(C[C@H](O)CO)C(=O)[C@@]12C[C@@H](Br)[C@@H]1C2,matched_to_CHEMBL1600146,278.146,-0.028499999999999748,2,3,60.77,4,0,CHEMBL1600146,1.7629433333333335,0.13846153846153847,,,,
ZINCf50000009B7C,CON(C)CCNC(=O)c1nnsc1N,decoy,local_zinc_pool,,,c1csnn1,1,CON(C)CCNC(=O)c1nnsc1N,matched_to_CHEMBL1468368,231.281,-0.6566999999999994,2,7,93.36999999999999,5,0,CHEMBL1468368,4.365320000000001,0.17567567567567569,,,,
ZINCf5000002e22i,CN(C)S(=O)(=O)CCCNS(=O)(=O)CI,decoy,local_zinc_pool,,,,1,CN(C)S(=O)(=O)CCCNS(=O)(=O)CI,matched_to_CHEMBL3315213,370.234,-0.42019999999999946,1,4,83.55000000000001,7,0,CHEMBL3315213,5.212093333333336,0.13846153846153847,,,,
ZINCf50000009vZ7,COCCS(=O)(=O)N[C@H](C)[C@H](N)C(C)C,decoy,local_zinc_pool,,,,1,COCCS(=O)(=O)N[C@H](C)[C@H](N)C(C)C,matched_to_CHEMBL3315202,238.353,-0.07599999999999874,2,4,81.42,7,0,CHEMBL3315202,4.9154000000000035,0.14285714285714285,,,,
ZINCf50000009tK3,COCC1(O)CN(c2cc(C)ncn2)C1,decoy,local_zinc_pool,,,c1cc(N2CCC2)ncn1,1,COCC1(O)CN(c2cc(C)ncn2)C1,matched_to_CHEMBL1546134,209.249,-0.017479999999999718,1,5,58.480000000000004,3,0,CHEMBL1546134,3.621803333333335,0.14705882352941177,,,,
ZINCf50000009O4f,C[C@@H](ON)C(=O)NS(=O)(=O)CCCCF,decoy,local_zinc_pool,,,,1,C[C@@H](ON)C(=O)NS(=O)(=O)CCCCF,matched_to_CHEMBL3315209,242.2719999999999,-0.5390999999999995,2,5,98.48999999999998,7,0,CHEMBL3315209,5.796310000000004,0.14285714285714285,,,,
ZINCf5000000ZxNc,NS(=O)(=O)NCCNCc1ncsc1Br,decoy,local_zinc_pool,,,c1cscn1,1,NS(=O)(=O)NCCNCc1ncsc1Br,matched_to_CHEMBL1538066,315.21799999999996,-0.21169999999999978,3,5,97.11,6,0,CHEMBL1538066,6.782986666666671,0.136986301369863,,,,
ZINCf5000001rEZM,COCCOC1CCN(S(=O)(=O)OC)C1,decoy,local_zinc_pool,,,C1CCNC1,1,COCCOC1CCN(S(=O)(=O)OC)C1,matched_to_CHEMBL2431121,239.29299999999998,-0.3850999999999991,0,5,65.07000000000001,6,0,CHEMBL2431121,6.647473333333338,0.11940298507462686,,,,
ZINCf5000001FdUZ,CCC(OC)C(=O)OCCCS(N)(=O)=O,decoy,local_zinc_pool,,,,1,CCC(OC)C(=O)OCCCS(N)(=O)=O,matched_to_CHEMBL1597454,239.29299999999995,-0.36679999999999907,1,5,95.69,7,0,CHEMBL1597454,8.001070000000004,0.14666666666666667,,,,
ZINCf5000002rNnK,CCOC(=O)CN(C)[C@@H](C)CS(C)(=O)=O,decoy,local_zinc_pool,,,,1,CCOC(=O)CN(C)[C@@H](C)CS(C)(=O)=O,matched_to_CHEMBL1446377,237.321,-0.08559999999999945,0,5,63.68,6,0,CHEMBL1446377,6.011590000000004,0.2,,,,
ZINCf5000002aPmx,CCOC(=O)C(=O)[C@H](CC)n1cnnn1,decoy,local_zinc_pool,,,c1nnn[nH]1,1,CCOC(=O)C(=O)[C@H](CC)n1cnnn1,matched_to_CHEMBL1547420,212.209,-0.24360000000000026,0,7,86.97000000000001,5,0,CHEMBL1547420,7.0844200000000015,0.2028985507246377,,,,
ZINCf5000001ERk8,COC(=O)[C@@H]1CC[C@H](NS(=O)(=O)OC)C1,decoy,local_zinc_pool,,,C1CCCC1,1,COC(=O)[C@@H]1CC[C@H](NS(=O)(=O)OC)C1,matched_to_CHEMBL1312502,237.277,-0.19109999999999983,1,5,81.7,4,0,CHEMBL1312502,5.6269700000000045,0.14285714285714285,,,,
ZINCf50000008Lan,CC(=O)c1ncn(CCCS(C)(=O)=O)n1,decoy,local_zinc_pool,,,c1nc[nH]n1,1,CC(=O)c1ncn(CCCS(C)(=O)=O)n1,matched_to_CHEMBL1328169,231.277,-0.08459999999999979,0,6,81.92,5,0,CHEMBL1328169,6.581313333333339,0.14634146341463414,,,,
ZINCf50000017G7B,CNC(=O)[C@@H]1COCCN1CC(F)(F)F,decoy,local_zinc_pool,,,C1COCCN1,1,CNC(=O)[C@@H]1COCCN1CC(F)(F)F,matched_to_CHEMBL1586252,226.19799999999995,-0.004500000000000615,1,3,41.57,2,0,CHEMBL1586252,4.444726666666669,0.13333333333333333,,,,
ZINCf5000000Zyac,O=C(CSc1nncc(O)n1)NC1CC1,decoy,local_zinc_pool,,,O=C(CSc1nccnn1)NC1CC1,1,O=C(CSc1nncc(O)n1)NC1CC1,matched_to_CHEMBL1594369,226.261,-0.052100000000000035,2,6,88.0,4,0,CHEMBL1594369,4.7067166666666695,0.17142857142857143,,,,
ZINCf50000009nKD,CNS(=O)(=O)CCN[C@@H](C)c1csnn1,decoy,local_zinc_pool,,,c1csnn1,1,CNS(=O)(=O)CCN[C@@H](C)c1csnn1,matched_to_CHEMBL2003819,250.34900000000002,-0.2621,2,6,83.98,6,0,CHEMBL2003819,4.773986666666668,0.14473684210526316,,,,
ZINCf5000002rgr6,CC(C)N(C)S(=O)(=O)N[C@H](CO)C1CC1,decoy,local_zinc_pool,,,C1CC1,1,CC(C)N(C)S(=O)(=O)N[C@H](CO)C1CC1,matched_to_CHEMBL3315194,236.337,-0.06810000000000005,2,3,69.64,6,0,CHEMBL3315194,2.137633333333334,0.13636363636363635,,,,
ZINCf5000002mHAu,O=[S@@](C1CCC1)N1C[C@@H]2[C@H](C1)CS2(=O)=O,decoy,local_zinc_pool,,,O=S(C1CCC1)N1CC2CS(=O)(=O)C2C1,1,O=[S@@](C1CCC1)N1C[C@@H]2CS(=O)(=O)[C@@H]2C1,matched_to_CHEMBL1550591,249.357,-0.06859999999999977,0,3,54.45,2,0,CHEMBL1550591,2.833926666666668,0.08823529411764706,,,,
ZINCf50000008XK8,CCN(OC)C(=O)CSc1nnnn1C,decoy,local_zinc_pool,,,c1nnn[nH]1,1,CCN(OC)C(=O)CSc1nnnn1C,matched_to_CHEMBL2431119,231.281,-0.28790000000000027,0,7,73.14000000000001,5,0,CHEMBL2431119,5.388383333333338,0.14666666666666667,,,,
ZINCf5000002dUDr,CCOC(=O)CCCNS(=O)(=O)CC#N,decoy,local_zinc_pool,,,,1,CCOC(=O)CCCNS(=O)(=O)CC#N,matched_to_CHEMBL1966869,234.277,-0.22731999999999947,1,5,96.25999999999999,7,0,CHEMBL1966869,5.816760000000004,0.19047619047619047,,,,
ZINCf5000002rG6M,CCN1CCO[C@@H](CNS(=O)(=O)CBr)C1,decoy,local_zinc_pool,,,C1COCCN1,1,CCN1CCO[C@@H](CNS(=O)(=O)CBr)C1,matched_to_CHEMBL1438069,301.206,-0.021099999999999453,1,4,58.64,5,0,CHEMBL1438069,4.6171466666666685,0.17045454545454544,,,,
ZINCf5000002qAQ7,C=C(Br)CC(=O)NCCS(=O)(=O)CCO,decoy,local_zinc_pool,,,,1,C=C(Br)CC(=O)NCCS(=O)(=O)CCO,matched_to_CHEMBL3315223,300.17400000000004,-0.19160000000000016,2,4,83.47,7,0,CHEMBL3315223,4.2922566666666695,0.09876543209876543,,,,
ZINCf5000000agwD,NC(=O)C[C@@H]1CN(S(=O)(=O)CBr)CCO1,decoy,local_zinc_pool,,,C1COCCN1,1,NC(=O)C[C@@H]1CN(S(=O)(=O)CBr)CCO1,matched_to_CHEMBL1611686,301.1620000000001,-0.7552000000000001,1,4,89.7,4,0,CHEMBL1611686,5.406240000000003,0.13333333333333333,,,,
ZINCf5000002rS1o,CN1C(=O)CC[C@@H]1C(=O)O[C@H]1CCOC1,decoy,local_zinc_pool,,,O=C1CCC(C(=O)OC2CCOC2)N1,1,CN1C(=O)CC[C@@H]1C(=O)O[C@H]1CCOC1,matched_to_CHEMBL1595121,213.23299999999995,-0.06070000000000042,0,4,55.84,2,0,CHEMBL1595121,4.337540000000003,0.15730337078651685,,,,
ZINCf50000026zMv,CNC(=O)COC1CN(C(=O)C=CI)C1,decoy,local_zinc_pool,,,C1CNC1,1,CNC(=O)COC1CN(C(=O)C=CI)C1,matched_to_CHEMBL1340713,324.11800000000005,-0.09150000000000036,1,3,58.64,4,0,CHEMBL1340713,2.9184366666666666,0.14772727272727273,,,,
ZINCf5000000aqtZ,O=C(NCC1(O)CNC1)c1ncsc1Br,decoy,local_zinc_pool,,,O=C(NCC1CNC1)c1cscn1,1,O=C(NCC1(O)CNC1)c1ncsc1Br,matched_to_CHEMBL1453900,292.158,-0.03030000000000016,3,5,74.25,3,0,CHEMBL1453900,4.246316666666669,0.19672131147540983,,,,
ZINCf5000002e9UK,CP(C)(=O)CCC(=O)NOC[C@@H](O)CO,decoy,local_zinc_pool,,,,1,CP(C)(=O)CCC(=O)NOC[C@@H](O)CO,matched_to_CHEMBL3315204,239.208,-0.5998000000000006,3,5,95.86000000000001,7,0,CHEMBL3315204,5.860866666666669,0.14516129032258066,,,,
ZINCf50000008Jbx,CC(=O)C(=O)Cn1cc(I)c(O)nc1=O,decoy,local_zinc_pool,,,O=c1nccc[nH]1,1,CC(=O)C(=O)Cn1cc(I)c(O)nc1=O,matched_to_CHEMBL1461496,322.05800000000005,-0.28840000000000005,1,6,89.25999999999999,3,0,CHEMBL1461496,4.685473333333334,0.18032786885245902,,,,
ZINCf5000000a7WC,Cc1nc(CS(=O)(=O)N2CCCO2)no1,decoy,local_zinc_pool,,,O=S(=O)(Cc1ncon1)N1CCCO1,1,Cc1nc(CS(=O)(=O)N2CCCO2)no1,matched_to_CHEMBL1387563,233.24899999999994,-0.1548799999999999,0,6,85.53,3,0,CHEMBL1387563,5.3958300000000055,0.14864864864864866,,,,
ZINCf50000008DMb,C#C[C@H]1CCN1C(=O)[C@@]1(C)CNC(=O)C1,decoy,local_zinc_pool,,,O=C1CC(C(=O)N2CCC2)CN1,1,C#C[C@H]1CCN1C(=O)[C@@]1(C)CNC(=O)C1,matched_to_CHEMBL1321527,206.24499999999998,-0.2533,1,2,49.410000000000004,1,0,CHEMBL1321527,2.2406066666666673,0.1267605633802817,,,,
ZINCf5000002sjgq,CSC(=O)CN1C[C@H](CO)C2(COC2)C1,decoy,local_zinc_pool,,,C1CC2(CN1)COC2,1,CSC(=O)CN1C[C@H](CO)C2(COC2)C1,matched_to_CHEMBL1385214,231.31699999999995,-0.18330000000000002,1,5,49.77000000000001,3,0,CHEMBL1385214,3.384630000000002,0.14754098360655737,,,,
ZINCf5000002rAQM,C[C@@H](N)[C@@H]1CN(C(=O)C2CSC2)CCO1,decoy,local_zinc_pool,,,O=C(C1CSC1)N1CCOCC1,1,C[C@@H](N)[C@@H]1CN(C(=O)C2CSC2)CCO1,matched_to_CHEMBL1369296,230.33299999999994,-0.07599999999999985,1,4,55.56,2,0,CHEMBL1369296,3.1377333333333346,0.14285714285714285,,,,
ZINCf5000000ZsYo,COC(=O)[C@H](C)NCCCn1cnnn1,decoy,local_zinc_pool,,,c1nnn[nH]1,1,COC(=O)[C@H](C)NCCCn1cnnn1,matched_to_CHEMBL1995726,213.241,-0.7856999999999996,1,7,81.92999999999999,6,0,CHEMBL1995726,4.457086666666668,0.16923076923076924,,,,
ZINCf5000002dskN,C=C=C[C@H](C)C(=O)N[C@@H]1CC[C@@H](O)[C@H]1O,decoy,local_zinc_pool,,,C1CCCC1,1,C=C=C[C@H](C)C(=O)N[C@@H]1CC[C@@H](O)[C@H]1O,matched_to_CHEMBL1608453,211.261,-0.03600000000000031,3,3,69.56,3,0,CHEMBL1608453,3.9434400000000016,0.140625,,,,
ZINCf50000017JLt,COCC(=O)N1CCC1(COC)COC,decoy,local_zinc_pool,,,C1CNC1,1,COCC(=O)N1CCC1(COC)COC,matched_to_CHEMBL1586169,217.26499999999996,-0.10329999999999906,0,4,48.0,6,0,CHEMBL1586169,4.967443333333335,0.14492753623188406,,,,
ZINCf5000000acNm,Cn1nncc1CSCCCS(N)(=O)=O,decoy,local_zinc_pool,,,c1c[nH]nn1,1,Cn1nncc1CSCCCS(N)(=O)=O,matched_to_CHEMBL1493442,250.34899999999993,-0.2731,1,6,90.87,6,0,CHEMBL1493442,8.436770000000005,0.12345679012345678,,,,
ZINCf500000093ml,CCS(=O)(=O)N1CCO[C@H](CN(C)C)C1,decoy,local_zinc_pool,,,C1COCCN1,1,CCS(=O)(=O)N1CCO[C@H](CN(C)C)C1,matched_to_CHEMBL1325640,236.33699999999996,-0.40149999999999886,0,4,49.85,4,0,CHEMBL1325640,2.396093333333334,0.13953488372093023,,,,
ZINCf5000002rwnU,C[C@H](CN=[N+]=[N-])NC(=O)[C@H](N)CCCN,decoy,local_zinc_pool,,,,1,C[C@H](CN=[N+]=[N-])NC(=O)[C@H](N)CCCN,matched_to_CHEMBL463811,214.27299999999997,-0.1323999999999984,3,4,129.9,7,0,CHEMBL463811,7.3147333333333355,0.13636363636363635,,,,
ZINCf50000017xIn,CCNC(=O)[C@H](C)NS(=O)(=O)C[C@H](C)F,decoy,local_zinc_pool,,,,1,CCNC(=O)[C@H](C)NS(=O)(=O)C[C@H](C)F,matched_to_CHEMBL294989,240.29999999999995,-0.2115999999999998,2,3,75.27000000000001,6,0,CHEMBL294989,3.9695800000000023,0.15,,,,
ZINCf5000001XGaU,CC(CO)COC(=O)CCCS(N)(=O)=O,decoy,local_zinc_pool,,,,1,CC(CO)COC(=O)CCCS(N)(=O)=O,matched_to_CHEMBL462830,239.29299999999995,-0.7732999999999988,2,5,106.69,7,0,CHEMBL462830,7.385300000000003,0.14516129032258066,,,,
ZINCf5000001SOIu,COC(=O)CON(C)C(=O)CC(C)OC,decoy,local_zinc_pool,,,,1,COC(=O)CON(C)C(=O)CC(C)OC,matched_to_CHEMBL2431120,219.237,-0.025600000000000067,0,5,65.07000000000001,6,0,CHEMBL2431120,5.807693333333337,0.15,,,,
ZINCf5000001N6HT,CNCCCCC(=O)N=S(C)(=O)CCO,decoy,local_zinc_pool,,,,1,CNCCCCC(=O)N=S(C)(=O)CCO,matched_to_CHEMBL3315193,236.33699999999996,-0.007199999999999818,2,4,78.76,7,0,CHEMBL3315193,4.996093333333336,0.109375,,,,
ZINCf5000000axpl,O=S(=O)(NCCOCCO)c1cncs1,decoy,local_zinc_pool,,,c1cscn1,1,O=S(=O)(NCCOCCO)c1cncs1,matched_to_CHEMBL3099769,252.317,-0.5697000000000001,2,6,88.52000000000001,7,0,CHEMBL3099769,7.591123333333337,0.1375,,,,
ZINCf5000000ZyUF,O=S(=O)(NCCOCCF)c1cn[nH]c1,decoy,local_zinc_pool,,,c1cn[nH]c1,1,O=S(=O)(NCCOCCF)c1cn[nH]c1,matched_to_CHEMBL3315203,237.256,-0.32590000000000047,2,4,84.08000000000001,7,0,CHEMBL3315203,4.986570000000004,0.125,,,,
ZINCf5000000abKk,Cn1ncc(C(=O)CS(=O)(=O)C(F)F)n1,decoy,local_zinc_pool,,,c1cn[nH]n1,1,Cn1ncc(C(=O)CS(=O)(=O)C(F)F)n1,matched_to_CHEMBL1301125,239.20299999999997,-0.3647999999999998,0,6,81.92,4,0,CHEMBL1301125,6.271786666666671,0.15714285714285714,,,,
ZINCf50000017HXG,COC(=O)CCNS(=O)(=O)NCC(C)C,decoy,local_zinc_pool,,,,1,COC(=O)CCNS(=O)(=O)NCC(C)C,matched_to_CHEMBL3315221,238.309,-0.3704999999999994,2,4,84.5,7,0,CHEMBL3315221,5.011373333333337,0.1724137931034483,,,,
ZINCf5000000aqQc,O=C(NCCOCCS)c1nsnc1O,decoy,local_zinc_pool,,,c1cnsn1,1,O=C(NCCOCCS)c1nsnc1O,matched_to_CHEMBL1323442,249.31700000000004,-0.08009999999999995,3,7,84.34,6,0,CHEMBL1323442,5.420133333333335,0.15384615384615385,,,,
ZINCf5000001A1LB,O=S(=O)(NCCOCCO)OCC(F)F,decoy,local_zinc_pool,,,,1,O=S(=O)(NCCOCCO)OCC(F)F,matched_to_CHEMBL3099777,249.23499999999996,-0.8886000000000001,2,5,84.86000000000001,9,0,CHEMBL3099777,8.103090000000003,0.10256410256410256,,,,
ZINCf50000008Igg,C=C[C@H](N)c1nc(Cn2cncn2)no1,decoy,local_zinc_pool,,,c1ncn(Cc2ncon2)n1,1,C=C[C@H](N)c1nc(Cn2cncn2)no1,matched_to_CHEMBL1490404,206.20900000000003,-0.10480000000000023,1,7,95.65,4,0,CHEMBL1490404,4.17597,0.10975609756097561,,,,
ZINCf5000002s8U2,COCCO[C@@H](C)C(=O)OCCOC=O,decoy,local_zinc_pool,,,,1,COCCO[C@@H](C)C(=O)OCCOC=O,matched_to_CHEMBL1611170,220.22099999999995,-0.24590000000000045,0,6,71.06,9,0,CHEMBL1611170,5.9324600000000025,0.15714285714285714,,,,
ZINCf50000017Uuo,C[C@@]1(CNS(=O)(=O)CCl)CNCCOC1,decoy,local_zinc_pool,,,C1CNCCOC1,1,C[C@@]1(CNS(=O)(=O)CCl)CNCCOC1,matched_to_CHEMBL1600146,256.75499999999994,-0.2717999999999996,2,4,67.43,4,0,CHEMBL1600146,1.8518533333333342,0.10126582278481013,,,,
ZINCf50000009dSr,CN(CC(=O)O)S(=O)(=O)c1cnc(O)s1,decoy,local_zinc_pool,,,c1cscn1,1,CN(CC(=O)O)S(=O)(=O)c1cnc(O)s1,matched_to_CHEMBL1468368,252.273,-0.44620000000000015,2,6,107.80000000000001,4,0,CHEMBL1468368,4.437866666666668,0.19402985074626866,,,,
ZINCf5000000VkWT,C=C[C@@H](C)[C@@H](NCCS(C)(=O)=O)C(=O)O,decoy,local_zinc_pool,,,,1,C=C[C@@H](C)[C@@H](NCCS(C)(=O)=O)C(=O)O,matched_to_CHEMBL3315213,235.30499999999998,-0.10409999999999991,2,4,83.47,7,0,CHEMBL3315213,5.353850000000004,0.18333333333333332,,,,
ZINCf5000002e5Hf,COCCOCC(=O)NNC(=O)CCBr,decoy,local_zinc_pool,,,,1,COCCOCC(=O)NNC(=O)CCBr,matched_to_CHEMBL3315202,283.12199999999996,-0.4182000000000001,2,4,76.66,7,0,CHEMBL3315202,4.886243333333338,0.15625,,,,
ZINCf5000002aWhH,O=S1(=O)CCN(CCc2nccs2)CN1,decoy,local_zinc_pool,,,O=S1(=O)CCN(CCc2nccs2)CN1,1,O=S1(=O)CCN(CCc2nccs2)CN1,matched_to_CHEMBL1546134,247.34500000000003,-0.12190000000000029,1,5,62.300000000000004,3,0,CHEMBL1546134,3.399256666666669,0.13333333333333333,,,,
ZINCf5000002aSjQ,COCC[S@@](=O)NCc1nnc(CO)s1,decoy,local_zinc_pool,,,c1nncs1,1,COCC[S@@](=O)NCc1nnc(CO)s1,matched_to_CHEMBL3315209,251.333,-0.5699000000000003,2,6,84.34,7,0,CHEMBL3315209,5.792233333333336,0.14754098360655737,,,,
ZINCf5000001y1YT,CCOCCC(O)CNCC(CO)OC,decoy,local_zinc_pool,,,,1,CCOCCC(O)CNCC(CO)OC,matched_to_CHEMBL1538066,221.29699999999997,-0.6291999999999986,3,5,70.95,10,0,CHEMBL1538066,7.046930000000004,0.1111111111111111,,,,
ZINCf5000002aOPa,CCN(CCCF)C(=O)Cn1ncnn1,decoy,local_zinc_pool,,,c1nn[nH]n1,1,CCN(CCCF)C(=O)Cn1ncnn1,matched_to_CHEMBL2431121,215.23200000000003,-0.11880000000000024,0,5,63.910000000000004,6,0,CHEMBL2431121,6.664150000000004,0.13333333333333333,,,,
ZINCf50000009AEz,COCc1nc(CN(CCO)OC)no1,decoy,local_zinc_pool,,,c1ncon1,1,COCc1nc(CN(CCO)OC)no1,matched_to_CHEMBL1597454,217.225,-0.4282999999999999,1,7,80.85000000000001,7,0,CHEMBL1597454,7.8563500000000035,0.11428571428571428,,,,
ZINCf50000009fmC,CN(CCn1cccn1)CCS(C)(=O)=O,decoy,local_zinc_pool,,,c1cn[nH]c1,1,CN(CCn1cccn1)CCS(C)(=O)=O,matched_to_CHEMBL1446377,231.32099999999994,-0.1404999999999994,0,5,55.2,6,0,CHEMBL1446377,6.148990000000006,0.13414634146341464,,,,
ZINCf5000002af9J,COS(=O)(=O)Oc1nn(C)cc1[N+](=O)[O-],decoy,local_zinc_pool,,,c1cn[nH]c1,1,COS(=O)(=O)Oc1nn(C)cc1[N+](=O)[O-],matched_to_CHEMBL1547420,237.19299999999998,-0.40170000000000017,0,8,113.56000000000003,4,0,CHEMBL1547420,5.876380000000001,0.3333333333333333,,,,
ZINCf5000002aKS4,C=C(Cl)C(=O)NCCc1noc(=O)n1C,decoy,local_zinc_pool,,,O=c1[nH]cno1,1,C=C(Cl)C(=O)NCCc1noc(=O)n1C,matched_to_CHEMBL1312502,231.63899999999998,-0.21550000000000025,1,5,77.13,4,0,CHEMBL1312502,5.660816666666672,0.15,,,,
ZINCf500000092Q7,CCO[C@H](C)C(=O)OCc1nnn(C)n1,decoy,local_zinc_pool,,,c1nn[nH]n1,1,CCO[C@H](C)C(=O)OCc1nnn(C)n1,matched_to_CHEMBL1328169,214.225,-0.3217000000000003,0,7,79.13000000000001,5,0,CHEMBL1328169,6.2983000000000064,0.1780821917808219,,,,
ZINCf50000017P1d,CSCC(=O)N1CC[C@@H]2C(=O)NC[C@@H]2C1,decoy,local_zinc_pool,,,O=C1NCC2CNCCC12,1,CSCC(=O)N1CC[C@@H]2C(=O)NC[C@@H]2C1,matched_to_CHEMBL1586252,228.31699999999998,-0.05610000000000004,1,3,49.410000000000004,2,0,CHEMBL1586252,4.4035366666666675,0.14285714285714285,,,,
ZINCf500000185c0,NOCCNC(=O)Cn1nc(Br)c(Br)n1,decoy,local_zinc_pool,,,c1cn[nH]n1,1,NOCCNC(=O)Cn1nc(Br)c(Br)n1,matched_to_CHEMBL1594369,342.979,-0.19039999999999985,2,6,95.06,5,0,CHEMBL1594369,4.050936666666669,0.1506849315068493,,,,
ZINCf5000000a9rH,Cc1noc([C@@H](C)N(CCN)CCN)n1,decoy,local_zinc_pool,,,c1ncon1,1,Cc1noc([C@@H](C)N(CCN)CCN)n1,matched_to_CHEMBL2003819,213.28499999999997,-0.3415799999999984,2,6,94.2,6,0,CHEMBL2003819,4.788813333333334,0.12727272727272726,,,,
ZINCf5000000S5m1,CC[S@](=O)CCNC(=O)N(C)[C@H](C)CO,decoy,local_zinc_pool,,,,1,CC[S@](=O)CCNC(=O)N(C)[C@H](C)CO,matched_to_CHEMBL3315194,236.337,-0.2227999999999996,2,3,69.64,6,0,CHEMBL3315194,2.240766666666667,0.14285714285714285,,,,
ZINCf50000018cw8,O=S(=O)(N1CCC1)N1CC[C@@H]2COC[C@H]21,decoy,local_zinc_pool,,,O=S(=O)(N1CCC1)N1CCC2COCC21,1,O=S(=O)(N1CCC1)N1CC[C@@H]2COC[C@H]21,matched_to_CHEMBL1550591,232.30499999999995,-0.34239999999999915,0,3,49.85000000000001,2,0,CHEMBL1550591,3.0221800000000014,0.09333333333333334,,,,
ZINCf500000093f6,CCS(=O)(=O)CCn1cc(COC)nn1,decoy,local_zinc_pool,,,c1c[nH]nn1,1,CCS(=O)(=O)CCn1cc(COC)nn1,matched_to_CHEMBL2431119,233.29299999999998,-0.14080000000000026,0,6,74.08,6,0,CHEMBL2431119,5.307796666666671,0.1527777777777778,,,,
ZINCf50000009pza,COC(=O)CCNS(=O)(=O)CCCC#N,decoy,local_zinc_pool,,,,1,COC(=O)CCNS(=O)(=O)CCCC#N,matched_to_CHEMBL1966869,234.27699999999996,-0.22731999999999997,1,5,96.25999999999999,7,0,CHEMBL1966869,5.816760000000004,0.18571428571428572,,,,
ZINCf50000009mCy,CNCCc1cn(CC2=NOCC2)nn1,decoy,local_zinc_pool,,,c1cn(CC2=NOCC2)nn1,1,CNCCc1cn(CC2=NOCC2)nn1,matched_to_CHEMBL1438069,209.25299999999996,-0.18370000000000042,1,6,64.33,5,0,CHEMBL1438069,4.435076666666668,0.12,,,,
ZINCf500000098za,CC[C@H](O)CCNC(=O)CCS(C)(=O)=O,decoy,local_zinc_pool,,,,1,CC[C@H](O)CCNC(=O)CCS(C)(=O)=O,matched_to_CHEMBL3315223,237.32099999999997,-0.30169999999999964,2,4,83.47,7,0,CHEMBL3315223,4.99418666666667,0.1375,,,,
ZINCf50000009TmS,C[C@H](C(=O)N(CC#N)CC#N)S(C)(=O)=O,decoy,local_zinc_pool,,,,1,C[C@H](C(=O)N(CC#N)CC#N)S(C)(=O)=O,matched_to_CHEMBL1611686,229.261,-0.7047399999999999,0,5,102.03,4,0,CHEMBL1611686,5.571210000000004,0.13043478260869565,,,,
ZINCf5000002eo86,O=S1(=O)CC(CN2CCOC[C@@H](F)C2)C1,decoy,local_zinc_pool,,,O=S1(=O)CC(CN2CCCOCC2)C1,1,O=S1(=O)CC(CN2CCOC[C@@H](F)C2)C1,matched_to_CHEMBL1595121,237.29599999999994,-0.29869999999999974,0,4,46.61,2,0,CHEMBL1595121,4.301576666666669,0.07526881720430108,,,,
ZINCf50000008ZwX,CCNCC(=O)N1CC[C@H](C)[S@](=O)CC1,decoy,local_zinc_pool,,,O=S1CCCNCC1,1,CCNCC(=O)N1CC[C@H](C)[S@](=O)CC1,matched_to_CHEMBL1340713,232.34899999999996,-0.034599999999999076,1,3,49.410000000000004,3,0,CHEMBL1340713,2.9393933333333337,0.12643678160919541,,,,
ZINCf5000000aabR,Cn1cc(C(=O)NC[C@H](O)CN)c(I)n1,decoy,local_zinc_pool,,,c1cn[nH]c1,1,Cn1cc(C(=O)NC[C@H](O)CN)c(I)n1,matched_to_CHEMBL1453900,324.122,-0.9258999999999995,3,5,93.17,4,0,CHEMBL1453900,4.378943333333334,0.22058823529411764,,,,
ZINCf50000017wfG,CCC[C@H](CO)NC[C@@H](O)CS(C)(=O)=O,decoy,local_zinc_pool,,,,1,CCC[C@H](CO)NC[C@@H](O)CS(C)(=O)=O,matched_to_CHEMBL3315204,239.337,-0.8574999999999982,3,5,86.63,8,0,CHEMBL3315204,5.900576666666669,0.09859154929577464,,,,
ZINCf50000009KdR,C[C@@H](CNC(=O)c1csnn1)S(C)(=O)=O,decoy,local_zinc_pool,,,c1csnn1,1,C[C@@H](CNC(=O)c1csnn1)S(C)(=O)=O,matched_to_CHEMBL1461496,249.31699999999998,-0.29899999999999993,1,6,89.02000000000001,4,0,CHEMBL1461496,4.910350000000003,0.2,,,,
ZINCf5000001sFyK,COC(=O)C1COCCN1S(=O)(=O)CI,decoy,local_zinc_pool,,,C1COCCN1,1,COC(=O)C1COCCN1S(=O)(=O)CI,matched_to_CHEMBL1387563,349.14599999999996,-0.4175,0,5,72.91,3,0,CHEMBL1387563,5.416740000000004,0.14444444444444443,,,,
ZINCf5000001RMFL,CNC(=O)C(=O)N1CC(C2CC2(F)F)C1,decoy,local_zinc_pool,,,C1CC1C1CNC1,1,CNC(=O)C(=O)N1CC(C2CC2(F)F)C1,matched_to_CHEMBL1321527,218.20299999999995,-0.15400000000000058,1,2,49.410000000000004,1,0,CHEMBL1321527,2.054826666666668,0.16363636363636364,,,,
ZINCf50000009OE1,C[C@@H]1CCN(CCn2cncn2)C[C@@H]1O,decoy,local_zinc_pool,,,c1ncn(CCN2CCCCC2)n1,1,C[C@@H]1CCN(CCn2cncn2)C[C@@H]1O,matched_to_CHEMBL1385214,210.281,-0.01919999999999983,1,5,54.18000000000001,3,0,CHEMBL1385214,3.3091900000000014,0.11267605633802817,,,,
ZINCf50000017XIs,C[C@H]1CC[C@@H](O)CN1CC1CS(=O)(=O)C1,decoy,local_zinc_pool,,,O=S1(=O)CC(CN2CCCCC2)C1,1,C[C@H]1CC[C@@H](O)CN1CC1CS(=O)(=O)C1,matched_to_CHEMBL1369296,233.33299999999997,-0.12379999999999969,1,4,57.61,2,0,CHEMBL1369296,3.057600000000001,0.11363636363636363,,,,
ZINCf50000009aLM,CCn1ncc(S(=O)(=O)NCCSC)n1,decoy,local_zinc_pool,,,c1cn[nH]n1,1,CCn1ncc(S(=O)(=O)NCCSC)n1,matched_to_CHEMBL1995726,250.34899999999996,-0.060699999999999976,1,6,76.88,6,0,CHEMBL1995726,4.304673333333335,0.12941176470588237,,,,
ZINCf5000002qYi2,CC(=CC(=O)N[C@@H]1[C@@H](O)C[C@H]1O)C(F)F,decoy,local_zinc_pool,,,C1CCC1,1,CC(=CC(=O)N[C@H]1[C@H](O)C[C@@H]1O)C(F)F,matched_to_CHEMBL1608453,221.20299999999997,-0.19190000000000024,3,3,69.56,3,0,CHEMBL1608453,3.9479533333333348,0.14035087719298245,,,,
ZINCf500000099Hp,CC[S@](=O)CC(=O)N(C)[C@@H](C)C[S@@](C)=O,decoy,local_zinc_pool,,,,1,CC[S@](=O)CC(=O)N(C)[C@@H](C)C[S@@](C)=O,matched_to_CHEMBL1586169,253.38899999999998,-0.01959999999999984,0,3,54.45,6,0,CHEMBL1586169,5.308403333333335,0.13114754098360656,,,,
ZINCf5000000aoik,O=C(CCC[N+](=O)[O-])NS(=O)(=O)C(F)F,decoy,local_zinc_pool,,,,1,O=C(CCC[N+](=O)[O-])NS(=O)(=O)C(F)F,matched_to_CHEMBL1493442,246.191,-0.28809999999999975,1,5,106.38,6,0,CHEMBL1493442,8.367950000000004,0.13432835820895522,,,,
ZINCf50000008APd,C#CCN(C)C(=O)CCc1cn(C)nn1,decoy,local_zinc_pool,,,c1c[nH]nn1,1,C#CCN(C)C(=O)CCc1cn(C)nn1,matched_to_CHEMBL1325640,206.249,-0.1607000000000005,0,4,51.02,4,0,CHEMBL1325640,2.489640000000001,0.14864864864864866,,,,
ZINCf50000009H2Z,CSC[C@@H](O)CNCCCCS(N)(=O)=O,decoy,local_zinc_pool,,,,1,CSC[C@@H](O)CNCCCCS(N)(=O)=O,matched_to_CHEMBL463811,256.393,-0.6313999999999993,3,5,92.41999999999999,9,0,CHEMBL463811,7.225400000000002,0.11666666666666667,,,,
ZINCf50000027pPY,NS(=O)(=O)CCCNC(=O)C1CC(I)C1,decoy,local_zinc_pool,,,C1CCC1,1,NS(=O)(=O)CCCNC(=O)C1CC(I)C1,matched_to_CHEMBL294989,346.19000000000005,-0.005199999999999871,2,3,89.25999999999999,5,0,CHEMBL294989,3.8038800000000013,0.11666666666666667,,,,
ZINCf5000000Zxnj,NC(=O)CSCCC(=O)Nc1nnco1,decoy,local_zinc_pool,,,c1nnco1,1,NC(=O)CSCCC(=O)Nc1nnco1,matched_to_CHEMBL462830,230.24900000000002,-0.3833000000000002,2,6,111.11,6,0,CHEMBL462830,7.392540000000003,0.1506849315068493,,,,
ZINCf50000008XuZ,CCN(CCSC)C(=O)Cn1cnnn1,decoy,local_zinc_pool,,,c1nnn[nH]1,1,CCN(CCSC)C(=O)Cn1cnnn1,matched_to_CHEMBL2431120,229.309,-0.11540000000000017,0,6,63.910000000000004,6,0,CHEMBL2431120,5.220440000000004,0.13559322033898305,,,,
ZINCf500000093K2,CCSC[C@@H](C)NC(=O)CCS(N)(=O)=O,decoy,local_zinc_pool,,,,1,CCSC[C@@H](C)NC(=O)CCS(N)(=O)=O,matched_to_CHEMBL3315193,254.37699999999995,-0.07719999999999916,2,4,89.25999999999999,7,0,CHEMBL3315193,4.8455600000000025,0.16129032258064516,,,,
ZINCf5000002s99t,COCCSCCNC(=O)[C@H](N)CC#N,decoy,local_zinc_pool,,,,1,COCCSCCNC(=O)[C@H](N)CC#N,matched_to_CHEMBL3099769,231.321,-0.2768199999999992,2,5,88.13999999999999,8,0,CHEMBL3099769,7.6210300000000055,0.14285714285714285,,,,
ZINCf5000001QntH,O=S(=O)(CI)N1CCC(CO)(CCO)C1,decoy,local_zinc_pool,,,C1CCNC1,1,O=S(=O)(CI)N1CCC(CO)(CCO)C1,matched_to_CHEMBL3315203,349.19000000000017,-0.22449999999999987,2,4,77.84,5,0,CHEMBL3315203,5.049230000000001,0.09210526315789473,,,,
ZINCf50000009bel,CN(C(=O)Cn1nccn1)c1nncs1,decoy,local_zinc_pool,,,O=C(Cn1nccn1)Nc1nncs1,1,CN(C(=O)Cn1nccn1)c1nncs1,matched_to_CHEMBL1301125,224.24900000000002,-0.2074000000000007,0,7,76.80000000000001,3,0,CHEMBL1301125,6.521193333333337,0.16901408450704225,,,,
ZINCf50000009Aho,COC[C@](C)(NC(=O)CCSC)C(N)=O,decoy,local_zinc_pool,,,,1,COC[C@](C)(NC(=O)CCSC)C(N)=O,matched_to_CHEMBL3315221,234.32099999999997,-0.253899999999999,2,4,81.41999999999999,7,0,CHEMBL3315221,5.074320000000004,0.14084507042253522,,,,
ZINCf50000029ZxW,C[C@@H](CN=[N+]=[N-])NC(=O)[C@H](O)CCCO,decoy,local_zinc_pool,,,,1,C[C@@H](CN=[N+]=[N-])NC(=O)[C@H](O)CCCO,matched_to_CHEMBL1323442,216.24099999999999,-0.06519999999999998,3,4,118.32000000000002,7,0,CHEMBL1323442,5.381760000000001,0.15625,,,,
ZINCf5000000ZtGB,CS(=O)(=O)NCCSc1nncc(O)n1,decoy,local_zinc_pool,,,c1cnncn1,1,CS(=O)(=O)NCCSc1nncc(O)n1,matched_to_CHEMBL3099777,250.30500000000004,-0.7815000000000003,2,7,105.07000000000001,5,0,CHEMBL3099777,8.212590000000002,0.1527777777777778,,,,
ZINCf5000000WC1R,O=C(NCCc1nncs1)c1cnon1,decoy,local_zinc_pool,,,O=C(NCCc1nncs1)c1cnon1,1,O=C(NCCc1nncs1)c1cnon1,matched_to_CHEMBL1490404,225.233,-0.10640000000000027,1,7,93.80000000000001,4,0,CHEMBL1490404,4.060796666666667,0.16216216216216217,,,,
ZINCf50000017yp7,CCOCCOC(=O)COCC(=O)OC,decoy,local_zinc_pool,,,,1,CCOCCOC(=O)COCC(=O)OC,matched_to_CHEMBL1611170,220.22099999999995,-0.24429999999999974,0,6,71.06,8,0,CHEMBL1611170,6.431393333333336,0.2641509433962264,,,,
ZINCf5000001tTvm,CC1OC2(CN)CC1(NS(=O)(=O)CBr)C2,decoy,local_zinc_pool,,,C1OC2CC1C2,1,CC1OC2(CN)CC1(NS(=O)(=O)CBr)C2,matched_to_CHEMBL1600146,299.19000000000005,-0.09300000000000064,2,4,81.41999999999999,4,0,CHEMBL1600146,1.867903333333333,0.09782608695652174,,,,
ZINCf5000002aP2J,CCNS(=O)(=O)Cc1nc([C@@H](C)N)no1,decoy,local_zinc_pool,,,c1ncon1,1,CCNS(=O)(=O)Cc1nc([C@@H](C)N)no1,matched_to_CHEMBL1468368,234.281,-0.4714,2,6,111.11,5,0,CHEMBL1468368,4.259786666666669,0.13414634146341464,,,,
ZINCf500000093Nd,CCS[C@@H](C)C(=O)N[C@@H](COC)C(N)=O,decoy,local_zinc_pool,,,,1,CCS[C@@H](C)C(=O)N[C@@H](COC)C(N)=O,matched_to_CHEMBL3315213,234.32099999999997,-0.25549999999999884,2,4,81.41999999999999,7,0,CHEMBL3315213,5.546623333333336,0.18333333333333332,,,,
ZINCf5000002e7V7,CO[C@H](CSC)C(=O)N[C@H](C)CC(N)=O,decoy,local_zinc_pool,,,,1,CO[C@H](CSC)C(=O)N[C@H](C)CC(N)=O,matched_to_CHEMBL3315202,234.321,-0.25549999999999884,2,4,81.41999999999999,7,0,CHEMBL3315202,5.075386666666669,0.18333333333333332,,,,
ZINCf5000001wBMM,CC1(NCC2COCOC2)CCOC1=O,decoy,local_zinc_pool,,,O=C1OCCC1NCC1COCOC1,1,CC1(NCC2COCOC2)CCOC1=O,matched_to_CHEMBL1546134,215.24899999999994,-0.09790000000000054,1,5,56.79,3,0,CHEMBL1546134,3.6830166666666697,0.1791044776119403,,,,
ZINCf5000002aLWo,C=CCSCC(=O)NCc1nnc(O)o1,decoy,local_zinc_pool,,,c1nnco1,1,C=CCSCC(=O)NCc1nnc(O)o1,matched_to_CHEMBL3315209,229.26099999999997,0.3105999999999998,2,6,88.25,6,0,CHEMBL3315209,5.769553333333336,0.125,,,,
ZINCf500000091Qp,CCOCC[C@@H](N)C(=O)NOCCCN,decoy,local_zinc_pool,,,,1,CCOCC[C@@H](N)C(=O)NOCCCN,matched_to_CHEMBL1538066,219.28499999999997,-0.863099999999998,3,5,99.6,9,0,CHEMBL1538066,6.576983333333337,0.14285714285714285,,,,
ZINCf5000001DQrG,COCC(=O)N(OC)C(C)CC(=O)OC,decoy,local_zinc_pool,,,,1,COCC(=O)N(OC)C(C)CC(=O)OC,matched_to_CHEMBL2431121,219.23699999999997,-0.025600000000000067,0,5,65.07,6,0,CHEMBL2431121,6.6083666666666705,0.15254237288135594,,,,
ZINCf5000001PUBi,COC(C)COC(=O)CCCS(N)(=O)=O,decoy,local_zinc_pool,,,,1,COC(C)COC(=O)CCCS(N)(=O)=O,matched_to_CHEMBL1597454,239.29299999999995,-0.36679999999999907,1,5,95.69,7,0,CHEMBL1597454,8.001070000000004,0.14516129032258066,,,,
ZINCf5000000azPG,c1nnnn1CCSC[C@H]1COCCO1,decoy,local_zinc_pool,,,c1nnnn1CCSCC1COCCO1,1,c1nnnn1CCSC[C@H]1COCCO1,matched_to_CHEMBL1446377,230.29299999999995,-0.17830000000000035,0,7,62.06,5,0,CHEMBL1446377,5.578870000000005,0.12903225806451613,,,,
ZINCf500000096Ht,CC[C@H](C#N)S(=O)(=O)N(CC#N)CC#N,decoy,local_zinc_pool,,,,1,CC[C@H](C#N)S(=O)(=O)N(CC#N)CC#N,matched_to_CHEMBL1547420,226.26099999999997,-0.03245999999999993,0,5,108.75,5,0,CHEMBL1547420,6.931940000000003,0.09803921568627451,,,,
ZINCf50000017Fgj,CN=[S@](C)(=O)NC(=O)C[C@@H](C)C(=O)OC,decoy,local_zinc_pool,,,,1,CN=[S@](C)(=O)NC(=O)C[C@@H](C)C(=O)OC,matched_to_CHEMBL1312502,236.29299999999998,-0.05559999999999987,1,5,84.83,4,0,CHEMBL1312502,5.671676666666671,0.1791044776119403,,,,
ZINCf5000000Zt3F,COCC(=O)COC(=O)c1cnnn1C,decoy,local_zinc_pool,,,c1c[nH]nn1,1,COCC(=O)COC(=O)c1cnnn1C,matched_to_CHEMBL1328169,213.193,-0.8126000000000002,0,7,83.31,5,0,CHEMBL1328169,6.803086666666673,0.18840579710144928,,,,
ZINCf5000000apXZ,O=C(N1CCOC[C@@H](O)C1)C1(CF)CC1,decoy,local_zinc_pool,,,O=C(C1CC1)N1CCCOCC1,1,O=C(N1CCOC[C@@H](O)C1)C1(CF)CC1,matched_to_CHEMBL1586252,217.23999999999992,-0.04420000000000068,1,3,49.77,2,0,CHEMBL1586252,4.520773333333336,0.1,,,,
ZINCf5000000ZwQr,Cn1nnc(C(=O)NOCC=CCl)c1N,decoy,local_zinc_pool,,,c1c[nH]nn1,1,Cn1nnc(C(=O)NOCC=CCl)c1N,matched_to_CHEMBL1594369,231.64299999999997,-0.18879999999999975,2,6,95.06,4,0,CHEMBL1594369,4.663230000000002,0.18055555555555555,,,,
ZINCf5000002rRW9,Cn1cnc([C@H](O)CNS(=O)(=O)CI)c1,decoy,local_zinc_pool,,,c1c[nH]cn1,1,Cn1cnc([C@H](O)CNS(=O)(=O)CI)c1,matched_to_CHEMBL2003819,345.1619999999999,-0.23460000000000014,2,5,84.22,5,0,CHEMBL2003819,4.797923333333335,0.15476190476190477,,,,
ZINCf5000002rKe8,CCNS(=O)(=O)NCC[S@@](=O)C(F)(F)F,decoy,local_zinc_pool,,,,1,CCNS(=O)(=O)NCC[S@@](=O)C(F)(F)F,matched_to_CHEMBL3315194,268.282,-0.30120000000000036,2,3,75.27000000000001,6,0,CHEMBL3315194,2.0635833333333347,0.08045977011494253,,,,
ZINCf50000018cw6,O=S(=O)(N1CCC1)N1CCOCC12CC2,decoy,local_zinc_pool,,,O=S(=O)(N1CCC1)N1CCOCC12CC2,1,O=S(=O)(N1CCC1)N1CCOCC12CC2,matched_to_CHEMBL1550591,232.30499999999992,-0.19829999999999948,0,3,49.85000000000001,2,0,CHEMBL1550591,2.926113333333335,0.06666666666666667,,,,
ZINCf50000008WI2,CCN(CC(=O)OC)Cc1ncnn1C,decoy,local_zinc_pool,,,c1nc[nH]n1,1,CCN(CC(=O)OC)Cc1ncnn1C,matched_to_CHEMBL2431119,212.253,-0.19000000000000017,0,6,60.25000000000001,5,0,CHEMBL2431119,5.497796666666671,0.17333333333333334,,,,
ZINCf5000000ZrlZ,CCOC[C@@H](O)CSCc1nnn(C)n1,decoy,local_zinc_pool,,,c1nn[nH]n1,1,CCOC[C@@H](O)CSCc1nnn(C)n1,matched_to_CHEMBL1966869,232.309,-0.15930000000000022,1,7,73.06,7,0,CHEMBL1966869,5.687093333333338,0.11290322580645161,,,,
ZINCf5000002aSKK,COC(=O)CN(C)Cc1nnc(CO)s1,decoy,local_zinc_pool,,,c1nncs1,1,COC(=O)CN(C)Cc1nnc(CO)s1,matched_to_CHEMBL1438069,231.27700000000002,-0.3648000000000002,1,7,75.55,5,0,CHEMBL1438069,4.284370000000001,0.1724137931034483,,,,
ZINCf50000009CcS,CO[C@@H](C)C(=O)N[C@@H](CCSC)C(N)=O,decoy,local_zinc_pool,,,,1,CO[C@@H](C)C(=O)N[C@@H](CCSC)C(N)=O,matched_to_CHEMBL3315223,234.32099999999997,-0.25549999999999884,2,4,81.41999999999999,7,0,CHEMBL3315223,5.075386666666669,0.18032786885245902,,,,
ZINCf5000001JS06,CC(C(=O)N(C)C)S(=O)(=O)N=S(C)(C)=O,decoy,local_zinc_pool,,,,1,CC(C(=O)N(C)C)S(=O)(=O)N=S(C)(C)=O,matched_to_CHEMBL1611686,256.349,-0.47949999999999915,0,4,83.88,3,0,CHEMBL1611686,5.403370000000003,0.125,,,,
ZINCf5000001D3r8,COC(=O)C1CCN1C(=O)[C@H]1CCCO1,decoy,local_zinc_pool,,,O=C(C1CCCO1)N1CCC1,1,COC(=O)C1CCN1C(=O)[C@H]1CCCO1,matched_to_CHEMBL1595121,213.23299999999998,-0.06070000000000042,0,4,55.84,2,0,CHEMBL1595121,4.337540000000002,0.20238095238095238,,,,
ZINCf5000002s5Q9,CO[C@](C)(CO)C(=O)N1C[C@@H](F)[C@H](F)C1,decoy,local_zinc_pool,,,C1CCNC1,1,CO[C@](C)(CO)C(=O)N1C[C@@H](F)[C@H](F)C1,matched_to_CHEMBL1340713,223.21899999999994,-0.09780000000000033,1,3,49.77,3,0,CHEMBL1340713,3.0768266666666686,0.125,,,,
ZINCf500000292iH,Cn1cc(C(=O)NC[C@H](N)CO)cc1Br,decoy,local_zinc_pool,,,c1cc[nH]c1,1,Cn1cc(C(=O)NC[C@H](N)CO)cc1Br,matched_to_CHEMBL1453900,276.13399999999996,-0.16299999999999965,3,4,80.28,4,0,CHEMBL1453900,4.334623333333335,0.16923076923076924,,,,
ZINCf5000002e5gL,COC[C@H](C)S(=O)(=O)N[C@H](CS)C(=O)O,decoy,local_zinc_pool,,,,1,COC[C@H](C)S(=O)(=O)N[C@H](CS)C(=O)O,matched_to_CHEMBL3315204,257.333,-0.6762999999999992,3,5,92.7,7,0,CHEMBL3315204,5.857016666666668,0.22413793103448276,,,,
ZINCf50000009MnU,C[C@@H](NCc1cnns1)c1nnnn1C,decoy,local_zinc_pool,,,c1nnsc1CNCc1nnn[nH]1,1,C[C@@H](NCc1cnns1)c1nnnn1C,matched_to_CHEMBL1461496,225.281,-0.08760000000000012,1,8,81.41,4,0,CHEMBL1461496,4.099776666666669,0.136986301369863,,,,
ZINCf50000008Wxf,CCN(CC#N)C(=O)Cn1nnnc1C,decoy,local_zinc_pool,,,c1nnn[nH]1,1,CCN(CC#N)C(=O)Cn1nnnc1C,matched_to_CHEMBL1387563,208.225,-0.6464000000000003,0,6,87.7,4,0,CHEMBL1387563,5.386950000000004,0.14285714285714285,,,,
ZINCf5000002qCci,C#CC1CN(C(=O)[C@@H]2CNCC2(F)F)C1,decoy,local_zinc_pool,,,O=C(C1CCNC1)N1CCC1,1,C#CC1CN(C(=O)[C@@H]2CNCC2(F)F)C1,matched_to_CHEMBL1321527,214.21499999999995,-0.06730000000000014,1,2,32.34,1,0,CHEMBL1321527,2.2141066666666678,0.10606060606060606,,,,
ZINCf50000017IU9,COC(=O)[C@H](C)NC(=O)[C@H]1CSCN1C,decoy,local_zinc_pool,,,C1CSCN1,1,COC(=O)[C@H](C)NC(=O)[C@H]1CSCN1C,matched_to_CHEMBL1385214,232.30499999999998,-0.33119999999999994,1,5,58.64,3,0,CHEMBL1385214,3.419350000000002,0.18032786885245902,,,,
ZINCf5000002rEmx,C[C@@H](O)CN1CCC2(CC1)CS(=O)(=O)C2,decoy,local_zinc_pool,,,O=S1(=O)CC2(CCNCC2)C1,1,C[C@@H](O)CN1CCC2(CC1)CS(=O)(=O)C2,matched_to_CHEMBL1369296,233.33299999999997,-0.12219999999999986,1,4,57.61,2,0,CHEMBL1369296,3.0565333333333347,0.12048192771084337,,,,
ZINCf5000000Ybyz,Cc1nnsc1SCC(=O)OCC(N)=O,decoy,local_zinc_pool,,,c1csnn1,1,Cc1nnsc1SCC(=O)OCC(N)=O,matched_to_CHEMBL1995726,247.30099999999993,-0.03288000000000013,1,7,95.16999999999999,5,0,CHEMBL1995726,4.174606666666669,0.18309859154929578,,,,
ZINCf50000024luX,Cc1n[nH]cc1CNC1CN(C(N)=S)C1,decoy,local_zinc_pool,,,c1n[nH]cc1CNC1CNC1,1,Cc1n[nH]cc1CNC1CN(C(N)=S)C1,matched_to_CHEMBL1608453,225.32099999999997,-0.2644799999999998,3,3,69.97,3,0,CHEMBL1608453,3.9387600000000007,0.16,,,,
ZINCf50000008Cf0,C#CCOCCN(C)S(=O)(=O)N(C)CC,decoy,local_zinc_pool,,,,1,C#CCOCCN(C)S(=O)(=O)N(C)CC,matched_to_CHEMBL1586169,234.32099999999997,-0.23549999999999893,0,3,49.85,7,0,CHEMBL1586169,4.959016666666669,0.10714285714285714,,,,
ZINCf50000026aGv,COC(=O)[C@@H](N)Cc1cn(CCI)nn1,decoy,local_zinc_pool,,,c1c[nH]nn1,1,COC(=O)[C@@H](N)Cc1cn(CCI)nn1,matched_to_CHEMBL1493442,324.12199999999996,-0.24410000000000065,1,6,83.03,5,0,CHEMBL1493442,8.493306666666673,0.1917808219178082,,,,
ZINCf5000000939C,CCS(=O)(=O)CCN1CC[S@@](=O)C[C@H]1C,decoy,local_zinc_pool,,,O=S1CCNCC1,1,CCS(=O)(=O)CCN1CC[S@@](=O)C[C@H]1C,matched_to_CHEMBL1325640,253.38899999999995,-0.1260999999999992,0,4,54.45,4,0,CHEMBL1325640,2.109173333333334,0.1,,,,
ZINCf5000002s9bv,COCC[S@@](=N)(=O)CCNC(=O)CCN,decoy,local_zinc_pool,,,,1,COCC[S@@](=N)(=O)CCNC(=O)CCN,matched_to_CHEMBL463811,237.32499999999996,-0.8554299999999977,3,5,105.27,8,0,CHEMBL463811,7.5514333333333346,0.14864864864864866,,,,
ZINCf50000017HhX,CNS(=O)(=O)CCNC(=O)CC1CCC1,decoy,local_zinc_pool,,,C1CCC1,1,CNS(=O)(=O)CCNC(=O)CC1CCC1,matched_to_CHEMBL294989,234.32099999999994,-0.15800000000000058,2,3,75.27000000000001,6,0,CHEMBL294989,3.993636666666669,0.13793103448275862,,,,
ZINCf50000025uSm,CCOC(=O)[C@@](C)(O)CNS(=O)(=O)CI,decoy,local_zinc_pool,,,,1,CCOC(=O)[C@@](C)(O)CNS(=O)(=O)CI,matched_to_CHEMBL462830,351.162,-0.38759999999999994,2,5,92.69999999999999,6,0,CHEMBL462830,7.041076666666671,0.15942028985507245,,,,
ZINCf50000009exC,CN(CCCF)C(=O)CCn1cnnn1,decoy,local_zinc_pool,,,c1nnn[nH]1,1,CN(CCCF)C(=O)CCn1cnnn1,matched_to_CHEMBL2431120,215.232,-0.11880000000000024,0,5,63.910000000000004,6,0,CHEMBL2431120,5.8634766666666716,0.13157894736842105,,,,
ZINCf50000009wcS,COCC[C@@H](NC(=O)[C@H](C)SC)C(N)=O,decoy,local_zinc_pool,,,,1,COCC[C@@H](NC(=O)[C@H](C)SC)C(N)=O,matched_to_CHEMBL3315193,234.32099999999997,-0.25549999999999884,2,4,81.41999999999999,7,0,CHEMBL3315193,5.0753866666666685,0.18032786885245902,,,,
ZINCf5000002s5p1,COCC[C@@H](O)CNS(=O)(=O)CCSC,decoy,local_zinc_pool,,,,1,COCC[C@@H](O)CNS(=O)(=O)CCSC,matched_to_CHEMBL3099769,257.37699999999995,-0.3337999999999992,2,5,75.63,9,0,CHEMBL3099769,7.398856666666672,0.1125,,,,
ZINCf50000009xr9,COC[C@@H](NC(=O)CSC(C)C)C(N)=O,decoy,local_zinc_pool,,,,1,COC[C@@H](NC(=O)CSC(C)C)C(N)=O,matched_to_CHEMBL3315203,234.32099999999997,-0.25549999999999884,2,4,81.41999999999999,7,0,CHEMBL3315203,5.07538666666667,0.2033898305084746,,,,
ZINCf50000009fU5,CN(Cc1ccno1)Cc1nnnn1C,decoy,local_zinc_pool,,,c1cc(CNCc2nnn[nH]2)on1,1,CN(Cc1ccno1)Cc1nnnn1C,matched_to_CHEMBL1301125,208.225,-0.16990000000000038,0,7,72.87,4,0,CHEMBL1301125,6.313633333333338,0.13333333333333333,,,,
ZINCf50000009xri,COC[C@@H](NC(=O)C[C@@H](C)SC)C(N)=O,decoy,local_zinc_pool,,,,1,COC[C@@H](NC(=O)C[C@@H](C)SC)C(N)=O,matched_to_CHEMBL3315221,234.32099999999997,-0.25549999999999884,2,4,81.41999999999999,7,0,CHEMBL3315221,5.07538666666667,0.2,,,,
ZINCf5000002aW76,O=C(NOC[C@H](O)CO)c1csc(I)n1,decoy,local_zinc_pool,,,c1cscn1,1,O=C(NOC[C@H](O)CO)c1csc(I)n1,matched_to_CHEMBL1323442,344.13,-0.23769999999999986,3,6,91.68,5,0,CHEMBL1323442,5.283470000000002,0.19718309859154928,,,,
ZINCf50000008TBd,CCCCOCCS(=O)(=O)C[C@H](O)CO,decoy,local_zinc_pool,,,,1,CCCCOCCS(=O)(=O)C[C@H](O)CO,matched_to_CHEMBL3099777,240.32099999999997,-0.42889999999999995,2,5,83.83000000000001,9,0,CHEMBL3099777,7.926963333333337,0.1111111111111111,,,,
ZINCf50000008LMV,CC(C)(CN)c1nc(CS(C)(=O)=O)no1,decoy,local_zinc_pool,,,c1ncon1,1,CC(C)(CN)c1nc(CS(C)(=O)=O)no1,matched_to_CHEMBL1490404,233.29299999999998,-0.14949999999999974,1,6,99.08,4,0,CHEMBL1490404,4.2977300000000005,0.1095890410958904,,,,
ZINCf5000000Zw5n,Cc1nnn(Cc2nc(CC#N)no2)n1,decoy,local_zinc_pool,,,c1noc(Cn2ncnn2)n1,1,Cc1nnn(Cc2nc(CC#N)no2)n1,matched_to_CHEMBL1611170,205.18099999999998,-0.5211000000000001,0,8,106.31,3,0,CHEMBL1611170,6.856326666666669,0.14754098360655737,,,,
ZINCf50000009HqR,CS[C@H](C)C(=O)N1C[C@@H](CO)C[C@@H]1CO,decoy,local_zinc_pool,,,C1CCNC1,1,CS[C@H](C)C(=O)N1C[C@@H](CO)C[C@@H]1CO,matched_to_CHEMBL1600146,233.33299999999997,-0.06040000000000012,2,4,60.77000000000001,4,0,CHEMBL1600146,1.7323400000000004,0.15254237288135594,,,,
ZINCf5000000Vm3Z,CS(=O)(=O)N[C@H](Cc1ncns1)C(=O)O,decoy,local_zinc_pool,,,c1ncsn1,1,CS(=O)(=O)N[C@H](Cc1ncns1)C(=O)O,matched_to_CHEMBL1468368,251.28900000000002,-0.917,2,6,109.25000000000001,5,0,CHEMBL1468368,4.312373333333334,0.22950819672131148,,,,
ZINCf5000002dByQ,CC[C@@H](NC(=O)[C@@H](CSC)OC)C(N)=O,decoy,local_zinc_pool,,,,1,CC[C@@H](NC(=O)[C@@H](CSC)OC)C(N)=O,matched_to_CHEMBL3315213,234.32099999999997,-0.25549999999999884,2,4,81.41999999999999,7,0,CHEMBL3315213,5.546623333333336,0.18333333333333332,,,,
ZINCf5000000VZ66,COC(OC)C(=O)NC[C@@H](C)CC(=O)O,decoy,local_zinc_pool,,,,1,COC(OC)C(=O)NC[C@@H](C)CC(=O)O,matched_to_CHEMBL3315202,219.23699999999997,-0.1676999999999998,2,4,84.86,7,0,CHEMBL3315202,5.081293333333337,0.17543859649122806,,,,
ZINCf50000018bgf,O=C1CC[C@@H](C(=O)NCC2OCCO2)S1,decoy,local_zinc_pool,,,O=C1CCC(C(=O)NCC2OCCO2)S1,1,O=C1CC[C@@H](C(=O)NCC2OCCO2)S1,matched_to_CHEMBL1546134,231.27299999999997,-0.10230000000000006,1,5,64.63000000000001,3,0,CHEMBL1546134,3.6401100000000026,0.19047619047619047,,,,
ZINCf50000009aj3,CCc1nonc1C(=O)NOCCCO,decoy,local_zinc_pool,,,c1cnon1,1,CCc1nonc1C(=O)NOCCCO,matched_to_CHEMBL3315209,215.20899999999995,-0.3242,2,6,97.48,6,0,CHEMBL3315209,5.964073333333336,0.21333333333333335,,,,
ZINCf500000181pp,N#CCCCNC(=O)C[C@@H](N)CCCN,decoy,local_zinc_pool,,,,1,N#CCCCNC(=O)C[C@@H](N)CCCN,matched_to_CHEMBL1538066,212.29699999999997,-0.1373199999999991,3,4,104.92999999999999,8,0,CHEMBL1538066,6.949810000000004,0.1095890410958904,,,,
ZINCf50000009ukr,COCCCOC(=O)[C@H](C)n1cnnn1,decoy,local_zinc_pool,,,c1nnn[nH]1,1,COCCCOC(=O)[C@H](C)n1cnnn1,matched_to_CHEMBL2431121,214.22500000000002,-0.18620000000000014,0,7,79.13000000000001,6,0,CHEMBL2431121,6.327953333333338,0.1780821917808219,,,,
ZINCf5000002rLUl,CCOCCS(=O)(=O)NC(=O)CCC#N,decoy,local_zinc_pool,,,,1,CCOCCS(=O)(=O)NC(=O)CCC#N,matched_to_CHEMBL1597454,234.277,-0.22731999999999997,1,5,96.25999999999999,7,0,CHEMBL1597454,7.935443333333337,0.15492957746478872,,,,
ZINCf5000000acSz,Cn1nnn(CCOCC2CCC2)c1=O,decoy,local_zinc_pool,,,O=c1[nH]nnn1CCOCC1CCC1,1,Cn1nnn(CCOCC2CCC2)c1=O,matched_to_CHEMBL1446377,212.25299999999996,-0.2065000000000008,0,6,61.940000000000005,5,0,CHEMBL1446377,6.2732700000000055,0.14492753623188406,,,,
ZINCf5000002s9aI,COCCSCC(=O)OCCS(N)(=O)=O,decoy,local_zinc_pool,,,,1,COCCSCC(=O)OCCS(N)(=O)=O,matched_to_CHEMBL1547420,257.33299999999997,-0.8022999999999987,1,6,95.69,8,0,CHEMBL1547420,6.656846666666668,0.140625,,,,
ZINCf5000000ZrqL,CC[C@@H](C(=O)NS(C)(=O)=O)n1ccnc1,decoy,local_zinc_pool,,,c1c[nH]cn1,1,CC[C@@H](C(=O)NS(C)(=O)=O)n1ccnc1,matched_to_CHEMBL1312502,231.27700000000002,-0.09000000000000052,1,5,81.06,4,0,CHEMBL1312502,5.593970000000004,0.1917808219178082,,,,
ZINCf5000000Zz22,OCCc1nnnn1Cc1nnc(Br)s1,decoy,local_zinc_pool,,,c1nnc(Cn2cnnn2)s1,1,OCCc1nnnn1Cc1nnc(Br)s1,matched_to_CHEMBL1328169,291.134,-0.12980000000000014,1,8,89.61,4,0,CHEMBL1328169,6.820476666666672,0.0967741935483871,,,,
ZINCf5000000apT8,O=C(N1CC(CF)C1)C1(O)CCOCC1,decoy,local_zinc_pool,,,O=C(C1CCOCC1)N1CCC1,1,O=C(N1CC(CF)C1)C1(O)CCOCC1,matched_to_CHEMBL1586252,217.23999999999995,-0.04420000000000024,1,3,49.77000000000001,2,0,CHEMBL1586252,4.520773333333335,0.1111111111111111,,,,
ZINCf50000009Xxn,C[C@H](N)CNS(=O)(=O)c1cc(Br)nn1C,decoy,local_zinc_pool,,,c1cn[nH]c1,1,C[C@H](N)CNS(=O)(=O)c1cc(Br)nn1C,matched_to_CHEMBL1594369,297.178,-0.19189999999999996,2,5,90.00999999999999,4,0,CHEMBL1594369,4.510346666666669,0.18518518518518517,,,,
ZINCf50000009082,CCNS(=O)(=O)NCCn1ncc(Br)n1,decoy,local_zinc_pool,,,c1cn[nH]n1,1,CCNS(=O)(=O)NCCn1ncc(Br)n1,matched_to_CHEMBL2003819,298.166,-0.5155000000000005,2,5,88.91000000000001,6,0,CHEMBL2003819,4.767550000000002,0.1388888888888889,,,,
ZINCf5000002dWd5,CC[S@](=O)CC(=O)N[C@@H](CO)C(C)(C)F,decoy,local_zinc_pool,,,,1,CC[S@](=O)CC(=O)N[C@@H](CO)C(C)(C)F,matched_to_CHEMBL3315194,239.31199999999998,-0.01980000000000004,2,3,66.4,6,0,CHEMBL3315194,2.2052833333333335,0.16393442622950818,,,,
ZINCf5000002rQT1,CN1CCCN(C[C@@H]2CCOC2)S1(=O)=O,decoy,local_zinc_pool,,,O=S1(=O)NCCCN1CC1CCOC1,1,CN1CCCN(C[C@@H]2CCOC2)S1(=O)=O,matched_to_CHEMBL1550591,234.32099999999997,-0.09480000000000022,0,3,49.85,2,0,CHEMBL1550591,2.836953333333336,0.10989010989010989,,,,
ZINCf5000001BZEV,O=C1COC(C(=O)OCCOCCF)C1,decoy,local_zinc_pool,,,O=C1CCOC1,1,O=C1COC(C(=O)OCCOCCF)C1,matched_to_CHEMBL2431119,220.1959999999999,-0.1263000000000003,0,5,61.83000000000001,6,0,CHEMBL2431119,5.439100000000005,0.13846153846153847,,,,
ZINCf5000000WBRM,O=C(CC[N+](=O)[O-])NCCc1nncs1,decoy,local_zinc_pool,,,c1nncs1,1,O=C(CC[N+](=O)[O-])NCCc1nncs1,matched_to_CHEMBL1966869,230.249,-0.1364000000000003,1,6,98.02,6,0,CHEMBL1966869,5.866826666666671,0.18055555555555555,,,,
ZINCf5000001GWlM,O=S(=O)(CI)NCCN1CC2(COC2)C1,decoy,local_zinc_pool,,,C1NCC12COC2,1,O=S(=O)(CI)NCCN1CC2(COC2)C1,matched_to_CHEMBL1438069,346.19000000000017,-0.3694999999999995,1,4,58.64,5,0,CHEMBL1438069,4.614293333333337,0.10256410256410256,,,,
ZINCf5000000VZ8d,COCO[C@@H](C)C(=O)NC[C@@H](C)C(=O)O,decoy,local_zinc_pool,,,,1,COCO[C@@H](C)C(=O)NC[C@@H](C)C(=O)O,matched_to_CHEMBL3315223,219.23699999999997,-0.1676999999999998,2,4,84.86,7,0,CHEMBL3315223,5.0812933333333365,0.1896551724137931,,,,
ZINCf50000009FH8,CS(=O)(=O)CCN1CCC([N+](=O)[O-])CC1,decoy,local_zinc_pool,,,C1CCNCC1,1,CS(=O)(=O)CCN1CCC([N+](=O)[O-])CC1,matched_to_CHEMBL1611686,236.29299999999998,-0.22789999999999977,0,5,80.52,4,0,CHEMBL1611686,5.57059666666667,0.1206896551724138,,,,
ZINCf5000002sgHi,CSC1CN(C(=O)[C@H]2CCS(=O)(=O)C2)C1,decoy,local_zinc_pool,,,O=C(C1CCS(=O)(=O)C1)N1CCC1,1,CSC1CN(C(=O)[C@H]2CCS(=O)(=O)C2)C1,matched_to_CHEMBL1595121,249.35699999999997,-0.005099999999999882,0,4,54.45,2,0,CHEMBL1595121,3.8836333333333357,0.15517241379310345,,,,
ZINCf5000002e2K1,COC1(CO)CN(C(=O)[C@@]2(F)C[C@@H]2C)C1,decoy,local_zinc_pool,,,O=C(C1CC1)N1CCC1,1,COC1(CO)CN(C(=O)[C@@]2(F)C[C@@H]2C)C1,matched_to_CHEMBL1340713,217.23999999999995,-0.04580000000000051,1,3,49.77,3,0,CHEMBL1340713,3.1019500000000018,0.1506849315068493,,,,
ZINCf5000002oIq2,O=C(N[C@@H]1CNC[C@H]1O)c1csc(I)n1,decoy,local_zinc_pool,,,O=C(NC1CCNC1)c1cscn1,1,O=C(N[C@@H]1CNC[C@H]1O)c1csc(I)n1,matched_to_CHEMBL1453900,339.158,-0.1897999999999994,3,5,74.25,2,0,CHEMBL1453900,4.382650000000002,0.18309859154929578,,,,
ZINCf5000002siXz,CS[C@H](C)[C@H](N)C(=O)NCCSCCO,decoy,local_zinc_pool,,,,1,CS[C@H](C)[C@H](N)C(=O)NCCSCCO,matched_to_CHEMBL3315204,252.40499999999997,-0.09309999999999946,3,5,75.35000000000001,8,0,CHEMBL3315204,5.711496666666669,0.125,,,,
ZINCf50000018cvq,O=S(=O)(Cc1csnn1)N[C@H]1CCOC1,decoy,local_zinc_pool,,,O=S(=O)(Cc1csnn1)NC1CCOC1,1,O=S(=O)(Cc1csnn1)N[C@H]1CCOC1,matched_to_CHEMBL1461496,249.31699999999998,-0.25360000000000005,1,6,81.18,4,0,CHEMBL1461496,4.979283333333335,0.16666666666666666,,,,
ZINCf5000000ZqIx,CC(=O)Cn1ncnc1S(=O)(=O)N(C)C,decoy,local_zinc_pool,,,c1nc[nH]n1,1,CC(=O)Cn1ncnc1S(=O)(=O)N(C)C,matched_to_CHEMBL1387563,232.265,-0.8825999999999996,0,6,85.15999999999998,4,0,CHEMBL1387563,5.405616666666671,0.19402985074626866,,,,
ZINCf5000002msGO,C=C1C[C@@H]1C(=O)N1C[C@@H]2CNC(=O)[C@@H]2C1,decoy,local_zinc_pool,,,C=C1CC1C(=O)N1CC2CNC(=O)C2C1,1,C=C1C[C@@H]1C(=O)N1C[C@@H]2CNC(=O)[C@@H]2C1,matched_to_CHEMBL1321527,206.24499999999998,-0.23310000000000008,1,2,49.410000000000004,1,0,CHEMBL1321527,2.227140000000001,0.12307692307692308,,,,
ZINCf50000009uT6,COCCN1CCc2nnc(O)cc2C1,decoy,local_zinc_pool,,,c1cc2c(nn1)CCNC2,1,COCCN1CCc2nnc(O)cc2C1,matched_to_CHEMBL1385214,209.249,0.1866999999999997,1,5,58.480000000000004,3,0,CHEMBL1385214,3.2982433333333354,0.14666666666666667,,,,
ZINCf5000002siJD,CS[C@@H]1CCN(C(=O)[C@@H]2COC[C@H]2N)C1,decoy,local_zinc_pool,,,O=C(C1CCOC1)N1CCCC1,1,CS[C@@H]1CCN(C(=O)[C@@H]2COC[C@H]2N)C1,matched_to_CHEMBL1369296,230.33299999999997,-0.07599999999999979,1,4,55.56,2,0,CHEMBL1369296,3.137733333333334,0.16393442622950818,,,,
ZINCf50000024mgd,COC(=O)[C@@H]([C@@H](C)O)N(C)S(=O)(=O)CI,decoy,local_zinc_pool,,,,1,COC(=O)[C@@H]([C@@H](C)O)N(C)S(=O)(=O)CI,matched_to_CHEMBL1995726,351.1619999999999,-0.43710000000000027,1,5,83.91,5,0,CHEMBL1995726,4.26627666666667,0.16666666666666666,,,,
ZINCf5000002rMyB,C[C@](O)(CN)CNC(=O)[C@]1(Br)CC1(F)F,decoy,local_zinc_pool,,,C1CC1,1,C[C@](O)(CN)CNC(=O)[C@]1(Br)CC1(F)F,matched_to_CHEMBL1608453,287.104,-0.014999999999999847,3,3,75.35,4,0,CHEMBL1608453,3.8490100000000007,0.13333333333333333,,,,
ZINCf5000000Ybi2,COC[C@H](C)OCCN1CCOCC1=O,decoy,local_zinc_pool,,,O=C1COCCN1,1,COC[C@H](C)OCCN1CCOCC1=O,matched_to_CHEMBL1586169,217.26499999999996,-0.10329999999999995,0,4,48.0,6,0,CHEMBL1586169,4.967443333333336,0.14084507042253522,,,,
ZINCf500000185kJ,NS(=O)(=O)Cc1noc(COC(F)F)n1,decoy,local_zinc_pool,,,c1ncon1,1,NS(=O)(=O)Cc1noc(COC(F)F)n1,matched_to_CHEMBL1493442,243.19099999999997,-0.40270000000000006,1,6,108.31000000000002,5,0,CHEMBL1493442,8.397150000000003,0.0945945945945946,,,,
ZINCf5000002rLKk,CCOCC(=O)N1CCOC[C@H](OC)C1,decoy,local_zinc_pool,,,C1CNCCOC1,1,CCOCC(=O)N1CCOC[C@H](OC)C1,matched_to_CHEMBL1325640,217.26499999999996,-0.10329999999999995,0,4,48.0,4,0,CHEMBL1325640,2.4620133333333345,0.15730337078651685,,,,
ZINCf5000000aiZh,NCCC[C@@H](N)Cc1nc(CCN)no1,decoy,local_zinc_pool,,,c1ncon1,1,NCCC[C@@H](N)Cc1nc(CCN)no1,matched_to_CHEMBL463811,213.28499999999997,-0.8204999999999987,3,6,116.98,7,0,CHEMBL463811,7.300146666666669,0.0847457627118644,,,,
ZINCf500000188KF,O=C(NCCF)NCCS(=O)(=O)C1CC1,decoy,local_zinc_pool,,,C1CC1,1,O=C(NCCF)NCCS(=O)(=O)C1CC1,matched_to_CHEMBL294989,238.284,-0.16770000000000018,2,3,75.27000000000001,6,0,CHEMBL294989,3.960473333333335,0.11627906976744186,,,,
ZINCf5000002dmbV,CCC1(CNC(=O)CSCC(N)=O)N=N1,decoy,local_zinc_pool,,,C1N=N1,1,CCC1(CNC(=O)CSCC(N)=O)N=N1,matched_to_CHEMBL462830,230.29299999999995,-0.10679999999999945,2,5,96.91,7,0,CHEMBL462830,7.3941666666666706,0.14492753623188406,,,,
ZINCf5000001Ne0k,CC(=O)OCCN(C)CC(C)S(C)(=O)=O,decoy,local_zinc_pool,,,,1,CC(=O)OCCN(C)CC(C)S(C)(=O)=O,matched_to_CHEMBL2431120,237.321,-0.08559999999999945,0,5,63.68,6,0,CHEMBL2431120,5.611253333333337,0.16216216216216217,,,,
ZINCf5000002rgpX,C=CCN(C)S(=O)(=O)NCC[S@@](C)(=N)=O,decoy,local_zinc_pool,,,,1,C=CCN(C)S(=O)(=O)NCC[S@@](C)(=N)=O,matched_to_CHEMBL3315193,255.36499999999998,-0.3848299999999995,2,4,90.33000000000001,7,0,CHEMBL3315193,5.08356666666667,0.13043478260869565,,,,
ZINCf5000000WAuu,COC(=O)CS(=O)(=O)NCCCCCO,decoy,local_zinc_pool,,,,1,COC(=O)CS(=O)(=O)NCCCCCO,matched_to_CHEMBL3099769,239.29299999999995,-0.7585999999999997,2,5,92.7,8,0,CHEMBL3099769,7.680096666666672,0.14492753623188406,,,,
ZINCf5000002qYF6,C=C(C)CONC(=O)CS(=O)(=O)NCC,decoy,local_zinc_pool,,,,1,C=C(C)CONC(=O)CS(=O)(=O)NCC,matched_to_CHEMBL3315203,236.29299999999998,-0.4503999999999997,2,4,84.5,7,0,CHEMBL3315203,5.084800000000004,0.15942028985507245,,,,
ZINCf50000008VM7,CCCc1nnnn1Cc1ncnn1C,decoy,local_zinc_pool,,,c1n[nH]c(Cn2cnnn2)n1,1,CCCc1nnnn1Cc1ncnn1C,matched_to_CHEMBL1301125,207.24100000000004,-0.19760000000000044,0,7,74.31,4,0,CHEMBL1301125,6.284340000000005,0.11864406779661017,,,,
ZINCf5000001T3Fb,CC=CCNS(=O)(=O)NCC(=O)OCC,decoy,local_zinc_pool,,,,1,CC=CCNS(=O)(=O)NCC(=O)OCC,matched_to_CHEMBL3315221,236.29299999999995,-0.4503999999999997,2,4,84.50000000000001,7,0,CHEMBL3315221,5.084800000000005,0.21666666666666667,,,,
ZINCf5000001omOP,CSCC[C@@H](N)C(=O)NCCS(=O)(=O)O,decoy,local_zinc_pool,,,,1,CSCC[C@@H](N)C(=O)NCCS(=O)(=O)O,matched_to_CHEMBL1323442,256.349,-0.929199999999998,3,5,109.49,7,0,CHEMBL1323442,5.409880000000001,0.11475409836065574,,,,
ZINCf5000002s8CW,COCCN(C)NC(=O)[C@@H](N)CN=[N+]=[N-],decoy,local_zinc_pool,,,,1,COCCN(C)NC(=O)[C@@H](N)CN=[N+]=[N-],matched_to_CHEMBL3099777,216.245,-0.766599999999998,2,5,116.35000000000001,7,0,CHEMBL3099777,8.15445666666667,0.13414634146341464,,,,
ZINCf50000028ISp,Cn1nnnc1S(=O)(=O)NC[C@@H]1C[C@@H]1Br,decoy,local_zinc_pool,,,O=S(=O)(NCC1CC1)c1nnn[nH]1,1,Cn1nnnc1S(=O)(=O)NC[C@@H]1C[C@@H]1Br,matched_to_CHEMBL1490404,296.15,-0.7282,1,6,89.77000000000001,4,0,CHEMBL1490404,4.42736,0.14516129032258066,,,,
ZINCf50000009wB6,COCCc1noc(CCS(C)(=O)=O)n1,decoy,local_zinc_pool,,,c1ncon1,1,COCCc1noc(CCS(C)(=O)=O)n1,matched_to_CHEMBL1611170,234.277,-0.15439999999999987,0,6,82.29,6,0,CHEMBL1611170,6.781700000000002,0.11392405063291139,,,,
ZINCf5000002em3d,O=C(NCCCS)[C@H]1[C@@H]2CS(=O)(=O)C[C@@H]21,decoy,local_zinc_pool,,,O=S1(=O)CC2CC2C1,1,O=C(NCCCS)[C@H]1[C@@H]2CS(=O)(=O)C[C@@H]21,matched_to_CHEMBL1600146,249.357,-0.28689999999999993,2,4,63.24,4,0,CHEMBL1600146,1.7683000000000002,0.10227272727272728,,,,
ZINCf5000000WAOI,COc1ncncc1NCCS(N)(=O)=O,decoy,local_zinc_pool,,,c1cncnc1,1,COc1ncncc1NCCS(N)(=O)=O,matched_to_CHEMBL1468368,232.26499999999996,-0.8143999999999993,2,6,107.19999999999999,5,0,CHEMBL1468368,4.407413333333335,0.1518987341772152,,,,
ZINCf5000002dSJI,CCNS(=O)(=O)NCC=CCC(=O)OC,decoy,local_zinc_pool,,,,1,CCNS(=O)(=O)NCC=CCC(=O)OC,matched_to_CHEMBL3315213,236.29299999999998,-0.4503999999999997,2,4,84.50000000000001,7,0,CHEMBL3315213,5.55603666666667,0.15384615384615385,,,,
ZINCf5000002r8dq,C=C[C@H](C)ONC(=O)CS(=O)(=O)NCC,decoy,local_zinc_pool,,,,1,C=C[C@H](C)ONC(=O)CS(=O)(=O)NCC,matched_to_CHEMBL3315202,236.29299999999998,-0.4519999999999995,2,4,84.5,7,0,CHEMBL3315202,5.0858666666666705,0.140625,,,,
ZINCf5000000abL5,Cn1ncc(C(=O)N2CCOCN2)c1I,decoy,local_zinc_pool,,,O=C(c1cn[nH]c1)N1CCOCN1,1,Cn1ncc(C(=O)N2CCOCN2)c1I,matched_to_CHEMBL1546134,322.106,-0.040800000000000336,1,5,59.39,1,0,CHEMBL1546134,3.4811800000000024,0.14772727272727273,,,,
ZINCf50000017Vrk,C[C@H](CN)c1cn(CCOCCN)nn1,decoy,local_zinc_pool,,,c1c[nH]nn1,1,C[C@H](CN)c1cn(CCOCCN)nn1,matched_to_CHEMBL3315209,213.28499999999997,-0.6843999999999992,2,6,91.98,7,0,CHEMBL3315209,5.943446666666668,0.125,,,,
ZINCf50000025AQY,CC[S@](=N)(=O)NC(=O)CNCCN=[N+]=[N-],decoy,local_zinc_pool,,,,1,CC[S@](=N)(=O)NC(=O)CNCCN=[N+]=[N-],matched_to_CHEMBL1538066,234.28499999999997,-0.01583000000000001,3,5,130.81000000000003,7,0,CHEMBL1538066,7.0241366666666725,0.1232876712328767,,,,
ZINCf5000002sfbp,COCOC(=O)[C@H](CC(=O)OC)N(C)C,decoy,local_zinc_pool,,,,1,COCOC(=O)[C@H](CC(=O)OC)N(C)C,matched_to_CHEMBL2431121,219.23699999999997,-0.3731999999999993,0,6,65.07,6,0,CHEMBL2431121,6.340100000000003,0.15517241379310345,,,,
ZINCf50000009ulF,COCCCOCC(=O)NS(=O)(=O)CI,decoy,local_zinc_pool,,,,1,COCCCOCC(=O)NS(=O)(=O)CI,matched_to_CHEMBL1597454,351.16200000000003,-0.12200000000000005,1,5,81.69999999999999,8,0,CHEMBL1597454,6.778780000000005,0.12698412698412698,,,,
ZINCf50000008Co1,C#CCOCCn1c(COC)noc1=O,decoy,local_zinc_pool,,,O=c1[nH]cno1,1,C#CCOCCn1c(COC)noc1=O,matched_to_CHEMBL1446377,212.20499999999998,-0.36749999999999994,0,6,66.49000000000001,6,0,CHEMBL1446377,6.063083333333338,0.12903225806451613,,,,
ZINCf50000009WrE,C[C@H](C[N+](=O)[O-])OC(=O)Cn1nccn1,decoy,local_zinc_pool,,,c1cn[nH]n1,1,C[C@H](C[N+](=O)[O-])OC(=O)Cn1nccn1,matched_to_CHEMBL1547420,214.18099999999998,-0.5135000000000005,0,7,100.15,5,0,CHEMBL1547420,6.717433333333336,0.20967741935483872,,,,
ZINCf5000001TLqs,CC(O)CCOC(=O)C1CCCS1(=O)=O,decoy,local_zinc_pool,,,O=S1(=O)CCCC1,1,CC(O)CCOC(=O)C1CCCS1(=O)=O,matched_to_CHEMBL1312502,236.28899999999996,-0.12229999999999985,1,5,80.67,4,0,CHEMBL1312502,5.5497833333333375,0.15873015873015872,,,,
ZINCf5000000a9cI,Cc1nnn(CCNCc2csnn2)n1,decoy,local_zinc_pool,,,c1nnn(CCNCc2csnn2)n1,1,Cc1nnn(CCNCc2csnn2)n1,matched_to_CHEMBL1328169,225.28100000000003,-0.3771800000000005,1,8,81.41000000000001,5,0,CHEMBL1328169,6.815926666666673,0.1506849315068493,,,,
ZINCf50000017JHS,COCC#CC(=O)N[C@H]1CCOC[C@H]1F,decoy,local_zinc_pool,,,C1CCOCC1,1,COCC#CC(=O)N[C@H]1CCOC[C@H]1F,matched_to_CHEMBL1586252,215.22399999999993,-0.12060000000000026,1,3,47.56,2,0,CHEMBL1586252,4.503466666666669,0.15217391304347827,,,,
ZINCf50000009NjO,C[C@@H](O)CNS(=O)(=O)c1c(Br)nnn1C,decoy,local_zinc_pool,,,c1c[nH]nn1,1,C[C@@H](O)CNS(=O)(=O)c1c(Br)nnn1C,matched_to_CHEMBL1594369,299.15,-0.7633000000000001,2,6,97.11000000000001,4,0,CHEMBL1594369,4.453160000000002,0.1728395061728395,,,,
ZINCf5000002oEsQ,CN(C(=O)C[C@@H](O)CN)c1nnc(Br)s1,decoy,local_zinc_pool,,,c1nncs1,1,CN(C(=O)C[C@@H](O)CN)c1nnc(Br)s1,matched_to_CHEMBL2003819,295.162,-0.026899999999999813,2,6,92.34,4,0,CHEMBL2003819,4.834656666666668,0.1506849315068493,,,,
ZINCf50000008WsH,CCN(C)S(=O)(=O)N[C@H](C)C1(CO)CC1,decoy,local_zinc_pool,,,C1CC1,1,CCN(C)S(=O)(=O)N[C@H](C)C1(CO)CC1,matched_to_CHEMBL3315194,236.33699999999996,-0.06650000000000023,2,3,69.64,6,0,CHEMBL3315194,2.136566666666668,0.12857142857142856,,,,
ZINCf5000002mx8b,C#CCON1C(=O)[C@@H]2[C@@H]3C[C@@H]3CN2C1=O,decoy,local_zinc_pool,,,O=C1NC(=O)N2CC3CC3C12,1,C#CCON1C(=O)[C@@H]2[C@@H]3C[C@@H]3CN2C1=O,matched_to_CHEMBL1550591,206.20099999999996,-0.1662999999999999,0,3,49.85,2,0,CHEMBL1550591,3.1658200000000023,0.10126582278481013,,,,
ZINCf5000002rVlZ,CN(C)CCOC(=O)Cn1cc(I)nn1,decoy,local_zinc_pool,,,c1c[nH]nn1,1,CN(C)CCOC(=O)Cn1cc(I)nn1,matched_to_CHEMBL2431119,324.12199999999996,-0.0125000000000004,0,6,60.25,5,0,CHEMBL2431119,4.260773333333338,0.16417910447761194,,,,
ZINCf5000000a5Ck,C[S@](=O)CCCNS(=O)(=O)CCCC#N,decoy,local_zinc_pool,,,,1,C[S@](=O)CCCNS(=O)(=O)CCCC#N,matched_to_CHEMBL1966869,252.36099999999996,-0.02181999999999973,1,4,87.03,8,0,CHEMBL1966869,5.836120000000004,0.1111111111111111,,,,
ZINCf5000000anM8,Nn1cnnc1SCC[C@@H]1COCCO1,decoy,local_zinc_pool,,,c1nnc(SCCC2COCCO2)[nH]1,1,Nn1cnnc1SCC[C@@H]1COCCO1,matched_to_CHEMBL1438069,230.29299999999992,-0.11050000000000049,1,7,75.19000000000001,4,0,CHEMBL1438069,4.610276666666669,0.1276595744680851,,,,
ZINCf5000002dSn3,CCN(C(=O)CCCC#N)C(CO)CO,decoy,local_zinc_pool,,,,1,CCN(C(=O)CCCC#N)C(CO)CO,matched_to_CHEMBL3315223,214.265,-0.1180199999999999,2,4,84.56,7,0,CHEMBL3315223,5.0858933333333365,0.11428571428571428,,,,
ZINCf5000002a8Vn,O=S(=O)(CBr)N1CC(Cn2ccnn2)C1,decoy,local_zinc_pool,,,c1cn(CC2CNC2)nn1,1,O=S(=O)(CBr)N1CC(Cn2ccnn2)C1,matched_to_CHEMBL1611686,295.16200000000003,-0.1079000000000001,0,5,68.09,4,0,CHEMBL1611686,5.39910666666667,0.11904761904761904,,,,
ZINCf5000001HsM3,CN1CC2(CN(S(=O)(=O)CI)C2)OC1=O,decoy,local_zinc_pool,,,O=C1NCC2(CNC2)O1,1,CN1CC2(CN(S(=O)(=O)CI)C2)OC1=O,matched_to_CHEMBL1595121,346.14600000000013,-0.15489999999999982,0,4,66.92000000000002,2,0,CHEMBL1595121,3.9943900000000028,0.14285714285714285,,,,
ZINCf5000002eote,O=[S@](CC(F)F)N1CC2(C[C@H](O)CO2)C1,decoy,local_zinc_pool,,,C1COC2(C1)CNC2,1,O=[S@](CC(F)F)N1CC2(C[C@H](O)CO2)C1,matched_to_CHEMBL1340713,241.25899999999996,-0.24919999999999987,1,3,49.77000000000001,3,0,CHEMBL1340713,2.997360000000001,0.1111111111111111,,,,
ZINCf5000000YbAY,Cn1cccc1CNCc1nc(O)n[nH]1,decoy,local_zinc_pool,,,c1c[nH]c(CNCc2ncn[nH]2)c1,1,Cn1cccc1CNCc1nc(O)n[nH]1,matched_to_CHEMBL1453900,207.23700000000002,0.13859999999999978,3,5,78.75999999999999,4,0,CHEMBL1453900,4.302526666666669,0.16923076923076924,,,,
ZINCf5000002e5QQ,COCCSCC(=O)NCCC(=O)NO,decoy,local_zinc_pool,,,,1,COCCSCC(=O)NCCC(=O)NO,matched_to_CHEMBL3315204,236.293,-0.6222999999999987,3,5,87.66,8,0,CHEMBL3315204,5.7330166666666695,0.12987012987012986,,,,
ZINCf5000002aTiE,C[S@@](=O)CCNc1cncc2nnnn12,decoy,local_zinc_pool,,,c1cn2nnnc2cn1,1,C[S@@](=O)CCNc1cncc2nnnn12,matched_to_CHEMBL1461496,226.26500000000004,-0.6903000000000004,1,7,85.07000000000001,4,0,CHEMBL1461496,4.845336666666667,0.1375,,,,
ZINCf50000009U0u,C[C@H](CC#N)N(C)C(=O)Cn1ncnn1,decoy,local_zinc_pool,,,c1nn[nH]n1,1,C[C@H](CC#N)N(C)C(=O)Cn1ncnn1,matched_to_CHEMBL1387563,208.22500000000002,-0.5663200000000002,0,6,87.7,4,0,CHEMBL1387563,5.333563333333337,0.1518987341772152,,,,
ZINCf5000002mEOy,O=C1NC[C@H]2CN(C(=O)C3(Cl)CC3)C[C@@H]12,decoy,local_zinc_pool,,,O=C1NCC2CN(C(=O)C3CC3)CC12,1,O=C1NC[C@H]2CN(C(=O)C3(Cl)CC3)C[C@@H]12,matched_to_CHEMBL1321527,228.67899999999997,-0.037799999999999834,1,2,49.410000000000004,1,0,CHEMBL1321527,2.021,0.15873015873015872,,,,
ZINCf5000002mFId,OC[C@@H]1CCOCCN1CC1=NOCC1,decoy,local_zinc_pool,,,C1COCCN(CC2=NOCC2)C1,1,OC[C@@H]1CCOCCN1CC1=NOCC1,matched_to_CHEMBL1385214,214.26499999999996,-0.15409999999999968,1,5,54.290000000000006,3,0,CHEMBL1385214,3.354883333333335,0.11956521739130435,,,,
ZINCf5000001PMRx,O=C(C(F)OC(F)(F)F)N1C[C@H](O)CO1,decoy,local_zinc_pool,,,C1CNOC1,1,O=C(C(F)OC(F)(F)F)N1C[C@H](O)CO1,matched_to_CHEMBL1369296,233.117,-0.046899999999999886,1,4,59.0,2,0,CHEMBL1369296,2.961693333333334,0.09090909090909091,,,,
ZINCf50000009pjp,COC(=O)CC(=O)NCCSS(C)(=O)=O,decoy,local_zinc_pool,,,,1,COC(=O)CC(=O)NCCSS(C)(=O)=O,matched_to_CHEMBL1995726,255.31699999999998,-0.6414999999999993,1,6,89.53999999999999,6,0,CHEMBL1995726,4.2749933333333345,0.14285714285714285,,,,
ZINCf5000002dEbM,CC(C)NNC(=O)[C@H]1C[C@@H](C)CC(=O)N1,decoy,local_zinc_pool,,,O=C1CCCCN1,1,CC(C)NNC(=O)[C@H]1C[C@@H](C)CC(=O)N1,matched_to_CHEMBL1608453,213.28099999999998,-0.06969999999999982,3,3,70.22999999999999,3,0,CHEMBL1608453,3.918906666666668,0.1686746987951807,,,,
ZINCf5000001DEsy,COCCN(C(=O)COC)C1CCOC1,decoy,local_zinc_pool,,,C1CCOC1,1,COCCN(C(=O)COC)C1CCOC1,matched_to_CHEMBL1586169,217.26499999999996,-0.10329999999999995,0,4,48.0,6,0,CHEMBL1586169,4.967443333333336,0.14606741573033707,,,,
ZINCf5000002oGxA,Nc1nonc1C(=O)OCCCCCO,decoy,local_zinc_pool,,,c1cnon1,1,Nc1nonc1C(=O)OCCCCCO,matched_to_CHEMBL1493442,215.20899999999992,-0.028800000000000325,2,7,111.47,6,0,CHEMBL1493442,8.301303333333339,0.2222222222222222,,,,
ZINCf50000017lcW,C#CCCN(C)[C@H]1CS(=O)(=O)C[C@H]1OC,decoy,local_zinc_pool,,,O=S1(=O)CCCC1,1,C#CCCN(C)[C@H]1CS(=O)(=O)C[C@H]1OC,matched_to_CHEMBL1325640,231.31699999999995,-0.24649999999999905,0,4,46.61,4,0,CHEMBL1325640,2.472560000000001,0.08974358974358974,,,,
ZINCf5000002shw9,CSCC[C@@H](O)CC(=O)NCCCON,decoy,local_zinc_pool,,,,1,CSCC[C@@H](O)CC(=O)NCCCON,matched_to_CHEMBL463811,236.33699999999996,-0.11289999999999945,3,5,84.58,9,0,CHEMBL463811,7.393893333333336,0.1518987341772152,,,,
ZINCf50000009wuf,COCC[C@H](NC(=O)[C@H]1C[C@@H]1F)C(=O)O,decoy,local_zinc_pool,,,C1CC1,1,COCC[C@H](NC(=O)[C@H]1C[C@@H]1F)C(=O)O,matched_to_CHEMBL294989,219.21199999999996,-0.04970000000000013,2,3,75.63,6,0,CHEMBL294989,4.05812666666667,0.23728813559322035,,,,
ZINCf50000009xNF,COC[C@@H](O)CNS(=O)(=O)CCCC#N,decoy,local_zinc_pool,,,,1,COC[C@@H](O)CNS(=O)(=O)CCCC#N,matched_to_CHEMBL462830,236.29299999999995,-0.7831199999999996,2,5,99.41999999999999,8,0,CHEMBL462830,7.184646666666671,0.13513513513513514,,,,
ZINCf5000000SKR5,CCn1nnnc1N(C)[C@@H](C)C[S@@](C)=O,decoy,local_zinc_pool,,,c1nnn[nH]1,1,CCn1nnnc1N(C)[C@@H](C)C[S@@](C)=O,matched_to_CHEMBL2431120,231.325,-0.10380000000000056,0,6,63.910000000000004,5,0,CHEMBL2431120,5.692546666666671,0.1267605633802817,,,,
ZINCf5000002e12L,CN(C(=O)CCCCC#N)C(CO)CO,decoy,local_zinc_pool,,,,1,CN(C(=O)CCCCC#N)C(CO)CO,matched_to_CHEMBL3315193,214.265,-0.1180199999999999,2,4,84.56,7,0,CHEMBL3315193,5.0858933333333365,0.1111111111111111,,,,
ZINCf5000002s5Tg,COCC(COC)ONC(=O)CCCN,decoy,local_zinc_pool,,,,1,COCC(COC)ONC(=O)CCCN,matched_to_CHEMBL3099769,220.26899999999995,-0.5654999999999981,2,5,82.81,9,0,CHEMBL3099769,7.637203333333338,0.14925373134328357,,,,
ZINCf500000093ux,CCS(=O)(=O)NCC(=O)NC[C@@H](C)SC,decoy,local_zinc_pool,,,,1,CCS(=O)(=O)NCC(=O)NC[C@@H](C)SC,matched_to_CHEMBL3315203,254.377,-0.206599999999999,2,4,75.27,7,0,CHEMBL3315203,5.088226666666669,0.14754098360655737,,,,
ZINCf50000009yya,COC[C@H](C#N)OC(=O)[C@H]1COC(=O)O1,decoy,local_zinc_pool,,,O=C1OCCO1,1,COC[C@H](C#N)OC(=O)[C@H]1COC(=O)O1,matched_to_CHEMBL1301125,215.16099999999997,-0.39642,0,7,94.85000000000001,4,0,CHEMBL1301125,6.474486666666671,0.21621621621621623,,,,
ZINCf50000009nxB,CNS(=O)(=O)CCC(=O)N[C@H](C)CSC,decoy,local_zinc_pool,,,,1,CNS(=O)(=O)CCC(=O)N[C@H](C)CSC,matched_to_CHEMBL3315221,254.377,-0.20659999999999923,2,4,75.27,7,0,CHEMBL3315221,5.088226666666669,0.16666666666666666,,,,
ZINCf5000002riGh,CC(C)(O)[C@H](N)C(=O)NCCCN=[N+]=[N-],decoy,local_zinc_pool,,,,1,CC(C)(O)[C@H](N)C(=O)NCCCN=[N+]=[N-],matched_to_CHEMBL1323442,215.25699999999998,-0.09880000000000044,3,4,124.11,6,0,CHEMBL1323442,5.682400000000002,0.1125,,,,
ZINCf5000000Vn0X,N#CSCCCNC(=O)COCC(=O)O,decoy,local_zinc_pool,,,,1,N#CSCCCNC(=O)COCC(=O)O,matched_to_CHEMBL3099777,232.26099999999997,-0.19182000000000038,2,5,99.42,8,0,CHEMBL3099777,7.725910000000005,0.12162162162162163,,,,
ZINCf5000000ZqHq,CC(=O)CCN(C)C(=O)c1nonc1N,decoy,local_zinc_pool,,,c1cnon1,1,CC(=O)CCN(C)C(=O)c1nonc1N,matched_to_CHEMBL1490404,212.209,-0.2971000000000001,1,6,102.32000000000001,4,0,CHEMBL1490404,4.4773700000000005,0.1891891891891892,,,,
ZINCf5000002rPE6,CC[S@@](=O)CC(=O)OCC(=O)CCOC,decoy,local_zinc_pool,,,,1,CC[S@@](=O)CC(=O)OCC(=O)CCOC,matched_to_CHEMBL1611170,236.28899999999993,-0.09620000000000006,0,5,69.67,8,0,CHEMBL1611170,6.727580000000002,0.16393442622950818,,,,
ZINCf50000027305,COC(=O)[C@H](CO)NC(=O)C1CC(I)C1,decoy,local_zinc_pool,,,C1CCC1,1,COC(=O)[C@H](CO)NC(=O)C1CC(I)C1,matched_to_CHEMBL1600146,327.11800000000005,-0.1499000000000006,2,4,75.63,4,0,CHEMBL1600146,1.8695766666666664,0.2033898305084746,,,,
ZINCf50000017Zr1,C[S@@](=N)(=O)CCNC(=O)Cc1csnn1,decoy,local_zinc_pool,,,c1csnn1,1,C[S@@](=N)(=O)CCNC(=O)Cc1csnn1,matched_to_CHEMBL1468368,248.333,-0.12662999999999996,2,6,95.80000000000001,5,0,CHEMBL1468368,4.24422,0.1643835616438356,,,,
ZINCf50000009nxc,CNS(=O)(=O)CCC(=O)NC[C@@H](C)SC,decoy,local_zinc_pool,,,,1,CNS(=O)(=O)CCC(=O)NC[C@@H](C)SC,matched_to_CHEMBL3315213,254.377,-0.20659999999999923,2,4,75.27,7,0,CHEMBL3315213,5.559463333333335,0.14754098360655737,,,,
ZINCf5000002rKa7,CCNS(=O)(=O)CC(=O)N[C@@H](C)CSC,decoy,local_zinc_pool,,,,1,CCNS(=O)(=O)CC(=O)N[C@@H](C)CSC,matched_to_CHEMBL3315202,254.377,-0.206599999999999,2,4,75.27,7,0,CHEMBL3315202,5.088226666666669,0.16666666666666666,,,,
ZINCf50000009e03,CN(CC(F)F)c1cc(=O)n(C)c(O)n1,decoy,local_zinc_pool,,,O=c1ccnc[nH]1,1,CN(CC(F)F)c1cc(=O)n(C)c(O)n1,matched_to_CHEMBL1546134,219.191,0.18719999999999987,1,5,58.36,3,0,CHEMBL1546134,3.3907300000000022,0.1746031746031746,,,,
ZINCf5000002scj7,CO[C@@H](CN)CNS(=O)(=O)c1ccns1,decoy,local_zinc_pool,,,c1cnsc1,1,CO[C@@H](CN)CNS(=O)(=O)c1ccns1,matched_to_CHEMBL3315209,251.33300000000003,-0.6048999999999995,2,6,94.30999999999999,6,0,CHEMBL3315209,5.9167666666666685,0.16666666666666666,,,,
ZINCf50000009weJ,COCC[C@@H](O)CNCC[C@H](O)COC,decoy,local_zinc_pool,,,,1,COCC[C@@H](O)CNCC[C@H](O)COC,matched_to_CHEMBL1538066,221.29699999999997,-0.6291999999999986,3,5,70.95,10,0,CHEMBL1538066,7.046930000000004,0.10810810810810811,,,,
ZINCf500000090z8,CCOC(=O)CN(C)CCn1ccnn1,decoy,local_zinc_pool,,,c1c[nH]nn1,1,CCOC(=O)CN(C)CCn1ccnn1,matched_to_CHEMBL2431121,212.25300000000001,-0.2270000000000001,0,6,60.25,6,0,CHEMBL2431121,6.1196733333333375,0.2,,,,
ZINCf50000009fYN,CN(Cc1cnon1)Cc1nnc(O)o1,decoy,local_zinc_pool,,,c1nnc(CNCc2cnon2)o1,1,CN(Cc1cnon1)Cc1nnc(O)o1,matched_to_CHEMBL1597454,211.181,-0.20980000000000015,1,8,101.31,4,0,CHEMBL1597454,7.952723333333337,0.1111111111111111,,,,
ZINCf5000000ZtiF,COCc1noc(=O)n1C[C@@H](C)N(C)C,decoy,local_zinc_pool,,,O=c1[nH]cno1,1,COCc1noc(=O)n1C[C@@H](C)N(C)C,matched_to_CHEMBL1446377,215.253,-0.0671999999999997,0,6,60.50000000000001,5,0,CHEMBL1446377,6.092803333333337,0.13333333333333333,,,,
ZINCf50000009d6i,CN(C)S(=O)(=O)CCSCCS(C)(=O)=O,decoy,local_zinc_pool,,,,1,CN(C)S(=O)(=O)CCSCCS(C)(=O)=O,matched_to_CHEMBL1547420,275.41700000000003,-0.34439999999999893,0,5,71.52000000000001,7,0,CHEMBL1547420,7.13754,0.1111111111111111,,,,
ZINCf5000000a4Q2,C[C@]1(C(=O)NCCn2cnnn2)C[C@@H]1Br,decoy,local_zinc_pool,,,O=C(NCCn1cnnn1)C1CC1,1,C[C@]1(C(=O)NCCn2cnnn2)C[C@@H]1Br,matched_to_CHEMBL1312502,274.12199999999996,-0.03720000000000012,1,5,72.7,4,0,CHEMBL1312502,5.294320000000005,0.1774193548387097,,,,
ZINCf50000009wYE,COC[C@@H](C)OC(=O)Cn1nnnc1C,decoy,local_zinc_pool,,,c1nnn[nH]1,1,COC[C@@H](C)OC(=O)Cn1nnnc1C,matched_to_CHEMBL1328169,214.225,-0.44038000000000044,0,7,79.13000000000001,5,0,CHEMBL1328169,6.377420000000006,0.18181818181818182,,,,
ZINCf5000001ywDX,O=S1CC2(CN(CC(O)C(F)(F)F)C2)C1,decoy,local_zinc_pool,,,O=S1CC2(CNC2)C1,1,O=S1CC2(CN(CC(O)C(F)(F)F)C2)C1,matched_to_CHEMBL1586252,243.24999999999997,-0.026100000000000012,1,3,40.540000000000006,2,0,CHEMBL1586252,4.329806666666669,0.0945945945945946,,,,
ZINCf5000000Vn5I,Nc1cncnc1SCCc1nn[nH]n1,decoy,local_zinc_pool,,,c1cc(SCCc2nn[nH]n2)ncn1,1,Nc1cncnc1SCCc1nn[nH]n1,matched_to_CHEMBL1594369,223.265,-0.0933000000000001,2,7,106.26,4,0,CHEMBL1594369,4.631343333333335,0.16666666666666666,,,,
ZINCf5000000Zryq,CC[C@H](NCCn1ncc(Br)n1)C(N)=O,decoy,local_zinc_pool,,,c1cn[nH]n1,1,CC[C@H](NCCn1ncc(Br)n1)C(N)=O,matched_to_CHEMBL2003819,276.13800000000003,-0.10590000000000022,2,5,85.83000000000001,6,0,CHEMBL2003819,4.837963333333334,0.18181818181818182,,,,
ZINCf50000009dhK,CN(C)S(=O)(=O)N[C@H](CCO)C1CCC1,decoy,local_zinc_pool,,,C1CCC1,1,CN(C)S(=O)(=O)N[C@H](CCO)C1CCC1,matched_to_CHEMBL3315194,236.33699999999996,-0.06650000000000023,2,3,69.64,6,0,CHEMBL3315194,2.136566666666668,0.14492753623188406,,,,
ZINCf5000002ejK1,O=C([C@@H]1CCS1(=O)=O)N1CC=C[C@H]1CF,decoy,local_zinc_pool,,,O=C(C1CCS1(=O)=O)N1CC=CC1,1,O=C([C@@H]1CCS1(=O)=O)N1CC=C[C@H]1CF,matched_to_CHEMBL1550591,233.26399999999998,-0.08999999999999986,0,3,54.45,2,0,CHEMBL1550591,3.0091233333333354,0.1044776119402985,,,,
ZINCf50000009ucn,COCCCN(C)C(=O)Cn1ccnn1,decoy,local_zinc_pool,,,c1c[nH]nn1,1,COCCCN(C)C(=O)Cn1ccnn1,matched_to_CHEMBL2431119,212.25300000000001,-0.2270000000000001,0,5,60.25,6,0,CHEMBL2431119,5.522463333333337,0.14285714285714285,,,,
ZINCf50000017KeD,COCCCNS(=O)(=O)Cc1csnn1,decoy,local_zinc_pool,,,c1csnn1,1,COCCCNS(=O)(=O)Cc1csnn1,matched_to_CHEMBL1966869,251.333,-0.005999999999999728,1,6,81.17999999999999,7,0,CHEMBL1966869,5.569853333333337,0.16666666666666666,,,,
ZINCf5000000ZtkQ,CON(CCO)S(=O)(=O)c1cc(C)ns1,decoy,local_zinc_pool,,,c1cnsc1,1,CON(CCO)S(=O)(=O)c1cc(C)ns1,matched_to_CHEMBL1438069,252.31699999999998,-0.00408000000000025,1,6,79.73,5,0,CHEMBL1438069,4.500690000000001,0.1527777777777778,,,,
ZINCf500000093NJ,CCS[C@H](C)C(=O)NCCS(=O)(=O)NC,decoy,local_zinc_pool,,,,1,CCS[C@H](C)C(=O)NCCS(=O)(=O)NC,matched_to_CHEMBL3315223,254.37699999999998,-0.206599999999999,2,4,75.27,7,0,CHEMBL3315223,5.088226666666669,0.12698412698412698,,,,
ZINCf5000001WIic,CC1CN(S(=O)(=O)N(C)CCC#N)CO1,decoy,local_zinc_pool,,,C1COCN1,1,CC1CN(S(=O)(=O)N(C)CCC#N)CO1,matched_to_CHEMBL1611686,233.29299999999995,-0.24511999999999978,0,4,73.64,4,0,CHEMBL1611686,5.387276666666671,0.11864406779661017,,,,
ZINCf5000001Eirl,O=S(=O)(CCl)N1CCN2CCOCC2C1,decoy,local_zinc_pool,,,C1CN2CCOCC2CN1,1,O=S(=O)(CCl)N1CCN2CCOCC2C1,matched_to_CHEMBL1595121,254.73899999999995,-0.4711000000000001,0,4,49.85000000000001,2,0,CHEMBL1595121,4.112480000000002,0.07526881720430108,,,,
ZINCf5000000avmI,O=C1CN(CC[S@@](=O)C(F)(F)F)CCN1,decoy,local_zinc_pool,,,O=C1CNCCN1,1,O=C1CN(CC[S@@](=O)C(F)(F)F)CCN1,matched_to_CHEMBL1340713,244.23799999999994,-0.31329999999999963,1,3,49.410000000000004,3,0,CHEMBL1340713,3.0063033333333338,0.11688311688311688,,,,
ZINCf50000009l7n,CNC(=O)[C@H](CO)Nc1cncc(Br)n1,decoy,local_zinc_pool,,,c1cnccn1,1,CNC(=O)[C@H](CO)Nc1cncc(Br)n1,matched_to_CHEMBL1453900,275.106,-0.24210000000000015,3,5,87.14,4,0,CHEMBL1453900,4.172036666666668,0.2054794520547945,,,,
ZINCf5000002rCJ4,C[C@@H](N)CONC(=O)CNCP(C)(C)=O,decoy,local_zinc_pool,,,,1,C[C@@H](N)CONC(=O)CNCP(C)(C)=O,matched_to_CHEMBL3315204,237.23999999999995,-0.448799999999999,3,5,93.44999999999999,7,0,CHEMBL3315204,5.876280000000002,0.16393442622950818,,,,
ZINCf5000002aQ6f,Cn1ncc(I)c1CC(=O)OCC(N)=O,decoy,local_zinc_pool,,,c1cn[nH]c1,1,Cn1ncc(I)c1CC(=O)OCC(N)=O,matched_to_CHEMBL1461496,323.0900000000001,-0.40430000000000005,1,5,87.21000000000001,4,0,CHEMBL1461496,4.670420000000002,0.16666666666666666,,,,
ZINCf50000009fns,CN(CCn1cnc(C#N)n1)S(C)(=O)=O,decoy,local_zinc_pool,,,c1nc[nH]n1,1,CN(CCn1cnc(C#N)n1)S(C)(=O)=O,matched_to_CHEMBL1387563,229.265,-0.9588199999999996,0,6,91.88,4,0,CHEMBL1387563,5.217630000000003,0.13793103448275862,,,,
ZINCf5000000a3uZ,C[C@H]1C[C@@H]1NC(=O)N1CCN(C)C(=O)C1,decoy,local_zinc_pool,,,O=C1CN(C(=O)NC2CC2)CCN1,1,C[C@H]1C[C@@H]1NC(=O)N1CCN(C)C(=O)C1,matched_to_CHEMBL1321527,211.26499999999996,-0.12159999999999949,1,2,52.650000000000006,1,0,CHEMBL1321527,2.2322066666666673,0.15254237288135594,,,,
ZINCf50000017ITM,COC(=O)[C@H](C)NC(=O)[C@@H]1CSCN1C,decoy,local_zinc_pool,,,C1CSCN1,1,COC(=O)[C@H](C)NC(=O)[C@@H]1CSCN1C,matched_to_CHEMBL1385214,232.30499999999998,-0.33119999999999994,1,5,58.64,3,0,CHEMBL1385214,3.419350000000002,0.18032786885245902,,,,
ZINCf5000000atob,O=C(O)CN1CCOCC12CCOCC2,decoy,local_zinc_pool,,,C1COCC2(CCOCC2)N1,1,O=C(O)CN1CCOCC12CCOCC2,matched_to_CHEMBL1369296,215.24899999999994,-0.04760000000000009,1,4,59.0,2,0,CHEMBL1369296,3.1408400000000016,0.13114754098360656,,,,
ZINCf5000000SJE5,CC(=O)CSCC(=O)N=[S@@](C)(=O)CCO,decoy,local_zinc_pool,,,,1,CC(=O)CSCC(=O)N=[S@@](C)(=O)CCO,matched_to_CHEMBL1995726,253.34499999999997,-0.07469999999999993,1,5,83.8,6,0,CHEMBL1995726,4.507246666666669,0.09876543209876543,,,,
ZINCf5000001NHih,CNS(=O)(=O)NC1CCNCC(C)(C)C1,decoy,local_zinc_pool,,,C1CCCNCC1,1,CNS(=O)(=O)NC1CCNCC(C)(C)C1,matched_to_CHEMBL1608453,235.35299999999995,-0.18159999999999998,3,3,70.23,3,0,CHEMBL1608453,3.772786666666668,0.11666666666666667,,,,
ZINCf50000008AuS,C#CCCN(C)S(=O)(=O)N(C)CCOC,decoy,local_zinc_pool,,,,1,C#CCCN(C)S(=O)(=O)N(C)CCOC,matched_to_CHEMBL1586169,234.32099999999994,-0.23549999999999893,0,3,49.85000000000001,7,0,CHEMBL1586169,4.9590166666666695,0.09210526315789473,,,,
ZINCf5000002dMsp,C[C@@H](CNS(=O)(=O)N(C)CC#N)N=[N+]=[N-],decoy,local_zinc_pool,,,,1,C[C@@H](CNS(=O)(=O)N(C)CC#N)N=[N+]=[N-],matched_to_CHEMBL1493442,232.26899999999998,-0.025019999999999376,1,4,121.96,6,0,CHEMBL1493442,8.208583333333337,0.10666666666666667,,,,
ZINCf5000002rv5o,C[C@H](CN1CCOCC1)N(C)S(C)(=O)=O,decoy,local_zinc_pool,,,C1COCCN1,1,C[C@H](CN1CCOCC1)N(C)S(C)(=O)=O,matched_to_CHEMBL1325640,236.337,-0.40149999999999797,0,4,49.85,4,0,CHEMBL1325640,2.396093333333333,0.10294117647058823,,,,
ZINCf5000002rLeJ,CCOC[C@H](CO)NC(=O)CSCCN,decoy,local_zinc_pool,,,,1,CCOC[C@H](CO)NC(=O)CSCCN,matched_to_CHEMBL463811,236.33699999999996,-0.8080999999999978,3,5,84.58,9,0,CHEMBL463811,7.857360000000002,0.16666666666666666,,,,
ZINCf50000028LEi,CCS(=O)(=O)NCCNC(=O)[C@@H]1C[C@@H]1Br,decoy,local_zinc_pool,,,C1CC1,1,CCS(=O)(=O)NCCNC(=O)[C@@H]1C[C@@H]1Br,matched_to_CHEMBL294989,299.19,-0.17470000000000052,2,3,75.27000000000001,6,0,CHEMBL294989,3.356080000000002,0.13793103448275862,,,,
ZINCf5000002qDLr,CCc1nonc1C(=O)NCCCON,decoy,local_zinc_pool,,,c1cnon1,1,CCc1nonc1C(=O)NCCCON,matched_to_CHEMBL462830,214.22499999999994,-0.3577999999999994,2,6,103.27,6,0,CHEMBL462830,7.467780000000004,0.22972972972972974,,,,
ZINCf5000000SM1b,CSCCn1nnnc1N(C)C[C@@H](C)O,decoy,local_zinc_pool,,,c1nnn[nH]1,1,CSCCn1nnnc1N(C)C[C@@H](C)O,matched_to_CHEMBL2431120,231.32500000000002,-0.14689999999999998,1,7,67.07000000000001,6,0,CHEMBL2431120,5.847680000000004,0.12698412698412698,,,,
ZINCf50000009GYA,CSC[C@@H](C)NC(=O)CCNS(C)(=O)=O,decoy,local_zinc_pool,,,,1,CSC[C@@H](C)NC(=O)CCNS(C)(=O)=O,matched_to_CHEMBL3315193,254.37699999999998,-0.206599999999999,2,4,75.27000000000001,7,0,CHEMBL3315193,5.088226666666668,0.16666666666666666,,,,
ZINCf50000017KGC,COCCONC(=O)CCSCC(N)=O,decoy,local_zinc_pool,,,,1,COCCONC(=O)CCSCC(N)=O,matched_to_CHEMBL3099769,236.29299999999995,-0.7107999999999985,2,5,90.65,9,0,CHEMBL3099769,7.260230000000005,0.14492753623188406,,,,
ZINCf50000009kHQ,CNC(=O)[C@@H](C)SCCCNS(C)(=O)=O,decoy,local_zinc_pool,,,,1,CNC(=O)[C@@H](C)SCCCNS(C)(=O)=O,matched_to_CHEMBL3315203,254.37699999999995,-0.20660000000000012,2,4,75.27000000000001,7,0,CHEMBL3315203,5.08822666666667,0.13580246913580246,,,,
ZINCf50000009KZQ,C[C@@H](Cn1cnc([S@@](C)=O)n1)S(C)(=O)=O,decoy,local_zinc_pool,,,c1nc[nH]n1,1,C[C@@H](Cn1cnc([S@@](C)=O)n1)S(C)(=O)=O,matched_to_CHEMBL1301125,251.33299999999997,-0.5514000000000001,0,6,81.91999999999999,4,0,CHEMBL1301125,6.274886666666671,0.14814814814814814,,,,
ZINCf5000002e2bD,CNS(=O)(=O)[C@@H](C)CNC(=O)CCSC,decoy,local_zinc_pool,,,,1,CNS(=O)(=O)[C@@H](C)CNC(=O)CCSC,matched_to_CHEMBL3315221,254.37699999999995,-0.20660000000000012,2,4,75.27000000000001,7,0,CHEMBL3315221,5.08822666666667,0.14516129032258066,,,,
ZINCf5000000VnD5,OCCCCCC=Nn1c(O)nnc1O,decoy,local_zinc_pool,,,c1nnc[nH]1,1,OCCCCCC=Nn1c(O)nnc1O,matched_to_CHEMBL1323442,214.22500000000002,0.07589999999999997,3,7,103.76,6,0,CHEMBL1323442,4.890253333333335,0.08695652173913043,,,,
ZINCf5000002mDhl,CSC[C@@H](CO)SCCS(=O)(=O)CCO,decoy,local_zinc_pool,,,,1,CSC[C@@H](CO)SCCS(=O)(=O)CCO,matched_to_CHEMBL3099777,274.429,-0.14939999999999992,2,6,74.6,9,0,CHEMBL3099777,7.268750000000004,0.08571428571428572,,,,
ZINCf5000002oBuO,C[C@@H](COC(=O)c1nccs1)S(N)(=O)=O,decoy,local_zinc_pool,,,c1cscn1,1,C[C@@H](COC(=O)c1nccs1)S(N)(=O)=O,matched_to_CHEMBL1490404,250.301,-0.023099999999999787,1,6,99.35,4,0,CHEMBL1490404,4.032583333333334,0.21428571428571427,,,,
ZINCf5000002mA3C,CCOCC(=O)CS(=O)(=O)CS(C)(=O)=O,decoy,local_zinc_pool,,,,1,CCOCC(=O)CS(=O)(=O)CS(C)(=O)=O,matched_to_CHEMBL1611170,258.317,-0.9910999999999988,0,6,94.58000000000001,7,0,CHEMBL1611170,6.1075,0.15384615384615385,,,,
ZINCf50000020yAF,CC1(CNS(=O)(=O)CBr)CNCCOC1,decoy,local_zinc_pool,,,C1CNCCOC1,1,CC1(CNS(=O)(=O)CBr)CNCCOC1,matched_to_CHEMBL1600146,301.2060000000001,-0.11569999999999947,2,4,67.43,4,0,CHEMBL1600146,1.3032766666666662,0.09859154929577464,,,,
ZINCf50000025GMH,COC(=O)[C@H](CO)Sc1nccnc1N,decoy,local_zinc_pool,,,c1cnccn1,1,COC(=O)[C@H](CO)Sc1nccnc1N,matched_to_CHEMBL1468368,229.261,-0.3152000000000001,2,7,98.33,4,0,CHEMBL1468368,4.459453333333334,0.1875,,,,
ZINCf500000097FW,CC[C@H](CSC)NC(=O)CS(=O)(=O)NC,decoy,local_zinc_pool,,,,1,CC[C@H](CSC)NC(=O)CS(=O)(=O)NC,matched_to_CHEMBL3315213,254.37699999999998,-0.206599999999999,2,4,75.27,7,0,CHEMBL3315213,5.559463333333337,0.14754098360655737,,,,
ZINCf50000009nv0,CNS(=O)(=O)CC(=O)N[C@@H](C)CCSC,decoy,local_zinc_pool,,,,1,CNS(=O)(=O)CC(=O)N[C@@H](C)CCSC,matched_to_CHEMBL3315202,254.37699999999998,-0.20660000000000012,2,4,75.27,7,0,CHEMBL3315202,5.088226666666671,0.16393442622950818,,,,
ZINCf50000017ZJU,C[S@](=O)c1nncn1CC12CNC(C1)C2,decoy,local_zinc_pool,,,c1nncn1CC12CNC(C1)C2,1,C[S@](=O)c1nncn1CC12CNC(C1)C2,matched_to_CHEMBL1546134,226.30499999999998,-0.23250000000000015,1,5,59.81,3,0,CHEMBL1546134,3.5837900000000023,0.14516129032258066,,,,
ZINCf5000000Zr5Y,CCCN(CC(N)=O)c1nnc(CO)s1,decoy,local_zinc_pool,,,c1nncs1,1,CCCN(CC(N)=O)c1nnc(CO)s1,matched_to_CHEMBL3315209,230.29299999999998,-0.2679000000000001,2,6,92.34,6,0,CHEMBL3315209,5.981300000000003,0.15,,,,
ZINCf5000002dT2A,CCOCCCC(=O)NOC[C@@H](O)CO,decoy,local_zinc_pool,,,,1,CCOCCCC(=O)NOC[C@@H](O)CO,matched_to_CHEMBL1538066,221.253,-0.7958999999999998,3,5,88.02000000000001,9,0,CHEMBL1538066,6.975703333333337,0.15492957746478872,,,,
ZINCf5000002aRZH,COCCCN(C)C(=O)Cn1cnnc1,decoy,local_zinc_pool,,,c1nnc[nH]1,1,COCCCN(C)C(=O)Cn1cnnc1,matched_to_CHEMBL2431121,212.25300000000001,-0.2270000000000001,0,5,60.25,6,0,CHEMBL2431121,6.6196733333333375,0.17333333333333334,,,,
ZINCf5000001vlyY,CSC(=O)COC(=O)CCCS(N)(=O)=O,decoy,local_zinc_pool,,,,1,CSC(=O)COC(=O)CCCS(N)(=O)=O,matched_to_CHEMBL1597454,255.31699999999995,-0.5120999999999996,1,6,103.53,6,0,CHEMBL1597454,7.624096666666671,0.14516129032258066,,,,
ZINCf50000009vNx,COCCS(=O)(=O)CCn1ncsc1=O,decoy,local_zinc_pool,,,O=c1[nH]ncs1,1,COCCS(=O)(=O)CCn1ncsc1=O,matched_to_CHEMBL1446377,252.31699999999998,-0.6340000000000003,0,7,78.26,6,0,CHEMBL1446377,5.810430000000005,0.15492957746478872,,,,
ZINCf50000009FGv,CS(=O)(=O)CCC[S@](=O)CCS(C)(=O)=O,decoy,local_zinc_pool,,,,1,CS(=O)(=O)CCC[S@](=O)CCS(C)(=O)=O,matched_to_CHEMBL1547420,276.401,-0.7855999999999983,0,5,85.35,7,0,CHEMBL1547420,6.868633333333335,0.06976744186046512,,,,
ZINCf5000000a7n5,Cc1conc1CS(=O)(=O)NC1COC1,decoy,local_zinc_pool,,,O=S(=O)(Cc1ccon1)NC1COC1,1,Cc1conc1CS(=O)(=O)NC1COC1,matched_to_CHEMBL1312502,232.261,-0.19878000000000018,1,5,81.43,4,0,CHEMBL1312502,5.671450000000004,0.13114754098360656,,,,
ZINCf5000000Zt3G,COCC(=O)COC(=O)c1ncccn1,decoy,local_zinc_pool,,,c1cncnc1,1,COCC(=O)COC(=O)c1ncccn1,matched_to_CHEMBL1328169,210.18900000000002,-0.15110000000000023,0,6,78.38000000000001,5,0,CHEMBL1328169,6.694926666666673,0.19402985074626866,,,,
ZINCf5000002dJVI,C[C@H]1COC2(C1)CN(C(=O)[C@H](O)CF)C2,decoy,local_zinc_pool,,,C1COC2(C1)CNC2,1,C[C@H]1COC2(C1)CN(C(=O)[C@H](O)CF)C2,matched_to_CHEMBL1586252,217.23999999999998,-0.04580000000000006,1,3,49.769999999999996,2,0,CHEMBL1586252,4.521840000000001,0.14516129032258066,,,,
ZINCf50000008VYP,CCN(C(=O)c1nnsc1N)[C@@H](C)CO,decoy,local_zinc_pool,,,c1csnn1,1,CCN(C(=O)c1nnsc1N)[C@@H](C)CO,matched_to_CHEMBL1594369,230.29299999999998,-0.03680000000000011,2,6,92.34,4,0,CHEMBL1594369,4.482596666666669,0.12987012987012986,,,,
ZINCf5000000ayno,OCCOCCSc1nnc2nc[nH]n12,decoy,local_zinc_pool,,,c1nc2nncn2[nH]1,1,OCCOCCSc1nnc2nc[nH]n12,matched_to_CHEMBL2003819,229.26500000000004,-0.44660000000000005,2,7,88.32999999999998,6,0,CHEMBL2003819,4.433826666666668,0.1282051282051282,,,,
ZINCf5000002a4hN,CNS(=O)(=O)CCCNC(=O)[C@@H]1C[C@@H]1Br,decoy,local_zinc_pool,,,C1CC1,1,CNS(=O)(=O)CCCNC(=O)[C@@H]1C[C@@H]1Br,matched_to_CHEMBL3315194,299.19,-0.17470000000000052,2,3,75.27000000000001,6,0,CHEMBL3315194,1.8870300000000004,0.13333333333333333,,,,
ZINCf5000001tE1B,CON(C)C(=O)C12CC1CN(C(C)=O)C2,decoy,local_zinc_pool,,,C1NCC2CC12,1,CON(C)C(=O)C12CC1CN(C(C)=O)C2,matched_to_CHEMBL1550591,212.24899999999994,-0.1254000000000004,0,3,49.85,2,0,CHEMBL1550591,3.0780733333333363,0.13333333333333333,,,,
ZINCf5000000Zr60,CCCN(CCN(C)C)c1nnnn1C,decoy,local_zinc_pool,,,c1nnn[nH]1,1,CCCN(CCN(C)C)c1nnnn1C,matched_to_CHEMBL2431119,212.301,-0.011900000000000022,0,6,50.080000000000005,6,0,CHEMBL2431119,5.261383333333336,0.10714285714285714,,,,
ZINCf50000009uok,COCCCS(=O)(=O)CCCS(N)(=O)=O,decoy,local_zinc_pool,,,,1,COCCCS(=O)(=O)CCCS(N)(=O)=O,matched_to_CHEMBL1966869,259.349,-0.8836999999999979,1,5,103.53,8,0,CHEMBL1966869,5.794426666666669,0.09722222222222222,,,,
ZINCf5000002aUZH,O=C(CCc1nncs1)NOC1COC1,decoy,local_zinc_pool,,,O=C(CCc1nncs1)NOC1COC1,1,O=C(CCc1nncs1)NOC1COC1,matched_to_CHEMBL1438069,229.261,-0.08270000000000022,1,6,73.34,5,0,CHEMBL1438069,4.528063333333334,0.16,,,,
ZINCf50000008NcO,CC(C)CNC(=O)CS(=O)(=O)CCCO,decoy,local_zinc_pool,,,,1,CC(C)CNC(=O)CS(=O)(=O)CCCO,matched_to_CHEMBL3315223,237.32099999999994,-0.44419999999999943,2,4,83.47,7,0,CHEMBL3315223,5.08918666666667,0.19298245614035087,,,,
ZINCf50000009drx,CN(C)[S@](C)(=O)=NS(=O)(=O)N=S(C)(C)=O,decoy,local_zinc_pool,,,,1,CN(C)[S@](C)(=O)=NS(=O)(=O)N=S(C)(C)=O,matched_to_CHEMBL1611686,277.39300000000003,-0.46679999999999944,0,4,96.24000000000001,3,0,CHEMBL1611686,4.699663333333337,0.13559322033898305,,,,
ZINCf5000002e0T9,CN(C(=O)C1(C)CSC1)C1CS(=O)(=O)C1,decoy,local_zinc_pool,,,O=C(NC1CS(=O)(=O)C1)C1CSC1,1,CN(C(=O)C1(C)CSC1)C1CS(=O)(=O)C1,matched_to_CHEMBL1595121,249.35699999999997,-0.005099999999999882,0,4,54.45,2,0,CHEMBL1595121,3.8836333333333357,0.14035087719298245,,,,
ZINCf5000002mBQ8,COCC1(O)CN(C(=O)[C@H]2CC[C@H]2F)C1,decoy,local_zinc_pool,,,O=C(C1CCC1)N1CCC1,1,COCC1(O)CN(C(=O)[C@H]2CC[C@H]2F)C1,matched_to_CHEMBL1340713,217.23999999999995,-0.04580000000000006,1,3,49.77,3,0,CHEMBL1340713,3.1019500000000013,0.14864864864864866,,,,
ZINCf5000000ar7F,O=C(NC[C@@H](O)CO)c1ncccc1Br,decoy,local_zinc_pool,,,c1ccncc1,1,O=C(NC[C@@H](O)CO)c1ncccc1Br,matched_to_CHEMBL1453900,275.102,-0.07290000000000008,3,4,82.45,4,0,CHEMBL1453900,4.3716766666666675,0.1917808219178082,,,,
ZINCf5000002rLGd,C[C@](O)(CCO)CNC(=O)CCC1N=N1,decoy,local_zinc_pool,,,C1N=N1,1,C[C@](O)(CCO)CNC(=O)CCC1N=N1,matched_to_CHEMBL3315204,215.253,-0.19190000000000018,3,5,94.28,7,0,CHEMBL3315204,5.891683333333337,0.125,,,,
ZINCf50000024NXI,CN(CCS(N)(=O)=O)c1ccnc(Br)n1,decoy,local_zinc_pool,,,c1cncnc1,1,CN(CCS(N)(=O)=O)c1ccnc(Br)n1,matched_to_CHEMBL1461496,295.162,-0.03619999999999968,1,5,89.17999999999999,4,0,CHEMBL1461496,4.783100000000001,0.175,,,,
ZINCf5000000a8JE,Cc1nn(CCS(=O)(=O)C(F)F)c(=O)o1,decoy,local_zinc_pool,,,O=c1[nH]nco1,1,Cc1nn(CCS(=O)(=O)C(F)F)c(=O)o1,matched_to_CHEMBL1387563,242.20299999999997,-0.21787999999999963,0,6,82.17,4,0,CHEMBL1387563,4.982690000000003,0.1267605633802817,,,,
ZINCf50000017mVi,C#C[C@@H]1CC[C@@H](NC(=O)C(=O)N(C)C)C1,decoy,local_zinc_pool,,,C1CCCC1,1,C#C[C@@H]1CC[C@@H](NC(=O)C(=O)N(C)C)C1,matched_to_CHEMBL1321527,208.26099999999997,-0.007300000000000084,1,2,49.410000000000004,1,0,CHEMBL1321527,2.056446666666667,0.13559322033898305,,,,
ZINCf5000000ZwSV,Cn1nncc1CN[C@@H]1C[C@@H]2COC[C@@H]21,decoy,local_zinc_pool,,,c1nn[nH]c1CNC1CC2COCC21,1,Cn1nncc1CN[C@@H]1C[C@@H]2COC[C@@H]21,matched_to_CHEMBL1385214,208.26499999999996,-0.06040000000000023,1,5,51.97,3,0,CHEMBL1385214,3.4452166666666693,0.1276595744680851,,,,
ZINCf5000000aqiE,O=C(NC1CS(=O)(=O)C1)C1=CCCSC1,decoy,local_zinc_pool,,,O=C(NC1CS(=O)(=O)C1)C1=CCCSC1,1,O=C(NC1CS(=O)(=O)C1)C1=CCCSC1,matched_to_CHEMBL1369296,247.34099999999995,-0.03710000000000013,1,4,63.24,2,0,CHEMBL1369296,2.9825200000000014,0.13114754098360656,,,,
ZINCf5000001KBoY,CCS(=O)(=O)NCC(=O)OCC(=O)SC,decoy,local_zinc_pool,,,,1,CCS(=O)(=O)NCC(=O)OCC(=O)SC,matched_to_CHEMBL1995726,255.31699999999998,-0.6415000000000002,1,6,89.53999999999999,6,0,CHEMBL1995726,4.274993333333335,0.16393442622950818,,,,
ZINCf5000002oIcR,O=C(NCc1cn[nH]c1)[C@@H]1C[C@H](Cl)CN1,decoy,local_zinc_pool,,,O=C(NCc1cn[nH]c1)C1CCCN1,1,O=C(NCc1cn[nH]c1)[C@@H]1C[C@H](Cl)CN1,matched_to_CHEMBL1608453,228.683,-0.004800000000000748,3,3,69.81,3,0,CHEMBL1608453,3.7384200000000014,0.14705882352941177,,,,
ZINCf50000017y34,CCOC(=O)CN(C)C(=O)COCCF,decoy,local_zinc_pool,,,,1,CCOC(=O)CN(C)C(=O)COCCF,matched_to_CHEMBL1586169,221.22799999999995,-0.006000000000000227,0,4,55.84,7,0,CHEMBL1586169,4.67654666666667,0.22033898305084745,,,,
ZINCf50000017KeG,COCCCNS(=O)(=O)c1nonc1C,decoy,local_zinc_pool,,,c1cnon1,1,COCCCNS(=O)(=O)c1nonc1C,matched_to_CHEMBL1493442,235.265,-0.30717999999999934,1,6,94.32,6,0,CHEMBL1493442,8.472330000000003,0.2191780821917808,,,,
ZINCf500000092ZA,CCS(=O)(=O)C1CN(CC#CCOC)C1,decoy,local_zinc_pool,,,C1CNC1,1,CCS(=O)(=O)C1CN(CC#CCOC)C1,matched_to_CHEMBL1325640,231.31699999999992,-0.24489999999999923,0,4,46.61,4,0,CHEMBL1325640,2.471493333333335,0.11363636363636363,,,,
ZINCf50000009BRP,CONCCNC(=O)C[C@H](N)CCSC,decoy,local_zinc_pool,,,,1,CONCCNC(=O)C[C@H](N)CCSC,matched_to_CHEMBL463811,235.35299999999998,-0.2758999999999987,3,5,76.38,9,0,CHEMBL463811,7.8404000000000025,0.13924050632911392,,,,
ZINCf50000008NBR,CC(C)N(C)S(=O)(=O)NCC1(CN)CC1,decoy,local_zinc_pool,,,C1CC1,1,CC(C)N(C)S(=O)(=O)NCC1(CN)CC1,matched_to_CHEMBL294989,235.35299999999995,-0.1000999999999983,2,3,75.43,6,0,CHEMBL294989,3.9383166666666685,0.11290322580645161,,,,
ZINCf50000018cs2,O=S(=O)(CCCO)CCSc1nc[nH]n1,decoy,local_zinc_pool,,,c1nc[nH]n1,1,O=S(=O)(CCCO)CCSc1nc[nH]n1,matched_to_CHEMBL462830,251.333,-0.306,2,6,95.94000000000001,7,0,CHEMBL462830,6.8553666666666695,0.13157894736842105,,,,
ZINCf50000029EEA,CCOC(=O)[C@H](OC)C(=O)N(CC)OC,decoy,local_zinc_pool,,,,1,CCOC(=O)[C@H](OC)C(=O)N(CC)OC,matched_to_CHEMBL2431120,219.23699999999997,-0.025600000000000067,0,5,65.07000000000001,6,0,CHEMBL2431120,5.807693333333337,0.1896551724137931,,,,
ZINCf500000096T5,CC[C@H](C)CNC(=O)CS(=O)(=O)CCO,decoy,local_zinc_pool,,,,1,CC[C@H](C)CNC(=O)CS(=O)(=O)CCO,matched_to_CHEMBL3315193,237.32099999999997,-0.44419999999999943,2,4,83.47,7,0,CHEMBL3315193,5.089186666666669,0.1694915254237288,,,,
ZINCf50000017L7N,COC[C@@H](C)S(=O)(=O)NCC[S@](C)(=N)=O,decoy,local_zinc_pool,,,,1,COC[C@@H](C)S(=O)(=O)NCC[S@](C)(=N)=O,matched_to_CHEMBL3099769,258.365,-0.38272999999999907,2,5,96.32,7,0,CHEMBL3099769,7.593996666666671,0.11290322580645161,,,,
ZINCf50000009KKm,C[C@@H](CS(C)(=O)=O)C(=O)NCCCCO,decoy,local_zinc_pool,,,,1,C[C@@H](CS(C)(=O)=O)C(=O)NCCCCO,matched_to_CHEMBL3315203,237.32099999999994,-0.44419999999999943,2,4,83.47,7,0,CHEMBL3315203,5.089186666666671,0.13114754098360656,,,,
ZINCf5000000SKQo,CCn1ncc(C(=O)OCC(=O)OC)n1,decoy,local_zinc_pool,,,c1cn[nH]n1,1,CCn1ncc(C(=O)OCC(=O)OC)n1,matched_to_CHEMBL1301125,213.19299999999996,-0.3722000000000001,0,7,83.31,4,0,CHEMBL1301125,6.016420000000005,0.2028985507246377,,,,
ZINCf50000009Kj2,C[C@@H](CO)CNC(=O)CCCS(C)(=O)=O,decoy,local_zinc_pool,,,,1,C[C@@H](CO)CNC(=O)CCCS(C)(=O)=O,matched_to_CHEMBL3315221,237.32099999999997,-0.44419999999999926,2,4,83.47,7,0,CHEMBL3315221,5.089186666666671,0.15,,,,
ZINCf50000009ABB,COCc1cc(CONC(=N)CO)on1,decoy,local_zinc_pool,,,c1cnoc1,1,COCc1cc(CONC(=N)CO)on1,matched_to_CHEMBL1323442,215.209,-0.18822999999999995,3,6,100.60000000000001,6,0,CHEMBL1323442,5.682900000000002,0.1388888888888889,,,,
ZINCf5000000Vn0I,N#CCCSCC(=O)Nc1nc(=O)o[nH]1,decoy,local_zinc_pool,,,O=c1nc[nH]o1,1,N#CCCSCC(=O)Nc1nc(=O)o[nH]1,matched_to_CHEMBL3099777,228.233,-0.0517200000000001,2,6,111.78,5,0,CHEMBL3099777,8.178390000000004,0.1518987341772152,,,,
ZINCf5000000ZtI8,CS(=O)(=O)c1cc(C(=O)OCCO)co1,decoy,local_zinc_pool,,,c1ccoc1,1,CS(=O)(=O)c1cc(C(=O)OCCO)co1,matched_to_CHEMBL1490404,234.22899999999996,-0.1677999999999999,1,6,93.81,4,0,CHEMBL1490404,4.51137,0.16666666666666666,,,,
ZINCf5000000acDc,Cn1nnc(C[S@](=O)Cc2nncs2)n1,decoy,local_zinc_pool,,,O=S(Cc1nn[nH]n1)Cc1nncs1,1,Cn1nnc(C[S@](=O)Cc2nncs2)n1,matched_to_CHEMBL1611170,244.305,-0.48950000000000005,0,8,86.45,4,0,CHEMBL1611170,6.738420000000001,0.1527777777777778,,,,
ZINCf5000002shsH,CSCC[C@@H](N)C(=O)N1CCNC[C@H]1C,decoy,local_zinc_pool,,,C1CNCCN1,1,CSCC[C@@H](N)C(=O)N1CCNC[C@H]1C,matched_to_CHEMBL1600146,231.36499999999998,-0.11289999999999867,2,4,58.36000000000001,4,0,CHEMBL1600146,1.8834199999999996,0.12307692307692308,,,,
ZINCf5000000a9iG,Cc1nnsc1CS(=O)(=O)C[C@@H](O)CO,decoy,local_zinc_pool,,,c1csnn1,1,Cc1nnsc1CS(=O)(=O)C[C@@H](O)CO,matched_to_CHEMBL1468368,252.31699999999998,-0.8854799999999998,2,7,100.38000000000001,5,0,CHEMBL1468368,4.0270800000000015,0.11594202898550725,,,,
ZINCf50000017yCg,CCON(CCN)C(=O)CCC1(N)CC1,decoy,local_zinc_pool,,,C1CC1,1,CCON(CCN)C(=O)CCC1(N)CC1,matched_to_CHEMBL3315213,215.29699999999994,-0.003299999999998915,2,4,81.58,7,0,CHEMBL3315213,5.562330000000003,0.1388888888888889,,,,
ZINCf5000001q0Kg,COC(C)CS(=O)(=O)NCC(F)(F)CN,decoy,local_zinc_pool,,,,1,COC(C)CS(=O)(=O)NCC(F)(F)CN,matched_to_CHEMBL3315202,246.27899999999997,-0.4652999999999991,2,4,81.42,7,0,CHEMBL3315202,5.0956733333333375,0.11538461538461539,,,,
ZINCf50000009Djs,CO[C@@H]1CS(=O)(=O)C[C@@H]1N[C@H]1CCSC1,decoy,local_zinc_pool,,,O=S1(=O)CCC(NC2CCSC2)C1,1,CO[C@@H]1CS(=O)(=O)C[C@@H]1N[C@H]1CCSC1,matched_to_CHEMBL1546134,251.373,-0.10649999999999915,1,5,55.400000000000006,3,0,CHEMBL1546134,3.3831100000000016,0.11290322580645161,,,,
ZINCf5000000WzGX,CCCCS(=O)(=O)NCCc1nn[nH]n1,decoy,local_zinc_pool,,,c1nn[nH]n1,1,CCCCS(=O)(=O)NCCc1nn[nH]n1,matched_to_CHEMBL3315209,233.297,-0.5382999999999998,2,5,100.63000000000001,7,0,CHEMBL3315209,5.799926666666668,0.1686746987951807,,,,
ZINCf5000002dQJ8,C[C@@H](ON)C(=O)NCCCOCCCN,decoy,local_zinc_pool,,,,1,C[C@@H](ON)C(=O)NCCCOCCCN,matched_to_CHEMBL1538066,219.2849999999999,-0.863099999999998,3,5,99.6,9,0,CHEMBL1538066,6.576983333333338,0.14516129032258066,,,,
ZINCf5000000YbiW,CON(C)CCC(=O)OCn1cncn1,decoy,local_zinc_pool,,,c1nc[nH]n1,1,CON(C)CCC(=O)OCn1cncn1,matched_to_CHEMBL2431121,214.225,-0.33790000000000076,0,7,69.47999999999999,6,0,CHEMBL2431121,6.043086666666672,0.14473684210526316,,,,
ZINCf50000008KZS,CC(=O)OCCNS(=O)(=O)CCCC#N,decoy,local_zinc_pool,,,,1,CC(=O)OCCNS(=O)(=O)CCCC#N,matched_to_CHEMBL1597454,234.27699999999996,-0.22731999999999997,1,5,96.25999999999999,7,0,CHEMBL1597454,7.935443333333338,0.2054794520547945,,,,
ZINCf5000000ZqhD,C#CCOCCOC(=O)Cn1ccnn1,decoy,local_zinc_pool,,,c1c[nH]nn1,1,C#CCOCCOC(=O)Cn1ccnn1,matched_to_CHEMBL1446377,209.205,-0.5289000000000006,0,6,66.24000000000001,6,0,CHEMBL1446377,6.190683333333339,0.13043478260869565,,,,
ZINCf5000000Ztun,CO[C@H](C)C(=O)Cn1cnc([N+](=O)[O-])n1,decoy,local_zinc_pool,,,c1nc[nH]n1,1,CO[C@H](C)C(=O)Cn1cnc([N+](=O)[O-])n1,matched_to_CHEMBL1547420,214.181,-0.20969999999999978,0,7,100.15,5,0,CHEMBL1547420,6.514900000000003,0.22535211267605634,,,,
ZINCf5000000WBwF,N#CCCNC(=O)CN1C(=O)CSC1=S,decoy,local_zinc_pool,,,O=C1CSC(=S)N1,1,N#CCCNC(=O)CN1C(=O)CSC1=S,matched_to_CHEMBL1312502,243.313,-0.12342000000000031,1,5,73.2,4,0,CHEMBL1312502,5.639890000000005,0.16666666666666666,,,,
ZINCf5000000ZqI1,CC(=O)COC(=O)CCc1nncn1C,decoy,local_zinc_pool,,,c1nnc[nH]1,1,CC(=O)COC(=O)CCc1nncn1C,matched_to_CHEMBL1328169,211.221,-0.12010000000000032,0,6,74.08000000000001,5,0,CHEMBL1328169,6.769540000000005,0.16923076923076924,,,,
ZINCf5000001M5u9,CN1CCN(C(=O)C2(Cl)CC2)C(CO)C1,decoy,local_zinc_pool,,,O=C(C1CC1)N1CCNCC1,1,CN1CCN(C(=O)C2(Cl)CC2)C(CO)C1,matched_to_CHEMBL1586252,232.71099999999996,-0.1072999999999999,1,3,43.78,2,0,CHEMBL1586252,4.359730000000002,0.12,,,,
ZINCf5000000acEA,Cn1nnc2c(NCCCO)ncnc21,decoy,local_zinc_pool,,,c1ncc2nn[nH]c2n1,1,Cn1nnc2c(NCCCO)ncnc21,matched_to_CHEMBL1594369,208.225,-0.44740000000000046,2,7,88.75,4,0,CHEMBL1594369,4.620610000000003,0.1518987341772152,,,,
ZINCf50000009aCA,CCn1cnc(NC(=O)CCCON)n1,decoy,local_zinc_pool,,,c1nc[nH]n1,1,CCn1cnc(NC(=O)CCCON)n1,matched_to_CHEMBL2003819,213.24099999999996,-0.09300000000000053,2,6,95.06,6,0,CHEMBL2003819,4.602733333333336,0.17567567567567569,,,,
ZINCf5000002dZpf,CN(C)CCNC(=O)[C@@H]1C[C@]1(Br)C(=O)O,decoy,local_zinc_pool,,,C1CC1,1,CN(C)CCNC(=O)[C@@H]1C[C@]1(Br)C(=O)O,matched_to_CHEMBL3315194,279.13399999999996,-0.09759999999999996,2,3,69.64,5,0,CHEMBL3315194,2.229330000000001,0.15254237288135594,,,,
ZINCf50000018cwk,O=S(=O)(N1CCC1)N1C[C@H]2CCO[C@H]2C1,decoy,local_zinc_pool,,,O=S(=O)(N1CCC1)N1CC2CCOC2C1,1,O=S(=O)(N1CCC1)N1C[C@H]2CCO[C@H]2C1,matched_to_CHEMBL1550591,232.30499999999995,-0.34239999999999915,0,3,49.85000000000001,2,0,CHEMBL1550591,3.0221800000000014,0.10344827586206896,,,,
ZINCf5000002rNiq,CCOC(=O)[C@H](OC)C(=O)N(C)OCC,decoy,local_zinc_pool,,,,1,CCOC(=O)[C@H](OC)C(=O)N(C)OCC,matched_to_CHEMBL2431119,219.23699999999997,-0.025600000000000067,0,5,65.07000000000001,6,0,CHEMBL2431119,5.511156666666671,0.21052631578947367,,,,
ZINCf500000091V7,CCOCCn1cc(COCCN)nn1,decoy,local_zinc_pool,,,c1c[nH]nn1,1,CCOCCn1cc(COCCN)nn1,matched_to_CHEMBL1966869,214.26899999999998,-0.21009999999999962,1,6,75.19,8,0,CHEMBL1966869,5.8161600000000035,0.12,,,,
ZINCf50000009aWh,CCn1nncc1CN[C@@H](C)C(=O)OC,decoy,local_zinc_pool,,,c1c[nH]nn1,1,CCn1nncc1CN[C@@H](C)C(=O)OC,matched_to_CHEMBL1438069,212.253,-0.05089999999999972,1,6,69.04,5,0,CHEMBL1438069,4.504943333333334,0.19718309859154928,,,,
ZINCf5000001841Q,NCCCNS(=O)(=O)CC[C@H]1CCOC1,decoy,local_zinc_pool,,,C1CCOC1,1,NCCCNS(=O)(=O)CC[C@H]1CCOC1,matched_to_CHEMBL3315223,236.3369999999999,-0.31879999999999953,2,4,81.42,7,0,CHEMBL3315223,5.097426666666671,0.0967741935483871,,,,
ZINCf5000000ax8Q,O=S(=O)(CCN1CCCS1(=O)=O)C(F)F,decoy,local_zinc_pool,,,O=S1(=O)CCCN1,1,O=S(=O)(CCN1CCCS1(=O)=O)C(F)F,matched_to_CHEMBL1611686,263.287,-0.3406999999999998,0,4,71.52000000000001,4,0,CHEMBL1611686,5.23585666666667,0.0975609756097561,,,,
ZINCf5000002e8Vv,COC(=O)[C@@H]1CN([S@@](C)=O)CC(C)(C)O1,decoy,local_zinc_pool,,,C1COCCN1,1,COC(=O)[C@@H]1CN([S@@](C)=O)CC(C)(C)O1,matched_to_CHEMBL1595121,235.30499999999998,-0.06770000000000032,0,4,55.84,2,0,CHEMBL1595121,4.121486666666669,0.18055555555555555,,,,
ZINCf50000008YXU,CCNC(=O)CN1CC[S@](=O)CC[C@H]1C,decoy,local_zinc_pool,,,O=S1CCCNCC1,1,CCNC(=O)CN1CC[S@](=O)CC[C@H]1C,matched_to_CHEMBL1340713,232.34899999999996,-0.034599999999999076,1,3,49.410000000000004,3,0,CHEMBL1340713,2.9393933333333337,0.2,,,,
ZINCf5000002aQQw,CN(C[C@@H](O)CO)C(=O)Nc1cnsc1,decoy,local_zinc_pool,,,c1cnsc1,1,CN(C[C@@H](O)CO)C(=O)Nc1cnsc1,matched_to_CHEMBL1453900,231.27700000000002,-0.03999999999999998,3,5,85.69,4,0,CHEMBL1453900,4.417593333333334,0.1643835616438356,,,,
ZINCf5000000ajAO,NCCSCC(=O)N[C@@H](CCF)C(=O)O,decoy,local_zinc_pool,,,,1,NCCSCC(=O)N[C@@H](CCF)C(=O)O,matched_to_CHEMBL3315204,238.28399999999996,-0.3926999999999999,3,4,92.42,8,0,CHEMBL3315204,5.869640000000003,0.22413793103448276,,,,
ZINCf50000009qZi,COC(=O)[C@@H](N)CCn1nc(Cl)sc1=O,decoy,local_zinc_pool,,,O=c1[nH]ncs1,1,COC(=O)[C@@H](N)CCn1nc(Cl)sc1=O,matched_to_CHEMBL1461496,251.69500000000002,-0.15139999999999998,1,7,87.21000000000001,4,0,CHEMBL1461496,4.215770000000003,0.2,,,,
ZINCf5000001HGIS,COCC(C#N)OC(=O)C1=COCCO1,decoy,local_zinc_pool,,,C1=COCCO1,1,COCC(C#N)OC(=O)C1=COCCO1,matched_to_CHEMBL1387563,213.18899999999996,-0.04361999999999999,0,6,77.78,4,0,CHEMBL1387563,5.33225666666667,0.2,,,,
ZINCf50000018bXX,O=C1NCC[C@@H]1C(=O)N1CC2(F)CC1C2,decoy,local_zinc_pool,,,O=C1NCCC1C(=O)N1CC2CC1C2,1,O=C1NCC[C@@H]1C(=O)N1CC2(F)CC1C2,matched_to_CHEMBL1321527,212.22399999999996,-0.16460000000000008,1,2,49.410000000000004,1,0,CHEMBL1321527,2.121683333333334,0.15625,,,,
ZINCf5000000abK0,Cn1ncc(Br)c1S(=O)(=O)NC1COC1,decoy,local_zinc_pool,,,O=S(=O)(NC1COC1)c1ccn[nH]1,1,Cn1ncc(Br)c1S(=O)(=O)NC1COC1,matched_to_CHEMBL1385214,296.14600000000013,-0.1403000000000001,1,5,73.22,3,0,CHEMBL1385214,3.2368733333333335,0.12941176470588237,,,,
ZINCf50000017UEY,C[C@@]12CN(CCO)C[C@]1(C)CS(=O)(=O)C2,decoy,local_zinc_pool,,,O=S1(=O)CC2CNCC2C1,1,C[C@@]12CN(CCO)C[C@]1(C)CS(=O)(=O)C2,matched_to_CHEMBL1369296,233.33299999999997,-0.26470000000000016,1,4,57.61,2,0,CHEMBL1369296,3.1515333333333344,0.11594202898550725,,,,
ZINCf50000029TZ5,C[C@@H](CO)COC(=O)CCn1cnnn1,decoy,local_zinc_pool,,,c1nnn[nH]1,1,C[C@@H](CO)COC(=O)CCn1cnnn1,matched_to_CHEMBL1995726,214.225,-0.7652000000000003,1,7,90.13,6,0,CHEMBL1995726,4.2919800000000015,0.15384615384615385,,,,
ZINCf5000002qCCN,C=CC1(C(=O)NC2[C@H](O)C[C@H]2O)CCC1,decoy,local_zinc_pool,,,O=C(NC1CCC1)C1CCC1,1,C=CC1(C(=O)NC2[C@H](O)C[C@H]2O)CCC1,matched_to_CHEMBL1608453,211.26099999999994,-0.04700000000000104,3,3,69.56,3,0,CHEMBL1608453,3.9507733333333355,0.18181818181818182,,,,
ZINCf5000002s8qR,COC(CN(C)[C@@H](C)CS(C)(=O)=O)OC,decoy,local_zinc_pool,,,,1,COC(CN(C)[C@@H](C)CS(C)(=O)=O)OC,matched_to_CHEMBL1586169,239.33699999999996,-0.02979999999999916,0,5,55.84,7,0,CHEMBL1586169,5.011323333333336,0.1,,,,
ZINCf50000008Tqv,CCCCC(=O)Cn1nnc(C(N)=O)n1,decoy,local_zinc_pool,,,c1nn[nH]n1,1,CCCCC(=O)Cn1nnc(C(N)=O)n1,matched_to_CHEMBL1493442,211.225,-0.4687000000000003,1,6,103.76,6,0,CHEMBL1493442,8.442810000000005,0.1388888888888889,,,,
ZINCf50000018cKq,O=S1(=O)CC(CN(C2CC2)C2COC2)C1,decoy,local_zinc_pool,,,O=S1(=O)CC(CN(C2CC2)C2COC2)C1,1,O=S1(=O)CC(CN(C2CC2)C2COC2)C1,matched_to_CHEMBL1325640,231.31699999999995,-0.10580000000000034,0,4,46.61,4,0,CHEMBL1325640,2.3787600000000015,0.09523809523809523,,,,
ZINCf5000000Vn0F,N#CCCSCC(=O)NC[C@@H](O)C(=O)O,decoy,local_zinc_pool,,,,1,N#CCCSCC(=O)NC[C@@H](O)C(=O)O,matched_to_CHEMBL463811,232.261,-0.8050200000000003,3,5,110.42,7,0,CHEMBL463811,7.862466666666669,0.14285714285714285,,,,
ZINCf50000017spC,CC(C)CN(C)S(=O)(=O)N[C@H]1C[C@@H]1CN,decoy,local_zinc_pool,,,C1CC1,1,CC(C)CN(C)S(=O)(=O)N[C@H]1C[C@@H]1CN,matched_to_CHEMBL294989,235.35299999999998,-0.24419999999999786,2,3,75.43,6,0,CHEMBL294989,4.034383333333333,0.125,,,,
ZINCf50000009nxl,CNS(=O)(=O)CCC(=O)NOCCSC,decoy,local_zinc_pool,,,,1,CNS(=O)(=O)CCC(=O)NOCCSC,matched_to_CHEMBL462830,256.349,-0.6634999999999995,2,5,84.5,8,0,CHEMBL462830,7.501140000000003,0.125,,,,
ZINCf50000009KPp,C[C@@H](CSCc1nnn(C)n1)S(C)(=O)=O,decoy,local_zinc_pool,,,c1nn[nH]n1,1,C[C@@H](CSCc1nnn(C)n1)S(C)(=O)=O,matched_to_CHEMBL2431120,250.349,-0.12359999999999971,0,7,77.74000000000001,5,0,CHEMBL2431120,5.568706666666671,0.13253012048192772,,,,
ZINCf5000001CDNr,NCCNS(=O)(=O)CCCC1CCOC1,decoy,local_zinc_pool,,,C1CCOC1,1,NCCNS(=O)(=O)CCCC1CCOC1,matched_to_CHEMBL3315193,236.3369999999999,-0.31879999999999975,2,4,81.42,7,0,CHEMBL3315193,5.09742666666667,0.0967741935483871,,,,
ZINCf5000002rNx2,CCOC(=O)CONC(=O)CCCCN,decoy,local_zinc_pool,,,,1,CCOC(=O)CONC(=O)CCCCN,matched_to_CHEMBL3099769,218.25299999999993,-0.27369999999999906,2,5,90.64999999999999,8,0,CHEMBL3099769,7.6492300000000055,0.2413793103448276,,,,
ZINCf50000017yE3,CCON(CCN)C(=O)[C@H](CN)C(C)C,decoy,local_zinc_pool,,,,1,CCON(CCN)C(=O)[C@H](CN)C(C)C,matched_to_CHEMBL3315203,217.313,-0.043899999999998496,2,4,81.58,7,0,CHEMBL3315203,5.098000000000003,0.12903225806451613,,,,
ZINCf50000017DIm,CN(Cc1cnn(C)n1)Cc1ncon1,decoy,local_zinc_pool,,,c1nc(CNCc2cn[nH]n2)no1,1,CN(Cc1cnn(C)n1)Cc1ncon1,matched_to_CHEMBL1301125,208.225,-0.1699000000000006,0,7,72.87,4,0,CHEMBL1301125,6.313633333333338,0.13333333333333333,,,,
ZINCf5000001KLmR,CCON(CCN)C(=O)C(CN)C(C)C,decoy,local_zinc_pool,,,,1,CCON(CCN)C(=O)C(CN)C(C)C,matched_to_CHEMBL3315221,217.313,-0.043899999999998496,2,4,81.58,7,0,CHEMBL3315221,5.098000000000003,0.12903225806451613,,,,
ZINCf5000002qNLm,CC(C)(CC(=O)NC[C@@H](N)CO)N=[N+]=[N-],decoy,local_zinc_pool,,,,1,CC(C)(CC(=O)NC[C@@H](N)CO)N=[N+]=[N-],matched_to_CHEMBL1323442,215.25699999999998,-0.09879999999999983,3,4,124.11,6,0,CHEMBL1323442,5.682400000000002,0.12121212121212122,,,,
ZINCf50000029zy9,COC[C@H](O)CONC(=O)[C@@H](C)N=[N+]=[N-],decoy,local_zinc_pool,,,,1,COC[C@H](O)CONC(=O)[C@@H](C)N=[N+]=[N-],matched_to_CHEMBL3099777,218.21300000000002,-0.2596999999999996,2,5,116.55,7,0,CHEMBL3099777,7.804843333333337,0.13846153846153847,,,,
ZINCf5000002aObv,C[C@@H](OC(=O)Cn1cnc(Br)n1)C(N)=O,decoy,local_zinc_pool,,,c1nc[nH]n1,1,C[C@@H](OC(=O)Cn1cnc(Br)n1)C(N)=O,matched_to_CHEMBL1490404,277.07800000000003,-0.5424,1,6,100.1,4,0,CHEMBL1490404,4.081013333333334,0.1891891891891892,,,,
ZINCf5000002aSfL,COCCOCCOCCn1cnnn1,decoy,local_zinc_pool,,,c1nnn[nH]1,1,COCCOCCOCCn1cnnn1,matched_to_CHEMBL1611170,216.241,-0.6472999999999993,0,7,71.29,9,0,CHEMBL1611170,5.730660000000001,0.11594202898550725,,,,
ZINCf5000002eaVo,CSC[C@@H](O)C(=O)N1CC(O)(C(C)C)C1,decoy,local_zinc_pool,,,C1CNC1,1,CSC[C@@H](O)C(=O)N1CC(O)(C(C)C)C1,matched_to_CHEMBL1600146,233.33299999999994,-0.06040000000000023,2,4,60.769999999999996,4,0,CHEMBL1600146,1.7323400000000018,0.16071428571428573,,,,
ZINCf5000000apGs,O=C(Cn1cc(I)nn1)Nc1nc[nH]n1,decoy,local_zinc_pool,,,O=C(Cn1ccnn1)Nc1nc[nH]n1,1,O=C(Cn1cc(I)nn1)Nc1nc[nH]n1,matched_to_CHEMBL1468368,319.06600000000003,-0.3605000000000002,2,6,101.38000000000001,3,0,CHEMBL1468368,4.4696033333333345,0.21686746987951808,,,,
ZINCf50000009uqn,COCCCS(=O)(=O)NCC1CC(N)C1,decoy,local_zinc_pool,,,C1CCC1,1,COCCCS(=O)(=O)NCC1CC(N)C1,matched_to_CHEMBL3315213,236.337,-0.3203999999999978,2,4,81.42,7,0,CHEMBL3315213,5.569730000000002,0.0989010989010989,,,,
ZINCf50000017LKa,COC[C@H](C)CS(=O)(=O)NCC1(N)CC1,decoy,local_zinc_pool,,,C1CC1,1,COC[C@H](C)CS(=O)(=O)NCC1(N)CC1,matched_to_CHEMBL3315202,236.33699999999996,-0.3203999999999978,2,4,81.42,7,0,CHEMBL3315202,5.0984933333333355,0.11594202898550725,,,,
ZINCf5000001881o,O=C(Cc1cnns1)N[C@@H]1COC[C@H]1F,decoy,local_zinc_pool,,,O=C(Cc1cnns1)NC1CCOC1,1,O=C(Cc1cnns1)N[C@@H]1COC[C@H]1F,matched_to_CHEMBL1546134,231.25199999999998,-0.06630000000000025,1,5,64.11,3,0,CHEMBL1546134,3.5955200000000023,0.14925373134328357,,,,
ZINCf500000098v9,CC[C@H](O)CC(=O)NCCSS(C)(=O)=O,decoy,local_zinc_pool,,,,1,CC[C@H](O)CC(=O)NCCSS(C)(=O)=O,matched_to_CHEMBL3315209,255.361,-0.04359999999999986,2,5,83.47,7,0,CHEMBL3315209,5.935886666666669,0.14516129032258066,,,,
ZINCf500000181yj,N#CSCCCNC(=O)[C@@H](O)CCCO,decoy,local_zinc_pool,,,,1,N#CSCCCNC(=O)[C@@H](O)CCCO,matched_to_CHEMBL1538066,232.30499999999998,-0.15962000000000037,3,5,93.35000000000001,8,0,CHEMBL1538066,6.727796666666671,0.10606060606060606,,,,
ZINCf50000018b5F,O=C1C=C(COC(=O)COCCF)CO1,decoy,local_zinc_pool,,,O=C1C=CCO1,1,O=C1C=C(COC(=O)COCCF)CO1,matched_to_CHEMBL2431121,218.17999999999995,-0.001100000000000323,0,5,61.83000000000001,6,0,CHEMBL2431121,6.473003333333338,0.16666666666666666,,,,
ZINCf5000000acRP,Cn1nncc1SCCCCS(N)(=O)=O,decoy,local_zinc_pool,,,c1c[nH]nn1,1,Cn1nncc1SCCCCS(N)(=O)=O,matched_to_CHEMBL1597454,250.34899999999993,-0.024099999999999677,1,6,90.87,6,0,CHEMBL1597454,7.854843333333338,0.125,,,,
ZINCf50000009AHW,COCc1noc(=O)n1CC(OC)OC,decoy,local_zinc_pool,,,O=c1[nH]cno1,1,COCc1noc(=O)n1CC(OC)OC,matched_to_CHEMBL1446377,218.20899999999997,-0.3984000000000001,0,7,75.72000000000001,6,0,CHEMBL1446377,5.892843333333338,0.13793103448275862,,,,
ZINCf50000017JSA,COCC(=O)OCC(=O)CCS(C)(=O)=O,decoy,local_zinc_pool,,,,1,COCC(=O)OCC(=O)CCS(C)(=O)=O,matched_to_CHEMBL1547420,238.26099999999997,-0.8201999999999994,0,6,86.74000000000001,7,0,CHEMBL1547420,6.717500000000002,0.1694915254237288,,,,
ZINCf5000000axtN,O=S(=O)(NC[C@H]1COCO1)c1ccco1,decoy,local_zinc_pool,,,O=S(=O)(NCC1COCO1)c1ccco1,1,O=S(=O)(NC[C@H]1COCO1)c1ccco1,matched_to_CHEMBL1312502,233.24499999999998,-0.06920000000000037,1,5,77.77000000000001,4,0,CHEMBL1312502,5.521623333333338,0.1780821917808219,,,,
ZINCf5000000ZrK9,CCc1nnnn1Cc1cn(CC)nn1,decoy,local_zinc_pool,,,c1[nH]nnc1Cn1cnnn1,1,CCc1nnnn1Cc1cn(CC)nn1,matched_to_CHEMBL1328169,207.241,-0.10480000000000067,0,7,74.31,4,0,CHEMBL1328169,6.789940000000006,0.12280701754385964,,,,
ZINCf5000000apUs,O=C(N1CCC(CF)CC1)C1(O)COC1,decoy,local_zinc_pool,,,O=C(C1COC1)N1CCCCC1,1,O=C(N1CCC(CF)CC1)C1(O)COC1,matched_to_CHEMBL1586252,217.23999999999995,-0.04420000000000024,1,3,49.77000000000001,2,0,CHEMBL1586252,4.520773333333335,0.10526315789473684,,,,
ZINCf5000000akfl,NC[C@@H]1OCC[C@H]1C(=O)NS(=O)(=O)CI,decoy,local_zinc_pool,,,C1CCOC1,1,NC[C@@H]1OCC[C@H]1C(=O)NS(=O)(=O)CI,matched_to_CHEMBL1594369,348.162,-0.8113000000000001,2,5,98.48999999999998,4,0,CHEMBL1594369,4.550240000000001,0.14606741573033707,,,,
ZINCf50000017HS4,COC(=O)/C=C(\\O)N=[S@](C)(=O)CCCO,decoy,local_zinc_pool,,,,1,COC(=O)/C=C(\O)N=[S@](C)(=O)CCCO,matched_to_CHEMBL2003819,237.27699999999996,0.03899999999999998,2,6,96.19000000000001,5,0,CHEMBL2003819,4.819573333333335,0.1323529411764706,,,,
ZINCf50000008Yj6,CCN=C(NCC)NCCCS(C)(=O)=O,decoy,local_zinc_pool,,,,1,CCN=C(NCC)NCCCS(C)(=O)=O,matched_to_CHEMBL3315194,235.35299999999995,-0.0038999999999984603,2,3,70.56,6,0,CHEMBL3315194,2.067873333333333,0.11594202898550725,,,,
ZINCf50000009Odb,C[C@@H]1C(=O)N(C)CN1S(=O)(=O)C1(C)CC1,decoy,local_zinc_pool,,,O=C1CN(S(=O)(=O)C2CC2)CN1,1,C[C@@H]1C(=O)N(C)CN1S(=O)(=O)C1(C)CC1,matched_to_CHEMBL1550591,232.30499999999995,-0.011299999999999866,0,3,57.690000000000005,2,0,CHEMBL1550591,3.0958466666666693,0.11267605633802817,,,,
ZINCf5000000Zs6C,CN(C)CCCOC(=O)Cn1nccn1,decoy,local_zinc_pool,,,c1cn[nH]n1,1,CN(C)CCCOC(=O)Cn1nccn1,matched_to_CHEMBL2431119,212.25300000000001,-0.2270000000000001,0,6,60.25,6,0,CHEMBL2431119,5.022463333333337,0.1774193548387097,,,,
ZINCf50000017Hff,CNS(=O)(=O)CC(C)=NOCCCOC,decoy,local_zinc_pool,,,,1,CNS(=O)(=O)CC(C)=NOCCCOC,matched_to_CHEMBL1966869,238.30899999999994,-0.035399999999999876,1,5,76.99000000000001,8,0,CHEMBL1966869,5.887293333333337,0.14473684210526316,,,,
ZINCf500000180z1,Cn1cc(CCNCc2nncs2)nn1,decoy,local_zinc_pool,,,c1nnc(CNCCc2c[nH]nn2)s1,1,Cn1cc(CCNCc2nncs2)nn1,matched_to_CHEMBL1438069,224.29300000000003,-0.0011000000000002674,1,7,68.52000000000001,5,0,CHEMBL1438069,3.8305433333333343,0.1506849315068493,,,,
ZINCf50000009Dpv,CO[C@@](C)(CNCCS(N)(=O)=O)C1CC1,decoy,local_zinc_pool,,,C1CC1,1,CO[C@@](C)(CNCCS(N)(=O)=O)C1CC1,matched_to_CHEMBL3315223,236.33699999999996,-0.3203999999999987,2,4,81.41999999999999,7,0,CHEMBL3315223,5.0984933333333355,0.1111111111111111,,,,
ZINCf50000009FOq,CS(=O)(=O)CCS(=O)(=O)N1CCCSC1,decoy,local_zinc_pool,,,C1CNCSC1,1,CS(=O)(=O)CCS(=O)(=O)N1CCCSC1,matched_to_CHEMBL1611686,273.401,-0.24279999999999968,0,5,71.52,4,0,CHEMBL1611686,5.569450000000003,0.08571428571428572,,,,
ZINCf5000002rxR3,C[C@@H](C(=O)N=S(C)(C)=O)N1CCOCC1,decoy,local_zinc_pool,,,C1COCCN1,1,C[C@@H](C(=O)N=S(C)(C)=O)N1CCOCC1,matched_to_CHEMBL1595121,234.32099999999994,-0.03869999999999951,0,4,58.97,2,0,CHEMBL1595121,4.237193333333336,0.11290322580645161,,,,
ZINCf5000002roBj,C[C@H]1CCN(CC(=O)N(C)C)C[C@H]1CN,decoy,local_zinc_pool,,,C1CCNCC1,1,C[C@H]1CCN(CC(=O)N(C)C)C[C@H]1CN,matched_to_CHEMBL1340713,213.32499999999996,-0.008699999999998487,1,3,49.57000000000001,3,0,CHEMBL1340713,3.108366666666667,0.12359550561797752,,,,
ZINCf5000000aiop,NCC1(CNC(=O)c2csc(O)n2)CC1,decoy,local_zinc_pool,,,O=C(NCC1CC1)c1cscn1,1,NCC1(CNC(=O)c2csc(O)n2)CC1,matched_to_CHEMBL1453900,227.28899999999993,0.31739999999999957,3,5,88.24,4,0,CHEMBL1453900,4.321206666666669,0.18309859154929578,,,,
ZINCf5000002rhTV,CC(C)OC[C@H](O)CNC[C@@H](O)CC#N,decoy,local_zinc_pool,,,,1,CC(C)OC[C@H](O)CNC[C@@H](O)CC#N,matched_to_CHEMBL3315204,216.28099999999998,-0.3635200000000003,3,5,85.50999999999999,8,0,CHEMBL3315204,5.846616666666671,0.13333333333333333,,,,
ZINCf50000008ZVE,CCNCc1noc(-c2cnnn2C)n1,decoy,local_zinc_pool,,,c1noc(-c2cnn[nH]2)n1,1,CCNCc1noc(-c2cnnn2C)n1,matched_to_CHEMBL1461496,208.22500000000002,-0.02540000000000031,1,7,81.66000000000001,4,0,CHEMBL1461496,4.718870000000002,0.15,,,,
ZINCf5000001onov,CS(=O)(=O)O[C@@H]1CSC[C@@H]1OS(C)(=O)=O,decoy,local_zinc_pool,,,C1CCSC1,1,CS(=O)(=O)O[C@H]1CSC[C@H]1OS(C)(=O)=O,matched_to_CHEMBL1387563,276.357,-0.5771999999999999,0,7,86.74000000000001,4,0,CHEMBL1387563,5.1978966666666695,0.1,,,,
ZINCf5000000a1zq,C[C@H]1CCN(C(=O)[C@@H]2CN(C)C(=O)N2)C1,decoy,local_zinc_pool,,,O=C1NCC(C(=O)N2CCCC2)N1,1,C[C@H]1CCN(C(=O)[C@@H]2CN(C)C(=O)N2)C1,matched_to_CHEMBL1321527,211.26499999999996,-0.12159999999999943,1,2,52.650000000000006,1,0,CHEMBL1321527,2.2322066666666673,0.1411764705882353,,,,
ZINCf5000000a3Le,C[C@H]1C[C@H](O)CN(CCn2ccnn2)C1,decoy,local_zinc_pool,,,c1cn(CCN2CCCCC2)nn1,1,C[C@H]1C[C@H](O)CN(CCn2ccnn2)C1,matched_to_CHEMBL1385214,210.281,-0.019200000000000106,1,5,54.18,3,0,CHEMBL1385214,3.309190000000002,0.1411764705882353,,,,
ZINCf50000023B35,NCC1CN(C(=O)C2CCSC2)CCO1,decoy,local_zinc_pool,,,O=C(C1CCSC1)N1CCOCC1,1,NCC1CN(C(=O)C2CCSC2)CCO1,matched_to_CHEMBL1369296,230.33299999999994,-0.07440000000000024,1,4,55.56,2,0,CHEMBL1369296,3.136666666666668,0.16666666666666666,,,,
ZINCf50000017N7P,CO[C@@H](C)CS(=O)(=O)NCc1cnns1,decoy,local_zinc_pool,,,c1csnn1,1,CO[C@@H](C)CS(=O)(=O)NCc1cnns1,matched_to_CHEMBL1995726,251.33300000000003,-0.007599999999999996,1,6,81.18,6,0,CHEMBL1995726,4.087433333333335,0.15492957746478872,,,,
ZINCf5000000WC2R,O=C(NC[C@@H](O)C(F)(F)F)C1CC(O)C1,decoy,local_zinc_pool,,,C1CCC1,1,O=C(NC[C@@H](O)C(F)(F)F)C1CC(O)C1,matched_to_CHEMBL1608453,227.18199999999996,-0.20329999999999998,3,3,69.56,3,0,CHEMBL1608453,3.8957633333333352,0.1206896551724138,,,,
ZINCf50000009eMq,CN(CCN(C)S(=O)(=O)N(C)C)C1CC1,decoy,local_zinc_pool,,,C1CC1,1,CN(CCN(C)S(=O)(=O)N(C)C)C1CC1,matched_to_CHEMBL1586169,235.35299999999995,-0.18119999999999847,0,3,43.86000000000001,6,0,CHEMBL1586169,5.2112966666666685,0.1076923076923077,,,,
ZINCf5000000azI3,[N-]=[N+]=NCC(=O)Nc1nnc(C(N)=O)s1,decoy,local_zinc_pool,,,c1nncs1,1,[N-]=[N+]=NCC(=O)Nc1nnc(C(N)=O)s1,matched_to_CHEMBL1493442,227.20899999999997,-0.11419999999999975,2,6,146.73000000000002,4,0,CHEMBL1493442,8.32783666666667,0.25396825396825395,,,,
ZINCf5000002s3gP,COCC1CN(S(=O)(=O)[C@H]2CCOC2)C1,decoy,local_zinc_pool,,,O=S(=O)(C1CCOC1)N1CCC1,1,COCC1CN(S(=O)(=O)[C@H]2CCOC2)C1,matched_to_CHEMBL1325640,235.30499999999995,-0.31669999999999954,0,4,55.84,4,0,CHEMBL1325640,2.4726800000000013,0.12359550561797752,,,,
ZINCf5000002rvPA,C[C@H](CNC(=O)[C@@H](N)CCCN)N=[N+]=[N-],decoy,local_zinc_pool,,,,1,C[C@H](CNC(=O)[C@@H](N)CCCN)N=[N+]=[N-],matched_to_CHEMBL463811,214.27299999999997,-0.1323999999999993,3,4,129.9,7,0,CHEMBL463811,7.3147333333333355,0.11940298507462686,,,,
ZINCf5000002efUn,NC(=O)COCCNC(=O)[C@@H]1C[C@]1(F)Br,decoy,local_zinc_pool,,,C1CC1,1,NC(=O)COCCNC(=O)[C@@H]1C[C@]1(F)Br,matched_to_CHEMBL294989,283.097,-0.31489999999999996,2,3,81.42000000000002,6,0,CHEMBL294989,3.8276766666666697,0.12903225806451613,,,,
ZINCf50000017r2B,CC(=O)NCCSCCCCS(N)(=O)=O,decoy,local_zinc_pool,,,,1,CC(=O)NCCSCCCCS(N)(=O)=O,matched_to_CHEMBL462830,254.37699999999995,-0.07559999999999956,2,4,89.25999999999999,8,0,CHEMBL462830,7.438526666666671,0.16216216216216217,,,,
ZINCf5000000acD4,Cn1nnc(C[S@](=O)CCOC2CC2)n1,decoy,local_zinc_pool,,,O=S(CCOC1CC1)Cc1nn[nH]n1,1,Cn1nnc(C[S@](=O)CCOC2CC2)n1,matched_to_CHEMBL2431120,230.29299999999995,-0.3622000000000001,0,6,69.9,6,0,CHEMBL2431120,5.614733333333339,0.1111111111111111,,,,
ZINCf5000001YykT,COCC(C)CS(=O)(=O)NCC1(N)CC1,decoy,local_zinc_pool,,,C1CC1,1,COCC(C)CS(=O)(=O)NCC1(N)CC1,matched_to_CHEMBL3315193,236.33699999999996,-0.3203999999999978,2,4,81.42,7,0,CHEMBL3315193,5.098493333333335,0.11594202898550725,,,,
ZINCf5000002e3HL,COCCCCN(CC(=O)O)CC(=O)O,decoy,local_zinc_pool,,,,1,COCCCCN(CC(=O)O)CC(=O)O,matched_to_CHEMBL3099769,219.237,-0.11579999999999907,2,4,87.07000000000001,9,0,CHEMBL3099769,7.677323333333337,0.15942028985507245,,,,
ZINCf5000001ErXr,COC(C)CS(=O)(=O)NCC1(CN)CC1,decoy,local_zinc_pool,,,C1CC1,1,COC(C)CS(=O)(=O)NCC1(CN)CC1,matched_to_CHEMBL3315203,236.33699999999996,-0.3203999999999987,2,4,81.42,7,0,CHEMBL3315203,5.098493333333336,0.1076923076923077,,,,
ZINCf50000017yeH,CCOC1(S(=O)(=O)c2nnn(C)n2)CC1,decoy,local_zinc_pool,,,O=S(=O)(c1nn[nH]n1)C1CC1,1,CCOC1(S(=O)(=O)c2nnn(C)n2)CC1,matched_to_CHEMBL1301125,232.265,-0.48960000000000026,0,7,86.97000000000001,4,0,CHEMBL1301125,6.0503666666666716,0.1232876712328767,,,,
ZINCf5000001shJH,COCC(C)S(=O)(=O)NCC1(CN)CC1,decoy,local_zinc_pool,,,C1CC1,1,COCC(C)S(=O)(=O)NCC1(CN)CC1,matched_to_CHEMBL3315221,236.33699999999996,-0.3203999999999987,2,4,81.42,7,0,CHEMBL3315221,5.098493333333336,0.11392405063291139,,,,
ZINCf5000000axnZ,O=S(=O)(NCCCCCO)c1cnn[nH]1,decoy,local_zinc_pool,,,c1c[nH]nn1,1,O=S(=O)(NCCCCCO)c1cnn[nH]1,matched_to_CHEMBL1323442,234.281,-0.7544000000000006,3,5,107.97,7,0,CHEMBL1323442,5.574826666666668,0.125,,,,
ZINCf50000009LXr,C[C@@H](NC(=O)CCCON)c1ncon1,decoy,local_zinc_pool,,,c1ncon1,1,C[C@@H](NC(=O)CCCON)c1ncon1,matched_to_CHEMBL3099777,214.225,-0.0827000000000001,2,6,103.27,6,0,CHEMBL3099777,8.179523333333336,0.19736842105263158,,,,
ZINCf50000009BLu,CONC(=O)Cn1c([N+](=O)[O-])cnc1C,decoy,local_zinc_pool,,,c1c[nH]cn1,1,CONC(=O)Cn1c([N+](=O)[O-])cnc1C,matched_to_CHEMBL1490404,214.18099999999998,-0.22268000000000066,1,6,99.28999999999999,4,0,CHEMBL1490404,4.529236666666669,0.23880597014925373,,,,
ZINCf50000009FFW,CS(=O)(=O)CCCOC(=O)CS(C)(=O)=O,decoy,local_zinc_pool,,,,1,CS(=O)(=O)CCCOC(=O)CS(C)(=O)=O,matched_to_CHEMBL1611170,258.317,-0.9910999999999988,0,6,94.58000000000001,6,0,CHEMBL1611170,6.6075,0.15789473684210525,,,,
ZINCf5000002myVr,C[C@H](CS(C)(=O)=O)N[C@@H]1C[C@@H]2CC[C@H]1N2,decoy,local_zinc_pool,,,C1CC2CCC1N2,1,C[C@H](CS(C)(=O)=O)N[C@@H]1C[C@@H]2CC[C@H]1N2,matched_to_CHEMBL1600146,232.349,-0.09799999999999892,2,4,58.2,4,0,CHEMBL1600146,1.8700466666666666,0.12643678160919541,,,,
ZINCf5000002aSDG,COC(=O)c1nnc(CNC[C@@H](C)O)s1,decoy,local_zinc_pool,,,c1nncs1,1,COC(=O)c1nnc(CNC[C@@H](C)O)s1,matched_to_CHEMBL1468368,231.27700000000002,-0.20490000000000003,2,7,84.34,5,0,CHEMBL1468368,4.425360000000001,0.1864406779661017,,,,
ZINCf5000001pnpK,COCCS(=O)(=O)NCC(N)C1CCC1,decoy,local_zinc_pool,,,C1CCC1,1,COCCS(=O)(=O)NCC(N)C1CCC1,matched_to_CHEMBL3315213,236.33699999999996,-0.3203999999999989,2,4,81.42,7,0,CHEMBL3315213,5.5697300000000025,0.11267605633802817,,,,
ZINCf5000001B6mr,CCOCC(C)CS(=O)(=O)N[C@@H]1C[C@H]1N,decoy,local_zinc_pool,,,C1CC1,1,CCOCC(C)CS(=O)(=O)N[C@@H]1C[C@H]1N,matched_to_CHEMBL3315202,236.337,-0.32199999999999757,2,4,81.42,7,0,CHEMBL3315202,5.099560000000002,0.12307692307692308,,,,
ZINCf5000000abGT,Cn1nc(I)cc1C(=O)N1CCOCN1,decoy,local_zinc_pool,,,O=C(c1ccn[nH]1)N1CCOCN1,1,Cn1nc(I)cc1C(=O)N1CCOCN1,matched_to_CHEMBL1546134,322.1060000000001,-0.04079999999999989,1,5,59.39,1,0,CHEMBL1546134,3.481180000000001,0.15,,,,
ZINCf5000000adA3,N#CCCCn1cc(CNCCO)nn1,decoy,local_zinc_pool,,,c1c[nH]nn1,1,N#CCCCn1cc(CNCCO)nn1,matched_to_CHEMBL3315209,209.253,-0.33622000000000013,2,6,86.76,7,0,CHEMBL3315209,5.96044666666667,0.11594202898550725,,,,
ZINCf5000002rKN0,CCOCC[C@H](O)CNC[C@H](CO)OC,decoy,local_zinc_pool,,,,1,CCOCC[C@H](O)CNC[C@H](CO)OC,matched_to_CHEMBL1538066,221.29699999999997,-0.6291999999999986,3,5,70.95,10,0,CHEMBL1538066,7.046930000000004,0.1111111111111111,,,,
ZINCf500000093F6,CCSCC(=O)N(C)Cc1nnnn1C,decoy,local_zinc_pool,,,c1nnn[nH]1,1,CCSCC(=O)N(C)Cc1nnnn1C,matched_to_CHEMBL2431121,229.309,-0.07840000000000025,0,6,63.910000000000004,5,0,CHEMBL2431121,6.496446666666671,0.12698412698412698,,,,
ZINCf5000002myVd,C[C@H](CSCCc1nn[nH]n1)S(C)(=O)=O,decoy,local_zinc_pool,,,c1nn[nH]n1,1,C[C@H](CSCCc1nn[nH]n1)S(C)(=O)=O,matched_to_CHEMBL1597454,250.34900000000002,-0.09150000000000008,1,6,88.6,6,0,CHEMBL1597454,7.99057666666667,0.18292682926829268,,,,
ZINCf5000000ZtiG,COCc1noc(=O)n1C[C@H](C)N(C)C,decoy,local_zinc_pool,,,O=c1[nH]cno1,1,COCc1noc(=O)n1C[C@H](C)N(C)C,matched_to_CHEMBL1446377,215.253,-0.0671999999999997,0,6,60.50000000000001,5,0,CHEMBL1446377,6.092803333333337,0.13333333333333333,,,,
ZINCf50000009KSx,C[C@@H](C[N+](=O)[O-])OC(=O)c1cnnn1C,decoy,local_zinc_pool,,,c1c[nH]nn1,1,C[C@@H](C[N+](=O)[O-])OC(=O)c1cnnn1C,matched_to_CHEMBL1547420,214.18099999999998,-0.3629000000000002,0,7,100.15,4,0,CHEMBL1547420,7.117033333333335,0.20833333333333334,,,,
ZINCf50000009Xjr,C[C@H](N)CN(C)C(=O)c1nn(C)nc1Br,decoy,local_zinc_pool,,,c1cn[nH]n1,1,C[C@H](N)CN(C)C(=O)c1nn(C)nc1Br,matched_to_CHEMBL1312502,276.138,-0.0032000000000000917,1,5,77.04,3,0,CHEMBL1312502,5.577893333333337,0.15625,,,,
ZINCf500000091nk,CCOCC(=O)O[C@H](C)c1nnnn1C,decoy,local_zinc_pool,,,c1nnn[nH]1,1,CCOCC(=O)O[C@H](C)c1nnnn1C,matched_to_CHEMBL1328169,214.225,-0.14920000000000044,0,7,79.13,5,0,CHEMBL1328169,6.183300000000006,0.16666666666666666,,,,
ZINCf5000000avM8,O=C1C[C@@]2(CCN(S(=O)(=O)CBr)C2)CN1,decoy,local_zinc_pool,,,O=C1CC2(CCNC2)CN1,1,O=C1C[C@@]2(CCN(S(=O)(=O)CBr)C2)CN1,matched_to_CHEMBL1586252,297.17400000000004,-0.11939999999999967,1,3,66.48,2,0,CHEMBL1586252,4.439966666666667,0.10256410256410256,,,,
ZINCf5000000az2X,OC[C@H](O)Cn1cnc(-c2nccs2)n1,decoy,local_zinc_pool,,,c1csc(-c2nc[nH]n2)n1,1,OC[C@H](O)Cn1cnc(-c2nccs2)n1,matched_to_CHEMBL1594369,226.26100000000005,-0.2452000000000003,2,7,84.06,4,0,CHEMBL1594369,4.493050000000002,0.10989010989010989,,,,
ZINCf50000017OIu,CS(=O)(=O)C[C@H](O)CNCc1cnns1,decoy,local_zinc_pool,,,c1csnn1,1,CS(=O)(=O)C[C@H](O)CNCc1cnns1,matched_to_CHEMBL2003819,251.333,-0.9667999999999999,2,7,92.18,6,0,CHEMBL2003819,4.405946666666668,0.1506849315068493,,,,
ZINCf5000000907M,CCNS(=O)(=O)NCC[S@](=O)C(C)(C)C,decoy,local_zinc_pool,,,,1,CCNS(=O)(=O)NCC[S@](=O)C(C)(C)C,matched_to_CHEMBL3315194,256.393,-0.0224999999999993,2,3,75.27000000000001,6,0,CHEMBL3315194,1.9966733333333337,0.08860759493670886,,,,
ZINCf5000002s6dn,COC[C@@H]1CCCN1C(=O)C(=O)N(C)C,decoy,local_zinc_pool,,,C1CCNC1,1,COC[C@@H]1CCCN1C(=O)C(=O)N(C)C,matched_to_CHEMBL1550591,214.26500000000001,-0.2879999999999989,0,3,49.85,2,0,CHEMBL1550591,3.1663133333333344,0.13636363636363635,,,,
ZINCf50000017HJE,COC(=O)C(C(=O)OC)N(C)CCSC,decoy,local_zinc_pool,,,,1,COC(=O)C(C(=O)OC)N(C)CCSC,matched_to_CHEMBL2431119,235.30499999999998,-0.004200000000000204,0,6,55.84000000000001,6,0,CHEMBL2431119,4.795810000000004,0.15789473684210525,,,,
ZINCf50000009vNp,COCCS(=O)(=O)CCSc1nc[nH]n1,decoy,local_zinc_pool,,,c1nc[nH]n1,1,COCCS(=O)(=O)CCSc1nc[nH]n1,matched_to_CHEMBL1966869,251.333,-0.042000000000000204,1,6,84.94000000000001,7,0,CHEMBL1966869,5.443453333333337,0.16216216216216217,,,,
ZINCf500000090S2,CCOC(=O)[C@@H](C)NCc1cnn(C)n1,decoy,local_zinc_pool,,,c1cn[nH]n1,1,CCOC(=O)[C@@H](C)NCc1cnn(C)n1,matched_to_CHEMBL1438069,212.253,-0.14370000000000038,1,6,69.03999999999999,5,0,CHEMBL1438069,4.56681,0.19047619047619047,,,,
ZINCf500000097Fg,CC[C@H](CS(=O)(=O)N[C@H]1C[C@@H]1CN)OC,decoy,local_zinc_pool,,,C1CC1,1,CC[C@H](CS(=O)(=O)N[C@H]1C[C@@H]1CN)OC,matched_to_CHEMBL3315223,236.33699999999996,-0.3219999999999985,2,4,81.42,7,0,CHEMBL3315223,5.099560000000002,0.1044776119402985,,,,
ZINCf50000009Gh3,CS(C)(=O)=NS(=O)(=O)N1CCC[C@H]1C#N,decoy,local_zinc_pool,,,C1CCNC1,1,CS(C)(=O)=NS(=O)(=O)N1CCC[C@H]1C#N,matched_to_CHEMBL1611686,251.33299999999997,-0.05321999999999982,0,4,90.6,2,0,CHEMBL1611686,5.400543333333338,0.1111111111111111,,,,
ZINCf5000002dy8A,C#C[C@H]1SCCN1S(=O)(=O)N=S(C)(C)=O,decoy,local_zinc_pool,,,C1CSCN1,1,C#C[C@H]1SCCN1S(=O)(=O)N=S(C)(C)=O,matched_to_CHEMBL1595121,268.385,-0.033099999999999685,0,4,66.81,2,0,CHEMBL1595121,4.206420000000002,0.08928571428571429,,,,
ZINCf50000008YXY,CCNC(=O)CN1CC[S@](=O)[C@@H](C)[C@H]1C,decoy,local_zinc_pool,,,O=S1CCNCC1,1,CCNC(=O)CN1CC[S@](=O)[C@@H](C)[C@H]1C,matched_to_CHEMBL1340713,232.349,-0.0361999999999989,1,3,49.410000000000004,3,0,CHEMBL1340713,2.9404599999999994,0.1744186046511628,,,,
ZINCf50000024hVQ,N[C@@H](CO)CNC(=O)c1ccncc1I,decoy,local_zinc_pool,,,c1ccncc1,1,N[C@@H](CO)CNC(=O)c1ccncc1I,matched_to_CHEMBL1453900,321.11800000000005,-0.26439999999999975,3,4,88.24,4,0,CHEMBL1453900,4.270783333333333,0.2054794520547945,,,,
ZINCf50000009364,CCS(=O)(=O)CCC(=N)NO[C@H](F)CO,decoy,local_zinc_pool,,,,1,CCS(=O)(=O)CCC(=N)NO[C@H](F)CO,matched_to_CHEMBL3315204,242.27200000000002,-0.4024299999999998,3,5,99.48,7,0,CHEMBL3315204,5.8122466666666694,0.1095890410958904,,,,
ZINCf5000000aatP,Cn1cc(Cc2noc(CON)n2)cn1,decoy,local_zinc_pool,,,c1nc(Cc2cn[nH]c2)no1,1,Cn1cc(Cc2noc(CON)n2)cn1,matched_to_CHEMBL1461496,209.209,-0.21580000000000016,1,7,91.99,4,0,CHEMBL1461496,4.874763333333335,0.12987012987012986,,,,
ZINCf5000002s7lt,COC[C@@H](C#N)OC(=O)[C@@H]1COC(=O)C1,decoy,local_zinc_pool,,,O=C1CCCO1,1,COC[C@@H](C#N)OC(=O)[C@@H]1COC(=O)C1,matched_to_CHEMBL1387563,213.18899999999996,-0.36871999999999994,0,6,85.62,4,0,CHEMBL1387563,5.235390000000004,0.18421052631578946,,,,
ZINCf5000002aktu,O=C1C[C@@H](C(=O)N2CC3CC(C3)C2)CN1,decoy,local_zinc_pool,,,O=C1CC(C(=O)N2CC3CC(C3)C2)CN1,1,O=C1C[C@@H](C(=O)N2CC3CC(C3)C2)CN1,matched_to_CHEMBL1321527,208.26099999999997,-0.00909999999999983,1,2,49.410000000000004,1,0,CHEMBL1321527,2.057646666666667,0.16071428571428573,,,,
ZINCf50000009L3d,C[C@@H](F)CN1CCn2c(CO)nnc2C1,decoy,local_zinc_pool,,,c1nnc2n1CCNC2,1,C[C@@H](F)CN1CCn2c(CO)nnc2C1,matched_to_CHEMBL1385214,214.244,-0.055999999999999994,1,5,54.18,3,0,CHEMBL1385214,3.294093333333335,0.11627906976744186,,,,
ZINCf50000021YwD,CC(C(=O)O)N1CCOC2(CCOC2)C1,decoy,local_zinc_pool,,,C1COC2(CCOC2)CN1,1,CC(C(=O)O)N1CCOC2(CCOC2)C1,matched_to_CHEMBL1369296,215.24899999999994,-0.049199999999999466,1,4,59.0,2,0,CHEMBL1369296,3.1419066666666677,0.13846153846153847,,,,
ZINCf50000024Zmb,CCC[C@H](O)C(=O)OCCn1cnnn1,decoy,local_zinc_pool,,,c1nnn[nH]1,1,CCC[C@H](O)C(=O)OCCn1cnnn1,matched_to_CHEMBL1995726,214.225,-0.6227000000000003,1,7,90.13,6,0,CHEMBL1995726,4.196980000000002,0.1506849315068493,,,,
ZINCf5000000WB1j,C[C@@](O)(C(=O)NC1(CO)CC1)C(F)(F)F,decoy,local_zinc_pool,,,C1CC1,1,C[C@@](O)(C(=O)NC1(CO)CC1)C(F)(F)F,matched_to_CHEMBL1608453,227.18199999999996,-0.059200000000000585,3,3,69.56,3,0,CHEMBL1608453,3.799696666666669,0.12280701754385964,,,,
ZINCf50000009vJF,COCCO[C@H](C)C(=O)N1CC(OC)C1,decoy,local_zinc_pool,,,C1CNC1,1,COCCO[C@H](C)C(=O)N1CC(OC)C1,matched_to_CHEMBL1586169,217.26499999999996,-0.10489999999999977,0,4,48.0,6,0,CHEMBL1586169,4.968510000000003,0.14516129032258066,,,,
ZINCf50000017KWb,COCCn1nnnc1SC[C@@H](F)CO,decoy,local_zinc_pool,,,c1nnn[nH]1,1,COCCn1nnnc1SC[C@@H](F)CO,matched_to_CHEMBL1493442,236.272,-0.25799999999999995,1,7,73.06,7,0,CHEMBL1493442,8.279873333333338,0.13414634146341464,,,,
ZINCf500000231AR,CN1CCN(S(=O)(=O)OCC(F)F)CC1,decoy,local_zinc_pool,,,C1CNCCN1,1,CN1CCN(S(=O)(=O)OCC(F)F)CC1,matched_to_CHEMBL1325640,244.26299999999992,-0.23970000000000002,0,4,49.85000000000001,4,0,CHEMBL1325640,2.2089666666666683,0.10666666666666667,,,,
ZINCf50000018crf,O=S(=O)(CCCCl)N[C@H](CO)CCCO,decoy,local_zinc_pool,,,,1,O=S(=O)(CCCCl)N[C@H](CO)CCCO,matched_to_CHEMBL463811,259.75499999999994,-0.33190000000000025,3,4,86.63000000000001,9,0,CHEMBL463811,7.723713333333336,0.0975609756097561,,,,
ZINCf50000008TEl,CCCCS(=O)(=O)NC[C@@H]1CNC(=O)C1,decoy,local_zinc_pool,,,O=C1CCCN1,1,CCCCS(=O)(=O)NC[C@@H]1CNC(=O)C1,matched_to_CHEMBL294989,234.32099999999997,-0.15799999999999942,2,3,75.27000000000001,6,0,CHEMBL294989,3.9936366666666685,0.13559322033898305,,,,
ZINCf5000000WArE,COC(=O)CCS(=O)(=O)NCCCCN,decoy,local_zinc_pool,,,,1,COC(=O)CCS(=O)(=O)NCCCCN,matched_to_CHEMBL462830,238.30899999999997,-0.7921999999999982,2,5,98.49,8,0,CHEMBL462830,7.207740000000003,0.1388888888888889,,,,
ZINCf5000000ZrA9,CC[C@H](OC)C(=O)OCCn1cnnn1,decoy,local_zinc_pool,,,c1nnn[nH]1,1,CC[C@H](OC)C(=O)OCCn1cnnn1,matched_to_CHEMBL2431120,214.225,-0.35870000000000024,0,7,79.13000000000001,6,0,CHEMBL2431120,5.642280000000004,0.1506849315068493,,,,
ZINCf50000009Cuy,CO[C@@H](C)CS(=O)(=O)NC[C@H](N)C1CC1,decoy,local_zinc_pool,,,C1CC1,1,CO[C@@H](C)CS(=O)(=O)NC[C@H](N)C1CC1,matched_to_CHEMBL3315193,236.337,-0.3219999999999985,2,4,81.42,7,0,CHEMBL3315193,5.099560000000001,0.13043478260869565,,,,
ZINCf50000024C21,[N-]=[N+]=NCCCOCC(=O)NOCCO,decoy,local_zinc_pool,,,,1,[N-]=[N+]=NCCCOCC(=O)NOCCO,matched_to_CHEMBL3099769,218.213,-0.25649999999999984,2,5,116.55000000000001,9,0,CHEMBL3099769,7.211763333333338,0.1232876712328767,,,,
ZINCf5000002mA0U,CCOC[C@@H](C)CS(=O)(=O)N[C@@H]1C[C@@H]1N,decoy,local_zinc_pool,,,C1CC1,1,CCOC[C@@H](C)CS(=O)(=O)N[C@@H]1C[C@@H]1N,matched_to_CHEMBL3315203,236.337,-0.32199999999999757,2,4,81.42,7,0,CHEMBL3315203,5.099560000000002,0.12307692307692308,,,,
ZINCf5000000YbCR,Cn1nccc1C(=O)OCCS(C)(=O)=O,decoy,local_zinc_pool,,,c1cn[nH]c1,1,Cn1nccc1C(=O)OCCS(C)(=O)=O,matched_to_CHEMBL1301125,232.26099999999997,-0.37849999999999984,0,6,78.26,4,0,CHEMBL1301125,6.496740000000004,0.16901408450704225,,,,
ZINCf50000009E1n,CO[C@H](C)CS(=O)(=O)NC[C@H](N)C1CC1,decoy,local_zinc_pool,,,C1CC1,1,CO[C@H](C)CS(=O)(=O)NC[C@H](N)C1CC1,matched_to_CHEMBL3315221,236.337,-0.3219999999999985,2,4,81.42,7,0,CHEMBL3315221,5.099560000000003,0.13043478260869565,,,,
ZINCf50000009363,CCS(=O)(=O)CCC(=N)NO[C@@H](F)CO,decoy,local_zinc_pool,,,,1,CCS(=O)(=O)CCC(=N)NO[C@@H](F)CO,matched_to_CHEMBL1323442,242.27200000000002,-0.4024299999999998,3,5,99.48,7,0,CHEMBL1323442,5.599870000000001,0.1095890410958904,,,,
ZINCf5000000Zz1e,OCCOCCOCCSc1nc[nH]n1,decoy,local_zinc_pool,,,c1nc[nH]n1,1,OCCOCCOCCSc1nc[nH]n1,matched_to_CHEMBL3099777,233.29300000000003,-0.07770000000000005,2,6,80.26,9,0,CHEMBL3099777,7.405910000000004,0.1232876712328767,,,,
ZINCf50000009rEa,COC(=O)[C@H](C)ONC(=O)c1csnn1,decoy,local_zinc_pool,,,c1csnn1,1,COC(=O)[C@H](C)ONC(=O)c1csnn1,matched_to_CHEMBL1490404,231.233,-0.23900000000000027,1,7,90.41,4,0,CHEMBL1490404,4.224796666666668,0.2,,,,
ZINCf5000001tSLN,CCOCCOCC(=O)OCCOC=O,decoy,local_zinc_pool,,,,1,CCOCCOCC(=O)OCCOC=O,matched_to_CHEMBL1611170,220.22099999999998,-0.24430000000000063,0,6,71.06,10,0,CHEMBL1611170,5.431393333333336,0.2727272727272727,,,,
ZINCf5000002rT8E,CN(CC1=CCSC1)C(=O)[C@@](C)(O)CO,decoy,local_zinc_pool,,,C1=CCSC1,1,CN(CC1=CCSC1)C(=O)[C@@](C)(O)CO,matched_to_CHEMBL1600146,231.31699999999995,-0.13870000000000016,2,4,60.77000000000001,4,0,CHEMBL1600146,1.8047000000000009,0.1323529411764706,,,,
ZINCf5000000ZsP2,CNS(=O)(=O)CCSc1nncc(O)n1,decoy,local_zinc_pool,,,c1cnncn1,1,CNS(=O)(=O)CCSc1nncc(O)n1,matched_to_CHEMBL1468368,250.305,-0.7815000000000003,2,7,105.07000000000001,5,0,CHEMBL1468368,3.790280000000001,0.1527777777777778,,,,
ZINCf50000009wm2,COCC[C@H](C)S(=O)(=O)N[C@H]1C[C@@H]1CN,decoy,local_zinc_pool,,,C1CC1,1,COCC[C@H](C)S(=O)(=O)N[C@H]1C[C@@H]1CN,matched_to_CHEMBL3315213,236.337,-0.32199999999999845,2,4,81.42,7,0,CHEMBL3315213,5.570796666666669,0.12307692307692308,,,,
ZINCf50000017KOB,COCC[C@@H](C)S(=O)(=O)NC[C@@H]1C[C@H]1N,decoy,local_zinc_pool,,,C1CC1,1,COCC[C@@H](C)S(=O)(=O)NC[C@@H]1C[C@H]1N,matched_to_CHEMBL3315202,236.337,-0.32199999999999845,2,4,81.42,7,0,CHEMBL3315202,5.099560000000003,0.12307692307692308,,,,
ZINCf50000009q6p,COC(=O)C[C@@H]1C(=O)NCCN1CCI,decoy,local_zinc_pool,,,O=C1CNCCN1,1,COC(=O)C[C@@H]1C(=O)NCCN1CCI,matched_to_CHEMBL1546134,326.13399999999996,-0.21509999999999985,1,4,58.64000000000001,4,0,CHEMBL1546134,3.578300000000002,0.17105263157894737,,,,
ZINCf5000000ZwXi,N#CCNCc1cn(CCCCN)nn1,decoy,local_zinc_pool,,,c1c[nH]nn1,1,N#CCNCc1cn(CCCCN)nn1,matched_to_CHEMBL3315209,208.26899999999998,-0.3698199999999993,2,6,92.55,7,0,CHEMBL3315209,5.761086666666669,0.11688311688311688,,,,
ZINCf5000002sikl,CSCCOCC(=O)NC[C@H](O)CCN,decoy,local_zinc_pool,,,,1,CSCCOCC(=O)NC[C@H](O)CCN,matched_to_CHEMBL1538066,236.337,-0.808099999999998,3,5,84.58,9,0,CHEMBL1538066,6.970596666666669,0.13513513513513514,,,,
ZINCf50000009KTI,C[C@@H](C[S@@](C)=O)N(C)CCn1cncn1,decoy,local_zinc_pool,,,c1nc[nH]n1,1,C[C@@H](C[S@@](C)=O)N(C)CCn1cncn1,matched_to_CHEMBL2431121,230.337,-0.023099999999999676,0,5,51.02,6,0,CHEMBL2431121,6.648100000000005,0.11392405063291139,,,,
ZINCf500000285NH,CCn1nnc(CNC(=O)CN=[N+]=[N-])n1,decoy,local_zinc_pool,,,c1nn[nH]n1,1,CCn1nnc(CNC(=O)CN=[N+]=[N-])n1,matched_to_CHEMBL1597454,210.201,-0.38050000000000006,1,6,121.46000000000001,5,0,CHEMBL1597454,7.855923333333338,0.14666666666666667,,,,
ZINCf5000000Zs6D,CN(C)CCCOC(=O)Cn1ncnn1,decoy,local_zinc_pool,,,c1nn[nH]n1,1,CN(C)CCCOC(=O)Cn1ncnn1,matched_to_CHEMBL1446377,213.241,-0.8319999999999994,0,7,73.14,6,0,CHEMBL1446377,6.128390000000004,0.1518987341772152,,,,
ZINCf50000009KIU,C[C@@H](COC(=O)c1cnn(C)n1)[N+](=O)[O-],decoy,local_zinc_pool,,,c1cn[nH]n1,1,C[C@@H](COC(=O)c1cnn(C)n1)[N+](=O)[O-],matched_to_CHEMBL1547420,214.18099999999998,-0.3628999999999998,0,7,100.15,4,0,CHEMBL1547420,7.117033333333335,0.22535211267605634,,,,
ZINCf50000018ctq,O=S(=O)(CCl)NCC1=NO[C@@H]2COC[C@H]12,decoy,local_zinc_pool,,,C1=NOC2COCC12,1,O=S(=O)(CCl)NCC1=NO[C@@H]2COC[C@H]12,matched_to_CHEMBL1312502,254.69499999999996,-0.49670000000000014,1,5,76.99000000000001,4,0,CHEMBL1312502,5.623323333333339,0.1038961038961039,,,,
ZINCf50000009vem,COCCOC(=O)Cn1cc(C#N)cn1,decoy,local_zinc_pool,,,c1cn[nH]c1,1,COCCOC(=O)Cn1cc(C#N)cn1,matched_to_CHEMBL1328169,209.205,-0.05562000000000045,0,6,77.14,5,0,CHEMBL1328169,6.6243133333333395,0.18666666666666668,,,,
ZINCf5000001og7B,CN(CCC(=O)O)Cc1cccc(Br)c1,decoy,local_zinc_pool,,,c1ccccc1,1,CN(CCC(=O)O)Cc1cccc(Br)c1,matched_to_CHEMBL1586252,272.142,2.3556,1,2,40.540000000000006,5,0,CHEMBL1586252,4.4530866666666675,0.21666666666666667,,,,
ZINCf5000002rX8m,CN(C[C@@H](O)CN)C(=O)c1cc(I)on1,decoy,local_zinc_pool,,,c1cnoc1,1,CN(C[C@@H](O)CN)C(=O)c1cc(I)on1,matched_to_CHEMBL1594369,325.10600000000005,-0.32919999999999966,2,5,92.59,4,0,CHEMBL1594369,4.223400000000001,0.13924050632911392,,,,
ZINCf5000002e0CK,CNCCS(=O)(=O)N[C@@H](C)c1csnn1,decoy,local_zinc_pool,,,c1csnn1,1,CNCCS(=O)(=O)N[C@@H](C)c1csnn1,matched_to_CHEMBL2003819,250.34900000000002,-0.2621,2,6,83.98,6,0,CHEMBL2003819,4.773986666666668,0.14473684210526316,,,,
ZINCf5000001UqkI,CC(C)N(C)S(=O)(=O)NC(CO)C1CC1,decoy,local_zinc_pool,,,C1CC1,1,CC(C)N(C)S(=O)(=O)NC(CO)C1CC1,matched_to_CHEMBL3315194,236.337,-0.06810000000000005,2,3,69.64,6,0,CHEMBL3315194,2.137633333333334,0.13636363636363635,,,,
ZINCf50000009d8j,CN(C)S(=O)(=O)N1CCC2(CC1)COC2,decoy,local_zinc_pool,,,C1CC2(CCN1)COC2,1,CN(C)S(=O)(=O)N1CCC2(CC1)COC2,matched_to_CHEMBL1550591,234.3209999999999,-0.09479999999999933,0,3,49.85000000000001,2,0,CHEMBL1550591,2.8369533333333354,0.11764705882352941,,,,
ZINCf50000009eJR,CN(CCCS(C)(=O)=O)CC1OCCO1,decoy,local_zinc_pool,,,C1COCO1,1,CN(CCCS(C)(=O)=O)CC1OCCO1,matched_to_CHEMBL2431119,237.32099999999994,-0.27419999999999933,0,5,55.84,6,0,CHEMBL2431119,5.455650000000003,0.10227272727272728,,,,
ZINCf5000002rx2V,C[C@@H](CO)CS(=O)(=O)CCOCCC#N,decoy,local_zinc_pool,,,,1,C[C@@H](CO)CS(=O)(=O)CCOCCC#N,matched_to_CHEMBL1966869,235.30499999999995,-0.040120000000000156,1,5,87.38999999999999,8,0,CHEMBL1966869,5.504480000000005,0.1076923076923077,,,,
ZINCf500000180Jw,Cn1cnc(CCNCc2cnns2)n1,decoy,local_zinc_pool,,,c1nc(CCNCc2cnns2)n[nH]1,1,Cn1cnc(CCNCc2cnns2)n1,matched_to_CHEMBL1438069,224.29300000000003,-0.0011000000000002674,1,7,68.52000000000001,5,0,CHEMBL1438069,3.8305433333333343,0.14516129032258066,,,,
ZINCf50000017sU6,CC(C)OCCS(=O)(=O)NC[C@H]1C[C@H]1N,decoy,local_zinc_pool,,,C1CC1,1,CC(C)OCCS(=O)(=O)NC[C@H]1C[C@H]1N,matched_to_CHEMBL3315223,236.337,-0.32199999999999845,2,4,81.42,7,0,CHEMBL3315223,5.099560000000002,0.125,,,,
ZINCf5000002e8aF,COC(=O)C1(N(C)S(=O)(=O)CC#N)CC1,decoy,local_zinc_pool,,,C1CC1,1,COC(=O)C1(N(C)S(=O)(=O)CC#N)CC1,matched_to_CHEMBL1611686,232.26099999999997,-0.5228199999999998,0,5,87.47,4,0,CHEMBL1611686,5.529530000000004,0.21739130434782608,,,,
ZINCf50000017Y96,C[C@H]1COCCCN1S(=O)(=O)C1COC1,decoy,local_zinc_pool,,,O=S(=O)(C1COC1)N1CCCOCC1,1,C[C@H]1COCCCN1S(=O)(=O)C1COC1,matched_to_CHEMBL1595121,235.30499999999998,-0.1741999999999997,0,4,55.84,2,0,CHEMBL1595121,4.192486666666669,0.1044776119402985,,,,
ZINCf5000002rWLl,CN(C)[C@H](CO)C(=O)N1C[C@H]2[C@@H](Br)[C@H]2C1,decoy,local_zinc_pool,,,C1NCC2CC12,1,CN(C)[C@H](CO)C(=O)N1C[C@@H]2[C@H](Br)[C@@H]2C1,matched_to_CHEMBL1340713,277.16200000000003,-0.23939999999999984,1,3,43.78,3,0,CHEMBL1340713,2.852996666666667,0.1111111111111111,,,,
ZINCf50000017YSk,C[C@](N)(CO)C(=O)NC[C@@H]1CSCCS1,decoy,local_zinc_pool,,,C1CSCCS1,1,C[C@](N)(CO)C(=O)NC[C@@H]1CSCCS1,matched_to_CHEMBL1453900,250.38899999999995,-0.3390999999999995,3,5,75.35,4,0,CHEMBL1453900,4.325873333333336,0.12903225806451613,,,,
ZINCf5000002muQN,CCC[C@@H](CCO)N[C@H](C)CS(N)(=O)=O,decoy,local_zinc_pool,,,,1,CCC[C@@H](CCO)N[C@H](C)CS(N)(=O)=O,matched_to_CHEMBL3315204,238.35299999999998,-0.19589999999999852,3,4,92.41999999999999,8,0,CHEMBL3315204,5.737750000000003,0.1111111111111111,,,,
ZINCf50000017BEA,CCn1nnc(CNc2cnnn2C)n1,decoy,local_zinc_pool,,,c1nn[nH]c1NCc1nn[nH]n1,1,CCn1nnc(CNc2cnnn2C)n1,matched_to_CHEMBL1461496,208.229,-0.5664000000000002,1,8,86.34000000000002,4,0,CHEMBL1461496,4.392296666666669,0.13559322033898305,,,,
ZINCf5000002rwS5,C[C@@H](COC(=O)[C@H]1COCCO1)[N+](=O)[O-],decoy,local_zinc_pool,,,C1COCCO1,1,C[C@@H](COC(=O)[C@H]1COCCO1)[N+](=O)[O-],matched_to_CHEMBL1387563,219.19299999999996,-0.3897999999999999,0,6,87.9,4,0,CHEMBL1387563,5.098203333333338,0.16923076923076924,,,,
ZINCf5000000SP10,O=C1N[C@H]2CCN(C(=O)[C@@H]3C[C@@H]3F)[C@H]1C2,decoy,local_zinc_pool,,,O=C1NC2CCN(C(=O)C3CC3)C1C2,1,O=C1N[C@H]2CCN(C(=O)[C@@H]3C[C@@H]3F)[C@H]1C2,matched_to_CHEMBL1321527,212.224,-0.16620000000000035,1,2,49.410000000000004,1,0,CHEMBL1321527,2.1227500000000004,0.140625,,,,
ZINCf5000002dR3M,C=C(I)CN1CCNC(=O)[C@H]1C(=O)OC,decoy,local_zinc_pool,,,O=C1CNCCN1,1,C=C(I)CN1CCNC(=O)[C@H]1C(=O)OC,matched_to_CHEMBL1385214,324.11800000000005,-0.09150000000000036,1,4,58.64,3,0,CHEMBL1385214,3.1345800000000015,0.16666666666666666,,,,
ZINCf5000002e8Wq,COC(=O)[C@@H]1C(=O)NCCN1CC#CBr,decoy,local_zinc_pool,,,O=C1CNCCN1,1,COC(=O)[C@@H]1C(=O)NCCN1CC#CBr,matched_to_CHEMBL1369296,275.102,-0.6843999999999995,1,4,58.64000000000001,2,0,CHEMBL1369296,2.9724433333333335,0.15384615384615385,,,,
ZINCf50000009aYZ,CCn1nnnc1NC(=O)CSCC#N,decoy,local_zinc_pool,,,c1nnn[nH]1,1,CCn1nnnc1NC(=O)CSCC#N,matched_to_CHEMBL1995726,226.265,-0.11172000000000049,1,7,96.49000000000001,5,0,CHEMBL1995726,4.49032666666667,0.1746031746031746,,,,
ZINCf50000017Xeg,C[C@H](O)[C@H](NC(=O)C1(O)CC1)C(F)(F)F,decoy,local_zinc_pool,,,C1CC1,1,C[C@H](O)[C@H](NC(=O)C1(O)CC1)C(F)(F)F,matched_to_CHEMBL1608453,227.18199999999993,-0.0608000000000003,3,3,69.56,3,0,CHEMBL1608453,3.8007633333333355,0.16363636363636364,,,,
ZINCf50000009eWj,CN(CCN1CCOCC1)S(=O)(=O)CBr,decoy,local_zinc_pool,,,C1COCCN1,1,CN(CCN1CCOCC1)S(=O)(=O)CBr,matched_to_CHEMBL1586169,301.20599999999996,-0.06740000000000013,0,4,49.85,5,0,CHEMBL1586169,4.678100000000003,0.1111111111111111,,,,
ZINCf5000000ZroC,CCO[C@H](C)c1nc(CS(N)(=O)=O)no1,decoy,local_zinc_pool,,,c1ncon1,1,CCO[C@H](C)c1nc(CS(N)(=O)=O)no1,matched_to_CHEMBL1493442,235.265,-0.044399999999999884,1,6,108.31,5,0,CHEMBL1493442,8.237543333333338,0.13095238095238096,,,,
ZINCf5000002mCac,COC[C@H](C)S(=O)(=O)N1C[C@@H]2OCC[C@@H]21,decoy,local_zinc_pool,,,C1CC2NCC2O1,1,COC[C@H](C)S(=O)(=O)N1C[C@@H]2OCC[C@@H]21,matched_to_CHEMBL1325640,235.30499999999998,-0.1757999999999995,0,4,55.84,4,0,CHEMBL1325640,2.3787466666666672,0.13186813186813187,,,,
ZINCf5000000afYF,NC(=O)CCCCC(=O)NOCC(=O)O,decoy,local_zinc_pool,,,,1,NC(=O)CCCCC(=O)NOCC(=O)O,matched_to_CHEMBL463811,218.209,-0.8355000000000001,3,4,118.72000000000001,8,0,CHEMBL463811,7.691306666666669,0.15873015873015872,,,,
ZINCf5000002dlfk,C=C(Br)CN(C)C(=O)CNS(=O)(=O)NC,decoy,local_zinc_pool,,,,1,C=C(Br)CN(C)C(=O)CNS(=O)(=O)NC,matched_to_CHEMBL294989,300.178,-0.5927999999999995,2,3,78.51,6,0,CHEMBL294989,3.7257333333333356,0.11267605633802817,,,,
ZINCf5000002oI03,OCCOCCOCCN=c1nc[nH]s1,decoy,local_zinc_pool,,,N=c1nc[nH]s1,1,OCCOCCOCCN=c1nc[nH]s1,matched_to_CHEMBL462830,233.29300000000003,-0.6025999999999994,2,6,79.72999999999999,8,0,CHEMBL462830,7.3819000000000035,0.12,,,,
ZINCf5000002aOJl,CCn1nnc(CN(C)C[C@H]2CCO2)n1,decoy,local_zinc_pool,,,C1CC(CNCc2nn[nH]n2)O1,1,CCn1nnc(CN(C)C[C@H]2CCO2)n1,matched_to_CHEMBL2431120,211.26899999999998,-0.08630000000000049,0,6,56.07000000000001,5,0,CHEMBL2431120,5.878240000000006,0.14285714285714285,,,,
ZINCf5000002mwdP,CC[C@@H](COC)S(=O)(=O)NC[C@@H]1C[C@@H]1N,decoy,local_zinc_pool,,,C1CC1,1,CC[C@@H](COC)S(=O)(=O)NC[C@@H]1C[C@@H]1N,matched_to_CHEMBL3315193,236.337,-0.32199999999999845,2,4,81.42,7,0,CHEMBL3315193,5.099560000000001,0.10989010989010989,,,,
ZINCf5000000adGO,N#CCCSCC(=O)NCCOCCN,decoy,local_zinc_pool,,,,1,N#CCCSCC(=O)NCCOCCN,matched_to_CHEMBL3099769,231.32099999999994,-0.27521999999999924,2,5,88.14,9,0,CHEMBL3099769,7.119963333333338,0.12345679012345678,,,,
ZINCf50000017zxn,CC[C@@H](CS(=O)(=O)NC[C@H]1C[C@H]1N)OC,decoy,local_zinc_pool,,,C1CC1,1,CC[C@@H](CS(=O)(=O)NC[C@H]1C[C@H]1N)OC,matched_to_CHEMBL3315203,236.33699999999996,-0.3219999999999985,2,4,81.42,7,0,CHEMBL3315203,5.099560000000003,0.10989010989010989,,,,
ZINCf5000002e5sS,COCCn1ncc(-c2cn(C)nn2)n1,decoy,local_zinc_pool,,,c1[nH]nnc1-c1cn[nH]n1,1,COCCn1ncc(-c2cn(C)nn2)n1,matched_to_CHEMBL1301125,208.22500000000002,-0.28000000000000025,0,7,70.65,4,0,CHEMBL1301125,6.4758333333333375,0.17391304347826086,,,,
ZINCf5000002mx2n,CC(C)OCCS(=O)(=O)NC[C@@H]1C[C@@H]1N,decoy,local_zinc_pool,,,C1CC1,1,CC(C)OCCS(=O)(=O)NC[C@@H]1C[C@@H]1N,matched_to_CHEMBL3315221,236.337,-0.32199999999999845,2,4,81.42,7,0,CHEMBL3315221,5.099560000000003,0.125,,,,
ZINCf5000002aW7f,O=C(NOC[C@H](O)CO)c1ncoc1Br,decoy,local_zinc_pool,,,c1cocn1,1,O=C(NOC[C@H](O)CO)c1ncoc1Br,matched_to_CHEMBL1323442,281.062,-0.5483000000000002,3,6,104.82000000000001,5,0,CHEMBL1323442,5.595616666666668,0.17105263157894737,,,,
ZINCf50000027F9l,COCc1nc(SCc2nn[nH]n2)n[nH]1,decoy,local_zinc_pool,,,c1nc(SCc2nn[nH]n2)n[nH]1,1,COCc1nc(SCc2nn[nH]n2)n[nH]1,matched_to_CHEMBL3099777,227.25300000000004,-0.24350000000000016,2,7,105.26000000000002,5,0,CHEMBL3099777,8.076843333333336,0.13953488372093023,,,,
ZINCf5000000ZvLs,Cc1nc(COC(=O)c2cnn[nH]2)no1,decoy,local_zinc_pool,,,O=C(OCc1ncon1)c1cnn[nH]1,1,Cc1nc(COC(=O)c2cnn[nH]2)no1,matched_to_CHEMBL1490404,209.16500000000002,-0.1468800000000003,1,7,106.78999999999999,3,0,CHEMBL1490404,4.536063333333334,0.1891891891891892,,,,
ZINCf5000002aROo,COCc1noc([C@@H](C)n2cnnn2)n1,decoy,local_zinc_pool,,,c1noc(Cn2cnnn2)n1,1,COCc1noc([C@@H](C)n2cnnn2)n1,matched_to_CHEMBL1611170,210.197,-0.18820000000000014,0,8,91.75,4,0,CHEMBL1611170,6.666633333333335,0.1411764705882353,,,,
ZINCf50000009GGv,CSCCNC(=O)N1CCOC[C@@H]1CO,decoy,local_zinc_pool,,,C1COCCN1,1,CSCCNC(=O)N1CCOC[C@@H]1CO,matched_to_CHEMBL1600146,234.32099999999994,-0.24789999999999973,2,4,61.80000000000001,4,0,CHEMBL1600146,1.835060000000001,0.14130434782608695,,,,
ZINCf50000009g5d,CN(Cc1nnc(O)o1)C[C@H](O)CC#N,decoy,local_zinc_pool,,,c1nnco1,1,CN(Cc1nnc(O)o1)C[C@H](O)CC#N,matched_to_CHEMBL1468368,212.20899999999997,-0.5184200000000005,2,7,106.41,5,0,CHEMBL1468368,3.9422533333333356,0.1095890410958904,,,,
ZINCf5000002r7z7,CC[C@@H](COC)S(=O)(=O)NC[C@H]1C[C@H]1N,decoy,local_zinc_pool,,,C1CC1,1,CC[C@@H](COC)S(=O)(=O)NC[C@H]1C[C@H]1N,matched_to_CHEMBL3315213,236.337,-0.32199999999999845,2,4,81.42,7,0,CHEMBL3315213,5.570796666666669,0.10989010989010989,,,,
ZINCf5000002sbOm,CO[C@H](C)CS(=O)(=O)NC[C@@H](N)C1CC1,decoy,local_zinc_pool,,,C1CC1,1,CO[C@H](C)CS(=O)(=O)NC[C@@H](N)C1CC1,matched_to_CHEMBL3315202,236.337,-0.3219999999999985,2,4,81.42,7,0,CHEMBL3315202,5.099560000000003,0.13043478260869565,,,,
ZINCf5000001TsJk,O=S(=O)(CBr)N1C[C@H]2CCO[C@@]2(CO)C1,decoy,local_zinc_pool,,,C1CC2CNCC2O1,1,O=S(=O)(CBr)N1C[C@H]2CCO[C@@]2(CO)C1,matched_to_CHEMBL1546134,300.17400000000004,-0.24819999999999992,1,4,66.84,3,0,CHEMBL1546134,3.6367666666666683,0.0967741935483871,,,,
ZINCf5000000ap96,O=C(COc1ccon1)NOCCCO,decoy,local_zinc_pool,,,c1cnoc1,1,O=C(COc1ccon1)NOCCCO,matched_to_CHEMBL3315209,216.19299999999996,-0.5164000000000004,2,6,93.82000000000001,7,0,CHEMBL3315209,5.72876666666667,0.19230769230769232,,,,
ZINCf5000000axo0,O=S(=O)(NCCCCCO)c1nc[nH]n1,decoy,local_zinc_pool,,,c1nc[nH]n1,1,O=S(=O)(NCCCCCO)c1nc[nH]n1,matched_to_CHEMBL1538066,234.281,-0.7544000000000006,3,5,107.97000000000001,7,0,CHEMBL1538066,7.019756666666671,0.14864864864864866,,,,
ZINCf5000000ad3c,Cn1nnnc1SCCN1CCOCC1,decoy,local_zinc_pool,,,C1CN(CCSc2nnn[nH]2)CCO1,1,Cn1nnnc1SCCN1CCOCC1,matched_to_CHEMBL2431121,229.3089999999999,-0.36560000000000015,0,7,56.07000000000001,4,0,CHEMBL2431121,6.68471333333334,0.11428571428571428,,,,
ZINCf50000008M1J,CC(C)(Cn1cc(CON)nn1)[N+](=O)[O-],decoy,local_zinc_pool,,,c1c[nH]nn1,1,CC(C)(Cn1cc(CON)nn1)[N+](=O)[O-],matched_to_CHEMBL1597454,215.21299999999997,-0.2763000000000001,1,7,109.10000000000002,5,0,CHEMBL1597454,7.64513666666667,0.1780821917808219,,,,
ZINCf5000000ZqhC,C#CCOCCOC(=O)Cc1nnco1,decoy,local_zinc_pool,,,c1nnco1,1,C#CCOCCOC(=O)Cc1nnco1,matched_to_CHEMBL1446377,210.189,-0.19490000000000052,0,6,74.45,6,0,CHEMBL1446377,6.286576666666671,0.14492753623188406,,,,
ZINCf5000000ZrWX,CCn1nnc(CS(=O)(=O)CCOC)n1,decoy,local_zinc_pool,,,c1nn[nH]n1,1,CCn1nnc(CS(=O)(=O)CCOC)n1,matched_to_CHEMBL1547420,234.28099999999995,-0.7457999999999998,0,7,86.97,6,0,CHEMBL1547420,6.698500000000003,0.12658227848101267,,,,
ZINCf5000000Zw1d,Cc1nnc(CN(C)C(=O)[C@@H](C)CO)o1,decoy,local_zinc_pool,,,c1nnco1,1,Cc1nnc(CN(C)C(=O)[C@@H](C)CO)o1,matched_to_CHEMBL1312502,213.237,-0.035180000000000156,1,5,79.46000000000001,4,0,CHEMBL1312502,5.673823333333338,0.14102564102564102,,,,
ZINCf5000000a95c,Cc1nnc(SCCn2cnnn2)n1C,decoy,local_zinc_pool,,,c1nnc(SCCn2cnnn2)[nH]1,1,Cc1nnc(SCCn2cnnn2)n1C,matched_to_CHEMBL1328169,225.28100000000003,-0.09768000000000043,0,8,74.31,4,0,CHEMBL1328169,6.104793333333339,0.1206896551724138,,,,
ZINCf50000018aJ9,O=C([C@@H]1C[C@H]1F)N1CCO[C@H](CO)CC1,decoy,local_zinc_pool,,,O=C(C1CC1)N1CCCOCC1,1,O=C([C@@H]1C[C@H]1F)N1CCO[C@H](CO)CC1,matched_to_CHEMBL1586252,217.23999999999998,-0.04580000000000006,1,3,49.77,2,0,CHEMBL1586252,4.521840000000001,0.14942528735632185,,,,
ZINCf5000000amzy,N[C@@H]1C[C@@H]1[C@H]1C[C@@H]1C(=O)NS(=O)(=O)CI,decoy,local_zinc_pool,,,C1CC1C1CC1,1,N[C@@H]1C[C@@H]1[C@H]1C[C@@H]1C(=O)NS(=O)(=O)CI,matched_to_CHEMBL1594369,344.174,-0.19180000000000014,2,4,89.25999999999999,4,0,CHEMBL1594369,4.570320000000003,0.11864406779661017,,,,
ZINCf5000000Zu2h,C[C@@H](NCCNS(C)(=O)=O)c1nncs1,decoy,local_zinc_pool,,,c1nncs1,1,C[C@@H](NCCNS(C)(=O)=O)c1nncs1,matched_to_CHEMBL2003819,250.34900000000002,-0.2621,2,6,83.98,6,0,CHEMBL2003819,4.773986666666668,0.14492753623188406,,,,
ZINCf50000017ODU,CS(=O)(=O)CCCCCN=C1NCCN1,decoy,local_zinc_pool,,,N=C1NCCN1,1,CS(=O)(=O)CCCCCN=C1NCCN1,matched_to_CHEMBL3315194,233.337,-0.24989999999999907,2,3,70.56,6,0,CHEMBL3315194,2.252033333333333,0.09876543209876543,,,,
ZINCf5000000a2qN,C[C@H]1CN(C)[C@H](C)CN1S(=O)(=O)N(C)C,decoy,local_zinc_pool,,,C1CNCCN1,1,C[C@@H]1CN(S(=O)(=O)N(C)C)[C@@H](C)CN1C,matched_to_CHEMBL1550591,235.35299999999998,-0.1827999999999983,0,3,43.86000000000001,2,0,CHEMBL1550591,3.124900000000001,0.10606060606060606,,,,
ZINCf50000009x6k,COC[C@@H](CF)OC(=O)c1cnn(C)n1,decoy,local_zinc_pool,,,c1cn[nH]n1,1,COC[C@@H](CF)OC(=O)c1cnn(C)n1,matched_to_CHEMBL2431119,217.20000000000002,-0.04360000000000008,0,6,66.24000000000001,5,0,CHEMBL2431119,5.5903266666666696,0.17567567567567569,,,,
ZINCf50000008TEi,CCCCS(=O)(=O)NCCn1ncnn1,decoy,local_zinc_pool,,,c1nn[nH]n1,1,CCCCS(=O)(=O)NCCn1ncnn1,matched_to_CHEMBL1966869,233.297,-0.6073999999999997,1,6,89.77,7,0,CHEMBL1966869,5.80754666666667,0.1232876712328767,,,,
ZINCf50000009tMd,COCC1CC(NCc2nnn(C)n2)C1,decoy,local_zinc_pool,,,C1CC(NCc2nn[nH]n2)C1,1,COCC1CC(NCc2nnn(C)n2)C1,matched_to_CHEMBL1438069,211.269,-0.2752999999999999,1,6,64.86,5,0,CHEMBL1438069,4.497183333333334,0.13114754098360656,,,,
ZINCf50000009Erw,CO[C@H](CS(=O)(=O)NC[C@@H](C)N)C1CC1,decoy,local_zinc_pool,,,C1CC1,1,CO[C@H](CS(=O)(=O)NC[C@@H](C)N)C1CC1,matched_to_CHEMBL3315223,236.33699999999996,-0.32199999999999895,2,4,81.42,7,0,CHEMBL3315223,5.099560000000003,0.125,,,,
ZINCf500000181iA,N#CC1CN(S(=O)(=O)C[C@@H]2C[C@H]2C#N)C1,decoy,local_zinc_pool,,,O=S(=O)(CC1CC1)N1CCC1,1,N#CC1CN(S(=O)(=O)C[C@@H]2C[C@H]2C#N)C1,matched_to_CHEMBL1611686,225.27299999999997,-0.06874000000000002,0,4,84.96000000000001,3,0,CHEMBL1611686,5.397090000000004,0.0945945945945946,,,,
ZINCf500000275gY,O=S1(=O)CC(CN2C[C@H]3CO[C@@H](C3)C2)C1,decoy,local_zinc_pool,,,O=S1(=O)CC(CN2CC3COC(C3)C2)C1,1,O=S1(=O)CC(CN2C[C@H]3CO[C@@H](C3)C2)C1,matched_to_CHEMBL1595121,231.31699999999995,-0.2483000000000002,0,4,46.61,2,0,CHEMBL1595121,4.32776666666667,0.09836065573770492,,,,
ZINCf5000001FcQz,CC1CN(C(=O)CN(C)C)CCC1CN,decoy,local_zinc_pool,,,C1CCNCC1,1,CC1CN(C(=O)CN(C)C)CCC1CN,matched_to_CHEMBL1340713,213.32499999999996,-0.008699999999998487,1,3,49.57000000000001,3,0,CHEMBL1340713,3.108366666666667,0.11627906976744186,,,,
ZINCf50000017SUK,C[C@@H]1CN=C(NC(=O)[C@H](O)CCCO)S1,decoy,local_zinc_pool,,,C1=NCCS1,1,C[C@@H]1CN=C(NC(=O)[C@H](O)CCCO)S1,matched_to_CHEMBL1453900,232.30499999999995,-0.2727000000000001,3,5,81.92,4,0,CHEMBL1453900,4.411646666666669,0.1774193548387097,,,,
ZINCf5000002qOk7,CC(C)CCS(=O)(=O)NC[C@H](O)CCN,decoy,local_zinc_pool,,,,1,CC(C)CCS(=O)(=O)NC[C@H](O)CCN,matched_to_CHEMBL3315204,238.35299999999998,-0.3383999999999984,3,4,92.42,8,0,CHEMBL3315204,5.8327500000000025,0.13114754098360656,,,,
ZINCf5000002e0oX,CN(CCO)S(=O)(=O)c1nn(C)nc1Br,decoy,local_zinc_pool,,,c1cn[nH]n1,1,CN(CCO)S(=O)(=O)c1nn(C)nc1Br,matched_to_CHEMBL1461496,299.15,-0.8096000000000001,1,6,88.32000000000001,4,0,CHEMBL1461496,4.724420000000002,0.14285714285714285,,,,
ZINCf5000001TSGo,CC(=O)C(=O)COC(=O)C1CCC(=O)O1,decoy,local_zinc_pool,,,O=C1CCCO1,1,CC(=O)C(=O)COC(=O)C1CCC(=O)O1,matched_to_CHEMBL1387563,214.17299999999994,-0.6067000000000002,0,6,86.74000000000001,4,0,CHEMBL1387563,5.339403333333337,0.1746031746031746,,,,
ZINCf5000002dE6H,C#CCNC(=O)N1C[C@H]2C[C@H]1C[S@](=O)C2,decoy,local_zinc_pool,,,O=S1CC2CNC(C2)C1,1,C#CCNC(=O)N1C[C@H]2C[C@H]1C[S@](=O)C2,matched_to_CHEMBL1321527,226.30099999999996,-0.21799999999999975,1,2,49.410000000000004,1,0,CHEMBL1321527,2.1173533333333334,0.14285714285714285,,,,
ZINCf50000017EKv,CN1CSC[C@H]1C(=O)NCC1=NOCC1,decoy,local_zinc_pool,,,O=C(NCC1=NOCC1)C1CSCN1,1,CN1CSC[C@H]1C(=O)NCC1=NOCC1,matched_to_CHEMBL1385214,229.30499999999995,-0.11640000000000006,1,5,53.93000000000001,3,0,CHEMBL1385214,3.193750000000002,0.171875,,,,
ZINCf5000000ax3U,O=S(=O)(CBr)N1CCN2C[C@H](O)C[C@H]2C1,decoy,local_zinc_pool,,,C1CC2CNCCN2C1,1,O=S(=O)(CBr)N1CCN2C[C@H](O)C[C@H]2C1,matched_to_CHEMBL1369296,299.19000000000005,-0.5806,1,4,60.85000000000001,2,0,CHEMBL1369296,2.730763333333334,0.09090909090909091,,,,
ZINCf5000000SNAX,Cc1nnc(CCNCCS(C)(=O)=O)o1,decoy,local_zinc_pool,,,c1nnco1,1,Cc1nnc(CCNCCS(C)(=O)=O)o1,matched_to_CHEMBL1995726,233.29299999999998,-0.44527999999999923,1,6,85.09,6,0,CHEMBL1995726,4.403220000000001,0.12987012987012986,,,,
ZINCf5000000akN8,NC[C@]1(C(=O)NCC2(Br)CC2)CCNC1,decoy,local_zinc_pool,,,O=C(NCC1CC1)C1CCNC1,1,NC[C@]1(C(=O)NCC2(Br)CC2)CCNC1,matched_to_CHEMBL1608453,276.17799999999994,-0.03150000000000047,3,3,67.15,4,0,CHEMBL1608453,3.8876700000000017,0.12307692307692308,,,,
ZINCf5000002e7O3,CO[C@H](CSC)C(=O)N1CC([S@@](C)=O)C1,decoy,local_zinc_pool,,,C1CNC1,1,CO[C@H](CSC)C(=O)N1CC([S@@](C)=O)C1,matched_to_CHEMBL1586169,251.373,-0.04630000000000045,0,4,46.61,5,0,CHEMBL1586169,5.032763333333336,0.13114754098360656,,,,
ZINCf50000024LWE,COc1nnc(CC(=O)NOCC#N)s1,decoy,local_zinc_pool,,,c1nncs1,1,COc1nnc(CC(=O)NOCC#N)s1,matched_to_CHEMBL1493442,228.23299999999998,-0.33941999999999983,1,7,97.13,5,0,CHEMBL1493442,8.451743333333336,0.16216216216216217,,,,
ZINCf50000017L7B,COC[C@@H](C)S(=O)(=O)N1C[C@H]2COC[C@H]21,decoy,local_zinc_pool,,,C1NC2COCC12,1,COC[C@@H](C)S(=O)(=O)N1C[C@H]2COC[C@H]21,matched_to_CHEMBL1325640,235.30499999999998,-0.31829999999999936,0,4,55.84,4,0,CHEMBL1325640,2.4737466666666674,0.12121212121212122,,,,
ZINCf5000002aNBR,C[C@H](N)CCSCC(=O)Nc1nn[nH]n1,decoy,local_zinc_pool,,,c1nn[nH]n1,1,C[C@H](N)CCSCC(=O)Nc1nn[nH]n1,matched_to_CHEMBL463811,230.29700000000005,-0.3912999999999999,3,6,109.58,6,0,CHEMBL463811,7.639893333333335,0.23170731707317074,,,,
ZINCf5000002rKe7,CCNS(=O)(=O)NCC[S@@](=O)C(C)(C)C,decoy,local_zinc_pool,,,,1,CCNS(=O)(=O)NCC[S@@](=O)C(C)(C)C,matched_to_CHEMBL294989,256.393,-0.0224999999999993,2,3,75.27000000000001,6,0,CHEMBL294989,3.682583333333335,0.08860759493670886,,,,
ZINCf5000001zmj8,CCOCCS(=O)(=O)NOC(C)C(=O)O,decoy,local_zinc_pool,,,,1,CCOCCS(=O)(=O)NOC(C)C(=O)O,matched_to_CHEMBL462830,241.26500000000001,-0.6529999999999994,2,5,101.93000000000002,8,0,CHEMBL462830,6.9477800000000025,0.18333333333333332,,,,
ZINCf50000009x6m,COC[C@@H](CF)OC(=O)c1ncn(C)n1,decoy,local_zinc_pool,,,c1nc[nH]n1,1,COC[C@@H](CF)OC(=O)c1ncn(C)n1,matched_to_CHEMBL2431120,217.20000000000002,-0.04360000000000008,0,6,66.24000000000001,5,0,CHEMBL2431120,5.886863333333338,0.17567567567567569,,,,
ZINCf5000001q0ol,COC(CS(=O)(=O)N[C@H](C)CN)C1CC1,decoy,local_zinc_pool,,,C1CC1,1,COC(CS(=O)(=O)N[C@H](C)CN)C1CC1,matched_to_CHEMBL3315193,236.33699999999996,-0.32199999999999895,2,4,81.42,7,0,CHEMBL3315193,5.099560000000002,0.125,,,,
ZINCf500000091Oj,CCOCCS(=O)(=O)NO[C@@H](C)C(=O)O,decoy,local_zinc_pool,,,,1,CCOCCS(=O)(=O)NO[C@@H](C)C(=O)O,matched_to_CHEMBL3099769,241.26500000000001,-0.6529999999999994,2,5,101.93000000000002,8,0,CHEMBL3099769,7.220776666666671,0.18333333333333332,,,,
ZINCf50000017vXX,CCCONC(=O)CNS(=O)(=O)C1CC1,decoy,local_zinc_pool,,,C1CC1,1,CCCONC(=O)CNS(=O)(=O)C1CC1,matched_to_CHEMBL3315203,236.29299999999998,-0.47399999999999953,2,4,84.5,7,0,CHEMBL3315203,5.1005333333333365,0.14942528735632185,,,,
ZINCf50000017BFe,CCn1nnn(C[C@@H]2CC(Cl)=NO2)c1=O,decoy,local_zinc_pool,,,O=c1[nH]nnn1CC1CC=NO1,1,CCn1nnn(C[C@@H]2CC(Cl)=NO2)c1=O,matched_to_CHEMBL1301125,231.643,-0.19910000000000005,0,7,74.30000000000001,3,0,CHEMBL1301125,6.541720000000004,0.13846153846153847,,,,
ZINCf500000267FD,CCNC(=O)CCNS(=O)(=O)OC1CC1,decoy,local_zinc_pool,,,C1CC1,1,CCNC(=O)CCNS(=O)(=O)OC1CC1,matched_to_CHEMBL3315221,236.29299999999995,-0.47399999999999953,2,4,84.50000000000001,7,0,CHEMBL3315221,5.100533333333337,0.16279069767441862,,,,
ZINCf50000008PSw,CC(CO)(CO)NC(=O)CCCN=[N+]=[N-],decoy,local_zinc_pool,,,,1,CC(CO)(CO)NC(=O)CCCN=[N+]=[N-],matched_to_CHEMBL1323442,216.24099999999999,-0.06360000000000054,3,4,118.32000000000001,7,0,CHEMBL1323442,5.380693333333336,0.1111111111111111,,,,
ZINCf50000017BnH,CC[S@](=N)(=O)NC(=O)CCOCCOC,decoy,local_zinc_pool,,,,1,CC[S@](=N)(=O)NC(=O)CCOCCOC,matched_to_CHEMBL3099777,238.3089999999999,0.13737000000000021,2,5,88.48000000000002,8,0,CHEMBL3099777,7.883570000000004,0.13636363636363635,,,,
ZINCf5000000alOw,NS(=O)(=O)c1cn(Cc2cnsc2)nn1,decoy,local_zinc_pool,,,c1cn(Cc2cnsc2)nn1,1,NS(=O)(=O)c1cn(Cc2cnsc2)nn1,matched_to_CHEMBL1490404,245.28900000000002,-0.5696999999999999,1,7,103.76,3,0,CHEMBL1490404,4.3355033333333335,0.12162162162162163,,,,
ZINCf50000009srv,COC(CSCCS(=O)(=O)CCO)OC,decoy,local_zinc_pool,,,,1,COC(CSCCS(=O)(=O)CCO)OC,matched_to_CHEMBL1611170,258.36099999999993,-0.2544000000000002,1,6,72.83000000000001,9,0,CHEMBL1611170,6.4859266666666695,0.0967741935483871,,,,
ZINCf5000000YbJL,O=C(CI)OCc1ccc(B(O)O)cc1,decoy,local_zinc_pool,,,c1ccccc1,1,O=C(CI)OCc1ccc(B(O)O)cc1,matched_to_CHEMBL1600146,319.891,-0.15539999999999987,2,4,66.76,4,0,CHEMBL1600146,1.4461733333333329,0.19402985074626866,,,,
ZINCf5000000agpY,NC(=O)CONC(=O)Cn1cc(I)cn1,decoy,local_zinc_pool,,,c1cn[nH]c1,1,NC(=O)CONC(=O)Cn1cc(I)cn1,matched_to_CHEMBL1468368,324.07800000000003,-0.9792000000000001,2,5,99.24000000000002,5,0,CHEMBL1468368,4.41755,0.16901408450704225,,,,
ZINCf5000002dv1p,CC(=CCO)CN(C)CCCS(N)(=O)=O,decoy,local_zinc_pool,,,,1,CC(=CCO)CN(C)CCCS(N)(=O)=O,matched_to_CHEMBL3315213,236.33699999999996,-0.4645999999999985,2,4,83.63,7,0,CHEMBL3315213,5.577463333333336,0.11267605633802817,,,,
ZINCf5000001Em8F,C=C(F)CNS(=O)(=O)NCC(=O)OCC,decoy,local_zinc_pool,,,,1,C=C(F)CNS(=O)(=O)NCC(=O)OCC,matched_to_CHEMBL3315202,240.25599999999994,-0.5432999999999997,2,4,84.50000000000001,7,0,CHEMBL3315202,5.107103333333338,0.22413793103448276,,,,
ZINCf50000018cQq,O=S1(=O)CCN(CC2CSC2)[C@H](CO)C1,decoy,local_zinc_pool,,,O=S1(=O)CCN(CC2CSC2)CC1,1,O=S1(=O)CCN(CC2CSC2)[C@H](CO)C1,matched_to_CHEMBL1546134,251.373,-0.5593000000000004,1,5,57.61,3,0,CHEMBL1546134,3.596576666666669,0.08695652173913043,,,,
ZINCf5000000abTo,Cn1ncc(CNCCSCC(=O)O)n1,decoy,local_zinc_pool,,,c1cn[nH]n1,1,Cn1ncc(CNCCSCC(=O)O)n1,matched_to_CHEMBL3315209,230.293,-0.27750000000000036,2,6,80.04,7,0,CHEMBL3315209,5.979700000000002,0.17105263157894737,,,,
ZINCf5000001KDga,CC(C)OCC(O)CNCCOCCO,decoy,local_zinc_pool,,,,1,CC(C)OCC(O)CNCCOCCO,matched_to_CHEMBL1538066,221.29699999999994,-0.6291999999999986,3,5,70.95,10,0,CHEMBL1538066,7.046930000000004,0.12903225806451613,,,,
ZINCf5000000acSC,Cn1nnn(CCS[C@@H]2CCOC2)c1=O,decoy,local_zinc_pool,,,O=c1[nH]nnn1CCSC1CCOC1,1,Cn1nnn(CCS[C@@H]2CCOC2)c1=O,matched_to_CHEMBL2431121,230.29299999999995,-0.5011000000000003,0,7,61.940000000000005,4,0,CHEMBL2431121,6.689606666666672,0.17142857142857143,,,,
ZINCf5000002e8EV,COC(=O)CCSCCS(=O)(=O)CCO,decoy,local_zinc_pool,,,,1,COC(=O)CCSCCS(=O)(=O)CCO,matched_to_CHEMBL1597454,256.34499999999997,-0.3102000000000002,1,6,80.67,8,0,CHEMBL1597454,7.393616666666671,0.14084507042253522,,,,
ZINCf50000008XGU,CCN(Cn1nnn(CC)c1=O)C1CC1,decoy,local_zinc_pool,,,O=c1[nH]nnn1CNC1CC1,1,CCN(Cn1nnn(CC)c1=O)C1CC1,matched_to_CHEMBL1446377,211.26899999999998,-0.09850000000000048,0,6,55.95,5,0,CHEMBL1446377,6.291510000000006,0.14545454545454545,,,,
ZINCf5000000Ybgk,COCCN(CCOC)S(=O)(=O)CC#N,decoy,local_zinc_pool,,,,1,COCCN(CCOC)S(=O)(=O)CC#N,matched_to_CHEMBL1547420,236.29299999999998,-0.5654199999999987,0,5,79.63,8,0,CHEMBL1547420,6.851726666666669,0.11594202898550725,,,,
ZINCf500000185gC,NS(=O)(=O)CC1CN(Cc2ccns2)C1,decoy,local_zinc_pool,,,c1cc(CN2CCC2)sn1,1,NS(=O)(=O)CC1CN(Cc2ccns2)C1,matched_to_CHEMBL1312502,247.34499999999997,-0.1365999999999994,1,5,76.29,4,0,CHEMBL1312502,5.484756666666671,0.125,,,,
ZINCf50000009AFd,COCc1nc(Cn2ncsc2=O)no1,decoy,local_zinc_pool,,,O=c1scnn1Cc1ncon1,1,COCc1nc(Cn2ncsc2=O)no1,matched_to_CHEMBL1328169,228.23300000000003,-0.11749999999999994,0,8,83.04,4,0,CHEMBL1328169,6.1784866666666725,0.15492957746478872,,,,
ZINCf5000000avfQ,O=C1CC[C@H]2CN(S(=O)(=O)CBr)C[C@@H]2N1,decoy,local_zinc_pool,,,O=C1CCC2CNCC2N1,1,O=C1CC[C@H]2CN(S(=O)(=O)CBr)C[C@@H]2N1,matched_to_CHEMBL1586252,297.174,-0.12099999999999972,1,3,66.48,2,0,CHEMBL1586252,4.441033333333334,0.125,,,,
ZINCf50000009JTC,C[C@@H](CN)NS(=O)(=O)c1cc(Br)nn1C,decoy,local_zinc_pool,,,c1cn[nH]c1,1,C[C@@H](CN)NS(=O)(=O)c1cc(Br)nn1C,matched_to_CHEMBL1594369,297.178,-0.19189999999999996,2,5,90.00999999999999,4,0,CHEMBL1594369,4.510346666666669,0.17073170731707318,,,,
ZINCf50000009TZE,C[C@H](C(N)=O)n1cc(CSCCO)nn1,decoy,local_zinc_pool,,,c1c[nH]nn1,1,C[C@H](C(N)=O)n1cc(CSCCO)nn1,matched_to_CHEMBL2003819,230.29299999999998,-0.4501000000000001,2,6,94.03,6,0,CHEMBL2003819,4.697880000000001,0.15151515151515152,,,,
ZINCf50000018cqM,O=S(=O)(CCCC(F)F)NCC#CCO,decoy,local_zinc_pool,,,,1,O=S(=O)(CCCC(F)F)NCC#CCO,matched_to_CHEMBL3315194,241.25899999999996,-0.053200000000000025,2,3,66.4,6,0,CHEMBL3315194,2.2080800000000003,0.1111111111111111,,,,
ZINCf5000002eojy,O=[S@](CCCl)N1C[C@H]2CS(=O)(=O)C[C@H]2C1,decoy,local_zinc_pool,,,O=S1(=O)CC2CNCC2C1,1,O=[S@](CCCl)N1C[C@@H]2CS(=O)(=O)C[C@@H]2C1,matched_to_CHEMBL1550591,271.791,-0.13470000000000004,0,3,54.45,3,0,CHEMBL1550591,3.153653333333335,0.06756756756756757,,,,
ZINCf5000001WJXL,COCC(C)C(=O)N(C)OCC(=O)OC,decoy,local_zinc_pool,,,,1,COCC(C)C(=O)N(C)OCC(=O)OC,matched_to_CHEMBL2431119,219.23699999999997,-0.1680999999999997,0,5,65.07,6,0,CHEMBL2431119,5.60615666666667,0.1694915254237288,,,,
ZINCf50000009vBi,COCCONC(=O)CSCC(=O)OC,decoy,local_zinc_pool,,,,1,COCCONC(=O)CSCC(=O)OC,matched_to_CHEMBL1966869,237.27699999999996,-0.4131999999999998,1,6,73.86,8,0,CHEMBL1966869,5.7746800000000045,0.14285714285714285,,,,
ZINCf50000009ZFX,C[C@H](O)CN(C)Cc1nnnn1C1CC1,decoy,local_zinc_pool,,,c1nnnn1C1CC1,1,C[C@H](O)CN(C)Cc1nnnn1C1CC1,matched_to_CHEMBL1438069,211.26899999999998,-0.17940000000000023,1,6,67.07,5,0,CHEMBL1438069,4.521650000000001,0.14084507042253522,,,,
ZINCf5000002duPP,C=C(C)COCC(=O)NC[C@@H](O)CC#N,decoy,local_zinc_pool,,,,1,C=C(C)COCC(=O)NC[C@@H](O)CC#N,matched_to_CHEMBL3315223,212.24899999999997,-0.030120000000000258,2,4,82.35,7,0,CHEMBL3315223,5.108653333333336,0.136986301369863,,,,
ZINCf500000099G7,CC[S@@](C)(=O)=NC(=O)[C@H](OC)C(=O)OC,decoy,local_zinc_pool,,,,1,CC[S@@](C)(=O)=NC(=O)[C@H](OC)C(=O)OC,matched_to_CHEMBL1611686,237.277,-0.18130000000000002,0,5,82.03000000000002,4,0,CHEMBL1611686,5.4692900000000035,0.16666666666666666,,,,
ZINCf5000002s9ws,CO[C@H]1CCCN(C(=O)C2OCCO2)C1,decoy,local_zinc_pool,,,O=C(C1OCCO1)N1CCCCC1,1,CO[C@H]1CCCN(C(=O)C2OCCO2)C1,matched_to_CHEMBL1595121,215.24899999999997,-0.0033000000000000806,0,4,48.0,2,0,CHEMBL1595121,4.269513333333336,0.16279069767441862,,,,
ZINCf5000002rPzu,CC[S@](=O)CC(=O)N1CCCNCCC1,decoy,local_zinc_pool,,,C1CNCCCNC1,1,CC[S@](=O)CC(=O)N1CCCNCCC1,matched_to_CHEMBL1340713,232.34899999999993,-0.03299999999999925,1,3,49.410000000000004,3,0,CHEMBL1340713,2.938326666666667,0.11290322580645161,,,,
ZINCf5000000akl6,NC[C@H](NC(=O)c1csc(O)n1)C1CC1,decoy,local_zinc_pool,,,O=C(NCC1CC1)c1cscn1,1,NC[C@H](NC(=O)c1csc(O)n1)C1CC1,matched_to_CHEMBL1453900,227.28899999999996,0.31579999999999975,3,5,88.24,4,0,CHEMBL1453900,4.322273333333335,0.2077922077922078,,,,
ZINCf5000002s5ds,COCC[C@H](N)C(=O)NOCC[C@H](C)O,decoy,local_zinc_pool,,,,1,COCC[C@H](N)C(=O)NOCC[C@H](C)O,matched_to_CHEMBL3315204,220.26899999999998,-0.8310999999999988,3,5,93.81,8,0,CHEMBL3315204,5.78645666666667,0.17142857142857143,,,,
ZINCf50000009qsY,COC(=O)NCC(=O)OCc1cnns1,decoy,local_zinc_pool,,,c1csnn1,1,COC(=O)NCC(=O)OCc1cnns1,matched_to_CHEMBL1461496,231.233,-0.06270000000000042,1,7,90.41,4,0,CHEMBL1461496,4.489256666666669,0.1746031746031746,,,,
ZINCf500000099Sx,CC[S@](C)(=O)=NS(=O)(=O)c1cnn(C)n1,decoy,local_zinc_pool,,,c1cn[nH]n1,1,CC[S@](C)(=O)=NS(=O)(=O)c1cnn(C)n1,matched_to_CHEMBL1387563,252.321,-0.37850000000000006,0,6,94.28000000000002,3,0,CHEMBL1387563,5.004190000000003,0.125,,,,
ZINCf50000017BZ2,CN(C)C(=O)C(=O)NC1[C@@H]2C[C@@H]2[C@H]2C[C@@H]12,decoy,local_zinc_pool,,,C1C2CC2C2CC12,1,CN(C)C(=O)C(=O)NC1[C@@H]2C[C@@H]2[C@H]2C[C@@H]12,matched_to_CHEMBL1321527,208.26099999999997,-0.15480000000000027,1,2,49.410000000000004,1,0,CHEMBL1321527,2.1547800000000006,0.1568627450980392,,,,
ZINCf50000009Rkv,C[C@@H]1C[C@H](O)CN(CCn2ccnn2)C1,decoy,local_zinc_pool,,,c1cn(CCN2CCCCC2)nn1,1,C[C@@H]1C[C@H](O)CN(CCn2ccnn2)C1,matched_to_CHEMBL1385214,210.281,-0.019200000000000106,1,5,54.18,3,0,CHEMBL1385214,3.309190000000002,0.1411764705882353,,,,
ZINCf5000001UNEX,O=S1(=O)CCC(CN2CCC[C@@H](O)C2)C1,decoy,local_zinc_pool,,,O=S1(=O)CCC(CN2CCCCC2)C1,1,O=S1(=O)CCC(CN2CCC[C@@H](O)C2)C1,matched_to_CHEMBL1369296,233.33299999999994,-0.12220000000000031,1,4,57.61,2,0,CHEMBL1369296,3.0565333333333347,0.08695652173913043,,,,
ZINCf50000017O3K,CO[C@H](C)CS(=O)(=O)NCc1cnns1,decoy,local_zinc_pool,,,c1csnn1,1,CO[C@H](C)CS(=O)(=O)NCc1cnns1,matched_to_CHEMBL1995726,251.33300000000003,-0.007599999999999996,1,6,81.18,6,0,CHEMBL1995726,4.087433333333335,0.15492957746478872,,,,
ZINCf5000002dPmY,C[C@@H](NC(=O)NC1CCC1)C1(O)COC1,decoy,local_zinc_pool,,,O=C(NCC1COC1)NC1CCC1,1,C[C@@H](NC(=O)NC1CCC1)C1(O)COC1,matched_to_CHEMBL1608453,214.26499999999996,-0.012100000000000444,3,3,70.59,3,0,CHEMBL1608453,3.8850666666666687,0.14285714285714285,,,,
ZINCf50000022Saw,COCCOCCN1CN(C)C(=O)C1C,decoy,local_zinc_pool,,,O=C1CNCN1,1,COCCOCCN1CN(C)C(=O)C1C,matched_to_CHEMBL1586169,216.281,-0.2305999999999988,0,4,42.010000000000005,6,0,CHEMBL1586169,5.008950000000002,0.13157894736842105,,,,
ZINCf50000009AJb,COCc1noc(C[S@@](=O)CCCO)n1,decoy,local_zinc_pool,,,c1ncon1,1,COCc1noc(C[S@@](=O)CCCO)n1,matched_to_CHEMBL1493442,234.27699999999996,-0.15289999999999998,1,6,85.45,7,0,CHEMBL1493442,8.23415666666667,0.12195121951219512,,,,
ZINCf50000009qLq,COC(=O)[C@@H](C)N(C)C(=O)[C@H](C)N(C)C,decoy,local_zinc_pool,,,,1,COC(=O)[C@@H](C)N(C)C(=O)[C@H](C)N(C)C,matched_to_CHEMBL1325640,216.281,-0.04359999999999964,0,4,49.85,4,0,CHEMBL1325640,2.358053333333334,0.16981132075471697,,,,
