method_a,method_b,n_shared,kendall_tau,spearman_r,jaccard_top10,jaccard_top25,jaccard_top50
full_cascade,stage3_only,310,0.3988516546612381,0.5451291661925253,0.1111111111111111,0.08695652173913043,0.16279069767441862
full_cascade,standard_3d_pharmacophore,310,0.13615199916483975,0.20081770512868283,0.1111111111111111,0.08695652173913043,0.12359550561797752
stage3_only,standard_3d_pharmacophore,310,0.7373003445036016,0.7151904840069162,0.6666666666666666,0.6129032258064516,0.6666666666666666
