method_a,method_b,n_shared,kendall_tau,spearman_r,jaccard_top10,jaccard_top25,jaccard_top50
full_cascade,stage3_only,310,0.9994989038521767,0.9999899297397945,1.0,1.0,1.0
full_cascade,standard_3d_pharmacophore,310,-0.07560288130284998,-0.11213939656986797,0.25,0.1111111111111111,0.08695652173913043
stage3_only,standard_3d_pharmacophore,310,-0.07510178515502662,-0.11178008968573738,0.25,0.1111111111111111,0.08695652173913043
