method_a,method_b,n_shared,kendall_tau,spearman_r,jaccard_top10,jaccard_top25,jaccard_top50
full_cascade,stage3_only,310,0.584549535442113,0.7408728700140883,0.17647058823529413,0.13636363636363635,0.25
full_cascade,standard_3d_pharmacophore,310,0.16859797473640256,0.22890768894577465,0.1111111111111111,0.1111111111111111,0.16279069767441862
full_cascade,native_only,310,0.6382503392838501,0.6555983094047168,1.0,0.8518518518518519,0.6666666666666666
stage3_only,standard_3d_pharmacophore,310,0.5840484392942896,0.5482005955551885,0.42857142857142855,0.35135135135135137,0.5151515151515151
stage3_only,native_only,310,0.22279987472596305,0.31880731866230694,0.17647058823529413,0.1111111111111111,0.20481927710843373
standard_3d_pharmacophore,native_only,310,0.23787451717298258,0.3391895253181447,0.1111111111111111,0.08695652173913043,0.13636363636363635
