method_a,method_b,n_shared,kendall_tau,spearman_r,jaccard_top10,jaccard_top25,jaccard_top50
full_cascade,stage3_only,310,0.9999164839753627,0.9999987915687754,1.0,1.0,1.0
full_cascade,standard_3d_pharmacophore,310,-0.04800083516024637,-0.07788520507581397,0.1111111111111111,0.041666666666666664,0.1111111111111111
stage3_only,standard_3d_pharmacophore,310,-0.04791731913560914,-0.07785902239927978,0.1111111111111111,0.041666666666666664,0.1111111111111111
