method_a,method_b,n_shared,kendall_tau,spearman_r,jaccard_top10,jaccard_top25,jaccard_top50
full_cascade,stage3_only,310,0.9969516651007412,0.999809873487321,0.3333333333333333,1.0,1.0
full_cascade,standard_3d_pharmacophore,310,-0.11305981835264642,-0.16453214074598474,0.05263157894736842,0.02040816326530612,0.05263157894736842
stage3_only,standard_3d_pharmacophore,310,-0.11001148345338763,-0.16191105341970932,0.05263157894736842,0.02040816326530612,0.05263157894736842
