ligand_id,rank,score,method,status,label
CHEMBL4164040,1,17.7281588075601,standard_3d_pharmacophore,aligned,active
CHEMBL259166,2,17.26995556586387,standard_3d_pharmacophore,aligned,active
CHEMBL4164328,3,17.14495338292296,standard_3d_pharmacophore,aligned,active
CHEMBL271876,4,16.85592017402819,standard_3d_pharmacophore,aligned,active
ZINCk800000Bn9uT,5,16.8550853654735,standard_3d_pharmacophore,aligned,decoy
ZINCk8000004i4Wk,6,16.732243575116573,standard_3d_pharmacophore,aligned,decoy
CHEMBL260819,7,16.553528890716834,standard_3d_pharmacophore,aligned,active
ZINCk5000009G8hb,8,16.447290749656997,standard_3d_pharmacophore,aligned,decoy
ZINCk7000004eWN1,9,16.355459357463108,standard_3d_pharmacophore,aligned,decoy
ZINCk700000PyvCR,10,16.202644585378746,standard_3d_pharmacophore,aligned,decoy
ZINCk6000004dGDK,11,16.16226832135933,standard_3d_pharmacophore,aligned,decoy
ZINCk600000JUuNn,12,16.078573099616353,standard_3d_pharmacophore,aligned,decoy
CHEMBL1162058,13,15.986659509098953,standard_3d_pharmacophore,aligned,active
CHEMBL1161828,14,15.933836582242233,standard_3d_pharmacophore,aligned,active
CHEMBL1161829,15,15.921777666169776,standard_3d_pharmacophore,aligned,active
ZINCk600001bPrL8,16,15.868984841776207,standard_3d_pharmacophore,aligned,decoy
ZINCk500000470tC,17,15.853607871717838,standard_3d_pharmacophore,aligned,decoy
ZINCk8000004jnsz,18,15.810574928218239,standard_3d_pharmacophore,aligned,decoy
ZINCk8000004i260,19,15.798689198090651,standard_3d_pharmacophore,aligned,decoy
ZINCk600000GfUDc,20,15.769161842930554,standard_3d_pharmacophore,aligned,decoy
ZINCk7000018Toae,21,15.767680452430978,standard_3d_pharmacophore,aligned,decoy
ZINCk50000046zkh,22,15.750947207725629,standard_3d_pharmacophore,aligned,decoy
ZINCk800000BmPMW,23,15.692638232669935,standard_3d_pharmacophore,aligned,decoy
ZINCj5000002c1Ne,24,15.647170733360634,standard_3d_pharmacophore,aligned,decoy
ZINCj600000Bool8,25,15.614578789844918,standard_3d_pharmacophore,aligned,decoy
ZINCk5000009Dj8d,26,15.59818923251046,standard_3d_pharmacophore,aligned,decoy
ZINCk800000BmJ1s,27,15.531880192314121,standard_3d_pharmacophore,aligned,decoy
CHEMBL519322,28,15.519354383563567,standard_3d_pharmacophore,aligned,active
ZINCk700000PykbN,29,15.50060703356476,standard_3d_pharmacophore,aligned,decoy
ZINCk800000xchTI,30,15.484440497555017,standard_3d_pharmacophore,aligned,decoy
ZINCk7000004edM5,31,15.465056821252054,standard_3d_pharmacophore,aligned,decoy
ZINCk5000009G6Xc,32,15.454720995665829,standard_3d_pharmacophore,aligned,decoy
ZINCk700000x2z5n,33,15.438809724247585,standard_3d_pharmacophore,aligned,decoy
ZINCk600001bNu4g,34,15.39019706451497,standard_3d_pharmacophore,aligned,decoy
ZINCk800000gu5Mi,35,15.385655755586383,standard_3d_pharmacophore,aligned,decoy
ZINCj800000d8Kwr,36,15.364655144298903,standard_3d_pharmacophore,aligned,decoy
ZINCj7000002nqps,37,15.356011417107968,standard_3d_pharmacophore,aligned,decoy
ZINCk700000Bn8u5,38,15.353429469228773,standard_3d_pharmacophore,aligned,decoy
ZINCj700000FCSFL,39,15.350896249619298,standard_3d_pharmacophore,aligned,decoy
CHEMBL4645148,40,15.325654274446679,standard_3d_pharmacophore,aligned,active
ZINCk800000PtD2N,41,15.305039856665436,standard_3d_pharmacophore,aligned,decoy
ZINCk8000004iBsW,42,15.280333317539087,standard_3d_pharmacophore,aligned,decoy
ZINCj500000wiAvw,43,15.269148781789331,standard_3d_pharmacophore,aligned,decoy
ZINCk500000cv1H7,44,15.268604686151868,standard_3d_pharmacophore,aligned,decoy
ZINCk800000PBihx,45,15.236788031173816,standard_3d_pharmacophore,aligned,decoy
ZINCk700000FCqwG,46,15.228664000580928,standard_3d_pharmacophore,aligned,decoy
ZINCk8000009MifW,47,15.224162204708097,standard_3d_pharmacophore,aligned,decoy
ZINCk8000004k4GC,48,15.209178505843731,standard_3d_pharmacophore,aligned,decoy
ZINCk600000PCbfy,49,15.201028136822512,standard_3d_pharmacophore,aligned,decoy
ZINCk50000046FSL,50,15.19492821721694,standard_3d_pharmacophore,aligned,decoy
ZINCk5000009DDeE,51,15.19441772277076,standard_3d_pharmacophore,aligned,decoy
ZINCj600000JU75f,52,15.189563092863775,standard_3d_pharmacophore,aligned,decoy
CHEMBL1161822,53,15.18239251146143,standard_3d_pharmacophore,aligned,active
ZINCk600000dr0LE,54,15.164194065396659,standard_3d_pharmacophore,aligned,decoy
ZINCk500000dpaFq,55,15.135232373391284,standard_3d_pharmacophore,aligned,decoy
CHEMBL382844,56,15.118571949592004,standard_3d_pharmacophore,aligned,active
ZINCk700000BmqzF,57,15.116081776058932,standard_3d_pharmacophore,aligned,decoy
ZINCj500000d6fq6,58,15.11123975463563,standard_3d_pharmacophore,aligned,decoy
ZINCk800000GgcQd,59,15.067244576780002,standard_3d_pharmacophore,aligned,decoy
ZINCk500000464Qq,60,15.040217264723067,standard_3d_pharmacophore,aligned,decoy
ZINCk800000PAku3,61,15.031906610509454,standard_3d_pharmacophore,aligned,decoy
ZINCk700000JTUJk,62,15.028034830263652,standard_3d_pharmacophore,aligned,decoy
ZINCk500000dq4vh,63,15.020577842889699,standard_3d_pharmacophore,aligned,decoy
ZINCj500000d6uCa,64,15.00857535756967,standard_3d_pharmacophore,aligned,decoy
ZINCk800000drSBz,65,15.001987493753854,standard_3d_pharmacophore,aligned,decoy
ZINCk8000018TA71,66,14.987753318412484,standard_3d_pharmacophore,aligned,decoy
ZINCk8000004he0x,67,14.980111958307207,standard_3d_pharmacophore,aligned,decoy
CHEMBL2364429,68,14.977017109181192,standard_3d_pharmacophore,aligned,active
ZINCk700000JUb6k,69,14.972537149019232,standard_3d_pharmacophore,aligned,decoy
ZINCk5000003ZyLv,70,14.969846176580594,standard_3d_pharmacophore,aligned,decoy
ZINCk800000JRYv8,71,14.934273317325598,standard_3d_pharmacophore,aligned,decoy
ZINCk700000JSUyc,72,14.927328398405221,standard_3d_pharmacophore,aligned,decoy
ZINCk800000J9Zh2,73,14.92132508005083,standard_3d_pharmacophore,aligned,decoy
ZINCk600000FCpJ3,74,14.91400667015289,standard_3d_pharmacophore,aligned,decoy
ZINCj6000018TveQ,75,14.901316150120012,standard_3d_pharmacophore,aligned,decoy
ZINCk50000046Hld,76,14.900390659056473,standard_3d_pharmacophore,aligned,decoy
CHEMBL270666,77,14.897005357729482,standard_3d_pharmacophore,aligned,active
ZINCk800000JTJkY,78,14.87608092682804,standard_3d_pharmacophore,aligned,decoy
ZINCk800000Pxos9,79,14.835424950433257,standard_3d_pharmacophore,aligned,decoy
CHEMBL404336,80,14.809851999502106,standard_3d_pharmacophore,aligned,active
ZINCk6000004dLJO,81,14.791069220803157,standard_3d_pharmacophore,aligned,decoy
CHEMBL460680,82,14.78243521098832,standard_3d_pharmacophore,aligned,active
CHEMBL410135,83,14.777885875621738,standard_3d_pharmacophore,aligned,active
CHEMBL518774,84,14.77668991162816,standard_3d_pharmacophore,aligned,active
CHEMBL403180,85,14.771127732214737,standard_3d_pharmacophore,aligned,active
ZINCk500000doMnd,86,14.706129317412227,standard_3d_pharmacophore,aligned,decoy
ZINCk600000BmPF7,87,14.705114889397805,standard_3d_pharmacophore,aligned,decoy
ZINCk800000Pu4Dd,88,14.702816665999963,standard_3d_pharmacophore,aligned,decoy
ZINCk700000y8PFR,89,14.700597804655647,standard_3d_pharmacophore,aligned,decoy
ZINCk800000gtHuK,90,14.698199705444734,standard_3d_pharmacophore,aligned,decoy
ZINCk5000009Fi4Z,91,14.696619423915994,standard_3d_pharmacophore,aligned,decoy
ZINCk700001bPfQd,92,14.680093886154946,standard_3d_pharmacophore,aligned,decoy
ZINCk700000JSDo2,93,14.673612932115748,standard_3d_pharmacophore,aligned,decoy
ZINCj800000fr7sr,94,14.667496567171556,standard_3d_pharmacophore,aligned,decoy
ZINCk5000009Grm3,95,14.650209451396407,standard_3d_pharmacophore,aligned,decoy
ZINCk700000AJ83S,96,14.645208906333965,standard_3d_pharmacophore,aligned,decoy
ZINCk7000018Tw0G,97,14.634262126921296,standard_3d_pharmacophore,aligned,decoy
ZINCk8000004iIQf,98,14.617254218190476,standard_3d_pharmacophore,aligned,decoy
ZINCk600000kHq5B,99,14.604013441314073,standard_3d_pharmacophore,aligned,decoy
ZINCk800000dsdQ5,100,14.60237652164381,standard_3d_pharmacophore,aligned,decoy
ZINCj800001bP7Eq,101,14.59308516367178,standard_3d_pharmacophore,aligned,decoy
ZINCk800000Py67v,102,14.582906377856402,standard_3d_pharmacophore,aligned,decoy
ZINCk700000AJ7rw,103,14.577936154247467,standard_3d_pharmacophore,aligned,decoy
ZINCj700000xcHDm,104,14.563762184400792,standard_3d_pharmacophore,aligned,decoy
ZINCj800000fqXji,105,14.558963467883151,standard_3d_pharmacophore,aligned,decoy
ZINCk5000009DNH8,106,14.557434729921395,standard_3d_pharmacophore,aligned,decoy
ZINCk600000wSlsg,107,14.543413584723329,standard_3d_pharmacophore,aligned,decoy
ZINCk8000004iA0D,108,14.539390738701398,standard_3d_pharmacophore,aligned,decoy
CHEMBL130229,109,14.536404870714236,standard_3d_pharmacophore,aligned,active
ZINCk600000Pzsm4,110,14.534365023437958,standard_3d_pharmacophore,aligned,decoy
ZINCk800000J9YjR,111,14.53297079741348,standard_3d_pharmacophore,aligned,decoy
ZINCk600000vABne,112,14.532929054838167,standard_3d_pharmacophore,aligned,decoy
ZINCk600000wrpX9,113,14.532732111892457,standard_3d_pharmacophore,aligned,decoy
ZINCk7000004gKkV,114,14.532294180642682,standard_3d_pharmacophore,aligned,decoy
ZINCj800000fqoHl,115,14.505592905078581,standard_3d_pharmacophore,aligned,decoy
ZINCk50000040Otq,116,14.50245460079772,standard_3d_pharmacophore,aligned,decoy
ZINCk800000JTKet,117,14.489619919727502,standard_3d_pharmacophore,aligned,decoy
ZINCk700000JUf7G,118,14.488073195957066,standard_3d_pharmacophore,aligned,decoy
ZINCk800000JTEfE,119,14.479693505150692,standard_3d_pharmacophore,aligned,decoy
ZINCk600000vE0cE,120,14.477383472881927,standard_3d_pharmacophore,aligned,decoy
ZINCj700000JWoku,121,14.475183992472411,standard_3d_pharmacophore,aligned,decoy
ZINCk600001bPzfc,122,14.471938995989635,standard_3d_pharmacophore,aligned,decoy
ZINCk7000004f0Zo,123,14.463366597705877,standard_3d_pharmacophore,aligned,decoy
ZINCk600000kHqgG,124,14.440618224472216,standard_3d_pharmacophore,aligned,decoy
ZINCk8000004iBPX,125,14.438258502380465,standard_3d_pharmacophore,aligned,decoy
ZINCj800000JXdaJ,126,14.435185140215015,standard_3d_pharmacophore,aligned,decoy
ZINCk500000dp3ZE,127,14.425056244679586,standard_3d_pharmacophore,aligned,decoy
ZINCk600000gqC2d,128,14.421032805719198,standard_3d_pharmacophore,aligned,decoy
ZINCk600000AJ8rf,129,14.395999394150373,standard_3d_pharmacophore,aligned,decoy
ZINCj6000002lu8u,130,14.384495722042525,standard_3d_pharmacophore,aligned,decoy
ZINCk7000004fvDd,131,14.37527300152078,standard_3d_pharmacophore,aligned,decoy
ZINCk600000PC7ZQ,132,14.366733092184566,standard_3d_pharmacophore,aligned,decoy
ZINCk5000003XyAP,133,14.36402986750986,standard_3d_pharmacophore,aligned,decoy
ZINCk8000004iXjL,134,14.356567078260797,standard_3d_pharmacophore,aligned,decoy
ZINCk600000JTu6n,135,14.35496557445175,standard_3d_pharmacophore,aligned,decoy
ZINCk700000AJ7PV,136,14.347352440012576,standard_3d_pharmacophore,aligned,decoy
ZINCk800000GfTHg,137,14.342937085320411,standard_3d_pharmacophore,aligned,decoy
ZINCk800000GfOEL,138,14.336707147418775,standard_3d_pharmacophore,aligned,decoy
ZINCk8000004iC43,139,14.332164180056154,standard_3d_pharmacophore,aligned,decoy
ZINCk800000BmzIB,140,14.323484856145718,standard_3d_pharmacophore,aligned,decoy
ZINCk7000018Tshr,141,14.320473843850985,standard_3d_pharmacophore,aligned,decoy
ZINCk5000003XmGL,142,14.320231893250295,standard_3d_pharmacophore,aligned,decoy
ZINCk800000ds8Aw,143,14.312582270007988,standard_3d_pharmacophore,aligned,decoy
ZINCk6000009Jkvm,144,14.311454751251201,standard_3d_pharmacophore,aligned,decoy
ZINCj500000d6uIc,145,14.30236455739635,standard_3d_pharmacophore,aligned,decoy
ZINCk500000gdWtb,146,14.300069107932776,standard_3d_pharmacophore,aligned,decoy
CHEMBL480821,147,14.288537603355804,standard_3d_pharmacophore,aligned,active
ZINCk7000018TryW,148,14.285714226122344,standard_3d_pharmacophore,aligned,decoy
ZINCk800000BmIIr,149,14.285210664775008,standard_3d_pharmacophore,aligned,decoy
ZINCk600000PC8Rf,150,14.27636908305975,standard_3d_pharmacophore,aligned,decoy
CHEMBL1161827,151,14.266792263379424,standard_3d_pharmacophore,aligned,active
ZINCk700000JSx0Z,152,14.266773837441486,standard_3d_pharmacophore,aligned,decoy
ZINCk600000gpzZR,153,14.25467635469182,standard_3d_pharmacophore,aligned,decoy
ZINCk600000JU9FP,154,14.24636702943012,standard_3d_pharmacophore,aligned,decoy
ZINCk50000048wgG,155,14.239439633076723,standard_3d_pharmacophore,aligned,decoy
ZINCk700000PwKlY,156,14.236996483493387,standard_3d_pharmacophore,aligned,decoy
ZINCk800000JU9JL,157,14.229904623451768,standard_3d_pharmacophore,aligned,decoy
ZINCk800000JTwxn,158,14.228440831467976,standard_3d_pharmacophore,aligned,decoy
ZINCk800000JS8Ck,159,14.227950752613125,standard_3d_pharmacophore,aligned,decoy
ZINCk7000018ToWQ,160,14.226555160377059,standard_3d_pharmacophore,aligned,decoy
ZINCk800000JU0an,161,14.223826063690128,standard_3d_pharmacophore,aligned,decoy
ZINCk5000009Gxnz,162,14.219649860705895,standard_3d_pharmacophore,aligned,decoy
ZINCk800000JTUXD,163,14.204257764980518,standard_3d_pharmacophore,aligned,decoy
ZINCk5000009Dzod,164,14.200995674622154,standard_3d_pharmacophore,aligned,decoy
ZINCk7000004fcxz,165,14.200051799595952,standard_3d_pharmacophore,aligned,decoy
ZINCk7000009KwRp,166,14.19214333921899,standard_3d_pharmacophore,aligned,decoy
ZINCk7000018TEkh,167,14.189670396023539,standard_3d_pharmacophore,aligned,decoy
ZINCk50000043tfW,168,14.180182030794542,standard_3d_pharmacophore,aligned,decoy
ZINCk8000004hZ4R,169,14.179429414212011,standard_3d_pharmacophore,aligned,decoy
ZINCi600000PBI10,170,14.176518389320313,standard_3d_pharmacophore,aligned,decoy
ZINCj8000018Tg4a,171,14.175866640049088,standard_3d_pharmacophore,aligned,decoy
CHEMBL379074,172,14.174245752174036,standard_3d_pharmacophore,aligned,active
ZINCk50000048wq5,173,14.171829679524436,standard_3d_pharmacophore,aligned,decoy
ZINCk600000cvm4g,174,14.170619576908887,standard_3d_pharmacophore,aligned,decoy
ZINCk800000JSEnY,175,14.169687420526241,standard_3d_pharmacophore,aligned,decoy
CHEMBL481620,176,14.152345979212967,standard_3d_pharmacophore,aligned,active
ZINCk600000Ja0xT,177,14.152268332904699,standard_3d_pharmacophore,aligned,decoy
ZINCj6000002lAmT,178,14.147820029401887,standard_3d_pharmacophore,aligned,decoy
ZINCj700000xcgLi,179,14.140934039708497,standard_3d_pharmacophore,aligned,decoy
ZINCk600000PzsmL,180,14.133677632907226,standard_3d_pharmacophore,aligned,decoy
ZINCj800000JWhui,181,14.129180727195543,standard_3d_pharmacophore,aligned,decoy
ZINCk800000gusw3,182,14.128517115945856,standard_3d_pharmacophore,aligned,decoy
ZINCj5000009hVjS,183,14.121325001868554,standard_3d_pharmacophore,aligned,decoy
ZINCk700000y8NCO,184,14.120267456398013,standard_3d_pharmacophore,aligned,decoy
ZINCk7000004gIgT,185,14.115138706763293,standard_3d_pharmacophore,aligned,decoy
ZINCk7000009K0tX,186,14.106908883654096,standard_3d_pharmacophore,aligned,decoy
CHEMBL4637980,187,14.090826385458207,standard_3d_pharmacophore,aligned,active
ZINCk500000cikrx,188,14.088239650186106,standard_3d_pharmacophore,aligned,decoy
ZINCk6000009JfWZ,189,14.083080729121129,standard_3d_pharmacophore,aligned,decoy
ZINCk800000BncUw,190,14.077512053781145,standard_3d_pharmacophore,aligned,decoy
ZINCk500000dqbkl,191,14.07564096772606,standard_3d_pharmacophore,aligned,decoy
ZINCk700000FCzyM,192,14.074518644350112,standard_3d_pharmacophore,aligned,decoy
ZINCk600000vTZRE,193,14.072747831480445,standard_3d_pharmacophore,aligned,decoy
ZINCk7000009KDuk,194,14.065100852804067,standard_3d_pharmacophore,aligned,decoy
ZINCk800000gv5WD,195,14.063062111393984,standard_3d_pharmacophore,aligned,decoy
ZINCk8000004iLen,196,14.062488135219532,standard_3d_pharmacophore,aligned,decoy
ZINCk500000dpbVb,197,14.058592921675043,standard_3d_pharmacophore,aligned,decoy
ZINCk5000003V8rF,198,14.058122385743495,standard_3d_pharmacophore,aligned,decoy
ZINCi500000vRKWz,199,14.057683801693539,standard_3d_pharmacophore,aligned,decoy
ZINCk700000drfhM,200,14.05231974537787,standard_3d_pharmacophore,aligned,decoy
ZINCk600000JU4gH,201,14.048834583070812,standard_3d_pharmacophore,aligned,decoy
ZINCk5000009G0Nb,202,14.04372227855991,standard_3d_pharmacophore,aligned,decoy
ZINCk800000PyZuf,203,14.03707118536616,standard_3d_pharmacophore,aligned,decoy
ZINCj800000wQUlt,204,14.024162553758025,standard_3d_pharmacophore,aligned,decoy
ZINCk7000004fJ6b,205,14.02383425313507,standard_3d_pharmacophore,aligned,decoy
ZINCj800000fqEUJ,206,14.023618549900778,standard_3d_pharmacophore,aligned,decoy
ZINCk7000009KuSG,207,14.016981046705164,standard_3d_pharmacophore,aligned,decoy
ZINCk6000004bHqR,208,14.015240935128956,standard_3d_pharmacophore,aligned,decoy
CHEMBL480639,209,14.010190299860914,standard_3d_pharmacophore,aligned,active
ZINCk500000464VK,210,14.010105328430557,standard_3d_pharmacophore,aligned,decoy
ZINCk6000004cBHC,211,14.004339446338355,standard_3d_pharmacophore,aligned,decoy
ZINCk7000004gU4E,212,13.994431227352196,standard_3d_pharmacophore,aligned,decoy
ZINCk6000018Ta4Y,213,13.990083568525538,standard_3d_pharmacophore,aligned,decoy
ZINCk600001bOk8d,214,13.98209433868153,standard_3d_pharmacophore,aligned,decoy
ZINCk700000PAI2u,215,13.966579179647768,standard_3d_pharmacophore,aligned,decoy
ZINCk700000xcsYw,216,13.95933392504144,standard_3d_pharmacophore,aligned,decoy
ZINCk700000GfTxU,217,13.952506920194091,standard_3d_pharmacophore,aligned,decoy
ZINCk7000004fARL,218,13.95131178008139,standard_3d_pharmacophore,aligned,decoy
ZINCk500000g7vn1,219,13.94214842807934,standard_3d_pharmacophore,aligned,decoy
ZINCk50000042IMZ,220,13.9333721079747,standard_3d_pharmacophore,aligned,decoy
ZINCk7000018TgPn,221,13.925630578098716,standard_3d_pharmacophore,aligned,decoy
ZINCk700000JTTlj,222,13.919656927539595,standard_3d_pharmacophore,aligned,decoy
ZINCj500000vnAnt,223,13.91803668246729,standard_3d_pharmacophore,aligned,decoy
ZINCj6000018Toag,224,13.912875385930024,standard_3d_pharmacophore,aligned,decoy
ZINCk600000JTCuN,225,13.911880470363547,standard_3d_pharmacophore,aligned,decoy
ZINCj800000JaoGi,226,13.905268808465973,standard_3d_pharmacophore,aligned,decoy
ZINCk800000dsdKl,227,13.903207418038495,standard_3d_pharmacophore,aligned,decoy
ZINCk600000wXgt8,228,13.897043891856429,standard_3d_pharmacophore,aligned,decoy
ZINCk7000018SBvs,229,13.894357610304999,standard_3d_pharmacophore,aligned,decoy
ZINCk800000PCa7X,230,13.892979432437468,standard_3d_pharmacophore,aligned,decoy
ZINCk600000Bm9Nd,231,13.890862454150465,standard_3d_pharmacophore,aligned,decoy
ZINCk700000PzY5r,232,13.882658491259976,standard_3d_pharmacophore,aligned,decoy
ZINCk600000PC8GU,233,13.87385796104627,standard_3d_pharmacophore,aligned,decoy
CHEMBL3218890,234,13.855442188732123,standard_3d_pharmacophore,aligned,active
ZINCk700000PChm6,235,13.844683395002175,standard_3d_pharmacophore,aligned,decoy
ZINCk7000009KZZr,236,13.843259617757608,standard_3d_pharmacophore,aligned,decoy
ZINCk500000dp1UD,237,13.840017406342279,standard_3d_pharmacophore,aligned,decoy
ZINCk600000vsRUi,238,13.828795723949806,standard_3d_pharmacophore,aligned,decoy
ZINCk600000xcrVZ,239,13.821342547379885,standard_3d_pharmacophore,aligned,decoy
CHEMBL2364382,240,13.821059507685408,standard_3d_pharmacophore,aligned,active
CHEMBL1161835,241,13.807175799851795,standard_3d_pharmacophore,aligned,active
ZINCj700000BojI8,242,13.805701488751678,standard_3d_pharmacophore,aligned,decoy
ZINCk7000004eC3S,243,13.799174627783826,standard_3d_pharmacophore,aligned,decoy
ZINCk600000vNtxD,244,13.79715225069865,standard_3d_pharmacophore,aligned,decoy
ZINCk7000004f8Dd,245,13.793535989462997,standard_3d_pharmacophore,aligned,decoy
ZINCk8000004jqlG,246,13.790466719088597,standard_3d_pharmacophore,aligned,decoy
ZINCk700000JTzmw,247,13.789772971985478,standard_3d_pharmacophore,aligned,decoy
ZINCk6000004cPOR,248,13.787806309568603,standard_3d_pharmacophore,aligned,decoy
ZINCk8000004iPhG,249,13.784508529554353,standard_3d_pharmacophore,aligned,decoy
ZINCj800000JULcr,250,13.783211972496407,standard_3d_pharmacophore,aligned,decoy
ZINCk700000wCPtd,251,13.78159731327421,standard_3d_pharmacophore,aligned,decoy
ZINCk6000004cV7f,252,13.779938032550236,standard_3d_pharmacophore,aligned,decoy
ZINCk600000AIXcN,253,13.761901001736291,standard_3d_pharmacophore,aligned,decoy
ZINCk500000419tt,254,13.759302269844872,standard_3d_pharmacophore,aligned,decoy
CHEMBL2364408,255,13.756950882319325,standard_3d_pharmacophore,aligned,active
ZINCk600000gpUvV,256,13.7523540371828,standard_3d_pharmacophore,aligned,decoy
ZINCk800000PAnh5,257,13.7500152499756,standard_3d_pharmacophore,aligned,decoy
ZINCk600000JS8uT,258,13.747293650307665,standard_3d_pharmacophore,aligned,decoy
ZINCj7000018Tvns,259,13.743283883116149,standard_3d_pharmacophore,aligned,decoy
ZINCk8000004iM5A,260,13.742040268747559,standard_3d_pharmacophore,aligned,decoy
ZINCk700000xcrfC,261,13.740223874258266,standard_3d_pharmacophore,aligned,decoy
ZINCk6000004dlSz,262,13.738652075298345,standard_3d_pharmacophore,aligned,decoy
ZINCk800000Pyw0y,263,13.733362932490806,standard_3d_pharmacophore,aligned,decoy
ZINCk7000009L90x,264,13.733145013561924,standard_3d_pharmacophore,aligned,decoy
ZINCk50000041el3,265,13.729768190794243,standard_3d_pharmacophore,aligned,decoy
ZINCk800000gvfUY,266,13.729422842097323,standard_3d_pharmacophore,aligned,decoy
ZINCk6000018Tf0j,267,13.720619568621196,standard_3d_pharmacophore,aligned,decoy
CHEMBL4172656,268,13.718418944402696,standard_3d_pharmacophore,aligned,active
ZINCk700001bPl7G,269,13.705377891132017,standard_3d_pharmacophore,aligned,decoy
ZINCk800001bPM9Y,270,13.700738232950963,standard_3d_pharmacophore,aligned,decoy
ZINCj6000002mF6I,271,13.697027067434469,standard_3d_pharmacophore,aligned,decoy
ZINCk7000004euqY,272,13.684896263321928,standard_3d_pharmacophore,aligned,decoy
ZINCk700000drwL5,273,13.684581684927801,standard_3d_pharmacophore,aligned,decoy
ZINCk800000gvGlG,274,13.68236861630017,standard_3d_pharmacophore,aligned,decoy
ZINCk800000JSZKR,275,13.67617679770837,standard_3d_pharmacophore,aligned,decoy
ZINCk600000JSVBW,276,13.671795173019982,standard_3d_pharmacophore,aligned,decoy
ZINCk800000PACto,277,13.671035944169427,standard_3d_pharmacophore,aligned,decoy
ZINCk8000009LzdP,278,13.666635144774464,standard_3d_pharmacophore,aligned,decoy
ZINCk500000getvt,279,13.665429948978293,standard_3d_pharmacophore,aligned,decoy
CHEMBL4637284,280,13.660525702834134,standard_3d_pharmacophore,aligned,active
ZINCk600000gpOAB,281,13.659861338537766,standard_3d_pharmacophore,aligned,decoy
ZINCk500000gei6h,282,13.65750286401058,standard_3d_pharmacophore,aligned,decoy
ZINCk8000004iBRf,283,13.655261273285605,standard_3d_pharmacophore,aligned,decoy
CHEMBL482220,284,13.651302940053965,standard_3d_pharmacophore,aligned,active
ZINCk700000JTrsU,285,13.650087871590687,standard_3d_pharmacophore,aligned,decoy
ZINCj700000JTEZC,286,13.648328011186695,standard_3d_pharmacophore,aligned,decoy
ZINCk6000004cpye,287,13.64217217835255,standard_3d_pharmacophore,aligned,decoy
ZINCk700000vOWnu,288,13.640666902198364,standard_3d_pharmacophore,aligned,decoy
ZINCk8000004iRb7,289,13.63826152227732,standard_3d_pharmacophore,aligned,decoy
ZINCj700001bPJFC,290,13.63160760055767,standard_3d_pharmacophore,aligned,decoy
ZINCk600000Bncnz,291,13.630997339917318,standard_3d_pharmacophore,aligned,decoy
ZINCj500000d7nOF,292,13.627129631650089,standard_3d_pharmacophore,aligned,decoy
ZINCk700001bPdwJ,293,13.620983374126459,standard_3d_pharmacophore,aligned,decoy
ZINCk800000J9Yv8,294,13.617252686572737,standard_3d_pharmacophore,aligned,decoy
ZINCk700000y8mIQ,295,13.615642292242448,standard_3d_pharmacophore,aligned,decoy
ZINCk700000GfDpH,296,13.61130893846984,standard_3d_pharmacophore,aligned,decoy
ZINCk500000cLfyB,297,13.611019825096966,standard_3d_pharmacophore,aligned,decoy
ZINCk8000004jZyy,298,13.607879315548946,standard_3d_pharmacophore,aligned,decoy
ZINCj500000kGdi1,299,13.601785996129363,standard_3d_pharmacophore,aligned,decoy
ZINCk800000xcqB6,300,13.601365079506008,standard_3d_pharmacophore,aligned,decoy
ZINCk8000018TF12,301,13.599419191848254,standard_3d_pharmacophore,aligned,decoy
CHEMBL2364381,302,13.598069002958702,standard_3d_pharmacophore,aligned,active
ZINCk50000046wAT,303,13.597989756922612,standard_3d_pharmacophore,aligned,decoy
ZINCk8000004iHzY,304,13.591566729905486,standard_3d_pharmacophore,aligned,decoy
ZINCk800000Pzw7e,305,13.590588130468342,standard_3d_pharmacophore,aligned,decoy
ZINCk5000003YBaj,306,13.58318635806965,standard_3d_pharmacophore,aligned,decoy
ZINCk500000dp9hX,307,13.58024485521451,standard_3d_pharmacophore,aligned,decoy
ZINCk5000009EnuW,308,13.577162811203037,standard_3d_pharmacophore,aligned,decoy
ZINCk6000018T3ti,309,13.575443716274822,standard_3d_pharmacophore,aligned,decoy
ZINCk600000drbOX,310,13.571650082882742,standard_3d_pharmacophore,aligned,decoy
ZINCk7000004giYl,311,13.570639182780708,standard_3d_pharmacophore,aligned,decoy
ZINCk800000Ja11J,312,13.564562826470086,standard_3d_pharmacophore,aligned,decoy
ZINCk8000004iRkN,313,13.56246001390994,standard_3d_pharmacophore,aligned,decoy
ZINCk7000004f06q,314,13.561305934795309,standard_3d_pharmacophore,aligned,decoy
ZINCk8000009LATg,315,13.549784094468619,standard_3d_pharmacophore,aligned,decoy
ZINCk800001bPkgG,316,13.546795079389753,standard_3d_pharmacophore,aligned,decoy
ZINCk500000gdrtO,317,13.546517524808033,standard_3d_pharmacophore,aligned,decoy
ZINCk600000JTwTJ,318,13.543201978884968,standard_3d_pharmacophore,aligned,decoy
ZINCk700000gsaIB,319,13.542500790311855,standard_3d_pharmacophore,aligned,decoy
ZINCk50000040Was,320,13.542495347274071,standard_3d_pharmacophore,aligned,decoy
ZINCk500000g9TiP,321,13.53750502456129,standard_3d_pharmacophore,aligned,decoy
ZINCk5000003ZI2T,322,13.53691531597265,standard_3d_pharmacophore,aligned,decoy
ZINCj600000JTGna,323,13.525247411278027,standard_3d_pharmacophore,aligned,decoy
ZINCi800000AJ9Nz,324,13.521924799590561,standard_3d_pharmacophore,aligned,decoy
ZINCk800000AJ7js,325,13.521801994139233,standard_3d_pharmacophore,aligned,decoy
ZINCk800000wf4BS,326,13.51719068590595,standard_3d_pharmacophore,aligned,decoy
ZINCk6000004dOFg,327,13.516110015552686,standard_3d_pharmacophore,aligned,decoy
CHEMBL2364354,328,13.511786176915564,standard_3d_pharmacophore,aligned,active
ZINCk800000ciGFd,329,13.509237552675303,standard_3d_pharmacophore,aligned,decoy
ZINCk6000018TdYz,330,13.507995449413599,standard_3d_pharmacophore,aligned,decoy
ZINCk8000004jvBo,331,13.504385879654242,standard_3d_pharmacophore,aligned,decoy
ZINCk500000dqnIZ,332,13.477461674305331,standard_3d_pharmacophore,aligned,decoy
ZINCk7000009KfII,333,13.477441844304764,standard_3d_pharmacophore,aligned,decoy
ZINCk800000JT7sU,334,13.476015109056549,standard_3d_pharmacophore,aligned,decoy
ZINCk800000PtDR3,335,13.471816645283495,standard_3d_pharmacophore,aligned,decoy
ZINCk600000JTqNW,336,13.468149524744682,standard_3d_pharmacophore,aligned,decoy
ZINCk800000EmvNl,337,13.466017725837396,standard_3d_pharmacophore,aligned,decoy
ZINCk500000doSkc,338,13.465085614755502,standard_3d_pharmacophore,aligned,decoy
ZINCk6000009J17k,339,13.461295537708368,standard_3d_pharmacophore,aligned,decoy
ZINCk8000004igEu,340,13.457082819926036,standard_3d_pharmacophore,aligned,decoy
ZINCk800000gv7ra,341,13.456400298702569,standard_3d_pharmacophore,aligned,decoy
ZINCk50000046Mko,342,13.456016008375949,standard_3d_pharmacophore,aligned,decoy
ZINCj600000BnR94,343,13.455338141417844,standard_3d_pharmacophore,aligned,decoy
ZINCj800000d8K5Z,344,13.45287094796374,standard_3d_pharmacophore,aligned,decoy
ZINCk800000JThtc,345,13.448986941906899,standard_3d_pharmacophore,aligned,decoy
ZINCk7000004fB5p,346,13.448217558838428,standard_3d_pharmacophore,aligned,decoy
ZINCk800000PzJpT,347,13.445615055690798,standard_3d_pharmacophore,aligned,decoy
ZINCk600000PuCPU,348,13.443055257310906,standard_3d_pharmacophore,aligned,decoy
ZINCk500000g6Abx,349,13.442547590830214,standard_3d_pharmacophore,aligned,decoy
ZINCk800000JTzhF,350,13.441657110146439,standard_3d_pharmacophore,aligned,decoy
ZINCk8000004idJG,351,13.419196456316081,standard_3d_pharmacophore,aligned,decoy
ZINCk50000045enc,352,13.418106176692293,standard_3d_pharmacophore,aligned,decoy
ZINCk700000Bmpfm,353,13.414131387096973,standard_3d_pharmacophore,aligned,decoy
ZINCk7000004fqpt,354,13.41104528716678,standard_3d_pharmacophore,aligned,decoy
ZINCi800000JYTPE,355,13.407585803931854,standard_3d_pharmacophore,aligned,decoy
ZINCk600000wsuKv,356,13.406293914753535,standard_3d_pharmacophore,aligned,decoy
ZINCk7000004f99a,357,13.405486700705751,standard_3d_pharmacophore,aligned,decoy
CHEMBL272540,358,13.402783789920662,standard_3d_pharmacophore,aligned,active
ZINCj700000fpWFT,359,13.401620984383113,standard_3d_pharmacophore,aligned,decoy
ZINCk8000004jrUr,360,13.400894564323586,standard_3d_pharmacophore,aligned,decoy
ZINCk7000018SB2Y,361,13.395111918175537,standard_3d_pharmacophore,aligned,decoy
ZINCk6000018T1rd,362,13.389542679044261,standard_3d_pharmacophore,aligned,decoy
ZINCk700000JUwjR,363,13.386891604276924,standard_3d_pharmacophore,aligned,decoy
ZINCk600000JUaNj,364,13.382843556435656,standard_3d_pharmacophore,aligned,decoy
ZINCk7000004g4Ix,365,13.381789092721123,standard_3d_pharmacophore,aligned,decoy
ZINCk7000004frZ1,366,13.38006813330731,standard_3d_pharmacophore,aligned,decoy
ZINCk6000009JfCz,367,13.379290697734795,standard_3d_pharmacophore,aligned,decoy
ZINCk700000AJ4GX,368,13.375975362040286,standard_3d_pharmacophore,aligned,decoy
ZINCk800000gvoMK,369,13.375750935388682,standard_3d_pharmacophore,aligned,decoy
ZINCk8000004jDd8,370,13.371801783252648,standard_3d_pharmacophore,aligned,decoy
ZINCk600000JUrop,371,13.369802276832068,standard_3d_pharmacophore,aligned,decoy
ZINCk700000JTKDZ,372,13.369257050652353,standard_3d_pharmacophore,aligned,decoy
ZINCk800000ds8tC,373,13.363976498612956,standard_3d_pharmacophore,aligned,decoy
ZINCk800001bQcGS,374,13.360199541183944,standard_3d_pharmacophore,aligned,decoy
ZINCk700000Py3Sq,375,13.35967314386867,standard_3d_pharmacophore,aligned,decoy
ZINCk600000PBNlG,376,13.357993121135834,standard_3d_pharmacophore,aligned,decoy
ZINCk7000004fPzD,377,13.3565190614341,standard_3d_pharmacophore,aligned,decoy
ZINCk800000guMRj,378,13.355234202768825,standard_3d_pharmacophore,aligned,decoy
ZINCj800000wOPwk,379,13.353313246333492,standard_3d_pharmacophore,aligned,decoy
ZINCk700001bPzgd,380,13.353138557775267,standard_3d_pharmacophore,aligned,decoy
ZINCk800000PzIYD,381,13.350696823700103,standard_3d_pharmacophore,aligned,decoy
ZINCk800000GfGDQ,382,13.345532224618715,standard_3d_pharmacophore,aligned,decoy
ZINCi800000Bo1eg,383,13.344167118855726,standard_3d_pharmacophore,aligned,decoy
ZINCk800000JUvI5,384,13.335082485847678,standard_3d_pharmacophore,aligned,decoy
CHEMBL251573,385,13.334121914761615,standard_3d_pharmacophore,aligned,active
ZINCk6000009JcSt,386,13.333175213735421,standard_3d_pharmacophore,aligned,decoy
ZINCk700000PC0VL,387,13.321836553250003,standard_3d_pharmacophore,aligned,decoy
ZINCk6000004bAlI,388,13.319139310427701,standard_3d_pharmacophore,aligned,decoy
ZINCj600000BmDgh,389,13.316141464776265,standard_3d_pharmacophore,aligned,decoy
ZINCk600000gpSos,390,13.31588376799449,standard_3d_pharmacophore,aligned,decoy
ZINCk600001bPFdy,391,13.312888372792669,standard_3d_pharmacophore,aligned,decoy
ZINCk500000gaCoT,392,13.312748381533565,standard_3d_pharmacophore,aligned,decoy
ZINCj8000002qCdt,393,13.308108397613022,standard_3d_pharmacophore,aligned,decoy
ZINCk600000JS3rs,394,13.306027064504107,standard_3d_pharmacophore,aligned,decoy
ZINCj5000002bSsG,395,13.301069463605417,standard_3d_pharmacophore,aligned,decoy
ZINCk600000x0vdQ,396,13.296257159565656,standard_3d_pharmacophore,aligned,decoy
ZINCk7000018Two3,397,13.29611930329556,standard_3d_pharmacophore,aligned,decoy
ZINCk8000018TeAi,398,13.293195447361724,standard_3d_pharmacophore,aligned,decoy
ZINCk7000004eXUk,399,13.290833314174339,standard_3d_pharmacophore,aligned,decoy
ZINCk800001bQ4eg,400,13.290560774468267,standard_3d_pharmacophore,aligned,decoy
ZINCk5000003Y4B8,401,13.278999509702816,standard_3d_pharmacophore,aligned,decoy
ZINCk500000geQFV,402,13.278321927857517,standard_3d_pharmacophore,aligned,decoy
ZINCk8000004iIso,403,13.277767052141094,standard_3d_pharmacophore,aligned,decoy
CHEMBL516602,404,13.269605068409192,standard_3d_pharmacophore,aligned,active
ZINCk700000grSHe,405,13.26761995542838,standard_3d_pharmacophore,aligned,decoy
ZINCj8000002qaPa,406,13.266256190134982,standard_3d_pharmacophore,aligned,decoy
ZINCk8000004jPT7,407,13.2650779057741,standard_3d_pharmacophore,aligned,decoy
ZINCk6000004cnOP,408,13.264432455086611,standard_3d_pharmacophore,aligned,decoy
ZINCk800000PClk5,409,13.260822473402438,standard_3d_pharmacophore,aligned,decoy
ZINCj8000018TeD3,410,13.252200266258713,standard_3d_pharmacophore,aligned,decoy
ZINCk800000PCuSg,411,13.251930905791586,standard_3d_pharmacophore,aligned,decoy
ZINCk800000JTa1Z,412,13.24936226171416,standard_3d_pharmacophore,aligned,decoy
ZINCk7000009KtlE,413,13.246659451134635,standard_3d_pharmacophore,aligned,decoy
ZINCk8000004iPfa,414,13.241382519072298,standard_3d_pharmacophore,aligned,decoy
ZINCk600000gpP0Q,415,13.23338873508025,standard_3d_pharmacophore,aligned,decoy
ZINCk700000JTQhm,416,13.232727749079697,standard_3d_pharmacophore,aligned,decoy
ZINCk600000dqTzA,417,13.232180882545702,standard_3d_pharmacophore,aligned,decoy
ZINCk50000041Fyp,418,13.232104375655856,standard_3d_pharmacophore,aligned,decoy
ZINCk8000018T3g5,419,13.226791926582413,standard_3d_pharmacophore,aligned,decoy
ZINCj7000018UyRg,420,13.226140007408443,standard_3d_pharmacophore,aligned,decoy
ZINCk600000PuGUg,421,13.224002396103261,standard_3d_pharmacophore,aligned,decoy
ZINCj600000d82tf,422,13.222890641799813,standard_3d_pharmacophore,aligned,decoy
ZINCk8000009LPH2,423,13.219618221175393,standard_3d_pharmacophore,aligned,decoy
ZINCk6000004cEZj,424,13.219452286547714,standard_3d_pharmacophore,aligned,decoy
ZINCk600000AJbbx,425,13.213039149628292,standard_3d_pharmacophore,aligned,decoy
ZINCk8000009LywA,426,13.21217957616359,standard_3d_pharmacophore,aligned,decoy
ZINCk8000004ikkL,427,13.206356896634814,standard_3d_pharmacophore,aligned,decoy
ZINCj8000002qF7s,428,13.205979773451185,standard_3d_pharmacophore,aligned,decoy
ZINCk800000gviM2,429,13.203018572353505,standard_3d_pharmacophore,aligned,decoy
ZINCk600000PuhGA,430,13.202198771020054,standard_3d_pharmacophore,aligned,decoy
ZINCk8000004ihp9,431,13.196035252844055,standard_3d_pharmacophore,aligned,decoy
ZINCh800000PTxP3,432,13.193090090952678,standard_3d_pharmacophore,aligned,decoy
ZINCj8000002qqlc,433,13.19275718805474,standard_3d_pharmacophore,aligned,decoy
ZINCk800000Bn1an,434,13.192525353946156,standard_3d_pharmacophore,aligned,decoy
ZINCk50000041Ekg,435,13.191583094718744,standard_3d_pharmacophore,aligned,decoy
ZINCk7000004eWZp,436,13.190935986318117,standard_3d_pharmacophore,aligned,decoy
ZINCk7000009Kdhb,437,13.18507713440463,standard_3d_pharmacophore,aligned,decoy
ZINCk7000009KDux,438,13.184792525942198,standard_3d_pharmacophore,aligned,decoy
ZINCk600000Gf3R9,439,13.180461511194814,standard_3d_pharmacophore,aligned,decoy
ZINCk700000JRVBa,440,13.179691091610772,standard_3d_pharmacophore,aligned,decoy
ZINCi600000Bp7vA,441,13.178954011932186,standard_3d_pharmacophore,aligned,decoy
ZINCk700000PBORJ,442,13.177524080208517,standard_3d_pharmacophore,aligned,decoy
ZINCk600000gpEze,443,13.172744458020262,standard_3d_pharmacophore,aligned,decoy
ZINCk800000EmnwH,444,13.170126509641703,standard_3d_pharmacophore,aligned,decoy
ZINCj800000xcKco,445,13.166804657396106,standard_3d_pharmacophore,aligned,decoy
CHEMBL2364480,446,13.166177974584643,standard_3d_pharmacophore,aligned,active
ZINCk6000009JhJN,447,13.163816666179658,standard_3d_pharmacophore,aligned,decoy
ZINCk7000004eGKV,448,13.159048967298434,standard_3d_pharmacophore,aligned,decoy
ZINCk8000004hVmh,449,13.15096518160071,standard_3d_pharmacophore,aligned,decoy
ZINCk5000009E2qh,450,13.150466263727886,standard_3d_pharmacophore,aligned,decoy
ZINCk8000004kaQq,451,13.148258138615253,standard_3d_pharmacophore,aligned,decoy
ZINCk7000004gpez,452,13.147720163476821,standard_3d_pharmacophore,aligned,decoy
ZINCk50000045zWl,453,13.147120704869238,standard_3d_pharmacophore,aligned,decoy
ZINCk600000BmJj3,454,13.143901201108248,standard_3d_pharmacophore,aligned,decoy
ZINCj600000EmrHE,455,13.143614796130173,standard_3d_pharmacophore,aligned,decoy
ZINCk800000EmsNX,456,13.141543276524983,standard_3d_pharmacophore,aligned,decoy
ZINCk700000GfEWD,457,13.138306417034356,standard_3d_pharmacophore,aligned,decoy
ZINCk800000PtZcj,458,13.138037504452177,standard_3d_pharmacophore,aligned,decoy
ZINCk500000g7Yc0,459,13.13764638616467,standard_3d_pharmacophore,aligned,decoy
ZINCk600000JSDum,460,13.133481459315218,standard_3d_pharmacophore,aligned,decoy
ZINCk6000009Jn1R,461,13.132801405308964,standard_3d_pharmacophore,aligned,decoy
ZINCk800000Pv4Yh,462,13.13266436232893,standard_3d_pharmacophore,aligned,decoy
ZINCk800001bPm2Z,463,13.132409623670165,standard_3d_pharmacophore,aligned,decoy
ZINCk800000PAi5j,464,13.131218563499147,standard_3d_pharmacophore,aligned,decoy
ZINCk8000004i2XY,465,13.12570869580177,standard_3d_pharmacophore,aligned,decoy
ZINCk700000FCCRC,466,13.12426469093408,standard_3d_pharmacophore,aligned,decoy
ZINCk6000009JbtI,467,13.122496972031477,standard_3d_pharmacophore,aligned,decoy
ZINCk800000FCGje,468,13.115454215700362,standard_3d_pharmacophore,aligned,decoy
ZINCk700000GfXoA,469,13.11478196775316,standard_3d_pharmacophore,aligned,decoy
ZINCk8000004idWz,470,13.11265394986817,standard_3d_pharmacophore,aligned,decoy
ZINCj600000wMi2D,471,13.11121581701699,standard_3d_pharmacophore,aligned,decoy
ZINCk8000004izgL,472,13.11111966759494,standard_3d_pharmacophore,aligned,decoy
ZINCk700000PwIUo,473,13.110649454336466,standard_3d_pharmacophore,aligned,decoy
ZINCj700000fpUOo,474,13.099837743150546,standard_3d_pharmacophore,aligned,decoy
ZINCk5000009DlN5,475,13.092185965453643,standard_3d_pharmacophore,aligned,decoy
ZINCk800000guKRH,476,13.09120082133316,standard_3d_pharmacophore,aligned,decoy
ZINCj800000d8JIu,477,13.089121445023519,standard_3d_pharmacophore,aligned,decoy
ZINCk7000018SrLs,478,13.087865935491719,standard_3d_pharmacophore,aligned,decoy
ZINCk600000vV0qj,479,13.085548325307,standard_3d_pharmacophore,aligned,decoy
ZINCk600000Emt87,480,13.08374770007208,standard_3d_pharmacophore,aligned,decoy
ZINCk7000004ghsL,481,13.081186820410377,standard_3d_pharmacophore,aligned,decoy
ZINCk8000004iQAf,482,13.078530763308969,standard_3d_pharmacophore,aligned,decoy
ZINCk8000004iefF,483,13.077871944469553,standard_3d_pharmacophore,aligned,decoy
ZINCk800000ds1pZ,484,13.077800007110715,standard_3d_pharmacophore,aligned,decoy
ZINCk8000004iM7p,485,13.07351943896401,standard_3d_pharmacophore,aligned,decoy
ZINCk6000004bJA5,486,13.069998460999505,standard_3d_pharmacophore,aligned,decoy
ZINCk500000428z1,487,13.067917733134118,standard_3d_pharmacophore,aligned,decoy
ZINCk8000018Slw3,488,13.06751291250918,standard_3d_pharmacophore,aligned,decoy
ZINCk800000PzjJw,489,13.060647604499836,standard_3d_pharmacophore,aligned,decoy
ZINCj800001bPtyz,490,13.060443232935297,standard_3d_pharmacophore,aligned,decoy
ZINCk7000018Tb6W,491,13.059494183500963,standard_3d_pharmacophore,aligned,decoy
ZINCk700000wTyDp,492,13.055114597152324,standard_3d_pharmacophore,aligned,decoy
ZINCk600000PwTX4,493,13.05003783093064,standard_3d_pharmacophore,aligned,decoy
ZINCk700000JT9tB,494,13.049792155659114,standard_3d_pharmacophore,aligned,decoy
ZINCj600000PLgxg,495,13.046142783075128,standard_3d_pharmacophore,aligned,decoy
ZINCk7000018TgsP,496,13.04312753702327,standard_3d_pharmacophore,aligned,decoy
ZINCk800000PCa8s,497,13.040452683979778,standard_3d_pharmacophore,aligned,decoy
ZINCk800000gtuQs,498,13.040044583586786,standard_3d_pharmacophore,aligned,decoy
ZINCk7000018SoHT,499,13.038450272513852,standard_3d_pharmacophore,aligned,decoy
ZINCk7000018TAx0,500,13.038431937024116,standard_3d_pharmacophore,aligned,decoy
ZINCk6000004cFCM,501,13.035709930728736,standard_3d_pharmacophore,aligned,decoy
ZINCk50000041FNa,502,13.033772035983054,standard_3d_pharmacophore,aligned,decoy
ZINCk700000drsVz,503,13.033100592883432,standard_3d_pharmacophore,aligned,decoy
ZINCk600000gqIrs,504,13.029147674918521,standard_3d_pharmacophore,aligned,decoy
ZINCk700001bNODj,505,13.024747862462695,standard_3d_pharmacophore,aligned,decoy
ZINCk8000009LOXn,506,13.022389145394,standard_3d_pharmacophore,aligned,decoy
ZINCj700000PzQ9N,507,13.021614110822723,standard_3d_pharmacophore,aligned,decoy
ZINCk600000PBOwt,508,13.015624321833776,standard_3d_pharmacophore,aligned,decoy
ZINCk7000018TsU1,509,13.006185974824044,standard_3d_pharmacophore,aligned,decoy
ZINCk800000AJaCu,510,13.004322300450934,standard_3d_pharmacophore,aligned,decoy
ZINCk800000Bm6KP,511,12.999259748002885,standard_3d_pharmacophore,aligned,decoy
ZINCk600000dqWSv,512,12.999168384534155,standard_3d_pharmacophore,aligned,decoy
ZINCk800000xcj4U,513,12.996246479773085,standard_3d_pharmacophore,aligned,decoy
ZINCk600000wc978,514,12.990917727774148,standard_3d_pharmacophore,aligned,decoy
ZINCj600000JTJXg,515,12.990054536576189,standard_3d_pharmacophore,aligned,decoy
ZINCk600000dqYu8,516,12.987627351431593,standard_3d_pharmacophore,aligned,decoy
ZINCj7000018TgKo,517,12.986305609860462,standard_3d_pharmacophore,aligned,decoy
ZINCk800001bNsmW,518,12.982024349388915,standard_3d_pharmacophore,aligned,decoy
ZINCk600000JUuDT,519,12.973679821823755,standard_3d_pharmacophore,aligned,decoy
ZINCk800000ds96S,520,12.971890820058439,standard_3d_pharmacophore,aligned,decoy
ZINCk600000gqFcL,521,12.969545853495298,standard_3d_pharmacophore,aligned,decoy
ZINCk6000009J9jI,522,12.968040862806115,standard_3d_pharmacophore,aligned,decoy
ZINCk50000041762,523,12.966431694310808,standard_3d_pharmacophore,aligned,decoy
CHEMBL2364485,524,12.96642606357621,standard_3d_pharmacophore,aligned,active
ZINCk800000PAaJW,525,12.964001548826673,standard_3d_pharmacophore,aligned,decoy
ZINCk600000wFRyi,526,12.963756809324096,standard_3d_pharmacophore,aligned,decoy
ZINCk700001bO6B3,527,12.963153941396394,standard_3d_pharmacophore,aligned,decoy
ZINCj700000y9Swu,528,12.962930625266663,standard_3d_pharmacophore,aligned,decoy
ZINCj800000xceQv,529,12.953104519589697,standard_3d_pharmacophore,aligned,decoy
ZINCk8000004jws9,530,12.95038483371583,standard_3d_pharmacophore,aligned,decoy
ZINCk800000w7l6z,531,12.944856126464723,standard_3d_pharmacophore,aligned,decoy
ZINCk800001bOSmG,532,12.943562283138316,standard_3d_pharmacophore,aligned,decoy
ZINCj600000PzKO4,533,12.942011586367506,standard_3d_pharmacophore,aligned,decoy
ZINCk6000004diM0,534,12.940171502023723,standard_3d_pharmacophore,aligned,decoy
ZINCk8000009MfQv,535,12.93959246158325,standard_3d_pharmacophore,aligned,decoy
ZINCk800000PAv9x,536,12.931149041881463,standard_3d_pharmacophore,aligned,decoy
ZINCk500000doDiX,537,12.929362474898788,standard_3d_pharmacophore,aligned,decoy
ZINCk800000JS4po,538,12.927525053926214,standard_3d_pharmacophore,aligned,decoy
ZINCk700000vmfBK,539,12.927362699563641,standard_3d_pharmacophore,aligned,decoy
ZINCk6000009Jfx9,540,12.927169646576884,standard_3d_pharmacophore,aligned,decoy
ZINCk600000Pu5Es,541,12.925041739246517,standard_3d_pharmacophore,aligned,decoy
ZINCk700000PyvBS,542,12.924968167710363,standard_3d_pharmacophore,aligned,decoy
ZINCk700000kIR1n,543,12.923994526192345,standard_3d_pharmacophore,aligned,decoy
ZINCk800000guvDk,544,12.91823690014825,standard_3d_pharmacophore,aligned,decoy
ZINCk5000004176C,545,12.917996026766128,standard_3d_pharmacophore,aligned,decoy
ZINCk600000vkR8A,546,12.917165423326916,standard_3d_pharmacophore,aligned,decoy
ZINCk6000004dm5O,547,12.91631293270638,standard_3d_pharmacophore,aligned,decoy
ZINCj800000JXfk6,548,12.90619306948507,standard_3d_pharmacophore,aligned,decoy
ZINCk8000004jFzp,549,12.900639763307012,standard_3d_pharmacophore,aligned,decoy
ZINCk500000gdi0R,550,12.900155409982531,standard_3d_pharmacophore,aligned,decoy
ZINCk600000ciA2g,551,12.899158402911592,standard_3d_pharmacophore,aligned,decoy
ZINCk500000gblMz,552,12.88680175887176,standard_3d_pharmacophore,aligned,decoy
ZINCk700000y8p6a,553,12.88365890010818,standard_3d_pharmacophore,aligned,decoy
ZINCk6000004dyRI,554,12.880987698956716,standard_3d_pharmacophore,aligned,decoy
ZINCk7000018SQX4,555,12.88076494602995,standard_3d_pharmacophore,aligned,decoy
ZINCk700000Gg5Qi,556,12.878649242726281,standard_3d_pharmacophore,aligned,decoy
ZINCk8000004iQEh,557,12.877492794656057,standard_3d_pharmacophore,aligned,decoy
ZINCj700000JVhgW,558,12.875452602335272,standard_3d_pharmacophore,aligned,decoy
ZINCk700000PAkw8,559,12.866685943250596,standard_3d_pharmacophore,aligned,decoy
ZINCj800000JUSFh,560,12.866382537816673,standard_3d_pharmacophore,aligned,decoy
ZINCk700000BmJRF,561,12.865991894292142,standard_3d_pharmacophore,aligned,decoy
ZINCk800000JTW5c,562,12.86565001640336,standard_3d_pharmacophore,aligned,decoy
ZINCk700001bPyy0,563,12.865068465668845,standard_3d_pharmacophore,aligned,decoy
ZINCj700000En5Xn,564,12.86022684224577,standard_3d_pharmacophore,aligned,decoy
ZINCk7000004gUm4,565,12.857895245456596,standard_3d_pharmacophore,aligned,decoy
ZINCk8000009LIS1,566,12.856158343284276,standard_3d_pharmacophore,aligned,decoy
ZINCk800000x7jWF,567,12.853309576428153,standard_3d_pharmacophore,aligned,decoy
ZINCk800000FCw0h,568,12.845609209525472,standard_3d_pharmacophore,aligned,decoy
ZINCk800000vbXW0,569,12.839330659607553,standard_3d_pharmacophore,aligned,decoy
ZINCk700000GfkCG,570,12.83854150664446,standard_3d_pharmacophore,aligned,decoy
ZINCk600001bO4rj,571,12.83487508901649,standard_3d_pharmacophore,aligned,decoy
ZINCi700000c8Egw,572,12.832377668717696,standard_3d_pharmacophore,aligned,decoy
ZINCj500000rkpUe,573,12.82806014094268,standard_3d_pharmacophore,aligned,decoy
ZINCj7000002nZj8,574,12.816904641240741,standard_3d_pharmacophore,aligned,decoy
ZINCj7000002oLyU,575,12.814159261057297,standard_3d_pharmacophore,aligned,decoy
ZINCk8000004ihbU,576,12.811920564325025,standard_3d_pharmacophore,aligned,decoy
ZINCj500000vjPNX,577,12.811275406503682,standard_3d_pharmacophore,aligned,decoy
ZINCk600000Emwp9,578,12.809823312651334,standard_3d_pharmacophore,aligned,decoy
ZINCk800000BncXK,579,12.808159156508061,standard_3d_pharmacophore,aligned,decoy
ZINCk700000PAEHx,580,12.807456712781905,standard_3d_pharmacophore,aligned,decoy
ZINCj700000PLhRL,581,12.807007834304372,standard_3d_pharmacophore,aligned,decoy
ZINCk700000drlal,582,12.804786766570334,standard_3d_pharmacophore,aligned,decoy
ZINCk800000PA0o2,583,12.802334500454469,standard_3d_pharmacophore,aligned,decoy
ZINCk7000004fgjZ,584,12.801964119592808,standard_3d_pharmacophore,aligned,decoy
ZINCj800000JT294,585,12.79976191139796,standard_3d_pharmacophore,aligned,decoy
ZINCj800000JTKIn,586,12.799458414834556,standard_3d_pharmacophore,aligned,decoy
ZINCk600000PAEmt,587,12.794826929349705,standard_3d_pharmacophore,aligned,decoy
ZINCk7000004ePrx,588,12.792083877207023,standard_3d_pharmacophore,aligned,decoy
ZINCk600000wfhCZ,589,12.791209596930937,standard_3d_pharmacophore,aligned,decoy
ZINCk800000JSVPN,590,12.789764532536559,standard_3d_pharmacophore,aligned,decoy
ZINCk800001bNn6H,591,12.787900256253554,standard_3d_pharmacophore,aligned,decoy
ZINCj600000JXdK3,592,12.786823565728607,standard_3d_pharmacophore,aligned,decoy
ZINCk5000009E2wp,593,12.784620757402635,standard_3d_pharmacophore,aligned,decoy
ZINCk600000gpl0n,594,12.78252355804534,standard_3d_pharmacophore,aligned,decoy
ZINCj600000Enfit,595,12.781488744097926,standard_3d_pharmacophore,aligned,decoy
ZINCk5000003YnhZ,596,12.779782059885363,standard_3d_pharmacophore,aligned,decoy
ZINCj800000wXIrv,597,12.779418195710301,standard_3d_pharmacophore,aligned,decoy
ZINCk8000004i3j7,598,12.77446243182616,standard_3d_pharmacophore,aligned,decoy
ZINCk800000EmtYp,599,12.768906376810866,standard_3d_pharmacophore,aligned,decoy
ZINCk600000gqrRP,600,12.767841686887035,standard_3d_pharmacophore,aligned,decoy
ZINCk700000EmACQ,601,12.765704614942493,standard_3d_pharmacophore,aligned,decoy
ZINCk600000JUn47,602,12.765275175907258,standard_3d_pharmacophore,aligned,decoy
ZINCk700000drxKe,603,12.761609086163691,standard_3d_pharmacophore,aligned,decoy
ZINCk5000003XxBJ,604,12.75932023798419,standard_3d_pharmacophore,aligned,decoy
ZINCk700000FCqam,605,12.758427191797592,standard_3d_pharmacophore,aligned,decoy
ZINCk800000FCBLz,606,12.75839306728984,standard_3d_pharmacophore,aligned,decoy
ZINCk500000gdOs9,607,12.756761136379128,standard_3d_pharmacophore,aligned,decoy
ZINCk600000PAvbT,608,12.756645169603372,standard_3d_pharmacophore,aligned,decoy
ZINCk800000PuUt7,609,12.753816147959919,standard_3d_pharmacophore,aligned,decoy
ZINCk800000JTulP,610,12.748582302063477,standard_3d_pharmacophore,aligned,decoy
ZINCk5000009FECS,611,12.7457552391538,standard_3d_pharmacophore,aligned,decoy
ZINCj700000Ja026,612,12.74308724476128,standard_3d_pharmacophore,aligned,decoy
ZINCk800000ciFEC,613,12.74286740984724,standard_3d_pharmacophore,aligned,decoy
ZINCk800000AIXTW,614,12.742577402651682,standard_3d_pharmacophore,aligned,decoy
ZINCj700000wcwmh,615,12.739072646665138,standard_3d_pharmacophore,aligned,decoy
ZINCk6000004crq7,616,12.731509439790651,standard_3d_pharmacophore,aligned,decoy
ZINCk7000009KAsZ,617,12.72857781175139,standard_3d_pharmacophore,aligned,decoy
ZINCk8000004igeh,618,12.727362300721863,standard_3d_pharmacophore,aligned,decoy
ZINCk600000kGxFp,619,12.722866968159549,standard_3d_pharmacophore,aligned,decoy
ZINCj600000y9mSf,620,12.721922711405467,standard_3d_pharmacophore,aligned,decoy
ZINCk5000003ZIJw,621,12.718825191161592,standard_3d_pharmacophore,aligned,decoy
ZINCk8000004jD2w,622,12.718261509835418,standard_3d_pharmacophore,aligned,decoy
ZINCk700000JTCa8,623,12.715106416845499,standard_3d_pharmacophore,aligned,decoy
ZINCk800000guuTo,624,12.7146042008715,standard_3d_pharmacophore,aligned,decoy
ZINCk6000009Jov9,625,12.712189720686473,standard_3d_pharmacophore,aligned,decoy
ZINCk700000gsUpf,626,12.707798838760198,standard_3d_pharmacophore,aligned,decoy
ZINCk5000009Dwqq,627,12.706246454475275,standard_3d_pharmacophore,aligned,decoy
ZINCk6000018TEIZ,628,12.705678743250658,standard_3d_pharmacophore,aligned,decoy
ZINCk800000wSlDf,629,12.704835123665495,standard_3d_pharmacophore,aligned,decoy
ZINCk600000w04TU,630,12.703699989410143,standard_3d_pharmacophore,aligned,decoy
ZINCj8000002rmnP,631,12.702611584215855,standard_3d_pharmacophore,aligned,decoy
ZINCk600000gpl5k,632,12.70238947978306,standard_3d_pharmacophore,aligned,decoy
ZINCj800000frHgL,633,12.694372786640983,standard_3d_pharmacophore,aligned,decoy
ZINCj800000FCplr,634,12.693839826036486,standard_3d_pharmacophore,aligned,decoy
ZINCk700000drpYH,635,12.689770655804313,standard_3d_pharmacophore,aligned,decoy
ZINCj800000JWqZ3,636,12.688457770058895,standard_3d_pharmacophore,aligned,decoy
ZINCk700000BnhvB,637,12.688452779824255,standard_3d_pharmacophore,aligned,decoy
ZINCk700000J9ZzA,638,12.686253547129892,standard_3d_pharmacophore,aligned,decoy
ZINCk8000009M57r,639,12.682203122483976,standard_3d_pharmacophore,aligned,decoy
ZINCk800000PtTvJ,640,12.679220467607925,standard_3d_pharmacophore,aligned,decoy
ZINCj8000002rmsI,641,12.67891526011993,standard_3d_pharmacophore,aligned,decoy
ZINCk7000004gCT8,642,12.674251646876344,standard_3d_pharmacophore,aligned,decoy
ZINCk8000004hXRR,643,12.673119128895921,standard_3d_pharmacophore,aligned,decoy
ZINCk7000018SQo1,644,12.671330140459961,standard_3d_pharmacophore,aligned,decoy
ZINCk8000004izgH,645,12.67119222129796,standard_3d_pharmacophore,aligned,decoy
ZINCk800000JTRZd,646,12.669835118646182,standard_3d_pharmacophore,aligned,decoy
ZINCk6000009JrQK,647,12.66958610623658,standard_3d_pharmacophore,aligned,decoy
ZINCj800000PHguV,648,12.668610486876474,standard_3d_pharmacophore,aligned,decoy
ZINCk7000004eKcr,649,12.666155433307985,standard_3d_pharmacophore,aligned,decoy
ZINCk5000009EUrq,650,12.664947223376041,standard_3d_pharmacophore,aligned,decoy
ZINCk6000009JszJ,651,12.663304725525474,standard_3d_pharmacophore,aligned,decoy
ZINCk7000018Tu8t,652,12.66235649180224,standard_3d_pharmacophore,aligned,decoy
ZINCk6000004dvjo,653,12.65670925346131,standard_3d_pharmacophore,aligned,decoy
ZINCk800000PzXtl,654,12.65292426291397,standard_3d_pharmacophore,aligned,decoy
ZINCk500000cirM6,655,12.651990360510759,standard_3d_pharmacophore,aligned,decoy
ZINCk800000wvSlI,656,12.65133282215375,standard_3d_pharmacophore,aligned,decoy
ZINCj500000fhuCA,657,12.650030686966923,standard_3d_pharmacophore,aligned,decoy
ZINCk600000wuUIZ,658,12.649240774016985,standard_3d_pharmacophore,aligned,decoy
ZINCk7000004eR7K,659,12.648248308107894,standard_3d_pharmacophore,aligned,decoy
ZINCj5000009gr4R,660,12.648046054500997,standard_3d_pharmacophore,aligned,decoy
ZINCk700000JSqUm,661,12.645699532769097,standard_3d_pharmacophore,aligned,decoy
ZINCj800000JW6dA,662,12.644402767201116,standard_3d_pharmacophore,aligned,decoy
ZINCk600000Pyhgy,663,12.644206080131276,standard_3d_pharmacophore,aligned,decoy
ZINCk800000J9TM3,664,12.64128067876821,standard_3d_pharmacophore,aligned,decoy
ZINCk700000JTjFp,665,12.638794034485352,standard_3d_pharmacophore,aligned,decoy
ZINCk7000004eXoI,666,12.63832893112942,standard_3d_pharmacophore,aligned,decoy
ZINCh700001bTGJt,667,12.635951010524586,standard_3d_pharmacophore,aligned,decoy
CHEMBL2364468,668,12.634113656939553,standard_3d_pharmacophore,aligned,active
ZINCk6000004ccwi,669,12.633817552553577,standard_3d_pharmacophore,aligned,decoy
ZINCk800000Pyl8f,670,12.630321386795357,standard_3d_pharmacophore,aligned,decoy
ZINCk7000004ghqZ,671,12.625832812236867,standard_3d_pharmacophore,aligned,decoy
ZINCk6000004dXpw,672,12.624226469113001,standard_3d_pharmacophore,aligned,decoy
ZINCk800000guuPx,673,12.624180890194864,standard_3d_pharmacophore,aligned,decoy
ZINCk800000JTjUb,674,12.619509239344838,standard_3d_pharmacophore,aligned,decoy
ZINCk700000Em93S,675,12.61696781618963,standard_3d_pharmacophore,aligned,decoy
ZINCk700000JUxbB,676,12.613799335424662,standard_3d_pharmacophore,aligned,decoy
ZINCk8000004iLRe,677,12.612122254320086,standard_3d_pharmacophore,aligned,decoy
ZINCk5000009Dta4,678,12.61162299263792,standard_3d_pharmacophore,aligned,decoy
ZINCk600000dqY1l,679,12.606206342827198,standard_3d_pharmacophore,aligned,decoy
ZINCk7000009L5iO,680,12.60533065598075,standard_3d_pharmacophore,aligned,decoy
ZINCk800000gur55,681,12.600389016373766,standard_3d_pharmacophore,aligned,decoy
ZINCj8000002qqn2,682,12.597877825847593,standard_3d_pharmacophore,aligned,decoy
ZINCk7000004fsSG,683,12.597306529490986,standard_3d_pharmacophore,aligned,decoy
ZINCk50000042Cs4,684,12.596905404816708,standard_3d_pharmacophore,aligned,decoy
ZINCk500000dolMR,685,12.596742782847894,standard_3d_pharmacophore,aligned,decoy
ZINCk600000PACTH,686,12.594869518066545,standard_3d_pharmacophore,aligned,decoy
ZINCk5000003XypT,687,12.592861210149284,standard_3d_pharmacophore,aligned,decoy
ZINCk600000xclbz,688,12.590280029808158,standard_3d_pharmacophore,aligned,decoy
ZINCk600000wI9FZ,689,12.589616092575337,standard_3d_pharmacophore,aligned,decoy
ZINCk800000PAcNZ,690,12.589367030567278,standard_3d_pharmacophore,aligned,decoy
ZINCk700000JTlhY,691,12.585488383402533,standard_3d_pharmacophore,aligned,decoy
ZINCk800000PC3Tk,692,12.584728280703851,standard_3d_pharmacophore,aligned,decoy
ZINCk600000vWK0V,693,12.580133362745975,standard_3d_pharmacophore,aligned,decoy
ZINCk600000JTuzP,694,12.57897195864901,standard_3d_pharmacophore,aligned,decoy
ZINCk8000004iyuD,695,12.578823614323449,standard_3d_pharmacophore,aligned,decoy
ZINCk5000003Wmu3,696,12.577029911725392,standard_3d_pharmacophore,aligned,decoy
ZINCk700000GfJtL,697,12.577024769727476,standard_3d_pharmacophore,aligned,decoy
ZINCk800001bPNKA,698,12.567947952045255,standard_3d_pharmacophore,aligned,decoy
ZINCk6000004cBFx,699,12.56573189709292,standard_3d_pharmacophore,aligned,decoy
ZINCk700000JT2ZH,700,12.565096895585956,standard_3d_pharmacophore,aligned,decoy
ZINCk600000JSdfM,701,12.564065603796111,standard_3d_pharmacophore,aligned,decoy
ZINCj600000xcUli,702,12.561412845816923,standard_3d_pharmacophore,aligned,decoy
ZINCk7000004fo8S,703,12.560000830726448,standard_3d_pharmacophore,aligned,decoy
ZINCj500000xchqe,704,12.559316584906046,standard_3d_pharmacophore,aligned,decoy
ZINCj800000FCtqd,705,12.556127688642903,standard_3d_pharmacophore,aligned,decoy
ZINCk600000PASTp,706,12.553573796377476,standard_3d_pharmacophore,aligned,decoy
ZINCk8000018SXlV,707,12.552915569599222,standard_3d_pharmacophore,aligned,decoy
ZINCi80000014rjS,708,12.551746971914733,standard_3d_pharmacophore,aligned,decoy
ZINCk800000JTo59,709,12.548996117660506,standard_3d_pharmacophore,aligned,decoy
ZINCi700000wiEOb,710,12.548176939161555,standard_3d_pharmacophore,aligned,decoy
ZINCj500000xchqL,711,12.545701417874172,standard_3d_pharmacophore,aligned,decoy
ZINCk8000009MbXD,712,12.545380862528381,standard_3d_pharmacophore,aligned,decoy
ZINCj800000PAGkZ,713,12.542924841307881,standard_3d_pharmacophore,aligned,decoy
ZINCk700000GgcRw,714,12.542239162019376,standard_3d_pharmacophore,aligned,decoy
ZINCk600000xcctW,715,12.535351733573718,standard_3d_pharmacophore,aligned,decoy
ZINCk800000PzxvE,716,12.534836759412375,standard_3d_pharmacophore,aligned,decoy
ZINCj800000En6Uf,717,12.534422584911457,standard_3d_pharmacophore,aligned,decoy
ZINCj700000AJvSk,718,12.529588906081488,standard_3d_pharmacophore,aligned,decoy
ZINCk8000018TeAg,719,12.529329179008032,standard_3d_pharmacophore,aligned,decoy
ZINCk50000046fbF,720,12.526137208559154,standard_3d_pharmacophore,aligned,decoy
ZINCk8000004iy1r,721,12.525179858310876,standard_3d_pharmacophore,aligned,decoy
ZINCk5000009BMiE,722,12.523033322797447,standard_3d_pharmacophore,aligned,decoy
ZINCk800000PtRsA,723,12.522978857128829,standard_3d_pharmacophore,aligned,decoy
ZINCk600000EmB7T,724,12.517525978644382,standard_3d_pharmacophore,aligned,decoy
ZINCk800000JTOPk,725,12.516031558850905,standard_3d_pharmacophore,aligned,decoy
ZINCj600000JTQcL,726,12.515919045155346,standard_3d_pharmacophore,aligned,decoy
ZINCk800000viWnO,727,12.512073607162058,standard_3d_pharmacophore,aligned,decoy
ZINCj700000GhsON,728,12.51177169882505,standard_3d_pharmacophore,aligned,decoy
ZINCk7000004glTj,729,12.510289687332016,standard_3d_pharmacophore,aligned,decoy
ZINCj600000JTtH9,730,12.509955186216866,standard_3d_pharmacophore,aligned,decoy
ZINCk700000PzpaI,731,12.508972600070237,standard_3d_pharmacophore,aligned,decoy
ZINCj800000Bmyjl,732,12.50494745789348,standard_3d_pharmacophore,aligned,decoy
ZINCk700000drDhE,733,12.501398860456998,standard_3d_pharmacophore,aligned,decoy
ZINCk800000PABVr,734,12.500837573190738,standard_3d_pharmacophore,aligned,decoy
ZINCk800000PwEUu,735,12.499519744750344,standard_3d_pharmacophore,aligned,decoy
ZINCk700000Ja0Nh,736,12.493618181335298,standard_3d_pharmacophore,aligned,decoy
ZINCj6000002lqSe,737,12.493387564109671,standard_3d_pharmacophore,aligned,decoy
ZINCk700000PxsIP,738,12.490732348547771,standard_3d_pharmacophore,aligned,decoy
ZINCk500000gfRPR,739,12.49070945787391,standard_3d_pharmacophore,aligned,decoy
ZINCk800000y7OLt,740,12.48960260159951,standard_3d_pharmacophore,aligned,decoy
ZINCk8000004iBWp,741,12.48950673915335,standard_3d_pharmacophore,aligned,decoy
ZINCk50000047sNG,742,12.486374473472532,standard_3d_pharmacophore,aligned,decoy
ZINCk800000PwFwf,743,12.483676613875346,standard_3d_pharmacophore,aligned,decoy
ZINCk800000JSXu8,744,12.48100993692445,standard_3d_pharmacophore,aligned,decoy
ZINCk800000EmvSi,745,12.47793535982499,standard_3d_pharmacophore,aligned,decoy
ZINCj800000JW6dz,746,12.477854607645876,standard_3d_pharmacophore,aligned,decoy
ZINCk500000gfzoE,747,12.476412415530168,standard_3d_pharmacophore,aligned,decoy
ZINCk8000004iiBi,748,12.47600906495377,standard_3d_pharmacophore,aligned,decoy
ZINCk6000004dahA,749,12.470770293776207,standard_3d_pharmacophore,aligned,decoy
ZINCk5000009G4cz,750,12.469758867012965,standard_3d_pharmacophore,aligned,decoy
ZINCj600000EmD8H,751,12.467399026616022,standard_3d_pharmacophore,aligned,decoy
ZINCi800000JYmXL,752,12.463280097629047,standard_3d_pharmacophore,aligned,decoy
ZINCk600000PuoIS,753,12.462674621270203,standard_3d_pharmacophore,aligned,decoy
ZINCk700000AJ3ay,754,12.462499197433646,standard_3d_pharmacophore,aligned,decoy
ZINCj8000018TyHN,755,12.461970423006813,standard_3d_pharmacophore,aligned,decoy
ZINCk700000JTfxs,756,12.456872165342974,standard_3d_pharmacophore,aligned,decoy
ZINCk600000dr5nz,757,12.453451959191483,standard_3d_pharmacophore,aligned,decoy
ZINCk600000EmnYq,758,12.446661987929792,standard_3d_pharmacophore,aligned,decoy
ZINCk600000PAynW,759,12.445629696705918,standard_3d_pharmacophore,aligned,decoy
ZINCj7000002ozgH,760,12.44423383776081,standard_3d_pharmacophore,aligned,decoy
ZINCk8000004iOWE,761,12.442758291384077,standard_3d_pharmacophore,aligned,decoy
ZINCk7000009KuMQ,762,12.440777481441664,standard_3d_pharmacophore,aligned,decoy
ZINCk7000004giiC,763,12.439818544152809,standard_3d_pharmacophore,aligned,decoy
ZINCk700000gsZJy,764,12.436973540884265,standard_3d_pharmacophore,aligned,decoy
ZINCk600000vSwrT,765,12.431422462817268,standard_3d_pharmacophore,aligned,decoy
ZINCk800000wuX7z,766,12.428697358896542,standard_3d_pharmacophore,aligned,decoy
ZINCk8000004iFrA,767,12.428110366782292,standard_3d_pharmacophore,aligned,decoy
ZINCk800000gunqR,768,12.42803063371127,standard_3d_pharmacophore,aligned,decoy
ZINCk800000PCinn,769,12.426814398537513,standard_3d_pharmacophore,aligned,decoy
ZINCk800000FCBPp,770,12.425401366651569,standard_3d_pharmacophore,aligned,decoy
ZINCj600000JUc8s,771,12.424926566149955,standard_3d_pharmacophore,aligned,decoy
ZINCk800000vJvm2,772,12.419121246986839,standard_3d_pharmacophore,aligned,decoy
ZINCk600000GfUYt,773,12.416330189304608,standard_3d_pharmacophore,aligned,decoy
ZINCk800000PuGYW,774,12.416091809009798,standard_3d_pharmacophore,aligned,decoy
ZINCk7000004goUF,775,12.412346415579806,standard_3d_pharmacophore,aligned,decoy
ZINCj7000002nUcZ,776,12.411954652979961,standard_3d_pharmacophore,aligned,decoy
ZINCk8000004jZ3K,777,12.406845648338946,standard_3d_pharmacophore,aligned,decoy
ZINCk700000Ja0Ea,778,12.406736018194017,standard_3d_pharmacophore,aligned,decoy
ZINCk8000018Tp53,779,12.40649139481303,standard_3d_pharmacophore,aligned,decoy
ZINCk700000Pup5r,780,12.406256217097868,standard_3d_pharmacophore,aligned,decoy
ZINCk8000018T5bP,781,12.40621224556893,standard_3d_pharmacophore,aligned,decoy
ZINCk5000009ESOS,782,12.406175846982123,standard_3d_pharmacophore,aligned,decoy
ZINCk8000004iGLr,783,12.406033045388723,standard_3d_pharmacophore,aligned,decoy
ZINCk600000GfNUF,784,12.40582222377358,standard_3d_pharmacophore,aligned,decoy
ZINCk800000guZBI,785,12.40544133038912,standard_3d_pharmacophore,aligned,decoy
ZINCj800000JWWIc,786,12.400912027675703,standard_3d_pharmacophore,aligned,decoy
ZINCk8000009LjYJ,787,12.392131564472958,standard_3d_pharmacophore,aligned,decoy
ZINCk700000gswsf,788,12.390949299351021,standard_3d_pharmacophore,aligned,decoy
ZINCk500000470C5,789,12.389512568774716,standard_3d_pharmacophore,aligned,decoy
ZINCk7000004eMI6,790,12.389190486566672,standard_3d_pharmacophore,aligned,decoy
ZINCk800000BmFFP,791,12.38720493895323,standard_3d_pharmacophore,aligned,decoy
ZINCj600000xcRqt,792,12.386885767941168,standard_3d_pharmacophore,aligned,decoy
ZINCj8000009kfDq,793,12.386260469311658,standard_3d_pharmacophore,aligned,decoy
ZINCk700000JU9Sl,794,12.3838650978312,standard_3d_pharmacophore,aligned,decoy
ZINCk600000PBfsm,795,12.382976875920013,standard_3d_pharmacophore,aligned,decoy
ZINCk800000we7Wv,796,12.376598741128849,standard_3d_pharmacophore,aligned,decoy
ZINCk700000grTGp,797,12.376525220930382,standard_3d_pharmacophore,aligned,decoy
ZINCk500000dq4PX,798,12.37651705853601,standard_3d_pharmacophore,aligned,decoy
ZINCj600001bQGIZ,799,12.375121445026766,standard_3d_pharmacophore,aligned,decoy
ZINCk500000doOT1,800,12.373851743937971,standard_3d_pharmacophore,aligned,decoy
ZINCj800000PDmrk,801,12.373421519669849,standard_3d_pharmacophore,aligned,decoy
ZINCk800000Gg7ZF,802,12.370142080256773,standard_3d_pharmacophore,aligned,decoy
ZINCk500000gbLa1,803,12.3696581182272,standard_3d_pharmacophore,aligned,decoy
ZINCk800000JTOy0,804,12.367644068693998,standard_3d_pharmacophore,aligned,decoy
ZINCk7000018Toxa,805,12.36718274809313,standard_3d_pharmacophore,aligned,decoy
ZINCk600000wNMsj,806,12.366160799977958,standard_3d_pharmacophore,aligned,decoy
ZINCk800000x8kfV,807,12.364762397622155,standard_3d_pharmacophore,aligned,decoy
ZINCk600000PyEwB,808,12.36194890402918,standard_3d_pharmacophore,aligned,decoy
ZINCk600000gpnUk,809,12.36014366504278,standard_3d_pharmacophore,aligned,decoy
ZINCk800000PyRql,810,12.359434160764113,standard_3d_pharmacophore,aligned,decoy
ZINCk800000Bmz2r,811,12.358897784738428,standard_3d_pharmacophore,aligned,decoy
ZINCk5000003WzPz,812,12.357371564245383,standard_3d_pharmacophore,aligned,decoy
ZINCj8000002qFDR,813,12.354896718034448,standard_3d_pharmacophore,aligned,decoy
ZINCk700000PApOu,814,12.35165517326019,standard_3d_pharmacophore,aligned,decoy
ZINCk600000dr6b2,815,12.350798356987076,standard_3d_pharmacophore,aligned,decoy
ZINCk600000PymNh,816,12.346852479235293,standard_3d_pharmacophore,aligned,decoy
ZINCk800000JUc4o,817,12.34679332083157,standard_3d_pharmacophore,aligned,decoy
ZINCk700000FCG8P,818,12.344409372464652,standard_3d_pharmacophore,aligned,decoy
ZINCj800000PtwZp,819,12.34050704013272,standard_3d_pharmacophore,aligned,decoy
ZINCk700000FCBSK,820,12.33717394728999,standard_3d_pharmacophore,aligned,decoy
ZINCj700000EmG3y,821,12.332863186409908,standard_3d_pharmacophore,aligned,decoy
ZINCk600000wHcZs,822,12.332665025102646,standard_3d_pharmacophore,aligned,decoy
ZINCk700000PyJnI,823,12.331965223145724,standard_3d_pharmacophore,aligned,decoy
ZINCk800000JTiHi,824,12.329282029485874,standard_3d_pharmacophore,aligned,decoy
ZINCk600000wVCyG,825,12.32756493588997,standard_3d_pharmacophore,aligned,decoy
ZINCk8000004jGM5,826,12.326208685058656,standard_3d_pharmacophore,aligned,decoy
ZINCk700000xcrYX,827,12.324003580707192,standard_3d_pharmacophore,aligned,decoy
ZINCj8000009ktq9,828,12.322904579186867,standard_3d_pharmacophore,aligned,decoy
CHEMBL251572,829,12.322308661604794,standard_3d_pharmacophore,aligned,active
ZINCk800000Py1sm,830,12.320245026308228,standard_3d_pharmacophore,aligned,decoy
ZINCk600000gpjUi,831,12.31928038335113,standard_3d_pharmacophore,aligned,decoy
ZINCj600000y9Mdy,832,12.316571915549448,standard_3d_pharmacophore,aligned,decoy
ZINCj700000d8xgb,833,12.316170772804208,standard_3d_pharmacophore,aligned,decoy
ZINCk800000Py8bM,834,12.314742679829653,standard_3d_pharmacophore,aligned,decoy
ZINCk50000040Qrr,835,12.310196166245497,standard_3d_pharmacophore,aligned,decoy
ZINCk600000vf2Og,836,12.309583435837459,standard_3d_pharmacophore,aligned,decoy
ZINCk500000dpM9s,837,12.30877787570547,standard_3d_pharmacophore,aligned,decoy
ZINCk7000004g4d9,838,12.30816961259353,standard_3d_pharmacophore,aligned,decoy
ZINCk8000009M5XH,839,12.306933757698106,standard_3d_pharmacophore,aligned,decoy
ZINCj800000fr7uh,840,12.306332992508917,standard_3d_pharmacophore,aligned,decoy
ZINCk800000AiE9k,841,12.304775453777378,standard_3d_pharmacophore,aligned,decoy
ZINCk600000vJh2l,842,12.300604179815723,standard_3d_pharmacophore,aligned,decoy
ZINCk800000AIXch,843,12.29363626990235,standard_3d_pharmacophore,aligned,decoy
ZINCk800000JTaco,844,12.290858126920119,standard_3d_pharmacophore,aligned,decoy
ZINCk8000004ity1,845,12.286136536574238,standard_3d_pharmacophore,aligned,decoy
ZINCk500000dp4AB,846,12.285377965525097,standard_3d_pharmacophore,aligned,decoy
ZINCk800000PzPZx,847,12.285121756712647,standard_3d_pharmacophore,aligned,decoy
ZINCk800000vz2SN,848,12.283914668754768,standard_3d_pharmacophore,aligned,decoy
ZINCk700000PAMu8,849,12.280391276170619,standard_3d_pharmacophore,aligned,decoy
ZINCk800000gvnS6,850,12.279380600838273,standard_3d_pharmacophore,aligned,decoy
ZINCk600000PAEET,851,12.278868357563125,standard_3d_pharmacophore,aligned,decoy
ZINCk700000JSEJz,852,12.276057712907434,standard_3d_pharmacophore,aligned,decoy
ZINCk800000PBjir,853,12.272874495157183,standard_3d_pharmacophore,aligned,decoy
ZINCk600000gqg3f,854,12.272767817669584,standard_3d_pharmacophore,aligned,decoy
ZINCk700000PzAN5,855,12.270711998257761,standard_3d_pharmacophore,aligned,decoy
ZINCk8000009Mfqe,856,12.269714577652314,standard_3d_pharmacophore,aligned,decoy
ZINCj700000JTxbA,857,12.268205562127756,standard_3d_pharmacophore,aligned,decoy
ZINCk800000Emx6O,858,12.268078172928199,standard_3d_pharmacophore,aligned,decoy
ZINCk700000PtRuX,859,12.26491420823552,standard_3d_pharmacophore,aligned,decoy
ZINCj8000002qwcT,860,12.258372302062627,standard_3d_pharmacophore,aligned,decoy
ZINCk600000xcttG,861,12.252682854329997,standard_3d_pharmacophore,aligned,decoy
ZINCk7000004fBsl,862,12.252142110934379,standard_3d_pharmacophore,aligned,decoy
ZINCi8000018TCVw,863,12.247120160687798,standard_3d_pharmacophore,aligned,decoy
ZINCk600000wAN7v,864,12.24309368554874,standard_3d_pharmacophore,aligned,decoy
ZINCk600000Emteg,865,12.240936665657474,standard_3d_pharmacophore,aligned,decoy
ZINCk800000JSaDi,866,12.240425841453169,standard_3d_pharmacophore,aligned,decoy
ZINCk600000vXhyH,867,12.239870960741019,standard_3d_pharmacophore,aligned,decoy
ZINCk800001bNmdQ,868,12.239257140021898,standard_3d_pharmacophore,aligned,decoy
ZINCk7000004h24p,869,12.233803613766817,standard_3d_pharmacophore,aligned,decoy
ZINCj800000PzONr,870,12.232490511251099,standard_3d_pharmacophore,aligned,decoy
ZINCk800000PtYYL,871,12.232443887264221,standard_3d_pharmacophore,aligned,decoy
CHEMBL251169,872,12.23234938214967,standard_3d_pharmacophore,aligned,active
ZINCk6000009JrTd,873,12.22952328548548,standard_3d_pharmacophore,aligned,decoy
ZINCj600000y9js1,874,12.2250914967083,standard_3d_pharmacophore,aligned,decoy
ZINCk700000Ptxmn,875,12.224280117579664,standard_3d_pharmacophore,aligned,decoy
ZINCk700000PtJsv,876,12.220911147153691,standard_3d_pharmacophore,aligned,decoy
ZINCk800000PvJ7G,877,12.220548257500363,standard_3d_pharmacophore,aligned,decoy
ZINCk7000009KTEY,878,12.216889147337366,standard_3d_pharmacophore,aligned,decoy
ZINCi800000vr0ue,879,12.215691451258529,standard_3d_pharmacophore,aligned,decoy
CHEMBL4171914,880,12.212905955808536,standard_3d_pharmacophore,aligned,active
ZINCj700000d8maC,881,12.212322813341535,standard_3d_pharmacophore,aligned,decoy
ZINCk600000Emt4M,882,12.209073130148848,standard_3d_pharmacophore,aligned,decoy
ZINCk500000dpgrI,883,12.20650554285169,standard_3d_pharmacophore,aligned,decoy
ZINCk800000PtTDj,884,12.205629694747147,standard_3d_pharmacophore,aligned,decoy
ZINCk7000004fcHh,885,12.205129145748147,standard_3d_pharmacophore,aligned,decoy
ZINCk600000BmsmS,886,12.197906536622058,standard_3d_pharmacophore,aligned,decoy
ZINCk700001bPnHg,887,12.188340524623214,standard_3d_pharmacophore,aligned,decoy
ZINCk500000dp4Xa,888,12.187241368753302,standard_3d_pharmacophore,aligned,decoy
ZINCk700000GeYpT,889,12.185559987455987,standard_3d_pharmacophore,aligned,decoy
ZINCk800000wUIEI,890,12.180458022404027,standard_3d_pharmacophore,aligned,decoy
ZINCk700000y8B4g,891,12.180178161854322,standard_3d_pharmacophore,aligned,decoy
ZINCk700001bPw69,892,12.176233359246066,standard_3d_pharmacophore,aligned,decoy
ZINCj800000FCtqe,893,12.17575572354366,standard_3d_pharmacophore,aligned,decoy
ZINCj600000JVEDE,894,12.17538668126803,standard_3d_pharmacophore,aligned,decoy
ZINCj8000002rSdf,895,12.174872714765465,standard_3d_pharmacophore,aligned,decoy
ZINCk600000JUn28,896,12.17368702632149,standard_3d_pharmacophore,aligned,decoy
ZINCk800000xaEgB,897,12.167232060511257,standard_3d_pharmacophore,aligned,decoy
ZINCk8000004hwUr,898,12.165644318620771,standard_3d_pharmacophore,aligned,decoy
ZINCk7000018TaLr,899,12.16507507447154,standard_3d_pharmacophore,aligned,decoy
ZINCk7000018StsX,900,12.164197439391348,standard_3d_pharmacophore,aligned,decoy
ZINCk800000PxU3w,901,12.162372231950922,standard_3d_pharmacophore,aligned,decoy
ZINCk700000gsZlR,902,12.159224234047988,standard_3d_pharmacophore,aligned,decoy
ZINCj8000002qrMC,903,12.1585271839176,standard_3d_pharmacophore,aligned,decoy
ZINCk800000PAQFa,904,12.156074748749145,standard_3d_pharmacophore,aligned,decoy
ZINCk8000004iF6S,905,12.156072398347872,standard_3d_pharmacophore,aligned,decoy
ZINCk8000004jcQa,906,12.153002819210679,standard_3d_pharmacophore,aligned,decoy
ZINCk800000y8zT3,907,12.149813566172275,standard_3d_pharmacophore,aligned,decoy
ZINCk6000004cV1E,908,12.14929220554064,standard_3d_pharmacophore,aligned,decoy
ZINCk5000009FRUR,909,12.147548420943373,standard_3d_pharmacophore,aligned,decoy
ZINCk7000004eCoP,910,12.145599827411308,standard_3d_pharmacophore,aligned,decoy
ZINCj5000002bSVj,911,12.142172110686312,standard_3d_pharmacophore,aligned,decoy
ZINCj6000002lAe5,912,12.141531242889258,standard_3d_pharmacophore,aligned,decoy
ZINCk7000004eYZL,913,12.141113719423338,standard_3d_pharmacophore,aligned,decoy
ZINCk500000dpA9a,914,12.140502104260447,standard_3d_pharmacophore,aligned,decoy
ZINCk800001bPJKn,915,12.139817453527504,standard_3d_pharmacophore,aligned,decoy
ZINCj600000foqnH,916,12.139775241790627,standard_3d_pharmacophore,aligned,decoy
ZINCk800001bPO03,917,12.137834957769012,standard_3d_pharmacophore,aligned,decoy
ZINCk700000Ja0x9,918,12.136700322336123,standard_3d_pharmacophore,aligned,decoy
ZINCk600000xcqtG,919,12.136044920446956,standard_3d_pharmacophore,aligned,decoy
ZINCk8000004i2Ke,920,12.131436665002239,standard_3d_pharmacophore,aligned,decoy
ZINCk700000drleP,921,12.130862603995137,standard_3d_pharmacophore,aligned,decoy
ZINCk7000009KRbz,922,12.126119212163042,standard_3d_pharmacophore,aligned,decoy
ZINCk5000009CFIq,923,12.125687746923997,standard_3d_pharmacophore,aligned,decoy
ZINCk800000Pwp6F,924,12.122438659998231,standard_3d_pharmacophore,aligned,decoy
ZINCk5000009CCOU,925,12.11928018247237,standard_3d_pharmacophore,aligned,decoy
ZINCk6000004dkWb,926,12.118326936470375,standard_3d_pharmacophore,aligned,decoy
ZINCk6000004d2Tb,927,12.118084633122034,standard_3d_pharmacophore,aligned,decoy
ZINCk8000018ThRL,928,12.117528541894321,standard_3d_pharmacophore,aligned,decoy
ZINCk5000003XWAl,929,12.117442291920366,standard_3d_pharmacophore,aligned,decoy
ZINCk800000JTCEv,930,12.11667708066394,standard_3d_pharmacophore,aligned,decoy
ZINCk5000009DZnO,931,12.116136082472003,standard_3d_pharmacophore,aligned,decoy
ZINCk8000004i0pv,932,12.112492689851852,standard_3d_pharmacophore,aligned,decoy
ZINCj5000002ckVJ,933,12.111972009393321,standard_3d_pharmacophore,aligned,decoy
ZINCk700000JU5hc,934,12.110972372471306,standard_3d_pharmacophore,aligned,decoy
ZINCi8000018UEwR,935,12.110941026609382,standard_3d_pharmacophore,aligned,decoy
ZINCi800000JXDHt,936,12.109270782660165,standard_3d_pharmacophore,aligned,decoy
ZINCk700000Bmvpo,937,12.108472610373907,standard_3d_pharmacophore,aligned,decoy
ZINCk800000PA5TH,938,12.1083664908862,standard_3d_pharmacophore,aligned,decoy
ZINCk600000gplPJ,939,12.106759741706032,standard_3d_pharmacophore,aligned,decoy
ZINCk700001bOYah,940,12.104653261033809,standard_3d_pharmacophore,aligned,decoy
ZINCk8000018Tng8,941,12.102165841405006,standard_3d_pharmacophore,aligned,decoy
ZINCk600000PxgIB,942,12.100779165042002,standard_3d_pharmacophore,aligned,decoy
ZINCk700000BmPOv,943,12.099948537623746,standard_3d_pharmacophore,aligned,decoy
ZINCk800000gtPZb,944,12.098289958179949,standard_3d_pharmacophore,aligned,decoy
ZINCk800000wbJm0,945,12.098127418800523,standard_3d_pharmacophore,aligned,decoy
ZINCk800000Em8bV,946,12.097439293288037,standard_3d_pharmacophore,aligned,decoy
ZINCk800000EmsOa,947,12.094882421926176,standard_3d_pharmacophore,aligned,decoy
ZINCi700000JZb1Q,948,12.0894017147394,standard_3d_pharmacophore,aligned,decoy
ZINCk600000vAe4O,949,12.08356010101512,standard_3d_pharmacophore,aligned,decoy
ZINCk8000018T2V9,950,12.083288177339943,standard_3d_pharmacophore,aligned,decoy
ZINCk800000JRV8c,951,12.082736490895455,standard_3d_pharmacophore,aligned,decoy
ZINCj8000018T0D0,952,12.078658295570667,standard_3d_pharmacophore,aligned,decoy
ZINCk8000004iwJs,953,12.077542975380911,standard_3d_pharmacophore,aligned,decoy
ZINCk600000PBKBe,954,12.066849503243676,standard_3d_pharmacophore,aligned,decoy
ZINCk8000004iAC4,955,12.06569279539971,standard_3d_pharmacophore,aligned,decoy
ZINCk800000wxwum,956,12.063758457710906,standard_3d_pharmacophore,aligned,decoy
ZINCj800000JWyQl,957,12.062027965228973,standard_3d_pharmacophore,aligned,decoy
ZINCk800000BmjdR,958,12.0619776420902,standard_3d_pharmacophore,aligned,decoy
ZINCk700000JTOVy,959,12.058036569983162,standard_3d_pharmacophore,aligned,decoy
ZINCk6000018SAiT,960,12.054566990492157,standard_3d_pharmacophore,aligned,decoy
ZINCk500000dpA8O,961,12.05403791105405,standard_3d_pharmacophore,aligned,decoy
ZINCk600000kFBeL,962,12.046562982961618,standard_3d_pharmacophore,aligned,decoy
ZINCk5000009EQVg,963,12.043726474309576,standard_3d_pharmacophore,aligned,decoy
ZINCi800000JTG99,964,12.042044399904476,standard_3d_pharmacophore,aligned,decoy
ZINCk800000PBGnM,965,12.037092421677803,standard_3d_pharmacophore,aligned,decoy
ZINCk800000gvQEP,966,12.033491622810892,standard_3d_pharmacophore,aligned,decoy
ZINCj8000002pKBE,967,12.03321158044616,standard_3d_pharmacophore,aligned,decoy
ZINCk800000y8MSX,968,12.031386250332146,standard_3d_pharmacophore,aligned,decoy
ZINCk700000PA5Ru,969,12.030804160063155,standard_3d_pharmacophore,aligned,decoy
ZINCk800001bNgHz,970,12.028961191959313,standard_3d_pharmacophore,aligned,decoy
ZINCk7000004eGTl,971,12.024967662253193,standard_3d_pharmacophore,aligned,decoy
ZINCk7000004eY8x,972,12.024277299613027,standard_3d_pharmacophore,aligned,decoy
ZINCk700000JTzjo,973,12.020729518867599,standard_3d_pharmacophore,aligned,decoy
ZINCj800000xcDSO,974,12.016542033484336,standard_3d_pharmacophore,aligned,decoy
ZINCk500000gdQES,975,12.008868744802772,standard_3d_pharmacophore,aligned,decoy
ZINCk800000Pynei,976,12.002519120500942,standard_3d_pharmacophore,aligned,decoy
ZINCk800000drOzz,977,12.002127390018444,standard_3d_pharmacophore,aligned,decoy
ZINCk800000vbYhb,978,12.001838729267527,standard_3d_pharmacophore,aligned,decoy
ZINCk700000oZ0ZD,979,12.001383123764132,standard_3d_pharmacophore,aligned,decoy
ZINCk700000x5jqU,980,11.999343144529098,standard_3d_pharmacophore,aligned,decoy
ZINCk8000009LSZh,981,11.996300873821053,standard_3d_pharmacophore,aligned,decoy
ZINCk500000cLb4I,982,11.993123252171591,standard_3d_pharmacophore,aligned,decoy
ZINCk800000BmxzH,983,11.992221982384859,standard_3d_pharmacophore,aligned,decoy
ZINCh7000018W6RM,984,11.990975111529483,standard_3d_pharmacophore,aligned,decoy
ZINCk800000gvOh3,985,11.990057827302758,standard_3d_pharmacophore,aligned,decoy
ZINCk7000009KZrH,986,11.989885354803471,standard_3d_pharmacophore,aligned,decoy
ZINCk600000vJFHw,987,11.986043312669404,standard_3d_pharmacophore,aligned,decoy
ZINCk7000009L1jt,988,11.983734027798759,standard_3d_pharmacophore,aligned,decoy
ZINCk800001bQaub,989,11.983539930524294,standard_3d_pharmacophore,aligned,decoy
ZINCj700000Gg9Ff,990,11.983446982114545,standard_3d_pharmacophore,aligned,decoy
ZINCh600000JWctt,991,11.98248325670041,standard_3d_pharmacophore,aligned,decoy
ZINCk600000gpYOf,992,11.981772398872545,standard_3d_pharmacophore,aligned,decoy
ZINCk700000PtOII,993,11.98052008613459,standard_3d_pharmacophore,aligned,decoy
ZINCk7000004ftWz,994,11.978259493461554,standard_3d_pharmacophore,aligned,decoy
ZINCk600000cvo3W,995,11.976280245229004,standard_3d_pharmacophore,aligned,decoy
ZINCk6000018T9c3,996,11.9751030059649,standard_3d_pharmacophore,aligned,decoy
ZINCk5000003Wyw2,997,11.97466151559886,standard_3d_pharmacophore,aligned,decoy
ZINCk700000BmK2x,998,11.974626737854175,standard_3d_pharmacophore,aligned,decoy
ZINCk5000009DLT5,999,11.972277713590408,standard_3d_pharmacophore,aligned,decoy
ZINCk800000EmnGr,1000,11.971247841145615,standard_3d_pharmacophore,aligned,decoy
ZINCk50000045WGu,1001,11.96754986428378,standard_3d_pharmacophore,aligned,decoy
ZINCk700000vUh3i,1002,11.965934889141872,standard_3d_pharmacophore,aligned,decoy
ZINCk600000Pzsr9,1003,11.965563574633894,standard_3d_pharmacophore,aligned,decoy
ZINCj600000foqFs,1004,11.965155533976588,standard_3d_pharmacophore,aligned,decoy
ZINCk800000gusCW,1005,11.956747081720525,standard_3d_pharmacophore,aligned,decoy
ZINCk600000wMsG4,1006,11.950954591772437,standard_3d_pharmacophore,aligned,decoy
ZINCk800000PzxvH,1007,11.950396377337539,standard_3d_pharmacophore,aligned,decoy
ZINCk6000004cG21,1008,11.947360204808383,standard_3d_pharmacophore,aligned,decoy
ZINCk8000004jxPh,1009,11.94440110818226,standard_3d_pharmacophore,aligned,decoy
ZINCk8000009LLuf,1010,11.943619136478373,standard_3d_pharmacophore,aligned,decoy
ZINCk700000FCxnZ,1011,11.942522530039106,standard_3d_pharmacophore,aligned,decoy
ZINCj800001bNnh6,1012,11.936489160550744,standard_3d_pharmacophore,aligned,decoy
ZINCj7000002oGfY,1013,11.936158216256908,standard_3d_pharmacophore,aligned,decoy
ZINCj7000002nXp3,1014,11.932897780431402,standard_3d_pharmacophore,aligned,decoy
ZINCk800000wzrmT,1015,11.932480861497863,standard_3d_pharmacophore,aligned,decoy
ZINCk800000w6D1B,1016,11.931711439517002,standard_3d_pharmacophore,aligned,decoy
ZINCk800000wBPvY,1017,11.930093726405966,standard_3d_pharmacophore,aligned,decoy
ZINCk800000GfQIO,1018,11.929709036092481,standard_3d_pharmacophore,aligned,decoy
ZINCk50000045lX4,1019,11.927212401178199,standard_3d_pharmacophore,aligned,decoy
ZINCk800000w1Zn0,1020,11.926622479842916,standard_3d_pharmacophore,aligned,decoy
ZINCk700000PyGjc,1021,11.926381613277066,standard_3d_pharmacophore,aligned,decoy
ZINCk600000PumGZ,1022,11.922611347510426,standard_3d_pharmacophore,aligned,decoy
ZINCk800000J9Mly,1023,11.918113242698137,standard_3d_pharmacophore,aligned,decoy
ZINCj8000002rSte,1024,11.916013954940738,standard_3d_pharmacophore,aligned,decoy
ZINCk8000004kbdm,1025,11.915850588960918,standard_3d_pharmacophore,aligned,decoy
ZINCk500000g7hIw,1026,11.91197330705581,standard_3d_pharmacophore,aligned,decoy
ZINCk8000004k1ME,1027,11.905393717774663,standard_3d_pharmacophore,aligned,decoy
ZINCk700000JTa7v,1028,11.903708916663541,standard_3d_pharmacophore,aligned,decoy
ZINCk800000Pvnkm,1029,11.902470619874487,standard_3d_pharmacophore,aligned,decoy
ZINCk700000GfTxY,1030,11.897371160835307,standard_3d_pharmacophore,aligned,decoy
ZINCk7000004fuaO,1031,11.891844136746487,standard_3d_pharmacophore,aligned,decoy
ZINCi80000015pTQ,1032,11.888532956067685,standard_3d_pharmacophore,aligned,decoy
CHEMBL1923504,1033,11.886949602460582,standard_3d_pharmacophore,aligned,active
ZINCk800000JTflM,1034,11.885004759954924,standard_3d_pharmacophore,aligned,decoy
ZINCj7000002nXGi,1035,11.884626201344572,standard_3d_pharmacophore,aligned,decoy
ZINCk700000w1eSB,1036,11.8803215536098,standard_3d_pharmacophore,aligned,decoy
CHEMBL1079185,1037,11.878065464182088,standard_3d_pharmacophore,aligned,active
ZINCj800000Ghtwb,1038,11.876734182422219,standard_3d_pharmacophore,aligned,decoy
ZINCk700000grSaI,1039,11.875711901556162,standard_3d_pharmacophore,aligned,decoy
ZINCk800000Gg86E,1040,11.874118239947663,standard_3d_pharmacophore,aligned,decoy
ZINCk7000004eT0Z,1041,11.869228535477411,standard_3d_pharmacophore,aligned,decoy
ZINCk6000004dyyV,1042,11.867419549118598,standard_3d_pharmacophore,aligned,decoy
CHEMBL401134,1043,11.865309682585538,standard_3d_pharmacophore,aligned,active
ZINCk5000003Wobo,1044,11.863736848012126,standard_3d_pharmacophore,aligned,decoy
ZINCi5000000Xc0S,1045,11.863136436010015,standard_3d_pharmacophore,aligned,decoy
ZINCj700000JTQxO,1046,11.861744320281352,standard_3d_pharmacophore,aligned,decoy
ZINCk600000JUmBy,1047,11.861476673042787,standard_3d_pharmacophore,aligned,decoy
ZINCk6000004dXPg,1048,11.858833846094546,standard_3d_pharmacophore,aligned,decoy
ZINCk7000009L1ju,1049,11.839588410001477,standard_3d_pharmacophore,aligned,decoy
ZINCk600000vlE5F,1050,11.838885812191082,standard_3d_pharmacophore,aligned,decoy
ZINCk6000009JhJw,1051,11.838494128577265,standard_3d_pharmacophore,aligned,decoy
ZINCk7000018TdWn,1052,11.836907633530277,standard_3d_pharmacophore,aligned,decoy
ZINCk800000Ja13m,1053,11.836152440231649,standard_3d_pharmacophore,aligned,decoy
ZINCj600000PAGwV,1054,11.834650203771249,standard_3d_pharmacophore,aligned,decoy
ZINCk800001bQ4oD,1055,11.83401827452377,standard_3d_pharmacophore,aligned,decoy
ZINCk7000004gsAi,1056,11.833551512409215,standard_3d_pharmacophore,aligned,decoy
ZINCj800000whhtL,1057,11.833508036357095,standard_3d_pharmacophore,aligned,decoy
ZINCk800000JTq5P,1058,11.832874128020759,standard_3d_pharmacophore,aligned,decoy
ZINCk800000AiAwh,1059,11.832824515890186,standard_3d_pharmacophore,aligned,decoy
ZINCj600000JS9xF,1060,11.831464682183762,standard_3d_pharmacophore,aligned,decoy
ZINCk6000004cGWF,1061,11.830806254419372,standard_3d_pharmacophore,aligned,decoy
ZINCk700000grSgi,1062,11.82915487461954,standard_3d_pharmacophore,aligned,decoy
ZINCj5000002bP1q,1063,11.827721257827227,standard_3d_pharmacophore,aligned,decoy
ZINCk50000045w8F,1064,11.82767459397849,standard_3d_pharmacophore,aligned,decoy
ZINCk800001bP51z,1065,11.826536583311135,standard_3d_pharmacophore,aligned,decoy
ZINCk800000JTI7N,1066,11.82177629830884,standard_3d_pharmacophore,aligned,decoy
ZINCk7000004eWiH,1067,11.821218510178808,standard_3d_pharmacophore,aligned,decoy
ZINCj800000PADCM,1068,11.820120333227768,standard_3d_pharmacophore,aligned,decoy
ZINCk700000Px5fP,1069,11.818821387635463,standard_3d_pharmacophore,aligned,decoy
ZINCj6000002kMNO,1070,11.81096271442654,standard_3d_pharmacophore,aligned,decoy
ZINCk8000018SWPR,1071,11.809724551127053,standard_3d_pharmacophore,aligned,decoy
ZINCk500000dpGO8,1072,11.808784347950361,standard_3d_pharmacophore,aligned,decoy
ZINCk8000004iC2j,1073,11.808640973258463,standard_3d_pharmacophore,aligned,decoy
ZINCk8000004ivBP,1074,11.808239957560541,standard_3d_pharmacophore,aligned,decoy
ZINCk700000vni5J,1075,11.807363381547784,standard_3d_pharmacophore,aligned,decoy
ZINCk8000009LRBQ,1076,11.805394090573122,standard_3d_pharmacophore,aligned,decoy
ZINCk7000009KBbe,1077,11.792803637937356,standard_3d_pharmacophore,aligned,decoy
ZINCk8000009LQTZ,1078,11.79251465743688,standard_3d_pharmacophore,aligned,decoy
ZINCk600000vJikz,1079,11.79063361057704,standard_3d_pharmacophore,aligned,decoy
ZINCk6000004cKwL,1080,11.789974988197278,standard_3d_pharmacophore,aligned,decoy
ZINCk50000045u9K,1081,11.788155325167354,standard_3d_pharmacophore,aligned,decoy
ZINCk8000004hgab,1082,11.784958036288424,standard_3d_pharmacophore,aligned,decoy
ZINCi800000Bn9ye,1083,11.78368215958529,standard_3d_pharmacophore,aligned,decoy
ZINCj800001bPpUf,1084,11.782529211882395,standard_3d_pharmacophore,aligned,decoy
ZINCk800000JSN0Y,1085,11.780731947192397,standard_3d_pharmacophore,aligned,decoy
ZINCk800000PAtAw,1086,11.778806319734551,standard_3d_pharmacophore,aligned,decoy
ZINCk8000004hk6q,1087,11.774849687467304,standard_3d_pharmacophore,aligned,decoy
ZINCj600000xcL3T,1088,11.774433088365889,standard_3d_pharmacophore,aligned,decoy
ZINCk700000drtg9,1089,11.7723910509441,standard_3d_pharmacophore,aligned,decoy
ZINCk800000PtBNS,1090,11.770627630519957,standard_3d_pharmacophore,aligned,decoy
ZINCk600000wAeDS,1091,11.770241003194831,standard_3d_pharmacophore,aligned,decoy
ZINCj800000vxrHK,1092,11.769152726417008,standard_3d_pharmacophore,aligned,decoy
ZINCk5000003YW9G,1093,11.768854175641568,standard_3d_pharmacophore,aligned,decoy
ZINCk8000009LH2X,1094,11.765275009024949,standard_3d_pharmacophore,aligned,decoy
ZINCk600000PxJ08,1095,11.76431678381327,standard_3d_pharmacophore,aligned,decoy
ZINCk600000PArhs,1096,11.762867721806888,standard_3d_pharmacophore,aligned,decoy
ZINCk700000drwBy,1097,11.76226612555764,standard_3d_pharmacophore,aligned,decoy
ZINCk600000gpFUb,1098,11.760218442408757,standard_3d_pharmacophore,aligned,decoy
ZINCk600000Pu9Ja,1099,11.758857244924213,standard_3d_pharmacophore,aligned,decoy
ZINCk8000004jDXf,1100,11.757919422930577,standard_3d_pharmacophore,aligned,decoy
ZINCk600000dqQj5,1101,11.75700368180115,standard_3d_pharmacophore,aligned,decoy
ZINCk600001bNqgQ,1102,11.753128272790882,standard_3d_pharmacophore,aligned,decoy
ZINCk8000004jzrq,1103,11.752483957745486,standard_3d_pharmacophore,aligned,decoy
ZINCk800000gvbQ8,1104,11.752024778534832,standard_3d_pharmacophore,aligned,decoy
ZINCk800000GfIqo,1105,11.751823021500067,standard_3d_pharmacophore,aligned,decoy
ZINCk800001bPQsZ,1106,11.75052276937341,standard_3d_pharmacophore,aligned,decoy
ZINCk800000gvhXh,1107,11.749603741776163,standard_3d_pharmacophore,aligned,decoy
ZINCj800000PCxfJ,1108,11.749155781599146,standard_3d_pharmacophore,aligned,decoy
ZINCk5000009F5ag,1109,11.743270364510698,standard_3d_pharmacophore,aligned,decoy
ZINCk700000drpjv,1110,11.73687875184965,standard_3d_pharmacophore,aligned,decoy
ZINCi700000wQkKb,1111,11.736248170556651,standard_3d_pharmacophore,aligned,decoy
ZINCk800000PAH7V,1112,11.735370931810444,standard_3d_pharmacophore,aligned,decoy
ZINCk700000PA1xR,1113,11.735363925723677,standard_3d_pharmacophore,aligned,decoy
ZINCj800000PwOle,1114,11.732456832381608,standard_3d_pharmacophore,aligned,decoy
ZINCk600000PAyux,1115,11.729376659561067,standard_3d_pharmacophore,aligned,decoy
ZINCk50000041zP9,1116,11.727206372812365,standard_3d_pharmacophore,aligned,decoy
CHEMBL2364338,1117,11.7203043260479,standard_3d_pharmacophore,aligned,active
ZINCk6000018SxtB,1118,11.714783243892983,standard_3d_pharmacophore,aligned,decoy
ZINCk800000vJPPu,1119,11.71327904565802,standard_3d_pharmacophore,aligned,decoy
ZINCk600000gqaM9,1120,11.712977866576775,standard_3d_pharmacophore,aligned,decoy
ZINCk8000004iiba,1121,11.712686331279233,standard_3d_pharmacophore,aligned,decoy
ZINCk600000xchM4,1122,11.711160298799145,standard_3d_pharmacophore,aligned,decoy
ZINCk7000004fGe7,1123,11.711140959870177,standard_3d_pharmacophore,aligned,decoy
ZINCj8000002q10o,1124,11.711104138610818,standard_3d_pharmacophore,aligned,decoy
ZINCj800000fqOgE,1125,11.710206732115317,standard_3d_pharmacophore,aligned,decoy
ZINCj6000018SsaV,1126,11.7092564450865,standard_3d_pharmacophore,aligned,decoy
ZINCk700000JTOvr,1127,11.705042317868319,standard_3d_pharmacophore,aligned,decoy
ZINCi70000097RWp,1128,11.699641363378989,standard_3d_pharmacophore,aligned,decoy
ZINCk700000drnBo,1129,11.698979955710122,standard_3d_pharmacophore,aligned,decoy
ZINCk800000Gfv2N,1130,11.697235815705973,standard_3d_pharmacophore,aligned,decoy
ZINCk5000009FVHb,1131,11.696745232667336,standard_3d_pharmacophore,aligned,decoy
ZINCj700000Gg5Jb,1132,11.693766194659963,standard_3d_pharmacophore,aligned,decoy
ZINCk600000AIZoy,1133,11.690355462551356,standard_3d_pharmacophore,aligned,decoy
ZINCk6000009Jomo,1134,11.689799960873389,standard_3d_pharmacophore,aligned,decoy
ZINCk800000vdlMl,1135,11.688602121407435,standard_3d_pharmacophore,aligned,decoy
ZINCk800000JSzpJ,1136,11.688487557181555,standard_3d_pharmacophore,aligned,decoy
ZINCj8000002qylJ,1137,11.687684094243359,standard_3d_pharmacophore,aligned,decoy
ZINCk7000004f8Cj,1138,11.687166999028655,standard_3d_pharmacophore,aligned,decoy
ZINCj6000002l7LN,1139,11.685805620507793,standard_3d_pharmacophore,aligned,decoy
ZINCj6000002lA7T,1140,11.679135154540907,standard_3d_pharmacophore,aligned,decoy
ZINCk8000004i2Ym,1141,11.678886368754798,standard_3d_pharmacophore,aligned,decoy
ZINCj8000009ktJR,1142,11.67552366637436,standard_3d_pharmacophore,aligned,decoy
ZINCj5000002cKot,1143,11.66910507581463,standard_3d_pharmacophore,aligned,decoy
ZINCk700000drpkG,1144,11.66864466392224,standard_3d_pharmacophore,aligned,decoy
ZINCj700000JScOd,1145,11.668332471702115,standard_3d_pharmacophore,aligned,decoy
ZINCk600000JSq6D,1146,11.666860217186988,standard_3d_pharmacophore,aligned,decoy
ZINCj800000PxTfn,1147,11.665193151360977,standard_3d_pharmacophore,aligned,decoy
ZINCk800000JU6Sa,1148,11.659063764971567,standard_3d_pharmacophore,aligned,decoy
ZINCk8000004ihHf,1149,11.659044835117857,standard_3d_pharmacophore,aligned,decoy
ZINCj800000GhEvj,1150,11.65882635311109,standard_3d_pharmacophore,aligned,decoy
ZINCk800000JTuzK,1151,11.658097460462631,standard_3d_pharmacophore,aligned,decoy
ZINCj500000wEdZE,1152,11.65405874454114,standard_3d_pharmacophore,aligned,decoy
ZINCj600000y9kHG,1153,11.653706817650026,standard_3d_pharmacophore,aligned,decoy
ZINCk5000003YteJ,1154,11.646970654628145,standard_3d_pharmacophore,aligned,decoy
ZINCj800000Pz3op,1155,11.646748724494095,standard_3d_pharmacophore,aligned,decoy
ZINCk600000y8RkA,1156,11.643468413828561,standard_3d_pharmacophore,aligned,decoy
ZINCk8000004ih3Z,1157,11.642852477290647,standard_3d_pharmacophore,aligned,decoy
ZINCk8000018ToFS,1158,11.639745108815779,standard_3d_pharmacophore,aligned,decoy
ZINCk700000gsces,1159,11.639064819859858,standard_3d_pharmacophore,aligned,decoy
ZINCi8000018UE5t,1160,11.63881574084565,standard_3d_pharmacophore,aligned,decoy
ZINCk700000wAYJ9,1161,11.633574393136925,standard_3d_pharmacophore,aligned,decoy
ZINCk600001bQ81m,1162,11.631849622088207,standard_3d_pharmacophore,aligned,decoy
ZINCj600000JUVqm,1163,11.630396246161336,standard_3d_pharmacophore,aligned,decoy
ZINCk7000004gd3u,1164,11.630073023491745,standard_3d_pharmacophore,aligned,decoy
ZINCj700000foZg6,1165,11.626837938592566,standard_3d_pharmacophore,aligned,decoy
ZINCk600000ww1Cp,1166,11.624462301249721,standard_3d_pharmacophore,aligned,decoy
ZINCj700000PzsK0,1167,11.619786100310597,standard_3d_pharmacophore,aligned,decoy
ZINCk5000003ZXd1,1168,11.61911910641746,standard_3d_pharmacophore,aligned,decoy
ZINCk800000JSaFb,1169,11.618853622086272,standard_3d_pharmacophore,aligned,decoy
ZINCk700000gsV7b,1170,11.618839986823355,standard_3d_pharmacophore,aligned,decoy
ZINCj8000002rgKR,1171,11.617860084687942,standard_3d_pharmacophore,aligned,decoy
ZINCk800000PzsCR,1172,11.6160205131663,standard_3d_pharmacophore,aligned,decoy
ZINCk700000PtECo,1173,11.614252060177188,standard_3d_pharmacophore,aligned,decoy
ZINCj700000wzZus,1174,11.611884543194783,standard_3d_pharmacophore,aligned,decoy
ZINCj8000002rO1z,1175,11.608883199200243,standard_3d_pharmacophore,aligned,decoy
ZINCk50000046wdg,1176,11.606616582619008,standard_3d_pharmacophore,aligned,decoy
ZINCk800000wQS2D,1177,11.601029862557562,standard_3d_pharmacophore,aligned,decoy
ZINCk800000PAqEJ,1178,11.599033340346722,standard_3d_pharmacophore,aligned,decoy
ZINCk800000Pyhci,1179,11.598637307472401,standard_3d_pharmacophore,aligned,decoy
ZINCi60000010f7s,1180,11.597884836954318,standard_3d_pharmacophore,aligned,decoy
ZINCk8000009Mg4L,1181,11.595711082344302,standard_3d_pharmacophore,aligned,decoy
ZINCk7000009Kxrf,1182,11.592909700098737,standard_3d_pharmacophore,aligned,decoy
ZINCk700000y8Eft,1183,11.592392349246937,standard_3d_pharmacophore,aligned,decoy
ZINCk8000004iynU,1184,11.591445669295721,standard_3d_pharmacophore,aligned,decoy
ZINCk7000004giR7,1185,11.590293079025665,standard_3d_pharmacophore,aligned,decoy
ZINCk8000009LfwX,1186,11.588627695548212,standard_3d_pharmacophore,aligned,decoy
ZINCh8000000aXcZ,1187,11.587832331345432,standard_3d_pharmacophore,aligned,decoy
ZINCj800000JT0bw,1188,11.584411266148994,standard_3d_pharmacophore,aligned,decoy
ZINCk700000wx36T,1189,11.583511679593789,standard_3d_pharmacophore,aligned,decoy
ZINCj800000y9aPr,1190,11.581735942030026,standard_3d_pharmacophore,aligned,decoy
ZINCk800000ds6QZ,1191,11.578921443518222,standard_3d_pharmacophore,aligned,decoy
ZINCk6000004dyjJ,1192,11.57539887213756,standard_3d_pharmacophore,aligned,decoy
ZINCk8000004kfBI,1193,11.574670096545484,standard_3d_pharmacophore,aligned,decoy
ZINCk800000gvnXu,1194,11.57206486809452,standard_3d_pharmacophore,aligned,decoy
ZINCk8000009LH0X,1195,11.571901660394955,standard_3d_pharmacophore,aligned,decoy
ZINCk8000004jdE8,1196,11.571362015356321,standard_3d_pharmacophore,aligned,decoy
ZINCk800000Bm7DF,1197,11.57044930919921,standard_3d_pharmacophore,aligned,decoy
ZINCk7000018Tipr,1198,11.570186860405515,standard_3d_pharmacophore,aligned,decoy
ZINCj700000JSdSk,1199,11.568957780957032,standard_3d_pharmacophore,aligned,decoy
ZINCk5000009FSd4,1200,11.562631034942367,standard_3d_pharmacophore,aligned,decoy
ZINCk800000Pyl8e,1201,11.560859361887276,standard_3d_pharmacophore,aligned,decoy
ZINCk600000PzNGR,1202,11.559836543945428,standard_3d_pharmacophore,aligned,decoy
ZINCj6000002lgIH,1203,11.558626219157395,standard_3d_pharmacophore,aligned,decoy
ZINCk800000JUoEf,1204,11.554438980728502,standard_3d_pharmacophore,aligned,decoy
ZINCk800000JSzyg,1205,11.553940084685395,standard_3d_pharmacophore,aligned,decoy
ZINCk6000004dCFt,1206,11.548492040950025,standard_3d_pharmacophore,aligned,decoy
ZINCk700000PyFIP,1207,11.544692043525798,standard_3d_pharmacophore,aligned,decoy
ZINCk7000009KhHK,1208,11.543555484635169,standard_3d_pharmacophore,aligned,decoy
ZINCj7000002nd0x,1209,11.539897822777876,standard_3d_pharmacophore,aligned,decoy
ZINCk700000PAfXR,1210,11.534968851157247,standard_3d_pharmacophore,aligned,decoy
ZINCk800000ciIsJ,1211,11.534874068538493,standard_3d_pharmacophore,aligned,decoy
ZINCk500000468se,1212,11.534479869293452,standard_3d_pharmacophore,aligned,decoy
ZINCk8000004idzQ,1213,11.533430371074298,standard_3d_pharmacophore,aligned,decoy
ZINCk8000018TzPD,1214,11.531472841612516,standard_3d_pharmacophore,aligned,decoy
ZINCk600000PBhib,1215,11.529913709998661,standard_3d_pharmacophore,aligned,decoy
ZINCk8000009LLlY,1216,11.522654600513732,standard_3d_pharmacophore,aligned,decoy
ZINCj800000JW6vp,1217,11.515996893708852,standard_3d_pharmacophore,aligned,decoy
ZINCj700000JW2Hi,1218,11.513442988916141,standard_3d_pharmacophore,aligned,decoy
ZINCk7000004gjaB,1219,11.499655941693472,standard_3d_pharmacophore,aligned,decoy
ZINCk800000wsvke,1220,11.498894374466726,standard_3d_pharmacophore,aligned,decoy
ZINCk5000009Do2o,1221,11.497162804903185,standard_3d_pharmacophore,aligned,decoy
ZINCk700001bP0oe,1222,11.496804506294033,standard_3d_pharmacophore,aligned,decoy
ZINCk700000PCx9I,1223,11.49664993395209,standard_3d_pharmacophore,aligned,decoy
ZINCk800000JUctS,1224,11.494458125618692,standard_3d_pharmacophore,aligned,decoy
ZINCk700000wFver,1225,11.482017674229446,standard_3d_pharmacophore,aligned,decoy
ZINCk7000018Tnqj,1226,11.475602242824321,standard_3d_pharmacophore,aligned,decoy
ZINCk600000gqEx4,1227,11.47370523183594,standard_3d_pharmacophore,aligned,decoy
ZINCk800000JUxLl,1228,11.472597932690961,standard_3d_pharmacophore,aligned,decoy
ZINCk700000Pu1QP,1229,11.466615421583985,standard_3d_pharmacophore,aligned,decoy
ZINCk800000PBvP0,1230,11.457303848160501,standard_3d_pharmacophore,aligned,decoy
ZINCk700000gssfs,1231,11.452566389300943,standard_3d_pharmacophore,aligned,decoy
ZINCj600001bPpQC,1232,11.450835230797816,standard_3d_pharmacophore,aligned,decoy
ZINCk8000004j8mL,1233,11.448421213632807,standard_3d_pharmacophore,aligned,decoy
ZINCk800000drZr6,1234,11.447486366228983,standard_3d_pharmacophore,aligned,decoy
ZINCk600000cvno4,1235,11.440427039572528,standard_3d_pharmacophore,aligned,decoy
ZINCk8000009Ly5S,1236,11.43992794051613,standard_3d_pharmacophore,aligned,decoy
ZINCk50000043tzx,1237,11.438663817715469,standard_3d_pharmacophore,aligned,decoy
ZINCk700000JU9Bb,1238,11.437614753398545,standard_3d_pharmacophore,aligned,decoy
ZINCk800000JRSpe,1239,11.428637737047982,standard_3d_pharmacophore,aligned,decoy
ZINCk8000018ThgZ,1240,11.427762042438534,standard_3d_pharmacophore,aligned,decoy
ZINCk6000004cY3o,1241,11.427723833512177,standard_3d_pharmacophore,aligned,decoy
ZINCk800000gvf2B,1242,11.422883047322795,standard_3d_pharmacophore,aligned,decoy
ZINCj5000002gQZU,1243,11.420543198727609,standard_3d_pharmacophore,aligned,decoy
ZINCk600000gqyre,1244,11.419599665707503,standard_3d_pharmacophore,aligned,decoy
ZINCj800001bNndO,1245,11.418369563369287,standard_3d_pharmacophore,aligned,decoy
ZINCk500000doE6M,1246,11.417764237079597,standard_3d_pharmacophore,aligned,decoy
ZINCj700000BoboR,1247,11.417484456782578,standard_3d_pharmacophore,aligned,decoy
ZINCk50000046YPS,1248,11.413515436432155,standard_3d_pharmacophore,aligned,decoy
ZINCk700000wTHS9,1249,11.41320615925772,standard_3d_pharmacophore,aligned,decoy
ZINCk800000Gg9Ev,1250,11.410053221401343,standard_3d_pharmacophore,aligned,decoy
ZINCk800001bPKfE,1251,11.406096973728644,standard_3d_pharmacophore,aligned,decoy
ZINCj600000JTsxx,1252,11.39159561357515,standard_3d_pharmacophore,aligned,decoy
ZINCk800000w5P9t,1253,11.391200677967174,standard_3d_pharmacophore,aligned,decoy
ZINCk7000009KuX7,1254,11.39074234558721,standard_3d_pharmacophore,aligned,decoy
ZINCk600001bNsCK,1255,11.387770057985081,standard_3d_pharmacophore,aligned,decoy
ZINCk800000gviMa,1256,11.383066021389633,standard_3d_pharmacophore,aligned,decoy
ZINCk800000GfUtp,1257,11.380403755774465,standard_3d_pharmacophore,aligned,decoy
ZINCk800000JSzji,1258,11.377302438338932,standard_3d_pharmacophore,aligned,decoy
ZINCk600000PC4c2,1259,11.374335890963984,standard_3d_pharmacophore,aligned,decoy
ZINCk8000004idf6,1260,11.371478001667855,standard_3d_pharmacophore,aligned,decoy
ZINCk700000Pznsl,1261,11.369964475017667,standard_3d_pharmacophore,aligned,decoy
ZINCk8000018TedI,1262,11.359426968074883,standard_3d_pharmacophore,aligned,decoy
ZINCk700000FCAcM,1263,11.358791101599637,standard_3d_pharmacophore,aligned,decoy
ZINCk700000gsOZ5,1264,11.357985405343756,standard_3d_pharmacophore,aligned,decoy
ZINCk7000004fJvy,1265,11.356523934749873,standard_3d_pharmacophore,aligned,decoy
ZINCk700000JTLvl,1266,11.351535081769612,standard_3d_pharmacophore,aligned,decoy
ZINCk600000JUoNu,1267,11.347431500017581,standard_3d_pharmacophore,aligned,decoy
ZINCk800000Gf1uT,1268,11.346918926607334,standard_3d_pharmacophore,aligned,decoy
ZINCj700000xcJzW,1269,11.340245400550469,standard_3d_pharmacophore,aligned,decoy
ZINCk600000cLi01,1270,11.340106271852527,standard_3d_pharmacophore,aligned,decoy
ZINCk600000Pz833,1271,11.33487942713173,standard_3d_pharmacophore,aligned,decoy
ZINCk600000dr6mD,1272,11.33187046343288,standard_3d_pharmacophore,aligned,decoy
ZINCj800000JWx7V,1273,11.330825521841277,standard_3d_pharmacophore,aligned,decoy
ZINCk6000004cpbz,1274,11.327354034708014,standard_3d_pharmacophore,aligned,decoy
ZINCk700000y7VIh,1275,11.326535768244877,standard_3d_pharmacophore,aligned,decoy
ZINCk800000Pu8DB,1276,11.319814490405992,standard_3d_pharmacophore,aligned,decoy
ZINCk700000xci4B,1277,11.31626570225732,standard_3d_pharmacophore,aligned,decoy
ZINCk700000PvgD3,1278,11.313025750074468,standard_3d_pharmacophore,aligned,decoy
ZINCk8000018SW5B,1279,11.308142845673355,standard_3d_pharmacophore,aligned,decoy
ZINCk700000FCBgF,1280,11.30728110076877,standard_3d_pharmacophore,aligned,decoy
ZINCk800000drXK7,1281,11.300046632290934,standard_3d_pharmacophore,aligned,decoy
ZINCj8000002qcQb,1282,11.298063665717917,standard_3d_pharmacophore,aligned,decoy
ZINCk500000dpO5f,1283,11.297165505001676,standard_3d_pharmacophore,aligned,decoy
ZINCj800000Bob5d,1284,11.29049361513542,standard_3d_pharmacophore,aligned,decoy
ZINCk8000009Lyww,1285,11.285280343674303,standard_3d_pharmacophore,aligned,decoy
ZINCk800000GfJYn,1286,11.284909185918632,standard_3d_pharmacophore,aligned,decoy
ZINCk8000004i0pw,1287,11.284733052463007,standard_3d_pharmacophore,aligned,decoy
CHEMBL4170481,1288,11.284198345360716,standard_3d_pharmacophore,aligned,active
ZINCk8000004iAwD,1289,11.283903498950792,standard_3d_pharmacophore,aligned,decoy
ZINCk800000xc5iH,1290,11.28297804631768,standard_3d_pharmacophore,aligned,decoy
ZINCk6000009IZ1J,1291,11.282893434549333,standard_3d_pharmacophore,aligned,decoy
ZINCk700000PzC17,1292,11.280174273955316,standard_3d_pharmacophore,aligned,decoy
ZINCj500000fdyB5,1293,11.279962538549569,standard_3d_pharmacophore,aligned,decoy
ZINCk800000PzWQF,1294,11.278315932577115,standard_3d_pharmacophore,aligned,decoy
ZINCk600000gqlSG,1295,11.272919267270781,standard_3d_pharmacophore,aligned,decoy
ZINCk8000004ixtl,1296,11.271806264397217,standard_3d_pharmacophore,aligned,decoy
ZINCk8000004i6V5,1297,11.26991244235704,standard_3d_pharmacophore,aligned,decoy
ZINCj600000JTpHH,1298,11.267879777089016,standard_3d_pharmacophore,aligned,decoy
ZINCk600000GfSWC,1299,11.267583497208618,standard_3d_pharmacophore,aligned,decoy
ZINCk700000PBNCr,1300,11.265594912248535,standard_3d_pharmacophore,aligned,decoy
ZINCk500000gdXQa,1301,11.26496351689658,standard_3d_pharmacophore,aligned,decoy
ZINCk700000drzOt,1302,11.26247826392925,standard_3d_pharmacophore,aligned,decoy
ZINCk8000009MgDE,1303,11.257315420543483,standard_3d_pharmacophore,aligned,decoy
ZINCk600000PAEyB,1304,11.253791296288284,standard_3d_pharmacophore,aligned,decoy
ZINCj800000PAPnW,1305,11.25099034662055,standard_3d_pharmacophore,aligned,decoy
ZINCk800000PtEJD,1306,11.243092535410677,standard_3d_pharmacophore,aligned,decoy
ZINCk700000drrmy,1307,11.239187649126654,standard_3d_pharmacophore,aligned,decoy
ZINCk500000425Gt,1308,11.229703935980048,standard_3d_pharmacophore,aligned,decoy
ZINCk5000009DkcE,1309,11.22526544856153,standard_3d_pharmacophore,aligned,decoy
ZINCk800001bOdu8,1310,11.223255173596845,standard_3d_pharmacophore,aligned,decoy
ZINCj6000018UH4G,1311,11.222702841281997,standard_3d_pharmacophore,aligned,decoy
ZINCj700000Bmqe2,1312,11.221975422881934,standard_3d_pharmacophore,aligned,decoy
ZINCj700000FCzHc,1313,11.221788710916654,standard_3d_pharmacophore,aligned,decoy
ZINCk500000gfgtG,1314,11.221107846465316,standard_3d_pharmacophore,aligned,decoy
ZINCk700000Pzi6w,1315,11.217183957449203,standard_3d_pharmacophore,aligned,decoy
ZINCk600000PBkDQ,1316,11.215012574283692,standard_3d_pharmacophore,aligned,decoy
ZINCk800000JTrPk,1317,11.209772719401153,standard_3d_pharmacophore,aligned,decoy
ZINCk8000004hX2Z,1318,11.203755487882367,standard_3d_pharmacophore,aligned,decoy
ZINCk8000018T4xF,1319,11.200592156176116,standard_3d_pharmacophore,aligned,decoy
ZINCk800000PykBu,1320,11.196875341093186,standard_3d_pharmacophore,aligned,decoy
ZINCj700000JSVQf,1321,11.19098992603216,standard_3d_pharmacophore,aligned,decoy
ZINCk50000044YT8,1322,11.18536004974286,standard_3d_pharmacophore,aligned,decoy
ZINCj800000vM535,1323,11.184811789686734,standard_3d_pharmacophore,aligned,decoy
ZINCk800000JSpFH,1324,11.180174180263164,standard_3d_pharmacophore,aligned,decoy
ZINCi80000014tQT,1325,11.179752381004903,standard_3d_pharmacophore,aligned,decoy
ZINCk800000JTkwz,1326,11.178539611673962,standard_3d_pharmacophore,aligned,decoy
ZINCk500000cLe8f,1327,11.176843730631985,standard_3d_pharmacophore,aligned,decoy
ZINCj6000002lykN,1328,11.170932814908333,standard_3d_pharmacophore,aligned,decoy
ZINCk600000gqvcQ,1329,11.165696058444189,standard_3d_pharmacophore,aligned,decoy
ZINCk7000004glf1,1330,11.162807199833237,standard_3d_pharmacophore,aligned,decoy
ZINCk600000PxdB7,1331,11.159792013674908,standard_3d_pharmacophore,aligned,decoy
ZINCk800000JTZ16,1332,11.157040807965577,standard_3d_pharmacophore,aligned,decoy
ZINCk800000y8AWn,1333,11.151936482845368,standard_3d_pharmacophore,aligned,decoy
ZINCj800000JWg6w,1334,11.15065816584253,standard_3d_pharmacophore,aligned,decoy
ZINCk800000Bn7zf,1335,11.149840767536048,standard_3d_pharmacophore,aligned,decoy
ZINCj700000JVfh0,1336,11.149771096673083,standard_3d_pharmacophore,aligned,decoy
ZINCk8000009Mfcx,1337,11.149686710847647,standard_3d_pharmacophore,aligned,decoy
ZINCk600000PBwsY,1338,11.149227510085014,standard_3d_pharmacophore,aligned,decoy
ZINCk700000vkXoQ,1339,11.146241152304867,standard_3d_pharmacophore,aligned,decoy
ZINCi800000JScl4,1340,11.143640148330581,standard_3d_pharmacophore,aligned,decoy
ZINCk7000018TeUr,1341,11.141431297553595,standard_3d_pharmacophore,aligned,decoy
ZINCk800000Gf1o5,1342,11.140233215126338,standard_3d_pharmacophore,aligned,decoy
ZINCk600000wp8Mo,1343,11.13788614226952,standard_3d_pharmacophore,aligned,decoy
ZINCk6000004cZ1Q,1344,11.133262004881132,standard_3d_pharmacophore,aligned,decoy
ZINCk600000Gghn9,1345,11.132709572041414,standard_3d_pharmacophore,aligned,decoy
ZINCj8000009kfEq,1346,11.131715926791449,standard_3d_pharmacophore,aligned,decoy
ZINCk8000004jI0u,1347,11.124697194643794,standard_3d_pharmacophore,aligned,decoy
ZINCh60000007R1x,1348,11.114790904842597,standard_3d_pharmacophore,aligned,decoy
ZINCj800000frmw2,1349,11.112110786234872,standard_3d_pharmacophore,aligned,decoy
ZINCk600000gpiYf,1350,11.111251829898308,standard_3d_pharmacophore,aligned,decoy
ZINCk700001bQfgB,1351,11.110409289386151,standard_3d_pharmacophore,aligned,decoy
ZINCi60000011m6U,1352,11.099070451943819,standard_3d_pharmacophore,aligned,decoy
ZINCj8000002rHpm,1353,11.096844817478948,standard_3d_pharmacophore,aligned,decoy
ZINCk800000guMYh,1354,11.094451345199344,standard_3d_pharmacophore,aligned,decoy
ZINCk600000AJ9g2,1355,11.091717220866332,standard_3d_pharmacophore,aligned,decoy
ZINCk800000PzyI9,1356,11.091049289813927,standard_3d_pharmacophore,aligned,decoy
ZINCk600000JTdvj,1357,11.087086869650896,standard_3d_pharmacophore,aligned,decoy
ZINCh500000wyLoi,1358,11.084102726302858,standard_3d_pharmacophore,aligned,decoy
ZINCk700000PBdgw,1359,11.083661531717963,standard_3d_pharmacophore,aligned,decoy
ZINCi800000AJzC0,1360,11.080941355808093,standard_3d_pharmacophore,aligned,decoy
ZINCj500000kTXFr,1361,11.07963434277754,standard_3d_pharmacophore,aligned,decoy
ZINCk6000009JbtJ,1362,11.076081435182507,standard_3d_pharmacophore,aligned,decoy
ZINCk600000dqRJl,1363,11.072309940836535,standard_3d_pharmacophore,aligned,decoy
ZINCk8000004jQ16,1364,11.071751903582333,standard_3d_pharmacophore,aligned,decoy
ZINCk600000dqRAu,1365,11.066290933319683,standard_3d_pharmacophore,aligned,decoy
ZINCj800000PyJSz,1366,11.0560466621242,standard_3d_pharmacophore,aligned,decoy
ZINCk8000004iUU6,1367,11.055609571833587,standard_3d_pharmacophore,aligned,decoy
ZINCk800000PBgBy,1368,11.054273426132434,standard_3d_pharmacophore,aligned,decoy
ZINCk700001bPevd,1369,11.04494611666969,standard_3d_pharmacophore,aligned,decoy
ZINCk600000wXjIr,1370,11.04209799341281,standard_3d_pharmacophore,aligned,decoy
ZINCj800000frakb,1371,11.040105469095158,standard_3d_pharmacophore,aligned,decoy
ZINCk8000009LLkb,1372,11.037324051196283,standard_3d_pharmacophore,aligned,decoy
ZINCk6000009J1aT,1373,11.036356365869784,standard_3d_pharmacophore,aligned,decoy
ZINCk5000003WxrG,1374,11.033251442206007,standard_3d_pharmacophore,aligned,decoy
ZINCk6000004dcEJ,1375,11.031450594832942,standard_3d_pharmacophore,aligned,decoy
ZINCk700000JTxbD,1376,11.029180891944774,standard_3d_pharmacophore,aligned,decoy
ZINCk600000wxqpS,1377,11.027796884634336,standard_3d_pharmacophore,aligned,decoy
ZINCk8000004izzK,1378,11.021103915498195,standard_3d_pharmacophore,aligned,decoy
ZINCj600000Ja7Na,1379,11.017093020574896,standard_3d_pharmacophore,aligned,decoy
ZINCk700000grDHy,1380,11.011934389328886,standard_3d_pharmacophore,aligned,decoy
ZINCk6000004bCwN,1381,11.006503383464977,standard_3d_pharmacophore,aligned,decoy
ZINCk8000004hO6o,1382,11.005719295650566,standard_3d_pharmacophore,aligned,decoy
ZINCk8000018TwmU,1383,10.99842470435537,standard_3d_pharmacophore,aligned,decoy
ZINCk800000GeYpV,1384,10.997135027778409,standard_3d_pharmacophore,aligned,decoy
ZINCk500000ciksw,1385,10.988969060480299,standard_3d_pharmacophore,aligned,decoy
ZINCk5000003Ys2S,1386,10.980186768978095,standard_3d_pharmacophore,aligned,decoy
ZINCk600000JTEZv,1387,10.976320082468753,standard_3d_pharmacophore,aligned,decoy
ZINCj800000PFHME,1388,10.971703651634957,standard_3d_pharmacophore,aligned,decoy
ZINCk700000gs2XR,1389,10.966568588953448,standard_3d_pharmacophore,aligned,decoy
ZINCk800000wA7Mx,1390,10.9665432367678,standard_3d_pharmacophore,aligned,decoy
ZINCj5000002i4JO,1391,10.961906316956105,standard_3d_pharmacophore,aligned,decoy
ZINCk700000Pu7on,1392,10.960777965069882,standard_3d_pharmacophore,aligned,decoy
ZINCk800001bNp8r,1393,10.958651852550307,standard_3d_pharmacophore,aligned,decoy
ZINCk500000gei75,1394,10.957925479945336,standard_3d_pharmacophore,aligned,decoy
ZINCk5000009CBj8,1395,10.952230915905558,standard_3d_pharmacophore,aligned,decoy
ZINCk8000009LAgM,1396,10.951084009362491,standard_3d_pharmacophore,aligned,decoy
ZINCj800000PBq8P,1397,10.948313986433963,standard_3d_pharmacophore,aligned,decoy
ZINCk800000wXSG9,1398,10.941886785806597,standard_3d_pharmacophore,aligned,decoy
ZINCk600000PtTCY,1399,10.938644682002995,standard_3d_pharmacophore,aligned,decoy
ZINCk700000drwgM,1400,10.934878260820046,standard_3d_pharmacophore,aligned,decoy
ZINCk7000004fuvb,1401,10.933668203635472,standard_3d_pharmacophore,aligned,decoy
ZINCk8000004hRDu,1402,10.931154110865055,standard_3d_pharmacophore,aligned,decoy
ZINCk600000EmqbV,1403,10.925950970331678,standard_3d_pharmacophore,aligned,decoy
ZINCk800000guuK3,1404,10.924017179193358,standard_3d_pharmacophore,aligned,decoy
ZINCk700000FCpX8,1405,10.919916554392099,standard_3d_pharmacophore,aligned,decoy
ZINCk50000044PBe,1406,10.919483131988917,standard_3d_pharmacophore,aligned,decoy
ZINCk700000JTDEL,1407,10.912491695978408,standard_3d_pharmacophore,aligned,decoy
ZINCi700000PIBkn,1408,10.904509339018242,standard_3d_pharmacophore,aligned,decoy
ZINCk700001bPFif,1409,10.898524400362755,standard_3d_pharmacophore,aligned,decoy
ZINCj5000002c8e2,1410,10.893568822273842,standard_3d_pharmacophore,aligned,decoy
ZINCk6000004cezu,1411,10.875420972111664,standard_3d_pharmacophore,aligned,decoy
ZINCj700000Pu5Ev,1412,10.874073374942606,standard_3d_pharmacophore,aligned,decoy
ZINCk8000004hSC3,1413,10.86641785263501,standard_3d_pharmacophore,aligned,decoy
ZINCk700000cLjot,1414,10.866405397620056,standard_3d_pharmacophore,aligned,decoy
ZINCk800000JRYWC,1415,10.855305831417036,standard_3d_pharmacophore,aligned,decoy
ZINCk800000PBwvN,1416,10.838984191785832,standard_3d_pharmacophore,aligned,decoy
ZINCk6000009Jays,1417,10.838282431378405,standard_3d_pharmacophore,aligned,decoy
ZINCk8000004iqMv,1418,10.828561620510547,standard_3d_pharmacophore,aligned,decoy
ZINCk8000009Mfqq,1419,10.826170228142074,standard_3d_pharmacophore,aligned,decoy
ZINCk8000009LSlG,1420,10.821883170115079,standard_3d_pharmacophore,aligned,decoy
ZINCj800000PAn3b,1421,10.820648663599155,standard_3d_pharmacophore,aligned,decoy
ZINCj800000wY54s,1422,10.815002706198284,standard_3d_pharmacophore,aligned,decoy
ZINCk7000004ftWx,1423,10.808784149029693,standard_3d_pharmacophore,aligned,decoy
ZINCj600000PzPZR,1424,10.807038289430086,standard_3d_pharmacophore,aligned,decoy
ZINCj700000PAe93,1425,10.803612983688877,standard_3d_pharmacophore,aligned,decoy
ZINCk7000004gqk0,1426,10.801891127006822,standard_3d_pharmacophore,aligned,decoy
ZINCk700000vT33A,1427,10.799959835629071,standard_3d_pharmacophore,aligned,decoy
ZINCk800000y8Ay8,1428,10.795823821329261,standard_3d_pharmacophore,aligned,decoy
ZINCk700000GfvPI,1429,10.79413953198816,standard_3d_pharmacophore,aligned,decoy
ZINCk800000drSnN,1430,10.793899288727177,standard_3d_pharmacophore,aligned,decoy
ZINCk600000PAiCY,1431,10.793460417982386,standard_3d_pharmacophore,aligned,decoy
ZINCk700000BlTQh,1432,10.792669521564298,standard_3d_pharmacophore,aligned,decoy
ZINCk700000xchuy,1433,10.783027715406533,standard_3d_pharmacophore,aligned,decoy
ZINCk800000Pu61e,1434,10.782527788896234,standard_3d_pharmacophore,aligned,decoy
ZINCj700000y9JqT,1435,10.76555338630168,standard_3d_pharmacophore,aligned,decoy
ZINCk8000004jwWr,1436,10.762221567384348,standard_3d_pharmacophore,aligned,decoy
ZINCk700000J9Y7v,1437,10.757999277797959,standard_3d_pharmacophore,aligned,decoy
ZINCk7000018SroO,1438,10.752259065097967,standard_3d_pharmacophore,aligned,decoy
ZINCk6000009IXDM,1439,10.751492020209248,standard_3d_pharmacophore,aligned,decoy
ZINCk800000gvub8,1440,10.74487769799109,standard_3d_pharmacophore,aligned,decoy
ZINCj8000002qJfL,1441,10.741848018797896,standard_3d_pharmacophore,aligned,decoy
ZINCk600000gpw1t,1442,10.740890376628606,standard_3d_pharmacophore,aligned,decoy
ZINCk7000004eXFt,1443,10.729121492847074,standard_3d_pharmacophore,aligned,decoy
ZINCk6000018SJuc,1444,10.728256783314498,standard_3d_pharmacophore,aligned,decoy
ZINCk5000003VzYy,1445,10.728014302223519,standard_3d_pharmacophore,aligned,decoy
ZINCk7000009KRLS,1446,10.726073703845111,standard_3d_pharmacophore,aligned,decoy
ZINCj800000vL6bf,1447,10.71892794949314,standard_3d_pharmacophore,aligned,decoy
ZINCj700000PJMpb,1448,10.717669397907555,standard_3d_pharmacophore,aligned,decoy
ZINCj800000wcZfd,1449,10.71449834974764,standard_3d_pharmacophore,aligned,decoy
ZINCj600000FCYSC,1450,10.714116804406196,standard_3d_pharmacophore,aligned,decoy
ZINCj8000018Skr1,1451,10.709824136930973,standard_3d_pharmacophore,aligned,decoy
ZINCk500000cLbcD,1452,10.704586279282468,standard_3d_pharmacophore,aligned,decoy
ZINCh600000K4lnK,1453,10.703398939576125,standard_3d_pharmacophore,aligned,decoy
ZINCk7000009L1mI,1454,10.702396126244105,standard_3d_pharmacophore,aligned,decoy
ZINCk8000009Lt4d,1455,10.694763008319825,standard_3d_pharmacophore,aligned,decoy
ZINCk700000drzz2,1456,10.693671181395626,standard_3d_pharmacophore,aligned,decoy
ZINCj8000002qn9a,1457,10.69277324264788,standard_3d_pharmacophore,aligned,decoy
ZINCk600000JTbfH,1458,10.689506830811428,standard_3d_pharmacophore,aligned,decoy
ZINCk700000wX8VL,1459,10.684739175985102,standard_3d_pharmacophore,aligned,decoy
ZINCk8000009MjAy,1460,10.676289118304416,standard_3d_pharmacophore,aligned,decoy
ZINCj800000PDmrj,1461,10.65265430817086,standard_3d_pharmacophore,aligned,decoy
ZINCk7000009JWh4,1462,10.652223279958575,standard_3d_pharmacophore,aligned,decoy
ZINCj500000wifRT,1463,10.649386132047184,standard_3d_pharmacophore,aligned,decoy
ZINCk800000x69Cn,1464,10.643684846140577,standard_3d_pharmacophore,aligned,decoy
ZINCk6000004e1AT,1465,10.636999845442055,standard_3d_pharmacophore,aligned,decoy
ZINCk700000EmveB,1466,10.630009385619772,standard_3d_pharmacophore,aligned,decoy
ZINCk800000JSmh7,1467,10.62420214920901,standard_3d_pharmacophore,aligned,decoy
ZINCj700000xcxNE,1468,10.621660153271252,standard_3d_pharmacophore,aligned,decoy
CHEMBL2364384,1469,10.621059132212793,standard_3d_pharmacophore,aligned,active
ZINCk8000004imkQ,1470,10.618642464581432,standard_3d_pharmacophore,aligned,decoy
ZINCk7000009KqEJ,1471,10.605471416398544,standard_3d_pharmacophore,aligned,decoy
ZINCk800001bPJGz,1472,10.604862228159032,standard_3d_pharmacophore,aligned,decoy
ZINCk800000Pu2kK,1473,10.602256884626316,standard_3d_pharmacophore,aligned,decoy
ZINCk7000004gObW,1474,10.580644896808868,standard_3d_pharmacophore,aligned,decoy
ZINCk800000PwwOp,1475,10.570578170832492,standard_3d_pharmacophore,aligned,decoy
ZINCj6000002luVn,1476,10.563571754215301,standard_3d_pharmacophore,aligned,decoy
ZINCk600000vdpLH,1477,10.55958067749894,standard_3d_pharmacophore,aligned,decoy
ZINCk800000GfUsB,1478,10.559091007339143,standard_3d_pharmacophore,aligned,decoy
ZINCk800000JTmmX,1479,10.55818862020704,standard_3d_pharmacophore,aligned,decoy
ZINCk50000048fa4,1480,10.547917049165617,standard_3d_pharmacophore,aligned,decoy
ZINCk700000PzZeB,1481,10.547225214700156,standard_3d_pharmacophore,aligned,decoy
ZINCk800000EmzXH,1482,10.54441561609822,standard_3d_pharmacophore,aligned,decoy
ZINCk700000Pz8Me,1483,10.544270897770259,standard_3d_pharmacophore,aligned,decoy
ZINCk600000JTl3x,1484,10.53959339670156,standard_3d_pharmacophore,aligned,decoy
ZINCk600000y8eZP,1485,10.537250438218056,standard_3d_pharmacophore,aligned,decoy
ZINCk7000004foGS,1486,10.521327208148856,standard_3d_pharmacophore,aligned,decoy
ZINCk800000JTEGJ,1487,10.51829888725213,standard_3d_pharmacophore,aligned,decoy
ZINCk8000004i3Gn,1488,10.515584250033125,standard_3d_pharmacophore,aligned,decoy
ZINCk8000004i2ku,1489,10.51055667853616,standard_3d_pharmacophore,aligned,decoy
ZINCj8000002rLl9,1490,10.504781448921658,standard_3d_pharmacophore,aligned,decoy
ZINCk700001bPBzA,1491,10.49732706812127,standard_3d_pharmacophore,aligned,decoy
ZINCk800000Pwc4p,1492,10.472431546937083,standard_3d_pharmacophore,aligned,decoy
ZINCk7000004e717,1493,10.462035358458468,standard_3d_pharmacophore,aligned,decoy
ZINCj7000002oyTQ,1494,10.459040125215873,standard_3d_pharmacophore,aligned,decoy
ZINCk600000dqWkL,1495,10.441964162605878,standard_3d_pharmacophore,aligned,decoy
ZINCi800000PAVb1,1496,10.436063578900633,standard_3d_pharmacophore,aligned,decoy
ZINCk800000GfZq7,1497,10.436044300118134,standard_3d_pharmacophore,aligned,decoy
ZINCk600000vLL2b,1498,10.426022828395793,standard_3d_pharmacophore,aligned,decoy
ZINCk600000PAmkg,1499,10.416691167632113,standard_3d_pharmacophore,aligned,decoy
ZINCk600000JSx4x,1500,10.38570538212441,standard_3d_pharmacophore,aligned,decoy
ZINCj700000FCEYI,1501,10.375483243042954,standard_3d_pharmacophore,aligned,decoy
ZINCk600000wnp1G,1502,10.371105545924761,standard_3d_pharmacophore,aligned,decoy
ZINCk700000PC6VH,1503,10.361311272202636,standard_3d_pharmacophore,aligned,decoy
ZINCj7000002nkJO,1504,10.351392908642687,standard_3d_pharmacophore,aligned,decoy
ZINCk7000004f5cy,1505,10.349386466368275,standard_3d_pharmacophore,aligned,decoy
ZINCj6000002laIu,1506,10.346704543031583,standard_3d_pharmacophore,aligned,decoy
ZINCk7000004f3zB,1507,10.312286276971616,standard_3d_pharmacophore,aligned,decoy
ZINCk600000JTrTQ,1508,10.292982495711565,standard_3d_pharmacophore,aligned,decoy
ZINCk700000JTfma,1509,10.287731711338358,standard_3d_pharmacophore,aligned,decoy
ZINCk500000dp4C3,1510,10.28543387001786,standard_3d_pharmacophore,aligned,decoy
ZINCk800000JTuRO,1511,10.28446718795805,standard_3d_pharmacophore,aligned,decoy
ZINCj7000002nmyp,1512,10.2838911206595,standard_3d_pharmacophore,aligned,decoy
ZINCk8000009Lfwy,1513,10.281025015217224,standard_3d_pharmacophore,aligned,decoy
ZINCk8000004iPdH,1514,10.252995557186582,standard_3d_pharmacophore,aligned,decoy
ZINCk800000wpj7T,1515,10.197582423025123,standard_3d_pharmacophore,aligned,decoy
ZINCk700000PBfH4,1516,10.125018239403694,standard_3d_pharmacophore,aligned,decoy
ZINCk700001bPDoV,1517,10.107920859979277,standard_3d_pharmacophore,aligned,decoy
ZINCk700000drsQ4,1518,10.08831148892622,standard_3d_pharmacophore,aligned,decoy
ZINCk600000x8nNL,1519,10.074350168100525,standard_3d_pharmacophore,aligned,decoy
ZINCj7000002p8sn,1520,10.06239178645881,standard_3d_pharmacophore,aligned,decoy
ZINCk7000004fuck,1521,10.007179807664803,standard_3d_pharmacophore,aligned,decoy
ZINCi80000014sKH,1522,9.983430716404046,standard_3d_pharmacophore,aligned,decoy
ZINCk800000FCAWI,1523,9.972703347085536,standard_3d_pharmacophore,aligned,decoy
ZINCk600000vJ41m,1524,9.958588576050705,standard_3d_pharmacophore,aligned,decoy
ZINCk800000JTGjb,1525,9.889965015909386,standard_3d_pharmacophore,aligned,decoy
ZINCk700000JTO0l,1526,9.879532085563195,standard_3d_pharmacophore,aligned,decoy
ZINCj600000JU5VX,1527,9.873981336919776,standard_3d_pharmacophore,aligned,decoy
ZINCk800001bOhEB,1528,9.865242554112681,standard_3d_pharmacophore,aligned,decoy
ZINCk800000x0tgH,1529,9.854602248335325,standard_3d_pharmacophore,aligned,decoy
ZINCj8000002rApC,1530,9.797901911683757,standard_3d_pharmacophore,aligned,decoy
ZINCk700000drdQ7,1531,9.717322482330994,standard_3d_pharmacophore,aligned,decoy
ZINCk700000y8oGT,1532,9.71424692073843,standard_3d_pharmacophore,aligned,decoy
ZINCi600000xdbtN,1533,9.705446503119708,standard_3d_pharmacophore,aligned,decoy
ZINCk8000009MbdW,1534,9.693725385691584,standard_3d_pharmacophore,aligned,decoy
ZINCj6000002lagX,1535,9.682699604488654,standard_3d_pharmacophore,aligned,decoy
ZINCk7000004emcD,1536,9.667976876667568,standard_3d_pharmacophore,aligned,decoy
ZINCk600000wHEvK,1537,9.62816986460986,standard_3d_pharmacophore,aligned,decoy
ZINCj800000cKfpe,1538,9.548960976140911,standard_3d_pharmacophore,aligned,decoy
ZINCk700000AJ5rU,1539,9.510634002832992,standard_3d_pharmacophore,aligned,decoy
ZINCk600000PzSMz,1540,9.433992427710868,standard_3d_pharmacophore,aligned,decoy
ZINCk700000gt05A,1541,9.426947848078829,standard_3d_pharmacophore,aligned,decoy
ZINCk700000y8QwW,1542,9.388221400476844,standard_3d_pharmacophore,aligned,decoy
ZINCk500000doY0E,1543,9.329413028483598,standard_3d_pharmacophore,aligned,decoy
ZINCk6000004dBme,1544,9.171814661371045,standard_3d_pharmacophore,aligned,decoy
ZINCk8000004i2G6,1545,9.102165549934394,standard_3d_pharmacophore,aligned,decoy
ZINCk600000AJ8uE,1546,8.997153866581849,standard_3d_pharmacophore,aligned,decoy
ZINCk800001bPYze,1547,8.965812741323754,standard_3d_pharmacophore,aligned,decoy
ZINCj800000JSIdS,1548,8.85772030287503,standard_3d_pharmacophore,aligned,decoy
ZINCk7000004fEPm,1549,8.562464805206567,standard_3d_pharmacophore,aligned,decoy
ZINCj700000GfMS9,1550,7.678950492678224,standard_3d_pharmacophore,aligned,decoy
