method_a,method_b,n_shared,kendall_tau,spearman_r,jaccard_top10,jaccard_top25,jaccard_top50
full_cascade,stage3_only,1550,0.98140735958683,0.9974657742464369,0.1111111111111111,0.28205128205128205,0.3157894736842105
full_cascade,standard_3d_pharmacophore,1550,0.012804098377725483,0.017454137169994326,0.05263157894736842,0.08695652173913043,0.06382978723404255
full_cascade,native_only,1550,0.2025289989379204,0.18631506556701063,0.6666666666666666,0.6666666666666666,0.3333333333333333
stage3_only,standard_3d_pharmacophore,1550,0.031396738790895266,0.03485362962589397,0.25,0.1111111111111111,0.1111111111111111
stage3_only,native_only,1550,0.1839363585247506,0.1690006780439867,0.1111111111111111,0.25,0.20481927710843373
standard_3d_pharmacophore,native_only,1550,0.03074033195193569,0.04476389121117959,0.05263157894736842,0.1111111111111111,0.07526881720430108
