method_a,method_b,n_shared,kendall_tau,spearman_r,jaccard_top10,jaccard_top25,jaccard_top50
full_cascade,stage3_only,310,0.9999164839753627,0.9999987915687754,1.0,1.0,1.0
full_cascade,standard_3d_pharmacophore,310,-0.1200334064098549,-0.18974444700676624,0.1111111111111111,0.041666666666666664,0.0989010989010989
full_cascade,native_only,310,0.28184570414448273,0.3291406140643268,0.25,0.1111111111111111,0.2345679012345679
stage3_only,standard_3d_pharmacophore,310,-0.11994989038521765,-0.18971745870941562,0.1111111111111111,0.041666666666666664,0.0989010989010989
stage3_only,native_only,310,0.2817621881198455,0.3291394056331022,0.25,0.1111111111111111,0.2345679012345679
standard_3d_pharmacophore,native_only,310,0.18304624699864286,0.27371672156636856,0.42857142857142855,0.19047619047619047,0.12359550561797752
