method,n_ranked,ef_1pct,ef_1pct_ci_low,ef_1pct_ci_high,ef_5pct,ef_5pct_ci_low,ef_5pct_ci_high,ef_01pct,ef_01pct_ci_low,ef_01pct_ci_high,roc_auc,roc_auc_ci_low,roc_auc_ci_high,pr_auc,pr_auc_ci_low,pr_auc_ci_high,bedroc,bedroc_ci_low,bedroc_ci_high,top10_recovery,top10_recovery_ci_low,top10_recovery_ci_high,scaffold_recovery_top10,scaffold_recovery_top10_ci_low,scaffold_recovery_top10_ci_high,top25_recovery,top25_recovery_ci_low,top25_recovery_ci_high,scaffold_recovery_top25,scaffold_recovery_top25_ci_low,scaffold_recovery_top25_ci_high,top50_recovery,top50_recovery_ci_low,top50_recovery_ci_high,scaffold_recovery_top50,scaffold_recovery_top50_ci_low,scaffold_recovery_top50_ci_high,scaffold_diversity_top10,scaffold_diversity_top10_ci_low,scaffold_diversity_top10_ci_high,scaffold_diversity_top25,scaffold_diversity_top25_ci_low,scaffold_diversity_top25_ci_high,scaffold_diversity_top50,scaffold_diversity_top50_ci_low,scaffold_diversity_top50_ci_high
full_cascade,310.0,40.0,20.0,40.0,10.0,4.0,20.0,100.0,100.0,100.0,0.9533333333333333,0.8899750000000001,0.9946666666666667,0.6105093948437601,0.36664761921228906,0.8796717132505171,0.6489398243668175,0.39212610107074186,0.9261082150546642,0.5,0.2,0.8,0.5,0.2857142857142857,0.8,0.5,0.3,1.0,0.5,0.3333333333333333,1.0,1.0,0.4,1.0,1.0,0.4,1.0,6.0,,,12.0,,,19.0,,
stage3_only,310.0,40.0,20.0,40.0,10.0,4.0,20.0,100.0,100.0,100.0,0.9533333333333333,0.8899750000000001,0.9946666666666667,0.6105093948437601,0.36664761921228906,0.8796717132505171,0.6489398243668175,0.39212610107074186,0.9261082150546642,0.5,0.2,0.8,0.5,0.2857142857142857,0.8,0.5,0.3,1.0,0.5,0.3333333333333333,1.0,1.0,0.4,1.0,1.0,0.4,1.0,6.0,,,12.0,,,19.0,,
standard_3d_pharmacophore,310.0,30.0,20.0,40.0,13.999999999999998,8.0,20.0,100.0,100.0,100.0,0.8793333333333333,0.67865,0.9926666666666667,0.5980699088145895,0.36719019508008255,0.8445224554294025,0.7153686562152762,0.47940366505383003,0.9056512992751459,0.6,0.4,0.8,0.6,0.4,0.8333333333333334,0.7,0.4,1.0,0.7,0.5,1.0,0.8,0.5,1.0,0.8,0.6,1.0,7.0,,,16.0,,,24.0,,
native_only,310.0,40.0,40.0,40.0,20.0,18.0,20.0,100.0,100.0,100.0,0.999,0.996,1.0,0.9769230769230769,0.9150735294117648,0.9999999999999999,0.9870603504184279,0.9464053870399192,1.0,0.9,0.7,1.0,0.9,0.8,1.0,1.0,1.0,1.0,1.0,1.0,1.0,1.0,1.0,1.0,1.0,1.0,1.0,10.0,,,21.0,,,24.0,,
