ligand_id,rank,score,method,status,label
CHEMBL4068667,1,87.76478703756293,full_cascade,scored,active
CHEMBL6006846,2,87.76478703756293,full_cascade,scored,active
CHEMBL3819071,3,74.67390888937828,full_cascade,scored,active
CHEMBL5859878,4,74.67390888937828,full_cascade,scored,active
CHEMBL1688303,5,72.00121283194781,full_cascade,scored,active
CHEMBL3217780,6,72.00121283194781,full_cascade,scored,active
CHEMBL3220103,7,72.00121283194781,full_cascade,scored,active
CHEMBL5745234,8,72.00121283194781,full_cascade,scored,active
CHEMBL5747471,9,72.00121283194781,full_cascade,scored,active
CHEMBL5808134,10,72.00121283194781,full_cascade,scored,active
CHEMBL5811937,11,72.00121283194781,full_cascade,scored,active
CHEMBL5816136,12,72.00121283194781,full_cascade,scored,active
CHEMBL5869704,13,72.00121283194781,full_cascade,scored,active
CHEMBL5879668,14,72.00121283194781,full_cascade,scored,active
CHEMBL5901726,15,72.00121283194781,full_cascade,scored,active
CHEMBL5921912,16,72.00121283194781,full_cascade,scored,active
CHEMBL5928219,17,72.00121283194781,full_cascade,scored,active
CHEMBL5988926,18,72.00121283194781,full_cascade,scored,active
CHEMBL5989834,19,72.00121283194781,full_cascade,scored,active
CHEMBL6012158,20,72.00121283194781,full_cascade,scored,active
CHEMBL6024197,21,72.00121283194781,full_cascade,scored,active
CHEMBL6030067,22,72.00121283194781,full_cascade,scored,active
CHEMBL6050672,23,72.00121283194781,full_cascade,scored,active
CHEMBL6064615,24,72.00121283194781,full_cascade,scored,active
CHEMBL3653239,25,71.86203487609751,full_cascade,scored,active
CHEMBL5267044,26,71.86203487609751,full_cascade,scored,active
CHEMBL5877121,27,69.08892756644128,full_cascade,scored,active
CHEMBL5978015,28,69.08892756644128,full_cascade,scored,active
CHEMBL5849977,29,68.01169462226007,full_cascade,scored,active
CHEMBL5883242,30,68.01169462226007,full_cascade,scored,active
CHEMBL6024824,31,68.01169462226007,full_cascade,scored,active
CHEMBL2177185,32,61.42780556597803,full_cascade,scored,active
CHEMBL2313485,33,61.42780556597803,full_cascade,scored,active
CHEMBL2347389,34,61.42780556597803,full_cascade,scored,active
CHEMBL3265101,35,61.42780556597803,full_cascade,scored,active
CHEMBL3407579,36,61.42780556597803,full_cascade,scored,active
CHEMBL3687241,37,61.42780556597803,full_cascade,scored,active
CHEMBL3693969,38,61.42780556597803,full_cascade,scored,active
CHEMBL378100,39,61.42780556597803,full_cascade,scored,active
CHEMBL4102803,40,61.42780556597803,full_cascade,scored,active
CHEMBL4109769,41,61.42780556597803,full_cascade,scored,active
CHEMBL4114636,42,61.42780556597803,full_cascade,scored,active
CHEMBL4115504,43,61.42780556597803,full_cascade,scored,active
CHEMBL5854116,44,61.42780556597803,full_cascade,scored,active
CHEMBL5876084,45,61.42780556597803,full_cascade,scored,active
CHEMBL5913446,46,61.42780556597803,full_cascade,scored,active
ZINCf5000000ZrK7,47,61.42780556597803,full_cascade,scored,decoy
ZINCf5000000ajFz,48,61.42780556597803,full_cascade,scored,decoy
ZINCf5000002ovxD,49,61.42780556597803,full_cascade,scored,decoy
ZINCf5000002rFoH,50,61.42780556597803,full_cascade,scored,decoy
CHEMBL5775440,51,58.24289704674153,full_cascade,scored,active
ZINCf5000002ov2H,52,58.103719090891246,full_cascade,scored,decoy
ZINCf50000008JvB,53,55.99804941825661,full_cascade,scored,decoy
ZINCf50000009AET,54,55.99804941825661,full_cascade,scored,decoy
ZINCf50000009AIT,55,55.99804941825661,full_cascade,scored,decoy
ZINCf50000009TZE,56,55.99804941825661,full_cascade,scored,decoy
ZINCf5000000VlUp,57,55.99804941825661,full_cascade,scored,decoy
ZINCf5000000Zt0t,58,55.99804941825661,full_cascade,scored,decoy
ZINCf5000000ZxAk,59,55.99804941825661,full_cascade,scored,decoy
ZINCf5000000a94X,60,55.99804941825661,full_cascade,scored,decoy
ZINCf5000000aguE,61,55.99804941825661,full_cascade,scored,decoy
ZINCf5000000ahsC,62,55.99804941825661,full_cascade,scored,decoy
ZINCf5000000ai5I,63,55.99804941825661,full_cascade,scored,decoy
ZINCf5000000ajs3,64,55.99804941825661,full_cascade,scored,decoy
ZINCf5000000akV7,65,55.99804941825661,full_cascade,scored,decoy
ZINCf5000000alo6,66,55.99804941825661,full_cascade,scored,decoy
ZINCf5000000alol,67,55.99804941825661,full_cascade,scored,decoy
ZINCf5000000amZV,68,55.99804941825661,full_cascade,scored,decoy
ZINCf5000000atn8,69,55.99804941825661,full_cascade,scored,decoy
ZINCf5000000axnZ,70,55.99804941825661,full_cascade,scored,decoy
ZINCf5000000axo0,71,55.99804941825661,full_cascade,scored,decoy
ZINCf500000183nO,72,55.99804941825661,full_cascade,scored,decoy
ZINCf5000002aSjQ,73,55.99804941825661,full_cascade,scored,decoy
ZINCf5000002mBws,74,55.99804941825661,full_cascade,scored,decoy
ZINCf5000002oFf9,75,55.99804941825661,full_cascade,scored,decoy
CHEMBL514709,76,48.33692741779336,full_cascade,scored,active
ZINCf50000009XDh,77,48.33692741779336,full_cascade,scored,decoy
ZINCf50000009XDp,78,48.33692741779336,full_cascade,scored,decoy
ZINCf50000009zqC,79,48.33692741779336,full_cascade,scored,decoy
ZINCf5000000SOkk,80,48.33692741779336,full_cascade,scored,decoy
ZINCf5000000SOr8,81,48.33692741779336,full_cascade,scored,decoy
ZINCf5000000SOrb,82,48.33692741779336,full_cascade,scored,decoy
ZINCf5000000Zy80,83,48.33692741779336,full_cascade,scored,decoy
ZINCf5000000Zz22,84,48.33692741779336,full_cascade,scored,decoy
ZINCf5000000Zz23,85,48.33692741779336,full_cascade,scored,decoy
ZINCf5000000a181,86,48.33692741779336,full_cascade,scored,decoy
ZINCf5000000a183,87,48.33692741779336,full_cascade,scored,decoy
ZINCf5000000aatP,88,48.33692741779336,full_cascade,scored,decoy
ZINCf5000000acCI,89,48.33692741779336,full_cascade,scored,decoy
ZINCf5000000ae4O,90,48.33692741779336,full_cascade,scored,decoy
ZINCf5000000ahoM,91,48.33692741779336,full_cascade,scored,decoy
ZINCf5000000ap9G,92,48.33692741779336,full_cascade,scored,decoy
ZINCf5000000ap9k,93,48.33692741779336,full_cascade,scored,decoy
ZINCf50000017X6h,94,48.33692741779336,full_cascade,scored,decoy
ZINCf500000184X7,95,48.33692741779336,full_cascade,scored,decoy
ZINCf50000024pNc,96,48.33692741779336,full_cascade,scored,decoy
ZINCf50000025ZxH,97,48.33692741779336,full_cascade,scored,decoy
ZINCf50000027F9l,98,48.33692741779336,full_cascade,scored,decoy
ZINCf50000029FqH,99,48.33692741779336,full_cascade,scored,decoy
ZINCf5000002aUYt,100,48.33692741779336,full_cascade,scored,decoy
ZINCf5000002aUmK,101,48.33692741779336,full_cascade,scored,decoy
ZINCf5000002edWS,102,48.33692741779336,full_cascade,scored,decoy
ZINCf5000002oDM5,103,48.33692741779336,full_cascade,scored,decoy
CHEMBL416288,104,47.669489780771755,full_cascade,scored,active
ZINCf50000008EcR,105,47.669489780771755,full_cascade,scored,decoy
ZINCf50000008EcU,106,47.669489780771755,full_cascade,scored,decoy
ZINCf50000008Hb1,107,47.669489780771755,full_cascade,scored,decoy
ZINCf50000008Hcy,108,47.669489780771755,full_cascade,scored,decoy
ZINCf50000008PQx,109,47.669489780771755,full_cascade,scored,decoy
ZINCf50000008SNN,110,47.669489780771755,full_cascade,scored,decoy
ZINCf50000008SP4,111,47.669489780771755,full_cascade,scored,decoy
ZINCf50000008TKQ,112,47.669489780771755,full_cascade,scored,decoy
ZINCf50000008VLK,113,47.669489780771755,full_cascade,scored,decoy
ZINCf50000008VrH,114,47.669489780771755,full_cascade,scored,decoy
ZINCf500000093Bx,115,47.669489780771755,full_cascade,scored,decoy
ZINCf500000093fa,116,47.669489780771755,full_cascade,scored,decoy
ZINCf500000093jq,117,47.669489780771755,full_cascade,scored,decoy
ZINCf5000000959K,118,47.669489780771755,full_cascade,scored,decoy
ZINCf5000000959R,119,47.669489780771755,full_cascade,scored,decoy
ZINCf50000009CNG,120,47.669489780771755,full_cascade,scored,decoy
ZINCf50000009E48,121,47.669489780771755,full_cascade,scored,decoy
ZINCf50000009FTm,122,47.669489780771755,full_cascade,scored,decoy
ZINCf50000009GDl,123,47.669489780771755,full_cascade,scored,decoy
ZINCf50000009Hh3,124,47.669489780771755,full_cascade,scored,decoy
ZINCf50000009Hhg,125,47.669489780771755,full_cascade,scored,decoy
ZINCf50000009LXr,126,47.669489780771755,full_cascade,scored,decoy
ZINCf50000009MhR,127,47.669489780771755,full_cascade,scored,decoy
ZINCf50000009TRd,128,47.669489780771755,full_cascade,scored,decoy
ZINCf50000009Xf7,129,47.669489780771755,full_cascade,scored,decoy
ZINCf50000009Y9L,130,47.669489780771755,full_cascade,scored,decoy
ZINCf50000009Z3e,131,47.669489780771755,full_cascade,scored,decoy
ZINCf50000009aCA,132,47.669489780771755,full_cascade,scored,decoy
ZINCf50000009aZv,133,47.669489780771755,full_cascade,scored,decoy
ZINCf50000009adV,134,47.669489780771755,full_cascade,scored,decoy
ZINCf50000009adX,135,47.669489780771755,full_cascade,scored,decoy
ZINCf50000009ahy,136,47.669489780771755,full_cascade,scored,decoy
ZINCf50000009aj3,137,47.669489780771755,full_cascade,scored,decoy
ZINCf50000009wAP,138,47.669489780771755,full_cascade,scored,decoy
ZINCf50000009wB0,139,47.669489780771755,full_cascade,scored,decoy
ZINCf50000009wBo,140,47.669489780771755,full_cascade,scored,decoy
ZINCf50000009wfD,141,47.669489780771755,full_cascade,scored,decoy
ZINCf50000009wxq,142,47.669489780771755,full_cascade,scored,decoy
ZINCf5000000SKPV,143,47.669489780771755,full_cascade,scored,decoy
ZINCf5000000WBL6,144,47.669489780771755,full_cascade,scored,decoy
ZINCf5000000WBLy,145,47.669489780771755,full_cascade,scored,decoy
ZINCf5000000WBkB,146,47.669489780771755,full_cascade,scored,decoy
ZINCf5000000WBxi,147,47.669489780771755,full_cascade,scored,decoy
ZINCf5000000WClS,148,47.669489780771755,full_cascade,scored,decoy
ZINCf5000000YbyH,149,47.669489780771755,full_cascade,scored,decoy
ZINCf5000000Ybyz,150,47.669489780771755,full_cascade,scored,decoy
ZINCf5000000Zt9N,151,47.669489780771755,full_cascade,scored,decoy
ZINCf5000000ZtI8,152,47.669489780771755,full_cascade,scored,decoy
ZINCf5000000ZtJJ,153,47.669489780771755,full_cascade,scored,decoy
ZINCf5000000ZtnC,154,47.669489780771755,full_cascade,scored,decoy
ZINCf5000000Zu2d,155,47.669489780771755,full_cascade,scored,decoy
ZINCf5000000Zu2h,156,47.669489780771755,full_cascade,scored,decoy
ZINCf5000000Zu2n,157,47.669489780771755,full_cascade,scored,decoy
ZINCf5000000ZuJO,158,47.669489780771755,full_cascade,scored,decoy
ZINCf5000000ZxEf,159,47.669489780771755,full_cascade,scored,decoy
ZINCf5000000ZxFj,160,47.669489780771755,full_cascade,scored,decoy
ZINCf5000000Zz1e,161,47.669489780771755,full_cascade,scored,decoy
ZINCf5000000a163,162,47.669489780771755,full_cascade,scored,decoy
ZINCf5000000a5SH,163,47.669489780771755,full_cascade,scored,decoy
ZINCf5000000a5YY,164,47.669489780771755,full_cascade,scored,decoy
ZINCf5000000a5xo,165,47.669489780771755,full_cascade,scored,decoy
ZINCf5000000a7X8,166,47.669489780771755,full_cascade,scored,decoy
ZINCf5000000a7wy,167,47.669489780771755,full_cascade,scored,decoy
ZINCf5000000a86K,168,47.669489780771755,full_cascade,scored,decoy
ZINCf5000000a86R,169,47.669489780771755,full_cascade,scored,decoy
ZINCf5000000a8Km,170,47.669489780771755,full_cascade,scored,decoy
ZINCf5000000a8Su,171,47.669489780771755,full_cascade,scored,decoy
ZINCf5000000a8YW,172,47.669489780771755,full_cascade,scored,decoy
ZINCf5000000a8YY,173,47.669489780771755,full_cascade,scored,decoy
ZINCf5000000a8js,174,47.669489780771755,full_cascade,scored,decoy
ZINCf5000000a959,175,47.669489780771755,full_cascade,scored,decoy
ZINCf5000000a95K,176,47.669489780771755,full_cascade,scored,decoy
ZINCf5000000a9dB,177,47.669489780771755,full_cascade,scored,decoy
ZINCf5000000a9iG,178,47.669489780771755,full_cascade,scored,decoy
ZINCf5000000a9nq,179,47.669489780771755,full_cascade,scored,decoy
ZINCf5000000a9s0,180,47.669489780771755,full_cascade,scored,decoy
ZINCf5000000adA3,181,47.669489780771755,full_cascade,scored,decoy
ZINCf5000000aePw,182,47.669489780771755,full_cascade,scored,decoy
ZINCf5000000af5V,183,47.669489780771755,full_cascade,scored,decoy
ZINCf5000000aiZh,184,47.669489780771755,full_cascade,scored,decoy
ZINCf5000000ajrV,185,47.669489780771755,full_cascade,scored,decoy
ZINCf5000000aloI,186,47.669489780771755,full_cascade,scored,decoy
ZINCf5000000atn7,187,47.669489780771755,full_cascade,scored,decoy
ZINCf5000000axTO,188,47.669489780771755,full_cascade,scored,decoy
ZINCf5000000ayEj,189,47.669489780771755,full_cascade,scored,decoy
ZINCf50000017AHc,190,47.669489780771755,full_cascade,scored,decoy
ZINCf50000017Vrk,191,47.669489780771755,full_cascade,scored,decoy
ZINCf50000017pBj,192,47.669489780771755,full_cascade,scored,decoy
ZINCf50000017ye4,193,47.669489780771755,full_cascade,scored,decoy
ZINCf5000001801V,194,47.669489780771755,full_cascade,scored,decoy
ZINCf500000180oM,195,47.669489780771755,full_cascade,scored,decoy
ZINCf500000184hK,196,47.669489780771755,full_cascade,scored,decoy
ZINCf500000185b2,197,47.669489780771755,full_cascade,scored,decoy
ZINCf50000018csw,198,47.669489780771755,full_cascade,scored,decoy
ZINCf5000001nXKs,199,47.669489780771755,full_cascade,scored,decoy
ZINCf50000024W6j,200,47.669489780771755,full_cascade,scored,decoy
ZINCf50000024fnB,201,47.669489780771755,full_cascade,scored,decoy
ZINCf50000025tP3,202,47.669489780771755,full_cascade,scored,decoy
ZINCf50000027pLc,203,47.669489780771755,full_cascade,scored,decoy
ZINCf5000002aFsq,204,47.669489780771755,full_cascade,scored,decoy
ZINCf5000002aOJy,205,47.669489780771755,full_cascade,scored,decoy
ZINCf5000002aOhX,206,47.669489780771755,full_cascade,scored,decoy
ZINCf5000002aP82,207,47.669489780771755,full_cascade,scored,decoy
ZINCf5000002aPLI,208,47.669489780771755,full_cascade,scored,decoy
ZINCf5000002aPxi,209,47.669489780771755,full_cascade,scored,decoy
ZINCf5000002aURX,210,47.669489780771755,full_cascade,scored,decoy
ZINCf5000002dkM7,211,47.669489780771755,full_cascade,scored,decoy
ZINCf5000002e3ph,212,47.669489780771755,full_cascade,scored,decoy
ZINCf5000002eeL6,213,47.669489780771755,full_cascade,scored,decoy
ZINCf5000002efnB,214,47.669489780771755,full_cascade,scored,decoy
ZINCf5000002eiHg,215,47.669489780771755,full_cascade,scored,decoy
ZINCf5000002mtBV,216,47.669489780771755,full_cascade,scored,decoy
ZINCf5000002mtuP,217,47.669489780771755,full_cascade,scored,decoy
ZINCf5000002oC5o,218,47.669489780771755,full_cascade,scored,decoy
ZINCf5000002oFG3,219,47.669489780771755,full_cascade,scored,decoy
ZINCf5000002oFXx,220,47.669489780771755,full_cascade,scored,decoy
ZINCf5000002oGS5,221,47.669489780771755,full_cascade,scored,decoy
ZINCf5000002oGW4,222,47.669489780771755,full_cascade,scored,decoy
ZINCf5000002ow10,223,47.669489780771755,full_cascade,scored,decoy
ZINCf5000002qDLr,224,47.669489780771755,full_cascade,scored,decoy
ZINCf5000002qzvH,225,47.669489780771755,full_cascade,scored,decoy
ZINCf5000002r8Io,226,47.669489780771755,full_cascade,scored,decoy
ZINCf5000002rC95,227,47.669489780771755,full_cascade,scored,decoy
ZINCf5000002rGk8,228,47.669489780771755,full_cascade,scored,decoy
ZINCf5000002rwb1,229,47.669489780771755,full_cascade,scored,decoy
ZINCf5000000VmyA,230,45.5250534045126,full_cascade,scored,decoy
ZINCf5000000Vn5I,231,45.5250534045126,full_cascade,scored,decoy
ZINCf5000000axST,232,45.5250534045126,full_cascade,scored,decoy
ZINCf50000017VOT,233,45.5250534045126,full_cascade,scored,decoy
ZINCf50000026AWG,234,45.5250534045126,full_cascade,scored,decoy
ZINCf50000009ABB,235,45.42464215228684,full_cascade,scored,decoy
ZINCf50000009AHA,236,45.42464215228684,full_cascade,scored,decoy
ZINCf5000000VlVJ,237,45.42464215228684,full_cascade,scored,decoy
ZINCf5000000Ztj4,238,45.42464215228684,full_cascade,scored,decoy
ZINCf5000000af3g,239,45.42464215228684,full_cascade,scored,decoy
ZINCf5000000af5N,240,45.42464215228684,full_cascade,scored,decoy
ZINCf5000000aloJ,241,45.42464215228684,full_cascade,scored,decoy
ZINCf5000000aloK,242,45.42464215228684,full_cascade,scored,decoy
ZINCf5000002oIFK,243,45.42464215228684,full_cascade,scored,decoy
ZINCf50000008GAi,244,45.15201889855686,full_cascade,scored,decoy
ZINCf500000090KI,245,45.15201889855686,full_cascade,scored,decoy
ZINCf500000090LO,246,45.15201889855686,full_cascade,scored,decoy
ZINCf50000009H08,247,45.15201889855686,full_cascade,scored,decoy
ZINCf50000009H33,248,45.15201889855686,full_cascade,scored,decoy
ZINCf5000000WzGX,249,45.15201889855686,full_cascade,scored,decoy
ZINCf5000000axSu,250,45.15201889855686,full_cascade,scored,decoy
ZINCf50000017zaD,251,45.15201889855686,full_cascade,scored,decoy
ZINCf5000000Zxnj,252,45.01284094270657,full_cascade,scored,decoy
ZINCf5000000aguu,253,45.01284094270657,full_cascade,scored,decoy
ZINCf5000000ap96,254,45.01284094270657,full_cascade,scored,decoy
ZINCf50000018cs2,255,45.01284094270657,full_cascade,scored,decoy
ZINCf5000002emwU,256,45.01284094270657,full_cascade,scored,decoy
ZINCf5000002oGxA,257,45.01284094270657,full_cascade,scored,decoy
ZINCf50000008L01,258,42.75194609485638,full_cascade,scored,decoy
ZINCf50000008UGM,259,42.75194609485638,full_cascade,scored,decoy
ZINCf500000090yh,260,42.75194609485638,full_cascade,scored,decoy
ZINCf500000091ue,261,42.75194609485638,full_cascade,scored,decoy
ZINCf50000009AHO,262,42.75194609485638,full_cascade,scored,decoy
ZINCf5000000SKrI,263,42.75194609485638,full_cascade,scored,decoy
ZINCf5000000Zr5H,264,42.75194609485638,full_cascade,scored,decoy
ZINCf5000000Zr5Y,265,42.75194609485638,full_cascade,scored,decoy
ZINCf5000000Zr7a,266,42.75194609485638,full_cascade,scored,decoy
ZINCf5000000ZrnR,267,42.75194609485638,full_cascade,scored,decoy
ZINCf5000000Zru3,268,42.75194609485638,full_cascade,scored,decoy
ZINCf5000000Zru5,269,42.75194609485638,full_cascade,scored,decoy
ZINCf5000000ZtRK,270,42.75194609485638,full_cascade,scored,decoy
ZINCf5000000a1pf,271,42.75194609485638,full_cascade,scored,decoy
ZINCf5000000a5Jc,272,42.75194609485638,full_cascade,scored,decoy
ZINCf5000000a7Ew,273,42.75194609485638,full_cascade,scored,decoy
ZINCf5000000aiTW,274,42.75194609485638,full_cascade,scored,decoy
ZINCf5000000aiWU,275,42.75194609485638,full_cascade,scored,decoy
ZINCf5000000aqQc,276,42.75194609485638,full_cascade,scored,decoy
ZINCf50000017Jcy,277,42.75194609485638,full_cascade,scored,decoy
ZINCf50000017LWL,278,42.75194609485638,full_cascade,scored,decoy
ZINCf500000181p7,279,42.75194609485638,full_cascade,scored,decoy
ZINCf5000001obHB,280,42.75194609485638,full_cascade,scored,decoy
ZINCf50000026TVY,281,42.75194609485638,full_cascade,scored,decoy
ZINCf50000028kMc,282,42.75194609485638,full_cascade,scored,decoy
ZINCf5000002aKDa,283,42.75194609485638,full_cascade,scored,decoy
ZINCf5000002aKaQ,284,42.75194609485638,full_cascade,scored,decoy
ZINCf5000002aNBR,285,42.75194609485638,full_cascade,scored,decoy
ZINCf5000002aP2J,286,42.75194609485638,full_cascade,scored,decoy
ZINCf5000002aQAC,287,42.75194609485638,full_cascade,scored,decoy
ZINCf5000002aQMt,288,42.75194609485638,full_cascade,scored,decoy
ZINCf5000002eeo2,289,42.75194609485638,full_cascade,scored,decoy
ZINCf5000002rLMQ,290,42.75194609485638,full_cascade,scored,decoy
ZINCf50000008UPT,291,42.3401448852761,full_cascade,scored,decoy
ZINCf500000099EC,292,42.3401448852761,full_cascade,scored,decoy
ZINCf50000009Xka,293,42.3401448852761,full_cascade,scored,decoy
ZINCf50000009aYZ,294,42.3401448852761,full_cascade,scored,decoy
ZINCf5000000WB37,295,42.3401448852761,full_cascade,scored,decoy
ZINCf5000000ZtEU,296,42.3401448852761,full_cascade,scored,decoy
ZINCf5000000a0RG,297,42.3401448852761,full_cascade,scored,decoy
ZINCf50000017Pbh,298,42.3401448852761,full_cascade,scored,decoy
ZINCf50000017ZqZ,299,42.3401448852761,full_cascade,scored,decoy
ZINCf50000017Zr1,300,42.3401448852761,full_cascade,scored,decoy
ZINCf5000002aPfN,301,42.3401448852761,full_cascade,scored,decoy
ZINCf5000002myVd,302,42.3401448852761,full_cascade,scored,decoy
ZINCf50000008FGW,303,42.23973363305034,full_cascade,scored,decoy
ZINCf50000008GiT,304,42.23973363305034,full_cascade,scored,decoy
ZINCf50000008Jbu,305,42.23973363305034,full_cascade,scored,decoy
ZINCf50000008K6r,306,42.23973363305034,full_cascade,scored,decoy
ZINCf50000008Ke0,307,42.23973363305034,full_cascade,scored,decoy
ZINCf50000008L4G,308,42.23973363305034,full_cascade,scored,decoy
ZINCf50000008L6Q,309,42.23973363305034,full_cascade,scored,decoy
ZINCf50000008LDR,310,42.23973363305034,full_cascade,scored,decoy
ZINCf50000008LMV,311,42.23973363305034,full_cascade,scored,decoy
ZINCf50000008Ocf,312,42.23973363305034,full_cascade,scored,decoy
ZINCf50000008OyQ,313,42.23973363305034,full_cascade,scored,decoy
ZINCf50000008PiK,314,42.23973363305034,full_cascade,scored,decoy
ZINCf50000008TBw,315,42.23973363305034,full_cascade,scored,decoy
ZINCf50000008THI,316,42.23973363305034,full_cascade,scored,decoy
ZINCf50000008THz,317,42.23973363305034,full_cascade,scored,decoy
ZINCf50000008V2D,318,42.23973363305034,full_cascade,scored,decoy
ZINCf50000008Vsh,319,42.23973363305034,full_cascade,scored,decoy
ZINCf50000008X1F,320,42.23973363305034,full_cascade,scored,decoy
ZINCf500000090KB,321,42.23973363305034,full_cascade,scored,decoy
ZINCf500000090KH,322,42.23973363305034,full_cascade,scored,decoy
ZINCf500000090vr,323,42.23973363305034,full_cascade,scored,decoy
ZINCf500000090y4,324,42.23973363305034,full_cascade,scored,decoy
ZINCf500000091G1,325,42.23973363305034,full_cascade,scored,decoy
ZINCf500000091IN,326,42.23973363305034,full_cascade,scored,decoy
ZINCf500000091Kr,327,42.23973363305034,full_cascade,scored,decoy
ZINCf500000091Nd,328,42.23973363305034,full_cascade,scored,decoy
ZINCf500000091Qp,329,42.23973363305034,full_cascade,scored,decoy
ZINCf500000091Rr,330,42.23973363305034,full_cascade,scored,decoy
ZINCf500000091Ut,331,42.23973363305034,full_cascade,scored,decoy
ZINCf500000091sp,332,42.23973363305034,full_cascade,scored,decoy
ZINCf500000091uF,333,42.23973363305034,full_cascade,scored,decoy
ZINCf500000092xa,334,42.23973363305034,full_cascade,scored,decoy
ZINCf50000009342,335,42.23973363305034,full_cascade,scored,decoy
ZINCf50000009363,336,42.23973363305034,full_cascade,scored,decoy
ZINCf50000009364,337,42.23973363305034,full_cascade,scored,decoy
ZINCf500000093Lc,338,42.23973363305034,full_cascade,scored,decoy
ZINCf500000093eL,339,42.23973363305034,full_cascade,scored,decoy
ZINCf500000094hL,340,42.23973363305034,full_cascade,scored,decoy
ZINCf50000009529,341,42.23973363305034,full_cascade,scored,decoy
ZINCf500000095Es,342,42.23973363305034,full_cascade,scored,decoy
ZINCf500000095zR,343,42.23973363305034,full_cascade,scored,decoy
ZINCf500000098Iq,344,42.23973363305034,full_cascade,scored,decoy
ZINCf500000098v9,345,42.23973363305034,full_cascade,scored,decoy
ZINCf50000009AJ9,346,42.23973363305034,full_cascade,scored,decoy
ZINCf50000009B9R,347,42.23973363305034,full_cascade,scored,decoy
ZINCf50000009Cip,348,42.23973363305034,full_cascade,scored,decoy
ZINCf50000009E9s,349,42.23973363305034,full_cascade,scored,decoy
ZINCf50000009ECw,350,42.23973363305034,full_cascade,scored,decoy
ZINCf50000009Ebz,351,42.23973363305034,full_cascade,scored,decoy
ZINCf50000009F8s,352,42.23973363305034,full_cascade,scored,decoy
ZINCf50000009F96,353,42.23973363305034,full_cascade,scored,decoy
ZINCf50000009FCM,354,42.23973363305034,full_cascade,scored,decoy
ZINCf50000009FEX,355,42.23973363305034,full_cascade,scored,decoy
ZINCf50000009FGY,356,42.23973363305034,full_cascade,scored,decoy
ZINCf50000009FGf,357,42.23973363305034,full_cascade,scored,decoy
ZINCf50000009FOX,358,42.23973363305034,full_cascade,scored,decoy
ZINCf50000009FOc,359,42.23973363305034,full_cascade,scored,decoy
ZINCf50000009Fay,360,42.23973363305034,full_cascade,scored,decoy
ZINCf50000009FkS,361,42.23973363305034,full_cascade,scored,decoy
ZINCf50000009G6I,362,42.23973363305034,full_cascade,scored,decoy
ZINCf50000009GL0,363,42.23973363305034,full_cascade,scored,decoy
ZINCf50000009GPp,364,42.23973363305034,full_cascade,scored,decoy
ZINCf50000009Ghu,365,42.23973363305034,full_cascade,scored,decoy
ZINCf50000009H93,366,42.23973363305034,full_cascade,scored,decoy
ZINCf50000009H9b,367,42.23973363305034,full_cascade,scored,decoy
ZINCf50000009HnH,368,42.23973363305034,full_cascade,scored,decoy
ZINCf50000009Hoj,369,42.23973363305034,full_cascade,scored,decoy
ZINCf50000009Hy6,370,42.23973363305034,full_cascade,scored,decoy
ZINCf50000009INs,371,42.23973363305034,full_cascade,scored,decoy
ZINCf50000009IZK,372,42.23973363305034,full_cascade,scored,decoy
ZINCf50000009Ifp,373,42.23973363305034,full_cascade,scored,decoy
ZINCf50000009KPt,374,42.23973363305034,full_cascade,scored,decoy
ZINCf50000009KnW,375,42.23973363305034,full_cascade,scored,decoy
ZINCf50000009Knv,376,42.23973363305034,full_cascade,scored,decoy
ZINCf50000009L1H,377,42.23973363305034,full_cascade,scored,decoy
ZINCf50000009LWV,378,42.23973363305034,full_cascade,scored,decoy
ZINCf50000009Lmh,379,42.23973363305034,full_cascade,scored,decoy
ZINCf50000009MFI,380,42.23973363305034,full_cascade,scored,decoy
ZINCf50000009O4f,381,42.23973363305034,full_cascade,scored,decoy
ZINCf50000009Sgg,382,42.23973363305034,full_cascade,scored,decoy
ZINCf50000009UAy,383,42.23973363305034,full_cascade,scored,decoy
ZINCf50000009UjR,384,42.23973363305034,full_cascade,scored,decoy
ZINCf50000009UmZ,385,42.23973363305034,full_cascade,scored,decoy
ZINCf50000009VEy,386,42.23973363305034,full_cascade,scored,decoy
ZINCf50000009VF9,387,42.23973363305034,full_cascade,scored,decoy
ZINCf50000009Wn3,388,42.23973363305034,full_cascade,scored,decoy
ZINCf50000009WqI,389,42.23973363305034,full_cascade,scored,decoy
ZINCf50000009XeK,390,42.23973363305034,full_cascade,scored,decoy
ZINCf50000009XzP,391,42.23973363305034,full_cascade,scored,decoy
ZINCf50000009Y5L,392,42.23973363305034,full_cascade,scored,decoy
ZINCf50000009Y74,393,42.23973363305034,full_cascade,scored,decoy
ZINCf50000009ZfR,394,42.23973363305034,full_cascade,scored,decoy
ZINCf50000009ZoM,395,42.23973363305034,full_cascade,scored,decoy
ZINCf50000009Zzc,396,42.23973363305034,full_cascade,scored,decoy
ZINCf50000009dSr,397,42.23973363305034,full_cascade,scored,decoy
ZINCf50000009eXc,398,42.23973363305034,full_cascade,scored,decoy
ZINCf50000009edv,399,42.23973363305034,full_cascade,scored,decoy
ZINCf50000009fYN,400,42.23973363305034,full_cascade,scored,decoy
ZINCf50000009jVK,401,42.23973363305034,full_cascade,scored,decoy
ZINCf50000009kfi,402,42.23973363305034,full_cascade,scored,decoy
ZINCf50000009mxO,403,42.23973363305034,full_cascade,scored,decoy
ZINCf50000009poI,404,42.23973363305034,full_cascade,scored,decoy
ZINCf50000009q0m,405,42.23973363305034,full_cascade,scored,decoy
ZINCf50000009q0n,406,42.23973363305034,full_cascade,scored,decoy
ZINCf50000009q1q,407,42.23973363305034,full_cascade,scored,decoy
ZINCf50000009qSm,408,42.23973363305034,full_cascade,scored,decoy
ZINCf50000009sBq,409,42.23973363305034,full_cascade,scored,decoy
ZINCf50000009tku,410,42.23973363305034,full_cascade,scored,decoy
ZINCf50000009u2S,411,42.23973363305034,full_cascade,scored,decoy
ZINCf50000009u81,412,42.23973363305034,full_cascade,scored,decoy
ZINCf50000009ubg,413,42.23973363305034,full_cascade,scored,decoy
ZINCf50000009ubk,414,42.23973363305034,full_cascade,scored,decoy
ZINCf50000009ubo,415,42.23973363305034,full_cascade,scored,decoy
ZINCf50000009ubp,416,42.23973363305034,full_cascade,scored,decoy
ZINCf50000009ujW,417,42.23973363305034,full_cascade,scored,decoy
ZINCf50000009ulF,418,42.23973363305034,full_cascade,scored,decoy
ZINCf50000009ulV,419,42.23973363305034,full_cascade,scored,decoy
ZINCf50000009un8,420,42.23973363305034,full_cascade,scored,decoy
ZINCf50000009upS,421,42.23973363305034,full_cascade,scored,decoy
ZINCf50000009upU,422,42.23973363305034,full_cascade,scored,decoy
ZINCf50000009upV,423,42.23973363305034,full_cascade,scored,decoy
ZINCf50000009weJ,424,42.23973363305034,full_cascade,scored,decoy
ZINCf50000009x6g,425,42.23973363305034,full_cascade,scored,decoy
ZINCf50000009y76,426,42.23973363305034,full_cascade,scored,decoy
ZINCf50000009yuU,427,42.23973363305034,full_cascade,scored,decoy
ZINCf5000000S4xr,428,42.23973363305034,full_cascade,scored,decoy
ZINCf5000000S6Ih,429,42.23973363305034,full_cascade,scored,decoy
ZINCf5000000S6rr,430,42.23973363305034,full_cascade,scored,decoy
ZINCf5000000S7qP,431,42.23973363305034,full_cascade,scored,decoy
ZINCf5000000SL7m,432,42.23973363305034,full_cascade,scored,decoy
ZINCf5000000SLW6,433,42.23973363305034,full_cascade,scored,decoy
ZINCf5000000SMPn,434,42.23973363305034,full_cascade,scored,decoy
ZINCf5000000SNrI,435,42.23973363305034,full_cascade,scored,decoy
ZINCf5000000SNrm,436,42.23973363305034,full_cascade,scored,decoy
ZINCf5000000VZ29,437,42.23973363305034,full_cascade,scored,decoy
ZINCf5000000VZ9b,438,42.23973363305034,full_cascade,scored,decoy
ZINCf5000000VZmM,439,42.23973363305034,full_cascade,scored,decoy
ZINCf5000000VkYO,440,42.23973363305034,full_cascade,scored,decoy
ZINCf5000000VkZS,441,42.23973363305034,full_cascade,scored,decoy
ZINCf5000000VkZp,442,42.23973363305034,full_cascade,scored,decoy
ZINCf5000000Vl6O,443,42.23973363305034,full_cascade,scored,decoy
ZINCf5000000VlSp,444,42.23973363305034,full_cascade,scored,decoy
ZINCf5000000Vlpd,445,42.23973363305034,full_cascade,scored,decoy
ZINCf5000000VnD5,446,42.23973363305034,full_cascade,scored,decoy
ZINCf5000000Vnkh,447,42.23973363305034,full_cascade,scored,decoy
ZINCf5000000WAJX,448,42.23973363305034,full_cascade,scored,decoy
ZINCf5000000WAqJ,449,42.23973363305034,full_cascade,scored,decoy
ZINCf5000000WArE,450,42.23973363305034,full_cascade,scored,decoy
ZINCf5000000WAuu,451,42.23973363305034,full_cascade,scored,decoy
ZINCf5000000WzOZ,452,42.23973363305034,full_cascade,scored,decoy
ZINCf5000000YaVy,453,42.23973363305034,full_cascade,scored,decoy
ZINCf5000000YaWV,454,42.23973363305034,full_cascade,scored,decoy
ZINCf5000000Yb07,455,42.23973363305034,full_cascade,scored,decoy
ZINCf5000000Zrb9,456,42.23973363305034,full_cascade,scored,decoy
ZINCf5000000ZsP2,457,42.23973363305034,full_cascade,scored,decoy
ZINCf5000000ZsV5,458,42.23973363305034,full_cascade,scored,decoy
ZINCf5000000ZsXj,459,42.23973363305034,full_cascade,scored,decoy
ZINCf5000000Zt61,460,42.23973363305034,full_cascade,scored,decoy
ZINCf5000000Zt92,461,42.23973363305034,full_cascade,scored,decoy
ZINCf5000000ZtE0,462,42.23973363305034,full_cascade,scored,decoy
ZINCf5000000ZtEi,463,42.23973363305034,full_cascade,scored,decoy
ZINCf5000000ZtGB,464,42.23973363305034,full_cascade,scored,decoy
ZINCf5000000ZtaC,465,42.23973363305034,full_cascade,scored,decoy
ZINCf5000000Ztou,466,42.23973363305034,full_cascade,scored,decoy
ZINCf5000000Zuzd,467,42.23973363305034,full_cascade,scored,decoy
ZINCf5000000ZxEo,468,42.23973363305034,full_cascade,scored,decoy
ZINCf5000000ZxFI,469,42.23973363305034,full_cascade,scored,decoy
ZINCf5000000ZxN4,470,42.23973363305034,full_cascade,scored,decoy
ZINCf5000000ZxaH,471,42.23973363305034,full_cascade,scored,decoy
ZINCf5000000Zy49,472,42.23973363305034,full_cascade,scored,decoy
ZINCf5000000ZyVZ,473,42.23973363305034,full_cascade,scored,decoy
ZINCf5000000ZyZN,474,42.23973363305034,full_cascade,scored,decoy
ZINCf5000000Zzck,475,42.23973363305034,full_cascade,scored,decoy
ZINCf5000000a0Rw,476,42.23973363305034,full_cascade,scored,decoy
ZINCf5000000aa29,477,42.23973363305034,full_cascade,scored,decoy
ZINCf5000000aaE8,478,42.23973363305034,full_cascade,scored,decoy
ZINCf5000000aaqY,479,42.23973363305034,full_cascade,scored,decoy
ZINCf5000000abAi,480,42.23973363305034,full_cascade,scored,decoy
ZINCf5000000abTo,481,42.23973363305034,full_cascade,scored,decoy
ZINCf5000000acqq,482,42.23973363305034,full_cascade,scored,decoy
ZINCf5000000adLv,483,42.23973363305034,full_cascade,scored,decoy
ZINCf5000000adRK,484,42.23973363305034,full_cascade,scored,decoy
ZINCf5000000ae2o,485,42.23973363305034,full_cascade,scored,decoy
ZINCf5000000ae2p,486,42.23973363305034,full_cascade,scored,decoy
ZINCf5000000aeNZ,487,42.23973363305034,full_cascade,scored,decoy
ZINCf5000000af3d,488,42.23973363305034,full_cascade,scored,decoy
ZINCf5000000afYF,489,42.23973363305034,full_cascade,scored,decoy
ZINCf5000000afsz,490,42.23973363305034,full_cascade,scored,decoy
ZINCf5000000ag9b,491,42.23973363305034,full_cascade,scored,decoy
ZINCf5000000agGq,492,42.23973363305034,full_cascade,scored,decoy
ZINCf5000000agM8,493,42.23973363305034,full_cascade,scored,decoy
ZINCf5000000aguA,494,42.23973363305034,full_cascade,scored,decoy
ZINCf5000000aiZU,495,42.23973363305034,full_cascade,scored,decoy
ZINCf5000000ajAL,496,42.23973363305034,full_cascade,scored,decoy
ZINCf5000000ajBf,497,42.23973363305034,full_cascade,scored,decoy
ZINCf5000000ajkb,498,42.23973363305034,full_cascade,scored,decoy
ZINCf5000000ajo6,499,42.23973363305034,full_cascade,scored,decoy
ZINCf5000000ajo9,500,42.23973363305034,full_cascade,scored,decoy
ZINCf5000000ajrP,501,42.23973363305034,full_cascade,scored,decoy
ZINCf5000000ajtk,502,42.23973363305034,full_cascade,scored,decoy
ZINCf5000000ajxZ,503,42.23973363305034,full_cascade,scored,decoy
ZINCf5000000alkc,504,42.23973363305034,full_cascade,scored,decoy
ZINCf5000000apcH,505,42.23973363305034,full_cascade,scored,decoy
ZINCf5000000atl4,506,42.23973363305034,full_cascade,scored,decoy
ZINCf5000000atlx,507,42.23973363305034,full_cascade,scored,decoy
ZINCf5000000auKc,508,42.23973363305034,full_cascade,scored,decoy
ZINCf5000000axfN,509,42.23973363305034,full_cascade,scored,decoy
ZINCf5000000axpl,510,42.23973363305034,full_cascade,scored,decoy
ZINCf5000000axqQ,511,42.23973363305034,full_cascade,scored,decoy
ZINCf5000000aygm,512,42.23973363305034,full_cascade,scored,decoy
ZINCf5000000ayno,513,42.23973363305034,full_cascade,scored,decoy
ZINCf5000000azGJ,514,42.23973363305034,full_cascade,scored,decoy
ZINCf50000017AFU,515,42.23973363305034,full_cascade,scored,decoy
ZINCf50000017AV1,516,42.23973363305034,full_cascade,scored,decoy
ZINCf50000017BhD,517,42.23973363305034,full_cascade,scored,decoy
ZINCf50000017BnG,518,42.23973363305034,full_cascade,scored,decoy
ZINCf50000017BnH,519,42.23973363305034,full_cascade,scored,decoy
ZINCf50000017BnT,520,42.23973363305034,full_cascade,scored,decoy
ZINCf50000017Bnz,521,42.23973363305034,full_cascade,scored,decoy
ZINCf50000017Bo0,522,42.23973363305034,full_cascade,scored,decoy
ZINCf50000017DLX,523,42.23973363305034,full_cascade,scored,decoy
ZINCf50000017HD9,524,42.23973363305034,full_cascade,scored,decoy
ZINCf50000017HS4,525,42.23973363305034,full_cascade,scored,decoy
ZINCf50000017HVC,526,42.23973363305034,full_cascade,scored,decoy
ZINCf50000017Hd9,527,42.23973363305034,full_cascade,scored,decoy
ZINCf50000017Hgt,528,42.23973363305034,full_cascade,scored,decoy
ZINCf50000017I9l,529,42.23973363305034,full_cascade,scored,decoy
ZINCf50000017KGC,530,42.23973363305034,full_cascade,scored,decoy
ZINCf50000017KXM,531,42.23973363305034,full_cascade,scored,decoy
ZINCf50000017KXN,532,42.23973363305034,full_cascade,scored,decoy
ZINCf50000017KhB,533,42.23973363305034,full_cascade,scored,decoy
ZINCf50000017LMW,534,42.23973363305034,full_cascade,scored,decoy
ZINCf50000017M5a,535,42.23973363305034,full_cascade,scored,decoy
ZINCf50000017N8i,536,42.23973363305034,full_cascade,scored,decoy
ZINCf50000017OIu,537,42.23973363305034,full_cascade,scored,decoy
ZINCf50000017OPp,538,42.23973363305034,full_cascade,scored,decoy
ZINCf50000017Owq,539,42.23973363305034,full_cascade,scored,decoy
ZINCf50000017Paj,540,42.23973363305034,full_cascade,scored,decoy
ZINCf50000017Pd0,541,42.23973363305034,full_cascade,scored,decoy
ZINCf50000017RHY,542,42.23973363305034,full_cascade,scored,decoy
ZINCf50000017VLE,543,42.23973363305034,full_cascade,scored,decoy
ZINCf50000017VLq,544,42.23973363305034,full_cascade,scored,decoy
ZINCf50000017VUq,545,42.23973363305034,full_cascade,scored,decoy
ZINCf50000017VVD,546,42.23973363305034,full_cascade,scored,decoy
ZINCf50000017WSs,547,42.23973363305034,full_cascade,scored,decoy
ZINCf50000017WSx,548,42.23973363305034,full_cascade,scored,decoy
ZINCf50000017X2G,549,42.23973363305034,full_cascade,scored,decoy
ZINCf50000017X5g,550,42.23973363305034,full_cascade,scored,decoy
ZINCf50000017Xln,551,42.23973363305034,full_cascade,scored,decoy
ZINCf50000017ZBT,552,42.23973363305034,full_cascade,scored,decoy
ZINCf50000017ZqT,553,42.23973363305034,full_cascade,scored,decoy
ZINCf50000017nR2,554,42.23973363305034,full_cascade,scored,decoy
ZINCf50000017r2B,555,42.23973363305034,full_cascade,scored,decoy
ZINCf50000017vYs,556,42.23973363305034,full_cascade,scored,decoy
ZINCf50000017vcf,557,42.23973363305034,full_cascade,scored,decoy
ZINCf50000017w2B,558,42.23973363305034,full_cascade,scored,decoy
ZINCf50000017w8G,559,42.23973363305034,full_cascade,scored,decoy
ZINCf50000017yY2,560,42.23973363305034,full_cascade,scored,decoy
ZINCf50000017z4n,561,42.23973363305034,full_cascade,scored,decoy
ZINCf50000017zTH,562,42.23973363305034,full_cascade,scored,decoy
ZINCf50000017zdt,563,42.23973363305034,full_cascade,scored,decoy
ZINCf500000181o6,564,42.23973363305034,full_cascade,scored,decoy
ZINCf500000182CG,565,42.23973363305034,full_cascade,scored,decoy
ZINCf500000184Lm,566,42.23973363305034,full_cascade,scored,decoy
ZINCf500000184cO,567,42.23973363305034,full_cascade,scored,decoy
ZINCf500000184hi,568,42.23973363305034,full_cascade,scored,decoy
ZINCf500000184t8,569,42.23973363305034,full_cascade,scored,decoy
ZINCf500000185bu,570,42.23973363305034,full_cascade,scored,decoy
ZINCf500000185c0,571,42.23973363305034,full_cascade,scored,decoy
ZINCf500000185gQ,572,42.23973363305034,full_cascade,scored,decoy
ZINCf50000018ajM,573,42.23973363305034,full_cascade,scored,decoy
ZINCf50000018bKd,574,42.23973363305034,full_cascade,scored,decoy
ZINCf50000018bL0,575,42.23973363305034,full_cascade,scored,decoy
ZINCf50000018cDt,576,42.23973363305034,full_cascade,scored,decoy
ZINCf50000018dKA,577,42.23973363305034,full_cascade,scored,decoy
ZINCf5000001AWsS,578,42.23973363305034,full_cascade,scored,decoy
ZINCf5000001D4Si,579,42.23973363305034,full_cascade,scored,decoy
ZINCf5000001Hd6c,580,42.23973363305034,full_cascade,scored,decoy
ZINCf5000001MKOo,581,42.23973363305034,full_cascade,scored,decoy
ZINCf5000001Qom4,582,42.23973363305034,full_cascade,scored,decoy
ZINCf5000001S5rK,583,42.23973363305034,full_cascade,scored,decoy
ZINCf5000001T2qF,584,42.23973363305034,full_cascade,scored,decoy
ZINCf5000001TLqs,585,42.23973363305034,full_cascade,scored,decoy
ZINCf5000001TvEm,586,42.23973363305034,full_cascade,scored,decoy
ZINCf5000001V3uo,587,42.23973363305034,full_cascade,scored,decoy
ZINCf5000001XGaU,588,42.23973363305034,full_cascade,scored,decoy
ZINCf5000001nN0C,589,42.23973363305034,full_cascade,scored,decoy
ZINCf5000001nNe1,590,42.23973363305034,full_cascade,scored,decoy
ZINCf5000001oltJ,591,42.23973363305034,full_cascade,scored,decoy
ZINCf5000001oqkT,592,42.23973363305034,full_cascade,scored,decoy
ZINCf5000001orCY,593,42.23973363305034,full_cascade,scored,decoy
ZINCf5000001pHeb,594,42.23973363305034,full_cascade,scored,decoy
ZINCf5000001qM4w,595,42.23973363305034,full_cascade,scored,decoy
ZINCf5000001w1V7,596,42.23973363305034,full_cascade,scored,decoy
ZINCf500000201iI,597,42.23973363305034,full_cascade,scored,decoy
ZINCf50000021CfB,598,42.23973363305034,full_cascade,scored,decoy
ZINCf50000023t3V,599,42.23973363305034,full_cascade,scored,decoy
ZINCf50000024Tbj,600,42.23973363305034,full_cascade,scored,decoy
ZINCf500000259iK,601,42.23973363305034,full_cascade,scored,decoy
ZINCf50000025RrE,602,42.23973363305034,full_cascade,scored,decoy
ZINCf500000260cr,603,42.23973363305034,full_cascade,scored,decoy
ZINCf50000027RNd,604,42.23973363305034,full_cascade,scored,decoy
ZINCf50000027kAm,605,42.23973363305034,full_cascade,scored,decoy
ZINCf50000027lOz,606,42.23973363305034,full_cascade,scored,decoy
ZINCf500000284Qj,607,42.23973363305034,full_cascade,scored,decoy
ZINCf50000028VIP,608,42.23973363305034,full_cascade,scored,decoy
ZINCf50000028dvM,609,42.23973363305034,full_cascade,scored,decoy
ZINCf50000028ups,610,42.23973363305034,full_cascade,scored,decoy
ZINCf50000028xRY,611,42.23973363305034,full_cascade,scored,decoy
ZINCf50000029RbS,612,42.23973363305034,full_cascade,scored,decoy
ZINCf50000029Tt9,613,42.23973363305034,full_cascade,scored,decoy
ZINCf50000029civ,614,42.23973363305034,full_cascade,scored,decoy
ZINCf50000029gb5,615,42.23973363305034,full_cascade,scored,decoy
ZINCf50000029qto,616,42.23973363305034,full_cascade,scored,decoy
ZINCf5000002a2Xr,617,42.23973363305034,full_cascade,scored,decoy
ZINCf5000002aK4C,618,42.23973363305034,full_cascade,scored,decoy
ZINCf5000002aK4D,619,42.23973363305034,full_cascade,scored,decoy
ZINCf5000002aObv,620,42.23973363305034,full_cascade,scored,decoy
ZINCf5000002aRDK,621,42.23973363305034,full_cascade,scored,decoy
ZINCf5000002aSP9,622,42.23973363305034,full_cascade,scored,decoy
ZINCf5000002aTEW,623,42.23973363305034,full_cascade,scored,decoy
ZINCf5000002aTT7,624,42.23973363305034,full_cascade,scored,decoy
ZINCf5000002aUsU,625,42.23973363305034,full_cascade,scored,decoy
ZINCf5000002aVLj,626,42.23973363305034,full_cascade,scored,decoy
ZINCf5000002aW6B,627,42.23973363305034,full_cascade,scored,decoy
ZINCf5000002akKL,628,42.23973363305034,full_cascade,scored,decoy
ZINCf5000002d9vF,629,42.23973363305034,full_cascade,scored,decoy
ZINCf5000002dBbP,630,42.23973363305034,full_cascade,scored,decoy
ZINCf5000002dEDM,631,42.23973363305034,full_cascade,scored,decoy
ZINCf5000002dEwn,632,42.23973363305034,full_cascade,scored,decoy
ZINCf5000002dMoP,633,42.23973363305034,full_cascade,scored,decoy
ZINCf5000002dNOb,634,42.23973363305034,full_cascade,scored,decoy
ZINCf5000002dT2A,635,42.23973363305034,full_cascade,scored,decoy
ZINCf5000002dVj4,636,42.23973363305034,full_cascade,scored,decoy
ZINCf5000002dq88,637,42.23973363305034,full_cascade,scored,decoy
ZINCf5000002dqDb,638,42.23973363305034,full_cascade,scored,decoy
ZINCf5000002e2dg,639,42.23973363305034,full_cascade,scored,decoy
ZINCf5000002e3S6,640,42.23973363305034,full_cascade,scored,decoy
ZINCf5000002e3W8,641,42.23973363305034,full_cascade,scored,decoy
ZINCf5000002e4kT,642,42.23973363305034,full_cascade,scored,decoy
ZINCf5000002efN4,643,42.23973363305034,full_cascade,scored,decoy
ZINCf5000002efO7,644,42.23973363305034,full_cascade,scored,decoy
ZINCf5000002efUn,645,42.23973363305034,full_cascade,scored,decoy
ZINCf5000002eg1Y,646,42.23973363305034,full_cascade,scored,decoy
ZINCf5000002egJv,647,42.23973363305034,full_cascade,scored,decoy
ZINCf5000002egLJ,648,42.23973363305034,full_cascade,scored,decoy
ZINCf5000002egdk,649,42.23973363305034,full_cascade,scored,decoy
ZINCf5000002egeB,650,42.23973363305034,full_cascade,scored,decoy
ZINCf5000002elaO,651,42.23973363305034,full_cascade,scored,decoy
ZINCf5000002enFI,652,42.23973363305034,full_cascade,scored,decoy
ZINCf5000002enFV,653,42.23973363305034,full_cascade,scored,decoy
ZINCf5000002enFW,654,42.23973363305034,full_cascade,scored,decoy
ZINCf5000002enHx,655,42.23973363305034,full_cascade,scored,decoy
ZINCf5000002mCfu,656,42.23973363305034,full_cascade,scored,decoy
ZINCf5000002mDhl,657,42.23973363305034,full_cascade,scored,decoy
ZINCf5000002mGHP,658,42.23973363305034,full_cascade,scored,decoy
ZINCf5000002muQN,659,42.23973363305034,full_cascade,scored,decoy
ZINCf5000002myMR,660,42.23973363305034,full_cascade,scored,decoy
ZINCf5000002oABR,661,42.23973363305034,full_cascade,scored,decoy
ZINCf5000002oC1u,662,42.23973363305034,full_cascade,scored,decoy
ZINCf5000002oEvf,663,42.23973363305034,full_cascade,scored,decoy
ZINCf5000002oFaH,664,42.23973363305034,full_cascade,scored,decoy
ZINCf5000002oFbj,665,42.23973363305034,full_cascade,scored,decoy
ZINCf5000002oFn8,666,42.23973363305034,full_cascade,scored,decoy
ZINCf5000002oFxY,667,42.23973363305034,full_cascade,scored,decoy
ZINCf5000002oHw2,668,42.23973363305034,full_cascade,scored,decoy
ZINCf5000002oI03,669,42.23973363305034,full_cascade,scored,decoy
ZINCf5000002r6Sb,670,42.23973363305034,full_cascade,scored,decoy
ZINCf5000002rDJg,671,42.23973363305034,full_cascade,scored,decoy
ZINCf5000002rF5w,672,42.23973363305034,full_cascade,scored,decoy
ZINCf5000002rKN0,673,42.23973363305034,full_cascade,scored,decoy
ZINCf5000002rLCL,674,42.23973363305034,full_cascade,scored,decoy
ZINCf5000002rLOE,675,42.23973363305034,full_cascade,scored,decoy
ZINCf5000002rLeJ,676,42.23973363305034,full_cascade,scored,decoy
ZINCf5000002rLkD,677,42.23973363305034,full_cascade,scored,decoy
ZINCf5000002rLkE,678,42.23973363305034,full_cascade,scored,decoy
ZINCf5000002rMLF,679,42.23973363305034,full_cascade,scored,decoy
ZINCf5000002rNZ3,680,42.23973363305034,full_cascade,scored,decoy
ZINCf5000002rNx2,681,42.23973363305034,full_cascade,scored,decoy
ZINCf5000002rPch,682,42.23973363305034,full_cascade,scored,decoy
ZINCf5000002rQTj,683,42.23973363305034,full_cascade,scored,decoy
ZINCf5000002rZE0,684,42.23973363305034,full_cascade,scored,decoy
ZINCf5000002rZE1,685,42.23973363305034,full_cascade,scored,decoy
ZINCf5000002rZHk,686,42.23973363305034,full_cascade,scored,decoy
ZINCf5000002rZvw,687,42.23973363305034,full_cascade,scored,decoy
ZINCf5000002rbnf,688,42.23973363305034,full_cascade,scored,decoy
ZINCf5000002rhU4,689,42.23973363305034,full_cascade,scored,decoy
ZINCf5000002rsxa,690,42.23973363305034,full_cascade,scored,decoy
ZINCf5000002rtfM,691,42.23973363305034,full_cascade,scored,decoy
ZINCf5000002rtj9,692,42.23973363305034,full_cascade,scored,decoy
ZINCf5000002rtjk,693,42.23973363305034,full_cascade,scored,decoy
ZINCf5000002ru8s,694,42.23973363305034,full_cascade,scored,decoy
ZINCf5000002ruE6,695,42.23973363305034,full_cascade,scored,decoy
ZINCf5000002rvJM,696,42.23973363305034,full_cascade,scored,decoy
ZINCf5000002rwSM,697,42.23973363305034,full_cascade,scored,decoy
ZINCf5000002rwTf,698,42.23973363305034,full_cascade,scored,decoy
ZINCf5000002rwt8,699,42.23973363305034,full_cascade,scored,decoy
ZINCf5000002ryaK,700,42.23973363305034,full_cascade,scored,decoy
ZINCf5000002ryaO,701,42.23973363305034,full_cascade,scored,decoy
ZINCf5000002rzS4,702,42.23973363305034,full_cascade,scored,decoy
ZINCf5000002rzrl,703,42.23973363305034,full_cascade,scored,decoy
ZINCf5000002s2SC,704,42.23973363305034,full_cascade,scored,decoy
ZINCf5000002s456,705,42.23973363305034,full_cascade,scored,decoy
ZINCf5000002s45f,706,42.23973363305034,full_cascade,scored,decoy
ZINCf5000002s4Td,707,42.23973363305034,full_cascade,scored,decoy
ZINCf5000002s4vj,708,42.23973363305034,full_cascade,scored,decoy
ZINCf5000002s51J,709,42.23973363305034,full_cascade,scored,decoy
ZINCf5000002s57j,710,42.23973363305034,full_cascade,scored,decoy
ZINCf5000002s5cu,711,42.23973363305034,full_cascade,scored,decoy
ZINCf5000002s5cv,712,42.23973363305034,full_cascade,scored,decoy
ZINCf5000002s5no,713,42.23973363305034,full_cascade,scored,decoy
ZINCf5000002s7CT,714,42.23973363305034,full_cascade,scored,decoy
ZINCf5000002s7uE,715,42.23973363305034,full_cascade,scored,decoy
ZINCf5000002s8Ku,716,42.23973363305034,full_cascade,scored,decoy
ZINCf5000002s92p,717,42.23973363305034,full_cascade,scored,decoy
ZINCf5000002s99B,718,42.23973363305034,full_cascade,scored,decoy
ZINCf5000002s99t,719,42.23973363305034,full_cascade,scored,decoy
ZINCf5000002s9an,720,42.23973363305034,full_cascade,scored,decoy
ZINCf5000002s9bv,721,42.23973363305034,full_cascade,scored,decoy
ZINCf5000002sbOB,722,42.23973363305034,full_cascade,scored,decoy
ZINCf5000002sbr0,723,42.23973363305034,full_cascade,scored,decoy
ZINCf5000002sbuo,724,42.23973363305034,full_cascade,scored,decoy
ZINCf5000002sc1m,725,42.23973363305034,full_cascade,scored,decoy
ZINCf5000002sc2G,726,42.23973363305034,full_cascade,scored,decoy
ZINCf5000002sc2H,727,42.23973363305034,full_cascade,scored,decoy
ZINCf5000002sfL9,728,42.23973363305034,full_cascade,scored,decoy
ZINCf5000002sfMO,729,42.23973363305034,full_cascade,scored,decoy
ZINCf5000002shQO,730,42.23973363305034,full_cascade,scored,decoy
ZINCf5000002shZ1,731,42.23973363305034,full_cascade,scored,decoy
ZINCf5000002shZH,732,42.23973363305034,full_cascade,scored,decoy
ZINCf5000002shZt,733,42.23973363305034,full_cascade,scored,decoy
ZINCf5000002shw9,734,42.23973363305034,full_cascade,scored,decoy
ZINCf5000002shzj,735,42.23973363305034,full_cascade,scored,decoy
ZINCf5000002sjtf,736,42.23973363305034,full_cascade,scored,decoy
ZINCf5000003631Z,737,42.23973363305034,full_cascade,scored,decoy
ZINCf50000008HaM,738,41.53553519482485,full_cascade,scored,decoy
ZINCf50000008N25,739,41.53553519482485,full_cascade,scored,decoy
ZINCf50000008VE1,740,41.53553519482485,full_cascade,scored,decoy
ZINCf50000008VE4,741,41.53553519482485,full_cascade,scored,decoy
ZINCf500000097ar,742,41.53553519482485,full_cascade,scored,decoy
ZINCf50000009GM5,743,41.53553519482485,full_cascade,scored,decoy
ZINCf50000009GZj,744,41.53553519482485,full_cascade,scored,decoy
ZINCf50000009GZn,745,41.53553519482485,full_cascade,scored,decoy
ZINCf50000009HlD,746,41.53553519482485,full_cascade,scored,decoy
ZINCf50000009KdR,747,41.53553519482485,full_cascade,scored,decoy
ZINCf50000009Mp6,748,41.53553519482485,full_cascade,scored,decoy
ZINCf50000009XBi,749,41.53553519482485,full_cascade,scored,decoy
ZINCf5000000SKBK,750,41.53553519482485,full_cascade,scored,decoy
ZINCf5000000Vm3Z,751,41.53553519482485,full_cascade,scored,decoy
ZINCf5000000Vn0I,752,41.53553519482485,full_cascade,scored,decoy
ZINCf5000000YaRg,753,41.53553519482485,full_cascade,scored,decoy
ZINCf5000000Zruk,754,41.53553519482485,full_cascade,scored,decoy
ZINCf5000000ZwRE,755,41.53553519482485,full_cascade,scored,decoy
ZINCf5000000acIL,756,41.53553519482485,full_cascade,scored,decoy
ZINCf5000000acgc,757,41.53553519482485,full_cascade,scored,decoy
ZINCf50000017Acv,758,41.53553519482485,full_cascade,scored,decoy
ZINCf50000017PmQ,759,41.53553519482485,full_cascade,scored,decoy
ZINCf50000017Pqg,760,41.53553519482485,full_cascade,scored,decoy
ZINCf50000017ZJ7,761,41.53553519482485,full_cascade,scored,decoy
ZINCf50000017wao,762,41.53553519482485,full_cascade,scored,decoy
ZINCf500000276By,763,41.53553519482485,full_cascade,scored,decoy
ZINCf50000029YkI,764,41.53553519482485,full_cascade,scored,decoy
ZINCf5000002a8Vn,765,41.53553519482485,full_cascade,scored,decoy
ZINCf5000002aLWo,766,41.53553519482485,full_cascade,scored,decoy
ZINCf5000002aT2O,767,41.53553519482485,full_cascade,scored,decoy
ZINCf5000002oCKl,768,41.53553519482485,full_cascade,scored,decoy
ZINCf5000002rCfp,769,41.53553519482485,full_cascade,scored,decoy
ZINCf5000002rb06,770,41.53553519482485,full_cascade,scored,decoy
ZINCf5000002rkb9,771,41.53553519482485,full_cascade,scored,decoy
ZINCf5000002rkba,772,41.53553519482485,full_cascade,scored,decoy
ZINCf50000008M1J,773,40.23447521264149,full_cascade,scored,decoy
ZINCf50000008MgF,774,40.23447521264149,full_cascade,scored,decoy
ZINCf50000008TWA,775,40.23447521264149,full_cascade,scored,decoy
ZINCf50000008Vbl,776,40.23447521264149,full_cascade,scored,decoy
ZINCf5000000961O,777,40.23447521264149,full_cascade,scored,decoy
ZINCf5000000981C,778,40.23447521264149,full_cascade,scored,decoy
ZINCf50000009FRZ,779,40.23447521264149,full_cascade,scored,decoy
ZINCf50000009Gv2,780,40.23447521264149,full_cascade,scored,decoy
ZINCf50000009H0r,781,40.23447521264149,full_cascade,scored,decoy
ZINCf5000000S76T,782,40.23447521264149,full_cascade,scored,decoy
ZINCf5000000ZqV6,783,40.23447521264149,full_cascade,scored,decoy
ZINCf5000000ZtX2,784,40.23447521264149,full_cascade,scored,decoy
ZINCf5000000ZwXi,785,40.23447521264149,full_cascade,scored,decoy
ZINCf5000000a5HH,786,40.23447521264149,full_cascade,scored,decoy
ZINCf5000000a5tr,787,40.23447521264149,full_cascade,scored,decoy
ZINCf5000000azI3,788,40.23447521264149,full_cascade,scored,decoy
ZINCf50000024UiZ,789,40.23447521264149,full_cascade,scored,decoy
ZINCf5000002aSPS,790,40.23447521264149,full_cascade,scored,decoy
ZINCf5000002eaMm,791,40.23447521264149,full_cascade,scored,decoy
ZINCf5000002eaMn,792,40.23447521264149,full_cascade,scored,decoy
ZINCf50000008XpF,793,40.09529725679119,full_cascade,scored,decoy
ZINCf50000009DI8,794,40.09529725679119,full_cascade,scored,decoy
ZINCf50000009Ha4,795,40.09529725679119,full_cascade,scored,decoy
ZINCf50000009O8t,796,40.09529725679119,full_cascade,scored,decoy
ZINCf50000009O9p,797,40.09529725679119,full_cascade,scored,decoy
ZINCf50000009du3,798,40.09529725679119,full_cascade,scored,decoy
ZINCf50000009du7,799,40.09529725679119,full_cascade,scored,decoy
ZINCf50000009g5d,800,40.09529725679119,full_cascade,scored,decoy
ZINCf50000009nBd,801,40.09529725679119,full_cascade,scored,decoy
ZINCf5000000VZpu,802,40.09529725679119,full_cascade,scored,decoy
ZINCf5000000VmyF,803,40.09529725679119,full_cascade,scored,decoy
ZINCf5000000WAOI,804,40.09529725679119,full_cascade,scored,decoy
ZINCf5000000WAzG,805,40.09529725679119,full_cascade,scored,decoy
ZINCf5000000Zryq,806,40.09529725679119,full_cascade,scored,decoy
ZINCf5000000ZtEu,807,40.09529725679119,full_cascade,scored,decoy
ZINCf5000000a0Sx,808,40.09529725679119,full_cascade,scored,decoy
ZINCf5000000a4J8,809,40.09529725679119,full_cascade,scored,decoy
ZINCf5000000a9iH,810,40.09529725679119,full_cascade,scored,decoy
ZINCf5000000abZq,811,40.09529725679119,full_cascade,scored,decoy
ZINCf5000000aoN9,812,40.09529725679119,full_cascade,scored,decoy
ZINCf5000000apGs,813,40.09529725679119,full_cascade,scored,decoy
ZINCf5000000apS0,814,40.09529725679119,full_cascade,scored,decoy
ZINCf5000000asKS,815,40.09529725679119,full_cascade,scored,decoy
ZINCf5000000avJT,816,40.09529725679119,full_cascade,scored,decoy
ZINCf50000017Wyt,817,40.09529725679119,full_cascade,scored,decoy
ZINCf50000018akF,818,40.09529725679119,full_cascade,scored,decoy
ZINCf5000001og7B,819,40.09529725679119,full_cascade,scored,decoy
ZINCf5000001osMH,820,40.09529725679119,full_cascade,scored,decoy
ZINCf500000252Wu,821,40.09529725679119,full_cascade,scored,decoy
ZINCf50000025VUm,822,40.09529725679119,full_cascade,scored,decoy
ZINCf50000026w6M,823,40.09529725679119,full_cascade,scored,decoy
ZINCf50000028GQR,824,40.09529725679119,full_cascade,scored,decoy
ZINCf50000028TXa,825,40.09529725679119,full_cascade,scored,decoy
ZINCf5000002aU6d,826,40.09529725679119,full_cascade,scored,decoy
ZINCf5000002efLd,827,40.09529725679119,full_cascade,scored,decoy
ZINCf5000002mC06,828,40.09529725679119,full_cascade,scored,decoy
ZINCf5000002mC07,829,40.09529725679119,full_cascade,scored,decoy
ZINCf5000002oBuO,830,40.09529725679119,full_cascade,scored,decoy
ZINCf5000002oGxy,831,40.09529725679119,full_cascade,scored,decoy
ZINCf5000002qU7b,832,40.09529725679119,full_cascade,scored,decoy
ZINCf5000002rRW9,833,40.09529725679119,full_cascade,scored,decoy
ZINCf5000002ryel,834,40.09529725679119,full_cascade,scored,decoy
ZINCf50000008U4F,835,39.56703757561988,full_cascade,scored,decoy
ZINCf5000000910a,836,39.56703757561988,full_cascade,scored,decoy
ZINCf500000091ZH,837,39.56703757561988,full_cascade,scored,decoy
ZINCf50000009BRA,838,39.56703757561988,full_cascade,scored,decoy
ZINCf50000009GTO,839,39.56703757561988,full_cascade,scored,decoy
ZINCf5000001rUv3,840,39.56703757561988,full_cascade,scored,decoy
ZINCf50000029mls,841,39.56703757561988,full_cascade,scored,decoy
ZINCf5000002qFjz,842,39.56703757561988,full_cascade,scored,decoy
CHEMBL199341,843,39.42785961976958,full_cascade,scored,active
ZINCf50000008FIr,844,39.42785961976958,full_cascade,scored,decoy
ZINCf50000008FYf,845,39.42785961976958,full_cascade,scored,decoy
ZINCf50000008GBn,846,39.42785961976958,full_cascade,scored,decoy
ZINCf50000008J0c,847,39.42785961976958,full_cascade,scored,decoy
ZINCf50000008JyH,848,39.42785961976958,full_cascade,scored,decoy
ZINCf50000008Kmd,849,39.42785961976958,full_cascade,scored,decoy
ZINCf50000008OyT,850,39.42785961976958,full_cascade,scored,decoy
ZINCf50000008S5A,851,39.42785961976958,full_cascade,scored,decoy
ZINCf50000008TBd,852,39.42785961976958,full_cascade,scored,decoy
ZINCf50000008THG,853,39.42785961976958,full_cascade,scored,decoy
ZINCf50000008THd,854,39.42785961976958,full_cascade,scored,decoy
ZINCf50000008TJQ,855,39.42785961976958,full_cascade,scored,decoy
ZINCf50000008TJT,856,39.42785961976958,full_cascade,scored,decoy
ZINCf50000008TJy,857,39.42785961976958,full_cascade,scored,decoy
ZINCf50000008Ttc,858,39.42785961976958,full_cascade,scored,decoy
ZINCf50000008U5y,859,39.42785961976958,full_cascade,scored,decoy
ZINCf50000008UKF,860,39.42785961976958,full_cascade,scored,decoy
ZINCf50000008VnP,861,39.42785961976958,full_cascade,scored,decoy
ZINCf50000008WMX,862,39.42785961976958,full_cascade,scored,decoy
ZINCf50000008Wok,863,39.42785961976958,full_cascade,scored,decoy
ZINCf500000091Oj,864,39.42785961976958,full_cascade,scored,decoy
ZINCf5000000927o,865,39.42785961976958,full_cascade,scored,decoy
ZINCf500000092wo,866,39.42785961976958,full_cascade,scored,decoy
ZINCf5000000949X,867,39.42785961976958,full_cascade,scored,decoy
ZINCf500000096WQ,868,39.42785961976958,full_cascade,scored,decoy
ZINCf500000096ii,869,39.42785961976958,full_cascade,scored,decoy
ZINCf50000009FG3,870,39.42785961976958,full_cascade,scored,decoy
ZINCf50000009GCo,871,39.42785961976958,full_cascade,scored,decoy
ZINCf50000009GGs,872,39.42785961976958,full_cascade,scored,decoy
ZINCf50000009GLl,873,39.42785961976958,full_cascade,scored,decoy
ZINCf50000009Hvj,874,39.42785961976958,full_cascade,scored,decoy
ZINCf50000009O6l,875,39.42785961976958,full_cascade,scored,decoy
ZINCf50000009Zez,876,39.42785961976958,full_cascade,scored,decoy
ZINCf50000009dKb,877,39.42785961976958,full_cascade,scored,decoy
ZINCf50000009fa4,878,39.42785961976958,full_cascade,scored,decoy
ZINCf50000009nZ6,879,39.42785961976958,full_cascade,scored,decoy
ZINCf50000009nxl,880,39.42785961976958,full_cascade,scored,decoy
ZINCf50000009vnY,881,39.42785961976958,full_cascade,scored,decoy
ZINCf50000009wuo,882,39.42785961976958,full_cascade,scored,decoy
ZINCf50000009yJu,883,39.42785961976958,full_cascade,scored,decoy
ZINCf50000009zrI,884,39.42785961976958,full_cascade,scored,decoy
ZINCf5000000S4lR,885,39.42785961976958,full_cascade,scored,decoy
ZINCf5000000S4yg,886,39.42785961976958,full_cascade,scored,decoy
ZINCf5000000S5Fe,887,39.42785961976958,full_cascade,scored,decoy
ZINCf5000000S6eu,888,39.42785961976958,full_cascade,scored,decoy
ZINCf5000000SLR9,889,39.42785961976958,full_cascade,scored,decoy
ZINCf5000000Vlgb,890,39.42785961976958,full_cascade,scored,decoy
ZINCf5000000WB5q,891,39.42785961976958,full_cascade,scored,decoy
ZINCf5000000Ybpl,892,39.42785961976958,full_cascade,scored,decoy
ZINCf5000000YbsF,893,39.42785961976958,full_cascade,scored,decoy
ZINCf5000000adBr,894,39.42785961976958,full_cascade,scored,decoy
ZINCf5000000axDs,895,39.42785961976958,full_cascade,scored,decoy
ZINCf50000017AE5,896,39.42785961976958,full_cascade,scored,decoy
ZINCf50000017P8f,897,39.42785961976958,full_cascade,scored,decoy
ZINCf50000017Pfp,898,39.42785961976958,full_cascade,scored,decoy
ZINCf50000017Phe,899,39.42785961976958,full_cascade,scored,decoy
ZINCf50000017Pp4,900,39.42785961976958,full_cascade,scored,decoy
ZINCf50000017Tzi,901,39.42785961976958,full_cascade,scored,decoy
ZINCf50000017X3k,902,39.42785961976958,full_cascade,scored,decoy
ZINCf50000017XBn,903,39.42785961976958,full_cascade,scored,decoy
ZINCf50000017lWC,904,39.42785961976958,full_cascade,scored,decoy
ZINCf50000017mXW,905,39.42785961976958,full_cascade,scored,decoy
ZINCf50000017nnX,906,39.42785961976958,full_cascade,scored,decoy
ZINCf50000017p42,907,39.42785961976958,full_cascade,scored,decoy
ZINCf50000017qiB,908,39.42785961976958,full_cascade,scored,decoy
ZINCf50000017zcf,909,39.42785961976958,full_cascade,scored,decoy
ZINCf500000181yj,910,39.42785961976958,full_cascade,scored,decoy
ZINCf500000186rO,911,39.42785961976958,full_cascade,scored,decoy
ZINCf50000018cmD,912,39.42785961976958,full_cascade,scored,decoy
ZINCf5000001DljD,913,39.42785961976958,full_cascade,scored,decoy
ZINCf5000001E9fQ,914,39.42785961976958,full_cascade,scored,decoy
ZINCf5000001Hgyt,915,39.42785961976958,full_cascade,scored,decoy
ZINCf5000001Lr3T,916,39.42785961976958,full_cascade,scored,decoy
ZINCf5000001TMFr,917,39.42785961976958,full_cascade,scored,decoy
ZINCf5000001XJXt,918,39.42785961976958,full_cascade,scored,decoy
ZINCf5000001oTeG,919,39.42785961976958,full_cascade,scored,decoy
ZINCf5000001omOP,920,39.42785961976958,full_cascade,scored,decoy
ZINCf5000001tN8K,921,39.42785961976958,full_cascade,scored,decoy
ZINCf5000001zmj8,922,39.42785961976958,full_cascade,scored,decoy
ZINCf50000025GN0,923,39.42785961976958,full_cascade,scored,decoy
ZINCf50000026Mbh,924,39.42785961976958,full_cascade,scored,decoy
ZINCf50000026OMT,925,39.42785961976958,full_cascade,scored,decoy
ZINCf50000027kYZ,926,39.42785961976958,full_cascade,scored,decoy
ZINCf50000027pPY,927,39.42785961976958,full_cascade,scored,decoy
ZINCf5000002a5jV,928,39.42785961976958,full_cascade,scored,decoy
ZINCf5000002avWe,929,39.42785961976958,full_cascade,scored,decoy
ZINCf5000002dR2n,930,39.42785961976958,full_cascade,scored,decoy
ZINCf5000002dTAg,931,39.42785961976958,full_cascade,scored,decoy
ZINCf5000002dUDr,932,39.42785961976958,full_cascade,scored,decoy
ZINCf5000002dm5C,933,39.42785961976958,full_cascade,scored,decoy
ZINCf5000002dmbV,934,39.42785961976958,full_cascade,scored,decoy
ZINCf5000002dpJh,935,39.42785961976958,full_cascade,scored,decoy
ZINCf5000002drE8,936,39.42785961976958,full_cascade,scored,decoy
ZINCf5000002dvJZ,937,39.42785961976958,full_cascade,scored,decoy
ZINCf5000002mv37,938,39.42785961976958,full_cascade,scored,decoy
ZINCf5000002qOjM,939,39.42785961976958,full_cascade,scored,decoy
ZINCf5000002qYEh,940,39.42785961976958,full_cascade,scored,decoy
ZINCf5000002qsk9,941,39.42785961976958,full_cascade,scored,decoy
ZINCf5000002qtTb,942,39.42785961976958,full_cascade,scored,decoy
ZINCf5000002r2En,943,39.42785961976958,full_cascade,scored,decoy
ZINCf5000002r3js,944,39.42785961976958,full_cascade,scored,decoy
ZINCf5000002r56C,945,39.42785961976958,full_cascade,scored,decoy
ZINCf5000002r8ER,946,39.42785961976958,full_cascade,scored,decoy
ZINCf5000002rPbO,947,39.42785961976958,full_cascade,scored,decoy
ZINCf5000002rd6l,948,39.42785961976958,full_cascade,scored,decoy
ZINCf5000002rjYU,949,39.42785961976958,full_cascade,scored,decoy
ZINCf5000002rwS2,950,39.42785961976958,full_cascade,scored,decoy
ZINCf5000002rwuL,951,39.42785961976958,full_cascade,scored,decoy
ZINCf5000002s5p1,952,39.42785961976958,full_cascade,scored,decoy
ZINCf5000002s7Vj,953,39.42785961976958,full_cascade,scored,decoy
ZINCf5000002dw11,954,38.76242788516863,full_cascade,scored,decoy
ZINCf50000008ML1,955,34.578611632587084,full_cascade,scored,decoy
ZINCf50000008Xan,956,34.578611632587084,full_cascade,scored,decoy
ZINCf50000008XrD,957,34.578611632587084,full_cascade,scored,decoy
ZINCf5000000991p,958,34.578611632587084,full_cascade,scored,decoy
ZINCf50000009BjU,959,34.578611632587084,full_cascade,scored,decoy
ZINCf50000009CVB,960,34.578611632587084,full_cascade,scored,decoy
ZINCf50000009FO4,961,34.578611632587084,full_cascade,scored,decoy
ZINCf50000009Oaj,962,34.578611632587084,full_cascade,scored,decoy
ZINCf50000009Y8E,963,34.578611632587084,full_cascade,scored,decoy
ZINCf50000009dSx,964,34.578611632587084,full_cascade,scored,decoy
ZINCf50000009duI,965,34.578611632587084,full_cascade,scored,decoy
ZINCf50000009f8U,966,34.578611632587084,full_cascade,scored,decoy
ZINCf50000009fjL,967,34.578611632587084,full_cascade,scored,decoy
ZINCf50000009foj,968,34.578611632587084,full_cascade,scored,decoy
ZINCf50000009jr7,969,34.578611632587084,full_cascade,scored,decoy
ZINCf50000009pUL,970,34.578611632587084,full_cascade,scored,decoy
ZINCf50000009qFB,971,34.578611632587084,full_cascade,scored,decoy
ZINCf50000009qR8,972,34.578611632587084,full_cascade,scored,decoy
ZINCf50000009sq1,973,34.578611632587084,full_cascade,scored,decoy
ZINCf50000009zwx,974,34.578611632587084,full_cascade,scored,decoy
ZINCf5000000S5S6,975,34.578611632587084,full_cascade,scored,decoy
ZINCf5000000S7uO,976,34.578611632587084,full_cascade,scored,decoy
ZINCf5000000VmbT,977,34.578611632587084,full_cascade,scored,decoy
ZINCf5000000WBlq,978,34.578611632587084,full_cascade,scored,decoy
ZINCf5000000YbNN,979,34.578611632587084,full_cascade,scored,decoy
ZINCf5000000YbNq,980,34.578611632587084,full_cascade,scored,decoy
ZINCf5000000Ybic,981,34.578611632587084,full_cascade,scored,decoy
ZINCf5000000ZsYv,982,34.578611632587084,full_cascade,scored,decoy
ZINCf5000000Zt76,983,34.578611632587084,full_cascade,scored,decoy
ZINCf5000000ZuPR,984,34.578611632587084,full_cascade,scored,decoy
ZINCf5000000ZxNc,985,34.578611632587084,full_cascade,scored,decoy
ZINCf5000000ZxYr,986,34.578611632587084,full_cascade,scored,decoy
ZINCf5000000Zxns,987,34.578611632587084,full_cascade,scored,decoy
ZINCf5000000Zzcn,988,34.578611632587084,full_cascade,scored,decoy
ZINCf5000000a4Q2,989,34.578611632587084,full_cascade,scored,decoy
ZINCf5000000a9uR,990,34.578611632587084,full_cascade,scored,decoy
ZINCf5000000aa1V,991,34.578611632587084,full_cascade,scored,decoy
ZINCf5000000abXE,992,34.578611632587084,full_cascade,scored,decoy
ZINCf5000000abZj,993,34.578611632587084,full_cascade,scored,decoy
ZINCf5000000aj3k,994,34.578611632587084,full_cascade,scored,decoy
ZINCf5000000aj4d,995,34.578611632587084,full_cascade,scored,decoy
ZINCf5000000ajKZ,996,34.578611632587084,full_cascade,scored,decoy
ZINCf5000000akjg,997,34.578611632587084,full_cascade,scored,decoy
ZINCf5000000alHu,998,34.578611632587084,full_cascade,scored,decoy
ZINCf5000000aslc,999,34.578611632587084,full_cascade,scored,decoy
ZINCf5000000axCu,1000,34.578611632587084,full_cascade,scored,decoy
ZINCf5000000ay6c,1001,34.578611632587084,full_cascade,scored,decoy
ZINCf50000017LQR,1002,34.578611632587084,full_cascade,scored,decoy
ZINCf50000017zL4,1003,34.578611632587084,full_cascade,scored,decoy
ZINCf500000184mH,1004,34.578611632587084,full_cascade,scored,decoy
ZINCf500000185zQ,1005,34.578611632587084,full_cascade,scored,decoy
ZINCf500000187Mb,1006,34.578611632587084,full_cascade,scored,decoy
ZINCf50000018cCb,1007,34.578611632587084,full_cascade,scored,decoy
ZINCf50000018cu8,1008,34.578611632587084,full_cascade,scored,decoy
ZINCf5000001ofcB,1009,34.578611632587084,full_cascade,scored,decoy
ZINCf5000001og2M,1010,34.578611632587084,full_cascade,scored,decoy
ZINCf500000206o9,1011,34.578611632587084,full_cascade,scored,decoy
ZINCf50000024KJR,1012,34.578611632587084,full_cascade,scored,decoy
ZINCf50000024LWE,1013,34.578611632587084,full_cascade,scored,decoy
ZINCf50000024NXI,1014,34.578611632587084,full_cascade,scored,decoy
ZINCf50000024ZZY,1015,34.578611632587084,full_cascade,scored,decoy
ZINCf50000024dVA,1016,34.578611632587084,full_cascade,scored,decoy
ZINCf500000256q2,1017,34.578611632587084,full_cascade,scored,decoy
ZINCf50000025u3r,1018,34.578611632587084,full_cascade,scored,decoy
ZINCf50000026Fx1,1019,34.578611632587084,full_cascade,scored,decoy
ZINCf50000026YZ4,1020,34.578611632587084,full_cascade,scored,decoy
ZINCf50000026iVi,1021,34.578611632587084,full_cascade,scored,decoy
ZINCf50000026ml4,1022,34.578611632587084,full_cascade,scored,decoy
ZINCf50000027PC8,1023,34.578611632587084,full_cascade,scored,decoy
ZINCf50000027elu,1024,34.578611632587084,full_cascade,scored,decoy
ZINCf50000027uXI,1025,34.578611632587084,full_cascade,scored,decoy
ZINCf50000028HLN,1026,34.578611632587084,full_cascade,scored,decoy
ZINCf5000002955q,1027,34.578611632587084,full_cascade,scored,decoy
ZINCf5000002aNTw,1028,34.578611632587084,full_cascade,scored,decoy
ZINCf5000002aNWH,1029,34.578611632587084,full_cascade,scored,decoy
ZINCf5000002aQ6f,1030,34.578611632587084,full_cascade,scored,decoy
ZINCf5000002aSJ3,1031,34.578611632587084,full_cascade,scored,decoy
ZINCf5000002aW75,1032,34.578611632587084,full_cascade,scored,decoy
ZINCf5000002aW76,1033,34.578611632587084,full_cascade,scored,decoy
ZINCf5000002aW7f,1034,34.578611632587084,full_cascade,scored,decoy
ZINCf5000002aowO,1035,34.578611632587084,full_cascade,scored,decoy
ZINCf5000002e0oX,1036,34.578611632587084,full_cascade,scored,decoy
ZINCf5000002enFp,1037,34.578611632587084,full_cascade,scored,decoy
ZINCf5000002oC09,1038,34.578611632587084,full_cascade,scored,decoy
ZINCf5000002oGSO,1039,34.578611632587084,full_cascade,scored,decoy
ZINCf5000002oGVW,1040,34.578611632587084,full_cascade,scored,decoy
ZINCf5000002oGW1,1041,34.578611632587084,full_cascade,scored,decoy
ZINCf5000002ovE3,1042,34.578611632587084,full_cascade,scored,decoy
ZINCf5000002rRZf,1043,34.578611632587084,full_cascade,scored,decoy
ZINCf5000002s7NE,1044,34.578611632587084,full_cascade,scored,decoy
ZINCf5000002scj7,1045,34.578611632587084,full_cascade,scored,decoy
ZINCf5000002scy2,1046,34.578611632587084,full_cascade,scored,decoy
ZINCf500000091MD,1047,33.433082989672975,full_cascade,scored,decoy
ZINCf50000017P7X,1048,33.433082989672975,full_cascade,scored,decoy
ZINCf5000002dSIh,1049,33.433082989672975,full_cascade,scored,decoy
ZINCf50000017Mn5,1050,32.43417525632793,full_cascade,scored,decoy
ZINCf50000009HLj,1051,31.766737619306326,full_cascade,scored,decoy
ZINCf50000009K0A,1052,31.766737619306326,full_cascade,scored,decoy
ZINCf50000009qVo,1053,31.766737619306326,full_cascade,scored,decoy
ZINCf5000000ZwTM,1054,31.766737619306326,full_cascade,scored,decoy
ZINCf5000000ZwYF,1055,31.766737619306326,full_cascade,scored,decoy
ZINCf5000000apRj,1056,31.766737619306326,full_cascade,scored,decoy
ZINCf50000017zdT,1057,31.766737619306326,full_cascade,scored,decoy
ZINCf5000001815z,1058,31.766737619306326,full_cascade,scored,decoy
ZINCf50000027CLp,1059,31.766737619306326,full_cascade,scored,decoy
ZINCf50000009vld,1060,31.666326367080565,full_cascade,scored,decoy
ZINCf50000009vtD,1061,31.666326367080565,full_cascade,scored,decoy
ZINCf5000000af41,1062,31.666326367080565,full_cascade,scored,decoy
ZINCf50000017KEG,1063,31.666326367080565,full_cascade,scored,decoy
ZINCf50000017KGJ,1064,31.666326367080565,full_cascade,scored,decoy
ZINCf5000001A1LB,1065,31.666326367080565,full_cascade,scored,decoy
ZINCf5000001Rg5x,1066,31.666326367080565,full_cascade,scored,decoy
ZINCf5000002dZ7j,1067,31.666326367080565,full_cascade,scored,decoy
ZINCf50000008AGU,1068,28.9936303096501,full_cascade,scored,decoy
ZINCf50000008Alg,1069,28.9936303096501,full_cascade,scored,decoy
ZINCf50000008E9o,1070,28.9936303096501,full_cascade,scored,decoy
ZINCf50000008EAI,1071,28.9936303096501,full_cascade,scored,decoy
ZINCf50000008FNu,1072,28.9936303096501,full_cascade,scored,decoy
ZINCf50000008FTI,1073,28.9936303096501,full_cascade,scored,decoy
ZINCf50000008FnB,1074,28.9936303096501,full_cascade,scored,decoy
ZINCf50000008FwI,1075,28.9936303096501,full_cascade,scored,decoy
ZINCf50000008Fwz,1076,28.9936303096501,full_cascade,scored,decoy
ZINCf50000008GaG,1077,28.9936303096501,full_cascade,scored,decoy
ZINCf50000008HSv,1078,28.9936303096501,full_cascade,scored,decoy
ZINCf50000008IGW,1079,28.9936303096501,full_cascade,scored,decoy
ZINCf50000008IcN,1080,28.9936303096501,full_cascade,scored,decoy
ZINCf50000008Jbx,1081,28.9936303096501,full_cascade,scored,decoy
ZINCf50000008Jcw,1082,28.9936303096501,full_cascade,scored,decoy
ZINCf50000008KZS,1083,28.9936303096501,full_cascade,scored,decoy
ZINCf50000008M5I,1084,28.9936303096501,full_cascade,scored,decoy
ZINCf50000008NjO,1085,28.9936303096501,full_cascade,scored,decoy
ZINCf50000008OMH,1086,28.9936303096501,full_cascade,scored,decoy
ZINCf50000008OmJ,1087,28.9936303096501,full_cascade,scored,decoy
ZINCf50000008PSw,1088,28.9936303096501,full_cascade,scored,decoy
ZINCf50000008RVQ,1089,28.9936303096501,full_cascade,scored,decoy
ZINCf50000008RjZ,1090,28.9936303096501,full_cascade,scored,decoy
ZINCf50000008Rl9,1091,28.9936303096501,full_cascade,scored,decoy
ZINCf50000008T9s,1092,28.9936303096501,full_cascade,scored,decoy
ZINCf50000008TA2,1093,28.9936303096501,full_cascade,scored,decoy
ZINCf50000008TDx,1094,28.9936303096501,full_cascade,scored,decoy
ZINCf50000008TSw,1095,28.9936303096501,full_cascade,scored,decoy
ZINCf50000008TsN,1096,28.9936303096501,full_cascade,scored,decoy
ZINCf50000008Tv5,1097,28.9936303096501,full_cascade,scored,decoy
ZINCf50000008U5N,1098,28.9936303096501,full_cascade,scored,decoy
ZINCf50000008VF0,1099,28.9936303096501,full_cascade,scored,decoy
ZINCf50000008Vjh,1100,28.9936303096501,full_cascade,scored,decoy
ZINCf50000008WWJ,1101,28.9936303096501,full_cascade,scored,decoy
ZINCf50000008XeR,1102,28.9936303096501,full_cascade,scored,decoy
ZINCf50000008ZCq,1103,28.9936303096501,full_cascade,scored,decoy
ZINCf50000008ZwX,1104,28.9936303096501,full_cascade,scored,decoy
ZINCf5000000936i,1105,28.9936303096501,full_cascade,scored,decoy
ZINCf500000093ie,1106,28.9936303096501,full_cascade,scored,decoy
ZINCf500000093tn,1107,28.9936303096501,full_cascade,scored,decoy
ZINCf500000093x4,1108,28.9936303096501,full_cascade,scored,decoy
ZINCf5000000954h,1109,28.9936303096501,full_cascade,scored,decoy
ZINCf500000095w6,1110,28.9936303096501,full_cascade,scored,decoy
ZINCf500000097HU,1111,28.9936303096501,full_cascade,scored,decoy
ZINCf500000098Zl,1112,28.9936303096501,full_cascade,scored,decoy
ZINCf500000099fi,1113,28.9936303096501,full_cascade,scored,decoy
ZINCf500000099qN,1114,28.9936303096501,full_cascade,scored,decoy
ZINCf50000009A3F,1115,28.9936303096501,full_cascade,scored,decoy
ZINCf50000009Aos,1116,28.9936303096501,full_cascade,scored,decoy
ZINCf50000009BJc,1117,28.9936303096501,full_cascade,scored,decoy
ZINCf50000009BWN,1118,28.9936303096501,full_cascade,scored,decoy
ZINCf50000009Edz,1119,28.9936303096501,full_cascade,scored,decoy
ZINCf50000009G31,1120,28.9936303096501,full_cascade,scored,decoy
ZINCf50000009G55,1121,28.9936303096501,full_cascade,scored,decoy
ZINCf50000009GL3,1122,28.9936303096501,full_cascade,scored,decoy
ZINCf50000009Hvg,1123,28.9936303096501,full_cascade,scored,decoy
ZINCf50000009I3G,1124,28.9936303096501,full_cascade,scored,decoy
ZINCf50000009IAS,1125,28.9936303096501,full_cascade,scored,decoy
ZINCf50000009ITk,1126,28.9936303096501,full_cascade,scored,decoy
ZINCf50000009JAl,1127,28.9936303096501,full_cascade,scored,decoy
ZINCf50000009K4b,1128,28.9936303096501,full_cascade,scored,decoy
ZINCf50000009K5v,1129,28.9936303096501,full_cascade,scored,decoy
ZINCf50000009KWN,1130,28.9936303096501,full_cascade,scored,decoy
ZINCf50000009PaG,1131,28.9936303096501,full_cascade,scored,decoy
ZINCf50000009SUb,1132,28.9936303096501,full_cascade,scored,decoy
ZINCf50000009SV2,1133,28.9936303096501,full_cascade,scored,decoy
ZINCf50000009V36,1134,28.9936303096501,full_cascade,scored,decoy
ZINCf50000009YU0,1135,28.9936303096501,full_cascade,scored,decoy
ZINCf50000009YYw,1136,28.9936303096501,full_cascade,scored,decoy
ZINCf50000009ZJD,1137,28.9936303096501,full_cascade,scored,decoy
ZINCf50000009cQd,1138,28.9936303096501,full_cascade,scored,decoy
ZINCf50000009d49,1139,28.9936303096501,full_cascade,scored,decoy
ZINCf50000009eJM,1140,28.9936303096501,full_cascade,scored,decoy
ZINCf50000009ffM,1141,28.9936303096501,full_cascade,scored,decoy
ZINCf50000009fgF,1142,28.9936303096501,full_cascade,scored,decoy
ZINCf50000009gPC,1143,28.9936303096501,full_cascade,scored,decoy
ZINCf50000009ifn,1144,28.9936303096501,full_cascade,scored,decoy
ZINCf50000009jaM,1145,28.9936303096501,full_cascade,scored,decoy
ZINCf50000009kau,1146,28.9936303096501,full_cascade,scored,decoy
ZINCf50000009kaz,1147,28.9936303096501,full_cascade,scored,decoy
ZINCf50000009kbh,1148,28.9936303096501,full_cascade,scored,decoy
ZINCf50000009m9U,1149,28.9936303096501,full_cascade,scored,decoy
ZINCf50000009nAl,1150,28.9936303096501,full_cascade,scored,decoy
ZINCf50000009nI5,1151,28.9936303096501,full_cascade,scored,decoy
ZINCf50000009nuh,1152,28.9936303096501,full_cascade,scored,decoy
ZINCf50000009o8T,1153,28.9936303096501,full_cascade,scored,decoy
ZINCf50000009qan,1154,28.9936303096501,full_cascade,scored,decoy
ZINCf50000009uLA,1155,28.9936303096501,full_cascade,scored,decoy
ZINCf50000009vDx,1156,28.9936303096501,full_cascade,scored,decoy
ZINCf50000009vv6,1157,28.9936303096501,full_cascade,scored,decoy
ZINCf50000009w0Z,1158,28.9936303096501,full_cascade,scored,decoy
ZINCf50000009xKh,1159,28.9936303096501,full_cascade,scored,decoy
ZINCf50000009xNF,1160,28.9936303096501,full_cascade,scored,decoy
ZINCf5000000S5Cw,1161,28.9936303096501,full_cascade,scored,decoy
ZINCf5000000S6MD,1162,28.9936303096501,full_cascade,scored,decoy
ZINCf5000000SM0z,1163,28.9936303096501,full_cascade,scored,decoy
ZINCf5000000SMmi,1164,28.9936303096501,full_cascade,scored,decoy
ZINCf5000000VZ2u,1165,28.9936303096501,full_cascade,scored,decoy
ZINCf5000000VZiG,1166,28.9936303096501,full_cascade,scored,decoy
ZINCf5000000VZiI,1167,28.9936303096501,full_cascade,scored,decoy
ZINCf5000000VZiS,1168,28.9936303096501,full_cascade,scored,decoy
ZINCf5000000VlQK,1169,28.9936303096501,full_cascade,scored,decoy
ZINCf5000000Vlgi,1170,28.9936303096501,full_cascade,scored,decoy
ZINCf5000000Vn0E,1171,28.9936303096501,full_cascade,scored,decoy
ZINCf5000000Vn0F,1172,28.9936303096501,full_cascade,scored,decoy
ZINCf5000000Vn0X,1173,28.9936303096501,full_cascade,scored,decoy
ZINCf5000000WAXK,1174,28.9936303096501,full_cascade,scored,decoy
ZINCf5000000YaTM,1175,28.9936303096501,full_cascade,scored,decoy
ZINCf5000000Zrm2,1176,28.9936303096501,full_cascade,scored,decoy
ZINCf5000000ZrqI,1177,28.9936303096501,full_cascade,scored,decoy
ZINCf5000000ZtGG,1178,28.9936303096501,full_cascade,scored,decoy
ZINCf5000000ZyYU,1179,28.9936303096501,full_cascade,scored,decoy
ZINCf5000000a16n,1180,28.9936303096501,full_cascade,scored,decoy
ZINCf5000000a251,1181,28.9936303096501,full_cascade,scored,decoy
ZINCf5000000a2iF,1182,28.9936303096501,full_cascade,scored,decoy
ZINCf5000000a38A,1183,28.9936303096501,full_cascade,scored,decoy
ZINCf5000000a5PY,1184,28.9936303096501,full_cascade,scored,decoy
ZINCf5000000adGN,1185,28.9936303096501,full_cascade,scored,decoy
ZINCf5000000adGO,1186,28.9936303096501,full_cascade,scored,decoy
ZINCf5000000adVD,1187,28.9936303096501,full_cascade,scored,decoy
ZINCf5000000advk,1188,28.9936303096501,full_cascade,scored,decoy
ZINCf5000000advt,1189,28.9936303096501,full_cascade,scored,decoy
ZINCf5000000adwF,1190,28.9936303096501,full_cascade,scored,decoy
ZINCf5000000ady2,1191,28.9936303096501,full_cascade,scored,decoy
ZINCf5000000adyO,1192,28.9936303096501,full_cascade,scored,decoy
ZINCf5000000ajAo,1193,28.9936303096501,full_cascade,scored,decoy
ZINCf5000000aqEj,1194,28.9936303096501,full_cascade,scored,decoy
ZINCf5000000artb,1195,28.9936303096501,full_cascade,scored,decoy
ZINCf5000000as8f,1196,28.9936303096501,full_cascade,scored,decoy
ZINCf5000000as8y,1197,28.9936303096501,full_cascade,scored,decoy
ZINCf5000000asEJ,1198,28.9936303096501,full_cascade,scored,decoy
ZINCf5000000aswM,1199,28.9936303096501,full_cascade,scored,decoy
ZINCf5000000atXq,1200,28.9936303096501,full_cascade,scored,decoy
ZINCf5000000aukM,1201,28.9936303096501,full_cascade,scored,decoy
ZINCf5000000avfQ,1202,28.9936303096501,full_cascade,scored,decoy
ZINCf5000000aw5m,1203,28.9936303096501,full_cascade,scored,decoy
ZINCf5000000axEn,1204,28.9936303096501,full_cascade,scored,decoy
ZINCf5000000axRX,1205,28.9936303096501,full_cascade,scored,decoy
ZINCf5000000ay16,1206,28.9936303096501,full_cascade,scored,decoy
ZINCf5000000azJc,1207,28.9936303096501,full_cascade,scored,decoy
ZINCf50000017Af7,1208,28.9936303096501,full_cascade,scored,decoy
ZINCf50000017Bhk,1209,28.9936303096501,full_cascade,scored,decoy
ZINCf50000017EZq,1210,28.9936303096501,full_cascade,scored,decoy
ZINCf50000017G2s,1211,28.9936303096501,full_cascade,scored,decoy
ZINCf50000017HSQ,1212,28.9936303096501,full_cascade,scored,decoy
ZINCf50000017HSR,1213,28.9936303096501,full_cascade,scored,decoy
ZINCf50000017IEY,1214,28.9936303096501,full_cascade,scored,decoy
ZINCf50000017JKd,1215,28.9936303096501,full_cascade,scored,decoy
ZINCf50000017JyP,1216,28.9936303096501,full_cascade,scored,decoy
ZINCf50000017L7N,1217,28.9936303096501,full_cascade,scored,decoy
ZINCf50000017LMX,1218,28.9936303096501,full_cascade,scored,decoy
ZINCf50000017Mhz,1219,28.9936303096501,full_cascade,scored,decoy
ZINCf50000017P86,1220,28.9936303096501,full_cascade,scored,decoy
ZINCf50000017PN7,1221,28.9936303096501,full_cascade,scored,decoy
ZINCf50000017Pvr,1222,28.9936303096501,full_cascade,scored,decoy
ZINCf50000017QEr,1223,28.9936303096501,full_cascade,scored,decoy
ZINCf50000017SUC,1224,28.9936303096501,full_cascade,scored,decoy
ZINCf50000017TEE,1225,28.9936303096501,full_cascade,scored,decoy
ZINCf50000017TqL,1226,28.9936303096501,full_cascade,scored,decoy
ZINCf50000017Wyu,1227,28.9936303096501,full_cascade,scored,decoy
ZINCf50000017Ymj,1228,28.9936303096501,full_cascade,scored,decoy
ZINCf50000017Z6B,1229,28.9936303096501,full_cascade,scored,decoy
ZINCf50000017ZrY,1230,28.9936303096501,full_cascade,scored,decoy
ZINCf50000017mZx,1231,28.9936303096501,full_cascade,scored,decoy
ZINCf50000017nzV,1232,28.9936303096501,full_cascade,scored,decoy
ZINCf50000017oIr,1233,28.9936303096501,full_cascade,scored,decoy
ZINCf50000017oVc,1234,28.9936303096501,full_cascade,scored,decoy
ZINCf50000017oXK,1235,28.9936303096501,full_cascade,scored,decoy
ZINCf50000017omH,1236,28.9936303096501,full_cascade,scored,decoy
ZINCf50000017pij,1237,28.9936303096501,full_cascade,scored,decoy
ZINCf50000017uUS,1238,28.9936303096501,full_cascade,scored,decoy
ZINCf50000017vGP,1239,28.9936303096501,full_cascade,scored,decoy
ZINCf500000181p5,1240,28.9936303096501,full_cascade,scored,decoy
ZINCf500000181pp,1241,28.9936303096501,full_cascade,scored,decoy
ZINCf500000183co,1242,28.9936303096501,full_cascade,scored,decoy
ZINCf50000018457,1243,28.9936303096501,full_cascade,scored,decoy
ZINCf5000001845B,1244,28.9936303096501,full_cascade,scored,decoy
ZINCf500000187i8,1245,28.9936303096501,full_cascade,scored,decoy
ZINCf50000018crf,1246,28.9936303096501,full_cascade,scored,decoy
ZINCf5000001BK1A,1247,28.9936303096501,full_cascade,scored,decoy
ZINCf5000001CEAB,1248,28.9936303096501,full_cascade,scored,decoy
ZINCf5000001EpbE,1249,28.9936303096501,full_cascade,scored,decoy
ZINCf5000001FXaY,1250,28.9936303096501,full_cascade,scored,decoy
ZINCf5000001Fh40,1251,28.9936303096501,full_cascade,scored,decoy
ZINCf5000001GlwO,1252,28.9936303096501,full_cascade,scored,decoy
ZINCf5000001GsKN,1253,28.9936303096501,full_cascade,scored,decoy
ZINCf5000001KRqb,1254,28.9936303096501,full_cascade,scored,decoy
ZINCf5000001LNFK,1255,28.9936303096501,full_cascade,scored,decoy
ZINCf5000001MmdM,1256,28.9936303096501,full_cascade,scored,decoy
ZINCf5000001OZGu,1257,28.9936303096501,full_cascade,scored,decoy
ZINCf5000001OeYf,1258,28.9936303096501,full_cascade,scored,decoy
ZINCf5000001QntH,1259,28.9936303096501,full_cascade,scored,decoy
ZINCf5000001T1OV,1260,28.9936303096501,full_cascade,scored,decoy
ZINCf5000001THsB,1261,28.9936303096501,full_cascade,scored,decoy
ZINCf5000001U9Co,1262,28.9936303096501,full_cascade,scored,decoy
ZINCf5000001ViXq,1263,28.9936303096501,full_cascade,scored,decoy
ZINCf5000001Vzqp,1264,28.9936303096501,full_cascade,scored,decoy
ZINCf5000001WN2z,1265,28.9936303096501,full_cascade,scored,decoy
ZINCf5000001WZot,1266,28.9936303096501,full_cascade,scored,decoy
ZINCf5000001X03H,1267,28.9936303096501,full_cascade,scored,decoy
ZINCf5000001Y9Yn,1268,28.9936303096501,full_cascade,scored,decoy
ZINCf5000001pn8i,1269,28.9936303096501,full_cascade,scored,decoy
ZINCf5000001pvAi,1270,28.9936303096501,full_cascade,scored,decoy
ZINCf5000001pvyn,1271,28.9936303096501,full_cascade,scored,decoy
ZINCf5000001qPnh,1272,28.9936303096501,full_cascade,scored,decoy
ZINCf5000001qVcc,1273,28.9936303096501,full_cascade,scored,decoy
ZINCf5000001rDTc,1274,28.9936303096501,full_cascade,scored,decoy
ZINCf5000001uq27,1275,28.9936303096501,full_cascade,scored,decoy
ZINCf5000001vuZq,1276,28.9936303096501,full_cascade,scored,decoy
ZINCf5000001wzZ7,1277,28.9936303096501,full_cascade,scored,decoy
ZINCf5000001xMrY,1278,28.9936303096501,full_cascade,scored,decoy
ZINCf5000001xmVZ,1279,28.9936303096501,full_cascade,scored,decoy
ZINCf5000001yBl2,1280,28.9936303096501,full_cascade,scored,decoy
ZINCf5000001z6Om,1281,28.9936303096501,full_cascade,scored,decoy
ZINCf50000020D8a,1282,28.9936303096501,full_cascade,scored,decoy
ZINCf50000020TCg,1283,28.9936303096501,full_cascade,scored,decoy
ZINCf50000020V0A,1284,28.9936303096501,full_cascade,scored,decoy
ZINCf50000021NfE,1285,28.9936303096501,full_cascade,scored,decoy
ZINCf50000022eWr,1286,28.9936303096501,full_cascade,scored,decoy
ZINCf50000023rbj,1287,28.9936303096501,full_cascade,scored,decoy
ZINCf50000023txX,1288,28.9936303096501,full_cascade,scored,decoy
ZINCf500000240X9,1289,28.9936303096501,full_cascade,scored,decoy
ZINCf500000249r7,1290,28.9936303096501,full_cascade,scored,decoy
ZINCf50000024C21,1291,28.9936303096501,full_cascade,scored,decoy
ZINCf50000024ITY,1292,28.9936303096501,full_cascade,scored,decoy
ZINCf50000024Ip8,1293,28.9936303096501,full_cascade,scored,decoy
ZINCf50000024kCv,1294,28.9936303096501,full_cascade,scored,decoy
ZINCf50000024sD9,1295,28.9936303096501,full_cascade,scored,decoy
ZINCf50000025AQY,1296,28.9936303096501,full_cascade,scored,decoy
ZINCf50000025mDa,1297,28.9936303096501,full_cascade,scored,decoy
ZINCf50000025oiK,1298,28.9936303096501,full_cascade,scored,decoy
ZINCf50000025uSm,1299,28.9936303096501,full_cascade,scored,decoy
ZINCf50000025zh4,1300,28.9936303096501,full_cascade,scored,decoy
ZINCf500000263Mr,1301,28.9936303096501,full_cascade,scored,decoy
ZINCf500000269Mg,1302,28.9936303096501,full_cascade,scored,decoy
ZINCf50000026A32,1303,28.9936303096501,full_cascade,scored,decoy
ZINCf50000026Fil,1304,28.9936303096501,full_cascade,scored,decoy
ZINCf50000026XfH,1305,28.9936303096501,full_cascade,scored,decoy
ZINCf50000026fIa,1306,28.9936303096501,full_cascade,scored,decoy
ZINCf50000026l8j,1307,28.9936303096501,full_cascade,scored,decoy
ZINCf50000026zMv,1308,28.9936303096501,full_cascade,scored,decoy
ZINCf500000275DK,1309,28.9936303096501,full_cascade,scored,decoy
ZINCf50000027Yux,1310,28.9936303096501,full_cascade,scored,decoy
ZINCf50000027fjf,1311,28.9936303096501,full_cascade,scored,decoy
ZINCf50000027qf3,1312,28.9936303096501,full_cascade,scored,decoy
ZINCf50000028CXX,1313,28.9936303096501,full_cascade,scored,decoy
ZINCf50000028TAZ,1314,28.9936303096501,full_cascade,scored,decoy
ZINCf500000297aU,1315,28.9936303096501,full_cascade,scored,decoy
ZINCf50000029Hxq,1316,28.9936303096501,full_cascade,scored,decoy
ZINCf50000029ZxW,1317,28.9936303096501,full_cascade,scored,decoy
ZINCf50000029zy9,1318,28.9936303096501,full_cascade,scored,decoy
ZINCf5000002acJI,1319,28.9936303096501,full_cascade,scored,decoy
ZINCf5000002anJ3,1320,28.9936303096501,full_cascade,scored,decoy
ZINCf5000002arw5,1321,28.9936303096501,full_cascade,scored,decoy
ZINCf5000002dB14,1322,28.9936303096501,full_cascade,scored,decoy
ZINCf5000002dBcj,1323,28.9936303096501,full_cascade,scored,decoy
ZINCf5000002dCOq,1324,28.9936303096501,full_cascade,scored,decoy
ZINCf5000002dG1S,1325,28.9936303096501,full_cascade,scored,decoy
ZINCf5000002dJeP,1326,28.9936303096501,full_cascade,scored,decoy
ZINCf5000002dJhT,1327,28.9936303096501,full_cascade,scored,decoy
ZINCf5000002dMsl,1328,28.9936303096501,full_cascade,scored,decoy
ZINCf5000002dNA8,1329,28.9936303096501,full_cascade,scored,decoy
ZINCf5000002dOlA,1330,28.9936303096501,full_cascade,scored,decoy
ZINCf5000002dTRs,1331,28.9936303096501,full_cascade,scored,decoy
ZINCf5000002dXS3,1332,28.9936303096501,full_cascade,scored,decoy
ZINCf5000002dXUa,1333,28.9936303096501,full_cascade,scored,decoy
ZINCf5000002dYVd,1334,28.9936303096501,full_cascade,scored,decoy
ZINCf5000002dn1G,1335,28.9936303096501,full_cascade,scored,decoy
ZINCf5000002doBS,1336,28.9936303096501,full_cascade,scored,decoy
ZINCf5000002drDD,1337,28.9936303096501,full_cascade,scored,decoy
ZINCf5000002dtmt,1338,28.9936303096501,full_cascade,scored,decoy
ZINCf5000002dwrz,1339,28.9936303096501,full_cascade,scored,decoy
ZINCf5000002dzHG,1340,28.9936303096501,full_cascade,scored,decoy
ZINCf5000002dzr5,1341,28.9936303096501,full_cascade,scored,decoy
ZINCf5000002e1TA,1342,28.9936303096501,full_cascade,scored,decoy
ZINCf5000002e47W,1343,28.9936303096501,full_cascade,scored,decoy
ZINCf5000002e8DO,1344,28.9936303096501,full_cascade,scored,decoy
ZINCf5000002e8zQ,1345,28.9936303096501,full_cascade,scored,decoy
ZINCf5000002eapx,1346,28.9936303096501,full_cascade,scored,decoy
ZINCf5000002eg4T,1347,28.9936303096501,full_cascade,scored,decoy
ZINCf5000002eg50,1348,28.9936303096501,full_cascade,scored,decoy
ZINCf5000002eg5W,1349,28.9936303096501,full_cascade,scored,decoy
ZINCf5000002eoo6,1350,28.9936303096501,full_cascade,scored,decoy
ZINCf5000002eowE,1351,28.9936303096501,full_cascade,scored,decoy
ZINCf5000002mBQ8,1352,28.9936303096501,full_cascade,scored,decoy
ZINCf5000002mEhI,1353,28.9936303096501,full_cascade,scored,decoy
ZINCf5000002mHDq,1354,28.9936303096501,full_cascade,scored,decoy
ZINCf5000002myLk,1355,28.9936303096501,full_cascade,scored,decoy
ZINCf5000002oGS6,1356,28.9936303096501,full_cascade,scored,decoy
ZINCf5000002ox5J,1357,28.9936303096501,full_cascade,scored,decoy
ZINCf5000002qAPX,1358,28.9936303096501,full_cascade,scored,decoy
ZINCf5000002qIBW,1359,28.9936303096501,full_cascade,scored,decoy
ZINCf5000002qNLW,1360,28.9936303096501,full_cascade,scored,decoy
ZINCf5000002qNLm,1361,28.9936303096501,full_cascade,scored,decoy
ZINCf5000002qOGc,1362,28.9936303096501,full_cascade,scored,decoy
ZINCf5000002qOk7,1363,28.9936303096501,full_cascade,scored,decoy
ZINCf5000002qOk8,1364,28.9936303096501,full_cascade,scored,decoy
ZINCf5000002qSOK,1365,28.9936303096501,full_cascade,scored,decoy
ZINCf5000002qSav,1366,28.9936303096501,full_cascade,scored,decoy
ZINCf5000002qTmJ,1367,28.9936303096501,full_cascade,scored,decoy
ZINCf5000002qXdO,1368,28.9936303096501,full_cascade,scored,decoy
ZINCf5000002qXdP,1369,28.9936303096501,full_cascade,scored,decoy
ZINCf5000002qqc0,1370,28.9936303096501,full_cascade,scored,decoy
ZINCf5000002qsQM,1371,28.9936303096501,full_cascade,scored,decoy
ZINCf5000002qtn7,1372,28.9936303096501,full_cascade,scored,decoy
ZINCf5000002qxqY,1373,28.9936303096501,full_cascade,scored,decoy
ZINCf5000002qxsa,1374,28.9936303096501,full_cascade,scored,decoy
ZINCf5000002r2Ks,1375,28.9936303096501,full_cascade,scored,decoy
ZINCf5000002r2MZ,1376,28.9936303096501,full_cascade,scored,decoy
ZINCf5000002r7nt,1377,28.9936303096501,full_cascade,scored,decoy
ZINCf5000002rBIz,1378,28.9936303096501,full_cascade,scored,decoy
ZINCf5000002rCUc,1379,28.9936303096501,full_cascade,scored,decoy
ZINCf5000002rDBI,1380,28.9936303096501,full_cascade,scored,decoy
ZINCf5000002rFi2,1381,28.9936303096501,full_cascade,scored,decoy
ZINCf5000002rFlk,1382,28.9936303096501,full_cascade,scored,decoy
ZINCf5000002rI4Q,1383,28.9936303096501,full_cascade,scored,decoy
ZINCf5000002rJso,1384,28.9936303096501,full_cascade,scored,decoy
ZINCf5000002rKbF,1385,28.9936303096501,full_cascade,scored,decoy
ZINCf5000002rLUh,1386,28.9936303096501,full_cascade,scored,decoy
ZINCf5000002rO3P,1387,28.9936303096501,full_cascade,scored,decoy
ZINCf5000002rPA5,1388,28.9936303096501,full_cascade,scored,decoy
ZINCf5000002rPuS,1389,28.9936303096501,full_cascade,scored,decoy
ZINCf5000002rTnf,1390,28.9936303096501,full_cascade,scored,decoy
ZINCf5000002rVew,1391,28.9936303096501,full_cascade,scored,decoy
ZINCf5000002rVzz,1392,28.9936303096501,full_cascade,scored,decoy
ZINCf5000002rXvB,1393,28.9936303096501,full_cascade,scored,decoy
ZINCf5000002rXwv,1394,28.9936303096501,full_cascade,scored,decoy
ZINCf5000002raZH,1395,28.9936303096501,full_cascade,scored,decoy
ZINCf5000002reOb,1396,28.9936303096501,full_cascade,scored,decoy
ZINCf5000002rgpg,1397,28.9936303096501,full_cascade,scored,decoy
ZINCf5000002rhkf,1398,28.9936303096501,full_cascade,scored,decoy
ZINCf5000002rhkn,1399,28.9936303096501,full_cascade,scored,decoy
ZINCf5000002rhyB,1400,28.9936303096501,full_cascade,scored,decoy
ZINCf5000002rhyC,1401,28.9936303096501,full_cascade,scored,decoy
ZINCf5000002rjSJ,1402,28.9936303096501,full_cascade,scored,decoy
ZINCf5000002rkHG,1403,28.9936303096501,full_cascade,scored,decoy
ZINCf5000002rkJ3,1404,28.9936303096501,full_cascade,scored,decoy
ZINCf5000002rmzF,1405,28.9936303096501,full_cascade,scored,decoy
ZINCf5000002roK5,1406,28.9936303096501,full_cascade,scored,decoy
ZINCf5000002rr05,1407,28.9936303096501,full_cascade,scored,decoy
ZINCf5000002rseC,1408,28.9936303096501,full_cascade,scored,decoy
ZINCf5000002rvKA,1409,28.9936303096501,full_cascade,scored,decoy
ZINCf5000002rvPA,1410,28.9936303096501,full_cascade,scored,decoy
ZINCf5000002rwmF,1411,28.9936303096501,full_cascade,scored,decoy
ZINCf5000002rwmG,1412,28.9936303096501,full_cascade,scored,decoy
ZINCf5000002rwmk,1413,28.9936303096501,full_cascade,scored,decoy
ZINCf5000002rwml,1414,28.9936303096501,full_cascade,scored,decoy
ZINCf5000002rwnU,1415,28.9936303096501,full_cascade,scored,decoy
ZINCf5000002rwnY,1416,28.9936303096501,full_cascade,scored,decoy
ZINCf5000002ryfl,1417,28.9936303096501,full_cascade,scored,decoy
ZINCf5000002s1mZ,1418,28.9936303096501,full_cascade,scored,decoy
ZINCf5000002s63L,1419,28.9936303096501,full_cascade,scored,decoy
ZINCf5000002s6Vv,1420,28.9936303096501,full_cascade,scored,decoy
ZINCf5000002s8fr,1421,28.9936303096501,full_cascade,scored,decoy
ZINCf5000002sbOp,1422,28.9936303096501,full_cascade,scored,decoy
ZINCf5000002scMB,1423,28.9936303096501,full_cascade,scored,decoy
ZINCf5000002si0r,1424,28.9936303096501,full_cascade,scored,decoy
ZINCf5000002silb,1425,28.9936303096501,full_cascade,scored,decoy
ZINCf5000002sixj,1426,28.9936303096501,full_cascade,scored,decoy
ZINCf50000008M1S,1427,26.47615942743521,full_cascade,scored,decoy
ZINCf50000008Pur,1428,26.47615942743521,full_cascade,scored,decoy
ZINCf50000008YXY,1429,26.47615942743521,full_cascade,scored,decoy
ZINCf50000009DaJ,1430,26.47615942743521,full_cascade,scored,decoy
ZINCf50000009H0b,1431,26.47615942743521,full_cascade,scored,decoy
ZINCf50000009PSY,1432,26.47615942743521,full_cascade,scored,decoy
ZINCf50000009PrW,1433,26.47615942743521,full_cascade,scored,decoy
ZINCf50000009nOl,1434,26.47615942743521,full_cascade,scored,decoy
ZINCf50000009qWd,1435,26.47615942743521,full_cascade,scored,decoy
ZINCf50000009r3c,1436,26.47615942743521,full_cascade,scored,decoy
ZINCf50000009skC,1437,26.47615942743521,full_cascade,scored,decoy
ZINCf50000009sqK,1438,26.47615942743521,full_cascade,scored,decoy
ZINCf50000009tbw,1439,26.47615942743521,full_cascade,scored,decoy
ZINCf50000009vQr,1440,26.47615942743521,full_cascade,scored,decoy
ZINCf5000000Wzix,1441,26.47615942743521,full_cascade,scored,decoy
ZINCf5000000a0u4,1442,26.47615942743521,full_cascade,scored,decoy
ZINCf5000000a2dO,1443,26.47615942743521,full_cascade,scored,decoy
ZINCf5000000ag9C,1444,26.47615942743521,full_cascade,scored,decoy
ZINCf5000000aw8M,1445,26.47615942743521,full_cascade,scored,decoy
ZINCf50000017CZv,1446,26.47615942743521,full_cascade,scored,decoy
ZINCf50000017OMp,1447,26.47615942743521,full_cascade,scored,decoy
ZINCf50000017RUw,1448,26.47615942743521,full_cascade,scored,decoy
ZINCf50000017txB,1449,26.47615942743521,full_cascade,scored,decoy
ZINCf500000187Di,1450,26.47615942743521,full_cascade,scored,decoy
ZINCf50000018a3D,1451,26.47615942743521,full_cascade,scored,decoy
ZINCf5000001BGH5,1452,26.47615942743521,full_cascade,scored,decoy
ZINCf5000001G1iO,1453,26.47615942743521,full_cascade,scored,decoy
ZINCf5000001LGCv,1454,26.47615942743521,full_cascade,scored,decoy
ZINCf5000001PYNz,1455,26.47615942743521,full_cascade,scored,decoy
ZINCf5000001W6nt,1456,26.47615942743521,full_cascade,scored,decoy
ZINCf5000001WYGX,1457,26.47615942743521,full_cascade,scored,decoy
ZINCf5000001YK19,1458,26.47615942743521,full_cascade,scored,decoy
ZINCf5000001qEUw,1459,26.47615942743521,full_cascade,scored,decoy
ZINCf5000001snYt,1460,26.47615942743521,full_cascade,scored,decoy
ZINCf5000001wsD4,1461,26.47615942743521,full_cascade,scored,decoy
ZINCf50000023xoF,1462,26.47615942743521,full_cascade,scored,decoy
ZINCf500000264ro,1463,26.47615942743521,full_cascade,scored,decoy
ZINCf50000026yZO,1464,26.47615942743521,full_cascade,scored,decoy
ZINCf50000027HWE,1465,26.47615942743521,full_cascade,scored,decoy
ZINCf50000028gDz,1466,26.47615942743521,full_cascade,scored,decoy
ZINCf50000028nMV,1467,26.47615942743521,full_cascade,scored,decoy
ZINCf500000293Lb,1468,26.47615942743521,full_cascade,scored,decoy
ZINCf5000002angl,1469,26.47615942743521,full_cascade,scored,decoy
ZINCf5000002d8Qc,1470,26.47615942743521,full_cascade,scored,decoy
ZINCf5000002dEho,1471,26.47615942743521,full_cascade,scored,decoy
ZINCf5000002dIPV,1472,26.47615942743521,full_cascade,scored,decoy
ZINCf5000002dJqV,1473,26.47615942743521,full_cascade,scored,decoy
ZINCf5000002dR3L,1474,26.47615942743521,full_cascade,scored,decoy
ZINCf5000002dk8E,1475,26.47615942743521,full_cascade,scored,decoy
ZINCf5000002dmly,1476,26.47615942743521,full_cascade,scored,decoy
ZINCf5000002e22i,1477,26.47615942743521,full_cascade,scored,decoy
ZINCf5000002e3PG,1478,26.47615942743521,full_cascade,scored,decoy
ZINCf5000002e4p9,1479,26.47615942743521,full_cascade,scored,decoy
ZINCf5000002e53z,1480,26.47615942743521,full_cascade,scored,decoy
ZINCf5000002e6Rd,1481,26.47615942743521,full_cascade,scored,decoy
ZINCf5000002efRu,1482,26.47615942743521,full_cascade,scored,decoy
ZINCf5000002emQL,1483,26.47615942743521,full_cascade,scored,decoy
ZINCf5000002eojQ,1484,26.47615942743521,full_cascade,scored,decoy
ZINCf5000002mzuw,1485,26.47615942743521,full_cascade,scored,decoy
ZINCf5000002qMrg,1486,26.47615942743521,full_cascade,scored,decoy
ZINCf5000002qy1u,1487,26.47615942743521,full_cascade,scored,decoy
ZINCf5000002rE6b,1488,26.47615942743521,full_cascade,scored,decoy
ZINCf5000002rSv3,1489,26.47615942743521,full_cascade,scored,decoy
ZINCf5000002rWLl,1490,26.47615942743521,full_cascade,scored,decoy
ZINCf5000002reVR,1491,26.47615942743521,full_cascade,scored,decoy
ZINCf5000002rgTV,1492,26.47615942743521,full_cascade,scored,decoy
ZINCf5000002rhiG,1493,26.47615942743521,full_cascade,scored,decoy
ZINCf5000002riGh,1494,26.47615942743521,full_cascade,scored,decoy
ZINCf5000002royw,1495,26.47615942743521,full_cascade,scored,decoy
ZINCf5000002rpRG,1496,26.47615942743521,full_cascade,scored,decoy
ZINCf5000002rpRe,1497,26.47615942743521,full_cascade,scored,decoy
ZINCf5000002rqZh,1498,26.47615942743521,full_cascade,scored,decoy
ZINCf5000002rqfo,1499,26.47615942743521,full_cascade,scored,decoy
ZINCf5000002rw9J,1500,26.47615942743521,full_cascade,scored,decoy
ZINCf5000002rwuD,1501,26.47615942743521,full_cascade,scored,decoy
ZINCf5000002rwuJ,1502,26.47615942743521,full_cascade,scored,decoy
ZINCf5000002rwuK,1503,26.47615942743521,full_cascade,scored,decoy
ZINCf5000002s1zf,1504,26.47615942743521,full_cascade,scored,decoy
ZINCf5000002s51i,1505,26.47615942743521,full_cascade,scored,decoy
ZINCf5000002s8Bh,1506,26.47615942743521,full_cascade,scored,decoy
ZINCf5000002s8CW,1507,26.47615942743521,full_cascade,scored,decoy
ZINCf5000002seQW,1508,26.47615942743521,full_cascade,scored,decoy
ZINCf5000002segg,1509,26.47615942743521,full_cascade,scored,decoy
ZINCf5000002sezk,1510,26.47615942743521,full_cascade,scored,decoy
ZINCf50000008Adv,1511,26.336981471584913,full_cascade,scored,decoy
ZINCf50000009qZi,1512,26.336981471584913,full_cascade,scored,decoy
ZINCf50000009ydq,1513,26.336981471584913,full_cascade,scored,decoy
ZINCf50000009zuV,1514,26.336981471584913,full_cascade,scored,decoy
ZINCf50000009zw4,1515,26.336981471584913,full_cascade,scored,decoy
ZINCf5000000VYSf,1516,26.336981471584913,full_cascade,scored,decoy
ZINCf50000017CmY,1517,26.336981471584913,full_cascade,scored,decoy
ZINCf50000017TsV,1518,26.336981471584913,full_cascade,scored,decoy
ZINCf50000017uFP,1519,26.336981471584913,full_cascade,scored,decoy
ZINCf5000001yLC9,1520,26.336981471584913,full_cascade,scored,decoy
ZINCf5000001zaPP,1521,26.336981471584913,full_cascade,scored,decoy
ZINCf50000020yM3,1522,26.336981471584913,full_cascade,scored,decoy
ZINCf50000024mgd,1523,26.336981471584913,full_cascade,scored,decoy
ZINCf50000025x31,1524,26.336981471584913,full_cascade,scored,decoy
ZINCf5000002d9mj,1525,26.336981471584913,full_cascade,scored,decoy
ZINCf5000002dXDp,1526,26.336981471584913,full_cascade,scored,decoy
ZINCf5000002dXDq,1527,26.336981471584913,full_cascade,scored,decoy
ZINCf5000002e0Jb,1528,26.336981471584913,full_cascade,scored,decoy
ZINCf5000002e1ZE,1529,26.336981471584913,full_cascade,scored,decoy
ZINCf5000002e91S,1530,26.336981471584913,full_cascade,scored,decoy
ZINCf5000002mBx2,1531,26.336981471584913,full_cascade,scored,decoy
ZINCf5000002rEwy,1532,26.336981471584913,full_cascade,scored,decoy
ZINCf5000002rJLl,1533,26.336981471584913,full_cascade,scored,decoy
ZINCf5000002s1AO,1534,26.336981471584913,full_cascade,scored,decoy
ZINCf5000002s1zN,1535,26.336981471584913,full_cascade,scored,decoy
ZINCf50000017ELm,1536,15.90275216146543,full_cascade,scored,decoy
ZINCf5000000WBCu,1537,,full_cascade,native_failed,decoy
ZINCf5000002dQCW,1538,,full_cascade,hotspot_filtered,decoy
ZINCf50000008N2u,1539,,full_cascade,candidate,decoy
ZINCf5000002aJeF,1540,,full_cascade,candidate,decoy
