final_rank,final_rank_mode,zinc_id,smiles,stage3_screen_rank,native_candidate_pool_rank,native_selection_rank,pool_source_stage3_rank,pool_source_hotspot_breadth,pool_source_native_support,screen_coverage_pct,anchor_weighted_pct,geometry_penalty_factor,screen_weighted_coverage_pct,features_matched,mw,logp,hbd,hba,rotatable_bonds,lipinski,chemistry_flagged,pains_alert,reactive_flags,hotspot_weighted_pct,hotspot_bits_matched,hotspot_exact_matches,hotspot_compatible_matches,hotspot_exact_residue_count,hotspot_group_count,hotspot_required_groups_pass,native_supported_hotspot_bits_matched,native_supported_hotspot_exact_matches,native_supported_hotspot_exact_residue_count,native_supported_hotspot_weighted_pct,pair_hash_overlap_pct,pair_hash_recall_pct,pair_hash_precision_pct,cascade_score_pct,shortlist_rank,rerank_conformers,best_conformer_id,fit_rmsd_angstrom,mean_pair_distance_error_angstrom,reference_feature_span_angstrom,ligand_feature_span_angstrom,rerank_query_feature_count,native_weighted_coverage_pct,native_matched_reference_features,native_fit_rmsd_angstrom,native_mean_pair_distance_error_angstrom,native_microstate_id,native_matched_reference_residues,native_conformer_id,native_conformer_energy
1,native_first,ZINCk700000Gfz1H,C[C@H](O)CC(=O)NCCCOCCNC(=O)C=C1CC1,6945,6568,3813,1,0,1,14.285714285714286,13.782525261262656,0.9277757690554288,12.787092973793834,4,284.35600000000005,0.11660000000000031,3,4,10,1,,,,29.821298404476316,11,6,5,6,4,1,,,,,21.345804612503574,13.829459447521003,46.75995492111193,24.736002129292668,31127,16,15,0.5350396719368817,0.6066372833031569,11.791641997618479,11.529372509782702,28,29.970825929635016,6.0,2.0018826863911485,1.6870182671462322,ZINCk700000Gfz1H_m01_t03,SER17;ASP15;SER14;GLU21;SER18;ALA24,0.0,-7.170868510654295
2,native_first,ZINCk700001bQgxo,O=C(C[C@@H](O)CC1CC1)NCCN=c1[nH]nc(CO)s1,9852,1779,1227,1,0,1,14.285714285714286,15.18474175275134,0.8234619276297324,12.5040567142803,4,300.38399999999996,-0.4685,4,6,8,1,,,,37.49136825579339,13,8,5,8,4,1,,,,,20.84705645757445,14.116730126016556,39.84242916074934,27.504781176862025,6370,16,15,0.8067820137622352,0.9060895948589668,11.611623357653302,10.17783380172518,28,29.970825929635016,6.0,2.3626993847852793,1.9278446096436108,ZINCk700001bQgxo_m01_t02,SER17;ASP15;SER14;GLU21;SER18;ALA24,1.0,16.693962560654008
3,native_first,ZINCk500000BlHKL,CC12CC(C(=O)O)(C1)[C@@H](C(=O)NOCCOCCO)O2,9903,2197,1566,1,0,1,17.857142857142858,16.545773402920933,0.7554775725637091,12.499960726627886,5,289.284,-0.9345999999999988,3,6,8,1,,,,36.42730860010284,13,7,6,7,4,1,,,,,16.832404312742316,11.640823653858693,30.382333310708386,24.670366027686523,32206,16,6,1.5305348658631452,0.9881615207681202,11.791641997618479,12.356924936423185,28,29.52958188795573,6.0,2.836680816338358,1.948853043755706,ZINCk500000BlHKL_m02_t01,SER17;ASP15;SER14;GLU21;SER18;VAL16,2.0,78.30736505781096
4,native_first,ZINCj600000JWMq0,Nc1cccc(C(=O)NCc2nc(C(=O)O)n[nH]2)c1,1496,1619,1129,1,0,1,17.857142857142858,19.267729830797304,0.7188643790397502,13.850884640321775,5,261.241,0.01509999999999967,4,5,4,1,,,,38.072664739456826,12,7,5,7,4,1,,,,,18.762742039525122,12.783411795105401,35.25117330088649,26.48671111949781,11919,16,11,1.569184371243937,1.1843809230759157,11.611623357653302,10.962449013573105,28,29.148279140792802,6.0,2.124741256361643,1.991120915189558,ZINCj600000JWMq0_m02_t04,SER17;ASP15;SER14;THR13;SER18;VAL16,0.0,115.07491283096586
5,native_first,ZINCk500000gdMQW,COCCC1(CNC(=O)NCc2nc(CO)n[nH]2)CC1,7788,3494,2179,1,0,1,17.857142857142858,16.545773402920933,0.7677465869408714,12.702961058389594,5,283.3320000000001,-0.08710000000000018,4,5,8,1,,,,34.351665344695306,12,7,5,7,4,1,,,,,22.488371738369075,15.17225506603735,43.43091922970351,27.233689180899567,7557,16,15,1.454633090204843,0.9043166463741805,11.791641997618479,10.81198404696296,28,29.148279140792802,6.0,2.361775606596018,1.5779003588869556,ZINCk500000gdMQW_m01_t04,SER17;ASP15;SER14;THR13;SER18;VAL16,3.0,-42.7176147389232
6,native_first,ZINCk600000EmAGZ,NC(=O)CNC(=O)c1cncc(-c2cccc(O)c2)n1,147,7739,4721,1,0,1,17.857142857142858,19.267729830797304,0.777527436974282,14.981188591652742,5,272.26399999999995,0.06429999999999969,3,5,4,1,,,,36.06504208130489,11,6,5,6,3,1,,,,,17.53442526066505,11.346012001190743,38.573337982333804,24.946671988920986,27984,16,7,1.4981206924861301,0.9031160756459962,11.611623357653302,11.554394969070453,28,29.148279140792802,6.0,2.502571537527056,1.944494402796895,ZINCk600000EmAGZ_m01_t03,SER17;ASP15;SER14;THR13;SER18;VAL16,3.0,87.52591166734399
7,native_first,ZINCk5000003XjkE,CCOCCONC(=O)C(=O)NCC1(C)CCNCC1,8537,5168,3155,1,0,1,14.285714285714286,15.172864960831822,0.8320675348979706,12.624848345299126,4,287.36,-0.4233999999999991,3,5,7,1,,,,33.81239250864757,12,7,5,7,4,1,,,,,18.139851962600854,12.145335438103373,35.818740557615705,24.40886818101954,36638,16,1,0.914794520483957,0.8553743704359783,14.297608960941682,13.143197975677298,28,29.148279140792802,6.0,2.614015954996638,2.277733469034807,ZINCk5000003XjkE_m02_t04,SER17;ASP15;SER14;THR13;SER18;VAL16,2.0,104.19388117484002
8,native_first,ZINCk800000gvPBH,O=C(NOCCOCCO)c1cnc(O)c2ccsc12,8316,6978,4065,1,0,1,14.285714285714286,16.628609428741346,0.7605512921283164,12.646910387326336,4,298.32000000000005,0.6721999999999999,3,7,7,1,,,,38.92405593253,12,7,5,7,3,1,,,,,22.39927197059852,14.980897763831969,44.37159115521689,29.009185555371108,2336,16,15,1.217108938235399,1.1904031295719915,9.711946045978637,9.178676492013475,28,29.148279140792802,6.0,2.7032065974087622,2.1726440300589127,ZINCk800000gvPBH_m01_t02,SER17;ASP15;SER14;THR13;SER18;VAL16,3.0,68.33313703275024
9,native_first,ZINCk600000Ja5bY,O=C(O)c1ccc(=NC[C@H](O)c2cccc(O)n2)[nH]n1,10895,467,407,1,1,1,14.285714285714286,16.628609428741346,0.7470398226012328,12.422233437752121,4,276.252,-0.15720000000000006,4,6,4,1,,,,39.20474499240297,12,7,5,7,4,1,,,,,21.170301856667717,14.584516499164407,38.60094948218765,28.384079110961824,3585,16,11,1.3184212218107625,1.1447161396318561,9.711946045978637,8.759771939193987,28,29.148279140792802,6.0,2.7749460492638924,2.0566740074796837,ZINCk600000Ja5bY_m01_t06,SER17;ASP15;SER14;THR13;SER18;VAL16,3.0,45.64778899814431
10,native_first,ZINCk600000y8tEo,CN(O)C(=O)CCCC(=O)NCc1[nH]nc2c1COC2,8635,764,610,1,1,1,14.285714285714286,16.628609428741346,0.7585910039188124,12.614313520322726,4,282.30000000000007,0.0739999999999999,3,5,6,1,,,,38.34275944886656,13,8,5,8,4,1,,,,,22.53851129208043,15.82231520077429,39.161735700197234,28.86021055479488,2589,16,12,1.2684448368327452,1.1543988233903464,9.711946045978637,9.067329646446861,28,29.148279140792802,6.0,3.040668937019108,1.9477088410837058,ZINCk600000y8tEo_m01_t01,SER17;ASP15;SER14;THR13;SER18;VAL16,2.0,4.002512873879997
11,native_first,ZINCk50000045enc,Cc1noc(CCCC(=O)Nc2n[nH]c(CCN)n2)n1,1000,1917,1291,1,0,1,14.285714285714286,16.628609428741346,0.848595903176588,14.110969836753489,4,279.304,-0.04127999999999965,3,7,7,1,,,,36.92824579056311,12,7,5,7,4,1,,,,,24.05576022375121,15.730998593073767,51.094926094926095,29.204754450475967,2003,16,15,0.9821304649069523,0.8426260005391857,9.711946045978637,9.90038221069774,28,29.148279140792802,6.0,3.069109231569827,1.9489160049399428,ZINCk50000045enc_m02_t01,SER17;ASP15;SER14;THR13;SER18;VAL16,2.0,-98.28568016731688
12,native_first,ZINCk5000009Gkrk,O=C(CSC1CC1)NC[C@@H](O)CN=c1[nH]nc(CO)s1,5056,3019,1914,1,0,1,14.285714285714286,16.024722079133863,0.812449880299232,13.019283535020767,4,318.42400000000004,-0.7630999999999994,4,7,8,1,,,,35.53084632385342,12,7,5,7,4,1,,,,,17.494437278281055,11.59479766723323,35.617002819345046,24.70900089651,31555,16,4,0.9236684983014689,0.9059695791991996,9.413178262414874,7.992725647145898,28,29.148279140792802,6.0,3.105323960596802,1.6317371950213961,ZINCk5000009Gkrk_m01_t05,SER17;ASP15;SER14;THR13;SER18;VAL16,2.0,46.3807113788994
13,native_first,ZINCk500000448Ne,C[C@H]1CCc2n[nH]cc2[C@H]1C(=O)NCC(=O)NCCO,4794,1820,1244,1,0,1,14.285714285714286,16.024722079133863,0.8146422877151832,13.054416254545616,4,280.32800000000003,-0.6996999999999987,4,4,5,1,,,,37.49136825579339,13,8,5,8,4,1,,,,,19.11223843086981,13.294003800092838,33.98689346523994,26.463890360839237,12053,16,6,0.869444841653889,0.8641427995703298,9.413178262414874,7.773489003015372,28,29.148279140792802,6.0,3.1307760127174262,1.8091827488449552,ZINCk500000448Ne_m01_t01,SER17;ASP15;SER14;THR13;SER18;VAL16,1.0,-12.528907626434902
14,native_first,ZINCk5000009FEHo,Cc1cnc[nH]c1=NC[C@H](O)CNC(=O)c1cnsn1,1651,6955,4042,1,0,1,14.285714285714286,16.628609428741346,0.8293207097859725,13.790450174197487,4,294.34000000000003,-0.7387800000000009,3,7,5,1,,,,38.92405593253,12,7,5,7,3,1,,,,,23.2902046022739,15.52661901140143,46.582065794128056,29.543745134376344,1512,16,4,1.3064819398140917,0.712853208768721,9.711946045978637,9.514613613840995,28,29.148279140792802,6.0,3.297398464432191,1.8777295415923412,ZINCk5000009FEHo_m01_t06,SER17;ASP15;SER14;THR13;SER18;VAL16,0.0,-6.112170498089095
15,native_first,ZINCk7000004fIr3,COc1ccc(CC(=O)NCc2nc(CO)n[nH]2)cc1,4893,1916,1290,1,0,1,14.285714285714286,16.628609428741346,0.7843128992351219,13.04203287130461,4,276.296,0.16449999999999976,3,5,6,1,,,,36.92824579056311,12,7,5,7,4,1,,,,,24.060595978887108,15.842271128837734,49.997005629416705,29.207655903557505,1998,16,10,1.2664924145131837,1.0322873487916673,9.711946045978637,9.963313479642299,28,29.148279140792802,6.0,3.3803109833966807,1.8884010059188616,ZINCk7000004fIr3_m01_t07,SER17;ASP15;SER14;THR13;SER18;VAL16,1.0,57.72934309389321
16,native_first,ZINCj700000JVICU,C[C@@H](NC(=O)NCc1ncc(CO)[nH]1)c1cc[nH]n1,15862,1316,958,0,1,1,14.285714285714286,16.628609428741346,0.7264559449743991,12.079952176166497,4,264.28900000000004,0.18549999999999972,5,4,5,1,,,,40.0679487016612,13,8,5,8,4,1,,,,,20.81520187848268,14.437034318271127,37.289335198507864,28.516300607754086,3273,16,7,1.6456653897774742,1.1084571590666246,9.711946045978637,9.402370866691781,28,29.148279140792802,6.0,3.6544220113847214,1.8053541239413604,ZINCj700000JVICU_m01_t06,SER17;ASP15;SER14;THR13;SER18;VAL16,0.0,-94.35722844211251
17,native_first,ZINCk6000018TA29,O=C(COc1cc(C(=O)O)on1)NCC[C@H]1C[C@H](O)C1,4531,611,522,1,1,1,17.857142857142858,19.267729830797304,0.6794470465422393,13.091402127109028,5,284.26800000000003,0.028799999999999326,3,6,7,1,,,,38.34275944886656,13,8,5,8,4,1,,,,,25.580592882666238,17.70560635886872,46.072365283738684,30.685459509146362,591,16,2,1.5243476674578962,1.4890551859637966,11.611623357653302,12.112809506043602,28,29.148279140792802,6.0,3.6952993187769025,1.804023471847117,ZINCk6000018TA29_m02_t02,SER17;ASP15;SER14;THR13;SER18;VAL16,3.0,-8.461514040708776
18,native_first,ZINCj700000Emmu8,C[C@@H](CCO)NC(=O)[C@H]1C[C@H]1C(=O)Nc1cnoc1,7450,6266,3676,1,0,1,14.285714285714286,16.628609428741346,0.7659021938981916,12.73588844294915,4,267.28499999999997,0.13629999999999992,3,5,6,1,,,,32.391143412755326,11,6,5,6,4,1,,,,,18.132853382702383,11.47592603866034,43.18143611911624,23.836169394723562,48110,16,13,1.3294350560544879,1.105667441971286,9.711946045978637,9.772756662833183,28,29.148279140792802,6.0,3.8087693260034245,2.117675469619041,ZINCj700000Emmu8_m01_t07,SER17;ASP15;SER14;THR13;SER18;VAL16,3.0,-15.807321332593153
19,native_first,ZINCk800000JUyax,O=S(=O)(CCO)CCCNc1cncc(NC2CC2)n1,5629,5863,3452,1,0,1,14.285714285714286,16.024722079133863,0.8077777968543197,12.944414696285525,4,300.38400000000007,0.2599999999999992,3,7,9,1,,,,32.391143412755326,11,6,5,6,4,1,,,,,19.265356973598482,12.078544603656441,47.569544364508396,24.515671549261224,34754,16,12,1.0951591046450448,1.0069271793824013,9.413178262414874,9.098554043690605,28,29.085720309494693,6.0,3.3154257236783478,1.6208991898002418,ZINCk800000JUyax_m01_t03,SER17;ASP15;SER14;GLU21;SER18;LEU20,0.0,10.133133782052173
20,native_first,ZINCk700000JU4AJ,Nc1cc(C(=O)NCc2ncc(CO)[nH]2)sc1C(=O)O,12480,1195,873,0,1,1,17.857142857142858,21.697772545463838,0.567058420892559,12.303904636516643,5,296.30800000000005,0.17389999999999933,5,6,5,1,,,,43.13852825622868,14,9,5,9,4,1,,,,,21.58961661207231,15.009031578583398,38.445902903507005,30.20918126973486,900,16,1,1.7321383834560615,1.6451719256767976,15.443445405737666,12.843375811970937,28,28.38605183437514,6.0,2.523180002807063,1.6939452591706248,ZINCk700000JU4AJ_m01_t06,ASP15;SER14;GLU9;HIS7;HIS7;THR11,3.0,25.272247782223975
21,native_first,ZINCk8000018TF12,O=C(OC[C@@H](O)COCCO)c1cnc(NC2CC2)s1,3187,5626,3332,1,0,1,14.285714285714286,15.172864960831822,0.8795382175625271,13.345114602966945,4,302.35200000000003,0.2439999999999996,3,8,9,1,,,,32.391143412755326,11,6,5,6,4,1,,,,,20.424273208879224,12.910498773684528,48.86066763425253,25.21102129042967,24423,16,7,1.123862800421138,0.5126199924933003,14.297608960941682,14.353597364785392,28,28.300512876404913,6.0,1.7803245899688034,1.7634978307480889,ZINCk8000018TF12_m01_t02,SER17;ASP15;SER14;SER18;ALA8;THR11,2.0,58.78483331003455
22,native_first,ZINCj500000d6Zss,Cc1cc(CC(=O)NCCc2nnc(CO)s2)n[nH]1,4430,1928,1302,1,0,1,14.285714285714286,16.628609428741346,0.7881568181161276,13.105951897052616,4,281.34099999999995,-0.03668000000000038,3,6,6,1,,,,36.92824579056311,12,7,5,7,4,1,,,,,22.8761986229903,14.92458442003872,48.96303109423214,28.497017490019427,3313,16,13,0.9856931438843902,1.159946799179387,9.711946045978637,9.038116137587817,28,28.300512876404913,6.0,2.3668718429924085,2.007013743783605,ZINCj500000d6Zss_m01_t05,SER17;ASP15;SER14;SER18;ALA8;THR11,2.0,31.097388991303582
23,native_first,ZINCk50000047vBx,O=C(NCCOCC1CC1)c1cnn(C[C@H](O)CO)c1,3444,5782,3409,1,0,1,14.285714285714286,16.024722079133863,0.8292716899172469,13.288848359017557,4,283.328,-0.6073000000000004,3,6,9,1,,,,32.391143412755326,11,6,5,6,4,1,,,,,19.575181282282507,12.258626455392132,48.55551541425822,24.701566134471637,31672,16,8,0.9607737793579911,0.977048063351006,9.413178262414874,9.484386484675426,28,28.300512876404913,6.0,2.7743292710005916,1.7241991809258659,ZINCk50000047vBx_m01_t01,SER17;ASP15;SER14;SER18;ALA8;THR11,1.0,41.230293093815526
24,native_first,ZINCk6000004bZz4,CCOCCOC[C@@H](O)CNC(=O)N=c1cccn[nH]1,5469,2381,1657,1,0,1,17.857142857142858,16.545773402920933,0.7835231077489377,12.963995796766326,5,284.316,-0.5659999999999983,3,5,8,1,,,,36.38223751692659,12,7,5,7,4,1,,,,,21.20935897001392,13.97800298185487,43.942492204365564,27.278510388778987,7335,16,10,1.2436734719780418,0.9935487896477877,11.791641997618479,10.971383715602434,28,28.300512876404913,6.0,2.9197537171511776,1.551144605631618,ZINCk6000004bZz4_m01_t04,SER17;ASP15;SER14;SER18;ALA8;THR11,1.0,-16.43282239975801
25,native_first,ZINCk50000042V1P,C[C@@H](NC(N)=O)C(=O)NCc1nc([C@H]2CCCO2)n[nH]1,6637,811,627,1,1,1,14.285714285714286,16.024722079133863,0.8002261426294229,12.823401536093836,4,282.3039999999999,-0.6708000000000001,4,5,5,1,,,,38.34275944886656,13,8,5,8,4,1,,,,,21.920843372036426,14.970535651130657,40.91738664523475,28.489609802768477,3328,16,14,1.2360966594757123,0.9362120641148204,9.413178262414874,8.903887701975831,28,27.84024032501528,6.0,3.646238561088298,1.8237470377453435,ZINCk50000042V1P_m01_t06,SER14;GLU9;THR13;HIS7;HIS7;ALA8,3.0,-98.51525593066982
26,native_first,ZINCk700000PBZyr,O=C(CCCCCNC(=O)c1cnn[nH]1)NOCCF,12863,1418,1017,0,1,1,14.285714285714286,16.628609428741346,0.738254458462789,12.27614504880467,4,287.2950000000001,0.11219999999999969,3,5,10,1,,,,38.34275944886656,13,8,5,8,4,1,,,,,24.611717020716306,17.13623728712656,43.656226809687666,30.104133991976408,980,16,13,1.278108527295028,1.3101993988610212,9.711946045978637,9.836423600045661,28,27.811697560449762,6.0,2.1232790514528603,1.5867417345440942,ZINCk700000PBZyr_m01_t08,SER17;SER14;SER18;HIS7;HIS7;THR11,2.0,-30.80718949112467
27,native_first,ZINCk50000048aEZ,O=C1CC[C@H](n2cc(NC(=O)NCCCO)cn2)CN1,3694,5602,3322,1,0,1,17.857142857142858,19.255853038877785,0.6874894969327987,13.238196718709991,5,281.316,-0.16189999999999966,4,5,5,1,,,,32.391143412755326,11,6,5,6,4,1,,,,,20.606528548701426,13.076407022776259,48.58375119388731,25.32037449432299,22951,16,2,1.4802708846718888,1.2982674436435429,14.297608960941682,12.818354281859714,28,27.417545357981655,6.0,1.676974794329652,1.5440622371881831,ZINCk50000048aEZ_m01_t08,ASP15;SER14;GLU9;SER18;ALA8;THR11,1.0,-130.85345040316147
28,native_first,ZINCk5000009C4f6,CC[C@@H](CNC(=O)[C@@H]1CC(=O)N1)NC(=O)CCCCO,458,5408,3248,1,0,1,14.285714285714286,15.583483114146915,0.9320510372852027,14.524601601057073,4,285.344,-0.951499999999998,4,4,9,1,,,,32.9610013155744,12,7,5,7,4,1,,,,,20.146655206596588,13.791463495251636,37.36440354890137,25.272393650187713,23577,16,0,0.6070217487726194,0.53855049833153,13.92267653865448,13.755985367553098,28,27.417545357981655,6.0,1.724381452377228,1.5893707164721638,ZINCk5000009C4f6_m01_t06,ASP15;SER14;GLU9;SER18;ALA8;THR11,1.0,-51.68099687770264
29,native_first,ZINCk5000009AEOo,CC(=O)NCCCOCCNC(=O)c1cnnc(O)c1,5703,2246,1598,1,0,1,14.285714285714286,16.628609428741346,0.7779448498280453,12.936141064891405,4,282.3,-0.5451999999999999,3,6,8,1,,,,36.38223751692659,12,7,5,7,4,1,,,,,23.778860704939508,15.905060761822543,47.09151313802476,28.820211429734343,2665,16,11,1.0933904625922342,1.183363117313929,9.711946045978637,9.355544197514279,28,27.417545357981655,6.0,1.9320553251662174,1.5242325173259827,ZINCk5000009AEOo_m01_t02,ASP15;SER14;GLU9;SER18;ALA8;THR11,0.0,-41.533982525567495
30,native_first,ZINCk800001bPJL3,COCCOCC(=O)NCc1csc(=NCCCO)[nH]1,12556,1403,1014,0,1,1,14.285714285714286,14.609184867389905,0.8418023986622154,12.298046863868562,4,303.384,-0.3614999999999992,3,6,10,1,,,,38.34275944886656,13,8,5,8,4,1,,,,,25.935542280892847,17.735475465098162,48.23906250000001,30.89842914808233,478,16,2,0.9475110342691431,0.8552724480867436,9.433491135311455,8.70478398008671,28,27.417545357981655,6.0,1.970670355234618,1.931219198903434,ZINCk800001bPJL3_m01_t01,ASP15;SER14;GLU9;SER18;ALA8;THR11,3.0,-13.706938075274373
31,native_first,ZINCk6000009JKNr,O=C(C=CCO)NC[C@@H]1CO[C@@H](CN=c2[nH]ncs2)C1,6565,2235,1592,1,0,1,14.285714285714286,16.628609428741346,0.7715511231894072,12.829822281823352,4,298.36800000000005,-0.5582999999999996,3,6,6,1,,,,36.38223751692659,12,7,5,7,4,1,,,,,24.100874463948227,16.122686532883723,47.70960904380594,29.013419685139574,2326,16,1,1.5490316926355836,0.9010916336662929,9.711946045978637,9.703329753749763,28,27.417545357981655,6.0,2.040039445498615,1.8088772646503932,ZINCk6000009JKNr_m01_t02,ASP15;SER14;GLU9;SER18;ALA8;THR11,3.0,-27.374492834008496
32,native_first,ZINCk50000047Tg1,O=C(O)CC[C@@H]1C[C@@H](C(=O)N[C@H]2CCC(=O)NC2)CO1,11263,5161,3152,1,0,1,14.285714285714286,15.18474175275134,0.8160522270212885,12.391542324075875,4,284.312,-0.3488999999999991,3,4,5,1,,,,33.81239250864757,12,7,5,7,4,1,,,,,18.723025271543253,12.586820712867134,36.53346543372963,24.75877216638498,30800,16,7,1.096302910370705,0.8841707209151055,11.611623357653302,10.716234349997809,28,27.417545357981655,6.0,2.11936185854472,1.9639573883663928,ZINCk50000047Tg1_m01_t06,ASP15;SER14;GLU9;SER18;ALA8;THR11,2.0,-77.4125402028258
33,native_first,ZINCj500000c9Zrw,O=C(NCCCCO)c1ccc(-c2nn[nH]n2)nc1,2957,7882,4852,1,0,1,14.285714285714286,18.454764793800397,0.7257119989964439,13.392844249518081,4,262.273,-0.2360000000000006,3,6,6,1,,,,34.932961828358735,11,6,5,6,3,1,,,,,23.758081445334174,15.159314330750428,54.897284122562674,28.228033598544002,3952,16,4,1.3316662314582244,1.2764406288574601,15.443445405737666,14.536552181708961,28,27.417545357981655,6.0,2.1464787806742853,1.7346595489972663,ZINCj500000c9Zrw_m01_t08,ASP15;SER14;GLU9;SER18;ALA8;THR11,0.0,8.331325367172347
34,native_first,ZINCk800000EmApX,NC(=O)CCNC(=O)c1cc(-c2ccc(CO)s2)[nH]n1,107,1149,842,1,1,1,17.857142857142858,19.267729830797304,0.7829686075333919,15.086027595948963,5,294.33599999999996,0.23569999999999974,4,5,6,1,,,,38.072664739456826,12,7,5,7,4,1,,,,,19.978778054812178,13.44947072449745,38.829139610389625,27.21633272867004,7655,16,8,1.2945136449469592,1.002699657324131,11.611623357653302,12.098217928140821,28,27.417545357981655,6.0,2.210328943484509,1.7853679452732127,ZINCk800000EmApX_m01_t06,ASP15;SER14;GLU9;SER18;ALA8;THR11,0.0,-65.28659965437866
35,native_first,ZINCk500000dpUoE,N=c1ccn(CCC(=O)NCc2nnc(CCO)s2)[nH]1,1937,7978,4941,1,0,1,14.285714285714286,16.628609428741346,0.8233400621994947,13.691000321351003,4,296.35599999999994,-0.6115300000000001,4,7,7,1,,,,34.932961828358735,11,6,5,6,3,1,,,,,19.887480177691298,12.685586383547273,46.006289308176086,25.90567283795827,16563,16,6,0.9524685218732782,0.8403285075347267,9.711946045978637,8.375743331027772,28,27.417545357981655,6.0,2.2577492175386866,1.5812279817218022,ZINCk500000dpUoE_m01_t01,ASP15;SER14;GLU9;SER18;ALA8;THR11,2.0,-13.382145557970496
36,native_first,ZINCk7000004gU4E,O=C(O)CCNC(=O)CCCN=c1[nH]cc(C(=O)O)o1,12706,1332,972,0,1,1,17.857142857142858,19.267729830797304,0.6377410059549685,12.287821404761228,5,285.256,-0.42229999999999884,4,5,8,1,,,,39.52194042802467,13,8,5,8,4,1,,,,,28.075583728319458,19.90711509781776,47.61229314420806,32.65412640820154,95,16,8,1.634032442372558,1.6851719342374842,11.611623357653302,12.20579493584019,28,27.417545357981655,6.0,2.2717280942587297,1.5137862162936708,ZINCk7000004gU4E_m01_t04,ASP15;SER14;GLU9;SER18;ALA8;THR11,3.0,-143.12839782621583
37,native_first,ZINCk800000AJdPu,O=C(NCCc1nnc(C(=O)O)s1)c1ccc(CO)o1,7886,231,193,1,1,1,14.285714285714286,18.454764793800397,0.6877244340851314,12.691792673990584,4,297.2920000000001,0.2941000000000001,3,7,6,1,,,,40.91933989473438,13,8,5,8,4,1,,,,,26.63774186606609,18.421331407345203,48.08490661794561,32.3503810775334,124,16,9,1.223556721367765,1.5146534544905792,15.443445405737666,14.13090922346834,28,27.417545357981655,6.0,2.5989213947379284,1.7368202562240467,ZINCk800000AJdPu_m01_t01,ASP15;SER14;GLU9;SER18;ALA8;THR11,0.0,10.865926042819474
38,native_first,ZINCk800000EmDOt,O=C(N=c1cco[nH]1)[C@H]1C[C@@H](NC(=O)[C@H]2C[C@@H](O)C2)C1,1750,5685,3360,1,0,1,14.285714285714286,16.628609428741346,0.8274103761338454,13.758683982017684,4,279.29600000000005,-0.29930000000000034,3,4,3,1,,,,32.391143412755326,11,6,5,6,4,1,,,,,20.062826098219784,12.808463227650577,46.26743375174339,24.994153024034006,27356,16,14,1.2272789297098556,0.7735799542340573,9.711946045978637,10.168514705339371,28,27.417545357981655,6.0,2.7207391045219818,1.8224232034894956,ZINCk800000EmDOt_m01_t04,ASP15;SER14;GLU9;SER18;ALA8;THR11,0.0,-54.68617693535042
39,native_first,ZINCk800000PBPxy,[N-]=[N+]=NC[C@H](F)CCNC(=O)NCCc1nnc(O)o1,1794,3128,1974,1,0,1,14.285714285714286,16.628609428741346,0.826349094540716,13.741036344911624,4,287.255,0.6553999999999998,3,6,8,1,,,,34.979480070441035,11,7,4,7,4,1,,,,,21.14787317169736,13.099244763157818,54.84898227183193,26.680515931194833,10657,16,11,0.9730671183059525,0.9426783166000341,9.711946045978637,10.372371314357812,28,27.40073237428453,6.0,2.3377490147893196,1.8729663661809337,ZINCk800000PBPxy_m01_t04,ASP15;SER14;GLU9;HIS7;ALA8;THR11,1.0,-115.36466491119191
40,native_first,ZINCk500000dpZgI,NCCOCCNC(=O)c1csc([C@H]2CNCCO2)n1,7619,651,549,1,1,1,14.285714285714286,16.640486220660865,0.7643799593437374,12.719654180808774,4,300.38400000000007,-0.49089999999999834,3,7,7,1,,,,38.34275944886656,13,8,5,8,4,1,,,,,24.30248026184456,16.563506394981356,45.61536670054201,29.91859193665336,1134,16,7,1.5058238289870356,0.9797576913170912,11.611623357653302,11.775124924207022,28,27.40073237428453,6.0,2.466527198395006,2.101827025478721,ZINCk500000dpZgI_m01_t02,ASP15;SER14;GLU9;HIS7;ALA8;THR11,1.0,150.16229517806238
41,native_first,ZINCj600000y8Psc,O=C(NCCc1cc(O)n[nH]1)c1ccc(O)cc1O,6602,7817,4793,1,0,1,14.285714285714286,16.628609428741346,0.7713502458614224,12.826481971193203,4,263.253,0.4989999999999997,5,5,4,1,,,,35.7370213508628,11,7,4,7,3,1,,,,,16.61958588589299,10.487166467211502,40.02353336695245,24.266560071880917,39146,16,14,1.0725656580765608,1.2107774737756813,9.711946045978637,9.084000275989844,28,27.40073237428453,6.0,3.0538513151095423,1.8473485501520843,ZINCj600000y8Psc_m01_t07,ASP15;SER14;GLU9;HIS7;ALA8;THR11,3.0,35.031618807482175
42,native_first,ZINCk5000009Grm7,O=C(NCCSCc1cn(CCO)nn1)c1nc[nH]n1,3092,1924,1298,1,0,1,14.285714285714286,16.024722079133863,0.8340259553789763,13.365034141732195,4,297.344,-0.9483000000000004,3,8,8,1,,,,36.92824579056311,12,7,5,7,4,1,,,,,23.413364595720797,15.444078199868242,48.37563951200316,28.819317073657725,2667,16,8,0.9266416352800237,0.9083664335929841,9.413178262414874,8.630348050234781,28,27.340925083357682,6.0,3.185582639847765,1.7857015075157388,ZINCk5000009Grm7_m01_t07,ASP15;GLU9;HIS7;HIS7;PHE12;ALA8,0.0,32.424183096479496
43,native_first,ZINCk800000kFBK0,O=C(CCc1ncc[nH]1)NCCc1nnc(C(=O)O)s1,2071,6924,4011,1,0,1,17.857142857142858,19.267729830797304,0.7083110902758503,13.647546723592562,5,295.32399999999996,0.2508999999999996,3,6,7,1,,,,38.92405593253,12,7,5,7,3,1,,,,,24.829945482695017,16.5312514579677,49.8593633619507,30.467589662629013,711,16,1,1.4747149328205917,1.3182950093164192,11.611623357653302,10.9363495482541,28,27.33934979671655,6.0,2.0420101882640225,1.6831561510327597,ZINCk800000kFBK0_m01_t02,ASP15;SER14;SER18;HIS7;HIS7;THR11,0.0,-18.591559172163507
44,native_first,ZINCk600000JUe0b,NC(=O)Cn1cc(NC(=O)NCCc2ccc[nH]2)cn1,3109,7995,4958,1,0,1,14.285714285714286,17.4744052530532,0.7646952414845254,13.362594544781976,4,276.3,0.06069999999999959,4,4,6,1,,,,34.932961828358735,11,6,5,6,3,1,,,,,19.664616542707854,12.487482233756083,46.24208304011259,25.77195465696821,17899,16,9,1.0775642227938558,1.205785161413664,11.322353863044563,10.402715629565346,28,27.33934979671655,6.0,2.0721264240725414,1.987508299068415,ZINCk600000JUe0b_m01_t04,ASP15;SER14;SER18;HIS7;HIS7;THR11,2.0,-74.22353897446771
45,native_first,ZINCk600000Ja5pK,O=C(O)CNc1ncc(CNCCc2cnc[nH]2)cn1,2153,1091,784,1,1,1,17.857142857142858,19.267729830797304,0.7068986282773339,13.62033178740888,5,276.3,0.028499999999999803,4,6,8,1,,,,38.072664739456826,12,7,5,7,4,1,,,,,25.659623947113158,17.407055898698665,48.791206640043846,30.624840264050622,612,16,8,1.624705641257693,1.123707991657999,11.611623357653302,10.3957365797247,28,27.33934979671655,6.0,2.2198119097350046,1.6706088895863331,ZINCk600000Ja5pK_m01_t04,ASP15;SER14;SER18;HIS7;HIS7;THR11,2.0,-64.02539464792758
46,native_first,ZINCj800000BnkQM,C=Cc1cncc(C(=O)NCc2nc(CO)n[nH]2)c1,7773,2134,1507,1,0,1,14.285714285714286,16.628609428741346,0.7639983437555846,12.704230062516887,4,259.26899999999995,0.26499999999999985,3,5,5,1,,,,36.92824579056311,12,7,5,7,4,1,,,,,17.545113504863046,11.439750188103696,37.62601407778575,25.298366419143072,23218,16,8,1.1560271457951883,1.2292198510740813,9.711946045978637,9.413200169737717,28,27.234636414016297,6.0,2.1325701361227605,2.1130456127539134,ZINCj800000BnkQM_m01_t01,SER17;ASP15;SER14;SER18;THR11;VAL16,3.0,46.45761001112288
47,native_first,ZINCk800000Pu2Q9,Cc1nc(N)c(C(=O)NCc2cc3n(n2)CCNC3)s1,15729,1370,995,0,1,1,14.285714285714286,16.628609428741346,0.7269879446327596,12.088798590701598,4,292.368,0.26341999999999915,3,7,3,1,,,,38.88876772250309,13,8,5,8,4,1,,,,,21.220949995666235,14.343698373684335,40.767304189435336,28.288077086400975,3808,16,8,1.1734340407191874,1.41315788131818,9.711946045978637,9.070081164116319,28,27.234636414016297,6.0,2.195921206921731,2.0446764712389034,ZINCk800000Pu2Q9_m02_t07,SER17;ASP15;SER14;SER18;THR11;VAL16,3.0,-34.36077333612897
48,native_first,ZINCk700000grM7p,CC[C@H](C)[C@H](O)CC(=O)NCCNC(=O)c1cnsn1,5248,3866,2386,1,0,1,14.285714285714286,16.628609428741346,0.781332635491594,12.992475229518845,4,300.38399999999996,0.18119999999999942,3,6,8,1,,,,34.351665344695306,12,7,5,7,4,1,,,,,20.294768804967614,13.103707771698977,44.97761010918903,25.91752742085869,16462,16,3,1.1607964265976574,1.0200312706393702,9.711946045978637,8.636131666286085,28,27.234636414016297,6.0,2.694163127118225,1.5987682860822712,ZINCk700000grM7p_m01_t01,SER17;ASP15;SER14;SER18;THR11;VAL16,1.0,-30.86311007984194
49,native_first,ZINCk700000drxW5,Cc1ccc(O)c(CC(=O)NCc2nc(CO)n[nH]2)c1,3661,1685,1184,1,0,1,14.285714285714286,16.628609428741346,0.7965018465152993,13.244718114974198,4,276.296,0.1699199999999998,4,5,5,1,,,,37.5207396097248,12,8,4,8,4,1,,,,,17.62255532200017,11.702492226452671,35.66456449309853,25.581829037090024,19966,16,12,1.2453679180058406,0.9702212943130949,9.711946045978637,10.006200249552702,28,27.234636414016297,6.0,2.7267367442105113,2.193569768112975,ZINCk700000drxW5_m01_t02,SER17;ASP15;SER14;SER18;THR11;VAL16,3.0,11.363390148724195
50,native_first,ZINCk600000JUkqo,O=C(CCCO)NNC(=O)NCc1nnc(C2CC2)s1,4966,4602,2821,1,0,1,14.285714285714286,16.628609428741346,0.7837827951577688,13.033217977645721,4,299.35600000000005,0.018399999999999084,4,6,6,1,,,,34.351665344695306,12,7,5,7,4,1,,,,,18.18494120289701,11.765377987012853,40.022469180785805,24.65163085961633,32513,16,5,1.1665140054593544,1.1103791392989206,9.711946045978637,9.578491749462138,28,27.234636414016297,6.0,3.0589063310628197,2.1646044961678443,ZINCk600000JUkqo_m01_t02,SER17;ASP15;SER14;SER18;THR11;VAL16,3.0,-31.444786986994263
51,native_first,ZINCk8000004hIpc,CCOC(=O)c1cc(NC(=O)C[C@H]2[C@@H](O)C[C@H]2N)c[nH]1,11097,3234,2028,1,0,1,17.857142857142858,19.255853038877785,0.6443014521995054,12.406574076289216,5,281.31199999999995,0.2280999999999997,4,5,5,1,,,,34.94415916385699,12,8,4,8,4,1,,,,,18.01346171815264,11.664636562300249,39.52745274527453,24.785740696434377,30369,16,5,1.479843004128202,1.537151984716374,14.297608960941682,12.60774843583691,28,27.234636414016297,6.0,3.628775749130643,1.789723072212836,ZINCk8000004hIpc_m01_t06,SER17;ASP15;SER14;SER18;THR11;VAL16,3.0,-35.25670008037512
52,native_first,ZINCk500000dpkgz,C[C@@H]1C[C@@H](CNC(=O)c2cnn(CCN)c2)CC(=O)N1,11359,4076,2505,1,0,1,17.857142857142858,19.267729830797304,0.6427335751081916,12.384016878367103,5,279.344,-0.513699999999998,3,5,5,1,,,,34.351665344695306,12,7,5,7,4,1,,,,,19.640742227075847,12.6986597811896,43.3262838079352,25.52511147412363,20548,16,6,1.9681160257137718,1.3951338403525408,11.611623357653302,10.967853890144175,28,27.234636414016297,6.0,3.813728952364947,1.8301677190250627,ZINCk500000dpkgz_m02_t04,SER17;ASP15;SER14;SER18;THR11;VAL16,0.0,-67.81591850912157
53,native_first,ZINCk600000gqrWv,NC(=O)c1cncc(C(=O)NC[C@]2(F)C[C@@H](CO)C2)c1,1554,6077,3574,1,0,1,17.857142857142858,19.267729830797304,0.7176268211829001,13.827039709886007,5,281.287,0.02089999999999953,3,4,5,1,,,,32.391143412755326,11,6,5,6,4,1,,,,,18.603468571849163,11.648582534048977,46.16916310033285,24.118538508211632,42093,16,4,1.5853519782124759,1.0684756399058781,11.611623357653302,10.331722727286548,28,27.1614555648564,5.0,1.061803516505446,1.1486637025836632,ZINCk600000gqrWv_m01_t04,SER17;ASP15;SER14;GLU21;SER18,1.0,24.55198625031408
54,native_first,ZINCk600001bP4HJ,C[C@H](O)CC(=O)NC1CCN(c2cc(O)ncn2)CC1,1791,4450,2721,1,0,1,14.285714285714286,15.18474175275134,0.9050311329651284,13.742664032275433,4,280.3280000000001,0.03809999999999891,3,6,4,1,,,,34.351665344695306,12,7,5,7,4,1,,,,,18.603853122760455,12.360707404078646,37.58961443540883,24.902978011534394,28613,16,13,0.5318927155805586,0.5674103628927308,11.611623357653302,10.33304344663195,28,27.1614555648564,5.0,1.1127144756541374,1.2454429548846604,ZINCk600001bP4HJ_m01_t02,SER17;ASP15;SER14;GLU21;SER18,0.0,-129.5239191759447
55,native_first,ZINCk800000dsfOe,O=C(CNC(=O)c1ccc(O)cc1)NCc1cnns1,2667,8020,4983,1,0,1,14.285714285714286,16.628609428741346,0.8097717805599965,13.465378665348627,4,292.32,0.2898999999999999,3,6,5,1,,,,34.932961828358735,11,6,5,6,3,1,,,,,19.373788326578943,12.304199277686442,45.539007092198574,25.597457727290863,19780,16,8,1.3899234656050594,0.7754479842846301,9.711946045978637,9.528165273046824,28,27.1614555648564,5.0,1.123020414193248,1.3380377022015468,ZINCk800000dsfOe_m01_t06,SER17;ASP15;SER14;GLU21;SER18,1.0,-12.37497774863796
56,native_first,ZINCk500000gbc7N,CC[C@H](CNC(=O)Cc1cnsc1)NC(=O)CNC=O,3271,731,591,1,1,1,14.285714285714286,16.628609428741346,0.801553746098422,13.328724180015167,4,298.368,-0.5573999999999992,3,5,9,1,,,,38.34275944886656,13,8,5,8,4,1,,,,,22.85647509599387,15.822878403674956,41.147301686014394,29.050988837142945,2270,16,9,1.240489342907434,0.9514204856215791,9.711946045978637,9.706599462937396,28,27.1614555648564,5.0,1.1766668028941432,1.4712645596194274,ZINCk500000gbc7N_m01_t05,SER17;ASP15;SER14;GLU21;SER18,3.0,-30.694823188937445
57,native_first,ZINCk7000004gIJm,O=C(C=Cc1cnc[nH]1)N1CC[C@@](CCO)(C(=O)O)C1,2636,6306,3695,1,0,1,14.285714285714286,16.628609428741346,0.8104105897175287,13.476001173328731,4,279.296,0.10860000000000003,3,4,5,1,,,,32.391143412755326,11,6,5,6,4,1,,,,,18.05450077362583,11.552733793922144,41.29483500717362,23.78915782927763,49146,16,6,1.2313473470585383,0.783455837037749,9.711946045978637,10.773203804772049,28,27.1614555648564,5.0,1.1931854005498075,1.3597540060793463,ZINCk7000004gIJm_m01_t02,SER17;ASP15;SER14;GLU21;SER18,0.0,-38.18607180746487
58,native_first,ZINCk600000gpToF,COc1cc(C(=O)NCCNC(=O)c2ccns2)[nH]n1,7402,296,258,1,1,1,14.285714285714286,16.628609428741346,0.7662241418601533,12.741241989864992,4,295.324,0.03459999999999941,3,6,6,1,,,,40.91933989473438,13,8,5,8,4,1,,,,,22.557854439770352,15.44154004958534,41.84006860776441,29.902448621755962,1147,16,1,1.3200645418430237,0.9636780626286091,9.711946045978637,8.47239670090124,28,27.1614555648564,5.0,1.1945735710887817,1.2625440949209963,ZINCk600000gpToF_m01_t02,SER17;ASP15;SER14;GLU21;SER18,1.0,-9.215661459601352
59,native_first,ZINCk7000004gJt7,O=C(CCc1cnn[nH]1)NCc1cncc(C(=O)O)c1,6737,6934,4021,1,0,1,14.285714285714286,17.4744052530532,0.7331247787111814,12.810919484254132,4,275.268,0.14689999999999975,3,5,6,1,,,,38.92405593253,12,7,5,7,3,1,,,,,24.04073133800698,16.10454476472336,47.398145984264225,29.99406117581619,1070,16,7,1.0877063862945657,1.3558002673080363,11.322353863044563,10.205774773326059,28,27.1614555648564,5.0,1.2118189371607264,1.3453522719570317,ZINCk7000004gJt7_m01_t08,SER17;ASP15;SER14;GLU21;SER18,0.0,-27.905152301735225
60,native_first,ZINCk600000Gfz84,C[C@H](O)CC(=O)NCCNC(=O)c1cc(=O)cc(Cl)[nH]1,1469,2896,1868,1,0,1,14.285714285714286,16.628609428741346,0.8335878817360931,13.861407309921324,4,301.73,-0.35480000000000017,4,4,6,1,,,,35.53084632385342,12,7,5,7,4,1,,,,,20.21838463801842,13.487800962490656,40.35707839480176,26.343369312352415,12921,16,11,1.1599582866739235,0.8103650018850268,9.711946045978637,9.706500457234645,28,27.1614555648564,5.0,1.213496980207138,1.1761801732336234,ZINCk600000Gfz84_m01_t05,SER17;ASP15;SER14;GLU21;SER18,2.0,-76.90007223529662
61,native_first,ZINCk500000ggvqo,C[C@H](CNC(=O)CCc1cc[nH]n1)n1cc(CO)nn1,5017,7902,4872,1,0,1,14.285714285714286,16.628609428741346,0.783323399564164,13.02557886774638,4,278.31600000000003,-0.19650000000000023,3,6,7,1,,,,34.932961828358735,11,6,5,6,3,1,,,,,21.839785632539826,13.890700223359076,51.058495821727014,27.077056110867392,8345,16,14,1.0869721242479575,1.1517950831371548,9.711946045978637,9.30423360358772,28,27.1614555648564,5.0,1.2228112584184943,1.3441850399096587,ZINCk500000ggvqo_m01_t06,SER17;ASP15;SER14;GLU21;SER18,1.0,-31.829166360222104
62,native_first,ZINCk500000dpLdy,Cn1cc(OCC(=O)Nc2n[nH]c(CCCO)n2)cn1,1864,242,204,1,1,1,14.285714285714286,16.628609428741346,0.824826598148208,13.71571934704394,4,280.28799999999995,-0.5194000000000003,3,7,7,1,,,,40.91933989473438,13,8,5,8,4,1,,,,,25.167749216627687,17.18483207412296,47.00147167034584,31.468385487870364,275,16,11,0.8943410630553996,1.0195021429167004,9.711946045978637,9.208991080523962,28,27.1614555648564,5.0,1.2242003313321734,1.317365603810894,ZINCk500000dpLdy_m01_t05,SER17;ASP15;SER14;GLU21;SER18,2.0,-47.053019551975225
63,native_first,ZINCk5000009GqVW,O=C(NCCN=c1[nH]nc(CO)s1)[C@H]1C[C@@](F)(CO)C1,3627,2919,1879,1,0,1,14.285714285714286,17.614784467417874,0.7522847233205066,13.251333259421811,4,304.3470000000001,-0.9090000000000007,4,6,6,1,,,,35.53084632385342,12,7,5,7,4,1,,,,,19.540643960348667,12.900077437182977,40.27084922824109,25.936724905750562,16289,16,1,0.9079106305127975,1.1918567467115389,15.443445405737666,13.68251338586369,28,27.1614555648564,5.0,1.227274337268262,0.9882427041471116,ZINCk5000009GqVW_m01_t04,SER17;ASP15;SER14;GLU21;SER18,3.0,14.632055641469178
64,native_first,ZINCj500000c9YTm,O=C(C[C@@H]1COCCO1)NCC1(O)CC(C(=O)O)C1,11133,5180,3161,1,0,1,14.285714285714286,13.94583583618139,0.8893690456713182,12.402994708713512,4,273.285,-0.8661999999999987,3,5,5,1,,,,33.81239250864757,12,7,5,7,4,1,,,,,17.547080037134698,11.639187104066325,35.63483946012072,24.05320502573985,43455,16,11,0.784501472956219,0.7171407804942795,9.078045219098652,8.867692979655176,28,27.1614555648564,5.0,1.23053420987671,1.2841950788097276,ZINCj500000c9YTm_m01_t04,SER17;ASP15;SER14;GLU21;SER18,2.0,9.789878345672388
65,native_first,ZINCk500000g7phx,C=C[C@@H](O)C(=O)N[C@@H]1C[C@H]1CNC(=O)Cc1csnn1,5283,5621,3329,1,0,1,14.285714285714286,16.628609428741346,0.7810649122253193,12.988023363888976,4,296.352,-0.7515999999999996,3,6,7,1,,,,32.391143412755326,11,6,5,6,4,1,,,,,20.47786977177416,12.825452848589352,50.77056432329026,25.24317922816663,23967,16,1,1.2755197342295768,1.0283133336659602,9.711946045978637,9.223900965118705,28,27.1614555648564,5.0,1.2341350887541982,1.210400402151848,ZINCk500000g7phx_m01_t06,SER17;ASP15;SER14;GLU21;SER18,2.0,-56.24863046826339
66,native_first,ZINCj700000fpZH5,N[C@H](CO)CC(=O)Nc1cncc(-c2cc[nH]n2)c1,1408,7863,4834,1,0,1,14.285714285714286,16.628609428741346,0.8352770128298294,13.889495211153006,4,261.285,0.11989999999999973,4,5,5,1,,,,35.21365088823171,11,6,5,6,3,1,,,,,18.105117755939958,11.790205908372526,38.986593955919126,24.948531008856662,27958,16,12,1.2146001332334808,0.7123897045092763,9.711946045978637,10.31719779114419,28,27.1614555648564,5.0,1.2484713532274707,1.639418748288879,ZINCj700000fpZH5_m01_t02,SER17;ASP15;SER14;GLU21;SER18,2.0,18.763667481053805
67,native_first,ZINCk500000dqaRB,O=C(NCCCNCCO)c1cc2c(cc1O)OCO2,8126,5345,3222,1,0,1,14.285714285714286,16.628609428741346,0.7617778334722488,12.66730606428279,4,282.29600000000005,-0.1772999999999999,4,6,7,1,,,,32.983637231917015,11,7,4,7,4,1,,,,,18.750204668605612,11.88489623738055,44.39492753623189,24.443577693930173,35996,16,0,1.0746027829152327,1.2638184039506495,9.711946045978637,9.059625757948506,28,27.1614555648564,5.0,1.2531774580944222,1.2422629577856048,ZINCk500000dqaRB_m01_t03,SER17;ASP15;SER14;GLU21;SER18,0.0,19.112332823526014
68,native_first,ZINCk600000PtUX8,C[C@@]1(CO)CC[C@H]1NC(=O)NCCCc1cc(O)n[nH]1,6312,5307,3203,1,0,1,14.285714285714286,15.18474175275134,0.8467208466289812,12.857237392732053,4,282.34399999999994,0.5080999999999994,5,4,6,1,,,,32.983637231917015,11,7,4,7,4,1,,,,,19.91080069668227,12.780670023175109,45.035236081747705,25.139935310776167,25359,16,15,0.8546068887855008,0.9029500789524056,11.611623357653302,11.011961369764894,28,27.1614555648564,5.0,1.2659425895128529,1.2092152110729864,ZINCk600000PtUX8_m01_t03,SER17;ASP15;SER14;GLU21;SER18,0.0,-50.27059361370699
69,native_first,ZINCk600001bQqVY,O=C(O)C[C@H]1C[C@H](NC(=O)Cc2cc(O)no2)CCO1,7281,762,608,1,1,1,14.285714285714286,16.628609428741346,0.7669831338716475,12.753862971583663,4,284.26800000000003,0.0612000000000002,3,6,5,1,,,,38.34275944886656,13,8,5,8,4,1,,,,,22.5618178673397,15.789580338099258,39.50627622141021,28.874194499950445,2565,16,15,1.191495501425941,1.1779248341039996,9.711946045978637,9.276817550909628,28,27.1614555648564,5.0,1.2709411621668172,1.6004082479382826,ZINCk600001bQqVY_m01_t04,SER17;ASP15;SER14;GLU21;SER18,1.0,-64.41481821998642
70,native_first,ZINCk500000geTfQ,COc1ncc(C(=O)NCCC2(NC(=O)CO)CC2)s1,11149,3988,2452,1,0,1,14.285714285714286,16.628609428741346,0.7457930230801001,12.401500895479264,4,299.352,-0.08730000000000038,3,6,7,1,,,,34.351665344695306,12,7,5,7,4,1,,,,,19.9304687757557,13.018984358163577,42.484562221404325,25.69894740333154,18667,16,10,1.2634202315150327,1.275437909527472,9.711946045978637,9.68155529833522,28,27.1614555648564,5.0,1.2723553073895189,1.271910606210816,ZINCk500000geTfQ_m01_t01,SER17;ASP15;SER14;GLU21;SER18,3.0,-3.97600331528949
71,native_first,ZINCk500000gaXuU,CC[C@@H](CNC(=O)CNC(N)=O)NC(=O)c1ccns1,11061,815,630,1,1,1,14.285714285714286,16.024722079133863,0.774388874988852,12.409366502869489,4,299.356,-0.5639999999999992,4,5,7,1,,,,38.34275944886656,13,8,5,8,4,1,,,,,21.85566427572161,15.023714915955786,40.08333333333333,28.45050234497959,3402,16,15,0.783695633392214,1.1434179678213552,9.413178262414874,7.712851726331,28,27.1614555648564,5.0,1.2743760819717809,1.682580764010742,ZINCk500000gaXuU_m01_t02,SER17;ASP15;SER14;GLU21;SER18,3.0,-108.56651878714851
72,native_first,ZINCj800000AJx5a,O=C(O)c1cncc(NC(=O)c2cc(CO)[nH]n2)c1,364,139,125,1,1,1,17.857142857142858,19.267729830797304,0.759068275977368,14.625522464661014,5,262.22499999999997,0.24749999999999978,4,5,4,1,,,,42.06375884362809,13,8,5,8,4,1,,,,,23.121816733554382,15.968792202753754,41.882624464226865,30.698593577583864,585,16,6,1.5385514813863816,0.9908584195042158,11.611623357653302,11.631763831559946,28,27.1614555648564,5.0,1.2754403490382171,1.3775949389856457,ZINCj800000AJx5a_m01_t02,SER17;ASP15;SER14;GLU21;SER18,0.0,29.710186847604696
73,native_first,ZINCk5000009F8S9,C[C@H](NC(=O)CO)C1CN(C(=O)c2ccc(CO)o2)C1,8325,4055,2487,1,0,1,17.857142857142858,19.267729830797304,0.656310937399215,12.645621826805396,5,282.296,-0.6591,3,5,5,1,,,,34.351665344695306,12,7,5,7,4,1,,,,,19.713578215969083,12.98033588443957,40.961266957215656,25.568813067459573,20097,16,3,2.0543898012319746,1.252490236351531,11.611623357653302,11.136080180738336,28,27.1614555648564,5.0,1.290014247486998,1.307671887081351,ZINCk5000009F8S9_m01_t04,SER17;ASP15;SER14;GLU21;SER18,3.0,42.52318703451366
74,native_first,ZINCk500000dpbeB,COc1ncc(C(=O)Nc2n[nH]c(CCCO)n2)cn1,6326,1996,1369,1,0,1,14.285714285714286,16.628609428741346,0.7731051141120105,12.855662989931133,4,278.272,-0.21950000000000064,3,7,6,1,,,,36.92824579056311,12,7,5,7,4,1,,,,,20.20842123456968,13.07594649376353,44.459576114782415,26.89635105696705,9334,16,6,1.2242697201762525,1.136163417432942,9.711946045978637,9.785399160708158,28,27.1614555648564,5.0,1.296090581256004,1.5431704677069034,ZINCk500000dpbeB_m01_t05,SER17;ASP15;SER14;GLU21;SER18,1.0,-57.91058515137108
75,native_first,ZINCk500000gczs2,CNC(=O)CCC(=O)NCc1cn([C@@H]2CC[C@H]2O)nn1,6684,3539,2203,1,0,1,17.857142857142858,19.267729830797304,0.6652253390184941,12.81738210880889,5,281.316,-0.8836999999999993,3,6,6,1,,,,34.351665344695306,12,7,5,7,4,1,,,,,22.042531708299666,14.796043404627193,43.20019544762698,26.966185162857926,8922,16,15,1.894469304742087,1.333586812298434,11.611623357653302,11.633016204760045,28,27.1614555648564,5.0,1.296769734682342,1.1839002054981433,ZINCk500000gczs2_m01_t07,SER17;ASP15;SER14;GLU21;SER18,1.0,-62.81461878422205
76,native_first,ZINCk700000JT28O,C[C@H](O[C@H]1CCOC1)C(=O)NCc1cc(C(=O)O)on1,10325,7309,4350,1,0,1,14.285714285714286,16.024722079133863,0.7779719632259312,12.466784496053696,4,284.26800000000003,0.18299999999999983,2,6,6,1,,,,36.783225624191815,13,7,6,7,3,1,,,,,22.546817917822246,15.48034355758201,41.482994245787104,28.241381000370076,3924,16,0,1.1819452477497108,1.0731812624611214,9.413178262414874,8.602065277205158,28,27.1614555648564,5.0,1.3022006544680287,1.4947137000053266,ZINCk700000JT28O_m02_t01,SER17;ASP15;SER14;GLU21;SER18,2.0,29.182531497633715
77,native_first,ZINCj5000002gaAG,NC(=O)Cn1cc(NC(=O)c2cc(CO)on2)cn1,2127,6964,4051,1,0,1,17.857142857142858,19.267729830797304,0.7074757700974809,13.631452000073526,5,265.229,-0.8990000000000011,3,7,5,1,,,,38.92405593253,12,7,5,7,3,1,,,,,22.981075891697312,15.405912077184745,45.21208226221081,29.35826790803039,1766,16,4,1.5350687325766814,1.3055220938588366,11.611623357653302,12.033964933551998,28,27.1614555648564,5.0,1.3100891202482667,1.585504209489208,ZINCj5000002gaAG_m01_t03,SER17;ASP15;SER14;GLU21;SER18,1.0,14.696629738523123
78,native_first,ZINCk7000004gUvH,O=C(O)Cn1cc(CCCNC(=O)c2cncs2)nn1,6250,7406,4392,1,0,1,14.285714285714286,17.4744052530532,0.7362847557896242,12.8661382043132,4,295.324,0.1817999999999998,2,7,7,1,,,,36.74488997860436,12,7,5,7,3,1,,,,,24.8533901286859,16.49622692046746,50.372767409191255,29.609990068653282,1435,16,12,1.137670737800782,1.250306686900182,11.322353863044563,9.954946544707509,28,27.1614555648564,5.0,1.3205358349050078,1.2439615620770967,ZINCk7000004gUvH_m02_t01,SER17;ASP15;SER14;GLU21;SER18,0.0,-74.36038691624896
79,native_first,ZINCi500000Ja4NJ,O=C(NCCc1cc(O)ncn1)c1cc(O)n[nH]1,10559,7834,4806,1,0,1,14.285714285714286,16.628609428741346,0.748638852004717,12.448823073167734,4,249.23000000000002,-0.41660000000000047,4,6,4,1,,,,35.21365088823171,11,6,5,6,3,1,,,,,21.234519948080152,14.254977995220075,41.60542582417583,26.826172324140774,9744,16,11,1.3352673910395794,1.1625088507022856,9.711946045978637,9.020085064268487,28,27.1614555648564,5.0,1.3261001839636746,1.6346203944626172,ZINCi500000Ja4NJ_m01_t04,SER17;ASP15;SER14;GLU21;SER18,3.0,-60.708143817215515
80,native_first,ZINCk600000gqBo9,O=C(NCCNC(=O)C1(CCO)CC1)c1ccncc1,8020,5933,3495,1,0,1,14.285714285714286,16.628609428741346,0.762465665023969,12.678743746509111,4,277.32399999999996,0.09020000000000028,3,4,7,1,,,,32.391143412755326,11,6,5,6,4,1,,,,,19.064602465521038,12.051929694747418,45.595065312046486,24.395218844414757,36899,16,12,1.2718668570253684,1.1520663331822603,9.711946045978637,9.304761527878286,28,27.1614555648564,5.0,1.326545059255802,1.1280421023430645,ZINCk600000gqBo9_m01_t01,SER17;ASP15;SER14;GLU21;SER18,0.0,6.01942184535584
81,native_first,ZINCk800000dsfvI,O=C(CCCCCO)N[C@@H]1CCc2nnc(O)cc2C1,856,6458,3766,1,0,1,14.285714285714286,16.628609428741346,0.8540128828919437,14.201046676723553,4,279.34000000000003,0.7083999999999995,3,5,6,1,,,,31.8044562527589,11,7,4,7,4,1,,,,,19.019733648278883,11.838884559019275,48.34064327485381,24.133622690070887,41767,16,12,1.017078871928482,0.7537517370709766,9.711946045978637,10.255086957117436,28,27.1614555648564,5.0,1.3267910665053548,1.3353263006866407,ZINCk800000dsfvI_m01_t02,SER17;ASP15;SER14;GLU21;SER18,1.0,-8.71635717893658
82,native_first,ZINCk600000J9UiL,C[C@@H](NC(=O)C1CCN(CCCO)CC1)c1nc[nH]n1,5474,4670,2867,1,0,1,14.285714285714286,16.628609428741346,0.779609624277357,12.963823948995957,4,281.3599999999999,0.07630000000000031,3,5,6,1,,,,34.351665344695306,12,7,5,7,4,1,,,,,18.004594510404825,11.79589114454373,38.012009862403566,24.543422844121014,34306,16,10,1.3113967358415803,0.8840233638058504,9.711946045978637,8.476419833302911,28,27.1614555648564,5.0,1.3419722170415518,1.5182736191014723,ZINCk600000J9UiL_m02_t08,SER17;ASP15;SER14;GLU21;SER18,3.0,-3.287490933735692
83,native_first,ZINCk500000dqgqC,O=C(O)Cc1nc(CNC(=O)CO[C@H]2CCOC2)no1,10624,7288,4340,1,0,1,14.285714285714286,16.024722079133863,0.7765556038181032,12.444087730179087,4,285.256,-0.881599999999999,2,7,7,1,,,,36.783225624191815,13,7,6,7,3,1,,,,,24.273409920468048,16.58377483469427,45.25955021565002,29.277336201957553,1884,16,1,1.182557300430426,1.1389756245547706,9.413178262414874,9.173018881500758,28,27.1614555648564,5.0,1.3471282733044572,1.5213638355999364,ZINCk500000dqgqC_m01_t01,SER17;ASP15;SER14;GLU21;SER18,3.0,24.661803463015335
84,native_first,ZINCk500000gdLNH,COCCC(=O)N[C@@H]1CC[C@H](NC(=O)[C@H](O)COC)C1,8368,5123,3136,1,0,1,14.285714285714286,15.583483114146915,0.8112198593120937,12.64163097945065,4,288.34400000000005,-0.8162999999999976,3,5,8,1,,,,33.81239250864757,12,7,5,7,4,1,,,,,21.36120500449258,14.65710542147808,39.367937109566924,26.341680006154576,12936,16,1,0.8644984620862259,0.9527705064420546,13.92267653865448,12.510785592767881,28,27.1614555648564,5.0,1.3510923015240464,1.5358965224083179,ZINCk500000gdLNH_m01_t07,SER17;ASP15;SER14;GLU21;SER18,2.0,-7.069677323305655
85,native_first,ZINCk50000047UVe,O=C(O)Cn1cc(CNC(=O)c2cccc(O)c2)nn1,11402,7924,4891,1,0,1,17.857142857142858,19.267729830797304,0.6425579136749774,12.380632281330241,5,276.252,-0.0016999999999999238,3,6,5,1,,,,34.932961828358735,11,6,5,6,3,1,,,,,20.883354041899658,13.300124259160592,48.58428030303029,26.503197156483292,11823,16,13,2.0377360308551884,1.380349677245958,11.611623357653302,11.761917910714248,28,27.1614555648564,5.0,1.3543281530262643,1.4050338610758153,ZINCk50000047UVe_m01_t04,SER17;ASP15;SER14;GLU21;SER18,0.0,-42.25459558697782
86,native_first,ZINCk5000009Abdv,C=C[C@@H](O)C(=O)N1CC(CNC(=O)Cc2cn[nH]c2)C1,3655,5523,3287,1,0,1,14.285714285714286,16.628609428741346,0.7965533359137986,13.245574312071565,4,278.312,-0.9262999999999981,3,4,6,1,,,,32.391143412755326,11,6,5,6,4,1,,,,,21.398497321404623,13.484296546533212,51.802284082798,25.79555575794491,17646,16,6,1.1220971899386096,1.0600643668737282,9.711946045978637,9.953061711369399,28,27.1614555648564,5.0,1.3573207022580944,1.4066004452048069,ZINCk5000009Abdv_m01_t03,SER17;ASP15;SER14;GLU21;SER18,0.0,32.98441718004759
87,native_first,ZINCk700000PxooO,CCC(=O)NCc1cc(C(=O)NOCC[C@H](C)O)on1,806,734,593,1,1,1,17.857142857142858,19.267729830797304,0.7387505976962485,14.234046928751345,5,285.29999999999995,0.13310000000000005,3,6,8,1,,,,38.34275944886656,13,8,5,8,4,1,,,,,22.832570614007157,15.518273409083713,43.189066448132216,29.03664614795092,2290,16,9,1.551160747196658,1.0925937893583684,11.611623357653302,11.175930664342685,28,27.1614555648564,5.0,1.3614379542499928,1.335781975454823,ZINCk700000PxooO_m01_t04,SER17;ASP15;SER14;GLU21;SER18,3.0,-21.717640412809224
88,native_first,ZINCi5000000X7zW,O=C(CCc1cn[nH]c1)NCc1nc(CO)n[nH]1,6301,1131,824,1,1,1,14.285714285714286,16.628609428741346,0.7732804864754453,12.858579188467285,4,250.262,-0.7308999999999997,4,5,6,1,,,,38.072664739456826,12,7,5,7,4,1,,,,,20.620113260815017,13.897601588085248,39.939585730725,27.601133852271744,5997,16,12,1.471082760734386,0.9526559873532706,9.711946045978637,9.733029525806998,28,27.1614555648564,5.0,1.3640582958537286,1.4390287925408871,ZINCi5000000X7zW_m01_t01,SER17;ASP15;SER14;GLU21;SER18,2.0,2.2831077361287884
89,native_first,ZINCk5000009F1Rh,C[C@H](CNC(=O)[C@@H]1COC(=O)N1)NC(=O)c1ccns1,8880,2653,1785,1,0,1,14.285714285714286,16.628609428741346,0.7571495847944854,12.590344724681174,4,298.324,-0.514,3,6,5,1,,,,36.38223751692659,12,7,5,7,4,1,,,,,17.771098105975543,11.80056111812183,35.97050795157845,25.21555387035596,24357,16,15,1.4095883340804192,1.0096188101378598,9.711946045978637,8.73758514602168,28,27.1614555648564,5.0,1.3642657199869799,1.6459864774123727,ZINCk5000009F1Rh_m01_t02,SER17;ASP15;SER14;GLU21;SER18,1.0,-41.26298269231754
90,native_first,ZINCk6000009JJDE,NC(=O)CSCC(=O)N[C@H]1C[C@H](CN=c2[nH]ncs2)C1,9393,605,519,1,1,1,14.285714285714286,15.64578327992645,0.8016261837051396,12.542069541765121,4,315.42400000000004,-0.5147999999999995,3,6,7,1,,,,38.34275944886656,13,8,5,8,4,1,,,,,25.868738648400928,17.971177961132014,46.149431057563596,30.85834696858718,500,16,3,0.9834065366781121,1.0039142452322787,14.707280713986515,13.57818156516033,28,27.1614555648564,5.0,1.3670068212430635,1.072858858496373,ZINCk6000009JJDE_m01_t04,SER17;ASP15;SER14;GLU21;SER18,2.0,-3.768649648219922
91,native_first,ZINCk800000PCx3C,O=C(O)COCCOCCN[C@H]1C[C@H]2C[C@H](O)[C@H](C2)C1,4814,6582,3815,1,0,1,14.285714285714286,15.18474175275134,0.8595118641571087,13.051465690651586,4,287.35600000000005,0.24330000000000035,3,5,9,1,,,,29.821298404476316,11,6,5,6,4,1,,,,,21.041367109506382,13.693170426017168,45.4096482536537,24.553339627494356,34107,16,12,1.0396963965320822,0.7316057531466406,11.611623357653302,11.453672440326608,28,27.1614555648564,5.0,1.3756223799992369,1.1204234477172088,ZINCk800000PCx3C_m01_t02,SER17;ASP15;SER14;GLU21;SER18,3.0,52.012213002996646
92,native_first,ZINCk700000Pu7CO,CC1=NO[C@H](CNC(=O)NCCCc2cc(O)n[nH]2)C1,10622,5484,3276,1,0,1,14.285714285714286,16.024722079133863,0.7765609262932631,12.444173021364298,4,281.316,0.5118999999999997,4,5,6,1,,,,32.391143412755326,11,6,5,6,4,1,,,,,22.3101123376479,14.156173406641107,52.61804087385483,26.34252476769088,12930,16,11,1.2472445549214035,1.002163271373883,9.413178262414874,8.409411806129855,28,27.1614555648564,5.0,1.3780486159869145,1.2391160820034337,ZINCk700000Pu7CO_m01_t03,SER17;ASP15;SER14;GLU21;SER18,0.0,-52.33168818700029
93,native_first,ZINCk8000009LDFy,CC[C@@H](O)CC(=O)NC[C@H]1C[C@@H](N=c2[nH]nc(O)s2)C1,4574,1698,1193,1,0,1,17.857142857142858,20.24202807755431,0.6464692014839848,13.085847727712935,5,300.38400000000007,0.13329999999999942,4,6,6,1,,,,37.49136825579339,13,8,5,8,4,1,,,,,25.489496647187742,17.59210516986269,46.25344491496941,30.290245290630004,841,16,12,1.7288284011271673,1.4646220081262933,15.443445405737666,14.280804154156034,28,27.1614555648564,5.0,1.3789948682830047,1.4077413974784798,ZINCk8000009LDFy_m01_t01,SER17;ASP15;SER14;GLU21;SER18,0.0,-74.82008345032474
94,native_first,ZINCk500000gfs9N,C[C@@H](CCNC(=O)C1COC1)NC(=O)CCCC(N)=O,5757,5128,3139,1,0,1,14.285714285714286,15.64578327992645,0.8264052106683769,12.929756827519387,4,285.34399999999994,-0.7005999999999983,3,4,9,1,,,,33.81239250864757,12,7,5,7,4,1,,,,,20.807232379690134,13.911967491379059,41.25435504780424,26.00929643127311,15598,16,11,1.032242342050683,0.9424355905424154,14.707280713986515,14.483228494907204,28,27.1614555648564,5.0,1.3792355611052525,0.8423121151229205,ZINCk500000gfs9N_m01_t06,SER17;ASP15;SER14;GLU21;SER18,3.0,-72.9607124615602
95,native_first,ZINCk5000009FQlh,Cc1sc(C(=O)NC2CC(CNC(=O)CO)C2)nc1O,2339,1736,1204,1,0,1,17.857142857142858,20.24202807755431,0.6696882373313782,13.55584810326961,5,299.352,-0.22598000000000035,4,6,5,1,,,,37.49136825579339,13,8,5,8,4,1,,,,,22.49858251109648,15.526695564693602,40.83418541240629,28.495696808975246,3316,16,7,1.4174276656118348,1.3827179492837511,15.443445405737666,13.662744686236014,28,27.1614555648564,5.0,1.3802787736009865,1.0464921877727675,ZINCk5000009FQlh_m01_t04,SER17;ASP15;SER14;GLU21;SER18,1.0,5.251456145339333
96,native_first,ZINCk600001bQm5Y,O=C(NCCCCNC(=O)[C@H]1C[C@H]1F)[C@H]1C[C@@H]1[N+](=O)[O-],7559,1904,1278,1,0,1,14.285714285714286,13.782525261262656,0.923350409381182,12.726100342293355,4,287.29100000000005,0.022199999999999998,2,4,8,1,,,,37.027099562568225,11,8,3,8,4,1,,,,,15.096063500154727,8.869741170451888,50.653409090909086,23.868477925120125,47385,16,9,0.7508775604813084,0.4579751207951095,11.791641997618479,11.248819478311498,28,27.1614555648564,5.0,1.3807815802611922,1.3867003802565372,ZINCk600001bQm5Y_m01_t05,SER17;ASP15;SER14;GLU21;SER18,1.0,-60.901536138495345
97,native_first,ZINCj700000EngWy,O=C(NCCCCCO)[C@@H]1C[C@H]1NCc1cnc[nH]1,1502,5303,3201,1,0,1,14.285714285714286,16.628609428741346,0.8328265441237908,13.848747324122938,4,266.345,0.16659999999999925,4,4,9,1,,,,32.983637231917015,11,7,4,7,4,1,,,,,20.200124595188207,12.856834220899355,47.103942652329735,25.31352964987973,23048,16,15,1.0936685342951133,0.8566080570997617,9.711946045978637,9.992683128048421,28,27.1614555648564,5.0,1.3815804220052552,1.4841301743214543,ZINCj700000EngWy_m01_t06,SER17;ASP15;SER14;GLU21;SER18,1.0,-37.859003730292805
98,native_first,ZINCk700000GfDpH,CCOc1nnc(NC(=O)CNC(=O)CCCCO)s1,1572,5984,3523,1,0,1,17.857142857142858,19.255853038877785,0.7176071153420902,13.81813715268031,5,302.35599999999994,0.15409999999999952,3,7,9,1,,,,32.391143412755326,11,6,5,6,4,1,,,,,18.857469740857223,11.746954617900872,47.77757619738751,24.270939209616465,39060,16,8,1.7348429652161876,1.0776258081175538,14.297608960941682,14.841875791593745,28,27.1614555648564,5.0,1.382298122546613,0.9974818107593203,ZINCk700000GfDpH_m01_t02,SER17;ASP15;SER14;GLU21;SER18,2.0,-24.608360444219656
99,native_first,ZINCk5000009Do72,COC[C@@H](O)C(=O)NCCCN(C)c1cc(O)ncn1,2053,2254,1602,1,0,1,14.285714285714286,15.18474175275134,0.8990601324098537,13.651995930838053,4,284.316,-0.8679999999999992,3,7,8,1,,,,36.38223751692659,12,7,5,7,4,1,,,,,23.48726921716367,15.694174912834072,46.65353128054742,28.645256537068843,2980,16,6,0.976261995555192,0.4984365594810846,11.611623357653302,11.501083587152193,28,27.1614555648564,5.0,1.38273799042607,1.6090687501776657,ZINCk5000009Do72_m01_t04,SER17;ASP15;SER14;GLU21;SER18,3.0,-57.7278952277652
100,native_first,ZINCk50000046qax,NC(=O)c1ccc(CNC(=O)C[C@H]2CCC(=O)N2)cn1,5802,620,530,1,1,1,17.857142857142858,19.267729830797304,0.6707690671132693,12.924197163994418,5,276.29599999999994,-0.5345999999999995,3,4,5,1,,,,38.34275944886656,13,8,5,8,4,1,,,,,25.372991402557272,17.492745396581903,46.17355596280458,30.56089862108099,659,16,12,1.599582228172936,1.352125910830837,11.611623357653302,10.255763607611302,28,27.1614555648564,5.0,1.3867279612221666,1.273867550207195,ZINCk50000046qax_m01_t07,SER17;ASP15;SER14;GLU21;SER18,2.0,-54.61118843946618
101,native_first,ZINCk500000g7UDA,CC(=O)NCC(=O)N[C@@H]1C[C@H]1CNC(=O)c1cncs1,7758,2331,1637,1,0,1,14.285714285714286,16.628609428741346,0.7640850762369484,12.705672303074271,4,296.352,-0.4862999999999993,3,5,6,1,,,,36.38223751692659,12,7,5,7,4,1,,,,,21.773408926334646,14.654359845294303,42.34402262198423,27.616940362571423,5936,16,14,1.1548271714972727,1.235551845594056,9.711946045978637,9.551848242290163,28,27.1614555648564,5.0,1.3891375643999755,1.4068222681412517,ZINCk500000g7UDA_m01_t06,SER17;ASP15;SER14;GLU21;SER18,3.0,-63.656201016026344
102,native_first,ZINCk50000041FDR,COCc1noc(CCNC(=O)NCc2cc[nH]n2)n1,11949,7179,4258,1,0,1,14.285714285714286,14.477064275896673,0.8525089849106456,12.341827370330844,4,280.288,-0.01899999999999985,3,6,7,1,,,,38.70541191054433,13,8,5,8,3,1,,,,,24.458820034038865,16.61113852815102,46.36170940170941,30.157456784641052,935,16,6,0.9104442630223646,0.7865086979232899,8.080270416267007,7.198073394165303,28,27.1614555648564,5.0,1.3916335735554286,1.5758970367874934,ZINCk50000041FDR_m01_t07,SER17;ASP15;SER14;GLU21;SER18,1.0,-65.12231194354098
103,native_first,ZINCk50000048hQG,O=C1NC(=O)C2(CC(Nc3ccc(CCO)cn3)C2)N1,10420,6120,3597,1,0,1,14.285714285714286,15.18474175275134,0.8204917860122524,12.458955880849766,4,276.296,-0.23110000000000047,4,5,4,1,,,,32.391143412755326,11,6,5,6,4,1,,,,,18.479127590233663,11.685074393528504,44.148240608654305,24.043933919242335,43661,16,14,1.2391497719227782,0.8260624599279858,11.611623357653302,11.365329156789594,28,27.1614555648564,5.0,1.3917069228076555,1.2617813879450417,ZINCk50000048hQG_m01_t06,SER17;ASP15;SER14;GLU21;SER18,2.0,-79.62013741893742
104,native_first,ZINCi6000018SrEp,Cc1nc(O)sc1C(=O)N[C@H]1C[C@@H](OCCO)C1,7046,4363,2668,1,0,1,14.285714285714286,16.628609428741346,0.7683870652840653,12.7772083987055,4,272.32599999999996,0.4268199999999998,3,6,5,1,,,,34.351665344695306,12,7,5,7,4,1,,,,,18.856853676076206,12.377685577308673,39.56997781712355,25.054778343523843,26593,16,13,1.2058528915706905,1.1695898833071643,9.711946045978637,9.419240153893883,28,27.1614555648564,5.0,1.396154013947336,1.1692940655194555,ZINCi6000018SrEp_m01_t04,SER17;ASP15;SER14;GLU21;SER18,2.0,11.594214523266533
105,native_first,ZINCk700000JTCc9,COc1cccc(NCCC(=O)N[C@H]2C[C@H](O)[C@H]2O)c1,5340,5315,3208,1,0,1,14.285714285714286,16.628609428741346,0.7806390772355333,12.980942320162733,4,280.324,0.10749999999999943,4,5,6,1,,,,32.983637231917015,11,7,4,7,4,1,,,,,19.583554241672452,12.359449230524412,47.13256484149856,24.943587437770276,28038,16,12,1.2497647298462171,1.0699771144419306,9.711946045978637,9.535230111513004,28,27.1614555648564,5.0,1.3981405359093821,1.6565283789401846,ZINCk700000JTCc9_m01_t01,SER17;ASP15;SER14;GLU21;SER18,1.0,-0.04060464077536796
106,native_first,ZINCk500000gg7Jz,C[C@@H]1C[C@H](CNC(=O)CO)CN1C(=O)c1cnc(O)s1,7313,6147,3612,1,0,1,14.285714285714286,16.024722079133863,0.7956721480677252,12.750425038892745,4,299.352,-0.19219999999999998,3,6,4,1,,,,32.391143412755326,11,6,5,6,4,1,,,,,18.42700897366494,11.736637340441625,42.85765636232927,24.012662749301096,44300,16,7,0.9452534509233528,0.9537281486336312,9.413178262414874,7.835590576364651,28,27.1614555648564,5.0,1.3992315353936224,1.1747366605331682,ZINCk500000gg7Jz_m01_t08,SER17;ASP15;SER14;GLU21;SER18,1.0,-4.936226247983989
107,native_first,ZINCk8000018TA71,O=C(COCc1cc(C(=O)O)n[nH]1)OCc1nncs1,6314,6889,3980,1,0,1,14.285714285714286,14.609184867389905,0.8800753961746091,12.857184159956274,4,298.28,0.21939999999999982,2,8,7,1,,,,39.35980607005963,13,7,6,7,3,1,,,,,22.846117337882376,15.753036611708165,41.55860926038092,29.45159283075328,1643,16,7,0.9837860748199129,0.6381765226408493,9.433491135311455,9.379152798704066,28,27.1614555648564,5.0,1.3997339151996455,1.513338346663119,ZINCk8000018TA71_m01_t07,SER17;ASP15;SER14;GLU21;SER18,0.0,-5.939466417759197
108,native_first,ZINCk700000drDPk,NC(=O)c1cncc(C(=O)NC[C@H](O)c2cncs2)c1,2148,7021,4107,1,0,1,17.857142857142858,19.267729830797304,0.7070599292277958,13.623439690543831,5,292.32,0.10039999999999993,3,6,5,1,,,,38.92405593253,12,7,5,7,3,1,,,,,21.341556339519613,14.105706722953826,43.82008680453268,28.374556176723768,3607,16,12,1.8454754631630808,0.9442528423010745,11.611623357653302,10.383063047915927,28,27.1614555648564,5.0,1.4038811723411515,1.5251220735769386,ZINCk700000drDPk_m01_t01,SER17;ASP15;SER14;GLU21;SER18,3.0,17.91945515289272
109,native_first,ZINCj500000d7uMU,O=C(NCCc1nnc(CO)s1)c1ccc(O)nn1,6343,7895,4865,1,0,1,14.285714285714286,16.628609428741346,0.7730081618593178,12.854050808787868,4,281.297,-0.5015000000000002,3,8,5,1,,,,34.932961828358735,11,6,5,6,3,1,,,,,22.35447990833248,14.172103536555476,52.89222614840992,27.38587267634298,6889,16,7,1.1846899443741028,1.1072342429122777,9.711946045978637,8.938532928466875,28,27.1614555648564,5.0,1.4040467182423535,1.0087357290303856,ZINCj500000d7uMU_m01_t02,SER17;ASP15;SER14;GLU21;SER18,2.0,36.79851571327318
110,native_first,ZINCk6000004dOcp,O=C(CN1CCC(NCCO)CC1)Nc1cccnc1,4307,4681,2870,1,0,1,14.285714285714286,16.628609428741346,0.7891442222110513,13.122371054095444,4,278.356,0.06640000000000118,3,5,6,1,,,,34.351665344695306,12,7,5,7,4,1,,,,,17.98392289405356,11.73701986752305,38.446843012060405,24.531019874310257,34530,16,9,1.4697600750174886,0.8290424617097337,9.711946045978637,10.15217956528389,28,27.1614555648564,5.0,1.407143917777601,1.362943272033807,ZINCk6000004dOcp_m01_t02,SER17;ASP15;SER14;GLU21;SER18,3.0,40.10997457806523
111,native_first,ZINCk6000018TuSi,NC(=O)c1c[nH]c(C(=O)OC[C@H](O)[C@@H]2CCCOC2)c1,3371,3846,2371,1,0,1,17.857142857142858,19.267729830797304,0.6906783004546584,13.307802893154605,5,282.296,0.05789999999999962,3,5,5,1,,,,34.351665344695306,12,7,5,7,4,1,,,,,20.363743651751896,13.19342842601018,44.60610076912261,25.958912328929262,16056,16,5,1.585496952033848,1.2466794354810493,11.611623357653302,10.331988732765863,28,27.1614555648564,5.0,1.4106359319915613,1.7372339491713653,ZINCk6000018TuSi_m01_t05,SER17;ASP15;SER14;GLU21;SER18,1.0,-2.3860651763468206
112,native_first,ZINCk5000003YIGh,CN(CCO)c1ccc(CN=c2[nH]nc(CO)o2)cn1,911,1914,1288,1,0,1,14.285714285714286,16.640486220660865,0.8512805942093278,14.165722997856312,4,279.29999999999995,-0.5806000000000004,3,7,6,1,,,,36.92824579056311,12,7,5,7,4,1,,,,,24.15541841902966,15.824872266520773,51.00610851598994,29.264549367643045,1905,16,10,0.7652914921422167,0.7468416357980953,11.611623357653302,10.152433384827694,28,27.1614555648564,5.0,1.4166175891938173,1.2517106941880214,ZINCk5000003YIGh_m01_t02,SER17;ASP15;SER14;GLU21;SER18,0.0,-15.313163670695282
113,native_first,ZINCk700000Ggd1x,O=C(C=CCO)NCCCCCNC(=O)c1nncs1,10133,3393,2141,1,0,1,14.285714285714286,16.024722079133863,0.7789300340856489,12.482137315312789,4,298.368,0.10289999999999938,3,6,9,1,,,,34.351665344695306,12,7,5,7,4,1,,,,,24.397942145101023,16.066724913433454,50.67476383265861,28.379431424938733,3593,16,5,1.4113966319802684,0.870760473571227,9.413178262414874,8.4625369335707,28,27.1614555648564,5.0,1.4169952054302644,1.2383333932007483,ZINCk700000Ggd1x_m01_t01,SER17;ASP15;SER14;GLU21;SER18,3.0,-21.14925741022499
114,native_first,ZINCk5000009E8KX,C[C@@H](CCNC(=O)c1csnn1)NC(=O)C=CC(N)=O,13202,1445,1027,0,1,1,14.285714285714286,16.024722079133863,0.7647259187046276,12.254520313951973,4,297.34000000000003,-0.7957999999999987,3,6,7,1,,,,38.34275944886656,13,8,5,8,4,1,,,,,23.115991286667477,16.0942014040106,41.007114651416124,29.20669855154711,2001,16,11,1.2102956899204806,1.0215092276573217,9.413178262414874,8.038345187081438,28,27.1614555648564,5.0,1.4176824295851564,1.6474572055895476,ZINCk5000009E8KX_m01_t07,SER17;ASP15;SER14;GLU21;SER18,0.0,-89.49835845446593
115,native_first,ZINCk800000PAiCQ,COc1nc(NCCN=c2cc(F)nc[nH]2)c[nH]c1=O,5625,7698,4681,1,0,1,14.285714285714286,14.477064275896673,0.8941629730107569,12.944854833403589,4,280.2630000000001,-0.34650000000000086,3,6,5,1,,,,36.06504208130489,11,6,5,6,3,1,,,,,19.523392800081346,12.642526662904737,42.83921500116467,26.140052512570765,14511,16,2,0.5903451831640629,0.6496434181363188,8.080270416267007,6.924745030348488,28,27.1614555648564,5.0,1.420519674600952,1.4604331088340499,ZINCk800000PAiCQ_m01_t07,SER17;ASP15;SER14;GLU21;SER18,3.0,-25.696156950088913
116,native_first,ZINCk500000dq2v1,N[C@@H](Cc1cn[nH]c1)C(=O)NC[C@H](O)c1cccnc1,6976,7833,4805,1,0,1,14.285714285714286,16.628609428741346,0.76881050352481,12.784249587828036,4,275.312,-0.4756999999999998,4,5,6,1,,,,35.21365088823171,11,6,5,6,3,1,,,,,21.512800637061932,14.00697747765936,46.35012480145224,26.993140737529842,8770,16,0,1.5364889345985062,0.90979470544591,9.711946045978637,9.279658928750072,28,27.1614555648564,5.0,1.4217745133141546,1.659283157565196,ZINCk500000dq2v1_m02_t02,SER17;ASP15;SER14;GLU21;SER18,3.0,62.16822669047138
117,native_first,ZINCk700000JSO8c,C[C@H]1Cc2c(C(=O)NCCOCCO)n[nH]c2[C@@H](C)O1,8953,1051,765,1,1,1,17.857142857142858,17.077001842636218,0.7368230459727717,12.582728513773853,5,283.32800000000003,0.1705999999999997,3,5,6,1,,,,38.34275944886656,13,8,5,8,4,1,,,,,17.084149596932726,11.679287605907996,31.80063146682897,25.58759353770626,19904,16,5,1.8192796514255538,0.9027662327848102,11.791641997618479,12.050861383785245,28,27.1614555648564,5.0,1.4224638102302485,1.4581192277988932,ZINCk700000JSO8c_m01_t05,SER17;ASP15;SER14;GLU21;SER18,0.0,93.40612587639264
118,native_first,ZINCk800000gv8d3,C[C@@H](O)C(=O)NC1(CCNC(=O)Cc2cnsc2)CC1,10681,5827,3434,1,0,1,14.285714285714286,16.628609428741346,0.7480559429143426,12.439130105571435,4,297.38000000000005,0.2214999999999998,3,5,7,1,,,,32.391143412755326,11,6,5,6,4,1,,,,,19.38282969800673,12.267731025521083,46.14793467819405,24.586155183906172,33586,16,15,1.3403086643274138,1.1946591864632692,9.711946045978637,9.338882678908172,28,27.1614555648564,5.0,1.4227306769601136,1.50913714995796,ZINCk800000gv8d3_m01_t06,SER17;ASP15;SER14;GLU21;SER18,2.0,0.4613742506733308
119,native_first,ZINCk6000018TAQ6,O=C(Nc1ccc(CO)cc1CO)c1c[nH]c(=O)cn1,1263,1124,817,1,1,1,17.857142857142858,19.267729830797304,0.7245812158235684,13.961035106959148,5,275.26399999999995,0.006799999999999584,4,5,4,1,,,,38.072664739456826,12,7,5,7,4,1,,,,,20.725059516024206,13.828671924626015,41.342800567442964,27.664101605397256,5752,16,5,1.5643322057673006,1.1706555043275277,11.611623357653302,11.145658161942055,28,27.1614555648564,5.0,1.4267576522699772,1.2565301892854825,ZINCk6000018TAQ6_m01_t07,SER17;ASP15;SER14;GLU21;SER18,0.0,75.86584650056244
120,native_first,ZINCk500000dp5lf,CO[C@@H](C(=O)Nc1n[nH]c(CCCO)n1)[C@H]1CCOC1,10833,891,681,1,1,1,14.285714285714286,13.94583583618139,0.8910265219129972,12.42610960028234,4,284.31600000000003,-0.2804,3,6,7,1,,,,38.34275944886656,13,8,5,8,4,1,,,,,20.833839008785652,14.577217694724892,36.49971621669736,27.837407184818012,5116,16,15,0.865253445296319,0.6318388027790294,9.078045219098652,9.503301027108373,28,27.1614555648564,5.0,1.4315913261814837,1.4365774170415684,ZINCk500000dp5lf_m01_t03,SER17;ASP15;SER14;GLU21;SER18,2.0,1.1022299001593154
121,native_first,ZINCk500000ge6n9,COC[C@@](C)(O)CC(=O)NCCNC(=O)c1cnco1,5520,736,594,1,1,1,14.285714285714286,16.628609428741346,0.779321381423616,12.95903087116047,4,285.3,-0.6918999999999986,3,6,8,1,,,,38.34275944886656,13,8,5,8,4,1,,,,,22.80754336408028,15.676397074414847,41.84079731227487,29.02162979799479,2316,16,5,1.1923517100316678,1.0219290532697436,9.711946045978637,8.695240578015742,28,27.1614555648564,5.0,1.433262634764586,1.4244588925204487,ZINCk500000ge6n9_m01_t06,SER17;ASP15;SER14;GLU21;SER18,0.0,17.244627856266657
122,native_first,ZINCi60000011tA0,O=C(NCCNC(=O)c1ccns1)c1cc[nH]n1,6863,7140,4225,1,0,1,14.285714285714286,16.628609428741346,0.769551891249366,12.796577834734942,4,265.29800000000006,0.025999999999999635,3,5,5,1,,,,38.92405593253,12,7,5,7,3,1,,,,,17.458788042199345,11.594739541274187,35.323855121543,26.04489519833161,15264,16,8,1.317308228993573,0.9602896893317232,9.711946045978637,8.54253310883811,28,27.1614555648564,5.0,1.4347281763032282,1.5548325464830177,ZINCi60000011tA0_m01_t06,SER17;ASP15;SER14;GLU21;SER18,3.0,-40.95462366710847
123,native_first,ZINCj700001bQpiU,O=C(N[C@H]1C[C@@H](OCCO)C1)[C@H]1C[C@@H]1c1cn[nH]c1,132,5808,3422,1,0,1,14.285714285714286,16.628609428741346,0.9022771156174728,15.003613752094253,4,265.313,0.16929999999999917,3,4,6,1,,,,32.391143412755326,11,6,5,6,4,1,,,,,19.464747243119483,12.38152014042455,45.486944248412144,24.635305710973824,32802,16,11,0.8761993389429537,0.5294524897965242,9.711946045978637,9.211847341031474,28,27.1614555648564,5.0,1.4350101004286462,1.1495370545566554,ZINCj700001bQpiU_m01_t01,SER17;ASP15;SER14;GLU21;SER18,2.0,12.28737983473073
124,native_first,ZINCk500000gcaHp,CN1C(=O)NC[C@H]1C(=O)NCCNC(=O)c1cnsc1,9801,902,685,1,1,1,14.285714285714286,16.628609428741346,0.7521418455466556,12.507072984608035,4,297.34,-0.987299999999999,3,5,5,1,,,,38.34275944886656,13,8,5,8,4,1,,,,,20.66135181574333,13.947032716286737,39.841830466830466,27.73391486899262,5491,16,8,1.56771918587045,1.0118310411732379,9.711946045978637,9.623966329142885,28,27.1614555648564,5.0,1.4363482571338746,1.723810525366045,ZINCk500000gcaHp_m01_t04,SER17;ASP15;SER14;GLU21;SER18,0.0,-63.66525266869296
125,native_first,ZINCk7000009L62t,O=C(NC1CC(N=c2[nH]nco2)C1)c1ccnc(O)c1,8783,6942,4029,1,0,1,14.285714285714286,16.628609428741346,0.7577911100993455,12.601012398414348,4,275.268,-0.03500000000000031,3,6,3,1,,,,38.92405593253,12,7,5,7,3,1,,,,,23.747620381818766,16.036664230567336,45.741768833371886,29.818194602103258,1222,16,14,1.3298241454019213,1.152057261153981,9.711946045978637,9.902899482205747,28,27.1614555648564,5.0,1.4387527002407168,1.7925004395814035,ZINCk7000009L62t_m01_t04,SER17;ASP15;SER14;GLU21;SER18,3.0,-55.693783988416705
126,native_first,ZINCk6000009JKMG,O=C(C=CCO)NCC1(N=c2cc(Cl)c(O)n[nH]2)CC1,3800,5271,3194,1,0,1,14.285714285714286,15.18474175275134,0.8704865461956526,13.218113403225432,4,298.7300000000001,-0.13330000000000042,4,5,5,1,,,,33.53556236164904,11,6,5,6,4,1,,,,,17.87515609983423,11.505143195259947,40.048882681564244,24.139318604560156,41656,16,6,1.1178849626942862,0.5599083981291252,11.611623357653302,11.140165997528696,28,27.1614555648564,5.0,1.440509357085456,1.9140536235526309,ZINCk6000009JKMG_m01_t03,SER17;ASP15;SER14;GLU21;SER18,2.0,3.8806066268892723
127,native_first,ZINCk800000ds4im,C[C@H](CO)NC(=O)C(=O)Nc1nc(-c2ccno2)cs1,1942,7735,4717,1,0,1,14.285714285714286,17.03922758205644,0.8033777318305293,13.688936007016697,4,296.308,0.23359999999999947,3,7,4,1,,,,36.06504208130489,11,6,5,6,3,1,,,,,17.67449930916865,11.501023326295458,38.15542420027815,25.030716418023147,26884,16,9,1.1556681163236495,0.9400727873877371,13.92267653865448,13.141890508452681,28,27.1614555648564,5.0,1.4405574152626799,1.8429845694772706,ZINCk800000ds4im_m01_t01,SER17;ASP15;SER14;GLU21;SER18,1.0,37.5848471338078
128,native_first,ZINCk7000004gbvS,Cc1[nH]c(C=O)cc1C(=O)NCc1nc(C(N)=O)co1,4445,85,85,1,1,1,17.857142857142858,19.267729830797304,0.6800957306605419,13.10390079744601,5,276.25199999999995,0.1525200000000001,3,5,5,1,,,,42.87986182667435,14,9,5,9,4,1,,,,,24.434097424325202,17.444600090739144,40.76890185071485,31.81240318526486,196,16,5,1.4715456731829164,1.3157881662855722,11.611623357653302,9.983949381066811,28,27.1614555648564,5.0,1.4407444802256553,1.153683142355599,ZINCk7000004gbvS_m01_t03,SER17;ASP15;SER14;GLU21;SER18,3.0,76.45137940095293
129,native_first,ZINCk600000dqWC3,COCc1ncc(C(=O)OCc2cc(O)nc(O)n2)s1,9467,7403,4389,1,0,1,14.285714285714286,17.03922758205644,0.7356970450628239,12.535709382271888,4,297.292,0.8476999999999999,2,9,5,1,,,,36.74488997860436,12,7,5,7,3,1,,,,,25.2817040194056,16.591034673637076,53.09243441122638,29.866978403085103,1171,16,10,1.3257342598575375,1.0229454228006913,13.92267653865448,12.175134671284587,28,27.1614555648564,5.0,1.4410350052204375,1.4175873093918874,ZINCk600000dqWC3_m01_t07,SER17;ASP15;SER14;GLU21;SER18,2.0,-52.8185002972671
130,native_first,ZINCj600000d86St,Cc1nc(CO)sc1C(=O)NNC(=O)c1ccon1,9086,7580,4565,1,0,1,14.285714285714286,16.628609428741346,0.7559607281768288,12.57057569231939,4,282.281,0.006620000000000181,3,7,3,1,,,,36.74488997860436,12,7,5,7,3,1,,,,,18.04019779949381,11.74317012128569,38.898929654396866,25.52207467113803,20578,16,10,1.286321673475044,1.0475783498042703,9.711946045978637,10.980667722415905,28,27.1614555648564,5.0,1.4411812224678513,1.4061643089510636,ZINCj600000d86St_m01_t02,SER17;ASP15;SER14;GLU21;SER18,2.0,66.15027574025558
131,native_first,ZINCk600000AJ4gR,C[C@H](O)[C@@H](N)C(=O)Nc1ccc(-c2cc(O)n[nH]2)cc1,921,7816,4792,1,0,1,14.285714285714286,16.640486220660865,0.8509702509137447,14.160558734522487,4,276.29600000000005,0.4288999999999996,5,5,4,1,,,,35.7370213508628,11,7,4,7,3,1,,,,,18.030893840799102,11.299429863842294,44.60165101526359,25.11334484482458,25717,16,12,1.1547478715027244,0.6959256925354764,11.611623357653302,11.765663048926102,28,27.1614555648564,5.0,1.441847299138453,1.3396303418527726,ZINCk600000AJ4gR_m01_t02,SER17;ASP15;SER14;GLU21;SER18,1.0,20.087307558256462
132,native_first,ZINCk500000dq2uG,N[C@@H](Cc1cn[nH]c1)C(=O)NCCOC[C@@H]1CCCO1,1578,2346,1646,1,0,1,14.285714285714286,16.024722079133863,0.8621872890028615,13.816311686432723,4,282.344,-0.40869999999999984,3,5,8,1,,,,36.38223751692659,12,7,5,7,4,1,,,,,21.54076256658208,14.235922597718103,44.24310674310675,27.477352546719878,6474,16,14,1.0760621086265403,0.6837343509580648,9.413178262414874,9.584455859998025,28,27.1614555648564,5.0,1.4422598054677165,1.5277127233371952,ZINCk500000dq2uG_m01_t03,SER17;ASP15;SER14;GLU21;SER18,3.0,48.93145821070575
133,native_first,ZINCk5000009FOpe,Cc1nnsc1C(=O)NCCN=c1[nH]nc(C(N)=O)s1,14728,1189,868,0,1,1,14.285714285714286,17.4744052530532,0.6955223544312943,12.153839483890138,4,313.368,-0.9392800000000001,3,8,5,1,,,,43.53425598618965,14,8,6,8,4,1,,,,,27.61784239526363,20.019718940050804,44.51130639044547,33.98440783163404,26,16,9,1.287175080552127,1.4662798250832765,11.322353863044563,10.229114756129885,28,27.1614555648564,5.0,1.4422848851807768,1.5703199911569254,ZINCk5000009FOpe_m01_t07,SER17;ASP15;SER14;GLU21;SER18,3.0,-33.21287213864848
134,native_first,ZINCk500000dq3yU,N[C@H](CCO)C(=O)NCc1nc(-c2ccncc2)n[nH]1,2269,1105,798,1,1,1,14.285714285714286,17.03922758205644,0.7968604978937506,13.577887374762422,4,276.29999999999995,-0.8073999999999992,4,6,6,1,,,,38.072664739456826,12,7,5,7,4,1,,,,,22.560106237252796,15.348179526437825,42.55725190839695,28.76512963813441,2765,16,1,0.9222156211746927,1.0912611065702393,13.92267653865448,12.897205775660845,28,27.1614555648564,5.0,1.4430675919239841,1.2733697586266506,ZINCk500000dq3yU_m01_t02,SER17;ASP15;SER14;GLU21;SER18,2.0,43.13249478757056
135,native_first,ZINCj7000018TAXd,O=C(N=c1ccc(O)n[nH]1)NCCOc1cn[nH]c1,2610,462,402,1,1,1,14.285714285714286,16.628609428741346,0.8107438829503357,13.481543376322323,4,264.24499999999995,-0.47230000000000105,4,5,4,1,,,,39.20474499240297,12,7,5,7,4,1,,,,,23.384265361925408,16.230152733318945,41.81671676213162,29.71245721411644,1332,16,11,1.075314909510852,1.0125230797287488,9.711946045978637,9.688526271255316,28,27.1614555648564,5.0,1.4440070450446922,1.4258895584818831,ZINCj7000018TAXd_m01_t01,SER17;ASP15;SER14;GLU21;SER18,2.0,-47.2636495714701
136,native_first,ZINCj5000002giI6,NC(=O)c1ccc(=NCc2cnn(CCO)c2)[nH]c1,4265,8022,4985,1,0,1,17.857142857142858,19.267729830797304,0.6813906420096307,13.128850799475089,5,261.28499999999997,-0.5967,3,5,5,1,,,,34.932961828358735,11,6,5,6,3,1,,,,,19.349917575476557,12.226505381787346,46.360484250117544,25.58313527662943,19955,16,3,1.9290782599056662,1.195762571349835,11.611623357653302,11.751569771563812,28,27.1614555648564,5.0,1.4441287900048891,1.4456163414228143,ZINCj5000002giI6_m01_t06,SER17;ASP15;SER14;GLU21;SER18,0.0,-30.1835996919269
137,native_first,ZINCk700000JUkpo,O=C(CCC(=O)N1CC(CO)C1)c1c[nH]c(C(=O)O)c1,695,5683,3359,1,0,1,17.857142857142858,21.697772545463838,0.6595815770336255,14.311451033653942,5,280.28,0.1264999999999996,3,4,6,1,,,,32.391143412755326,11,6,5,6,4,1,,,,,20.064768034059494,12.707698695306,47.65365148228489,24.99531818553783,27337,16,2,1.8197801223623455,1.3233176280580266,15.443445405737666,14.369345338685042,28,27.1614555648564,5.0,1.445220290576127,0.9498542282750145,ZINCk700000JUkpo_m01_t02,SER17;ASP15;SER14;GLU21;SER18,3.0,37.31993165259941
138,native_first,ZINCk600000kHqjb,C[C@H](NC(=O)CC(=O)O)c1cn([C@H]2CCC[C@@H]2O)nn1,8528,6009,3536,1,0,1,14.285714285714286,15.18474175275134,0.8314970408278126,12.626067833147271,4,282.29999999999995,0.01590000000000008,3,6,5,1,,,,32.391143412755326,11,6,5,6,4,1,,,,,18.78418547838706,11.890424639617974,44.70021413276232,24.226968652134367,39900,16,1,0.9676598495014934,0.91496392926231,11.611623357653302,10.950806953876489,28,27.1614555648564,5.0,1.4460659181208109,1.9223254515452126,ZINCk600000kHqjb_m01_t03,SER17;ASP15;SER14;GLU21;SER18,3.0,-49.958110342738
139,native_first,ZINCk500000gbpei,CCc1n[nH]cc1C(=O)NCCNC(=O)c1cnns1,12872,1287,932,0,1,1,14.285714285714286,16.628609428741346,0.7381990657114936,12.275223944378196,4,294.34,-0.01660000000000056,3,6,6,1,,,,40.91933989473438,13,8,5,8,4,1,,,,,21.591861086386686,14.755254307895127,40.23331006050935,29.322852609725757,1815,16,12,1.2377221756132308,1.1128102625151461,9.711946045978637,8.115077670816895,28,27.1614555648564,5.0,1.4480953921400443,1.6127368092634906,ZINCk500000gbpei_m01_t07,SER17;ASP15;SER14;GLU21;SER18,2.0,-33.53184131465489
140,native_first,ZINCk500000ggl8F,C[C@H](C(=O)NCC#CCO)n1cc([C@H]2C[C@H]2CO)nn1,2695,6474,3777,1,0,1,17.857142857142858,19.267729830797304,0.6984349794869598,13.457256489133197,5,278.312,-0.9531999999999998,3,6,5,1,,,,31.8044562527589,11,7,4,7,4,1,,,,,18.839807336344162,11.671081155932352,48.83686905632772,24.025666902910057,44040,16,2,1.6473144750664945,1.2556375194044083,11.611623357653302,10.939553319597126,28,27.1614555648564,5.0,1.449014910712455,1.5663628458160317,ZINCk500000ggl8F_m01_t01,SER17;ASP15;SER14;GLU21;SER18,3.0,-33.67797951529431
141,native_first,ZINCk50000040Ogj,COCC(=O)NCCC(=O)NCCN=c1cc[nH]cc1,2018,2270,1607,1,0,1,14.285714285714286,14.477064275896673,0.9438365510449594,13.66398241541851,4,280.32800000000003,-0.8156999999999979,3,4,8,1,,,,36.38223751692659,12,7,5,7,4,1,,,,,23.03455655327202,15.225823114163667,47.28540424323557,28.373628938733848,3610,16,7,0.5175560130726047,0.41154561684957147,8.080270416267007,8.846215856125463,28,27.1614555648564,5.0,1.4493164144544148,1.180135601219003,ZINCk50000040Ogj_m01_t02,SER17;ASP15;SER14;GLU21;SER18,0.0,-53.81441908153474
142,native_first,ZINCj5000009h6H8,C[C@@H](CN(C)C(=O)[C@H]1C[C@@H](O)C1)N=c1[nH]nc(O)s1,8193,5975,3519,1,0,1,14.285714285714286,15.18474175275134,0.8337725967975372,12.660621562891471,4,286.35699999999997,-0.3047000000000009,3,6,4,1,,,,32.391143412755326,11,6,5,6,4,1,,,,,18.907782932324082,11.970678511216454,44.965860597439544,24.30112712449658,38551,16,8,0.8899567172439496,0.8050529718111886,11.611623357653302,10.23721772632641,28,27.1614555648564,5.0,1.4498638489829831,1.1942750355846512,ZINCj5000009h6H8_m01_t06,SER17;ASP15;SER14;GLU21;SER18,1.0,-44.86327880571741
143,native_first,ZINCk5000009GllL,O=C(Cc1cn[nH]c1)NCC[C@H]1CCCN1C(=O)CO,9246,3960,2435,1,0,1,14.285714285714286,14.477064275896673,0.8672673002167025,12.555484449620579,4,280.328,-0.5582,3,4,6,1,,,,34.351665344695306,12,7,5,7,4,1,,,,,19.993993395670635,13.179684781982292,41.39810806477473,25.7370621752805,18268,16,4,0.7859767149935386,0.8415661779535236,8.080270416267007,7.680342560395612,28,27.1614555648564,5.0,1.4506681704353592,1.6271237835412773,ZINCk5000009GllL_m01_t07,SER17;ASP15;SER14;GLU21;SER18,1.0,-6.427299547890561
144,native_first,ZINCk700000PC4gX,O=C(CCNC(=O)CC1(O)CCC1)NCc1cnco1,3920,3786,2344,1,0,1,14.285714285714286,16.628609428741346,0.7933019645141303,13.1915085269587,4,281.31199999999995,0.10219999999999946,3,5,7,1,,,,34.351665344695306,12,7,5,7,4,1,,,,,20.688251967503646,13.435013124114645,44.9623237724842,26.153617318380306,14398,16,0,1.2757143963425057,0.9685363638616148,9.711946045978637,9.989675346918743,28,27.1614555648564,5.0,1.4507132798989586,1.930140560064773,ZINCk700000PC4gX_m01_t05,SER17;ASP15;SER14;GLU21;SER18,1.0,-74.63912942246978
145,native_first,ZINCk7000009L5De,O=C(Cc1ccc(O)cn1)Nc1nc(SCCO)n[nH]1,10316,7930,4897,1,0,1,14.285714285714286,16.628609428741346,0.7497819284474883,12.467830844881773,4,295.32399999999996,0.17089999999999977,4,7,6,1,,,,34.932961828358735,11,6,5,6,3,1,,,,,20.7481695145513,13.308229557167586,47.053131597466574,26.422086440074278,12323,16,11,1.1806989531143366,1.2678773711766025,9.711946045978637,9.064979504427582,28,27.1614555648564,5.0,1.4518166503265335,1.3553351163952543,ZINCk7000009L5De_m01_t01,SER17;ASP15;SER14;GLU21;SER18,1.0,-48.25570100791748
146,native_first,ZINCk5000009E5ID,C[C@@H](CCCCNC(=O)C(N)=O)NC(=O)c1cnoc1,4444,624,534,1,1,1,14.285714285714286,16.024722079133863,0.817737602629667,13.104017815797617,4,282.3,-0.43529999999999847,3,5,7,1,,,,38.34275944886656,13,8,5,8,4,1,,,,,25.255997776544937,17.66583740555907,44.28172406724066,30.490702445473584,692,16,4,1.2267342847838092,0.8372792622661039,9.413178262414874,9.872060979064544,28,27.1614555648564,5.0,1.454023230608253,1.6568521924353905,ZINCk5000009E5ID_m01_t06,SER17;ASP15;SER14;GLU21;SER18,3.0,-19.79782535302055
147,native_first,ZINCk5000009Emnr,C[C@@H](CNC(=O)c1cc(O)no1)NC(=O)c1cc[nH]n1,11496,138,124,1,1,1,14.285714285714286,16.024722079133863,0.7721158292406315,12.372941576481098,4,279.256,-0.34840000000000043,4,6,5,1,,,,42.06375884362809,13,8,5,8,4,1,,,,,23.152202949649656,16.688664821714582,37.78724376550463,30.71682530724103,571,16,13,1.0838472659102407,1.2119786003298225,9.413178262414874,8.907192168132504,28,27.1614555648564,5.0,1.4542080117797163,1.193951128999861,ZINCk5000009Emnr_m01_t03,SER17;ASP15;SER14;GLU21;SER18,3.0,-44.12975918446943
148,native_first,ZINCk8000018SSQ5,C[C@@H](O)CNc1cc(=NC[C@H]2C[C@H](O)CCO2)[nH]cn1,350,2900,1870,1,0,1,17.857142857142858,19.267729830797304,0.7601483757477476,14.646333535226995,5,282.34399999999994,-0.35699999999999993,4,6,5,1,,,,35.53084632385342,12,7,5,7,4,1,,,,,20.118187097249752,13.128259523886884,43.02745167443414,26.283250787891216,13358,16,8,1.0280097406090098,1.0871856115880245,11.611623357653302,9.911425211873366,28,27.1614555648564,5.0,1.4544000938409465,1.6279098618157986,ZINCk8000018SSQ5_m01_t05,SER17;ASP15;SER14;GLU21;SER18,0.0,-39.99051126871931
149,native_first,ZINCk5000009FG9y,Cc1n[nH]c(=NC2CC(NC(=O)Cn3cnnn3)C2)s1,7213,7451,4437,1,0,1,14.285714285714286,16.628609428741346,0.7673780895297464,12.760430534963861,4,294.34400000000005,-0.9857799999999999,2,8,4,1,,,,36.74488997860436,12,7,5,7,3,1,,,,,21.509504378356826,14.136946237920123,44.952877129309854,27.60365861845584,5987,16,5,1.3399809153773012,1.0575904849818796,9.711946045978637,10.280392955885294,28,27.1614555648564,5.0,1.457555518121335,1.5215597565777725,ZINCk5000009FG9y_m01_t06,SER17;ASP15;SER14;GLU21;SER18,3.0,-40.88939307730598
150,native_first,ZINCk800000PCq7R,O=C(N[C@H]1C[C@@H](C(=O)NCCF)C1)c1csc(CO)n1,2490,4368,2671,1,0,1,17.857142857142858,19.267729830797304,0.7014372381697829,13.515103198315998,5,301.343,0.22949999999999965,3,5,6,1,,,,34.351665344695306,12,7,5,7,4,1,,,,,18.847506595410696,12.254474473248777,40.796368510845724,25.04917009512454,26676,16,12,1.5763594886245773,1.3307882463951073,11.611623357653302,11.574026923488253,28,27.1614555648564,5.0,1.4579874867567697,1.2923361619157676,ZINCk800000PCq7R_m01_t05,SER17;ASP15;SER14;GLU21;SER18,3.0,12.019924593256171
151,native_first,ZINCk6000018StfY,Cc1noc(C(=O)NCc2cc(CO)on2)c1C(=O)O,14088,1199,876,0,1,1,14.285714285714286,16.628609428741346,0.7334166236440751,12.19569858312351,4,281.224,0.09152000000000005,3,7,5,1,,,,42.87986182667435,14,9,5,9,4,1,,,,,22.429547811161456,15.937638818753456,37.845040928992965,30.60967341736661,621,16,1,1.2309978208861752,1.3559656299598597,9.711946045978637,9.279891078571014,28,27.1614555648564,5.0,1.4656880656285236,1.5588515744129032,ZINCk6000018StfY_m01_t01,SER17;ASP15;SER14;GLU21;SER18,1.0,-64.09501564199698
152,native_first,ZINCk5000004283R,COc1cc(CC(=O)NCc2cc(C(N)=O)no2)on1,9208,6883,3974,1,0,1,14.285714285714286,16.628609428741346,0.7552352244261412,12.558511573810119,4,280.24,-0.37100000000000016,2,7,6,1,,,,39.35980607005963,13,7,6,7,3,1,,,,,24.30849628270101,16.727607505586324,44.455612656187014,30.329020197644464,814,16,0,1.1326592402616071,1.1977440901156422,9.711946045978637,8.628775229277561,28,27.1614555648564,5.0,1.4683254703461992,1.5286336776742018,ZINCk5000004283R_m01_t03,SER17;ASP15;SER14;GLU21;SER18,0.0,-41.80170001827949
153,native_first,ZINCk500000geSBe,COc1cnnc(C(=O)NCCCNC(=O)[C@@H](C)O)c1,7003,2248,1599,1,0,1,14.285714285714286,16.628609428741346,0.7686176576319071,12.781042828795018,4,282.29999999999995,-0.897899999999999,3,6,7,1,,,,36.38223751692659,12,7,5,7,4,1,,,,,23.685826094802522,15.800040804209491,47.28644635435582,28.76439066365215,2769,16,13,1.0974975143344836,1.2415542154754788,9.711946045978637,9.44525737786008,28,27.1614555648564,5.0,1.47297695788418,1.049215688392329,ZINCk500000geSBe_m01_t02,SER17;ASP15;SER14;GLU21;SER18,2.0,6.672888429054087
154,native_first,ZINCk700000gsU6V,Cn1[nH]c(=NC(=O)NCCC[C@@H]2C=NNC2=O)cc1F,4327,2358,1651,1,0,1,14.285714285714286,16.628609428741346,0.7890011071979722,13.119991250439561,4,282.279,-0.3853999999999991,3,4,4,1,,,,36.38223751692659,12,7,5,7,4,1,,,,,21.450405340213948,14.296584373594223,42.93401759530793,27.423138210899,6720,16,4,0.9957074910030351,1.1835027369240252,9.711946045978637,9.413511477620611,28,27.1614555648564,5.0,1.473743217482111,1.3470746910916542,ZINCk700000gsU6V_m01_t05,SER17;ASP15;SER14;GLU21;SER18,1.0,-56.59522545070428
155,native_first,ZINCk800000JTO7D,COCCN(C)CCNc1cc(=NC[C@H](C)O)[nH]cn1,5262,616,526,1,1,1,14.285714285714286,16.640486220660865,0.7806366376562047,12.990173212261103,4,283.37600000000003,-0.3186999999999977,3,6,9,1,,,,38.34275944886656,13,8,5,8,4,1,,,,,25.43857908455582,17.110709156836144,49.55938697318007,30.60025123028012,629,16,2,0.9903845480879875,1.026467402159646,11.611623357653302,10.063779995515896,28,27.1614555648564,5.0,1.4819955815840669,1.3549938565905322,ZINCk800000JTO7D_m02_t05,SER17;ASP15;SER14;GLU21;SER18,0.0,1.132296976924502
156,native_first,ZINCj600000foEjk,O=C(NCCNC(=O)c1ccns1)c1csc(O)n1,7166,6995,4081,1,0,1,14.285714285714286,16.628609428741346,0.7676691554192044,12.765270555957688,4,298.34900000000005,0.4649999999999998,3,7,5,1,,,,38.92405593253,12,7,5,7,3,1,,,,,21.869927536913156,14.581369984316106,43.7270954013477,28.691578895159896,2899,16,2,1.4088536945939383,1.035733013125429,9.711946045978637,9.790829820734814,28,27.1614555648564,5.0,1.4823886382665497,1.57039994294596,ZINCj600000foEjk_m01_t06,SER17;ASP15;SER14;GLU21;SER18,3.0,-46.221386766251804
157,native_first,ZINCj800000JUuWk,O=C(O)c1cncc(CNC[C@@H]2C[C@H](CO)CO2)c1,2930,5580,3308,1,0,1,17.857142857142858,19.267729830797304,0.6954935783094043,13.40058236592007,5,266.29699999999997,0.2668,3,5,6,1,,,,32.391143412755326,11,6,5,6,4,1,,,,,20.71138886531911,13.038574890742009,50.327809798270884,25.3832906842936,22197,16,15,1.829653854395324,1.176436550681323,11.611623357653302,11.436631987459526,28,27.1614555648564,5.0,1.483096075566179,1.5909118552764305,ZINCj800000JUuWk_m01_t01,SER17;ASP15;SER14;GLU21;SER18,0.0,42.5545959131615
158,native_first,ZINCj600000EmZyX,C[C@H](O)CC(=O)N[C@@H]1C[C@H]1C(=O)NCc1cncs1,2839,5835,3438,1,0,1,14.285714285714286,16.628609428741346,0.8073458977754279,13.425039608004127,4,283.353,0.03489999999999954,3,5,6,1,,,,32.391143412755326,11,6,5,6,4,1,,,,,19.373931343606646,12.271173427685891,45.9987922705314,24.58081617126612,33668,16,3,1.285051390738511,0.8793299592441931,9.711946045978637,9.584462693791611,28,27.1614555648564,5.0,1.4837601937417308,1.345555854761261,ZINCj600000EmZyX_m01_t06,SER17;ASP15;SER14;GLU21;SER18,3.0,-25.14381977965853
159,native_first,ZINCi7000018Wpoq,O=C(CNC(=O)N=c1cco[nH]1)Nc1cn[nH]c1,6180,468,408,1,1,1,14.285714285714286,16.628609428741346,0.7742469064067735,12.874649408049493,4,250.21800000000005,-0.42020000000000035,4,4,3,1,,,,39.20474499240297,12,7,5,7,4,1,,,,,21.086419748963795,14.653243099130083,37.58904341926731,28.33374984633947,3701,16,6,1.1966078507989468,1.082506498962913,9.711946045978637,8.879870856044343,28,27.1614555648564,5.0,1.4860736470636984,1.7519187506977087,ZINCi7000018Wpoq_m01_t06,SER17;ASP15;SER14;GLU21;SER18,0.0,-88.05003739020914
160,native_first,ZINCk8000004k9jY,O=C(N[C@H](CO)CCO)c1cc(-c2ccncc2)no1,11303,7941,4907,1,0,1,14.285714285714286,15.078271382211097,0.8215874393022179,12.388118374014729,4,277.28000000000003,0.2096999999999996,3,6,6,1,,,,34.932961828358735,11,6,5,6,3,1,,,,,20.5304297230644,13.284071203259812,45.170697012802286,26.291442565182138,13293,16,6,1.0194529336116183,0.9648905038050309,10.208635413217566,9.763440266863816,28,27.1614555648564,5.0,1.4865783297894362,1.4640966232943624,ZINCk8000004k9jY_m01_t02,SER17;ASP15;SER14;GLU21;SER18,0.0,19.767095195317708
161,native_first,ZINCk600000EmDb7,O=C(CO)NCCc1cnc(NC(=O)c2ccno2)s1,44,6941,4028,1,0,1,14.285714285714286,17.4744052530532,0.8807542170857766,15.390656117692453,4,296.308,0.0343999999999996,3,7,6,1,,,,38.92405593253,12,7,5,7,3,1,,,,,23.8128938789746,16.230595638014584,44.6905828715167,29.857358700396762,1185,16,10,0.9762232699562798,0.6386453133648664,11.322353863044563,11.423127911578256,28,27.1614555648564,5.0,1.4868569349155574,1.4625401341286695,ZINCk600000EmDb7_m01_t05,SER17;ASP15;SER14;GLU21;SER18,2.0,-46.0433508198663
162,native_first,ZINCj7000002p21C,O=C(O)C[C@H]1C[C@H](NC(=O)c2csc(O)n2)CCO1,14850,1507,1054,0,1,1,14.285714285714286,16.628609428741346,0.7304085308795387,12.145678183416612,4,286.3090000000001,0.6007999999999999,3,6,4,1,,,,38.34275944886656,13,8,5,8,4,1,,,,,20.803220484606204,14.458853033496249,37.06836429203239,27.819036070310343,5181,16,2,1.3551037802879355,1.3000888407841094,9.711946045978637,9.448116791391548,28,27.1614555648564,5.0,1.488630128829248,1.81994561892793,ZINCj7000002p21C_m01_t01,SER17;ASP15;SER14;GLU21;SER18,0.0,-66.8548998842401
163,native_first,ZINCk800000PA2aF,CNC(=O)CCNc1ncnc(NC2CC(O)C2)c1C,387,3166,1990,1,0,1,17.857142857142858,19.267729830797304,0.7574675108482156,14.594679354629944,5,279.34400000000005,0.26821999999999996,4,6,6,1,,,,34.94415916385699,12,8,4,8,4,1,,,,,20.10543826607445,13.04417617398502,43.83463897491953,26.040926625187467,15302,16,13,1.3887664882100725,1.1014294327941,11.611623357653302,11.240520132354144,28,27.1614555648564,5.0,1.4923049243523436,1.6360828996488472,ZINCk800000PA2aF_m01_t05,SER17;ASP15;SER14;GLU21;SER18,2.0,-97.02610076496472
164,native_first,ZINCk600000gqzTe,O=C(N=c1nc(N2CCOCC2)[nH]s1)NCC=CCO,11318,3622,2249,1,0,1,17.857142857142858,16.545773402920933,0.7486195256823084,12.386489036941622,5,299.35600000000005,-0.5333999999999997,3,6,4,1,,,,34.351665344695306,12,7,5,7,4,1,,,,,21.49928516486442,13.873655630059067,47.73886570293758,26.64023723679677,10905,16,4,1.2456966832697196,1.2443389725670901,11.791641997618479,11.266202666760835,28,27.1614555648564,5.0,1.4937474030304376,1.6568118523714641,ZINCk600000gqzTe_m01_t01,SER17;ASP15;SER14;GLU21;SER18,3.0,-121.2082383806964
165,native_first,ZINCk50000046fCc,NC(=O)Cn1cc(CNCc2cc(O)cc(O)c2)nn1,898,3092,1943,1,0,1,17.857142857142858,19.267729830797304,0.7354711635862835,14.170859678322639,5,277.284,-0.5356000000000007,4,7,6,1,,,,35.525455647520424,11,7,4,7,4,1,,,,,20.7451238575697,13.34478839550402,46.57102869139258,26.657256573549994,10800,16,12,1.4075277370555195,1.2186729013455633,11.611623357653302,11.162024646229465,28,27.1614555648564,5.0,1.4942461772477758,1.2624144814704716,ZINCk50000046fCc_m01_t02,SER17;ASP15;SER14;GLU21;SER18,3.0,-18.315943848436874
166,native_first,ZINCk700000GgcRw,O=C(CCCCO)NCC(=O)N1Cc2[nH]nc(I)c2C1,45,4177,2565,1,0,1,14.285714285714286,16.628609428741346,0.9251036276376989,15.383186905099063,4,392.19700000000006,0.1352999999999996,3,4,6,1,,,,34.351665344695306,12,7,5,7,4,1,,,,,19.315035820932376,12.614677038560021,41.19713013657424,25.329687630437547,22838,16,7,0.5613959897624882,0.5851369756195742,9.711946045978637,9.203006873801048,28,27.1614555648564,5.0,1.4976415338956426,1.2424159057501636,ZINCk700000GgcRw_m01_t08,SER17;ASP15;SER14;GLU21;SER18,1.0,-2.5292301471443963
167,native_first,ZINCj5000002gxyf,NCc1nc[nH]c1C(=O)NCCOC[C@H]1CCOC1,8844,822,633,1,1,1,14.285714285714286,16.024722079133863,0.7859438816444746,12.594532273148383,4,268.31699999999995,-0.34870000000000023,3,5,7,1,,,,38.34275944886656,13,8,5,8,4,1,,,,,21.746320707142612,14.751238962017135,41.358776559750964,28.384896203832188,3583,16,10,1.1159884940582132,1.1327973623648773,9.413178262414874,9.348116886945624,28,27.1614555648564,5.0,1.4981546445209653,1.401315879349445,ZINCj5000002gxyf_m01_t07,SER17;ASP15;SER14;GLU21;SER18,1.0,-4.957553514176986
168,native_first,ZINCk50000047GBx,O=C(NCc1cnn(CCO)c1)NCC1(CCO)CC1,7613,6511,3793,1,0,1,17.857142857142858,16.545773402920933,0.7687953087689123,12.720312972119055,5,282.34400000000005,-0.16280000000000028,4,5,8,1,,,,31.8044562527589,11,7,4,7,4,1,,,,,18.53525822106079,11.485324013857886,47.99655850540808,23.842937433740037,47962,16,12,1.4041240489361242,0.9952149426304675,11.791641997618479,11.177572552855505,28,27.1614555648564,5.0,1.498768774390854,1.281586884594235,ZINCk50000047GBx_m01_t03,SER17;ASP15;SER14;GLU21;SER18,3.0,-68.79622961880828
169,native_first,ZINCk6000004dmlX,Cc1ccc(C(=O)NCc2nc(CO)n[nH]2)cc1CO,9429,459,399,1,1,1,17.857142857142858,19.267729830797304,0.6507792617753361,12.53903899537289,5,276.29600000000005,0.02771999999999969,4,5,5,1,,,,39.48126154166477,13,9,4,9,4,1,,,,,20.82647620039502,14.050068694895392,40.22917945569881,28.288390336902918,3807,16,9,1.8031839358678294,1.467654833921337,11.611623357653302,11.011512910679116,28,27.1614555648564,5.0,1.4989072347819643,1.418284377830543,ZINCk6000004dmlX_m01_t01,SER17;ASP15;SER14;GLU21;SER18,3.0,47.9185641082525
170,native_first,ZINCk700000Ja40T,O=C(C[C@@H]1CCN(CCCO)C1)NCCc1cc[nH]n1,9323,3755,2326,1,0,1,17.857142857142858,19.267729830797304,0.6512840448534658,12.548765019345453,5,280.37199999999996,0.162800000000001,3,4,8,1,,,,34.351665344695306,12,7,5,7,4,1,,,,,20.81206371495525,13.569879578455005,44.631920259397155,26.227904366851273,13787,16,0,1.5549202810207623,1.4485800930471329,11.611623357653302,9.97505524558061,28,27.1614555648564,5.0,1.499269307478143,1.1916870411378528,ZINCk700000Ja40T_m01_t04,SER17;ASP15;SER14;GLU21;SER18,0.0,-16.113560402387005
171,native_first,ZINCk600000JUdl7,NC(=O)C[C@]1(O)CCCN(Cc2ncc(C(=O)O)s2)C1,4473,727,588,1,1,1,17.857142857142858,19.267729830797304,0.6798660219618274,13.099474832299398,5,299.35200000000003,0.04359999999999936,3,6,5,1,,,,38.34275944886656,13,8,5,8,4,1,,,,,22.938572925740434,15.892826329991221,41.20667686034658,29.100247534990885,2191,16,11,1.7393794307652533,1.3450956875117035,11.611623357653302,11.350301565309639,28,27.1614555648564,5.0,1.500378974791666,1.926837201660024,ZINCk600000JUdl7_m01_t03,SER17;ASP15;SER14;GLU21;SER18,3.0,-23.70377606737122
172,native_first,ZINCk50000041fdj,COCCn1cc(NC(=O)C(=O)N[C@H]2C[C@H](O)C2)cn1,2976,679,560,1,1,1,14.285714285714286,17.03922758205644,0.7857618543498516,13.388775061565807,4,282.29999999999995,-0.8924999999999987,3,6,5,1,,,,38.34275944886656,13,8,5,8,4,1,,,,,23.66812975355696,15.94526245890242,45.898370644211695,29.5379816316808,1519,16,3,1.5084802746378065,0.8107399445146074,13.92267653865448,13.404390938803946,28,27.1614555648564,5.0,1.5007118528055108,1.2532183303152622,ZINCk50000041fdj_m01_t04,SER17;ASP15;SER14;GLU21;SER18,3.0,63.41576999729784
173,native_first,ZINCk600000PzhZ4,CC(=O)NCc1cc(C(=O)N2CC[C@]2(C)CCO)n[nH]1,8209,5091,3122,1,0,1,17.857142857142858,19.267729830797304,0.6569985355948531,12.658870283071096,5,280.3279999999999,0.03279999999999961,3,4,5,1,,,,34.351665344695306,12,7,5,7,4,1,,,,,16.755351089422668,11.15620705845606,33.63758250825084,23.79387679153172,49030,16,8,1.5162749118468728,1.4342083148140294,11.611623357653302,9.963485942620165,28,27.1614555648564,5.0,1.5015008712267879,1.5292906326828306,ZINCk600000PzhZ4_m01_t07,SER17;ASP15;SER14;GLU21;SER18,3.0,-25.417387562791976
174,native_first,ZINCk700000gtiZX,O=C1NCCc2[nH]c(=NCCN3CC[C@@H](CO)C3)sc21,1649,4575,2806,1,0,1,17.857142857142858,19.267729830797304,0.7157574666409297,13.791021491613346,5,296.39599999999996,-0.42300000000000004,3,5,4,1,,,,34.351665344695306,12,7,5,7,4,1,,,,,18.25621149357293,11.816811311191021,40.11785621541718,24.69439303402188,31811,16,0,1.6362091984996756,1.1691719663521778,11.611623357653302,11.101461043203043,28,27.1614555648564,5.0,1.5024005991979843,1.5197599482993134,ZINCk700000gtiZX_m01_t03,SER17;ASP15;SER14;GLU21;SER18,3.0,-8.291353352562547
175,native_first,ZINCk800000J9TAY,C[C@H](CCO)NC(=O)Cc1nc(-c2cccnc2)n[nH]1,11022,7996,4959,1,0,1,14.285714285714286,16.628609428741346,0.7464523540047318,12.412464651909255,4,275.31199999999995,0.2962999999999996,3,5,6,1,,,,34.932961828358735,11,6,5,6,3,1,,,,,19.657723438356307,12.594139780804896,44.764416315049225,25.76781879435728,17948,16,14,1.4403078151411164,1.1409705813737467,9.711946045978637,9.92896118544769,28,27.1614555648564,5.0,1.502648270312334,1.8065220636234638,ZINCk800000J9TAY_m01_t08,SER17;ASP15;SER14;GLU21;SER18,0.0,30.860783445872226
176,native_first,ZINCk5000004881i,O=C1CCN(C(=O)N[C@H](Cc2cnc[nH]2)C(=O)O)CC1,9172,924,699,1,1,1,14.285714285714286,16.024722079133863,0.7839383520131826,12.562394218185462,4,280.28400000000005,-0.22009999999999974,3,4,4,1,,,,38.34275944886656,13,8,5,8,4,1,,,,,20.35702095168653,13.91894903064999,37.87635231679935,27.55131635055854,6187,16,9,0.984729840445591,1.0238634302022651,9.413178262414874,7.918302199509341,28,27.1614555648564,5.0,1.5054382009515235,1.6750422297739043,ZINCk5000004881i_m01_t06,SER17;ASP15;SER14;GLU21;SER18,3.0,-67.13645909075734
177,native_first,ZINCk500000dp29l,COC[C@@H](CO)NC(=O)c1ccc2c(n1)NCC(=O)N2,14620,1335,974,0,1,1,10.714285714285714,13.397478468997424,0.9076508464176494,12.160232672247744,3,280.284,-0.8172999999999997,4,6,5,1,,,,39.52194042802467,13,8,5,8,4,1,,,,,21.83586615283259,15.160774364882062,39.01261174968072,28.910295862909425,2496,16,14,0.6884732420776485,0.648730533274005,5.9718816967518835,6.312662144576045,28,27.1614555648564,5.0,1.5065592249217108,1.4621443274409003,ZINCk500000dp29l_m01_t06,SER17;ASP15;SER14;GLU21;SER18,0.0,84.45822912332015
178,native_first,ZINCk8000004jYpk,O=C(CCc1ccc(O)cc1)NCc1nc(CO)n[nH]1,6631,3095,1946,1,0,1,14.285714285714286,16.628609428741346,0.7712049467708104,12.824065849365066,4,276.29599999999994,0.25159999999999977,4,5,6,1,,,,35.525455647520424,11,7,4,7,4,1,,,,,20.159153625678123,13.06426248150907,44.11929824561405,26.305674434415042,13197,16,15,1.5008369804297013,0.9322925832895179,9.711946045978637,10.024264748223668,28,27.1614555648564,5.0,1.5092901764797837,1.5934968543483423,ZINCk8000004jYpk_m01_t07,SER17;ASP15;SER14;GLU21;SER18,3.0,20.58167547379995
179,native_first,ZINCk5000009CejW,CC[C@H](CNC(=O)C=CC(N)=O)N=c1cnc(F)c[nH]1,10637,2417,1677,1,0,1,14.285714285714286,15.583483114146915,0.7984213453976069,12.442185553978069,4,281.29099999999994,-0.6141999999999987,3,4,6,1,,,,36.38223751692659,12,7,5,7,4,1,,,,,20.685725377389666,13.702032806726471,42.18846884688471,26.964330233204436,8936,16,5,1.070673567906278,0.8866560421337845,13.92267653865448,12.471176822257485,28,27.1614555648564,5.0,1.509350950380931,1.1644895951584397,ZINCk5000009CejW_m01_t04,SER17;ASP15;SER14;GLU21;SER18,3.0,-17.242276427778744
180,native_first,ZINCj600000Emny3,C[C@H](O)CC(=O)N[C@H]1C[C@H]1C(=O)NCc1cncs1,1207,5834,3437,1,0,1,14.285714285714286,16.628609428741346,0.8416975504446779,13.996259823472865,4,283.353,0.03489999999999954,3,5,6,1,,,,32.391143412755326,11,6,5,6,4,1,,,,,19.373931343606646,12.271173427685891,45.9987922705314,24.58081617126612,33669,16,12,0.9612353045611748,0.8966072966414664,9.711946045978637,9.468693853468503,28,27.1614555648564,5.0,1.5121162906388332,1.1311175805241185,ZINCj600000Emny3_m01_t01,SER17;ASP15;SER14;GLU21;SER18,2.0,-79.15461808558344
181,native_first,ZINCk7000009KVfW,C[C@H](O)[C@H]1C[C@H]1C(=O)NCCCCN=c1[nH]nc(O)s1,7385,1696,1192,1,0,1,10.714285714285714,13.397478468997424,0.9511216500887991,12.742631828461988,3,300.38399999999996,-0.009200000000000652,4,6,7,1,,,,37.49136825579339,13,8,5,8,4,1,,,,,25.522302492277717,17.59210516986269,46.47022479517909,30.309928797683984,825,16,3,0.4452342759814176,0.48723731877023146,5.9718816967518835,6.1350480285449835,28,27.1614555648564,5.0,1.5136329653965555,0.8484597681033381,ZINCk7000009KVfW_m01_t03,SER17;ASP15;SER14;GLU21;SER18,3.0,-76.91089471172327
182,native_first,ZINCk500000dqekr,O=C(N[C@@H]1CCOC[C@H]1O)c1ccc(OCCO)cc1,10448,3555,2209,1,0,1,10.714285714285714,12.5574981426149,0.9919700351855352,12.456661874371996,3,281.308,-0.06270000000000037,3,5,5,1,,,,34.351665344695306,12,7,5,7,4,1,,,,,21.957877936560216,14.351349191757942,46.72106192534857,26.91539289981425,9218,16,6,0.15859550102791817,0.20160994704904459,11.611623357653302,11.627003213773074,28,27.1614555648564,5.0,1.5175485165094078,1.2525087229920984,ZINCk500000dqekr_m01_t02,SER17;ASP15;SER14;GLU21;SER18,1.0,82.09094731645462
183,native_first,ZINCi600000JZXpg,O=C(O)Cn1cc(NC(=O)CC2CC(O)C2)cn1,7304,5884,3468,1,0,1,14.285714285714286,16.640486220660865,0.7662982618908616,12.751575667911252,4,253.25799999999998,0.06719999999999954,3,5,5,1,,,,32.391143412755326,11,6,5,6,4,1,,,,,19.21607446873731,12.084879215622566,46.87903804737976,24.48610204634452,35271,16,0,1.1272999833698845,1.234262845549889,11.611623357653302,11.311465193450596,28,27.1614555648564,5.0,1.5197492525260055,1.5380120088032754,ZINCi600000JZXpg_m01_t04,SER17;ASP15;SER14;GLU21;SER18,0.0,-33.722425300549446
184,native_first,ZINCk500000dqfWQ,O=C(Nc1nc(CO)cs1)c1c[nH]nc1-n1cnnn1,1530,6788,3913,1,0,1,17.857142857142858,19.267729830797304,0.7180847907729884,13.835863744218548,5,292.284,-0.4135000000000002,3,9,4,1,,,,40.693177378886034,12,7,5,7,3,1,,,,,18.429594267549795,12.136409225683872,38.278370101514234,27.33502751208429,7080,16,8,1.4774751548880027,1.0793272728646213,11.611623357653302,10.056436460810891,28,27.1614555648564,5.0,1.520089278345812,1.5859560240652149,ZINCk500000dqfWQ_m01_t06,SER17;ASP15;SER14;GLU21;SER18,2.0,-31.86840708654192
185,native_first,ZINCk700000Pu431,CC1(NC(=O)CONC(=O)c2cc(O)cs2)CC(O)C1,11891,3037,1920,1,0,1,17.857142857142858,18.41587271249526,0.6703723839026439,12.345492491923096,5,300.33600000000007,0.14470000000000044,4,6,5,1,,,,35.53084632385342,12,7,5,7,4,1,,,,,17.168685753546225,11.184172860754384,36.92886658795749,24.513549981669097,34785,16,12,1.2971560159653164,1.471799679026186,15.976252626946023,14.230796663249139,28,27.1614555648564,5.0,1.5263019388188177,0.9265097381997744,ZINCk700000Pu431_m01_t06,SER17;ASP15;SER14;GLU21;SER18,3.0,25.749015603249795
186,native_first,ZINCk800000kHr8a,O=C(NCc1cn(CCF)nn1)c1c[nH]c(C(=O)O)c1,5598,2090,1463,1,0,1,14.285714285714286,17.03922758205644,0.7599252292614405,12.9485389267321,4,281.247,0.20389999999999953,3,5,6,1,,,,36.92824579056311,12,7,5,7,4,1,,,,,18.66541009866988,12.116933530038278,40.615835777126094,25.970544375427174,15954,16,1,1.3073595207769757,1.1177093323229286,13.92267653865448,13.270984281862468,28,27.1614555648564,5.0,1.5268585492058209,1.2260080100884685,ZINCk800000kHr8a_m01_t03,SER17;ASP15;SER14;GLU21;SER18,0.0,-55.88351948191961
187,native_first,ZINCk7000009L0GA,Cc1nscc1C(=O)N[C@H](C)CNC(=O)c1cnn[nH]1,14208,1279,924,0,1,1,14.285714285714286,16.628609428741346,0.7329520123364156,12.187972743152264,4,294.34,0.11792000000000014,3,6,5,1,,,,40.91933989473438,13,8,5,8,4,1,,,,,22.04959334688215,15.057870187838788,41.16214508943414,29.597491966023036,1452,16,2,1.130063626357687,1.3931437618109157,9.711946045978637,8.979497329135945,28,27.1614555648564,5.0,1.5297431732729345,1.9027770072695773,ZINCk7000009L0GA_m01_t07,SER17;ASP15;SER14;GLU21;SER18,2.0,12.14566742927901
188,native_first,ZINCk700001bP5R6,C[C@H](O)CN(C)NC(=O)N=c1ccn([C@H]2CCOC2)[nH]1,16014,1467,1036,0,1,1,10.714285714285714,13.397478468997424,0.9009285971526287,12.070171482456397,3,283.332,-0.3844999999999987,3,5,4,1,,,,38.34275944886656,13,8,5,8,4,1,,,,,22.20873103805521,14.94567435602247,43.20460499798469,28.66234240237975,2944,16,3,0.7063658096204591,0.6942360737243963,5.9718816967518835,6.118742881460979,28,27.1614555648564,5.0,1.5300879017981581,1.76127139148916,ZINCk700001bP5R6_m01_t03,SER17;ASP15;SER14;GLU21;SER18,3.0,72.45414125754121
189,native_first,ZINCk5000009G6U0,NC(=O)CSCC(=O)N1CC(Nc2ncc(O)cn2)C1,4854,5463,3266,1,0,1,14.285714285714286,16.628609428741346,0.784623204685511,13.04719281944274,4,297.34000000000003,-0.9766000000000001,3,7,6,1,,,,32.391143412755326,11,6,5,6,4,1,,,,,22.70486706930447,14.531397668733446,51.893232902917255,26.57937760668482,11289,16,0,1.437775475718476,0.8948440141053075,9.711946045978637,9.386532610134422,28,27.1614555648564,5.0,1.5309123628680505,1.4240899130943387,ZINCk5000009G6U0_m01_t06,SER17;ASP15;SER14;GLU21;SER18,0.0,9.933370008324017
190,native_first,ZINCk5000009DqQN,COC[C@H](C)C(=O)NC[C@@H](C)CNC(=O)[C@@H]1CC(=O)N1,11977,5120,3134,1,0,1,14.285714285714286,15.583483114146915,0.7918087357354592,12.339138062967546,4,285.344,-0.9740999999999975,3,4,8,1,,,,33.81239250864757,12,7,5,7,4,1,,,,,21.4397187973001,14.202178094797807,43.719534486960754,26.388788281839087,12594,16,15,0.8626686236842539,1.031897693419382,13.92267653865448,12.359010344186565,28,27.1614555648564,5.0,1.5314656845430266,1.3138666628012754,ZINCk5000009DqQN_m01_t01,SER17;ASP15;SER14;GLU21;SER18,0.0,-68.28979300712419
191,native_first,ZINCj500000fkaBY,N[C@@H]1CCOC[C@H]1C(=O)NCCCc1cc(O)n[nH]1,2575,5204,3170,1,0,1,14.285714285714286,15.18474175275134,0.8883796237870659,13.489815165612987,4,268.31699999999995,-0.4720999999999997,4,5,5,1,,,,33.53556236164904,11,6,5,6,4,1,,,,,20.685897418937234,13.412994136369324,45.18822724161532,25.825763396021955,17322,16,13,0.9429659776712614,0.598596505215469,11.611623357653302,11.287069501235292,28,27.1614555648564,5.0,1.5339250416849461,1.4185616298171868,ZINCj500000fkaBY_m02_t04,SER17;ASP15;SER14;GLU21;SER18,0.0,-75.350369849921
192,native_first,ZINCk600000BniY4,Cc1nn(CC(=O)O)cc1NC(=O)c1cc(CO)on1,1780,247,209,1,1,1,17.857142857142858,19.267729830797304,0.7134471834148584,13.746507578580783,5,280.24,0.008720000000000117,3,7,5,1,,,,40.91933989473438,13,8,5,8,4,1,,,,,24.487317272547667,16.88080939483857,44.57109084768662,31.060126321422356,408,16,1,1.685770431008827,1.1305537073958987,11.611623357653302,12.265068071713296,28,27.1614555648564,5.0,1.5352751861024392,1.1556975791629127,ZINCk600000BniY4_m01_t03,SER17;ASP15;SER14;GLU21;SER18,0.0,7.90153139996142
193,native_first,ZINCk800000FCGz4,O=C(O)[C@H](CCO)CCN1CCO[C@@H](c2cc[nH]n2)C1,8553,858,659,1,1,1,14.285714285714286,16.628609428741346,0.7591231828739889,12.623162916314554,4,283.32800000000003,0.2562999999999996,3,5,7,1,,,,38.34275944886656,13,8,5,8,4,1,,,,,21.243088248473704,14.809967483394033,37.557025547445264,28.082956728630847,4340,16,0,1.3346017507599477,1.0961358251570368,9.711946045978637,9.007071017263431,28,27.1614555648564,5.0,1.537082241071768,1.4679870627363207,ZINCk800000FCGz4_m02_t04,SER17;ASP15;SER14;GLU21;SER18,3.0,-14.112705630718004
194,native_first,ZINCj6000018T6mM,CN(CCCO)CCNC(=O)N=c1[nH]n(C)nc1Br,8244,4374,2675,1,0,1,14.285714285714286,16.628609428741346,0.7610572314797672,12.655323455196243,4,335.206,-0.5647999999999993,3,5,6,1,,,,34.351665344695306,12,7,5,7,4,1,,,,,18.836736824479104,12.103746510681997,42.45120784744694,25.04270823256558,26747,16,10,0.975152634212419,1.2626502513411235,9.711946045978637,8.633236468079545,28,27.1614555648564,5.0,1.5373872898831786,1.3989921857083794,ZINCj6000018T6mM_m01_t05,SER17;ASP15;SER14;GLU21;SER18,3.0,-54.948563348318814
195,native_first,ZINCk800000JUl0S,O=C(CCNC(=O)NC1CC(O)C1)Nc1cccnc1,1675,6314,3700,1,0,1,14.285714285714286,16.628609428741346,0.8288068798799991,13.78190589737825,4,278.312,0.2326999999999993,4,4,5,1,,,,32.391143412755326,11,6,5,6,4,1,,,,,18.026969855682832,11.396811414968516,43.10151734104045,23.772639278511832,49475,16,3,1.2066122404266346,0.761885121042814,9.711946045978637,9.09664628327745,28,27.1614555648564,5.0,1.5388818340606154,1.330731240852965,ZINCk800000JUl0S_m01_t03,SER17;ASP15;SER14;GLU21;SER18,0.0,-85.53518887825753
196,native_first,ZINCk600000JSQOs,C[C@@H]1[C@@H](O)C[C@@H]1NC(=O)c1ccc(OCC(N)=O)cc1,270,5458,3263,1,0,1,17.857142857142858,19.267729830797304,0.7664480854305418,14.76771463940753,5,278.308,0.049799999999999955,3,4,5,1,,,,32.391143412755326,11,6,5,6,4,1,,,,,23.040109603859833,14.755115738810698,52.542979942693414,26.780523127418032,10016,16,4,1.276690643023773,1.138381073467472,11.611623357653302,11.467595224506086,28,27.1614555648564,5.0,1.5421302736614975,1.1517497270793895,ZINCk600000JSQOs_m01_t04,SER17;ASP15;SER14;GLU21;SER18,0.0,-7.872385987015015
197,native_first,ZINCk800000gvsin,Cc1nc[nH]c1CC(=O)N[C@H]1C[C@H]1CNC(=O)CCF,6091,6056,3563,1,0,1,14.285714285714286,14.477064275896673,0.8901709017965714,12.88706136184187,4,282.31899999999996,0.24112000000000028,3,3,7,1,,,,32.391143412755326,11,6,5,6,4,1,,,,,18.640733357882066,11.740386538186717,45.216450216450205,24.140897379831372,41621,16,0,1.0244484692629134,0.5261371405908234,8.080270416267007,8.07885310006938,28,27.1614555648564,5.0,1.5427989444929608,1.8191366799527002,ZINCk800000gvsin_m01_t03,SER17;ASP15;SER14;GLU21;SER18,3.0,-90.66659188863457
198,native_first,ZINCk7000009KV2X,C[C@H](O)[C@@H](C)C(=O)NC1CC(CN=c2[nH]nc(O)s2)C1,8407,2820,1851,1,0,1,14.285714285714286,15.583483114146915,0.8110371966080755,12.638784458286997,4,300.38400000000007,-0.010800000000000476,4,6,5,1,,,,35.53084632385342,12,7,5,7,4,1,,,,,22.79114168648187,15.290618731509337,44.73509286412513,27.887023541430487,4923,16,3,0.7614511589144158,1.004138019196499,13.92267653865448,12.477509248920729,28,27.1614555648564,5.0,1.5441311036171403,1.7078634778920194,ZINCk7000009KV2X_m01_t01,SER17;ASP15;SER14;GLU21;SER18,3.0,-51.74142777624691
199,native_first,ZINCk50000047sSe,O=C(NCCCn1cc(CO)nn1)c1cc(CO)on1,2821,1915,1289,1,0,1,14.285714285714286,16.628609428741346,0.8075017513757758,13.427631236652376,4,281.272,-0.9292000000000002,3,8,7,1,,,,36.92824579056311,12,7,5,7,4,1,,,,,24.15495766566325,15.808351115115963,51.174366616989566,29.26427291562319,1906,16,12,1.2197676047559496,0.9063097670110393,9.711946045978637,9.237192309133055,28,27.1614555648564,5.0,1.5452289319291053,1.3457881584980047,ZINCk50000047sSe_m01_t02,SER17;ASP15;SER14;GLU21;SER18,0.0,11.676916276090584
200,native_first,ZINCk6000004cFxT,COCCN1CCC[C@H](N=c2ccc(C(N)=O)n[nH]2)C1,6743,7294,4343,1,0,1,17.857142857142858,19.267729830797304,0.6648658186899961,12.810454968250708,5,279.344,-0.479899999999998,2,5,5,1,,,,36.783225624191815,13,7,6,7,3,1,,,,,23.43886628970514,15.952949545677983,44.16175773579795,28.77661002349981,2748,16,7,1.6705477831414046,1.2956033457794927,11.611623357653302,10.07353955274303,28,27.1614555648564,5.0,1.5466303126710395,1.2165750020718964,ZINCk6000004cFxT_m01_t07,SER17;ASP15;SER14;GLU21;SER18,3.0,74.99883991573222
201,native_first,ZINCk700000y8R3o,O=C(N[C@H](CCO)c1cncs1)c1cnn(CCO)c1,10786,2026,1399,1,0,1,14.285714285714286,16.628609428741346,0.7475059541881725,12.429984557853741,4,296.35200000000003,0.18539999999999962,3,7,7,1,,,,36.92824579056311,12,7,5,7,4,1,,,,,19.831260729846566,12.933651557106577,42.49317680112383,26.670054754133183,10714,16,7,1.3134632009757905,1.2302818966158635,9.711946045978637,9.696763679603155,28,27.1614555648564,5.0,1.54674336874905,1.4075210814367725,ZINCk700000y8R3o_m01_t02,SER17;ASP15;SER14;GLU21;SER18,3.0,8.000978906911454
202,native_first,ZINCk600000Gfzfl,C[C@H](O)CC(=O)N[C@@H](C)CNC(=O)CSc1nncs1,2390,4373,2674,1,0,1,14.285714285714286,16.628609428741346,0.8143293771693422,13.54116515929919,4,318.424,0.02199999999999963,3,7,8,1,,,,34.351665344695306,12,7,5,7,4,1,,,,,18.837341394700083,12.316395764196516,40.032809602412826,25.043070974698168,26743,16,3,1.10069909687816,0.9697805205280451,9.711946045978637,9.517885408107977,28,27.1614555648564,5.0,1.5493080779489188,1.7359738517029313,ZINCk600000Gfzfl_m01_t06,SER17;ASP15;SER14;GLU21;SER18,0.0,-25.01132564744657
203,native_first,ZINCk5000009CgC1,CC[C@H](CNC(=O)[C@H]1CCC(=O)N1)N=c1[nH]nc(O)s1,10799,445,393,1,1,1,14.285714285714286,15.18474175275134,0.8185151021247923,12.42894044649186,4,299.356,-0.7490999999999989,4,6,5,1,,,,39.52194042802467,13,8,5,8,4,1,,,,,22.242622854103317,15.496291670648443,39.39196888624654,29.15434988367186,2074,16,14,1.4278965565078217,0.6562622576655991,11.611623357653302,11.141407269652943,28,27.1614555648564,5.0,1.5501117774763362,1.1649510548514093,ZINCk5000009CgC1_m01_t04,SER17;ASP15;SER14;GLU21;SER18,3.0,-22.869571287033118
204,native_first,ZINCk500000dqbkl,O=C(NCCOCCOCCO)c1ncnc(O)c1Br,10449,2245,1597,1,0,1,14.285714285714286,16.628609428741346,0.7491082096366393,12.456627837911368,4,350.169,-0.29999999999999993,3,7,9,1,,,,36.38223751692659,12,7,5,7,4,1,,,,,23.803400022102565,15.753718336741034,48.67475018279308,28.834935020032177,2636,16,3,1.0698348332734093,1.3035141617543835,9.711946045978637,8.784152885177813,28,27.1614555648564,5.0,1.5502684900274335,1.46883005520586,ZINCk500000dqbkl_m01_t04,SER17;ASP15;SER14;GLU21;SER18,2.0,47.215091502095184
205,native_first,ZINCi700000cWn6O,NC(=O)c1cc(=NCc2nnc(CO)s2)cc[nH]1,4805,8014,4977,1,0,1,17.857142857142858,19.267729830797304,0.6774284112860913,13.052507608366646,5,265.29799999999994,-0.4417000000000006,3,6,4,1,,,,34.932961828358735,11,6,5,6,3,1,,,,,19.42386906369521,12.317156572743967,45.916784203102964,25.627506169560622,19440,16,8,1.787893926354266,1.3217766274912726,11.611623357653302,11.290921712048464,28,27.1614555648564,5.0,1.550863756835606,1.6383159617086984,ZINCi700000cWn6O_m01_t04,SER17;ASP15;SER14;GLU21;SER18,0.0,48.88308201780198
206,native_first,ZINCk5000009G1kh,N=C(O)OCc1cn(CCNC(=O)c2cnc[nH]2)nn1,453,237,199,1,1,1,17.857142857142858,19.267729830797304,0.7541487021570462,14.53073344540839,5,279.26000000000005,-0.5594300000000005,4,7,6,1,,,,40.91933989473438,13,8,5,8,4,1,,,,,25.57968485786371,17.8201049002406,45.309034079451486,31.715546872611977,212,16,11,1.452747151455811,0.946569584675643,11.611623357653302,10.40141548475953,28,27.1614555648564,5.0,1.5513285283640963,1.2516846853699275,ZINCk5000009G1kh_m01_t06,SER17;ASP15;SER14;GLU21;SER18,3.0,-113.59785919099126
207,native_first,ZINCk5000009GwT3,O=C(N[C@H]1C[C@H](N=c2[nH]nc(O)s2)C1)c1coc(O)n1,1248,127,113,1,1,1,17.857142857142858,20.24202807755431,0.690090400591427,13.968829264822366,5,297.296,-0.2679000000000005,4,8,3,1,,,,42.06375884362809,13,8,5,8,4,1,,,,,26.311940435716323,18.920449354928014,43.181155192532096,32.612667798881034,98,16,2,1.7335049648639766,1.2604690899803166,15.443445405737666,14.900786852109595,28,27.1614555648564,5.0,1.5520125836828174,1.2193683034886786,ZINCk5000009GwT3_m01_t08,SER17;ASP15;SER14;GLU21;SER18,1.0,-56.76701348959097
208,native_first,ZINCk5000009Gst9,O=C(NC[C@@H]1CCCN1CCOCCO)c1cn[nH]c1,1889,729,590,1,1,1,14.285714285714286,16.628609428741346,0.8242133846666823,13.70552245956321,4,282.34399999999994,-0.3871999999999991,3,5,8,1,,,,38.34275944886656,13,8,5,8,4,1,,,,,22.88720899221664,15.620537348020008,42.795816395663955,29.069429174876603,2239,16,10,1.1649970102914033,0.8649212358158346,9.711946045978637,9.823840855395046,28,27.1614555648564,5.0,1.5524618387528752,1.005206857249537,ZINCk5000009Gst9_m02_t04,SER17;ASP15;SER14;GLU21;SER18,2.0,79.39923949361172
209,native_first,ZINCj500000fhEOB,COC[C@H](O)C(=O)NCCNC(=O)c1csnc1C,10801,878,672,1,1,1,14.285714285714286,16.628609428741346,0.7474338843677111,12.428786136957688,4,287.341,-0.6951799999999997,3,6,7,1,,,,38.34275944886656,13,8,5,8,4,1,,,,,21.02233469406265,14.28146762166736,39.8151036251473,27.950504595984217,4761,16,4,1.2386745147895855,1.2364734847211303,9.711946045978637,9.011998122942092,28,27.1614555648564,5.0,1.5527628449960722,1.7064280681788362,ZINCj500000fhEOB_m01_t01,SER17;ASP15;SER14;GLU21;SER18,2.0,-33.701207077616516
210,native_first,ZINCk50000047y8Y,O=C(NCCn1cc(C(=O)O)nn1)c1cncc(O)c1,2855,6929,4016,1,0,1,17.857142857142858,19.267729830797304,0.6964979854982727,13.419935012275296,5,277.24,-0.4931000000000003,3,7,5,1,,,,38.92405593253,12,7,5,7,3,1,,,,,24.434434390889574,16.395941859919695,47.936343959071245,30.230283007545744,886,16,6,1.5794514553768952,1.2729042992055795,11.611623357653302,10.63427776659047,28,27.1614555648564,5.0,1.5544880226368911,1.3205238465242393,ZINCk50000047y8Y_m02_t03,SER17;ASP15;SER14;GLU21;SER18,3.0,61.88550508326975
211,native_first,ZINCk50000047jhD,O=C(Cc1csc(-c2nc[nH]n2)n1)NC[C@@H](O)C(=O)O,14445,1344,979,0,1,1,14.285714285714286,16.640486220660865,0.7314382514941369,12.17148814525246,4,297.29600000000005,-0.9676000000000007,4,7,6,1,,,,39.20474499240297,12,7,5,7,4,1,,,,,26.216476847202326,17.914473376381235,48.85886573544006,31.411784105282585,292,16,13,1.2103710593383867,1.3755853607929238,11.611623357653302,11.105990555369772,28,27.1614555648564,5.0,1.5569143139028805,1.3298959907714034,ZINCk50000047jhD_m01_t07,SER17;ASP15;SER14;GLU21;SER18,1.0,59.518429942800346
212,native_first,ZINCk50000046oYb,NC(=O)c1cc(C(=O)NC[C@H](O)c2cccnc2)on1,50,7016,4102,1,0,1,17.857142857142858,19.267729830797304,0.7961386056863438,15.339783562232137,5,276.252,-0.36810000000000076,3,6,5,1,,,,38.92405593253,12,7,5,7,3,1,,,,,21.44227295178717,14.374201686063667,42.18588203114315,28.434986144084306,3443,16,12,1.1497279973329018,0.9230524657696748,11.611623357653302,10.47774624825498,28,27.1614555648564,5.0,1.5579323325313592,1.3561367317572866,ZINCk50000046oYb_m01_t02,SER17;ASP15;SER14;GLU21;SER18,2.0,16.220398773743646
213,native_first,ZINCk800000FCpwH,CC1(CO)CCN(CCn2ncc(C(=O)O)c2N)CC1,1231,4530,2776,1,0,1,17.857142857142858,19.267729830797304,0.7256809809027814,13.98222508338277,5,282.3440000000001,0.25790000000000013,3,6,5,1,,,,34.351665344695306,12,7,5,7,4,1,,,,,18.394741859911925,11.868164591728055,40.870215311004785,24.777511253825278,30486,16,8,1.405453363909656,1.219666346712357,11.611623357653302,10.67765057357365,28,27.1614555648564,5.0,1.558160345918748,1.8607894712539799,ZINCk800000FCpwH_m01_t03,SER17;ASP15;SER14;GLU21;SER18,1.0,65.26709696659421
214,native_first,ZINCk800000PCwWn,O=C(O)Cn1cc(NC(=O)C[C@H]2CCC[C@@H](O)C2)nn1,5320,3740,2317,1,0,1,17.857142857142858,19.267729830797304,0.6738561012738613,12.983677304179146,5,282.29999999999995,0.24239999999999978,3,6,5,1,,,,34.351665344695306,12,7,5,7,4,1,,,,,20.86585082405193,13.538807813284162,45.47801681948024,26.26017663230928,13515,16,12,1.8297567301255027,1.2541091805089875,11.611623357653302,12.479784987434176,28,27.1614555648564,5.0,1.559724595513941,1.618453969793951,ZINCk800000PCwWn_m01_t06,SER17;ASP15;SER14;GLU21;SER18,0.0,-77.17919384595359
215,native_first,ZINCk8000009M6sh,C[C@H](CNC(=O)C1CCC(O)CC1)N=c1[nH]nc(O)s1,1384,5238,3181,1,0,1,14.285714285714286,16.628609428741346,0.8359605994896567,13.900862306729973,4,300.384,0.13329999999999947,4,6,4,1,,,,33.53556236164904,11,6,5,6,4,1,,,,,19.04276059653487,12.23320211541575,42.951557093425606,24.839881302580537,29554,16,11,1.0464745135604383,0.8790803633922666,9.711946045978637,9.779742612225732,28,27.1614555648564,5.0,1.560152179143374,1.5015749925455038,ZINCk8000009M6sh_m01_t08,SER17;ASP15;SER14;GLU21;SER18,3.0,-11.933405949010774
216,native_first,ZINCk700000x3m25,CC[C@@H](CCCO)N=c1ccc(C(=O)NCCO)n[nH]1,4488,1744,1208,1,0,1,14.285714285714286,15.18474175275134,0.8625333278620905,13.097345836727046,4,282.344,-0.4163999999999998,4,5,8,1,,,,37.49136825579339,13,8,5,8,4,1,,,,,22.203314959439723,15.057471539146563,42.257519950890114,28.318536277981188,3731,16,1,1.2941831552383358,0.4697237449319884,11.611623357653302,11.538192514057798,28,27.1614555648564,5.0,1.560229067463712,1.0895980285162676,ZINCk700000x3m25_m01_t07,SER17;ASP15;SER14;GLU21;SER18,1.0,60.62391499022682
217,native_first,ZINCk700000GfWHj,COC[C@@H](O)CNC(=O)N=c1[nH]nc([C@@H]2CCOC2)s1,11591,701,573,1,1,1,14.285714285714286,13.94583583618139,0.886670880672798,12.36536654258522,4,302.35600000000005,-0.4072999999999998,3,6,5,1,,,,38.34275944886656,13,8,5,8,4,1,,,,,23.304796821360547,15.874735891418347,43.80956001622061,29.319981872362955,1823,16,6,0.8576347871361982,0.6598526351151457,9.078045219098652,8.58396711034208,28,27.1614555648564,5.0,1.5616606111067448,1.3582337538502507,ZINCk700000GfWHj_m01_t04,SER17;ASP15;SER14;GLU21;SER18,2.0,-38.51954815751451
218,native_first,ZINCk800000PC8N1,O=C(CNC(=O)c1cc(O)cs1)NCc1cncnc1,963,7992,4955,1,0,1,14.285714285714286,16.628609428741346,0.8498919727376181,14.132521671276338,4,292.32,0.2899000000000003,3,6,5,1,,,,34.932961828358735,11,6,5,6,3,1,,,,,19.70254997424789,12.446849298676712,47.24092645654252,25.79471471589223,17653,16,4,1.0546941248538366,0.760344663839798,9.711946045978637,10.184909589985235,28,27.1614555648564,5.0,1.5648230822400258,1.6576164943261626,ZINCk800000PC8N1_m01_t06,SER17;ASP15;SER14;GLU21;SER18,3.0,-37.73130573135235
219,native_first,ZINCj600000BmHag,COCC[C@H](N)CNC(=O)c1cc2c[nH]cnc-2n1,4133,1925,1299,1,0,1,14.285714285714286,15.18474175275134,0.8660370714883387,13.150549278859474,4,263.30100000000004,0.0031000000000012684,3,5,6,1,,,,36.92824579056311,12,7,5,7,4,1,,,,,23.183938659486422,15.187688421384607,48.96245059288537,28.6816615119171,2911,16,11,0.9079299504630718,0.6420631998694007,11.611623357653302,10.488655537126405,28,27.1614555648564,5.0,1.5650369654837855,1.6668770394408643,ZINCj600000BmHag_m02_t08,SER17;ASP15;SER14;GLU21;SER18,1.0,-25.043553725092558
220,native_first,ZINCk500000gczms,CNC(=O)CCC(=O)NCCNC(=O)c1coc(C)n1,1063,594,511,1,1,1,14.285714285714286,16.628609428741346,0.8467451102210864,14.080193723562989,4,282.3,-0.644779999999999,3,5,7,1,,,,38.34275944886656,13,8,5,8,4,1,,,,,26.504919105983788,18.815736648158335,44.82156553124296,31.2400552431369,336,16,2,1.1064998262873542,0.765293511236428,9.711946045978637,9.816479921042589,28,27.1614555648564,5.0,1.5666520000638506,1.5307276297715249,ZINCk500000gczms_m01_t08,SER17;ASP15;SER14;GLU21;SER18,2.0,-44.2551784458406
221,native_first,ZINCk5000009E7vf,C[C@@H](CCNC(=O)COCCO)NC(=O)c1cnsc1,2002,781,615,1,1,1,14.285714285714286,16.628609428741346,0.8220692595829867,13.66986864098007,4,301.368,-0.22339999999999977,3,6,9,1,,,,38.34275944886656,13,8,5,8,4,1,,,,,22.287781349981536,15.301551316001092,41.01316334991708,28.709772589535543,2861,16,15,1.0081704719705624,0.9864551595111202,9.711946045978637,9.534740589445507,28,27.1614555648564,5.0,1.5675431660148151,1.0359625168962228,ZINCk5000009E7vf_m01_t02,SER17;ASP15;SER14;GLU21;SER18,1.0,18.161608760583007
222,native_first,ZINCj500000fkpwU,O=C(CO)NCCCNC(=O)c1cc(=O)cc(Cl)[nH]1,11569,5248,3185,1,0,1,14.285714285714286,16.628609428741346,0.743721894411926,12.367060905779528,4,287.703,-0.7433000000000003,4,4,6,1,,,,33.53556236164904,11,6,5,6,4,1,,,,,18.655921483848783,12.124914062820665,40.43711474632527,24.607777834968886,33245,16,11,1.0993216497457383,1.3566649255994385,9.711946045978637,9.056223225413442,28,27.1614555648564,5.0,1.5679588854401751,1.3208751497541915,ZINCj500000fkpwU_m01_t04,SER17;ASP15;SER14;GLU21;SER18,3.0,1.3391238739302818
223,native_first,ZINCk800000Pxox5,CCC(=O)NCc1nc(C)c(C(=O)NC2CC(O)C2)o1,1039,4326,2651,1,0,1,17.857142857142858,19.267729830797304,0.7314650173530701,14.093670335038416,5,281.31200000000007,0.26231999999999933,3,5,5,1,,,,34.351665344695306,12,7,5,7,4,1,,,,,18.94066014751552,12.686677882661265,37.35511027621235,25.10506222638743,25832,16,8,1.3330834506264717,1.2618825041067547,11.611623357653302,10.85281027501891,28,27.1614555648564,5.0,1.5728088176685602,1.4978186356898824,ZINCk800000Pxox5_m01_t01,SER17;ASP15;SER14;GLU21;SER18,2.0,-23.590237863439704
224,native_first,ZINCk5000009FyOh,Cc1c(C(=O)NCCN=c2nc[nH]s2)cnn1CCO,5546,1946,1320,1,0,1,14.285714285714286,16.628609428741346,0.7791366891418798,12.955959695342978,4,296.3560000000001,-0.7008799999999997,3,7,6,1,,,,36.92824579056311,12,7,5,7,4,1,,,,,21.80545829061166,14.368149416187274,45.20434151097319,27.854573290592242,5054,16,8,0.9144386772363567,1.0698163663417808,9.711946045978637,8.116454540542824,28,27.1614555648564,5.0,1.5733364853906626,1.1337579049144462,ZINCk5000009FyOh_m01_t06,SER17;ASP15;SER14;GLU21;SER18,3.0,4.795776036823578
225,native_first,ZINCk500000dpgY7,C[C@@H](NC(=O)c1cc(C(N)=O)c[nH]1)c1nnc(CO)s1,12854,1319,961,0,1,1,17.857142857142858,19.267729830797304,0.6371863189586061,12.27713384557466,5,295.32399999999996,-0.051599999999999924,4,6,5,1,,,,40.0679487016612,13,8,5,8,4,1,,,,,19.4528381042149,13.561681180090485,34.393110511590734,27.69888234319342,5619,16,8,1.9846881538154257,1.3582463456865839,11.611623357653302,10.552241224887947,28,27.1614555648564,5.0,1.5733670106735433,1.5676159863871957,ZINCk500000dpgY7_m01_t08,SER17;ASP15;SER14;GLU21;SER18,1.0,16.376174883737864
226,native_first,ZINCj600000foh3p,C[C@@H](F)CC(=O)NCCCNC(=O)[C@@H]1C[C@H]1[N+](=O)[O-],11406,1905,1279,1,0,1,14.285714285714286,13.782525261262656,0.8982772052504925,12.380528272981332,4,275.28000000000003,0.022200000000000497,2,4,8,1,,,,37.027099562568225,11,8,3,8,4,1,,,,,15.09334699725568,8.869741170451888,50.59230306674684,23.866848023380697,47419,16,14,0.8161856469551835,0.598460588175484,11.791641997618479,11.222041745940874,28,27.1614555648564,5.0,1.5744134698096164,1.395758816876885,ZINCj600000foh3p_m01_t01,SER17;ASP15;SER14;GLU21;SER18,3.0,-73.26010565788707
227,native_first,ZINCk5000009FoXN,C[C@H]1CN(C(=O)CCc2cn[nH]c2)C[C@H]1NC(=O)CO,4558,6133,3607,1,0,1,14.285714285714286,16.628609428741346,0.7870450540274772,13.087464806245547,4,280.32800000000003,-0.7022999999999993,3,4,5,1,,,,32.391143412755326,11,6,5,6,4,1,,,,,18.453080347252826,11.805651338549307,42.23366477272728,24.028305573453828,43986,16,10,1.3120913320556487,0.987364981833105,9.711946045978637,9.623429412883757,28,27.1614555648564,5.0,1.5748507909331633,1.588127195959735,ZINCk5000009FoXN_m01_t06,SER17;ASP15;SER14;GLU21;SER18,1.0,-5.3185149530229445
228,native_first,ZINCj500000xclCI,COC[C@@H](O)CN1CCC(NCc2nc[nH]n2)CC1,8401,3792,2346,1,0,1,10.714285714285714,13.397478468997424,0.9433974769318519,12.63914738490098,3,269.34900000000005,-0.6339999999999986,3,6,7,1,,,,34.351665344695306,12,7,5,7,4,1,,,,,20.646617526313786,14.073484400544329,38.74083213379947,26.128636653666394,14606,16,14,0.37891154413655076,0.48414672377540047,5.9718816967518835,5.1593105005524915,28,27.1614555648564,5.0,1.5758720031857063,1.7125977540819413,ZINCj500000xclCI_m01_t02,SER17;ASP15;SER14;GLU21;SER18,2.0,59.74701437911636
229,native_first,ZINCk700000PC3Vl,OCCCNCc1cn([C@H](CCO)c2nccs2)nn1,369,3370,2129,1,0,1,17.857142857142858,19.267729830797304,0.7587501073606171,14.619392077712819,5,297.384,0.17839999999999973,3,8,9,1,,,,34.38103669862671,11,7,4,7,4,1,,,,,16.939606949295584,10.642913410820245,41.481281497480204,23.916178849028032,46332,16,1,1.0466179240899567,1.1735486764678638,11.611623357653302,10.25638713477527,28,27.1614555648564,5.0,1.580705264224587,1.360783696947894,ZINCk700000PC3Vl_m02_t01,SER17;ASP15;SER14;GLU21;SER18,2.0,3.0090104809022775
230,native_first,ZINCk50000048eDg,O=C1C[C@@H](C(=O)Nc2ccc(S(=O)(=O)CCO)cc2)N1,221,5482,3275,1,0,1,17.857142857142858,19.267729830797304,0.7694098206088594,14.824780552653722,5,298.31999999999994,-0.7204000000000006,3,5,5,1,,,,32.391143412755326,11,6,5,6,4,1,,,,,22.351944750944813,14.191818634662848,52.59133237822348,26.36762421566902,12768,16,11,1.6334739904126643,0.8373828362746387,11.611623357653302,11.866387494261122,28,27.1614555648564,5.0,1.5809285184789876,1.4219741124542276,ZINCk50000048eDg_m01_t04,SER17;ASP15;SER14;GLU21;SER18,0.0,15.191464514123927
231,native_first,ZINCk50000045f4y,Cc1noc(COCC(=O)NCc2cnc[nH]c2=N)n1,9894,7452,4438,1,0,1,14.285714285714286,16.628609428741346,0.7517493915461088,12.500547020314194,4,278.272,-0.5864099999999997,3,7,6,1,,,,36.74488997860436,12,7,5,7,3,1,,,,,21.47682120197071,13.986005011942543,46.245757776572894,27.58404871262417,6060,16,11,1.6458210321562607,0.9471507902457875,9.711946045978637,9.478767765183832,28,27.1614555648564,5.0,1.5813003689953988,1.5840973360776662,ZINCk50000045f4y_m01_t06,SER17;ASP15;SER14;GLU21;SER18,3.0,-27.89648523481695
232,native_first,ZINCk8000004je4E,C[C@H](NC(=O)NCc1ncc(C(N)=O)s1)C1(CO)CC1,2244,4395,2688,1,0,1,17.857142857142858,19.267729830797304,0.7051889400250659,13.587389976069295,5,298.36800000000005,0.20219999999999944,4,5,6,1,,,,34.351665344695306,12,7,5,7,4,1,,,,,18.769680201371468,12.407171198985615,38.52632753235164,25.002474258701003,27238,16,14,1.5422883998295176,1.3316822534005055,11.611623357653302,11.626766674526245,28,27.1614555648564,5.0,1.5822419313237865,1.6180471787841657,ZINCk8000004je4E_m01_t04,SER17;ASP15;SER14;GLU21;SER18,2.0,-101.62231179134531
233,native_first,ZINCk800000FCDCv,Nc1ccc(C(=O)NCc2nnc(CCO)s2)c(O)c1,6342,3114,1962,1,0,1,14.285714285714286,17.03922758205644,0.754392046159314,12.85425776060178,4,294.336,0.2907000000000002,4,7,5,1,,,,35.525455647520424,11,7,4,7,4,1,,,,,17.342215107642435,11.020031621362468,40.680701754385964,24.61551132359363,33138,16,3,1.3802851323365921,0.9852153796343749,13.92267653865448,12.643709654931767,28,27.1614555648564,5.0,1.5825297410609087,1.4396562035803453,ZINCk800000FCDCv_m01_t07,SER17;ASP15;SER14;GLU21;SER18,2.0,38.686731738608245
234,native_first,ZINCh6000018XO5S,O=C(C[C@H]1C[C@@H](O)C1)NCCOc1cn[nH]c1,5860,6111,3592,1,0,1,14.285714285714286,16.628609428741346,0.7766990511293265,12.915425164903574,4,239.275,0.0656999999999997,3,4,6,1,,,,32.391143412755326,11,6,5,6,4,1,,,,,18.512353257797525,11.733923172406806,43.83469556977021,24.06386931978065,43244,16,6,1.3617896933856204,0.9820450774065067,9.711946045978637,10.28734082970266,28,27.1614555648564,5.0,1.5829875939670794,1.3824568927230527,ZINCh6000018XO5S_m01_t02,SER17;ASP15;SER14;GLU21;SER18,2.0,-12.560151893787552
235,native_first,ZINCk5000009G8c8,NC(=O)c1ccnc(C(=O)NCCN=c2[nH]ncs2)c1,5279,6765,3892,1,0,1,17.857142857142858,19.267729830797304,0.6740936987816538,12.988255268767764,5,292.324,-0.7041999999999997,3,6,5,1,,,,41.53897202398527,13,7,6,7,3,1,,,,,23.920890248046145,16.866308478358363,41.119889085778055,30.968122958421795,452,16,3,1.617375916046188,1.4204774768566522,11.611623357653302,10.805431045125248,28,27.1614555648564,5.0,1.583157434079253,1.3658987135503922,ZINCk5000009G8c8_m01_t02,SER17;ASP15;SER14;GLU21;SER18,1.0,-10.526093921671391
236,native_first,ZINCk5000009CP3j,CNC(=O)CN1CC[C@@H](NC(=O)c2ccns2)[C@H](O)C1,14437,1541,1071,0,1,1,14.285714285714286,16.628609428741346,0.731992191102157,12.172012250726365,4,298.36800000000005,-0.9458999999999991,3,6,4,1,,,,38.34275944886656,13,8,5,8,4,1,,,,,19.304729455846598,13.736039810513912,32.467143807201445,26.91994145305458,9184,16,14,1.4567988350655203,1.2231754705476876,9.711946045978637,9.620873063336452,28,27.1614555648564,5.0,1.5836451063416437,1.750732693004006,ZINCk5000009CP3j_m01_t02,SER17;ASP15;SER14;GLU21;SER18,3.0,39.03467394200083
237,native_first,ZINCk6000004dGDN,NC(=O)c1cnc(NC(=O)N=c2ccn(CCO)[nH]2)s1,4246,136,122,1,1,1,14.285714285714286,18.454764793800397,0.7115285996761114,13.131092951084797,4,296.31199999999995,-0.503300000000001,4,6,4,1,,,,42.06375884362809,13,8,5,8,4,1,,,,,23.322110376861264,16.425593376998876,40.20111567821492,30.818769763567992,513,16,4,1.222569622728687,1.5044226025833494,15.443445405737666,15.09782594156887,28,27.1614555648564,5.0,1.583751123186747,1.1704881858284912,ZINCk6000004dGDN_m01_t05,SER17;ASP15;SER14;GLU21;SER18,3.0,-120.4885047574337
238,native_first,ZINCk600001bQamW,NC(=O)Cc1nc(CNC(=O)c2csc(CO)n2)cs1,287,233,195,1,1,1,17.857142857142858,19.267729830797304,0.7650739080887168,14.741237361645643,5,312.376,0.049699999999999744,3,7,6,1,,,,40.91933989473438,13,8,5,8,4,1,,,,,26.270931227954875,17.994649825591242,48.6435775484045,32.130294694666674,147,16,1,1.3121881606770618,1.0888598357891353,11.611623357653302,11.013859456155917,28,27.1614555648564,5.0,1.5844138385998252,1.8180646471663569,ZINCk600001bQamW_m01_t04,SER17;ASP15;SER14;GLU21;SER18,2.0,18.249761548789944
239,native_first,ZINCk5000009EyEd,C[C@@H](O)CN1CCO[C@](C)(CNC(=O)c2cn[nH]c2)C1,11555,2488,1710,1,0,1,14.285714285714286,16.628609428741346,0.7437763227286183,12.367965972999668,4,282.34400000000005,-0.3887999999999985,3,5,5,1,,,,36.38223751692659,12,7,5,7,4,1,,,,,19.810403916906623,13.032180959334125,41.281500235515786,26.43913735691461,12198,16,7,1.355561720043897,1.1649750516843866,9.711946045978637,8.92435673164953,28,27.1614555648564,5.0,1.5846073416589999,1.8054679151062678,ZINCk5000009EyEd_m01_t02,SER17;ASP15;SER14;GLU21;SER18,0.0,109.08244834210453
240,native_first,ZINCk600000gqybz,O=C(CO)N[C@H]1C[C@@H](NC(=O)Cc2cnccc2Cl)C1,4102,6041,3554,1,0,1,14.285714285714286,16.628609428741346,0.7912083621924589,13.156694831652521,4,297.742,0.03320000000000056,3,4,5,1,,,,32.391143412755326,11,6,5,6,4,1,,,,,18.672742548888912,11.8783317690168,43.627946127946124,24.160102894435482,41192,16,13,1.2269869377882652,1.0163276921667164,9.711946045978637,10.004237995152215,28,27.1614555648564,5.0,1.5849371102521592,1.4371426929444353,ZINCk600000gqybz_m01_t05,SER17;ASP15;SER14;GLU21;SER18,2.0,-23.528400594317848
241,native_first,ZINCk500000dq3XQ,N[C@H](Cc1cn[nH]c1)C(=O)N1CCC(OCCO)CC1,2569,4392,2686,1,0,1,14.285714285714286,16.628609428741346,0.811370752607521,13.491967347014386,4,282.344,-0.7205999999999999,3,5,6,1,,,,34.351665344695306,12,7,5,7,4,1,,,,,18.77890203571122,12.378203766220519,38.8873044167162,25.00800735930485,27171,16,13,0.8688865030243603,0.9792358629648422,9.711946045978637,8.420226281930585,28,27.1614555648564,5.0,1.5857942611657259,1.654740627921474,ZINCk500000dq3XQ_m01_t04,SER17;ASP15;SER14;GLU21;SER18,1.0,70.94698174899385
242,native_first,ZINCj500000fkoCi,O=C(CN[C@@H]1CO[C@@H](CO)C1)NCc1ccncc1,891,5837,3440,1,0,1,14.285714285714286,16.628609428741346,0.8524509331589643,14.175073624666512,4,265.313,-0.5627999999999991,3,5,6,1,,,,32.391143412755326,11,6,5,6,4,1,,,,,19.366971937038606,12.354142252559164,44.79466858789625,24.576640527325296,33736,16,5,1.144647754511407,0.6923761373127229,9.711946045978637,9.51447233615087,28,27.1614555648564,5.0,1.5871613722027367,1.6241210056351,ZINCj500000fkoCi_m01_t01,SER17;ASP15;SER14;GLU21;SER18,1.0,71.59906741297972
243,native_first,ZINCj800000Py1d8,C[C@H](CC(=O)NC1CC(O)C1)NC(=O)c1ccns1,3094,4806,2952,1,0,1,14.285714285714286,16.628609428741346,0.8037252822189651,13.364833806024082,4,283.353,0.29100000000000004,3,5,5,1,,,,34.351665344695306,12,7,5,7,4,1,,,,,17.613706972116564,11.547394291670033,37.108080808080814,24.30889032114806,38428,16,6,1.0583998322275423,1.0654194174485443,9.711946045978637,9.665739584487518,28,27.1614555648564,5.0,1.5876954799577487,1.5246331726899667,ZINCj800000Py1d8_m01_t04,SER17;ASP15;SER14;GLU21;SER18,0.0,-33.31184804771335
244,native_first,ZINCj600000PwQir,CC[C@@H](O)CONC(=O)N[C@@H](C)c1nnc(CO)s1,5492,4290,2628,1,0,1,14.285714285714286,16.628609428741346,0.7795049812839239,12.962083881528702,4,290.345,0.09309999999999985,4,7,7,1,,,,34.351665344695306,12,7,5,7,4,1,,,,,19.013133987530523,12.40715233344497,40.66400779394751,25.14854653039643,25251,16,3,1.0848217299178173,1.1671580491241078,9.711946045978637,9.204180527881215,28,27.1614555648564,5.0,1.5889924380311342,1.660231367620304,ZINCj600000PwQir_m01_t01,SER17;ASP15;SER14;GLU21;SER18,0.0,-43.184874235085566
245,native_first,ZINCk600000BmKwq,CO[C@H](C)c1nc(C(=O)NCC2(CCO)CNC2)co1,10266,3858,2380,1,0,1,14.285714285714286,17.03922758205644,0.7319324588168706,12.471563740474812,4,283.328,0.0838000000000006,3,6,7,1,,,,34.351665344695306,12,7,5,7,4,1,,,,,20.319203222577734,13.271939655963319,43.32357783062009,25.93218807142476,16337,16,15,1.3282339797592064,1.1497787063719465,13.92267653865448,12.567652631996799,28,27.1614555648564,5.0,1.5911849506486142,1.9082071571571941,ZINCk600000BmKwq_m02_t01,SER17;ASP15;SER14;GLU21;SER18,1.0,38.95885829791837
246,native_first,ZINCj700000FCQrT,CC(=O)NNC(=O)Nc1ncc(C(C)=NO)c(C)n1,4087,2424,1681,1,0,1,14.285714285714286,16.640486220660865,0.790785037017274,13.159047511990739,4,266.26099999999997,0.15581999999999946,4,6,2,1,,,,36.38223751692659,12,7,5,7,4,1,,,,,20.58743439038409,13.514592933297417,43.19179284617074,26.905355641001087,9276,16,11,1.2318569534157502,0.9787381350539307,11.611623357653302,10.939209637761566,28,27.1614555648564,5.0,1.5925249099635739,1.6241327523275302,ZINCj700000FCQrT_m01_t03,SER17;ASP15;SER14;GLU21;SER18,0.0,-42.68467987603866
247,native_first,ZINCk7000004gbK4,Cc1[nH]nc2ncc(CN[C@@H]3CN[C@@H](C(=O)O)C3)cc12,4407,5327,3213,1,0,1,14.285714285714286,14.477064275896673,0.9055373175025514,13.10952194970749,4,275.312,0.17102000000000056,4,5,4,1,,,,32.983637231917015,11,7,4,7,4,1,,,,,19.2747566324929,12.26529302109725,44.980633802816904,24.758308872262546,30809,16,6,0.8078829656737972,0.5687944434729605,8.080270416267007,7.637374216005561,28,27.1614555648564,5.0,1.595337303911502,1.6604561739440307,ZINCk7000004gbK4_m01_t04,SER17;ASP15;SER14;GLU21;SER18,3.0,72.66475462908339
248,native_first,ZINCj700000JUnw3,O[C@H]1C[C@H](NCc2cnc(-c3cnccn3)s2)[C@@H]1O,8566,7952,4917,1,0,1,14.285714285714286,16.628609428741346,0.7590376158121414,12.621740055063125,4,278.337,0.18379999999999963,3,7,4,1,,,,34.932961828358735,11,6,5,6,3,1,,,,,20.282917670362597,13.176934010607596,44.023859896567934,26.142935333561056,14488,16,15,1.4018982722523206,1.0799651518777924,9.711946045978637,10.109072571407768,28,27.1614555648564,5.0,1.5954455326598012,1.578529188115362,ZINCj700000JUnw3_m01_t01,SER17;ASP15;SER14;GLU21;SER18,2.0,134.87994075295617
249,native_first,ZINCk5000009Ej45,C[C@@H](CNC(=O)[C@@H](C)[C@@H](C)O)NC(=O)COC1COC1,3200,5163,3153,1,0,1,14.285714285714286,15.583483114146915,0.8562282201991542,13.343018011329587,4,288.34400000000005,-0.9603999999999979,3,5,8,1,,,,33.81239250864757,12,7,5,7,4,1,,,,,18.669293185733213,12.284091786640996,38.87770343543472,24.726532914898957,31283,16,0,0.8441279442684143,0.8454293707743489,13.92267653865448,13.275291966687794,28,27.1614555648564,5.0,1.5956309083508313,1.5283549040696573,ZINCk5000009Ej45_m01_t04,SER17;ASP15;SER14;GLU21;SER18,2.0,35.71744426556289
250,native_first,ZINCj500000c9ZV9,O=C(N[C@H]1C[C@@H]([C@@H](F)C(=O)O)C1)c1cnnc(O)c1,8066,6176,3628,1,0,1,14.285714285714286,16.628609428741346,0.7621606313050974,12.673671459935399,4,269.23199999999997,0.11329999999999973,3,5,4,1,,,,32.391143412755326,11,6,5,6,4,1,,,,,18.37062806879073,11.68418007819346,42.94862604540025,23.978834206376572,45047,16,11,1.2462541919812054,1.1640966929332006,9.711946045978637,9.215310875151552,28,27.1614555648564,5.0,1.5964060588553428,1.4609024306088148,ZINCj500000c9ZV9_m01_t06,SER17;ASP15;SER14;GLU21;SER18,1.0,-8.844003742857106
251,native_first,ZINCj5000002gjZl,NC(=O)c1cnc(CN=c2[nH]cc(S(N)(=O)=O)s2)s1,8894,7035,4121,1,0,1,17.857142857142858,19.267729830797304,0.6533658114961235,12.588875936586946,5,319.39300000000003,-0.6200999999999999,3,7,4,1,,,,38.92405593253,12,7,5,7,3,1,,,,,21.149782852657424,14.274213920613517,40.8042993385633,28.259492084606453,3877,16,15,1.7764767221819058,1.3061577216537428,11.611623357653302,10.11573961930615,28,27.1614555648564,5.0,1.5969485741347413,1.7267883477985624,ZINCj5000002gjZl_m01_t02,SER17;ASP15;SER14;GLU21;SER18,0.0,-138.33638520675532
252,native_first,ZINCk600000vvNDj,C[C@H](NC(=O)COc1ccc(O)cc1)c1nc(O)n[nH]1,3494,7848,4819,1,0,1,14.285714285714286,16.628609428741346,0.7984815681466318,13.277638132759257,4,278.268,0.47209999999999985,4,6,5,1,,,,35.21365088823171,11,6,5,6,3,1,,,,,19.244187473515453,12.622565043324277,40.47880870561283,25.631972839401957,19382,16,4,1.0894237474835546,0.9666532447070438,9.711946045978637,8.651213513255156,28,27.1614555648564,5.0,1.5970786677166204,1.334168752525186,ZINCk600000vvNDj_m01_t07,SER17;ASP15;SER14;GLU21;SER18,3.0,47.186241785489415
253,native_first,ZINCk5000009CfUm,CC[C@H](CNC(=O)[C@@H]1CC(=O)N1)NC(=O)c1cnns1,9859,944,713,1,1,1,14.285714285714286,16.628609428741346,0.7518892174031583,12.502872129879108,4,297.34,-0.9487999999999985,3,6,6,1,,,,38.34275944886656,13,8,5,8,4,1,,,,,20.02740486192984,13.808394443304135,36.43857065474981,27.353546696704527,7005,16,12,1.402247057555872,1.0596484556180161,9.711946045978637,8.798474665492618,28,27.1614555648564,5.0,1.5983900131582465,1.1902556600329968,ZINCk5000009CfUm_m01_t07,SER17;ASP15;SER14;GLU21;SER18,0.0,-30.698902339800135
254,native_first,ZINCk50000044BPE,Cc1cc(C(=O)NCCN2CC[C@@H](CO)C2)nnc1O,3145,3876,2394,1,0,1,14.285714285714286,16.628609428741346,0.8031005091105164,13.354444698022109,4,280.328,-0.46538000000000046,3,6,5,1,,,,34.351665344695306,12,7,5,7,4,1,,,,,20.234131175795177,13.134466524727959,44.03864851725814,25.88114484335523,16778,16,4,1.0844923964047057,1.002242111077236,9.711946045978637,9.002656931198093,28,27.1614555648564,5.0,1.5986244060682773,1.0166063652842228,ZINCk50000044BPE_m01_t04,SER17;ASP15;SER14;GLU21;SER18,2.0,79.73192382090845
255,native_first,ZINCk500000dp1Bd,COCCn1cc(C(=O)NCc2cc(CO)n[nH]2)nn1,3515,80,80,1,1,1,14.285714285714286,17.03922758205644,0.7789993006406445,13.273546369878748,4,280.28799999999995,-0.9300999999999999,3,7,7,1,,,,42.87986182667435,14,9,5,9,4,1,,,,,27.83964834076581,19.73233870790512,47.25505347321984,33.85573373512922,31,16,8,1.375734431596005,0.9830278122407909,13.92267653865448,13.653754495419637,28,27.1614555648564,5.0,1.5990032632022595,1.5168557012342059,ZINCk500000dp1Bd_m01_t02,SER17;ASP15;SER14;GLU21;SER18,1.0,4.622766688317828
256,native_first,ZINCk6000009Jh4H,COCCC(=O)NCC[C@H](C)NC(=O)CCC[N+](=O)[O-],7849,166,150,1,1,1,14.285714285714286,13.782525261262656,0.9211622817923265,12.695942418525089,4,289.332,0.0908000000000011,2,5,11,1,,,,41.602537585963475,13,9,4,9,4,1,,,,,23.525891107209084,15.226838363083797,51.70843339272339,30.756549698710838,551,16,0,0.7252077757011997,0.5407435680009847,11.791641997618479,11.893603187968177,28,27.1614555648564,5.0,1.6005925155100378,1.6746118221603645,ZINCk6000009Jh4H_m01_t05,SER17;ASP15;SER14;GLU21;SER18,0.0,-144.2688840334005
257,native_first,ZINCk600000GfE3P,C[C@](O)(CCO)CN1CC[C@H](c2n[nH]cc2C(=O)O)C1,762,1826,1245,1,0,1,17.857142857142858,19.267729830797304,0.7400967086171945,14.259983430298417,5,283.32800000000003,0.03059999999999946,4,5,6,1,,,,37.49136825579339,13,8,5,8,4,1,,,,,18.876992704561825,12.896265381351496,35.2022800645682,26.322742925054456,13068,16,0,1.2656855806705003,1.1430618078639627,11.611623357653302,10.259275058916218,28,27.1614555648564,5.0,1.603250536665452,1.394234666460775,ZINCk600000GfE3P_m01_t03,SER17;ASP15;SER14;GLU21;SER18,3.0,38.575057690664366
258,native_first,ZINCj6000002mbN7,Cc1nsc(C(=O)NCCN2CC[C@H](CO)C2)c1N,4320,4580,2811,1,0,1,14.285714285714286,16.628609428741346,0.78904249035529,13.120679394799527,4,284.385,0.07772000000000034,3,6,5,1,,,,34.351665344695306,12,7,5,7,4,1,,,,,18.244709129570996,11.807784235228324,40.11082308496102,24.68749161562072,31911,16,0,1.355705385903295,0.9417896002449578,9.711946045978637,9.791530971760931,28,27.1614555648564,5.0,1.6032626985452127,1.355481598485749,ZINCj6000002mbN7_m01_t04,SER17;ASP15;SER14;GLU21;SER18,0.0,16.569772887872844
259,native_first,ZINCj600000xcR5G,NC(=O)c1ccc(CN=c2ccc(CO)n[nH]2)cn1,11574,6927,4014,1,0,1,14.285714285714286,15.18474175275134,0.814415509911539,12.36668919744202,4,259.269,-0.5032000000000005,3,5,4,1,,,,38.92405593253,12,7,5,7,3,1,,,,,24.639492099517927,16.35853680290235,49.89934648150312,30.353317632722753,799,16,15,1.0520375857860027,0.9915292194418447,11.611623357653302,11.230067583224306,28,27.1614555648564,5.0,1.6037981683722797,1.3542575826834073,ZINCj600000xcR5G_m01_t02,SER17;ASP15;SER14;GLU21;SER18,1.0,38.9302240899797
260,native_first,ZINCk700000PCx1V,O=C(O)COc1cccc(C(=O)N[C@H]2CCONC2)c1,41,2236,1593,1,0,1,17.857142857142858,19.267729830797304,0.7993493494799652,15.401647306203545,5,280.28000000000003,0.17330000000000007,3,5,5,1,,,,36.38223751692659,12,7,5,7,4,1,,,,,24.099836956455505,16.156267130827878,47.40992991807325,29.012797180643936,2328,16,4,0.9436677637133501,0.9621981596343435,11.611623357653302,10.144404709044471,28,27.1614555648564,5.0,1.6038592025771758,1.4436771942463853,ZINCk700000PCx1V_m01_t01,SER17;ASP15;SER14;GLU21;SER18,1.0,18.088644036372894
261,native_first,ZINCk700000PAH1R,COCC(=O)N[C@@H]1CC=C(C(=O)NCCC[C@@H](C)O)C1,1792,6686,3835,1,0,1,14.285714285714286,15.583483114146915,0.8818409699894455,13.74215386519346,4,284.356,0.11500000000000071,3,4,8,1,,,,29.821298404476316,11,6,5,6,4,1,,,,,19.78648461118476,12.815509020046287,43.386503832014455,23.800410128501383,48896,16,2,1.1466281352766565,0.4683752152854301,13.92267653865448,13.915894747654088,28,27.1614555648564,5.0,1.6042011127348856,1.3316567010847231,ZINCk700000PAH1R_m01_t01,SER17;ASP15;SER14;GLU21;SER18,1.0,-28.63091646707313
262,native_first,ZINCk500000geUYi,CP(C)(=O)[C@H](O)C(=O)N1CC2(CC(NC(=O)CO)C2)C1,8118,6590,3817,1,0,1,14.285714285714286,15.18474175275134,0.8342562785026321,12.667966144673867,4,304.2830000000001,-0.9729999999999988,3,5,4,1,,,,29.821298404476316,11,6,5,6,4,1,,,,,20.85958515056166,13.644941491972308,44.26355144058493,24.444270452127522,35981,16,13,0.7428073399756572,0.787231838139889,11.611623357653302,9.883500974138883,28,27.1614555648564,5.0,1.6062449120009976,1.166850481214399,ZINCk500000geUYi_m01_t08,SER17;ASP15;SER14;GLU21;SER18,0.0,58.69694388614427
263,native_first,ZINCk7000004ftlw,COCCN=c1[nH]c(CC(=O)NCCCC(N)=O)cs1,6223,588,507,1,1,1,14.285714285714286,14.609184867389905,0.880875251888047,12.868869399941127,4,300.38399999999996,-0.4524999999999988,3,5,9,1,,,,38.34275944886656,13,8,5,8,4,1,,,,,27.724550554725173,18.976303026995005,51.437878162816276,31.971834112381725,177,16,2,0.843811569899782,0.7319180562676507,9.433491135311455,9.209692910673075,28,27.1614555648564,5.0,1.6098038995994646,1.4248068619468708,ZINCk7000004ftlw_m01_t04,SER17;ASP15;SER14;GLU21;SER18,3.0,-43.58236164837371
264,native_first,ZINCk500000gaUjB,CC[C@@H](C(=O)NCCNC(=O)c1cccnn1)[C@@H](C)O,2759,4632,2841,1,0,1,14.285714285714286,16.628609428741346,0.8084652506231292,13.443652889321502,4,280.32800000000003,-0.27040000000000014,3,5,7,1,,,,34.351665344695306,12,7,5,7,4,1,,,,,18.10621064129702,11.691353418768248,40.11868857840423,24.604392522656333,33291,16,1,1.2111144973740697,0.929580981470766,9.711946045978637,9.62828765492929,28,27.1614555648564,5.0,1.6111932391815078,1.94049950760025,ZINCk500000gaUjB_m01_t04,SER17;ASP15;SER14;GLU21;SER18,1.0,34.756585539084284
265,native_first,ZINCk6000004dLJO,N[C@H](Cc1ccc(Br)nc1)C(=O)NCc1cc(O)n[nH]1,10730,7853,4824,1,0,1,14.285714285714286,16.628609428741346,0.7478503353683263,12.43571113799313,4,340.18100000000004,0.45899999999999996,4,5,5,1,,,,35.21365088823171,11,6,5,6,3,1,,,,,18.90771627921952,12.52811380111618,38.52607709750568,25.4300901228244,21631,16,8,1.3529059086638358,1.1457501283516693,9.711946045978637,10.46986568154196,28,27.1614555648564,5.0,1.6115742962450144,1.9179182015454654,ZINCk6000004dLJO_m02_t04,SER17;ASP15;SER14;GLU21;SER18,1.0,38.02902335817244
266,native_first,ZINCj700000EngZ8,O=C(NCCCCO)[C@H]1C[C@H](NCc2cc[nH]n2)C1,1421,3165,1989,1,0,1,14.285714285714286,16.628609428741346,0.834916353932629,13.88349795521446,4,266.3450000000001,0.16659999999999925,4,4,8,1,,,,34.94415916385699,12,8,4,8,4,1,,,,,20.108905127843897,13.158444182793597,42.622844741767224,26.04300674224913,15282,16,15,1.270111658668489,0.6730288542292886,9.711946045978637,10.266339910803346,28,27.1614555648564,5.0,1.6122588013109242,1.4588297152843497,ZINCj700000EngZ8_m01_t01,SER17;ASP15;SER14;GLU21;SER18,1.0,7.717904963200949
267,native_first,ZINCk800000PALtc,CO[C@H]1[C@H](O)C[C@H]1Nc1ccc(C[C@H](N)C(=O)O)cc1,342,5290,3198,1,0,1,14.285714285714286,16.640486220660865,0.8808962100327467,14.658541244882299,4,280.324,0.2011000000000005,4,5,6,1,,,,32.983637231917015,11,7,4,7,4,1,,,,,22.577748523671925,14.51523364183838,50.78809523809525,26.74010400696996,10261,16,10,0.8259584714335918,0.7333052697558191,11.611623357653302,11.238335130330388,28,27.1614555648564,5.0,1.6138433205342582,1.6259955317563137,ZINCk800000PALtc_m02_t01,SER17;ASP15;SER14;GLU21;SER18,2.0,-48.65021404903326
268,native_first,ZINCk700001bOo4c,CC[C@@H](NC(=O)[C@@H](CO)OC)c1csc(=NCCO)[nH]1,5926,1784,1229,1,0,1,14.285714285714286,16.640486220660865,0.7755925961560284,12.906237909180977,4,303.384,-0.4562000000000003,4,6,8,1,,,,37.49136825579339,13,8,5,8,4,1,,,,,20.72532400030101,14.236501518788874,38.0831608005521,27.43174170249796,6666,16,9,1.003669827780459,1.2002396469398058,11.611623357653302,10.773980825510842,28,27.1614555648564,5.0,1.6141959555276453,1.492400473401273,ZINCk700001bOo4c_m01_t02,SER17;ASP15;SER14;GLU21;SER18,3.0,43.01381518980861
269,native_first,ZINCk700000JUomB,O=C(Nc1ccc(O)cn1)[C@@H]1Cc2cncn2C(=O)N1,7517,7736,4718,1,0,1,14.285714285714286,16.628609428741346,0.7656339246713244,12.731427498753826,4,273.25199999999995,0.10479999999999984,3,6,2,1,,,,36.06504208130489,11,6,5,6,3,1,,,,,17.664247706645835,11.32108632014882,40.17305920294865,25.024565456509457,26952,16,0,1.3940128979035904,0.9201676174497763,9.711946045978637,10.90904149407452,28,27.1614555648564,5.0,1.6153229106661688,1.6444656321283506,ZINCk700000JUomB_m01_t06,SER17;ASP15;SER14;GLU21;SER18,3.0,29.426652360147077
270,native_first,ZINCj5000002drKa,C[C@@H](O)c1n[nH]c(CNc2cc(C(N)=O)ccn2)n1,7795,1136,829,1,1,1,17.857142857142858,19.267729830797304,0.6592452057373263,12.702158516395187,5,262.273,-0.036000000000000365,4,6,5,1,,,,38.072664739456826,12,7,5,7,4,1,,,,,20.447640776993175,13.805862618353812,39.40452140452141,27.497650361978636,6405,16,3,1.7107218130901514,1.3042684673423142,11.611623357653302,10.073868894196034,28,27.1614555648564,5.0,1.6163009433553353,1.699833938363568,ZINCj5000002drKa_m01_t03,SER17;ASP15;SER14;GLU21;SER18,1.0,-35.61047785337434
271,native_first,ZINCk800001bQiRo,OCCOCCNc1cc(N[C@@H]2CC[C@H](O)C2)ncn1,80,5373,3236,1,0,1,17.857142857142858,19.267729830797304,0.7883457876123494,15.18963364896186,5,282.344,0.22269999999999907,4,7,8,1,,,,32.983637231917015,11,7,4,7,4,1,,,,,18.12809790044331,11.401143692540991,44.21751615218953,24.070313633032793,43129,16,2,1.4847938976466033,0.8383636464956027,11.611623357653302,11.816302401327151,28,27.1614555648564,5.0,1.6175591576538135,1.1721138074823512,ZINCk800001bQiRo_m01_t05,SER17;ASP15;SER14;GLU21;SER18,2.0,-41.861830992844354
272,native_first,ZINCk500000dpeLo,C[C@@H](C(=O)Nc1nnc(CCO)s1)N1CCC(O)CC1,10146,4483,2742,1,0,1,17.857142857142858,19.267729830797304,0.6477781693158472,12.481214756666215,5,300.38400000000007,-0.14340000000000042,3,7,5,1,,,,34.351665344695306,12,7,5,7,4,1,,,,,18.52226226937727,11.960916945516908,41.029780910496605,24.854023499504482,29359,16,9,1.9115320399818423,1.4381327203651235,11.611623357653302,11.780383462400554,28,27.1614555648564,5.0,1.6179096329337275,1.551031340309652,ZINCk500000dpeLo_m01_t04,SER17;ASP15;SER14;GLU21;SER18,2.0,15.775977486162073
273,native_first,ZINCk5000009GlA5,O=C(Cc1csnn1)NC[C@@H]1CCC[C@H]1NC(=O)CO,6924,6220,3651,1,0,1,14.285714285714286,16.628609428741346,0.7691357122104201,12.789657356043882,4,298.36800000000005,-0.5259999999999994,3,6,6,1,,,,32.391143412755326,11,6,5,6,4,1,,,,,18.267847087692598,11.510211795535955,44.242694226657186,23.917165617717693,46309,16,9,1.0090064418756297,1.248705254574956,9.711946045978637,8.965827211479393,28,27.1614555648564,5.0,1.6188582449105828,1.591905220335971,ZINCk5000009GlA5_m01_t08,SER17;ASP15;SER14;GLU21;SER18,1.0,-18.803530262578608
274,native_first,ZINCk5000009F4Pb,C[C@H](CNC(=O)c1cnoc1)CNC(=O)[C@@H]1CC(=O)N1,11898,2304,1625,1,0,1,14.285714285714286,16.628609428741346,0.7424107956620473,12.345259156745284,4,280.284,-0.9547999999999992,3,5,6,1,,,,36.38223751692659,12,7,5,7,4,1,,,,,22.224790394889045,14.777922528694972,44.800679546442254,27.887769243704064,4919,16,15,1.1656240334239163,1.35009335400732,9.711946045978637,9.359223932044042,28,27.1614555648564,5.0,1.6190458482018009,1.2482257796973406,ZINCk5000009F4Pb_m01_t07,SER17;ASP15;SER14;GLU21;SER18,3.0,-50.47227584707525
275,native_first,ZINCj700000d8ygR,O=C(NCCc1nnc(CO)s1)c1ccc(O)nc1,5170,7894,4864,1,0,1,14.285714285714286,16.628609428741346,0.7820009760548986,13.003588803711422,4,280.309,0.10349999999999998,3,7,5,1,,,,34.932961828358735,11,6,5,6,3,1,,,,,22.35467908269852,14.172103536555476,52.894456289978685,27.385992180962603,6888,16,0,1.1824175841969646,1.0848752410742655,9.711946045978637,9.185065431582858,28,27.1614555648564,5.0,1.61933682084547,1.4072476099702382,ZINCj700000d8ygR_m01_t05,SER17;ASP15;SER14;GLU21;SER18,2.0,41.52029581116941
276,native_first,ZINCk5000009FUXU,Cn1ncc(C(=O)NCCCCN=c2[nH]nc(O)s2)n1,15234,1267,912,0,1,1,14.285714285714286,16.628609428741346,0.7289541945584956,12.121494592755953,4,297.344,-0.5838000000000002,3,8,6,1,,,,40.91933989473438,13,8,5,8,4,1,,,,,27.6346724956806,19.187722249404004,49.36762647470508,32.94853945530211,73,16,3,1.141943747073187,1.3895187929963704,9.711946045978637,8.83738496004881,28,27.1614555648564,5.0,1.6200457193015887,1.5972226609985363,ZINCk5000009FUXU_m01_t02,SER17;ASP15;SER14;GLU21;SER18,1.0,-14.302757509926407
277,native_first,ZINCk50000047xTo,O=C(NCCc1nc(=O)o[nH]1)c1cc2c[nH]cnc-2n1,5630,7633,4616,1,0,1,14.285714285714286,16.628609428741346,0.7784374243928996,12.944331894944899,4,274.24000000000007,-0.44170000000000065,3,6,4,1,,,,36.702083274714774,11,6,5,6,3,1,,,,,21.705895183420786,13.960871736099378,48.75170765027325,27.704370419938385,5598,16,0,1.2211507134761534,1.098700462824414,9.711946045978637,9.427794615891209,28,27.1614555648564,5.0,1.6206600087511427,1.4549608923545523,ZINCk50000047xTo_m01_t04,SER17;ASP15;SER14;GLU21;SER18,1.0,-79.34663196897614
278,native_first,ZINCk500000gfomp,C[C@@H](C(=O)NCCNC(=O)[C@H]1C[C@@H](O)C1)n1cccn1,5856,6089,3580,1,0,1,14.285714285714286,16.628609428741346,0.7767291187304942,12.915925147299852,4,280.328,-0.5525999999999998,3,5,6,1,,,,32.391143412755326,11,6,5,6,4,1,,,,,18.54691272216946,11.655235483750374,45.379656160458474,24.084604998403808,42828,16,3,1.0812251999915907,1.2073686284078038,9.711946045978637,9.528343957717908,28,27.1614555648564,5.0,1.6208881930514107,1.7171392638434877,ZINCk500000gfomp_m01_t03,SER17;ASP15;SER14;GLU21;SER18,0.0,-46.85091340547561
279,native_first,ZINCk500000ge2XO,COC[C@@H](O)C(=O)NC[C@H](C)NC(=O)c1nnsc1C,16205,1517,1060,0,1,1,14.285714285714286,16.628609428741346,0.7251902888262348,12.058906074407588,4,302.35600000000005,-0.9116799999999996,3,7,7,1,,,,38.34275944886656,13,8,5,8,4,1,,,,,20.262142078369138,13.825158306799047,37.915634035522515,27.494389026568104,6422,16,2,1.4225767972068322,1.2494411724637147,9.711946045978637,9.043251389389562,28,27.1614555648564,5.0,1.6211634337325935,1.8710761956781543,ZINCk500000ge2XO_m01_t04,SER17;ASP15;SER14;GLU21;SER18,3.0,50.167992628854606
280,native_first,ZINCk700000EmvGS,COc1cc(NC2CC(C(=O)NC[C@H](C)O)C2)ncn1,8676,5743,3386,1,0,1,17.857142857142858,16.545773402920933,0.7620878721407589,12.609333245555177,5,280.328,0.1726999999999997,3,6,6,1,,,,32.391143412755326,11,6,5,6,4,1,,,,,19.761482597394615,12.40171744509264,48.607426099495335,24.8133469235389,29920,16,15,1.3246771046543822,1.0992531200160194,11.791641997618479,11.202208438118134,28,27.1614555648564,5.0,1.6211777205982942,1.6316110962355423,ZINCk700000EmvGS_m01_t07,SER17;ASP15;SER14;GLU21;SER18,3.0,-83.13737713201806
281,native_first,ZINCj6000002mvPj,O=C(N=c1cccn[nH]1)NCCN1CCC(O)CC1,4747,4549,2789,1,0,1,14.285714285714286,16.628609428741346,0.7853809812874493,13.059793590590608,4,265.31699999999995,-0.5232999999999997,3,4,3,1,,,,34.351665344695306,12,7,5,7,4,1,,,,,18.34477377273641,11.888610983842396,40.14651794994805,24.747530401519967,30955,16,1,1.409122229152625,0.9237127060576418,9.711946045978637,9.659118556500157,28,27.1614555648564,5.0,1.6217076665579258,1.7863463532301076,ZINCj6000002mvPj_m01_t05,SER17;ASP15;SER14;GLU21;SER18,3.0,-55.74346324233986
282,native_first,ZINCk700000GfUKY,COCCc1cc(=NC(=O)N[C@H]2CCOC[C@@H]2O)[nH]o1,15764,1443,1026,0,1,1,14.285714285714286,14.609184867389905,0.8273042972131682,12.086241419573257,4,285.29999999999995,-0.4432999999999993,3,5,4,1,,,,38.34275944886656,13,8,5,8,4,1,,,,,23.17689471493077,16.388577152921453,39.56521421153481,29.243240608505083,1939,16,7,1.4760538887703551,0.5662771762741478,9.433491135311455,9.538778422689967,28,27.1614555648564,5.0,1.623168358441227,1.6931448451413882,ZINCk700000GfUKY_m01_t07,SER17;ASP15;SER14;GLU21;SER18,1.0,-28.86637302481846
283,native_first,ZINCk600001bQezg,O=C(Cc1ccsn1)NCCC(=O)N[C@@H](CO)C1CC1,9046,6002,3533,1,0,1,14.285714285714286,16.628609428741346,0.7562030734274153,12.574605556838302,4,297.38000000000005,0.07899999999999974,3,5,8,1,,,,32.391143412755326,11,6,5,6,4,1,,,,,18.80399586438187,11.764432972060241,46.81998556998556,24.238854883731253,39663,16,9,0.9931692955760583,1.2660976351761453,9.711946045978637,8.55759314060372,28,27.1614555648564,5.0,1.6240379896755308,1.8002071974729046,ZINCk600001bQezg_m01_t06,SER17;ASP15;SER14;GLU21;SER18,0.0,-26.05861485829842
284,native_first,ZINCk8000009LGgj,CC[C@H](O)CC(=O)N[C@H]1C[C@H](N=c2[nH]nc(CO)s2)C1,5036,1699,1194,1,0,1,17.857142857142858,20.24202807755431,0.6433425466445615,13.022557892664507,5,300.38400000000007,-0.3276000000000001,4,6,6,1,,,,37.49136825579339,13,8,5,8,4,1,,,,,25.31475503895731,18.03487049614281,42.44992329607713,30.18540032569174,923,16,2,1.8379391788307333,1.4707330048814338,15.443445405737666,14.662743976394646,28,27.1614555648564,5.0,1.6253950689039958,1.35877696842232,ZINCk8000009LGgj_m01_t06,SER17;ASP15;SER14;GLU21;SER18,1.0,-8.821424763428046
285,native_first,ZINCk800000JSh9V,Cc1sc(CNC(=O)[C@H](O)c2cnc[nH]2)nc1C(=O)O,4168,55,55,1,1,1,17.857142857142858,19.267729830797304,0.6822756858808481,13.145903585674107,5,296.30800000000005,0.2226199999999997,4,6,5,1,,,,44.05904280583246,14,9,5,9,4,1,,,,,24.126797168367535,17.7408128921943,37.695768798131,32.0996954233535,152,16,7,1.6114343934315825,1.3948466990712096,11.611623357653302,10.99374547715416,28,27.1614555648564,5.0,1.627918138997886,1.5965895318880927,ZINCk800000JSh9V_m01_t03,SER17;ASP15;SER14;GLU21;SER18,2.0,55.862436225569496
286,native_first,ZINCk700000PC2mk,O=C(C[C@@H]1CCCO1)NC[C@@H](O)C(=O)Nc1cnsc1,7580,2699,1801,1,0,1,14.285714285714286,16.024722079133863,0.7940143750254045,12.723859686619274,4,299.35200000000003,0.1277999999999992,3,6,6,1,,,,36.38223751692659,12,7,5,7,4,1,,,,,17.029172093929663,11.189315699316497,35.61944708868793,24.770398263128435,30609,16,15,0.9409705812693008,1.0433925264055448,9.413178262414874,8.134089597730876,28,27.1614555648564,5.0,1.6280820907807172,1.899559610132464,ZINCk700000PC2mk_m01_t06,SER17;ASP15;SER14;GLU21;SER18,1.0,21.716637618892797
287,native_first,ZINCk7000004gGGs,N[C@H](C(=O)NCCCN1CCC(O)CC1)c1cscn1,1524,3769,2335,1,0,1,17.857142857142858,19.267729830797304,0.7182250807922722,13.838566814408066,5,298.412,0.10589999999999966,3,6,6,1,,,,34.351665344695306,12,7,5,7,4,1,,,,,20.750837691762957,13.569602227398422,44.0770894670432,26.191168752935894,14087,16,1,1.4887551073638547,1.1529121313274513,11.611623357653302,10.399805554565164,28,27.1614555648564,5.0,1.6284293380968287,1.6950763548468082,ZINCk7000004gGGs_m01_t03,SER17;ASP15;SER14;GLU21;SER18,1.0,54.06027618938906
288,native_first,ZINCk7000009L6Wc,O=C(NC[C@@H](O)CN=c1[nH]nc(O)s1)c1cnc(Cl)s1,9770,463,403,1,1,1,14.285714285714286,16.628609428741346,0.752294698497023,12.509614716619724,4,335.798,-0.021700000000000386,4,8,5,1,,,,39.20474499240297,12,7,5,7,4,1,,,,,22.974150806896144,15.776724959186236,42.24784026546142,29.466388481098875,1620,16,2,1.2170593406323906,1.2557166015799217,9.711946045978637,9.359341344891817,28,27.1614555648564,5.0,1.6289556231068267,1.9144289338409919,ZINCk7000009L6Wc_m01_t04,SER17;ASP15;SER14;GLU21;SER18,3.0,-19.749864239021957
289,native_first,ZINCj700000EngWz,O=C(NCCCCCO)[C@H]1C[C@H]1NCc1cn[nH]c1,5677,5298,3200,1,0,1,14.285714285714286,16.628609428741346,0.7781295913476437,12.939213059466079,4,266.345,0.16659999999999925,4,4,9,1,,,,32.983637231917015,11,7,4,7,4,1,,,,,20.852258091269373,13.238824679067939,49.0738112136267,25.704809747528433,18606,16,10,1.1111691035374998,0.9527079563340587,9.711946045978637,11.290107338161164,28,27.1614555648564,5.0,1.6290749855944133,1.2465288623761135,ZINCj700000EngWz_m02_t01,SER17;ASP15;SER14;GLU21;SER18,2.0,-28.69759088330444
290,native_first,ZINCk800000PBHnj,NC[C@@H]1C[C@@H](C(=O)NCCc2ccc(O)cn2)CCO1,3953,5846,3443,1,0,1,14.285714285714286,16.628609428741346,0.7928139647389563,13.183393769296018,4,279.34000000000003,0.1997999999999996,3,5,5,1,,,,32.391143412755326,11,6,5,6,4,1,,,,,19.335203739301775,12.263373626526512,45.67328136073706,24.5575796086832,34034,16,15,1.244516248395374,0.9826578655570682,9.711946045978637,9.270242787924687,28,27.1614555648564,5.0,1.6293762029708097,1.6971808871125602,ZINCk800000PBHnj_m02_t01,SER17;ASP15;SER14;GLU21;SER18,3.0,0.24958156481397964
291,native_first,ZINCk700001bOrgF,C=C[C@@H](O)C(=O)NC/C=C/CN=c1nc(O)c(C)c[nH]1,3853,3146,1983,1,0,1,14.285714285714286,15.18474175275134,0.8696061484662744,13.204744791065117,4,278.31199999999995,-0.45627999999999996,4,5,6,1,,,,34.94415916385699,12,8,4,8,4,1,,,,,22.72054844225385,14.746887504077582,49.467911437608414,27.609992730895105,5960,16,2,0.6645884331389318,0.7331244233525256,11.611623357653302,10.31304366841407,28,27.1614555648564,5.0,1.630454097386124,1.5458475510797567,ZINCk700001bOrgF_m01_t07,SER17;ASP15;SER14;GLU21;SER18,2.0,-82.8254371153683
292,native_first,ZINCk5000009Gd9s,O=C(C=CCO)N1CCC[C@@H](N=c2[nH]nc(CO)s2)C1,11146,4412,2698,1,0,1,14.285714285714286,16.628609428741346,0.7457997076545454,12.401612050656913,4,298.36800000000005,-0.5963,3,6,4,1,,,,34.351665344695306,12,7,5,7,4,1,,,,,18.69629291749593,12.237206413303973,39.595993020877195,24.95844188837568,27827,16,11,1.2449354121573215,1.1646017556070614,9.711946045978637,8.552588965725564,28,27.1614555648564,5.0,1.630509815862893,1.4271015637455884,ZINCk5000009Gd9s_m01_t02,SER17;ASP15;SER14;GLU21;SER18,3.0,-10.416072742155777
293,native_first,ZINCk7000004gz3z,NC(=O)CCC(=O)Nc1nc(CN2CCOCC2)cs1,3539,7297,4345,1,0,1,17.857142857142858,19.267729830797304,0.6887038174701721,13.269759088454016,5,298.36799999999994,0.1792999999999998,2,6,6,1,,,,36.783225624191815,13,7,6,7,3,1,,,,,23.29096638819359,15.825011681836376,44.09346846846846,28.68787008259288,2904,16,0,1.694047940742884,1.3143042038489519,11.611623357653302,11.246569724733838,28,27.1614555648564,5.0,1.6307040477974848,1.4731150246864673,ZINCk7000004gz3z_m01_t03,SER17;ASP15;SER14;GLU21;SER18,0.0,-4.605483210578471
294,native_first,ZINCk500000BlQA1,Cc1nnc2n1C[C@@H](C(=O)Nc1nnc(CO)s1)NC2,2314,2141,1514,1,0,1,14.285714285714286,16.628609428741346,0.8155502207737516,13.561466090770493,4,295.32800000000003,-0.9591800000000004,3,9,3,1,,,,36.92824579056311,12,7,5,7,4,1,,,,,17.38166055778943,11.181043490308916,39.02177968931049,25.200294650898904,24569,16,13,1.2111901940144412,0.7821741786716467,9.711946045978637,10.695683884056912,28,27.1614555648564,5.0,1.6310762988340293,1.6065208479766344,ZINCk500000BlQA1_m01_t02,SER17;ASP15;SER14;GLU21;SER18,2.0,17.210784329633675
295,native_first,ZINCk800000Bmvtn,Cn1c(C(=O)O)cnc1CNC(=O)C[C@@H]1CC[C@@H](O)C1,8365,4139,2544,1,0,1,17.857142857142858,19.267729830797304,0.6561241018594763,12.64202193010292,5,281.31199999999995,0.28559999999999924,3,5,5,1,,,,34.351665344695306,12,7,5,7,4,1,,,,,19.448757591245318,13.121248699679281,37.562814070351756,25.40992069262531,21890,16,7,1.8530112860623584,1.4030998660570677,11.611623357653302,12.117999515760376,28,27.1614555648564,5.0,1.6319102679171544,1.672153793095831,ZINCk800000Bmvtn_m02_t03,SER17;ASP15;SER14;GLU21;SER18,2.0,-50.05902710729965
296,native_first,ZINCk50000045aGo,Cc1nnc(NNC(=O)NCCOCC(C)(C)O)n1C,8080,4209,2584,1,0,1,14.285714285714286,16.628609428741346,0.7620518287714706,12.671862225098861,4,286.33599999999996,-0.4628799999999995,4,7,7,1,,,,34.351665344695306,12,7,5,7,4,1,,,,,19.22267702629628,12.442861523904893,42.23612300664792,25.274272353655892,23549,16,6,1.0957664688236162,1.19606468103151,9.711946045978637,8.712284192989438,28,27.1614555648564,5.0,1.634225220453588,1.8741905199736848,ZINCk50000045aGo_m01_t05,SER17;ASP15;SER14;GLU21;SER18,3.0,6.02562482854859
297,native_first,ZINCk600000Pu75g,Cc1nocc1NC(=O)CONC(=O)c1cncn1C,8347,6896,3987,1,0,1,14.285714285714286,16.628609428741346,0.7603529992861823,12.643613053101973,4,279.25600000000003,0.016619999999999413,2,7,5,1,,,,39.35980607005963,13,7,6,7,3,1,,,,,21.6557580243435,14.762976816587528,40.6220467125692,28.737377242629954,2816,16,8,1.5224569642038583,0.9914348499466606,9.711946045978637,9.9066348849264,28,27.1614555648564,5.0,1.6346140951378068,1.9208434861351182,ZINCk600000Pu75g_m01_t02,SER17;ASP15;SER14;GLU21;SER18,1.0,36.4053708080018
298,native_first,ZINCk700000JUveD,O=C(O)c1n[nH]cc1CN1CC(c2ncc(CO)o2)C1,644,244,206,1,1,1,17.857142857142858,19.267729830797304,0.7446937659036714,14.348558288110954,5,278.26800000000003,0.18759999999999982,3,6,5,1,,,,40.91933989473438,13,8,5,8,4,1,,,,,24.87183229657206,17.190220518404388,44.96475704859029,31.290835335836988,319,16,4,1.457114213146644,1.1305285740409783,11.611623357653302,11.986205919113077,28,27.1614555648564,5.0,1.6347381040575473,1.4907686606119372,ZINCk700000JUveD_m01_t03,SER17;ASP15;SER14;GLU21;SER18,1.0,47.69055223297949
299,native_first,ZINCk50000044nwL,C[C@](O)(CCO)CNC(=O)CCCCN1CCOCC1,8259,6561,3810,1,0,1,14.285714285714286,15.583483114146915,0.8120171813085555,12.65405603331905,4,288.38800000000003,-0.2614999999999996,3,5,9,1,,,,29.821298404476316,11,6,5,6,4,1,,,,,21.495882030877343,14.04096408058855,45.82763337893298,24.826048580316932,29753,16,3,0.8309059316691316,0.991565380492605,13.92267653865448,12.605598743076335,28,27.1614555648564,5.0,1.636199461890151,1.4417720424718574,ZINCk50000044nwL_m02_t01,SER17;ASP15;SER14;GLU21;SER18,1.0,95.3226148787094
300,native_first,ZINCk800000PAXpa,COC(=O)c1cnc(CNC(=O)c2ccc(O)cn2)[nH]1,14914,1300,945,0,1,1,14.285714285714286,16.628609428741346,0.7302078964586879,12.142341911994322,4,276.252,0.22689999999999982,3,6,4,1,,,,40.91933989473438,13,8,5,8,4,1,,,,,19.367366064347337,13.236101663426789,36.08083010335917,27.98815559650215,4622,16,1,1.5360021350348059,1.168649886854448,9.711946045978637,9.420724955692016,28,27.1614555648564,5.0,1.636676468926559,1.4479955836554235,ZINCk800000PAXpa_m01_t08,SER17;ASP15;SER14;GLU21;SER18,0.0,86.45059227937887
301,native_first,ZINCk600000cizVV,CC(=O)Nc1nc(C(=O)NC2(CC(=O)O)COC2)cs1,16357,1354,985,0,1,1,17.857142857142858,17.077001842636218,0.7056510463072341,12.050404218046811,5,299.30799999999994,0.07499999999999973,3,6,5,1,,,,38.997153608381865,13,7,6,7,4,1,,,,,20.457028746412742,14.107065258236807,37.20315242338329,27.87307869120039,4975,16,10,1.6390419964209535,1.240420895323502,11.791641997618479,11.370283608629203,28,27.1614555648564,5.0,1.6380440966302439,1.84476792150695,ZINCk600000cizVV_m01_t05,SER17;ASP15;SER14;GLU21;SER18,2.0,-55.80351811976535
302,native_first,ZINCk700000drDQq,NC(=O)c1coc(CNC[C@H](O)c2ccc(F)cn2)n1,11052,8028,4991,1,0,1,14.285714285714286,16.628609428741346,0.7463155813935056,12.410190313576626,4,280.25899999999996,0.1307999999999997,3,6,6,1,,,,34.932961828358735,11,6,5,6,3,1,,,,,19.26468130202007,12.239017917631626,45.22630834512023,25.53199351255554,20472,16,5,0.9931242428896929,1.2166307441682562,9.711946045978637,8.09189781759736,28,27.1614555648564,5.0,1.6400366045169164,1.1776272489499158,ZINCk700000drDQq_m01_t02,SER17;ASP15;SER14;GLU21;SER18,2.0,96.03029702096767
303,native_first,ZINCk8000004jfed,C[C@H](O)C1(NC(=O)CCNC(=O)c2ccncc2)CC1,11688,6212,3647,1,0,1,14.285714285714286,16.628609428741346,0.7431994927788974,12.35837409305896,4,277.32400000000007,0.23110000000000008,3,4,6,1,,,,32.391143412755326,11,6,5,6,4,1,,,,,18.291913515231826,11.56421328202302,43.73638344226581,23.93160547424123,45994,16,9,1.1956448583563384,1.3300791474115023,9.711946045978637,9.985819426609513,28,27.1614555648564,5.0,1.6409029600828262,1.4679183608657156,ZINCk8000004jfed_m01_t04,SER17;ASP15;SER14;GLU21;SER18,2.0,-7.620920155321813
304,native_first,ZINCj600000BnjSB,Cc1sc(NC(=O)Cc2nc(=O)o[nH]2)nc1C(=O)O,4085,7118,4203,1,0,1,17.857142857142858,19.267729830797304,0.682972094586223,13.159321800461086,5,284.253,0.00721999999999956,3,7,4,1,,,,38.92405593253,12,7,5,7,3,1,,,,,18.41487740607716,12.20849662513588,37.456452774371854,26.618548816658294,11054,16,11,1.5954191664535748,1.2769608059763988,11.611623357653302,10.271544260690714,28,27.1614555648564,5.0,1.6426149565486794,1.5039678338031988,ZINCj600000BnjSB_m02_t05,SER17;ASP15;SER14;GLU21;SER18,0.0,-8.34887058403707
305,native_first,ZINCk800000PAnCy,COCCC1(NC(=O)CCNC(=O)c2cc[nH]n2)CC1,6102,714,581,1,1,1,10.714285714285714,13.397478468997424,0.9618060405578552,12.885775719725528,3,280.3280000000001,0.2149000000000008,3,4,8,1,,,,38.34275944886656,13,8,5,8,4,1,,,,,23.056361038452668,15.710789366703779,43.302355664488005,29.170920402618222,2053,16,11,0.4134640781083223,0.41229014389104623,5.9718816967518835,6.157322691548397,28,27.1614555648564,5.0,1.6434993337720532,1.6048050458342513,ZINCk800000PAnCy_m01_t06,SER17;ASP15;SER14;GLU21;SER18,1.0,-38.26907924490902
306,native_first,ZINCk600000goHGa,CC(=O)NCC1CC(O)(CNC(=O)Cc2ccns2)C1,56,5649,3345,1,0,1,14.285714285714286,16.628609428741346,0.9209244482013682,15.313692962519692,4,297.38,0.07899999999999974,3,5,6,1,,,,32.391143412755326,11,6,5,6,4,1,,,,,20.27938297889392,12.80149131098752,48.76518942101502,25.124087152438484,25564,16,10,0.7078222103800789,0.5463871744516853,9.711946045978637,9.442304765808744,28,27.1614555648564,5.0,1.6436979868055377,1.3926012688104688,ZINCk600000goHGa_m01_t05,SER17;ASP15;SER14;GLU21;SER18,1.0,-49.755415727397335
307,native_first,ZINCk5000009EXx0,C[C@H](CNC(=O)C=CC(N)=O)CNC(=O)c1cnns1,3247,2284,1614,1,0,1,14.285714285714286,16.628609428741346,0.8018176814834932,13.33311305844794,4,297.34,-0.938299999999999,3,6,7,1,,,,36.38223751692659,12,7,5,7,4,1,,,,,22.700680879124143,15.196175070450824,44.84897999603882,28.17330353424512,4099,16,7,1.1998037373142982,0.9485218274600924,9.711946045978637,10.26371044545624,28,27.1614555648564,5.0,1.6451228916211673,1.0813121191638326,ZINCk5000009EXx0_m01_t02,SER17;ASP15;SER14;GLU21;SER18,1.0,-108.55061688761337
308,native_first,ZINCj8000002rabO,Cc1[nH]c(C=O)cc1C(=O)NC[C@H]1C[C@@H](CO)CO1,10059,4744,2912,1,0,1,14.285714285714286,16.628609428741346,0.7510183383690545,12.488390622561319,4,266.29699999999997,0.2628199999999999,3,4,5,1,,,,34.351665344695306,12,7,5,7,4,1,,,,,17.792015841134543,11.517873488692658,39.080224031761475,24.41587564255885,36486,16,3,1.3028173085942536,1.2145313274917684,9.711946045978637,9.578521547742291,28,27.1614555648564,5.0,1.6462328074082653,1.2780560054217562,ZINCj8000002rabO_m01_t03,SER17;ASP15;SER14;GLU21;SER18,1.0,44.8228935797859
309,native_first,ZINCj800000FCTI2,COCc1cc(CNC(=O)N=c2[nH]nc(O)s2)on1,13701,1275,920,0,1,1,14.285714285714286,16.628609428741346,0.7349901334735486,12.22186386351011,4,285.285,0.12169999999999986,3,7,4,1,,,,40.91933989473438,13,8,5,8,4,1,,,,,23.347790942395985,16.03300912673034,42.93709396557498,30.376410523331344,780,16,6,1.3607604126195512,1.15574158246444,9.711946045978637,8.578539536008513,28,27.1614555648564,5.0,1.64769066856439,1.2353286429193695,ZINCj800000FCTI2_m01_t05,SER17;ASP15;SER14;GLU21;SER18,1.0,-105.13531768107647
310,native_first,ZINCk7000018SSrQ,C[C@@H](O)c1n[nH]c(CNC(=O)COCc2nccs2)n1,9511,300,262,1,1,1,14.285714285714286,16.628609428741346,0.7536714897280447,12.532508840265299,4,297.34,0.14749999999999908,3,7,7,1,,,,40.91933989473438,13,8,5,8,4,1,,,,,22.375313300752637,15.416434847910557,40.785723865084165,29.79292393834533,1246,16,5,1.5178183062866453,1.0412221415792429,9.711946045978637,9.776022156897836,28,27.1614555648564,5.0,1.647954594266799,1.5549685194700724,ZINCk7000018SSrQ_m01_t06,SER17;ASP15;SER14;GLU21;SER18,1.0,39.844179075406544
311,native_first,ZINCk50000041e65,COCCc1nc(=NC(=O)NC[C@@](C)(O)C(=O)O)s[nH]1,11903,441,391,1,1,1,14.285714285714286,16.628609428741346,0.7423871421872037,12.344865832350477,4,304.328,-0.8939999999999984,4,6,6,1,,,,39.52194042802467,13,8,5,8,4,1,,,,,24.685407641609245,17.244678193334476,43.42045454545456,30.620020756175414,614,16,14,1.2679458698282422,1.1408832235910087,9.711946045978637,8.41926695363265,28,27.1614555648564,5.0,1.6513865523978126,1.7972679624824053,ZINCk50000041e65_m01_t01,SER17;ASP15;SER14;GLU21;SER18,2.0,-97.81030126158204
312,native_first,ZINCk7000009JWCI,C=C[C@](C)(O)C(=O)NCCN=c1nc(CCOC)[nH]s1,10961,3406,2144,1,0,1,14.285714285714286,14.609184867389905,0.8499847872420748,12.417584891288547,4,300.3839999999999,-0.3859999999999994,3,6,8,1,,,,34.351665344695306,12,7,5,7,4,1,,,,,23.921268229886948,15.657183989694595,50.66071210081976,28.09342707581029,4315,16,4,0.9279828104783359,0.8044501222930339,9.433491135311455,8.62712024963239,28,27.1614555648564,5.0,1.651804725603748,1.5964975520744453,ZINCk7000009JWCI_m01_t01,SER17;ASP15;SER14;GLU21;SER18,1.0,19.780023033713825
313,native_first,ZINCj5000009htao,C[C@H](CO)C(=O)NC[C@H]1C[C@H](N=c2[nH]nc(O)s2)C1,7593,5212,3173,1,0,1,14.285714285714286,15.18474175275134,0.8378417467578848,12.722410554192567,4,286.3570000000001,-0.39930000000000054,4,6,5,1,,,,33.53556236164904,11,6,5,6,4,1,,,,,20.494160359618228,13.244641960317043,45.276434001382164,25.71072116043055,18537,16,10,1.3542270130116112,0.5254601144599089,11.611623357653302,10.828309094515285,28,27.1614555648564,5.0,1.652273000798513,1.527828680193979,ZINCj5000009htao_m01_t01,SER17;ASP15;SER14;GLU21;SER18,0.0,-68.56745097306984
314,native_first,ZINCk500000442rQ,C[C@H](O)c1n[nH]c(CNC(=O)CSc2nncn2C)n1,10741,528,456,1,1,1,14.285714285714286,16.628609428741346,0.7477997640611224,12.434870207477333,4,297.34400000000005,-0.6050000000000004,3,8,6,1,,,,38.88876772250309,13,8,5,8,4,1,,,,,21.461458417900026,14.529613529613455,41.04187838753389,28.432382139741254,3452,16,5,1.3201499070058311,1.2200092103320765,9.711946045978637,9.512833887344852,28,27.1614555648564,5.0,1.6537922253881165,1.9225629075169857,ZINCk500000442rQ_m01_t04,SER17;ASP15;SER14;GLU21;SER18,0.0,25.135361292927023
315,native_first,ZINCk7000009Knmt,CC[C@H](C(=O)N[C@H](C)CNC(=O)c1nncs1)[C@@H](C)O,10369,4657,2859,1,0,1,14.285714285714286,16.628609428741346,0.7494699688141091,12.462643389980776,4,300.384,0.17959999999999965,3,6,7,1,,,,34.351665344695306,12,7,5,7,4,1,,,,,18.0331218284138,11.655450456286765,39.824356929620095,24.560539234926402,33979,16,13,1.2071033004723495,1.2377690935497678,9.711946045978637,8.954800919354303,28,27.1614555648564,5.0,1.6549698097317749,2.013083359251193,ZINCk7000009Knmt_m01_t02,SER17;ASP15;SER14;GLU21;SER18,2.0,-17.83201395106974
316,native_first,ZINCk700000GgcwV,O=C(Cc1cnco1)NCCNC(=O)c1n[nH]cc1Cl,3567,7074,4159,1,0,1,14.285714285714286,16.628609428741346,0.7976027506814195,13.263024620371086,4,297.702,0.13980000000000026,3,5,6,1,,,,38.92405593253,12,7,5,7,3,1,,,,,19.998397472285767,13.400961204270967,39.39101439101441,27.568660856383463,6126,16,5,1.152447864416013,1.0337834225881675,9.711946045978637,9.48973566804564,28,27.1614555648564,5.0,1.655905570205445,1.5894131330532275,ZINCk700000GgcwV_m01_t02,SER17;ASP15;SER14;GLU21;SER18,2.0,-22.21887093502693
317,native_first,ZINCk600000xcl2W,COCCc1noc(CNC(=O)Cn2ccnc2C)n1,5970,7777,4759,1,0,1,14.285714285714286,14.609184867389905,0.8831341789558391,12.901870483076452,4,279.3,0.07981999999999934,1,7,7,1,,,,35.895530351877184,12,8,4,8,3,1,,,,,20.56881795187307,13.030260901045132,48.80399082853072,26.699502911874713,10532,16,0,0.7906201967225068,0.7520370907845534,9.433491135311455,9.66706995569051,28,27.1614555648564,5.0,1.65947291304048,1.6669416432807282,ZINCk600000xcl2W_m01_t06,SER17;ASP15;SER14;GLU21;SER18,3.0,9.977013585375179
318,native_first,ZINCi700000cWoxy,O=C(NOCCO)c1cncc(-c2cc[nH]n2)c1,1246,7717,4699,1,0,1,14.285714285714286,16.628609428741346,0.8401223557669198,13.970066526402194,4,248.24200000000005,0.1253999999999998,3,5,5,1,,,,36.06504208130489,11,6,5,6,3,1,,,,,18.542128768265243,11.845434661874066,42.6588934613626,25.551294093481104,20274,16,12,1.1114520048978083,0.8048723082632567,9.711946045978637,9.7977668745881,28,27.1614555648564,5.0,1.6596841887793936,1.6081741731420138,ZINCi700000cWoxy_m01_t02,SER17;ASP15;SER14;GLU21;SER18,0.0,80.27567956845432
319,native_first,ZINCk50000041FNa,COCc1noc(CNC(=O)C[C@H](CO)CC(=O)O)n1,2184,626,536,1,1,1,14.285714285714286,17.03922758205644,0.7987250754054344,13.609658335328387,4,287.272,-0.6944999999999995,3,7,9,1,,,,38.34275944886656,13,8,5,8,4,1,,,,,25.18618444749942,17.947311899073245,42.211968805664085,30.448814448046278,724,16,2,1.1971733233553652,0.9545556653794321,13.92267653865448,13.249086945231836,28,27.1614555648564,5.0,1.660471572394176,1.6090181287857355,ZINCk50000041FNa_m01_t02,SER17;ASP15;SER14;GLU21;SER18,1.0,8.233658471435563
320,native_first,ZINCk800000JUsv2,O=C(NCCOc1cccc(O)c1)c1c[nH]c(=O)cn1,9377,7669,4652,1,0,1,14.285714285714286,16.628609428741346,0.7543475745463452,12.54375119064952,4,275.264,0.2842999999999999,3,5,5,1,,,,36.06504208130489,11,6,5,6,3,1,,,,,21.159642604124414,13.729161085763723,46.121435250116875,27.121802394996607,8110,16,1,1.163812615158414,1.2902803360480608,9.711946045978637,9.65119011176406,28,27.1614555648564,5.0,1.6613661360457734,2.081586737737267,ZINCk800000JUsv2_m01_t02,SER17;ASP15;SER14;GLU21;SER18,0.0,79.11895409094595
321,native_first,ZINCk700000xcqD8,O=C(CC1(O)CCC1)N=c1ccn(CCOCCO)[nH]1,1713,4007,2462,1,0,1,17.857142857142858,19.267729830797304,0.7146890511265642,13.77043555013552,5,283.3279999999999,-0.44249999999999984,3,5,7,1,,,,34.351665344695306,12,7,5,7,4,1,,,,,19.88510623844298,12.829485137786056,44.18456571004553,25.671729880943907,18963,16,14,1.5446197258112269,1.2131824997473644,11.611623357653302,10.838758244097793,28,27.1614555648564,5.0,1.662548005109537,1.627938692497081,ZINCk700000xcqD8_m01_t01,SER17;ASP15;SER14;GLU21;SER18,2.0,74.61930589880431
322,native_first,ZINCh6000018Y0YW,Cc1cc(=NC(=O)NOCCOCCO)[nH]o1,3595,2557,1742,1,0,1,14.285714285714286,16.628609428741346,0.7972426086848435,13.257035959771136,4,245.23499999999996,-0.5330800000000002,3,5,6,1,,,,36.38223751692659,12,7,5,7,4,1,,,,,19.043154939659015,12.436905421212659,40.61942959001784,25.978787970566042,15890,16,5,1.21803031561092,0.994433980982174,9.711946045978637,9.72912417104994,28,27.1614555648564,5.0,1.6655543547239624,1.5990780636365327,ZINCh6000018Y0YW_m01_t05,SER17;ASP15;SER14;GLU21;SER18,1.0,-5.578354014930365
323,native_first,ZINCj8000018Tur1,N[C@@H](CO)C(=O)Nc1ccc(C2CCOCC2)nc1,3895,6000,3532,1,0,1,10.714285714285714,13.397478468997424,0.9849488236021716,13.195830657274435,3,265.31299999999993,0.23369999999999935,3,5,4,1,,,,32.391143412755326,11,6,5,6,4,1,,,,,18.80814541280179,11.864654813485918,45.34539862786846,24.241344612783205,39608,16,3,0.2682485432123918,0.24949603071921356,5.9718816967518835,6.049580287719986,28,27.1614555648564,5.0,1.6657350707313079,1.878202243036133,ZINCj8000018Tur1_m02_t01,SER17;ASP15;SER14;GLU21;SER18,2.0,46.599439158182115
324,native_first,ZINCk7000018T7jM,CN(CC(=O)Nc1cccc(C(=O)O)n1)[C@H]1C[C@H](O)C1,1497,844,652,1,1,1,17.857142857142858,19.267729830797304,0.7188328297043053,13.850276756250082,5,279.296,0.1733999999999991,3,5,5,1,,,,38.34275944886656,13,8,5,8,4,1,,,,,21.335026962418183,14.410240134159015,41.07204323282392,28.13811995699753,4193,16,5,1.5214484752324258,1.1363992753672703,11.611623357653302,10.455863358148058,28,27.1614555648564,5.0,1.6669934888020106,1.9896645303871339,ZINCk7000018T7jM_m01_t05,SER17;ASP15;SER14;GLU21;SER18,3.0,51.41015758413564
325,native_first,ZINCk6000009Jys2,C[C@H](CN=c1[nH]nco1)CNC(=O)c1cc(O)ncn1,5953,7662,4645,1,0,1,14.285714285714286,16.628609428741346,0.7759616454263559,12.903163133478351,4,278.272,-0.5349000000000002,3,7,5,1,,,,36.06504208130489,11,6,5,6,3,1,,,,,21.99596960403491,14.636666354158901,44.23960487020447,27.623598594942898,5910,16,9,1.4665080490760654,0.939030268820162,9.711946045978637,9.692680885423202,28,27.1614555648564,5.0,1.6673596689892727,1.2909263512044895,ZINCk6000009Jys2_m01_t06,SER17;ASP15;SER14;GLU21;SER18,3.0,-63.475931271324896
326,native_first,ZINCk600000Emo1l,C[C@@H](O)C(=O)N[C@H]1C[C@@H](C(=O)Nc2cncc(O)c2)C1,10261,5234,3179,1,0,1,14.285714285714286,16.628609428741346,0.7500466721565949,12.472233164619222,4,279.29600000000005,0.0012999999999999678,4,5,4,1,,,,33.53556236164904,11,6,5,6,4,1,,,,,19.259738309981415,12.35993940298237,43.59763244256916,24.970067930648465,27678,16,9,1.5131754103686728,1.0255146475309473,9.711946045978637,9.053463568229215,28,27.1614555648564,5.0,1.6674005808184535,1.4947997386531635,ZINCk600000Emo1l_m01_t01,SER17;ASP15;SER14;GLU21;SER18,0.0,-14.964665137630611
327,native_first,ZINCi600000PLhWA,OCCOCCONc1nccc2nc(O)[nH]c12,3646,7733,4715,1,0,1,14.285714285714286,16.640486220660865,0.796150513563735,13.248331650529403,4,254.24600000000004,0.015899999999999526,4,7,7,1,,,,36.06504208130489,11,6,5,6,3,1,,,,,17.773761297220076,11.399095021684735,40.32394609536972,25.090273610854002,26046,16,15,1.2083825003107977,0.9567160822976076,11.611623357653302,10.897304653779708,28,27.1614555648564,5.0,1.6678527592175878,1.345097399978061,ZINCi600000PLhWA_m01_t06,SER17;ASP15;SER14;GLU21;SER18,3.0,17.06734877648241
328,native_first,ZINCk700000PC8mW,OCCn1ncc2c1CC[C@H](N=c1nc(CO)[nH]s1)C2,3766,3323,2085,1,0,1,14.285714285714286,15.18474175275134,0.8709686575126963,13.22543413907082,4,295.36800000000005,-0.38950000000000085,3,7,4,1,,,,34.38103669862671,11,7,4,7,4,1,,,,,21.599587547064306,13.725661971715326,50.66336166194525,26.712167207689262,10439,16,4,0.9052566542913526,0.6444343180830455,11.611623357653302,10.62819379109696,28,27.1614555648564,5.0,1.6690853832646884,1.5417250493838737,ZINCk700000PC8mW_m01_t03,SER17;ASP15;SER14;GLU21;SER18,2.0,41.38125594549052
329,native_first,ZINCk600000Pzigg,CC(=O)NCc1nc(C(=O)NOCC[C@@H](C)O)c(C)o1,322,841,649,1,1,1,17.857142857142858,19.267729830797304,0.7629021676405483,14.699392853427717,5,285.3,0.051419999999999855,3,6,7,1,,,,38.34275944886656,13,8,5,8,4,1,,,,,21.383236985454634,15.088553273249678,36.68943554027709,28.167045970819405,4114,16,3,1.3271046949076313,1.063214105043134,11.611623357653302,10.804042641802171,28,27.1614555648564,5.0,1.6697983473789761,1.8981368749097107,ZINCk600000Pzigg_m01_t05,SER17;ASP15;SER14;GLU21;SER18,1.0,56.71737809714256
330,native_first,ZINCk800000J9Wie,C[C@](O)(CCCO)CNC(=O)c1nc2ncccc2[nH]1,7399,3111,1959,1,0,1,14.285714285714286,16.628609428741346,0.766247541411892,12.741631091871662,4,278.312,0.2111999999999995,4,5,6,1,,,,35.525455647520424,11,7,4,7,4,1,,,,,17.5947169787424,11.279606029316271,39.97616525423729,24.76701244625361,30663,16,12,1.4009072624014465,1.0509820092924773,9.711946045978637,9.761948954665646,28,27.1614555648564,5.0,1.6716572196520685,2.0682206193988564,ZINCk800000J9Wie_m01_t08,SER17;ASP15;SER14;GLU21;SER18,3.0,23.830090771487075
331,native_first,ZINCi50000096NiL,C[C@H](CNC(=O)[C@H]1C[C@@H](O)C1)N=c1[nH]nc(O)s1,11640,5261,3189,1,0,1,14.285714285714286,15.583483114146915,0.7933056677250332,12.362465477350097,4,272.33,-0.6469000000000004,4,6,4,1,,,,33.53556236164904,11,6,5,6,4,1,,,,,18.120045522914314,11.60651934308716,41.294117647058826,24.286252258408204,38801,16,5,0.9582244495936504,1.000107512907889,13.92267653865448,12.493133036970042,28,27.1614555648564,5.0,1.6728112471140932,1.2115011806728648,ZINCi50000096NiL_m01_t06,SER17;ASP15;SER14;GLU21;SER18,0.0,-43.05500069085961
332,native_first,ZINCk7000004g4Ix,C[C@H](O)CCCNC(=O)c1ncoc1COCC(=O)O,1121,637,541,1,1,1,17.857142857142858,19.267729830797304,0.7289690657700444,14.045579014265925,5,286.284,0.16659999999999958,3,6,9,1,,,,38.34275944886656,13,8,5,8,4,1,,,,,24.781493429035294,17.091099931970614,45.05437794402879,30.205999836967802,905,16,2,1.7679940424788176,0.969033879834525,11.611623357653302,11.012882254622667,28,27.1614555648564,5.0,1.67410357786008,1.0468710474810856,ZINCk7000004g4Ix_m01_t01,SER17;ASP15;SER14;GLU21;SER18,2.0,-5.0903842233333165
333,native_first,ZINCk50000047Hg2,O=C(NCc1ncc[nH]c1=O)N1CC[C@H](OCCO)C1,9489,938,708,1,1,1,14.285714285714286,16.628609428741346,0.7537848121472855,12.534393234514376,4,282.29999999999995,-0.9372999999999989,3,5,5,1,,,,38.34275944886656,13,8,5,8,4,1,,,,,20.099715514050093,13.82299027499675,36.81797163995068,27.396933087976677,6832,16,9,1.3156016231817973,1.0376602064407507,9.711946045978637,10.990781698949663,28,27.1614555648564,5.0,1.674655911205653,1.7440237181640952,ZINCk50000047Hg2_m01_t01,SER17;ASP15;SER14;GLU21;SER18,0.0,24.534478630316674
334,native_first,ZINCj500000d7kMx,NC(=O)c1cnc(CNC(=O)N[C@@H]2CC[C@H](O)C2)s1,1843,4491,2747,1,0,1,17.857142857142858,19.267729830797304,0.7121430495223477,13.721379879076702,5,284.34099999999995,-0.045400000000000496,4,5,4,1,,,,34.351665344695306,12,7,5,7,4,1,,,,,18.49813454106579,12.064621095288816,39.63216441564209,24.839546862517597,29558,16,6,1.5617699528503535,1.2567834930741077,11.611623357653302,11.200159874737775,28,27.1614555648564,5.0,1.6754775338755474,1.4243626787081405,ZINCj500000d7kMx_m01_t04,SER17;ASP15;SER14;GLU21;SER18,1.0,-102.63725557588663
335,native_first,ZINCk500000dowgS,CCc1cc(=NC(=O)NCCOCCS(N)(=O)=O)[nH]o1,5288,722,585,1,1,1,14.285714285714286,16.628609428741346,0.781047781795748,12.987738508666288,4,306.344,-0.9144999999999976,3,5,7,1,,,,38.34275944886656,13,8,5,8,4,1,,,,,22.992177409349612,15.653468358070558,43.28535659071049,29.13241022515639,2123,16,12,1.3237882162876566,1.0067817879184882,9.711946045978637,10.025547624984085,28,27.1614555648564,5.0,1.6769731000775125,1.8451814597059506,ZINCk500000dowgS_m01_t03,SER17;ASP15;SER14;GLU21;SER18,3.0,-155.97633466733586
336,native_first,ZINCj600000Py0d9,C[C@@H](CC(N)=O)Nc1nccc(=NC2CC(O)C2)[nH]1,465,5821,3430,1,0,1,17.857142857142858,19.267729830797304,0.7534946207213326,14.51813078101772,5,265.317,-0.49049999999999944,4,5,5,1,,,,32.391143412755326,11,6,5,6,4,1,,,,,19.40213011064566,12.241789730618338,46.741939307728785,24.597735431489532,33377,16,1,1.5384010291184131,1.019437236186235,11.611623357653302,11.340410940209845,28,27.1614555648564,5.0,1.678341242644989,1.855376052745393,ZINCj600000Py0d9_m01_t06,SER17;ASP15;SER14;GLU21;SER18,3.0,-185.44978149228584
337,native_first,ZINCk5000009G5Ux,NC(=O)CCC(=O)N1CC(NC(=O)c2cnc(Cl)[nH]2)C1,3636,2293,1619,1,0,1,14.285714285714286,15.18474175275134,0.8725788565960824,13.249884596322556,4,299.7180000000001,-0.7308000000000001,3,4,5,1,,,,36.38223751692659,12,7,5,7,4,1,,,,,22.443717303252907,15.0578438045556,44.05048195871186,28.019125388722376,4532,16,2,0.7396631450212464,0.8538426201506143,11.611623357653302,11.58703447502799,28,27.1614555648564,5.0,1.678363681736058,1.6142622129267081,ZINCk5000009G5Ux_m01_t03,SER17;ASP15;SER14;GLU21;SER18,1.0,-63.21377458713189
338,native_first,ZINCk5000009DuUW,COC[C@H](OC)C(=O)N[C@H]1CC[C@@H](CNC(=O)CO)C1,8866,5115,3133,1,0,1,14.285714285714286,15.583483114146915,0.8080033379760284,12.591506373523782,4,288.34400000000005,-0.9587999999999981,3,5,8,1,,,,33.81239250864757,12,7,5,7,4,1,,,,,22.18879780171548,15.337239720994509,40.1046050785634,26.83823568448832,9676,16,12,1.0192163226025663,0.9836690399532837,13.92267653865448,13.007834850075202,28,27.1614555648564,5.0,1.678587267436512,1.2816328390902294,ZINCk5000009DuUW_m01_t03,SER17;ASP15;SER14;GLU21;SER18,3.0,-24.87339024266156
339,native_first,ZINCj500000y8GrD,CS(=O)(=O)C1CC(C(=O)NCc2cc(CO)n[nH]2)C1,10047,4242,2606,1,0,1,14.285714285714286,16.024722079133863,0.7793754246765523,12.489274575748679,4,287.341,-0.6585999999999999,3,5,5,1,,,,34.351665344695306,12,7,5,7,4,1,,,,,19.13962218905886,12.457506373156772,41.2841284128413,25.224439451313437,24240,16,12,1.3033734806971864,1.0420095766859905,9.413178262414874,9.384454261179192,28,27.1614555648564,5.0,1.678711497877706,1.5831097281283215,ZINCj500000y8GrD_m01_t02,SER17;ASP15;SER14;GLU21;SER18,2.0,-62.88447936321643
340,native_first,ZINCk7000004gICR,O=C(C=CC(=O)Nc1ccc2n[nH]cc2c1)NCCO,3691,1099,792,1,1,1,14.285714285714286,16.628609428741346,0.7961337433299865,13.238597070876157,4,274.28000000000003,0.1660999999999998,4,4,5,1,,,,38.072664739456826,12,7,5,7,4,1,,,,,23.55754580078903,15.825213337461715,46.065572174184005,29.363593376256148,1753,16,11,0.8761883408993657,1.040143116011352,9.711946045978637,8.310514885146288,28,27.1614555648564,5.0,1.6788569987151567,1.2937461768907927,ZINCk7000004gICR_m01_t05,SER17;ASP15;SER14;GLU21;SER18,3.0,-34.00762236534279
341,native_first,ZINCj500000c9RXH,C[C@@H](O)[C@@H](O)CN1CCc2nc(C(=O)O)ccc2C1,1413,4516,2765,1,0,1,17.857142857142858,19.267729830797304,0.7207419680575133,13.887061518249308,5,266.297,-0.12040000000000028,3,5,4,1,,,,34.351665344695306,12,7,5,7,4,1,,,,,18.432080506669752,12.136272321013927,38.30119375573921,24.799914441879974,30142,16,0,1.4596147359635396,1.2310545463940468,11.611623357653302,10.798468735540146,28,27.1614555648564,5.0,1.6814856822407047,1.925234558104052,ZINCj500000c9RXH_m02_t01,SER17;ASP15;SER14;GLU21;SER18,1.0,89.84917608311815
342,native_first,ZINCk6000009IHE8,C=C[C@@H](O)C(=O)NC[C@H]1C[C@H](Nc2cc(O)ncn2)C1,3201,5336,3216,1,0,1,17.857142857142858,20.24202807755431,0.6591636973946309,13.34281007036663,5,278.31200000000007,0.03579999999999928,4,6,6,1,,,,32.983637231917015,11,7,4,7,4,1,,,,,19.03339413793197,12.03551634018304,45.473037461226454,24.61349137552599,33167,16,11,1.6151439253583235,1.359633307726647,15.443445405737666,13.842731325715281,28,27.1614555648564,5.0,1.681641393578856,1.5875052152118123,ZINCk6000009IHE8_m01_t08,SER17;ASP15;SER14;GLU21;SER18,0.0,-23.484990789848588
343,native_first,ZINCk50000046PLh,N[C@@H](Cc1cnc[nH]1)C(=O)NCCCc1cc(O)n[nH]1,4152,7236,4315,1,0,1,14.285714285714286,16.628609428741346,0.7906472494813459,13.14736430753392,4,278.3159999999999,-0.5428000000000004,5,5,7,1,,,,38.28423044279919,12,7,5,7,3,1,,,,,24.409005424077176,16.0690524508395,50.7471264367816,29.959095431565984,1103,16,15,1.0588538687944289,1.1304474860720275,9.711946045978637,9.356953134838173,28,27.1614555648564,5.0,1.6820346872209604,1.617708604453441,ZINCk50000046PLh_m02_t04,SER17;ASP15;SER14;GLU21;SER18,1.0,-8.034674558293965
344,native_first,ZINCk50000042XVP,C[C@@H](O)[C@@H](O)CN1CCC(c2ncc(C(N)=O)[nH]2)CC1,11307,1760,1217,1,0,1,17.857142857142858,19.267729830797304,0.6428948534246387,12.387124345395971,5,282.3440000000001,-0.5702999999999994,4,5,5,1,,,,37.49136825579339,13,8,5,8,4,1,,,,,21.44404755450589,15.521974426472712,34.67264374845295,27.862975835020887,5016,16,1,1.9578732542075195,1.4377725454313055,11.611623357653302,11.453452612630876,28,27.1614555648564,5.0,1.683502074135022,1.8268004956853994,ZINCk50000042XVP_m01_t06,SER17;ASP15;SER14;GLU21;SER18,1.0,-21.580946562130364
345,native_first,ZINCk50000047IxQ,O=C(NNC(=O)[C@H](O)CC1CCOCC1)c1cn[nH]c1,9635,705,574,1,1,1,17.857142857142858,17.361639502628247,0.7211892293831237,12.521027413728063,5,282.2999999999999,-0.6516999999999995,4,5,4,1,,,,38.34275944886656,13,8,5,8,4,1,,,,,23.20083980824505,15.703087973666957,44.40096327513545,29.257607664493655,1917,16,3,1.5777404593912776,1.1990217001492862,9.365549903769672,9.159646667522548,28,27.1614555648564,5.0,1.683927599689149,1.6146672206334376,ZINCk50000047IxQ_m01_t05,SER17;ASP15;SER14;GLU21;SER18,2.0,85.25694305838712
346,native_first,ZINCj500000firQ2,C[C@@H](NC(=O)c1cn[nH]c1)c1cn(CCCO)nn1,5467,7986,4949,1,0,1,14.285714285714286,16.640486220660865,0.7790861253716654,12.964371933955261,4,264.289,-0.12540000000000012,3,6,6,1,,,,34.932961828358735,11,6,5,6,3,1,,,,,19.769554376611865,12.660901904100575,45.08089770354906,25.834917357310616,17241,16,5,1.2428227483231418,1.0510065274746059,11.611623357653302,12.221257622148551,28,27.1614555648564,5.0,1.6855343361772248,1.6370949909853678,ZINCj500000firQ2_m01_t04,SER17;ASP15;SER14;GLU21;SER18,1.0,-25.90343588588692
347,native_first,ZINCk8000004iCxE,COC[C@@H](C)n1ccc(=NC(=O)NCCOCCO)[nH]1,2177,655,551,1,1,1,14.285714285714286,16.628609428741346,0.8185146085134853,13.610759736689873,4,286.33199999999994,-0.3571999999999986,3,5,8,1,,,,38.34275944886656,13,8,5,8,4,1,,,,,24.16617209321239,16.499946408219003,45.138459424173696,29.836807035474056,1204,16,9,0.9964586305076484,1.0168981424135712,9.711946045978637,9.591472985701275,28,27.1614555648564,5.0,1.686048224679309,1.2639023235372209,ZINCk8000004iCxE_m01_t01,SER17;ASP15;SER14;GLU21;SER18,1.0,11.805542008705542
348,native_first,ZINCk700000drt9X,C[C@@H](C(=O)NC[C@@H](O)c1cncs1)N1CCC(O)CC1,2949,4781,2935,1,0,1,14.285714285714286,16.628609428741346,0.8055794408300095,13.395665885386078,4,299.3960000000001,0.1378999999999993,3,6,5,1,,,,34.351665344695306,12,7,5,7,4,1,,,,,17.694212841229145,11.467055830600382,38.7222222222222,24.357193842615608,37559,16,8,1.2795886424591751,0.8869253916160593,9.711946045978637,9.411099982448683,28,27.1614555648564,5.0,1.6870000864350034,1.7360962317002049,ZINCk700000drt9X_m02_t02,SER17;ASP15;SER14;GLU21;SER18,3.0,52.79233662890097
349,native_first,ZINCk500000dos4a,CCOCCOCCNC(=O)[C@@H]1Cc2c[nH]nc2CN1,16210,1451,1030,0,1,1,14.285714285714286,16.024722079133863,0.7525090107301765,12.05874775899504,4,282.34400000000005,-0.406699999999998,3,5,8,1,,,,38.34275944886656,13,8,5,8,4,1,,,,,22.892105458421494,15.691877655928632,42.302747327107866,29.072367054599518,2235,16,12,1.3295461685965007,1.1876518139023964,9.413178262414874,9.335713713952186,28,27.1614555648564,5.0,1.6883986806312703,1.2119836598246863,ZINCk500000dos4a_m01_t06,SER17;ASP15;SER14;GLU21;SER18,0.0,46.35299928306739
350,native_first,ZINCk5000009G8fv,NC(=O)c1csc(C(=O)NC[C@@H]2CCN(CCO)C2)c1,825,3605,2240,1,0,1,17.857142857142858,21.697772545463838,0.6553724508332517,14.220122370743077,5,297.38,-0.10900000000000015,3,5,6,1,,,,34.351665344695306,12,7,5,7,4,1,,,,,21.580903096346464,14.08895956926433,46.08939393939394,26.689207995686004,10605,16,15,1.7501657616196846,1.295963311541487,15.443445405737666,13.884070640256441,28,27.1614555648564,5.0,1.6890449582947655,1.1228837294066896,ZINCk5000009G8fv_m01_t03,SER17;ASP15;SER14;GLU21;SER18,0.0,-17.487081485455864
351,native_first,ZINCj800000JUuRK,O=C(O)c1ccoc1C(=O)NCc1nnc(CO)s1,4684,325,287,1,1,1,17.857142857142858,19.267729830797304,0.67824353342131,13.068213161447144,5,283.265,0.2516,3,7,5,1,,,,40.91933989473438,13,8,5,8,4,1,,,,,20.645312643076426,14.207213600655349,37.753641598915976,28.754923543739608,2785,16,11,1.9052885288271144,1.2312605412152284,11.611623357653302,11.363096541936441,28,27.1614555648564,5.0,1.6892259649017674,1.6840045083746886,ZINCj800000JUuRK_m01_t01,SER17;ASP15;SER14;GLU21;SER18,1.0,-23.907887943863045
352,native_first,ZINCj8000018TyHN,OCCCC[C@H](O)CSc1nc(O)c2c[nH]nc2n1,7459,3121,1968,1,0,1,14.285714285714286,16.628609428741346,0.7658797854622256,12.735515821819563,4,284.341,0.6740999999999998,4,7,7,1,,,,35.525455647520424,11,7,4,7,4,1,,,,,16.892810440652877,10.681937580823284,40.359054934823085,24.3458685233999,37757,16,8,1.3380997504975856,1.0858513383688826,9.711946045978637,10.090236588642048,28,27.1614555648564,5.0,1.6896989567820784,1.1175355646763077,ZINCj8000018TyHN_m01_t07,SER17;ASP15;SER14;GLU21;SER18,1.0,-12.895482996191282
353,native_first,ZINCk5000009D9Ow,COCC(=O)NC[C@H](CO)Nc1ncc2c(n1)COC2,13505,1473,1040,0,1,1,14.285714285714286,14.477064275896673,0.8450235598339844,12.233460390363609,4,282.30000000000007,-0.9577999999999987,3,7,7,1,,,,38.34275944886656,13,8,5,8,4,1,,,,,22.015714493232117,14.89606486094625,42.17206790123456,28.546532475485897,3199,16,14,1.2114907723017891,0.6638921935404202,8.080270416267007,7.610198067214186,28,27.1614555648564,5.0,1.6930264410927427,1.685445372757836,ZINCk5000009D9Ow_m01_t02,SER17;ASP15;SER14;GLU21;SER18,2.0,-36.9284153794846
354,native_first,ZINCk6000009JOuw,O=C(c1cn[nH]c1)N1CC[C@H](N=c2[nH]nc(CO)s2)C1,6338,283,245,1,1,1,17.857142857142858,19.66647119219288,0.6536318800651633,12.854632539600404,5,294.34000000000003,-0.498,3,6,3,1,,,,40.91933989473438,13,8,5,8,4,1,,,,,23.058203774548492,15.986724396358962,41.34773055227602,30.202658222622848,909,16,3,1.5312244562195387,1.4785389654241567,13.92267653865448,12.39909731053887,28,27.1614555648564,5.0,1.6934381782807928,1.6819842446020203,ZINCk6000009JOuw_m01_t04,SER17;ASP15;SER14;GLU21;SER18,0.0,11.410918067838482
355,native_first,ZINCk6000009JISk,N#Cc1c[nH]ccc1=NCCNC(=O)c1coc(O)n1,3043,6921,4008,1,0,1,14.285714285714286,16.628609428741346,0.8041921313380875,13.372596857688121,4,273.25199999999995,-0.08932000000000018,3,6,4,1,,,,38.92405593253,12,7,5,7,3,1,,,,,25.12501787218978,16.826593165245587,49.573182808476936,30.64463309632587,604,16,15,0.9572851040064123,1.0396871988110175,9.711946045978637,8.759546061421739,28,27.1614555648564,5.0,1.6983745398510535,1.9420964903705777,ZINCk6000009JISk_m01_t08,SER17;ASP15;SER14;GLU21;SER18,0.0,21.54629883694395
356,native_first,ZINCk500000gaAvr,CCOC=CC(=O)NC[C@H](C)NC(=O)c1nonc1N,6949,2529,1729,1,0,1,10.714285714285714,13.397478468997424,0.9544239256730422,12.786873994500581,3,283.288,-0.563499999999999,3,7,7,1,,,,36.38223751692659,12,7,5,7,4,1,,,,,19.29623078141925,12.639605102291625,40.76509708449617,26.13063347562219,14585,16,6,0.5239959566553615,0.40794272000507564,5.9718816967518835,5.784302900582002,28,27.1614555648564,5.0,1.700243445207824,1.463384028554493,ZINCk500000gaAvr_m01_t01,SER17;ASP15;SER14;GLU21;SER18,1.0,26.161532304467844
357,native_first,ZINCk600000JUdzJ,NC(=O)[C@H]1CC[C@H](CNCc2n[nH]c3ccncc23)O1,3355,6946,4033,1,0,1,14.285714285714286,16.628609428741346,0.8004860751790018,13.310970297297704,4,275.31200000000007,0.08039999999999986,3,5,5,1,,,,38.92405593253,12,7,5,7,3,1,,,,,23.60459723379586,15.742572349766512,47.15371379409235,29.73238071328952,1311,16,6,1.126735270445636,1.0325820767146234,9.711946045978637,9.967205465159862,28,27.1614555648564,5.0,1.7017088997420673,1.6721562106146493,ZINCk600000JUdzJ_m01_t07,SER17;ASP15;SER14;GLU21;SER18,3.0,-15.901436070077867
358,native_first,ZINCk50000045liJ,Cn1c(O)nnc1C1CN(C(=O)NCc2cc[nH]n2)C1,5384,2033,1406,1,0,1,14.285714285714286,16.628609428741346,0.7803175264114345,12.975595377097303,4,277.28800000000007,-0.4472000000000005,3,6,3,1,,,,36.92824579056311,12,7,5,7,4,1,,,,,19.72243880455441,12.926816885916152,41.58216405298119,26.604761598957893,11139,16,5,1.1921000053162885,1.1044861656509377,9.711946045978637,10.046370141709499,28,27.1614555648564,5.0,1.7021811241510343,1.7696598160762036,ZINCk50000045liJ_m01_t06,SER17;ASP15;SER14;GLU21;SER18,2.0,-100.98571595475386
359,native_first,ZINCi500000eIyDQ,CNc1cnc(C(=O)NOCCOCCO)cn1,9521,479,416,1,1,1,14.285714285714286,16.628609428741346,0.7536165127964339,12.531594650341955,4,256.26199999999994,-0.8113999999999999,3,7,8,1,,,,38.997153608381865,13,7,6,7,4,1,,,,,22.273063951197077,15.458352242034795,39.83331638532982,28.96269981407099,2404,16,13,1.1560761141666693,1.299435763752723,9.711946045978637,9.7976400199731,28,27.1614555648564,5.0,1.7040235540265731,1.8393153371562214,ZINCi500000eIyDQ_m01_t06,SER17;ASP15;SER14;GLU21;SER18,2.0,120.51933582164256
360,native_first,ZINCj500000fhpVJ,COCCCC(=O)N[C@H]1CC[C@@H](NC(=O)C(N)=O)C1,3240,5154,3147,1,0,1,14.285714285714286,15.583483114146915,0.8556994693981304,13.334778232150239,4,271.31700000000006,-0.9481999999999973,3,4,6,1,,,,33.81239250864757,12,7,5,7,4,1,,,,,19.259847849697675,13.227089409008958,35.41006531860188,25.080865713277632,26187,16,7,0.9861648308850378,0.7516720650857143,13.92267653865448,13.275512033995035,28,27.1614555648564,5.0,1.7052478942773261,1.6050615352732318,ZINCj500000fhpVJ_m01_t07,SER17;ASP15;SER14;GLU21;SER18,3.0,3.720492061837124
361,native_first,ZINCj5000002h2HK,O=C(Cc1ccc(O)cc1)NCc1nc(CO)n[nH]1,2692,3101,1952,1,0,1,14.285714285714286,16.628609428741346,0.8094080940857131,13.45933106501325,4,262.26899999999995,-0.13850000000000018,4,5,5,1,,,,35.525455647520424,11,7,4,7,4,1,,,,,19.0851052911798,12.323430567506644,42.28771929824563,25.66124543371605,19088,16,2,1.0703135901899323,1.003587120692911,9.711946045978637,9.261882411464288,28,27.1614555648564,5.0,1.7060212010496478,1.5301891681188382,ZINCj5000002h2HK_m01_t06,SER17;ASP15;SER14;GLU21;SER18,2.0,-24.664406673115327
362,native_first,ZINCj5000002c7Zk,COC[C@@](C)(O)CNC(=O)c1cnc(C(=O)O)cn1,2254,483,419,1,1,1,17.857142857142858,19.267729830797304,0.7049705447198592,13.583181994332255,5,269.257,-0.6980000000000002,3,6,6,1,,,,38.997153608381865,13,7,6,7,4,1,,,,,20.17465873465628,13.722140072373513,38.08169331693319,27.703656684146516,5600,16,9,1.623747063599535,1.2308681159907846,11.611623357653302,10.941598479003236,28,27.1614555648564,5.0,1.7062092051373978,1.5644962707509666,ZINCj5000002c7Zk_m01_t01,SER17;ASP15;SER14;GLU21;SER18,2.0,161.98423236880535
363,native_first,ZINCj600000Ggh1u,O=C(NC[C@@H]1C[C@@H]1CO)Nc1nccc(C=NO)n1,9780,5768,3400,1,0,1,14.285714285714286,16.628609428741346,0.7522506778809577,12.508882714988362,4,265.273,0.03459999999999913,4,6,5,1,,,,32.391143412755326,11,6,5,6,4,1,,,,,19.63908245595772,12.299084415149556,48.707103431725464,24.739906838676767,31065,16,15,1.0899901642419705,1.1827703451766773,9.711946045978637,8.344824217695272,28,27.1614555648564,5.0,1.7070473031805713,1.80831097465066,ZINCj600000Ggh1u_m01_t06,SER17;ASP15;SER14;GLU21;SER18,1.0,-110.37961575564266
364,native_first,ZINCk6000004dsj5,Cc1nn(CCO)cc1CNC[C@@]1(CCO)CCOC1,5607,6448,3761,1,0,1,14.285714285714286,15.18474175275134,0.8525831333857534,12.946254703214214,4,283.37199999999996,0.06252000000000013,3,6,8,1,,,,31.8044562527589,11,7,4,7,4,1,,,,,19.119173331395007,12.314712833423568,42.72891963109355,24.193286499940562,40568,16,0,1.1158022527284075,0.6076983883005932,11.611623357653302,10.65611046530335,28,27.1614555648564,5.0,1.7077919558257992,1.4656238560415287,ZINCk6000004dsj5_m01_t01,SER17;ASP15;SER14;GLU21;SER18,1.0,28.90554608068565
365,native_first,ZINCk800000JUuH7,O=C(O)c1cc(CN2CC3(CCC[C@@H](CO)O3)C2)[nH]n1,6973,864,664,1,1,1,14.285714285714286,15.18474175275134,0.8419324519209709,12.784526855680676,4,281.3119999999999,0.22370000000000012,3,5,4,1,,,,38.34275944886656,13,8,5,8,4,1,,,,,21.14560182675625,14.462880420133178,39.30849100912507,28.024464875600373,4519,16,7,0.904866506643356,0.9355914009132352,11.611623357653302,11.465737763237438,28,27.1614555648564,5.0,1.7080524249378246,1.663755389806384,ZINCk800000JUuH7_m02_t02,SER17;ASP15;SER14;GLU21;SER18,2.0,90.8797362702719
366,native_first,ZINCk800001bQaeD,NC(=O)c1cccc(NC(=O)C[C@@H]2COC[C@@H]2N)c1F,1009,6215,3648,1,0,1,17.857142857142858,19.267729830797304,0.7320435238795753,14.10481684249647,5,281.2869999999999,0.22689999999999955,3,4,4,1,,,,32.391143412755326,11,6,5,6,4,1,,,,,18.281515473432492,11.477836208189824,44.891997167138804,23.925366649161628,46121,16,10,1.4465971707068708,1.1775264677726947,11.611623357653302,10.85836668498582,28,27.1614555648564,5.0,1.7100582923520717,1.795045241426335,ZINCk800001bQaeD_m01_t06,SER17;ASP15;SER14;GLU21;SER18,3.0,11.979625781439353
367,native_first,ZINCk7000009L12y,Cn1cc(CC(=O)NCC=CCN=c2[nH]nco2)cn1,10419,7405,4391,1,0,1,14.285714285714286,16.628609428741346,0.7492543180876977,12.459057418278258,4,276.3,-0.44799999999999907,2,6,6,1,,,,36.74488997860436,12,7,5,7,3,1,,,,,24.97577583656731,16.400176952167683,52.34878349858639,29.683421493382127,1370,16,4,1.3963837777604557,1.1312278948611987,9.711946045978637,10.261155306674004,28,27.1614555648564,5.0,1.7101562558849766,1.3248050254122592,ZINCk7000009L12y_m01_t02,SER17;ASP15;SER14;GLU21;SER18,1.0,-77.29152150324447
368,native_first,ZINCk6000018Tcjk,COc1ccnc(S(=O)(=O)NCc2cc(CO)on2)c1,5678,7555,4540,1,0,1,14.285714285714286,16.628609428741346,0.778116503032115,12.93899541897907,4,299.308,0.04899999999999938,2,7,6,1,,,,36.74488997860436,12,7,5,7,3,1,,,,,18.860224847057516,12.32927020613119,40.103510351035105,26.014090899676255,15554,16,12,1.2521470327467772,1.074483295533194,9.711946045978637,9.35920942393664,28,27.1614555648564,5.0,1.711962762936062,1.7924458594944255,ZINCk6000018Tcjk_m01_t01,SER17;ASP15;SER14;GLU21;SER18,1.0,-4.267600791968175
369,native_first,ZINCk5000009EzfR,C[C@@H](O)[C@@H](O)CNC(=O)Cc1csc(-c2nc[nH]n2)n1,2763,1100,793,1,1,1,17.857142857142858,19.267729830797304,0.6976679069727012,13.442476743167834,5,297.34,-0.6714000000000004,4,7,6,1,,,,38.072664739456826,12,7,5,7,4,1,,,,,23.019901080651294,15.378918953132608,45.75136771039459,29.04100654417351,2284,16,2,1.4113750266269134,1.231873982362639,11.611623357653302,9.943051655956497,28,27.1614555648564,5.0,1.7126558098419604,1.5812365069828354,ZINCk5000009EzfR_m01_t03,SER17;ASP15;SER14;GLU21;SER18,3.0,65.73301859421159
370,native_first,ZINCi50000096HRa,C[C@@H](O)C(=O)N[C@H]1C[C@H](CN=c2[nH]nc(O)s2)C1,6900,5214,3174,1,0,1,17.857142857142858,20.24202807755431,0.6320012753662307,12.792987561013375,5,272.33000000000004,-0.6469000000000005,4,6,4,1,,,,33.53556236164904,11,6,5,6,4,1,,,,,20.387371502456325,13.191117629789357,44.86043829296425,25.64664784613341,19222,16,14,1.4529304246368653,1.5658187460300925,15.443445405737666,13.480462056271282,28,27.1614555648564,5.0,1.7166569813508477,1.2769237459712364,ZINCi50000096HRa_m01_t08,SER17;ASP15;SER14;GLU21;SER18,1.0,-6.666636217002575
371,native_first,ZINCk7000009KLFV,C[C@@H](CN=c1[nH]nc(O)s1)NC(=O)[C@@H](F)n1cccn1,3914,7685,4668,1,0,1,14.285714285714286,16.024722079133863,0.8233297176558737,13.193629904927128,4,300.319,-0.05300000000000038,3,7,5,1,,,,36.06504208130489,11,6,5,6,3,1,,,,,20.446773416946414,13.207165176942862,45.252004581901495,26.694080882689807,10570,16,15,0.9529758472769582,0.8707942275570999,9.413178262414874,8.198908956063189,28,27.1614555648564,5.0,1.7166726643191907,1.3640876102114983,ZINCk7000009KLFV_m01_t06,SER17;ASP15;SER14;GLU21;SER18,0.0,7.034535684865702
372,native_first,ZINCk500000ge6vP,COC[C@@](C)(O)CNC(=O)c1cnc(-c2nn[nH]n2)s1,761,7029,4115,1,0,1,17.857142857142858,19.267729830797304,0.7401594083925009,14.261191512629475,5,298.32800000000003,-0.549600000000001,3,8,6,1,,,,38.92405593253,12,7,5,7,3,1,,,,,21.206800944976937,14.028632626590534,43.428066516020664,28.293702939998166,3790,16,12,1.6572187279604125,1.014695696303439,11.611623357653302,11.386418766488582,28,27.1614555648564,5.0,1.71716440111353,1.4414794160122646,ZINCk500000ge6vP_m01_t04,SER17;ASP15;SER14;GLU21;SER18,1.0,33.60197032669993
373,native_first,ZINCk600000Em5tW,Cc1cc(C(=O)NC2CN(Cc3ccnn3C)C2)n[nH]1,11780,7193,4272,1,0,1,14.285714285714286,16.024722079133863,0.7708251277758359,12.352258444220618,4,274.328,0.06582000000000005,2,5,4,1,,,,38.70541191054433,13,8,5,8,3,1,,,,,22.75909353939593,15.20979818721398,45.18779342723007,29.137620887855288,2109,16,3,1.3361060446508333,0.957689227752255,9.413178262414874,8.336336108659237,28,27.1614555648564,5.0,1.7174437678517325,2.1282829855472145,ZINCk600000Em5tW_m01_t04,SER17;ASP15;SER14;GLU21;SER18,2.0,-6.391344199504267
374,native_first,ZINCj6000002m9B9,Cc1nccn1CC(=O)NCc1nc(C(N)=O)cs1,2420,7540,4525,1,0,1,17.857142857142858,19.267729830797304,0.702338316020047,13.532464922891405,5,279.325,0.06332000000000015,2,6,5,1,,,,36.74488997860436,12,7,5,7,3,1,,,,,19.233995387105722,12.576583009510825,40.86686372685045,26.23835322370518,13714,16,2,1.09876617985041,1.3394342834977446,11.611623357653302,9.67836715890104,28,27.1614555648564,5.0,1.718739466027011,1.7065199482623261,ZINCj6000002m9B9_m01_t07,SER17;ASP15;SER14;GLU21;SER18,2.0,-5.778475436749242
375,native_first,ZINCk800000Bn8X4,O=C(O)C[C@@H](O)CNC(=O)c1nc2ncc(Br)cc2[nH]1,15348,1611,1121,0,1,1,14.285714285714286,16.628609428741346,0.728486032703454,12.113709712119032,4,343.137,0.28580000000000017,4,5,5,1,,,,38.072664739456826,12,7,5,7,4,1,,,,,20.041736721878735,13.451189803597083,39.29445230515269,27.25410792890997,7440,16,1,1.2289867495186901,1.210549868845534,9.711946045978637,8.231046771664795,28,27.1614555648564,5.0,1.7198742832292893,2.141860284374291,ZINCk800000Bn8X4_m01_t04,SER17;ASP15;SER14;GLU21;SER18,1.0,-26.26813178869474
376,native_first,ZINCk600000dr7Gv,NC(=O)COc1ccc(C(=O)N[C@H](CO)C2CC2)cc1,2293,5457,3262,1,0,1,17.857142857142858,19.267729830797304,0.7041479809533351,13.567333057910266,5,278.30799999999994,0.05140000000000011,3,4,7,1,,,,32.391143412755326,11,6,5,6,4,1,,,,,23.0414108649797,14.755115738810698,52.556517556517555,26.78130388408995,10010,16,0,1.7603771712561875,1.0633876270784046,11.611623357653302,10.522868741408821,28,27.1614555648564,5.0,1.7200801585994694,1.512935291388779,ZINCk600000dr7Gv_m01_t05,SER17;ASP15;SER14;GLU21;SER18,3.0,13.482691545697442
377,native_first,ZINCj500000d6Sk0,C[C@H](C(=O)Nc1cncc(O)n1)N1CCC(O)CC1,4090,2737,1821,1,0,1,14.285714285714286,16.628609428741346,0.7913256308889157,13.158644847004117,4,266.301,-0.03410000000000024,3,6,3,1,,,,36.38223751692659,12,7,5,7,4,1,,,,,16.076866339078556,10.37248097132412,35.72270243417783,24.19901481021777,40445,16,9,1.2697261803028586,0.986115218356917,9.711946045978637,9.449840656811629,28,27.1614555648564,5.0,1.720413338725111,1.5939979235217652,ZINCj500000d6Sk0_m02_t03,SER17;ASP15;SER14;GLU21;SER18,2.0,52.672396087446266
378,native_first,ZINCk500000gayGN,CCOC(=O)c1cc(C2CN(C[C@@H](O)CCO)C2)[nH]n1,6181,3657,2269,1,0,1,14.285714285714286,14.31375370097794,0.8994482934874375,12.8744813397441,4,283.3279999999999,-0.27109999999999984,3,6,7,1,,,,34.351665344695306,12,7,5,7,4,1,,,,,21.270586548157876,13.893578770043598,45.349704631141755,26.503018066772842,11826,16,8,0.6573757064263134,0.6638839404278193,11.791641997618479,11.021002062032286,28,27.1614555648564,5.0,1.721443685545634,1.321746461312309,ZINCk500000gayGN_m02_t02,SER17;ASP15;SER14;GLU21;SER18,1.0,111.58617568058378
379,native_first,ZINCk500000gfPwB,C[C@@H](O)C(=O)NCc1nc2c(s1)CN(C(=O)CO)CC2,526,4949,3034,1,0,1,17.857142857142858,19.267729830797304,0.7502418918482335,14.455458079878014,5,299.35200000000003,-0.9828999999999994,3,6,4,1,,,,34.351665344695306,12,7,5,7,4,1,,,,,17.191546756397642,11.262921926846046,36.29851232268963,24.055594191716708,43405,16,9,1.3513081308229606,1.1635648915587176,11.611623357653302,12.102620473005167,28,27.1614555648564,5.0,1.7214931095732613,1.716043845213927,ZINCk500000gfPwB_m01_t07,SER17;ASP15;SER14;GLU21;SER18,2.0,14.238883590315547
380,native_first,ZINCk500000citGa,O=C(CO[C@@H]1CCOC1)N[C@@H](Cc1cc[nH]n1)C(=O)O,1994,485,421,1,1,1,14.285714285714286,16.024722079133863,0.8532148971148813,13.672531600042765,4,283.28400000000005,-0.6728999999999987,3,5,7,1,,,,38.997153608381865,13,7,6,7,4,1,,,,,19.80860958847789,13.593376528408879,36.49507356367752,27.484027196439477,6458,16,11,0.7042629795793323,0.8686116047326614,9.413178262414874,8.334775192809083,28,27.1614555648564,5.0,1.7235199468385212,1.5664976180565433,ZINCk500000citGa_m02_t04,SER17;ASP15;SER14;GLU21;SER18,1.0,91.11882753854785
381,native_first,ZINCk50000045uMH,Cn1cc([C@@H](O)C(=O)NCc2ncc(C(N)=O)s2)cn1,4949,277,239,1,1,1,17.857142857142858,19.267729830797304,0.6765574236276571,13.035725653477979,5,295.32399999999996,-0.674700000000001,3,7,5,1,,,,40.91933989473438,13,8,5,8,4,1,,,,,23.26140469952853,15.980658348300047,42.72831280705295,30.324578777610867,818,16,1,1.6934034130044882,1.3070778476173062,11.611623357653302,10.560545283753621,28,27.1614555648564,5.0,1.7248550867205605,1.4517830908347444,ZINCk50000045uMH_m01_t07,SER17;ASP15;SER14;GLU21;SER18,1.0,20.4741291986092
382,native_first,ZINCj7000018Td59,COc1c[nH]ccc1=NC(=O)NCCN(C)CCO,5958,4053,2485,1,0,1,14.285714285714286,16.628609428741346,0.7759397833223975,12.902799597090336,4,268.31699999999995,-0.4422999999999992,3,4,6,1,,,,34.351665344695306,12,7,5,7,4,1,,,,,19.717331246663605,12.84296836032986,42.42683863999835,25.571064885876282,20080,16,8,1.0633097821288637,1.1513367380960047,9.711946045978637,8.816381970063844,28,27.1614555648564,5.0,1.7272894946135582,1.5732814936983128,ZINCj7000018Td59_m01_t05,SER17;ASP15;SER14;GLU21;SER18,3.0,7.984438759690154
383,native_first,ZINCk600000gqBw6,O=C(NCCNC(=O)[C@@]12COC[C@@H]1C2)c1n[nH]cc1Br,9009,2631,1778,1,0,1,14.285714285714286,14.477064275896673,0.8688421964989842,12.578284324327042,4,343.181,0.054700000000000026,3,4,5,1,,,,36.38223751692659,12,7,5,7,4,1,,,,,18.081740146826075,11.921737475667166,37.41334276006991,25.401939094866282,21975,16,9,1.0587626669942891,0.6530118968696367,8.080270416267007,7.942908334337629,28,27.1614555648564,5.0,1.7276389096322127,1.7235913965381358,ZINCk600000gqBw6_m01_t05,SER17;ASP15;SER14;GLU21;SER18,2.0,-27.048094195343616
384,native_first,ZINCk700001bOfKM,CC[C@@H](CCO)NC(=O)C/C=C/CNC(=O)[C@@H]1CCO1,8977,6553,3809,1,0,1,14.285714285714286,15.583483114146915,0.8073410759561466,12.581186024519813,4,284.35600000000005,0.11500000000000071,3,4,9,1,,,,29.821298404476316,11,6,5,6,4,1,,,,,22.25034299422385,14.506158281520817,47.73266177506946,25.278725158324832,23500,16,2,0.9890065393150865,0.9989770088672971,13.92267653865448,12.96118942788076,28,27.1614555648564,5.0,1.7283520698784676,1.574036747034398,ZINCk700001bOfKM_m01_t06,SER17;ASP15;SER14;GLU21;SER18,2.0,-30.311225816487514
385,native_first,ZINCj500000d7iNN,NC(=O)CCN1CCC(NC(=O)c2cnc[nH]2)CC1,8123,842,650,1,1,1,10.714285714285714,13.397478468997424,0.9455233597806298,12.667628854595092,3,265.31700000000006,-0.520699999999999,3,4,5,1,,,,38.34275944886656,13,8,5,8,4,1,,,,,21.369500548552153,15.027478640647358,36.97326725997841,28.158804108677916,4135,16,2,0.47143062464454677,0.5190955943401384,5.9718816967518835,5.854380637107469,28,27.1614555648564,5.0,1.7291443257539632,1.5163024759783856,ZINCj500000d7iNN_m01_t06,SER17;ASP15;SER14;GLU21;SER18,1.0,-73.32282598019131
386,native_first,ZINCk8000018SXql,CCOC(=O)Cc1nc(=NC(=O)N[C@H]2C[C@H](O)C2)s[nH]1,3656,4252,2611,1,0,1,17.857142857142858,19.255853038877785,0.6878614900424093,13.245359763360128,5,300.34,-0.28960000000000025,3,6,4,1,,,,34.351665344695306,12,7,5,7,4,1,,,,,19.103318488407417,12.318531792300497,42.52542031611799,25.202657230922572,24536,16,5,1.5422229651458321,1.385358065925448,14.297608960941682,13.499132955084946,28,27.1614555648564,5.0,1.7293083073943616,1.4573592064149254,ZINCk8000018SXql_m01_t02,SER17;ASP15;SER14;GLU21;SER18,2.0,-108.37590788435983
387,native_first,ZINCk700001bPDqa,COCCc1cnc(NC(=O)N2CC([C@@H](O)CO)C2)s1,8288,3815,2355,1,0,1,14.285714285714286,17.03922758205644,0.7424425135391663,12.650646954787875,4,301.36800000000005,0.14889999999999998,3,6,6,1,,,,34.351665344695306,12,7,5,7,4,1,,,,,20.533105843272782,13.342494444771344,44.53316953316954,26.06052964384179,15142,16,3,1.702264895789271,0.9576361780815198,13.92267653865448,13.595714683191273,28,27.1614555648564,5.0,1.7293768327840549,1.7038973445735948,ZINCk700001bPDqa_m01_t03,SER17;ASP15;SER14;GLU21;SER18,3.0,-35.22758990353339
388,native_first,ZINCj6000002mEc1,O=C1C[C@H](C(=O)Nc2ccc(COCCO)cc2)N1,4070,5481,3274,1,0,1,14.285714285714286,16.640486220660865,0.7909754529074069,13.162216124986692,4,264.28099999999995,0.02249999999999941,3,4,6,1,,,,32.391143412755326,11,6,5,6,4,1,,,,,22.36523621262574,14.20623801661644,52.5406430635838,26.375599092677575,12707,16,15,1.438501532568016,0.8633818835905228,11.611623357653302,11.535583480283293,28,27.1614555648564,5.0,1.7309553361547672,1.348476792964568,ZINCj6000002mEc1_m01_t08,SER17;ASP15;SER14;GLU21;SER18,3.0,3.918432941212536
389,native_first,ZINCj500000d7vr8,O=C(NCc1cc(=O)cc[nH]1)c1nnc(O)cc1O,8934,7875,4845,1,0,1,14.285714285714286,16.628609428741346,0.7567911692751368,12.584384772996728,4,262.225,-0.49390000000000006,4,6,3,1,,,,35.21365088823171,11,6,5,6,3,1,,,,,16.863306011328298,10.882089388288433,37.44394359685621,24.203443962089665,40348,16,2,1.4697258325763645,1.058594764581546,9.711946045978637,9.687039883603616,28,27.1614555648564,5.0,1.731709180424921,1.6671626099494758,ZINCj500000d7vr8_m01_t05,SER17;ASP15;SER14;GLU21;SER18,1.0,34.3151776522413
390,native_first,ZINCk600001bQnHn,O=C(NCCNc1cc(O)ncn1)[C@H]1CC=C[C@@H](O)C1,2179,5390,3243,1,0,1,14.285714285714286,16.628609428741346,0.8184913339260436,13.61037271266569,4,278.31200000000007,0.037399999999999045,4,6,5,1,,,,32.983637231917015,11,7,4,7,4,1,,,,,17.80440107371998,11.26659628933226,42.41992882562277,23.876095536998793,47213,16,6,1.0745472939900287,0.9399900911885185,9.711946045978637,10.220354467984974,28,27.1614555648564,5.0,1.7319153668823526,1.6243468135214976,ZINCk600001bQnHn_m01_t04,SER17;ASP15;SER14;GLU21;SER18,0.0,-111.49731647226548
391,native_first,ZINCi500000JSWcB,C[C@@H](CNC(=O)[C@H]1NCc2n[nH]cc21)OCCO,9457,3027,1916,1,0,1,14.285714285714286,16.628609428741346,0.7539195889756013,12.536634385752484,4,254.29,-0.932399999999999,4,5,6,1,,,,35.53084632385342,12,7,5,7,4,1,,,,,17.27446453214846,11.47137542181484,34.95974920280924,24.57701724883044,33730,16,3,1.4639858433725739,1.0333842090654746,9.711946045978637,10.409424530085099,28,27.1614555648564,5.0,1.732147125744615,1.3577020817231515,ZINCi500000JSWcB_m01_t01,SER17;ASP15;SER14;GLU21;SER18,3.0,101.76572311908637
392,native_first,ZINCk7000004g5ac,C[C@H](O)[C@@H]1CCN(C(=O)NCc2nc(C(N)=O)cs2)C1,2401,3799,2352,1,0,1,17.857142857142858,19.267729830797304,0.7025559639733758,13.536658504854369,5,298.36800000000005,0.15429999999999977,3,5,4,1,,,,34.351665344695306,12,7,5,7,4,1,,,,,20.608106788456293,13.87229499387683,40.059190031152646,26.105530210951898,14793,16,8,1.3886538504105994,1.451769224703695,11.611623357653302,11.338881815591835,28,27.1614555648564,5.0,1.7351583885297233,1.5766970142989283,ZINCk7000004g5ac_m01_t04,SER17;ASP15;SER14;GLU21;SER18,0.0,-67.79302247909408
393,native_first,ZINCk5000009GiNZ,O=C(CO)NC[C@H]1C[C@H](NC(=O)c2ccnnc2Cl)C1,11355,5758,3395,1,0,1,14.285714285714286,16.628609428741346,0.744757313667416,12.38427848817407,4,298.73,-0.2531000000000003,3,5,5,1,,,,32.391143412755326,11,6,5,6,4,1,,,,,19.688425547679746,12.452539627560217,46.99773323789071,24.769512693709984,30623,16,9,1.2230784309373897,1.2994955560417398,9.711946045978637,10.033991840513282,28,27.1614555648564,5.0,1.7352860543076878,1.0616981534550476,ZINCk5000009GiNZ_m01_t02,SER17;ASP15;SER14;GLU21;SER18,2.0,25.74954176038232
394,native_first,ZINCk50000047Oa5,O=C(N[C@H](CO)CCO)c1cc(C2CCOCC2)[nH]n1,9750,1789,1231,1,0,1,14.285714285714286,17.03922758205644,0.7342379153267333,12.510846938626896,4,283.3279999999999,-0.2232000000000009,4,5,6,1,,,,37.49136825579339,13,8,5,8,4,1,,,,,20.502536170732675,14.460999593361008,35.21449843829448,27.298069004756965,7247,16,9,1.2683116162184176,1.2001734407191376,13.92267653865448,12.667270604854256,28,27.1614555648564,5.0,1.7362295695002905,1.6157327304222335,ZINCk50000047Oa5_m01_t03,SER17;ASP15;SER14;GLU21;SER18,1.0,-7.713556614289976
395,native_first,ZINCk700000JU52Y,NC1(CC(=O)NC[C@@H](O)c2ccncc2)CCOCC1,8386,4459,2728,1,0,1,14.285714285714286,16.628609428741346,0.7601344786439698,12.639979358690503,4,279.3400000000001,0.12919999999999976,3,5,5,1,,,,34.351665344695306,12,7,5,7,4,1,,,,,18.569848751367562,12.256395455853307,38.2974297429743,24.88257538869866,28944,16,13,1.2475447775591175,1.1852280180712895,9.711946045978637,9.33102872688546,28,27.1614555648564,5.0,1.7395819521257083,2.1417690691523017,ZINCk700000JU52Y_m02_t01,SER17;ASP15;SER14;GLU21;SER18,1.0,-25.675469461874783
396,native_first,ZINCk5000009GeSm,O=C(CCF)NC1CN(C(=O)c2cc([N+](=O)[O-])n[nH]2)C1,7097,6731,3866,1,0,1,14.285714285714286,13.782525261262656,0.9266766578701761,12.771944446118153,4,285.235,-0.38190000000000035,2,5,5,1,,,,42.17709863203811,12,8,4,8,3,1,,,,,18.54446310694852,11.604214467075842,46.13968777701173,27.997517316984354,4595,16,7,0.8049330684746998,0.42671856139862663,11.791641997618479,11.701594883107674,28,27.1614555648564,5.0,1.7402929289598212,1.1446217019433216,ZINCk5000009GeSm_m01_t01,SER17;ASP15;SER14;GLU21;SER18,2.0,14.973600979656183
397,native_first,ZINCk600000Ggf0o,O=C(CO)N[C@@H]1CCC[C@H]1NC(=O)c1ccc(CO)s1,5038,3259,2039,1,0,1,17.857142857142858,19.66647119219288,0.6621700643818756,13.022548495498661,5,298.364,-0.00019999999999986695,4,5,5,1,,,,34.94415916385699,12,8,4,8,4,1,,,,,17.479695932790715,11.39915354896165,37.46349032493611,24.46548122521722,35600,16,1,1.7772544534223436,1.1750263869463575,13.92267653865448,12.166975826700483,28,27.1614555648564,5.0,1.7403409402591055,1.4738980460208362,ZINCk600000Ggf0o_m01_t04,SER17;ASP15;SER14;GLU21;SER18,2.0,-17.862477826266552
398,native_first,ZINCj5000002g7XZ,NC(=O)CN1CCC[C@H](NC(=O)Cc2cc[nH]n2)C1,7040,2403,1669,1,0,1,14.285714285714286,16.628609428741346,0.7684122872295556,12.777627804586091,4,265.317,-0.9818999999999982,3,4,5,1,,,,36.38223751692659,12,7,5,7,4,1,,,,,20.84892314995956,13.830284989006536,42.33140034364261,27.06224889674637,8427,16,0,1.1553885270561322,1.2061868026236502,9.711946045978637,9.472261484250664,28,27.1614555648564,5.0,1.7406755063288597,2.0000606542411266,ZINCj5000002g7XZ_m01_t08,SER17;ASP15;SER14;GLU21;SER18,2.0,14.203048976850397
399,native_first,ZINCj800000frH69,O=C(NCC=CCO)c1c[nH]c2ccncc2c1=O,11171,8029,4992,1,0,1,14.285714285714286,16.628609428741346,0.7457181730474022,12.400256243519802,4,259.26500000000004,0.2014000000000003,3,4,4,1,,,,34.932961828358735,11,6,5,6,3,1,,,,,19.25961853438397,12.07933074426752,47.48749999999999,25.528955851973876,20500,16,2,1.5734072319152468,1.0348162365213698,9.711946045978637,10.096184956908866,28,27.1614555648564,5.0,1.743325835728635,1.7403021188507455,ZINCj800000frH69_m01_t07,SER17;ASP15;SER14;GLU21;SER18,3.0,18.105803817436225
400,native_first,ZINCk500000BlKEn,Cc1cc(C(=O)NN=c2[nH]ccnc2F)nn1CCO,8803,7156,4241,1,0,1,14.285714285714286,16.628609428741346,0.7576472901114417,12.59862087200745,4,280.26300000000003,-0.7082800000000007,3,6,4,1,,,,38.92405593253,12,7,5,7,3,1,,,,,16.139134815779922,10.63010662127965,33.50089757848933,25.253103262479954,23828,16,9,1.5569370825287048,0.9848901225174669,9.711946045978637,9.792281132123138,28,27.1614555648564,5.0,1.744159410313179,2.204888022915163,ZINCk500000BlKEn_m01_t03,SER17;ASP15;SER14;GLU21;SER18,0.0,186.91187757185259
401,native_first,ZINCk50000044C1U,Cc1cc(C(=O)NC[C@H](C)O)nc2nc(O)nc(O)c12,952,1645,1155,1,0,1,17.857142857142858,19.267729830797304,0.7338802762650544,14.140206891225954,5,278.26800000000003,-0.14498000000000016,4,7,3,1,,,,38.072664739456826,12,7,5,7,4,1,,,,,16.689994198303136,10.910316500408678,35.49131523432109,25.243062414764612,23972,16,4,1.410164508158833,1.023205563957164,11.611623357653302,10.045623121481889,28,27.1614555648564,5.0,1.7446393492373578,1.5968865865960014,ZINCk50000044C1U_m01_t01,SER17;ASP15;SER14;GLU21;SER18,1.0,-69.19802382613204
402,native_first,ZINCk800000PCa7r,OCCOCCNc1cc(=NCc2cc[nH]n2)[nH]cn1,8317,125,111,1,1,1,17.857142857142858,19.267729830797304,0.656362332506479,12.646612093846784,5,278.31600000000003,-0.34549999999999964,4,6,8,1,,,,42.06375884362809,13,8,5,8,4,1,,,,,26.46335941088373,18.58729752551271,45.92209072978307,32.70351918398148,91,16,2,1.7121645786192519,1.3469691856553787,11.611623357653302,10.17060285498443,28,27.1614555648564,5.0,1.7455419549441487,1.5674629914319844,ZINCk800000PCa7r_m01_t08,SER17;ASP15;SER14;GLU21;SER18,1.0,-43.77332383087573
403,native_first,ZINCj8000009kj3x,CO[C@@H](C)C(=O)N[C@H]1C[C@H](Nc2ncc(O)cn2)C1,9092,6201,3643,1,0,1,14.285714285714286,15.583483114146915,0.8066384777840638,12.57023709776913,4,266.30100000000004,0.27619999999999967,3,6,5,1,,,,32.391143412755326,11,6,5,6,4,1,,,,,18.325873109841016,11.61984398405634,43.33573660177842,23.95198123100674,45601,16,7,0.754866388615166,1.0404317981346884,13.92267653865448,12.502847034633842,28,27.1614555648564,5.0,1.7458548207141664,1.505051421134859,ZINCj8000009kj3x_m01_t04,SER17;ASP15;SER14;GLU21;SER18,0.0,-54.17180814386731
404,native_first,ZINCk800001bOJL4,C[C@H]1C[C@@H](C(=O)NC[C@@H](O)CN=c2nc[nH]s2)CCO1,279,6116,3596,1,0,1,14.285714285714286,16.024722079133863,0.9205573995941368,14.751676486386218,4,300.3840000000001,-0.3358999999999994,3,6,5,1,,,,32.391143412755326,11,6,5,6,4,1,,,,,18.49521224311298,11.777121355235325,43.05575158786168,24.053584710969922,43448,16,13,0.7410293514939452,0.4808758358952761,9.413178262414874,8.818547225251447,28,27.1614555648564,5.0,1.7469491227415272,1.0071720787209189,ZINCk800001bOJL4_m01_t03,SER17;ASP15;SER14;GLU21;SER18,2.0,3.9622200344302554
405,native_first,ZINCk5000004199t,COCCO[C@H](C)C(=O)NCc1nc(C(C)(C)O)n[nH]1,6158,836,645,1,1,1,17.857142857142858,16.545773402920933,0.7783223555430854,12.877945329243552,5,286.33199999999994,-0.3001999999999991,3,6,8,1,,,,38.34275944886656,13,8,5,8,4,1,,,,,21.50681886628543,14.664367838712227,40.3205391351943,28.241195099317885,3926,16,10,1.349483681062244,0.9990744750126896,11.791641997618479,11.401003142322221,28,27.1614555648564,5.0,1.7500393385295807,1.521779653584139,ZINCk5000004199t_m01_t01,SER17;ASP15;SER14;GLU21;SER18,3.0,45.10250763841743
406,native_first,ZINCk600001bQgAp,O=C(CCN1CCC1)NCCCN=c1[nH]nc(CO)s1,3295,2228,1588,1,0,1,14.285714285714286,15.18474175275134,0.8773400006821305,13.322181339716835,4,299.4,-0.533699999999999,3,6,8,1,,,,36.38223751692659,12,7,5,7,4,1,,,,,24.965114061999095,16.56000973711128,50.69617746088333,29.531963443970096,1526,16,5,1.0180622545383262,0.5043127214468506,11.611623357653302,10.659753210868923,28,27.1614555648564,5.0,1.7512055829781032,1.8554384126153134,ZINCk600001bQgAp_m01_t02,SER17;ASP15;SER14;GLU21;SER18,0.0,-13.785508142823478
407,native_first,ZINCj5000002fBLY,Cn1cnc(C=CC(=O)NCc2nc(CO)n[nH]2)c1,5651,520,448,1,1,1,14.285714285714286,16.628609428741346,0.7783184213635516,12.942353040049033,4,262.27299999999997,-0.6398999999999999,3,6,5,1,,,,38.88876772250309,13,8,5,8,4,1,,,,,23.083570990327992,15.633688386735322,44.09700880967014,29.405649683198032,1700,16,11,1.319133689199956,0.8054595939822846,9.711946045978637,11.24658343363847,28,27.1614555648564,5.0,1.7526367268262337,1.7183505139555202,ZINCj5000002fBLY_m01_t01,SER17;ASP15;SER14;GLU21;SER18,1.0,-21.402767261429908
408,native_first,ZINCk800000EmnEY,C[C@@H](O)CNC(=O)c1nc(C(=O)Nc2cnc[nH]2)cs1,20,6981,4068,1,0,1,17.857142857142858,19.267729830797304,0.8189612468803439,15.779524046783358,5,295.324,0.22909999999999975,4,6,5,1,,,,38.92405593253,12,7,5,7,3,1,,,,,22.239125375337306,15.042528768481978,42.637723135122364,28.91309759821439,2490,16,10,1.305609404310245,0.778687173939389,11.611623357653302,11.910261676462614,28,27.1614555648564,5.0,1.7530880181934925,1.4114258255971739,ZINCk800000EmnEY_m01_t02,SER17;ASP15;SER14;GLU21;SER18,1.0,71.30095057429334
409,native_first,ZINCk500000g8lIu,CC(C)(CCCNC(=O)Cn1nccn1)NC(=O)CO,10841,5634,3338,1,0,1,14.285714285714286,16.628609428741346,0.7472344765995104,12.425470263063222,4,283.33200000000005,-0.9383999999999983,3,6,8,1,,,,32.391143412755326,11,6,5,6,4,1,,,,,20.38095647606465,12.967711564852525,47.58231194424417,25.185031250740924,24762,16,9,1.0261623940856879,1.3200682811824924,9.711946045978637,8.659539925185204,28,27.1614555648564,5.0,1.7532481441630752,1.5028687686628657,ZINCk500000g8lIu_m01_t06,SER17;ASP15;SER14;GLU21;SER18,3.0,23.92049035651352
410,native_first,ZINCk7000004faN3,CNC(=O)c1cnc(NCCC2(O)CCOCC2)cn1,10877,688,565,1,1,1,17.857142857142858,19.267729830797304,0.6447870666064063,12.423582997764543,5,280.3279999999999,0.1796999999999993,3,6,5,1,,,,38.34275944886656,13,8,5,8,4,1,,,,,23.54327542180231,16.433117878536834,41.49855907780983,29.46306903262801,1627,16,9,1.6688660142250271,1.4613187697477408,11.611623357653302,10.178901238249825,28,27.1614555648564,5.0,1.7536092511955488,1.9604550824369291,ZINCk7000004faN3_m01_t03,SER17;ASP15;SER14;GLU21;SER18,0.0,76.90772211650915
411,native_first,ZINCk8000004iII6,CONC(=O)C1CCN(Cc2nc(C(=O)O)co2)CC1,4861,7295,4344,1,0,1,17.857142857142858,19.267729830797304,0.6770940993017373,13.046066175372914,5,283.28400000000005,0.2623999999999997,2,6,5,1,,,,36.783225624191815,13,7,6,7,3,1,,,,,23.412900747782263,16.925780537361216,37.962881000855695,28.761030698346087,2773,16,1,1.9202729502843265,1.2319106424601904,11.611623357653302,11.483120161492758,28,27.1614555648564,5.0,1.7544578253524403,1.7334245053102486,ZINCk8000004iII6_m01_t03,SER17;ASP15;SER14;GLU21;SER18,2.0,52.77722682402459
412,native_first,ZINCj600000EmJFZ,Cc1nc(C)c(CN[C@@H]2C[C@@H]2C(=O)NC[C@H](C)O)[nH]1,8252,3192,2003,1,0,1,14.285714285714286,16.628609428741346,0.7610131037134864,12.654589671805795,4,266.34499999999997,0.0016400000000001969,4,4,6,1,,,,34.94415916385699,12,8,4,8,4,1,,,,,19.002708764044314,12.455499140324577,40.06036298817047,25.37928892396938,22245,16,2,1.3173155468178555,1.060422196385896,9.711946045978637,8.772886504318732,28,27.1614555648564,5.0,1.7550898713125498,1.923473870165838,ZINCj600000EmJFZ_m02_t05,SER17;ASP15;SER14;GLU21;SER18,2.0,-24.158328702968113
413,native_first,ZINCk6000009J34o,CCO[C@@H]1C[C@@H]1C(=O)N[C@@H](C)CNC(=O)c1cnc[nH]1,9647,2513,1723,1,0,1,14.285714285714286,13.782525261262656,0.9084053277953671,12.52011937780523,4,280.328,0.06920000000000137,3,4,7,1,,,,36.38223751692659,12,7,5,7,4,1,,,,,19.550836708794115,12.963837373762594,39.74600986796109,26.283397032047105,13356,16,9,0.770897759679871,0.5801104887559928,11.791641997618479,11.384855246055759,28,27.1614555648564,5.0,1.7552478295028593,1.8605046411265493,ZINCk6000009J34o_m01_t06,SER17;ASP15;SER14;GLU21;SER18,2.0,-51.24995010003661
414,native_first,ZINCk6000004dTKo,O=C(NC[C@@H]1C[C@H](CO)CO1)[C@@H]1CCc2c[nH]nc2C1,192,5944,3501,1,0,1,14.285714285714286,16.628609428741346,0.894238316954009,14.869939708843226,4,279.34000000000003,0.028199999999999392,3,4,4,1,,,,32.391143412755326,11,6,5,6,4,1,,,,,19.01048155272256,12.034967759110485,45.22040009304488,24.36274629673567,37458,16,3,0.854183980473982,0.6375713052958399,9.711946045978637,9.546077838818201,28,27.1614555648564,5.0,1.7555481992366042,1.4995194530812228,ZINCk6000004dTKo_m01_t02,SER17;ASP15;SER14;GLU21;SER18,2.0,11.992663490799114
415,native_first,ZINCj6000002m3R2,Cc1cc(=NC(=O)CCN[C@H]2CCOC[C@@H]2O)[nH]o1,11774,3777,2339,1,0,1,14.285714285714286,16.628609428741346,0.7428561504395395,12.352664787397424,4,269.301,-0.5270799999999991,3,5,4,1,,,,34.351665344695306,12,7,5,7,4,1,,,,,20.715392865779467,13.404711524400732,45.566539242623335,26.1699018573458,14265,16,14,1.6688089755405318,0.9533671463472908,9.711946045978637,9.08782961698885,28,27.1614555648564,5.0,1.755728130428192,1.6016849976894996,ZINCj6000002m3R2_m02_t02,SER17;ASP15;SER14;GLU21;SER18,1.0,11.61365184243809
416,native_first,ZINCk50000044Hr4,Cc1cc(O)nc(CNC(=O)c2cc(C(=O)O)n[nH]2)n1,3208,59,59,1,1,1,17.857142857142858,19.267729830797304,0.6924753549328077,13.342428053330808,5,277.23999999999995,-0.15808000000000044,4,6,4,1,,,,44.05904280583246,14,9,5,9,4,1,,,,,21.20920404611077,15.3833234920985,34.13758773814641,30.34913954999945,802,16,7,1.7868261907814087,1.1803187214808468,11.611623357653302,10.870533740482497,28,27.1614555648564,5.0,1.7561717653224123,1.4531893042002042,ZINCk50000044Hr4_m02_t05,SER17;ASP15;SER14;GLU21;SER18,3.0,4.376881877569831
417,native_first,ZINCk800000PACpT,COCCNc1ncnc(N[C@H]2COC[C@H]2CO)c1C,5342,4147,2548,1,0,1,10.714285714285714,13.397478468997424,0.9688920460013309,12.980710325085692,3,282.344,0.26252000000000036,3,7,7,1,,,,34.351665344695306,12,7,5,7,4,1,,,,,19.43248551888346,12.513770512760702,43.462243401759544,25.400157449208194,21996,16,14,0.27238332491453854,0.4067031257812334,5.9718816967518835,5.67509014996249,28,27.1614555648564,5.0,1.7564520925501907,1.322551931976613,ZINCk800000PACpT_m01_t05,SER17;ASP15;SER14;GLU21;SER18,2.0,-28.664422140475455
418,native_first,ZINCj700000d8ydC,O=C(NCCOc1cccnc1)c1cc(CO)[nH]n1,383,7109,4194,1,0,1,14.285714285714286,16.628609428741346,0.877928716289595,14.598733729455946,4,262.269,0.1058,3,5,6,1,,,,38.92405593253,12,7,5,7,3,1,,,,,18.822816544510825,12.733948065617193,36.070112509310434,26.863312299718494,9519,16,7,0.8560553117017832,0.7175350547097242,9.711946045978637,10.22443407931453,28,27.1614555648564,5.0,1.757699873544698,1.269453555040174,ZINCj700000d8ydC_m01_t03,SER17;ASP15;SER14;GLU21;SER18,3.0,24.5411427640119
419,native_first,ZINCj500000feNJn,CC1(CO)CC(NC(=O)c2cnc(C(N)=O)cn2)C1,10795,2679,1793,1,0,1,17.857142857142858,19.267729830797304,0.6450833724171214,12.429292138072697,5,264.285,-0.5336999999999994,3,5,4,1,,,,36.38223751692659,12,7,5,7,4,1,,,,,17.425222540636312,11.408577178482169,36.86934534392161,25.00802853115242,27169,16,10,1.8071610802870528,1.4920659144366832,11.611623357653302,12.31415811162295,28,27.1614555648564,5.0,1.7577399706102461,1.888445206709454,ZINCj500000feNJn_m01_t04,SER17;ASP15;SER14;GLU21;SER18,1.0,102.38547291464245
420,native_first,ZINCk700000Pu85O,Cc1nscc1CC(=O)NCCC(=O)N[C@@H]1CC[C@H]1O,6984,3690,2284,1,0,1,14.285714285714286,16.628609428741346,0.7687438819218236,12.78314176321246,4,297.38,0.1398199999999995,3,5,6,1,,,,34.351665344695306,12,7,5,7,4,1,,,,,21.106566720591502,13.726072762979646,45.65545231877898,26.404606170233023,12456,16,10,1.183079473904912,1.1793400131046892,9.711946045978637,10.062760141384715,28,27.1614555648564,5.0,1.7578803815256383,1.715104824265828,ZINCk700000Pu85O_m01_t03,SER17;ASP15;SER14;GLU21;SER18,3.0,-22.314191214523788
421,native_first,ZINCk5000003YKN4,CN(C[C@@H](O)c1cccnc1)C[C@H](O)C[C@H]1CC(=O)N1,7808,3590,2232,1,0,1,14.285714285714286,16.628609428741346,0.7637552605592465,12.700187926986288,4,279.3399999999999,-0.31370000000000003,3,5,7,1,,,,34.351665344695306,12,7,5,7,4,1,,,,,21.68864508896137,14.203624620726963,45.85139507906465,26.75385319125494,10167,16,7,1.1417336106069056,1.0674953269110332,9.711946045978637,8.304799772241504,28,27.1614555648564,5.0,1.7585074401307645,1.4158287444241853,ZINCk5000003YKN4_m01_t02,SER17;ASP15;SER14;GLU21;SER18,1.0,59.449592577574705
422,native_first,ZINCk700000Ja3WH,O=C(CCc1cn[nH]c1)NCCN1CCC[C@@H](CO)C1,1637,5734,3383,1,0,1,14.285714285714286,16.628609428741346,0.8295383466128465,13.794069171988886,4,280.37199999999996,0.162800000000001,3,4,7,1,,,,32.391143412755326,11,6,5,6,4,1,,,,,19.797317216907015,12.570703804703115,46.56848828956707,24.834847695246342,29626,16,8,0.9727384126463757,0.8973963634656076,9.711946045978637,8.879744631738378,28,27.1614555648564,5.0,1.7588429516548767,1.1041453541788535,ZINCk700000Ja3WH_m01_t03,SER17;ASP15;SER14;GLU21;SER18,2.0,-6.889700438428491
423,native_first,ZINCk500000g81Yu,CC(=O)NC[C@H]1CCN(Cc2cnc(C(N)=O)cn2)C1,4552,7292,4342,1,0,1,17.857142857142858,19.267729830797304,0.6792710885673189,13.088011816386688,5,277.32800000000003,-0.46649999999999925,2,5,5,1,,,,36.783225624191815,13,7,6,7,3,1,,,,,23.613243982146955,16.1747654092901,43.718651769851014,28.881236638964904,2552,16,6,1.8537442581957806,1.2562050584656421,11.611623357653302,11.237905913021129,28,27.1614555648564,5.0,1.7590533565950444,1.998010676165573,ZINCk500000g81Yu_m01_t04,SER17;ASP15;SER14;GLU21;SER18,0.0,73.14485476608276
424,native_first,ZINCk600000Pu8m4,Cc1nsc(CNC(=O)[C@@H](C)NC(=O)c2cn[nH]c2)n1,9308,295,257,1,1,1,14.285714285714286,16.628609428741346,0.7547285155658666,12.550085710078529,4,294.34,0.0043199999999997685,3,6,5,1,,,,40.91933989473438,13,8,5,8,4,1,,,,,22.56979759022986,15.381479112693064,42.37154447115385,29.909614512031666,1139,16,5,1.373846494648981,1.129143313221843,9.711946045978637,9.337562799922022,28,27.1614555648564,5.0,1.7591454036398833,1.7741906334893982,ZINCk600000Pu8m4_m01_t04,SER17;ASP15;SER14;GLU21;SER18,1.0,-2.521836599328508
425,native_first,ZINCk600000EmBTy,O=C(Cc1cc[nH]n1)N[C@H]1CCN(Cc2cc[nH]n2)C1,11300,251,213,1,1,1,14.285714285714286,16.628609428741346,0.7450044575016325,12.388388146465976,4,274.32800000000003,0.06599999999999989,3,4,5,1,,,,40.91933989473438,13,8,5,8,4,1,,,,,24.227642389950503,16.820994235901644,43.28851196329074,30.904321391864052,473,16,15,1.3570520839009896,1.1948571005243995,9.711946045978637,9.253793778781935,28,27.1614555648564,5.0,1.760040550257141,1.6224891575556675,ZINCk600000EmBTy_m01_t06,SER17;ASP15;SER14;GLU21;SER18,3.0,21.350614721013066
426,native_first,ZINCk500000430pa,C[C@@H]([C@@H](C)NC(=O)[C@@H](O)CCC(=O)O)N1CCOCC1,4916,5158,3149,1,0,1,14.285714285714286,13.94583583618139,0.9350080394418953,13.039468623566485,4,288.34400000000005,-0.5624999999999996,3,5,7,1,,,,33.81239250864757,12,7,5,7,4,1,,,,,19.03914661465858,13.042976898265401,35.23966855464653,24.948444972254176,27962,16,6,0.49184671915915723,0.46893042193209133,9.078045219098652,8.175718125797053,28,27.1614555648564,5.0,1.7602898379492673,1.315564854493659,ZINCk500000430pa_m01_t01,SER17;ASP15;SER14;GLU21;SER18,1.0,80.86536385758656
427,native_first,ZINCk6000009Ju7B,C[C@@H](Cn1cc(CCO)nn1)NC(=O)c1cnc(Cl)[nH]1,7160,7948,4914,1,0,1,14.285714285714286,16.024722079133863,0.7966292279408732,12.765761977867474,4,298.734,0.00790000000000013,3,6,6,1,,,,34.932961828358735,11,6,5,6,3,1,,,,,20.36334216066378,12.99498989245306,47.030116959064316,26.19119002774176,14086,16,3,0.7432968315276012,1.0403466935234638,9.413178262414874,7.747112131316692,28,27.1614555648564,5.0,1.7615298401466264,1.493818699915408,ZINCk6000009Ju7B_m01_t06,SER17;ASP15;SER14;GLU21;SER18,0.0,-37.285361482866975
428,native_first,ZINCk7000018T3hT,Cn1nc(CCNC(=O)NC[C@]2(C)C[C@H](O)C2)cc1O,2556,6470,3775,1,0,1,17.857142857142858,16.545773402920933,0.8156468110918463,13.495507313140745,5,282.344,0.12840000000000018,4,5,5,1,,,,31.8044562527589,11,7,4,7,4,1,,,,,18.88197654318857,11.722465519551854,48.50877192982457,24.050968427016702,43518,16,12,1.0908300632523218,0.9623050678651005,11.791641997618479,11.476259176150664,28,27.1614555648564,5.0,1.7617000527611444,1.505523133971505,ZINCk7000018T3hT_m01_t07,SER17;ASP15;SER14;GLU21;SER18,3.0,-55.79944602801265
429,native_first,ZINCk600000Pz6p1,CCOCC(=O)NCc1csc(C(=O)NOCCO)c1,7386,617,527,1,1,1,14.285714285714286,16.640486220660865,0.7657562379875568,12.74255612661704,4,302.3520000000001,0.05449999999999966,3,6,9,1,,,,38.34275944886656,13,8,5,8,4,1,,,,,25.380971263296402,17.524620039683512,46.00532795365197,30.56568653752446,653,16,9,1.0436650000356238,1.1772611381889366,11.611623357653302,10.457977987835317,28,27.1614555648564,5.0,1.762550353207226,1.0524950250010214,ZINCk600000Pz6p1_m01_t03,SER17;ASP15;SER14;GLU21;SER18,3.0,58.02058141068252
430,native_first,ZINCk6000018TCsc,O=C(NCCCOc1cc[nH]n1)N1C[C@@H]2[C@@H](CO)[C@@H]2C1,4555,6454,3765,1,0,1,14.285714285714286,16.628609428741346,0.7870649593864552,13.087795804685532,4,280.32800000000003,0.05829999999999985,3,4,6,1,,,,31.8044562527589,11,7,4,7,4,1,,,,,19.043646185665835,11.928375791811991,47.1960926193922,24.14797021250306,41456,16,13,1.0915276767481117,0.9675855651743176,9.711946045978637,11.07404565571013,28,27.1614555648564,5.0,1.7646072343708,1.1590342948201462,ZINCk6000018TCsc_m01_t04,SER17;ASP15;SER14;GLU21;SER18,2.0,-62.91698314656354
431,native_first,ZINCk7000004gcxU,Cc1cc(=NC(=O)C(=O)Nc2cnc(C(N)=O)s2)[nH]o1,4176,6764,3891,1,0,1,17.857142857142858,19.267729830797304,0.6821742759917881,13.14394964732953,5,295.28,-0.4624800000000006,3,6,2,1,,,,41.53897202398527,13,7,6,7,3,1,,,,,24.22026027298257,16.96505920584979,42.31762644129981,31.147744973383652,373,16,4,1.7181985196689367,1.3352325579356048,11.611623357653302,11.188956876866643,28,27.1614555648564,5.0,1.7655277832031067,1.6937006023290728,ZINCk7000004gcxU_m01_t06,SER17;ASP15;SER14;GLU21;SER18,3.0,30.236951756726505
432,native_first,ZINCk600000gqIAc,O=C1C[C@H](C2CC(NCCc3nnc(CO)s3)C2)CN1,11979,6371,3722,1,0,1,14.285714285714286,15.583483114146915,0.7918069020039978,12.339109487044281,4,296.3960000000001,0.07719999999999999,3,6,6,1,,,,31.8044562527589,11,7,4,7,4,1,,,,,20.248434175628535,12.617167103230878,51.24007220216606,24.87084300648068,29117,16,11,1.0829604435028457,1.1102400409927589,13.92267653865448,13.603816265661974,28,27.1614555648564,5.0,1.7655571388874307,1.753199538654836,ZINCk600000gqIAc_m02_t02,SER17;ASP15;SER14;GLU21;SER18,2.0,19.12363266447953
433,native_first,ZINCk7000009KZ6w,Cc1n[nH]c(=N[C@H]2C[C@@H](NC(=O)Cn3cncn3)C2)s1,3313,7492,4478,1,0,1,14.285714285714286,16.628609428741346,0.8009484300924194,13.318658616570385,4,293.35600000000005,-0.3807800000000001,2,7,4,1,,,,36.74488997860436,12,7,5,7,3,1,,,,,20.340671084519993,13.31439299639908,43.069137981759354,26.90235864215374,9293,16,0,1.2205079479322525,0.9684600707256318,9.711946045978637,9.830025276813876,28,27.1614555648564,5.0,1.7670033748696106,1.707389862642111,ZINCk7000009KZ6w_m01_t05,SER17;ASP15;SER14;GLU21;SER18,0.0,-6.696150075283929
434,native_first,ZINCj8000002rO1z,O=C(O)CN1CCC(NC(=O)c2c[nH]nc2I)CC1,8930,887,679,1,1,1,14.285714285714286,16.628609428741346,0.7568268651759235,12.584978346189116,4,378.1700000000001,0.29309999999999997,3,4,4,1,,,,38.34275944886656,13,8,5,8,4,1,,,,,20.86232765273329,14.483098134427774,37.28480223704602,27.854500371186596,5055,16,9,1.2223238949309323,1.2339051663828982,9.711946045978637,9.548279650832013,28,27.1614555648564,5.0,1.7681679842955718,1.900105639648049,ZINCj8000002rO1z_m02_t03,SER17;ASP15;SER14;GLU21;SER18,3.0,-118.56859322548073
435,native_first,ZINCj600000JSYEf,C[C@@H](NCc1cnn(CCO)c1)c1nnc(CO)s1,3296,3346,2107,1,0,1,14.285714285714286,15.18474175275134,0.8773393660082821,13.32217170235835,4,283.35699999999997,0.06999999999999995,3,8,7,1,,,,34.38103669862671,11,7,4,7,4,1,,,,,18.584179920746145,11.67500097491783,45.52631578947369,24.90292263189837,28614,16,12,0.9249679212830233,0.6755833717521309,11.611623357653302,11.135667710034502,28,27.1614555648564,5.0,1.7683168166866,1.2105751235377176,ZINCj600000JSYEf_m02_t01,SER17;ASP15;SER14;GLU21;SER18,3.0,14.78808656100929
436,native_first,ZINCk800000JU4ok,Nc1cc(Cl)ncc1CNCCCN1CCNC(=O)C1,11154,5497,3282,1,0,1,10.714285714285714,13.397478468997424,0.9256335875694016,12.401156059641899,3,297.79,0.2286999999999993,3,5,6,1,,,,32.391143412755326,11,6,5,6,4,1,,,,,21.730432865806193,13.787710402618561,51.25980042765504,25.99471708458585,15731,16,10,0.39929775686088737,0.6585389120858594,5.9718816967518835,5.456129697435396,28,27.1614555648564,5.0,1.769680844087642,1.3152372679534539,ZINCk800000JU4ok_m02_t06,SER17;ASP15;SER14;GLU21;SER18,2.0,134.20307653521402
437,native_first,ZINCk700000xck53,COc1cc(C(=O)N[C@H](C)c2n[nH]c(CO)n2)ccn1,5586,2078,1451,1,0,1,14.285714285714286,16.628609428741346,0.7787802982479771,12.950033410364309,4,277.284,0.19159999999999944,3,6,5,1,,,,36.92824579056311,12,7,5,7,4,1,,,,,18.91016018668708,12.400332591598737,39.80851825340016,26.117394428237496,14699,16,15,1.1285017411999503,1.1593346721674425,9.711946045978637,9.41967970502171,28,27.1614555648564,5.0,1.7728397480350953,1.7078510756554959,ZINCk700000xck53_m01_t03,SER17;ASP15;SER14;GLU21;SER18,1.0,-43.43934165778825
438,native_first,ZINCk50000040F7m,COC(=O)c1cncc(C(=O)NCc2cc(O)n[nH]2)c1,15001,1274,919,0,1,1,14.285714285714286,16.628609428741346,0.7298654523762583,12.136647543096418,4,276.25199999999995,0.2268999999999996,3,6,4,1,,,,40.91933989473438,13,8,5,8,4,1,,,,,23.383440545485154,16.012657357271245,43.32752525252526,30.39780028518484,761,16,11,1.6108295682814135,1.0504257045927574,9.711946045978637,8.847371872979277,28,27.1614555648564,5.0,1.7731841656585712,1.586728552997889,ZINCk50000040F7m_m01_t04,SER17;ASP15;SER14;GLU21;SER18,0.0,26.467852493656874
439,native_first,ZINCi5000000Xmd3,O=C(NCCNC1CC(C(=O)O)C1)c1cc[nH]n1,4834,2899,1869,1,0,1,14.285714285714286,16.628609428741346,0.7847603200514861,13.049472857310217,4,252.274,-0.40769999999999923,4,4,6,1,,,,35.53084632385342,12,7,5,7,4,1,,,,,20.16164686082547,13.566617579695448,39.23429511664806,26.309326646036645,13174,16,3,1.4602253718285358,0.8782713573782831,9.711946045978637,9.99754764491731,28,27.1614555648564,5.0,1.7741412182855527,1.7605275639288558,ZINCi5000000Xmd3_m02_t05,SER17;ASP15;SER14;GLU21;SER18,3.0,-69.65466659623453
440,native_first,ZINCk50000045hRQ,Cc1onc(CC(=O)NCCc2nc(O)n[nH]2)c1C#N,6667,234,196,1,1,1,14.285714285714286,16.628609428741346,0.770946372232295,12.819766114355875,4,276.25600000000003,-0.4202000000000003,3,7,5,1,,,,40.91933989473438,13,8,5,8,4,1,,,,,26.137598102567633,18.14266942289514,46.73018496260684,32.050294819434335,162,16,0,1.1283902306743239,1.2134562408130667,9.711946045978637,9.809555247817588,28,27.1614555648564,5.0,1.7743240565437641,1.7580990257131976,ZINCk50000045hRQ_m01_t02,SER17;ASP15;SER14;GLU21;SER18,1.0,-72.9356523047521
441,native_first,ZINCj800000JUoZ3,O=C(N=c1[nH]onc1I)NC1CCN(CCO)CC1,6921,4944,3030,1,0,1,14.285714285714286,16.628609428741346,0.7691477644030987,12.789857767248694,4,381.17400000000026,-0.3257000000000001,3,5,3,1,,,,34.351665344695306,12,7,5,7,4,1,,,,,17.204286243914463,11.255587989610111,36.48923706263158,24.063237884226798,43258,16,4,1.2562503567796603,1.0915030457180401,9.711946045978637,9.014972260608412,28,27.1614555648564,5.0,1.7754287487709477,1.5846525592399678,ZINCj800000JUoZ3_m02_t05,SER17;ASP15;SER14;GLU21;SER18,1.0,-49.97837991243195
442,native_first,ZINCk700000PvV3L,CC(=CC(=O)NCC[C@@H](C)O)CNC(=O)c1csnn1,9802,3824,2361,1,0,1,14.285714285714286,16.628609428741346,0.7521413800025363,12.507065243256703,4,298.368,0.10129999999999961,3,6,7,1,,,,34.351665344695306,12,7,5,7,4,1,,,,,20.489086220527142,13.366060217907682,43.86622766904458,26.034117870194407,15374,16,2,1.3029185652317052,1.1962624189705242,9.711946045978637,10.081003047565831,28,27.1614555648564,5.0,1.7800569511884212,1.2554745104746188,ZINCk700000PvV3L_m01_t01,SER17;ASP15;SER14;GLU21;SER18,1.0,-32.17432472699598
443,native_first,ZINCk7000018TuMg,NC(=O)c1cc(C(=O)NCc2ncc(C(=O)O)s2)c[nH]1,2242,54,54,1,1,1,17.857142857142858,19.267729830797304,0.7052106459068335,13.58780819913493,5,294.292,0.19829999999999925,4,5,5,1,,,,44.05904280583246,14,9,5,9,4,1,,,,,25.230785591097813,18.555668542595942,39.40676446968394,32.76208847699167,85,16,14,1.9043341698933118,1.055682644320775,11.611623357653302,11.652422128295477,28,27.1614555648564,5.0,1.7807872048957578,1.7186207048209319,ZINCk7000018TuMg_m01_t04,SER17;ASP15;SER14;GLU21;SER18,2.0,-22.618108327929782
444,native_first,ZINCj600000Enckj,NC(=O)c1ccc(CCC(=O)NCc2cc[nH]n2)[nH]1,7477,385,343,1,1,1,17.857142857142858,19.267729830797304,0.6609076740143964,12.734190506010046,5,261.28499999999997,0.08569999999999933,4,3,6,1,,,,40.0679487016612,13,8,5,8,4,1,,,,,24.160361378210375,16.91654287648467,42.25384424603176,30.5233963075907,674,16,15,1.590960556394843,1.450088642204097,11.611623357653302,10.368118541707279,28,27.1614555648564,5.0,1.781575313261734,1.7062430523367034,ZINCj600000Enckj_m01_t04,SER17;ASP15;SER14;GLU21;SER18,0.0,-13.99212957861972
445,native_first,ZINCk700000Pu8Xa,C[C@]1(O)CCN(C(=O)CCNC(=O)c2c[nH]nc2Cl)C1,11226,6037,3550,1,0,1,14.285714285714286,16.628609428741346,0.7454194419933489,12.395288761497714,4,300.7460000000001,0.1663,3,4,4,1,,,,32.391143412755326,11,6,5,6,4,1,,,,,18.688857291044354,11.792030529654939,45.01948972360027,24.169771739728745,41020,16,12,1.473678443793651,1.1265441969450631,9.711946045978637,9.798167246141851,28,27.1614555648564,5.0,1.7824628002645138,1.4882100293265415,ZINCk700000Pu8Xa_m01_t06,SER17;ASP15;SER14;GLU21;SER18,3.0,-4.894854991725426
446,native_first,ZINCj500000d6E1m,COC[C@@H](O)CN1CCC(NCc2cnc[nH]2)CC1,9409,3652,2266,1,0,1,14.285714285714286,14.477064275896673,0.8662353941405432,12.540545479029332,4,268.36100000000005,-0.02899999999999925,3,5,7,1,,,,34.351665344695306,12,7,5,7,4,1,,,,,21.277809810986582,14.485038477599405,40.06749740394601,26.507352024470066,11785,16,5,0.9170232838079827,0.7331998080886414,8.080270416267007,7.4343886558048435,28,27.1614555648564,5.0,1.7836054579248544,1.293081479302871,ZINCj500000d6E1m_m01_t02,SER17;ASP15;SER14;GLU21;SER18,3.0,34.605169788398484
447,native_first,ZINCk600000Gfw9Z,C[C@@H](CNC(=O)[C@H]1C[C@H](O)C1)NC(=O)Cc1cscn1,2258,6171,3627,1,0,1,14.285714285714286,16.024722079133863,0.8474974063986564,13.580910400325234,4,297.38,0.07739999999999997,3,5,6,1,,,,32.391143412755326,11,6,5,6,4,1,,,,,18.37411139675407,11.554645290830903,44.835967432950206,23.980924203154576,44996,16,8,0.8257895485100616,0.8517671528744776,9.413178262414874,8.422757114074177,28,27.1614555648564,5.0,1.7853725884362455,1.7432458269465283,ZINCk600000Gfw9Z_m01_t08,SER17;ASP15;SER14;GLU21;SER18,2.0,-17.53118384516833
448,native_first,ZINCk5000009EcBS,C[C@@H](CN=c1[nH]ncs1)NC(=O)[C@]1(C)C[C@@H](O)CN1C,5216,2440,1688,1,0,1,14.285714285714286,16.628609428741346,0.7816069866550619,12.997037307862474,4,299.40000000000003,-0.668299999999999,3,6,4,1,,,,36.38223751692659,12,7,5,7,4,1,,,,,20.379248456039008,13.549063877833037,41.096100525042786,26.78044408039404,10018,16,15,0.9800100685784382,1.1992842092843188,9.711946045978637,9.016464050208592,28,27.1614555648564,5.0,1.7858836418077277,1.64473709230978,ZINCk5000009EcBS_m02_t04,SER17;ASP15;SER14;GLU21;SER18,2.0,61.659348679876395
449,native_first,ZINCk7000009Klm8,CC[C@@H](CNC(=O)C1=NOCC1)N=c1[nH]nc(CO)s1,16039,1447,1028,0,1,1,14.285714285714286,15.583483114146915,0.7744569297155209,12.068736486855885,4,299.35599999999994,-0.4647,3,7,6,1,,,,38.34275944886656,13,8,5,8,4,1,,,,,22.92912004380754,15.597175800026958,43.26914664513091,29.09457580583115,2204,16,4,1.1305082279442846,1.0312344398952844,13.92267653865448,12.608797186246605,28,27.1614555648564,5.0,1.7862708303523827,1.5491563133720292,ZINCk7000009Klm8_m01_t04,SER17;ASP15;SER14;GLU21;SER18,0.0,35.22143213020135
450,native_first,ZINCk800000GeWqf,Cc1ccc(O)nc1NC(=O)NC[C@@H]1C[C@H](CO)CO1,9013,5974,3518,1,0,1,14.285714285714286,16.628609428741346,0.7563922999817764,12.577752131304319,4,281.31200000000007,0.6145199999999995,4,5,4,1,,,,32.391143412755326,11,6,5,6,4,1,,,,,18.908977214456936,11.865697902715928,46.52607546262917,24.301843693776295,38539,16,11,1.0900435015561978,1.2234385209037135,9.711946045978637,8.654755375324488,28,27.1614555648564,5.0,1.7882186658353405,1.9849792770673855,ZINCk800000GeWqf_m01_t06,SER17;ASP15;SER14;GLU21;SER18,0.0,-69.31591672454876
451,native_first,ZINCj8000002rF1b,O=C(CCc1nc[nH]n1)NCc1ncc(C(=O)O)s1,5429,6972,4059,1,0,1,17.857142857142858,19.267729830797304,0.6731566219131061,12.970199924833896,5,281.29699999999997,0.2083999999999997,3,6,6,1,,,,38.92405593253,12,7,5,7,3,1,,,,,22.541640912612813,15.170380269449197,43.846649484536094,29.09460692057969,2203,16,4,1.64149843949164,1.3882842385633083,11.611623357653302,10.673057296007935,28,27.1614555648564,5.0,1.789814367883842,1.5574631703431439,ZINCj8000002rF1b_m02_t04,SER17;ASP15;SER14;GLU21;SER18,0.0,-14.111327206799322
452,native_first,ZINCk50000042fAp,COc1cnc(NC(=O)C(=O)N[C@@H](C)C[C@@H](C)O)nc1,10371,2489,1711,1,0,1,14.285714285714286,16.628609428741346,0.7494653658515987,12.462566849114976,4,282.3,-0.3006999999999997,3,6,5,1,,,,36.38223751692659,12,7,5,7,4,1,,,,,19.802026031005386,12.900671649926185,42.58141791497362,26.43411062537386,12244,16,5,1.468720900477692,1.0838485493088712,9.711946045978637,10.183045116330474,28,27.1614555648564,5.0,1.790329551989234,1.4850056662278965,ZINCk50000042fAp_m01_t01,SER17;ASP15;SER14;GLU21;SER18,2.0,13.723633834722444
453,native_first,ZINCk50000047aXM,O=C(CNC(=O)N1CCOc2ccncc21)NCCO,4337,2588,1755,1,0,1,14.285714285714286,16.628609428741346,0.7889526865683776,13.11918608270174,4,280.28400000000005,-0.9014999999999995,3,5,4,1,,,,36.38223751692659,12,7,5,7,4,1,,,,,18.800246695183766,12.619071969594339,36.85080036242826,25.833043023880897,17251,16,15,0.9718843583554583,1.1519730438296023,9.711946045978637,8.951033719698486,28,27.1614555648564,5.0,1.7904749411833474,1.5542312939185325,ZINCk50000047aXM_m01_t02,SER17;ASP15;SER14;GLU21;SER18,2.0,4.034771872898014
454,native_first,ZINCk5000009E6gy,C[C@@H](CCN=c1[nH]nc(O)s1)NC(=O)Cn1nccn1,2967,6939,4026,1,0,1,14.285714285714286,16.024722079133863,0.8356217614437496,13.390606490412383,4,297.344,-0.7359999999999995,3,8,6,1,,,,38.92405593253,12,7,5,7,3,1,,,,,23.826289224410253,15.950966479499082,47.0615536346232,29.865395907658154,1173,16,13,1.0474405077741915,0.8133230710098447,9.413178262414874,8.619471955851898,28,27.1614555648564,5.0,1.792223174333418,1.5059315489244096,ZINCk5000009E6gy_m01_t06,SER17;ASP15;SER14;GLU21;SER18,0.0,-65.8232236036446
455,native_first,ZINCk6000004dv2s,Cn1cc(-c2nc(C(=O)NCC[C@@H](O)CO)cs2)cn1,9936,1942,1316,1,0,1,14.285714285714286,16.628609428741346,0.751579427963323,12.49772076227894,4,296.352,0.016700000000000048,3,7,6,1,,,,36.92824579056311,12,7,5,7,4,1,,,,,22.053739915682264,14.403654504660611,47.035048561259586,28.003542265634607,4573,16,15,1.473446357450302,1.084231420993093,9.711946045978637,9.499104037361649,28,27.1614555648564,5.0,1.7941368497883816,1.8794190558224995,ZINCk6000004dv2s_m01_t02,SER17;ASP15;SER14;GLU21;SER18,1.0,46.49072850259353
456,native_first,ZINCj500000fjCUw,Cn1cnc(N)c1C(=O)NCCN1CC[C@H](CO)C1,5606,4562,2797,1,0,1,14.285714285714286,16.628609428741346,0.7785688437130466,12.946517215491014,4,267.33299999999997,-0.9536999999999989,3,6,5,1,,,,34.351665344695306,12,7,5,7,4,1,,,,,18.30433047373104,11.76772084540364,41.176767676767675,24.723264422116745,31338,16,14,1.1385435925088392,1.0335323134314465,9.711946045978637,8.544907170919961,28,27.1614555648564,5.0,1.7944552721339273,1.943879901248168,ZINCj500000fjCUw_m01_t04,SER17;ASP15;SER14;GLU21;SER18,3.0,-57.78034882062235
457,native_first,ZINCk7000004eTo8,CCn1cc(NC(=O)NCc2ncc(C(N)=O)s2)nn1,3194,7464,4450,1,0,1,14.285714285714286,16.628609428741346,0.8024633264425663,13.343849236302002,4,295.328,0.17509999999999992,3,7,5,1,,,,36.74488997860436,12,7,5,7,3,1,,,,,21.111447550556132,13.902864801804181,43.84482140723928,27.36482452177542,6964,16,10,1.0648898190935923,1.0384109893440003,9.711946045978637,9.156662869670562,28,27.1614555648564,5.0,1.795124708574787,2.1691129721070754,ZINCk7000004eTo8_m01_t03,SER17;ASP15;SER14;GLU21;SER18,3.0,-126.76662060638878
458,native_first,ZINCk700000JU77d,Nc1sc(CNC(=O)[C@@H]2C[C@H](O)[C@@H](F)C2)nc1C(=O)O,1123,2954,1896,1,0,1,17.857142857142858,19.267729830797304,0.7289167466142807,14.044570942907697,5,303.31500000000005,0.1487,4,6,4,1,,,,35.53084632385342,12,7,5,7,4,1,,,,,18.976683024308493,12.498322496835835,39.39837254206565,25.598348344126464,19768,16,6,1.3925578883929495,1.2722283249156117,11.611623357653302,11.18424980891147,28,27.1614555648564,5.0,1.796790616315974,1.5758795986754788,ZINCk700000JU77d_m01_t05,SER17;ASP15;SER14;GLU21;SER18,3.0,20.278965705476544
459,native_first,ZINCj700000xcEMt,C[C@@H](NC(=O)CSc1nncs1)c1n[nH]c(CO)n1,2640,2132,1505,1,0,1,14.285714285714286,16.628609428741346,0.8101978900995664,13.472464274455994,4,300.3690000000001,0.11800000000000005,3,8,6,1,,,,36.92824579056311,12,7,5,7,4,1,,,,,17.573778897305193,11.513680398783654,37.10201429499676,25.315565654608363,23015,16,11,1.1910419414100182,0.934139076167916,9.711946045978637,9.662982774414198,28,27.1614555648564,5.0,1.7968953902125713,1.6405538320253874,ZINCj700000xcEMt_m01_t06,SER17;ASP15;SER14;GLU21;SER18,1.0,-26.561377959005295
460,native_first,ZINCk600000y8g4L,C[C@H](NC(=O)C1CC2(CC[C@H]2O)C1)c1n[nH]c(CO)n1,5425,3258,2038,1,0,1,14.285714285714286,15.18474175275134,0.8541666085097668,12.970299364044264,4,280.328,0.025299999999999823,4,5,4,1,,,,34.94415916385699,12,8,4,8,4,1,,,,,17.495145796143856,11.3397276841354,38.26742719785633,24.474751143229106,35444,16,13,1.1729127296850008,0.6605719817836357,11.611623357653302,11.63457295405806,28,27.1614555648564,5.0,1.797368400149241,1.6929737056337302,ZINCk600000y8g4L_m01_t04,SER17;ASP15;SER14;GLU21;SER18,0.0,27.712566668076107
461,native_first,ZINCk700000Gfsxj,C[C@H]1CN(CCn2ncc(C(=O)O)c2N)CC[C@H]1CO,818,4434,2713,1,0,1,17.857142857142858,19.267729830797304,0.7382981258075921,14.225328822644684,5,282.344,0.11380000000000046,3,6,5,1,,,,34.351665344695306,12,7,5,7,4,1,,,,,18.636331372553418,11.994558066035939,41.760423560555914,24.922464961410174,28357,16,15,1.355554911003944,1.2544140758094853,11.611623357653302,11.434487548261101,28,27.1614555648564,5.0,1.7978641874695966,1.8237018710527848,ZINCk700000Gfsxj_m01_t04,SER17;ASP15;SER14;GLU21;SER18,0.0,29.774539481480353
462,native_first,ZINCk7000009KKP4,C[C@@H](CCNC(=O)C[C@@H](O)CN(C)C)N=c1nc[nH]s1,6031,3479,2171,1,0,1,14.285714285714286,16.628609428741346,0.7755024104245193,12.895526693996802,4,301.41599999999994,-0.4206999999999987,3,6,8,1,,,,34.351665344695306,12,7,5,7,4,1,,,,,22.7526572222987,15.38087670143228,43.69479495268139,27.39226047125734,6846,16,1,1.3600970329301467,0.9849055595616777,9.711946045978637,10.337266922969953,28,27.1614555648564,5.0,1.7981631961140805,1.7582481052927186,ZINCk7000009KKP4_m01_t06,SER17;ASP15;SER14;GLU21;SER18,3.0,-16.88423464121138
463,native_first,ZINCk500000gc3nF,CN(CCO)CC(=O)N[C@@H]1C[C@H]1NC(=O)c1ccsn1,8607,935,707,1,1,1,14.285714285714286,16.628609428741346,0.7587961785670033,12.617725289412173,4,298.368,-0.9458999999999986,3,6,7,1,,,,38.34275944886656,13,8,5,8,4,1,,,,,20.106146590189912,13.716808560858269,37.63811297330852,27.40079173366057,6812,16,14,1.395619607633111,1.0459212002643898,9.711946045978637,10.468233506236421,28,27.1614555648564,5.0,1.7983026214896716,1.7263880032063184,ZINCk500000gc3nF_m02_t03,SER17;ASP15;SER14;GLU21;SER18,2.0,64.45745009967516
464,native_first,ZINCk700000JUc2S,N[C@@H](CCCNCc1ccc2c(n1)OCCO2)C(=O)O,10727,5562,3304,1,0,1,10.714285714285714,13.397478468997424,0.9282312896430133,12.43595871724198,3,281.31199999999995,0.13449999999999956,3,6,7,1,,,,32.391143412755326,11,6,5,6,4,1,,,,,20.90240558392075,13.297901349169633,48.821138211382106,25.49790071545458,20841,16,9,0.5365793075115024,0.6094902713578998,5.9718816967518835,5.838696712309389,28,27.1614555648564,5.0,1.7992252969315972,1.5121939181302835,ZINCk700000JUc2S_m01_t04,SER17;ASP15;SER14;GLU21;SER18,0.0,81.02388217094716
465,native_first,ZINCj5000009hTEK,NC(=O)c1ccc(C(=O)N[C@H]2CCN(CCO)C2)o1,9485,871,669,1,1,1,17.857142857142858,19.267729830797304,0.650542276000382,12.534472817487332,5,267.2849999999999,-0.8251000000000002,3,5,5,1,,,,38.34275944886656,13,8,5,8,4,1,,,,,21.10161800306256,14.454755222482182,39.06543607026145,27.99807458138416,4592,16,3,1.8407213093788137,1.2478696148794672,11.611623357653302,10.000794562099202,28,27.1614555648564,5.0,1.799717643626855,1.4506268324130331,ZINCj5000009hTEK_m01_t03,SER17;ASP15;SER14;GLU21;SER18,2.0,23.32474024849057
466,native_first,ZINCk800000BlU3o,C#C[C@]1(O)CCN(C(=O)CCc2c[nH]c(C(=O)O)c2)C1,4807,6416,3746,1,0,1,17.857142857142858,19.267729830797304,0.6773926653107063,13.05181886457039,5,276.29200000000003,0.2421000000000002,3,3,4,1,,,,31.8044562527589,11,7,4,7,4,1,,,,,19.44233715791355,12.191018737295582,47.983051884483615,24.387184795851688,37051,16,2,1.5025910628532102,1.5386115434884742,11.611623357653302,11.428400516526521,28,27.1614555648564,5.0,1.8011712461338207,1.6233609533704823,ZINCk800000BlU3o_m01_t01,SER17;ASP15;SER14;GLU21;SER18,2.0,18.532555888104337
467,native_first,ZINCk5000009Fi4Z,C[C@H](O)CCC(=O)NC[C@@H](C)NC(=O)c1nonc1N,4382,2907,1874,1,0,1,14.285714285714286,16.628609428741346,0.7885763483094005,13.112928100780117,4,285.30400000000003,-0.9526999999999992,4,7,7,1,,,,35.53084632385342,12,7,5,7,4,1,,,,,19.913613941712462,13.071297654298409,41.788016350273146,26.16050689456884,14344,16,4,1.1825592081116436,1.0384612185962665,9.711946045978637,9.126446282674756,28,27.1614555648564,5.0,1.8013462986904278,1.2745310408770343,ZINCk5000009Fi4Z_m01_t03,SER17;ASP15;SER14;GLU21;SER18,3.0,-4.350937409889889
468,native_first,ZINCk700000JUpu1,O=C(NCc1cc(CO)no1)c1ccc(C(=O)O)nc1,16380,1271,916,0,1,1,14.285714285714286,18.454764793800397,0.6528700650061938,12.048563490602483,4,277.236,0.19009999999999994,3,6,5,1,,,,40.91933989473438,13,8,5,8,4,1,,,,,24.357774065674363,16.740896325508483,44.69203635870304,30.98240039729837,444,16,1,1.2080413093254088,1.6304059018821222,15.443445405737666,13.623694418461652,28,27.1614555648564,5.0,1.8017187000515327,1.5781138896791516,ZINCk700000JUpu1_m01_t01,SER17;ASP15;SER14;GLU21;SER18,2.0,43.55730143598934
469,native_first,ZINCk5000009FONY,Cc1noc(C)c1C(=O)NC[C@H](C)CNC(=O)C(N)=O,11795,728,589,1,1,1,14.285714285714286,16.628609428741346,0.7427767245182311,12.35134404477347,4,282.3,-0.7411599999999994,3,5,5,1,,,,38.34275944886656,13,8,5,8,4,1,,,,,22.90777672775734,15.768333823112012,41.86140188834153,29.08176981620103,2220,16,5,1.287056478507507,1.2755936309693012,9.711946045978637,9.861585744269009,28,27.1614555648564,5.0,1.8030113079389212,1.7466904894865014,ZINCk5000009FONY_m01_t02,SER17;ASP15;SER14;GLU21;SER18,1.0,0.29432376786121495
470,native_first,ZINCk500000dpADD,Cc1nc(C(=O)N[C@H](C)C(=O)N[C@@H](C)C(=O)O)c(C)o1,11480,948,714,1,1,1,14.285714285714286,16.628609428741346,0.7441407595500694,12.37402605056503,4,283.284,-0.0009599999999999054,3,5,5,1,,,,38.34275944886656,13,8,5,8,4,1,,,,,20.008283482772914,13.61364844017355,37.731712385702416,27.34207386921037,7046,16,13,1.262303400469407,1.2863609706209755,9.711946045978637,9.692577609138697,28,27.1614555648564,5.0,1.803326656058102,2.0692716309278594,ZINCk500000dpADD_m01_t01,SER17;ASP15;SER14;GLU21;SER18,0.0,-14.711783873445292
471,native_first,ZINCk500000dot2h,CCOc1cc(NC(=O)NCCN2CC[C@H](O)C2)[nH]n1,3952,4106,2523,1,0,1,14.285714285714286,15.172864960831822,0.8688920767527712,13.183582146106517,4,283.33199999999994,-0.0034999999999997256,4,5,6,1,,,,34.351665344695306,12,7,5,7,4,1,,,,,19.52899477535856,12.58271793684888,43.59627441523995,25.458063003093258,21299,16,3,0.894493887780263,0.7375906624100743,14.297608960941682,13.691453913078464,28,27.1614555648564,5.0,1.8036934414121288,1.2946893373268296,ZINCk500000dot2h_m01_t07,SER17;ASP15;SER14;GLU21;SER18,0.0,-14.555106589018465
472,native_first,ZINCi700000EnR0X,O=C(CO)Nc1nc(C(=O)Nc2cnns2)cs1,1400,7723,4705,1,0,1,14.285714285714286,16.024722079133863,0.8669024331220585,13.891870560505918,4,285.31,0.1776999999999998,3,8,4,1,,,,36.06504208130489,11,6,5,6,3,1,,,,,18.247949180418605,11.791127749565728,40.33587257617729,25.37478634077312,22299,16,5,0.9534723515034821,0.7463552238828811,9.413178262414874,9.6127338968455,28,27.1614555648564,5.0,1.8046626665895495,1.6769634521556671,ZINCi700000EnR0X_m01_t05,SER17;ASP15;SER14;GLU21;SER18,0.0,21.188576600949787
473,native_first,ZINCk600000PC989,O=C(CNC(=O)Cc1cscn1)NCC[C@H]1C[C@H](O)C1,7167,3635,2258,1,0,1,14.285714285714286,16.628609428741346,0.7676630338351504,12.765168762527368,4,297.38,0.07899999999999935,3,5,7,1,,,,34.351665344695306,12,7,5,7,4,1,,,,,21.41916187875313,13.924768479267941,46.38249969575271,26.592163265129997,11214,16,8,1.428524230869356,0.9135311270465198,9.711946045978637,10.752812570543805,28,27.1614555648564,5.0,1.8054163999134132,1.2959479254566504,ZINCk600000PC989_m01_t07,SER17;ASP15;SER14;GLU21;SER18,2.0,-43.23410716446914
474,native_first,ZINCk500000gbpEK,CCc1nc(CNC(=O)N2CC(OC[C@@H](C)O)C2)n[nH]1,11712,4047,2482,1,0,1,14.285714285714286,16.628609428741346,0.7431314500875243,12.357242637719636,4,283.33199999999994,-0.34169999999999917,3,5,6,1,,,,34.351665344695306,12,7,5,7,4,1,,,,,19.757309806179414,12.82770766211048,42.96989831873553,25.59505202158577,19803,16,13,1.1837678845931014,1.3416664926116353,9.711946045978637,9.511948880914366,28,27.1614555648564,5.0,1.8063125486228775,2.046409372632721,ZINCk500000gbpEK_m01_t08,SER17;ASP15;SER14;GLU21;SER18,2.0,-6.699666878894632
475,native_first,ZINCk8000004jwqh,Cc1nc(CNC(=O)[C@H]2C[C@@](F)(CN)C2)sc1C(N)=O,11724,4584,2814,1,0,1,17.857142857142858,19.267729830797304,0.6413053389438634,12.356498009818253,5,300.35900000000004,0.24362000000000056,3,5,5,1,,,,34.351665344695306,12,7,5,7,4,1,,,,,18.225087970145015,11.885579070228477,39.05751594896332,24.675718919965128,32117,16,14,1.67494791036642,1.2897335550534943,11.611623357653302,9.49028586671183,28,27.1614555648564,5.0,1.8086040093267326,1.9712262913613838,ZINCk8000004jwqh_m02_t06,SER17;ASP15;SER14;GLU21;SER18,2.0,-38.98149433854551
476,native_first,ZINCj500000fhJ5S,COCn1cc(NC(=O)COc2cnn(C)c2)nn1,9736,7644,4627,1,0,1,14.285714285714286,14.477064275896673,0.8642633452627826,12.511996000670782,4,266.26099999999997,-0.367,1,8,6,1,,,,36.549924511392476,12,7,5,7,3,1,,,,,20.07348801820544,12.899433532066219,45.22611033618372,26.664062615480255,10751,16,8,0.9364812770689519,0.7626325300318695,8.080270416267007,8.470724157633656,28,27.1614555648564,5.0,1.8087678638911557,1.8155310423259414,ZINCj500000fhJ5S_m01_t02,SER17;ASP15;SER14;GLU21;SER18,2.0,26.317073981997666
477,native_first,ZINCk600000gpFCy,COCC(=O)NCC[C@H]1C[C@H](NC(=O)c2cc[nH]n2)C1,10586,606,520,1,1,1,14.285714285714286,16.628609428741346,0.7485236261249245,12.446907027016582,4,280.3280000000001,0.07080000000000114,3,4,7,1,,,,38.34275944886656,13,8,5,8,4,1,,,,,25.817617517307106,18.844937129405096,40.98053045330983,30.827674289930883,509,16,3,1.371078526272507,1.1795431935553757,9.711946045978637,9.519879619182461,28,27.1614555648564,5.0,1.8089632121588783,1.4863637400697176,ZINCk600000gpFCy_m01_t06,SER17;ASP15;SER14;GLU21;SER18,3.0,-46.34600855417641
478,native_first,ZINCk500000dqg8q,O=C(O)CCC(=O)Nc1cnn(CC(=O)NC2CC2)c1,82,2283,1613,1,0,1,17.857142857142858,19.267729830797304,0.7882103319651016,15.187023726146634,5,280.28400000000005,-0.035000000000000364,3,5,7,1,,,,36.38223751692659,12,7,5,7,4,1,,,,,22.702461134495806,15.057202967147736,46.11955085865257,28.17437168746812,4095,16,7,1.4551084385820952,0.8672204432048648,11.611623357653302,11.722319430676603,28,27.1614555648564,5.0,1.8091463158851278,1.9933600824193967,ZINCk500000dqg8q_m02_t07,SER17;ASP15;SER14;GLU21;SER18,1.0,-22.596209177153554
479,native_first,ZINCk800000PyxmD,C[C@@H](O)CC(=O)NC1(CNC(=O)c2cc(Cl)n[nH]2)CC1,2907,2934,1886,1,0,1,14.285714285714286,16.628609428741346,0.8062157212931376,13.406246344694573,4,300.74600000000004,0.21259999999999996,4,4,6,1,,,,35.53084632385342,12,7,5,7,4,1,,,,,19.261506067897216,12.838776027490507,38.5430782222746,25.769242170279693,17928,16,5,1.1402396123595422,0.9746665497195611,9.711946045978637,9.262267801736312,28,27.1614555648564,5.0,1.8105984412085754,1.8604191900424438,ZINCk800000PyxmD_m01_t06,SER17;ASP15;SER14;GLU21;SER18,1.0,-79.34569777340333
480,native_first,ZINCk600000gqqwA,NC(=O)C(=O)NC[C@H]1CC[C@H](NC(=O)CCCF)CC1,6885,6593,3818,1,0,1,14.285714285714286,15.583483114146915,0.8210086241272554,12.794174030656077,4,287.33500000000004,0.012600000000000167,3,3,6,1,,,,29.821298404476316,11,6,5,6,4,1,,,,,20.815945353628553,13.190572450954473,49.33771609447285,24.418086573967656,36454,16,15,1.1894303100273238,0.8673900771849655,13.92267653865448,13.846418352390076,28,27.1614555648564,5.0,1.8106225221029206,1.7533443082707756,ZINCk600000gqqwA_m01_t08,SER17;ASP15;SER14;GLU21;SER18,1.0,-0.7389168423103474
481,native_first,ZINCj800000JUvfW,O=C(O)c1n[nH]c(CNC(=O)c2snc(O)c2Cl)n1,1819,137,123,1,1,1,17.857142857142858,19.267729830797304,0.7126778101638434,13.731683502641182,5,303.687,0.2483999999999998,4,7,4,1,,,,42.06375884362809,13,8,5,8,4,1,,,,,23.240802840791886,16.5709221412802,38.89707326654882,30.769985241926367,543,16,14,1.5007059678549428,1.3093146445339474,11.611623357653302,11.386903038150622,28,27.1614555648564,5.0,1.8113088430933855,1.6613091462726914,ZINCj800000JUvfW_m01_t08,SER17;ASP15;SER14;GLU21;SER18,2.0,19.575032768534932
482,native_first,ZINCk600000JUuJK,O=C(O)c1cc(CNC[C@@H]2CCCN2CCCO)[nH]n1,8575,1731,1202,1,0,1,17.857142857142858,19.267729830797304,0.6550389108077536,12.621112762103527,5,282.34399999999994,0.04430000000000034,4,5,8,1,,,,37.49136825579339,13,8,5,8,4,1,,,,,22.680756594292944,15.581473454067238,41.66372053872055,28.605001258893125,3060,16,8,1.591425337813785,1.4135099613714588,11.611623357653302,10.042431929755491,28,27.1614555648564,5.0,1.8113518628724494,1.1301698287905022,ZINCk600000JUuJK_m01_t03,SER17;ASP15;SER14;GLU21;SER18,2.0,7.951050522002346
483,native_first,ZINCk5000009APuT,CC(C)(CNC(=O)c1ccc(O)nn1)N=c1[nH]nco1,1328,7660,4643,1,0,1,14.285714285714286,16.628609428741346,0.837492660842012,13.926338356579159,4,278.27200000000005,-0.39239999999999986,3,7,4,1,,,,36.06504208130489,11,6,5,6,3,1,,,,,22.142126363122248,14.482150984740331,47.00342465753426,27.711292650395304,5571,16,15,0.9855836970121064,0.9115740440751549,9.711946045978637,9.782698457768504,28,27.1614555648564,5.0,1.8121676465072454,1.3221098317594935,ZINCk5000009APuT_m01_t08,SER17;ASP15;SER14;GLU21;SER18,2.0,31.671151598506295
484,native_first,ZINCj800000PCtN9,O=C(O)c1ccc(CNC[C@@H](O)[C@H]2CCOC2)nc1,6192,3836,2366,1,0,1,17.857142857142858,19.267729830797304,0.6680741154123767,12.872271562714571,5,266.29699999999997,0.2667999999999995,3,5,6,1,,,,34.351665344695306,12,7,5,7,4,1,,,,,20.43735667550904,13.271936352276152,44.41866617823636,26.003080143183542,15665,16,6,1.8029233103984121,1.3019464448117883,11.611623357653302,10.671633960524046,28,27.1614555648564,5.0,1.8139631790030504,1.9034436843737943,ZINCj800000PCtN9_m01_t01,SER17;ASP15;SER14;GLU21;SER18,0.0,62.70841697646134
485,native_first,ZINCk6000004cNA1,CON(C)C[C@H](O)Cn1cc(NCc2cn[nH]c2)cn1,1054,1910,1284,1,0,1,17.857142857142858,19.267729830797304,0.7309942337573232,14.084599403906793,5,280.332,0.07239999999999963,3,7,8,1,,,,36.92824579056311,12,7,5,7,4,1,,,,,26.138771302289925,17.11897978141334,55.2486351768336,30.454561097599196,721,16,9,1.5406388361090992,1.046233147934611,11.611623357653302,10.474119259023807,28,27.1614555648564,5.0,1.8144808103950805,1.669300663963344,ZINCk6000004cNA1_m01_t01,SER17;ASP15;SER14;GLU21;SER18,0.0,59.06997102930218
486,native_first,ZINCj700000d8rtb,Cc1cc(=NC(=O)CCN[C@H]2CCNC(=O)C2)[nH]o1,7065,3548,2206,1,0,1,14.285714285714286,16.628609428741346,0.768284894074039,12.77550943355911,4,266.301,-0.3982799999999988,3,4,4,1,,,,34.351665344695306,12,7,5,7,4,1,,,,,22.012023335771914,14.323545396858695,47.5187656380317,26.94788013934127,9034,16,9,1.3696809662556966,1.0597805783493905,9.711946045978637,9.568493533818334,28,27.1614555648564,5.0,1.8176376160824854,1.754251672773205,ZINCj700000d8rtb_m02_t06,SER17;ASP15;SER14;GLU21;SER18,1.0,-60.10448554120712
487,native_first,ZINCk5000009AqW4,CC(=O)C(=O)N[C@@H](C)CCNC(=O)[C@H]1NC(=O)C[C@H]1C,3970,5175,3158,1,0,1,14.285714285714286,13.94583583618139,0.9450255879167464,13.179171710077748,4,283.328,-0.8889999999999982,3,4,6,1,,,,33.81239250864757,12,7,5,7,4,1,,,,,17.91509188558767,12.369761950012578,32.4723612849395,24.274012134811628,39016,16,3,0.582693190346546,0.45191271801716665,9.078045219098652,8.935060691129909,28,27.1614555648564,5.0,1.8190140235561838,1.1691610431945585,ZINCk5000009AqW4_m01_t07,SER17;ASP15;SER14;GLU21;SER18,0.0,-57.85998751200181
488,native_first,ZINCk700001bOUFX,C[C@H](CN=c1[nH]nc(CO)s1)NC(=O)[C@H]1CC(=O)[C@@H]1C,13679,1452,1031,0,1,1,14.285714285714286,16.024722079133863,0.7627872609502219,12.223453862231064,4,298.36800000000005,-0.406000000000001,3,6,5,1,,,,38.34275944886656,13,8,5,8,4,1,,,,,22.86786528003524,15.646580793390246,42.46781224655314,29.057822947567768,2259,16,3,1.254270684937631,1.0850633783445789,9.413178262414874,8.420265998674703,28,27.1614555648564,5.0,1.8202053541371441,1.5976007859405486,ZINCk700001bOUFX_m01_t03,SER17;ASP15;SER14;GLU21;SER18,0.0,28.98393353847942
489,native_first,ZINCk500000gegkW,COCc1ccc(C(=O)NC[C@H]2C[C@H]2NC(=O)CO)o1,10572,683,563,1,1,1,14.285714285714286,17.03922758205644,0.7305574397837309,12.448134478239485,4,282.296,-0.3471999999999996,3,5,7,1,,,,38.34275944886656,13,8,5,8,4,1,,,,,23.643985521857992,16.355475194369575,42.650283129618124,29.523495092661417,1541,16,3,1.4950223990227751,1.1803105148378483,13.92267653865448,13.41420954434498,28,27.1614555648564,5.0,1.8216289973951327,1.224246766922285,ZINCk500000gegkW_m01_t03,SER17;ASP15;SER14;GLU21;SER18,2.0,-30.84762549026425
490,native_first,ZINCj5000009hoJW,C[C@H](CN=c1[nH]nc(O)s1)NC(=O)c1cnnn1C,4917,7044,4130,1,0,1,14.285714285714286,16.024722079133863,0.8137087241575237,13.039456157990916,4,283.317,-0.9754999999999998,3,8,4,1,,,,38.92405593253,12,7,5,7,3,1,,,,,20.89021036582408,13.865207187674834,42.34480353406185,28.10374859250645,4288,16,3,0.8924237750001626,0.8312135128853871,9.413178262414874,7.696301118476524,28,27.1614555648564,5.0,1.8223332024659982,1.5195731674787711,ZINCj5000009hoJW_m01_t02,SER17;ASP15;SER14;GLU21;SER18,1.0,-51.873935985359964
491,native_first,ZINCi500000EmDLu,O=C(NC1CC(O)C1)C1CN(Cc2cc[nH]n2)C1,4501,6180,3631,1,0,1,14.285714285714286,16.628609428741346,0.7875496786855087,13.095856012592067,4,250.302,-0.5190000000000008,3,4,4,1,,,,32.391143412755326,11,6,5,6,4,1,,,,,18.36570777484946,11.607535504869157,43.96053558844258,23.975882030011807,45108,16,10,1.289423839456627,0.9982181746774094,9.711946045978637,9.521402928628984,28,27.1614555648564,5.0,1.8223642771859687,1.6813500680011721,ZINCi500000EmDLu_m02_t02,SER17;ASP15;SER14;GLU21;SER18,1.0,-39.521469650574275
492,native_first,ZINCk500000geGEd,CO[C@H](C)C(=O)NCCNC(=O)CCCc1cnn[nH]1,9651,652,550,1,1,1,14.285714285714286,14.477064275896673,0.8648032772186969,12.519812630301164,4,283.33199999999994,-0.605299999999998,3,5,9,1,,,,38.34275944886656,13,8,5,8,4,1,,,,,24.227159934881108,16.61515402321094,44.71080436264485,29.873399740475286,1168,16,15,0.8509029832084599,0.68966717967689,8.080270416267007,9.216642689666887,28,27.1614555648564,5.0,1.825589881404306,1.534943834616333,ZINCk500000geGEd_m01_t08,SER17;ASP15;SER14;GLU21;SER18,1.0,-30.377733894859812
493,native_first,ZINCk600000xckOM,COCc1c(C(=O)Nc2cnn(CCO)c2)cnn1C,8530,7206,4285,1,0,1,14.285714285714286,16.628609428741346,0.7592748898440171,12.62568559226677,4,279.3,0.007599999999999607,2,7,6,1,,,,38.70541191054433,13,8,5,8,3,1,,,,,20.342308140276728,13.714107881025484,39.37062452346296,27.68754964838377,5660,16,14,1.2030866755325949,1.1584543966422918,9.711946045978637,8.810470552090369,28,27.1614555648564,5.0,1.82681011961178,1.4833992569310759,ZINCk600000xckOM_m01_t01,SER17;ASP15;SER14;GLU21;SER18,2.0,7.345218654629809
494,native_first,ZINCk6000009IHEy,C=C[C@@H](O)C(=O)N[C@@H](C)CCCNC(=O)c1nncs1,11386,3720,2303,1,0,1,14.285714285714286,16.628609428741346,0.7446131279502051,12.381880880197366,4,298.36799999999994,0.09969999999999973,3,6,8,1,,,,34.351665344695306,12,7,5,7,4,1,,,,,20.9676270739163,13.69628258558683,44.69748053699503,26.321242382227904,13083,16,1,1.3322136952528894,1.2040325575023787,9.711946045978637,9.141366075943763,28,27.1614555648564,5.0,1.8273724851929138,1.7100178891124511,ZINCk6000009IHEy_m01_t08,SER17;ASP15;SER14;GLU21;SER18,0.0,51.04211589084884
495,native_first,ZINCk5000009F4e0,C[C@H](CNC(=O)c1ccno1)N=c1[nH]nc(C(N)=O)s1,9047,6766,3893,1,0,1,14.285714285714286,17.4744052530532,0.7195990959729534,12.574566222762108,4,296.312,-0.7226999999999997,3,7,5,1,,,,41.53897202398527,13,7,6,7,3,1,,,,,23.65283857150077,16.688400851008975,40.59333072814904,30.80729195249457,518,16,8,1.2388566722063392,1.4125554889137797,11.322353863044563,10.653914815951746,28,27.1614555648564,5.0,1.8283954595253844,1.5909207585127432,ZINCk5000009F4e0_m01_t06,SER17;ASP15;SER14;GLU21;SER18,1.0,-21.735713756781607
496,native_first,ZINCh500000EmAkx,NC(=O)c1nc(C(=O)Nc2cc(O)n[nH]2)cs1,743,7720,4702,1,0,1,17.857142857142858,19.267729830797304,0.7407385086670314,14.272349460264069,5,253.24300000000002,-0.0770000000000004,4,6,3,1,,,,36.06504208130489,11,6,5,6,3,1,,,,,18.408648819971187,11.962252054715758,39.922892392049356,25.47120612450467,21158,16,11,1.5760624865527602,1.0728685766023034,11.611623357653302,11.354277416997688,28,27.1614555648564,5.0,1.8299376597467165,2.1153806118535083,ZINCh500000EmAkx_m01_t07,SER17;ASP15;SER14;GLU21;SER18,3.0,13.470075355439468
497,native_first,ZINCk5000009Gti5,O=C(NC[C@H](CO)N=c1[nH]nc(O)s1)c1n[nH]cc1Br,8450,122,109,1,1,1,17.857142857142858,17.361639502628247,0.727691735981455,12.633921589151754,5,363.197,-0.6460000000000008,5,7,5,1,,,,42.27532454697045,13,8,5,8,4,1,,,,,17.274084584511524,11.87458757790851,31.678727574249965,27.2745805694951,7348,16,0,1.525622760811513,1.16191359700885,9.365549903769672,8.72908379329688,28,27.1614555648564,5.0,1.8325675435080129,1.7126514617151787,ZINCk5000009Gti5_m01_t02,SER17;ASP15;SER14;GLU21;SER18,3.0,-32.86855487747146
498,native_first,ZINCk8000009MgDE,Cn1nncc1CN1CC[C@@H]1CNC(=O)c1ccns1,8818,7801,4783,1,0,1,14.285714285714286,14.477064275896673,0.8701379164258617,12.597042544992007,4,292.368,0.27589999999999987,1,7,5,1,,,,35.895530351877184,12,8,4,8,3,1,,,,,17.313148297924204,11.032205909349555,40.20029958907714,24.746101119505397,30976,16,9,0.8315892910682012,0.8123238537147254,8.080270416267007,8.183498076849165,28,27.1614555648564,5.0,1.8334200241804421,1.6847362906271113,ZINCk8000009MgDE_m01_t02,SER17;ASP15;SER14;GLU21;SER18,2.0,-4.774800653153348
499,native_first,ZINCk5000009ECNK,C[C@@H]1CN(C(=O)C=Cc2cnc[nH]2)C[C@H]1NC(=O)CO,9696,5745,3387,1,0,1,14.285714285714286,16.628609428741346,0.7526551688301706,12.515608837000284,4,278.312,-0.6216999999999988,3,4,4,1,,,,32.391143412755326,11,6,5,6,4,1,,,,,19.755110446277325,12.609133052024045,45.59540889526543,24.809523632868526,29984,16,14,1.3052646911897388,1.1792197758361358,9.711946045978637,10.226519641477049,28,27.1614555648564,5.0,1.8343807336983544,1.5296497003152667,ZINCk5000009ECNK_m01_t07,SER17;ASP15;SER14;GLU21;SER18,0.0,-20.20113019157319
500,native_first,ZINCk6000004dWWb,O=C(Nc1ccc(CO)c(CO)c1)c1ccc(O)nn1,3959,3107,1955,1,0,1,17.857142857142858,19.267729830797304,0.6841506744775439,13.182030359391067,5,275.26399999999995,0.41909999999999964,4,6,4,1,,,,35.525455647520424,11,7,4,7,4,1,,,,,18.281416035522387,11.739989037820047,41.28519044239414,25.179031880321606,24830,16,12,1.8814767046013008,1.0920750522955012,11.611623357653302,12.762279191475042,28,27.1614555648564,5.0,1.8363459124923769,1.5236506456332206,ZINCk6000004dWWb_m01_t02,SER17;ASP15;SER14;GLU21;SER18,2.0,39.930785398621275
501,native_first,ZINCj700000JWSGJ,NC[C@H]1C[C@@H](NCCN=c2cc(F)nc[nH]2)CCO1,5007,6046,3557,1,0,1,10.714285714285714,13.397478468997424,0.972341005703999,13.026917688442627,3,269.324,-0.4545999999999988,3,5,5,1,,,,32.391143412755326,11,6,5,6,4,1,,,,,18.65742838449726,11.828566404391793,44.14073550212164,24.150914395800488,41398,16,1,0.2954496806265476,0.3790102541906403,5.9718816967518835,5.868363308454356,28,27.1614555648564,5.0,1.8385310102350527,1.990186264545816,ZINCj700000JWSGJ_m02_t03,SER17;ASP15;SER14;GLU21;SER18,0.0,34.1957007483043
502,native_first,ZINCi80000015sao,O=C(O)c1coc(=NCCN2CCC(O)CC2)[nH]1,2880,3823,2360,1,0,1,17.857142857142858,19.267729830797304,0.6961210064657974,13.412671482125688,5,255.27399999999997,-0.3367000000000004,3,5,4,1,,,,34.351665344695306,12,7,5,7,4,1,,,,,20.490487917481246,13.466164944639164,42.833756447453275,26.034958888366873,15362,16,7,1.4838661920842493,1.2333265509601645,11.611623357653302,10.110837368153692,28,27.1614555648564,5.0,1.83930494383732,1.5178701727101616,ZINCi80000015sao_m02_t02,SER17;ASP15;SER14;GLU21;SER18,1.0,9.831947638493311
503,native_first,ZINCj7000009jWBw,O=C(NC[C@@H](O)CN=c1ccnc[nH]1)c1cnsc1,9064,7691,4674,1,0,1,14.285714285714286,16.628609428741346,0.7561100954865035,12.573059462973392,4,279.32500000000005,-0.44220000000000037,3,6,5,1,,,,36.06504208130489,11,6,5,6,3,1,,,,,20.303758251981606,13.213598127470283,43.81292043609373,26.608271783710926,11110,16,2,1.1507214859727357,1.276658134923295,9.711946045978637,9.356248362933968,28,27.1614555648564,5.0,1.8402496156730048,1.653074573211382,ZINCj7000009jWBw_m01_t03,SER17;ASP15;SER14;GLU21;SER18,0.0,-50.51871517170664
504,native_first,ZINCk50000041vAM,COC[C@H](O)CCNC(=O)NCc1ncc(C(N)=O)s1,4400,589,508,1,1,1,17.857142857142858,19.267729830797304,0.6804484959120966,13.11069778300666,5,302.356,-0.5614000000000001,4,6,8,1,,,,38.34275944886656,13,8,5,8,4,1,,,,,27.26424307925543,19.61556085990777,44.69030191447002,31.695649627099883,221,16,1,1.67325038850449,1.3941536965035382,11.611623357653302,11.44322789469027,28,27.1614555648564,5.0,1.840417987699156,1.735781451313105,ZINCk50000041vAM_m01_t03,SER17;ASP15;SER14;GLU21;SER18,2.0,-91.38576898366964
505,native_first,ZINCk600000PC2ai,O=C(C[C@@H]1CC[C@H]1O)N[C@H](CCc1cn[nH]c1)C(=O)O,133,1764,1219,1,0,1,14.285714285714286,16.628609428741346,0.9022741874844605,15.003565061314037,4,281.312,0.07269999999999932,4,4,7,1,,,,37.49136825579339,13,8,5,8,4,1,,,,,21.383332175757396,14.691419556007867,39.27135847281039,27.826546607771796,5156,16,1,0.6190283568049121,0.7032783913212053,9.711946045978637,9.168030780151716,28,27.1614555648564,5.0,1.8423838343633807,1.7269776423510046,ZINCk600000PC2ai_m01_t05,SER17;ASP15;SER14;GLU21;SER18,1.0,-26.55543982142049
506,native_first,ZINCk50000045CkL,Cn1cnc2ccc(C(=O)NCCOCC(N)=O)nc21,63,7444,4430,1,0,1,14.285714285714286,16.628609428741346,0.9173106752382495,15.253600943351845,4,277.28399999999993,-0.7999999999999994,2,6,6,1,,,,36.74488997860436,12,7,5,7,3,1,,,,,21.957381475295342,14.353516285847851,46.69361839581692,27.87238487661895,4976,16,13,0.7197624517777054,0.574258024495187,9.711946045978637,9.635163944363047,28,27.1614555648564,5.0,1.842427670913443,1.757653807301716,ZINCk50000045CkL_m01_t06,SER17;ASP15;SER14;GLU21;SER18,2.0,78.22197005516644
507,native_first,ZINCi7000018VIcr,C[C@H](O)c1n[nH]c(CNC(=O)N=c2cco[nH]2)n1,3440,1143,836,1,1,1,14.285714285714286,16.628609428741346,0.79927456855654,13.290824626852451,4,252.23400000000004,-0.4104000000000005,4,5,3,1,,,,38.072664739456826,12,7,5,7,4,1,,,,,20.342687804493615,13.596756100144377,40.37390955004592,27.4346785784789,6645,16,8,1.1611948174318973,1.016464164161529,9.711946045978637,9.466244353314842,28,27.1614555648564,5.0,1.8434584850738664,1.8930988065790544,ZINCi7000018VIcr_m01_t08,SER17;ASP15;SER14;GLU21;SER18,0.0,-77.3099448941191
508,native_first,ZINCk50000046klb,NC(=O)[C@@H]1CCC[C@@H](NCCNC(=O)c2cc[nH]n2)C1,11875,1743,1207,1,0,1,10.714285714285714,13.397478468997424,0.9215570850854591,12.346541205384465,3,279.34400000000005,-0.2267999999999994,4,4,6,1,,,,37.49136825579339,13,8,5,8,4,1,,,,,22.209108635068702,15.49086933739749,39.21724709784412,28.322012483358577,3719,16,11,0.5166267832886078,0.6444456557135441,5.9718816967518835,6.3942400790599185,28,27.1614555648564,5.0,1.8437000072926024,1.5092338795261162,ZINCk50000046klb_m01_t06,SER17;ASP15;SER14;GLU21;SER18,1.0,-52.984652258467165
509,native_first,ZINCk800000J9Wif,C[C@@](O)(CCCO)CNC(=O)c1nc2ncccc2[nH]1,3850,3110,1958,1,0,1,14.285714285714286,16.628609428741346,0.7941209430439832,13.205127001062147,4,278.312,0.2111999999999995,4,5,6,1,,,,35.525455647520424,11,7,4,7,4,1,,,,,17.5947169787424,11.279606029316271,39.97616525423729,24.76701244625361,30664,16,1,1.2073761232149802,0.9934336429021843,9.711946045978637,9.186233171757802,28,27.1614555648564,5.0,1.8437974858021915,1.3412636480288205,ZINCk800000J9Wif_m01_t04,SER17;ASP15;SER14;GLU21;SER18,2.0,26.449869861008626
510,native_first,ZINCj800000Gg7sn,N#Cc1cc(=NC(=O)NCc2nnc(CO)s2)[nH]o1,8473,250,212,1,1,1,14.285714285714286,16.628609428741346,0.7596372433092521,12.631711026515314,4,280.269,-0.36632000000000015,3,7,3,1,,,,40.91933989473438,13,8,5,8,4,1,,,,,24.259114622888614,16.585931248971324,45.14432730923697,30.923204731626917,468,16,2,1.3071132337029177,1.1604469986902002,9.711946045978637,9.704040103500125,28,27.1614555648564,5.0,1.843863920429375,1.9697460498079415,ZINCj800000Gg7sn_m01_t01,SER17;ASP15;SER14;GLU21;SER18,2.0,-76.34653805584858
511,native_first,ZINCk5000009GsNt,O=C(NC[C@@H]1CCN1C(=O)c1cnns1)c1cn[nH]c1,2511,7546,4531,1,0,1,14.285714285714286,16.024722079133863,0.8431144679605608,13.510675029964798,4,292.324,-0.09430000000000044,2,6,4,1,,,,36.74488997860436,12,7,5,7,3,1,,,,,19.16077479306005,12.497032002856326,41.04936461388077,26.194420867277774,14050,16,6,0.8984702640807466,0.8034446263619494,9.413178262414874,8.290001175376121,28,27.1614555648564,5.0,1.8452082332365058,1.8521237184094332,ZINCk5000009GsNt_m01_t02,SER17;ASP15;SER14;GLU21;SER18,1.0,-19.033748799768524
512,native_first,ZINCj700000fpAOf,COc1cc(CC(=O)N[C@@H](C)c2cc(O)n[nH]2)on1,11825,7014,4100,1,0,1,14.285714285714286,16.628609428741346,0.7426932688306904,12.34995629274075,4,266.257,0.5317999999999997,3,6,5,1,,,,38.92405593253,12,7,5,7,3,1,,,,,21.4785852532278,14.320789111790216,42.941587560421645,28.456773524948677,3390,16,15,1.5326317523728352,1.0992891496867363,9.711946045978637,9.6195572317469,28,27.1614555648564,5.0,1.8452104295459186,1.6757106002434063,ZINCj700000fpAOf_m01_t03,SER17;ASP15;SER14;GLU21;SER18,3.0,-14.459798110374663
513,native_first,ZINCi500000FCG9a,O=C(NCc1nnc(O)o1)Nc1cncc(O)n1,9607,7696,4679,1,0,1,14.285714285714286,16.628609428741346,0.7530856220485849,12.52276667544664,4,252.19000000000003,-0.4075000000000001,4,8,3,1,,,,36.06504208130489,11,6,5,6,3,1,,,,,19.825498146861776,12.938106195172727,42.39241684112585,26.32131572063902,13082,16,13,1.1975192847003568,1.2446861202415536,9.711946045978637,9.136761031458809,28,27.1614555648564,5.0,1.8452615906487426,1.8188963877542879,ZINCi500000FCG9a_m01_t08,SER17;ASP15;SER14;GLU21;SER18,2.0,-81.73664669270774
514,native_first,ZINCk50000047TdN,O=C(O)CC[C@@H](O)CNC(=O)[C@H]1CCn2nncc2C1,933,5852,3446,1,0,1,14.285714285714286,16.628609428741346,0.851037301365086,14.15156689369006,4,282.30000000000007,-0.8175999999999997,3,6,6,1,,,,32.391143412755326,11,6,5,6,4,1,,,,,19.30453250353149,12.282395966100832,45.074946466809415,24.539176867221027,34367,16,11,1.0202798140050837,0.803951187847475,9.711946045978637,9.676886566899649,28,27.1614555648564,5.0,1.8457250325855101,1.798116825821247,ZINCk50000047TdN_m02_t06,SER17;ASP15;SER14;GLU21;SER18,0.0,-94.71920063789045
515,native_first,ZINCk5000009CDUv,CN(CCN(C)C(=O)c1cnn[nH]1)Cc1cnn(C)c1,7461,7786,4768,1,0,1,14.285714285714286,14.477064275896673,0.8796909006632109,12.73534171182274,4,277.33200000000005,-0.2577999999999989,1,6,6,1,,,,35.895530351877184,12,8,4,8,3,1,,,,,19.906737984281413,13.207018128613665,40.402120574833525,26.302254931319723,13221,16,7,0.8199404412767336,0.7547102388142335,8.080270416267007,7.842200961194776,28,27.1614555648564,5.0,1.8473337168884525,1.978971075430238,ZINCk5000009CDUv_m01_t04,SER17;ASP15;SER14;GLU21;SER18,3.0,-12.462119092313614
516,native_first,ZINCk700000JUqUQ,O=C(NCCc1n[nH]cc1C(=O)O)c1ccc(O)cn1,1253,131,117,1,1,1,17.857142857142858,19.267729830797304,0.7248059714950899,13.965365638515964,5,276.252,0.18099999999999966,4,5,5,1,,,,42.06375884362809,13,8,5,8,4,1,,,,,23.86506761165758,16.881331566295863,40.70424158598434,31.14454410444578,374,16,13,1.4779341455814452,1.2493750486284116,11.611623357653302,11.396396521255348,28,27.1614555648564,5.0,1.849289186903411,1.6997567552647126,ZINCk700000JUqUQ_m01_t03,SER17;ASP15;SER14;GLU21;SER18,2.0,32.055558921744
517,native_first,ZINCk7000004gV22,O=C(O)c1c[nH]nc1[C@H]1CCN(C(=O)[C@H]2C[C@@H](O)C2)C1,901,4997,3063,1,0,1,17.857142857142858,19.267729830797304,0.7354105005166267,14.169690838685785,5,279.29600000000005,0.1946999999999997,3,4,3,1,,,,34.351665344695306,12,7,5,7,4,1,,,,,17.045772749162317,11.027626509933036,37.52373605506766,23.968129787375513,45260,16,4,1.5636295536978555,1.044283024678632,11.611623357653302,10.707940027418335,28,27.1614555648564,5.0,1.8496619064787476,1.5172920679176318,ZINCk7000004gV22_m02_t04,SER17;ASP15;SER14;GLU21;SER18,3.0,12.86956647890538
518,native_first,ZINCk700000JS8ic,Cc1nc2c([nH]1)CN(C(=O)NC[C@@H](C)OCCO)CC2,10365,4054,2486,1,0,1,14.285714285714286,16.628609428741346,0.7495079609673106,12.463275146657722,4,282.34400000000005,0.18321999999999977,3,4,5,1,,,,34.351665344695306,12,7,5,7,4,1,,,,,19.716928168578324,13.327213602858201,37.87700897516177,25.570823039025115,20082,16,1,1.2361401342020757,1.183618134084994,9.711946045978637,8.739540158635748,28,27.1614555648564,5.0,1.8505608196980066,1.551797029991187,ZINCk700000JS8ic_m01_t05,SER17;ASP15;SER14;GLU21;SER18,2.0,-38.27516395516526
519,native_first,ZINCk500000g87pc,CC(=O)N[C@@H]1C[C@@H](O)[C@@H](CNC(=O)c2cc(F)n[nH]2)C1,3785,2915,1877,1,0,1,14.285714285714286,16.628609428741346,0.7951431767773258,13.222125326558787,4,284.291,-0.4458000000000002,4,4,4,1,,,,35.53084632385342,12,7,5,7,4,1,,,,,19.614295608960195,13.078191208493173,39.210654936461395,25.980915894917484,15870,16,8,1.1057579610089185,0.9980883936447861,9.711946045978637,8.765891493785134,28,27.1614555648564,5.0,1.8533584388343014,1.354598914512219,ZINCk500000g87pc_m01_t07,SER17;ASP15;SER14;GLU21;SER18,2.0,-45.588849326669006
520,native_first,ZINCk600000Py6SC,C[C@H](CNC(=O)Cc1ccsn1)CC(=O)N[C@@H]1C[C@H]1O,8702,6030,3546,1,0,1,14.285714285714286,16.628609428741346,0.7582036609648,12.60787254562548,4,297.38000000000005,0.07739999999999958,3,5,7,1,,,,32.391143412755326,11,6,5,6,4,1,,,,,18.71168969689355,11.772441081983342,45.576969260326614,24.183471183238265,40792,16,10,1.2452278886765695,1.2026596328018921,9.711946045978637,9.392114283809752,28,27.1614555648564,5.0,1.8545789540618873,1.5404539902510679,ZINCk600000Py6SC_m01_t08,SER17;ASP15;SER14;GLU21;SER18,0.0,-14.456597152571607
521,native_first,ZINCj700000fpQEV,Cc1cc(OCCCNC(=O)c2coc(O)n2)n[nH]1,3191,7908,4876,1,0,1,14.285714285714286,16.628609428741346,0.8024981213743848,13.344427827633313,4,266.257,0.6106199999999998,3,6,6,1,,,,34.932961828358735,11,6,5,6,3,1,,,,,21.537791575662492,13.770585400637792,49.403508771929836,26.89585967674099,9335,16,7,1.045789238105752,1.040829796564806,9.711946045978637,9.071258457156157,28,27.1614555648564,5.0,1.8551897364079275,1.750024559194521,ZINCj700000fpQEV_m01_t05,SER17;ASP15;SER14;GLU21;SER18,0.0,-8.384252376694924
522,native_first,ZINCj600000Em63s,Cc1cc(=NC(=O)[C@@H]2C[C@H]2C(=O)N[C@@H](C)CO)[nH]o1,10564,6161,3621,1,0,1,14.285714285714286,14.609184867389905,0.8521025492348824,12.448523667746604,4,267.285,-0.5234799999999995,3,4,4,1,,,,32.391143412755326,11,6,5,6,4,1,,,,,18.39215014278949,11.57236518024591,44.78423680456491,23.991747450775826,44753,16,2,0.8154494565527043,0.8347726213911227,9.433491135311455,8.468623358911758,28,27.1614555648564,5.0,1.8557522039448908,1.372081634664957,ZINCj600000Em63s_m01_t07,SER17;ASP15;SER14;GLU21;SER18,1.0,-15.628426132169455
523,native_first,ZINCk700000JT1Mm,C[C@@H](O)C1(NC(=O)COc2ccc(C(=O)O)nc2)CC1,1050,2267,1606,1,0,1,17.857142857142858,19.267729830797304,0.7311262178469081,14.08714243768688,5,280.2800000000001,0.18819999999999942,3,5,6,1,,,,36.38223751692659,12,7,5,7,4,1,,,,,23.09882926488937,15.309639001310662,47.023089941972934,28.41219256570426,3511,16,14,1.5211495690575083,1.179283474797249,11.611623357653302,11.781432819136167,28,27.1614555648564,5.0,1.8571488992099334,1.7763314820582572,ZINCk700000JT1Mm_m02_t02,SER17;ASP15;SER14;GLU21;SER18,3.0,143.03534526092923
524,native_first,ZINCk5000009Ems0,C[C@@H](CNC(=O)c1cc[nH]n1)NC(=O)c1ccncn1,11215,6990,4077,1,0,1,14.285714285714286,16.628609428741346,0.7454624953116603,12.396004678312526,4,274.284,-0.252,3,5,5,1,,,,38.92405593253,12,7,5,7,3,1,,,,,22.075532443518814,14.777484887499243,43.61569361569364,28.814941839123286,2679,16,10,1.5164374668336555,1.0632572444068562,9.711946045978637,9.143934346296932,28,27.1614555648564,5.0,1.8578971127060282,1.3334712074091768,ZINCk5000009Ems0_m01_t06,SER17;ASP15;SER14;GLU21;SER18,2.0,-26.685787230415
525,native_first,ZINCk5000009BiG6,CC=C[C@H](O)C(=O)N1CC[C@H](N=c2[nH]nc(CO)s2)C1,9641,4572,2804,1,0,1,14.285714285714286,15.18474175275134,0.8245444886779233,12.520495124228665,4,298.36800000000005,-0.5979000000000003,3,6,4,1,,,,34.351665344695306,12,7,5,7,4,1,,,,,18.259691311387694,11.861995782834821,39.638447971781304,24.696480924710738,31774,16,3,1.045528876034098,0.9004669984837462,11.611623357653302,10.92051811188661,28,27.1614555648564,5.0,1.8580730127280076,1.7764914481042804,ZINCk5000009BiG6_m01_t06,SER17;ASP15;SER14;GLU21;SER18,1.0,10.603933696784399
526,native_first,ZINCk500000dq0LQ,NS(=O)(=O)CCC[C@H](O)CN1CCc2c(O)noc2C1,5269,4286,2627,1,0,1,14.285714285714286,16.628609428741346,0.7811385671301455,12.989248142533842,4,305.35600000000005,-0.832100000000001,3,7,6,1,,,,34.351665344695306,12,7,5,7,4,1,,,,,19.02539253757668,12.433753545688225,40.491681521093284,25.155901660424128,25147,16,15,1.3759168841748541,0.9767180852127763,9.711946045978637,9.683855418368898,28,27.1614555648564,5.0,1.8586384914679137,1.4455083905911732,ZINCk500000dq0LQ_m01_t02,SER17;ASP15;SER14;GLU21;SER18,2.0,-65.16386020364187
527,native_first,ZINCk800000Em90W,Cc1n[nH]cc1NC(=O)[C@H]1CCN(C(=O)C[C@@H](C)O)C1,4900,5084,3116,1,0,1,14.285714285714286,16.628609428741346,0.7842581528978783,13.04112251584493,4,280.328,0.27601999999999977,3,4,4,1,,,,34.351665344695306,12,7,5,7,4,1,,,,,16.793542212019393,10.884040396077772,36.74342632675967,23.81679146508976,48536,16,3,1.3227085885873104,0.9270863996074047,9.711946045978637,8.876542000690785,28,27.1614555648564,5.0,1.8593342151734913,1.7276876378451207,ZINCk800000Em90W_m01_t05,SER17;ASP15;SER14;GLU21;SER18,0.0,-44.24473155095735
528,native_first,ZINCk7000009L5D2,O=C(Cc1ccc(O)cn1)NCCCC1=NNC(=O)C1,3719,2230,1589,1,0,1,14.285714285714286,16.628609428741346,0.7958213886564697,13.233403047007002,4,276.296,0.1019999999999997,3,5,6,1,,,,36.38223751692659,12,7,5,7,4,1,,,,,24.7194577902029,16.400879264381192,50.161563620601335,29.384569680892376,1728,16,14,1.2129865441637946,1.000916895713668,9.711946045978637,9.952958324892354,28,27.1614555648564,5.0,1.8608011998589458,1.1559671846067283,ZINCk7000009L5D2_m01_t08,SER17;ASP15;SER14;GLU21;SER18,2.0,35.597015629419346
529,native_first,ZINCk500000gc7Zc,CN(Cc1cnn[nH]1)C(=O)NC1CN(CC(C)(C)O)C1,9456,4426,2709,1,0,1,14.285714285714286,16.628609428741346,0.7539318407481844,12.536838115693579,4,282.348,-0.5987999999999987,3,5,5,1,,,,34.351665344695306,12,7,5,7,4,1,,,,,18.649684353083774,12.173232342355252,39.851798301102484,24.930476749728385,28252,16,9,1.599294342994388,0.9373499617420545,9.711946045978637,10.326686803019205,28,27.1614555648564,5.0,1.86146635938884,1.8453537586148752,ZINCk500000gc7Zc_m01_t05,SER17;ASP15;SER14;GLU21;SER18,2.0,-30.332103414747582
530,native_first,ZINCk7000004gBJx,NC(=O)c1coc(CNC(=O)c2cnc(O)c(Br)c2)n1,9902,7000,4086,1,0,1,17.857142857142858,19.267729830797304,0.6487533372794085,12.500004029527764,5,341.121,0.5666,3,6,4,1,,,,38.92405593253,12,7,5,7,3,1,,,,,21.77379778020035,14.556855919131403,43.18279949756633,28.63390104113221,3003,16,12,2.0908779020787187,1.298911942884007,11.611623357653302,11.620146160182808,28,27.1614555648564,5.0,1.864482909570133,1.8538814235288044,ZINCk7000004gBJx_m01_t04,SER17;ASP15;SER14;GLU21;SER18,2.0,32.050140900408294
531,native_first,ZINCk600000y8eZP,C[C@@H](CO)C(=O)N[C@@H]1CC[C@H]1NC(=O)c1c[nH]nc1I,4072,3009,1913,1,0,1,14.285714285714286,16.628609428741346,0.7915304212055335,13.162050225193944,4,392.197,0.019699999999999718,4,4,5,1,,,,35.53084632385342,12,7,5,7,4,1,,,,,17.71960346645145,11.645680255814957,37.03622296465623,24.844100609412234,29495,16,5,1.2483493274504074,1.0049688522689315,9.711946045978637,9.870188923353547,28,27.1614555648564,5.0,1.8657291383879158,1.5605563219400103,ZINCk600000y8eZP_m01_t02,SER17;ASP15;SER14;GLU21;SER18,3.0,-29.59125373223916
532,native_first,ZINCj500000xcprK,NC(=O)c1nc(CNC(=O)C2CCC(O)CC2)no1,10072,5905,3479,1,0,1,17.857142857142858,19.267729830797304,0.6481034517692765,12.487482211097591,5,268.27299999999997,-0.6642000000000006,3,6,4,1,,,,32.391143412755326,11,6,5,6,4,1,,,,,19.13611690864539,12.134101325962316,45.244680851063826,24.43812751028937,36090,16,8,1.7567716177572192,1.4553621502414074,11.611623357653302,10.567956745859174,28,27.1614555648564,5.0,1.865902570831462,1.5810460391429284,ZINCj500000xcprK_m01_t06,SER17;ASP15;SER14;GLU21;SER18,3.0,6.476742821208823
533,native_first,ZINCj6000002kI7p,CC(CO)(CO)NC(=O)c1csc(-c2cnc[nH]2)n1,2567,7880,4850,1,0,1,17.857142857142858,19.267729830797304,0.7002693939892662,13.492601492161336,5,282.325,0.006299999999999806,4,6,5,1,,,,35.21365088823171,11,6,5,6,3,1,,,,,16.295488086245562,10.66857268615467,34.48262927054479,23.862753207040026,47520,16,15,1.5214660977690484,1.2134617203638287,11.611623357653302,10.255534758319666,28,27.1614555648564,5.0,1.8675462472184907,1.8326785244048662,ZINCj6000002kI7p_m01_t07,SER17;ASP15;SER14;GLU21;SER18,0.0,47.80339383824608
534,native_first,ZINCk700000JUqdA,O=C(NCc1ncc(CO)[nH]1)N1CCc2nocc2C1,5972,557,485,1,1,1,14.285714285714286,16.628609428741346,0.7758763145965234,12.901744200436836,4,277.28400000000005,0.1578999999999997,3,5,3,1,,,,38.88876772250309,13,8,5,8,4,1,,,,,18.37008080453267,12.368268525013894,35.6880002713336,26.577555571720836,11305,16,10,1.423468066031201,0.9590491198955302,9.711946045978637,10.086362617561333,28,27.1614555648564,5.0,1.8687592779290834,1.9277873329782387,ZINCk700000JUqdA_m01_t04,SER17;ASP15;SER14;GLU21;SER18,0.0,-98.25214558769481
535,native_first,ZINCk50000042gvU,COc1cnnc(C(=O)NCc2nc([C@@H](C)O)n[nH]2)c1,10171,292,254,1,1,1,14.285714285714286,16.628609428741346,0.7504438619895246,12.478837879220078,4,278.272,-0.41340000000000066,3,7,5,1,,,,40.91933989473438,13,8,5,8,4,1,,,,,22.615313356628423,15.623919277049906,40.93122489959838,29.936923971870804,1124,16,12,1.127432356853046,1.3162345447909733,9.711946045978637,9.23100499719428,28,27.1614555648564,5.0,1.8688775003372662,1.4665444894554427,ZINCk50000042gvU_m01_t04,SER17;ASP15;SER14;GLU21;SER18,0.0,88.81662608222919
536,native_first,ZINCk50000041DlE,COCc1ccoc1C(=O)NNc1cc(O)nc(O)n1,11813,6917,4004,1,0,1,14.285714285714286,16.628609428741346,0.7427238007762442,12.350463996538464,4,280.24,0.3840999999999997,4,8,5,1,,,,38.92405593253,12,7,5,7,3,1,,,,,26.073757617313024,17.340469291790946,52.529532614278395,31.213876943399814,347,16,6,1.6135403023381598,1.0374814124339575,9.711946045978637,9.688249262064359,28,27.1614555648564,5.0,1.869349707531332,1.5902224670764957,ZINCk50000041DlE_m01_t04,SER17;ASP15;SER14;GLU21;SER18,1.0,-64.04140443535684
537,native_first,ZINCk600000wp8Mo,NC(=O)CCC(=O)N[C@@H]1C[C@H]1NC(=O)c1cc(I)sn1,3686,2322,1633,1,0,1,14.285714285714286,16.628609428741346,0.7961824864409294,13.239407601030367,4,408.221,0.0001000000000000445,3,5,6,1,,,,36.38223751692659,12,7,5,7,4,1,,,,,21.829234494957536,14.565833640223907,43.541790453555144,27.650435703745156,5796,16,12,1.3632468436825003,0.8901011491550156,9.711946045978637,9.802664216865168,28,27.1614555648564,5.0,1.869697441512804,1.6855108884338708,ZINCk600000wp8Mo_m01_t02,SER17;ASP15;SER14;GLU21;SER18,0.0,-39.39543827836204
538,native_first,ZINCk50000045vEa,Cn1cc([C@H](O)C(=O)Nc2cnn(CC(=O)O)c2)cn1,11509,6963,4050,1,0,1,14.285714285714286,17.4744052530532,0.707984437170962,12.371606967980172,4,279.256,-0.6267000000000009,3,7,5,1,,,,38.92405593253,12,7,5,7,3,1,,,,,22.985240389010215,15.261775559466399,46.53503849410284,29.36076660641813,1757,16,7,1.362975616970849,1.339598713658037,11.322353863044563,10.260468007941707,28,27.1614555648564,5.0,1.870613971695396,1.581771266518786,ZINCk50000045vEa_m01_t04,SER17;ASP15;SER14;GLU21;SER18,1.0,-2.531057053738151
539,native_first,ZINCj500000fj3db,C[C@H](O)[C@@H]1C[C@H]1NC(=O)CCCn1cc(CO)nn1,6543,6379,3725,1,0,1,14.285714285714286,16.628609428741346,0.7716933211315616,12.83218683586501,4,268.31699999999995,-0.563900000000001,3,6,7,1,,,,31.8044562527589,11,7,4,7,4,1,,,,,20.035678762085706,12.443321675980021,51.39398385913427,24.743189758354983,31013,16,3,1.1404613487609512,1.123946820582497,9.711946045978637,8.802925219568058,28,27.1614555648564,5.0,1.870868571898688,1.0717964106806368,ZINCj500000fj3db_m01_t03,SER17;ASP15;SER14;GLU21;SER18,3.0,-35.79876275768098
540,native_first,ZINCj700000fpPXd,Cc1[nH]nc(C(=O)NCc2nnc(CCO)s2)c1F,11746,2112,1485,1,0,1,14.285714285714286,16.628609428741346,0.7429898048296758,12.354887274049439,4,285.304,0.17351999999999979,3,6,5,1,,,,36.92824579056311,12,7,5,7,4,1,,,,,18.075284585054593,11.738886510050383,39.275181600459206,25.616469067258002,19561,16,2,1.2605438617228295,1.294557270611391,9.711946045978637,9.681448393118606,28,27.1614555648564,5.0,1.8721428680884198,1.6970681079639547,ZINCj700000fpPXd_m01_t04,SER17;ASP15;SER14;GLU21;SER18,0.0,23.449487323882558
541,native_first,ZINCk5000009FGWo,Cc1n[nH]c(=N[C@H]2C[C@@H](CNC(=O)C=CC(N)=O)C2)o1,7868,596,513,1,1,1,14.285714285714286,16.628609428741346,0.7633518063900102,12.693479045183661,4,279.3,-0.8518799999999989,3,5,5,1,,,,38.34275944886656,13,8,5,8,4,1,,,,,26.333263442161563,18.22769579616789,47.420335745878575,31.13706184484356,381,16,2,1.3915035692616347,1.0665592597745606,9.711946045978637,10.025957775525756,28,27.1614555648564,5.0,1.8722883055526385,1.4204231899035404,ZINCk5000009FGWo_m01_t08,SER17;ASP15;SER14;GLU21;SER18,2.0,-95.77447410611157
542,native_first,ZINCk6000004bBJK,CC(=O)Nc1ccc(NC(=O)C[C@@H]2[C@@H](N)C[C@H]2O)nc1,5242,2939,1890,1,0,1,14.285714285714286,15.18474175275134,0.8556710437686028,12.993143824933421,4,278.31199999999995,0.07669999999999971,4,5,4,1,,,,35.53084632385342,12,7,5,7,4,1,,,,,19.2175153981374,12.623953180429515,40.229732388823294,25.742847768423804,18210,16,11,0.8295573181072871,0.8203232689569268,11.611623357653302,10.732202543231999,28,27.1614555648564,5.0,1.8729893018677708,1.4300910222184102,ZINCk6000004bBJK_m02_t04,SER17;ASP15;SER14;GLU21;SER18,3.0,-80.87562499229486
543,native_first,ZINCk5000003YPFN,CN(Cc1nc[nH]n1)C(=O)NC1CN(CC(C)(C)O)C1,5905,4727,2904,1,0,1,14.285714285714286,16.628609428741346,0.7763750729283178,12.910037857935574,4,282.348,-0.5987999999999987,3,5,5,1,,,,34.351665344695306,12,7,5,7,4,1,,,,,17.843443501239083,11.646661342817762,38.132321216153564,24.44673223862157,35937,16,13,1.479521157182783,0.8968848495588856,9.711946045978637,10.239244406567902,28,27.1614555648564,5.0,1.8732595373339413,1.971342609154469,ZINCk5000003YPFN_m01_t04,SER17;ASP15;SER14;GLU21;SER18,2.0,-20.484593648124573
544,native_first,ZINCk6000004e4L6,OCCn1cc(CNc2nccc3nc(O)[nH]c23)cn1,4463,7637,4620,1,0,1,14.285714285714286,16.640486220660865,0.7873232220433567,13.10144122761879,4,274.284,0.46439999999999965,4,7,5,1,,,,36.702083274714774,11,6,5,6,3,1,,,,,20.231755354858723,12.82677165348239,47.86393499308438,26.819886522801145,9779,16,5,1.0684674315959763,1.0548041901491652,11.611623357653302,10.579252902800325,28,27.1614555648564,5.0,1.8742911788669043,1.505926914874022,ZINCk6000004e4L6_m01_t08,SER17;ASP15;SER14;GLU21;SER18,3.0,-74.63516757926797
545,native_first,ZINCk6000004e4FH,OCCCOc1cncc(NC[C@@H](O)[C@@H]2CCOC2)n1,4170,6126,3601,1,0,1,14.285714285714286,16.024722079133863,0.8203212603037188,13.145420211971919,4,283.32800000000003,0.047099999999999476,3,7,8,1,,,,32.391143412755326,11,6,5,6,4,1,,,,,18.4653767832893,11.507456425123804,46.70575539568347,24.035683435075715,43822,16,9,1.527411739385735,0.5197948396813316,9.413178262414874,8.826311774838349,28,27.1614555648564,5.0,1.874584082633073,1.4241040468431454,ZINCk6000004e4FH_m01_t01,SER17;ASP15;SER14;GLU21;SER18,1.0,64.59708465895724
546,native_first,ZINCk50000044Hri,Cc1cc(O)nc(CNC(=O)c2ccc(CO)cn2)n1,11293,2055,1428,1,0,1,14.285714285714286,16.628609428741346,0.7450461913068304,12.389082121612587,4,274.28,0.3079199999999998,3,6,4,1,,,,36.92824579056311,12,7,5,7,4,1,,,,,19.319331403065483,12.532452309795413,42.14002508395032,26.362897158064534,12799,16,6,1.1270348867845412,1.357985862988727,9.711946045978637,9.341750302286686,28,27.1614555648564,5.0,1.8756967931460173,2.01063959427487,ZINCk50000044Hri_m01_t02,SER17;ASP15;SER14;GLU21;SER18,0.0,-1.6972053577459887
547,native_first,ZINCi600000JSckF,Cc1nc(NOCCOCCO)c2c[nH]nc2n1,6716,7022,4108,1,0,1,17.857142857142858,17.077001842636218,0.7503396547799274,12.813551667279842,5,253.262,0.013719999999999843,3,7,7,1,,,,38.92405593253,12,7,5,7,3,1,,,,,21.33766638489756,14.103514606655759,43.80844294416639,28.372222203950535,3611,16,6,1.6284995508075695,0.9619412227103343,11.791641997618479,11.420301206634482,28,27.1614555648564,5.0,1.8759384010558864,1.7131970546983335,ZINCi600000JSckF_m01_t07,SER17;ASP15;SER14;GLU21;SER18,1.0,-31.841198269570974
548,native_first,ZINCk800000JT1OQ,C[C@H](O)c1n[nH]c([C@H](C)NC(=O)NCc2nncs2)n1,6062,2070,1443,1,0,1,14.285714285714286,16.628609428741346,0.775310450741293,12.892334671398368,4,297.344,0.2698999999999997,4,7,5,1,,,,36.92824579056311,12,7,5,7,4,1,,,,,19.023573836783775,12.475979053104986,40.034130366161634,26.185442618295507,14134,16,13,1.2956404547556228,1.0677312988246166,9.711946045978637,9.487785875865171,28,27.1614555648564,5.0,1.8771202079018523,2.034559966066692,ZINCk800000JT1OQ_m01_t05,SER17;ASP15;SER14;GLU21;SER18,0.0,-62.67632945299754
549,native_first,ZINCk800001bPiiI,CC(=O)NCc1cc(C(=O)NC2CC(CO)C2)ccn1,7929,4346,2659,1,0,1,17.857142857142858,19.267729830797304,0.6584807024050637,12.687428272734408,5,277.32399999999996,0.21839999999999954,3,4,5,1,,,,34.351665344695306,12,7,5,7,4,1,,,,,18.893856209687684,12.292084758628953,40.814076377456665,25.07697986369073,26245,16,5,1.7463970571492218,1.3426831425999146,11.611623357653302,10.326300725982657,28,27.1614555648564,5.0,1.8776972450748182,1.018268675069071,ZINCk800001bPiiI_m01_t03,SER17;ASP15;SER14;GLU21;SER18,0.0,-13.70537161791515
550,native_first,ZINCk600001bP51l,C[C@@H](O)CC(=O)N[C@H]1CC[C@H]1C(=O)Nc1cnn(C)c1,6904,4501,2755,1,0,1,14.285714285714286,16.024722079133863,0.7983088050526225,12.79267673429373,4,280.32800000000003,0.02429999999999999,3,5,5,1,,,,34.351665344695306,12,7,5,7,4,1,,,,,18.47916191817405,11.943585668030614,40.81121839638872,24.82816328878255,29722,16,6,0.9760510978649102,0.9829131347421094,9.413178262414874,8.082912349602884,28,27.1614555648564,5.0,1.8786930096139614,2.0249482406834165,ZINCk600001bP51l_m01_t05,SER17;ASP15;SER14;GLU21;SER18,1.0,-16.511788869440853
551,native_first,ZINCk5000009EmdT,C[C@@H](CNC(=O)c1c[nH]c(=N)o1)NC(=O)C1=COCC1,5875,2487,1709,1,0,1,14.285714285714286,15.583483114146915,0.8286169271093785,12.912737891705305,4,280.28400000000005,-0.37412999999999896,4,5,5,1,,,,36.38223751692659,12,7,5,7,4,1,,,,,19.82780706007627,13.045846245010722,41.29553855581252,26.4495792428164,12134,16,5,1.1547500904877137,0.7812958667678477,13.92267653865448,13.154155249152089,28,27.1614555648564,5.0,1.88413220113712,1.3031297635295194,ZINCk5000009EmdT_m01_t06,SER17;ASP15;SER14;GLU21;SER18,3.0,-63.53994799605456
552,native_first,ZINCk6000009ISZ3,CC1=NO[C@H](C(=O)NCC=CCN=c2[nH]nc(O)s2)C1,3849,2255,1603,1,0,1,10.714285714285714,13.397478468997424,0.9857465576678854,13.206518282243822,3,297.34000000000003,-0.08530000000000049,3,7,5,1,,,,36.38223751692659,12,7,5,7,4,1,,,,,23.456746024347144,15.637342242335539,46.91788856304986,28.626942621378927,3012,16,5,0.2571642271037529,0.2420997433116745,5.9718816967518835,6.095422264219151,28,27.1614555648564,5.0,1.8852578861664453,2.0252752421011873,ZINCk6000009ISZ3_m01_t04,SER17;ASP15;SER14;GLU21;SER18,1.0,-74.12199193374974
553,native_first,ZINCj7000002nmPz,CCn1cc(CNCCNC(=O)c2cc[nH]n2)cn1,11234,2015,1388,1,0,1,14.285714285714286,14.477064275896673,0.8561064417890206,12.393907984788845,4,262.317,0.1456999999999996,3,5,7,1,,,,36.92824579056311,12,7,5,7,4,1,,,,,19.983195347398,12.954736375301518,43.682907506436926,26.761215524664046,10131,16,7,1.0228592694613778,0.7673378424405985,8.080270416267007,7.937193667571247,28,27.1614555648564,5.0,1.8857796255798307,1.967809428923217,ZINCj7000002nmPz_m01_t06,SER17;ASP15;SER14;GLU21;SER18,1.0,-20.483553344434426
554,native_first,ZINCk8000018SSrU,C[C@H](O)c1n[nH]c(CNC(=O)Nc2cc(O)ccn2)n1,13011,1609,1119,0,1,1,14.285714285714286,17.03922758205644,0.7198999327210788,12.266538789941581,4,278.27200000000005,0.28029999999999977,5,6,4,1,,,,38.072664739456826,12,7,5,7,4,1,,,,,20.171869916661393,13.456008744831271,40.27105564950339,27.332187845779565,7088,16,8,1.2266642417557985,1.2868639423538923,13.92267653865448,12.526056492559848,28,27.1614555648564,5.0,1.8867488584339958,1.502652172064026,ZINCk8000018SSrU_m01_t07,SER17;ASP15;SER14;GLU21;SER18,0.0,-69.45427710369104
555,native_first,ZINCk600000PBZnN,O=C(C=Cc1nccs1)NC/C=C/C(=O)N[C@@H]1C[C@H]1O,759,5824,3432,1,0,1,14.285714285714286,16.628609428741346,0.8577252499385234,14.262778178397257,4,293.34800000000007,0.07809999999999973,3,5,6,1,,,,32.391143412755326,11,6,5,6,4,1,,,,,19.392574549342452,12.28436083124623,46.02368866328258,24.592002094707606,33481,16,3,1.230289838305131,0.5794180045208155,9.711946045978637,9.7932217892582,28,27.1614555648564,5.0,1.8878357288660332,1.3720691078248448,ZINCk600000PBZnN_m01_t01,SER17;ASP15;SER14;GLU21;SER18,1.0,-59.730956586373125
556,native_first,ZINCj600000PzUHt,CN(CCO)CCCNc1ccnc2c1CNC2=O,3536,4082,2510,1,0,1,14.285714285714286,17.03922758205644,0.7788204968474991,13.270499691354807,4,264.329,0.051099999999999535,3,5,7,1,,,,34.351665344695306,12,7,5,7,4,1,,,,,19.61946394426538,12.840090003083912,41.56533325165398,25.51234450443735,20681,16,6,1.341283218331122,0.9242060242775475,13.92267653865448,12.956421018842658,28,27.1614555648564,5.0,1.8887265646508815,1.0928783505744408,ZINCj600000PzUHt_m01_t04,SER17;ASP15;SER14;GLU21;SER18,3.0,55.28703133199228
557,native_first,ZINCk7000009L37L,NC(=O)CCC(=O)NCCC1(N=c2[nH]nco2)CCC1,6274,694,570,1,1,1,14.285714285714286,16.628609428741346,0.7734902609749399,12.86206744668749,4,281.31600000000003,-0.4020999999999997,3,5,7,1,,,,38.34275944886656,13,8,5,8,4,1,,,,,23.41028262608017,16.17607681191839,42.34980912196103,29.383273355194728,1731,16,15,1.3609307511072029,1.0240070997293584,9.711946045978637,9.366053550533469,28,27.1614555648564,5.0,1.8895995257877205,1.6094251619836384,ZINCk7000009L37L_m01_t04,SER17;ASP15;SER14;GLU21;SER18,3.0,-78.71824395985793
558,native_first,ZINCk8000004jhLr,C[C@H]1CC[C@H](O)CN1C(=O)NCc1ncc(C(N)=O)s1,7612,4645,2851,1,0,1,17.857142857142858,19.267729830797304,0.6601883393463267,12.720330559967753,5,298.368,0.29679999999999984,3,5,3,1,,,,34.351665344695306,12,7,5,7,4,1,,,,,18.069667534229914,11.774534288501004,38.8294118833041,24.58246665841607,33645,16,14,1.750933609266485,1.4177610914092054,11.611623357653302,10.820484094929094,28,27.1614555648564,5.0,1.890409251501398,2.124171467728136,ZINCk8000004jhLr_m01_t02,SER17;ASP15;SER14;GLU21;SER18,2.0,-71.04146278653212
559,native_first,ZINCk5000009CqJ7,CCc1n[nH]c(=NCCCCNC(=O)C=CC(N)=O)o1,9708,595,512,1,1,1,14.285714285714286,16.628609428741346,0.7525914551046248,12.514549366342932,4,281.31600000000003,-0.5962999999999983,3,5,8,1,,,,38.34275944886656,13,8,5,8,4,1,,,,,26.388544970340167,18.244649409678576,47.664734594264814,31.170230761750723,361,16,5,1.2382781640929865,1.2473386196684384,9.711946045978637,9.915733417205772,28,27.1614555648564,5.0,1.8909754481407137,1.3549664489582574,ZINCk5000009CqJ7_m01_t07,SER17;ASP15;SER14;GLU21;SER18,3.0,-119.55741087356128
560,native_first,ZINCk800000gvf99,C[C@H](CCNC(=O)c1cnc[nH]1)NC(=O)c1cnsn1,9241,257,219,1,1,1,14.285714285714286,16.024722079133863,0.7835360165690959,12.555946904511387,4,294.34,0.1996000000000001,3,6,6,1,,,,40.91933989473438,13,8,5,8,4,1,,,,,23.993363726560908,16.895381524127156,41.37598365617435,30.763754193830295,546,16,15,0.827780456668429,1.058515353436199,9.413178262414874,7.693617598750715,28,27.1614555648564,5.0,1.891027087302517,1.52668217940669,ZINCk800000gvf99_m01_t06,SER17;ASP15;SER14;GLU21;SER18,3.0,-40.92060129506072
561,native_first,ZINCk600000Ggi3B,O=C(O)c1cc(CN2CCC[C@H](C3(O)COC3)C2)[nH]n1,13078,1519,1061,0,1,1,17.857142857142858,19.267729830797304,0.6364412784321402,12.26277860599772,5,281.3119999999999,0.0812,3,5,4,1,,,,38.34275944886656,13,8,5,8,4,1,,,,,20.216368645040383,13.971735756992665,36.55416078510454,27.466924966570854,6513,16,8,1.615799339271151,1.4311007904883384,11.611623357653302,9.698770550125456,28,27.1614555648564,5.0,1.8910790437632272,1.5726281552719545,ZINCk600000Ggi3B_m01_t02,SER17;ASP15;SER14;GLU21;SER18,2.0,57.44939826913037
562,native_first,ZINCh600000cPgNC,OCc1nnc(CCN=c2[nH]nc(CO)s2)s1,7325,7994,4957,1,0,1,14.285714285714286,15.18474175275134,0.8395909179106006,12.748971266427919,4,273.343,-0.5493000000000001,3,8,5,1,,,,34.932961828358735,11,6,5,6,3,1,,,,,19.66639913274266,12.461974800737192,46.615276804484935,25.773024210989092,17889,16,15,1.307259367176958,0.6086134967342695,11.611623357653302,11.097518073813852,28,27.1614555648564,5.0,1.8926346830567213,1.6897350322865692,ZINCh600000cPgNC_m01_t02,SER17;ASP15;SER14;GLU21;SER18,0.0,17.002452697376548
563,native_first,ZINCk700000cvu8H,C[C@]1(NC(=O)c2ccc(OCC(N)=O)cc2)C[C@H](O)C1,1773,5446,3255,1,0,1,17.857142857142858,19.267729830797304,0.7135844902364826,13.749153169323764,5,278.308,0.1938999999999994,3,4,5,1,,,,32.391143412755326,11,6,5,6,4,1,,,,,23.712787129182438,15.049817488043725,55.87625178826895,27.184129642611598,7800,16,6,1.6700720096763264,1.1199007855054277,11.611623357653302,12.422854464909562,28,27.1614555648564,5.0,1.8934072698851492,1.3278271366388306,ZINCk700000cvu8H_m01_t05,SER17;ASP15;SER14;GLU21;SER18,3.0,26.324091206618508
564,native_first,ZINCk500000dp4jI,COCc1nnc(Cn2cc(COC3COC3)nn2)o1,9907,7760,4742,1,0,1,10.714285714285714,12.882535138268173,0.9702911228693157,12.49980948471364,3,281.272,-0.22880000000000034,0,9,7,1,,,,35.92210978564675,12,8,4,8,3,1,,,,,21.110606256908486,13.529139659087146,48.02018157281315,27.03520766840379,8571,16,8,0.2398621770904369,0.36525369073645475,12.410011200639572,11.862022966206125,28,27.1614555648564,5.0,1.894267856762908,1.207031276101978,ZINCk500000dp4jI_m01_t01,SER17;ASP15;SER14;GLU21;SER18,1.0,69.63162108940406
565,native_first,ZINCi800000ePhTe,NC(=O)Cc1csc(NC(=O)c2cc(F)n[nH]2)n1,6198,7727,4709,1,0,1,17.857142857142858,19.267729830797304,0.6680279644832585,12.871382339080881,5,269.26099999999997,0.28539999999999976,3,5,4,1,,,,36.06504208130489,11,6,5,6,3,1,,,,,18.12415473860371,11.866620887047114,38.343579234972694,25.30050967568418,23196,16,0,1.6609317919045834,1.3593814699883677,11.611623357653302,10.411522805169334,28,27.1614555648564,5.0,1.8951026902838914,1.961447805639306,ZINCi800000ePhTe_m01_t02,SER17;ASP15;SER14;GLU21;SER18,2.0,14.314971530169519
566,native_first,ZINCk500000gbcBs,CC[C@H](CNC(=O)c1cnc(O)o1)NC(=O)CCOC,11373,772,613,1,1,1,17.857142857142858,16.545773402920933,0.7483917287825221,12.382719961055871,5,285.29999999999995,0.04129999999999967,3,6,8,1,,,,38.34275944886656,13,8,5,8,4,1,,,,,22.442343941803376,15.289507409930414,42.17110279337353,28.802510144628645,2704,16,15,1.405834994321253,1.0946380911069409,11.791641997618479,10.97297112959317,28,27.1614555648564,5.0,1.895971382477577,1.5080388628095969,ZINCk500000gbcBs_m01_t08,SER17;ASP15;SER14;GLU21;SER18,3.0,-41.0260577436243
567,native_first,ZINCk5000003XfiE,CCOC(=O)c1csc(CNC(=O)[C@H]2C[C@H](O)CN2)n1,7908,4225,2594,1,0,1,17.857142857142858,19.255853038877785,0.6590181831906718,12.689957285467814,5,299.352,-0.34120000000000034,3,7,5,1,,,,34.351665344695306,12,7,5,7,4,1,,,,,19.186472197739604,12.43256140715627,42.00592885375494,25.252549456521884,23830,16,11,1.2837685264505982,1.378258326457599,14.297608960941682,11.959513898909641,28,27.1614555648564,5.0,1.896781092754386,1.6901821491795475,ZINCk5000003XfiE_m01_t01,SER17;ASP15;SER14;GLU21;SER18,2.0,89.36728454780426
568,native_first,ZINCj5000002gk0n,NC(=O)c1cnc(CNC(=O)N2CC=C[C@@H]2CO)s1,2108,4646,2852,1,0,1,17.857142857142858,19.267729830797304,0.7077151313118146,13.636063947283281,5,282.325,-0.31570000000000004,3,5,4,1,,,,34.351665344695306,12,7,5,7,4,1,,,,,18.069299127679013,11.774534288501004,38.826009764758105,24.582245614485526,33649,16,0,1.6139526518718508,1.1703483305458005,11.611623357653302,10.615520683853868,28,27.1614555648564,5.0,1.9014333262647443,1.9796226742602283,ZINCj5000002gk0n_m01_t04,SER17;ASP15;SER14;GLU21;SER18,1.0,-85.41565714168297
569,native_first,ZINCk700000PzT1w,CN(C)[C@@H](CO)CNC(=O)c1csc(-c2cn[nH]c2)n1,1903,258,220,1,1,1,14.285714285714286,16.640486220660865,0.8234321228854379,13.702310894524652,4,295.368,0.18549999999999967,3,6,6,1,,,,40.91933989473438,13,8,5,8,4,1,,,,,23.979343431049855,16.3933845678012,44.63308709438035,30.755342016523667,554,16,12,1.0145877346153933,0.8086360456315331,11.611623357653302,10.323328463784454,28,27.1614555648564,5.0,1.9031799433277723,1.7887589793503973,ZINCk700000PzT1w_m01_t05,SER17;ASP15;SER14;GLU21;SER18,1.0,67.70724472541086
570,native_first,ZINCk6000004dTKu,O=C(NC[C@@H]1C[C@H](CO)CO1)[C@H]1CCc2nc[nH]c2C1,347,5812,3425,1,0,1,14.285714285714286,16.628609428741346,0.8810102309206227,14.649975032704257,4,279.34000000000003,0.028199999999999392,3,4,4,1,,,,32.391143412755326,11,6,5,6,4,1,,,,,19.45182530599239,12.322001615879428,46.162790697674424,24.62755254869757,32958,16,1,0.8027110734468635,0.7159133591210667,9.711946045978637,10.354593277636578,28,27.1614555648564,5.0,1.9038540464495703,1.8902066710696286,ZINCk6000004dTKu_m01_t02,SER17;ASP15;SER14;GLU21;SER18,0.0,8.110468276653604
571,native_first,ZINCk7000004gKkV,O=C(CNC(=O)c1cc(Br)cc2nc[nH]c12)NCCO,11572,1121,814,1,1,1,14.285714285714286,16.628609428741346,0.7437113701606919,12.366885902116227,4,341.1650000000001,0.1636999999999999,4,4,5,1,,,,38.072664739456826,12,7,5,7,4,1,,,,,20.9100029525693,13.952826031665797,41.70501248697225,27.77506766732431,5331,16,5,1.145092948666141,1.3452449941858846,9.711946045978637,9.226833329861108,28,27.1614555648564,5.0,1.9056719803594842,1.712188800276196,ZINCk7000004gKkV_m01_t06,SER17;ASP15;SER14;GLU21;SER18,3.0,1.6119470547450003
572,native_first,ZINCk600001bPPCX,CO[C@H](CN=c1[nH]nc(C)o1)CNC(=O)c1cnns1,8701,6894,3985,1,0,1,14.285714285714286,16.628609428741346,0.758206562866285,12.607920800211874,4,298.328,-0.4916799999999999,2,8,6,1,,,,39.35980607005963,13,7,6,7,3,1,,,,,21.796808123889246,14.80700298419523,41.28658495747104,28.8220073023574,2662,16,11,1.15419535201,1.2717069157349636,9.711946045978637,9.56632579846808,28,27.1614555648564,5.0,1.907880143263977,1.8241798746898663,ZINCk600001bPPCX_m01_t02,SER17;ASP15;SER14;GLU21;SER18,1.0,-23.36153388151626
573,native_first,ZINCk50000047aY0,O=C(CNC(=O)N1CCSc2ncccc21)NCCO,6530,5023,3078,1,0,1,14.285714285714286,16.628609428741346,0.7717879718649354,12.833760745942426,4,296.3520000000001,-0.18820000000000026,3,5,4,1,,,,34.351665344695306,12,7,5,7,4,1,,,,,16.978413821489326,11.131598568922367,35.76246662998513,23.92771443077172,46075,16,15,1.0767788518063433,1.1932797095317311,9.711946045978637,8.9875323040602,28,27.1614555648564,5.0,1.9087799712605191,1.5547097840817226,ZINCk50000047aY0_m01_t02,SER17;ASP15;SER14;GLU21;SER18,2.0,3.612133443332376
574,native_first,ZINCj800001bPpUf,Cn1nc(Br)c(=NC(=O)N[C@H]2C[C@@H](OCCO)C2)[nH]1,1920,4107,2524,1,0,1,14.285714285714286,16.628609428741346,0.8237138772141391,13.697216345228124,4,334.17400000000015,-0.33910000000000035,3,5,4,1,,,,34.351665344695306,12,7,5,7,4,1,,,,,19.528580275143298,12.76723765219846,41.513550298226654,25.4578143029641,21302,16,13,1.017141975159203,0.9710907998695432,9.711946045978637,9.545756333753507,28,27.1614555648564,5.0,1.9093314826935939,1.442068924840216,ZINCj800001bPpUf_m01_t05,SER17;ASP15;SER14;GLU21;SER18,2.0,-42.70615677577033
575,native_first,ZINCk6000018RFH0,O=C(O)CNC(=O)[C@@H]1CSc2[nH]c3ncnc-3cc2N1,10278,1114,807,1,1,1,14.285714285714286,15.18474175275134,0.8213003068187934,12.471233060498818,4,293.308,-0.0034999999999999476,4,6,3,1,,,,38.072664739456826,12,7,5,7,4,1,,,,,21.149845908437932,14.255248836169942,40.96054615027831,27.91897344084549,4845,16,11,0.9643341488035205,0.9229381891425735,11.611623357653302,10.612600950496,28,27.1614555648564,5.0,1.9094305539828644,1.6085064346255897,ZINCk6000018RFH0_m01_t02,SER17;ASP15;SER14;GLU21;SER18,2.0,68.8434357947398
576,native_first,ZINCi500000JSgKP,Cc1oc(C(=O)OCc2nc(O)n[nH]2)cc1CO,2563,1964,1338,1,0,1,17.857142857142858,19.267729830797304,0.7003461133451513,13.494079699983322,5,253.214,0.26101999999999986,3,7,4,1,,,,36.92824579056311,12,7,5,7,4,1,,,,,21.116505939222456,13.908848606523197,43.82896595634614,27.44120187975872,6619,16,15,1.6159207304144663,1.3086252916837553,11.611623357653302,11.65654309206478,28,27.1614555648564,5.0,1.9100955372422836,1.9564880821998898,ZINCi500000JSgKP_m01_t02,SER17;ASP15;SER14;GLU21;SER18,2.0,36.21915792478856
577,native_first,ZINCk500000gfKb1,C[C@@H](NC(=O)c1csc(CO)n1)c1cn(CCO)nn1,1591,2059,1432,1,0,1,17.857142857142858,19.267729830797304,0.7167601527372379,13.810340976422111,5,297.34,-0.2898,3,8,6,1,,,,36.92824579056311,12,7,5,7,4,1,,,,,19.28338697636202,12.62382643698102,40.81476823571685,26.34133050204246,12939,16,8,1.479547108284217,1.284113019622942,11.611623357653302,12.065215208145252,28,27.1614555648564,5.0,1.9103455538311245,1.3349794952903267,ZINCk500000gfKb1_m01_t02,SER17;ASP15;SER14;GLU21;SER18,2.0,34.130559425431635
578,native_first,ZINCk500000BlRCt,Cc1oc(C(=O)O)cc1C(=O)N[C@@H]1C[C@H](CO)NC1=O,3716,206,173,1,1,1,17.857142857142858,19.267729830797304,0.6868434655353475,13.233914329983614,5,282.252,-0.7345799999999996,4,5,4,1,,,,41.48246235996464,14,9,5,9,4,1,,,,,20.545711923430396,14.830785080122805,33.426258936752426,28.920412098044096,2474,16,7,1.4327880037418168,1.2814372441164283,11.611623357653302,9.919142593228583,28,27.1614555648564,5.0,1.9130913562319343,1.568290539409223,ZINCk500000BlRCt_m01_t05,SER17;ASP15;SER14;GLU21;SER18,0.0,36.75037297665117
579,native_first,ZINCk5000009BILq,CCN(CCNC(=O)c1cnn[nH]1)Cc1cnn(C)n1,7542,7213,4292,1,0,1,14.285714285714286,16.024722079133863,0.7942973694449614,12.728394593542621,4,278.32000000000005,-0.8148999999999986,2,7,7,1,,,,38.70541191054433,13,8,5,8,3,1,,,,,19.183682248408907,12.872935724329334,37.63230547060824,26.992374113263075,8773,16,8,0.9664196027743073,0.878928952413976,9.413178262414874,7.605274493368672,28,27.1614555648564,5.0,1.9143289873503149,1.791087664695293,ZINCk5000009BILq_m01_t07,SER17;ASP15;SER14;GLU21;SER18,2.0,81.27225232686874
580,native_first,ZINCj500000ca2w0,O=C(O)c1cncc(CN2CC[C@H](O)[C@H](CO)C2)c1,5200,6012,3538,1,0,1,17.857142857142858,19.267729830797304,0.674663449116729,12.999233064295,5,266.29699999999997,-0.045100000000000084,3,5,4,1,,,,32.391143412755326,11,6,5,6,4,1,,,,,18.77554525748526,11.950964763408754,43.7707881417209,24.22178451959329,40027,16,2,1.6561800854344528,1.3611496734565365,11.611623357653302,10.636750514942056,28,27.1614555648564,5.0,1.914777892891572,1.6887090944173182,ZINCj500000ca2w0_m01_t01,SER17;ASP15;SER14;GLU21;SER18,2.0,26.6859149146897
581,native_first,ZINCk5000003XmHf,CCOCc1nc([C@@H](C)NC(=O)[C@H]2C[C@H](O)CN2)no1,8835,3752,2324,1,0,1,17.857142857142858,19.255853038877785,0.6541011426651903,12.595275475722936,5,284.31600000000003,-0.4938999999999993,3,7,6,1,,,,34.351665344695306,12,7,5,7,4,1,,,,,20.81552450635405,13.585171669159598,44.498904104079934,26.229980841690548,13767,16,4,1.6555145636064879,1.4366084862965307,14.297608960941682,12.995594385174252,28,27.1614555648564,5.0,1.9150319427966715,1.9002474833898653,ZINCk5000003XmHf_m01_t01,SER17;ASP15;SER14;GLU21;SER18,1.0,96.04457736228396
582,native_first,ZINCk6000004dGCP,NC(=O)c1cnc(CNC(=O)N2CC[C@@H](O)C23CC3)s1,2025,4644,2850,1,0,1,17.857142857142858,19.267729830797304,0.7090350752570096,13.661496270611096,5,296.352,0.05079999999999979,3,5,3,1,,,,34.351665344695306,12,7,5,7,4,1,,,,,18.070402730505982,11.774534288501004,38.836202557132786,24.582907776181713,33634,16,13,1.5185536163467626,1.2587906619380511,11.611623357653302,10.770980482938509,28,27.1614555648564,5.0,1.91550779493773,2.0237113323776676,ZINCk6000004dGCP_m01_t04,SER17;ASP15;SER14;GLU21;SER18,3.0,-65.80370205373744
583,native_first,ZINCk800000PA8L9,CNC(=O)CN=c1cc(NCC[C@@H](O)C2CC2)nc[nH]1,4625,2841,1856,1,0,1,17.857142857142858,19.267729830797304,0.6786924325605358,13.076862428783024,5,279.34399999999994,-0.37069999999999975,4,5,7,1,,,,35.53084632385342,12,7,5,7,4,1,,,,,21.691935980280572,14.056363209100459,47.48788078281166,27.227500117709706,7593,16,1,1.2340050290314741,1.3650537548756465,11.611623357653302,9.54370203721585,28,27.1614555648564,5.0,1.9155770303990969,2.095651118764342,ZINCk800000PA8L9_m01_t05,SER17;ASP15;SER14;GLU21;SER18,2.0,-62.339231798933675
584,native_first,ZINCk5000009FAu0,Cc1cc(C(=O)NCCN=c2nc[nH]s2)nn1CCO,9619,1941,1315,1,0,1,17.857142857142858,19.267729830797304,0.6498909713236787,12.521923654939078,5,296.3560000000001,-0.7008799999999997,3,7,6,1,,,,36.92824579056311,12,7,5,7,4,1,,,,,22.074748688114727,14.604574584374141,45.18842396386719,28.01614752909408,4537,16,9,1.488506790877998,1.4003385811838747,11.611623357653302,9.600768536917949,28,27.1614555648564,5.0,1.9159743231632687,1.181688969847827,ZINCk5000009FAu0_m01_t06,SER17;ASP15;SER14;GLU21;SER18,0.0,46.69313143608177
585,native_first,ZINCk50000046rQ5,NC(=O)c1csc(CNC(=O)N[C@@H]2CC23CC(O)C3)n1,1264,4043,2478,1,0,1,17.857142857142858,19.267729830797304,0.7245079322197828,13.95962309828038,5,296.35200000000003,-0.045400000000000496,4,5,4,1,,,,34.351665344695306,12,7,5,7,4,1,,,,,19.78937034627887,12.882410895594449,42.66368867962494,25.61428834564544,19589,16,7,1.336991394453396,1.3455819794605985,11.611623357653302,11.94628275370389,28,27.1614555648564,5.0,1.9162912400959358,1.3967980008197047,ZINCk50000046rQ5_m01_t04,SER17;ASP15;SER14;GLU21;SER18,0.0,-46.6607711976018
586,native_first,ZINCk500000gdIYC,COCC=CC(=O)N[C@H](CO)CNC(=O)c1ccsn1,3504,922,697,1,1,1,17.857142857142858,17.361639502628247,0.7646781517925797,13.27606640695881,5,299.352,-0.44740000000000046,3,6,8,1,,,,38.34275944886656,13,8,5,8,4,1,,,,,20.402083540207062,13.909894488166424,38.2585736016041,27.57835390367086,6091,16,9,1.3026370173452055,1.1071063804382244,9.365549903769672,8.850905315017044,28,27.1614555648564,5.0,1.9164632979780023,1.8826092609916654,ZINCk500000gdIYC_m01_t02,SER17;ASP15;SER14;GLU21;SER18,1.0,14.86108351435484
587,native_first,ZINCk500000geHhh,CO[C@H](C)C(=O)N[C@@H]1C=C[C@H](CNC(=O)C=CCO)C1,7001,6622,3825,1,0,1,14.285714285714286,15.583483114146915,0.8201751076526579,12.781184940748822,4,282.34000000000003,-0.2530999999999996,3,4,7,1,,,,29.821298404476316,11,6,5,6,4,1,,,,,20.327054518407362,13.205036742855997,44.12603400257722,24.124752072834944,41959,16,11,0.7713707819750499,0.808598614649334,13.92267653865448,12.035692810483397,28,27.1614555648564,5.0,1.9168897753866938,1.3680588568228604,ZINCk500000geHhh_m01_t02,SER17;ASP15;SER14;GLU21;SER18,2.0,-51.072674661855885
588,native_first,ZINCk700000BlPrU,Cc1ncc(CONC(=O)c2cc(C(N)=O)n(C)n2)s1,3186,6778,3903,1,0,1,14.285714285714286,16.628609428741346,0.8025446823825538,13.345202072452762,4,295.32399999999996,0.14551999999999998,2,7,5,1,,,,41.3203280019996,14,8,6,8,3,1,,,,,21.67420494719949,15.105620808916681,38.350815850815856,29.53265416911954,1523,16,8,1.2610396833775537,0.9181502816242187,9.711946045978637,9.377477244275264,28,27.1614555648564,5.0,1.9190408491309456,1.9203845496590017,ZINCk700000BlPrU_m01_t07,SER17;ASP15;SER14;GLU21;SER18,0.0,25.460067108818613
589,native_first,ZINCj800000frCrZ,N[C@H](CCO)C(=O)Nc1ncc(-c2cnccn2)s1,4200,7704,4687,1,0,1,14.285714285714286,16.628609428741346,0.7901026286246312,13.138308020020864,4,279.325,0.24829999999999985,3,7,5,1,,,,36.06504208130489,11,6,5,6,3,1,,,,,19.229543320847835,12.616263777217235,40.41406430719406,25.963742825030657,16012,16,9,1.623476769999424,0.7056218069286041,9.711946045978637,9.605837357230227,28,27.1614555648564,5.0,1.9196199413285833,1.5182193495160248,ZINCj800000frCrZ_m02_t05,SER17;ASP15;SER14;GLU21;SER18,3.0,78.7813596832423
590,native_first,ZINCj8000018TElw,O=C(O)c1cnc(CN[C@@H](CO)Cc2cnc[nH]2)s1,2573,1150,843,1,1,1,17.857142857142858,19.267729830797304,0.7001381231117118,13.490072200357965,5,282.325,0.2575999999999993,4,6,7,1,,,,38.072664739456826,12,7,5,7,4,1,,,,,19.971913844183582,13.434055537311625,38.906050799254686,27.212214202292884,7671,16,1,1.7609053356091038,1.1982963733257583,11.611623357653302,11.435664618585403,28,27.1614555648564,5.0,1.9201935969260955,1.7946477100100708,ZINCj8000018TElw_m02_t02,SER17;ASP15;SER14;GLU21;SER18,3.0,2.9734112982172762
591,native_first,ZINCk500000gaAwr,CCOC=CC(=O)NC[C@H](CO)NC(=O)c1cnns1,10520,2731,1818,1,0,1,17.857142857142858,16.369947811584893,0.7606264262481024,12.451414901793761,5,300.34,-0.7048000000000005,3,7,8,1,,,,36.38223751692659,12,7,5,7,4,1,,,,,16.38753539856076,10.750507546970166,34.45292315087424,24.385416245907095,37088,16,4,1.4395428418184175,0.9729273060087958,9.365549903769672,8.439192335706679,28,27.1614555648564,5.0,1.9214825337042696,1.586337437150219,ZINCk500000gaAwr_m01_t03,SER17;ASP15;SER14;GLU21;SER18,2.0,-15.208606035543749
592,native_first,ZINCj700001bP68z,C[C@@H](O)C(=O)NCc1cc(CN=c2nc[nH]s2)on1,6391,7920,4887,1,0,1,17.857142857142858,19.267729830797304,0.6669017392908162,12.849682536344266,5,283.31300000000005,-0.44290000000000046,3,7,5,1,,,,34.932961828358735,11,6,5,6,3,1,,,,,20.952298645831107,13.61246577614538,45.469335205992515,26.544563918842158,11555,16,5,2.015028861037703,1.210742399540718,11.611623357653302,11.154311186293816,28,27.1614555648564,5.0,1.9222250028030858,1.3635333212595595,ZINCj700001bP68z_m01_t03,SER17;ASP15;SER14;GLU21;SER18,3.0,-45.018667281549654
593,native_first,ZINCj800000PCdOy,O=C(Nc1ccc(OCCO)cn1)c1nsnc1O,1606,7676,4659,1,0,1,14.285714285714286,16.640486220660865,0.8295114313083929,13.803473542567984,4,282.281,0.26209999999999983,3,8,5,1,,,,36.06504208130489,11,6,5,6,3,1,,,,,20.816553675346412,13.413096400671964,46.461099464244136,26.915949037729803,9214,16,10,1.4010055373557244,0.6275879703283619,11.611623357653302,11.667384667031719,28,27.1614555648564,5.0,1.9223007840017332,1.5163917146460733,ZINCj800000PCdOy_m01_t04,SER17;ASP15;SER14;GLU21;SER18,3.0,10.42407894730606
594,native_first,ZINCk6000018Tz86,OCCCOCc1noc(-c2n[nH]c3c2CCNC3)n1,354,2004,1377,1,0,1,17.857142857142858,19.267729830797304,0.7598810965503175,14.64118367186152,5,279.3,0.004399999999999349,3,7,6,1,,,,36.92824579056311,12,7,5,7,4,1,,,,,20.109678910949942,13.34356853603026,40.79613616888681,26.837105662795206,9688,16,14,1.5889081524236464,0.9350616521472357,11.611623357653302,11.927002075641823,28,27.1614555648564,5.0,1.9229103201590627,1.8624267404310841,ZINCk6000018Tz86_m02_t03,SER17;ASP15;SER14;GLU21;SER18,2.0,71.06155056345722
595,native_first,ZINCk700000drxsE,Cc1cc(CNC(=O)CNC(=O)c2cccnc2)n[nH]1,11114,256,218,1,1,1,14.285714285714286,16.628609428741346,0.7459909869844175,12.404792759925147,4,273.296,0.1593199999999993,3,4,5,1,,,,40.91933989473438,13,8,5,8,4,1,,,,,24.010164464281075,16.433376413653637,44.55079701372075,30.773834636462393,541,16,9,1.6325174189440408,0.9955476831077862,9.711946045978637,9.473559440951293,28,27.1614555648564,5.0,1.923755845012804,1.837289396198201,ZINCk700000drxsE_m01_t07,SER17;ASP15;SER14;GLU21;SER18,3.0,1.6581853089417622
596,native_first,ZINCi500000cVGg0,O=C(NCCCc1nc(O)n[nH]1)c1csc(O)n1,1356,7827,4799,1,0,1,14.285714285714286,16.628609428741346,0.8367712239897911,13.914341864936077,4,269.28600000000006,0.03499999999999964,4,7,5,1,,,,35.21365088823171,11,6,5,6,3,1,,,,,22.757675273043553,15.184567079596725,45.40068493150685,27.74006551911882,5470,16,9,0.870149899026255,0.940677750105702,9.711946045978637,9.018658625104388,28,27.1614555648564,5.0,1.9260748005239894,1.58373129271529,ZINCi500000cVGg0_m01_t02,SER17;ASP15;SER14;GLU21;SER18,3.0,-54.340334009043566
597,native_first,ZINCk50000041kvn,COC[C@@H](O)CCNC(=O)C(=O)Nc1ccnnc1C,15734,1528,1066,0,1,1,14.285714285714286,16.628609428741346,0.7269707556509346,12.088512761836352,4,282.30000000000007,-0.7628799999999998,3,6,6,1,,,,38.34275944886656,13,8,5,8,4,1,,,,,19.935321411423203,13.46486790218438,38.377261384903306,27.298296626400543,7244,16,10,1.5930387772473684,1.1495756006745974,9.711946045978637,9.939910772812908,28,27.1614555648564,5.0,1.9263323848287437,1.6391208620931852,ZINCk50000041kvn_m01_t05,SER17;ASP15;SER14;GLU21;SER18,3.0,76.99502762391907
598,native_first,ZINCk7000009L5ma,O=C(CO)N[C@@H]1CC[C@H](CN=c2cc(Cl)c(O)n[nH]2)C1,5166,5206,3171,1,0,1,17.857142857142858,20.24202807755431,0.6424634783040739,13.004763766634268,5,300.746,-0.05340000000000006,4,5,4,1,,,,33.53556236164904,11,6,5,6,4,1,,,,,20.65354301377603,13.41797717009515,44.82535276428406,25.806350752925233,17515,16,13,1.575760885919247,1.385413102193771,15.443445405737666,13.421192711990626,28,27.1614555648564,5.0,1.9274807662681757,1.7579782162816742,ZINCk7000009L5ma_m01_t05,SER17;ASP15;SER14;GLU21;SER18,3.0,11.4165090087659
599,native_first,ZINCk500000dpjEh,C[C@@H]1CN([C@H](C)c2nc(C(=O)O)n[nH]2)CCN1CCO,11118,998,738,1,1,1,14.285714285714286,13.94583583618139,0.8894695227107046,12.4043959450101,4,283.332,-0.4376999999999988,3,6,5,1,,,,38.34275944886656,13,8,5,8,4,1,,,,,18.9154462842113,13.049291168336921,34.36286941232164,26.6863715500734,10633,16,10,0.9119863426606863,0.6298365565838425,9.078045219098652,9.03784186882102,28,27.1614555648564,5.0,1.9277325191591375,1.5748551090870762,ZINCk500000dpjEh_m01_t04,SER17;ASP15;SER14;GLU21;SER18,1.0,159.23622772558315
600,native_first,ZINCk7000018T7Xu,CNC(=O)C1CCN(CCC(=O)Nc2cn[nH]c2)CC1,5352,712,579,1,1,1,14.285714285714286,16.628609428741346,0.7805729042941535,12.979841956165776,4,279.3440000000001,0.1963000000000002,3,4,5,1,,,,38.34275944886656,13,8,5,8,4,1,,,,,23.06639205844365,15.888891803137192,42.07128168824165,29.176939014612813,2042,16,4,1.4151668340803687,0.912559813293175,9.711946045978637,10.313572105258077,28,27.1614555648564,5.0,1.927916100052781,1.6188765762553863,ZINCk7000018T7Xu_m01_t08,SER17;ASP15;SER14;GLU21;SER18,3.0,-22.896995675045975
601,native_first,ZINCk600000JSPuH,C[C@@H]1C[C@H](CO)CN1C(=O)NCCCc1cc(O)n[nH]1,4398,5349,3225,1,0,1,14.285714285714286,16.628609428741346,0.7884529974030198,13.11087694673523,4,282.34399999999994,0.46019999999999983,4,4,5,1,,,,32.983637231917015,11,7,4,7,4,1,,,,,18.606869267218055,11.823675622941352,43.64693446088795,24.35757645309764,37552,16,9,1.2981088642009464,0.9850101635886058,9.711946045978637,9.493858888312642,28,27.1614555648564,5.0,1.930911764680007,1.1015860817573924,ZINCk600000JSPuH_m01_t04,SER17;ASP15;SER14;GLU21;SER18,0.0,-61.74122208045574
602,native_first,ZINCk50000041Q02,CO[C@@H]1CNC[C@@H](C(=O)NCc2ncc(C(N)=O)s2)C1,5916,793,619,1,1,1,17.857142857142858,19.267729830797304,0.6699126065428375,12.907695113112606,5,298.368,-0.5172999999999994,3,6,5,1,,,,38.34275944886656,13,8,5,8,4,1,,,,,22.141628026180864,15.172710564425792,40.950388346221665,28.622080595255138,3021,16,2,1.8859673447633185,1.230947337840811,11.611623357653302,10.6986645883171,28,27.1614555648564,5.0,1.933847295756841,1.718285271964471,ZINCk50000041Q02_m01_t01,SER17;ASP15;SER14;GLU21;SER18,0.0,-32.91208266864337
603,native_first,ZINCk500000gbZwl,CN(CCNC(=O)Cc1cnns1)C(=O)c1cn[nH]c1,2921,7475,4461,1,0,1,14.285714285714286,16.628609428741346,0.8059826773746246,13.402371148393877,4,294.34,-0.3078999999999998,2,6,6,1,,,,36.74488997860436,12,7,5,7,3,1,,,,,20.832478472105123,13.68238006661597,43.63527217161795,27.197443074704818,7738,16,2,1.0899804091689795,0.9424042872796384,9.711946045978637,8.766887898172214,28,27.1614555648564,5.0,1.9343291907554498,1.4643470526647575,ZINCk500000gbZwl_m01_t05,SER17;ASP15;SER14;GLU21;SER18,3.0,11.347864606720208
604,native_first,ZINCk6000004dK5B,NS(=O)(=O)c1ccc(C(=O)N=c2[nH]nc(CCO)s2)s1,1337,7901,4871,1,0,1,17.857142857142858,19.267729830797304,0.7224607484228706,13.920178513967489,5,334.40399999999994,-0.544,3,7,4,1,,,,34.932961828358735,11,6,5,6,3,1,,,,,21.97860065210317,14.20333551283506,48.56347566574839,27.1603451226054,7915,16,9,1.5529844988404664,1.206864950988781,11.611623357653302,11.349872247227019,28,27.1614555648564,5.0,1.9343668006961938,1.5812623701278996,ZINCk6000004dK5B_m01_t02,SER17;ASP15;SER14;GLU21;SER18,1.0,-84.6104641484187
605,native_first,ZINCj800000xcRUi,OCc1cccc(CNCCc2nnc(CO)s2)n1,3387,3338,2099,1,0,1,14.285714285714286,15.18474175275134,0.8761568426140908,13.304215390000968,4,280.35299999999995,0.25000000000000006,3,7,7,1,,,,34.38103669862671,11,7,4,7,4,1,,,,,18.85161971296728,11.780283301492444,47.16074020319306,25.063386507231055,26452,16,15,1.0912857266663447,0.543624402504635,11.611623357653302,11.161041020694825,28,27.1614555648564,5.0,1.9361564740179547,1.3864742050297327,ZINCj800000xcRUi_m01_t01,SER17;ASP15;SER14;GLU21;SER18,1.0,77.5878140287248
606,native_first,ZINCk600000Gfyme,C[C@H](NC(=O)CO)C1(CNC(=O)Cc2cscn2)CC1,4565,6109,3591,1,0,1,14.285714285714286,16.628609428741346,0.7870245605800235,13.087124028711992,4,297.38000000000005,0.07899999999999974,3,5,7,1,,,,32.391143412755326,11,6,5,6,4,1,,,,,18.51455709040912,11.808023433078436,42.854211923726766,24.065191619347605,43219,16,13,1.2802225352361605,0.9718064812907095,9.711946045978637,9.08057626697157,28,27.1614555648564,5.0,1.9370201216972283,1.6311147181172607,ZINCk600000Gfyme_m01_t06,SER17;ASP15;SER14;GLU21;SER18,3.0,-11.643377282078644
607,native_first,ZINCi5000000VR3Q,Cc1nn[nH]c1C(=O)NCCN1CC[C@H](CO)C1,5202,5074,3107,1,0,1,14.285714285714286,16.628609428741346,0.7817058257371736,12.998680864355205,4,253.30599999999993,-0.8428799999999996,3,5,5,1,,,,34.351665344695306,12,7,5,7,4,1,,,,,16.810580693461073,10.772659124002786,38.2480873334532,23.82701455395477,48318,16,5,1.4021108323104243,0.9526933454868173,9.711946045978637,9.764485323920425,28,27.1614555648564,5.0,1.9389568019985823,1.6105702068931662,ZINCi5000000VR3Q_m01_t06,SER17;ASP15;SER14;GLU21;SER18,2.0,43.25969125637045
608,native_first,ZINCj5000009hy33,C[C@H](O)CN1CCC(NC(=O)Cc2cc[nH]n2)CC1,10636,4509,2760,1,0,1,14.285714285714286,16.628609428741346,0.748255963621558,12.442456171789381,4,266.345,-0.08639999999999959,3,4,5,1,,,,34.351665344695306,12,7,5,7,4,1,,,,,18.450202523736664,11.999183616936419,39.90281100478469,24.81078765212012,29965,16,12,1.3919435725026514,1.159084291198645,9.711946045978637,9.380425258512805,28,27.1614555648564,5.0,1.9424605966241248,1.9714156134116543,ZINCj5000009hy33_m02_t06,SER17;ASP15;SER14;GLU21;SER18,3.0,47.04932492678324
609,native_first,ZINCk800000FCBLz,COCCOCc1ocnc1C(=O)Nc1nnc(O)s1,4432,6881,3972,1,0,1,14.285714285714286,16.628609428741346,0.7881273489008085,13.105461864980905,4,300.296,0.6469999999999998,2,9,7,1,,,,39.35980607005963,13,7,6,7,3,1,,,,,26.137562854600283,17.807597414722984,49.11007284858387,31.426460140784023,284,16,3,1.1912743667174113,0.9285963238083695,9.711946045978637,8.51166728480269,28,27.1614555648564,5.0,1.946344739917441,1.615684085035944,ZINCk800000FCBLz_m01_t02,SER17;ASP15;SER14;GLU21;SER18,2.0,13.391766984186797
610,native_first,ZINCk600000vp0Xx,O=C(CO)NCCc1nc(-c2c[nH]nc2C(F)F)no1,10673,7903,4873,1,0,1,10.714285714285714,13.397478468997424,0.928531450869756,12.439980120814495,3,287.22600000000006,0.04829999999999984,3,6,6,1,,,,34.932961828358735,11,6,5,6,3,1,,,,,21.73148429971238,13.899440867520669,49.78336827393433,27.012075311170925,8686,16,10,0.42774412399036227,0.6432457707685897,5.9718816967518835,5.593324163090444,28,27.1614555648564,5.0,1.94801484860025,1.870782861829607,ZINCk600000vp0Xx_m01_t02,SER17;ASP15;SER14;GLU21;SER18,0.0,20.623257930307673
611,native_first,ZINCj6000002mz66,O=C(NOCCCO)c1ccc2nc(CO)[nH]c2c1,11981,1147,840,1,1,1,17.857142857142858,19.871617180404783,0.6209379179166836,12.339040597637945,5,265.269,0.09899999999999992,4,5,6,1,,,,38.072664739456826,12,7,5,7,4,1,,,,,20.1292060340672,13.333457137421009,41.05290355290355,27.306589516223053,7203,16,7,1.4583467011508604,1.599275258665873,15.976252626946023,13.873933442189045,28,27.1614555648564,5.0,1.948691228731378,1.1098488597059517,ZINCj6000002mz66_m01_t05,SER17;ASP15;SER14;GLU21;SER18,3.0,7.45156008895316
612,native_first,ZINCk500000BlPFs,Cc1nc(CNC(=O)C[C@@H]2CNC(=O)C2)sc1C(N)=O,5164,682,562,1,1,1,17.857142857142858,19.267729830797304,0.6749597827113405,13.004942739935762,5,296.35200000000003,-0.3071799999999995,3,5,5,1,,,,38.34275944886656,13,8,5,8,4,1,,,,,23.654200471053148,16.90812752901617,39.35702517027816,29.52962406217851,1532,16,1,1.679162457407819,1.419339801426955,11.611623357653302,11.291077300121028,28,27.1614555648564,5.0,1.9488725633911648,1.8853145601351862,ZINCk500000BlPFs_m01_t08,SER17;ASP15;SER14;GLU21;SER18,3.0,-71.24671451633051
613,native_first,ZINCk800000PC3Tk,OCCCNc1cc(=NCc2nnc(CO)s2)[nH]cn1,13672,1601,1111,0,1,1,14.285714285714286,16.628609428741346,0.7351065032834786,12.223798931628734,4,296.35599999999994,-0.3513000000000008,4,8,7,1,,,,38.072664739456826,12,7,5,7,4,1,,,,,22.61338484547105,14.886633655544864,47.01713715593639,28.797096803065358,2715,16,1,1.2919181024220896,1.246006645027105,9.711946045978637,8.808499119435147,28,27.1614555648564,5.0,1.9494295631109673,1.586219432763367,ZINCk800000PC3Tk_m01_t01,SER17;ASP15;SER14;GLU21;SER18,1.0,-44.648915906389476
614,native_first,ZINCk700000JSgXM,Cc1onc(CC(=O)NCc2ncc(CO)o2)c1C#N,6515,7194,4273,1,0,1,14.285714285714286,16.628609428741346,0.7718762679188724,12.835228986537443,4,276.252,0.19389999999999974,2,7,5,1,,,,38.70541191054433,13,8,5,8,3,1,,,,,22.631557969090434,15.306205508713845,43.404292142609904,29.061099545671993,2255,16,5,1.1130995144745075,1.1788387278765344,9.711946045978637,9.062771521954252,28,27.1614555648564,5.0,1.9513806904236146,2.0617797353962057,ZINCk700000JSgXM_m01_t02,SER17;ASP15;SER14;GLU21;SER18,0.0,41.56528317858654
615,native_first,ZINCk800000EmD8M,O=C(CO)NC1CC(C(=O)NCc2cncc(Cl)c2)C1,8100,5996,3530,1,0,1,14.285714285714286,16.628609428741346,0.761940712390691,12.670014514201743,4,297.7420000000001,0.23829999999999996,3,4,5,1,,,,32.391143412755326,11,6,5,6,4,1,,,,,18.815222571805798,11.916992361893808,44.67652717652717,24.245590908185612,39544,16,0,1.0977192414086372,1.280537923324818,9.711946045978637,9.431174596203643,28,27.1614555648564,5.0,1.9528436358575123,1.4556967670598542,ZINCk800000EmD8M_m01_t01,SER17;ASP15;SER14;GLU21;SER18,0.0,-5.596005717231383
616,native_first,ZINCk700000drtW5,C[C@@H](O)c1n[nH]c(CNC(=O)c2cnc(O)c(Cl)c2)n1,13661,1606,1116,0,1,1,14.285714285714286,16.628609428741346,0.7351330730521667,12.224240749934859,4,297.70200000000006,0.5419999999999998,4,6,4,1,,,,38.072664739456826,12,7,5,7,4,1,,,,,21.109095581985688,14.184988974538978,41.239104692019495,27.894523244974145,4897,16,4,1.3226154733574136,1.2763388215508666,9.711946045978637,9.209294699316409,28,27.1614555648564,5.0,1.9572722055864464,1.5654108236806692,ZINCk700000drtW5_m01_t04,SER17;ASP15;SER14;GLU21;SER18,2.0,58.41521233935749
617,native_first,ZINCk50000047wwJ,O=C(NCC[C@@H](O)CO)NCc1noc2c1COCC2,1212,3874,2392,1,0,1,14.285714285714286,16.628609428741346,0.8415879404613251,13.9944371618702,4,285.30000000000007,-0.7101999999999999,4,6,6,1,,,,34.351665344695306,12,7,5,7,4,1,,,,,20.254329502159436,13.698867673108802,38.84160941078494,25.893263839173784,16674,16,13,0.9146631353473169,0.9133573809716116,9.711946045978637,9.270506174925828,28,27.1614555648564,5.0,1.9627680611133158,1.636654764639252,ZINCk50000047wwJ_m01_t01,SER17;ASP15;SER14;GLU21;SER18,2.0,-62.385397689664764
618,native_first,ZINCj600000JUvFA,O=C(O)Cc1nc(=NCCN2CCC[C@@H](O)C2)s[nH]1,5477,6008,3535,1,0,1,17.857142857142858,19.267729830797304,0.6728211101137525,12.963735374128905,5,286.35699999999997,-0.5443000000000005,3,6,5,1,,,,32.391143412755326,11,6,5,6,4,1,,,,,18.792496161849492,12.000458797373959,43.298834166071835,24.23195506221183,39800,16,7,1.9530965130202047,1.0795234403075935,11.611623357653302,10.302375574499715,28,27.1614555648564,5.0,1.9708739414203027,1.4004692754070636,ZINCj600000JUvFA_m01_t08,SER17;ASP15;SER14;GLU21;SER18,3.0,-4.932005923587807
619,native_first,ZINCj700000BoABY,O=C(O)c1ccc(C(=O)NC[C@H]2C[C@@H](CO)CO2)o1,11966,2484,1707,1,0,1,17.857142857142858,19.267729830797304,0.6404723421077321,12.340448051829766,5,269.25299999999993,0.10499999999999982,3,5,5,1,,,,36.38223751692659,12,7,5,7,4,1,,,,,19.89393038279888,13.228685925209618,40.096427788735475,26.489253236449965,11903,16,9,2.0311300112641026,1.2499017351037018,11.611623357653302,10.310024026149778,28,27.1614555648564,5.0,1.9714984040585621,1.509709298191758,ZINCj700000BoABY_m02_t01,SER17;ASP15;SER14;GLU21;SER18,3.0,62.77689349211582
620,native_first,ZINCk7000004fd6D,CNc1ncccc1C(=O)NCCN1CC[C@H](CO)C1,3189,4807,2953,1,0,1,14.285714285714286,16.628609428741346,0.8025035286753517,13.344517743529154,4,278.35599999999994,0.16730000000000028,3,5,6,1,,,,34.351665344695306,12,7,5,7,4,1,,,,,17.609863371463007,11.314545247091216,39.6968678722711,24.306584160755925,38471,16,9,1.3577398955311801,0.8517512443514327,9.711946045978637,9.554224617554292,28,27.1614555648564,5.0,1.9742126105522093,1.6667271464034414,ZINCk7000004fd6D_m01_t06,SER17;ASP15;SER14;GLU21;SER18,0.0,20.33453708883427
621,native_first,ZINCk5000009ACI5,CC(=O)NCC(=O)NC[C@@H](C)NC(=O)[C@H]1CCO[C@@H]1C,7776,5141,3143,1,0,1,14.285714285714286,13.782525261262656,0.9217431539616282,12.703948303872053,4,285.344,-0.8315999999999975,3,4,6,1,,,,33.81239250864757,12,7,5,7,4,1,,,,,19.912261717493124,13.520506695610369,37.76592034595801,25.472314033954902,21141,16,8,0.7089400410656034,0.5370783523118283,11.791641997618479,11.495085260630464,28,27.1614555648564,5.0,1.974600749691111,1.509966840745095,ZINCk5000009ACI5_m01_t03,SER17;ASP15;SER14;GLU21;SER18,2.0,-82.34958785035819
622,native_first,ZINCj600001bTvFI,O=C(/C=C/CO)NCCN=c1[nH]cnc2cc[nH]c12,6366,1112,805,1,1,1,14.285714285714286,16.628609428741346,0.7728767084526533,12.851864921430368,4,261.2850000000001,-0.5435999999999994,4,4,5,1,,,,38.072664739456826,12,7,5,7,4,1,,,,,21.19566641015605,14.184968880739438,41.908070340712825,27.94646574187636,4778,16,2,1.1477737226318792,1.1497560741673178,9.711946045978637,9.062223630314007,28,27.1614555648564,5.0,1.9747258149414049,1.4195034647749294,ZINCj600001bTvFI_m01_t05,SER17;ASP15;SER14;GLU21;SER18,3.0,-76.9264916272783
623,native_first,ZINCj800000FCEpl,NC(=O)CCc1csc(NC(=O)N[C@H]2C[C@@H](O)C2)n1,581,5918,3488,1,0,1,17.857142857142858,19.267729830797304,0.7470990960732365,14.394903539972,5,284.34100000000007,0.20579999999999948,4,5,5,1,,,,32.391143412755326,11,6,5,6,4,1,,,,,19.11278791822659,12.075932626755097,45.80297619047618,24.424130116038086,36343,16,4,1.5250197641743406,1.072360899502638,11.611623357653302,11.848998107172669,28,27.1614555648564,5.0,1.9747876118309964,1.5925700326692422,ZINCj800000FCEpl_m01_t01,SER17;ASP15;SER14;GLU21;SER18,2.0,-111.36256592073131
624,native_first,ZINCk6000009J6RZ,CC[C@H](C)[C@@H](O)C(=O)NCCOCCN=c1[nH]nco1,14292,1416,1016,0,1,1,10.714285714285714,13.397478468997424,0.9092910824886208,12.182207699692658,3,286.33199999999994,-0.5567999999999984,3,6,9,1,,,,38.34275944886656,13,8,5,8,4,1,,,,,24.770960399065874,17.06401526035634,45.173546929554334,30.199680018986147,912,16,3,0.5763642270607346,0.6081214290015052,5.9718816967518835,6.907955739570072,28,27.1614555648564,5.0,1.9748561090516485,1.6255594831166469,ZINCk6000009J6RZ_m01_t04,SER17;ASP15;SER14;GLU21;SER18,1.0,19.009173748735233
625,native_first,ZINCk700000gtfgc,O=C(Nc1cncc(-c2cc[nH]n2)c1)[C@H]1NCC[C@@H]1O,5543,7873,4843,1,0,1,14.285714285714286,16.628609428741346,0.7791479899760344,12.956147612500352,4,273.296,0.13299999999999945,4,5,3,1,,,,35.21365088823171,11,6,5,6,3,1,,,,,17.00124058800145,11.035847126779835,37.00321597833448,24.286204708093557,38804,16,5,1.4073916679940484,0.8345279193424213,9.711946045978637,8.582228988707755,28,27.1614555648564,5.0,1.9768293149249456,1.8210454151596736,ZINCk700000gtfgc_m01_t02,SER17;ASP15;SER14;GLU21;SER18,1.0,87.57767944459984
626,native_first,ZINCk600000JUrch,O=C(NCCC[C@H](O)CO)c1ccc2c(n1)COCC2,7831,3855,2378,1,0,1,14.285714285714286,17.03922758205644,0.7452342184224315,12.69821544963577,4,280.32400000000007,0.01749999999999985,3,5,6,1,,,,34.351665344695306,12,7,5,7,4,1,,,,,20.327720218672436,13.301031737536869,43.0929008393797,25.937298269081584,16286,16,0,1.154761055745756,1.2106006786535526,13.92267653865448,12.674876327981673,28,27.1614555648564,5.0,1.9814254888154383,1.5380862588554876,ZINCk600000JUrch_m01_t04,SER17;ASP15;SER14;GLU21;SER18,0.0,106.71163995594176
627,native_first,ZINCk500000dq5Hp,O=C(C=Cc1cnc(O)nc1O)NC1(CCO)CCC1,2963,5325,3212,1,0,1,14.285714285714286,16.628609428741346,0.8053893418237913,13.392504803258882,4,279.29600000000005,0.32229999999999986,4,6,5,1,,,,32.983637231917015,11,7,4,7,4,1,,,,,19.288609813438832,12.165741308230034,46.53304700548796,24.766620780830106,30671,16,0,1.1475796548589017,0.9943465542803539,9.711946045978637,9.79542394126587,28,27.1614555648564,5.0,1.9820904347401733,1.2252783439077748,ZINCk500000dq5Hp_m01_t05,SER17;ASP15;SER14;GLU21;SER18,2.0,-50.04840602305389
628,native_first,ZINCj5000002ar2w,CN1C[C@H](O)C[C@H]1CNCc1cc(C(=O)O)nn1C,1993,3535,2201,1,0,1,17.857142857142858,19.267729830797304,0.7096317770520048,13.672993359586613,5,268.317,-0.727099999999999,3,6,5,1,,,,34.351665344695306,12,7,5,7,4,1,,,,,22.07673595763957,14.934494587561941,42.311881360658035,26.986707712461865,8807,16,7,1.6718911533101637,1.1892054217239316,11.611623357653302,11.182947768000401,28,27.1614555648564,5.0,1.9835048517967655,1.9551487995472414,ZINCj5000002ar2w_m01_t01,SER17;ASP15;SER14;GLU21;SER18,0.0,66.04508688233612
629,native_first,ZINCk7000004eXPY,CN(C)C[C@H](CO)NC(=O)c1csc(-c2cnc[nH]2)n1,11663,290,252,1,1,1,14.285714285714286,16.640486220660865,0.742803674144851,12.360614304263656,4,295.368,0.18549999999999967,3,6,6,1,,,,40.91933989473438,13,8,5,8,4,1,,,,,22.679203019244866,15.57128776840877,41.726202626386346,29.975257769440667,1085,16,8,1.6257952372843991,1.0023367324930004,11.611623357653302,11.11159140378114,28,27.1614555648564,5.0,1.983969963744525,1.753380827848185,ZINCk7000004eXPY_m02_t07,SER17;ASP15;SER14;GLU21;SER18,2.0,47.83758954244689
630,native_first,ZINCk500000gfETH,C[C@@H](Cc1cnc[nH]1)C(=O)N[C@@H]1CCN(C(=O)CO)C1,3481,5665,3352,1,0,1,14.285714285714286,16.628609428741346,0.798696337168362,13.281209442939,4,280.328,-0.7022999999999993,3,4,5,1,,,,32.391143412755326,11,6,5,6,4,1,,,,,20.16816509895718,12.81355450198595,47.339904420549594,25.05735642447644,26543,16,12,1.3241363752463686,0.9039766700128045,9.711946045978637,9.584707709536316,28,27.1614555648564,5.0,1.9845342965414905,1.9644392697628656,ZINCk500000gfETH_m01_t01,SER17;ASP15;SER14;GLU21;SER18,1.0,0.28034226961037323
631,native_first,ZINCk500000gfNAg,C[C@@H](O)C(=O)NC1CC(F)(CNC(=O)c2cc[nH]n2)C1,7373,2861,1861,1,0,1,14.285714285714286,16.628609428741346,0.7664003994526222,12.744172908529007,4,284.29100000000005,-0.4927999999999997,4,4,5,1,,,,35.53084632385342,12,7,5,7,4,1,,,,,20.970181428699142,13.97981400278295,41.94312564718755,26.79444738676085,9938,16,14,1.2743624256273958,1.0851871290379609,9.711946045978637,8.941111053354504,28,27.1614555648564,5.0,1.9889523243323508,1.304555160771745,ZINCk500000gfNAg_m01_t06,SER17;ASP15;SER14;GLU21;SER18,0.0,-44.280685350314364
632,native_first,ZINCj5000002hlxI,O=C(NCc1nc(CO)n[nH]1)[C@@H](O)c1cccnc1,2808,1139,832,1,1,1,17.857142857142858,19.267729830797304,0.697036834437826,13.430317408062223,5,263.257,-0.9582000000000006,4,6,5,1,,,,38.072664739456826,12,7,5,7,4,1,,,,,20.385730579339874,13.705319767212515,39.771754774964016,27.46050424338666,6539,16,14,1.280269965487505,1.3801945536426616,11.611623357653302,10.146117839418796,28,27.1614555648564,5.0,1.990907900403037,1.76353444500966,ZINCj5000002hlxI_m01_t06,SER17;ASP15;SER14;GLU21;SER18,2.0,33.39693495069148
633,native_first,ZINCk6000004dDkc,N=c1cc[nH]cc1C(=O)NCc1ccc(C(N)=O)nc1,3221,1095,788,1,1,1,17.857142857142858,19.267729830797304,0.6923111316007403,13.339263842536623,5,271.28,-0.08192999999999973,4,4,4,1,,,,38.072664739456826,12,7,5,7,4,1,,,,,24.972168432486725,16.802405290393942,48.60533864075397,30.212366955274767,895,16,10,1.5727790096994312,1.3817630159661103,11.611623357653302,11.269072005781604,28,27.1614555648564,5.0,1.9923457185234932,1.5035346539733656,ZINCk6000004dDkc_m01_t03,SER17;ASP15;SER14;GLU21;SER18,1.0,56.6968481744033
634,native_first,ZINCk6000009JHgr,Cc1nsc(NCCCNC(=O)C2(O)COC2)c1C#N,11068,2291,1618,1,0,1,14.285714285714286,13.661198176189362,0.9083218513688122,12.408764819312562,4,296.35200000000003,0.0027000000000000357,3,7,6,1,,,,36.38223751692659,12,7,5,7,4,1,,,,,22.486303317100386,15.049400063523066,44.45392661795825,28.04467699703087,4447,16,12,0.7379638905212925,0.6042469693547963,11.791641997618479,11.38169869087782,28,27.1614555648564,5.0,1.9939264225900788,1.5890194291137538,ZINCk6000009JHgr_m01_t06,SER17;ASP15;SER14;GLU21;SER18,2.0,43.90649282910789
635,native_first,ZINCk5000009EzJm,C[C@@H](O)c1n[nH]c(CNC(=O)C=Cc2ccncn2)n1,2633,7963,4926,1,0,1,14.285714285714286,16.628609428741346,0.8104508661337452,13.476670914123185,4,274.28400000000005,-0.022400000000000198,3,6,5,1,,,,34.932961828358735,11,6,5,6,3,1,,,,,20.144895436828307,12.962335371500233,45.17907303370788,26.060121993440475,15148,16,4,1.194140396541062,0.9024385727554866,9.711946045978637,9.193320275297781,28,27.1614555648564,5.0,1.99407961666404,1.5217318307026007,ZINCk5000009EzJm_m01_t03,SER17;ASP15;SER14;GLU21;SER18,1.0,-18.141802285091863
636,native_first,ZINCk500000g83HK,CC(=O)NCc1cn([C@H](C)C(=O)N[C@H]2C[C@@H](O)C2)nn1,1174,3738,2315,1,0,1,17.857142857142858,19.267729830797304,0.7272963486297512,14.013349552323414,5,281.316,-0.8852999999999991,3,6,5,1,,,,34.351665344695306,12,7,5,7,4,1,,,,,20.872153856680516,13.596743869959562,44.894532585308966,26.263958451886428,13490,16,10,1.4059422568396238,1.1669801502115873,11.611623357653302,10.454198130907763,28,27.1614555648564,5.0,1.9954336399740844,1.5819871057482386,ZINCk500000g83HK_m01_t08,SER17;ASP15;SER14;GLU21;SER18,3.0,-13.350130096625861
637,native_first,ZINCk500000BlRLY,Cc1sc(C(=O)O)nc1C(=O)N[C@@H](C)C(=O)NCCO,3319,204,171,1,1,1,17.857142857142858,21.697772545463838,0.6137827692985661,13.317718920565193,5,301.32400000000007,-0.6234799999999994,4,6,6,1,,,,41.48246235996464,14,9,5,9,4,1,,,,,21.638377008615826,15.741676640973415,34.598796832839405,29.576011149155356,1474,16,9,1.7759756906123003,1.4454050278396697,15.443445405737666,13.428227642108268,28,27.1614555648564,5.0,1.9954731322426407,1.835188446331696,ZINCk500000BlRLY_m02_t08,SER17;ASP15;SER14;GLU21;SER18,2.0,159.4755825489614
638,native_first,ZINCj500000fkBuq,O=C(NCCCc1nc(O)n[nH]1)[C@@H]1CC12CC(O)C2,2379,5342,3220,1,0,1,14.285714285714286,16.628609428741346,0.8145332414710998,13.544555139149582,4,266.30100000000004,-0.2799000000000009,4,5,5,1,,,,32.983637231917015,11,7,4,7,4,1,,,,,18.880146186288723,11.9793880362944,44.53417602996255,24.52154260454004,34676,16,2,0.9302662440607167,0.8971410016678142,9.711946045978637,8.32350359582387,28,27.1614555648564,5.0,1.9964829011958423,1.1231119193956096,ZINCj500000fkBuq_m01_t02,SER17;ASP15;SER14;GLU21;SER18,1.0,-40.04395366813199
639,native_first,ZINCk500000442Sm,C[C@H](OCC(=O)Nc1n[nH]c(CO)n1)c1nccn1C,6159,321,283,1,1,1,14.285714285714286,16.628609428741346,0.774435144555591,12.877779546705767,4,280.288,-0.25320000000000076,3,7,6,1,,,,40.91933989473438,13,8,5,8,4,1,,,,,21.068273127334123,14.30069090715439,39.995554884594746,29.008699834294227,2338,16,12,1.5194102685853654,0.8886311883523265,9.711946045978637,10.12144881598677,28,27.1614555648564,5.0,1.9969051551942896,1.9119762598497303,ZINCk500000442Sm_m01_t03,SER17;ASP15;SER14;GLU21;SER18,3.0,-49.70571864601577
640,native_first,ZINCj700000PHeaW,C[C@@H](CNC(=O)c1cscn1)CC(=O)N[C@@H]1C[C@H]1O,7866,5864,3453,1,0,1,14.285714285714286,16.024722079133863,0.792156147131637,12.694082101061955,4,283.35299999999995,0.14849999999999997,3,5,6,1,,,,32.391143412755326,11,6,5,6,4,1,,,,,19.264280208041757,12.261024130415121,44.92396813902971,24.515025489927186,34765,16,2,1.1876979528594012,0.9841579994098998,9.413178262414874,8.616376744170426,28,27.1614555648564,5.0,1.9983862486163237,1.4639399835641345,ZINCj700000PHeaW_m01_t06,SER17;ASP15;SER14;GLU21;SER18,0.0,-22.084296545480786
641,native_first,ZINCj500000fkp9E,O=C(CO)NC1CC(F)(CNC(=O)c2cocn2)C1,4080,5618,3327,1,0,1,14.285714285714286,16.628609428741346,0.7914257320100964,13.16030938945161,4,271.248,-0.6164000000000003,3,5,5,1,,,,32.391143412755326,11,6,5,6,4,1,,,,,20.501560479129154,13.078191208493173,47.41499042145596,25.257393652579623,23768,16,10,1.4012564718631164,0.8912595028411511,9.711946045978637,9.687897245387399,28,27.1614555648564,5.0,1.9984625058450705,1.7292643124963814,ZINCj500000fkp9E_m01_t04,SER17;ASP15;SER14;GLU21;SER18,3.0,-1.854758153809953
642,native_first,ZINCk7000004fSwJ,C[C@@H](O)c1ncc(C(=O)Nc2cnn(CC(N)=O)c2)s1,8990,6948,4035,1,0,1,14.285714285714286,16.640486220660865,0.7559806631307625,12.579885807913517,4,295.32399999999996,0.13049999999999995,3,7,5,1,,,,38.92405593253,12,7,5,7,3,1,,,,,23.56088921384761,15.64905308960323,47.65351776957193,29.706155901320564,1346,16,7,1.0859659729020594,1.3310903017129698,11.611623357653302,11.586664621384092,28,27.1614555648564,5.0,1.99850036490743,1.5125048428372057,ZINCk7000004fSwJ_m01_t06,SER17;ASP15;SER14;GLU21;SER18,1.0,7.895159974697897
643,native_first,ZINCk5000003ZB93,CNC(=O)c1ccc(=NC(=O)N2C[C@@H](O)[C@H](C)C2)[nH]n1,857,3905,2409,1,0,1,17.857142857142858,19.267729830797304,0.7369782739336616,14.199898273321118,5,279.29999999999995,-0.8974000000000002,3,4,1,1,,,,34.351665344695306,12,7,5,7,4,1,,,,,20.165123463929845,13.06972306639623,44.114219114219125,25.83974021623603,17198,16,4,1.4165873537395066,1.174453406644368,11.611623357653302,10.903191354241011,28,27.1614555648564,5.0,1.9987198915810676,1.8731867619093365,ZINCk5000003ZB93_m01_t04,SER17;ASP15;SER14;GLU21;SER18,0.0,-5.475423811219921
644,native_first,ZINCk700000PxGDZ,C[C@H]1C[C@@H](CNCc2ccc(C(=O)O)nn2)CC(=O)N1,9130,3487,2175,1,0,1,17.857142857142858,19.267729830797304,0.6521771723944324,12.56597355950924,5,278.312,0.17910000000000093,3,5,5,1,,,,34.351665344695306,12,7,5,7,4,1,,,,,22.627382813126665,14.851341620666448,47.49579124579125,27.317095825754123,7160,16,6,1.8405701365529004,1.4418571530485025,11.611623357653302,11.129891936994836,28,27.1614555648564,5.0,2.0002189979013147,2.090697594284484,ZINCk700000PxGDZ_m01_t01,SER17;ASP15;SER14;GLU21;SER18,2.0,16.4355715765316
645,native_first,ZINCj6000018TEda,O=C(O)c1ccc(CNC[C@H](O)Cn2ccnc2)[nH]1,9286,3116,1964,1,0,1,14.285714285714286,17.4744052530532,0.7182858860834154,12.551618660970005,4,264.28499999999997,0.06009999999999921,4,5,7,1,,,,35.525455647520424,11,7,4,7,4,1,,,,,17.21928720511498,11.077028608667257,38.65196078431373,24.54175458207716,34331,16,8,1.170047514439555,1.4185962329840043,11.322353863044563,10.33274527083567,28,27.1614555648564,5.0,2.0037665015269477,1.7025945757076346,ZINCj6000018TEda_m01_t02,SER17;ASP15;SER14;GLU21;SER18,3.0,-18.683560433790397
646,native_first,ZINCj800000JUIKZ,Cc1cc(=NC[C@@H]2C[C@@H]3[C@@H](O)C[C@H]3O2)[nH]c(CO)n1,1822,4650,2854,1,0,1,14.285714285714286,15.18474175275134,0.9042398150066037,13.730648073430922,4,265.313,-0.3505800000000002,3,5,3,1,,,,34.351665344695306,12,7,5,7,4,1,,,,,18.055642966399716,11.669699385988904,39.87768045907579,24.574051917717952,33772,16,0,0.5707090926103225,0.620578442552494,11.611623357653302,10.569247324619301,28,27.1614555648564,5.0,2.0046153126972968,2.2868433683859903,ZINCj800000JUIKZ_m01_t05,SER17;ASP15;SER14;GLU21;SER18,1.0,42.08133260591878
647,native_first,ZINCk5000003ZqiF,CNC(=O)Cc1noc(CN[C@@H]2CCC[C@H]2CCO)n1,162,6390,3731,1,0,1,17.857142857142858,19.267729830797304,0.7751596198534357,14.935566131079542,5,282.34399999999994,-0.0012000000000002564,3,6,7,1,,,,31.8044562527589,11,7,4,7,4,1,,,,,19.737643681012234,12.573795185369786,45.87422082330434,24.564368709710898,33921,16,10,1.493395128630739,0.904972020746494,11.611623357653302,11.200136330303668,28,27.1614555648564,5.0,2.008112255456058,1.9274769245422838,ZINCk5000003ZqiF_m01_t04,SER17;ASP15;SER14;GLU21;SER18,1.0,28.486120248039978
648,native_first,ZINCk5000009Ad6f,C=C[C@@H](O)C(=O)NC[C@@H]1CCN(c2nnc(CO)s2)C1,708,6503,3792,1,0,1,14.285714285714286,15.18474175275134,0.9417509367215802,14.300244769528863,4,298.368,-0.4802000000000006,3,7,6,1,,,,31.8044562527589,11,7,4,7,4,1,,,,,18.62753690430051,11.680106195808422,45.97222222222223,23.898304643683865,46726,16,4,0.6462037774107606,0.363376682367159,11.611623357653302,12.231315527311413,28,27.1614555648564,5.0,2.009537202580154,1.6077517394142924,ZINCk5000009Ad6f_m01_t02,SER17;ASP15;SER14;GLU21;SER18,1.0,-18.418651685654748
649,native_first,ZINCk500000dpG5L,Cc1nnc(OCC(=O)NCc2cnn(CCO)c2)s1,4957,7445,4431,1,0,1,14.285714285714286,16.628609428741346,0.7838894652004453,13.034991752123137,4,297.34,-0.26948000000000033,2,8,7,1,,,,36.74488997860436,12,7,5,7,3,1,,,,,21.931945153980926,14.256028761967915,47.51627682662167,27.8571230838303,5037,16,13,1.0517914475956882,1.168805236246182,9.711946045978637,9.275770830451341,28,27.1614555648564,5.0,2.0116507789099773,1.2430990773653348,ZINCk500000dpG5L_m01_t01,SER17;ASP15;SER14;GLU21;SER18,2.0,-11.542559421197637
650,native_first,ZINCj7000018SW9n,CCOCc1nnc(NC(=O)[C@@H]2C[C@H](O)[C@H](C)N2)s1,2427,4162,2556,1,0,1,14.285714285714286,16.024722079133863,0.8444047414177538,13.5313513035224,4,286.357,0.12439999999999946,3,7,5,1,,,,34.351665344695306,12,7,5,7,4,1,,,,,19.387413421952797,12.536232031000779,42.75161797616888,25.3731141910498,22319,16,9,1.0194640995593731,0.8442117752163649,9.413178262414874,9.273009009267751,28,27.1614555648564,5.0,2.0137633577934224,1.946466574978397,ZINCj7000018SW9n_m01_t05,SER17;ASP15;SER14;GLU21;SER18,0.0,26.249237012384242
651,native_first,ZINCk800000JUw7d,O=C(OC[C@H]1CC[C@H](CO)CO1)c1c[nH]nc1[N+](=O)[O-],11452,6728,3863,1,0,1,14.285714285714286,15.18474175275134,0.8150647763113524,12.376548140051923,4,285.25600000000003,0.2621999999999999,2,7,5,1,,,,42.17709863203811,12,8,4,8,3,1,,,,,19.071470397037032,12.014883503943462,46.213753039278075,28.313721691037465,3740,16,13,1.1379070760820789,0.935998263913098,11.611623357653302,11.352977327485235,28,27.1614555648564,5.0,2.016714632151682,1.7762535522678164,ZINCk800000JUw7d_m01_t01,SER17;ASP15;SER14;GLU21;SER18,0.0,5.783540433967385
652,native_first,ZINCk700000drHJs,O=C(O)Cn1cnc(=NC(=O)c2ccc(CO)cc2)[nH]1,2149,7958,4923,1,0,1,17.857142857142858,19.267729830797304,0.7070513863413597,13.623275088516005,5,276.25199999999995,-0.47079999999999983,3,5,4,1,,,,34.932961828358735,11,6,5,6,3,1,,,,,20.207011178829024,12.901674103568887,46.584805653710255,26.09739143864091,14860,16,8,1.6006087208799518,1.214038476141774,11.611623357653302,10.792048151955107,28,27.1614555648564,5.0,2.0195748310548556,1.6562892211716211,ZINCk700000drHJs_m02_t02,SER17;ASP15;SER14;GLU21;SER18,3.0,-76.91394260661161
653,native_first,ZINCj5000002hzeH,O=C(O)c1cn(CCNC(=O)c2csc(O)n2)nn1,7382,6938,4025,1,0,1,17.857142857142858,19.267729830797304,0.6613612444946237,12.74292977948229,5,283.269,-0.4316000000000003,3,8,5,1,,,,38.92405593253,12,7,5,7,3,1,,,,,23.835098597149955,16.06763104049983,46.1404851625059,29.870681531301972,1170,16,13,1.6062355823115784,1.281854498043889,11.611623357653302,9.759032131604398,28,27.1614555648564,5.0,2.0229044968406904,1.2533431933970152,ZINCj5000002hzeH_m01_t03,SER17;ASP15;SER14;GLU21;SER18,0.0,-19.626403529503634
654,native_first,ZINCk500000gdLXb,COCCC(=O)N[C@@H]1C[C@@H]1CNC(=O)[C@@H](C)NC(C)=O,11064,5122,3135,1,0,1,14.285714285714286,13.782525261262656,0.9003478571715064,12.409067085389989,4,285.34400000000005,-0.8315999999999979,3,4,8,1,,,,33.81239250864757,12,7,5,7,4,1,,,,,21.420183950281487,14.202178094797807,43.55752648435574,26.37706737362792,12691,16,4,0.812009804158202,0.6030325725475645,11.791641997618479,11.342635788816978,28,27.1614555648564,5.0,2.0239175979282282,1.6715889617457573,ZINCk500000gdLXb_m01_t03,SER17;ASP15;SER14;GLU21;SER18,2.0,-113.26965864507612
655,native_first,ZINCk800000Py9g3,C[C@H](CNC(=O)N1CCCc2n[nH]cc2C1)OCCO,3429,4490,2746,1,0,1,14.285714285714286,16.628609428741346,0.7994772445395897,13.294194846615172,4,282.344,0.26489999999999997,3,4,5,1,,,,34.351665344695306,12,7,5,7,4,1,,,,,18.49889799792765,12.108968224262332,39.16787235752753,24.84000493663471,29551,16,3,1.19907505958263,0.9113411299353165,9.711946045978637,10.618964156353112,28,27.1614555648564,5.0,2.024714305575429,1.5379634361976886,ZINCk800000Py9g3_m01_t01,SER17;ASP15;SER14;GLU21;SER18,1.0,-40.73246078000339
656,native_first,ZINCk8000009Mdzb,Cc1n[nH]cc1C(=O)NC[C@H](C)NC(=O)c1cnco1,6905,281,243,1,1,1,14.285714285714286,16.024722079133863,0.7983021675647319,12.79257037039498,4,277.284,0.2544199999999999,3,5,5,1,,,,40.91933989473438,13,8,5,8,4,1,,,,,23.069069193657555,15.755103944908857,43.057648516509275,30.209177474088282,901,16,13,0.9092591371915866,1.0021319798698238,9.413178262414874,7.991949238320859,28,27.1614555648564,5.0,2.0264305140357535,1.9389818394992795,ZINCk8000009Mdzb_m01_t08,SER17;ASP15;SER14;GLU21;SER18,0.0,-3.636908893965728
657,native_first,ZINCk50000041ksv,COC[C@@H](O)C1(NC(=O)Nc2ncc(C(N)=O)s2)CC1,1666,807,625,1,1,1,17.857142857142858,19.267729830797304,0.7154696157642253,13.785475258689448,5,300.3400000000001,-0.09660000000000113,4,6,6,1,,,,38.34275944886656,13,8,5,8,4,1,,,,,21.9995280806305,14.825003733270922,42.630411700232905,28.536820627924925,3226,16,2,1.442487623132938,1.2999007208661086,11.611623357653302,12.253525449476394,28,27.1614555648564,5.0,2.0290902425349286,1.7237344396596541,ZINCk50000041ksv_m01_t04,SER17;ASP15;SER14;GLU21;SER18,1.0,-42.50713435240173
658,native_first,ZINCk700000BmvGR,Cn1cnc(C[C@H](O)C(=O)Nc2ncc(C(=O)O)s2)c1,5963,7003,4089,1,0,1,17.857142857142858,19.267729830797304,0.6696539473679766,12.90271133801313,5,296.308,0.11689999999999934,3,7,5,1,,,,38.92405593253,12,7,5,7,3,1,,,,,21.686149395701023,14.27770246927037,45.07451889727888,28.58131201043261,3116,16,0,1.8023342350880622,1.3644985187355694,11.611623357653302,11.910048215328251,28,27.1614555648564,5.0,2.031130492131658,2.1298456212755017,ZINCk700000BmvGR_m02_t03,SER17;ASP15;SER14;GLU21;SER18,3.0,-9.517056414638969
659,native_first,ZINCk50000047nKb,O=C(N=c1ccn(CCO)[nH]1)N1CC(c2nc[nH]n2)C1,5993,7943,4909,1,0,1,14.285714285714286,16.628609428741346,0.7757835300128083,12.90020132183323,4,277.28800000000007,-0.9533,3,5,3,1,,,,34.932961828358735,11,6,5,6,3,1,,,,,20.407248035673113,13.09821638255908,46.172054103622216,26.217533552747362,13869,16,12,1.4164287676212977,0.8784542175073229,9.711946045978637,8.715115452908826,28,27.1614555648564,5.0,2.0356815765920206,1.657156091404469,ZINCk50000047nKb_m01_t04,SER17;ASP15;SER14;GLU21;SER18,1.0,-62.23397374088433
660,native_first,ZINCk8000004iHm1,COCc1nc(CNC(=O)C=Cc2cnn(C)c2)no1,7375,7773,4755,1,0,1,14.285714285714286,14.477064275896673,0.8802590393842302,12.743566692604562,4,277.28400000000005,0.2790999999999997,1,7,6,1,,,,35.895530351877184,12,8,4,8,3,1,,,,,20.79816410633611,13.29595259251268,47.72933415790558,26.83711060455254,9687,16,15,1.1032220044751708,0.5260824295417615,8.080270416267007,8.204322524027551,28,27.1614555648564,5.0,2.0372684594699013,1.642102177386142,ZINCk8000004iHm1_m01_t01,SER17;ASP15;SER14;GLU21;SER18,2.0,37.31476604208998
661,native_first,ZINCi600000PUjW8,O=C(CCNC(=O)c1nc[nH]n1)Nc1cnsc1,11951,7725,4707,1,0,1,14.285714285714286,16.628609428741346,0.7422011333647324,12.341772764291301,4,266.28600000000006,0.019799999999999707,3,6,5,1,,,,36.06504208130489,11,6,5,6,3,1,,,,,18.148089587590395,11.771270355752433,39.60107600732602,25.314870585076193,23027,16,2,1.6589057737385604,1.0050757283717164,9.711946045978637,9.726890977908866,28,27.1614555648564,5.0,2.040763647231538,1.8024280420753924,ZINCi600000PUjW8_m01_t08,SER17;ASP15;SER14;GLU21;SER18,2.0,-21.03647424746803
662,native_first,ZINCk5000009Gn0a,O=C(NC1(CN=c2[nH]ncs2)COC1)c1coc(O)n1,1867,7227,4306,1,0,1,14.285714285714286,16.628609428741346,0.8246740933435641,13.713183404211511,4,297.296,-0.7355000000000005,3,8,4,1,,,,38.67995817276016,12,6,6,6,3,1,,,,,22.284841773393254,15.409265570934776,40.239693556339375,28.842888333140017,2619,16,11,0.8869276803647084,0.9862523462344915,9.711946045978637,8.909262014927886,28,27.1614555648564,5.0,2.042558714833485,1.7109691602834207,ZINCk5000009Gn0a_m01_t03,SER17;ASP15;SER14;GLU21;SER18,3.0,7.21426344496844
663,native_first,ZINCj6000009jngA,Cc1n[nH]c(=NC[C@H](O)CNC(=O)c2cnoc2)s1,9102,7031,4117,1,0,1,14.285714285714286,16.628609428741346,0.7558809987355366,12.56924990258017,4,283.313,-0.5407800000000003,3,7,5,1,,,,38.92405593253,12,7,5,7,3,1,,,,,21.179293676185893,14.029395629584462,43.19104506604508,28.27719857872354,3836,16,5,1.2733453956904948,1.1123585732468413,9.711946045978637,8.707772168388587,28,27.1614555648564,5.0,2.0458001551493847,1.7409127350358677,ZINCj6000009jngA_m01_t03,SER17;ASP15;SER14;GLU21;SER18,3.0,-14.201178221185268
664,native_first,ZINCj500000vhzVa,O=C(Cc1cnc[nH]1)NCCNC(=O)c1ccsn1,7155,7037,4123,1,0,1,14.285714285714286,16.628609428741346,0.7677106645350634,12.76596079483304,4,279.325,-0.04509999999999964,3,5,6,1,,,,38.92405593253,12,7,5,7,3,1,,,,,21.129546721455647,14.23236351917987,40.99740932642486,28.247350405885385,3909,16,5,1.4919271477958995,0.9496857086467906,9.711946045978637,9.244992462135217,28,27.1614555648564,5.0,2.048468342438529,1.6358159646642974,ZINCj500000vhzVa_m01_t08,SER17;ASP15;SER14;GLU21;SER18,0.0,2.6783999070677598
665,native_first,ZINCj5000002dJzP,C[C@@H]1C[C@@H](NC(=O)c2cnn(C[C@@H](O)CO)c2)CO1,4724,5981,3521,1,0,1,14.285714285714286,16.024722079133863,0.8152355035053701,13.063922372716316,4,269.301,-0.8564999999999996,3,6,5,1,,,,32.391143412755326,11,6,5,6,4,1,,,,,18.897940607805687,11.843420633948059,46.73645907897876,24.295221729785542,38650,16,3,1.093835633923659,0.9641720502318614,9.413178262414874,9.705166071625962,28,27.1614555648564,5.0,2.049713284230729,1.614549133925106,ZINCj5000002dJzP_m01_t02,SER17;ASP15;SER14;GLU21;SER18,2.0,33.163055727470706
666,native_first,ZINCj6000002lN6I,C[C@@H](Oc1cccnc1)C(=O)Nc1n[nH]c(CO)n1,2197,7742,4724,1,0,1,14.285714285714286,16.628609428741346,0.8181749867039514,13.60511229826565,4,263.25699999999995,0.09799999999999981,3,6,5,1,,,,36.06504208130489,11,6,5,6,3,1,,,,,17.147224036921816,11.136142275030654,37.258862799263376,24.714351254675044,31488,16,5,0.8979039583911835,1.0457003580533313,9.711946045978637,9.110817529079927,28,27.1614555648564,5.0,2.0510423511732245,2.073105889831069,ZINCj6000002lN6I_m01_t07,SER17;ASP15;SER14;GLU21;SER18,3.0,66.39216771032012
667,native_first,ZINCk800001bQnN1,O=C(NCCOc1cn[nH]c1)N1C[C@H]2C[C@@H](O)[C@H](C2)C1,3571,6248,3667,1,0,1,14.285714285714286,15.18474175275134,0.8733749197937405,13.261972610397864,4,280.3280000000001,0.20079999999999948,3,4,4,1,,,,32.391143412755326,11,6,5,6,4,1,,,,,18.195727550830828,11.541932677372188,42.9639815471966,23.873893895600627,47263,16,12,0.9385368352199498,0.6307571549167388,11.611623357653302,10.760052271980559,28,27.1614555648564,5.0,2.0592505351760653,1.7583636565234575,ZINCk800001bQnN1_m01_t02,SER17;ASP15;SER14;GLU21;SER18,0.0,-44.029212564967835
668,native_first,ZINCk50000047wzb,O=C(NCC[C@@H](O)CO)c1c[nH]nc1-c1ccncc1,9117,1103,796,1,1,1,14.285714285714286,16.628609428741346,0.755750947055356,12.567087323984893,4,276.29600000000005,-0.05520000000000014,4,5,6,1,,,,38.072664739456826,12,7,5,7,4,1,,,,,22.76413939319361,15.406905434959286,43.57009400362002,28.887549531698898,2540,16,0,1.2910499583726716,1.1023143465827827,9.711946045978637,8.71737200675,28,27.1614555648564,5.0,2.059294154612494,1.4141432360524018,ZINCk50000047wzb_m01_t04,SER17;ASP15;SER14;GLU21;SER18,0.0,17.504939886902186
669,native_first,ZINCk5000003Zq7Z,CNC(=O)Cc1nc(CN2CCN[C@@H](CCO)C2)cs1,223,3443,2157,1,0,1,17.857142857142858,19.267729830797304,0.7693099620632006,14.822856505174672,5,298.412,-0.41219999999999946,3,6,6,1,,,,34.351665344695306,12,7,5,7,4,1,,,,,23.249779254695117,15.565775490531045,45.91617933723197,27.69053369069519,5648,16,2,1.519116002652199,0.925990934151032,11.611623357653302,11.979656174347568,28,27.1614555648564,5.0,2.0617575279542972,1.5994264704922228,ZINCk5000003Zq7Z_m01_t03,SER17;ASP15;SER14;GLU21;SER18,0.0,64.46737307871847
670,native_first,ZINCj600000PFw38,CC[C@H](CC(=O)NCCF)NC(=O)[C@H]1C[C@@H]1[N+](=O)[O-],9171,493,427,1,1,1,14.285714285714286,13.782525261262656,0.9114835778244627,12.562545436591723,4,275.28000000000003,0.022200000000000497,2,4,8,1,,,,38.9876214945082,12,9,3,9,4,1,,,,,14.980279327328114,9.081653606051043,42.740972651686945,24.583216194200148,33630,16,3,0.7974582171141108,0.5453472569061385,11.791641997618479,12.111050710158295,28,27.1614555648564,5.0,2.0621732779276702,1.5081744169651923,ZINCj600000PFw38_m01_t05,SER17;ASP15;SER14;GLU21;SER18,2.0,-41.546574906680384
671,native_first,ZINCk600001bQmMW,O=C(NC[C@@H]1CC[C@H]2COC[C@@H]2O1)Nc1c[nH]nc1O,11934,2448,1692,1,0,1,14.285714285714286,13.94583583618139,0.8850223350728325,12.342376196279641,4,282.3,0.4307999999999998,4,5,3,1,,,,36.38223751692659,12,7,5,7,4,1,,,,,20.2548170344545,13.608116515071325,39.59394329645456,26.705785227443336,10489,16,5,0.7847510801314086,0.7482707963106777,9.078045219098652,9.205009060726725,28,27.1614555648564,5.0,2.0627391308894896,1.630779914077327,ZINCk600001bQmMW_m01_t04,SER17;ASP15;SER14;GLU21;SER18,3.0,-32.616274346631684
672,native_first,ZINCk600001bQqpR,O=C(O)c1ccn(C2CC(NC[C@H]3OCC[C@H]3O)C2)n1,4264,3673,2277,1,0,1,17.857142857142858,19.267729830797304,0.6813924984151266,13.12888656819464,5,281.312,0.02419999999999961,3,6,5,1,,,,34.351665344695306,12,7,5,7,4,1,,,,,21.17846102698421,13.96994016043,43.75735631496001,26.44774275406865,12142,16,10,1.4839127785705721,1.528628018988836,11.611623357653302,11.585710372794045,28,27.1614555648564,5.0,2.0652532079398296,1.5237602461671838,ZINCk600001bQqpR_m01_t01,SER17;ASP15;SER14;GLU21;SER18,2.0,89.120578052217
673,native_first,ZINCk500000dpVxF,NC(=O)COc1cccc(CNC(=O)[C@@H]2C[C@H]2CO)c1,4035,5509,3285,1,0,1,14.285714285714286,14.611784403253237,0.9011883807333594,13.16797032599274,4,278.30799999999994,-0.20470000000000027,3,4,7,1,,,,32.391143412755326,11,6,5,6,4,1,,,,,21.62482903195304,13.77001157271754,50.34055354993985,25.931354784273957,16346,16,10,0.878732415425382,0.5637316531518952,11.611623357653302,11.374797344524136,28,27.1614555648564,5.0,2.066971934331382,1.5820726984422144,ZINCk500000dpVxF_m01_t06,SER17;ASP15;SER14;GLU21;SER18,3.0,-6.66830345204355
674,native_first,ZINCk600000gqv1Z,Nc1cc(O)nc(C(=O)NCCN=c2cncc[nH]2)c1,14587,1345,980,0,1,1,14.285714285714286,16.628609428741346,0.7313955555694857,12.162091031482264,4,274.284,-0.5768000000000002,4,6,4,1,,,,39.20474499240297,12,7,5,7,4,1,,,,,23.832744343705382,16.563821321989135,42.47075182201763,29.981544603184417,1080,16,1,1.396654549214915,1.2108415993004702,9.711946045978637,8.90963837378205,28,27.1614555648564,5.0,2.067260123069337,1.3751497020982728,ZINCk600000gqv1Z_m01_t07,SER17;ASP15;SER14;GLU21;SER18,3.0,34.24588088770898
675,native_first,ZINCk50000044ExU,Cc1cc(CNC(=O)C(=O)NC[C@@H]2COCCN2)sn1,13888,1514,1057,0,1,1,14.285714285714286,16.628609428741346,0.7341634304298894,12.20811694148355,4,298.368,-0.8276799999999991,3,6,4,1,,,,38.34275944886656,13,8,5,8,4,1,,,,,20.40792712208093,13.712729648696588,39.87846159080085,27.581860052795182,6074,16,10,1.5032657656727237,1.1667217716603135,9.711946045978637,10.024699391055826,28,27.1614555648564,5.0,2.067686022631357,1.7790484393355588,ZINCk50000044ExU_m01_t04,SER17;ASP15;SER14;GLU21;SER18,3.0,92.90435137239217
676,native_first,ZINCk500000g855z,CC(=O)N[C@@H](CO)CNC(=O)c1nc2cnccc2s1,8370,7107,4192,1,0,1,14.285714285714286,16.628609428741346,0.7602228327628177,12.641448564824245,4,294.336,-0.0818999999999998,3,6,5,1,,,,38.92405593253,12,7,5,7,3,1,,,,,18.911446871831764,12.658189060543098,37.37505690477606,26.916490496111056,9205,16,12,1.0302576181392569,1.2452777919870028,9.711946045978637,8.69346321411395,28,27.1614555648564,5.0,2.072056201671286,1.720474604181676,ZINCk500000g855z_m01_t02,SER17;ASP15;SER14;GLU21;SER18,3.0,27.425997612020232
677,native_first,ZINCk800000JUmBE,OCCNc1cncc(N[C@H](CO)C[C@H]2CCCO2)n1,8011,2961,1898,1,0,1,14.285714285714286,16.640486220660865,0.7619811731616124,12.67973721239881,4,282.34399999999994,0.222699999999999,4,7,8,1,,,,35.53084632385342,12,7,5,7,4,1,,,,,18.706294810896,12.126801929729886,40.89325653662688,25.436115416078962,21541,16,12,0.9377846908143965,1.0689873989935872,11.611623357653302,9.698197867934857,28,27.1614555648564,5.0,2.081389461289616,1.6181554461578127,ZINCk800000JUmBE_m01_t02,SER17;ASP15;SER14;GLU21;SER18,1.0,74.87917637816625
678,native_first,ZINCk700000JUsvZ,O=C(NCCOc1cccnc1F)[C@H](O)c1cnc[nH]1,3541,7722,4704,1,0,1,14.285714285714286,16.628609428741346,0.7979678670763155,13.269095998297841,4,280.25899999999996,0.17239999999999955,3,5,6,1,,,,36.06504208130489,11,6,5,6,3,1,,,,,18.319215206843307,12.085860931328321,37.830540037243956,25.41754595662794,21777,16,12,1.017587927808719,1.093917738724724,9.711946045978637,9.138117438051056,28,27.1614555648564,5.0,2.083845451090585,1.75152671398808,ZINCk700000JUsvZ_m01_t04,SER17;ASP15;SER14;GLU21;SER18,0.0,72.52985082716599
679,native_first,ZINCj600000FCzNb,CNC(=O)c1coc(NC(=O)N[C@@H]2CC[C@H](O)C2)n1,2224,4564,2798,1,0,1,17.857142857142858,19.267729830797304,0.7057226346465348,13.597673059847907,5,268.27299999999997,0.06909999999999933,4,5,3,1,,,,34.351665344695306,12,7,5,7,4,1,,,,,18.30244970125142,11.75654808429836,41.29499694935937,24.72213595862897,31357,16,12,1.7767011580446714,1.1421968944114937,11.611623357653302,11.935454126151296,28,27.1614555648564,5.0,2.085092069028546,1.9808818645870931,ZINCj600000FCzNb_m01_t01,SER17;ASP15;SER14;GLU21;SER18,1.0,-86.15902926556322
680,native_first,ZINCk500000gaWSi,CC[C@@H](CCO)NC(=O)Cn1cc([C@H]2C[C@H]2CO)nn1,7680,6460,3768,1,0,1,14.285714285714286,16.024722079133863,0.7933514360852608,12.713236274348036,4,282.344,-0.3489000000000006,3,6,8,1,,,,31.8044562527589,11,7,4,7,4,1,,,,,19.010494587183594,12.183642545202074,43.238030406171994,24.128079253413716,41883,16,1,1.1711815306588538,1.0271221333397313,9.413178262414874,9.906946409044325,28,27.1614555648564,5.0,2.0857526740811134,1.7883467100638348,ZINCk500000gaWSi_m01_t03,SER17;ASP15;SER14;GLU21;SER18,0.0,-38.985285936129905
681,native_first,ZINCk600001bNj1e,Cc1cc(=Nc2ncc3cn[nH]c3n2)[nH]n1CC(N)=O,1184,6781,3906,1,0,1,17.857142857142858,19.267729830797304,0.7269955821787877,14.00755446560408,5,272.27200000000005,-0.49138000000000076,3,6,3,1,,,,40.693177378886034,12,7,5,7,3,1,,,,,24.13250185848244,16.240284703100585,46.94723641604433,30.75677206664388,549,16,8,1.75236673611991,1.009143351488963,11.611623357653302,11.145890348555584,28,27.1614555648564,5.0,2.0889015524065613,1.9849698723259064,ZINCk600001bNj1e_m01_t07,SER17;ASP15;SER14;GLU21;SER18,2.0,-48.873685949895986
682,native_first,ZINCk8000018Tb4H,COc1ccc(NCc2nc(O)n[nH]2)cc1NC(N)=O,5612,1092,785,1,1,1,17.857142857142858,19.267729830797304,0.6718929733441358,12.945852285605902,5,278.27200000000005,0.6215999999999998,5,6,5,1,,,,38.072664739456826,12,7,5,7,4,1,,,,,25.47622468488624,17.28451902586801,48.42772775680125,30.514800706714475,678,16,15,2.00971959837857,1.0956616073644014,11.611623357653302,10.555577216146666,28,27.1614555648564,5.0,2.0911697904809334,1.5458313020471341,ZINCk8000018Tb4H_m01_t05,SER17;ASP15;SER14;GLU21;SER18,0.0,-45.34015894376125
683,native_first,ZINCk600000JTR1l,CO[C@@H](CNC(=O)[C@H]1CCc2cnccc2N1)C(=O)O,6799,2624,1773,1,0,1,14.285714285714286,16.628609428741346,0.7700409147110823,12.804709614881313,4,279.296,0.02410000000000001,3,5,5,1,,,,36.38223751692659,12,7,5,7,4,1,,,,,18.12984771863382,11.746915704104394,39.70366153292983,25.430803637950927,21620,16,12,1.2834504019181303,1.106623251984621,9.711946045978637,9.443077291334212,28,27.1614555648564,5.0,2.0960302254946193,2.0743260132449164,ZINCk600000JTR1l_m01_t04,SER17;ASP15;SER14;GLU21;SER18,3.0,60.21877220806273
684,native_first,ZINCj5000009i7UW,O=C(c1ncc[nH]1)N1CC(CN=c2[nH]nc(O)s2)C1,11084,7679,4662,1,0,1,14.285714285714286,16.628609428741346,0.746150626632173,12.407447345277015,4,280.31300000000005,-0.42720000000000014,3,6,3,1,,,,36.06504208130489,11,6,5,6,3,1,,,,,20.644746568100064,13.456390653546233,44.32071396089133,26.812864773381996,9822,16,15,1.2368465156313828,1.2821364989608999,9.711946045978637,9.397681269616683,28,27.1614555648564,5.0,2.1000650821765667,1.8318626080047244,ZINCj5000009i7UW_m01_t08,SER17;ASP15;SER14;GLU21;SER18,1.0,-7.288012524623467
685,native_first,ZINCi600000JXCuy,Cc1nc[nH]c1CC(=O)NCc1cc(CO)on1,6482,2047,1420,1,0,1,14.285714285714286,16.628609428741346,0.772150360427608,12.839786763812551,4,250.25799999999995,0.05731999999999948,3,5,5,1,,,,36.92824579056311,12,7,5,7,4,1,,,,,19.468124789453412,12.848808144627895,40.15451347245543,26.452173189897294,12120,16,12,1.3069186326264455,1.0839318113029315,9.711946045978637,9.705255693553447,28,27.1614555648564,5.0,2.1003470124031196,1.829893316037397,ZINCi600000JXCuy_m01_t04,SER17;ASP15;SER14;GLU21;SER18,0.0,-20.310007153700724
686,native_first,ZINCj600000Bn2oy,O=C(C[C@H]1C[C@@H](O)CN1)Nc1nc2cnccc2[nH]1,9214,8012,4975,1,0,1,14.285714285714286,16.628609428741346,0.7552076022474984,12.558052255389896,4,261.285,0.00929999999999992,4,5,3,1,,,,34.932961828358735,11,6,5,6,3,1,,,,,19.446674653675423,12.395845194335674,45.09958071278825,25.641189523548746,19286,16,13,1.05701018028327,1.2796745146455495,9.711946045978637,8.814541225364074,28,27.1614555648564,5.0,2.1016227497182096,1.70859243722834,ZINCj600000Bn2oy_m01_t06,SER17;ASP15;SER14;GLU21;SER18,2.0,-39.37879855971766
687,native_first,ZINCk7000009KDJU,CON=CC(=O)NC1CC(CNc2cc(O)ncn2)C1,6852,5477,3272,1,0,1,14.285714285714286,13.94583583618139,0.9176911800487012,12.797970545270765,4,279.3,0.12109999999999987,3,7,6,1,,,,32.391143412755326,11,6,5,6,4,1,,,,,22.420591068555165,14.189527053303902,53.39255802823642,26.408812006235234,12423,16,6,0.7827852908624439,0.5215766471044092,9.078045219098652,9.205440930327915,28,27.1614555648564,5.0,2.105119434630968,1.313213448829387,ZINCk7000009KDJU_m01_t06,SER17;ASP15;SER14;GLU21;SER18,0.0,-30.244936748263164
688,native_first,ZINCj700000JaqFu,O=C(O)[C@@H]1C[C@@H](O)CN1Cc1cnc(/C=C/CO)s1,776,4190,2575,1,0,1,14.285714285714286,16.640486220660865,0.85652593418615,14.253008005463304,4,284.337,0.1683999999999995,3,6,5,1,,,,34.351665344695306,12,7,5,7,4,1,,,,,19.270241345752606,12.610551783403961,40.83582636302583,25.302810945329686,23166,16,14,1.0126618200653237,0.7739803089633336,11.611623357653302,11.684384528010932,28,27.1614555648564,5.0,2.106709922852131,1.8090433643528385,ZINCj700000JaqFu_m01_t01,SER17;ASP15;SER14;GLU21;SER18,0.0,36.51513288587368
689,native_first,ZINCk7000018TuOn,NC(=O)c1cc(NCCCN2CC[C@@H](O)C2)c(F)cn1,11437,5867,3455,1,0,1,17.857142857142858,19.267729830797304,0.6424156298267398,12.377890794583113,5,282.31899999999996,0.18819999999999953,3,5,6,1,,,,32.391143412755326,11,6,5,6,4,1,,,,,19.259845359615095,12.127804156911706,46.75554760200429,24.51236458087119,34809,16,6,2.0194859693861194,1.3909438975428068,11.611623357653302,11.353406440962688,28,27.1614555648564,5.0,2.1086390029851088,1.0085787795445043,ZINCk7000018TuOn_m01_t02,SER17;ASP15;SER14;GLU21;SER18,1.0,87.68167609629506
690,native_first,ZINCk600000gqyQU,O=C(C[C@H]1CC[C@H](O)C1)NCCNC(=O)c1ccon1,1722,4170,2560,1,0,1,14.285714285714286,16.628609428741346,0.8279257096080476,13.767253261085749,4,281.312,0.07169999999999949,3,5,6,1,,,,34.351665344695306,12,7,5,7,4,1,,,,,19.36458198891769,12.568896390909792,42.15876284497206,25.35941533122873,22481,16,4,1.1893343774987033,0.8040791491873963,9.711946045978637,9.288993083402902,28,27.1614555648564,5.0,2.1121206609000662,1.325520671787437,ZINCk600000gqyQU_m01_t04,SER17;ASP15;SER14;GLU21;SER18,1.0,-11.706064646365908
691,native_first,ZINCk5000009Fw9T,C[C@]1(C(=O)NCCNc2cc(O)ncn2)CCNC1=O,8296,5245,3184,1,0,1,14.285714285714286,15.18474175275134,0.8330067317862274,12.648992100477264,4,279.30000000000007,-0.7635000000000003,4,6,5,1,,,,33.53556236164904,11,6,5,6,4,1,,,,,18.75816294869195,11.99451525003417,43.01295518207283,24.669122713874785,32232,16,1,0.9954831702039174,0.8121135851668293,11.611623357653302,10.536597890676402,28,27.1614555648564,5.0,2.1125582567885113,1.9930620181129872,ZINCk5000009Fw9T_m01_t02,SER17;ASP15;SER14;GLU21;SER18,0.0,-74.85554695566948
692,native_first,ZINCk500000BlKbE,Cc1cc(CNC(=O)[C@@H](N)CCOCCO)nnc1C,6193,3606,2241,1,0,1,14.285714285714286,16.628609428741346,0.7740707407882688,12.871720018784604,4,282.344,-0.5640599999999989,3,6,8,1,,,,34.351665344695306,12,7,5,7,4,1,,,,,21.573195889788487,14.375009979233855,43.210604472396916,26.684583671751216,10642,16,0,1.3273954847450278,1.003056426465256,9.711946045978637,10.452285129783071,28,27.1614555648564,5.0,2.1141302767431305,1.4369540958839857,ZINCk500000BlKbE_m01_t05,SER17;ASP15;SER14;GLU21;SER18,2.0,21.499357575358204
693,native_first,ZINCk600000BmhRW,C[C@H](CCO)C(=O)N[C@H]1CCc2nc(C(=O)O)cn2C1,11259,3750,2323,1,0,1,17.857142857142858,19.267729830797304,0.6431472019578739,12.391986528757545,5,281.312,0.030799999999999883,3,5,5,1,,,,34.351665344695306,12,7,5,7,4,1,,,,,20.819870137897556,13.658895654755446,43.76421723941832,26.232588220616655,13750,16,2,1.7158603350443145,1.572790860173776,11.611623357653302,12.319991237141009,28,27.1614555648564,5.0,2.1161295852835615,1.1620228616410455,ZINCk600000BmhRW_m02_t02,SER17;ASP15;SER14;GLU21;SER18,0.0,65.42129188206947
694,native_first,ZINCj5000002gPK9,O=C(C=CSc1nc[nH]n1)NC[C@@H]1C[C@H](CO)CO1,1070,5962,3511,1,0,1,14.285714285714286,16.628609428741346,0.8463728688650076,14.074003867439528,4,284.34100000000007,-0.07590000000000002,3,6,6,1,,,,32.391143412755326,11,6,5,6,4,1,,,,,18.94081998099883,12.019284308249928,44.65796897038082,24.320949353701433,38193,16,3,0.9623065036429121,0.7385749192303862,9.711946045978637,8.595113228601598,28,27.1614555648564,5.0,2.1163438563336134,1.4162224816009992,ZINCj5000002gPK9_m01_t03,SER17;ASP15;SER14;GLU21;SER18,0.0,-20.000481498373752
695,native_first,ZINCk5000009FewW,C[C@H](O)C(=O)NCC=CCN=c1[nH]cnc2c1COC2,12975,1430,1022,0,1,1,10.714285714285714,13.397478468997424,0.9157183099310591,12.268316340968074,3,278.312,-0.6061999999999999,3,5,5,1,,,,38.34275944886656,13,8,5,8,4,1,,,,,23.756343638976237,16.56165095738671,42.00341880341879,29.590909962932365,1459,16,0,0.6742475521157599,0.616120574369567,5.9718816967518835,5.874618109675723,28,27.1614555648564,5.0,2.1166709289976997,1.70970282034102,ZINCk5000009FewW_m01_t06,SER17;ASP15;SER14;GLU21;SER18,1.0,-35.96053773029154
696,native_first,ZINCk700000BlNOR,Cc1c[nH]ccc1=NNC(=O)COCc1ncnn1C,681,7458,4444,1,0,1,14.285714285714286,16.628609428741346,0.8610602468545643,14.318234539560159,4,276.3,-0.3996799999999996,2,6,5,1,,,,36.74488997860436,12,7,5,7,3,1,,,,,21.226829233746475,13.651717814636857,47.68824306472921,27.434053531689628,6655,16,10,0.9937588877117319,0.7534822321256925,9.711946045978637,9.488440955544407,28,27.1614555648564,5.0,2.1210186411091834,2.0382803907269107,ZINCk700000BlNOR_m01_t06,SER17;ASP15;SER14;GLU21;SER18,3.0,21.992601728688673
697,native_first,ZINCk700000Ja3r3,NC(=O)CN1CCC(N=c2cc[nH]c(C(=O)O)c2)CC1,11864,597,514,1,1,1,17.857142857142858,19.267729830797304,0.6408212470824204,12.347170658618682,5,278.31200000000007,-0.43669999999999853,3,4,4,1,,,,38.34275944886656,13,8,5,8,4,1,,,,,26.139726361449267,18.099027790416482,47.03600603348927,31.020939596416184,423,16,3,1.560885716735755,1.4765851054718966,11.611623357653302,9.825532713031839,28,27.1614555648564,5.0,2.123513407811689,1.758348813126672,ZINCk700000Ja3r3_m01_t06,SER17;ASP15;SER14;GLU21;SER18,1.0,0.11015577936274212
698,native_first,ZINCk500000geEWU,CO[C@H](C(=O)NCCNC(=O)Cc1cc[nH]n1)C1CC1,14866,1457,1033,0,1,1,14.285714285714286,14.477064275896673,0.8389074462565901,12.14491702098499,4,280.3280000000001,-0.3903999999999983,3,4,8,1,,,,38.34275944886656,13,8,5,8,4,1,,,,,22.519103890419185,15.23229711056208,43.17136725935009,28.848566113798135,2610,16,11,0.9581710855053317,0.872331772497812,8.080270416267007,7.394021195350093,28,27.1614555648564,5.0,2.1292034937368194,1.5803082785576947,ZINCk500000geEWU_m01_t08,SER17;ASP15;SER14;GLU21;SER18,1.0,3.161385334387862
699,native_first,ZINCk6000004dp5z,Cc1n[nH]cc1CC(=O)NCC12CC(C(=O)O)(CO1)C2,4648,2328,1636,1,0,1,14.285714285714286,16.628609428741346,0.7861935987190385,13.073306288475493,4,279.296,0.010620000000000462,3,4,5,1,,,,36.38223751692659,12,7,5,7,4,1,,,,,21.80207987322499,14.611474235703897,42.92766057471945,27.63414293070563,5865,16,10,1.1579923016777898,1.1004327007528862,9.711946045978637,9.535922482752795,28,27.1614555648564,5.0,2.1300302129422617,1.9122490330334156,ZINCk6000004dp5z_m01_t01,SER17;ASP15;SER14;GLU21;SER18,0.0,-10.461565654764401
700,native_first,ZINCk6000009IM2v,CC(=O)NCC(=O)N[C@H]1C[C@@](F)(CN=c2nc[nH]s2)C1,2726,5660,3351,1,0,1,14.285714285714286,16.628609428741346,0.8089962556876175,13.45248276514356,4,301.34700000000004,-0.505099999999999,3,5,5,1,,,,32.391143412755326,11,6,5,6,4,1,,,,,20.211748985788507,12.914831071005473,46.46410803127221,25.083506756575236,26147,16,9,1.4464719358468678,0.734102657669776,9.711946045978637,9.628479813092191,28,27.1614555648564,5.0,2.130515216585585,1.6244930968438716,ZINCk6000009IM2v_m01_t06,SER17;ASP15;SER14;GLU21;SER18,3.0,-23.43093921187479
701,native_first,ZINCk600000PtQ7d,Cc1c(NCc2cccnn2)nc[nH]c1=NCC(N)=O,505,7112,4197,1,0,1,14.285714285714286,17.4744052530532,0.8282970245721847,14.473997877272518,4,273.3,-0.49378000000000005,3,6,5,1,,,,38.92405593253,12,7,5,7,3,1,,,,,18.75642154713405,12.382884792708179,38.649551608932654,26.823475301292433,9758,16,4,1.2306943825976138,0.7881955771225216,11.322353863044563,11.262215726192522,28,27.1614555648564,5.0,2.1314350925109466,1.7896215754842175,ZINCk600000PtQ7d_m01_t06,SER17;ASP15;SER14;GLU21;SER18,0.0,-70.27478291260468
702,native_first,ZINCk7000018SoQf,C[C@]1(CO)CCCN1C(=O)NCCCc1cc(O)n[nH]1,9481,5359,3230,1,0,1,10.714285714285714,13.397478468997424,0.9356024942711684,12.534714272538263,3,282.344,0.6042999999999997,4,4,5,1,,,,32.983637231917015,11,7,4,7,4,1,,,,,18.38790569698207,11.673525892639782,43.28400281888654,24.22619831095605,39921,16,6,0.3529056384033066,0.5760100178811197,5.9718816967518835,5.2565411583882655,28,27.1614555648564,5.0,2.135295246910213,1.646138098688238,ZINCk7000018SoQf_m01_t04,SER17;ASP15;SER14;GLU21;SER18,1.0,-43.31292329454841
703,native_first,ZINCk6000018TEjz,O=C(O)c1cc(OCCNC(=O)[C@H]2CCC[C@H]2O)no1,931,2298,1621,1,0,1,17.857142857142858,19.267729830797304,0.7345694904055861,14.153486483081284,5,284.268,0.028799999999999548,3,6,6,1,,,,36.38223751692659,12,7,5,7,4,1,,,,,22.34851868559436,14.850168524837128,45.14247391952311,27.96200621812725,4712,16,5,1.3304855825417796,1.2474091709847672,11.611623357653302,10.875070439780377,28,27.1614555648564,5.0,2.137172081920415,1.828698381123263,ZINCk6000018TEjz_m02_t03,SER17;ASP15;SER14;GLU21;SER18,0.0,-32.41022147896677
704,native_first,ZINCk600000PBNRQ,NC(=O)C(=O)NCc1csc(C(=O)NC2(CF)CC2)c1,6108,5557,3301,1,0,1,14.285714285714286,16.024722079133863,0.80408068002015,12.885169426523868,4,299.32700000000006,0.08150000000000013,3,4,5,1,,,,32.391143412755326,11,6,5,6,4,1,,,,,20.94043277369185,13.231884313760728,50.16558675305974,25.52071702931724,20593,16,8,1.284428017021478,0.9022861280706068,9.413178262414874,9.39581726147472,28,27.1614555648564,5.0,2.1382289337107396,1.3851465325967809,ZINCk600000PBNRQ_m01_t01,SER17;ASP15;SER14;GLU21;SER18,3.0,39.39367162750834
705,native_first,ZINCk7000018TCYw,O=C(NCCN=c1cccn[nH]1)N1C[C@@H](O)C12CCC2,5618,4565,2799,1,0,1,14.285714285714286,16.628609428741346,0.7785184149807879,12.945678655798297,4,277.3280000000001,-0.3807999999999998,3,4,3,1,,,,34.351665344695306,12,7,5,7,4,1,,,,,18.30241244737569,11.953186876027322,39.0388413429888,24.722113606303537,31359,16,2,1.3065245562837262,1.044449042796208,9.711946045978637,9.6334047414655,28,27.1614555648564,5.0,2.144573311219235,1.6546451330814569,ZINCk7000018TCYw_m01_t04,SER17;ASP15;SER14;GLU21;SER18,0.0,9.682706915977375
706,native_first,ZINCk6000009JpFj,CSCC[C@H](O)C(=O)N[C@H]1C[C@@H](N=c2[nH]nc(O)s2)C1,5888,2863,1862,1,0,1,14.285714285714286,15.18474175275134,0.8503337295018408,12.912098086139366,4,318.42400000000004,-0.16130000000000055,4,7,6,1,,,,35.53084632385342,12,7,5,7,4,1,,,,,20.938726351142993,13.801220546728771,43.36619911184146,26.77557434022716,10042,16,13,0.72393128440383,0.8592319234776497,11.611623357653302,10.461059034139193,28,27.1614555648564,5.0,2.145750937576359,1.6932686225078732,ZINCk6000009JpFj_m01_t04,SER17;ASP15;SER14;GLU21;SER18,0.0,-45.44354186516604
707,native_first,ZINCk5000009DufT,COC[C@H](O)CN1CC[C@@H](NC(=O)c2cnc(C)[nH]2)C1,12355,1424,1019,0,1,1,14.285714285714286,16.628609428741346,0.7403989912711039,12.31180564728126,4,282.34400000000005,-0.4704799999999987,3,5,6,1,,,,38.34275944886656,13,8,5,8,4,1,,,,,24.026343952676854,16.99027502481801,41.009216367496634,29.752910151152733,1288,16,6,1.4454614021652794,1.0870788834100806,9.711946045978637,8.723155216556247,28,27.1614555648564,5.0,2.1458988833455455,1.6389912993449904,ZINCk5000009DufT_m01_t08,SER17;ASP15;SER14;GLU21;SER18,2.0,41.30125477774701
708,native_first,ZINCi700000xcpre,NC(=O)c1csc(CN=c2ccc(CO)n[nH]2)n1,8580,7060,4146,1,0,1,17.857142857142858,19.267729830797304,0.6550118103032716,12.620590596904892,5,265.298,-0.44170000000000015,3,6,4,1,,,,38.92405593253,12,7,5,7,3,1,,,,,20.369281335781082,13.72268367139987,39.50223387723389,27.79119117448065,5272,16,13,1.8110996704155953,1.4484659196365786,11.611623357653302,11.178431416440104,28,27.1614555648564,5.0,2.1482076850232064,1.8103249908034722,ZINCi700000xcpre_m01_t04,SER17;ASP15;SER14;GLU21;SER18,2.0,27.00815746153237
709,native_first,ZINCk7000004eKMy,CC[C@@H](C(=O)NCc1ncc(C(N)=O)s1)n1cncn1,9793,7525,4510,1,0,1,14.285714285714286,16.628609428741346,0.7521724124138258,12.507581269103667,4,294.34000000000003,0.10099999999999987,2,7,6,1,,,,36.74488997860436,12,7,5,7,3,1,,,,,19.50280542620154,12.666980581118942,42.36581370727712,26.399639247162664,12511,16,3,1.1856462046673102,1.1859077521354429,9.711946045978637,8.653663683171512,28,27.1614555648564,5.0,2.1503447431965417,1.940094659817928,ZINCk7000004eKMy_m01_t02,SER17;ASP15;SER14;GLU21;SER18,1.0,-28.550993061088857
710,native_first,ZINCk5000003YIGk,CN(CCO)c1ccc(CNC2(CCO)COC2)cn1,858,6487,3784,1,0,1,14.285714285714286,16.640486220660865,0.8533054457080582,14.19941751131982,4,281.35599999999994,-0.24890000000000012,3,6,8,1,,,,31.8044562527589,11,7,4,7,4,1,,,,,18.72846968075818,11.655610848672413,47.63333333333333,23.95886430955847,45453,16,14,0.8435676646624268,0.8903271479452441,11.611623357653302,11.203246235948406,28,27.1614555648564,5.0,2.1536362762859547,1.7805333967503976,ZINCk5000003YIGk_m01_t01,SER17;ASP15;SER14;GLU21;SER18,3.0,51.663053659388225
711,native_first,ZINCk600000PBKbi,N[C@H]1COC[C@@H](CNC(=O)CCc2csc(CO)n2)C1,4272,5570,3306,1,0,1,14.285714285714286,16.628609428741346,0.7894424037253482,13.127329398035558,4,299.396,0.04799999999999943,3,6,6,1,,,,32.391143412755326,11,6,5,6,4,1,,,,,20.78877156542982,13.145767794731466,49.66310794780544,25.429720304360025,21636,16,4,1.0247519059429921,1.1211216961133075,9.711946045978637,8.986506458223182,28,27.1614555648564,5.0,2.154459473425836,1.4075666314284472,ZINCk600000PBKbi_m01_t02,SER17;ASP15;SER14;GLU21;SER18,0.0,27.01416405561582
712,native_first,ZINCk600000JTs4F,CN(Cc1cn[nH]c1)C(=O)NC[C@@H]1C[C@@H]2[C@@H](O)C[C@@H]2O1,8512,3564,2218,1,0,1,14.285714285714286,16.628609428741346,0.7593826642945821,12.627477731511613,4,280.328,0.08939999999999998,3,4,4,1,,,,34.351665344695306,12,7,5,7,4,1,,,,,21.882660812541683,14.766325221592961,42.238813628899834,26.87026262540313,9479,16,4,1.2050555749751768,1.229303824210118,9.711946045978637,9.900792415936621,28,27.1614555648564,5.0,2.1574910377574765,1.4821676201305718,ZINCk600000JTs4F_m01_t02,SER17;ASP15;SER14;GLU21;SER18,1.0,-53.92707750846132
713,native_first,ZINCj5000002i2Sg,OCc1csc(CN[C@H]2CCn3c(O)nnc3C2)n1,4999,3366,2125,1,0,1,14.285714285714286,15.18474175275134,0.8580140569368246,13.028721874816165,4,281.341,0.037099999999999744,3,8,4,1,,,,34.38103669862671,11,7,4,7,4,1,,,,,17.087799873115085,10.691196228600159,42.53931379556826,24.005094603319733,44462,16,13,1.0751912572315643,0.6829496569623502,11.611623357653302,11.085600323458035,28,27.1614555648564,5.0,2.163551468586229,1.5283066401998455,ZINCj5000002i2Sg_m01_t02,SER17;ASP15;SER14;GLU21;SER18,3.0,24.364955304871206
714,native_first,ZINCk5000009FBva,Cc1cc(CC(=O)NC[C@H](CO)N=c2nc[nH]s2)no1,11626,7961,4925,1,0,1,14.285714285714286,16.628609428741346,0.74350706499903,12.363488591378674,4,297.34000000000003,-0.6118800000000002,3,7,6,1,,,,34.932961828358735,11,6,5,6,3,1,,,,,20.18982425993056,12.844872257760443,47.15263157894737,26.087079287301833,14943,16,14,1.1722757630974527,1.3059795504994172,9.711946045978637,9.018489475726769,28,27.1614555648564,5.0,2.16382026721126,1.641667307125795,ZINCk5000009FBva_m01_t03,SER17;ASP15;SER14;GLU21;SER18,0.0,3.15054048931507
715,native_first,ZINCk800000JRWGK,Cc1cc(CN2CCN3C[C@H](O)C[C@H]3C2)[nH]c1C(=O)O,10574,4617,2830,1,0,1,17.857142857142858,19.267729830797304,0.6460556824550526,12.448026345195327,5,279.34000000000003,0.2721199999999995,3,4,3,1,,,,34.351665344695306,12,7,5,7,4,1,,,,,18.146336927478067,12.352255755437158,34.17844278193405,24.628468294364964,32936,16,4,2.016299136186095,1.283883197438627,11.611623357653302,10.619618273427458,28,27.1614555648564,5.0,2.1650983368593364,2.096326916656211,ZINCk800000JRWGK_m01_t04,SER17;ASP15;SER14;GLU21;SER18,1.0,63.40142886119124
716,native_first,ZINCk5000009FG8z,Cc1n[nH]c(=NC2(CNC(=O)[C@H]3C[C@@H](O)C3)COC2)s1,334,2501,1718,1,0,1,14.285714285714286,16.628609428741346,0.8821834776108675,14.669484493679901,4,298.368,-0.6635800000000001,3,6,4,1,,,,36.38223751692659,12,7,5,7,4,1,,,,,19.68782325190984,12.956428983670834,40.9771022118289,26.365588957916543,12781,16,2,0.9680452439211462,0.6352127768416921,9.711946045978637,9.812523046566861,28,27.1614555648564,5.0,2.1668261717631037,1.9216397228811772,ZINCk5000009FG8z_m01_t06,SER17;ASP15;SER14;GLU21;SER18,2.0,1.9873541252881655
717,native_first,ZINCk800000PAG7w,COCC(=O)NCc1ccc(C(=O)N[C@@H]2CC[C@H]2O)s1,309,3388,2139,1,0,1,17.857142857142858,19.267729830797304,0.7639298476507828,14.719193914217426,5,298.364,0.2638000000000001,3,5,6,1,,,,34.351665344695306,12,7,5,7,4,1,,,,,24.751727311179515,16.750942472530518,47.38369040117622,28.591702524585827,3095,16,7,1.415208978885926,0.9622550614816812,11.611623357653302,10.640840783789136,28,27.1614555648564,5.0,2.168570290537724,1.9664133433657807,ZINCk800000PAG7w_m01_t01,SER17;ASP15;SER14;GLU21;SER18,3.0,-12.556679613981188
718,native_first,ZINCj800000EmgWX,CC[C@H](O)CC(=O)N[C@@H]1C[C@@H]1C(=O)N=c1cco[nH]1,3616,5831,3436,1,0,1,14.285714285714286,16.628609428741346,0.7969817836376897,13.252698801932782,4,267.28499999999997,-0.2992999999999994,3,4,5,1,,,,32.391143412755326,11,6,5,6,4,1,,,,,19.378701917274626,12.31564528742648,45.43687589158345,24.583678515466907,33622,16,8,0.8795906405564617,1.0617553002399829,9.711946045978637,8.429852054000321,28,27.1614555648564,5.0,2.172788917429721,1.7772455837424168,ZINCj800000EmgWX_m01_t08,SER17;ASP15;SER14;GLU21;SER18,1.0,-22.88931767772243
719,native_first,ZINCj6000018TA8V,OCCO[C@H]1C[C@H](Nc2cc(CO)nc(CO)c2)C1,10006,3216,2019,1,0,1,17.857142857142858,19.267729830797304,0.6484040276190363,12.493273625364424,5,268.313,0.01799999999999996,4,6,7,1,,,,34.94415916385699,12,8,4,8,4,1,,,,,18.3363213229883,12.10908215818622,37.74939617203515,24.979456459335776,27541,16,5,1.8677498458261874,1.4676378960078158,11.611623357653302,11.742925857208814,28,27.1614555648564,5.0,2.175487186325514,1.4082663448892645,ZINCj6000018TA8V_m01_t02,SER17;ASP15;SER14;GLU21;SER18,2.0,62.709634226318045
720,native_first,ZINCk600001bNngU,Cc1c[nH]nc1CC(=O)NCC12CC(C(=O)O)(CO1)C2,7686,2300,1622,1,0,1,14.285714285714286,16.628609428741346,0.7645037244013528,12.71263383988821,4,279.296,0.010620000000000462,3,4,5,1,,,,36.38223751692659,12,7,5,7,4,1,,,,,22.277705821268885,14.858668782205816,44.493741552565126,27.91951849953197,4844,16,3,1.215113968857244,1.1947760013989968,9.711946045978637,9.669464910698473,28,27.1614555648564,5.0,2.178674100922093,2.0853314563849557,ZINCk600001bNngU_m01_t06,SER17;ASP15;SER14;GLU21;SER18,3.0,-16.011351247108117
721,native_first,ZINCk800000Py8aE,C[C@@H](CNC(=O)[C@H]1C[C@@H](O)C1)C(=O)NCc1nccs1,452,6211,3646,1,0,1,14.285714285714286,16.628609428741346,0.8738438756038217,14.530808509113589,4,297.38,0.28249999999999936,3,5,6,1,,,,32.391143412755326,11,6,5,6,4,1,,,,,18.301721257069143,11.475376828325038,45.17480842911878,23.937490119343618,45881,16,13,0.990025156213084,0.6247145000864973,9.711946045978637,10.354082902283116,28,27.1614555648564,5.0,2.1827015702697286,2.0653638893233124,ZINCk800000Py8aE_m01_t01,SER17;ASP15;SER14;GLU21;SER18,3.0,-46.92392165962243
722,native_first,ZINCk5000009C2aj,CC[C@@H](CN1CC(O)(CNC(=O)c2cc[nH]n2)C1)OC,6064,830,639,1,1,1,14.285714285714286,13.94583583618139,0.9244211227400233,12.891825221230851,4,282.34400000000005,-0.38879999999999937,3,5,7,1,,,,38.34275944886656,13,8,5,8,4,1,,,,,21.636167461060147,14.705372699957916,40.9241387527233,28.318804256182712,3729,16,14,0.5763273451414765,0.5968760678531045,9.078045219098652,9.45849897627169,28,27.1614555648564,5.0,2.1901764793985654,1.860180393625908,ZINCk5000009C2aj_m01_t03,SER17;ASP15;SER14;GLU21;SER18,1.0,223.75783889883635
723,native_first,ZINCk5000009FURv,Cn1ncc(C(=O)N2CCC(N=c3[nH]nco3)CC2)n1,11440,7795,4777,1,0,1,14.285714285714286,16.628609428741346,0.7443639686730988,12.37773770789282,4,277.28800000000007,-0.6632999999999991,1,7,2,1,,,,35.895530351877184,12,8,4,8,3,1,,,,,17.955038548375796,11.523160078865995,40.63785885167466,25.131235269776354,25468,16,9,1.199844980530449,1.3251415287976342,9.711946045978637,9.562434788245575,28,27.1614555648564,5.0,2.193981623183482,1.8620147725701326,ZINCk5000009FURv_m01_t02,SER17;ASP15;SER14;GLU21;SER18,3.0,-0.5916271602977927
724,native_first,ZINCk600000xccol,C[C@H](C(=O)Nc1ncc(C(N)=O)s1)N1CCC[C@@H](O)C1,4662,2638,1780,1,0,1,17.857142857142858,19.267729830797304,0.6784103757078167,13.071427833547906,5,298.368,0.025699999999999668,3,6,4,1,,,,36.38223751692659,12,7,5,7,4,1,,,,,17.927649061917204,11.786461317082162,37.430168701355136,25.309484443920958,23095,16,2,1.5808924218439977,1.4435591614086394,11.611623357653302,11.000259633175972,28,27.1614555648564,5.0,2.1945855901690217,1.4744859461691053,ZINCk600000xccol_m01_t06,SER17;ASP15;SER14;GLU21;SER18,1.0,-26.65214326490679
725,native_first,ZINCk500000dpvou,Cc1cc(C(=O)Nc2cnc(O)nc2O)ncc1CO,5920,1138,831,1,1,1,14.285714285714286,17.03922758205644,0.7575023176362454,12.907254384139192,4,276.252,0.3358199999999996,4,7,3,1,,,,38.072664739456826,12,7,5,7,4,1,,,,,20.433490292244592,13.46104666327732,42.390660187270356,27.489160071129486,6436,16,12,1.1023323562456688,1.1433359275076356,13.92267653865448,12.559565845088258,28,27.1614555648564,5.0,2.19673153604095,1.6286406635651722,ZINCk500000dpvou_m01_t03,SER17;ASP15;SER14;GLU21;SER18,3.0,-32.343502379632795
726,native_first,ZINCj7000009jGLj,CNC(=O)CCC(=O)NC1CC(N=c2nc[nH]s2)C1,11669,3612,2243,1,0,1,14.285714285714286,15.18474175275134,0.8139827927834473,12.360118499599954,4,283.3570000000001,-0.45469999999999944,3,5,5,1,,,,34.351665344695306,12,7,5,7,4,1,,,,,21.53975104424125,14.116704477461619,45.42662682602922,26.664516764422874,10747,16,15,1.039942828608689,0.9483411763026899,11.611623357653302,10.784458263919305,28,27.1614555648564,5.0,2.197552638758387,1.5741171936333256,ZINCj7000009jGLj_m01_t06,SER17;ASP15;SER14;GLU21;SER18,1.0,-50.703010721000844
727,native_first,ZINCk800001bP6nc,C[C@H](O)C(=O)N[C@H]1C=C[C@H](C(=O)NCc2ccns2)C1,5908,6103,3586,1,0,1,14.285714285714286,16.628609428741346,0.7763473221113059,12.909576400438155,4,295.36400000000003,0.20099999999999962,3,5,5,1,,,,32.391143412755326,11,6,5,6,4,1,,,,,18.525814086257615,11.711838384091307,44.299188156637996,24.0719458168567,43095,16,10,1.3626460785831036,1.0086869360235575,9.711946045978637,9.426581949350101,28,27.1614555648564,5.0,2.1981031473011376,1.3639770036491703,ZINCk800001bP6nc_m01_t02,SER17;ASP15;SER14;GLU21;SER18,1.0,-57.86419677786701
728,native_first,ZINCk600000PzFze,Cn1nc(CNC(=O)[C@@H]2CC=C[C@H](O)C2)cc1C(=O)O,10366,3586,2229,1,0,1,17.857142857142858,19.267729830797304,0.6468441638538045,12.463218591763088,5,279.296,0.06159999999999938,3,5,4,1,,,,34.351665344695306,12,7,5,7,4,1,,,,,21.702221926082597,14.658827162727725,41.774268823895454,26.761999293527676,10125,16,15,1.7441647348709637,1.5474279942456797,11.611623357653302,11.094500768879842,28,27.1614555648564,5.0,2.199944201679501,2.252410938761986,ZINCk600000PzFze_m02_t03,SER17;ASP15;SER14;GLU21;SER18,0.0,-35.21550738868499
729,native_first,ZINCk800000PxWvm,C[C@H](CCCC(=O)N[C@@H]1C[C@H]1O)NC(=O)c1ccon1,1583,3983,2449,1,0,1,14.285714285714286,16.024722079133863,0.8620523249373223,13.814148924791787,4,281.312,0.21259999999999962,3,5,7,1,,,,34.351665344695306,12,7,5,7,4,1,,,,,19.942666309429097,13.17119017758927,41.0438105096511,25.706265923535575,18588,16,4,0.8005072258696683,0.8277985330857613,9.413178262414874,8.705036568319665,28,27.1614555648564,5.0,2.203762451801158,1.9190792835151096,ZINCk800000PxWvm_m01_t03,SER17;ASP15;SER14;GLU21;SER18,1.0,6.460774339750743
730,native_first,ZINCk700000kHqJf,C[C@H](NC(=O)c1cn[nH]c1)c1cn([C@H](C)C(=O)O)nn1,3676,6958,4045,1,0,1,17.857142857142858,19.267729830797304,0.6872231171006904,13.24122935377448,5,278.272,0.13779999999999964,3,6,5,1,,,,38.92405593253,12,7,5,7,3,1,,,,,23.213218426238164,15.579818640860232,45.51204004329005,29.497553428754898,1577,16,3,1.6961374161132492,1.2801032062545965,11.611623357653302,10.842743237073922,28,27.1614555648564,5.0,2.207557725824806,1.7849653721105105,ZINCk700000kHqJf_m01_t04,SER17;ASP15;SER14;GLU21;SER18,2.0,-54.86361006466818
731,native_first,ZINCk50000041kBS,COC[C@@H](O)CCNC(=O)c1cc2c(=O)[nH]ccn2n1,1977,269,231,1,1,1,17.857142857142858,19.267729830797304,0.7097762244519944,13.675776533064376,5,280.284,-0.8501999999999996,3,6,6,1,,,,40.91933989473438,13,8,5,8,4,1,,,,,23.523863740579326,16.23188173028844,42.71150527811612,30.48205420224135,701,16,15,1.5158370700081865,1.2776521802714926,11.611623357653302,10.925544320011895,28,27.1614555648564,5.0,2.2125179957384624,1.6703435779229117,ZINCk50000041kBS_m01_t01,SER17;ASP15;SER14;GLU21;SER18,2.0,14.189856647424907
732,native_first,ZINCk800001bQqsm,O=C(O)c1cn(CCCNCc2ccc(O)cn2)nn1,5005,7881,4851,1,0,1,17.857142857142858,19.267729830797304,0.6761112209894649,13.0271283415955,5,277.284,0.2567999999999998,3,7,7,1,,,,34.932961828358735,11,6,5,6,3,1,,,,,24.22861092072607,15.551964301522434,54.80510276399716,28.510351283779134,3288,16,4,1.4432647487108294,1.3680159909889622,11.611623357653302,10.00416476007719,28,27.1614555648564,5.0,2.2156985359761787,1.6468415712539155,ZINCk800001bQqsm_m01_t01,SER17;ASP15;SER14;GLU21;SER18,3.0,35.58476498061891
733,native_first,ZINCk5000009Gwsl,O=C(N[C@H]1CCN(CCO)C1)c1cnc2[nH]cnc2c1,8862,2394,1663,1,0,1,14.285714285714286,16.628609428741346,0.7572588158411884,12.592161085094292,4,275.31200000000007,-0.24569999999999975,3,5,4,1,,,,36.38223751692659,12,7,5,7,4,1,,,,,20.971295385074683,13.935519590144493,42.356050651057245,27.135672237815445,8041,16,11,1.2041248036199075,1.1967094204616013,9.711946045978637,8.98735110281876,28,27.1614555648564,5.0,2.217152269697086,1.7648594421285053,ZINCk5000009Gwsl_m01_t03,SER17;ASP15;SER14;GLU21;SER18,1.0,46.77140769335315
734,native_first,ZINCk8000018TcLM,COC1(CN)CC(CNC(=O)Cc2ccc(O)cn2)C1,4970,5571,3307,1,0,1,14.285714285714286,16.628609428741346,0.7837618344300944,13.03286942989188,4,279.34000000000003,0.19979999999999964,3,5,6,1,,,,32.391143412755326,11,6,5,6,4,1,,,,,20.77737409670345,13.09703268814876,50.23766976411723,25.4228818231242,21713,16,5,1.0854542095886668,1.1000444109021883,9.711946045978637,8.879302730617272,28,27.1614555648564,5.0,2.219105890420014,1.7989272964722858,ZINCk8000018TcLM_m01_t05,SER17;ASP15;SER14;GLU21;SER18,0.0,59.57120194215064
735,native_first,ZINCk50000045Dj4,Cn1cncc1[C@H](O)C(=O)NCc1cc(=O)c(O)co1,8005,7122,4207,1,0,1,17.857142857142858,19.267729830797304,0.6581227037677073,12.680530451710032,5,279.25199999999995,-0.5713000000000008,3,7,4,1,,,,38.92405593253,12,7,5,7,3,1,,,,,18.113051223805606,12.104031713853514,35.97055085587195,26.437453107295365,12210,16,15,1.449091412684369,1.4604548793792227,11.611623357653302,9.910021650308442,28,27.1614555648564,5.0,2.220654953664709,1.9945254463745954,ZINCk50000045Dj4_m01_t04,SER17;ASP15;SER14;GLU21;SER18,3.0,4.510651442202967
736,native_first,ZINCk600000PBYck,O=C(Cc1cncs1)NCCNC(=O)[C@H]1CC[C@H](O)C1,4520,5917,3487,1,0,1,14.285714285714286,16.628609428741346,0.7873829891790044,13.093084197892537,4,297.38,0.07899999999999935,3,5,6,1,,,,32.391143412755326,11,6,5,6,4,1,,,,,19.116302789896945,12.085029837826788,45.71274298056155,24.426239039040297,36309,16,7,1.214732144660325,1.0422542429394388,9.711946045978637,9.327639765016228,28,27.1614555648564,5.0,2.222389326780992,1.516439741922515,ZINCk600000PBYck_m01_t02,SER17;ASP15;SER14;GLU21;SER18,3.0,-2.551887321305264
737,native_first,ZINCk7000004gKY1,O=C(CSCc1ncc[nH]1)NCc1nc(O)cc(O)n1,4522,1132,825,1,1,1,14.285714285714286,16.628609428741346,0.7873710462973935,13.092885604378777,4,295.32400000000007,0.16049999999999986,4,7,6,1,,,,38.072664739456826,12,7,5,7,4,1,,,,,20.55622498467642,13.745725360533104,40.74275788977863,27.56280088658858,6151,16,9,1.2269544925951377,1.039704356057368,9.711946045978637,9.417858296586877,28,27.1614555648564,5.0,2.2281452661781134,1.419761103482291,ZINCk7000004gKY1_m01_t06,SER17;ASP15;SER14;GLU21;SER18,0.0,-63.29698576837126
738,native_first,ZINCk500000dpCzn,Cc1nc2cc(C(=O)NCC(N)=O)ccc2n1CCO,3317,1952,1326,1,0,1,17.857142857142858,19.267729830797304,0.6912098690972367,13.318045014146326,5,276.296,-0.44788000000000044,3,5,5,1,,,,36.92824579056311,12,7,5,7,4,1,,,,,21.593586914694413,14.293542896995968,44.133682751973005,27.72745046504189,5508,16,8,1.7778184701406443,1.2412589197620902,11.611623357653302,11.864979911060395,28,27.1614555648564,5.0,2.230386447161563,1.393480991446725,ZINCk500000dpCzn_m01_t07,SER17;ASP15;SER14;GLU21;SER18,0.0,-9.493608600368722
739,native_first,ZINCk5000009FT21,Cn1ccc(C(=O)N[C@H]2C[C@H](N=c3[nH]nc(O)s3)C2)n1,10267,235,197,1,1,1,14.285714285714286,16.628609428741346,0.7500051278569091,12.471542340685756,4,294.34000000000003,-0.2280000000000003,3,7,3,1,,,,40.91933989473438,13,8,5,8,4,1,,,,,25.95577161203066,18.015413134837928,46.412050823903115,31.941198925112147,180,16,6,1.2118878293584914,1.268653511921722,9.711946045978637,9.297433362839508,28,27.1614555648564,5.0,2.2359208580955388,1.8813403345739985,ZINCk5000009FT21_m01_t04,SER17;ASP15;SER14;GLU21;SER18,2.0,10.616665083370354
740,native_first,ZINCk600001bPXQ7,CONC(=O)CO[C@H]1C[C@H](NC(=O)Cc2ccsn2)C1,4329,7289,4341,1,0,1,14.285714285714286,16.628609428741346,0.7889984888607036,13.119947711131768,4,299.35200000000003,0.026999999999999913,2,6,7,1,,,,36.783225624191815,13,7,6,7,3,1,,,,,24.26885006683205,16.54125910848557,45.54713546982377,29.274600289775954,1892,16,6,1.1284469570934565,1.1066853029692978,9.711946045978637,9.713106729936477,28,27.1614555648564,5.0,2.2459446770411104,1.8258231026560217,ZINCk600001bPXQ7_m01_t05,SER17;ASP15;SER14;GLU21;SER18,0.0,8.236639918249328
741,native_first,ZINCj500000y8gai,C[C@@H](NC(=O)c1cc(CO)n(C)n1)c1nnc(O)o1,5556,2142,1515,1,0,1,17.857142857142858,19.267729830797304,0.6723325857850024,12.95432261934678,5,267.245,-0.5080000000000002,3,8,4,1,,,,36.92824579056311,12,7,5,7,4,1,,,,,17.368673196011628,11.463998711228493,35.816304108987055,25.19250223383222,24662,16,6,1.7844934411749735,1.3661853793149874,11.611623357653302,11.757134770616402,28,27.1614555648564,5.0,2.2470728173765235,2.092556000177124,ZINCj500000y8gai_m01_t04,SER17;ASP15;SER14;GLU21;SER18,2.0,-13.128626046591702
742,native_first,ZINCk5000009G60I,NC(=O)CCC(=O)NC1(CNC(=O)c2csnn2)CC1,6094,2419,1678,1,0,1,14.285714285714286,16.628609428741346,0.7749613413423858,12.886529467556038,4,297.3400000000001,-0.8177999999999999,3,6,7,1,,,,36.38223751692659,12,7,5,7,4,1,,,,,20.679398854135055,13.784493087385808,41.37476125780219,26.96053431925167,8958,16,3,1.3418796405508722,1.0369152513230393,9.711946045978637,9.50963816756696,28,27.1614555648564,5.0,2.253155855727923,1.7877943803701903,ZINCk5000009G60I_m01_t02,SER17;ASP15;SER14;GLU21;SER18,2.0,-53.89226265579004
743,native_first,ZINCj5000009gLF6,COC[C@@H](C)NC(=O)Cc1noc([C@@H](N)[C@@H](C)O)n1,4580,3647,2264,1,0,1,14.285714285714286,16.024722079133863,0.8165329864605929,13.084714176476174,4,272.305,-0.8561999999999987,3,7,7,1,,,,34.351665344695306,12,7,5,7,4,1,,,,,21.32803999272736,13.806538541070362,46.851975887474865,26.537490133514535,11593,16,5,1.1039443391651524,0.9576279108286355,9.413178262414874,9.475218577892752,28,27.1614555648564,5.0,2.2532222637041315,1.8673550893348563,ZINCj5000009gLF6_m02_t03,SER17;ASP15;SER14;GLU21;SER18,0.0,37.33559811648635
744,native_first,ZINCk600000JUuiR,O=C(NOCc1cccnc1)[C@H]1CCN[C@@H](C(=O)O)C1,7339,2647,1783,1,0,1,14.285714285714286,16.628609428741346,0.7665987878728581,12.747471832084294,4,279.296,0.08219999999999911,3,5,5,1,,,,36.38223751692659,12,7,5,7,4,1,,,,,17.841004298938888,11.78936468170149,36.65810118206492,25.25749758613397,23767,16,9,1.3298913012969817,1.0912098782203188,9.711946045978637,9.389376901203685,28,27.1614555648564,5.0,2.2557482176700527,1.7676311516896557,ZINCk600000JUuiR_m02_t05,SER17;ASP15;SER14;GLU21;SER18,0.0,-67.31493643576279
745,native_first,ZINCk600000JT7vk,CCN(CCO)CCNC(=O)NN=c1[nH]ccnc1Cl,1609,2562,1744,1,0,1,14.285714285714286,16.628609428741346,0.8300354832530746,13.802335863011956,4,302.7660000000001,-0.5077999999999987,4,5,7,1,,,,36.38223751692659,12,7,5,7,4,1,,,,,18.983181270751786,12.707962096962442,37.50150611482619,25.942803769221705,16221,16,11,0.8876464058524095,0.9553934187353051,9.711946045978637,8.919060080432478,28,27.1614555648564,5.0,2.262063188227615,1.6396555388801346,ZINCk600000JT7vk_m01_t08,SER17;ASP15;SER14;GLU21;SER18,3.0,60.267016147264755
746,native_first,ZINCk8000018TBrD,O=C(N=c1[nH]nc(CF)s1)NCCS(=O)(=O)NC1CC1,2765,4825,2964,1,0,1,17.857142857142858,16.545773402920933,0.8124072861589073,13.441906867667225,5,323.37500000000006,-0.36719999999999997,3,5,6,1,,,,34.351665344695306,12,7,5,7,4,1,,,,,17.54566476144435,11.275097184678854,39.530003987240846,24.26806499474473,39119,16,10,1.1560541992702744,0.8916978428806492,11.791641997618479,12.517289212961904,28,27.1614555648564,5.0,2.263617972653284,1.8631709696391567,ZINCk8000018TBrD_m01_t02,SER17;ASP15;SER14;GLU21;SER18,2.0,-136.22303609465538
747,native_first,ZINCj500000xc2b8,Cc1cc(COCC(=O)NOCc2nc[nH]n2)no1,10750,6885,3976,1,0,1,14.285714285714286,16.628609428741346,0.7477433448939705,12.43393203518247,4,267.245,-0.13428000000000034,2,7,7,1,,,,39.35980607005963,13,7,6,7,3,1,,,,,23.729031199319085,16.130474352022027,44.86219292989816,29.981341147615304,1081,16,11,1.6323474379842031,0.9866043620124438,9.711946045978637,9.529672206632153,28,27.1614555648564,5.0,2.2639764087794725,1.932704017453019,ZINCj500000xc2b8_m01_t03,SER17;ASP15;SER14;GLU21;SER18,3.0,15.541196958003823
748,native_first,ZINCk600000JUuPN,O=C(O)c1ccn(CCNS(=O)(=O)c2[nH]cnc2Br)n1,7333,7020,4106,1,0,1,17.857142857142858,19.267729830797304,0.6616302676986727,12.748113245896123,5,364.18100000000004,0.04540000000000022,3,6,6,1,,,,38.92405593253,12,7,5,7,3,1,,,,,21.381374698986317,14.270131997310386,42.62044384797917,28.398447192403793,3546,16,5,1.6117789924567556,1.3710746148945534,11.611623357653302,10.112765392877035,28,27.1614555648564,5.0,2.282622123325936,2.0124170926168796,ZINCk600000JUuPN_m02_t02,SER17;ASP15;SER14;GLU21;SER18,0.0,92.7006043830614
749,native_first,ZINCk800000PAST0,CO[C@H](CO)CN=c1ccnc(NCc2cc[nH]n2)[nH]1,1064,6933,4020,1,0,1,17.857142857142858,19.267729830797304,0.7306495365834681,14.077957871887515,5,278.31600000000003,-0.34710000000000035,4,6,7,1,,,,38.92405593253,12,7,5,7,3,1,,,,,24.098657460980235,16.067070875927016,48.185625585754465,30.028816849600137,1045,16,15,1.5896833549952372,0.9921740476647148,11.611623357653302,10.392113922944688,28,27.1614555648564,5.0,2.285209781457495,1.4753366911472727,ZINCk800000PAST0_m01_t08,SER17;ASP15;SER14;GLU21;SER18,2.0,-50.58374477057473
750,native_first,ZINCk8000004jYeL,O=C(CCO)NCc1ccc(CN2CC[C@@H](O)C2)cc1,4895,6345,3711,1,0,1,14.285714285714286,16.640486220660865,0.7837357030106591,13.041743166588828,4,278.352,0.25179999999999964,3,4,6,1,,,,31.8044562527589,11,7,4,7,4,1,,,,,21.21285742021505,13.302666006821925,52.32988165680472,25.449496953232593,21398,16,13,1.5516587434240428,0.8170792585186833,11.611623357653302,11.627306088459534,28,27.1614555648564,5.0,2.286142574033782,1.7058040411408075,ZINCk8000004jYeL_m01_t02,SER17;ASP15;SER14;GLU21;SER18,0.0,-9.997474584415741
751,native_first,ZINCi800000Bou6x,O=C(CCc1c[nH]c(C(=O)O)c1)N[C@@H]1CC[C@H]1O,5229,5348,3224,1,0,1,17.857142857142858,19.267729830797304,0.6744616306597777,12.995344480791593,5,252.27,0.28499999999999975,4,3,5,1,,,,32.983637231917015,11,7,4,7,4,1,,,,,18.633452301776934,11.81992175161485,43.99295606494748,24.37352627383297,37280,16,14,1.4320087253003986,1.2598311423399875,11.611623357653302,9.558537256096555,28,27.1614555648564,5.0,2.288150521348594,1.4807854584719367,ZINCi800000Bou6x_m01_t01,SER17;ASP15;SER14;GLU21;SER18,2.0,7.985156196939103
752,native_first,ZINCk50000044Fe6,Cc1cc(CO)nc(NNC(=O)CCc2cnn[nH]2)n1,1325,7918,4886,1,0,1,14.285714285714286,16.628609428741346,0.8377201524096719,13.930121225006108,4,277.28799999999995,-0.5286800000000003,4,7,6,1,,,,34.932961828358735,11,6,5,6,3,1,,,,,20.997117879433343,13.437166133689407,48.00603528319406,26.571455459003502,11340,16,9,1.0362784867900898,0.8599399015313071,9.711946045978637,9.3267944081868,28,27.1614555648564,5.0,2.295737205669363,1.9829863723884635,ZINCk50000044Fe6_m01_t06,SER17;ASP15;SER14;GLU21;SER18,1.0,-35.379285072852824
753,native_first,ZINCk50000045i2U,Cc1sc(-c2nc[nH]n2)nc1C(=O)NC(C)(CO)CO,1941,1649,1159,1,0,1,17.857142857142858,19.267729830797304,0.7104709701156757,13.689162704813304,5,297.34000000000003,-0.2902800000000002,4,7,5,1,,,,38.072664739456826,12,7,5,7,4,1,,,,,15.509024474309147,10.274108106011584,31.62042691793173,24.534480580368218,34460,16,15,1.4580548122866468,1.1893043290092042,11.611623357653302,10.237849262004463,28,27.1614555648564,5.0,2.300173753955165,1.8422760033847028,ZINCk50000045i2U_m01_t06,SER17;ASP15;SER14;GLU21;SER18,0.0,86.54384744932914
754,native_first,ZINCk500000gdBMA,COCC(=O)N[C@@H]1C[C@@H]1CNC(=O)c1c(C)nsc1N,10542,708,577,1,1,1,14.285714285714286,14.477064275896673,0.8599565501941221,12.449646251638669,4,298.368,-0.08537999999999901,3,6,6,1,,,,38.34275944886656,13,8,5,8,4,1,,,,,23.13420520271954,15.90723056033443,42.39519427402864,29.217626901178345,1982,16,9,0.9843387270672437,0.7629421886833857,8.080270416267007,7.77971265700782,28,27.1614555648564,5.0,2.303644762528638,1.5765781186090948,ZINCk500000gdBMA_m01_t06,SER17;ASP15;SER14;GLU21;SER18,1.0,-37.81003247780255
755,native_first,ZINCk5000009FGx0,Cc1n[nH]c(=NC[C@@H](O)CNC(=O)C[C@@H]2CCOC2)o1,13966,1459,1034,0,1,1,14.285714285714286,14.477064275896673,0.8429442899403515,12.203358666466551,4,284.316,-0.8844799999999993,3,6,6,1,,,,38.34275944886656,13,8,5,8,4,1,,,,,22.457221539619884,15.34381258228027,41.86664641555286,28.811436703318556,2685,16,8,1.1329415814676844,0.6420752227809693,8.080270416267007,9.125184234342742,28,27.1614555648564,5.0,2.304980775074334,2.1661984349855463,ZINCk5000009FGx0_m01_t05,SER17;ASP15;SER14;GLU21;SER18,0.0,-9.44729499336786
756,native_first,ZINCj800000AJx6e,O=C(O)c1csc(CNC(=O)c2cc(O)ncn2)n1,9522,7011,4097,1,0,1,17.857142857142858,19.267729830797304,0.650391618632402,12.531569992024076,5,280.265,0.26689999999999997,3,7,4,1,,,,38.92405593253,12,7,5,7,3,1,,,,,21.515397349425264,14.503720085104243,41.6512970014279,28.47886078266716,3347,16,15,1.6441192514154843,1.5406833467733994,11.611623357653302,12.553791877050157,28,27.1614555648564,5.0,2.3121560650090873,1.5765393770923353,ZINCj800000AJx6e_m01_t03,SER17;ASP15;SER14;GLU21;SER18,1.0,-19.31359579272301
757,native_first,ZINCj8000009kxFi,O=C(NCCN=c1[nH]ncs1)c1ccnc(CO)c1,389,6997,4083,1,0,1,14.285714285714286,16.628609428741346,0.8776186899698152,14.593578422871696,4,279.32500000000005,-0.31080000000000013,3,6,5,1,,,,38.92405593253,12,7,5,7,3,1,,,,,21.84034879012019,14.626923130240957,43.09128102732753,28.673831647084114,2925,16,4,0.7532507395267266,0.8044812632991204,9.711946045978637,9.397231087224014,28,27.1614555648564,5.0,2.3162890228591198,1.7686105664656793,ZINCj8000009kxFi_m01_t02,SER17;ASP15;SER14;GLU21;SER18,3.0,7.3666144132392875
758,native_first,ZINCk500000gfDbr,C[C@@H](CO)C(=O)N[C@@H]1CC[C@H]1CNC(=O)c1cnns1,6663,6121,3598,1,0,1,14.285714285714286,16.628609428741346,0.7709782525374826,12.82029623949931,4,298.368,-0.2089000000000007,3,6,6,1,,,,32.391143412755326,11,6,5,6,4,1,,,,,18.476164971858164,11.741917425300787,43.32266477003317,24.04215634821703,43696,16,1,1.2986239877337662,1.0621027139431742,9.711946045978637,9.113646289528859,28,27.1614555648564,5.0,2.317476275984721,1.6660875412742093,ZINCk500000gfDbr_m01_t06,SER17;ASP15;SER14;GLU21;SER18,1.0,-35.04760538959319
759,native_first,ZINCk700000JTzwv,CN(C(=O)NCc1nc(C(N)=O)cs1)[C@H](CO)C1CC1,5724,4146,2547,1,0,1,17.857142857142858,19.267729830797304,0.67124484512496,12.933364326183108,5,298.36800000000005,0.15429999999999927,3,5,6,1,,,,34.351665344695306,12,7,5,7,4,1,,,,,19.43458771405627,13.106829317725685,37.57532956685499,25.401418766311885,21983,16,6,1.6470145022215232,1.3062738517643564,11.611623357653302,10.223121841628357,28,27.1614555648564,5.0,2.320755632989047,1.8274031578506027,ZINCk700000JTzwv_m01_t04,SER17;ASP15;SER14;GLU21;SER18,3.0,-21.161526820216622
760,native_first,ZINCi500000Ja501,O=C(NCCOCCO)N1CCc2nc[nH]c2C1,583,4696,2880,1,0,1,14.285714285714286,16.628609428741346,0.8653858681261095,14.39016360622134,4,254.29,-0.5136999999999998,3,4,5,1,,,,34.351665344695306,12,7,5,7,4,1,,,,,17.9283503540144,11.728647419654399,38.03172570778206,24.49767635028676,35076,16,13,0.9753675757712782,0.7070567151778752,9.711946045978637,10.276584671090689,28,27.1614555648564,5.0,2.328404113297831,1.6167419989488991,ZINCi500000Ja501_m01_t02,SER17;ASP15;SER14;GLU21;SER18,3.0,-42.12089671887575
761,native_first,ZINCk7000009KXOr,Cc1cc(COCC(=O)NCCN=c2[nH]nco2)no1,5818,6882,3973,1,0,1,14.285714285714286,16.628609428741346,0.7770306348413446,12.920938940943657,4,281.272,-0.46717999999999926,2,7,7,1,,,,39.35980607005963,13,7,6,7,3,1,,,,,26.128259728545807,17.94283622387765,48.04706930160652,31.420878265151337,287,16,5,1.2660300434124145,0.9760924081636175,9.711946045978637,8.660878448549278,28,27.1614555648564,5.0,2.328872817256117,1.9493653192447737,ZINCk7000009KXOr_m01_t02,SER17;ASP15;SER14;GLU21;SER18,3.0,-23.87425275872729
762,native_first,ZINCk6000004e56d,O[C@H](CN=c1[nH]cnc2[nH]ccc12)CN1CCOCC1,11993,7024,4110,1,0,1,14.285714285714286,14.477064275896673,0.8522378124326531,12.337901588937092,4,277.32800000000003,-0.5152000000000001,3,5,4,1,,,,38.92405593253,12,7,5,7,3,1,,,,,21.329466149421865,14.162218242205904,43.18425098771919,28.36730206266512,3617,16,3,0.9919927240609318,0.8111284124571148,8.080270416267007,8.307066021238832,28,27.1614555648564,5.0,2.3396490634046807,2.184314513457619,ZINCk6000004e56d_m01_t05,SER17;ASP15;SER14;GLU21;SER18,0.0,83.27726592844903
763,native_first,ZINCj800000xcT0c,OCCOc1ccc(CN[C@H]2CCOC[C@H]2O)cc1,321,6355,3716,1,0,1,14.285714285714286,16.640486220660865,0.8834391194751382,14.700856494418804,4,267.32499999999993,0.29709999999999953,3,5,6,1,,,,31.8044562527589,11,7,4,7,4,1,,,,,20.576590011035716,12.860290243672544,51.44273127753306,25.067736507724987,26370,16,14,0.6632074784585882,0.763230055536844,11.611623357653302,10.832504181077008,28,27.1614555648564,5.0,2.353304696863388,1.4851309912094104,ZINCj800000xcT0c_m02_t01,SER17;ASP15;SER14;GLU21;SER18,0.0,72.61459873879835
764,native_first,ZINCk600000PyyAX,C[C@H](O)[C@H]1CN(C(=O)NCc2ccc(O)cn2)CCO1,8959,5017,3075,1,0,1,14.285714285714286,16.628609428741346,0.7566711478160504,12.582388983030512,4,281.31200000000007,0.0783999999999998,3,5,3,1,,,,34.351665344695306,12,7,5,7,4,1,,,,,16.986690505378395,11.190953374501433,35.23441004934948,23.93268044110516,45972,16,0,1.0977327541929822,1.2619557488587712,9.711946045978637,8.925268463188024,28,27.1614555648564,5.0,2.354601028330745,1.4182245543051635,ZINCk600000PyyAX_m01_t04,SER17;ASP15;SER14;GLU21;SER18,2.0,33.33467510400343
765,native_first,ZINCj600000JTFxe,COc1cc(O)ccc1CNC(=O)N1CNC(=O)C1,8600,4845,2974,1,0,1,14.285714285714286,15.18474175275134,0.8309909020561622,12.618382246608705,4,265.269,-0.0003000000000001335,3,4,3,1,,,,34.351665344695306,12,7,5,7,4,1,,,,,17.486124732358714,11.406240994044472,37.44603359728275,24.232340977293347,39794,16,2,0.999918105765547,0.8594368765417503,11.611623357653302,10.720744229542747,28,27.1614555648564,5.0,2.3802308870041755,1.4454403285209858,ZINCj600000JTFxe_m01_t07,SER17;ASP15;SER14;GLU21;SER18,1.0,-81.71026986438824
766,native_first,ZINCk5000009FeU9,C[C@H](O)C(=O)NC[C@@H](C)N=c1ccc([N+](=O)[O-])c(O)[nH]1,3337,412,369,1,1,1,14.285714285714286,15.18474175275134,0.8768227233348874,13.3143266167844,4,284.27199999999993,-0.5852999999999997,4,6,5,1,,,,39.842871600455815,11,8,3,8,4,1,,,,,19.049039483887103,11.527429612933275,54.81686046511628,27.36657233051459,6955,16,4,0.8289494689318807,0.7111532613901996,11.611623357653302,10.878228918897895,28,27.1614555648564,5.0,2.3932417094584513,1.6814827281849734,ZINCk5000009FeU9_m01_t06,SER17;ASP15;SER14;GLU21;SER18,0.0,-93.76323756808173
767,native_first,ZINCk800000FCFGe,O=C(N=c1ccc(O)n[nH]1)N[C@H](CO)C[C@@H]1CCCO1,6508,2933,1885,1,0,1,17.857142857142858,16.545773402920933,0.7757847102647704,12.835958025491559,5,282.3,-0.3444000000000007,4,5,4,1,,,,35.53084632385342,12,7,5,7,4,1,,,,,19.263435979721564,12.687937714408184,39.98620811080464,25.770400117374304,17915,16,1,1.0743185284937848,1.1192103971278324,11.791641997618479,10.7505481167703,28,27.1614555648564,5.0,2.398663774856341,1.549040077019057,ZINCk800000FCFGe_m01_t04,SER17;ASP15;SER14;GLU21;SER18,0.0,-66.67714881220327
768,native_first,ZINCj500000fkPwK,O=C(Nc1nc2c(O)ncnc2s1)[C@@H](O)CCCO,10811,7872,4842,1,0,1,14.285714285714286,17.03922758205644,0.7293736237822463,12.427963167974909,4,284.297,-0.13620000000000004,4,8,5,1,,,,35.21365088823171,11,6,5,6,3,1,,,,,17.06687482461785,11.105911794804202,36.84064022268614,24.325585250063398,38101,16,2,1.2504741141197118,1.172317935189048,13.92267653865448,12.372057766052585,28,27.1614555648564,5.0,2.4055047347355907,1.9079239920569022,ZINCj500000fkPwK_m01_t03,SER17;ASP15;SER14;GLU21;SER18,0.0,-43.98986025199467
769,native_first,ZINCk600000JSDum,CC[C@@H](C)[C@@H](O)CNC(=O)NCCCc1nnc(O)o1,2304,6419,3748,1,0,1,14.285714285714286,15.18474175275134,0.8932956716649506,13.564464083082827,4,286.332,0.4140000000000001,4,6,8,1,,,,31.8044562527589,11,7,4,7,4,1,,,,,19.412031888039067,12.124856292082633,48.65308641975309,24.369001633927,37346,16,8,0.7818867413877914,0.6534758795461127,11.611623357653302,11.008106145391528,28,27.1614555648564,5.0,2.407237315503088,1.519899929733389,ZINCk600000JSDum_m01_t02,SER17;ASP15;SER14;GLU21;SER18,2.0,-102.20621359182942
770,native_first,ZINCj7000002oB7I,Cc1nsc(N)c1C(=O)NCc1cnn(CCO)c1,11584,1990,1363,1,0,1,14.285714285714286,16.628609428741346,0.7436592649153548,12.366019464342328,4,281.341,0.1525199999999996,3,7,5,1,,,,36.92824579056311,12,7,5,7,4,1,,,,,20.351531530106516,13.275196040546817,43.583908456290644,26.982217234289152,8829,16,9,1.1384710034588845,1.3293737293234986,9.711946045978637,9.035783925255863,28,27.1614555648564,5.0,2.4113095989133173,1.4577936665741398,ZINCj7000002oB7I_m01_t07,SER17;ASP15;SER14;GLU21;SER18,3.0,4.390237811198473
771,native_first,ZINCj5000002gkwh,NC(=O)c1ncc(NC(=O)CC[C@H]2COCCN2)s1,6146,2325,1635,1,0,1,17.857142857142858,19.267729830797304,0.6684694194699546,12.879888174497001,5,284.34099999999995,-0.050900000000000334,3,6,5,1,,,,36.38223751692659,12,7,5,7,4,1,,,,,21.815707965073887,14.250643800276688,46.501260984355916,27.642319785814966,5831,16,9,1.6390563952922368,1.2823646431609763,11.611623357653302,10.026450383758005,28,27.1614555648564,5.0,2.4356848870841747,1.8492577596396274,ZINCj5000002gkwh_m01_t07,SER17;ASP15;SER14;GLU21;SER18,0.0,44.291467194293304
772,native_first,ZINCk7000009KR4R,C[C@H](CCN=c1[nH]nco1)NC(=O)c1cc(O)n(C)n1,3544,246,208,1,1,1,14.285714285714286,16.024722079133863,0.8280106022217576,13.268639779179924,4,280.288,-0.4489000000000005,3,7,5,1,,,,40.91933989473438,13,8,5,8,4,1,,,,,24.808463661065712,17.25818109707372,44.103155502072475,31.252814154533176,333,16,6,0.9939794337593412,0.8495399839351778,9.413178262414874,8.358283353063403,28,27.1614555648564,5.0,2.4463504270176775,1.257245470431766,ZINCk7000009KR4R_m01_t08,SER17;ASP15;SER14;GLU21;SER18,1.0,-6.123149366055891
773,native_first,ZINCk800000PBZxB,OCCCCC[C@H](O)CN1CC[C@@](O)(c2cc[nH]n2)C1,2910,3299,2068,1,0,1,14.285714285714286,16.628609428741346,0.806190520079947,13.405827283563296,4,283.372,0.21660000000000046,4,5,8,1,,,,34.94415916385699,12,8,4,8,4,1,,,,,16.57899530616235,10.796450387075602,35.69957619530831,23.925060849240204,46128,16,1,1.0497910339855925,1.0554035711849665,9.711946045978637,9.599394116382287,28,27.1614555648564,5.0,2.458516912664563,1.7359340616655423,ZINCk800000PBZxB_m02_t02,SER17;ASP15;SER14;GLU21;SER18,2.0,68.16217772772829
774,native_first,ZINCj5000009hsrP,C[C@H](CNC(=O)c1cnn[nH]1)NC(=O)[C@@H]1CCOC1,8424,2612,1769,1,0,1,14.285714285714286,14.477064275896673,0.8728726120014355,12.6366329086146,4,267.289,-0.9242999999999986,3,5,5,1,,,,36.38223751692659,12,7,5,7,4,1,,,,,18.282063966249723,12.032092154970094,38.04339331418636,25.52213338652047,20576,16,5,0.9895551553264951,0.6716106712234963,8.080270416267007,7.7647246869976865,28,27.1614555648564,5.0,2.478515188831932,1.62176263472185,ZINCj5000009hsrP_m01_t05,SER17;ASP15;SER14;GLU21;SER18,0.0,3.801430688185029
775,native_first,ZINCk5000009FEHg,Cc1cnc[nH]c1=NC[C@H](O)CNC(=O)c1ccno1,1593,6989,4076,1,0,1,14.285714285714286,16.628609428741346,0.8304242254219686,13.808800104706975,4,277.28400000000005,-0.6022800000000006,3,6,5,1,,,,38.92405593253,12,7,5,7,3,1,,,,,22.080972006366974,14.686253661864626,44.474413394646845,28.81820557683219,2674,16,4,1.327676641858118,0.6898064757352592,9.711946045978637,9.622868768660966,28,27.1614555648564,5.0,2.489691284880437,1.7459808665285088,ZINCk5000009FEHg_m01_t05,SER17;ASP15;SER14;GLU21;SER18,0.0,-24.816401179769834
776,native_first,ZINCk5000009G3fn,NC(=O)C(=O)NC1CC(CNC(=O)CCOC2CC2)C1,8873,5125,3138,1,0,1,14.285714285714286,15.583483114146915,0.8079678869642944,12.590953923281045,4,283.32800000000003,-0.9481999999999975,3,4,7,1,,,,33.81239250864757,12,7,5,7,4,1,,,,,21.205938614134208,14.105327453939442,42.702187437286774,26.248520171939553,13620,16,8,1.1829297899220828,0.9540281453277492,13.92267653865448,13.942349475548319,28,27.1614555648564,5.0,2.5170522660171444,1.5763344563667743,ZINCk5000009G3fn_m01_t02,SER17;ASP15;SER14;GLU21;SER18,3.0,1.3906612384504031
777,native_first,ZINCj700000BniYb,Cc1nn(CC(=O)O)cc1NC(=O)Cc1cn[nH]c1,3274,6931,4018,1,0,1,17.857142857142858,19.267729830797304,0.6916714356794397,13.326938354351139,5,263.257,0.18041999999999941,3,5,5,1,,,,38.92405593253,12,7,5,7,3,1,,,,,24.253145115047545,16.22190745743211,48.03420052616195,30.121509442040526,965,16,14,1.7708442199423153,1.240945575654238,11.611623357653302,11.31003372788002,28,27.1614555648564,5.0,2.546306227499188,1.7693846867629592,ZINCj700000BniYb_m01_t03,SER17;ASP15;SER14;GLU21;SER18,2.0,-47.528987040396075
778,native_first,ZINCk500000gcApE,CNC(=O)CCn1cc(CNC(=O)c2cc[nH]n2)nn1,2570,227,189,1,1,1,14.285714285714286,17.4744052530532,0.7720863912062594,13.491750490305547,4,277.288,-0.9327000000000001,3,6,6,1,,,,40.91933989473438,13,8,5,8,4,1,,,,,28.276341066604516,19.573078188536194,50.91669166166767,33.33354059785646,54,16,14,1.0430389907338706,0.9798016282650134,11.322353863044563,9.545688196718414,28,27.1614555648564,5.0,2.5471039977039434,1.651047546621148,ZINCk500000gcApE_m01_t06,SER17;ASP15;SER14;GLU21;SER18,1.0,-83.30760329342424
779,native_first,ZINCk700000JUidp,OCc1cc(N[C@@H]2COc3cc(CO)nn3C2)ccn1,2635,7926,4893,1,0,1,14.285714285714286,15.18474175275134,0.8874999040420318,13.476456848469848,4,276.296,0.13579999999999975,3,7,4,1,,,,34.932961828358735,11,6,5,6,3,1,,,,,20.8512814495075,13.219548381564158,49.329569513055745,26.483953601047993,11941,16,4,1.0000156124125206,0.5600415464912104,11.611623357653302,11.87695323936342,28,27.1614555648564,5.0,2.5639335492949904,1.2898349644094633,ZINCk700000JUidp_m01_t01,SER17;ASP15;SER14;GLU21;SER18,2.0,81.376826035495
780,native_first,ZINCk600000PwAvb,CC[C@H](CO)NCc1cn(-c2ccnc(CO)c2)nn1,1036,3336,2097,1,0,1,17.857142857142858,19.267729830797304,0.7314993744011841,14.09433231735926,5,277.328,0.015099999999999947,3,7,7,1,,,,34.38103669862671,11,7,4,7,4,1,,,,,19.304732386447444,12.096802936116411,47.76673892100193,25.33525411131915,22778,16,10,1.6329104192900363,1.0344179759908676,11.611623357653302,10.822821880602675,28,27.1614555648564,5.0,2.6098347887755295,2.0115691239642217,ZINCk600000PwAvb_m02_t01,SER17;ASP15;SER14;GLU21;SER18,0.0,66.33606240093403
781,native_first,ZINCk700000PCtNw,O=C(O)c1ccc(CNC(=O)[C@@H]2COC[C@H]2O)c(F)c1,4120,5507,3284,1,0,1,17.857142857142858,19.267729830797304,0.6826360517507811,13.152847017896217,5,283.255,0.14739999999999986,3,4,4,1,,,,32.391143412755326,11,6,5,6,4,1,,,,,21.657438434335383,13.646954282171453,52.43673174258857,25.950920425703362,16129,16,13,1.609352870965312,1.3591355054583996,11.611623357653302,10.736707693557994,28,27.1614555648564,5.0,2.6103309793530802,1.7963458030584782,ZINCk700000PCtNw_m01_t03,SER17;ASP15;SER14;GLU21;SER18,1.0,-33.91983617317269
782,native_first,ZINCk700000AJeuc,O=C(O)Cn1cnc(NC(=O)c2cccc(CO)n2)c1,2425,6932,4019,1,0,1,17.857142857142858,19.267729830797304,0.7022900566977033,13.531535075306667,5,276.252,0.10729999999999984,3,6,5,1,,,,38.92405593253,12,7,5,7,3,1,,,,,24.128474878994403,16.01903151804752,48.86661503633981,30.04670730040864,1026,16,7,1.519851061454351,1.34089246444035,11.611623357653302,11.086272982345442,28,27.1614555648564,5.0,2.6215292337252047,1.5547315692641397,ZINCk700000AJeuc_m01_t03,SER17;ASP15;SER14;GLU21;SER18,1.0,17.004365836876847
783,native_first,ZINCk800000wuX7z,CN(Cc1cncs1)c1ccc(C(=O)NCCO)nn1,10060,7427,4413,1,0,1,14.285714285714286,17.4744052530532,0.7146637362833387,12.4883237474762,4,293.352,0.2915999999999999,2,7,6,1,,,,36.74488997860436,12,7,5,7,3,1,,,,,22.894378115317032,14.959896674045261,48.75121536217794,28.434582860631963,3446,16,0,1.7357445113984238,1.1131586363632386,11.322353863044563,11.67323761950316,28,27.1614555648564,5.0,2.628123617488122,1.9481146290719795,ZINCk800000wuX7z_m01_t01,SER17;ASP15;SER14;GLU21;SER18,0.0,45.43834027406201
784,native_first,ZINCk50000046oW9,NC(=O)c1cc(C(=O)NC[C@@H](O)c2cccnc2)on1,226,7017,4103,1,0,1,17.857142857142858,19.267729830797304,0.7689236981946905,14.815414077312822,5,276.252,-0.36810000000000076,3,6,5,1,,,,38.92405593253,12,7,5,7,3,1,,,,,21.44227295178717,14.374201686063667,42.18588203114315,28.434986144084306,3442,16,15,1.14233810598795,1.057615244319692,11.611623357653302,10.29817900255544,28,27.1614555648564,5.0,2.6305535595023444,1.8406516300220486,ZINCk50000046oW9_m01_t03,SER17;ASP15;SER14;GLU21;SER18,1.0,14.17046448400132
785,native_first,ZINCk600000vpcFF,CC(=O)N[C@H]1C[C@@H]1NC(=O)c1ccc(NCCO)cc1,9853,5305,3202,1,0,1,10.714285714285714,12.5574981426149,0.9957265715484582,12.503834572772067,3,277.32399999999996,0.0975999999999998,4,4,6,1,,,,32.983637231917015,11,7,4,7,4,1,,,,,20.09184959119236,12.708293747372812,47.95224312590451,25.248564647482226,23896,16,6,0.16288413584596623,0.11814003658734862,11.611623357653302,11.640707249646333,28,27.1614555648564,5.0,2.636675057946954,1.282677231422025,ZINCk600000vpcFF_m01_t04,SER17;ASP15;SER14;GLU21;SER18,0.0,-4.325387060668094
786,native_first,ZINCk800000EmEnN,O=C(Nc1nc(O)cs1)C1CN(C(=O)c2cc[nH]n2)C1,9525,7689,4672,1,0,1,14.285714285714286,16.628609428741346,0.7536013400344679,12.531342348409266,4,293.308,0.2824999999999998,3,6,3,1,,,,36.06504208130489,11,6,5,6,3,1,,,,,20.337818431569417,13.262172354434071,43.59856262833677,26.62870789146361,10982,16,12,1.4069205882577174,1.122154763359544,9.711946045978637,9.525151185827099,28,27.1614555648564,5.0,2.65245318586608,1.7928605686817598,ZINCk800000EmEnN_m01_t07,SER17;ASP15;SER14;GLU21;SER18,1.0,-99.79268624450144
787,native_first,ZINCk500000425ct,CO[C@]1(CN)C[C@H](C(=O)NCc2cc(C(N)=O)no2)C1,3954,687,564,1,1,1,14.285714285714286,15.18474175275134,0.8681818038802125,13.183116486358838,4,282.3,-0.8563999999999992,3,6,6,1,,,,38.34275944886656,13,8,5,8,4,1,,,,,23.553024475538813,16.222032786789995,42.973362855609246,29.46891846486991,1614,16,8,0.8586150288879576,0.8016017521588449,11.611623357653302,11.36832560355771,28,27.1614555648564,5.0,2.827561894490715,1.6023782039569263,ZINCk500000425ct_m02_t03,SER17;ASP15;SER14;GLU21;SER18,1.0,-25.28789068998835
788,native_first,ZINCk50000044O0K,Cc1ccnn1CC(=O)NCc1nc(O)cc(CN)n1,7403,2095,1468,1,0,1,14.285714285714286,16.628609428741346,0.7662152937407279,12.741094857942889,4,276.3,-0.5377800000000004,3,7,5,1,,,,36.92824579056311,12,7,5,7,4,1,,,,,18.62068862717098,12.113886789675297,40.229266347687386,25.943711492527832,16214,16,0,1.0983352333763579,1.211045054473764,9.711946045978637,8.974702022192016,28,26.946805637322562,6.0,2.2636677511506145,1.9479465750648335,ZINCk50000044O0K_m02_t03,SER17;SER14;THR13;SER18;PHE12;VAL16,1.0,-74.49225121399144
789,native_first,ZINCk800000PypOM,C[C@H](NC(=O)CCNC(=O)c1nc[nH]n1)c1nccs1,4815,7079,4164,1,0,1,14.285714285714286,16.628609428741346,0.7848800883150308,13.051464436986661,4,294.34000000000003,0.25850000000000006,3,6,6,1,,,,38.92405593253,12,7,5,7,3,1,,,,,19.783955076614994,13.280161629869044,38.77211420564023,27.439995418981,6624,16,6,1.24946066747245,1.0460160481848695,9.711946045978637,9.830621911423966,28,26.946805637322562,6.0,2.4494710194242737,1.9496682063790032,ZINCk800000PypOM_m01_t08,SER17;SER14;THR13;SER18;PHE12;VAL16,0.0,-10.925299011297074
790,native_first,ZINCk700000JUwiE,O=C(O)C[C@H](NC(=O)c1cnnc(O)c1)c1cncs1,589,6971,4058,1,0,1,14.285714285714286,16.628609428741346,0.8652311741201162,14.387591260014709,4,294.29200000000003,0.5845,3,7,5,1,,,,38.92405593253,12,7,5,7,3,1,,,,,22.56908448758882,15.32421535741947,42.807115994250516,29.111073065565297,2170,16,10,0.984057357563046,0.730553127638185,9.711946045978637,9.439606492875274,28,26.780152817693473,5.0,1.205615214750715,1.230322561175929,ZINCk700000JUwiE_m01_t02,SER17;ASP15;SER14;THR13;SER18,1.0,-76.81628938418213
791,native_first,ZINCj800000JWRFX,NCCc1cncc(C(=O)NCCc2cn[nH]c2)c1,10347,7953,4918,1,0,1,14.285714285714286,16.628609428741346,0.7496289967319278,12.465287803114451,4,259.313,0.2783999999999998,3,4,6,1,,,,34.932961828358735,11,6,5,6,3,1,,,,,20.282177393425048,12.835219723921664,48.31357508135753,26.142491167398525,14490,16,12,1.3725163031196317,1.1746865466895413,9.711946045978637,9.786814185062418,28,26.780152817693473,5.0,1.4148828776954419,1.6103849983974108,ZINCj800000JWRFX_m01_t01,SER17;ASP15;SER14;THR13;SER18,2.0,35.148268004807825
792,native_first,ZINCk700000AIYzJ,Cc1nn(C)cc1CNC(=O)c1nc(CCN)sc1N,10312,540,468,1,1,1,14.285714285714286,16.628609428741346,0.7497948151716756,12.468045133185099,4,294.384,0.19842000000000115,3,7,5,1,,,,38.88876772250309,13,8,5,8,4,1,,,,,20.650720770312965,13.792745012255741,41.07276182719067,27.945939551189014,4781,16,6,1.1713603976561366,1.313119191129543,9.711946045978637,9.68952950469629,28,26.780152817693473,5.0,1.420253314844308,1.790235580828697,ZINCk700000AIYzJ_m01_t08,SER17;ASP15;SER14;THR13;SER18,0.0,20.99037186142873
793,native_first,ZINCk50000047bLV,O=C(CNC(=O)c1ccncc1)NCC1=CCNCC1,7344,3757,2327,1,0,1,14.285714285714286,16.628609428741346,0.766550517729525,12.74666916672374,4,274.32400000000007,-0.15270000000000028,3,4,5,1,,,,34.351665344695306,12,7,5,7,4,1,,,,,20.809479917339573,13.56052330132689,44.70957075747494,26.226354088281866,13808,16,5,1.1046767768468428,1.2374423723143215,9.711946045978637,9.269266574033708,28,26.780152817693473,5.0,1.4480456438209537,1.6767815239222508,ZINCk50000047bLV_m01_t07,SER17;ASP15;SER14;THR13;SER18,1.0,-2.1934324963161433
794,native_first,ZINCk500000ciqT6,C[C@H]1OCC[C@H]1C(=O)N[C@@H](CCCNC(N)=O)C(=O)O,6940,5151,3146,1,0,1,14.285714285714286,13.94583583618139,0.9169745132235235,12.7879760273776,4,287.316,-0.5706999999999978,4,4,7,1,,,,33.81239250864757,12,7,5,7,4,1,,,,,19.450449210704274,13.39998745112283,35.462938192338925,25.19522652988159,24633,16,4,0.5671099946669614,0.5833587461179425,9.078045219098652,8.25115890642126,28,26.780152817693473,5.0,1.4732998755770894,1.867332598827733,ZINCk500000ciqT6_m02_t01,SER17;ASP15;SER14;THR13;SER18,0.0,-187.093201144421
795,native_first,ZINCk500000gfT6p,C[C@@H](O)[C@H]1CN(C(=O)[C@@H](N)CCc2cn[nH]c2)CCO1,2441,4019,2466,1,0,1,14.285714285714286,16.628609428741346,0.8135329043794144,13.527920924354861,4,282.34400000000005,-0.7221999999999984,3,5,5,1,,,,34.351665344695306,12,7,5,7,4,1,,,,,19.85523956613961,12.948991990104725,42.547776388640834,25.653809877561883,19159,16,7,0.7779643184021842,1.0396454468097842,9.711946045978637,8.513909485600676,28,26.780152817693473,5.0,1.4960724652840698,1.736703842568397,ZINCk500000gfT6p_m01_t02,SER17;ASP15;SER14;THR13;SER18,3.0,84.63107933005566
796,native_first,ZINCj5000002h74K,O=C(N=c1cns[nH]1)NC[C@]1(OCCO)CCOC1,6225,2576,1751,1,0,1,14.285714285714286,16.628609428741346,0.7738913126009356,12.868736377536933,4,288.32900000000006,-0.7505000000000002,3,6,5,1,,,,36.38223751692659,12,7,5,7,4,1,,,,,18.897231208083916,12.44098488941499,39.2832811546262,25.89123373162099,16688,16,0,1.2554650487341212,1.1092270950253154,9.711946045978637,9.618376783698105,28,26.780152817693473,5.0,1.5045346045171712,1.3667915511780664,ZINCj5000002h74K_m01_t05,SER17;ASP15;SER14;THR13;SER18,2.0,-26.27223550846935
797,native_first,ZINCk500000g9xci,CCC(=O)NCC1CC(O)(CNC(=O)c2cnn[nH]2)C1,10189,2873,1864,1,0,1,14.285714285714286,16.628609428741346,0.7503429506485051,12.477159863943333,4,281.31600000000003,-0.7981999999999994,4,5,6,1,,,,35.53084632385342,12,7,5,7,4,1,,,,,20.713742765500516,13.769292588324564,41.79050116550116,26.640584188841675,10904,16,2,1.3951140362250445,1.119154965271018,9.711946045978637,9.106610514656536,28,26.780152817693473,5.0,1.5115819932534535,1.6995981841138506,ZINCk500000g9xci_m01_t07,SER17;ASP15;SER14;THR13;SER18,2.0,-12.517306670000597
798,native_first,ZINCk50000046zkh,NCCc1nc(NC(=O)c2csc(S(N)(=O)=O)c2)n[nH]1,756,1113,806,1,1,1,17.857142857142858,21.697772545463838,0.6574581246879129,14.265376847645538,5,316.36800000000005,-0.7328999999999999,4,7,5,1,,,,38.072664739456826,12,7,5,7,4,1,,,,,21.176985812932593,14.27174299293158,41.027963319370556,27.93525738354229,4803,16,7,1.675780199162126,1.3371892213538765,15.443445405737666,13.88427746437519,28,26.780152817693473,5.0,1.5792184452270206,1.567502998739659,ZINCk50000046zkh_m01_t01,SER17;ASP15;SER14;THR13;SER18,0.0,-130.98495187552368
799,native_first,ZINCk7000018TuNU,NC(=O)c1ccncc1N1CCC(CO)(CCO)CC1,3674,4182,2569,1,0,1,17.857142857142858,19.267729830797304,0.6872516990711143,13.24178006345864,5,279.34,0.14179999999999976,3,5,5,1,,,,34.351665344695306,12,7,5,7,4,1,,,,,19.30262232433847,12.738682933800238,39.82189444109974,25.3222395324812,22928,16,15,1.41072576420592,1.4487574958889708,11.611623357653302,10.597050413442595,28,26.780152817693473,5.0,1.579458298976594,1.6266963209564895,ZINCk7000018TuNU_m01_t01,SER17;ASP15;SER14;THR13;SER18,0.0,44.04948074293461
800,native_first,ZINCk600001bPPAy,CO[C@@H](CN=c1ccnc[nH]1)CNC(=O)c1cc[nH]n1,3196,6767,3894,1,0,1,14.285714285714286,16.628609428741346,0.8024521349964411,13.343663138115444,4,276.3,-0.5214999999999994,3,5,6,1,,,,41.53897202398527,13,7,6,7,3,1,,,,,23.364896177894373,16.379680301616922,40.737769855416936,30.63452651633073,608,16,12,1.0826380122146255,0.9053644237057,9.711946045978637,8.465871602387033,28,26.780152817693473,5.0,1.6095653924688942,2.117436833497511,ZINCk600001bPPAy_m01_t02,SER17;ASP15;SER14;THR13;SER18,2.0,39.25231168548207
801,native_first,ZINCk50000047GWV,O=C(NCc1nc(CO)n[nH]1)c1cc2c(s1)CNCC2,12886,1343,978,0,1,1,17.857142857142858,19.267729830797304,0.6370185026279157,12.273900405853722,5,293.35200000000003,-0.0658000000000003,4,6,4,1,,,,39.48126154166477,13,9,4,9,4,1,,,,,18.072643341295034,12.39679566658021,33.33500972306042,26.636090621442932,10933,16,12,1.856692553990301,1.5310292115241013,11.611623357653302,12.142786087830627,28,26.780152817693473,5.0,1.6169821711678805,1.4924891752779768,ZINCk50000047GWV_m01_t06,SER17;ASP15;SER14;THR13;SER18,3.0,5.123119843398078
802,native_first,ZINCk600001bNr9b,Cc1nc(=NC[C@@H](CO)CNC(=O)[C@@H]2CCOC2)s[nH]1,1511,5680,3356,1,0,1,14.285714285714286,14.477064275896673,0.9563033091778519,13.84446447422045,4,300.3839999999999,-0.5584799999999996,3,6,6,1,,,,32.391143412755326,11,6,5,6,4,1,,,,,20.075290899584058,12.707332066153398,47.777777777777786,25.001631904852566,27246,16,3,0.5067412110225621,0.40898289793676756,8.080270416267007,8.037770815688232,28,26.780152817693473,5.0,1.6218618940738738,1.770583526915129,ZINCk600001bNr9b_m01_t02,SER17;ASP15;SER14;THR13;SER18,0.0,-76.96317111358186
803,native_first,ZINCk7000004ezm8,CCN(NC(=O)c1cnn2ccc(C=O)cc12)C(N)=O,4971,7585,4570,1,0,1,14.285714285714286,14.609184867389905,0.8920947658038386,13.03277735285918,4,275.26800000000003,0.19220000000000048,2,5,3,1,,,,36.74488997860436,12,7,5,7,3,1,,,,,17.855397284074584,11.454985509959405,40.46499820809939,25.41119436188649,21868,16,13,0.8205608046057207,0.6797651610430564,9.433491135311455,9.488258726941867,28,26.780152817693473,5.0,1.637001459930947,1.880866777597491,ZINCk7000004ezm8_m01_t04,SER17;ASP15;SER14;THR13;SER18,0.0,-6.451679383126693
804,native_first,ZINCk500000cLf03,O=C(NO)c1ccncc1OCc1cc(O)nc(O)n1,7985,7655,4638,1,0,1,17.857142857142858,19.267729830797304,0.6582261240391352,12.68252312555893,5,278.224,-0.019199999999999884,4,8,4,1,,,,36.06504208130489,11,6,5,6,3,1,,,,,23.863955517398733,15.5702877001413,51.06335895644071,28.744390142961194,2802,16,8,1.5538355049581303,1.3024489611712835,11.611623357653302,9.624859353852147,28,26.780152817693473,5.0,1.649180463565615,1.774038604080836,ZINCk500000cLf03_m01_t03,SER17;ASP15;SER14;THR13;SER18,0.0,-33.7013435184393
805,native_first,ZINCk50000042hWN,COc1nccc(C(=O)NCc2nc([C@H](C)O)n[nH]2)n1,8251,2074,1447,1,0,1,14.285714285714286,16.628609428741346,0.7610210554095643,12.654721897454172,4,278.27199999999993,-0.4134000000000004,3,7,5,1,,,,36.92824579056311,12,7,5,7,4,1,,,,,18.96363695886592,12.449720898123601,39.774216609079,26.149480491544796,14432,16,10,1.2287850157661049,1.1736635477903226,9.711946045978637,9.123392289979689,28,26.780152817693473,5.0,1.6657675837688777,2.0367652092028434,ZINCk50000042hWN_m01_t01,SER17;ASP15;SER14;THR13;SER18,1.0,-15.186312471322312
806,native_first,ZINCj500000y8M6G,O=C(CCc1cc[nH]n1)NCC1(C(=O)O)CC(O)C1,9775,5250,3186,1,0,1,14.285714285714286,16.628609428741346,0.7522601450282274,12.509040140482714,4,267.285,-0.3157999999999994,4,4,6,1,,,,33.53556236164904,11,6,5,6,4,1,,,,,18.552204927768422,11.918411558485651,41.840830449827,24.54554790132067,34266,16,6,1.214646453746914,1.2554441869806536,9.711946045978637,9.328905908343675,28,26.780152817693473,5.0,1.684270155257612,1.454150748709995,ZINCj500000y8M6G_m01_t05,SER17;ASP15;SER14;THR13;SER18,2.0,-59.5691331678434
807,native_first,ZINCk50000046FbD,NCc1cc(O)nc(CNC(=O)[C@@H](N)c2ccns2)n1,7719,1151,844,1,1,1,14.285714285714286,16.628609428741346,0.7643261039706146,12.709680259118901,4,294.34,-0.5864000000000003,4,8,5,1,,,,38.072664739456826,12,7,5,7,4,1,,,,,19.90522939151396,13.216010266777362,40.305827209073556,27.172203530691107,7852,16,2,1.2023955120755776,1.1756687965389283,9.711946045978637,10.263469435114066,28,26.780152817693473,5.0,1.687407726169251,1.3155888973918277,ZINCk50000046FbD_m02_t02,SER17;ASP15;SER14;THR13;SER18,1.0,57.38836051079469
808,native_first,ZINCk50000046zl0,NCCn1cc(Br)cc(C(=O)NCCOCCO)c1=O,6479,6169,3626,1,0,1,14.285714285714286,16.628609428741346,0.7721606769545036,12.839958313308959,4,348.1970000000002,-0.6918000000000002,3,6,8,1,,,,32.391143412755326,11,6,5,6,4,1,,,,,18.37842685700788,11.533175417343273,45.21438953488371,23.98351347930686,44937,16,13,1.088604033835973,1.2175748003459739,9.711946045978637,9.309814573415556,28,26.780152817693473,5.0,1.6897097552207567,1.647535938881503,ZINCk50000046zl0_m01_t02,SER17;ASP15;SER14;THR13;SER18,0.0,54.88654764387794
809,native_first,ZINCj800000PBF1J,NCCc1ocnc1CNCc1[nH]nc2c1COC2,5758,542,470,1,1,1,14.285714285714286,14.477064275896673,0.8931171456995486,12.92971432419774,4,263.301,0.21889999999999948,3,6,6,1,,,,38.88876772250309,13,8,5,8,4,1,,,,,20.48099640637542,13.848369368789845,39.306891828689814,27.844104932826486,5089,16,1,0.7248966931056737,0.7289015442237262,8.080270416267007,8.323708134409257,28,26.780152817693473,5.0,1.692851765679219,1.7228701529157058,ZINCj800000PBF1J_m02_t01,SER17;ASP15;SER14;THR13;SER18,3.0,82.1004653725417
810,native_first,ZINCk500000gfQyX,C[C@@H](O)C(=O)N[C@H]1COCC[C@H]1NC(=O)c1cnco1,10656,2760,1828,1,0,1,14.285714285714286,16.628609428741346,0.7481707844283234,12.441039760253627,4,283.284,-0.9410999999999994,3,6,4,1,,,,36.38223751692659,12,7,5,7,4,1,,,,,15.421495586762319,10.245019315908868,31.171387667450666,23.805792358828025,48775,16,9,1.661257805126341,0.854871602170324,9.711946045978637,8.680187479135865,28,26.780152817693473,5.0,1.7051062871279925,1.7181731879670892,ZINCk500000gfQyX_m01_t02,SER17;ASP15;SER14;THR13;SER18,1.0,0.6397108529786073
811,native_first,ZINCk800000Bmkv9,C[C@@H](NC(=O)Cc1ccc(CN)s1)c1n[nH]c(CO)n1,3174,1679,1178,1,0,1,14.285714285714286,16.024722079133863,0.8329760815280071,13.348210205052263,4,295.368,0.23710000000000014,4,6,6,1,,,,37.5207396097248,12,8,4,8,4,1,,,,,19.782785143936028,12.887791016838055,42.54380806774081,26.87796693025154,9434,16,7,1.1927524825948672,0.7658847187306698,9.413178262414874,8.968361209861444,28,26.780152817693473,5.0,1.7108831225287138,1.655450571693067,ZINCk800000Bmkv9_m01_t04,SER17;ASP15;SER14;THR13;SER18,1.0,20.61989910269063
812,native_first,ZINCk600000wwpUr,Cc1ncsc1CNC(=O)c1cncn1CC(=O)NO,10251,7535,4520,1,0,1,14.285714285714286,16.628609428741346,0.7500869068400953,12.47290221145664,4,295.324,0.08341999999999994,3,7,5,1,,,,36.74488997860436,12,7,5,7,3,1,,,,,19.27954840353722,12.51504925001237,41.958507227968326,26.265685033564072,13480,16,2,1.4326204807978788,1.082342085830308,9.711946045978637,9.02102379777906,28,26.780152817693473,5.0,1.7125415294748967,1.5858719967278119,ZINCk600000wwpUr_m01_t05,SER17;ASP15;SER14;THR13;SER18,1.0,-57.41447497515875
813,native_first,ZINCk500000gbNQT,CN(C)[C@H]1C[C@@H](CNC(=O)NCc2nc(CO)n[nH]2)C1,11469,3495,2180,1,0,1,14.285714285714286,16.628609428741346,0.7442358404206645,12.375607113226302,4,282.348,-0.563599999999999,4,5,6,1,,,,34.351665344695306,12,7,5,7,4,1,,,,,22.48829985566924,15.17225506603735,43.43038302277434,27.23364605127967,7558,16,4,1.1487627650003858,1.3078506291709384,9.711946045978637,8.949977890736083,28,26.780152817693473,5.0,1.719737641714036,1.7534110254483246,ZINCk500000gbNQT_m02_t07,SER17;ASP15;SER14;THR13;SER18,0.0,-47.79522534501501
814,native_first,ZINCk600000PzPZT,CN(CCC(=O)NCc1cc[nH]n1)C(=O)c1cnsn1,11221,7437,4423,1,0,1,14.285714285714286,16.628609428741346,0.7454284073555691,12.395437843004462,4,294.34000000000003,0.03969999999999946,2,6,6,1,,,,36.74488997860436,12,7,5,7,3,1,,,,,22.342297030537765,14.880254036676096,44.816607893530986,28.1033342097644,4289,16,6,1.160319321598002,1.3326836868668648,9.711946045978637,9.32288561423498,28,26.780152817693473,5.0,1.7302001795771171,2.0330752588369387,ZINCk600000PzPZT_m01_t05,SER17;ASP15;SER14;THR13;SER18,1.0,9.180063230516971
815,native_first,ZINCk800000FCDCx,Nc1ccc(C(=O)NCCc2nnc(CO)s2)c(O)c1,6200,3090,1941,1,0,1,14.285714285714286,17.614784467417874,0.7307084649066347,12.871272117848147,4,294.336,0.2907000000000002,4,7,5,1,,,,35.525455647520424,11,7,4,7,4,1,,,,,21.368895112007845,13.588067433649345,50.0,27.031519326212877,8590,16,5,1.1931351799237047,1.250337462823694,15.443445405737666,14.084802016064133,28,26.780152817693473,5.0,1.731263561283071,1.6028936805263914,ZINCk800000FCDCx_m01_t05,SER17;ASP15;SER14;THR13;SER18,2.0,37.34270116957405
816,native_first,ZINCk8000004k03v,O=C(COc1ccc(O)cc1)NCCO[C@@H]1CCNC1,1167,5797,3418,1,0,1,14.285714285714286,16.628609428741346,0.8430469121023204,14.018697831455922,4,280.32399999999996,0.2656999999999999,3,5,7,1,,,,32.391143412755326,11,6,5,6,4,1,,,,,19.51070480499909,12.487883639271113,44.582731213872826,24.662880248101587,32329,16,4,0.854280323682884,0.9247062571424819,9.711946045978637,9.108545019271379,28,26.780152817693473,5.0,1.7339587981496107,1.526164417650869,ZINCk8000004k03v_m01_t05,SER17;ASP15;SER14;THR13;SER18,3.0,22.533981972233747
817,native_first,ZINCk500000gfQyY,C[C@@H](O)C(=O)N[C@H]1COCC[C@H]1NC(=O)c1cncs1,7153,2728,1815,1,0,1,14.285714285714286,16.628609428741346,0.7677204598167675,12.76612367674674,4,299.352,-0.47260000000000035,3,6,4,1,,,,36.38223751692659,12,7,5,7,4,1,,,,,16.569077890781724,11.017832178057747,33.39475570421694,24.494341741239673,35130,16,9,1.5758351765462757,0.8411628724344328,9.711946045978637,8.939349553711413,28,26.780152817693473,5.0,1.7345076489159594,1.7358179503106892,ZINCk500000gfQyY_m01_t06,SER17;ASP15;SER14;THR13;SER18,1.0,-7.516616992655771
818,native_first,ZINCj5000002grbk,NCCc1nc(NC(=O)COC[C@H]2CCCO2)n[nH]1,9530,2497,1715,1,0,1,14.285714285714286,16.024722079133863,0.7819530254485099,12.530579911750259,4,269.3049999999999,-0.56,3,6,7,1,,,,36.38223751692659,12,7,5,7,4,1,,,,,19.70889417851469,12.914629194392454,41.587894347843005,26.378231513879445,12683,16,5,1.1970049164042964,1.087823750611302,9.413178262414874,9.030555430468326,28,26.780152817693473,5.0,1.7525228729578037,1.3920800221449428,ZINCj5000002grbk_m01_t03,SER17;ASP15;SER14;THR13;SER18,1.0,-43.101854157872005
819,native_first,ZINCk7000009KZ4h,Cc1n[nH]c(=N[C@@H](CO)CNC(=O)[C@H]2CCO[C@@H]2C)s1,13987,1515,1058,0,1,1,14.285714285714286,14.477064275896673,0.8428325629682905,12.20174118791067,4,300.38399999999996,-0.41758000000000006,3,6,5,1,,,,38.34275944886656,13,8,5,8,4,1,,,,,20.361255353037837,13.759898993792843,39.13768924033523,27.553856991369326,6179,16,10,0.8979608666965897,0.8627773227992098,8.080270416267007,7.236728832625941,28,26.780152817693473,5.0,1.7650673280305167,1.7334061441439175,ZINCk7000009KZ4h_m01_t05,SER17;ASP15;SER14;THR13;SER18,0.0,13.250643751399148
820,native_first,ZINCk5000009F4Yd,C[C@H](CNC(=O)c1csc(=N)[nH]1)NC(=O)CCC(N)=O,137,2846,1858,1,0,1,17.857142857142858,20.24202807755431,0.7410620831187623,15.000599493700872,5,299.35600000000005,-0.9443299999999999,5,5,7,1,,,,35.53084632385342,12,7,5,7,4,1,,,,,21.417043365143915,14.268978215408486,42.91575004459243,27.06256454862771,8423,16,2,1.451749189077506,1.0775643212384889,15.443445405737666,14.451680527973089,28,26.780152817693473,5.0,1.7810556920589298,1.5927688077607658,ZINCk5000009F4Yd_m01_t07,SER17;ASP15;SER14;THR13;SER18,3.0,-103.6016733098412
821,native_first,ZINCk50000044PsP,Cc1cnc(CNC(=O)C(=O)NC[C@@H]2C[C@H]2CN)cn1,9992,741,597,1,1,1,14.285714285714286,16.628609428741346,0.7513547665592484,12.49398495553687,4,277.328,-0.8877799999999989,3,5,5,1,,,,38.34275944886656,13,8,5,8,4,1,,,,,22.773687141280625,15.43186764830517,43.44109195402299,29.001316064315,2347,16,7,1.4660529055161138,1.0287912640916417,9.711946045978637,10.54087263775838,28,26.780152817693473,5.0,1.79022300515427,1.7349975703843108,ZINCk50000044PsP_m02_t06,SER17;ASP15;SER14;THR13;SER18,2.0,92.64603884500109
822,native_first,ZINCj800000JWPNf,NCc1cccc(NNC(=O)c2cnc(CO)s2)n1,7547,8035,4998,1,0,1,17.857142857142858,19.267729830797304,0.6605690974199119,12.727666903660486,5,279.325,0.24599999999999972,4,7,5,1,,,,34.932961828358735,11,6,5,6,3,1,,,,,19.18733339992127,12.144501675765078,45.67535823349777,25.485584771296253,20979,16,2,1.9548971960359165,1.2935857944432223,11.611623357653302,11.082550119855975,28,26.780152817693473,5.0,1.7936772529919485,1.8810439868278537,ZINCj800000JWPNf_m02_t03,SER17;ASP15;SER14;THR13;SER18,2.0,30.99276268159053
823,native_first,ZINCk500000g87ps,CC(=O)N[C@@H]1C[C@@H](O)[C@@H](CNC(=O)c2conc2C)C1,3650,4417,2702,1,0,1,14.285714285714286,16.628609428741346,0.7966632878523598,13.247402659913831,4,281.312,-0.01158000000000059,3,5,4,1,,,,34.351665344695306,12,7,5,7,4,1,,,,,18.683759807823616,12.060676152567918,41.44090909090911,24.950922022572293,27929,16,8,1.0584654213091087,0.9961452189138872,9.711946045978637,8.637349191058716,28,26.780152817693473,5.0,1.7953436371221572,1.454738795549462,ZINCk500000g87ps_m01_t06,SER17;ASP15;SER14;THR13;SER18,0.0,-39.7635692328756
824,native_first,ZINCk500000gehBx,COCc1nn[nH]c1-c1nc(CO)nn1CCCCO,11698,535,463,1,1,1,17.857142857142858,19.267729830797304,0.6413762806863507,12.357864896146223,5,282.304,-0.5256000000000005,3,8,8,1,,,,38.88876772250309,13,8,5,8,4,1,,,,,21.088587744103428,14.34236449712128,39.81761294261295,28.208659735463293,4011,16,8,2.043972880353311,1.1344983772298645,11.611623357653302,9.917921208845598,28,26.780152817693473,5.0,1.7975857161670203,1.2564662137634548,ZINCk500000gehBx_m01_t05,SER17;ASP15;SER14;THR13;SER18,1.0,70.97752626383398
825,native_first,ZINCk500000dpI5N,Cn1[nH]c(=N)cc1C(=O)NCc1nc(C(C)(C)O)n[nH]1,15486,1321,963,0,1,1,14.285714285714286,16.628609428741346,0.7279711593132839,12.105148083608642,4,279.3039999999999,-0.8918300000000001,5,6,4,1,,,,40.0679487016612,13,8,5,8,4,1,,,,,17.99454331024634,12.379393234731516,32.93221761453396,26.82390546681228,9757,16,3,1.1931955829526033,1.3813138936108231,9.711946045978637,8.969359758182643,28,26.780152817693473,5.0,1.797924597859172,1.67348778413472,ZINCk500000dpI5N_m01_t01,SER17;ASP15;SER14;THR13;SER18,3.0,37.81938577352483
826,native_first,ZINCk50000046whi,NCCCCn1cc(C(=O)NCc2cnccn2)nn1,6567,7430,4416,1,0,1,14.285714285714286,16.628609428741346,0.7715445335524405,12.829712705323955,4,275.31600000000003,-0.2630000000000001,2,7,7,1,,,,36.74488997860436,12,7,5,7,3,1,,,,,22.496547919484673,14.631365181320277,48.64710798066017,28.19588474313255,4048,16,0,1.2582459028506512,1.0732384001858173,9.711946045978637,8.999492252308574,28,26.780152817693473,5.0,1.8020815888523005,1.470671532450052,ZINCk50000046whi_m01_t01,SER17;ASP15;SER14;THR13;SER18,1.0,50.2256331777398
827,native_first,ZINCk50000046wKN,NCCC[C@@H](N)CC(=O)NCc1n[nH]c2c1COCC2,4590,1815,1242,1,0,1,14.285714285714286,16.628609428741346,0.7868187083881901,13.083700993013945,4,281.36000000000007,-0.4450999999999987,4,5,7,1,,,,37.49136825579339,13,8,5,8,4,1,,,,,19.3433394956082,13.645255348237345,33.212422387030024,26.602550999682272,11158,16,3,1.3851042275127314,0.921786586877951,9.711946045978637,10.049810494634853,28,26.780152817693473,5.0,1.8129592925564162,1.7120900380525363,ZINCk50000046wKN_m02_t06,SER17;ASP15;SER14;THR13;SER18,0.0,70.37864052882261
828,native_first,ZINCk50000047sAs,O=C(NCCCOCCOCCO)[C@@H]1C[C@@H]2CNC[C@H]21,2311,6569,3814,1,0,1,14.285714285714286,15.18474175275134,0.8931383944325716,13.562075868925564,4,286.37199999999996,-0.6262999999999983,3,5,10,1,,,,29.821298404476316,11,6,5,6,4,1,,,,,21.297552843390616,13.857538619718666,45.98839721039312,24.707051067824896,31589,16,2,0.7492086213965123,0.7192719096618433,11.611623357653302,11.722221045337195,28,26.780152817693473,5.0,1.8313230748347225,1.3223584825500025,ZINCk50000047sAs_m02_t01,SER17;ASP15;SER14;THR13;SER18,1.0,47.59528012762695
829,native_first,ZINCk50000044DZl,Cc1cc(CCC(=O)NNc2cc(O)nc(O)n2)n[nH]1,2615,1094,787,1,1,1,14.285714285714286,16.628609428741346,0.8106796446329757,13.480475182432583,4,278.272,-0.004780000000000173,5,7,5,1,,,,38.072664739456826,12,7,5,7,4,1,,,,,25.042654199765046,16.72875488877952,49.78486202162016,30.254658415641757,874,16,14,1.1069706440398326,0.9820392118695799,9.711946045978637,9.40946316788195,28,26.780152817693473,5.0,1.8385120657714389,1.6332081710399238,ZINCk50000044DZl_m01_t01,SER17;ASP15;SER14;THR13;SER18,1.0,-139.91994885624834
830,native_first,ZINCk700000wQfaR,CN(CCNC(=O)c1cn[nH]c1)C(=O)Cc1cc[nH]c1,4776,1933,1307,1,0,1,14.285714285714286,16.628609428741346,0.7851656468026796,13.056212877546836,4,275.31199999999995,0.16870000000000013,3,3,6,1,,,,36.92824579056311,12,7,5,7,4,1,,,,,22.307356608493695,14.74293326398608,45.81394655213554,28.155712281321467,4144,16,5,1.5623900897016312,0.7405061119014366,9.711946045978637,10.422676816800802,28,26.780152817693473,5.0,1.8459616078975505,1.7213352310455137,ZINCk700000wQfaR_m01_t08,SER17;ASP15;SER14;THR13;SER18,0.0,-19.67159045071112
831,native_first,ZINCk50000047GUl,O=C(NCc1nc(CO)n[nH]1)C1CC2(CCNCC2)C1,4887,3159,1986,1,0,1,17.857142857142858,19.267729830797304,0.6769264273201886,13.042835516932241,5,279.34400000000005,-0.30700000000000016,4,5,4,1,,,,34.94415916385699,12,8,4,8,4,1,,,,,20.63564403657013,13.887776532732756,40.138216303470564,26.35905008748487,12818,16,1,1.721721004391839,1.3761000909945957,11.611623357653302,11.906636580922799,28,26.780152817693473,5.0,1.8553050103965396,1.786720281764105,ZINCk50000047GUl_m01_t06,SER17;ASP15;SER14;THR13;SER18,3.0,40.9210611073216
832,native_first,ZINCk7000009KZf6,Cc1nc(=N[C@@H](CO)CNC(=O)[C@@H]2CO[C@@H](C)C2)s[nH]1,1621,6050,3559,1,0,1,14.285714285714286,16.024722079133863,0.861137334018275,13.799486449609123,4,300.38399999999996,-0.41757999999999956,3,6,5,1,,,,32.391143412755326,11,6,5,6,4,1,,,,,18.65211522441223,11.754532448197295,45.14086174242424,24.14772649974947,41461,16,11,0.785566688587478,0.8669881881487074,9.413178262414874,8.89268917178662,28,26.780152817693473,5.0,1.8652815011317883,1.862358274978865,ZINCk7000009KZf6_m01_t08,SER17;ASP15;SER14;THR13;SER18,3.0,5.697498974189748
833,native_first,ZINCk600000gqhvG,Cc1ccc(CNC(=O)N=c2[nH]nc(C(N)=O)s2)nn1,11168,263,225,1,1,1,14.285714285714286,17.4744052530532,0.709636763081092,12.400480380543902,4,293.312,-0.5209800000000002,3,6,3,1,,,,40.91933989473438,13,8,5,8,4,1,,,,,23.685459623263196,15.971094417562192,45.81508031328821,30.57901173185167,645,16,12,1.2338926906366166,1.4193054904006612,11.322353863044563,10.268632570940305,28,26.780152817693473,5.0,1.892093649659627,1.7724123423674343,ZINCk600000gqhvG_m01_t07,SER17;ASP15;SER14;THR13;SER18,3.0,-62.117545318071855
834,native_first,ZINCk500000g89Hb,CC(=O)N[C@H](CNC(=O)c1n[nH]cc1F)[C@@H]1CCOC1,16318,1591,1102,0,1,1,14.285714285714286,14.477064275896673,0.8325254650045416,12.052524668191515,4,284.29100000000005,-0.18019999999999992,3,4,5,1,,,,38.34275944886656,13,8,5,8,4,1,,,,,14.651859699024955,10.021296226604273,27.237600714044486,24.128219598961596,41880,16,1,1.1710362215467753,0.7689912696606999,8.080270416267007,8.673349643348367,28,26.780152817693473,5.0,1.9017808051073952,1.6091993983888842,ZINCk500000g89Hb_m01_t02,SER17;ASP15;SER14;THR13;SER18,1.0,-65.5422277659001
835,native_first,ZINCk600000Pu74d,Cc1nocc1NC(=O)[C@@H](CO)NC(=O)c1cc[nH]c1,3657,1646,1156,1,0,1,14.285714285714286,16.628609428741346,0.7965321106844422,13.24522136602256,4,278.268,0.04051999999999928,4,5,5,1,,,,38.072664739456826,12,7,5,7,4,1,,,,,16.29567271842797,10.698050289008131,34.17986314760508,25.006469526839513,27193,16,13,1.3996756640368655,0.8572710251752916,9.711946045978637,9.850503412193733,28,26.780152817693473,5.0,1.9162948044731467,1.9477641192035478,ZINCk600000Pu74d_m01_t07,SER17;ASP15;SER14;THR13;SER18,1.0,26.214579211146123
836,native_first,ZINCk800000JU5kB,Nc1cncc(C(=O)N2Cc3[nH]nc(C(=O)O)c3C2)c1,3431,341,303,1,1,1,17.857142857142858,19.267729830797304,0.6899348405135759,13.293478107869806,5,273.252,0.24109999999999987,3,5,2,1,,,,40.91933989473438,13,8,5,8,4,1,,,,,19.318575973878467,13.567045468055007,33.53534602419195,27.95888154222083,4726,16,8,1.8406166585594022,1.2029295285744297,11.611623357653302,11.38070505280479,28,26.780152817693473,5.0,1.9259881871208957,1.9345718017634113,ZINCk800000JU5kB_m02_t03,SER17;ASP15;SER14;THR13;SER18,2.0,113.7040668605803
837,native_first,ZINCk800000JU9CT,NCCCc1cc(C(=O)NN=c2cncc(F)[nH]2)no1,3042,7709,4691,1,0,1,14.285714285714286,16.628609428741346,0.8041927752327553,13.372607564761065,4,280.26300000000003,-0.3262000000000002,3,6,5,1,,,,36.06504208130489,11,6,5,6,3,1,,,,,18.732013284041855,12.119648902477357,41.22275204359674,25.665224802947073,19049,16,0,1.192254373902966,0.9702554016870458,9.711946045978637,9.760609838313329,28,26.780152817693473,5.0,1.931512147171487,1.421562730150208,ZINCk800000JU9CT_m02_t08,SER17;ASP15;SER14;THR13;SER18,1.0,96.01969826384172
838,native_first,ZINCj500000d7l0I,NC(=O)c1n[nH]c(=NC(=O)NC[C@H]2CCC[C@@H]2O)s1,1388,2967,1900,1,0,1,17.857142857142858,19.267729830797304,0.7212388146201143,13.896634623584863,5,285.32899999999995,-0.6586000000000003,4,5,3,1,,,,35.53084632385342,12,7,5,7,4,1,,,,,18.66789660533361,12.134092508622487,40.44755692737756,25.41307649274153,21842,16,4,1.6221170781150818,1.1362289091069406,11.611623357653302,11.023741311243844,28,26.780152817693473,5.0,1.9335080849685102,1.682976429783859,ZINCj500000d7l0I_m01_t07,SER17;ASP15;SER14;THR13;SER18,3.0,-82.91958343250641
839,native_first,ZINCk700001bNxhd,C=CC1(C(=O)N[C@H](CCc2cn[nH]c2)C(=O)O)COC1,7017,2664,1786,1,0,1,14.285714285714286,16.024722079133863,0.797496639953447,12.77966201429707,4,279.29600000000005,0.11430000000000001,3,4,7,1,,,,36.38223751692659,12,7,5,7,4,1,,,,,17.66460968355107,11.66365926996308,36.38435132575758,25.151660816901277,25209,16,9,1.0620385926679097,0.8476183439434347,9.413178262414874,7.784971994852031,28,26.780152817693473,5.0,1.9344998002371043,2.0333227088695347,ZINCk700001bNxhd_m01_t01,SER17;ASP15;SER14;THR13;SER18,2.0,12.156519112197884
840,native_first,ZINCk700000JUb1t,NCCn1nccc1C(=O)N[C@H](CCO)c1cncs1,5094,2111,1484,1,0,1,14.285714285714286,16.628609428741346,0.7826149513227031,13.013798358638649,4,295.368,0.1517999999999996,3,7,7,1,,,,36.92824579056311,12,7,5,7,4,1,,,,,18.138312987703618,11.776723882544319,39.446830509822625,25.654286108847412,19151,16,5,1.6547391472465507,0.731089513591626,9.711946045978637,9.604936824426835,28,26.780152817693473,5.0,1.942178724247925,1.6680680679540054,ZINCk700000JUb1t_m02_t01,SER17;ASP15;SER14;THR13;SER18,2.0,-52.462275365293806
841,native_first,ZINCk800000PxZbX,C[C@H](CCN)CC(=O)Nc1cccn(CC(=O)O)c1=O,193,5887,3471,1,0,1,17.857142857142858,19.267729830797304,0.7717402411307404,14.869682465661471,5,281.312,0.24639999999999967,3,5,7,1,,,,32.391143412755326,11,6,5,6,4,1,,,,,19.206064585588333,12.084879215622566,46.76013024602025,24.480096116455133,35368,16,12,1.423142457606187,0.9613760080594155,11.611623357653302,10.994762593745335,28,26.780152817693473,5.0,1.9505980885562648,1.747791676571337,ZINCk800000PxZbX_m01_t05,SER17;ASP15;SER14;THR13;SER18,1.0,14.482537644586568
842,native_first,ZINCk600000JTwTJ,CN[C@H](C)CCNC(=O)c1ncoc1COCC(=O)O,1095,593,510,1,1,1,17.857142857142858,19.267729830797304,0.729605202568606,14.057835926236038,5,285.29999999999995,0.003600000000000214,3,6,9,1,,,,38.34275944886656,13,8,5,8,4,1,,,,,26.561421387375017,18.979010363812776,44.23332581397097,31.27395661197163,328,16,4,1.7136007119593262,0.9950869468490678,11.611623357653302,10.907008860148734,28,26.780152817693473,5.0,1.9507046828407177,1.9921673103979038,ZINCk600000JTwTJ_m01_t01,SER17;ASP15;SER14;THR13;SER18,0.0,5.222795687079243
843,native_first,ZINCk700000drHFJ,O=C(O)CC[C@H]1C[C@@H](C(=O)O)N(C(=O)c2cn[nH]c2)C1,1190,2473,1701,1,0,1,14.285714285714286,16.628609428741346,0.8422376678919875,14.005241225549826,4,281.26800000000003,0.18980000000000002,3,4,5,1,,,,36.38223751692659,12,7,5,7,4,1,,,,,20.016212449861044,13.365303511603289,39.84316852737904,26.56262247668726,11427,16,1,1.091579084877781,0.7108771138162208,9.711946045978637,8.790290328576523,28,26.780152817693473,5.0,1.960322268547926,1.8549981557574085,ZINCk700000drHFJ_m01_t06,SER17;ASP15;SER14;THR13;SER18,0.0,-26.157049944323724
844,native_first,ZINCk800000JU5nv,Nc1cnc(CN[C@H](Cc2ccncc2)C(=O)O)cn1,774,7664,4647,1,0,1,14.285714285714286,16.628609428741346,0.8571450917920326,14.25313095517236,4,273.296,0.23929999999999935,3,6,6,1,,,,36.06504208130489,11,6,5,6,3,1,,,,,21.7786588768751,14.419283917814967,44.48112114894604,27.49321215864702,6424,16,3,1.019348991636778,0.7562626797858405,9.711946045978637,9.995839901476627,28,26.780152817693473,5.0,1.960664718406859,1.9080659090621963,ZINCk800000JU5nv_m01_t03,SER17;ASP15;SER14;THR13;SER18,0.0,60.06883686025813
845,native_first,ZINCk5000009F55O,C[C@H](CNC(=O)c1n[nH]c(=N)s1)NC(=O)c1cnoc1,3072,7027,4113,1,0,1,14.285714285714286,16.628609428741346,0.8039320617440532,13.368272261984632,4,296.31200000000007,-0.5130300000000001,4,7,5,1,,,,38.92405593253,12,7,5,7,3,1,,,,,21.24271403194032,14.217025896942198,41.9961105305933,28.315250792176194,3739,16,4,1.1980991917986674,0.9600428038450731,9.711946045978637,9.436134560197177,28,26.780152817693473,5.0,1.9716117345848083,1.3215916436061046,ZINCk5000009F55O_m01_t06,SER17;ASP15;SER14;THR13;SER18,0.0,-33.3766849021586
846,native_first,ZINCk50000041D3b,COCc1cc(NC(=O)C(=O)N[C@H]2C[C@H](N)C2)ncn1,10645,892,682,1,1,1,14.285714285714286,17.03922758205644,0.7301672739133052,12.441486353178549,4,279.29999999999995,-0.8325999999999991,3,6,4,1,,,,38.34275944886656,13,8,5,8,4,1,,,,,20.81302400507541,13.977957885332016,40.72910279991824,27.82491818259187,5160,16,4,1.6716071709307607,1.0433372095133937,13.92267653865448,13.36791401257455,28,26.780152817693473,5.0,1.9757267247392898,1.5521503140486783,ZINCk50000041D3b_m01_t06,SER17;ASP15;SER14;THR13;SER18,3.0,10.988979876993035
847,native_first,ZINCk600000Emv4n,CNC(=O)[C@@H]1[C@H](O)CCN1Cc1cc(OC)ccc1O,10434,4945,3031,1,0,1,14.285714285714286,13.94583583618139,0.8932762187124744,12.45748350252903,4,280.32399999999996,0.08199999999999924,3,5,4,1,,,,34.351665344695306,12,7,5,7,4,1,,,,,17.203299592303548,11.1727097270699,37.37903391151022,24.06264589326025,43268,16,9,0.566930431801043,0.6704487333202874,9.078045219098652,7.9300314981868,28,26.780152817693473,5.0,1.990151754852674,2.1647092462126007,ZINCk600000Emv4n_m01_t04,SER17;ASP15;SER14;THR13;SER18,1.0,52.20579364923053
848,native_first,ZINCk50000046FSL,NCc1nc(NC(=O)c2cc(S(N)(=O)=O)sc2Cl)n[nH]1,2657,1148,841,1,1,1,17.857142857142858,19.267729830797304,0.6990043684934055,13.46822732267802,5,336.786,-0.12199999999999978,4,7,4,1,,,,38.072664739456826,12,7,5,7,4,1,,,,,20.026785135135952,13.423387064511985,39.41755459835261,27.245136976864302,7493,16,6,1.6201798812076984,1.2978537961195709,11.611623357653302,11.192734521669124,28,26.780152817693473,5.0,2.0073826448095966,1.9637979242657977,ZINCk50000046FSL_m01_t07,SER17;ASP15;SER14;THR13;SER18,0.0,-106.3320475948632
849,native_first,ZINCk800000xccXk,C[C@H](NC(=O)C[C@@H]1CCCN(C)C1)c1n[nH]c(CO)n1,9576,4294,2631,1,0,1,14.285714285714286,15.18474175275134,0.8249296362166524,12.526343490140976,4,281.35999999999996,0.2061000000000005,3,5,5,1,,,,34.351665344695306,12,7,5,7,4,1,,,,,19.00103183495703,12.775546942638211,37.06049993132811,25.14128523885234,25337,16,5,1.143411349047192,0.84178378710424,11.611623357653302,11.03200586401973,28,26.780152817693473,5.0,2.0083089295815864,2.0248353406750397,ZINCk800000xccXk_m02_t07,SER17;ASP15;SER14;THR13;SER18,2.0,17.772556850383502
850,native_first,ZINCk8000018Sqjh,Cc1nccc(NC(=O)N[C@H](C)c2n[nH]c(CO)n2)n1,3784,1955,1329,1,0,1,14.285714285714286,16.628609428741346,0.7951438096836321,13.222135850910558,4,277.288,0.27811999999999987,4,6,4,1,,,,36.92824579056311,12,7,5,7,4,1,,,,,21.422938532349292,13.985065050005757,45.76026008112623,27.625061435634823,5902,16,10,1.0617048725053926,1.0851553455595584,9.711946045978637,9.165225254752151,28,26.780152817693473,5.0,2.010224287106894,1.684107836130618,ZINCk8000018Sqjh_m01_t08,SER17;ASP15;SER14;THR13;SER18,0.0,-99.63138667377471
851,native_first,ZINCk800000cvAOf,COc1ccc2nccc(C(=O)NC[C@H](O)CN)c2c1,5899,7964,4927,1,0,1,14.285714285714286,16.628609428741346,0.7764477795321478,12.911246867653555,4,275.308,0.2928000000000003,3,5,5,1,,,,34.932961828358735,11,6,5,6,3,1,,,,,20.14139753781557,12.894461449189286,45.986951364175546,26.058023254032836,15159,16,15,1.2915813922417374,0.9611558885711459,9.711946045978637,8.663073002496674,28,26.780152817693473,5.0,2.0117117297834652,1.8280029313309343,ZINCk800000cvAOf_m02_t01,SER17;ASP15;SER14;THR13;SER18,1.0,37.78611635642814
852,native_first,ZINCk50000046vFt,NCC1CC(O)(CNC(=O)c2ccc3n[nH]cc3n2)C1,2817,1160,853,1,1,1,14.285714285714286,16.628609428741346,0.8075817702763517,13.428961839696969,4,275.31200000000007,-0.2124999999999999,4,5,4,1,,,,38.072664739456826,12,7,5,7,4,1,,,,,19.47086851116189,13.048159559899721,38.34592001519902,26.911587002479862,9242,16,12,1.4649214537532773,0.7268498248930532,9.711946045978637,9.818831462261366,28,26.780152817693473,5.0,2.015211031393796,1.354483991402637,ZINCk50000046vFt_m01_t03,SER17;ASP15;SER14;THR13;SER18,1.0,72.04204062667726
853,native_first,ZINCk50000047Feu,O=C(NC[C@]1(O)CCOC1)c1cc([C@H]2CCNC2)[nH]n1,11493,1861,1258,1,0,1,14.285714285714286,15.18474175275134,0.8148336730307857,12.373038896418304,4,280.3279999999999,-0.6322000000000001,4,5,4,1,,,,37.49136825579339,13,8,5,8,4,1,,,,,17.36086354641316,11.666955808573405,33.91039639997352,25.41306543016525,21844,16,3,1.1477141557557615,0.9194167197442443,11.611623357653302,11.196966093310312,28,26.780152817693473,5.0,2.0273267806928246,1.6111460955204948,ZINCk50000047Feu_m02_t05,SER17;ASP15;SER14;THR13;SER18,1.0,100.62611104796193
854,native_first,ZINCk700000FCDKL,N=c1ncc(C(=O)Nc2cnc(O)c(C(=O)O)c2)c[nH]1,979,466,406,1,1,1,17.857142857142858,19.267729830797304,0.7327113668286301,14.117684660008264,5,275.224,-0.05973000000000023,5,6,3,1,,,,39.20474499240297,12,7,5,7,4,1,,,,,21.94696634918513,14.828186989252881,42.21254557027951,28.850077806472267,2604,16,3,1.59036965517808,1.1089481405717518,11.611623357653302,11.946243637953444,28,26.780152817693473,5.0,2.0280461722449865,1.7760031128099136,ZINCk700000FCDKL_m02_t07,SER17;ASP15;SER14;THR13;SER18,1.0,-117.18396182686018
855,native_first,ZINCj800000JU9Fy,NCCCC[C@H](N)CC(=O)N[C@H]1C[C@@H]1c1cc[nH]n1,3390,5395,3246,1,0,1,14.285714285714286,16.628609428741346,0.8000553118655459,13.303807302402014,4,265.36100000000005,0.22820000000000112,4,4,8,1,,,,32.983637231917015,11,7,4,7,4,1,,,,,17.646135926448906,11.11041279309417,42.85664578983996,23.781136448636147,49306,16,6,1.0833367763871538,0.8942589479697372,9.711946045978637,8.362213024389797,28,26.780152817693473,5.0,2.0324163641448276,1.4312277340658706,ZINCj800000JU9Fy_m02_t02,SER17;ASP15;SER14;THR13;SER18,0.0,-4.997189788623032
856,native_first,ZINCj700000fpW7V,N=c1[nH]cc(CNC(=O)[C@H](CCN)c2cn[nH]c2)s1,6082,3123,1969,1,0,1,14.285714285714286,16.628609428741346,0.7750722283348147,12.888373364043865,4,280.357,0.027569999999999983,5,5,6,1,,,,35.525455647520424,11,7,4,7,4,1,,,,,16.337345029222345,10.411993404744019,37.91350792556858,24.01258927654158,44303,16,14,1.3984317561672737,0.9399785477478808,9.711946045978637,10.468170107028602,28,26.780152817693473,5.0,2.038381577524023,1.7027007754139987,ZINCj700000fpW7V_m01_t05,SER17;ASP15;SER14;THR13;SER18,2.0,-52.51764724412704
857,native_first,ZINCk800000gvsgw,Cc1nc[nH]c1C(=O)N[C@@H](CCc1cn[nH]c1)C(=O)O,14973,1188,867,0,1,1,14.285714285714286,16.024722079133863,0.7574638181050688,12.138147170133331,4,277.284,0.25701999999999914,4,4,6,1,,,,44.05904280583246,14,9,5,9,4,1,,,,,21.794176431138183,15.836770088021899,34.936395734563426,30.700122981015898,583,16,6,1.1016785090879933,1.0321759967771424,9.413178262414874,7.633041684547619,28,26.780152817693473,5.0,2.039108663395916,1.909313949604223,ZINCk800000gvsgw_m01_t07,SER17;ASP15;SER14;THR13;SER18,2.0,21.685004701824006
858,native_first,ZINCk50000041Wkf,CO[C@H](C(=O)Nc1n[nH]c(CCN)n1)c1cnn(C)c1,8137,301,263,1,1,1,14.285714285714286,16.628609428741346,0.7616999844886071,12.666011543939389,4,279.30400000000003,-0.6343999999999994,3,7,6,1,,,,40.91933989473438,13,8,5,8,4,1,,,,,22.35983240325291,15.215823094013794,42.14954201513342,29.783635399845497,1259,16,10,1.4421360023230492,1.0483335925662767,9.711946045978637,9.654706328404497,28,26.780152817693473,5.0,2.058748264444563,1.6725225117151745,ZINCk50000041Wkf_m01_t04,SER17;ASP15;SER14;THR13;SER18,2.0,-26.727569520359843
859,native_first,ZINCk600000weB8F,C[C@H](NC(=O)CN1CCS(=N)(=O)CC1)c1cnccn1,5519,7367,4371,1,0,1,14.285714285714286,16.628609428741346,0.7793316504800999,12.959201631289943,4,297.384,0.01617000000000135,2,6,4,1,,,,36.783225624191815,13,7,6,7,3,1,,,,,17.165675074241243,11.695424548543098,32.24967798793301,25.012695294221476,27112,16,10,1.1447925221972841,1.1223549395655918,9.711946045978637,10.279895777811564,28,26.780152817693473,5.0,2.060031902554948,1.6765623053908663,ZINCk600000weB8F_m02_t03,SER17;ASP15;SER14;THR13;SER18,0.0,29.254531473467637
860,native_first,ZINCj500000d6SKs,C[C@H](CNC(=O)N=c1nc(CCCO)[nH][nH]1)N(C)C,8008,3457,2163,1,0,1,14.285714285714286,16.640486220660865,0.7619892887932551,12.679872260455333,4,270.337,-0.7768999999999984,4,4,6,1,,,,34.351665344695306,12,7,5,7,4,1,,,,,23.07910819356295,15.35669769407488,46.42462073324906,27.588131054015886,6047,16,4,1.4171297266544116,1.0626625275065067,11.611623357653302,11.786246100708405,28,26.780152817693473,5.0,2.075250658515891,1.74859028231024,ZINCj500000d6SKs_m02_t01,SER17;ASP15;SER14;THR13;SER18,3.0,-65.38325451571343
861,native_first,ZINCk600001bNiEw,CC1(C)[C@H](N)C[C@H]1C(=O)Nc1ncn(CCC(=O)O)n1,3833,6244,3664,1,0,1,17.857142857142858,19.267729830797304,0.6855478299160773,13.20895037291236,5,281.316,0.06470000000000059,3,6,5,1,,,,32.391143412755326,11,6,5,6,4,1,,,,,18.20268026222805,11.62864954411881,41.87706270627062,23.878065522438963,47161,16,0,2.022354293964067,1.0741326679171235,11.611623357653302,12.092279701924465,28,26.780152817693473,5.0,2.0798760349970857,2.015002619528909,ZINCk600001bNiEw_m01_t04,SER17;ASP15;SER14;THR13;SER18,1.0,-89.24535469170652
862,native_first,ZINCk500000gdYHz,COCCn1nc(CCN(C)C)nc1-c1n[nH]c(O)n1,6800,7765,4747,1,0,1,14.285714285714286,14.609184867389905,0.8764746017368559,12.804579488345668,4,281.32,-0.48069999999999935,2,8,7,1,,,,35.895530351877184,12,8,4,8,3,1,,,,,22.48029160171756,14.240150480848335,53.35370597870599,27.84638710178141,5077,16,9,0.5890790552349636,0.8001307893197277,9.433491135311455,8.422288235227679,28,26.780152817693473,5.0,2.0951027316571746,1.5634155158034537,ZINCk500000gdYHz_m02_t06,SER17;ASP15;SER14;THR13;SER18,2.0,31.45326002831547
863,native_first,ZINCj500000fhUxr,CO[C@@H]1C[C@H]1C(=O)N[C@@H](CCc1cn[nH]c1)C(=O)O,11623,2585,1754,1,0,1,14.285714285714286,13.94583583618139,0.8865403101659061,12.363545627731057,4,267.28499999999997,-0.053400000000000336,3,4,7,1,,,,36.38223751692659,12,7,5,7,4,1,,,,,18.83619382095773,12.412550680717082,39.03970947192952,25.854611299345276,17040,16,3,0.840076298285918,0.6652840648156516,9.078045219098652,8.520799374407925,28,26.780152817693473,5.0,2.097473423269331,1.8875629810419874,ZINCj500000fhUxr_m01_t03,SER17;ASP15;SER14;THR13;SER18,0.0,-23.527847889006065
864,native_first,ZINCk800001bP917,CCNCCCNc1c(N[C@H]2C[C@@H](OC)C2)c(=O)c1=O,4032,3753,2325,1,0,1,10.714285714285714,13.397478468997424,0.9829668604922189,13.169277349182497,3,281.356,0.28340000000000054,3,6,9,1,,,,34.351665344695306,12,7,5,7,4,1,,,,,20.814072241541513,13.387409677169687,46.74691055915818,26.229109482803032,13774,16,5,0.24763544250859298,0.2772230768168873,5.9718816967518835,6.181358533714316,28,26.780152817693473,5.0,2.105143092916162,1.3558623599331565,ZINCk800001bP917_m01_t04,SER17;ASP15;SER14;THR13;SER18,3.0,109.17930716569278
865,native_first,ZINCk800000JSfaA,Cc1n[nH]cc1CC(=O)Nc1cc(C(=O)O)cnc1O,3739,130,116,1,1,1,17.857142857142858,19.267729830797304,0.6866367926002485,13.229932211706789,5,276.252,0.6981199999999999,4,5,4,1,,,,42.06375884362809,13,8,5,8,4,1,,,,,24.02101364934488,16.87500334656899,41.6646084436541,31.23811172705816,337,16,13,1.5740145927282343,1.32853984321734,11.611623357653302,10.561149413195187,28,26.780152817693473,5.0,2.110079498700891,1.8450744313733947,ZINCk800000JSfaA_m02_t07,SER17;ASP15;SER14;THR13;SER18,3.0,52.049832808336724
866,native_first,ZINCk700000vmfBK,CCc1nnsc1C(=O)N[C@@H](CSCC(=O)O)C(=O)O,9053,1048,764,1,1,1,14.285714285714286,16.628609428741346,0.7561597710901375,12.573885499184358,4,319.36400000000003,0.10129999999999961,3,7,8,1,,,,38.34275944886656,13,8,5,8,4,1,,,,,17.168092047095378,11.572271990940086,33.24277228402693,25.63795900780385,19320,16,15,1.162876350038103,1.2352270747523992,9.711946045978637,9.018625372020193,28,26.780152817693473,5.0,2.117855703465455,1.8468303245425417,ZINCk700000vmfBK_m01_t07,SER17;ASP15;SER14;THR13;SER18,3.0,-41.28106743966023
867,native_first,ZINCk6000004cSjp,COc1cc(C(=O)NCc2nc(O)cc(CN)n2)sn1,7870,2067,1440,1,0,1,14.285714285714286,16.628609428741346,0.7633503739191161,12.693455225184646,4,295.324,0.03599999999999992,3,8,5,1,,,,36.92824579056311,12,7,5,7,4,1,,,,,19.058778492178448,12.421345422661894,40.93002392344496,26.206565411532313,13962,16,11,1.1178511002107687,1.242018338389463,9.711946045978637,9.201802837660685,28,26.780152817693473,5.0,2.1222523773341653,1.539596631631666,ZINCk6000004cSjp_m02_t08,SER17;ASP15;SER14;THR13;SER18,0.0,-60.18437656899462
868,native_first,ZINCj600000PJysQ,COCC=CC(=O)NCC(=O)Nc1c[nH]ccc1=O,11398,2532,1731,1,0,1,14.285714285714286,14.477064275896673,0.8552006874853144,12.38079532151592,4,265.269,-0.36779999999999924,3,4,6,1,,,,36.38223751692659,12,7,5,7,4,1,,,,,19.2718690645689,12.717522181254223,39.76690755247868,26.116016445511974,14714,16,3,1.010406347263297,0.7722397005903342,8.080270416267007,8.411401485849227,28,26.780152817693473,5.0,2.124358403707036,1.805640528411839,ZINCj600000PJysQ_m01_t06,SER17;ASP15;SER14;THR13;SER18,2.0,2.3353696943969213
869,native_first,ZINCk7000004gFWr,N[C@@H]1C=C[C@H](C(=O)NCCCC(=O)Nc2cn[nH]c2)C1,3209,2838,1855,1,0,1,14.285714285714286,16.628609428741346,0.8023593319385961,13.342119952312746,4,277.32800000000003,0.14799999999999952,4,4,6,1,,,,35.53084632385342,12,7,5,7,4,1,,,,,21.837500146963475,14.440636343616346,44.769673704414586,27.31483861771945,7174,16,13,0.9874528490495201,0.9447578685858066,9.711946045978637,8.35884909569378,28,26.780152817693473,5.0,2.126075491026804,1.647103320396279,ZINCk7000004gFWr_m01_t01,SER17;ASP15;SER14;THR13;SER18,1.0,-62.68785784983809
870,native_first,ZINCk500000451qE,Cc1nc[nH]c1S(=O)(=O)NC[C@@H]1C[C@@H](CC(=O)O)CO1,9652,775,614,1,1,1,14.285714285714286,16.628609428741346,0.7529056330439559,12.519773708587197,4,303.34000000000003,-0.12377999999999961,3,5,6,1,,,,38.34275944886656,13,8,5,8,4,1,,,,,22.362608742217283,15.320161652950256,41.388088255124075,28.75466902487699,2786,16,5,1.2069566929019817,1.213936504396812,9.711946045978637,8.934117387921667,28,26.780152817693473,5.0,2.153781594537539,2.151010529703035,ZINCk500000451qE_m02_t03,SER17;ASP15;SER14;THR13;SER18,0.0,-122.73711973767686
871,native_first,ZINCj500000xc3HC,Cc1c(O)c(=O)ccn1CC(=O)NCCSCCO,4075,4097,2519,1,0,1,14.285714285714286,16.628609428741346,0.791488580426123,13.161354471214931,4,286.353,-0.2959800000000003,3,6,7,1,,,,34.351665344695306,12,7,5,7,4,1,,,,,19.571773360395202,12.695854703933437,42.69469438411419,25.483730154115243,21009,16,0,0.9994548094892437,1.10468312774476,9.711946045978637,8.851094415977396,28,26.780152817693473,5.0,2.1541387456384586,1.6011532252701535,ZINCj500000xc3HC_m01_t06,SER17;ASP15;SER14;THR13;SER18,2.0,90.2879253492685
872,native_first,ZINCk50000045Gio,Cn1nc(C(=O)O)cc1C(=O)NCc1nnc(S)n1C,2857,7203,4282,1,0,1,17.857142857142858,19.267729830797304,0.6964735005358895,13.41946324263518,5,296.31199999999995,-0.5345000000000006,3,8,4,1,,,,38.70541191054433,13,8,5,8,3,1,,,,,20.822002255459996,14.268049318418624,38.512528286052536,27.975366117493728,4658,16,12,1.7256138781792707,1.2520649961781047,11.611623357653302,11.635686496994678,28,26.780152817693473,5.0,2.1587773033028057,1.7721332767155318,ZINCk50000045Gio_m02_t04,SER17;ASP15;SER14;THR13;SER18,0.0,43.03934058702495
873,native_first,ZINCk8000004jRqL,NCCc1cnc2c(C(=O)Nc3cn[nH]c3)cnn2c1,3074,7748,4730,1,0,1,14.285714285714286,15.18474175275134,0.8803672126164823,13.368148771170814,4,271.28400000000005,0.20589999999999936,3,6,4,1,,,,36.06504208130489,11,6,5,6,3,1,,,,,16.585389594506598,10.591691524036806,38.20521541950115,24.377250589225913,37215,16,1,0.6356525461134291,0.784607334047358,11.611623357653302,10.761619402517006,28,26.780152817693473,5.0,2.177617904453061,1.756873939534166,ZINCk8000004jRqL_m02_t01,SER17;ASP15;SER14;THR13;SER18,2.0,44.19548699725993
874,native_first,ZINCk600000JUpC9,O=C(NCc1cc[nH]c1)C(=O)NCc1cncc(O)c1,7626,1128,821,1,1,1,14.285714285714286,16.628609428741346,0.764901807114591,12.719253401846982,4,274.28,0.04789999999999972,4,4,4,1,,,,38.072664739456826,12,7,5,7,4,1,,,,,20.639460904596035,13.673976304071623,42.06959057414193,27.61274243854035,5950,16,1,1.313625522568593,1.1227523579483274,9.711946045978637,9.803113190425893,28,26.780152817693473,5.0,2.1776793256917055,1.6334412655756751,ZINCk600000JUpC9_m01_t08,SER17;ASP15;SER14;THR13;SER18,2.0,56.051129984477654
875,native_first,ZINCk50000046WlB,N[C@H]1CCC[C@@H](C(=O)NCCOCCOCC(=O)O)C1,10866,5106,3131,1,0,1,14.285714285714286,15.18474175275134,0.8181941320447205,12.42406659871561,4,288.344,-0.26209999999999933,3,5,9,1,,,,33.81239250864757,12,7,5,7,4,1,,,,,25.663093262484377,17.599692596811874,47.362492231199504,28.92281296094965,2469,16,8,0.8972294204426129,1.0605434748057518,11.611623357653302,11.150393465723178,28,26.780152817693473,5.0,2.1946250937947553,1.3944197550702373,ZINCk50000046WlB_m01_t04,SER17;ASP15;SER14;THR13;SER18,2.0,34.74325350190108
876,native_first,ZINCk600000BnebA,C[C@@]1(CCNC(=O)CNC(=O)c2cccnc2)CCN1,4330,4204,2580,1,0,1,14.285714285714286,16.628609428741346,0.7889974228903345,13.119929985526838,4,276.34000000000003,0.06970000000000015,3,4,6,1,,,,34.351665344695306,12,7,5,7,4,1,,,,,19.232160259917748,12.441052493578505,42.34878868902932,25.279962293828767,23481,16,4,1.2615433353561716,1.0056361988120046,9.711946045978637,9.433674938918704,28,26.780152817693473,5.0,2.1948044037815073,1.8263901584104598,ZINCk600000BnebA_m01_t02,SER17;ASP15;SER14;THR13;SER18,3.0,40.674858076289276
877,native_first,ZINCk50000046wYh,NCCCn1cc(C(=O)NC[C@H](O)c2cncs2)nn1,680,7954,4919,1,0,1,17.857142857142858,19.267729830797304,0.7431525022230601,14.318861635914914,5,296.356,-0.45320000000000027,3,8,7,1,,,,34.932961828358735,11,6,5,6,3,1,,,,,20.265360371476074,12.793531361314727,48.71853146853146,26.13240095422914,14570,16,8,1.5112832493470707,1.02579743415235,11.611623357653302,10.658926792529936,28,26.780152817693473,5.0,2.20190537837325,1.521984795474091,ZINCk50000046wYh_m02_t02,SER17;ASP15;SER14;THR13;SER18,1.0,35.0885246586503
878,native_first,ZINCj6000002mjG7,N=c1[nH]cc(C(=O)NCC(=O)Nc2cccnc2)o1,1236,7747,4729,1,0,1,14.285714285714286,16.628609428741346,0.8406679306767358,13.979138678491646,4,261.24100000000004,-0.14932999999999996,4,5,4,1,,,,36.06504208130489,11,6,5,6,3,1,,,,,16.586795132363104,10.719462347966727,36.64401858304296,24.378093911939818,37200,16,13,0.9059452941710074,0.9226371179203813,9.711946045978637,9.251472754881998,28,26.780152817693473,5.0,2.2056447211078103,1.9193823210977694,ZINCj6000002mjG7_m01_t04,SER17;ASP15;SER14;THR13;SER18,2.0,-44.4750087402079
879,native_first,ZINCk700001bP8Tn,CCN(C)CCC(=O)NCC[C@H](O)CN=c1nc[nH]s1,1416,3509,2186,1,0,1,14.285714285714286,16.628609428741346,0.8350431156962503,13.885605827072219,4,301.41599999999994,-0.419099999999998,3,6,9,1,,,,34.351665344695306,12,7,5,7,4,1,,,,,22.361346036131344,14.607667537587595,47.657956079008706,27.15747375955693,7932,16,5,1.2049729097292043,0.7488164926675372,9.711946045978637,10.084174566281215,28,26.780152817693473,5.0,2.2098973950387792,1.8000159803620328,ZINCk700001bP8Tn_m01_t06,SER17;ASP15;SER14;THR13;SER18,1.0,-7.853560651910707
880,native_first,ZINCj600000d89NN,NC(=O)CCNC(=O)c1cncc(-c2cc[nH]n2)c1,3420,7684,4667,1,0,1,14.285714285714286,16.628609428741346,0.7995979659552678,13.296202275886166,4,259.269,0.07689999999999936,3,4,5,1,,,,36.06504208130489,11,6,5,6,3,1,,,,,20.46750264189165,13.161247923015807,46.00823045267491,26.706518417656945,10481,16,8,1.0477237330691076,1.0476979262814374,9.711946045978637,9.000971586942946,28,26.780152817693473,5.0,2.2292074855801,1.6545301236121954,ZINCj600000d89NN_m01_t04,SER17;ASP15;SER14;THR13;SER18,1.0,-11.191874388381123
881,native_first,ZINCk5000009G1dp,N=C(N)SCC(=O)NCC1(NC(=O)c2cn[nH]c2)CC1,6767,2922,1881,1,0,1,14.285714285714286,16.628609428741346,0.7702229811815227,12.807737127108336,4,296.3560000000001,-0.5850299999999997,5,5,6,1,,,,35.53084632385342,12,7,5,7,4,1,,,,,19.47848836732599,12.871551756546165,40.02135252135252,25.899431549936956,16627,16,11,1.3205716596580581,1.0518748319795777,9.711946045978637,9.123248148507923,28,26.780152817693473,5.0,2.235504542139951,1.4348603524744896,ZINCk5000009G1dp_m01_t04,SER17;ASP15;SER14;THR13;SER18,2.0,-93.68514342448955
882,native_first,ZINCk800000Pzi0b,CC(=O)NCc1cc(C(=O)NCc2ncc(C)[nH]2)on1,14563,1198,875,0,1,1,14.285714285714286,17.4744052530532,0.6960847337957861,12.163666728811222,4,277.284,0.2722199999999993,3,5,5,1,,,,42.87986182667435,14,9,5,9,4,1,,,,,24.091289624340753,17.06091569624992,40.9767957499122,31.606718505274188,240,16,7,1.2034379197200737,1.4491249493383656,11.322353863044563,9.902872132581233,28,26.780152817693473,5.0,2.270075300751693,1.9951577492208865,ZINCk800000Pzi0b_m01_t02,SER17;ASP15;SER14;THR13;SER18,2.0,-65.10100337605135
883,native_first,ZINCk50000045m4n,Cn1c(S)nnc1CNC(=O)c1coc(S(N)(=O)=O)c1,2245,7199,4278,1,0,1,17.857142857142858,19.267729830797304,0.7051558322777837,13.586752064939352,5,317.3520000000001,-0.7258,3,8,4,1,,,,38.70541191054433,13,8,5,8,3,1,,,,,21.892335337902754,14.671295419965377,43.111128079820816,28.617565966959386,3033,16,12,1.863546198762778,1.0662997722424385,11.611623357653302,11.136326439191834,28,26.780152817693473,5.0,2.29407005934495,2.0595653011414705,ZINCk50000045m4n_m01_t03,SER17;ASP15;SER14;THR13;SER18,2.0,-72.33202359288828
884,native_first,ZINCk7000004gBM8,NC(=O)c1ncc(NC(=O)COC[C@@H]2CCCNC2)s1,1842,2405,1670,1,0,1,17.857142857142858,19.267729830797304,0.7121882936065572,13.722251629867692,5,298.368,0.1966999999999995,3,6,6,1,,,,36.38223751692659,12,7,5,7,4,1,,,,,20.83511233811332,13.55535623204823,45.00404171842038,27.053962409638626,8473,16,15,1.5381495037053454,1.2860686376977906,11.611623357653302,11.81225056981904,28,26.780152817693473,5.0,2.324457678329824,1.844574355977123,ZINCk7000004gBM8_m01_t03,SER17;ASP15;SER14;THR13;SER18,1.0,38.59789138824647
885,native_first,ZINCj500000vFVhG,NC(=O)CCCNC(=O)c1n[nH]c2c1CC[C@@H](N)C2,10506,1834,1250,1,0,1,17.857142857142858,19.267729830797304,0.6462731752349629,12.452216937318788,5,265.317,-0.7789999999999997,4,4,5,1,,,,37.49136825579339,13,8,5,8,4,1,,,,,18.374351686932776,12.679110700721438,33.35835985149828,26.02115831447702,15491,16,15,2.1080125462805017,1.2672591351032358,11.611623357653302,10.99104600763206,28,26.780152817693473,5.0,2.3303453112259453,1.993338417423384,ZINCj500000vFVhG_m02_t06,SER17;ASP15;SER14;THR13;SER18,2.0,2.698532667458146
886,native_first,ZINCk7000018Tret,NCc1ccc(N)c(C(=O)NCc2cc(CN)no2)c1,11835,1680,1179,1,0,1,17.857142857142858,19.267729830797304,0.6409274582728759,12.349217107141385,5,275.312,0.10419999999999952,4,6,5,1,,,,37.5207396097248,12,8,4,8,4,1,,,,,18.65526583845588,12.130955086222333,40.36392867582578,26.20145534696345,13997,16,6,1.8841579735442104,1.4560416457058232,11.611623357653302,12.37104990126178,28,26.780152817693473,5.0,2.3448378801563776,1.683552495588571,ZINCk7000018Tret_m01_t03,SER17;ASP15;SER14;THR13;SER18,3.0,34.685741107220885
887,native_first,ZINCk5000009FHxv,Cc1nc(=NCC2(NC(=O)[C@H]3C[C@@H](O)C3)COC2)s[nH]1,1128,5882,3467,1,0,1,14.285714285714286,16.628609428741346,0.8444369627803496,14.041812441267027,4,298.36799999999994,-0.6635799999999996,3,6,4,1,,,,32.391143412755326,11,6,5,6,4,1,,,,,19.223085817787744,12.102816655636481,46.69368099600658,24.490308855774778,35204,16,12,0.8021930049303415,0.9158734829235385,9.711946045978637,8.891413760701775,28,26.780152817693473,5.0,2.345036918319893,1.947958814034982,ZINCk5000009FHxv_m01_t03,SER17;ASP15;SER14;THR13;SER18,3.0,-49.88157174593297
888,native_first,ZINCj600000d89Ev,N=c1cc(C(=O)NCC(=O)Nc2cccnc2)o[nH]1,1229,7749,4731,1,0,1,14.285714285714286,16.628609428741346,0.8409182148081922,13.983300555559845,4,261.241,-0.1493300000000008,4,5,4,1,,,,36.06504208130489,11,6,5,6,3,1,,,,,16.58304397658003,10.719462347966727,36.60743041177824,24.375843218469974,37242,16,14,1.1098345934380844,0.8017016020329862,9.711946045978637,9.679567512530541,28,26.780152817693473,5.0,2.3836472544911844,1.941617070464852,ZINCj600000d89Ev_m01_t08,SER17;ASP15;SER14;THR13;SER18,2.0,-17.34294589407325
889,native_first,ZINCk50000046tBj,NC1CC(CC(=O)NCC(=O)NCc2ccncc2)C1,316,3528,2198,1,0,1,14.285714285714286,16.628609428741346,0.8845987637179411,14.709647343013094,4,276.34000000000003,-0.05859999999999954,3,4,6,1,,,,34.351665344695306,12,7,5,7,4,1,,,,,22.224541050709096,14.572349074519334,46.80006040471157,27.075390768303574,8360,16,0,0.8255888609700343,0.7016143733758814,9.711946045978637,9.260357254883582,28,26.780152817693473,5.0,2.3837251433836193,1.449749059000207,ZINCk50000046tBj_m01_t08,SER17;ASP15;SER14;THR13;SER18,1.0,8.294555023545616
890,native_first,ZINCk500000doOc5,CNC(=O)c1nnc(NC(=O)[C@H]2CNC(=O)C[C@H]2C)s1,7793,845,653,1,1,1,17.857142857142858,19.267729830797304,0.6592485686211074,12.702223311531334,5,297.34000000000003,-0.3915999999999997,3,6,3,1,,,,38.34275944886656,13,8,5,8,4,1,,,,,21.333357537386483,14.412585010054487,41.040646674826604,28.137118301978514,4198,16,12,1.814387792916747,1.2806429997698079,11.611623357653302,10.300920562437078,28,26.780152817693473,5.0,2.4130707420776036,2.1411547860285842,ZINCk500000doOc5_m01_t02,SER17;ASP15;SER14;THR13;SER18,0.0,-11.86089258687513
891,native_first,ZINCk6000004dMCQ,Nc1ccnc(CNC(=O)C(=O)NCc2cnsc2)c1,1872,7030,4116,1,0,1,14.285714285714286,16.628609428741346,0.8246073111839147,13.712072909761893,4,291.336,0.052899999999999725,3,6,4,1,,,,38.92405593253,12,7,5,7,3,1,,,,,21.1996297017155,13.924883933305468,44.390413508060554,28.289400194041303,3801,16,5,0.9281237988965338,0.900343616637798,9.711946045978637,8.589300982338964,28,26.780152817693473,5.0,2.418397702741302,1.4668428675933722,ZINCk6000004dMCQ_m01_t02,SER17;ASP15;SER14;THR13;SER18,3.0,43.97433223988235
892,native_first,ZINCk800000EmmsP,C[C@H](CCO)NC(=O)c1n[nH]cc1NCc1cc[nH]n1,8630,77,77,1,1,1,14.285714285714286,17.4744052530532,0.721898209009221,12.614741855680426,4,278.316,0.24559999999999949,5,5,7,1,,,,43.13852825622868,14,9,5,9,4,1,,,,,15.931011845106532,10.760372083264336,30.667589297482543,26.814018409555395,9818,16,8,1.7393181200333596,1.0588393799806097,11.322353863044563,10.919759631072322,28,26.780152817693473,5.0,2.425948113477621,1.884764406728386,ZINCk800000EmmsP_m01_t06,SER17;ASP15;SER14;THR13;SER18,1.0,-36.845062211509955
893,native_first,ZINCk700000JUqLn,O=C(NCCc1cn[nH]c1)c1cccc(OCCO)n1,10928,7904,4874,1,0,1,14.285714285714286,16.628609428741346,0.7468934219105156,12.419798997846087,4,276.296,0.1482999999999995,3,5,7,1,,,,34.932961828358735,11,6,5,6,3,1,,,,,21.660313861445843,13.792127019229236,50.429577464788736,26.969373048210997,8895,16,6,1.1535867808577456,1.1396601255086656,9.711946045978637,8.205655720847753,28,26.780152817693473,5.0,2.4384033924524386,1.8604652246995208,ZINCk700000JUqLn_m01_t01,SER17;ASP15;SER14;THR13;SER18,2.0,41.57870736906876
894,native_first,ZINCk500000dpZLH,NC[C@@H]1COC[C@H]1n1cc(C(=O)Nc2cn[nH]c2)nn1,32,7073,4158,1,0,1,17.857142857142858,19.267729830797304,0.8030230878465482,15.472431904519901,5,277.288,-0.6002999999999998,3,7,4,1,,,,38.92405593253,12,7,5,7,3,1,,,,,20.031229615484257,13.38588186161442,39.77958851475404,27.588360142302555,6045,16,1,1.3282666554665865,0.8539069457471709,11.611623357653302,11.171810189695954,28,26.780152817693473,5.0,2.4408574434442825,2.0115765156063423,ZINCk500000dpZLH_m02_t01,SER17;ASP15;SER14;THR13;SER18,1.0,26.705100994947394
895,native_first,ZINCk500000BlQ0R,Cc1nc(=NC(=O)CCNC(=O)C[C@H]2C[C@@H](N)C2)o[nH]1,89,3506,2185,1,0,1,14.285714285714286,16.628609428741346,0.9115354709666071,15.157567327147506,4,281.316,-0.6278799999999989,3,5,5,1,,,,34.351665344695306,12,7,5,7,4,1,,,,,22.371186282976694,14.54772782806629,48.39929978637551,27.163377907664138,7893,16,3,0.721511677577995,0.558815720653792,9.711946045978637,10.35559547080694,28,26.780152817693473,5.0,2.4611950155104836,1.7447212035523454,ZINCk500000BlQ0R_m01_t07,SER17;ASP15;SER14;THR13;SER18,0.0,-86.24315313196745
896,native_first,ZINCj700000JWOjA,N=c1nc(CN[C@H](CO)CCc2ccncc2)[nH]o1,1279,3100,1951,1,0,1,14.285714285714286,16.628609428741346,0.8391199190552323,13.95339739784651,4,263.301,-0.03952999999999979,4,6,7,1,,,,35.525455647520424,11,7,4,7,4,1,,,,,19.132232247055867,12.33332112580284,42.635793871866305,25.689521607241694,18765,16,13,0.9407022308502714,0.9181245502172556,9.711946045978637,9.35009326516195,28,26.780152817693473,5.0,2.4784368374545567,1.4108012865908393,ZINCj700000JWOjA_m02_t03,SER17;ASP15;SER14;THR13;SER18,0.0,29.546261369949406
897,native_first,ZINCj5000002bJik,COCCCNC(=S)N(C)NC(=O)c1nsnc1O,9332,1007,743,1,1,1,10.714285714285714,13.397478468997424,0.9365944930578586,12.548004554924217,3,305.38500000000005,-0.26870000000000027,3,7,5,1,,,,38.34275944886656,13,8,5,8,4,1,,,,,18.708665922151905,12.534064414548999,36.87349501203991,26.562303332837768,11431,16,9,0.6298686431531509,0.48686784415028966,5.9718816967518835,5.8028714530490575,28,26.780152817693473,5.0,2.479650582550137,1.7123478493080868,ZINCj5000002bJik_m01_t04,SER17;ASP15;SER14;THR13;SER18,1.0,17.75892649909681
898,native_first,ZINCj700000cafi0,O=C(N[C@@H](C(=O)O)c1ccns1)c1cc(CO)on1,4591,7150,4235,1,0,1,17.857142857142858,19.267729830797304,0.6790471470345215,13.083696971434852,5,283.265,0.1790999999999996,3,7,5,1,,,,38.92405593253,12,7,5,7,3,1,,,,,16.64481595912974,11.055558055743088,33.664036740461626,25.556511948489845,20221,16,4,1.6140207099830375,1.2073992929955895,11.611623357653302,9.944648947392789,28,26.780152817693473,5.0,2.4956782577506087,2.019669125906859,ZINCj700000cafi0_m02_t03,SER17;ASP15;SER14;THR13;SER18,1.0,127.14487246832115
899,native_first,ZINCk500000465yY,N=c1[nH]cc(C(=O)NCC(=O)NCc2ccccn2)o1,8975,7125,4210,1,0,1,14.285714285714286,16.628609428741346,0.7566055107759171,12.581297530326077,4,275.26800000000003,-0.47162999999999955,4,5,5,1,,,,38.92405593253,12,7,5,7,3,1,,,,,17.96094665632913,11.938008176443688,36.24943391025261,26.34619036680948,12897,16,3,1.1742359226231132,1.2162191202115662,9.711946045978637,10.470189483711641,28,26.780152817693473,5.0,2.504936091018696,1.8794756012064262,ZINCk500000465yY_m01_t01,SER17;ASP15;SER14;THR13;SER18,3.0,-36.91409352021732
900,native_first,ZINCj800000frhgv,C[C@@H](NCCNC(=O)c1cc[nH]n1)[C@@H]1CC[C@H](N)C1,1431,3284,2059,1,0,1,14.285714285714286,16.628609428741346,0.8347606483214717,13.880908787420662,4,265.36100000000005,0.2450000000000011,4,4,6,1,,,,34.94415916385699,12,8,4,8,4,1,,,,,16.90439161438388,11.022073206559076,36.251037098494734,24.12029863417312,42053,16,7,1.141413143148731,0.8072527288287423,9.711946045978637,9.413974096456753,28,26.780152817693473,5.0,2.5164460612026462,1.7208212330007249,ZINCj800000frhgv_m01_t06,SER17;ASP15;SER14;THR13;SER18,1.0,-8.139208287324264
901,native_first,ZINCk800000JU3fD,CS(=O)(=O)Nc1nnc(NC(=O)C2CC(CCN)C2)s1,8738,6128,3603,1,0,1,14.285714285714286,15.583483114146915,0.8088572991567659,12.604814063163941,4,319.4120000000001,0.22309999999999885,3,7,6,1,,,,32.391143412755326,11,6,5,6,4,1,,,,,18.46415153927065,11.44401757105919,47.764383880736084,24.03494828866452,43845,16,14,0.9044153616582838,1.0813448445195226,13.92267653865448,13.203286959844627,28,26.780152817693473,5.0,2.5197296279460435,1.4263304361838558,ZINCk800000JU3fD_m02_t08,SER17;ASP15;SER14;THR13;SER18,0.0,-114.53071797686019
902,native_first,ZINCk50000046qjK,NC(=O)c1ccc(F)c(C(=O)N[C@@H]2CC(=O)NC2=O)c1,1940,2428,1684,1,0,1,17.857142857142858,19.267729830797304,0.7105158305695967,13.69002706391954,5,279.227,-0.9305000000000003,3,4,3,1,,,,36.38223751692659,12,7,5,7,4,1,,,,,20.5436022549562,13.511671381993901,42.83788869082986,26.879056359744354,9423,16,12,1.7095920417434836,1.1078457702877926,11.611623357653302,10.78876432051996,28,26.780152817693473,5.0,2.5473272088647922,1.9624384933253964,ZINCk50000046qjK_m01_t01,SER17;ASP15;SER14;THR13;SER18,0.0,-40.80365078550693
903,native_first,ZINCk600000goMAU,CC(C)(N)C=CC(=O)Nc1cnn([C@H]2COC[C@H]2N)c1,9617,5967,3515,1,0,1,17.857142857142858,19.267729830797304,0.6498960788354511,12.522022065096017,5,279.344,0.013700000000001489,3,6,4,1,,,,32.391143412755326,11,6,5,6,4,1,,,,,18.933095985830466,11.956125198913549,45.46283309957924,24.31631495660041,38291,16,2,1.9732455543133793,1.3724125712930741,11.611623357653302,11.890812629687371,28,26.780152817693473,5.0,2.5522864006667936,2.010712159836116,ZINCk600000goMAU_m01_t01,SER17;ASP15;SER14;THR13;SER18,0.0,22.824347343229423
904,native_first,ZINCk7000004gCz2,NCCCC(=O)NCc1ccncc1O[C@H]1CCNC1,7796,3726,2309,1,0,1,14.285714285714286,16.024722079133863,0.7926565658725724,12.702101172308636,4,278.356,0.17739999999999984,3,5,7,1,,,,34.351665344695306,12,7,5,7,4,1,,,,,20.940872513026164,13.586937819489217,45.647712181576736,26.305189645693815,13201,16,2,1.1389062370799674,1.0687102084379203,9.413178262414874,9.11080883389174,28,26.780152817693473,5.0,2.582905250550377,1.731508155778523,ZINCk7000004gCz2_m02_t01,SER17;ASP15;SER14;THR13;SER18,2.0,25.602298306342828
905,native_first,ZINCk600000xcfES,CC(=O)Nc1c[nH]c(C)c1C(=O)N[C@H](CO)C1COC1,2277,1897,1275,1,0,1,14.285714285714286,16.024722079133863,0.8470158447478114,13.573193508706474,4,281.312,0.018619999999999415,4,4,5,1,,,,37.49136825579339,13,8,5,8,4,1,,,,,14.65758005280679,10.078087074326508,26.865115972588306,23.79109533400143,49102,16,2,1.1154081074644946,0.7222502200227724,9.413178262414874,8.862423482526792,28,26.780152817693473,5.0,2.603485913882817,1.7823949828958916,ZINCk600000xcfES_m01_t04,SER17;ASP15;SER14;THR13;SER18,1.0,-38.733863030890575
906,native_first,ZINCk600000JS1TK,Cc1cc(=NNC(=O)c2cnc(CO)[nH]c2=N)cc[nH]1,15156,1612,1122,0,1,1,14.285714285714286,16.628609428741346,0.7292967820437282,12.12719134624306,4,274.284,-0.7363099999999996,5,5,3,1,,,,38.072664739456826,12,7,5,7,4,1,,,,,20.01389322766014,13.165412668192186,41.71188781265803,27.237401832378815,7542,16,7,1.3183663602066606,1.3240748144228263,9.711946045978637,10.113636472071883,28,26.780152817693473,5.0,2.627926455684041,2.1612829176122785,ZINCk600000JS1TK_m01_t07,SER17;ASP15;SER14;THR13;SER18,1.0,1.1584226009491267
907,native_first,ZINCk800000dse1Q,NCCCC[C@H](N)CC(=O)N[C@@H]1CCc2c[nH]nc2C1,8335,3191,2002,1,0,1,14.285714285714286,16.628609428741346,0.7604089156059436,12.644542863743975,4,279.3880000000001,0.22960000000000141,4,4,7,1,,,,34.94415916385699,12,8,4,8,4,1,,,,,19.070767203881477,12.526943123829563,39.9287419058239,25.42012398787168,21741,16,0,1.4049557203895653,0.9558800442655544,9.711946045978637,10.864650822819096,28,26.780152817693473,5.0,2.63193219058927,2.085061915838018,ZINCk800000dse1Q_m01_t03,SER17;ASP15;SER14;THR13;SER18,2.0,1.0874680598274686
908,native_first,ZINCk7000004fHFU,COc1cc(CN)ccc1NC(=O)C[C@@H]1[C@@H](N)C[C@@H]1O,3350,3229,2025,1,0,1,14.285714285714286,15.18474175275134,0.8766897682220859,13.312307727731802,4,279.34,0.1906000000000005,4,5,5,1,,,,34.94415916385699,12,8,4,8,4,1,,,,,18.06011638585778,11.830529433103816,38.14728310775741,24.81373349705746,29912,16,11,0.6759335903691536,0.8166710035114481,11.611623357653302,10.949380508345024,28,26.780152817693473,5.0,2.636782034853988,1.6088657430519469,ZINCk7000004fHFU_m02_t03,SER17;ASP15;SER14;THR13;SER18,0.0,26.984573774878477
909,native_first,ZINCk50000046zhT,NCCc1nc(NC(=O)[C@@H]2CCC[C@H](C(N)=O)C2)n[nH]1,8640,2917,1878,1,0,1,14.285714285714286,14.611784403253237,0.8632685892040638,12.613894507550365,4,280.33199999999994,-0.4638999999999997,4,5,5,1,,,,35.53084632385342,12,7,5,7,4,1,,,,,19.569812692966142,13.067108043336578,38.95568896512294,25.954226145321048,16100,16,13,0.8870357483676027,0.8171988170981036,11.611623357653302,11.45109803503816,28,26.780152817693473,5.0,2.647140232878795,1.8377465813267446,ZINCk50000046zhT_m01_t05,SER17;ASP15;SER14;THR13;SER18,0.0,-116.93934799754958
910,native_first,ZINCk500000gcBkI,CNC(=O)C[C@@H]1CN(C(=O)[C@@H](N)c2ccns2)C[C@H]1O,3856,5096,3124,1,0,1,14.285714285714286,16.628609428741346,0.794052937443523,13.203996162493128,4,298.36800000000005,-0.9016999999999986,3,6,4,1,,,,34.351665344695306,12,7,5,7,4,1,,,,,16.70793303464934,10.885214534299958,35.92485491093839,23.765425958667723,49631,16,14,0.962294408915948,1.1682425997973236,9.711946045978637,9.321630204759657,28,26.780152817693473,5.0,2.6902904215737724,1.379058353915776,ZINCk500000gcBkI_m02_t06,SER17;ASP15;SER14;THR13;SER18,0.0,-1.1627818166154174
911,native_first,ZINCk500000gdnBm,COC1(CC(=O)NC[C@H](CO)NC(C)=O)CCOCC1,7961,5179,3160,1,0,1,17.857142857142858,16.545773402920933,0.7666436247987857,12.684711696714643,5,288.34400000000005,-0.8146999999999989,3,5,7,1,,,,33.81239250864757,12,7,5,7,4,1,,,,,17.56067224906257,11.98011307937288,32.87398500936915,24.06136035289657,43291,16,10,1.6269342120864547,0.8655277204703028,11.791641997618479,11.968200931264827,28,26.780152817693473,5.0,2.6917146885877363,1.5795008116788156,ZINCk500000gdnBm_m01_t02,SER17;ASP15;SER14;THR13;SER18,1.0,-10.129246030412922
912,native_first,ZINCj700000AJnXY,CCOCCONC(=O)c1cc([C@H]2CCNC2)[nH]n1,9570,1014,749,1,1,1,14.285714285714286,15.172864960831822,0.8256383577845194,12.527299309147462,4,268.317,0.18449999999999978,3,5,7,1,,,,38.34275944886656,13,8,5,8,4,1,,,,,18.531621030937956,12.434301563994207,36.36238209913707,26.456076398109396,12095,16,9,0.957282594669167,0.9984418915758164,14.297608960941682,14.130256901085994,28,26.780152817693473,5.0,2.708830265649551,2.2617518807338217,ZINCj700000AJnXY_m02_t05,SER17;ASP15;SER14;THR13;SER18,3.0,120.26714215000793
913,native_first,ZINCk500000dq0xM,NCc1nnc(CCC(=O)NC[C@]2(O)CCCNC2)s1,8616,3176,1995,1,0,1,14.285714285714286,15.18474175275134,0.8308592947761794,12.616383824049384,4,299.4,-0.8399000000000001,4,7,6,1,,,,34.94415916385699,12,8,4,8,4,1,,,,,19.763493880623944,12.928703904261718,41.92976197554354,25.83575999391716,17234,16,5,1.3061184510836819,0.7069911715281559,11.611623357653302,11.642318980366888,28,26.780152817693473,5.0,2.727923253728151,1.8404427879050487,ZINCk500000dq0xM_m01_t03,SER17;ASP15;SER14;THR13;SER18,0.0,33.30028299321459
914,native_first,ZINCk500000421pl,CO[C@H]1CN[C@H](C(=O)Nc2cc(OCCN)ccn2)C1,5990,2465,1699,1,0,1,14.285714285714286,16.640486220660865,0.7752504320346938,12.900544131834705,4,280.328,-0.26549999999999874,3,6,6,1,,,,36.38223751692659,12,7,5,7,4,1,,,,,20.071531972790247,13.046915093775894,43.48366090691368,26.595814190444784,11192,16,6,1.0365333052838015,1.1761063561219933,11.611623357653302,10.737959957878997,28,26.780152817693473,5.0,2.7291320059455177,1.8414229738294303,ZINCk500000421pl_m01_t04,SER17;ASP15;SER14;THR13;SER18,3.0,49.40707810530817
915,native_first,ZINCj800000JWRMN,NCCc1nnc(C(=O)NN=c2cnc(Cl)c[nH]2)s1,6345,7740,4722,1,0,1,14.285714285714286,16.628609428741346,0.7730032379260365,12.85396893062448,4,299.747,-0.33849999999999975,3,7,4,1,,,,36.06504208130489,11,6,5,6,3,1,,,,,17.428381488122444,11.05316543172189,41.180177111716624,24.883045725395423,28931,16,7,1.3391539103361396,1.001694833044332,9.711946045978637,8.976630896809766,28,26.780152817693473,5.0,2.752061417056913,2.279980397301602,ZINCj800000JWRMN_m02_t05,SER17;ASP15;SER14;THR13;SER18,3.0,123.16797874889964
916,native_first,ZINCj5000002hruD,O=C(N[C@H](CO)Cc1cnc[nH]1)c1cncc(O)c1,4106,7858,4829,1,0,1,14.285714285714286,16.628609428741346,0.7911779900079965,13.156189784459597,4,262.269,-0.15630000000000088,4,5,5,1,,,,35.21365088823171,11,6,5,6,3,1,,,,,18.484491378616088,12.100501870231659,39.12728746814918,25.176155182462338,24871,16,14,1.3421624059571016,0.9378557000350907,9.711946045978637,9.833669009370269,28,26.780152817693473,5.0,2.7580408839466166,1.616086051197744,ZINCj5000002hruD_m01_t08,SER17;ASP15;SER14;THR13;SER18,1.0,53.21717192960706
917,native_first,ZINCk600000wsN8D,Nc1ncc(C(=O)NNC(=O)Cc2cc[nH]n2)cc1Cl,8918,7659,4642,1,0,1,14.285714285714286,16.628609428741346,0.756893812969635,12.586091594902861,4,294.702,0.04400000000000032,4,5,3,1,,,,36.06504208130489,11,6,5,6,3,1,,,,,22.220853154702024,14.466060001676425,47.89679836512261,27.75852872534317,5400,16,8,1.4204467955012825,1.0950459147344649,9.711946045978637,9.708422898821278,28,26.780152817693473,5.0,2.813814554099821,2.0892986755093075,ZINCk600000wsN8D_m01_t08,SER17;ASP15;SER14;THR13;SER18,0.0,-4.138158470036128
918,native_first,ZINCk50000046ywu,NCCOc1ccnc(NC(=O)[C@H]2C[C@H](N)CCO2)c1,1250,2551,1739,1,0,1,14.285714285714286,16.640486220660865,0.8393049102604598,13.966441794122186,4,280.328,-0.13609999999999944,3,6,5,1,,,,36.38223751692659,12,7,5,7,4,1,,,,,19.11910601105404,12.519122352539503,40.43737438779292,26.02435861340306,15459,16,12,1.0593471813263458,0.835213462272193,11.611623357653302,11.248753686630309,28,26.780152817693473,5.0,2.8200993653459165,1.6317909798374237,ZINCk50000046ywu_m01_t05,SER17;ASP15;SER14;THR13;SER18,2.0,-8.762640608776898
919,native_first,ZINCk600000PvTvM,CCCC(=O)NCc1cc(C(=O)NC2(CO)CC2)n[nH]1,6318,1851,1256,1,0,1,17.857142857142858,19.267729830797304,0.6672573264454091,12.856533893570264,5,280.3279999999999,0.08069999999999938,4,4,7,1,,,,37.49136825579339,13,8,5,8,4,1,,,,,17.680416191900576,11.962325941644366,33.87106312516896,25.604797017457702,19687,16,14,1.6908506266768806,1.4219812132449343,11.611623357653302,10.875396235130045,28,26.780152817693473,5.0,2.8436091308846185,2.118374975005428,ZINCk600000PvTvM_m01_t05,SER17;ASP15;SER14;THR13;SER18,1.0,-14.421837348162121
920,native_first,ZINCk800000PytsZ,C[C@H](NC(=O)CONC(=O)c1ccc[nH]1)c1cnc[nH]1,8275,142,128,1,1,1,14.285714285714286,16.628609428741346,0.7608658180430888,12.652140515918305,4,277.284,0.2765999999999992,4,4,6,1,,,,42.06375884362809,13,8,5,8,4,1,,,,,22.063312496912022,15.368509877393583,39.09288450206246,30.06349103559845,1015,16,14,1.079593057856175,1.2776708575329512,9.711946045978637,9.163146893929106,28,26.780152817693473,5.0,2.858792117014666,2.112229839160754,ZINCk800000PytsZ_m01_t04,SER17;ASP15;SER14;THR13;SER18,3.0,-7.892900848553819
921,native_first,ZINCk600000JUmBy,OCCNc1cncc(NC[C@H](O)COCC2CC2)n1,6080,5265,3192,1,0,1,14.285714285714286,16.024722079133863,0.8043015351228604,12.888708568164562,4,282.344,0.08019999999999916,4,7,10,1,,,,33.53556236164904,11,6,5,6,4,1,,,,,18.08834545851386,11.37335420897219,44.16254416961133,24.26723221976793,39136,16,1,1.2008338786596018,0.897564005719483,9.413178262414874,10.215432882350376,28,26.780152817693473,5.0,2.862426755558386,1.7375705629349807,ZINCk600000JUmBy_m01_t03,SER17;ASP15;SER14;THR13;SER18,2.0,97.39498416161484
922,native_first,ZINCj600000JakOT,CNC(=O)Cc1cnc(NC(=O)N[C@H]2CC[C@@H]2O)s1,11862,4457,2726,1,0,1,17.857142857142858,19.267729830797304,0.6408302111185996,12.347343375245975,5,284.341,0.07639999999999969,4,5,4,1,,,,34.351665344695306,12,7,5,7,4,1,,,,,18.58621503245357,11.950305632466623,41.79420210166178,24.892395157350265,28782,16,8,1.7394495689633083,1.5836440616346033,11.611623357653302,11.004019661098406,28,26.780152817693473,5.0,2.872227169111922,2.2472974846366496,ZINCj600000JakOT_m01_t01,SER17;ASP15;SER14;THR13;SER18,2.0,-73.03904064898344
923,native_first,ZINCk5000009EOgE,C[C@H](C(=O)NC[C@@H](O)CNC(=O)c1ccns1)N(C)C,4100,943,712,1,1,1,14.285714285714286,16.628609428741346,0.7912284739351827,13.157029261967205,4,300.384,-0.6998999999999989,3,6,7,1,,,,38.34275944886656,13,8,5,8,4,1,,,,,20.029427761080694,13.612690362073021,37.88996393397145,27.35476043619504,7001,16,9,1.2131457336949063,0.9697197839482259,9.711946045978637,8.903837990468025,28,26.780152817693473,5.0,2.8789626425766603,1.8739921186178425,ZINCk5000009EOgE_m02_t04,SER17;ASP15;SER14;THR13;SER18,1.0,32.572445065093476
924,native_first,ZINCk6000018Ttq0,N[C@H]1CCc2nc(NC(=O)CC[C@@H](N)C(=O)O)sc2C1,11648,2891,1867,1,0,1,14.285714285714286,16.640486220660865,0.7428813533114287,12.361906923364725,4,298.36800000000005,0.08969999999999922,4,6,5,1,,,,35.53084632385342,12,7,5,7,4,1,,,,,20.368359916539315,13.643961697956403,40.16223326512714,26.433354479464953,12247,16,13,1.3468231891618265,1.2302635365094543,11.611623357653302,11.3829839898053,28,26.780152817693473,5.0,2.911998674403061,1.5756011315148384,ZINCk6000018Ttq0_m01_t08,SER17;ASP15;SER14;THR13;SER18,1.0,-14.817184718644327
925,native_first,ZINCk600000vsE3a,NC1CC(c2noc([C@@H]3Cc4n[nH]cc4C(=O)N3)n2)C1,37,2069,1442,1,0,1,14.285714285714286,16.640486220660865,0.9272596913077213,15.430052116180384,4,274.28400000000005,0.024599999999999567,3,6,2,1,,,,36.92824579056311,12,7,5,7,4,1,,,,,19.050145633784453,12.396199935683635,41.12486217254098,26.201385696495915,13998,16,12,0.7350104452781553,0.4861072246046401,11.611623357653302,11.596816553528114,28,26.780152817693473,5.0,2.915834205236052,1.9440205979735137,ZINCk600000vsE3a_m02_t04,SER17;ASP15;SER14;THR13;SER18,2.0,25.13547749636597
926,native_first,ZINCk600000JU8Zy,NCc1ncc(C(=O)Nc2cnn(CCC(=O)O)c2)o1,821,6919,4006,1,0,1,14.285714285714286,18.454764793800397,0.7706027781691772,14.221293020561308,4,279.256,0.056799999999999906,3,7,6,1,,,,38.92405593253,12,7,5,7,3,1,,,,,25.596854309010087,17.140066244504943,50.526053572475234,30.92773495841805,467,16,4,1.2094664310296048,0.9802794274111135,15.443445405737666,14.050620179156066,28,26.780152817693473,5.0,2.9263130634813823,1.940539791757017,ZINCk600000JU8Zy_m02_t02,SER17;ASP15;SER14;THR13;SER18,3.0,-25.781113757620105
927,native_first,ZINCk600000dr0id,C[C@@]1(C(=O)Nc2cnn([C@@H]3CCC(=O)NC3)c2)CCN1,4238,5960,3509,1,0,1,17.857142857142858,19.267729830797304,0.6815910144880287,13.132711522254388,5,277.328,0.0247,3,5,3,1,,,,32.391143412755326,11,6,5,6,4,1,,,,,18.949098919218198,11.985690001542348,45.22208567415729,24.325916716633053,38093,16,7,1.6196722474153251,1.2938745547499466,11.611623357653302,10.387954417482106,28,26.780152817693473,5.0,2.942141205202276,2.3290660034783546,ZINCk600000dr0id_m01_t03,SER17;ASP15;SER14;THR13;SER18,3.0,30.643993770320275
928,native_first,ZINCk7000004h22M,OCC[C@H](NCc1cnn(CCO)c1)C1CCOCC1,7035,6462,3770,1,0,1,17.857142857142858,19.267729830797304,0.6631805868855782,12.77798437714092,5,283.372,0.14259999999999984,3,6,8,1,,,,31.8044562527589,11,7,4,7,4,1,,,,,18.989367165448844,12.280584072327953,41.85370597870598,24.115402800372866,42156,16,0,1.4587548049837205,1.3684853569377453,11.611623357653302,9.72966864867414,28,26.780152817693473,5.0,3.039107899410669,2.047165664445871,ZINCk7000004h22M_m02_t01,SER17;ASP15;SER14;THR13;SER18,0.0,21.423238754791843
929,native_first,ZINCk800000Pyoji,C[C@H](NC(=O)Cc1cnsc1)C(=O)NCc1cnc[nH]1,9719,6986,4073,1,0,1,14.285714285714286,16.628609428741346,0.7525217350376867,12.513390018580473,4,293.352,0.22979999999999923,3,5,6,1,,,,38.92405593253,12,7,5,7,3,1,,,,,22.180504750979043,15.097502240360704,41.78304715982594,28.877925223599426,2556,16,1,1.5350976868641388,1.0270197711110622,9.711946045978637,10.004972502345971,28,26.780152817693473,5.0,3.063492922447621,1.7075975627137425,ZINCk800000Pyoji_m01_t08,SER17;ASP15;SER14;THR13;SER18,1.0,-37.63000509929034
930,native_first,ZINCk800000JTRfn,CO[C@H](CO)C(=O)Nc1cc2c[nH]nc2cc1C(=O)O,4708,147,133,1,1,1,14.285714285714286,16.628609428741346,0.7857343284560795,13.065669262650513,4,279.252,0.20689999999999942,4,5,5,1,,,,42.06375884362809,13,8,5,8,4,1,,,,,21.130139445630185,14.614316491106994,38.130862729554764,29.503587204829344,1569,16,1,0.9261718967949184,1.0004501446300451,9.711946045978637,8.039471375361863,28,26.780152817693473,5.0,3.072539985899157,1.8950352124453058,ZINCk800000JTRfn_m01_t06,SER17;ASP15;SER14;THR13;SER18,0.0,10.792679231956829
931,native_first,ZINCk700001bQ7uV,NCCC(=O)NCCCNC(=O)CCC1CCOCC1,10538,6548,3808,1,0,1,14.285714285714286,15.583483114146915,0.7989258513698742,12.450047514277882,4,285.38800000000003,0.1645000000000012,3,4,9,1,,,,29.821298404476316,11,6,5,6,4,1,,,,,23.154436117106087,14.98698934926122,50.88541985511681,25.821181032054174,17382,16,4,0.9888093835859496,1.138013428999047,13.92267653865448,13.873680657491002,28,26.780152817693473,5.0,3.1534879286984387,1.6005754662014422,ZINCk700001bQ7uV_m01_t01,SER17;ASP15;SER14;THR13;SER18,2.0,-78.700436332153
932,native_first,ZINCk50000046p1n,NC(=O)c1cc(C(=O)NNc2nncc(N)c2Cl)on1,11507,7718,4700,1,0,1,17.857142857142858,19.267729830797304,0.642091932154718,12.37165387529174,5,297.662,-0.4439999999999999,4,8,4,1,,,,36.06504208130489,11,6,5,6,3,1,,,,,18.495792965186304,11.831144092854911,42.354900632339636,25.523492611633735,20564,16,15,1.7451729810323722,1.5259716143768673,11.611623357653302,12.540278628915827,28,26.780152817693473,5.0,3.3393219430437844,2.0839807859016592,ZINCk50000046p1n_m01_t04,SER17;ASP15;SER14;THR13;SER18,2.0,81.6943963598991
933,native_first,ZINCk50000042caf,COc1ccc([C@@H](N)C(=O)Nc2n[nH]c(CN)n2)cc1,5883,1120,813,1,1,1,14.285714285714286,16.628609428741346,0.7765220847460429,12.912482460033935,4,276.3,-0.08949999999999964,4,6,5,1,,,,38.072664739456826,12,7,5,7,4,1,,,,,20.96070182695298,13.914436646259668,42.464920844579744,27.80548699195452,5234,16,14,1.256238759530891,1.0902182132997658,9.711946045978637,9.895483646682957,28,26.780152817693473,5.0,3.34527655103857,1.9150761752351524,ZINCk50000042caf_m01_t03,SER17;ASP15;SER14;THR13;SER18,1.0,-38.475848986525506
934,native_first,ZINCk700000Em4wq,Cc1ccc(-c2cncc(C(=O)NC(CO)CO)n2)o1,7760,7128,4213,1,0,1,14.285714285714286,16.628609428741346,0.7640827219619294,12.70563315475449,4,277.28000000000003,0.12801999999999997,3,6,5,1,,,,38.92405593253,12,7,5,7,3,1,,,,,17.85287921708029,11.820248549881788,36.46154151059318,26.281349903260175,13368,16,0,1.4712220392328283,0.957372205276526,9.711946045978637,8.979162927574272,28,26.572441298238687,6.0,1.6408924446717517,1.3357585841519712,ZINCk700000Em4wq_m01_t02,SER17;ASP15;SER14;SER18;VAL16;LEU20,0.0,135.8504862149628
935,native_first,ZINCj600001bRgMz,CCCCNC(=O)Cc1noc([C@@H](O)CC(=O)O)n1,3915,3713,2298,1,0,1,17.857142857142858,19.267729830797304,0.6847475896676868,13.19353156000664,5,271.27299999999997,0.0364999999999997,3,6,8,1,,,,34.351665344695306,12,7,5,7,4,1,,,,,20.997440099286543,13.521993408853437,46.956925969063526,26.339130197450046,12956,16,12,1.4651937823351375,1.232105602263753,11.611623357653302,9.777420808491494,28,26.572441298238687,6.0,1.694040217825253,1.427793032868119,ZINCj600001bRgMz_m01_t07,SER17;ASP15;SER14;SER18;VAL16;LEU20,2.0,-34.53906302416035
936,native_first,ZINCk8000004gmJw,Cc1nnc(NNC(=O)c2ccc([N+](=O)[O-])s2)nc1O,11350,6708,3849,1,0,1,14.285714285714286,16.628609428741346,0.7447718651963636,12.38452045986553,4,296.26800000000003,0.6122199999999995,3,9,4,1,,,,43.85518715862079,12,8,4,8,3,1,,,,,22.397550955813724,14.256234705548106,52.21733463668947,30.98060543693655,446,16,7,1.5666734542765748,1.0606115629782356,9.711946045978637,9.755681406793578,28,26.572441298238687,6.0,1.70260174553059,1.6193572222928878,ZINCk8000004gmJw_m01_t06,SER17;ASP15;SER14;SER18;VAL16;LEU20,1.0,31.635202736691184
937,native_first,ZINCk500000dqbwn,O=C(NCC[C@]1(O)CCNC1)C(=O)NCc1ccsc1,367,3281,2057,1,0,1,14.285714285714286,16.628609428741346,0.879348558465812,14.62234373045471,4,297.38,-0.4049999999999998,4,5,5,1,,,,34.94415916385699,12,8,4,8,4,1,,,,,16.959730621742892,10.97953730267996,37.24688591444087,24.15350203858853,41348,16,15,0.9110400727666476,0.6497455619862108,9.711946045978637,10.351082571271691,28,26.572441298238687,6.0,1.7585010356939033,1.6581240909553983,ZINCk500000dqbwn_m01_t02,SER17;ASP15;SER14;SER18;VAL16;LEU20,1.0,65.02374753517748
938,native_first,ZINCk50000045XSJ,N#CC[C@H]1C[C@H](NC(=O)c2cnn(C[C@@H](O)CO)c2)C1,8763,3483,2174,1,0,1,14.285714285714286,16.024722079133863,0.7864715566571786,12.602988118575068,4,278.312,-0.3416200000000005,3,6,6,1,,,,34.351665344695306,12,7,5,7,4,1,,,,,22.6810581838756,14.729672405317693,49.28746381652195,27.34930104820348,7023,16,12,1.1136258918594804,1.0871296938070143,9.413178262414874,10.091702164636356,28,26.572441298238687,6.0,1.794842697945662,1.6170278854393136,ZINCk50000045XSJ_m01_t02,SER17;ASP15;SER14;SER18;VAL16;LEU20,0.0,32.15313434806349
939,native_first,ZINCk5000009B4hz,CC(C)c1nc(=NCCNC(=O)c2n[nH]c(O)n2)s[nH]1,2130,7949,4915,1,0,1,14.285714285714286,16.628609428741346,0.8196551081991666,13.62972466051667,4,297.344,-0.25100000000000033,4,7,5,1,,,,34.932961828358735,11,6,5,6,3,1,,,,,20.334197374851108,12.924373874222425,47.656971375807956,26.173703156254163,14237,16,6,1.0203963034708081,0.9932369065841767,9.711946045978637,9.547191817028557,28,26.572441298238687,6.0,1.7997401670648043,1.691259690288257,ZINCk5000009B4hz_m01_t08,SER17;ASP15;SER14;SER18;VAL16;LEU20,0.0,-41.14341129995666
940,native_first,ZINCk7000004gih1,Cc1csc(CCC(=O)NC2(C(N)=O)CC(CO)C2)n1,5043,5026,3081,1,0,1,14.285714285714286,16.628609428741346,0.7831032863953673,13.021918691832338,4,297.38,0.1267199999999996,3,5,6,1,,,,34.351665344695306,12,7,5,7,4,1,,,,,16.96909215197141,11.015597512069075,36.926292098705886,23.922121429060965,46188,16,9,1.1670042443829736,1.108005064956816,9.711946045978637,9.428340831366965,28,26.572441298238687,6.0,1.8096537765988832,1.4422327912884998,ZINCk7000004gih1_m01_t01,SER17;ASP15;SER14;SER18;VAL16;LEU20,0.0,-7.935877280353905
941,native_first,ZINCk500000dp2oO,COC[C@@H](O)CNC(=O)c1nc2ccccc2nc1O,3270,7135,4220,1,0,1,14.285714285714286,16.628609428741346,0.8015653331876204,13.328916857195862,4,277.28000000000003,0.07249999999999945,3,6,5,1,,,,38.92405593253,12,7,5,7,3,1,,,,,17.650545397169132,11.5131173607541,37.802184683340315,26.159949611313483,14349,16,8,1.1323182027162035,0.9601706636560707,9.711946045978637,8.882306262365873,28,26.572441298238687,6.0,1.8519068234172802,1.9717858449085628,ZINCk500000dp2oO_m01_t05,SER17;ASP15;SER14;SER18;VAL16;LEU20,2.0,103.66599760035977
942,native_first,ZINCj700000JUD5K,Cc1ccc(CNC(=O)Cn2cnc(C(=O)O)n2)o1,8322,7486,4472,1,0,1,14.285714285714286,16.628609428741346,0.7605095062622347,12.64621554647962,4,264.24100000000004,0.19412000000000007,2,6,5,1,,,,36.74488997860436,12,7,5,7,3,1,,,,,20.509717117002758,13.20379822004509,45.91585407707995,27.0037862616434,8721,16,2,1.383708142741506,1.099633029393183,9.711946045978637,9.681669906003293,28,26.572441298238687,6.0,1.8954550395609457,1.8001159098022579,ZINCj700000JUD5K_m02_t01,SER17;ASP15;SER14;SER18;VAL16;LEU20,2.0,126.2571838119061
943,native_first,ZINCk800000BmEIj,COc1cnnc(C(=O)Nc2cc(C)nn2CCO)c1,8968,7544,4529,1,0,1,14.285714285714286,14.477064275896673,0.8690958850775883,12.581956990185553,4,277.284,0.23471999999999987,2,7,5,1,,,,36.74488997860436,12,7,5,7,3,1,,,,,19.205051373662478,12.482623488456472,41.618278594326505,26.22098681563923,13842,16,9,0.9526357385728272,0.7182226596378083,8.080270416267007,8.481607039419545,28,26.572441298238687,6.0,1.9382374138724223,1.7571166123308166,ZINCk800000BmEIj_m01_t03,SER17;ASP15;SER14;SER18;VAL16;LEU20,0.0,126.42722650245074
944,native_first,ZINCk5000003Wp1y,CCCCNC(=O)CCN1Cc2nc(O)nc(O)c2C1,10056,4610,2826,1,0,1,17.857142857142858,16.545773402920933,0.754803697710904,12.488810946011448,5,280.32800000000003,0.5097999999999996,3,6,6,1,,,,34.351665344695306,12,7,5,7,4,1,,,,,18.168597340228324,11.723408840981449,40.35411197264788,24.64182454201512,32679,16,13,1.4517381315411417,1.0549808461384589,11.791641997618479,11.241138080782184,28,26.572441298238687,6.0,1.9807770090418213,1.39510312270831,ZINCk5000003Wp1y_m01_t08,SER17;ASP15;SER14;SER18;VAL16;LEU20,2.0,-96.25004027774916
945,native_first,ZINCk500000g9NS3,CCCC=CC(=O)N[C@H](CO)CNC(=O)c1cnn[nH]1,10982,1819,1243,1,0,1,17.857142857142858,16.545773402920933,0.7503671800421777,12.415405329966648,5,281.316,-0.6320999999999992,4,5,8,1,,,,37.49136825579339,13,8,5,8,4,1,,,,,19.1195443781539,12.923836172162847,36.72609386623385,26.468273929209694,12035,16,8,1.7250242986383877,0.8349933954715791,11.791641997618479,12.552127351203454,28,26.572441298238687,6.0,1.9865085515547118,1.5084255733047278,ZINCk500000g9NS3_m01_t08,SER17;ASP15;SER14;SER18;VAL16;LEU20,1.0,-61.727404460719676
946,native_first,ZINCk50000044Rxf,Cc1cnn(CC(=O)NCc2nc(C(C)(C)O)n[nH]2)c1,4875,2094,1467,1,0,1,14.285714285714286,16.628609428741346,0.7844454010326641,13.044236191944545,4,278.316,-0.14658000000000004,3,6,5,1,,,,36.92824579056311,12,7,5,7,4,1,,,,,18.642783188802646,12.101675969458043,40.57299378146285,25.95696822950683,16075,16,1,1.1370103473799829,1.1261333599866605,9.711946045978637,9.569311534328774,28,26.572441298238687,6.0,2.013233246422996,1.8721005566097382,ZINCk50000044Rxf_m01_t05,SER17;ASP15;SER14;SER18;VAL16;LEU20,2.0,30.359121340214404
947,native_first,ZINCk5000003UObW,C#CCC[C@H](O)CNC(=O)N=c1ncn(CCOC)[nH]1,5994,4155,2552,1,0,1,14.285714285714286,14.609184867389905,0.8829997040484733,12.89990591429472,4,281.316,-0.7577999999999996,3,5,7,1,,,,34.351665344695306,12,7,5,7,4,1,,,,,19.417705698215396,12.45577816882627,44.024246489035235,25.39128955680736,22113,16,5,0.8879239116213941,0.5944710777027685,9.433491135311455,8.551246797236123,28,26.572441298238687,6.0,2.0191026600247555,1.7095917033416612,ZINCk5000003UObW_m01_t02,SER17;ASP15;SER14;SER18;VAL16;LEU20,3.0,-93.86282020110264
948,native_first,ZINCk6000009ISin,CC1(C)[C@H](CNCCNC(=O)c2cc[nH]n2)[C@H]1C(=O)O,6673,1732,1203,1,0,1,14.285714285714286,16.628609428741346,0.7708914737437261,12.818853228831236,4,280.32800000000003,0.08590000000000009,4,4,7,1,,,,37.49136825579339,13,8,5,8,4,1,,,,,22.636140112607332,15.646581750750538,40.91223979453906,28.578231369881756,3130,16,3,1.6100967566779967,0.8543996594273714,9.711946045978637,9.702574409529237,28,26.572441298238687,6.0,2.036487908113143,1.6276992407929962,ZINCk6000009ISin_m01_t06,SER17;ASP15;SER14;SER18;VAL16;LEU20,3.0,-36.88613152128638
949,native_first,ZINCk8000018TFif,O=C(O)Cn1[nH]cnc1=NC(=O)CC[C@@H]1CCCCN1,6636,3885,2399,1,0,1,17.857142857142858,19.267729830797304,0.6655457103799913,12.823554937647742,5,281.3159999999999,-0.3545999999999995,3,5,5,1,,,,34.351665344695306,12,7,5,7,4,1,,,,,20.197503582143124,13.004786483143604,45.19289158778355,25.859168287163996,16990,16,5,1.4029753998333596,1.4050915596983535,11.611623357653302,9.774741267044599,28,26.572441298238687,6.0,2.0561289366150137,1.525275570782201,ZINCk8000018TFif_m01_t03,SER17;ASP15;SER14;SER18;VAL16;LEU20,1.0,-40.7989100297905
950,native_first,ZINCj5000002gEMB,N[C@@H](C[C@@H]1CCCCO1)C(=O)NCc1nc(O)n[nH]1,8909,1803,1237,1,0,1,10.714285714285714,13.397478468997424,0.9395361730914351,12.587415649836739,3,269.305,-0.587,4,6,5,1,,,,37.49136825579339,13,8,5,8,4,1,,,,,19.926058858365465,13.69262075023193,36.577729770891274,26.952182617336636,9011,16,4,0.5853771746127275,0.4943094063764126,5.9718816967518835,5.801250967930235,28,26.572441298238687,6.0,2.0650254557411274,1.8069800170012256,ZINCj5000002gEMB_m02_t03,SER17;ASP15;SER14;SER18;VAL16;LEU20,2.0,27.760268036715445
951,native_first,ZINCk7000004gzxA,NC(=O)C[C@H](N)C(=O)NCc1cc(C2CCCC2)on1,3014,4401,2691,1,0,1,14.285714285714286,16.024722079133863,0.8349878637090075,13.38044845538655,4,280.328,0.15109999999999935,3,5,6,1,,,,34.351665344695306,12,7,5,7,4,1,,,,,18.74917236141129,12.00349283687287,42.80402189433602,24.990169554724893,27399,16,0,1.3123748970226727,0.6648083502281791,9.413178262414874,9.17330225553181,28,26.572441298238687,6.0,2.0817859786128636,2.0120195797419913,ZINCk7000004gzxA_m01_t01,SER17;ASP15;SER14;SER18;VAL16;LEU20,1.0,-20.62957976022375
952,native_first,ZINCk7000004gzqX,NC(=O)C[C@@H](N)C(=O)NCc1cc(C2CCCC2)on1,9030,4402,2692,1,0,1,14.285714285714286,16.024722079133863,0.7848088195685963,12.576343218839868,4,280.328,0.15109999999999935,3,5,6,1,,,,34.351665344695306,12,7,5,7,4,1,,,,,18.74917236141129,12.00349283687287,42.80402189433602,24.990169554724893,27398,16,10,1.7139822211545386,0.6456337943221723,9.413178262414874,9.095206615071298,28,26.572441298238687,6.0,2.0817859786128636,2.0120195797419913,ZINCk7000004gzqX_m01_t01,SER17;ASP15;SER14;SER18;VAL16;LEU20,1.0,-20.62957976022375
953,native_first,ZINCk500000cirWB,Cc1sc(=O)n(CCC(=O)N[C@@H](CCN)C(=O)O)c1C,3139,5083,3115,1,0,1,14.285714285714286,16.628609428741346,0.8031793006442028,13.355754891662071,4,301.36800000000005,-0.16505999999999865,3,6,7,1,,,,34.351665344695306,12,7,5,7,4,1,,,,,16.794406271094896,10.761457169313255,38.22184105202972,23.81730990053506,48529,16,12,1.0549082330008661,1.0508978165524752,9.711946045978637,9.25911914282172,28,26.572441298238687,6.0,2.0953703241305472,1.4929002503301214,ZINCk500000cirWB_m01_t02,SER17;ASP15;SER14;SER18;VAL16;LEU20,0.0,-45.40507610689377
954,native_first,ZINCk50000044CWl,Cc1cc(C)c(C(=O)NCc2nc(CO)n[nH]2)c(O)n1,6174,155,141,1,1,1,14.285714285714286,16.628609428741346,0.7743004801100997,12.875540264237754,4,277.284,-0.055560000000000276,4,6,4,1,,,,42.028470633601174,14,9,5,9,4,1,,,,,22.301759169612502,15.862495239194166,37.54142682714113,30.19244375520797,917,16,9,1.1597893930444843,1.170506269214597,9.711946045978637,9.536111863831234,28,26.572441298238687,6.0,2.1069163345280373,1.5686435090371014,ZINCk50000044CWl_m01_t07,SER17;ASP15;SER14;SER18;VAL16;LEU20,1.0,-45.44954685150927
955,native_first,ZINCk600000PwCZi,C=C[C@H](C)ONC(=O)[C@H](C)NC(=O)CSc1nc[nH]n1,15271,1489,1047,0,1,1,14.285714285714286,14.477064275896673,0.8370971889409226,12.118709809470158,4,299.35599999999994,0.023799999999999655,3,6,8,1,,,,38.34275944886656,13,8,5,8,4,1,,,,,21.399400073166994,14.547636447141802,40.45164202781153,28.17674382344682,4090,16,6,0.9495990530282022,0.9377130520994248,8.080270416267007,8.014687341285885,28,26.572441298238687,6.0,2.1124947147217505,1.7749883630289673,ZINCk600000PwCZi_m01_t07,SER17;ASP15;SER14;SER18;VAL16;LEU20,0.0,13.39997679682126
956,native_first,ZINCk6000018SAiT,CCCC[C@H](CO)NC(=O)c1nc(C(=O)O)cnc1N,1391,457,398,1,1,1,17.857142857142858,16.545773402920933,0.839725001214742,13.893899590866626,5,282.3,0.037900000000000156,4,6,7,1,,,,39.52194042802467,13,8,5,8,4,1,,,,,14.949244505247785,9.996032011444091,29.632852434759215,24.778322874358544,30474,16,2,1.0584920485854328,0.7348438122710953,11.791641997618479,10.780065893011209,28,26.572441298238687,6.0,2.121655522498046,1.4527547899061963,ZINCk6000018SAiT_m02_t04,SER17;ASP15;SER14;SER18;VAL16;LEU20,2.0,161.0376214993274
957,native_first,ZINCk600000drbEC,O=C(O)Cc1nc(CNC(=O)c2ccccc2O)n[nH]1,4584,1623,1133,1,0,1,17.857142857142858,19.267729830797304,0.6790870190242114,13.084465214160014,5,276.252,0.06739999999999963,4,5,5,1,,,,38.072664739456826,12,7,5,7,4,1,,,,,18.3827708652099,12.22866012712414,37.00630988548727,26.25872841490867,13533,16,5,1.348592857602397,1.3064261765506946,11.611623357653302,9.618636339856058,28,26.572441298238687,6.0,2.1272005955548114,1.9005249956803056,ZINCk600000drbEC_m02_t01,SER17;ASP15;SER14;SER18;VAL16;LEU20,2.0,-33.46407455809069
958,native_first,ZINCk50000044Li3,Cc1ccc2nc(CNC(=O)[C@@H](N)CC(N)=O)[nH]c2c1,13767,1315,957,0,1,1,14.285714285714286,16.024722079133863,0.7623788716872167,12.216909537791304,4,275.312,-0.309779999999999,4,4,5,1,,,,40.0679487016612,13,8,5,8,4,1,,,,,21.8007630419101,14.840307132258618,41.05788423153693,29.10763730581054,2175,16,13,1.4054216621668458,1.035455175482434,9.413178262414874,10.022277075345261,28,26.572441298238687,6.0,2.132515802204496,1.7810452402445744,ZINCk50000044Li3_m01_t04,SER17;ASP15;SER14;SER18;VAL16;LEU20,3.0,-39.23333939384182
959,native_first,ZINCk7000004gg5d,Cc1ccc([C@H](O)CNC(=O)c2cc(C(N)=O)no2)o1,1565,315,277,1,1,1,17.857142857142858,19.267729830797304,0.7174833968275556,13.824276248156073,5,279.252,0.13831999999999994,3,6,5,1,,,,40.91933989473438,13,8,5,8,4,1,,,,,21.516648251408718,14.718504802424098,39.98465177133655,29.27772490873898,1883,16,8,1.759857897270231,0.9622383510676853,11.611623357653302,10.472623603333867,28,26.572441298238687,6.0,2.141272085191856,1.3174538631278765,ZINCk7000004gg5d_m01_t02,SER17;ASP15;SER14;SER18;VAL16;LEU20,2.0,15.494237287347417
960,native_first,ZINCk6000018TFiZ,O=C(O)COc1cc(C(=O)NC[C@@H](O)CC2CC2)on1,478,2399,1667,1,0,1,17.857142857142858,19.267729830797304,0.7525691514042466,14.500299088249415,5,284.268,0.028799999999999493,3,6,8,1,,,,36.38223751692659,12,7,5,7,4,1,,,,,20.916062398806375,13.837530697691424,42.820934825543134,27.10253244605446,8213,16,0,1.4730895369222694,1.0586788007621046,11.611623357653302,11.117185629422321,28,26.572441298238687,6.0,2.1442296097461258,1.4229032556306822,ZINCk6000018TFiZ_m02_t02,SER17;ASP15;SER14;SER18;VAL16;LEU20,2.0,46.42320498154972
961,native_first,ZINCk700000Pvck1,CC(C)[C@@H]1C[C@H]1NC(=O)CONC(=O)Cc1cc[nH]n1,3808,693,569,1,1,1,14.285714285714286,13.782525261262656,0.9589135722284833,13.216250532606683,4,280.328,0.160700000000001,3,4,7,1,,,,38.34275944886656,13,8,5,8,4,1,,,,,23.416036262022917,15.64904160774179,46.49027440668823,29.386725536760373,1726,16,9,0.3640519476267043,0.4042105887059683,11.791641997618479,11.17928356524692,28,26.572441298238687,6.0,2.150032475694221,1.8684515085348248,ZINCk700000Pvck1_m01_t06,SER17;ASP15;SER14;SER18;VAL16;LEU20,3.0,57.350771258671145
962,native_first,ZINCk700000PvkWa,CC(C)[C@H](C)NC(=O)C[C@H](O)CNC(=O)c1cnsn1,5454,4778,2932,1,0,1,14.285714285714286,16.628609428741346,0.7797541460912,12.966227145792285,4,300.384,0.17959999999999965,3,6,7,1,,,,34.351665344695306,12,7,5,7,4,1,,,,,17.708962663160595,11.406610129431215,39.574654904843584,24.36604373577448,37397,16,14,1.175277654553537,1.1061317755395164,9.711946045978637,9.212698181954675,28,26.572441298238687,6.0,2.166231851521743,1.8864324111736386,ZINCk700000PvkWa_m01_t02,SER17;ASP15;SER14;SER18;VAL16;LEU20,3.0,-8.664310983270754
963,native_first,ZINCk600000PtVwR,Cc1coc(CNC(=O)CONC(=O)[C@H]2C[C@@H](O)C2)c1,7966,695,571,1,1,1,14.285714285714286,16.628609428741346,0.7628040127523974,12.68436999873625,4,282.29600000000005,0.02291999999999922,3,5,6,1,,,,38.34275944886656,13,8,5,8,4,1,,,,,23.409689364524038,15.877200145760698,44.54082671553658,29.382917398261043,1733,16,10,1.3836431090148607,1.0251185305509107,9.711946045978637,10.498099359234043,28,26.572441298238687,6.0,2.1726472348260994,1.4923992886918427,ZINCk600000PtVwR_m01_t01,SER17;ASP15;SER14;SER18;VAL16;LEU20,3.0,15.886682441648503
964,native_first,ZINCk5000009DXnR,CSCCC(=O)N[C@H](C)CNC(=O)CC1=NNC(=O)C1,8660,5150,3145,1,0,1,14.285714285714286,15.172864960831822,0.8311677386251259,12.611195857958995,4,300.38400000000007,-0.37359999999999927,3,5,8,1,,,,33.81239250864757,12,7,5,7,4,1,,,,,19.51641470491143,13.110950034918787,38.15961472308222,25.234805826405886,24089,16,6,0.9583322905831466,0.9298810481063899,14.297608960941682,13.689004289640058,28,26.572441298238687,6.0,2.1797063868156035,1.323101944646521,ZINCk5000009DXnR_m01_t06,SER17;ASP15;SER14;SER18;VAL16;LEU20,0.0,-8.094821252799507
965,native_first,ZINCk500000gb3Ql,CC[C@@H]1C[C@H](C(=O)NS(=O)(=O)c2cc[nH]n2)CC(=O)N1,15075,1579,1094,0,1,1,14.285714285714286,16.628609428741346,0.7296211764717414,12.132585574487353,4,300.34000000000003,-0.480599999999999,3,5,4,1,,,,38.34275944886656,13,8,5,8,4,1,,,,,16.66870531712562,11.34216486774029,31.428026533996682,25.338326969821996,22740,16,15,1.2823381464823407,1.3051751794428128,9.711946045978637,8.928386460505815,28,26.572441298238687,6.0,2.191998237101091,2.197823490644994,ZINCk500000gb3Ql_m01_t03,SER17;ASP15;SER14;SER18;VAL16;LEU20,0.0,17.976485594842217
966,native_first,ZINCk50000046rit,NC(=O)c1cnc(C(=O)NC[C@@H]2CCCC[C@H]2O)cn1,8885,934,706,1,1,1,17.857142857142858,19.267729830797304,0.6534319795044612,12.590150843895039,5,278.31199999999995,-0.14360000000000056,3,5,4,1,,,,38.34275944886656,13,8,5,8,4,1,,,,,20.10954255324515,13.448367641777095,39.84571119607617,27.402829311493715,6803,16,3,1.9993154766152936,1.2472652194344014,11.611623357653302,10.63256593239018,28,26.572441298238687,6.0,2.197353931432169,1.995882019933078,ZINCk50000046rit_m01_t03,SER17;ASP15;SER14;SER18;VAL16;LEU20,2.0,99.19553309197921
967,native_first,ZINCk500000BlJ6o,Cc1cc(CCNC(=O)C[C@@H]2[C@@H](O)C[C@H]2N)cc(O)n1,4076,3171,1991,1,0,1,14.285714285714286,16.628609428741346,0.7914871090622451,13.161330004479678,4,279.34,-0.14748000000000033,4,5,5,1,,,,34.94415916385699,12,8,4,8,4,1,,,,,19.83942326816421,13.068945241974497,41.165624498957825,25.88131762644132,16776,16,7,1.269245056427767,0.9804855733749139,9.711946045978637,10.055075886062799,28,26.572441298238687,6.0,2.207982241159279,1.7299774822608418,ZINCk500000BlJ6o_m01_t07,SER17;ASP15;SER14;SER18;VAL16;LEU20,0.0,-43.26450479239787
968,native_first,ZINCk5000004468k,C[C@H]1CCC[C@@]1(O)CNC(=O)c1cnc(C(N)=O)cn1,2742,1034,758,1,1,1,17.857142857142858,19.267729830797304,0.697963561062822,13.448173326299651,5,278.31199999999995,-0.14359999999999984,3,5,4,1,,,,38.34275944886656,13,8,5,8,4,1,,,,,17.66817594324183,11.72737010506294,35.807299255891664,25.938009345491718,16278,16,11,1.9271184850103114,1.0788873215109969,11.611623357653302,11.325695641482701,28,26.572441298238687,6.0,2.2161463388168663,2.032981460680928,ZINCk5000004468k_m01_t04,SER17;ASP15;SER14;SER18;VAL16;LEU20,0.0,120.63104131264286
969,native_first,ZINCk8000009Ly3m,CCN(CC)CC(=O)N[C@@H](C)CN=c1[nH]nc(CO)s1,5329,757,605,1,1,1,14.285714285714286,15.18474175275134,0.8549553918858794,12.982276835909397,4,301.416,-0.28929999999999867,3,6,8,1,,,,38.34275944886656,13,8,5,8,4,1,,,,,22.589176589808808,15.380231117761841,42.51800411522634,28.89060973343191,2533,16,15,0.6760263802830226,0.8182640684421667,11.611623357653302,10.304687130298044,28,26.572441298238687,6.0,2.292934551920334,1.6628008391163454,ZINCk8000009Ly3m_m01_t06,SER17;ASP15;SER14;SER18;VAL16;LEU20,2.0,38.691979766432794
970,native_first,ZINCk7000009KDmH,COCc1n[nH]c(=NC[C@H](O)CNC(=O)[C@H]2C=C2C)s1,9601,673,557,1,1,1,17.857142857142858,16.545773402920933,0.7568872430460737,12.523284815001878,5,298.36800000000005,-0.4285000000000001,3,6,7,1,,,,38.34275944886656,13,8,5,8,4,1,,,,,23.753429791693254,16.060018780118543,45.59560327198364,29.58916165456258,1461,16,9,1.409839575681181,1.0672905191863948,11.791641997618479,12.396141863910351,28,26.572441298238687,6.0,2.2988788622611964,1.4378638343304602,ZINCk7000009KDmH_m01_t06,SER17;ASP15;SER14;SER18;VAL16;LEU20,0.0,65.86518829753167
971,native_first,ZINCk600000Gf5VQ,CCCCCCC(=O)N[C@@H](CCc1nn[nH]n1)C(N)=O,621,5090,3121,1,0,1,14.285714285714286,16.024722079133863,0.8963573371621018,14.363877211615169,4,282.348,0.07280000000000147,3,5,10,1,,,,34.351665344695306,12,7,5,7,4,1,,,,,16.769668918735515,10.792413134020213,37.58655885209187,23.802467489119433,48850,16,4,0.9361707745951628,0.5565376112967461,9.413178262414874,9.549400867311338,28,26.572441298238687,6.0,2.336093382291849,1.7700478200449143,ZINCk600000Gf5VQ_m01_t05,SER17;ASP15;SER14;SER18;VAL16;LEU20,1.0,-46.381276608844566
972,native_first,ZINCk800000JSsLC,CCCC[C@H](C(=O)O)N1CCN(c2nc(O)n[nH]2)CC1,8956,2708,1805,1,0,1,14.285714285714286,15.18474175275134,0.8286314948335219,12.582555257243337,4,283.33200000000005,0.27569999999999995,3,6,6,1,,,,36.38223751692659,12,7,5,7,4,1,,,,,16.893405652870236,11.23289363271033,34.05399019434109,24.688938398492777,31888,16,7,0.9696599019190945,0.8921796962329328,11.611623357653302,10.70658940813772,28,26.572441298238687,6.0,2.3763187420436385,1.7023455051920122,ZINCk800000JSsLC_m02_t03,SER17;ASP15;SER14;SER18;VAL16;LEU20,2.0,-78.79531202777687
973,native_first,ZINCk5000009E0tN,CS[C@@H](C)CCC(=O)NC[C@H](CO)N=c1nn[nH]n1C,7265,4475,2736,1,0,1,14.285714285714286,16.024722079133863,0.7959638287451158,12.755099140683782,4,302.404,-0.947299999999998,3,7,8,1,,,,34.351665344695306,12,7,5,7,4,1,,,,,18.538671619597206,11.840307070485478,42.68884059720715,24.863869109636443,29211,16,9,1.3217376759447046,0.910104465458192,9.413178262414874,9.037578225415261,28,26.572441298238687,6.0,2.3837350140044906,1.5665060791859249,ZINCk5000009E0tN_m01_t03,SER17;ASP15;SER14;SER18;VAL16;LEU20,3.0,11.448552276910348
974,native_first,ZINCk8000018ST0d,C[C@H](O)C(=O)NNC(=O)N=c1nc(C2CCCC2)[nH]o1,2222,6298,3692,1,0,1,17.857142857142858,19.255853038877785,0.7061749565759816,13.598001183563003,5,283.28799999999995,-0.3174000000000003,4,5,2,1,,,,32.391143412755326,11,6,5,6,4,1,,,,,18.078385954005206,11.304876764360007,45.10204081632654,23.803488937505257,48819,16,1,1.71525322304503,1.1614367203853087,14.297608960941682,13.692053404328732,28,26.572441298238687,6.0,2.384909395424843,1.5013081764794982,ZINCk8000018ST0d_m01_t08,SER17;ASP15;SER14;SER18;VAL16;LEU20,0.0,-18.207336369825562
975,native_first,ZINCj800000PETx2,CC[C@@](C)(O)Cc1cn(Cc2ncc(CO)[nH]2)nn1,5358,3371,2130,1,0,1,14.285714285714286,16.024722079133863,0.8098841273127465,12.978168056488629,4,265.31699999999995,0.24529999999999974,3,6,6,1,,,,34.38103669862671,11,7,4,7,4,1,,,,,16.8874351523479,10.456541766677194,43.86477761836441,23.884875770859427,47002,16,14,1.1063837845701125,0.807056468722508,9.413178262414874,8.040285275917398,28,26.572441298238687,6.0,2.4449578820177615,1.9542204996742987,ZINCj800000PETx2_m01_t01,SER17;ASP15;SER14;SER18;VAL16;LEU20,3.0,48.262561649353515
976,native_first,ZINCk8000009MlF4,O=C(NCCN=c1ncc(O)c[nH]1)[C@H]1CCCC[C@H]1O,10767,5364,3233,1,0,1,14.285714285714286,15.18474175275134,0.8187525669707763,12.432546288853484,4,280.328,-0.3167000000000008,4,5,4,1,,,,32.983637231917015,11,7,4,7,4,1,,,,,18.33278101448733,11.627699308658105,43.30380344909048,24.19312350145921,40571,16,3,1.3292427288577637,0.7573675721157475,11.611623357653302,11.946818537739402,28,26.572441298238687,6.0,2.4676349829855404,2.0980492196331095,ZINCk8000009MlF4_m01_t02,SER17;ASP15;SER14;SER18;VAL16;LEU20,3.0,-66.71519075934994
977,native_first,ZINCk8000009M6Ik,C[C@H](CNC(=O)CN1CCCCC1)N=c1[nH]nc(O)s1,5128,2393,1662,1,0,1,14.285714285714286,15.18474175275134,0.8567978031918615,13.010253375793084,4,299.4,0.06809999999999994,3,6,5,1,,,,36.38223751692659,12,7,5,7,4,1,,,,,21.019865386271096,13.896083271059364,43.130657221566324,27.164814238533296,7890,16,6,1.117532844261792,0.6662220541189473,11.611623357653302,11.174013864835993,28,26.572441298238687,6.0,2.4831408804262467,1.581741807422781,ZINCk8000009M6Ik_m01_t08,SER17;ASP15;SER14;SER18;VAL16;LEU20,3.0,6.978655863152261
978,native_first,ZINCk800000gvp9b,Cc1cc(CC(=O)NCCNC(=O)c2cnn[nH]2)cs1,2896,2037,1410,1,0,1,14.285714285714286,16.628609428741346,0.8063544161830901,13.408552647849355,4,293.35200000000003,0.2633199999999999,3,5,6,1,,,,36.92824579056311,12,7,5,7,4,1,,,,,19.6592690766109,12.76074248450301,42.793864082287904,26.566859762191786,11378,16,15,1.176947317534223,0.9682392882068757,9.711946045978637,9.689318034188974,28,26.572441298238687,6.0,2.4950562316222573,1.8130402373755568,ZINCk800000gvp9b_m01_t07,SER17;ASP15;SER14;SER18;VAL16;LEU20,1.0,16.13292645281862
979,native_first,ZINCi5000000VzUN,Cc1cc(CC(=O)NCc2nc(CO)n[nH]2)on1,5792,2081,1454,1,0,1,14.285714285714286,16.628609428741346,0.7773097773722758,12.925580693065461,4,251.246,-0.5476800000000004,3,6,5,1,,,,36.92824579056311,12,7,5,7,4,1,,,,,18.821324130153748,12.249254279707996,40.60942321386186,26.064092794317496,15112,16,8,1.0595222647494587,1.1513162303382285,9.711946045978637,8.851826551530674,28,26.572441298238687,6.0,2.4985002349278873,1.753256064215156,ZINCi5000000VzUN_m01_t01,SER17;ASP15;SER14;SER18;VAL16;LEU20,1.0,3.005821122815766
980,native_first,ZINCk700000PtNOo,CC1=C(C(=O)NCCCC(=O)NCCOCCO)CC1,4171,6667,3831,1,0,1,14.285714285714286,15.18474175275134,0.865690114347713,13.1452808242798,4,284.35600000000005,0.11819999999999992,3,4,10,1,,,,29.821298404476316,11,6,5,6,4,1,,,,,19.959341401961318,13.013522995539448,42.80718424823977,23.904124202967317,46600,16,13,0.9900001799563771,0.6931807322098615,11.611623357653302,11.043459915012633,28,26.572441298238687,6.0,2.5072163474213203,1.5055733263015012,ZINCk700000PtNOo_m01_t03,SER17;ASP15;SER14;SER18;VAL16;LEU20,0.0,-7.311450401830701
981,native_first,ZINCk5000003WoiZ,CCCCCNC(=O)C(=O)NC[C@@H]1CC[C@@H](C(N)=O)O1,8379,5160,3151,1,0,1,14.285714285714286,13.782525261262656,0.9171646970540852,12.64084560588624,4,285.344,-0.5580999999999978,3,4,7,1,,,,33.81239250864757,12,7,5,7,4,1,,,,,18.780913064725777,12.298546319794385,39.712998245932354,24.793504842294496,30231,16,8,0.7593582717648274,0.5360871200537013,11.791641997618479,12.061217539717305,28,26.572441298238687,6.0,2.5249269206130145,1.8478566895116302,ZINCk5000003WoiZ_m01_t04,SER17;ASP15;SER14;SER18;VAL16;LEU20,3.0,17.88878895298737
982,native_first,ZINCk8000004jox5,Cc1cc(=NC(=O)NCc2nc([C@@H](C)O)n[nH]2)[nH]n1C,12972,1228,895,0,1,1,14.285714285714286,16.628609428741346,0.7377915314166583,12.268447215760562,4,279.3040000000001,-0.3564800000000006,4,5,3,1,,,,42.028470633601174,14,9,5,9,4,1,,,,,23.786722813839887,16.98518379304515,39.67360094179805,31.083421941744405,399,16,5,1.3380912486845309,1.237246115736459,9.711946045978637,9.096997880858313,28,26.572441298238687,6.0,2.533124123985149,1.753841700407403,ZINCk8000004jox5_m01_t04,SER17;ASP15;SER14;SER18;VAL16;LEU20,0.0,-42.49448993172094
983,native_first,ZINCi800000AJxth,Cc1ccc(-c2cc(C(=O)NNC(N)=O)n[nH]2)o1,7345,7133,4218,1,0,1,14.285714285714286,16.628609428741346,0.7665440219291322,12.74656115059608,4,249.23000000000002,0.2912199999999998,4,4,2,1,,,,38.92405593253,12,7,5,7,3,1,,,,,17.704909468853714,11.732989537585278,36.057803803339525,26.192568054324227,14070,16,13,1.392171600939182,1.038591080566684,9.711946045978637,10.129626045377439,28,26.572441298238687,6.0,2.5501768173370842,1.9888651945315798,ZINCi800000AJxth_m01_t01,SER17;ASP15;SER14;SER18;VAL16;LEU20,2.0,-66.04200709874671
984,native_first,ZINCj8000002rdqd,Cc1ccc(C(=O)NCc2nc(CO)n[nH]2)c(O)c1,6387,1687,1186,1,0,1,14.285714285714286,16.628609428741346,0.7727768466423904,12.850204358390659,4,262.269,0.2410199999999999,4,5,4,1,,,,37.5207396097248,12,8,4,8,4,1,,,,,16.748622047352164,10.956354072176087,35.53461927725189,25.05746907230122,26540,16,7,1.137842375309142,1.1898672090164262,9.711946045978637,9.435248356533608,28,26.572441298238687,6.0,2.5525777901622977,1.8984632897825489,ZINCj8000002rdqd_m01_t07,SER17;ASP15;SER14;SER18;VAL16;LEU20,2.0,52.61339726860106
985,native_first,ZINCk800000gvrLG,Cc1nc(CC(=O)NCCNC(=O)c2cnc[nH]2)cs1,7855,248,210,1,1,1,14.285714285714286,16.628609428741346,0.763463398916626,12.695334673723922,4,293.35200000000003,0.2633199999999999,3,5,6,1,,,,40.91933989473438,13,8,5,8,4,1,,,,,24.365646928491028,16.761511304285918,44.59848330963505,30.98712411498836,440,16,13,1.0936356910133915,1.216951223352657,9.711946045978637,8.880190226843599,28,26.572441298238687,6.0,2.564113754275753,1.6990572123860976,ZINCk800000gvrLG_m01_t06,SER17;ASP15;SER14;SER18;VAL16;LEU20,1.0,-68.73187656270008
986,native_first,ZINCk7000018TuLo,NC(=O)c1ccc(NNC(=O)N[C@]23CCC[C@H]2C3)nn1,7893,5993,3529,1,0,1,17.857142857142858,19.267729830797304,0.6586677022991232,12.691031336171534,5,276.29999999999995,0.14419999999999944,4,5,4,1,,,,32.391143412755326,11,6,5,6,4,1,,,,,18.831285821987077,11.772748248263307,47.027170077628796,24.255228858294377,39366,16,6,1.6211359299865373,1.4061781363400738,11.611623357653302,10.20274915321646,28,26.572441298238687,6.0,2.577655338577615,1.7526796404316645,ZINCk7000018TuLo_m01_t01,SER17;ASP15;SER14;SER18;VAL16;LEU20,2.0,29.897448201635008
987,native_first,ZINCk8000004jdWP,C[C@H](NC(=O)NCC(=O)N[C@H]1C[C@H](O)C1)c1ccco1,5012,4296,2633,1,0,1,14.285714285714286,16.628609428741346,0.7833722774497811,13.026391639016012,4,281.312,0.2793000000000006,4,4,5,1,,,,34.351665344695306,12,7,5,7,4,1,,,,,18.996971695836155,12.413400058213472,40.45007717929971,25.138849155379816,25374,16,9,1.1699566817235214,1.0847809375860022,9.711946045978637,10.242652612998286,28,26.572441298238687,6.0,2.5892418495248553,2.1358281270914987,ZINCk8000004jdWP_m01_t07,SER17;ASP15;SER14;SER18;VAL16;LEU20,0.0,-101.23675082998909
988,native_first,ZINCk700000PAHMk,COCC(=O)NOCC(=O)NC[C@H]1C[C@H](CN=[N+]=[N-])C1,12850,1348,983,0,1,1,14.285714285714286,15.18474175275134,0.808530589300625,12.277328197729846,4,285.30400000000003,0.13329999999999975,2,5,9,1,,,,39.015645257788556,13,8,5,8,4,1,,,,,21.53361744416954,14.400965088091496,42.665317862279025,28.526428569617146,3253,16,15,1.171360447063866,0.9562987377414043,11.611623357653302,11.450493866237304,28,26.572441298238687,6.0,2.5905405475928345,1.8617010902746676,ZINCk700000PAHMk_m02_t03,SER17;ASP15;SER14;SER18;VAL16;LEU20,3.0,23.23532158623155
989,native_first,ZINCk600000Emowh,CCn1cc(-c2cc(C(=O)Nc3nn[nH]n3)n[nH]2)cn1,8947,6786,3911,1,0,1,14.285714285714286,16.628609428741346,0.7567176972648837,12.583163035634284,4,273.26000000000005,0.0584999999999995,3,7,4,1,,,,40.693177378886034,12,7,5,7,3,1,,,,,19.166006989406863,12.776984872407878,38.335192414947024,27.77687514519853,5325,16,14,1.469156124079129,1.0555542540716272,9.711946045978637,9.912502810616019,28,26.572441298238687,6.0,2.592902322677164,1.9609011137647618,ZINCk600000Emowh_m01_t08,SER17;ASP15;SER14;SER18;VAL16;LEU20,2.0,16.876606157033464
990,native_first,ZINCk50000044LLe,Cc1cccc(C[C@H](N)C(=O)NCc2nc(O)n[nH]2)c1,8106,3127,1973,1,0,1,14.285714285714286,16.628609428741346,0.7619021978487981,12.669374070927278,4,275.312,0.004919999999999536,4,5,5,1,,,,35.525455647520424,11,7,4,7,4,1,,,,,15.925010099974138,10.012557055309625,38.889274959462604,23.765188318992653,49638,16,1,1.2048458973048268,1.1775282791921902,9.711946045978637,9.061800771029564,28,26.572441298238687,6.0,2.6488860542416557,1.6873275295926224,ZINCk50000044LLe_m01_t02,SER17;ASP15;SER14;SER18;VAL16;LEU20,1.0,0.07838602084426194
991,native_first,ZINCk800000PuCSD,C=CCCCCNC(=O)CONC(=O)c1[nH]nnc1C,4643,914,691,1,1,1,14.285714285714286,13.782525261262656,0.9485911511552066,13.073981503406857,4,281.31600000000003,0.24701999999999968,3,5,9,1,,,,38.34275944886656,13,8,5,8,4,1,,,,,20.519895746016857,14.090017387158857,37.74418281128734,27.649041227156733,5804,16,0,0.6221654248285535,0.3387101572145316,11.791641997618479,12.303290574969166,28,26.572441298238687,6.0,2.6675507314593108,1.831650570771639,ZINCk800000PuCSD_m01_t07,SER17;ASP15;SER14;SER18;VAL16;LEU20,0.0,79.31882349374382
992,native_first,ZINCk500000gaVRd,CC[C@@H](C)NC(=O)CCNC(=O)[C@H]1CC[C@@H](C(N)=O)O1,11792,5169,3156,1,0,1,14.285714285714286,15.18474175275134,0.8134130907365356,12.351467721141585,4,285.344,-0.5596999999999974,3,4,7,1,,,,33.81239250864757,12,7,5,7,4,1,,,,,18.12598170079135,11.780388302849955,39.28963402332241,24.40054602393384,36803,16,13,0.9565214847277173,0.9631420019746697,11.611623357653302,10.547700294684928,28,26.572441298238687,6.0,2.6771738357619554,1.554567341942582,ZINCk500000gaVRd_m01_t07,SER17;ASP15;SER14;SER18;VAL16;LEU20,3.0,-81.3655544109572
993,native_first,ZINCk8000009LSoM,COCc1n[nH]c(=N[C@@H](CO)CNC(=O)[C@H]2C[C@@H]2C)s1,7226,930,703,1,1,1,14.285714285714286,16.024722079133863,0.7961939997600246,12.758787567228367,4,300.384,-0.3486,3,6,7,1,,,,38.34275944886656,13,8,5,8,4,1,,,,,20.147049034105656,13.559601855261544,39.18243012951603,27.425333200010016,6704,16,5,0.9361219046844196,1.0226759538221786,9.413178262414874,8.089602976364866,28,26.572441298238687,6.0,2.73229190775999,1.567832016407054,ZINCk8000009LSoM_m01_t05,SER17;ASP15;SER14;SER18;VAL16;LEU20,3.0,26.481953466962256
994,native_first,ZINCk700000gsyoG,C[C@@H](CO)C(=O)NCCNC(=O)c1ccc([N+](=O)[O-])s1,11163,100,97,1,1,1,14.285714285714286,16.628609428741346,0.7457442669396712,12.40069014866282,4,301.324,0.1307000000000001,3,6,7,1,,,,42.70188545168093,12,9,3,9,4,1,,,,,20.91028206922292,13.199250301240935,50.28955119564675,29.62692342220612,1417,16,5,1.3791692713720658,1.0981676372148608,9.711946045978637,8.700913669533316,28,26.572441298238687,6.0,2.7586735781356975,1.654587943013131,ZINCk700000gsyoG_m01_t04,SER17;ASP15;SER14;SER18;VAL16;LEU20,3.0,6.772336331570365
995,native_first,ZINCj800001bNeCs,Cc1ccc(CNc2c(N(C)CCO)c(=O)c2=O)o1,5587,7610,4595,1,0,1,14.285714285714286,16.628609428741346,0.7787726909685955,12.949906911886657,4,264.28099999999995,0.22461999999999993,2,6,6,1,,,,36.74488997860436,12,7,5,7,3,1,,,,,16.693578909664268,10.778189359337661,37.000609040082715,24.714103337240303,31490,16,11,1.2280037955538408,1.0996681408967615,9.711946045978637,9.677342781457257,28,26.572441298238687,6.0,2.807270742944733,1.7431815457598236,ZINCj800001bNeCs_m01_t02,SER17;ASP15;SER14;SER18;VAL16;LEU20,3.0,136.619270649213
996,native_first,ZINCk50000044Sve,Cc1csc(NC(=O)C(=O)NCCN2CC[C@@H](O)C2)n1,11073,875,671,1,1,1,14.285714285714286,16.628609428741346,0.7461933782635005,12.408158245456802,4,298.368,-0.42718000000000034,3,6,4,1,,,,38.34275944886656,13,8,5,8,4,1,,,,,21.074843131739883,14.249068778846805,40.4533179012346,27.982009658590556,4632,16,6,1.3712875030161171,1.1416153954044197,9.711946045978637,8.945754286448505,28,26.572441298238687,6.0,2.808097352000912,1.9235576953814515,ZINCk50000044Sve_m01_t03,SER17;ASP15;SER14;SER18;VAL16;LEU20,1.0,50.861731336713405
997,native_first,ZINCk6000004dlao,Cc1cc(CNC(=O)CNC[C@H]2CCCO2)cc(O)n1,8417,3987,2451,1,0,1,17.857142857142858,16.545773402920933,0.7638001954911202,12.637664959702786,5,279.34,0.4804199999999997,3,5,6,1,,,,34.351665344695306,12,7,5,7,4,1,,,,,19.93644816219569,12.902868714948923,43.827687058250056,25.702535035195535,18632,16,2,1.0970806702343971,1.2086229649999591,11.791641997618479,10.933629370637016,28,26.572441298238687,6.0,2.8724737652044614,2.0169234860073257,ZINCk6000004dlao_m02_t07,SER17;ASP15;SER14;SER18;VAL16;LEU20,0.0,-15.010700269782973
998,native_first,ZINCk7000004gfip,Cc1ccc(C(=O)NCC(=O)NCCO)c(C2CC2)n1,9411,4637,2844,1,0,1,14.285714285714286,16.628609428741346,0.7541413579580677,12.540322095545326,4,277.324,0.10571999999999937,3,4,6,1,,,,34.351665344695306,12,7,5,7,4,1,,,,,18.084866802548486,11.643800497595644,40.474214764275615,24.591586219407212,33491,16,9,1.2167773525032106,1.256200149848151,9.711946045978637,9.656318802830762,28,26.572441298238687,6.0,2.904328770710722,1.5241503665408829,ZINCk7000004gfip_m01_t02,SER17;ASP15;SER14;SER18;VAL16;LEU20,1.0,33.26163751803999
999,native_first,ZINCk500000g7qDv,C=C[C@@H]1C[C@H]1C(=O)N[C@H](CO)CNC(=O)c1cnsn1,5801,4468,2734,1,0,1,14.285714285714286,13.661198176189362,0.946062739764733,12.924350575034682,4,296.352,-0.4329000000000005,3,6,7,1,,,,34.351665344695306,12,7,5,7,4,1,,,,,18.553979097336192,11.972026713128987,41.21069948817939,24.87305359627984,29086,16,1,0.634893472780271,0.4047622054569639,11.791641997618479,11.81742185265051,28,26.572441298238687,6.0,2.9440626272321126,1.7821012068163469,ZINCk500000g7qDv_m01_t04,SER17;ASP15;SER14;SER18;VAL16;LEU20,1.0,16.369549216558156
1000,native_first,ZINCk8000004j2MC,C[C@@H]1CCN[C@H]1C(=O)NCCCC(=O)Nc1cn[nH]c1,4502,1716,1198,1,0,1,14.285714285714286,16.628609428741346,0.7875181565200291,13.095331842813959,4,279.34399999999994,0.24260000000000048,4,4,6,1,,,,37.49136825579339,13,8,5,8,4,1,,,,,23.49874091548552,16.11976387324414,43.33639089934325,29.095791851608666,2200,16,8,1.3707428185697568,0.9366404969185677,9.711946045978637,9.520554004073308,28,26.572441298238687,6.0,2.9740697840668613,1.6596760562485586,ZINCk8000004j2MC_m02_t01,SER17;ASP15;SER14;SER18;VAL16;LEU20,3.0,-31.046561608082595
