method_a,method_b,n_shared,kendall_tau,spearman_r,jaccard_top10,jaccard_top25,jaccard_top50
full_cascade,stage3_only,310,0.4602359327696002,0.6108750754010733,0.1111111111111111,0.13636363636363635,0.2345679012345679
full_cascade,standard_3d_pharmacophore,310,0.12638062428228417,0.1771852212889329,0.1111111111111111,0.1111111111111111,0.17647058823529413
stage3_only,standard_3d_pharmacophore,310,0.6661446915126841,0.6253855147363153,0.5384615384615384,0.42857142857142855,0.5625
