method_a,method_b,n_shared,kendall_tau,spearman_r,jaccard_top10,jaccard_top25,jaccard_top50
full_cascade,stage3_only,310,0.9996659359014511,0.9999939578438768,1.0,1.0,1.0
full_cascade,standard_3d_pharmacophore,310,-0.1179037477816056,-0.17642471523821704,0.3333333333333333,0.1111111111111111,0.07526881720430108
stage3_only,standard_3d_pharmacophore,310,-0.11756968368305669,-0.1763171648592228,0.3333333333333333,0.1111111111111111,0.07526881720430108
