ligand_id,method,evaluation_tie_group,evaluation_rank
CHEMBL3315213,full_cascade,0,1.0
CHEMBL1312502,full_cascade,1,9.5
CHEMBL1468368,full_cascade,1,9.5
CHEMBL1594369,full_cascade,1,9.5
CHEMBL1597454,full_cascade,1,9.5
CHEMBL1966869,full_cascade,1,9.5
CHEMBL2003819,full_cascade,1,9.5
CHEMBL3099777,full_cascade,1,9.5
CHEMBL3315193,full_cascade,1,9.5
CHEMBL3315202,full_cascade,1,9.5
CHEMBL3315203,full_cascade,1,9.5
CHEMBL3315204,full_cascade,1,9.5
CHEMBL3315209,full_cascade,1,9.5
CHEMBL3315221,full_cascade,1,9.5
CHEMBL3315223,full_cascade,1,9.5
CHEMBL462830,full_cascade,1,9.5
CHEMBL463811,full_cascade,1,9.5
CHEMBL1493442,full_cascade,2,18.0
CHEMBL1446377,full_cascade,3,20.5
CHEMBL1538066,full_cascade,3,20.5
CHEMBL2431121,full_cascade,3,20.5
CHEMBL3099769,full_cascade,3,20.5
ZINCf5000000WBRM,full_cascade,4,23.5
ZINCf5000000apMr,full_cascade,4,23.5
CHEMBL1301125,full_cascade,5,32.5
CHEMBL1328169,full_cascade,5,32.5
CHEMBL1387563,full_cascade,5,32.5
CHEMBL1453900,full_cascade,5,32.5
CHEMBL1461496,full_cascade,5,32.5
CHEMBL1490404,full_cascade,5,32.5
CHEMBL1546134,full_cascade,5,32.5
CHEMBL1547420,full_cascade,5,32.5
CHEMBL1611170,full_cascade,5,32.5
CHEMBL1995726,full_cascade,5,32.5
CHEMBL2431119,full_cascade,5,32.5
CHEMBL2431120,full_cascade,5,32.5
ZINCf50000008BUE,full_cascade,5,32.5
ZINCf5000000a7X8,full_cascade,5,32.5
ZINCf5000000a9rn,full_cascade,5,32.5
ZINCf5000002mA37,full_cascade,5,32.5
ZINCf5000000ZyeV,full_cascade,6,41.0
ZINCf50000009KSi,full_cascade,7,43.0
ZINCf50000009WrE,full_cascade,7,43.0
ZINCf5000000aoiE,full_cascade,7,43.0
ZINCf50000008M1J,full_cascade,8,47.5
ZINCf50000009KIU,full_cascade,8,47.5
ZINCf50000009KSv,full_cascade,8,47.5
ZINCf50000009wyg,full_cascade,8,47.5
ZINCf5000000apKQ,full_cascade,8,47.5
ZINCf5000002aWgB,full_cascade,8,47.5
ZINCf50000009BLy,full_cascade,9,53.5
ZINCf5000000ZxFj,full_cascade,9,53.5
ZINCf5000000axTO,full_cascade,9,53.5
ZINCf5000001osRe,full_cascade,9,53.5
ZINCf50000026iVi,full_cascade,9,53.5
ZINCf5000002af9J,full_cascade,9,53.5
ZINCf5000002rwRT,full_cascade,10,57.0
CHEMBL1325640,full_cascade,11,58.0
ZINCf50000025Z8R,full_cascade,12,59.0
ZINCf50000009xWh,full_cascade,13,61.5
ZINCf50000009zYV,full_cascade,13,61.5
ZINCf50000017KYO,full_cascade,13,61.5
ZINCf5000002rwS5,full_cascade,13,61.5
CHEMBL1321527,full_cascade,14,806.0
CHEMBL1323442,full_cascade,14,806.0
CHEMBL1340713,full_cascade,14,806.0
CHEMBL1369296,full_cascade,14,806.0
CHEMBL1385214,full_cascade,14,806.0
CHEMBL1438069,full_cascade,14,806.0
CHEMBL1550591,full_cascade,14,806.0
CHEMBL1586252,full_cascade,14,806.0
CHEMBL1595121,full_cascade,14,806.0
CHEMBL1600146,full_cascade,14,806.0
CHEMBL1608453,full_cascade,14,806.0
CHEMBL294989,full_cascade,14,806.0
CHEMBL3315194,full_cascade,14,806.0
ZINCf50000008APd,full_cascade,14,806.0
ZINCf50000008AVQ,full_cascade,14,806.0
ZINCf50000008AoT,full_cascade,14,806.0
ZINCf50000008Cf0,full_cascade,14,806.0
ZINCf50000008Cm0,full_cascade,14,806.0
ZINCf50000008Co1,full_cascade,14,806.0
ZINCf50000008DJV,full_cascade,14,806.0
ZINCf50000008DZl,full_cascade,14,806.0
ZINCf50000008DmQ,full_cascade,14,806.0
ZINCf50000008E0K,full_cascade,14,806.0
ZINCf50000008E0a,full_cascade,14,806.0
ZINCf50000008EUm,full_cascade,14,806.0
ZINCf50000008ExF,full_cascade,14,806.0
ZINCf50000008FOg,full_cascade,14,806.0
ZINCf50000008FOo,full_cascade,14,806.0
ZINCf50000008GAi,full_cascade,14,806.0
ZINCf50000008GvD,full_cascade,14,806.0
ZINCf50000008Gvh,full_cascade,14,806.0
ZINCf50000008Gy0,full_cascade,14,806.0
ZINCf50000008Hb1,full_cascade,14,806.0
ZINCf50000008Hcy,full_cascade,14,806.0
ZINCf50000008Hhj,full_cascade,14,806.0
ZINCf50000008Igg,full_cascade,14,806.0
ZINCf50000008Isk,full_cascade,14,806.0
ZINCf50000008JhW,full_cascade,14,806.0
ZINCf50000008KXO,full_cascade,14,806.0
ZINCf50000008KZS,full_cascade,14,806.0
ZINCf50000008L06,full_cascade,14,806.0
ZINCf50000008L4G,full_cascade,14,806.0
ZINCf50000008LG1,full_cascade,14,806.0
ZINCf50000008LZu,full_cascade,14,806.0
ZINCf50000008M30,full_cascade,14,806.0
ZINCf50000008M3s,full_cascade,14,806.0
ZINCf50000008NGb,full_cascade,14,806.0
ZINCf50000008NPM,full_cascade,14,806.0
ZINCf50000008NcO,full_cascade,14,806.0
ZINCf50000008OyQ,full_cascade,14,806.0
ZINCf50000008P0X,full_cascade,14,806.0
ZINCf50000008PNg,full_cascade,14,806.0
ZINCf50000008PSw,full_cascade,14,806.0
ZINCf50000008PUO,full_cascade,14,806.0
ZINCf50000008Psk,full_cascade,14,806.0
ZINCf50000008Pur,full_cascade,14,806.0
ZINCf50000008RMQ,full_cascade,14,806.0
ZINCf50000008RY2,full_cascade,14,806.0
ZINCf50000008RfT,full_cascade,14,806.0
ZINCf50000008Rgq,full_cascade,14,806.0
ZINCf50000008SOo,full_cascade,14,806.0
ZINCf50000008TCA,full_cascade,14,806.0
ZINCf50000008TCr,full_cascade,14,806.0
ZINCf50000008TDx,full_cascade,14,806.0
ZINCf50000008TEh,full_cascade,14,806.0
ZINCf50000008TEi,full_cascade,14,806.0
ZINCf50000008TsN,full_cascade,14,806.0
ZINCf50000008TxS,full_cascade,14,806.0
ZINCf50000008Txb,full_cascade,14,806.0
ZINCf50000008U1H,full_cascade,14,806.0
ZINCf50000008UG8,full_cascade,14,806.0
ZINCf50000008UKt,full_cascade,14,806.0
ZINCf50000008UML,full_cascade,14,806.0
ZINCf50000008UN0,full_cascade,14,806.0
ZINCf50000008UNu,full_cascade,14,806.0
ZINCf50000008URn,full_cascade,14,806.0
ZINCf50000008UUv,full_cascade,14,806.0
ZINCf50000008V4I,full_cascade,14,806.0
ZINCf50000008VC1,full_cascade,14,806.0
ZINCf50000008VE1,full_cascade,14,806.0
ZINCf50000008VPk,full_cascade,14,806.0
ZINCf50000008Vk8,full_cascade,14,806.0
ZINCf50000008Vkv,full_cascade,14,806.0
ZINCf50000008VnO,full_cascade,14,806.0
ZINCf50000008VrH,full_cascade,14,806.0
ZINCf50000008WI2,full_cascade,14,806.0
ZINCf50000008WI5,full_cascade,14,806.0
ZINCf50000008WXx,full_cascade,14,806.0
ZINCf50000008WZi,full_cascade,14,806.0
ZINCf50000008WoD,full_cascade,14,806.0
ZINCf50000008WsH,full_cascade,14,806.0
ZINCf50000008WzP,full_cascade,14,806.0
ZINCf50000008XGU,full_cascade,14,806.0
ZINCf50000008XK8,full_cascade,14,806.0
ZINCf50000008XVy,full_cascade,14,806.0
ZINCf50000008Xan,full_cascade,14,806.0
ZINCf50000008XuZ,full_cascade,14,806.0
ZINCf50000008XvU,full_cascade,14,806.0
ZINCf50000008YNU,full_cascade,14,806.0
ZINCf50000008YXY,full_cascade,14,806.0
ZINCf50000008Yjc,full_cascade,14,806.0
ZINCf50000008Zxi,full_cascade,14,806.0
ZINCf500000090Ji,full_cascade,14,806.0
ZINCf500000090KI,full_cascade,14,806.0
ZINCf500000090LO,full_cascade,14,806.0
ZINCf500000090S1,full_cascade,14,806.0
ZINCf500000090a2,full_cascade,14,806.0
ZINCf500000090dm,full_cascade,14,806.0
ZINCf500000090vP,full_cascade,14,806.0
ZINCf500000090vr,full_cascade,14,806.0
ZINCf500000090y4,full_cascade,14,806.0
ZINCf500000090z8,full_cascade,14,806.0
ZINCf500000090za,full_cascade,14,806.0
ZINCf500000091FH,full_cascade,14,806.0
ZINCf500000091HZ,full_cascade,14,806.0
ZINCf500000091Nd,full_cascade,14,806.0
ZINCf500000091Qp,full_cascade,14,806.0
ZINCf500000091V7,full_cascade,14,806.0
ZINCf500000091VC,full_cascade,14,806.0
ZINCf500000091jS,full_cascade,14,806.0
ZINCf500000091nk,full_cascade,14,806.0
ZINCf500000091sp,full_cascade,14,806.0
ZINCf500000091vi,full_cascade,14,806.0
ZINCf5000000927o,full_cascade,14,806.0
ZINCf500000092Ht,full_cascade,14,806.0
ZINCf500000092Mx,full_cascade,14,806.0
ZINCf500000092Q7,full_cascade,14,806.0
ZINCf500000092Y2,full_cascade,14,806.0
ZINCf500000092of,full_cascade,14,806.0
ZINCf500000092ra,full_cascade,14,806.0
ZINCf500000092vj,full_cascade,14,806.0
ZINCf50000009364,full_cascade,14,806.0
ZINCf500000093F6,full_cascade,14,806.0
ZINCf500000093K2,full_cascade,14,806.0
ZINCf500000093NJ,full_cascade,14,806.0
ZINCf500000093Nd,full_cascade,14,806.0
ZINCf500000093f6,full_cascade,14,806.0
ZINCf500000093hz,full_cascade,14,806.0
ZINCf500000093ml,full_cascade,14,806.0
ZINCf500000093ux,full_cascade,14,806.0
ZINCf500000093yk,full_cascade,14,806.0
ZINCf5000000947y,full_cascade,14,806.0
ZINCf5000000949X,full_cascade,14,806.0
ZINCf500000094Mn,full_cascade,14,806.0
ZINCf500000094Mp,full_cascade,14,806.0
ZINCf500000094fX,full_cascade,14,806.0
ZINCf500000094ix,full_cascade,14,806.0
ZINCf500000094pL,full_cascade,14,806.0
ZINCf500000095A6,full_cascade,14,806.0
ZINCf500000095eA,full_cascade,14,806.0
ZINCf500000096Ht,full_cascade,14,806.0
ZINCf500000096T5,full_cascade,14,806.0
ZINCf5000000973Q,full_cascade,14,806.0
ZINCf500000097Bo,full_cascade,14,806.0
ZINCf500000097FT,full_cascade,14,806.0
ZINCf500000097FW,full_cascade,14,806.0
ZINCf500000097Fg,full_cascade,14,806.0
ZINCf500000097Fu,full_cascade,14,806.0
ZINCf500000098P6,full_cascade,14,806.0
ZINCf500000098pu,full_cascade,14,806.0
ZINCf500000098za,full_cascade,14,806.0
ZINCf5000000990K,full_cascade,14,806.0
ZINCf5000000990N,full_cascade,14,806.0
ZINCf500000099Re,full_cascade,14,806.0
ZINCf500000099Sx,full_cascade,14,806.0
ZINCf500000099hu,full_cascade,14,806.0
ZINCf500000099rv,full_cascade,14,806.0
ZINCf50000009A2n,full_cascade,14,806.0
ZINCf50000009ABB,full_cascade,14,806.0
ZINCf50000009AET,full_cascade,14,806.0
ZINCf50000009AEz,full_cascade,14,806.0
ZINCf50000009AF7,full_cascade,14,806.0
ZINCf50000009AFd,full_cascade,14,806.0
ZINCf50000009AGR,full_cascade,14,806.0
ZINCf50000009AHU,full_cascade,14,806.0
ZINCf50000009AHW,full_cascade,14,806.0
ZINCf50000009AIT,full_cascade,14,806.0
ZINCf50000009AJb,full_cascade,14,806.0
ZINCf50000009AKa,full_cascade,14,806.0
ZINCf50000009AL7,full_cascade,14,806.0
ZINCf50000009ALa,full_cascade,14,806.0
ZINCf50000009AR4,full_cascade,14,806.0
ZINCf50000009Aho,full_cascade,14,806.0
ZINCf50000009Akg,full_cascade,14,806.0
ZINCf50000009Aos,full_cascade,14,806.0
ZINCf50000009B9R,full_cascade,14,806.0
ZINCf50000009BJc,full_cascade,14,806.0
ZINCf50000009BKg,full_cascade,14,806.0
ZINCf50000009BRA,full_cascade,14,806.0
ZINCf50000009Bj2,full_cascade,14,806.0
ZINCf50000009Br7,full_cascade,14,806.0
ZINCf50000009Bvn,full_cascade,14,806.0
ZINCf50000009CNG,full_cascade,14,806.0
ZINCf50000009CcS,full_cascade,14,806.0
ZINCf50000009Csh,full_cascade,14,806.0
ZINCf50000009Cuy,full_cascade,14,806.0
ZINCf50000009D0R,full_cascade,14,806.0
ZINCf50000009D2m,full_cascade,14,806.0
ZINCf50000009Dpv,full_cascade,14,806.0
ZINCf50000009E1n,full_cascade,14,806.0
ZINCf50000009EZh,full_cascade,14,806.0
ZINCf50000009Ebz,full_cascade,14,806.0
ZINCf50000009Edz,full_cascade,14,806.0
ZINCf50000009Erw,full_cascade,14,806.0
ZINCf50000009F22,full_cascade,14,806.0
ZINCf50000009FDG,full_cascade,14,806.0
ZINCf50000009FDr,full_cascade,14,806.0
ZINCf50000009FF0,full_cascade,14,806.0
ZINCf50000009FGv,full_cascade,14,806.0
ZINCf50000009FH0,full_cascade,14,806.0
ZINCf50000009FH8,full_cascade,14,806.0
ZINCf50000009FLi,full_cascade,14,806.0
ZINCf50000009FOc,full_cascade,14,806.0
ZINCf50000009FOq,full_cascade,14,806.0
ZINCf50000009FPs,full_cascade,14,806.0
ZINCf50000009FT6,full_cascade,14,806.0
ZINCf50000009FsD,full_cascade,14,806.0
ZINCf50000009Ft4,full_cascade,14,806.0
ZINCf50000009Fyc,full_cascade,14,806.0
ZINCf50000009FzR,full_cascade,14,806.0
ZINCf50000009G2d,full_cascade,14,806.0
ZINCf50000009G8x,full_cascade,14,806.0
ZINCf50000009GAN,full_cascade,14,806.0
ZINCf50000009GDl,full_cascade,14,806.0
ZINCf50000009GL0,full_cascade,14,806.0
ZINCf50000009GLl,full_cascade,14,806.0
ZINCf50000009GTU,full_cascade,14,806.0
ZINCf50000009GYA,full_cascade,14,806.0
ZINCf50000009GYy,full_cascade,14,806.0
ZINCf50000009Ga9,full_cascade,14,806.0
ZINCf50000009Gcz,full_cascade,14,806.0
ZINCf50000009Get,full_cascade,14,806.0
ZINCf50000009Ghu,full_cascade,14,806.0
ZINCf50000009Gih,full_cascade,14,806.0
ZINCf50000009H33,full_cascade,14,806.0
ZINCf50000009H9b,full_cascade,14,806.0
ZINCf50000009HLj,full_cascade,14,806.0
ZINCf50000009HgZ,full_cascade,14,806.0
ZINCf50000009HiG,full_cascade,14,806.0
ZINCf50000009HnH,full_cascade,14,806.0
ZINCf50000009HqR,full_cascade,14,806.0
ZINCf50000009Huf,full_cascade,14,806.0
ZINCf50000009I3k,full_cascade,14,806.0
ZINCf50000009IU9,full_cascade,14,806.0
ZINCf50000009JcO,full_cascade,14,806.0
ZINCf50000009Jh0,full_cascade,14,806.0
ZINCf50000009K0A,full_cascade,14,806.0
ZINCf50000009KKm,full_cascade,14,806.0
ZINCf50000009KPp,full_cascade,14,806.0
ZINCf50000009KPt,full_cascade,14,806.0
ZINCf50000009KTI,full_cascade,14,806.0
ZINCf50000009KUh,full_cascade,14,806.0
ZINCf50000009KY4,full_cascade,14,806.0
ZINCf50000009KZO,full_cascade,14,806.0
ZINCf50000009KZQ,full_cascade,14,806.0
ZINCf50000009Kj2,full_cascade,14,806.0
ZINCf50000009KnW,full_cascade,14,806.0
ZINCf50000009Knv,full_cascade,14,806.0
ZINCf50000009L0G,full_cascade,14,806.0
ZINCf50000009L2S,full_cascade,14,806.0
ZINCf50000009LPV,full_cascade,14,806.0
ZINCf50000009LXr,full_cascade,14,806.0
ZINCf50000009Ln5,full_cascade,14,806.0
ZINCf50000009MPF,full_cascade,14,806.0
ZINCf50000009MQf,full_cascade,14,806.0
ZINCf50000009MnU,full_cascade,14,806.0
ZINCf50000009Mp6,full_cascade,14,806.0
ZINCf50000009MpA,full_cascade,14,806.0
ZINCf50000009NjO,full_cascade,14,806.0
ZINCf50000009NnH,full_cascade,14,806.0
ZINCf50000009Nw8,full_cascade,14,806.0
ZINCf50000009O4f,full_cascade,14,806.0
ZINCf50000009OeW,full_cascade,14,806.0
ZINCf50000009PIQ,full_cascade,14,806.0
ZINCf50000009PIZ,full_cascade,14,806.0
ZINCf50000009PSY,full_cascade,14,806.0
ZINCf50000009Pke,full_cascade,14,806.0
ZINCf50000009R3y,full_cascade,14,806.0
ZINCf50000009Rkv,full_cascade,14,806.0
ZINCf50000009TZE,full_cascade,14,806.0
ZINCf50000009UN8,full_cascade,14,806.0
ZINCf50000009UT2,full_cascade,14,806.0
ZINCf50000009UVp,full_cascade,14,806.0
ZINCf50000009Uke,full_cascade,14,806.0
ZINCf50000009VP6,full_cascade,14,806.0
ZINCf50000009W2D,full_cascade,14,806.0
ZINCf50000009WUb,full_cascade,14,806.0
ZINCf50000009Wf8,full_cascade,14,806.0
ZINCf50000009WqI,full_cascade,14,806.0
ZINCf50000009WrG,full_cascade,14,806.0
ZINCf50000009Ww1,full_cascade,14,806.0
ZINCf50000009XDh,full_cascade,14,806.0
ZINCf50000009XDp,full_cascade,14,806.0
ZINCf50000009XWO,full_cascade,14,806.0
ZINCf50000009Xxn,full_cascade,14,806.0
ZINCf50000009YIR,full_cascade,14,806.0
ZINCf50000009ZFX,full_cascade,14,806.0
ZINCf50000009ZfR,full_cascade,14,806.0
ZINCf50000009aCA,full_cascade,14,806.0
ZINCf50000009aFI,full_cascade,14,806.0
ZINCf50000009aKQ,full_cascade,14,806.0
ZINCf50000009aQa,full_cascade,14,806.0
ZINCf50000009aXl,full_cascade,14,806.0
ZINCf50000009aYZ,full_cascade,14,806.0
ZINCf50000009aa3,full_cascade,14,806.0
ZINCf50000009ad3,full_cascade,14,806.0
ZINCf50000009adV,full_cascade,14,806.0
ZINCf50000009adX,full_cascade,14,806.0
ZINCf50000009afQ,full_cascade,14,806.0
ZINCf50000009aj3,full_cascade,14,806.0
ZINCf50000009auy,full_cascade,14,806.0
ZINCf50000009bel,full_cascade,14,806.0
ZINCf50000009cQd,full_cascade,14,806.0
ZINCf50000009d4A,full_cascade,14,806.0
ZINCf50000009dES,full_cascade,14,806.0
ZINCf50000009dT1,full_cascade,14,806.0
ZINCf50000009drx,full_cascade,14,806.0
ZINCf50000009du3,full_cascade,14,806.0
ZINCf50000009du7,full_cascade,14,806.0
ZINCf50000009duk,full_cascade,14,806.0
ZINCf50000009e03,full_cascade,14,806.0
ZINCf50000009eJR,full_cascade,14,806.0
ZINCf50000009eMq,full_cascade,14,806.0
ZINCf50000009eo5,full_cascade,14,806.0
ZINCf50000009exC,full_cascade,14,806.0
ZINCf50000009f0E,full_cascade,14,806.0
ZINCf50000009f8z,full_cascade,14,806.0
ZINCf50000009f9z,full_cascade,14,806.0
ZINCf50000009fFw,full_cascade,14,806.0
ZINCf50000009fMU,full_cascade,14,806.0
ZINCf50000009fSK,full_cascade,14,806.0
ZINCf50000009fYN,full_cascade,14,806.0
ZINCf50000009fiV,full_cascade,14,806.0
ZINCf50000009fjA,full_cascade,14,806.0
ZINCf50000009fjL,full_cascade,14,806.0
ZINCf50000009fmC,full_cascade,14,806.0
ZINCf50000009fnO,full_cascade,14,806.0
ZINCf50000009g51,full_cascade,14,806.0
ZINCf50000009g5d,full_cascade,14,806.0
ZINCf50000009gLu,full_cascade,14,806.0
ZINCf50000009h9L,full_cascade,14,806.0
ZINCf50000009jOH,full_cascade,14,806.0
ZINCf50000009jTv,full_cascade,14,806.0
ZINCf50000009jVo,full_cascade,14,806.0
ZINCf50000009kHQ,full_cascade,14,806.0
ZINCf50000009kHx,full_cascade,14,806.0
ZINCf50000009kL4,full_cascade,14,806.0
ZINCf50000009kVH,full_cascade,14,806.0
ZINCf50000009l7n,full_cascade,14,806.0
ZINCf50000009l97,full_cascade,14,806.0
ZINCf50000009nAl,full_cascade,14,806.0
ZINCf50000009nBd,full_cascade,14,806.0
ZINCf50000009nIZ,full_cascade,14,806.0
ZINCf50000009nv0,full_cascade,14,806.0
ZINCf50000009nxB,full_cascade,14,806.0
ZINCf50000009nxc,full_cascade,14,806.0
ZINCf50000009nxl,full_cascade,14,806.0
ZINCf50000009oDX,full_cascade,14,806.0
ZINCf50000009oDY,full_cascade,14,806.0
ZINCf50000009oYI,full_cascade,14,806.0
ZINCf50000009pE1,full_cascade,14,806.0
ZINCf50000009pVD,full_cascade,14,806.0
ZINCf50000009peh,full_cascade,14,806.0
ZINCf50000009pkM,full_cascade,14,806.0
ZINCf50000009pom,full_cascade,14,806.0
ZINCf50000009psD,full_cascade,14,806.0
ZINCf50000009psw,full_cascade,14,806.0
ZINCf50000009pzV,full_cascade,14,806.0
ZINCf50000009pzX,full_cascade,14,806.0
ZINCf50000009q0n,full_cascade,14,806.0
ZINCf50000009qFH,full_cascade,14,806.0
ZINCf50000009qLq,full_cascade,14,806.0
ZINCf50000009qR8,full_cascade,14,806.0
ZINCf50000009qZi,full_cascade,14,806.0
ZINCf50000009rCK,full_cascade,14,806.0
ZINCf50000009rEa,full_cascade,14,806.0
ZINCf50000009scp,full_cascade,14,806.0
ZINCf50000009shT,full_cascade,14,806.0
ZINCf50000009skC,full_cascade,14,806.0
ZINCf50000009smb,full_cascade,14,806.0
ZINCf50000009sq1,full_cascade,14,806.0
ZINCf50000009sqy,full_cascade,14,806.0
ZINCf50000009srv,full_cascade,14,806.0
ZINCf50000009ss4,full_cascade,14,806.0
ZINCf50000009tEO,full_cascade,14,806.0
ZINCf50000009tIh,full_cascade,14,806.0
ZINCf50000009tK3,full_cascade,14,806.0
ZINCf50000009tMd,full_cascade,14,806.0
ZINCf50000009tNK,full_cascade,14,806.0
ZINCf50000009tS8,full_cascade,14,806.0
ZINCf50000009tbw,full_cascade,14,806.0
ZINCf50000009u3K,full_cascade,14,806.0
ZINCf50000009u3p,full_cascade,14,806.0
ZINCf50000009u6a,full_cascade,14,806.0
ZINCf50000009uFG,full_cascade,14,806.0
ZINCf50000009uG4,full_cascade,14,806.0
ZINCf50000009uKX,full_cascade,14,806.0
ZINCf50000009uPy,full_cascade,14,806.0
ZINCf50000009uQz,full_cascade,14,806.0
ZINCf50000009ubo,full_cascade,14,806.0
ZINCf50000009ucn,full_cascade,14,806.0
ZINCf50000009ujW,full_cascade,14,806.0
ZINCf50000009ukK,full_cascade,14,806.0
ZINCf50000009ukr,full_cascade,14,806.0
ZINCf50000009ulF,full_cascade,14,806.0
ZINCf50000009uok,full_cascade,14,806.0
ZINCf50000009uqn,full_cascade,14,806.0
ZINCf50000009vBi,full_cascade,14,806.0
ZINCf50000009vJf,full_cascade,14,806.0
ZINCf50000009vMX,full_cascade,14,806.0
ZINCf50000009vMh,full_cascade,14,806.0
ZINCf50000009vNQ,full_cascade,14,806.0
ZINCf50000009vNp,full_cascade,14,806.0
ZINCf50000009vNx,full_cascade,14,806.0
ZINCf50000009vOd,full_cascade,14,806.0
ZINCf50000009vOr,full_cascade,14,806.0
ZINCf50000009vUQ,full_cascade,14,806.0
ZINCf50000009vXk,full_cascade,14,806.0
ZINCf50000009vZ7,full_cascade,14,806.0
ZINCf50000009ve7,full_cascade,14,806.0
ZINCf50000009veg,full_cascade,14,806.0
ZINCf50000009vem,full_cascade,14,806.0
ZINCf50000009vhw,full_cascade,14,806.0
ZINCf50000009vvW,full_cascade,14,806.0
ZINCf50000009vw2,full_cascade,14,806.0
ZINCf50000009w0J,full_cascade,14,806.0
ZINCf50000009w27,full_cascade,14,806.0
ZINCf50000009wB6,full_cascade,14,806.0
ZINCf50000009wRb,full_cascade,14,806.0
ZINCf50000009wYE,full_cascade,14,806.0
ZINCf50000009wcS,full_cascade,14,806.0
ZINCf50000009wm2,full_cascade,14,806.0
ZINCf50000009x6k,full_cascade,14,806.0
ZINCf50000009x6m,full_cascade,14,806.0
ZINCf50000009xNF,full_cascade,14,806.0
ZINCf50000009xRM,full_cascade,14,806.0
ZINCf50000009xr9,full_cascade,14,806.0
ZINCf50000009xri,full_cascade,14,806.0
ZINCf50000009yQr,full_cascade,14,806.0
ZINCf50000009yjh,full_cascade,14,806.0
ZINCf50000009yya,full_cascade,14,806.0
ZINCf50000009zYT,full_cascade,14,806.0
ZINCf50000009zZg,full_cascade,14,806.0
ZINCf50000009zaV,full_cascade,14,806.0
ZINCf50000009zaz,full_cascade,14,806.0
ZINCf50000009zw4,full_cascade,14,806.0
ZINCf50000009zwx,full_cascade,14,806.0
ZINCf5000000S4Qe,full_cascade,14,806.0
ZINCf5000000S4i3,full_cascade,14,806.0
ZINCf5000000S5Qa,full_cascade,14,806.0
ZINCf5000000S5Vm,full_cascade,14,806.0
ZINCf5000000S69w,full_cascade,14,806.0
ZINCf5000000S6L6,full_cascade,14,806.0
ZINCf5000000S7uO,full_cascade,14,806.0
ZINCf5000000SJ0Y,full_cascade,14,806.0
ZINCf5000000SJvO,full_cascade,14,806.0
ZINCf5000000SKPV,full_cascade,14,806.0
ZINCf5000000SKR5,full_cascade,14,806.0
ZINCf5000000SKcQ,full_cascade,14,806.0
ZINCf5000000SKje,full_cascade,14,806.0
ZINCf5000000SKov,full_cascade,14,806.0
ZINCf5000000SL5n,full_cascade,14,806.0
ZINCf5000000SL7k,full_cascade,14,806.0
ZINCf5000000SLBM,full_cascade,14,806.0
ZINCf5000000SLW6,full_cascade,14,806.0
ZINCf5000000SLWE,full_cascade,14,806.0
ZINCf5000000SLkY,full_cascade,14,806.0
ZINCf5000000SLsU,full_cascade,14,806.0
ZINCf5000000SM1b,full_cascade,14,806.0
ZINCf5000000SMPn,full_cascade,14,806.0
ZINCf5000000SMmi,full_cascade,14,806.0
ZINCf5000000SMpn,full_cascade,14,806.0
ZINCf5000000SNrI,full_cascade,14,806.0
ZINCf5000000SOxP,full_cascade,14,806.0
ZINCf5000000SOxQ,full_cascade,14,806.0
ZINCf5000000VZ1Y,full_cascade,14,806.0
ZINCf5000000VZ2K,full_cascade,14,806.0
ZINCf5000000VZ3N,full_cascade,14,806.0
ZINCf5000000VZ66,full_cascade,14,806.0
ZINCf5000000VZ8H,full_cascade,14,806.0
ZINCf5000000VZ8d,full_cascade,14,806.0
ZINCf5000000VZai,full_cascade,14,806.0
ZINCf5000000VZiG,full_cascade,14,806.0
ZINCf5000000VkWT,full_cascade,14,806.0
ZINCf5000000VkWb,full_cascade,14,806.0
ZINCf5000000VlAb,full_cascade,14,806.0
ZINCf5000000Vlgw,full_cascade,14,806.0
ZINCf5000000VmyF,full_cascade,14,806.0
ZINCf5000000Vn0F,full_cascade,14,806.0
ZINCf5000000Vn0I,full_cascade,14,806.0
ZINCf5000000Vn5I,full_cascade,14,806.0
ZINCf5000000VnzW,full_cascade,14,806.0
ZINCf5000000WAGq,full_cascade,14,806.0
ZINCf5000000WAH6,full_cascade,14,806.0
ZINCf5000000WAXK,full_cascade,14,806.0
ZINCf5000000WArE,full_cascade,14,806.0
ZINCf5000000WBK7,full_cascade,14,806.0
ZINCf5000000WBLG,full_cascade,14,806.0
ZINCf5000000WBRl,full_cascade,14,806.0
ZINCf5000000WBn0,full_cascade,14,806.0
ZINCf5000000WC1R,full_cascade,14,806.0
ZINCf5000000WC3b,full_cascade,14,806.0
ZINCf5000000WCh2,full_cascade,14,806.0
ZINCf5000000WzGX,full_cascade,14,806.0
ZINCf5000000YaS6,full_cascade,14,806.0
ZINCf5000000YaTJ,full_cascade,14,806.0
ZINCf5000000YaTM,full_cascade,14,806.0
ZINCf5000000YaUz,full_cascade,14,806.0
ZINCf5000000YbC0,full_cascade,14,806.0
ZINCf5000000YbCR,full_cascade,14,806.0
ZINCf5000000YbHL,full_cascade,14,806.0
ZINCf5000000YbHM,full_cascade,14,806.0
ZINCf5000000Ybg9,full_cascade,14,806.0
ZINCf5000000Ybgk,full_cascade,14,806.0
ZINCf5000000Ybhl,full_cascade,14,806.0
ZINCf5000000Ybi2,full_cascade,14,806.0
ZINCf5000000YbiA,full_cascade,14,806.0
ZINCf5000000YbiD,full_cascade,14,806.0
ZINCf5000000YbiW,full_cascade,14,806.0
ZINCf5000000Ybib,full_cascade,14,806.0
ZINCf5000000Ybic,full_cascade,14,806.0
ZINCf5000000Ybjp,full_cascade,14,806.0
ZINCf5000000Ybna,full_cascade,14,806.0
ZINCf5000000Ybnz,full_cascade,14,806.0
ZINCf5000000YbsF,full_cascade,14,806.0
ZINCf5000000Ybya,full_cascade,14,806.0
ZINCf5000000Ybyz,full_cascade,14,806.0
ZINCf5000000ZqBd,full_cascade,14,806.0
ZINCf5000000ZqI1,full_cascade,14,806.0
ZINCf5000000ZqVA,full_cascade,14,806.0
ZINCf5000000ZqX7,full_cascade,14,806.0
ZINCf5000000ZqXK,full_cascade,14,806.0
ZINCf5000000ZqhC,full_cascade,14,806.0
ZINCf5000000ZqhD,full_cascade,14,806.0
ZINCf5000000Zqm6,full_cascade,14,806.0
ZINCf5000000ZqzS,full_cascade,14,806.0
ZINCf5000000Zr5H,full_cascade,14,806.0
ZINCf5000000Zr5Y,full_cascade,14,806.0
ZINCf5000000Zr60,full_cascade,14,806.0
ZINCf5000000Zr7a,full_cascade,14,806.0
ZINCf5000000Zr8h,full_cascade,14,806.0
ZINCf5000000ZrA9,full_cascade,14,806.0
ZINCf5000000ZrWR,full_cascade,14,806.0
ZINCf5000000ZrWW,full_cascade,14,806.0
ZINCf5000000Zrj4,full_cascade,14,806.0
ZINCf5000000ZrlD,full_cascade,14,806.0
ZINCf5000000Zrm2,full_cascade,14,806.0
ZINCf5000000ZrnM,full_cascade,14,806.0
ZINCf5000000ZrnR,full_cascade,14,806.0
ZINCf5000000ZroC,full_cascade,14,806.0
ZINCf5000000ZrqI,full_cascade,14,806.0
ZINCf5000000Zru3,full_cascade,14,806.0
ZINCf5000000Zs6C,full_cascade,14,806.0
ZINCf5000000Zs6D,full_cascade,14,806.0
ZINCf5000000Zs6u,full_cascade,14,806.0
ZINCf5000000ZsOY,full_cascade,14,806.0
ZINCf5000000ZsP2,full_cascade,14,806.0
ZINCf5000000ZsWO,full_cascade,14,806.0
ZINCf5000000ZsWU,full_cascade,14,806.0
ZINCf5000000ZsYo,full_cascade,14,806.0
ZINCf5000000Zse6,full_cascade,14,806.0
ZINCf5000000Zt5Z,full_cascade,14,806.0
ZINCf5000000Zt6p,full_cascade,14,806.0
ZINCf5000000Zt76,full_cascade,14,806.0
ZINCf5000000Zt9X,full_cascade,14,806.0
ZINCf5000000ZtE0,full_cascade,14,806.0
ZINCf5000000ZtGB,full_cascade,14,806.0
ZINCf5000000ZtGz,full_cascade,14,806.0
ZINCf5000000ZtI8,full_cascade,14,806.0
ZINCf5000000ZtJJ,full_cascade,14,806.0
ZINCf5000000ZtKf,full_cascade,14,806.0
ZINCf5000000ZtaC,full_cascade,14,806.0
ZINCf5000000ZtdS,full_cascade,14,806.0
ZINCf5000000Ztef,full_cascade,14,806.0
ZINCf5000000ZthQ,full_cascade,14,806.0
ZINCf5000000ZtiF,full_cascade,14,806.0
ZINCf5000000ZtiG,full_cascade,14,806.0
ZINCf5000000Ztic,full_cascade,14,806.0
ZINCf5000000Ztou,full_cascade,14,806.0
ZINCf5000000Zu2d,full_cascade,14,806.0
ZINCf5000000Zu2h,full_cascade,14,806.0
ZINCf5000000Zu2n,full_cascade,14,806.0
ZINCf5000000Zu7s,full_cascade,14,806.0
ZINCf5000000ZuAi,full_cascade,14,806.0
ZINCf5000000ZuJO,full_cascade,14,806.0
ZINCf5000000ZuNQ,full_cascade,14,806.0
ZINCf5000000ZuPR,full_cascade,14,806.0
ZINCf5000000ZuzE,full_cascade,14,806.0
ZINCf5000000ZvXD,full_cascade,14,806.0
ZINCf5000000ZvXH,full_cascade,14,806.0
ZINCf5000000Zw1G,full_cascade,14,806.0
ZINCf5000000Zw5n,full_cascade,14,806.0
ZINCf5000000ZwEr,full_cascade,14,806.0
ZINCf5000000ZwQr,full_cascade,14,806.0
ZINCf5000000ZwXi,full_cascade,14,806.0
ZINCf5000000ZwZ3,full_cascade,14,806.0
ZINCf5000000Zwmh,full_cascade,14,806.0
ZINCf5000000ZxEo,full_cascade,14,806.0
ZINCf5000000Zxnj,full_cascade,14,806.0
ZINCf5000000ZyG5,full_cascade,14,806.0
ZINCf5000000ZyUF,full_cascade,14,806.0
ZINCf5000000ZyuR,full_cascade,14,806.0
ZINCf5000000Zz1e,full_cascade,14,806.0
ZINCf5000000Zz22,full_cascade,14,806.0
ZINCf5000000a0R6,full_cascade,14,806.0
ZINCf5000000a0RG,full_cascade,14,806.0
ZINCf5000000a0va,full_cascade,14,806.0
ZINCf5000000a17k,full_cascade,14,806.0
ZINCf5000000a1pf,full_cascade,14,806.0
ZINCf5000000a2Fk,full_cascade,14,806.0
ZINCf5000000a3K4,full_cascade,14,806.0
ZINCf5000000a3uZ,full_cascade,14,806.0
ZINCf5000000a4Co,full_cascade,14,806.0
ZINCf5000000a4J8,full_cascade,14,806.0
ZINCf5000000a4Q2,full_cascade,14,806.0
ZINCf5000000a4a4,full_cascade,14,806.0
ZINCf5000000a4fR,full_cascade,14,806.0
ZINCf5000000a5Ck,full_cascade,14,806.0
ZINCf5000000a5JY,full_cascade,14,806.0
ZINCf5000000a5Jc,full_cascade,14,806.0
ZINCf5000000a5WO,full_cascade,14,806.0
ZINCf5000000a5tr,full_cascade,14,806.0
ZINCf5000000a5vS,full_cascade,14,806.0
ZINCf5000000a5xo,full_cascade,14,806.0
ZINCf5000000a5ym,full_cascade,14,806.0
ZINCf5000000a7JD,full_cascade,14,806.0
ZINCf5000000a7US,full_cascade,14,806.0
ZINCf5000000a7WC,full_cascade,14,806.0
ZINCf5000000a7n5,full_cascade,14,806.0
ZINCf5000000a8JE,full_cascade,14,806.0
ZINCf5000000a8JF,full_cascade,14,806.0
ZINCf5000000a94X,full_cascade,14,806.0
ZINCf5000000a9AP,full_cascade,14,806.0
ZINCf5000000a9ME,full_cascade,14,806.0
ZINCf5000000a9cI,full_cascade,14,806.0
ZINCf5000000a9fe,full_cascade,14,806.0
ZINCf5000000a9iF,full_cascade,14,806.0
ZINCf5000000a9iG,full_cascade,14,806.0
ZINCf5000000a9rH,full_cascade,14,806.0
ZINCf5000000aa29,full_cascade,14,806.0
ZINCf5000000aa8e,full_cascade,14,806.0
ZINCf5000000aaD5,full_cascade,14,806.0
ZINCf5000000aabR,full_cascade,14,806.0
ZINCf5000000aahM,full_cascade,14,806.0
ZINCf5000000aakm,full_cascade,14,806.0
ZINCf5000000aatP,full_cascade,14,806.0
ZINCf5000000abAi,full_cascade,14,806.0
ZINCf5000000abH0,full_cascade,14,806.0
ZINCf5000000abKk,full_cascade,14,806.0
ZINCf5000000abWF,full_cascade,14,806.0
ZINCf5000000abZ9,full_cascade,14,806.0
ZINCf5000000abtm,full_cascade,14,806.0
ZINCf5000000abwH,full_cascade,14,806.0
ZINCf5000000acC2,full_cascade,14,806.0
ZINCf5000000acC3,full_cascade,14,806.0
ZINCf5000000acCv,full_cascade,14,806.0
ZINCf5000000acD4,full_cascade,14,806.0
ZINCf5000000acEB,full_cascade,14,806.0
ZINCf5000000acIL,full_cascade,14,806.0
ZINCf5000000acJW,full_cascade,14,806.0
ZINCf5000000acJX,full_cascade,14,806.0
ZINCf5000000acJo,full_cascade,14,806.0
ZINCf5000000acNm,full_cascade,14,806.0
ZINCf5000000acNr,full_cascade,14,806.0
ZINCf5000000acRP,full_cascade,14,806.0
ZINCf5000000acSC,full_cascade,14,806.0
ZINCf5000000acSz,full_cascade,14,806.0
ZINCf5000000acTN,full_cascade,14,806.0
ZINCf5000000acTP,full_cascade,14,806.0
ZINCf5000000acUm,full_cascade,14,806.0
ZINCf5000000acUo,full_cascade,14,806.0
ZINCf5000000acYe,full_cascade,14,806.0
ZINCf5000000acmg,full_cascade,14,806.0
ZINCf5000000acqq,full_cascade,14,806.0
ZINCf5000000acrg,full_cascade,14,806.0
ZINCf5000000ad3H,full_cascade,14,806.0
ZINCf5000000ad3c,full_cascade,14,806.0
ZINCf5000000adA3,full_cascade,14,806.0
ZINCf5000000adG3,full_cascade,14,806.0
ZINCf5000000adGN,full_cascade,14,806.0
ZINCf5000000adGO,full_cascade,14,806.0
ZINCf5000000advk,full_cascade,14,806.0
ZINCf5000000adyO,full_cascade,14,806.0
ZINCf5000000ae2p,full_cascade,14,806.0
ZINCf5000000aeNZ,full_cascade,14,806.0
ZINCf5000000af3d,full_cascade,14,806.0
ZINCf5000000af5N,full_cascade,14,806.0
ZINCf5000000af5X,full_cascade,14,806.0
ZINCf5000000afYF,full_cascade,14,806.0
ZINCf5000000agon,full_cascade,14,806.0
ZINCf5000000aguA,full_cascade,14,806.0
ZINCf5000000aguu,full_cascade,14,806.0
ZINCf5000000ahoM,full_cascade,14,806.0
ZINCf5000000ahsC,full_cascade,14,806.0
ZINCf5000000ai5I,full_cascade,14,806.0
ZINCf5000000aiTW,full_cascade,14,806.0
ZINCf5000000aiZh,full_cascade,14,806.0
ZINCf5000000aj4d,full_cascade,14,806.0
ZINCf5000000ajAO,full_cascade,14,806.0
ZINCf5000000ajkb,full_cascade,14,806.0
ZINCf5000000ajo6,full_cascade,14,806.0
ZINCf5000000ajo9,full_cascade,14,806.0
ZINCf5000000ajs3,full_cascade,14,806.0
ZINCf5000000ajwE,full_cascade,14,806.0
ZINCf5000000akN8,full_cascade,14,806.0
ZINCf5000000akV7,full_cascade,14,806.0
ZINCf5000000alCq,full_cascade,14,806.0
ZINCf5000000aloI,full_cascade,14,806.0
ZINCf5000000alxA,full_cascade,14,806.0
ZINCf5000000alxZ,full_cascade,14,806.0
ZINCf5000000amzy,full_cascade,14,806.0
ZINCf5000000aoNC,full_cascade,14,806.0
ZINCf5000000aoik,full_cascade,14,806.0
ZINCf5000000ap96,full_cascade,14,806.0
ZINCf5000000ap9G,full_cascade,14,806.0
ZINCf5000000apFQ,full_cascade,14,806.0
ZINCf5000000apOt,full_cascade,14,806.0
ZINCf5000000apQ8,full_cascade,14,806.0
ZINCf5000000apQa,full_cascade,14,806.0
ZINCf5000000apS0,full_cascade,14,806.0
ZINCf5000000apS2,full_cascade,14,806.0
ZINCf5000000apS9,full_cascade,14,806.0
ZINCf5000000apSt,full_cascade,14,806.0
ZINCf5000000apTa,full_cascade,14,806.0
ZINCf5000000apXZ,full_cascade,14,806.0
ZINCf5000000apYi,full_cascade,14,806.0
ZINCf5000000aqAz,full_cascade,14,806.0
ZINCf5000000aqYC,full_cascade,14,806.0
ZINCf5000000aqt0,full_cascade,14,806.0
ZINCf5000000ar11,full_cascade,14,806.0
ZINCf5000000ar7F,full_cascade,14,806.0
ZINCf5000000arL0,full_cascade,14,806.0
ZINCf5000000arit,full_cascade,14,806.0
ZINCf5000000arvc,full_cascade,14,806.0
ZINCf5000000atl4,full_cascade,14,806.0
ZINCf5000000atn8,full_cascade,14,806.0
ZINCf5000000atwE,full_cascade,14,806.0
ZINCf5000000au4k,full_cascade,14,806.0
ZINCf5000000auKo,full_cascade,14,806.0
ZINCf5000000auLy,full_cascade,14,806.0
ZINCf5000000auR5,full_cascade,14,806.0
ZINCf5000000avmJ,full_cascade,14,806.0
ZINCf5000000avzU,full_cascade,14,806.0
ZINCf5000000ax0J,full_cascade,14,806.0
ZINCf5000000ax0v,full_cascade,14,806.0
ZINCf5000000ax3F,full_cascade,14,806.0
ZINCf5000000ax3U,full_cascade,14,806.0
ZINCf5000000ax9n,full_cascade,14,806.0
ZINCf5000000axG4,full_cascade,14,806.0
ZINCf5000000axIK,full_cascade,14,806.0
ZINCf5000000axRX,full_cascade,14,806.0
ZINCf5000000axc4,full_cascade,14,806.0
ZINCf5000000axcT,full_cascade,14,806.0
ZINCf5000000axci,full_cascade,14,806.0
ZINCf5000000axjz,full_cascade,14,806.0
ZINCf5000000axpl,full_cascade,14,806.0
ZINCf5000000axtN,full_cascade,14,806.0
ZINCf5000000ayEP,full_cascade,14,806.0
ZINCf5000000aygm,full_cascade,14,806.0
ZINCf5000000ayx5,full_cascade,14,806.0
ZINCf5000000az2H,full_cascade,14,806.0
ZINCf5000000az5i,full_cascade,14,806.0
ZINCf5000000azN9,full_cascade,14,806.0
ZINCf5000000azOp,full_cascade,14,806.0
ZINCf5000000azOr,full_cascade,14,806.0
ZINCf5000000azPG,full_cascade,14,806.0
ZINCf50000017AHc,full_cascade,14,806.0
ZINCf50000017AV1,full_cascade,14,806.0
ZINCf50000017AmI,full_cascade,14,806.0
ZINCf50000017AmL,full_cascade,14,806.0
ZINCf50000017BCl,full_cascade,14,806.0
ZINCf50000017BEC,full_cascade,14,806.0
ZINCf50000017BXI,full_cascade,14,806.0
ZINCf50000017BZ2,full_cascade,14,806.0
ZINCf50000017BnG,full_cascade,14,806.0
ZINCf50000017BnH,full_cascade,14,806.0
ZINCf50000017BnT,full_cascade,14,806.0
ZINCf50000017Bo0,full_cascade,14,806.0
ZINCf50000017BqP,full_cascade,14,806.0
ZINCf50000017CN3,full_cascade,14,806.0
ZINCf50000017DIm,full_cascade,14,806.0
ZINCf50000017Dfp,full_cascade,14,806.0
ZINCf50000017DqO,full_cascade,14,806.0
ZINCf50000017EKv,full_cascade,14,806.0
ZINCf50000017F29,full_cascade,14,806.0
ZINCf50000017Fmk,full_cascade,14,806.0
ZINCf50000017G7B,full_cascade,14,806.0
ZINCf50000017HJE,full_cascade,14,806.0
ZINCf50000017HJx,full_cascade,14,806.0
ZINCf50000017HS4,full_cascade,14,806.0
ZINCf50000017HXG,full_cascade,14,806.0
ZINCf50000017HZ5,full_cascade,14,806.0
ZINCf50000017Hd9,full_cascade,14,806.0
ZINCf50000017Hff,full_cascade,14,806.0
ZINCf50000017Hgt,full_cascade,14,806.0
ZINCf50000017HhX,full_cascade,14,806.0
ZINCf50000017I6A,full_cascade,14,806.0
ZINCf50000017I7M,full_cascade,14,806.0
ZINCf50000017ITM,full_cascade,14,806.0
ZINCf50000017IU9,full_cascade,14,806.0
ZINCf50000017Iar,full_cascade,14,806.0
ZINCf50000017Ipo,full_cascade,14,806.0
ZINCf50000017Irl,full_cascade,14,806.0
ZINCf50000017JHS,full_cascade,14,806.0
ZINCf50000017JSA,full_cascade,14,806.0
ZINCf50000017JcP,full_cascade,14,806.0
ZINCf50000017KOB,full_cascade,14,806.0
ZINCf50000017KQY,full_cascade,14,806.0
ZINCf50000017KTo,full_cascade,14,806.0
ZINCf50000017KWb,full_cascade,14,806.0
ZINCf50000017KeD,full_cascade,14,806.0
ZINCf50000017KeG,full_cascade,14,806.0
ZINCf50000017Kgc,full_cascade,14,806.0
ZINCf50000017KoO,full_cascade,14,806.0
ZINCf50000017Kqj,full_cascade,14,806.0
ZINCf50000017Kso,full_cascade,14,806.0
ZINCf50000017L7T,full_cascade,14,806.0
ZINCf50000017LIJ,full_cascade,14,806.0
ZINCf50000017LKa,full_cascade,14,806.0
ZINCf50000017LMP,full_cascade,14,806.0
ZINCf50000017LMW,full_cascade,14,806.0
ZINCf50000017LMX,full_cascade,14,806.0
ZINCf50000017NGr,full_cascade,14,806.0
ZINCf50000017NRs,full_cascade,14,806.0
ZINCf50000017NnO,full_cascade,14,806.0
ZINCf50000017NsX,full_cascade,14,806.0
ZINCf50000017O3K,full_cascade,14,806.0
ZINCf50000017ODU,full_cascade,14,806.0
ZINCf50000017OJ3,full_cascade,14,806.0
ZINCf50000017Op8,full_cascade,14,806.0
ZINCf50000017P06,full_cascade,14,806.0
ZINCf50000017P4L,full_cascade,14,806.0
ZINCf50000017P7X,full_cascade,14,806.0
ZINCf50000017P8f,full_cascade,14,806.0
ZINCf50000017Pbh,full_cascade,14,806.0
ZINCf50000017Pd0,full_cascade,14,806.0
ZINCf50000017Pfx,full_cascade,14,806.0
ZINCf50000017PhK,full_cascade,14,806.0
ZINCf50000017PhM,full_cascade,14,806.0
ZINCf50000017QuS,full_cascade,14,806.0
ZINCf50000017RSx,full_cascade,14,806.0
ZINCf50000017TJ9,full_cascade,14,806.0
ZINCf50000017TgO,full_cascade,14,806.0
ZINCf50000017UAc,full_cascade,14,806.0
ZINCf50000017ULD,full_cascade,14,806.0
ZINCf50000017Uuo,full_cascade,14,806.0
ZINCf50000017VOT,full_cascade,14,806.0
ZINCf50000017W88,full_cascade,14,806.0
ZINCf50000017WRP,full_cascade,14,806.0
ZINCf50000017WuK,full_cascade,14,806.0
ZINCf50000017Wyt,full_cascade,14,806.0
ZINCf50000017X3k,full_cascade,14,806.0
ZINCf50000017XIs,full_cascade,14,806.0
ZINCf50000017Xeg,full_cascade,14,806.0
ZINCf50000017YOP,full_cascade,14,806.0
ZINCf50000017ZrY,full_cascade,14,806.0
ZINCf50000017l1k,full_cascade,14,806.0
ZINCf50000017l5v,full_cascade,14,806.0
ZINCf50000017mFN,full_cascade,14,806.0
ZINCf50000017mVi,full_cascade,14,806.0
ZINCf50000017nBt,full_cascade,14,806.0
ZINCf50000017nbs,full_cascade,14,806.0
ZINCf50000017nhg,full_cascade,14,806.0
ZINCf50000017oaP,full_cascade,14,806.0
ZINCf50000017oqw,full_cascade,14,806.0
ZINCf50000017p1P,full_cascade,14,806.0
ZINCf50000017phT,full_cascade,14,806.0
ZINCf50000017qcH,full_cascade,14,806.0
ZINCf50000017qpR,full_cascade,14,806.0
ZINCf50000017sU6,full_cascade,14,806.0
ZINCf50000017sbt,full_cascade,14,806.0
ZINCf50000017spv,full_cascade,14,806.0
ZINCf50000017uPT,full_cascade,14,806.0
ZINCf50000017ulv,full_cascade,14,806.0
ZINCf50000017vAk,full_cascade,14,806.0
ZINCf50000017vGK,full_cascade,14,806.0
ZINCf50000017vXX,full_cascade,14,806.0
ZINCf50000017w8G,full_cascade,14,806.0
ZINCf50000017wBQ,full_cascade,14,806.0
ZINCf50000017wUn,full_cascade,14,806.0
ZINCf50000017wUx,full_cascade,14,806.0
ZINCf50000017y0Q,full_cascade,14,806.0
ZINCf50000017y6z,full_cascade,14,806.0
ZINCf50000017yCg,full_cascade,14,806.0
ZINCf50000017yE3,full_cascade,14,806.0
ZINCf50000017yYU,full_cascade,14,806.0
ZINCf50000017yYv,full_cascade,14,806.0
ZINCf50000017ysu,full_cascade,14,806.0
ZINCf50000017z1T,full_cascade,14,806.0
ZINCf50000017za3,full_cascade,14,806.0
ZINCf50000017zdT,full_cascade,14,806.0
ZINCf50000017zia,full_cascade,14,806.0
ZINCf50000017zxn,full_cascade,14,806.0
ZINCf500000180QN,full_cascade,14,806.0
ZINCf500000180Ww,full_cascade,14,806.0
ZINCf500000180k4,full_cascade,14,806.0
ZINCf500000180wS,full_cascade,14,806.0
ZINCf500000180z1,full_cascade,14,806.0
ZINCf5000001810O,full_cascade,14,806.0
ZINCf5000001811v,full_cascade,14,806.0
ZINCf5000001815g,full_cascade,14,806.0
ZINCf500000181a2,full_cascade,14,806.0
ZINCf500000181iC,full_cascade,14,806.0
ZINCf500000181o6,full_cascade,14,806.0
ZINCf500000181oW,full_cascade,14,806.0
ZINCf500000181qc,full_cascade,14,806.0
ZINCf500000181yj,full_cascade,14,806.0
ZINCf5000001841Q,full_cascade,14,806.0
ZINCf500000184cO,full_cascade,14,806.0
ZINCf500000184mH,full_cascade,14,806.0
ZINCf500000185c0,full_cascade,14,806.0
ZINCf500000185kJ,full_cascade,14,806.0
ZINCf500000186Kt,full_cascade,14,806.0
ZINCf500000186rO,full_cascade,14,806.0
ZINCf5000001871q,full_cascade,14,806.0
ZINCf500000187IV,full_cascade,14,806.0
ZINCf500000187N5,full_cascade,14,806.0
ZINCf500000187XB,full_cascade,14,806.0
ZINCf500000187iK,full_cascade,14,806.0
ZINCf500000187kA,full_cascade,14,806.0
ZINCf5000001881o,full_cascade,14,806.0
ZINCf500000188ls,full_cascade,14,806.0
ZINCf500000188ur,full_cascade,14,806.0
ZINCf500000189Cj,full_cascade,14,806.0
ZINCf500000189Wa,full_cascade,14,806.0
ZINCf500000189qy,full_cascade,14,806.0
ZINCf50000018b5F,full_cascade,14,806.0
ZINCf50000018bAx,full_cascade,14,806.0
ZINCf50000018bBg,full_cascade,14,806.0
ZINCf50000018bSj,full_cascade,14,806.0
ZINCf50000018bXX,full_cascade,14,806.0
ZINCf50000018bku,full_cascade,14,806.0
ZINCf50000018brJ,full_cascade,14,806.0
ZINCf50000018cDt,full_cascade,14,806.0
ZINCf50000018cHY,full_cascade,14,806.0
ZINCf50000018cIT,full_cascade,14,806.0
ZINCf50000018cLy,full_cascade,14,806.0
ZINCf50000018cQq,full_cascade,14,806.0
ZINCf50000018cSt,full_cascade,14,806.0
ZINCf50000018cT8,full_cascade,14,806.0
ZINCf50000018cUj,full_cascade,14,806.0
ZINCf50000018cfT,full_cascade,14,806.0
ZINCf50000018cs2,full_cascade,14,806.0
ZINCf50000018csw,full_cascade,14,806.0
ZINCf50000018cvm,full_cascade,14,806.0
ZINCf50000018dKA,full_cascade,14,806.0
ZINCf5000001AKBy,full_cascade,14,806.0
ZINCf5000001AXnq,full_cascade,14,806.0
ZINCf5000001Aklv,full_cascade,14,806.0
ZINCf5000001B12d,full_cascade,14,806.0
ZINCf5000001B6mr,full_cascade,14,806.0
ZINCf5000001BZEV,full_cascade,14,806.0
ZINCf5000001BhxF,full_cascade,14,806.0
ZINCf5000001CDNr,full_cascade,14,806.0
ZINCf5000001CEAB,full_cascade,14,806.0
ZINCf5000001CVfY,full_cascade,14,806.0
ZINCf5000001CsKq,full_cascade,14,806.0
ZINCf5000001DQrG,full_cascade,14,806.0
ZINCf5000001DljD,full_cascade,14,806.0
ZINCf5000001E9fQ,full_cascade,14,806.0
ZINCf5000001ErXr,full_cascade,14,806.0
ZINCf5000001FcQz,full_cascade,14,806.0
ZINCf5000001FdUZ,full_cascade,14,806.0
ZINCf5000001GWlM,full_cascade,14,806.0
ZINCf5000001Gmg6,full_cascade,14,806.0
ZINCf5000001HGIS,full_cascade,14,806.0
ZINCf5000001HZgo,full_cascade,14,806.0
ZINCf5000001I74I,full_cascade,14,806.0
ZINCf5000001Inkb,full_cascade,14,806.0
ZINCf5000001JHD5,full_cascade,14,806.0
ZINCf5000001JSby,full_cascade,14,806.0
ZINCf5000001KDga,full_cascade,14,806.0
ZINCf5000001KLmR,full_cascade,14,806.0
ZINCf5000001L1n0,full_cascade,14,806.0
ZINCf5000001LBBe,full_cascade,14,806.0
ZINCf5000001MGxA,full_cascade,14,806.0
ZINCf5000001MKOo,full_cascade,14,806.0
ZINCf5000001N6HT,full_cascade,14,806.0
ZINCf5000001N6Rz,full_cascade,14,806.0
ZINCf5000001NayB,full_cascade,14,806.0
ZINCf5000001Ne0k,full_cascade,14,806.0
ZINCf5000001O3vl,full_cascade,14,806.0
ZINCf5000001OeYf,full_cascade,14,806.0
ZINCf5000001OxXj,full_cascade,14,806.0
ZINCf5000001PMRx,full_cascade,14,806.0
ZINCf5000001PUBi,full_cascade,14,806.0
ZINCf5000001QBG9,full_cascade,14,806.0
ZINCf5000001QlLD,full_cascade,14,806.0
ZINCf5000001QntH,full_cascade,14,806.0
ZINCf5000001R1VV,full_cascade,14,806.0
ZINCf5000001R6eV,full_cascade,14,806.0
ZINCf5000001R9gQ,full_cascade,14,806.0
ZINCf5000001RKHX,full_cascade,14,806.0
ZINCf5000001RR6x,full_cascade,14,806.0
ZINCf5000001S1xX,full_cascade,14,806.0
ZINCf5000001SOIu,full_cascade,14,806.0
ZINCf5000001Ss7a,full_cascade,14,806.0
ZINCf5000001T3Fb,full_cascade,14,806.0
ZINCf5000001TLqs,full_cascade,14,806.0
ZINCf5000001TMv3,full_cascade,14,806.0
ZINCf5000001UDXr,full_cascade,14,806.0
ZINCf5000001UL0E,full_cascade,14,806.0
ZINCf5000001UNEX,full_cascade,14,806.0
ZINCf5000001UPLJ,full_cascade,14,806.0
ZINCf5000001UoUg,full_cascade,14,806.0
ZINCf5000001VQQf,full_cascade,14,806.0
ZINCf5000001VrlX,full_cascade,14,806.0
ZINCf5000001Vzqp,full_cascade,14,806.0
ZINCf5000001WJXL,full_cascade,14,806.0
ZINCf5000001Wday,full_cascade,14,806.0
ZINCf5000001WiDj,full_cascade,14,806.0
ZINCf5000001Wobo,full_cascade,14,806.0
ZINCf5000001XUpk,full_cascade,14,806.0
ZINCf5000001YK19,full_cascade,14,806.0
ZINCf5000001YMN9,full_cascade,14,806.0
ZINCf5000001YVXJ,full_cascade,14,806.0
ZINCf5000001YykT,full_cascade,14,806.0
ZINCf5000001Z8qb,full_cascade,14,806.0
ZINCf5000001oTeG,full_cascade,14,806.0
ZINCf5000001oTxT,full_cascade,14,806.0
ZINCf5000001og2M,full_cascade,14,806.0
ZINCf5000001oiYi,full_cascade,14,806.0
ZINCf5000001olig,full_cascade,14,806.0
ZINCf5000001omOP,full_cascade,14,806.0
ZINCf5000001onov,full_cascade,14,806.0
ZINCf5000001orCY,full_cascade,14,806.0
ZINCf5000001os6S,full_cascade,14,806.0
ZINCf5000001osMH,full_cascade,14,806.0
ZINCf5000001pnpK,full_cascade,14,806.0
ZINCf5000001pvAi,full_cascade,14,806.0
ZINCf5000001q0Kg,full_cascade,14,806.0
ZINCf5000001q0ol,full_cascade,14,806.0
ZINCf5000001q6o8,full_cascade,14,806.0
ZINCf5000001qM4w,full_cascade,14,806.0
ZINCf5000001qMCm,full_cascade,14,806.0
ZINCf5000001qPnh,full_cascade,14,806.0
ZINCf5000001qm5O,full_cascade,14,806.0
ZINCf5000001rCyU,full_cascade,14,806.0
ZINCf5000001rEZM,full_cascade,14,806.0
ZINCf5000001rTZS,full_cascade,14,806.0
ZINCf5000001rW3P,full_cascade,14,806.0
ZINCf5000001rvMT,full_cascade,14,806.0
ZINCf5000001sFyK,full_cascade,14,806.0
ZINCf5000001shJH,full_cascade,14,806.0
ZINCf5000001tN8K,full_cascade,14,806.0
ZINCf5000001u5QP,full_cascade,14,806.0
ZINCf5000001upBV,full_cascade,14,806.0
ZINCf5000001vdUv,full_cascade,14,806.0
ZINCf5000001vfHM,full_cascade,14,806.0
ZINCf5000001vlyY,full_cascade,14,806.0
ZINCf5000001vtEI,full_cascade,14,806.0
ZINCf5000001wG0U,full_cascade,14,806.0
ZINCf5000001wPBR,full_cascade,14,806.0
ZINCf5000001wrKt,full_cascade,14,806.0
ZINCf5000001x8Bp,full_cascade,14,806.0
ZINCf5000001yqMY,full_cascade,14,806.0
ZINCf5000001zKUr,full_cascade,14,806.0
ZINCf5000001zKaK,full_cascade,14,806.0
ZINCf500000204MX,full_cascade,14,806.0
ZINCf500000222oK,full_cascade,14,806.0
ZINCf500000225s6,full_cascade,14,806.0
ZINCf50000022bFk,full_cascade,14,806.0
ZINCf500000239R3,full_cascade,14,806.0
ZINCf50000023t3V,full_cascade,14,806.0
ZINCf50000023xoF,full_cascade,14,806.0
ZINCf500000243gF,full_cascade,14,806.0
ZINCf50000024C21,full_cascade,14,806.0
ZINCf50000024FMA,full_cascade,14,806.0
ZINCf50000024Fgs,full_cascade,14,806.0
ZINCf50000024GA8,full_cascade,14,806.0
ZINCf50000024ITY,full_cascade,14,806.0
ZINCf50000024Iwn,full_cascade,14,806.0
ZINCf50000024KJR,full_cascade,14,806.0
ZINCf50000024NXI,full_cascade,14,806.0
ZINCf50000024Rar,full_cascade,14,806.0
ZINCf50000024SdN,full_cascade,14,806.0
ZINCf50000024W6j,full_cascade,14,806.0
ZINCf50000024dVA,full_cascade,14,806.0
ZINCf50000024kCv,full_cascade,14,806.0
ZINCf50000024luX,full_cascade,14,806.0
ZINCf50000024pu6,full_cascade,14,806.0
ZINCf50000024rPW,full_cascade,14,806.0
ZINCf50000024szX,full_cascade,14,806.0
ZINCf500000252Wu,full_cascade,14,806.0
ZINCf500000255IB,full_cascade,14,806.0
ZINCf500000256q2,full_cascade,14,806.0
ZINCf50000025AQY,full_cascade,14,806.0
ZINCf50000025DEQ,full_cascade,14,806.0
ZINCf50000025GN0,full_cascade,14,806.0
ZINCf50000025KaS,full_cascade,14,806.0
ZINCf50000025M1R,full_cascade,14,806.0
ZINCf50000025VUm,full_cascade,14,806.0
ZINCf50000025WKU,full_cascade,14,806.0
ZINCf50000025oiK,full_cascade,14,806.0
ZINCf50000025uSm,full_cascade,14,806.0
ZINCf500000263Mr,full_cascade,14,806.0
ZINCf500000264ro,full_cascade,14,806.0
ZINCf500000267FD,full_cascade,14,806.0
ZINCf50000026Kk6,full_cascade,14,806.0
ZINCf50000026T15,full_cascade,14,806.0
ZINCf50000026TVY,full_cascade,14,806.0
ZINCf50000026YZ4,full_cascade,14,806.0
ZINCf50000026aGv,full_cascade,14,806.0
ZINCf50000026oVS,full_cascade,14,806.0
ZINCf50000026zMv,full_cascade,14,806.0
ZINCf500000275gY,full_cascade,14,806.0
ZINCf50000027HWE,full_cascade,14,806.0
ZINCf50000027PC8,full_cascade,14,806.0
ZINCf50000027UL9,full_cascade,14,806.0
ZINCf50000027UOp,full_cascade,14,806.0
ZINCf50000027UiN,full_cascade,14,806.0
ZINCf50000027fY0,full_cascade,14,806.0
ZINCf50000027pLc,full_cascade,14,806.0
ZINCf50000027pPY,full_cascade,14,806.0
ZINCf50000027ps8,full_cascade,14,806.0
ZINCf50000027t7N,full_cascade,14,806.0
ZINCf50000027vOR,full_cascade,14,806.0
ZINCf50000027vdG,full_cascade,14,806.0
ZINCf5000002823b,full_cascade,14,806.0
ZINCf50000028GQR,full_cascade,14,806.0
ZINCf50000028HLN,full_cascade,14,806.0
ZINCf50000028ISp,full_cascade,14,806.0
ZINCf50000028LEi,full_cascade,14,806.0
ZINCf50000028Nf7,full_cascade,14,806.0
ZINCf50000028SRH,full_cascade,14,806.0
ZINCf50000028VB4,full_cascade,14,806.0
ZINCf50000028kMc,full_cascade,14,806.0
ZINCf50000028nNI,full_cascade,14,806.0
ZINCf50000028ups,full_cascade,14,806.0
ZINCf500000298VP,full_cascade,14,806.0
ZINCf50000029ADx,full_cascade,14,806.0
ZINCf50000029EEA,full_cascade,14,806.0
ZINCf50000029JdJ,full_cascade,14,806.0
ZINCf50000029Tt9,full_cascade,14,806.0
ZINCf50000029VGD,full_cascade,14,806.0
ZINCf50000029YkI,full_cascade,14,806.0
ZINCf50000029adq,full_cascade,14,806.0
ZINCf50000029civ,full_cascade,14,806.0
ZINCf50000029gb5,full_cascade,14,806.0
ZINCf5000002a4Dt,full_cascade,14,806.0
ZINCf5000002a8Vn,full_cascade,14,806.0
ZINCf5000002aFsq,full_cascade,14,806.0
ZINCf5000002aGP3,full_cascade,14,806.0
ZINCf5000002aJ1f,full_cascade,14,806.0
ZINCf5000002aKS4,full_cascade,14,806.0
ZINCf5000002aKaQ,full_cascade,14,806.0
ZINCf5000002aLWo,full_cascade,14,806.0
ZINCf5000002aNBR,full_cascade,14,806.0
ZINCf5000002aO39,full_cascade,14,806.0
ZINCf5000002aOJl,full_cascade,14,806.0
ZINCf5000002aOPa,full_cascade,14,806.0
ZINCf5000002aPmx,full_cascade,14,806.0
ZINCf5000002aQ0L,full_cascade,14,806.0
ZINCf5000002aQ6f,full_cascade,14,806.0
ZINCf5000002aQII,full_cascade,14,806.0
ZINCf5000002aQKe,full_cascade,14,806.0
ZINCf5000002aRP2,full_cascade,14,806.0
ZINCf5000002aRZH,full_cascade,14,806.0
ZINCf5000002aSDG,full_cascade,14,806.0
ZINCf5000002aSEZ,full_cascade,14,806.0
ZINCf5000002aSJ3,full_cascade,14,806.0
ZINCf5000002aSPS,full_cascade,14,806.0
ZINCf5000002aScU,full_cascade,14,806.0
ZINCf5000002aSfL,full_cascade,14,806.0
ZINCf5000002aT9J,full_cascade,14,806.0
ZINCf5000002aU6d,full_cascade,14,806.0
ZINCf5000002aURX,full_cascade,14,806.0
ZINCf5000002aUZH,full_cascade,14,806.0
ZINCf5000002aV5T,full_cascade,14,806.0
ZINCf5000002aVFW,full_cascade,14,806.0
ZINCf5000002acMt,full_cascade,14,806.0
ZINCf5000002am9v,full_cascade,14,806.0
ZINCf5000002armR,full_cascade,14,806.0
ZINCf5000002asNl,full_cascade,14,806.0
ZINCf5000002dA83,full_cascade,14,806.0
ZINCf5000002dA84,full_cascade,14,806.0
ZINCf5000002dABR,full_cascade,14,806.0
ZINCf5000002dABS,full_cascade,14,806.0
ZINCf5000002dByQ,full_cascade,14,806.0
ZINCf5000002dD5F,full_cascade,14,806.0
ZINCf5000002dD5k,full_cascade,14,806.0
ZINCf5000002dEDM,full_cascade,14,806.0
ZINCf5000002dEbM,full_cascade,14,806.0
ZINCf5000002dEiH,full_cascade,14,806.0
ZINCf5000002dEiI,full_cascade,14,806.0
ZINCf5000002dEiR,full_cascade,14,806.0
ZINCf5000002dG2e,full_cascade,14,806.0
ZINCf5000002dG7y,full_cascade,14,806.0
ZINCf5000002dHJw,full_cascade,14,806.0
ZINCf5000002dKPr,full_cascade,14,806.0
ZINCf5000002dKxn,full_cascade,14,806.0
ZINCf5000002dMmI,full_cascade,14,806.0
ZINCf5000002dNZz,full_cascade,14,806.0
ZINCf5000002dPmY,full_cascade,14,806.0
ZINCf5000002dQJ8,full_cascade,14,806.0
ZINCf5000002dR2n,full_cascade,14,806.0
ZINCf5000002dR3L,full_cascade,14,806.0
ZINCf5000002dR3M,full_cascade,14,806.0
ZINCf5000002dR3S,full_cascade,14,806.0
ZINCf5000002dRs4,full_cascade,14,806.0
ZINCf5000002dSIB,full_cascade,14,806.0
ZINCf5000002dSJI,full_cascade,14,806.0
ZINCf5000002dSn3,full_cascade,14,806.0
ZINCf5000002dT8U,full_cascade,14,806.0
ZINCf5000002dUDr,full_cascade,14,806.0
ZINCf5000002dUUq,full_cascade,14,806.0
ZINCf5000002dW9F,full_cascade,14,806.0
ZINCf5000002dW9G,full_cascade,14,806.0
ZINCf5000002dWV0,full_cascade,14,806.0
ZINCf5000002dWYJ,full_cascade,14,806.0
ZINCf5000002dXNu,full_cascade,14,806.0
ZINCf5000002dXS3,full_cascade,14,806.0
ZINCf5000002dYfk,full_cascade,14,806.0
ZINCf5000002dYmk,full_cascade,14,806.0
ZINCf5000002dYnS,full_cascade,14,806.0
ZINCf5000002dYpi,full_cascade,14,806.0
ZINCf5000002dZM2,full_cascade,14,806.0
ZINCf5000002dZOu,full_cascade,14,806.0
ZINCf5000002dZlW,full_cascade,14,806.0
ZINCf5000002dZpf,full_cascade,14,806.0
ZINCf5000002dj9D,full_cascade,14,806.0
ZINCf5000002dkM7,full_cascade,14,806.0
ZINCf5000002dkMc,full_cascade,14,806.0
ZINCf5000002dlfk,full_cascade,14,806.0
ZINCf5000002dli8,full_cascade,14,806.0
ZINCf5000002dm0M,full_cascade,14,806.0
ZINCf5000002dmSv,full_cascade,14,806.0
ZINCf5000002dmbV,full_cascade,14,806.0
ZINCf5000002dngp,full_cascade,14,806.0
ZINCf5000002dnrq,full_cascade,14,806.0
ZINCf5000002dtlt,full_cascade,14,806.0
ZINCf5000002duCe,full_cascade,14,806.0
ZINCf5000002dw11,full_cascade,14,806.0
ZINCf5000002dwiC,full_cascade,14,806.0
ZINCf5000002e01m,full_cascade,14,806.0
ZINCf5000002e0T9,full_cascade,14,806.0
ZINCf5000002e12L,full_cascade,14,806.0
ZINCf5000002e22i,full_cascade,14,806.0
ZINCf5000002e28W,full_cascade,14,806.0
ZINCf5000002e29Q,full_cascade,14,806.0
ZINCf5000002e2K1,full_cascade,14,806.0
ZINCf5000002e2bD,full_cascade,14,806.0
ZINCf5000002e53z,full_cascade,14,806.0
ZINCf5000002e5Fs,full_cascade,14,806.0
ZINCf5000002e5Hf,full_cascade,14,806.0
ZINCf5000002e5gK,full_cascade,14,806.0
ZINCf5000002e63U,full_cascade,14,806.0
ZINCf5000002e63V,full_cascade,14,806.0
ZINCf5000002e6Cy,full_cascade,14,806.0
ZINCf5000002e7NY,full_cascade,14,806.0
ZINCf5000002e7V7,full_cascade,14,806.0
ZINCf5000002e89Q,full_cascade,14,806.0
ZINCf5000002e8EA,full_cascade,14,806.0
ZINCf5000002e8Xb,full_cascade,14,806.0
ZINCf5000002e8Xt,full_cascade,14,806.0
ZINCf5000002e91S,full_cascade,14,806.0
ZINCf5000002eaMn,full_cascade,14,806.0
ZINCf5000002eaSY,full_cascade,14,806.0
ZINCf5000002eaUN,full_cascade,14,806.0
ZINCf5000002eaVo,full_cascade,14,806.0
ZINCf5000002ec9D,full_cascade,14,806.0
ZINCf5000002ecGy,full_cascade,14,806.0
ZINCf5000002ecIc,full_cascade,14,806.0
ZINCf5000002ecIl,full_cascade,14,806.0
ZINCf5000002ecKi,full_cascade,14,806.0
ZINCf5000002eciZ,full_cascade,14,806.0
ZINCf5000002ecl5,full_cascade,14,806.0
ZINCf5000002ecur,full_cascade,14,806.0
ZINCf5000002eeeG,full_cascade,14,806.0
ZINCf5000002eg1Y,full_cascade,14,806.0
ZINCf5000002ejK1,full_cascade,14,806.0
ZINCf5000002ejY5,full_cascade,14,806.0
ZINCf5000002ejZp,full_cascade,14,806.0
ZINCf5000002ejkF,full_cascade,14,806.0
ZINCf5000002ekNx,full_cascade,14,806.0
ZINCf5000002eliX,full_cascade,14,806.0
ZINCf5000002enFW,full_cascade,14,806.0
ZINCf5000002eoN5,full_cascade,14,806.0
ZINCf5000002eoqP,full_cascade,14,806.0
ZINCf5000002mA0U,full_cascade,14,806.0
ZINCf5000002mB1l,full_cascade,14,806.0
ZINCf5000002mBnK,full_cascade,14,806.0
ZINCf5000002mC06,full_cascade,14,806.0
ZINCf5000002mCGp,full_cascade,14,806.0
ZINCf5000002mCJW,full_cascade,14,806.0
ZINCf5000002mCLt,full_cascade,14,806.0
ZINCf5000002mCPi,full_cascade,14,806.0
ZINCf5000002mCfu,full_cascade,14,806.0
ZINCf5000002mCir,full_cascade,14,806.0
ZINCf5000002mDj1,full_cascade,14,806.0
ZINCf5000002mENP,full_cascade,14,806.0
ZINCf5000002mEYI,full_cascade,14,806.0
ZINCf5000002mFAy,full_cascade,14,806.0
ZINCf5000002mHDq,full_cascade,14,806.0
ZINCf5000002mHzE,full_cascade,14,806.0
ZINCf5000002msdK,full_cascade,14,806.0
ZINCf5000002mtBV,full_cascade,14,806.0
ZINCf5000002mtbc,full_cascade,14,806.0
ZINCf5000002muQN,full_cascade,14,806.0
ZINCf5000002mw02,full_cascade,14,806.0
ZINCf5000002mwdP,full_cascade,14,806.0
ZINCf5000002mx2n,full_cascade,14,806.0
ZINCf5000002mxvO,full_cascade,14,806.0
ZINCf5000002myLk,full_cascade,14,806.0
ZINCf5000002myLr,full_cascade,14,806.0
ZINCf5000002myVd,full_cascade,14,806.0
ZINCf5000002mypY,full_cascade,14,806.0
ZINCf5000002oCFb,full_cascade,14,806.0
ZINCf5000002oCHN,full_cascade,14,806.0
ZINCf5000002oCKl,full_cascade,14,806.0
ZINCf5000002oDC0,full_cascade,14,806.0
ZINCf5000002oDG4,full_cascade,14,806.0
ZINCf5000002oDM5,full_cascade,14,806.0
ZINCf5000002oEsQ,full_cascade,14,806.0
ZINCf5000002oEvf,full_cascade,14,806.0
ZINCf5000002oFf9,full_cascade,14,806.0
ZINCf5000002oGW4,full_cascade,14,806.0
ZINCf5000002oGxA,full_cascade,14,806.0
ZINCf5000002oGxv,full_cascade,14,806.0
ZINCf5000002oGxy,full_cascade,14,806.0
ZINCf5000002oHRJ,full_cascade,14,806.0
ZINCf5000002oHw2,full_cascade,14,806.0
ZINCf5000002oIcR,full_cascade,14,806.0
ZINCf5000002oIfE,full_cascade,14,806.0
ZINCf5000002ovih,full_cascade,14,806.0
ZINCf5000002ovy4,full_cascade,14,806.0
ZINCf5000002qAQ7,full_cascade,14,806.0
ZINCf5000002qAgC,full_cascade,14,806.0
ZINCf5000002qCCN,full_cascade,14,806.0
ZINCf5000002qCxU,full_cascade,14,806.0
ZINCf5000002qKMh,full_cascade,14,806.0
ZINCf5000002qKV6,full_cascade,14,806.0
ZINCf5000002qNLm,full_cascade,14,806.0
ZINCf5000002qOQs,full_cascade,14,806.0
ZINCf5000002qOjM,full_cascade,14,806.0
ZINCf5000002qOk7,full_cascade,14,806.0
ZINCf5000002qOk8,full_cascade,14,806.0
ZINCf5000002qOlN,full_cascade,14,806.0
ZINCf5000002qSav,full_cascade,14,806.0
ZINCf5000002qU7b,full_cascade,14,806.0
ZINCf5000002qUnY,full_cascade,14,806.0
ZINCf5000002qXdO,full_cascade,14,806.0
ZINCf5000002qXdP,full_cascade,14,806.0
ZINCf5000002qYF6,full_cascade,14,806.0
ZINCf5000002qYb3,full_cascade,14,806.0
ZINCf5000002qYi0,full_cascade,14,806.0
ZINCf5000002qZ68,full_cascade,14,806.0
ZINCf5000002qwaN,full_cascade,14,806.0
ZINCf5000002qx1K,full_cascade,14,806.0
ZINCf5000002qy5F,full_cascade,14,806.0
ZINCf5000002r2Mg,full_cascade,14,806.0
ZINCf5000002r3Nm,full_cascade,14,806.0
ZINCf5000002r52C,full_cascade,14,806.0
ZINCf5000002r56C,full_cascade,14,806.0
ZINCf5000002r5aT,full_cascade,14,806.0
ZINCf5000002r7z7,full_cascade,14,806.0
ZINCf5000002r8dq,full_cascade,14,806.0
ZINCf5000002r9g2,full_cascade,14,806.0
ZINCf5000002rCUc,full_cascade,14,806.0
ZINCf5000002rDJg,full_cascade,14,806.0
ZINCf5000002rF5w,full_cascade,14,806.0
ZINCf5000002rFi2,full_cascade,14,806.0
ZINCf5000002rFlk,full_cascade,14,806.0
ZINCf5000002rFoH,full_cascade,14,806.0
ZINCf5000002rJP3,full_cascade,14,806.0
ZINCf5000002rJso,full_cascade,14,806.0
ZINCf5000002rKN0,full_cascade,14,806.0
ZINCf5000002rKa7,full_cascade,14,806.0
ZINCf5000002rKbF,full_cascade,14,806.0
ZINCf5000002rLGd,full_cascade,14,806.0
ZINCf5000002rLKk,full_cascade,14,806.0
ZINCf5000002rLME,full_cascade,14,806.0
ZINCf5000002rLMQ,full_cascade,14,806.0
ZINCf5000002rLNk,full_cascade,14,806.0
ZINCf5000002rLOE,full_cascade,14,806.0
ZINCf5000002rLUh,full_cascade,14,806.0
ZINCf5000002rLUi,full_cascade,14,806.0
ZINCf5000002rLeJ,full_cascade,14,806.0
ZINCf5000002rMkN,full_cascade,14,806.0
ZINCf5000002rMkU,full_cascade,14,806.0
ZINCf5000002rN1w,full_cascade,14,806.0
ZINCf5000002rNhF,full_cascade,14,806.0
ZINCf5000002rNiq,full_cascade,14,806.0
ZINCf5000002rNnK,full_cascade,14,806.0
ZINCf5000002rNx2,full_cascade,14,806.0
ZINCf5000002rP1E,full_cascade,14,806.0
ZINCf5000002rPCd,full_cascade,14,806.0
ZINCf5000002rPE6,full_cascade,14,806.0
ZINCf5000002rPKf,full_cascade,14,806.0
ZINCf5000002rPMK,full_cascade,14,806.0
ZINCf5000002rPZi,full_cascade,14,806.0
ZINCf5000002rPbA,full_cascade,14,806.0
ZINCf5000002rPch,full_cascade,14,806.0
ZINCf5000002rPhI,full_cascade,14,806.0
ZINCf5000002rPuS,full_cascade,14,806.0
ZINCf5000002rQT1,full_cascade,14,806.0
ZINCf5000002rRse,full_cascade,14,806.0
ZINCf5000002rS1p,full_cascade,14,806.0
ZINCf5000002rS5E,full_cascade,14,806.0
ZINCf5000002rSgO,full_cascade,14,806.0
ZINCf5000002rTnf,full_cascade,14,806.0
ZINCf5000002rUzF,full_cascade,14,806.0
ZINCf5000002rVlZ,full_cascade,14,806.0
ZINCf5000002rYLd,full_cascade,14,806.0
ZINCf5000002rb06,full_cascade,14,806.0
ZINCf5000002rcCF,full_cascade,14,806.0
ZINCf5000002rgpX,full_cascade,14,806.0
ZINCf5000002rgph,full_cascade,14,806.0
ZINCf5000002rhha,full_cascade,14,806.0
ZINCf5000002rinO,full_cascade,14,806.0
ZINCf5000002rjVy,full_cascade,14,806.0
ZINCf5000002rkb9,full_cascade,14,806.0
ZINCf5000002rkba,full_cascade,14,806.0
ZINCf5000002rkgg,full_cascade,14,806.0
ZINCf5000002rrEh,full_cascade,14,806.0
ZINCf5000002rrmX,full_cascade,14,806.0
ZINCf5000002ruE6,full_cascade,14,806.0
ZINCf5000002rv5o,full_cascade,14,806.0
ZINCf5000002rwRo,full_cascade,14,806.0
ZINCf5000002rwb1,full_cascade,14,806.0
ZINCf5000002rwmk,full_cascade,14,806.0
ZINCf5000002rwnU,full_cascade,14,806.0
ZINCf5000002rwt8,full_cascade,14,806.0
ZINCf5000002rwuD,full_cascade,14,806.0
ZINCf5000002rx2V,full_cascade,14,806.0
ZINCf5000002ry6P,full_cascade,14,806.0
ZINCf5000002ryaK,full_cascade,14,806.0
ZINCf5000002ryel,full_cascade,14,806.0
ZINCf5000002rzS4,full_cascade,14,806.0
ZINCf5000002s0Ps,full_cascade,14,806.0
ZINCf5000002s1Bt,full_cascade,14,806.0
ZINCf5000002s1mZ,full_cascade,14,806.0
ZINCf5000002s1zN,full_cascade,14,806.0
ZINCf5000002s2SC,full_cascade,14,806.0
ZINCf5000002s3Iy,full_cascade,14,806.0
ZINCf5000002s3ja,full_cascade,14,806.0
ZINCf5000002s40n,full_cascade,14,806.0
ZINCf5000002s45f,full_cascade,14,806.0
ZINCf5000002s4Lp,full_cascade,14,806.0
ZINCf5000002s4Td,full_cascade,14,806.0
ZINCf5000002s57j,full_cascade,14,806.0
ZINCf5000002s57t,full_cascade,14,806.0
ZINCf5000002s57x,full_cascade,14,806.0
ZINCf5000002s5Dp,full_cascade,14,806.0
ZINCf5000002s5ZW,full_cascade,14,806.0
ZINCf5000002s5ds,full_cascade,14,806.0
ZINCf5000002s5p1,full_cascade,14,806.0
ZINCf5000002s63L,full_cascade,14,806.0
ZINCf5000002s7CT,full_cascade,14,806.0
ZINCf5000002s7Na,full_cascade,14,806.0
ZINCf5000002s7Vj,full_cascade,14,806.0
ZINCf5000002s7li,full_cascade,14,806.0
ZINCf5000002s7lu,full_cascade,14,806.0
ZINCf5000002s7p3,full_cascade,14,806.0
ZINCf5000002s7uE,full_cascade,14,806.0
ZINCf5000002s8CW,full_cascade,14,806.0
ZINCf5000002s8Rz,full_cascade,14,806.0
ZINCf5000002s8S2,full_cascade,14,806.0
ZINCf5000002s8fr,full_cascade,14,806.0
ZINCf5000002s8gR,full_cascade,14,806.0
ZINCf5000002s99t,full_cascade,14,806.0
ZINCf5000002s9aI,full_cascade,14,806.0
ZINCf5000002s9bv,full_cascade,14,806.0
ZINCf5000002saAi,full_cascade,14,806.0
ZINCf5000002sav2,full_cascade,14,806.0
ZINCf5000002sbM5,full_cascade,14,806.0
ZINCf5000002sbOB,full_cascade,14,806.0
ZINCf5000002sbOm,full_cascade,14,806.0
ZINCf5000002sbeU,full_cascade,14,806.0
ZINCf5000002sdHj,full_cascade,14,806.0
ZINCf5000002seH7,full_cascade,14,806.0
ZINCf5000002seQW,full_cascade,14,806.0
ZINCf5000002sehT,full_cascade,14,806.0
ZINCf5000002sf7A,full_cascade,14,806.0
ZINCf5000002sf7B,full_cascade,14,806.0
ZINCf5000002sfL9,full_cascade,14,806.0
ZINCf5000002sfbp,full_cascade,14,806.0
ZINCf5000002sfll,full_cascade,14,806.0
ZINCf5000002sho8,full_cascade,14,806.0
ZINCf5000002shsH,full_cascade,14,806.0
ZINCf5000002shw9,full_cascade,14,806.0
ZINCf5000002sjdL,full_cascade,14,806.0
ZINCf5000002sjfh,full_cascade,14,806.0
ZINCf5000002sjyQ,full_cascade,14,806.0
ZINCf5000003631Z,full_cascade,14,806.0
CHEMBL1586169,full_cascade,15,1549.5
CHEMBL1611686,full_cascade,15,1549.5
CHEMBL3315213,stage3_only,0,1.0
CHEMBL3315209,stage3_only,1,2.0
CHEMBL3315202,stage3_only,2,3.0
CHEMBL1468368,stage3_only,3,4.0
CHEMBL1538066,stage3_only,4,5.0
CHEMBL463811,stage3_only,5,6.0
CHEMBL3315204,stage3_only,6,7.0
CHEMBL3315203,stage3_only,7,8.0
CHEMBL1453900,stage3_only,8,9.0
CHEMBL3315193,stage3_only,9,10.0
CHEMBL3315221,stage3_only,10,11.0
CHEMBL2003819,stage3_only,11,12.0
CHEMBL1493442,stage3_only,12,13.0
CHEMBL1966869,stage3_only,13,14.0
CHEMBL1594369,stage3_only,14,15.0
CHEMBL2431120,stage3_only,15,16.0
CHEMBL1446377,stage3_only,16,17.0
CHEMBL3315223,stage3_only,17,18.0
CHEMBL2431121,stage3_only,18,19.0
CHEMBL462830,stage3_only,19,20.0
CHEMBL1547420,stage3_only,20,21.0
CHEMBL2431119,stage3_only,21,22.0
CHEMBL1461496,stage3_only,22,23.0
CHEMBL3099769,stage3_only,23,24.0
CHEMBL1597454,stage3_only,24,25.0
CHEMBL3099777,stage3_only,25,26.0
CHEMBL1328169,stage3_only,26,27.0
ZINCf50000009wyg,stage3_only,27,28.0
CHEMBL1611170,stage3_only,28,29.0
ZINCf5000000ZyeV,stage3_only,29,30.0
ZINCf5000000a7X8,stage3_only,30,31.0
CHEMBL1546134,stage3_only,31,32.0
CHEMBL1312502,stage3_only,32,33.0
CHEMBL1995726,stage3_only,33,34.0
CHEMBL1490404,stage3_only,34,35.0
ZINCf5000002mA37,stage3_only,35,36.0
ZINCf50000009BLy,stage3_only,36,37.0
ZINCf5000000axTO,stage3_only,37,38.0
CHEMBL1387563,stage3_only,38,39.0
CHEMBL1301125,stage3_only,39,40.0
ZINCf50000026iVi,stage3_only,40,41.0
ZINCf5000000ZxFj,stage3_only,41,42.0
ZINCf50000025Z8R,stage3_only,42,43.0
ZINCf5000002af9J,stage3_only,43,44.0
ZINCf5000001osRe,stage3_only,44,45.0
ZINCf5000000WBRM,stage3_only,45,46.0
ZINCf5000002aWgB,stage3_only,46,47.0
ZINCf50000009xWh,stage3_only,47,48.0
ZINCf50000009zYV,stage3_only,48,49.0
ZINCf5000002rwS5,stage3_only,49,50.0
ZINCf5000000apMr,stage3_only,50,51.0
ZINCf5000000apKQ,stage3_only,51,52.0
ZINCf5000000aoiE,stage3_only,52,53.0
ZINCf50000009KSv,stage3_only,53,54.0
ZINCf50000008BUE,stage3_only,54,55.0
ZINCf50000009WrE,stage3_only,55,56.0
ZINCf50000017KYO,stage3_only,56,57.0
ZINCf5000000a9rn,stage3_only,57,58.0
ZINCf50000009KSi,stage3_only,58,59.0
ZINCf50000008M1J,stage3_only,59,60.0
ZINCf50000009KIU,stage3_only,60,61.0
ZINCf5000002rwRT,stage3_only,61,62.0
CHEMBL1325640,stage3_only,62,63.0
CHEMBL1321527,stage3_only,63,806.0
CHEMBL1323442,stage3_only,63,806.0
CHEMBL1340713,stage3_only,63,806.0
CHEMBL1369296,stage3_only,63,806.0
CHEMBL1385214,stage3_only,63,806.0
CHEMBL1438069,stage3_only,63,806.0
CHEMBL1550591,stage3_only,63,806.0
CHEMBL1586252,stage3_only,63,806.0
CHEMBL1595121,stage3_only,63,806.0
CHEMBL1600146,stage3_only,63,806.0
CHEMBL1608453,stage3_only,63,806.0
CHEMBL294989,stage3_only,63,806.0
CHEMBL3315194,stage3_only,63,806.0
ZINCf50000008APd,stage3_only,63,806.0
ZINCf50000008AVQ,stage3_only,63,806.0
ZINCf50000008AoT,stage3_only,63,806.0
ZINCf50000008Cf0,stage3_only,63,806.0
ZINCf50000008Cm0,stage3_only,63,806.0
ZINCf50000008Co1,stage3_only,63,806.0
ZINCf50000008DJV,stage3_only,63,806.0
ZINCf50000008DZl,stage3_only,63,806.0
ZINCf50000008DmQ,stage3_only,63,806.0
ZINCf50000008E0K,stage3_only,63,806.0
ZINCf50000008E0a,stage3_only,63,806.0
ZINCf50000008EUm,stage3_only,63,806.0
ZINCf50000008ExF,stage3_only,63,806.0
ZINCf50000008FOg,stage3_only,63,806.0
ZINCf50000008FOo,stage3_only,63,806.0
ZINCf50000008GAi,stage3_only,63,806.0
ZINCf50000008GvD,stage3_only,63,806.0
ZINCf50000008Gvh,stage3_only,63,806.0
ZINCf50000008Gy0,stage3_only,63,806.0
ZINCf50000008Hb1,stage3_only,63,806.0
ZINCf50000008Hcy,stage3_only,63,806.0
ZINCf50000008Hhj,stage3_only,63,806.0
ZINCf50000008Igg,stage3_only,63,806.0
ZINCf50000008Isk,stage3_only,63,806.0
ZINCf50000008JhW,stage3_only,63,806.0
ZINCf50000008KXO,stage3_only,63,806.0
ZINCf50000008KZS,stage3_only,63,806.0
ZINCf50000008L06,stage3_only,63,806.0
ZINCf50000008L4G,stage3_only,63,806.0
ZINCf50000008LG1,stage3_only,63,806.0
ZINCf50000008LZu,stage3_only,63,806.0
ZINCf50000008M30,stage3_only,63,806.0
ZINCf50000008M3s,stage3_only,63,806.0
ZINCf50000008NGb,stage3_only,63,806.0
ZINCf50000008NPM,stage3_only,63,806.0
ZINCf50000008NcO,stage3_only,63,806.0
ZINCf50000008OyQ,stage3_only,63,806.0
ZINCf50000008P0X,stage3_only,63,806.0
ZINCf50000008PNg,stage3_only,63,806.0
ZINCf50000008PSw,stage3_only,63,806.0
ZINCf50000008PUO,stage3_only,63,806.0
ZINCf50000008Psk,stage3_only,63,806.0
ZINCf50000008Pur,stage3_only,63,806.0
ZINCf50000008RMQ,stage3_only,63,806.0
ZINCf50000008RY2,stage3_only,63,806.0
ZINCf50000008RfT,stage3_only,63,806.0
ZINCf50000008Rgq,stage3_only,63,806.0
ZINCf50000008SOo,stage3_only,63,806.0
ZINCf50000008TCA,stage3_only,63,806.0
ZINCf50000008TCr,stage3_only,63,806.0
ZINCf50000008TDx,stage3_only,63,806.0
ZINCf50000008TEh,stage3_only,63,806.0
ZINCf50000008TEi,stage3_only,63,806.0
ZINCf50000008TsN,stage3_only,63,806.0
ZINCf50000008TxS,stage3_only,63,806.0
ZINCf50000008Txb,stage3_only,63,806.0
ZINCf50000008U1H,stage3_only,63,806.0
ZINCf50000008UG8,stage3_only,63,806.0
ZINCf50000008UKt,stage3_only,63,806.0
ZINCf50000008UML,stage3_only,63,806.0
ZINCf50000008UN0,stage3_only,63,806.0
ZINCf50000008UNu,stage3_only,63,806.0
ZINCf50000008URn,stage3_only,63,806.0
ZINCf50000008UUv,stage3_only,63,806.0
ZINCf50000008V4I,stage3_only,63,806.0
ZINCf50000008VC1,stage3_only,63,806.0
ZINCf50000008VE1,stage3_only,63,806.0
ZINCf50000008VPk,stage3_only,63,806.0
ZINCf50000008Vk8,stage3_only,63,806.0
ZINCf50000008Vkv,stage3_only,63,806.0
ZINCf50000008VnO,stage3_only,63,806.0
ZINCf50000008VrH,stage3_only,63,806.0
ZINCf50000008WI2,stage3_only,63,806.0
ZINCf50000008WI5,stage3_only,63,806.0
ZINCf50000008WXx,stage3_only,63,806.0
ZINCf50000008WZi,stage3_only,63,806.0
ZINCf50000008WoD,stage3_only,63,806.0
ZINCf50000008WsH,stage3_only,63,806.0
ZINCf50000008WzP,stage3_only,63,806.0
ZINCf50000008XGU,stage3_only,63,806.0
ZINCf50000008XK8,stage3_only,63,806.0
ZINCf50000008XVy,stage3_only,63,806.0
ZINCf50000008Xan,stage3_only,63,806.0
ZINCf50000008XuZ,stage3_only,63,806.0
ZINCf50000008XvU,stage3_only,63,806.0
ZINCf50000008YNU,stage3_only,63,806.0
ZINCf50000008YXY,stage3_only,63,806.0
ZINCf50000008Yjc,stage3_only,63,806.0
ZINCf50000008Zxi,stage3_only,63,806.0
ZINCf500000090Ji,stage3_only,63,806.0
ZINCf500000090KI,stage3_only,63,806.0
ZINCf500000090LO,stage3_only,63,806.0
ZINCf500000090S1,stage3_only,63,806.0
ZINCf500000090a2,stage3_only,63,806.0
ZINCf500000090dm,stage3_only,63,806.0
ZINCf500000090vP,stage3_only,63,806.0
ZINCf500000090vr,stage3_only,63,806.0
ZINCf500000090y4,stage3_only,63,806.0
ZINCf500000090z8,stage3_only,63,806.0
ZINCf500000090za,stage3_only,63,806.0
ZINCf500000091FH,stage3_only,63,806.0
ZINCf500000091HZ,stage3_only,63,806.0
ZINCf500000091Nd,stage3_only,63,806.0
ZINCf500000091Qp,stage3_only,63,806.0
ZINCf500000091V7,stage3_only,63,806.0
ZINCf500000091VC,stage3_only,63,806.0
ZINCf500000091jS,stage3_only,63,806.0
ZINCf500000091nk,stage3_only,63,806.0
ZINCf500000091sp,stage3_only,63,806.0
ZINCf500000091vi,stage3_only,63,806.0
ZINCf5000000927o,stage3_only,63,806.0
ZINCf500000092Ht,stage3_only,63,806.0
ZINCf500000092Mx,stage3_only,63,806.0
ZINCf500000092Q7,stage3_only,63,806.0
ZINCf500000092Y2,stage3_only,63,806.0
ZINCf500000092of,stage3_only,63,806.0
ZINCf500000092ra,stage3_only,63,806.0
ZINCf500000092vj,stage3_only,63,806.0
ZINCf50000009364,stage3_only,63,806.0
ZINCf500000093F6,stage3_only,63,806.0
ZINCf500000093K2,stage3_only,63,806.0
ZINCf500000093NJ,stage3_only,63,806.0
ZINCf500000093Nd,stage3_only,63,806.0
ZINCf500000093f6,stage3_only,63,806.0
ZINCf500000093hz,stage3_only,63,806.0
ZINCf500000093ml,stage3_only,63,806.0
ZINCf500000093ux,stage3_only,63,806.0
ZINCf500000093yk,stage3_only,63,806.0
ZINCf5000000947y,stage3_only,63,806.0
ZINCf5000000949X,stage3_only,63,806.0
ZINCf500000094Mn,stage3_only,63,806.0
ZINCf500000094Mp,stage3_only,63,806.0
ZINCf500000094fX,stage3_only,63,806.0
ZINCf500000094ix,stage3_only,63,806.0
ZINCf500000094pL,stage3_only,63,806.0
ZINCf500000095A6,stage3_only,63,806.0
ZINCf500000095eA,stage3_only,63,806.0
ZINCf500000096Ht,stage3_only,63,806.0
ZINCf500000096T5,stage3_only,63,806.0
ZINCf5000000973Q,stage3_only,63,806.0
ZINCf500000097Bo,stage3_only,63,806.0
ZINCf500000097FT,stage3_only,63,806.0
ZINCf500000097FW,stage3_only,63,806.0
ZINCf500000097Fg,stage3_only,63,806.0
ZINCf500000097Fu,stage3_only,63,806.0
ZINCf500000098P6,stage3_only,63,806.0
ZINCf500000098pu,stage3_only,63,806.0
ZINCf500000098za,stage3_only,63,806.0
ZINCf5000000990K,stage3_only,63,806.0
ZINCf5000000990N,stage3_only,63,806.0
ZINCf500000099Re,stage3_only,63,806.0
ZINCf500000099Sx,stage3_only,63,806.0
ZINCf500000099hu,stage3_only,63,806.0
ZINCf500000099rv,stage3_only,63,806.0
ZINCf50000009A2n,stage3_only,63,806.0
ZINCf50000009ABB,stage3_only,63,806.0
ZINCf50000009AET,stage3_only,63,806.0
ZINCf50000009AEz,stage3_only,63,806.0
ZINCf50000009AF7,stage3_only,63,806.0
ZINCf50000009AFd,stage3_only,63,806.0
ZINCf50000009AGR,stage3_only,63,806.0
ZINCf50000009AHU,stage3_only,63,806.0
ZINCf50000009AHW,stage3_only,63,806.0
ZINCf50000009AIT,stage3_only,63,806.0
ZINCf50000009AJb,stage3_only,63,806.0
ZINCf50000009AKa,stage3_only,63,806.0
ZINCf50000009AL7,stage3_only,63,806.0
ZINCf50000009ALa,stage3_only,63,806.0
ZINCf50000009AR4,stage3_only,63,806.0
ZINCf50000009Aho,stage3_only,63,806.0
ZINCf50000009Akg,stage3_only,63,806.0
ZINCf50000009Aos,stage3_only,63,806.0
ZINCf50000009B9R,stage3_only,63,806.0
ZINCf50000009BJc,stage3_only,63,806.0
ZINCf50000009BKg,stage3_only,63,806.0
ZINCf50000009BRA,stage3_only,63,806.0
ZINCf50000009Bj2,stage3_only,63,806.0
ZINCf50000009Br7,stage3_only,63,806.0
ZINCf50000009Bvn,stage3_only,63,806.0
ZINCf50000009CNG,stage3_only,63,806.0
ZINCf50000009CcS,stage3_only,63,806.0
ZINCf50000009Csh,stage3_only,63,806.0
ZINCf50000009Cuy,stage3_only,63,806.0
ZINCf50000009D0R,stage3_only,63,806.0
ZINCf50000009D2m,stage3_only,63,806.0
ZINCf50000009Dpv,stage3_only,63,806.0
ZINCf50000009E1n,stage3_only,63,806.0
ZINCf50000009EZh,stage3_only,63,806.0
ZINCf50000009Ebz,stage3_only,63,806.0
ZINCf50000009Edz,stage3_only,63,806.0
ZINCf50000009Erw,stage3_only,63,806.0
ZINCf50000009F22,stage3_only,63,806.0
ZINCf50000009FDG,stage3_only,63,806.0
ZINCf50000009FDr,stage3_only,63,806.0
ZINCf50000009FF0,stage3_only,63,806.0
ZINCf50000009FGv,stage3_only,63,806.0
ZINCf50000009FH0,stage3_only,63,806.0
ZINCf50000009FH8,stage3_only,63,806.0
ZINCf50000009FLi,stage3_only,63,806.0
ZINCf50000009FOc,stage3_only,63,806.0
ZINCf50000009FOq,stage3_only,63,806.0
ZINCf50000009FPs,stage3_only,63,806.0
ZINCf50000009FT6,stage3_only,63,806.0
ZINCf50000009FsD,stage3_only,63,806.0
ZINCf50000009Ft4,stage3_only,63,806.0
ZINCf50000009Fyc,stage3_only,63,806.0
ZINCf50000009FzR,stage3_only,63,806.0
ZINCf50000009G2d,stage3_only,63,806.0
ZINCf50000009G8x,stage3_only,63,806.0
ZINCf50000009GAN,stage3_only,63,806.0
ZINCf50000009GDl,stage3_only,63,806.0
ZINCf50000009GL0,stage3_only,63,806.0
ZINCf50000009GLl,stage3_only,63,806.0
ZINCf50000009GTU,stage3_only,63,806.0
ZINCf50000009GYA,stage3_only,63,806.0
ZINCf50000009GYy,stage3_only,63,806.0
ZINCf50000009Ga9,stage3_only,63,806.0
ZINCf50000009Gcz,stage3_only,63,806.0
ZINCf50000009Get,stage3_only,63,806.0
ZINCf50000009Ghu,stage3_only,63,806.0
ZINCf50000009Gih,stage3_only,63,806.0
ZINCf50000009H33,stage3_only,63,806.0
ZINCf50000009H9b,stage3_only,63,806.0
ZINCf50000009HLj,stage3_only,63,806.0
ZINCf50000009HgZ,stage3_only,63,806.0
ZINCf50000009HiG,stage3_only,63,806.0
ZINCf50000009HnH,stage3_only,63,806.0
ZINCf50000009HqR,stage3_only,63,806.0
ZINCf50000009Huf,stage3_only,63,806.0
ZINCf50000009I3k,stage3_only,63,806.0
ZINCf50000009IU9,stage3_only,63,806.0
ZINCf50000009JcO,stage3_only,63,806.0
ZINCf50000009Jh0,stage3_only,63,806.0
ZINCf50000009K0A,stage3_only,63,806.0
ZINCf50000009KKm,stage3_only,63,806.0
ZINCf50000009KPp,stage3_only,63,806.0
ZINCf50000009KPt,stage3_only,63,806.0
ZINCf50000009KTI,stage3_only,63,806.0
ZINCf50000009KUh,stage3_only,63,806.0
ZINCf50000009KY4,stage3_only,63,806.0
ZINCf50000009KZO,stage3_only,63,806.0
ZINCf50000009KZQ,stage3_only,63,806.0
ZINCf50000009Kj2,stage3_only,63,806.0
ZINCf50000009KnW,stage3_only,63,806.0
ZINCf50000009Knv,stage3_only,63,806.0
ZINCf50000009L0G,stage3_only,63,806.0
ZINCf50000009L2S,stage3_only,63,806.0
ZINCf50000009LPV,stage3_only,63,806.0
ZINCf50000009LXr,stage3_only,63,806.0
ZINCf50000009Ln5,stage3_only,63,806.0
ZINCf50000009MPF,stage3_only,63,806.0
ZINCf50000009MQf,stage3_only,63,806.0
ZINCf50000009MnU,stage3_only,63,806.0
ZINCf50000009Mp6,stage3_only,63,806.0
ZINCf50000009MpA,stage3_only,63,806.0
ZINCf50000009NjO,stage3_only,63,806.0
ZINCf50000009NnH,stage3_only,63,806.0
ZINCf50000009Nw8,stage3_only,63,806.0
ZINCf50000009O4f,stage3_only,63,806.0
ZINCf50000009OeW,stage3_only,63,806.0
ZINCf50000009PIQ,stage3_only,63,806.0
ZINCf50000009PIZ,stage3_only,63,806.0
ZINCf50000009PSY,stage3_only,63,806.0
ZINCf50000009Pke,stage3_only,63,806.0
ZINCf50000009R3y,stage3_only,63,806.0
ZINCf50000009Rkv,stage3_only,63,806.0
ZINCf50000009TZE,stage3_only,63,806.0
ZINCf50000009UN8,stage3_only,63,806.0
ZINCf50000009UT2,stage3_only,63,806.0
ZINCf50000009UVp,stage3_only,63,806.0
ZINCf50000009Uke,stage3_only,63,806.0
ZINCf50000009VP6,stage3_only,63,806.0
ZINCf50000009W2D,stage3_only,63,806.0
ZINCf50000009WUb,stage3_only,63,806.0
ZINCf50000009Wf8,stage3_only,63,806.0
ZINCf50000009WqI,stage3_only,63,806.0
ZINCf50000009WrG,stage3_only,63,806.0
ZINCf50000009Ww1,stage3_only,63,806.0
ZINCf50000009XDh,stage3_only,63,806.0
ZINCf50000009XDp,stage3_only,63,806.0
ZINCf50000009XWO,stage3_only,63,806.0
ZINCf50000009Xxn,stage3_only,63,806.0
ZINCf50000009YIR,stage3_only,63,806.0
ZINCf50000009ZFX,stage3_only,63,806.0
ZINCf50000009ZfR,stage3_only,63,806.0
ZINCf50000009aCA,stage3_only,63,806.0
ZINCf50000009aFI,stage3_only,63,806.0
ZINCf50000009aKQ,stage3_only,63,806.0
ZINCf50000009aQa,stage3_only,63,806.0
ZINCf50000009aXl,stage3_only,63,806.0
ZINCf50000009aYZ,stage3_only,63,806.0
ZINCf50000009aa3,stage3_only,63,806.0
ZINCf50000009ad3,stage3_only,63,806.0
ZINCf50000009adV,stage3_only,63,806.0
ZINCf50000009adX,stage3_only,63,806.0
ZINCf50000009afQ,stage3_only,63,806.0
ZINCf50000009aj3,stage3_only,63,806.0
ZINCf50000009auy,stage3_only,63,806.0
ZINCf50000009bel,stage3_only,63,806.0
ZINCf50000009cQd,stage3_only,63,806.0
ZINCf50000009d4A,stage3_only,63,806.0
ZINCf50000009dES,stage3_only,63,806.0
ZINCf50000009dT1,stage3_only,63,806.0
ZINCf50000009drx,stage3_only,63,806.0
ZINCf50000009du3,stage3_only,63,806.0
ZINCf50000009du7,stage3_only,63,806.0
ZINCf50000009duk,stage3_only,63,806.0
ZINCf50000009e03,stage3_only,63,806.0
ZINCf50000009eJR,stage3_only,63,806.0
ZINCf50000009eMq,stage3_only,63,806.0
ZINCf50000009eo5,stage3_only,63,806.0
ZINCf50000009exC,stage3_only,63,806.0
ZINCf50000009f0E,stage3_only,63,806.0
ZINCf50000009f8z,stage3_only,63,806.0
ZINCf50000009f9z,stage3_only,63,806.0
ZINCf50000009fFw,stage3_only,63,806.0
ZINCf50000009fMU,stage3_only,63,806.0
ZINCf50000009fSK,stage3_only,63,806.0
ZINCf50000009fYN,stage3_only,63,806.0
ZINCf50000009fiV,stage3_only,63,806.0
ZINCf50000009fjA,stage3_only,63,806.0
ZINCf50000009fjL,stage3_only,63,806.0
ZINCf50000009fmC,stage3_only,63,806.0
ZINCf50000009fnO,stage3_only,63,806.0
ZINCf50000009g51,stage3_only,63,806.0
ZINCf50000009g5d,stage3_only,63,806.0
ZINCf50000009gLu,stage3_only,63,806.0
ZINCf50000009h9L,stage3_only,63,806.0
ZINCf50000009jOH,stage3_only,63,806.0
ZINCf50000009jTv,stage3_only,63,806.0
ZINCf50000009jVo,stage3_only,63,806.0
ZINCf50000009kHQ,stage3_only,63,806.0
ZINCf50000009kHx,stage3_only,63,806.0
ZINCf50000009kL4,stage3_only,63,806.0
ZINCf50000009kVH,stage3_only,63,806.0
ZINCf50000009l7n,stage3_only,63,806.0
ZINCf50000009l97,stage3_only,63,806.0
ZINCf50000009nAl,stage3_only,63,806.0
ZINCf50000009nBd,stage3_only,63,806.0
ZINCf50000009nIZ,stage3_only,63,806.0
ZINCf50000009nv0,stage3_only,63,806.0
ZINCf50000009nxB,stage3_only,63,806.0
ZINCf50000009nxc,stage3_only,63,806.0
ZINCf50000009nxl,stage3_only,63,806.0
ZINCf50000009oDX,stage3_only,63,806.0
ZINCf50000009oDY,stage3_only,63,806.0
ZINCf50000009oYI,stage3_only,63,806.0
ZINCf50000009pE1,stage3_only,63,806.0
ZINCf50000009pVD,stage3_only,63,806.0
ZINCf50000009peh,stage3_only,63,806.0
ZINCf50000009pkM,stage3_only,63,806.0
ZINCf50000009pom,stage3_only,63,806.0
ZINCf50000009psD,stage3_only,63,806.0
ZINCf50000009psw,stage3_only,63,806.0
ZINCf50000009pzV,stage3_only,63,806.0
ZINCf50000009pzX,stage3_only,63,806.0
ZINCf50000009q0n,stage3_only,63,806.0
ZINCf50000009qFH,stage3_only,63,806.0
ZINCf50000009qLq,stage3_only,63,806.0
ZINCf50000009qR8,stage3_only,63,806.0
ZINCf50000009qZi,stage3_only,63,806.0
ZINCf50000009rCK,stage3_only,63,806.0
ZINCf50000009rEa,stage3_only,63,806.0
ZINCf50000009scp,stage3_only,63,806.0
ZINCf50000009shT,stage3_only,63,806.0
ZINCf50000009skC,stage3_only,63,806.0
ZINCf50000009smb,stage3_only,63,806.0
ZINCf50000009sq1,stage3_only,63,806.0
ZINCf50000009sqy,stage3_only,63,806.0
ZINCf50000009srv,stage3_only,63,806.0
ZINCf50000009ss4,stage3_only,63,806.0
ZINCf50000009tEO,stage3_only,63,806.0
ZINCf50000009tIh,stage3_only,63,806.0
ZINCf50000009tK3,stage3_only,63,806.0
ZINCf50000009tMd,stage3_only,63,806.0
ZINCf50000009tNK,stage3_only,63,806.0
ZINCf50000009tS8,stage3_only,63,806.0
ZINCf50000009tbw,stage3_only,63,806.0
ZINCf50000009u3K,stage3_only,63,806.0
ZINCf50000009u3p,stage3_only,63,806.0
ZINCf50000009u6a,stage3_only,63,806.0
ZINCf50000009uFG,stage3_only,63,806.0
ZINCf50000009uG4,stage3_only,63,806.0
ZINCf50000009uKX,stage3_only,63,806.0
ZINCf50000009uPy,stage3_only,63,806.0
ZINCf50000009uQz,stage3_only,63,806.0
ZINCf50000009ubo,stage3_only,63,806.0
ZINCf50000009ucn,stage3_only,63,806.0
ZINCf50000009ujW,stage3_only,63,806.0
ZINCf50000009ukK,stage3_only,63,806.0
ZINCf50000009ukr,stage3_only,63,806.0
ZINCf50000009ulF,stage3_only,63,806.0
ZINCf50000009uok,stage3_only,63,806.0
ZINCf50000009uqn,stage3_only,63,806.0
ZINCf50000009vBi,stage3_only,63,806.0
ZINCf50000009vJf,stage3_only,63,806.0
ZINCf50000009vMX,stage3_only,63,806.0
ZINCf50000009vMh,stage3_only,63,806.0
ZINCf50000009vNQ,stage3_only,63,806.0
ZINCf50000009vNp,stage3_only,63,806.0
ZINCf50000009vNx,stage3_only,63,806.0
ZINCf50000009vOd,stage3_only,63,806.0
ZINCf50000009vOr,stage3_only,63,806.0
ZINCf50000009vUQ,stage3_only,63,806.0
ZINCf50000009vXk,stage3_only,63,806.0
ZINCf50000009vZ7,stage3_only,63,806.0
ZINCf50000009ve7,stage3_only,63,806.0
ZINCf50000009veg,stage3_only,63,806.0
ZINCf50000009vem,stage3_only,63,806.0
ZINCf50000009vhw,stage3_only,63,806.0
ZINCf50000009vvW,stage3_only,63,806.0
ZINCf50000009vw2,stage3_only,63,806.0
ZINCf50000009w0J,stage3_only,63,806.0
ZINCf50000009w27,stage3_only,63,806.0
ZINCf50000009wB6,stage3_only,63,806.0
ZINCf50000009wRb,stage3_only,63,806.0
ZINCf50000009wYE,stage3_only,63,806.0
ZINCf50000009wcS,stage3_only,63,806.0
ZINCf50000009wm2,stage3_only,63,806.0
ZINCf50000009x6k,stage3_only,63,806.0
ZINCf50000009x6m,stage3_only,63,806.0
ZINCf50000009xNF,stage3_only,63,806.0
ZINCf50000009xRM,stage3_only,63,806.0
ZINCf50000009xr9,stage3_only,63,806.0
ZINCf50000009xri,stage3_only,63,806.0
ZINCf50000009yQr,stage3_only,63,806.0
ZINCf50000009yjh,stage3_only,63,806.0
ZINCf50000009yya,stage3_only,63,806.0
ZINCf50000009zYT,stage3_only,63,806.0
ZINCf50000009zZg,stage3_only,63,806.0
ZINCf50000009zaV,stage3_only,63,806.0
ZINCf50000009zaz,stage3_only,63,806.0
ZINCf50000009zw4,stage3_only,63,806.0
ZINCf50000009zwx,stage3_only,63,806.0
ZINCf5000000S4Qe,stage3_only,63,806.0
ZINCf5000000S4i3,stage3_only,63,806.0
ZINCf5000000S5Qa,stage3_only,63,806.0
ZINCf5000000S5Vm,stage3_only,63,806.0
ZINCf5000000S69w,stage3_only,63,806.0
ZINCf5000000S6L6,stage3_only,63,806.0
ZINCf5000000S7uO,stage3_only,63,806.0
ZINCf5000000SJ0Y,stage3_only,63,806.0
ZINCf5000000SJvO,stage3_only,63,806.0
ZINCf5000000SKPV,stage3_only,63,806.0
ZINCf5000000SKR5,stage3_only,63,806.0
ZINCf5000000SKcQ,stage3_only,63,806.0
ZINCf5000000SKje,stage3_only,63,806.0
ZINCf5000000SKov,stage3_only,63,806.0
ZINCf5000000SL5n,stage3_only,63,806.0
ZINCf5000000SL7k,stage3_only,63,806.0
ZINCf5000000SLBM,stage3_only,63,806.0
ZINCf5000000SLW6,stage3_only,63,806.0
ZINCf5000000SLWE,stage3_only,63,806.0
ZINCf5000000SLkY,stage3_only,63,806.0
ZINCf5000000SLsU,stage3_only,63,806.0
ZINCf5000000SM1b,stage3_only,63,806.0
ZINCf5000000SMPn,stage3_only,63,806.0
ZINCf5000000SMmi,stage3_only,63,806.0
ZINCf5000000SMpn,stage3_only,63,806.0
ZINCf5000000SNrI,stage3_only,63,806.0
ZINCf5000000SOxP,stage3_only,63,806.0
ZINCf5000000SOxQ,stage3_only,63,806.0
ZINCf5000000VZ1Y,stage3_only,63,806.0
ZINCf5000000VZ2K,stage3_only,63,806.0
ZINCf5000000VZ3N,stage3_only,63,806.0
ZINCf5000000VZ66,stage3_only,63,806.0
ZINCf5000000VZ8H,stage3_only,63,806.0
ZINCf5000000VZ8d,stage3_only,63,806.0
ZINCf5000000VZai,stage3_only,63,806.0
ZINCf5000000VZiG,stage3_only,63,806.0
ZINCf5000000VkWT,stage3_only,63,806.0
ZINCf5000000VkWb,stage3_only,63,806.0
ZINCf5000000VlAb,stage3_only,63,806.0
ZINCf5000000Vlgw,stage3_only,63,806.0
ZINCf5000000VmyF,stage3_only,63,806.0
ZINCf5000000Vn0F,stage3_only,63,806.0
ZINCf5000000Vn0I,stage3_only,63,806.0
ZINCf5000000Vn5I,stage3_only,63,806.0
ZINCf5000000VnzW,stage3_only,63,806.0
ZINCf5000000WAGq,stage3_only,63,806.0
ZINCf5000000WAH6,stage3_only,63,806.0
ZINCf5000000WAXK,stage3_only,63,806.0
ZINCf5000000WArE,stage3_only,63,806.0
ZINCf5000000WBK7,stage3_only,63,806.0
ZINCf5000000WBLG,stage3_only,63,806.0
ZINCf5000000WBRl,stage3_only,63,806.0
ZINCf5000000WBn0,stage3_only,63,806.0
ZINCf5000000WC1R,stage3_only,63,806.0
ZINCf5000000WC3b,stage3_only,63,806.0
ZINCf5000000WCh2,stage3_only,63,806.0
ZINCf5000000WzGX,stage3_only,63,806.0
ZINCf5000000YaS6,stage3_only,63,806.0
ZINCf5000000YaTJ,stage3_only,63,806.0
ZINCf5000000YaTM,stage3_only,63,806.0
ZINCf5000000YaUz,stage3_only,63,806.0
ZINCf5000000YbC0,stage3_only,63,806.0
ZINCf5000000YbCR,stage3_only,63,806.0
ZINCf5000000YbHL,stage3_only,63,806.0
ZINCf5000000YbHM,stage3_only,63,806.0
ZINCf5000000Ybg9,stage3_only,63,806.0
ZINCf5000000Ybgk,stage3_only,63,806.0
ZINCf5000000Ybhl,stage3_only,63,806.0
ZINCf5000000Ybi2,stage3_only,63,806.0
ZINCf5000000YbiA,stage3_only,63,806.0
ZINCf5000000YbiD,stage3_only,63,806.0
ZINCf5000000YbiW,stage3_only,63,806.0
ZINCf5000000Ybib,stage3_only,63,806.0
ZINCf5000000Ybic,stage3_only,63,806.0
ZINCf5000000Ybjp,stage3_only,63,806.0
ZINCf5000000Ybna,stage3_only,63,806.0
ZINCf5000000Ybnz,stage3_only,63,806.0
ZINCf5000000YbsF,stage3_only,63,806.0
ZINCf5000000Ybya,stage3_only,63,806.0
ZINCf5000000Ybyz,stage3_only,63,806.0
ZINCf5000000ZqBd,stage3_only,63,806.0
ZINCf5000000ZqI1,stage3_only,63,806.0
ZINCf5000000ZqVA,stage3_only,63,806.0
ZINCf5000000ZqX7,stage3_only,63,806.0
ZINCf5000000ZqXK,stage3_only,63,806.0
ZINCf5000000ZqhC,stage3_only,63,806.0
ZINCf5000000ZqhD,stage3_only,63,806.0
ZINCf5000000Zqm6,stage3_only,63,806.0
ZINCf5000000ZqzS,stage3_only,63,806.0
ZINCf5000000Zr5H,stage3_only,63,806.0
ZINCf5000000Zr5Y,stage3_only,63,806.0
ZINCf5000000Zr60,stage3_only,63,806.0
ZINCf5000000Zr7a,stage3_only,63,806.0
ZINCf5000000Zr8h,stage3_only,63,806.0
ZINCf5000000ZrA9,stage3_only,63,806.0
ZINCf5000000ZrWR,stage3_only,63,806.0
ZINCf5000000ZrWW,stage3_only,63,806.0
ZINCf5000000Zrj4,stage3_only,63,806.0
ZINCf5000000ZrlD,stage3_only,63,806.0
ZINCf5000000Zrm2,stage3_only,63,806.0
ZINCf5000000ZrnM,stage3_only,63,806.0
ZINCf5000000ZrnR,stage3_only,63,806.0
ZINCf5000000ZroC,stage3_only,63,806.0
ZINCf5000000ZrqI,stage3_only,63,806.0
ZINCf5000000Zru3,stage3_only,63,806.0
ZINCf5000000Zs6C,stage3_only,63,806.0
ZINCf5000000Zs6D,stage3_only,63,806.0
ZINCf5000000Zs6u,stage3_only,63,806.0
ZINCf5000000ZsOY,stage3_only,63,806.0
ZINCf5000000ZsP2,stage3_only,63,806.0
ZINCf5000000ZsWO,stage3_only,63,806.0
ZINCf5000000ZsWU,stage3_only,63,806.0
ZINCf5000000ZsYo,stage3_only,63,806.0
ZINCf5000000Zse6,stage3_only,63,806.0
ZINCf5000000Zt5Z,stage3_only,63,806.0
ZINCf5000000Zt6p,stage3_only,63,806.0
ZINCf5000000Zt76,stage3_only,63,806.0
ZINCf5000000Zt9X,stage3_only,63,806.0
ZINCf5000000ZtE0,stage3_only,63,806.0
ZINCf5000000ZtGB,stage3_only,63,806.0
ZINCf5000000ZtGz,stage3_only,63,806.0
ZINCf5000000ZtI8,stage3_only,63,806.0
ZINCf5000000ZtJJ,stage3_only,63,806.0
ZINCf5000000ZtKf,stage3_only,63,806.0
ZINCf5000000ZtaC,stage3_only,63,806.0
ZINCf5000000ZtdS,stage3_only,63,806.0
ZINCf5000000Ztef,stage3_only,63,806.0
ZINCf5000000ZthQ,stage3_only,63,806.0
ZINCf5000000ZtiF,stage3_only,63,806.0
ZINCf5000000ZtiG,stage3_only,63,806.0
ZINCf5000000Ztic,stage3_only,63,806.0
ZINCf5000000Ztou,stage3_only,63,806.0
ZINCf5000000Zu2d,stage3_only,63,806.0
ZINCf5000000Zu2h,stage3_only,63,806.0
ZINCf5000000Zu2n,stage3_only,63,806.0
ZINCf5000000Zu7s,stage3_only,63,806.0
ZINCf5000000ZuAi,stage3_only,63,806.0
ZINCf5000000ZuJO,stage3_only,63,806.0
ZINCf5000000ZuNQ,stage3_only,63,806.0
ZINCf5000000ZuPR,stage3_only,63,806.0
ZINCf5000000ZuzE,stage3_only,63,806.0
ZINCf5000000ZvXD,stage3_only,63,806.0
ZINCf5000000ZvXH,stage3_only,63,806.0
ZINCf5000000Zw1G,stage3_only,63,806.0
ZINCf5000000Zw5n,stage3_only,63,806.0
ZINCf5000000ZwEr,stage3_only,63,806.0
ZINCf5000000ZwQr,stage3_only,63,806.0
ZINCf5000000ZwXi,stage3_only,63,806.0
ZINCf5000000ZwZ3,stage3_only,63,806.0
ZINCf5000000Zwmh,stage3_only,63,806.0
ZINCf5000000ZxEo,stage3_only,63,806.0
ZINCf5000000Zxnj,stage3_only,63,806.0
ZINCf5000000ZyG5,stage3_only,63,806.0
ZINCf5000000ZyUF,stage3_only,63,806.0
ZINCf5000000ZyuR,stage3_only,63,806.0
ZINCf5000000Zz1e,stage3_only,63,806.0
ZINCf5000000Zz22,stage3_only,63,806.0
ZINCf5000000a0R6,stage3_only,63,806.0
ZINCf5000000a0RG,stage3_only,63,806.0
ZINCf5000000a0va,stage3_only,63,806.0
ZINCf5000000a17k,stage3_only,63,806.0
ZINCf5000000a1pf,stage3_only,63,806.0
ZINCf5000000a2Fk,stage3_only,63,806.0
ZINCf5000000a3K4,stage3_only,63,806.0
ZINCf5000000a3uZ,stage3_only,63,806.0
ZINCf5000000a4Co,stage3_only,63,806.0
ZINCf5000000a4J8,stage3_only,63,806.0
ZINCf5000000a4Q2,stage3_only,63,806.0
ZINCf5000000a4a4,stage3_only,63,806.0
ZINCf5000000a4fR,stage3_only,63,806.0
ZINCf5000000a5Ck,stage3_only,63,806.0
ZINCf5000000a5JY,stage3_only,63,806.0
ZINCf5000000a5Jc,stage3_only,63,806.0
ZINCf5000000a5WO,stage3_only,63,806.0
ZINCf5000000a5tr,stage3_only,63,806.0
ZINCf5000000a5vS,stage3_only,63,806.0
ZINCf5000000a5xo,stage3_only,63,806.0
ZINCf5000000a5ym,stage3_only,63,806.0
ZINCf5000000a7JD,stage3_only,63,806.0
ZINCf5000000a7US,stage3_only,63,806.0
ZINCf5000000a7WC,stage3_only,63,806.0
ZINCf5000000a7n5,stage3_only,63,806.0
ZINCf5000000a8JE,stage3_only,63,806.0
ZINCf5000000a8JF,stage3_only,63,806.0
ZINCf5000000a94X,stage3_only,63,806.0
ZINCf5000000a9AP,stage3_only,63,806.0
ZINCf5000000a9ME,stage3_only,63,806.0
ZINCf5000000a9cI,stage3_only,63,806.0
ZINCf5000000a9fe,stage3_only,63,806.0
ZINCf5000000a9iF,stage3_only,63,806.0
ZINCf5000000a9iG,stage3_only,63,806.0
ZINCf5000000a9rH,stage3_only,63,806.0
ZINCf5000000aa29,stage3_only,63,806.0
ZINCf5000000aa8e,stage3_only,63,806.0
ZINCf5000000aaD5,stage3_only,63,806.0
ZINCf5000000aabR,stage3_only,63,806.0
ZINCf5000000aahM,stage3_only,63,806.0
ZINCf5000000aakm,stage3_only,63,806.0
ZINCf5000000aatP,stage3_only,63,806.0
ZINCf5000000abAi,stage3_only,63,806.0
ZINCf5000000abH0,stage3_only,63,806.0
ZINCf5000000abKk,stage3_only,63,806.0
ZINCf5000000abWF,stage3_only,63,806.0
ZINCf5000000abZ9,stage3_only,63,806.0
ZINCf5000000abtm,stage3_only,63,806.0
ZINCf5000000abwH,stage3_only,63,806.0
ZINCf5000000acC2,stage3_only,63,806.0
ZINCf5000000acC3,stage3_only,63,806.0
ZINCf5000000acCv,stage3_only,63,806.0
ZINCf5000000acD4,stage3_only,63,806.0
ZINCf5000000acEB,stage3_only,63,806.0
ZINCf5000000acIL,stage3_only,63,806.0
ZINCf5000000acJW,stage3_only,63,806.0
ZINCf5000000acJX,stage3_only,63,806.0
ZINCf5000000acJo,stage3_only,63,806.0
ZINCf5000000acNm,stage3_only,63,806.0
ZINCf5000000acNr,stage3_only,63,806.0
ZINCf5000000acRP,stage3_only,63,806.0
ZINCf5000000acSC,stage3_only,63,806.0
ZINCf5000000acSz,stage3_only,63,806.0
ZINCf5000000acTN,stage3_only,63,806.0
ZINCf5000000acTP,stage3_only,63,806.0
ZINCf5000000acUm,stage3_only,63,806.0
ZINCf5000000acUo,stage3_only,63,806.0
ZINCf5000000acYe,stage3_only,63,806.0
ZINCf5000000acmg,stage3_only,63,806.0
ZINCf5000000acqq,stage3_only,63,806.0
ZINCf5000000acrg,stage3_only,63,806.0
ZINCf5000000ad3H,stage3_only,63,806.0
ZINCf5000000ad3c,stage3_only,63,806.0
ZINCf5000000adA3,stage3_only,63,806.0
ZINCf5000000adG3,stage3_only,63,806.0
ZINCf5000000adGN,stage3_only,63,806.0
ZINCf5000000adGO,stage3_only,63,806.0
ZINCf5000000advk,stage3_only,63,806.0
ZINCf5000000adyO,stage3_only,63,806.0
ZINCf5000000ae2p,stage3_only,63,806.0
ZINCf5000000aeNZ,stage3_only,63,806.0
ZINCf5000000af3d,stage3_only,63,806.0
ZINCf5000000af5N,stage3_only,63,806.0
ZINCf5000000af5X,stage3_only,63,806.0
ZINCf5000000afYF,stage3_only,63,806.0
ZINCf5000000agon,stage3_only,63,806.0
ZINCf5000000aguA,stage3_only,63,806.0
ZINCf5000000aguu,stage3_only,63,806.0
ZINCf5000000ahoM,stage3_only,63,806.0
ZINCf5000000ahsC,stage3_only,63,806.0
ZINCf5000000ai5I,stage3_only,63,806.0
ZINCf5000000aiTW,stage3_only,63,806.0
ZINCf5000000aiZh,stage3_only,63,806.0
ZINCf5000000aj4d,stage3_only,63,806.0
ZINCf5000000ajAO,stage3_only,63,806.0
ZINCf5000000ajkb,stage3_only,63,806.0
ZINCf5000000ajo6,stage3_only,63,806.0
ZINCf5000000ajo9,stage3_only,63,806.0
ZINCf5000000ajs3,stage3_only,63,806.0
ZINCf5000000ajwE,stage3_only,63,806.0
ZINCf5000000akN8,stage3_only,63,806.0
ZINCf5000000akV7,stage3_only,63,806.0
ZINCf5000000alCq,stage3_only,63,806.0
ZINCf5000000aloI,stage3_only,63,806.0
ZINCf5000000alxA,stage3_only,63,806.0
ZINCf5000000alxZ,stage3_only,63,806.0
ZINCf5000000amzy,stage3_only,63,806.0
ZINCf5000000aoNC,stage3_only,63,806.0
ZINCf5000000aoik,stage3_only,63,806.0
ZINCf5000000ap96,stage3_only,63,806.0
ZINCf5000000ap9G,stage3_only,63,806.0
ZINCf5000000apFQ,stage3_only,63,806.0
ZINCf5000000apOt,stage3_only,63,806.0
ZINCf5000000apQ8,stage3_only,63,806.0
ZINCf5000000apQa,stage3_only,63,806.0
ZINCf5000000apS0,stage3_only,63,806.0
ZINCf5000000apS2,stage3_only,63,806.0
ZINCf5000000apS9,stage3_only,63,806.0
ZINCf5000000apSt,stage3_only,63,806.0
ZINCf5000000apTa,stage3_only,63,806.0
ZINCf5000000apXZ,stage3_only,63,806.0
ZINCf5000000apYi,stage3_only,63,806.0
ZINCf5000000aqAz,stage3_only,63,806.0
ZINCf5000000aqYC,stage3_only,63,806.0
ZINCf5000000aqt0,stage3_only,63,806.0
ZINCf5000000ar11,stage3_only,63,806.0
ZINCf5000000ar7F,stage3_only,63,806.0
ZINCf5000000arL0,stage3_only,63,806.0
ZINCf5000000arit,stage3_only,63,806.0
ZINCf5000000arvc,stage3_only,63,806.0
ZINCf5000000atl4,stage3_only,63,806.0
ZINCf5000000atn8,stage3_only,63,806.0
ZINCf5000000atwE,stage3_only,63,806.0
ZINCf5000000au4k,stage3_only,63,806.0
ZINCf5000000auKo,stage3_only,63,806.0
ZINCf5000000auLy,stage3_only,63,806.0
ZINCf5000000auR5,stage3_only,63,806.0
ZINCf5000000avmJ,stage3_only,63,806.0
ZINCf5000000avzU,stage3_only,63,806.0
ZINCf5000000ax0J,stage3_only,63,806.0
ZINCf5000000ax0v,stage3_only,63,806.0
ZINCf5000000ax3F,stage3_only,63,806.0
ZINCf5000000ax3U,stage3_only,63,806.0
ZINCf5000000ax9n,stage3_only,63,806.0
ZINCf5000000axG4,stage3_only,63,806.0
ZINCf5000000axIK,stage3_only,63,806.0
ZINCf5000000axRX,stage3_only,63,806.0
ZINCf5000000axc4,stage3_only,63,806.0
ZINCf5000000axcT,stage3_only,63,806.0
ZINCf5000000axci,stage3_only,63,806.0
ZINCf5000000axjz,stage3_only,63,806.0
ZINCf5000000axpl,stage3_only,63,806.0
ZINCf5000000axtN,stage3_only,63,806.0
ZINCf5000000ayEP,stage3_only,63,806.0
ZINCf5000000aygm,stage3_only,63,806.0
ZINCf5000000ayx5,stage3_only,63,806.0
ZINCf5000000az2H,stage3_only,63,806.0
ZINCf5000000az5i,stage3_only,63,806.0
ZINCf5000000azN9,stage3_only,63,806.0
ZINCf5000000azOp,stage3_only,63,806.0
ZINCf5000000azOr,stage3_only,63,806.0
ZINCf5000000azPG,stage3_only,63,806.0
ZINCf50000017AHc,stage3_only,63,806.0
ZINCf50000017AV1,stage3_only,63,806.0
ZINCf50000017AmI,stage3_only,63,806.0
ZINCf50000017AmL,stage3_only,63,806.0
ZINCf50000017BCl,stage3_only,63,806.0
ZINCf50000017BEC,stage3_only,63,806.0
ZINCf50000017BXI,stage3_only,63,806.0
ZINCf50000017BZ2,stage3_only,63,806.0
ZINCf50000017BnG,stage3_only,63,806.0
ZINCf50000017BnH,stage3_only,63,806.0
ZINCf50000017BnT,stage3_only,63,806.0
ZINCf50000017Bo0,stage3_only,63,806.0
ZINCf50000017BqP,stage3_only,63,806.0
ZINCf50000017CN3,stage3_only,63,806.0
ZINCf50000017DIm,stage3_only,63,806.0
ZINCf50000017Dfp,stage3_only,63,806.0
ZINCf50000017DqO,stage3_only,63,806.0
ZINCf50000017EKv,stage3_only,63,806.0
ZINCf50000017F29,stage3_only,63,806.0
ZINCf50000017Fmk,stage3_only,63,806.0
ZINCf50000017G7B,stage3_only,63,806.0
ZINCf50000017HJE,stage3_only,63,806.0
ZINCf50000017HJx,stage3_only,63,806.0
ZINCf50000017HS4,stage3_only,63,806.0
ZINCf50000017HXG,stage3_only,63,806.0
ZINCf50000017HZ5,stage3_only,63,806.0
ZINCf50000017Hd9,stage3_only,63,806.0
ZINCf50000017Hff,stage3_only,63,806.0
ZINCf50000017Hgt,stage3_only,63,806.0
ZINCf50000017HhX,stage3_only,63,806.0
ZINCf50000017I6A,stage3_only,63,806.0
ZINCf50000017I7M,stage3_only,63,806.0
ZINCf50000017ITM,stage3_only,63,806.0
ZINCf50000017IU9,stage3_only,63,806.0
ZINCf50000017Iar,stage3_only,63,806.0
ZINCf50000017Ipo,stage3_only,63,806.0
ZINCf50000017Irl,stage3_only,63,806.0
ZINCf50000017JHS,stage3_only,63,806.0
ZINCf50000017JSA,stage3_only,63,806.0
ZINCf50000017JcP,stage3_only,63,806.0
ZINCf50000017KOB,stage3_only,63,806.0
ZINCf50000017KQY,stage3_only,63,806.0
ZINCf50000017KTo,stage3_only,63,806.0
ZINCf50000017KWb,stage3_only,63,806.0
ZINCf50000017KeD,stage3_only,63,806.0
ZINCf50000017KeG,stage3_only,63,806.0
ZINCf50000017Kgc,stage3_only,63,806.0
ZINCf50000017KoO,stage3_only,63,806.0
ZINCf50000017Kqj,stage3_only,63,806.0
ZINCf50000017Kso,stage3_only,63,806.0
ZINCf50000017L7T,stage3_only,63,806.0
ZINCf50000017LIJ,stage3_only,63,806.0
ZINCf50000017LKa,stage3_only,63,806.0
ZINCf50000017LMP,stage3_only,63,806.0
ZINCf50000017LMW,stage3_only,63,806.0
ZINCf50000017LMX,stage3_only,63,806.0
ZINCf50000017NGr,stage3_only,63,806.0
ZINCf50000017NRs,stage3_only,63,806.0
ZINCf50000017NnO,stage3_only,63,806.0
ZINCf50000017NsX,stage3_only,63,806.0
ZINCf50000017O3K,stage3_only,63,806.0
ZINCf50000017ODU,stage3_only,63,806.0
ZINCf50000017OJ3,stage3_only,63,806.0
ZINCf50000017Op8,stage3_only,63,806.0
ZINCf50000017P06,stage3_only,63,806.0
ZINCf50000017P4L,stage3_only,63,806.0
ZINCf50000017P7X,stage3_only,63,806.0
ZINCf50000017P8f,stage3_only,63,806.0
ZINCf50000017Pbh,stage3_only,63,806.0
ZINCf50000017Pd0,stage3_only,63,806.0
ZINCf50000017Pfx,stage3_only,63,806.0
ZINCf50000017PhK,stage3_only,63,806.0
ZINCf50000017PhM,stage3_only,63,806.0
ZINCf50000017QuS,stage3_only,63,806.0
ZINCf50000017RSx,stage3_only,63,806.0
ZINCf50000017TJ9,stage3_only,63,806.0
ZINCf50000017TgO,stage3_only,63,806.0
ZINCf50000017UAc,stage3_only,63,806.0
ZINCf50000017ULD,stage3_only,63,806.0
ZINCf50000017Uuo,stage3_only,63,806.0
ZINCf50000017VOT,stage3_only,63,806.0
ZINCf50000017W88,stage3_only,63,806.0
ZINCf50000017WRP,stage3_only,63,806.0
ZINCf50000017WuK,stage3_only,63,806.0
ZINCf50000017Wyt,stage3_only,63,806.0
ZINCf50000017X3k,stage3_only,63,806.0
ZINCf50000017XIs,stage3_only,63,806.0
ZINCf50000017Xeg,stage3_only,63,806.0
ZINCf50000017YOP,stage3_only,63,806.0
ZINCf50000017ZrY,stage3_only,63,806.0
ZINCf50000017l1k,stage3_only,63,806.0
ZINCf50000017l5v,stage3_only,63,806.0
ZINCf50000017mFN,stage3_only,63,806.0
ZINCf50000017mVi,stage3_only,63,806.0
ZINCf50000017nBt,stage3_only,63,806.0
ZINCf50000017nbs,stage3_only,63,806.0
ZINCf50000017nhg,stage3_only,63,806.0
ZINCf50000017oaP,stage3_only,63,806.0
ZINCf50000017oqw,stage3_only,63,806.0
ZINCf50000017p1P,stage3_only,63,806.0
ZINCf50000017phT,stage3_only,63,806.0
ZINCf50000017qcH,stage3_only,63,806.0
ZINCf50000017qpR,stage3_only,63,806.0
ZINCf50000017sU6,stage3_only,63,806.0
ZINCf50000017sbt,stage3_only,63,806.0
ZINCf50000017spv,stage3_only,63,806.0
ZINCf50000017uPT,stage3_only,63,806.0
ZINCf50000017ulv,stage3_only,63,806.0
ZINCf50000017vAk,stage3_only,63,806.0
ZINCf50000017vGK,stage3_only,63,806.0
ZINCf50000017vXX,stage3_only,63,806.0
ZINCf50000017w8G,stage3_only,63,806.0
ZINCf50000017wBQ,stage3_only,63,806.0
ZINCf50000017wUn,stage3_only,63,806.0
ZINCf50000017wUx,stage3_only,63,806.0
ZINCf50000017y0Q,stage3_only,63,806.0
ZINCf50000017y6z,stage3_only,63,806.0
ZINCf50000017yCg,stage3_only,63,806.0
ZINCf50000017yE3,stage3_only,63,806.0
ZINCf50000017yYU,stage3_only,63,806.0
ZINCf50000017yYv,stage3_only,63,806.0
ZINCf50000017ysu,stage3_only,63,806.0
ZINCf50000017z1T,stage3_only,63,806.0
ZINCf50000017za3,stage3_only,63,806.0
ZINCf50000017zdT,stage3_only,63,806.0
ZINCf50000017zia,stage3_only,63,806.0
ZINCf50000017zxn,stage3_only,63,806.0
ZINCf500000180QN,stage3_only,63,806.0
ZINCf500000180Ww,stage3_only,63,806.0
ZINCf500000180k4,stage3_only,63,806.0
ZINCf500000180wS,stage3_only,63,806.0
ZINCf500000180z1,stage3_only,63,806.0
ZINCf5000001810O,stage3_only,63,806.0
ZINCf5000001811v,stage3_only,63,806.0
ZINCf5000001815g,stage3_only,63,806.0
ZINCf500000181a2,stage3_only,63,806.0
ZINCf500000181iC,stage3_only,63,806.0
ZINCf500000181o6,stage3_only,63,806.0
ZINCf500000181oW,stage3_only,63,806.0
ZINCf500000181qc,stage3_only,63,806.0
ZINCf500000181yj,stage3_only,63,806.0
ZINCf5000001841Q,stage3_only,63,806.0
ZINCf500000184cO,stage3_only,63,806.0
ZINCf500000184mH,stage3_only,63,806.0
ZINCf500000185c0,stage3_only,63,806.0
ZINCf500000185kJ,stage3_only,63,806.0
ZINCf500000186Kt,stage3_only,63,806.0
ZINCf500000186rO,stage3_only,63,806.0
ZINCf5000001871q,stage3_only,63,806.0
ZINCf500000187IV,stage3_only,63,806.0
ZINCf500000187N5,stage3_only,63,806.0
ZINCf500000187XB,stage3_only,63,806.0
ZINCf500000187iK,stage3_only,63,806.0
ZINCf500000187kA,stage3_only,63,806.0
ZINCf5000001881o,stage3_only,63,806.0
ZINCf500000188ls,stage3_only,63,806.0
ZINCf500000188ur,stage3_only,63,806.0
ZINCf500000189Cj,stage3_only,63,806.0
ZINCf500000189Wa,stage3_only,63,806.0
ZINCf500000189qy,stage3_only,63,806.0
ZINCf50000018b5F,stage3_only,63,806.0
ZINCf50000018bAx,stage3_only,63,806.0
ZINCf50000018bBg,stage3_only,63,806.0
ZINCf50000018bSj,stage3_only,63,806.0
ZINCf50000018bXX,stage3_only,63,806.0
ZINCf50000018bku,stage3_only,63,806.0
ZINCf50000018brJ,stage3_only,63,806.0
ZINCf50000018cDt,stage3_only,63,806.0
ZINCf50000018cHY,stage3_only,63,806.0
ZINCf50000018cIT,stage3_only,63,806.0
ZINCf50000018cLy,stage3_only,63,806.0
ZINCf50000018cQq,stage3_only,63,806.0
ZINCf50000018cSt,stage3_only,63,806.0
ZINCf50000018cT8,stage3_only,63,806.0
ZINCf50000018cUj,stage3_only,63,806.0
ZINCf50000018cfT,stage3_only,63,806.0
ZINCf50000018cs2,stage3_only,63,806.0
ZINCf50000018csw,stage3_only,63,806.0
ZINCf50000018cvm,stage3_only,63,806.0
ZINCf50000018dKA,stage3_only,63,806.0
ZINCf5000001AKBy,stage3_only,63,806.0
ZINCf5000001AXnq,stage3_only,63,806.0
ZINCf5000001Aklv,stage3_only,63,806.0
ZINCf5000001B12d,stage3_only,63,806.0
ZINCf5000001B6mr,stage3_only,63,806.0
ZINCf5000001BZEV,stage3_only,63,806.0
ZINCf5000001BhxF,stage3_only,63,806.0
ZINCf5000001CDNr,stage3_only,63,806.0
ZINCf5000001CEAB,stage3_only,63,806.0
ZINCf5000001CVfY,stage3_only,63,806.0
ZINCf5000001CsKq,stage3_only,63,806.0
ZINCf5000001DQrG,stage3_only,63,806.0
ZINCf5000001DljD,stage3_only,63,806.0
ZINCf5000001E9fQ,stage3_only,63,806.0
ZINCf5000001ErXr,stage3_only,63,806.0
ZINCf5000001FcQz,stage3_only,63,806.0
ZINCf5000001FdUZ,stage3_only,63,806.0
ZINCf5000001GWlM,stage3_only,63,806.0
ZINCf5000001Gmg6,stage3_only,63,806.0
ZINCf5000001HGIS,stage3_only,63,806.0
ZINCf5000001HZgo,stage3_only,63,806.0
ZINCf5000001I74I,stage3_only,63,806.0
ZINCf5000001Inkb,stage3_only,63,806.0
ZINCf5000001JHD5,stage3_only,63,806.0
ZINCf5000001JSby,stage3_only,63,806.0
ZINCf5000001KDga,stage3_only,63,806.0
ZINCf5000001KLmR,stage3_only,63,806.0
ZINCf5000001L1n0,stage3_only,63,806.0
ZINCf5000001LBBe,stage3_only,63,806.0
ZINCf5000001MGxA,stage3_only,63,806.0
ZINCf5000001MKOo,stage3_only,63,806.0
ZINCf5000001N6HT,stage3_only,63,806.0
ZINCf5000001N6Rz,stage3_only,63,806.0
ZINCf5000001NayB,stage3_only,63,806.0
ZINCf5000001Ne0k,stage3_only,63,806.0
ZINCf5000001O3vl,stage3_only,63,806.0
ZINCf5000001OeYf,stage3_only,63,806.0
ZINCf5000001OxXj,stage3_only,63,806.0
ZINCf5000001PMRx,stage3_only,63,806.0
ZINCf5000001PUBi,stage3_only,63,806.0
ZINCf5000001QBG9,stage3_only,63,806.0
ZINCf5000001QlLD,stage3_only,63,806.0
ZINCf5000001QntH,stage3_only,63,806.0
ZINCf5000001R1VV,stage3_only,63,806.0
ZINCf5000001R6eV,stage3_only,63,806.0
ZINCf5000001R9gQ,stage3_only,63,806.0
ZINCf5000001RKHX,stage3_only,63,806.0
ZINCf5000001RR6x,stage3_only,63,806.0
ZINCf5000001S1xX,stage3_only,63,806.0
ZINCf5000001SOIu,stage3_only,63,806.0
ZINCf5000001Ss7a,stage3_only,63,806.0
ZINCf5000001T3Fb,stage3_only,63,806.0
ZINCf5000001TLqs,stage3_only,63,806.0
ZINCf5000001TMv3,stage3_only,63,806.0
ZINCf5000001UDXr,stage3_only,63,806.0
ZINCf5000001UL0E,stage3_only,63,806.0
ZINCf5000001UNEX,stage3_only,63,806.0
ZINCf5000001UPLJ,stage3_only,63,806.0
ZINCf5000001UoUg,stage3_only,63,806.0
ZINCf5000001VQQf,stage3_only,63,806.0
ZINCf5000001VrlX,stage3_only,63,806.0
ZINCf5000001Vzqp,stage3_only,63,806.0
ZINCf5000001WJXL,stage3_only,63,806.0
ZINCf5000001Wday,stage3_only,63,806.0
ZINCf5000001WiDj,stage3_only,63,806.0
ZINCf5000001Wobo,stage3_only,63,806.0
ZINCf5000001XUpk,stage3_only,63,806.0
ZINCf5000001YK19,stage3_only,63,806.0
ZINCf5000001YMN9,stage3_only,63,806.0
ZINCf5000001YVXJ,stage3_only,63,806.0
ZINCf5000001YykT,stage3_only,63,806.0
ZINCf5000001Z8qb,stage3_only,63,806.0
ZINCf5000001oTeG,stage3_only,63,806.0
ZINCf5000001oTxT,stage3_only,63,806.0
ZINCf5000001og2M,stage3_only,63,806.0
ZINCf5000001oiYi,stage3_only,63,806.0
ZINCf5000001olig,stage3_only,63,806.0
ZINCf5000001omOP,stage3_only,63,806.0
ZINCf5000001onov,stage3_only,63,806.0
ZINCf5000001orCY,stage3_only,63,806.0
ZINCf5000001os6S,stage3_only,63,806.0
ZINCf5000001osMH,stage3_only,63,806.0
ZINCf5000001pnpK,stage3_only,63,806.0
ZINCf5000001pvAi,stage3_only,63,806.0
ZINCf5000001q0Kg,stage3_only,63,806.0
ZINCf5000001q0ol,stage3_only,63,806.0
ZINCf5000001q6o8,stage3_only,63,806.0
ZINCf5000001qM4w,stage3_only,63,806.0
ZINCf5000001qMCm,stage3_only,63,806.0
ZINCf5000001qPnh,stage3_only,63,806.0
ZINCf5000001qm5O,stage3_only,63,806.0
ZINCf5000001rCyU,stage3_only,63,806.0
ZINCf5000001rEZM,stage3_only,63,806.0
ZINCf5000001rTZS,stage3_only,63,806.0
ZINCf5000001rW3P,stage3_only,63,806.0
ZINCf5000001rvMT,stage3_only,63,806.0
ZINCf5000001sFyK,stage3_only,63,806.0
ZINCf5000001shJH,stage3_only,63,806.0
ZINCf5000001tN8K,stage3_only,63,806.0
ZINCf5000001u5QP,stage3_only,63,806.0
ZINCf5000001upBV,stage3_only,63,806.0
ZINCf5000001vdUv,stage3_only,63,806.0
ZINCf5000001vfHM,stage3_only,63,806.0
ZINCf5000001vlyY,stage3_only,63,806.0
ZINCf5000001vtEI,stage3_only,63,806.0
ZINCf5000001wG0U,stage3_only,63,806.0
ZINCf5000001wPBR,stage3_only,63,806.0
ZINCf5000001wrKt,stage3_only,63,806.0
ZINCf5000001x8Bp,stage3_only,63,806.0
ZINCf5000001yqMY,stage3_only,63,806.0
ZINCf5000001zKUr,stage3_only,63,806.0
ZINCf5000001zKaK,stage3_only,63,806.0
ZINCf500000204MX,stage3_only,63,806.0
ZINCf500000222oK,stage3_only,63,806.0
ZINCf500000225s6,stage3_only,63,806.0
ZINCf50000022bFk,stage3_only,63,806.0
ZINCf500000239R3,stage3_only,63,806.0
ZINCf50000023t3V,stage3_only,63,806.0
ZINCf50000023xoF,stage3_only,63,806.0
ZINCf500000243gF,stage3_only,63,806.0
ZINCf50000024C21,stage3_only,63,806.0
ZINCf50000024FMA,stage3_only,63,806.0
ZINCf50000024Fgs,stage3_only,63,806.0
ZINCf50000024GA8,stage3_only,63,806.0
ZINCf50000024ITY,stage3_only,63,806.0
ZINCf50000024Iwn,stage3_only,63,806.0
ZINCf50000024KJR,stage3_only,63,806.0
ZINCf50000024NXI,stage3_only,63,806.0
ZINCf50000024Rar,stage3_only,63,806.0
ZINCf50000024SdN,stage3_only,63,806.0
ZINCf50000024W6j,stage3_only,63,806.0
ZINCf50000024dVA,stage3_only,63,806.0
ZINCf50000024kCv,stage3_only,63,806.0
ZINCf50000024luX,stage3_only,63,806.0
ZINCf50000024pu6,stage3_only,63,806.0
ZINCf50000024rPW,stage3_only,63,806.0
ZINCf50000024szX,stage3_only,63,806.0
ZINCf500000252Wu,stage3_only,63,806.0
ZINCf500000255IB,stage3_only,63,806.0
ZINCf500000256q2,stage3_only,63,806.0
ZINCf50000025AQY,stage3_only,63,806.0
ZINCf50000025DEQ,stage3_only,63,806.0
ZINCf50000025GN0,stage3_only,63,806.0
ZINCf50000025KaS,stage3_only,63,806.0
ZINCf50000025M1R,stage3_only,63,806.0
ZINCf50000025VUm,stage3_only,63,806.0
ZINCf50000025WKU,stage3_only,63,806.0
ZINCf50000025oiK,stage3_only,63,806.0
ZINCf50000025uSm,stage3_only,63,806.0
ZINCf500000263Mr,stage3_only,63,806.0
ZINCf500000264ro,stage3_only,63,806.0
ZINCf500000267FD,stage3_only,63,806.0
ZINCf50000026Kk6,stage3_only,63,806.0
ZINCf50000026T15,stage3_only,63,806.0
ZINCf50000026TVY,stage3_only,63,806.0
ZINCf50000026YZ4,stage3_only,63,806.0
ZINCf50000026aGv,stage3_only,63,806.0
ZINCf50000026oVS,stage3_only,63,806.0
ZINCf50000026zMv,stage3_only,63,806.0
ZINCf500000275gY,stage3_only,63,806.0
ZINCf50000027HWE,stage3_only,63,806.0
ZINCf50000027PC8,stage3_only,63,806.0
ZINCf50000027UL9,stage3_only,63,806.0
ZINCf50000027UOp,stage3_only,63,806.0
ZINCf50000027UiN,stage3_only,63,806.0
ZINCf50000027fY0,stage3_only,63,806.0
ZINCf50000027pLc,stage3_only,63,806.0
ZINCf50000027pPY,stage3_only,63,806.0
ZINCf50000027ps8,stage3_only,63,806.0
ZINCf50000027t7N,stage3_only,63,806.0
ZINCf50000027vOR,stage3_only,63,806.0
ZINCf50000027vdG,stage3_only,63,806.0
ZINCf5000002823b,stage3_only,63,806.0
ZINCf50000028GQR,stage3_only,63,806.0
ZINCf50000028HLN,stage3_only,63,806.0
ZINCf50000028ISp,stage3_only,63,806.0
ZINCf50000028LEi,stage3_only,63,806.0
ZINCf50000028Nf7,stage3_only,63,806.0
ZINCf50000028SRH,stage3_only,63,806.0
ZINCf50000028VB4,stage3_only,63,806.0
ZINCf50000028kMc,stage3_only,63,806.0
ZINCf50000028nNI,stage3_only,63,806.0
ZINCf50000028ups,stage3_only,63,806.0
ZINCf500000298VP,stage3_only,63,806.0
ZINCf50000029ADx,stage3_only,63,806.0
ZINCf50000029EEA,stage3_only,63,806.0
ZINCf50000029JdJ,stage3_only,63,806.0
ZINCf50000029Tt9,stage3_only,63,806.0
ZINCf50000029VGD,stage3_only,63,806.0
ZINCf50000029YkI,stage3_only,63,806.0
ZINCf50000029adq,stage3_only,63,806.0
ZINCf50000029civ,stage3_only,63,806.0
ZINCf50000029gb5,stage3_only,63,806.0
ZINCf5000002a4Dt,stage3_only,63,806.0
ZINCf5000002a8Vn,stage3_only,63,806.0
ZINCf5000002aFsq,stage3_only,63,806.0
ZINCf5000002aGP3,stage3_only,63,806.0
ZINCf5000002aJ1f,stage3_only,63,806.0
ZINCf5000002aKS4,stage3_only,63,806.0
ZINCf5000002aKaQ,stage3_only,63,806.0
ZINCf5000002aLWo,stage3_only,63,806.0
ZINCf5000002aNBR,stage3_only,63,806.0
ZINCf5000002aO39,stage3_only,63,806.0
ZINCf5000002aOJl,stage3_only,63,806.0
ZINCf5000002aOPa,stage3_only,63,806.0
ZINCf5000002aPmx,stage3_only,63,806.0
ZINCf5000002aQ0L,stage3_only,63,806.0
ZINCf5000002aQ6f,stage3_only,63,806.0
ZINCf5000002aQII,stage3_only,63,806.0
ZINCf5000002aQKe,stage3_only,63,806.0
ZINCf5000002aRP2,stage3_only,63,806.0
ZINCf5000002aRZH,stage3_only,63,806.0
ZINCf5000002aSDG,stage3_only,63,806.0
ZINCf5000002aSEZ,stage3_only,63,806.0
ZINCf5000002aSJ3,stage3_only,63,806.0
ZINCf5000002aSPS,stage3_only,63,806.0
ZINCf5000002aScU,stage3_only,63,806.0
ZINCf5000002aSfL,stage3_only,63,806.0
ZINCf5000002aT9J,stage3_only,63,806.0
ZINCf5000002aU6d,stage3_only,63,806.0
ZINCf5000002aURX,stage3_only,63,806.0
ZINCf5000002aUZH,stage3_only,63,806.0
ZINCf5000002aV5T,stage3_only,63,806.0
ZINCf5000002aVFW,stage3_only,63,806.0
ZINCf5000002acMt,stage3_only,63,806.0
ZINCf5000002am9v,stage3_only,63,806.0
ZINCf5000002armR,stage3_only,63,806.0
ZINCf5000002asNl,stage3_only,63,806.0
ZINCf5000002dA83,stage3_only,63,806.0
ZINCf5000002dA84,stage3_only,63,806.0
ZINCf5000002dABR,stage3_only,63,806.0
ZINCf5000002dABS,stage3_only,63,806.0
ZINCf5000002dByQ,stage3_only,63,806.0
ZINCf5000002dD5F,stage3_only,63,806.0
ZINCf5000002dD5k,stage3_only,63,806.0
ZINCf5000002dEDM,stage3_only,63,806.0
ZINCf5000002dEbM,stage3_only,63,806.0
ZINCf5000002dEiH,stage3_only,63,806.0
ZINCf5000002dEiI,stage3_only,63,806.0
ZINCf5000002dEiR,stage3_only,63,806.0
ZINCf5000002dG2e,stage3_only,63,806.0
ZINCf5000002dG7y,stage3_only,63,806.0
ZINCf5000002dHJw,stage3_only,63,806.0
ZINCf5000002dKPr,stage3_only,63,806.0
ZINCf5000002dKxn,stage3_only,63,806.0
ZINCf5000002dMmI,stage3_only,63,806.0
ZINCf5000002dNZz,stage3_only,63,806.0
ZINCf5000002dPmY,stage3_only,63,806.0
ZINCf5000002dQJ8,stage3_only,63,806.0
ZINCf5000002dR2n,stage3_only,63,806.0
ZINCf5000002dR3L,stage3_only,63,806.0
ZINCf5000002dR3M,stage3_only,63,806.0
ZINCf5000002dR3S,stage3_only,63,806.0
ZINCf5000002dRs4,stage3_only,63,806.0
ZINCf5000002dSIB,stage3_only,63,806.0
ZINCf5000002dSJI,stage3_only,63,806.0
ZINCf5000002dSn3,stage3_only,63,806.0
ZINCf5000002dT8U,stage3_only,63,806.0
ZINCf5000002dUDr,stage3_only,63,806.0
ZINCf5000002dUUq,stage3_only,63,806.0
ZINCf5000002dW9F,stage3_only,63,806.0
ZINCf5000002dW9G,stage3_only,63,806.0
ZINCf5000002dWV0,stage3_only,63,806.0
ZINCf5000002dWYJ,stage3_only,63,806.0
ZINCf5000002dXNu,stage3_only,63,806.0
ZINCf5000002dXS3,stage3_only,63,806.0
ZINCf5000002dYfk,stage3_only,63,806.0
ZINCf5000002dYmk,stage3_only,63,806.0
ZINCf5000002dYnS,stage3_only,63,806.0
ZINCf5000002dYpi,stage3_only,63,806.0
ZINCf5000002dZM2,stage3_only,63,806.0
ZINCf5000002dZOu,stage3_only,63,806.0
ZINCf5000002dZlW,stage3_only,63,806.0
ZINCf5000002dZpf,stage3_only,63,806.0
ZINCf5000002dj9D,stage3_only,63,806.0
ZINCf5000002dkM7,stage3_only,63,806.0
ZINCf5000002dkMc,stage3_only,63,806.0
ZINCf5000002dlfk,stage3_only,63,806.0
ZINCf5000002dli8,stage3_only,63,806.0
ZINCf5000002dm0M,stage3_only,63,806.0
ZINCf5000002dmSv,stage3_only,63,806.0
ZINCf5000002dmbV,stage3_only,63,806.0
ZINCf5000002dngp,stage3_only,63,806.0
ZINCf5000002dnrq,stage3_only,63,806.0
ZINCf5000002dtlt,stage3_only,63,806.0
ZINCf5000002duCe,stage3_only,63,806.0
ZINCf5000002dw11,stage3_only,63,806.0
ZINCf5000002dwiC,stage3_only,63,806.0
ZINCf5000002e01m,stage3_only,63,806.0
ZINCf5000002e0T9,stage3_only,63,806.0
ZINCf5000002e12L,stage3_only,63,806.0
ZINCf5000002e22i,stage3_only,63,806.0
ZINCf5000002e28W,stage3_only,63,806.0
ZINCf5000002e29Q,stage3_only,63,806.0
ZINCf5000002e2K1,stage3_only,63,806.0
ZINCf5000002e2bD,stage3_only,63,806.0
ZINCf5000002e53z,stage3_only,63,806.0
ZINCf5000002e5Fs,stage3_only,63,806.0
ZINCf5000002e5Hf,stage3_only,63,806.0
ZINCf5000002e5gK,stage3_only,63,806.0
ZINCf5000002e63U,stage3_only,63,806.0
ZINCf5000002e63V,stage3_only,63,806.0
ZINCf5000002e6Cy,stage3_only,63,806.0
ZINCf5000002e7NY,stage3_only,63,806.0
ZINCf5000002e7V7,stage3_only,63,806.0
ZINCf5000002e89Q,stage3_only,63,806.0
ZINCf5000002e8EA,stage3_only,63,806.0
ZINCf5000002e8Xb,stage3_only,63,806.0
ZINCf5000002e8Xt,stage3_only,63,806.0
ZINCf5000002e91S,stage3_only,63,806.0
ZINCf5000002eaMn,stage3_only,63,806.0
ZINCf5000002eaSY,stage3_only,63,806.0
ZINCf5000002eaUN,stage3_only,63,806.0
ZINCf5000002eaVo,stage3_only,63,806.0
ZINCf5000002ec9D,stage3_only,63,806.0
ZINCf5000002ecGy,stage3_only,63,806.0
ZINCf5000002ecIc,stage3_only,63,806.0
ZINCf5000002ecIl,stage3_only,63,806.0
ZINCf5000002ecKi,stage3_only,63,806.0
ZINCf5000002eciZ,stage3_only,63,806.0
ZINCf5000002ecl5,stage3_only,63,806.0
ZINCf5000002ecur,stage3_only,63,806.0
ZINCf5000002eeeG,stage3_only,63,806.0
ZINCf5000002eg1Y,stage3_only,63,806.0
ZINCf5000002ejK1,stage3_only,63,806.0
ZINCf5000002ejY5,stage3_only,63,806.0
ZINCf5000002ejZp,stage3_only,63,806.0
ZINCf5000002ejkF,stage3_only,63,806.0
ZINCf5000002ekNx,stage3_only,63,806.0
ZINCf5000002eliX,stage3_only,63,806.0
ZINCf5000002enFW,stage3_only,63,806.0
ZINCf5000002eoN5,stage3_only,63,806.0
ZINCf5000002eoqP,stage3_only,63,806.0
ZINCf5000002mA0U,stage3_only,63,806.0
ZINCf5000002mB1l,stage3_only,63,806.0
ZINCf5000002mBnK,stage3_only,63,806.0
ZINCf5000002mC06,stage3_only,63,806.0
ZINCf5000002mCGp,stage3_only,63,806.0
ZINCf5000002mCJW,stage3_only,63,806.0
ZINCf5000002mCLt,stage3_only,63,806.0
ZINCf5000002mCPi,stage3_only,63,806.0
ZINCf5000002mCfu,stage3_only,63,806.0
ZINCf5000002mCir,stage3_only,63,806.0
ZINCf5000002mDj1,stage3_only,63,806.0
ZINCf5000002mENP,stage3_only,63,806.0
ZINCf5000002mEYI,stage3_only,63,806.0
ZINCf5000002mFAy,stage3_only,63,806.0
ZINCf5000002mHDq,stage3_only,63,806.0
ZINCf5000002mHzE,stage3_only,63,806.0
ZINCf5000002msdK,stage3_only,63,806.0
ZINCf5000002mtBV,stage3_only,63,806.0
ZINCf5000002mtbc,stage3_only,63,806.0
ZINCf5000002muQN,stage3_only,63,806.0
ZINCf5000002mw02,stage3_only,63,806.0
ZINCf5000002mwdP,stage3_only,63,806.0
ZINCf5000002mx2n,stage3_only,63,806.0
ZINCf5000002mxvO,stage3_only,63,806.0
ZINCf5000002myLk,stage3_only,63,806.0
ZINCf5000002myLr,stage3_only,63,806.0
ZINCf5000002myVd,stage3_only,63,806.0
ZINCf5000002mypY,stage3_only,63,806.0
ZINCf5000002oCFb,stage3_only,63,806.0
ZINCf5000002oCHN,stage3_only,63,806.0
ZINCf5000002oCKl,stage3_only,63,806.0
ZINCf5000002oDC0,stage3_only,63,806.0
ZINCf5000002oDG4,stage3_only,63,806.0
ZINCf5000002oDM5,stage3_only,63,806.0
ZINCf5000002oEsQ,stage3_only,63,806.0
ZINCf5000002oEvf,stage3_only,63,806.0
ZINCf5000002oFf9,stage3_only,63,806.0
ZINCf5000002oGW4,stage3_only,63,806.0
ZINCf5000002oGxA,stage3_only,63,806.0
ZINCf5000002oGxv,stage3_only,63,806.0
ZINCf5000002oGxy,stage3_only,63,806.0
ZINCf5000002oHRJ,stage3_only,63,806.0
ZINCf5000002oHw2,stage3_only,63,806.0
ZINCf5000002oIcR,stage3_only,63,806.0
ZINCf5000002oIfE,stage3_only,63,806.0
ZINCf5000002ovih,stage3_only,63,806.0
ZINCf5000002ovy4,stage3_only,63,806.0
ZINCf5000002qAQ7,stage3_only,63,806.0
ZINCf5000002qAgC,stage3_only,63,806.0
ZINCf5000002qCCN,stage3_only,63,806.0
ZINCf5000002qCxU,stage3_only,63,806.0
ZINCf5000002qKMh,stage3_only,63,806.0
ZINCf5000002qKV6,stage3_only,63,806.0
ZINCf5000002qNLm,stage3_only,63,806.0
ZINCf5000002qOQs,stage3_only,63,806.0
ZINCf5000002qOjM,stage3_only,63,806.0
ZINCf5000002qOk7,stage3_only,63,806.0
ZINCf5000002qOk8,stage3_only,63,806.0
ZINCf5000002qOlN,stage3_only,63,806.0
ZINCf5000002qSav,stage3_only,63,806.0
ZINCf5000002qU7b,stage3_only,63,806.0
ZINCf5000002qUnY,stage3_only,63,806.0
ZINCf5000002qXdO,stage3_only,63,806.0
ZINCf5000002qXdP,stage3_only,63,806.0
ZINCf5000002qYF6,stage3_only,63,806.0
ZINCf5000002qYb3,stage3_only,63,806.0
ZINCf5000002qYi0,stage3_only,63,806.0
ZINCf5000002qZ68,stage3_only,63,806.0
ZINCf5000002qwaN,stage3_only,63,806.0
ZINCf5000002qx1K,stage3_only,63,806.0
ZINCf5000002qy5F,stage3_only,63,806.0
ZINCf5000002r2Mg,stage3_only,63,806.0
ZINCf5000002r3Nm,stage3_only,63,806.0
ZINCf5000002r52C,stage3_only,63,806.0
ZINCf5000002r56C,stage3_only,63,806.0
ZINCf5000002r5aT,stage3_only,63,806.0
ZINCf5000002r7z7,stage3_only,63,806.0
ZINCf5000002r8dq,stage3_only,63,806.0
ZINCf5000002r9g2,stage3_only,63,806.0
ZINCf5000002rCUc,stage3_only,63,806.0
ZINCf5000002rDJg,stage3_only,63,806.0
ZINCf5000002rF5w,stage3_only,63,806.0
ZINCf5000002rFi2,stage3_only,63,806.0
ZINCf5000002rFlk,stage3_only,63,806.0
ZINCf5000002rFoH,stage3_only,63,806.0
ZINCf5000002rJP3,stage3_only,63,806.0
ZINCf5000002rJso,stage3_only,63,806.0
ZINCf5000002rKN0,stage3_only,63,806.0
ZINCf5000002rKa7,stage3_only,63,806.0
ZINCf5000002rKbF,stage3_only,63,806.0
ZINCf5000002rLGd,stage3_only,63,806.0
ZINCf5000002rLKk,stage3_only,63,806.0
ZINCf5000002rLME,stage3_only,63,806.0
ZINCf5000002rLMQ,stage3_only,63,806.0
ZINCf5000002rLNk,stage3_only,63,806.0
ZINCf5000002rLOE,stage3_only,63,806.0
ZINCf5000002rLUh,stage3_only,63,806.0
ZINCf5000002rLUi,stage3_only,63,806.0
ZINCf5000002rLeJ,stage3_only,63,806.0
ZINCf5000002rMkN,stage3_only,63,806.0
ZINCf5000002rMkU,stage3_only,63,806.0
ZINCf5000002rN1w,stage3_only,63,806.0
ZINCf5000002rNhF,stage3_only,63,806.0
ZINCf5000002rNiq,stage3_only,63,806.0
ZINCf5000002rNnK,stage3_only,63,806.0
ZINCf5000002rNx2,stage3_only,63,806.0
ZINCf5000002rP1E,stage3_only,63,806.0
ZINCf5000002rPCd,stage3_only,63,806.0
ZINCf5000002rPE6,stage3_only,63,806.0
ZINCf5000002rPKf,stage3_only,63,806.0
ZINCf5000002rPMK,stage3_only,63,806.0
ZINCf5000002rPZi,stage3_only,63,806.0
ZINCf5000002rPbA,stage3_only,63,806.0
ZINCf5000002rPch,stage3_only,63,806.0
ZINCf5000002rPhI,stage3_only,63,806.0
ZINCf5000002rPuS,stage3_only,63,806.0
ZINCf5000002rQT1,stage3_only,63,806.0
ZINCf5000002rRse,stage3_only,63,806.0
ZINCf5000002rS1p,stage3_only,63,806.0
ZINCf5000002rS5E,stage3_only,63,806.0
ZINCf5000002rSgO,stage3_only,63,806.0
ZINCf5000002rTnf,stage3_only,63,806.0
ZINCf5000002rUzF,stage3_only,63,806.0
ZINCf5000002rVlZ,stage3_only,63,806.0
ZINCf5000002rYLd,stage3_only,63,806.0
ZINCf5000002rb06,stage3_only,63,806.0
ZINCf5000002rcCF,stage3_only,63,806.0
ZINCf5000002rgpX,stage3_only,63,806.0
ZINCf5000002rgph,stage3_only,63,806.0
ZINCf5000002rhha,stage3_only,63,806.0
ZINCf5000002rinO,stage3_only,63,806.0
ZINCf5000002rjVy,stage3_only,63,806.0
ZINCf5000002rkb9,stage3_only,63,806.0
ZINCf5000002rkba,stage3_only,63,806.0
ZINCf5000002rkgg,stage3_only,63,806.0
ZINCf5000002rrEh,stage3_only,63,806.0
ZINCf5000002rrmX,stage3_only,63,806.0
ZINCf5000002ruE6,stage3_only,63,806.0
ZINCf5000002rv5o,stage3_only,63,806.0
ZINCf5000002rwRo,stage3_only,63,806.0
ZINCf5000002rwb1,stage3_only,63,806.0
ZINCf5000002rwmk,stage3_only,63,806.0
ZINCf5000002rwnU,stage3_only,63,806.0
ZINCf5000002rwt8,stage3_only,63,806.0
ZINCf5000002rwuD,stage3_only,63,806.0
ZINCf5000002rx2V,stage3_only,63,806.0
ZINCf5000002ry6P,stage3_only,63,806.0
ZINCf5000002ryaK,stage3_only,63,806.0
ZINCf5000002ryel,stage3_only,63,806.0
ZINCf5000002rzS4,stage3_only,63,806.0
ZINCf5000002s0Ps,stage3_only,63,806.0
ZINCf5000002s1Bt,stage3_only,63,806.0
ZINCf5000002s1mZ,stage3_only,63,806.0
ZINCf5000002s1zN,stage3_only,63,806.0
ZINCf5000002s2SC,stage3_only,63,806.0
ZINCf5000002s3Iy,stage3_only,63,806.0
ZINCf5000002s3ja,stage3_only,63,806.0
ZINCf5000002s40n,stage3_only,63,806.0
ZINCf5000002s45f,stage3_only,63,806.0
ZINCf5000002s4Lp,stage3_only,63,806.0
ZINCf5000002s4Td,stage3_only,63,806.0
ZINCf5000002s57j,stage3_only,63,806.0
ZINCf5000002s57t,stage3_only,63,806.0
ZINCf5000002s57x,stage3_only,63,806.0
ZINCf5000002s5Dp,stage3_only,63,806.0
ZINCf5000002s5ZW,stage3_only,63,806.0
ZINCf5000002s5ds,stage3_only,63,806.0
ZINCf5000002s5p1,stage3_only,63,806.0
ZINCf5000002s63L,stage3_only,63,806.0
ZINCf5000002s7CT,stage3_only,63,806.0
ZINCf5000002s7Na,stage3_only,63,806.0
ZINCf5000002s7Vj,stage3_only,63,806.0
ZINCf5000002s7li,stage3_only,63,806.0
ZINCf5000002s7lu,stage3_only,63,806.0
ZINCf5000002s7p3,stage3_only,63,806.0
ZINCf5000002s7uE,stage3_only,63,806.0
ZINCf5000002s8CW,stage3_only,63,806.0
ZINCf5000002s8Rz,stage3_only,63,806.0
ZINCf5000002s8S2,stage3_only,63,806.0
ZINCf5000002s8fr,stage3_only,63,806.0
ZINCf5000002s8gR,stage3_only,63,806.0
ZINCf5000002s99t,stage3_only,63,806.0
ZINCf5000002s9aI,stage3_only,63,806.0
ZINCf5000002s9bv,stage3_only,63,806.0
ZINCf5000002saAi,stage3_only,63,806.0
ZINCf5000002sav2,stage3_only,63,806.0
ZINCf5000002sbM5,stage3_only,63,806.0
ZINCf5000002sbOB,stage3_only,63,806.0
ZINCf5000002sbOm,stage3_only,63,806.0
ZINCf5000002sbeU,stage3_only,63,806.0
ZINCf5000002sdHj,stage3_only,63,806.0
ZINCf5000002seH7,stage3_only,63,806.0
ZINCf5000002seQW,stage3_only,63,806.0
ZINCf5000002sehT,stage3_only,63,806.0
ZINCf5000002sf7A,stage3_only,63,806.0
ZINCf5000002sf7B,stage3_only,63,806.0
ZINCf5000002sfL9,stage3_only,63,806.0
ZINCf5000002sfbp,stage3_only,63,806.0
ZINCf5000002sfll,stage3_only,63,806.0
ZINCf5000002sho8,stage3_only,63,806.0
ZINCf5000002shsH,stage3_only,63,806.0
ZINCf5000002shw9,stage3_only,63,806.0
ZINCf5000002sjdL,stage3_only,63,806.0
ZINCf5000002sjfh,stage3_only,63,806.0
ZINCf5000002sjyQ,stage3_only,63,806.0
ZINCf5000003631Z,stage3_only,63,806.0
CHEMBL1586169,stage3_only,64,1549.5
CHEMBL1611686,stage3_only,64,1549.5
CHEMBL3315213,standard_3d_pharmacophore,0,1.0
CHEMBL3315209,standard_3d_pharmacophore,1,2.0
CHEMBL3315202,standard_3d_pharmacophore,2,3.0
CHEMBL1468368,standard_3d_pharmacophore,3,4.0
CHEMBL1538066,standard_3d_pharmacophore,4,5.0
CHEMBL463811,standard_3d_pharmacophore,5,6.0
CHEMBL3315204,standard_3d_pharmacophore,6,7.0
CHEMBL3315203,standard_3d_pharmacophore,7,8.0
CHEMBL1453900,standard_3d_pharmacophore,8,9.0
CHEMBL3315193,standard_3d_pharmacophore,9,10.0
CHEMBL3315221,standard_3d_pharmacophore,10,11.0
CHEMBL2003819,standard_3d_pharmacophore,11,12.0
CHEMBL1493442,standard_3d_pharmacophore,12,13.0
CHEMBL1966869,standard_3d_pharmacophore,13,14.0
ZINCf5000000ax0v,standard_3d_pharmacophore,14,15.0
CHEMBL1594369,standard_3d_pharmacophore,15,16.0
ZINCf50000017NnO,standard_3d_pharmacophore,16,17.0
ZINCf50000009vNp,standard_3d_pharmacophore,17,18.0
ZINCf50000009F22,standard_3d_pharmacophore,18,19.0
ZINCf50000017KWb,standard_3d_pharmacophore,19,20.0
CHEMBL2431120,standard_3d_pharmacophore,20,21.0
CHEMBL1323442,standard_3d_pharmacophore,21,22.0
ZINCf5000000ZsP2,standard_3d_pharmacophore,22,23.0
ZINCf5000002rLeJ,standard_3d_pharmacophore,23,24.0
ZINCf50000009GDl,standard_3d_pharmacophore,24,25.0
ZINCf5000001wPBR,standard_3d_pharmacophore,25,26.0
CHEMBL1446377,standard_3d_pharmacophore,26,27.0
ZINCf500000091sp,standard_3d_pharmacophore,27,28.0
ZINCf5000000Zrm2,standard_3d_pharmacophore,28,29.0
CHEMBL3315223,standard_3d_pharmacophore,29,30.0
ZINCf50000017WuK,standard_3d_pharmacophore,30,31.0
ZINCf5000002oHw2,standard_3d_pharmacophore,31,32.0
ZINCf500000098pu,standard_3d_pharmacophore,32,33.0
ZINCf5000000ajAO,standard_3d_pharmacophore,33,34.0
ZINCf5000002eaMn,standard_3d_pharmacophore,34,35.0
ZINCf50000009H33,standard_3d_pharmacophore,35,36.0
ZINCf50000009PIZ,standard_3d_pharmacophore,36,37.0
CHEMBL2431121,standard_3d_pharmacophore,37,38.0
ZINCf50000008L4G,standard_3d_pharmacophore,38,39.0
ZINCf50000009tbw,standard_3d_pharmacophore,39,40.0
ZINCf50000009vMh,standard_3d_pharmacophore,40,41.0
CHEMBL462830,standard_3d_pharmacophore,41,42.0
ZINCf5000000a0RG,standard_3d_pharmacophore,42,43.0
ZINCf5000000ajo9,standard_3d_pharmacophore,43,44.0
ZINCf5000002qy5F,standard_3d_pharmacophore,44,45.0
CHEMBL1547420,standard_3d_pharmacophore,45,46.0
ZINCf50000009vXk,standard_3d_pharmacophore,46,47.0
ZINCf5000001N6HT,standard_3d_pharmacophore,47,48.0
ZINCf5000000VZ3N,standard_3d_pharmacophore,48,49.0
ZINCf50000024Fgs,standard_3d_pharmacophore,49,50.0
ZINCf5000000af5N,standard_3d_pharmacophore,50,51.0
ZINCf50000009sq1,standard_3d_pharmacophore,51,52.0
ZINCf5000000S7uO,standard_3d_pharmacophore,52,53.0
ZINCf5000002oGW4,standard_3d_pharmacophore,53,54.0
ZINCf5000001og2M,standard_3d_pharmacophore,54,55.0
ZINCf50000009PIQ,standard_3d_pharmacophore,55,56.0
ZINCf5000000ZuJO,standard_3d_pharmacophore,56,57.0
ZINCf5000000Ybic,standard_3d_pharmacophore,57,58.0
ZINCf50000008GAi,standard_3d_pharmacophore,58,59.0
ZINCf5000000Ybya,standard_3d_pharmacophore,59,60.0
ZINCf50000009Rkv,standard_3d_pharmacophore,60,61.0
ZINCf50000009zaV,standard_3d_pharmacophore,61,62.0
ZINCf5000002oGxy,standard_3d_pharmacophore,62,63.0
ZINCf50000009L0G,standard_3d_pharmacophore,63,64.0
ZINCf5000000927o,standard_3d_pharmacophore,64,65.0
CHEMBL2431119,standard_3d_pharmacophore,65,66.0
ZINCf5000000Ztou,standard_3d_pharmacophore,66,67.0
ZINCf50000009du3,standard_3d_pharmacophore,67,68.0
ZINCf5000001YK19,standard_3d_pharmacophore,68,69.0
ZINCf5000000Zqm6,standard_3d_pharmacophore,69,70.0
ZINCf5000000acqq,standard_3d_pharmacophore,70,71.0
ZINCf50000009Ebz,standard_3d_pharmacophore,71,72.0
ZINCf50000028kMc,standard_3d_pharmacophore,72,73.0
ZINCf50000009fiV,standard_3d_pharmacophore,73,74.0
ZINCf5000000ZsOY,standard_3d_pharmacophore,74,75.0
ZINCf50000009ZFX,standard_3d_pharmacophore,75,76.0
ZINCf50000009FDr,standard_3d_pharmacophore,76,77.0
ZINCf5000000ZyUF,standard_3d_pharmacophore,77,78.0
ZINCf5000000axcT,standard_3d_pharmacophore,78,79.0
ZINCf5000000aguA,standard_3d_pharmacophore,79,80.0
ZINCf50000009VP6,standard_3d_pharmacophore,80,81.0
CHEMBL1340713,standard_3d_pharmacophore,81,82.0
ZINCf500000090y4,standard_3d_pharmacophore,82,83.0
ZINCf5000000ax9n,standard_3d_pharmacophore,83,84.0
ZINCf50000018dKA,standard_3d_pharmacophore,84,85.0
ZINCf5000000a9iG,standard_3d_pharmacophore,85,86.0
ZINCf50000017Hgt,standard_3d_pharmacophore,86,87.0
ZINCf5000000acEB,standard_3d_pharmacophore,87,88.0
ZINCf5000000Zt76,standard_3d_pharmacophore,88,89.0
ZINCf50000009FLi,standard_3d_pharmacophore,89,90.0
ZINCf500000181a2,standard_3d_pharmacophore,90,91.0
ZINCf5000000ayx5,standard_3d_pharmacophore,91,92.0
ZINCf5000002oEsQ,standard_3d_pharmacophore,92,93.0
ZINCf5000000ZsWU,standard_3d_pharmacophore,93,94.0
ZINCf5000002aSPS,standard_3d_pharmacophore,94,95.0
ZINCf50000009tEO,standard_3d_pharmacophore,95,96.0
ZINCf5000000ZqBd,standard_3d_pharmacophore,96,97.0
ZINCf50000009vhw,standard_3d_pharmacophore,97,98.0
ZINCf50000017Hd9,standard_3d_pharmacophore,98,99.0
ZINCf5000000ZtGB,standard_3d_pharmacophore,99,100.0
ZINCf5000000ar7F,standard_3d_pharmacophore,100,101.0
ZINCf5000002oEvf,standard_3d_pharmacophore,101,102.0
ZINCf5000000adA3,standard_3d_pharmacophore,102,103.0
ZINCf5000000Ztef,standard_3d_pharmacophore,103,104.0
ZINCf5000002aSDG,standard_3d_pharmacophore,104,105.0
ZINCf5000002aGP3,standard_3d_pharmacophore,105,106.0
ZINCf50000009ujW,standard_3d_pharmacophore,106,107.0
ZINCf50000009G8x,standard_3d_pharmacophore,107,108.0
ZINCf5000000SLWE,standard_3d_pharmacophore,108,109.0
ZINCf5000002s40n,standard_3d_pharmacophore,109,110.0
ZINCf50000017KQY,standard_3d_pharmacophore,110,111.0
CHEMBL1461496,standard_3d_pharmacophore,111,112.0
ZINCf5000000Zru3,standard_3d_pharmacophore,112,113.0
ZINCf50000009pkM,standard_3d_pharmacophore,113,114.0
ZINCf50000009eo5,standard_3d_pharmacophore,114,115.0
ZINCf50000017ULD,standard_3d_pharmacophore,115,116.0
ZINCf5000001881o,standard_3d_pharmacophore,116,117.0
ZINCf5000000a9rH,standard_3d_pharmacophore,117,118.0
ZINCf5000002qOk7,standard_3d_pharmacophore,118,119.0
ZINCf5000000Zu2d,standard_3d_pharmacophore,119,120.0
ZINCf5000000ZtGz,standard_3d_pharmacophore,120,121.0
ZINCf50000018cs2,standard_3d_pharmacophore,121,122.0
ZINCf50000017AHc,standard_3d_pharmacophore,122,123.0
ZINCf500000187iK,standard_3d_pharmacophore,123,124.0
ZINCf50000009Knv,standard_3d_pharmacophore,124,125.0
ZINCf5000000acJo,standard_3d_pharmacophore,125,126.0
ZINCf50000009IU9,standard_3d_pharmacophore,126,127.0
ZINCf5000000WBK7,standard_3d_pharmacophore,127,128.0
ZINCf5000002s45f,standard_3d_pharmacophore,128,129.0
ZINCf5000000YbsF,standard_3d_pharmacophore,129,130.0
ZINCf50000027pLc,standard_3d_pharmacophore,130,131.0
ZINCf5000002aURX,standard_3d_pharmacophore,131,132.0
ZINCf50000009AF7,standard_3d_pharmacophore,132,133.0
ZINCf50000009FOc,standard_3d_pharmacophore,133,134.0
ZINCf5000000ZtaC,standard_3d_pharmacophore,134,135.0
CHEMBL3099769,standard_3d_pharmacophore,135,136.0
ZINCf5000000abtm,standard_3d_pharmacophore,136,137.0
ZINCf5000002ry6P,standard_3d_pharmacophore,137,138.0
ZINCf500000256q2,standard_3d_pharmacophore,138,139.0
ZINCf5000000aguu,standard_3d_pharmacophore,139,140.0
ZINCf5000000axpl,standard_3d_pharmacophore,140,141.0
ZINCf5000002rb06,standard_3d_pharmacophore,141,142.0
ZINCf5000002mCir,standard_3d_pharmacophore,142,143.0
ZINCf50000017O3K,standard_3d_pharmacophore,143,144.0
ZINCf5000001KDga,standard_3d_pharmacophore,144,145.0
ZINCf5000002r5aT,standard_3d_pharmacophore,145,146.0
ZINCf5000000aygm,standard_3d_pharmacophore,146,147.0
ZINCf5000002ejY5,standard_3d_pharmacophore,147,148.0
ZINCf50000009Ln5,standard_3d_pharmacophore,148,149.0
ZINCf50000024luX,standard_3d_pharmacophore,149,150.0
ZINCf5000002rFlk,standard_3d_pharmacophore,150,151.0
ZINCf50000008VE1,standard_3d_pharmacophore,151,152.0
ZINCf5000000Zz1e,standard_3d_pharmacophore,152,153.0
ZINCf5000000acJX,standard_3d_pharmacophore,153,154.0
ZINCf5000002enFW,standard_3d_pharmacophore,154,155.0
ZINCf5000000a94X,standard_3d_pharmacophore,155,156.0
ZINCf50000024dVA,standard_3d_pharmacophore,156,157.0
ZINCf50000009fYN,standard_3d_pharmacophore,157,158.0
ZINCf50000024ITY,standard_3d_pharmacophore,158,159.0
ZINCf50000017Kgc,standard_3d_pharmacophore,159,160.0
ZINCf50000009l7n,standard_3d_pharmacophore,160,161.0
CHEMBL1597454,standard_3d_pharmacophore,161,162.0
ZINCf5000000ajwE,standard_3d_pharmacophore,162,163.0
ZINCf50000008Hcy,standard_3d_pharmacophore,163,164.0
ZINCf500000090KI,standard_3d_pharmacophore,164,165.0
ZINCf50000017LMX,standard_3d_pharmacophore,165,166.0
ZINCf5000000acmg,standard_3d_pharmacophore,166,167.0
ZINCf500000091Nd,standard_3d_pharmacophore,167,168.0
ZINCf50000009ubo,standard_3d_pharmacophore,168,169.0
ZINCf5000000apXZ,standard_3d_pharmacophore,169,170.0
ZINCf50000022bFk,standard_3d_pharmacophore,170,171.0
ZINCf50000009MPF,standard_3d_pharmacophore,171,172.0
ZINCf50000017YOP,standard_3d_pharmacophore,172,173.0
ZINCf50000009pzV,standard_3d_pharmacophore,173,174.0
ZINCf5000002rLMQ,standard_3d_pharmacophore,174,175.0
ZINCf5000000a5xo,standard_3d_pharmacophore,175,176.0
ZINCf5000000VZai,standard_3d_pharmacophore,176,177.0
ZINCf5000002rMkU,standard_3d_pharmacophore,177,178.0
ZINCf50000009LXr,standard_3d_pharmacophore,178,179.0
ZINCf5000002ec9D,standard_3d_pharmacophore,179,180.0
ZINCf5000000Ztic,standard_3d_pharmacophore,180,181.0
ZINCf50000009vw2,standard_3d_pharmacophore,181,182.0
ZINCf50000008Isk,standard_3d_pharmacophore,182,183.0
ZINCf5000000ZyuR,standard_3d_pharmacophore,183,184.0
ZINCf5000002s1mZ,standard_3d_pharmacophore,184,185.0
ZINCf50000027t7N,standard_3d_pharmacophore,185,186.0
ZINCf50000025AQY,standard_3d_pharmacophore,186,187.0
ZINCf5000000a9ME,standard_3d_pharmacophore,187,188.0
ZINCf5000002mypY,standard_3d_pharmacophore,188,189.0
ZINCf5000000VkWb,standard_3d_pharmacophore,189,190.0
ZINCf5000002qAQ7,standard_3d_pharmacophore,190,191.0
ZINCf5000000aqt0,standard_3d_pharmacophore,191,192.0
ZINCf5000000ajo6,standard_3d_pharmacophore,192,193.0
ZINCf5000000YbHM,standard_3d_pharmacophore,193,194.0
ZINCf5000002rNhF,standard_3d_pharmacophore,194,195.0
ZINCf5000000Zr5Y,standard_3d_pharmacophore,195,196.0
ZINCf50000017KOB,standard_3d_pharmacophore,196,197.0
ZINCf5000002oGxA,standard_3d_pharmacophore,197,198.0
CHEMBL3099777,standard_3d_pharmacophore,198,199.0
ZINCf5000000ZqXK,standard_3d_pharmacophore,199,200.0
ZINCf5000002s99t,standard_3d_pharmacophore,200,201.0
ZINCf5000000acC3,standard_3d_pharmacophore,201,202.0
ZINCf5000002dR2n,standard_3d_pharmacophore,202,203.0
ZINCf50000017Op8,standard_3d_pharmacophore,203,204.0
ZINCf5000002qAgC,standard_3d_pharmacophore,204,205.0
ZINCf5000002ryel,standard_3d_pharmacophore,205,206.0
ZINCf5000002qOk8,standard_3d_pharmacophore,206,207.0
ZINCf5000000Zt9X,standard_3d_pharmacophore,207,208.0
ZINCf500000187N5,standard_3d_pharmacophore,208,209.0
ZINCf5000000atn8,standard_3d_pharmacophore,209,210.0
ZINCf50000017KTo,standard_3d_pharmacophore,210,211.0
ZINCf5000002aQKe,standard_3d_pharmacophore,211,212.0
ZINCf5000000ahsC,standard_3d_pharmacophore,212,213.0
ZINCf5000002qU7b,standard_3d_pharmacophore,213,214.0
ZINCf50000026TVY,standard_3d_pharmacophore,214,215.0
ZINCf5000001R6eV,standard_3d_pharmacophore,215,216.0
ZINCf5000002s8CW,standard_3d_pharmacophore,216,217.0
ZINCf5000002s4Td,standard_3d_pharmacophore,217,218.0
ZINCf500000093ml,standard_3d_pharmacophore,218,219.0
ZINCf5000002am9v,standard_3d_pharmacophore,219,220.0
ZINCf50000017P06,standard_3d_pharmacophore,220,221.0
ZINCf5000000acIL,standard_3d_pharmacophore,221,222.0
ZINCf5000002rKN0,standard_3d_pharmacophore,222,223.0
ZINCf50000009tMd,standard_3d_pharmacophore,223,224.0
ZINCf50000009FGv,standard_3d_pharmacophore,224,225.0
ZINCf5000002dG2e,standard_3d_pharmacophore,225,226.0
CHEMBL1328169,standard_3d_pharmacophore,226,227.0
ZINCf500000298VP,standard_3d_pharmacophore,227,228.0
ZINCf50000017l1k,standard_3d_pharmacophore,228,229.0
ZINCf500000092Q7,standard_3d_pharmacophore,229,230.0
ZINCf5000000alxZ,standard_3d_pharmacophore,230,231.0
ZINCf50000017WRP,standard_3d_pharmacophore,231,232.0
ZINCf5000000Vlgw,standard_3d_pharmacophore,232,233.0
ZINCf5000000990K,standard_3d_pharmacophore,233,234.0
ZINCf500000097Bo,standard_3d_pharmacophore,234,235.0
ZINCf5000002s7CT,standard_3d_pharmacophore,235,236.0
ZINCf50000017qcH,standard_3d_pharmacophore,236,237.0
ZINCf5000002s5ds,standard_3d_pharmacophore,237,238.0
ZINCf5000001N6Rz,standard_3d_pharmacophore,238,239.0
ZINCf5000002dNZz,standard_3d_pharmacophore,239,240.0
ZINCf50000018bXX,standard_3d_pharmacophore,240,241.0
ZINCf5000000ahoM,standard_3d_pharmacophore,241,242.0
ZINCf5000002s9bv,standard_3d_pharmacophore,242,243.0
ZINCf5000000a9fe,standard_3d_pharmacophore,243,244.0
ZINCf50000008Xan,standard_3d_pharmacophore,244,245.0
ZINCf5000000acJW,standard_3d_pharmacophore,245,246.0
ZINCf50000008VC1,standard_3d_pharmacophore,246,247.0
ZINCf500000255IB,standard_3d_pharmacophore,247,248.0
ZINCf5000002aV5T,standard_3d_pharmacophore,248,249.0
ZINCf5000000Zz22,standard_3d_pharmacophore,249,250.0
ZINCf5000002e53z,standard_3d_pharmacophore,250,251.0
ZINCf500000091vi,standard_3d_pharmacophore,251,252.0
ZINCf50000009ABB,standard_3d_pharmacophore,252,253.0
ZINCf50000008TCr,standard_3d_pharmacophore,253,254.0
ZINCf5000000avzU,standard_3d_pharmacophore,254,255.0
ZINCf500000091HZ,standard_3d_pharmacophore,255,256.0
ZINCf5000000akV7,standard_3d_pharmacophore,256,257.0
ZINCf5000002rPMK,standard_3d_pharmacophore,257,258.0
ZINCf50000017Kqj,standard_3d_pharmacophore,258,259.0
ZINCf5000002rPuS,standard_3d_pharmacophore,259,260.0
ZINCf50000024GA8,standard_3d_pharmacophore,260,261.0
ZINCf50000009wB6,standard_3d_pharmacophore,261,262.0
ZINCf5000000ar11,standard_3d_pharmacophore,262,263.0
ZINCf5000000aqAz,standard_3d_pharmacophore,263,264.0
ZINCf5000002oGxv,standard_3d_pharmacophore,264,265.0
ZINCf50000008ExF,standard_3d_pharmacophore,265,266.0
ZINCf500000264ro,standard_3d_pharmacophore,266,267.0
ZINCf5000000aahM,standard_3d_pharmacophore,267,268.0
ZINCf5000002dtlt,standard_3d_pharmacophore,268,269.0
ZINCf50000009UVp,standard_3d_pharmacophore,269,270.0
CHEMBL1600146,standard_3d_pharmacophore,270,271.0
ZINCf5000000a5vS,standard_3d_pharmacophore,271,272.0
ZINCf5000000a0R6,standard_3d_pharmacophore,272,273.0
ZINCf500000099hu,standard_3d_pharmacophore,273,274.0
ZINCf50000009tS8,standard_3d_pharmacophore,274,275.0
ZINCf50000009dES,standard_3d_pharmacophore,275,276.0
CHEMBL1586252,standard_3d_pharmacophore,276,277.0
ZINCf500000090LO,standard_3d_pharmacophore,277,278.0
ZINCf50000009scp,standard_3d_pharmacophore,278,279.0
ZINCf50000017BqP,standard_3d_pharmacophore,279,280.0
ZINCf50000025DEQ,standard_3d_pharmacophore,280,281.0
ZINCf50000009wyg,standard_3d_pharmacophore,281,282.0
ZINCf5000002e2K1,standard_3d_pharmacophore,282,283.0
ZINCf5000000axci,standard_3d_pharmacophore,283,284.0
ZINCf5000002dwiC,standard_3d_pharmacophore,284,285.0
CHEMBL1611170,standard_3d_pharmacophore,285,286.0
ZINCf50000009Ghu,standard_3d_pharmacophore,286,287.0
ZINCf50000008TCA,standard_3d_pharmacophore,287,288.0
ZINCf50000009fjA,standard_3d_pharmacophore,288,289.0
ZINCf5000002e63V,standard_3d_pharmacophore,289,290.0
ZINCf5000000YbiA,standard_3d_pharmacophore,290,291.0
ZINCf5000002r2Mg,standard_3d_pharmacophore,291,292.0
ZINCf50000017P8f,standard_3d_pharmacophore,292,293.0
ZINCf5000000ZyeV,standard_3d_pharmacophore,293,294.0
ZINCf5000000VmyF,standard_3d_pharmacophore,294,295.0
ZINCf5000001AXnq,standard_3d_pharmacophore,295,296.0
ZINCf5000000ax0J,standard_3d_pharmacophore,296,297.0
ZINCf5000002e8Xb,standard_3d_pharmacophore,297,298.0
ZINCf5000002eeeG,standard_3d_pharmacophore,298,299.0
ZINCf50000009D2m,standard_3d_pharmacophore,299,300.0
ZINCf500000091V7,standard_3d_pharmacophore,300,301.0
ZINCf500000225s6,standard_3d_pharmacophore,301,302.0
ZINCf50000028ups,standard_3d_pharmacophore,302,303.0
ZINCf5000000ZuAi,standard_3d_pharmacophore,303,304.0
ZINCf5000002rPE6,standard_3d_pharmacophore,304,305.0
ZINCf5000000a9iF,standard_3d_pharmacophore,305,306.0
ZINCf50000009jTv,standard_3d_pharmacophore,306,307.0
ZINCf50000009Nw8,standard_3d_pharmacophore,307,308.0
ZINCf50000009fnO,standard_3d_pharmacophore,308,309.0
ZINCf50000009kL4,standard_3d_pharmacophore,309,310.0
ZINCf5000001q6o8,standard_3d_pharmacophore,310,311.0
ZINCf5000000YaS6,standard_3d_pharmacophore,311,312.0
ZINCf5000002qOlN,standard_3d_pharmacophore,312,313.0
ZINCf50000008M30,standard_3d_pharmacophore,313,314.0
ZINCf5000002oCKl,standard_3d_pharmacophore,314,315.0
ZINCf5000000SOxP,standard_3d_pharmacophore,315,316.0
ZINCf5000000VZ8d,standard_3d_pharmacophore,316,317.0
ZINCf50000017BnT,standard_3d_pharmacophore,317,318.0
ZINCf50000008Igg,standard_3d_pharmacophore,318,319.0
ZINCf5000002msdK,standard_3d_pharmacophore,319,320.0
ZINCf5000000a7X8,standard_3d_pharmacophore,320,321.0
ZINCf5000002aSfL,standard_3d_pharmacophore,321,322.0
ZINCf5000000af3d,standard_3d_pharmacophore,322,323.0
ZINCf5000000apOt,standard_3d_pharmacophore,323,324.0
ZINCf50000009TZE,standard_3d_pharmacophore,324,325.0
ZINCf5000002qOjM,standard_3d_pharmacophore,325,326.0
ZINCf50000017Hff,standard_3d_pharmacophore,326,327.0
ZINCf5000001MKOo,standard_3d_pharmacophore,327,328.0
ZINCf50000017HS4,standard_3d_pharmacophore,328,329.0
ZINCf500000180wS,standard_3d_pharmacophore,329,330.0
ZINCf50000025KaS,standard_3d_pharmacophore,330,331.0
CHEMBL1608453,standard_3d_pharmacophore,331,332.0
ZINCf50000009qZi,standard_3d_pharmacophore,332,333.0
ZINCf5000002s5ZW,standard_3d_pharmacophore,333,334.0
ZINCf50000009CcS,standard_3d_pharmacophore,334,335.0
ZINCf5000002dSJI,standard_3d_pharmacophore,335,336.0
ZINCf50000009vNx,standard_3d_pharmacophore,336,337.0
ZINCf5000000WzGX,standard_3d_pharmacophore,337,338.0
ZINCf50000009HnH,standard_3d_pharmacophore,338,339.0
ZINCf5000002aU6d,standard_3d_pharmacophore,339,340.0
ZINCf500000189Wa,standard_3d_pharmacophore,340,341.0
ZINCf5000002dQJ8,standard_3d_pharmacophore,341,342.0
ZINCf5000002aQ6f,standard_3d_pharmacophore,342,343.0
ZINCf5000000aoNC,standard_3d_pharmacophore,343,344.0
ZINCf50000017ysu,standard_3d_pharmacophore,344,345.0
ZINCf5000001Inkb,standard_3d_pharmacophore,345,346.0
ZINCf5000002dUUq,standard_3d_pharmacophore,346,347.0
ZINCf5000000SOxQ,standard_3d_pharmacophore,347,348.0
ZINCf5000000ap9G,standard_3d_pharmacophore,348,349.0
ZINCf5000002aVFW,standard_3d_pharmacophore,349,350.0
ZINCf5000001omOP,standard_3d_pharmacophore,350,351.0
ZINCf5000000ZuPR,standard_3d_pharmacophore,351,352.0
ZINCf50000009l97,standard_3d_pharmacophore,352,353.0
ZINCf50000009fSK,standard_3d_pharmacophore,353,354.0
ZINCf50000017Wyt,standard_3d_pharmacophore,354,355.0
ZINCf50000009Aos,standard_3d_pharmacophore,355,356.0
ZINCf5000002rS1p,standard_3d_pharmacophore,356,357.0
ZINCf50000008V4I,standard_3d_pharmacophore,357,358.0
ZINCf50000009L2S,standard_3d_pharmacophore,358,359.0
ZINCf5000000atl4,standard_3d_pharmacophore,359,360.0
ZINCf50000027UiN,standard_3d_pharmacophore,360,361.0
ZINCf50000009qR8,standard_3d_pharmacophore,361,362.0
CHEMBL1546134,standard_3d_pharmacophore,362,363.0
ZINCf5000002mFAy,standard_3d_pharmacophore,363,364.0
ZINCf5000000SL7k,standard_3d_pharmacophore,364,365.0
ZINCf50000026Kk6,standard_3d_pharmacophore,365,366.0
ZINCf50000017KeD,standard_3d_pharmacophore,366,367.0
ZINCf50000009u6a,standard_3d_pharmacophore,367,368.0
ZINCf50000009g5d,standard_3d_pharmacophore,368,369.0
ZINCf50000009fmC,standard_3d_pharmacophore,369,370.0
ZINCf5000001Gmg6,standard_3d_pharmacophore,370,371.0
ZINCf5000000Zu2h,standard_3d_pharmacophore,371,372.0
ZINCf50000009AEz,standard_3d_pharmacophore,372,373.0
ZINCf5000002rPhI,standard_3d_pharmacophore,373,374.0
ZINCf5000002ecIl,standard_3d_pharmacophore,374,375.0
ZINCf5000002mEYI,standard_3d_pharmacophore,375,376.0
CHEMBL1438069,standard_3d_pharmacophore,376,377.0
ZINCf5000000Ybgk,standard_3d_pharmacophore,377,378.0
ZINCf50000025GN0,standard_3d_pharmacophore,378,379.0
ZINCf5000001UNEX,standard_3d_pharmacophore,379,380.0
ZINCf50000017BCl,standard_3d_pharmacophore,380,381.0
ZINCf5000001orCY,standard_3d_pharmacophore,381,382.0
ZINCf50000027PC8,standard_3d_pharmacophore,382,383.0
ZINCf5000000ai5I,standard_3d_pharmacophore,383,384.0
ZINCf50000008UG8,standard_3d_pharmacophore,384,385.0
ZINCf5000002r9g2,standard_3d_pharmacophore,385,386.0
ZINCf5000000Ybjp,standard_3d_pharmacophore,386,387.0
ZINCf5000000SLsU,standard_3d_pharmacophore,387,388.0
ZINCf5000002e89Q,standard_3d_pharmacophore,388,389.0
ZINCf5000002rLUi,standard_3d_pharmacophore,389,390.0
ZINCf50000008UUv,standard_3d_pharmacophore,390,391.0
ZINCf5000000auR5,standard_3d_pharmacophore,391,392.0
ZINCf50000009AJb,standard_3d_pharmacophore,392,393.0
ZINCf5000000a5Jc,standard_3d_pharmacophore,393,394.0
ZINCf5000001oTeG,standard_3d_pharmacophore,394,395.0
ZINCf5000000ZvXD,standard_3d_pharmacophore,395,396.0
ZINCf5000002oDC0,standard_3d_pharmacophore,396,397.0
ZINCf500000185c0,standard_3d_pharmacophore,397,398.0
ZINCf50000009Wf8,standard_3d_pharmacophore,398,399.0
ZINCf5000002e7V7,standard_3d_pharmacophore,399,400.0
ZINCf5000002rkgg,standard_3d_pharmacophore,400,401.0
ZINCf5000002qXdO,standard_3d_pharmacophore,401,402.0
ZINCf50000009B9R,standard_3d_pharmacophore,402,403.0
ZINCf5000000axtN,standard_3d_pharmacophore,403,404.0
ZINCf500000095eA,standard_3d_pharmacophore,404,405.0
ZINCf5000001vfHM,standard_3d_pharmacophore,405,406.0
ZINCf50000017LMP,standard_3d_pharmacophore,406,407.0
ZINCf5000000Zt6p,standard_3d_pharmacophore,407,408.0
ZINCf50000009HqR,standard_3d_pharmacophore,408,409.0
ZINCf5000000a8JE,standard_3d_pharmacophore,409,410.0
ZINCf5000002rzS4,standard_3d_pharmacophore,410,411.0
ZINCf50000017LKa,standard_3d_pharmacophore,411,412.0
ZINCf5000001oiYi,standard_3d_pharmacophore,412,413.0
ZINCf5000000a5tr,standard_3d_pharmacophore,413,414.0
ZINCf5000002dSn3,standard_3d_pharmacophore,414,415.0
ZINCf5000000WC3b,standard_3d_pharmacophore,415,416.0
ZINCf500000184cO,standard_3d_pharmacophore,416,417.0
ZINCf50000009Edz,standard_3d_pharmacophore,417,418.0
ZINCf5000000ZrlD,standard_3d_pharmacophore,418,419.0
ZINCf5000002dkM7,standard_3d_pharmacophore,419,420.0
ZINCf50000024rPW,standard_3d_pharmacophore,420,421.0
ZINCf500000099rv,standard_3d_pharmacophore,421,422.0
ZINCf5000002dW9G,standard_3d_pharmacophore,422,423.0
ZINCf50000009oYI,standard_3d_pharmacophore,423,424.0
ZINCf5000001qM4w,standard_3d_pharmacophore,424,425.0
ZINCf50000017zia,standard_3d_pharmacophore,425,426.0
ZINCf500000184mH,standard_3d_pharmacophore,426,427.0
ZINCf50000028GQR,standard_3d_pharmacophore,427,428.0
ZINCf50000009YIR,standard_3d_pharmacophore,428,429.0
ZINCf5000002s5p1,standard_3d_pharmacophore,429,430.0
ZINCf50000009Fyc,standard_3d_pharmacophore,430,431.0
ZINCf5000002dABR,standard_3d_pharmacophore,431,432.0
ZINCf50000009q0n,standard_3d_pharmacophore,432,433.0
ZINCf50000017sbt,standard_3d_pharmacophore,433,434.0
ZINCf50000017L7T,standard_3d_pharmacophore,434,435.0
ZINCf5000000ZtKf,standard_3d_pharmacophore,435,436.0
ZINCf50000009uok,standard_3d_pharmacophore,436,437.0
ZINCf50000009rCK,standard_3d_pharmacophore,437,438.0
ZINCf50000017ulv,standard_3d_pharmacophore,438,439.0
ZINCf50000009D0R,standard_3d_pharmacophore,439,440.0
ZINCf50000009WqI,standard_3d_pharmacophore,440,441.0
ZINCf5000002sho8,standard_3d_pharmacophore,441,442.0
ZINCf50000009bel,standard_3d_pharmacophore,442,443.0
ZINCf5000000VZ66,standard_3d_pharmacophore,443,444.0
ZINCf5000000a17k,standard_3d_pharmacophore,444,445.0
ZINCf50000025M1R,standard_3d_pharmacophore,445,446.0
ZINCf5000000SKcQ,standard_3d_pharmacophore,446,447.0
ZINCf5000002rLGd,standard_3d_pharmacophore,447,448.0
ZINCf50000017LIJ,standard_3d_pharmacophore,448,449.0
ZINCf5000002rLNk,standard_3d_pharmacophore,449,450.0
ZINCf5000000acTN,standard_3d_pharmacophore,450,451.0
ZINCf5000002dABS,standard_3d_pharmacophore,451,452.0
ZINCf50000008TxS,standard_3d_pharmacophore,452,453.0
CHEMBL1312502,standard_3d_pharmacophore,453,454.0
ZINCf50000017yYv,standard_3d_pharmacophore,454,455.0
ZINCf50000009FT6,standard_3d_pharmacophore,455,456.0
ZINCf50000018cIT,standard_3d_pharmacophore,456,457.0
ZINCf500000187XB,standard_3d_pharmacophore,457,458.0
ZINCf5000002a4Dt,standard_3d_pharmacophore,458,459.0
ZINCf5000002rTnf,standard_3d_pharmacophore,459,460.0
ZINCf5000001WiDj,standard_3d_pharmacophore,460,461.0
ZINCf5000000apS9,standard_3d_pharmacophore,461,462.0
ZINCf50000017LMW,standard_3d_pharmacophore,462,463.0
ZINCf5000000ZtI8,standard_3d_pharmacophore,463,464.0
ZINCf50000009ukr,standard_3d_pharmacophore,464,465.0
ZINCf5000002rPch,standard_3d_pharmacophore,465,466.0
ZINCf50000009aa3,standard_3d_pharmacophore,466,467.0
ZINCf5000001pvAi,standard_3d_pharmacophore,467,468.0
ZINCf5000002dRs4,standard_3d_pharmacophore,468,469.0
ZINCf5000002aUZH,standard_3d_pharmacophore,469,470.0
ZINCf5000002oHRJ,standard_3d_pharmacophore,470,471.0
ZINCf50000009Bvn,standard_3d_pharmacophore,471,472.0
ZINCf50000009aCA,standard_3d_pharmacophore,472,473.0
ZINCf50000017Uuo,standard_3d_pharmacophore,473,474.0
ZINCf50000009u3p,standard_3d_pharmacophore,474,475.0
ZINCf50000009FF0,standard_3d_pharmacophore,475,476.0
ZINCf50000009XDp,standard_3d_pharmacophore,476,477.0
ZINCf5000002rLOE,standard_3d_pharmacophore,477,478.0
ZINCf500000186rO,standard_3d_pharmacophore,478,479.0
ZINCf5000000apS2,standard_3d_pharmacophore,479,480.0
ZINCf5000000a8JF,standard_3d_pharmacophore,480,481.0
ZINCf50000009zwx,standard_3d_pharmacophore,481,482.0
ZINCf50000017y0Q,standard_3d_pharmacophore,482,483.0
ZINCf50000008Vk8,standard_3d_pharmacophore,483,484.0
ZINCf50000009KnW,standard_3d_pharmacophore,484,485.0
ZINCf5000002aKaQ,standard_3d_pharmacophore,485,486.0
ZINCf5000002eliX,standard_3d_pharmacophore,486,487.0
ZINCf500000252Wu,standard_3d_pharmacophore,487,488.0
ZINCf5000002s7Vj,standard_3d_pharmacophore,488,489.0
ZINCf50000009AL7,standard_3d_pharmacophore,489,490.0
ZINCf5000002aNBR,standard_3d_pharmacophore,490,491.0
ZINCf50000008JhW,standard_3d_pharmacophore,491,492.0
ZINCf5000000Zt5Z,standard_3d_pharmacophore,492,493.0
ZINCf50000009Akg,standard_3d_pharmacophore,493,494.0
ZINCf50000009tK3,standard_3d_pharmacophore,494,495.0
ZINCf5000001S1xX,standard_3d_pharmacophore,495,496.0
ZINCf500000098za,standard_3d_pharmacophore,496,497.0
ZINCf50000009exC,standard_3d_pharmacophore,497,498.0
ZINCf5000002rPZi,standard_3d_pharmacophore,498,499.0
ZINCf5000002aO39,standard_3d_pharmacophore,499,500.0
ZINCf50000017vAk,standard_3d_pharmacophore,500,501.0
ZINCf5000001x8Bp,standard_3d_pharmacophore,501,502.0
ZINCf5000002rF5w,standard_3d_pharmacophore,502,503.0
ZINCf5000000a9cI,standard_3d_pharmacophore,503,504.0
ZINCf50000009CNG,standard_3d_pharmacophore,504,505.0
ZINCf50000017wUx,standard_3d_pharmacophore,505,506.0
ZINCf5000000adG3,standard_3d_pharmacophore,506,507.0
ZINCf50000017ZrY,standard_3d_pharmacophore,507,508.0
ZINCf5000002s63L,standard_3d_pharmacophore,508,509.0
ZINCf5000002aOPa,standard_3d_pharmacophore,509,510.0
ZINCf50000009kHQ,standard_3d_pharmacophore,510,511.0
ZINCf5000002mCfu,standard_3d_pharmacophore,511,512.0
ZINCf5000002ruE6,standard_3d_pharmacophore,512,513.0
ZINCf5000001CVfY,standard_3d_pharmacophore,513,514.0
ZINCf50000009AFd,standard_3d_pharmacophore,514,515.0
ZINCf5000000ad3H,standard_3d_pharmacophore,515,516.0
ZINCf500000097FT,standard_3d_pharmacophore,516,517.0
ZINCf50000009adX,standard_3d_pharmacophore,517,518.0
ZINCf5000001CDNr,standard_3d_pharmacophore,518,519.0
ZINCf50000009nBd,standard_3d_pharmacophore,519,520.0
ZINCf50000009zZg,standard_3d_pharmacophore,520,521.0
ZINCf50000008NcO,standard_3d_pharmacophore,521,522.0
ZINCf5000000947y,standard_3d_pharmacophore,522,523.0
ZINCf5000002dlfk,standard_3d_pharmacophore,523,524.0
ZINCf5000000WAXK,standard_3d_pharmacophore,524,525.0
ZINCf50000009KUh,standard_3d_pharmacophore,525,526.0
ZINCf50000017JcP,standard_3d_pharmacophore,526,527.0
ZINCf5000001olig,standard_3d_pharmacophore,527,528.0
ZINCf5000000azOp,standard_3d_pharmacophore,528,529.0
ZINCf5000002aOJl,standard_3d_pharmacophore,529,530.0
ZINCf5000000af5X,standard_3d_pharmacophore,530,531.0
ZINCf50000017Pfx,standard_3d_pharmacophore,531,532.0
ZINCf5000002dmSv,standard_3d_pharmacophore,532,533.0
ZINCf5000001oTxT,standard_3d_pharmacophore,533,534.0
ZINCf5000000abH0,standard_3d_pharmacophore,534,535.0
ZINCf5000000alxA,standard_3d_pharmacophore,535,536.0
ZINCf5000001Vzqp,standard_3d_pharmacophore,536,537.0
ZINCf50000017Pd0,standard_3d_pharmacophore,537,538.0
ZINCf5000000ajs3,standard_3d_pharmacophore,538,539.0
ZINCf50000009nxc,standard_3d_pharmacophore,539,540.0
ZINCf5000000apQa,standard_3d_pharmacophore,540,541.0
ZINCf5000000aqYC,standard_3d_pharmacophore,541,542.0
ZINCf50000017QuS,standard_3d_pharmacophore,542,543.0
ZINCf5000000Ybg9,standard_3d_pharmacophore,543,544.0
ZINCf5000002s4Lp,standard_3d_pharmacophore,544,545.0
ZINCf5000000ZxEo,standard_3d_pharmacophore,545,546.0
ZINCf50000025uSm,standard_3d_pharmacophore,546,547.0
ZINCf5000000S5Vm,standard_3d_pharmacophore,547,548.0
ZINCf5000001sFyK,standard_3d_pharmacophore,548,549.0
ZINCf50000009x6m,standard_3d_pharmacophore,549,550.0
ZINCf5000000apQ8,standard_3d_pharmacophore,550,551.0
ZINCf5000002aRZH,standard_3d_pharmacophore,551,552.0
ZINCf5000000apS0,standard_3d_pharmacophore,552,553.0
ZINCf5000000apTa,standard_3d_pharmacophore,553,554.0
ZINCf5000002qSav,standard_3d_pharmacophore,554,555.0
ZINCf5000002dWV0,standard_3d_pharmacophore,555,556.0
ZINCf50000009x6k,standard_3d_pharmacophore,556,557.0
ZINCf5000002eoqP,standard_3d_pharmacophore,557,558.0
ZINCf50000028SRH,standard_3d_pharmacophore,558,559.0
ZINCf5000000Ybyz,standard_3d_pharmacophore,559,560.0
ZINCf5000002armR,standard_3d_pharmacophore,560,561.0
ZINCf50000008TEi,standard_3d_pharmacophore,561,562.0
ZINCf5000000apSt,standard_3d_pharmacophore,562,563.0
ZINCf5000000WBn0,standard_3d_pharmacophore,563,564.0
ZINCf5000002e12L,standard_3d_pharmacophore,564,565.0
ZINCf50000009ucn,standard_3d_pharmacophore,565,566.0
ZINCf5000000Zwmh,standard_3d_pharmacophore,566,567.0
ZINCf50000009HLj,standard_3d_pharmacophore,567,568.0
ZINCf50000009W2D,standard_3d_pharmacophore,568,569.0
ZINCf5000001DljD,standard_3d_pharmacophore,569,570.0
ZINCf5000000Zse6,standard_3d_pharmacophore,570,571.0
ZINCf50000024KJR,standard_3d_pharmacophore,571,572.0
ZINCf500000093hz,standard_3d_pharmacophore,572,573.0
ZINCf50000017HZ5,standard_3d_pharmacophore,573,574.0
ZINCf50000008PNg,standard_3d_pharmacophore,574,575.0
ZINCf50000018cvm,standard_3d_pharmacophore,575,576.0
ZINCf5000002dPmY,standard_3d_pharmacophore,576,577.0
ZINCf5000001841Q,standard_3d_pharmacophore,577,578.0
ZINCf5000000SMpn,standard_3d_pharmacophore,578,579.0
ZINCf5000000YbiD,standard_3d_pharmacophore,579,580.0
ZINCf5000001yqMY,standard_3d_pharmacophore,580,581.0
ZINCf50000017oaP,standard_3d_pharmacophore,581,582.0
ZINCf5000000WAH6,standard_3d_pharmacophore,582,583.0
ZINCf5000002mCPi,standard_3d_pharmacophore,583,584.0
ZINCf5000000a7US,standard_3d_pharmacophore,584,585.0
ZINCf5000000Zu7s,standard_3d_pharmacophore,585,586.0
ZINCf5000000azOr,standard_3d_pharmacophore,586,587.0
ZINCf50000009KPt,standard_3d_pharmacophore,587,588.0
ZINCf50000023xoF,standard_3d_pharmacophore,588,589.0
ZINCf5000002sfL9,standard_3d_pharmacophore,589,590.0
ZINCf5000000ZtiF,standard_3d_pharmacophore,590,591.0
ZINCf50000009jOH,standard_3d_pharmacophore,591,592.0
ZINCf5000001811v,standard_3d_pharmacophore,592,593.0
ZINCf500000093K2,standard_3d_pharmacophore,593,594.0
ZINCf5000002rSgO,standard_3d_pharmacophore,594,595.0
ZINCf5000000VZ1Y,standard_3d_pharmacophore,595,596.0
ZINCf5000002dYfk,standard_3d_pharmacophore,596,597.0
ZINCf5000000ZqzS,standard_3d_pharmacophore,597,598.0
ZINCf50000008UN0,standard_3d_pharmacophore,598,599.0
ZINCf50000009Gcz,standard_3d_pharmacophore,599,600.0
ZINCf5000001QntH,standard_3d_pharmacophore,600,601.0
ZINCf5000000Ybi2,standard_3d_pharmacophore,601,602.0
ZINCf5000001ErXr,standard_3d_pharmacophore,602,603.0
ZINCf50000008UML,standard_3d_pharmacophore,603,604.0
ZINCf5000002ovy4,standard_3d_pharmacophore,604,605.0
ZINCf500000090vr,standard_3d_pharmacophore,605,606.0
ZINCf5000000aiZh,standard_3d_pharmacophore,606,607.0
ZINCf50000009yjh,standard_3d_pharmacophore,607,608.0
ZINCf5000000a3K4,standard_3d_pharmacophore,608,609.0
ZINCf50000008L06,standard_3d_pharmacophore,609,610.0
ZINCf5000000VZ2K,standard_3d_pharmacophore,610,611.0
CHEMBL3315194,standard_3d_pharmacophore,611,612.0
ZINCf50000009aKQ,standard_3d_pharmacophore,612,613.0
ZINCf5000000YbiW,standard_3d_pharmacophore,613,614.0
ZINCf5000002qXdP,standard_3d_pharmacophore,614,615.0
ZINCf5000002oDG4,standard_3d_pharmacophore,615,616.0
ZINCf5000001qm5O,standard_3d_pharmacophore,616,617.0
ZINCf5000002dG7y,standard_3d_pharmacophore,617,618.0
ZINCf50000018csw,standard_3d_pharmacophore,618,619.0
ZINCf5000002rLKk,standard_3d_pharmacophore,619,620.0
ZINCf50000009ZfR,standard_3d_pharmacophore,620,621.0
ZINCf5000000ZtdS,standard_3d_pharmacophore,621,622.0
ZINCf50000008Psk,standard_3d_pharmacophore,622,623.0
ZINCf5000000acD4,standard_3d_pharmacophore,623,624.0
ZINCf5000000ap96,standard_3d_pharmacophore,624,625.0
ZINCf50000017za3,standard_3d_pharmacophore,625,626.0
ZINCf5000000WArE,standard_3d_pharmacophore,626,627.0
ZINCf5000002sbM5,standard_3d_pharmacophore,627,628.0
ZINCf5000002s9aI,standard_3d_pharmacophore,628,629.0
ZINCf50000008WI2,standard_3d_pharmacophore,629,630.0
ZINCf50000008Vkv,standard_3d_pharmacophore,630,631.0
ZINCf5000000axIK,standard_3d_pharmacophore,631,632.0
ZINCf50000017AV1,standard_3d_pharmacophore,632,633.0
ZINCf50000009E1n,standard_3d_pharmacophore,633,634.0
ZINCf5000000acCv,standard_3d_pharmacophore,634,635.0
ZINCf50000027vOR,standard_3d_pharmacophore,635,636.0
ZINCf500000097Fu,standard_3d_pharmacophore,636,637.0
ZINCf50000024FMA,standard_3d_pharmacophore,637,638.0
CHEMBL1995726,standard_3d_pharmacophore,638,639.0
ZINCf50000009Kj2,standard_3d_pharmacophore,639,640.0
ZINCf50000017BnH,standard_3d_pharmacophore,640,641.0
ZINCf5000002rrEh,standard_3d_pharmacophore,641,642.0
ZINCf5000002dnrq,standard_3d_pharmacophore,642,643.0
ZINCf5000000SJ0Y,standard_3d_pharmacophore,643,644.0
ZINCf5000000Ybna,standard_3d_pharmacophore,644,645.0
ZINCf50000009GLl,standard_3d_pharmacophore,645,646.0
ZINCf5000002eciZ,standard_3d_pharmacophore,646,647.0
ZINCf5000002mx2n,standard_3d_pharmacophore,647,648.0
ZINCf5000003631Z,standard_3d_pharmacophore,648,649.0
ZINCf5000002ejZp,standard_3d_pharmacophore,649,650.0
ZINCf5000002mCJW,standard_3d_pharmacophore,650,651.0
ZINCf500000095A6,standard_3d_pharmacophore,651,652.0
ZINCf5000001u5QP,standard_3d_pharmacophore,652,653.0
ZINCf50000009wcS,standard_3d_pharmacophore,653,654.0
ZINCf5000002e63U,standard_3d_pharmacophore,654,655.0
ZINCf5000000abWF,standard_3d_pharmacophore,655,656.0
ZINCf5000002aKS4,standard_3d_pharmacophore,656,657.0
ZINCf5000002mw02,standard_3d_pharmacophore,657,658.0
ZINCf5000001YykT,standard_3d_pharmacophore,658,659.0
ZINCf5000000VlAb,standard_3d_pharmacophore,659,660.0
ZINCf5000002rUzF,standard_3d_pharmacophore,660,661.0
ZINCf5000002s57x,standard_3d_pharmacophore,661,662.0
ZINCf5000002rS5E,standard_3d_pharmacophore,662,663.0
ZINCf5000001TMv3,standard_3d_pharmacophore,663,664.0
ZINCf5000002sjyQ,standard_3d_pharmacophore,664,665.0
ZINCf50000017JSA,standard_3d_pharmacophore,665,666.0
ZINCf5000000agon,standard_3d_pharmacophore,666,667.0
ZINCf50000009JcO,standard_3d_pharmacophore,667,668.0
ZINCf5000002s3ja,standard_3d_pharmacophore,668,669.0
ZINCf5000002dEDM,standard_3d_pharmacophore,669,670.0
ZINCf50000017BEC,standard_3d_pharmacophore,670,671.0
ZINCf50000009GTU,standard_3d_pharmacophore,671,672.0
ZINCf5000002s57j,standard_3d_pharmacophore,672,673.0
ZINCf500000090Ji,standard_3d_pharmacophore,673,674.0
ZINCf5000000aloI,standard_3d_pharmacophore,674,675.0
ZINCf5000002e28W,standard_3d_pharmacophore,675,676.0
ZINCf50000008Co1,standard_3d_pharmacophore,676,677.0
ZINCf50000017UAc,standard_3d_pharmacophore,677,678.0
ZINCf5000000Zr5H,standard_3d_pharmacophore,678,679.0
ZINCf50000009GYA,standard_3d_pharmacophore,679,680.0
ZINCf5000002eaVo,standard_3d_pharmacophore,680,681.0
ZINCf50000009Get,standard_3d_pharmacophore,681,682.0
ZINCf5000000Ybhl,standard_3d_pharmacophore,682,683.0
ZINCf50000009UN8,standard_3d_pharmacophore,683,684.0
ZINCf5000000az2H,standard_3d_pharmacophore,684,685.0
ZINCf5000000ZuzE,standard_3d_pharmacophore,685,686.0
ZINCf50000009tIh,standard_3d_pharmacophore,686,687.0
ZINCf50000017Dfp,standard_3d_pharmacophore,687,688.0
ZINCf5000000ZuNQ,standard_3d_pharmacophore,688,689.0
ZINCf5000001tN8K,standard_3d_pharmacophore,689,690.0
ZINCf5000001B12d,standard_3d_pharmacophore,690,691.0
ZINCf50000009pom,standard_3d_pharmacophore,691,692.0
ZINCf5000000aabR,standard_3d_pharmacophore,692,693.0
ZINCf50000009skC,standard_3d_pharmacophore,693,694.0
CHEMBL294989,standard_3d_pharmacophore,694,695.0
ZINCf5000001wrKt,standard_3d_pharmacophore,695,696.0
ZINCf5000002qUnY,standard_3d_pharmacophore,696,697.0
ZINCf50000028HLN,standard_3d_pharmacophore,697,698.0
ZINCf50000024Rar,standard_3d_pharmacophore,698,699.0
ZINCf50000009wYE,standard_3d_pharmacophore,699,700.0
CHEMBL1321527,standard_3d_pharmacophore,700,701.0
ZINCf5000000aa8e,standard_3d_pharmacophore,701,702.0
ZINCf5000000aiTW,standard_3d_pharmacophore,702,703.0
ZINCf5000000Zr7a,standard_3d_pharmacophore,703,704.0
ZINCf50000009ss4,standard_3d_pharmacophore,704,705.0
ZINCf500000180Ww,standard_3d_pharmacophore,705,706.0
ZINCf5000002oDM5,standard_3d_pharmacophore,706,707.0
ZINCf50000009wm2,standard_3d_pharmacophore,707,708.0
ZINCf50000009xNF,standard_3d_pharmacophore,708,709.0
ZINCf500000091Qp,standard_3d_pharmacophore,709,710.0
ZINCf50000009peh,standard_3d_pharmacophore,710,711.0
ZINCf50000017PhK,standard_3d_pharmacophore,711,712.0
ZINCf5000002dngp,standard_3d_pharmacophore,712,713.0
ZINCf5000001TLqs,standard_3d_pharmacophore,713,714.0
ZINCf5000000Vn5I,standard_3d_pharmacophore,714,715.0
ZINCf50000028nNI,standard_3d_pharmacophore,715,716.0
ZINCf50000017yYU,standard_3d_pharmacophore,716,717.0
ZINCf500000094ix,standard_3d_pharmacophore,717,718.0
ZINCf5000000SLW6,standard_3d_pharmacophore,718,719.0
ZINCf5000002sfbp,standard_3d_pharmacophore,719,720.0
ZINCf50000008PSw,standard_3d_pharmacophore,720,721.0
ZINCf50000009AR4,standard_3d_pharmacophore,721,722.0
ZINCf5000002dEiH,standard_3d_pharmacophore,722,723.0
ZINCf500000090vP,standard_3d_pharmacophore,723,724.0
ZINCf50000009AGR,standard_3d_pharmacophore,724,725.0
ZINCf50000009ulF,standard_3d_pharmacophore,725,726.0
ZINCf5000000arL0,standard_3d_pharmacophore,726,727.0
ZINCf50000009pE1,standard_3d_pharmacophore,727,728.0
ZINCf5000000acUm,standard_3d_pharmacophore,728,729.0
ZINCf5000002rx2V,standard_3d_pharmacophore,729,730.0
ZINCf50000009psD,standard_3d_pharmacophore,730,731.0
ZINCf50000017I7M,standard_3d_pharmacophore,731,732.0
ZINCf5000000YbHL,standard_3d_pharmacophore,732,733.0
ZINCf5000002shw9,standard_3d_pharmacophore,733,734.0
ZINCf50000009smb,standard_3d_pharmacophore,734,735.0
ZINCf5000000a5WO,standard_3d_pharmacophore,735,736.0
CHEMBL1490404,standard_3d_pharmacophore,736,737.0
ZINCf5000000S69w,standard_3d_pharmacophore,737,738.0
ZINCf5000002rPKf,standard_3d_pharmacophore,738,739.0
ZINCf500000099Sx,standard_3d_pharmacophore,739,740.0
ZINCf50000017XIs,standard_3d_pharmacophore,740,741.0
ZINCf5000001JSby,standard_3d_pharmacophore,741,742.0
ZINCf5000000ax3F,standard_3d_pharmacophore,742,743.0
ZINCf5000002oCFb,standard_3d_pharmacophore,743,744.0
ZINCf50000029adq,standard_3d_pharmacophore,744,745.0
ZINCf500000091VC,standard_3d_pharmacophore,745,746.0
ZINCf5000002dByQ,standard_3d_pharmacophore,746,747.0
ZINCf5000002mC06,standard_3d_pharmacophore,747,748.0
ZINCf5000000ZvXH,standard_3d_pharmacophore,748,749.0
ZINCf50000009KZO,standard_3d_pharmacophore,749,750.0
ZINCf5000000a9AP,standard_3d_pharmacophore,750,751.0
ZINCf5000002dW9F,standard_3d_pharmacophore,751,752.0
ZINCf50000028Nf7,standard_3d_pharmacophore,752,753.0
ZINCf5000001871q,standard_3d_pharmacophore,753,754.0
ZINCf50000009Erw,standard_3d_pharmacophore,754,755.0
ZINCf5000002eaUN,standard_3d_pharmacophore,755,756.0
ZINCf5000000YaTJ,standard_3d_pharmacophore,756,757.0
ZINCf5000001shJH,standard_3d_pharmacophore,757,758.0
ZINCf50000009KKm,standard_3d_pharmacophore,758,759.0
ZINCf5000002aSJ3,standard_3d_pharmacophore,759,760.0
ZINCf500000267FD,standard_3d_pharmacophore,760,761.0
ZINCf50000009KPp,standard_3d_pharmacophore,761,762.0
ZINCf500000091FH,standard_3d_pharmacophore,762,763.0
ZINCf50000009kHx,standard_3d_pharmacophore,763,764.0
ZINCf50000009BRA,standard_3d_pharmacophore,764,765.0
ZINCf5000002qCCN,standard_3d_pharmacophore,765,766.0
ZINCf5000000S5Qa,standard_3d_pharmacophore,766,767.0
ZINCf5000000az5i,standard_3d_pharmacophore,767,768.0
ZINCf5000000YbCR,standard_3d_pharmacophore,768,769.0
ZINCf5000002qNLm,standard_3d_pharmacophore,769,770.0
ZINCf50000009MQf,standard_3d_pharmacophore,770,771.0
ZINCf50000009G2d,standard_3d_pharmacophore,771,772.0
ZINCf50000018cDt,standard_3d_pharmacophore,772,773.0
ZINCf5000002rwb1,standard_3d_pharmacophore,773,774.0
ZINCf5000000ZtJJ,standard_3d_pharmacophore,774,775.0
ZINCf5000002eaSY,standard_3d_pharmacophore,775,776.0
ZINCf50000009rEa,standard_3d_pharmacophore,776,777.0
ZINCf5000000ad3c,standard_3d_pharmacophore,777,778.0
ZINCf50000009uPy,standard_3d_pharmacophore,778,779.0
ZINCf500000098P6,standard_3d_pharmacophore,779,780.0
ZINCf50000008Hb1,standard_3d_pharmacophore,780,781.0
ZINCf5000000ajkb,standard_3d_pharmacophore,781,782.0
ZINCf5000001Z8qb,standard_3d_pharmacophore,782,783.0
ZINCf500000187IV,standard_3d_pharmacophore,783,784.0
ZINCf5000000ayEP,standard_3d_pharmacophore,784,785.0
ZINCf50000009f8z,standard_3d_pharmacophore,785,786.0
ZINCf5000001zKaK,standard_3d_pharmacophore,786,787.0
ZINCf5000002qYb3,standard_3d_pharmacophore,787,788.0
ZINCf5000000Zs6u,standard_3d_pharmacophore,788,789.0
ZINCf5000000Zxnj,standard_3d_pharmacophore,789,790.0
ZINCf5000002eg1Y,standard_3d_pharmacophore,790,791.0
ZINCf50000009sqy,standard_3d_pharmacophore,791,792.0
ZINCf50000009KTI,standard_3d_pharmacophore,792,793.0
ZINCf50000009R3y,standard_3d_pharmacophore,793,794.0
ZINCf50000009adV,standard_3d_pharmacophore,794,795.0
ZINCf50000009yQr,standard_3d_pharmacophore,795,796.0
ZINCf5000002mA37,standard_3d_pharmacophore,796,797.0
ZINCf5000002rLME,standard_3d_pharmacophore,797,798.0
ZINCf5000000Ybib,standard_3d_pharmacophore,798,799.0
ZINCf500000093ux,standard_3d_pharmacophore,799,800.0
ZINCf50000009ukK,standard_3d_pharmacophore,800,801.0
ZINCf500000188ur,standard_3d_pharmacophore,801,802.0
ZINCf50000008VrH,standard_3d_pharmacophore,802,803.0
ZINCf5000002e5gK,standard_3d_pharmacophore,803,804.0
ZINCf5000001FdUZ,standard_3d_pharmacophore,804,805.0
ZINCf5000001810O,standard_3d_pharmacophore,805,806.0
ZINCf50000025WKU,standard_3d_pharmacophore,806,807.0
ZINCf500000096T5,standard_3d_pharmacophore,807,808.0
ZINCf50000009uG4,standard_3d_pharmacophore,808,809.0
ZINCf5000002e5Fs,standard_3d_pharmacophore,809,810.0
ZINCf5000002rRse,standard_3d_pharmacophore,810,811.0
ZINCf5000001OeYf,standard_3d_pharmacophore,811,812.0
ZINCf5000000WBLG,standard_3d_pharmacophore,812,813.0
ZINCf50000009auy,standard_3d_pharmacophore,813,814.0
ZINCf5000000ZtiG,standard_3d_pharmacophore,814,815.0
ZINCf50000009KY4,standard_3d_pharmacophore,815,816.0
ZINCf5000001L1n0,standard_3d_pharmacophore,816,817.0
ZINCf50000017KeG,standard_3d_pharmacophore,817,818.0
ZINCf50000009vvW,standard_3d_pharmacophore,818,819.0
ZINCf500000093Nd,standard_3d_pharmacophore,819,820.0
ZINCf50000017P4L,standard_3d_pharmacophore,820,821.0
ZINCf50000009FPs,standard_3d_pharmacophore,821,822.0
ZINCf50000018bku,standard_3d_pharmacophore,822,823.0
ZINCf5000002e8EA,standard_3d_pharmacophore,823,824.0
ZINCf5000002sbOm,standard_3d_pharmacophore,824,825.0
ZINCf5000000a7JD,standard_3d_pharmacophore,825,826.0
ZINCf500000091nk,standard_3d_pharmacophore,826,827.0
ZINCf5000002e5Hf,standard_3d_pharmacophore,827,828.0
ZINCf5000002s2SC,standard_3d_pharmacophore,828,829.0
ZINCf5000002mDj1,standard_3d_pharmacophore,829,830.0
ZINCf5000002rinO,standard_3d_pharmacophore,830,831.0
ZINCf50000009LPV,standard_3d_pharmacophore,831,832.0
ZINCf50000009NnH,standard_3d_pharmacophore,832,833.0
ZINCf50000009Csh,standard_3d_pharmacophore,833,834.0
ZINCf5000000a5ym,standard_3d_pharmacophore,834,835.0
ZINCf5000000Zrj4,standard_3d_pharmacophore,835,836.0
ZINCf5000002e22i,standard_3d_pharmacophore,836,837.0
ZINCf5000002rP1E,standard_3d_pharmacophore,837,838.0
ZINCf5000002s3Iy,standard_3d_pharmacophore,838,839.0
ZINCf50000009Ww1,standard_3d_pharmacophore,839,840.0
ZINCf5000000acTP,standard_3d_pharmacophore,840,841.0
ZINCf50000029ADx,standard_3d_pharmacophore,841,842.0
ZINCf50000009BLy,standard_3d_pharmacophore,842,843.0
ZINCf50000017KoO,standard_3d_pharmacophore,843,844.0
ZINCf500000091jS,standard_3d_pharmacophore,844,845.0
ZINCf5000002dEiI,standard_3d_pharmacophore,845,846.0
ZINCf5000000YbC0,standard_3d_pharmacophore,846,847.0
ZINCf5000002s57t,standard_3d_pharmacophore,847,848.0
ZINCf5000001B6mr,standard_3d_pharmacophore,848,849.0
ZINCf5000002dm0M,standard_3d_pharmacophore,849,850.0
ZINCf5000002dD5k,standard_3d_pharmacophore,850,851.0
ZINCf5000000axTO,standard_3d_pharmacophore,851,852.0
ZINCf50000017VOT,standard_3d_pharmacophore,852,853.0
ZINCf50000009pVD,standard_3d_pharmacophore,853,854.0
ZINCf50000009GYy,standard_3d_pharmacophore,854,855.0
ZINCf50000008M3s,standard_3d_pharmacophore,855,856.0
ZINCf5000002oIfE,standard_3d_pharmacophore,856,857.0
ZINCf50000009KZQ,standard_3d_pharmacophore,857,858.0
ZINCf50000017NRs,standard_3d_pharmacophore,858,859.0
ZINCf50000024pu6,standard_3d_pharmacophore,859,860.0
ZINCf5000000adGO,standard_3d_pharmacophore,860,861.0
ZINCf5000000aa29,standard_3d_pharmacophore,861,862.0
ZINCf5000000abKk,standard_3d_pharmacophore,862,863.0
ZINCf5000002myVd,standard_3d_pharmacophore,863,864.0
ZINCf5000002rgpX,standard_3d_pharmacophore,864,865.0
ZINCf5000000advk,standard_3d_pharmacophore,865,866.0
ZINCf50000008EUm,standard_3d_pharmacophore,866,867.0
ZINCf50000009ALa,standard_3d_pharmacophore,867,868.0
ZINCf50000017DIm,standard_3d_pharmacophore,868,869.0
ZINCf50000008XK8,standard_3d_pharmacophore,869,870.0
ZINCf50000009uqn,standard_3d_pharmacophore,870,871.0
ZINCf50000017I6A,standard_3d_pharmacophore,871,872.0
ZINCf50000026T15,standard_3d_pharmacophore,872,873.0
ZINCf5000001vdUv,standard_3d_pharmacophore,873,874.0
ZINCf5000002oCHN,standard_3d_pharmacophore,874,875.0
ZINCf50000009w0J,standard_3d_pharmacophore,875,876.0
ZINCf5000002r56C,standard_3d_pharmacophore,876,877.0
ZINCf50000009aFI,standard_3d_pharmacophore,877,878.0
ZINCf5000002dR3S,standard_3d_pharmacophore,878,879.0
ZINCf5000002qZ68,standard_3d_pharmacophore,879,880.0
ZINCf5000002dEiR,standard_3d_pharmacophore,880,881.0
ZINCf50000009nAl,standard_3d_pharmacophore,881,882.0
ZINCf500000090a2,standard_3d_pharmacophore,882,883.0
ZINCf5000001vlyY,standard_3d_pharmacophore,883,884.0
ZINCf50000024Iwn,standard_3d_pharmacophore,884,885.0
ZINCf5000001815g,standard_3d_pharmacophore,885,886.0
ZINCf50000009psw,standard_3d_pharmacophore,886,887.0
ZINCf5000001XUpk,standard_3d_pharmacophore,887,888.0
ZINCf50000009vJf,standard_3d_pharmacophore,888,889.0
ZINCf50000009aQa,standard_3d_pharmacophore,889,890.0
ZINCf50000017TJ9,standard_3d_pharmacophore,890,891.0
ZINCf5000002sbOB,standard_3d_pharmacophore,891,892.0
ZINCf5000001Ss7a,standard_3d_pharmacophore,892,893.0
ZINCf5000000afYF,standard_3d_pharmacophore,893,894.0
CHEMBL1387563,standard_3d_pharmacophore,894,895.0
ZINCf50000026oVS,standard_3d_pharmacophore,895,896.0
ZINCf5000002mB1l,standard_3d_pharmacophore,896,897.0
ZINCf5000000acYe,standard_3d_pharmacophore,897,898.0
ZINCf5000000ZrnM,standard_3d_pharmacophore,898,899.0
ZINCf500000181o6,standard_3d_pharmacophore,899,900.0
ZINCf50000009AET,standard_3d_pharmacophore,900,901.0
ZINCf500000090za,standard_3d_pharmacophore,901,902.0
ZINCf5000002e7NY,standard_3d_pharmacophore,902,903.0
ZINCf50000028LEi,standard_3d_pharmacophore,903,904.0
ZINCf50000009fFw,standard_3d_pharmacophore,904,905.0
ZINCf50000009ad3,standard_3d_pharmacophore,905,906.0
ZINCf50000008TsN,standard_3d_pharmacophore,906,907.0
ZINCf50000009xri,standard_3d_pharmacophore,907,908.0
ZINCf50000009tNK,standard_3d_pharmacophore,908,909.0
ZINCf50000008Zxi,standard_3d_pharmacophore,909,910.0
ZINCf500000263Mr,standard_3d_pharmacophore,910,911.0
ZINCf5000000acNr,standard_3d_pharmacophore,911,912.0
ZINCf5000002aJ1f,standard_3d_pharmacophore,912,913.0
ZINCf5000002rwt8,standard_3d_pharmacophore,913,914.0
ZINCf50000009w27,standard_3d_pharmacophore,914,915.0
ZINCf50000024W6j,standard_3d_pharmacophore,915,916.0
ZINCf50000017w8G,standard_3d_pharmacophore,916,917.0
CHEMBL1369296,standard_3d_pharmacophore,917,918.0
ZINCf500000189Cj,standard_3d_pharmacophore,918,919.0
ZINCf50000017zxn,standard_3d_pharmacophore,919,920.0
ZINCf5000000WC1R,standard_3d_pharmacophore,920,921.0
ZINCf50000009vUQ,standard_3d_pharmacophore,921,922.0
ZINCf50000008LG1,standard_3d_pharmacophore,922,923.0
ZINCf5000002rcCF,standard_3d_pharmacophore,923,924.0
ZINCf5000002s7uE,standard_3d_pharmacophore,924,925.0
ZINCf5000000VkWT,standard_3d_pharmacophore,925,926.0
ZINCf5000002rYLd,standard_3d_pharmacophore,926,927.0
ZINCf50000017BnG,standard_3d_pharmacophore,927,928.0
ZINCf5000002ecKi,standard_3d_pharmacophore,928,929.0
ZINCf5000002mCGp,standard_3d_pharmacophore,929,930.0
ZINCf50000017Bo0,standard_3d_pharmacophore,930,931.0
ZINCf50000024kCv,standard_3d_pharmacophore,931,932.0
ZINCf5000002rDJg,standard_3d_pharmacophore,932,933.0
ZINCf50000009FzR,standard_3d_pharmacophore,933,934.0
ZINCf50000029civ,standard_3d_pharmacophore,934,935.0
ZINCf5000001RKHX,standard_3d_pharmacophore,935,936.0
ZINCf500000097Fg,standard_3d_pharmacophore,936,937.0
ZINCf50000009Ga9,standard_3d_pharmacophore,937,938.0
ZINCf50000009xr9,standard_3d_pharmacophore,938,939.0
ZINCf5000000SNrI,standard_3d_pharmacophore,939,940.0
ZINCf5000002myLk,standard_3d_pharmacophore,940,941.0
ZINCf5000002s7p3,standard_3d_pharmacophore,941,942.0
ZINCf500000093yk,standard_3d_pharmacophore,942,943.0
ZINCf50000008Gy0,standard_3d_pharmacophore,943,944.0
ZINCf50000008GvD,standard_3d_pharmacophore,944,945.0
ZINCf5000000aaD5,standard_3d_pharmacophore,945,946.0
ZINCf50000026zMv,standard_3d_pharmacophore,946,947.0
ZINCf5000002dZM2,standard_3d_pharmacophore,947,948.0
ZINCf5000000ZqI1,standard_3d_pharmacophore,948,949.0
ZINCf5000000SKPV,standard_3d_pharmacophore,949,950.0
ZINCf50000017Xeg,standard_3d_pharmacophore,950,951.0
ZINCf50000009vOd,standard_3d_pharmacophore,951,952.0
ZINCf5000002dkMc,standard_3d_pharmacophore,952,953.0
ZINCf5000000aatP,standard_3d_pharmacophore,953,954.0
ZINCf5000002oFf9,standard_3d_pharmacophore,954,955.0
ZINCf5000001QlLD,standard_3d_pharmacophore,955,956.0
ZINCf5000000aeNZ,standard_3d_pharmacophore,956,957.0
ZINCf50000009f0E,standard_3d_pharmacophore,957,958.0
ZINCf50000017y6z,standard_3d_pharmacophore,958,959.0
ZINCf5000000ZroC,standard_3d_pharmacophore,959,960.0
ZINCf5000002aRP2,standard_3d_pharmacophore,960,961.0
ZINCf500000099Re,standard_3d_pharmacophore,961,962.0
ZINCf5000002mwdP,standard_3d_pharmacophore,962,963.0
ZINCf5000002s8gR,standard_3d_pharmacophore,963,964.0
ZINCf5000002r3Nm,standard_3d_pharmacophore,964,965.0
ZINCf5000001rW3P,standard_3d_pharmacophore,965,966.0
ZINCf5000000ax3U,standard_3d_pharmacophore,966,967.0
ZINCf50000023t3V,standard_3d_pharmacophore,967,968.0
ZINCf5000000ZrnR,standard_3d_pharmacophore,968,969.0
ZINCf50000009HiG,standard_3d_pharmacophore,969,970.0
ZINCf50000017wUn,standard_3d_pharmacophore,970,971.0
ZINCf5000000949X,standard_3d_pharmacophore,971,972.0
ZINCf50000009MpA,standard_3d_pharmacophore,972,973.0
ZINCf50000009GL0,standard_3d_pharmacophore,973,974.0
ZINCf50000009vem,standard_3d_pharmacophore,974,975.0
ZINCf50000009A2n,standard_3d_pharmacophore,975,976.0
ZINCf50000009NjO,standard_3d_pharmacophore,976,977.0
ZINCf50000009zw4,standard_3d_pharmacophore,977,978.0
ZINCf50000029Tt9,standard_3d_pharmacophore,978,979.0
ZINCf5000001CEAB,standard_3d_pharmacophore,979,980.0
ZINCf5000000ZrWR,standard_3d_pharmacophore,980,981.0
ZINCf5000002mENP,standard_3d_pharmacophore,981,982.0
ZINCf5000002rN1w,standard_3d_pharmacophore,982,983.0
ZINCf5000000a1pf,standard_3d_pharmacophore,983,984.0
ZINCf5000000amzy,standard_3d_pharmacophore,984,985.0
ZINCf5000002aPmx,standard_3d_pharmacophore,985,986.0
ZINCf50000008Txb,standard_3d_pharmacophore,986,987.0
ZINCf5000001WJXL,standard_3d_pharmacophore,987,988.0
ZINCf50000009XWO,standard_3d_pharmacophore,988,989.0
ZINCf50000018b5F,standard_3d_pharmacophore,989,990.0
ZINCf5000001YMN9,standard_3d_pharmacophore,990,991.0
ZINCf50000009cQd,standard_3d_pharmacophore,991,992.0
ZINCf50000009jVo,standard_3d_pharmacophore,992,993.0
ZINCf50000009veg,standard_3d_pharmacophore,993,994.0
ZINCf5000002dXNu,standard_3d_pharmacophore,994,995.0
ZINCf500000093f6,standard_3d_pharmacophore,995,996.0
ZINCf5000002qOQs,standard_3d_pharmacophore,996,997.0
ZINCf5000000akN8,standard_3d_pharmacophore,997,998.0
ZINCf50000017Kso,standard_3d_pharmacophore,998,999.0
ZINCf50000017vGK,standard_3d_pharmacophore,999,1000.0
ZINCf5000002aQII,standard_3d_pharmacophore,1000,1001.0
ZINCf5000000ZqhC,standard_3d_pharmacophore,1001,1002.0
ZINCf5000000ZsWO,standard_3d_pharmacophore,1002,1003.0
ZINCf5000001PUBi,standard_3d_pharmacophore,1003,1004.0
ZINCf5000001E9fQ,standard_3d_pharmacophore,1004,1005.0
ZINCf5000002qYi0,standard_3d_pharmacophore,1005,1006.0
ZINCf500000180z1,standard_3d_pharmacophore,1006,1007.0
ZINCf50000009I3k,standard_3d_pharmacophore,1007,1008.0
ZINCf5000000acSz,standard_3d_pharmacophore,1008,1009.0
ZINCf50000026aGv,standard_3d_pharmacophore,1009,1010.0
ZINCf50000008RfT,standard_3d_pharmacophore,1010,1011.0
ZINCf5000002myLr,standard_3d_pharmacophore,1011,1012.0
ZINCf5000000Vn0F,standard_3d_pharmacophore,1012,1013.0
ZINCf5000000990N,standard_3d_pharmacophore,1013,1014.0
ZINCf50000017phT,standard_3d_pharmacophore,1014,1015.0
ZINCf5000002r7z7,standard_3d_pharmacophore,1015,1016.0
ZINCf5000000apYi,standard_3d_pharmacophore,1016,1017.0
ZINCf5000001AKBy,standard_3d_pharmacophore,1017,1018.0
ZINCf50000009aXl,standard_3d_pharmacophore,1018,1019.0
ZINCf5000000arit,standard_3d_pharmacophore,1019,1020.0
ZINCf50000009Jh0,standard_3d_pharmacophore,1020,1021.0
ZINCf50000017sU6,standard_3d_pharmacophore,1021,1022.0
ZINCf5000000WAGq,standard_3d_pharmacophore,1022,1023.0
CHEMBL1301125,standard_3d_pharmacophore,1023,1024.0
ZINCf50000009pzX,standard_3d_pharmacophore,1024,1025.0
ZINCf500000094pL,standard_3d_pharmacophore,1025,1026.0
ZINCf5000000atwE,standard_3d_pharmacophore,1026,1027.0
ZINCf5000000VZ8H,standard_3d_pharmacophore,1027,1028.0
ZINCf5000000arvc,standard_3d_pharmacophore,1028,1029.0
ZINCf5000002mHDq,standard_3d_pharmacophore,1029,1030.0
ZINCf50000026iVi,standard_3d_pharmacophore,1030,1031.0
ZINCf50000009f9z,standard_3d_pharmacophore,1031,1032.0
ZINCf50000017IU9,standard_3d_pharmacophore,1032,1033.0
ZINCf5000002dMmI,standard_3d_pharmacophore,1033,1034.0
ZINCf5000001q0Kg,standard_3d_pharmacophore,1034,1035.0
ZINCf5000000Zu2n,standard_3d_pharmacophore,1035,1036.0
ZINCf5000002aScU,standard_3d_pharmacophore,1036,1037.0
ZINCf50000009zaz,standard_3d_pharmacophore,1037,1038.0
ZINCf50000017Pbh,standard_3d_pharmacophore,1038,1039.0
ZINCf5000000SMmi,standard_3d_pharmacophore,1039,1040.0
ZINCf5000001os6S,standard_3d_pharmacophore,1040,1041.0
ZINCf5000002rFi2,standard_3d_pharmacophore,1041,1042.0
ZINCf50000009d4A,standard_3d_pharmacophore,1042,1043.0
ZINCf50000008KZS,standard_3d_pharmacophore,1043,1044.0
ZINCf5000000ZqX7,standard_3d_pharmacophore,1044,1045.0
ZINCf50000008Pur,standard_3d_pharmacophore,1045,1046.0
ZINCf5000000aj4d,standard_3d_pharmacophore,1046,1047.0
ZINCf50000027HWE,standard_3d_pharmacophore,1047,1048.0
ZINCf50000024NXI,standard_3d_pharmacophore,1048,1049.0
ZINCf50000009GAN,standard_3d_pharmacophore,1049,1050.0
ZINCf5000000973Q,standard_3d_pharmacophore,1050,1051.0
ZINCf5000000ZxFj,standard_3d_pharmacophore,1051,1052.0
ZINCf5000002dZlW,standard_3d_pharmacophore,1052,1053.0
ZINCf5000002sf7B,standard_3d_pharmacophore,1053,1054.0
ZINCf50000017RSx,standard_3d_pharmacophore,1054,1055.0
ZINCf5000000ZqhD,standard_3d_pharmacophore,1055,1056.0
ZINCf5000002dA83,standard_3d_pharmacophore,1056,1057.0
ZINCf5000002s5Dp,standard_3d_pharmacophore,1057,1058.0
ZINCf5000002sf7A,standard_3d_pharmacophore,1058,1059.0
ZINCf5000000a0va,standard_3d_pharmacophore,1059,1060.0
ZINCf50000008PUO,standard_3d_pharmacophore,1060,1061.0
ZINCf5000002dKxn,standard_3d_pharmacophore,1061,1062.0
ZINCf50000009364,standard_3d_pharmacophore,1062,1063.0
ZINCf5000000axG4,standard_3d_pharmacophore,1063,1064.0
ZINCf50000008Gvh,standard_3d_pharmacophore,1064,1065.0
ZINCf500000181yj,standard_3d_pharmacophore,1065,1066.0
ZINCf5000000a4a4,standard_3d_pharmacophore,1066,1067.0
ZINCf50000009Aho,standard_3d_pharmacophore,1067,1068.0
ZINCf50000017HhX,standard_3d_pharmacophore,1068,1069.0
ZINCf500000181qc,standard_3d_pharmacophore,1069,1070.0
ZINCf50000008URn,standard_3d_pharmacophore,1070,1071.0
ZINCf5000000apFQ,standard_3d_pharmacophore,1071,1072.0
ZINCf50000009nxB,standard_3d_pharmacophore,1072,1073.0
ZINCf50000009FOq,standard_3d_pharmacophore,1073,1074.0
ZINCf50000009dT1,standard_3d_pharmacophore,1074,1075.0
ZINCf50000009shT,standard_3d_pharmacophore,1075,1076.0
ZINCf50000008U1H,standard_3d_pharmacophore,1076,1077.0
ZINCf5000002aSEZ,standard_3d_pharmacophore,1077,1078.0
ZINCf50000008KXO,standard_3d_pharmacophore,1078,1079.0
ZINCf5000002dw11,standard_3d_pharmacophore,1079,1080.0
ZINCf5000002duCe,standard_3d_pharmacophore,1080,1081.0
ZINCf50000008NGb,standard_3d_pharmacophore,1081,1082.0
ZINCf5000001rEZM,standard_3d_pharmacophore,1082,1083.0
ZINCf50000018cQq,standard_3d_pharmacophore,1083,1084.0
ZINCf5000002qKMh,standard_3d_pharmacophore,1084,1085.0
ZINCf50000009BKg,standard_3d_pharmacophore,1085,1086.0
ZINCf50000009Bj2,standard_3d_pharmacophore,1086,1087.0
ZINCf50000009AHW,standard_3d_pharmacophore,1087,1088.0
ZINCf50000017HXG,standard_3d_pharmacophore,1088,1089.0
ZINCf5000002s1Bt,standard_3d_pharmacophore,1089,1090.0
ZINCf50000008Cm0,standard_3d_pharmacophore,1090,1091.0
ZINCf5000002dA84,standard_3d_pharmacophore,1091,1092.0
ZINCf5000000Zw1G,standard_3d_pharmacophore,1092,1093.0
ZINCf50000027pPY,standard_3d_pharmacophore,1093,1094.0
ZINCf5000000ZrA9,standard_3d_pharmacophore,1094,1095.0
ZINCf5000002aT9J,standard_3d_pharmacophore,1095,1096.0
ZINCf50000008OyQ,standard_3d_pharmacophore,1096,1097.0
ZINCf50000008FOg,standard_3d_pharmacophore,1097,1098.0
ZINCf5000000acrg,standard_3d_pharmacophore,1098,1099.0
ZINCf5000002rPCd,standard_3d_pharmacophore,1099,1100.0
ZINCf5000000SKov,standard_3d_pharmacophore,1100,1101.0
ZINCf50000027vdG,standard_3d_pharmacophore,1101,1102.0
ZINCf5000001HZgo,standard_3d_pharmacophore,1102,1103.0
ZINCf500000092Mx,standard_3d_pharmacophore,1103,1104.0
ZINCf5000002rQT1,standard_3d_pharmacophore,1104,1105.0
ZINCf5000002s7li,standard_3d_pharmacophore,1105,1106.0
ZINCf5000002e29Q,standard_3d_pharmacophore,1106,1107.0
ZINCf5000002e2bD,standard_3d_pharmacophore,1107,1108.0
ZINCf50000009AKa,standard_3d_pharmacophore,1108,1109.0
ZINCf500000090z8,standard_3d_pharmacophore,1109,1110.0
ZINCf5000000ZwEr,standard_3d_pharmacophore,1110,1111.0
ZINCf5000002saAi,standard_3d_pharmacophore,1111,1112.0
ZINCf5000002rPbA,standard_3d_pharmacophore,1112,1113.0
ZINCf50000009Xxn,standard_3d_pharmacophore,1113,1114.0
ZINCf5000002rhha,standard_3d_pharmacophore,1114,1115.0
ZINCf5000001OxXj,standard_3d_pharmacophore,1115,1116.0
ZINCf5000002rkba,standard_3d_pharmacophore,1116,1117.0
ZINCf50000009O4f,standard_3d_pharmacophore,1117,1118.0
ZINCf5000001Wday,standard_3d_pharmacophore,1118,1119.0
ZINCf50000008FOo,standard_3d_pharmacophore,1119,1120.0
ZINCf500000093NJ,standard_3d_pharmacophore,1120,1121.0
ZINCf5000001R9gQ,standard_3d_pharmacophore,1121,1122.0
ZINCf5000001wG0U,standard_3d_pharmacophore,1122,1123.0
ZINCf5000002eoN5,standard_3d_pharmacophore,1123,1124.0
ZINCf5000000a4fR,standard_3d_pharmacophore,1124,1125.0
ZINCf5000000a5Ck,standard_3d_pharmacophore,1125,1126.0
ZINCf5000002dUDr,standard_3d_pharmacophore,1126,1127.0
ZINCf500000187kA,standard_3d_pharmacophore,1127,1128.0
ZINCf5000002sav2,standard_3d_pharmacophore,1128,1129.0
ZINCf5000002rkb9,standard_3d_pharmacophore,1129,1130.0
ZINCf50000009Huf,standard_3d_pharmacophore,1130,1131.0
ZINCf50000009oDX,standard_3d_pharmacophore,1131,1132.0
ZINCf50000008P0X,standard_3d_pharmacophore,1132,1133.0
ZINCf500000094fX,standard_3d_pharmacophore,1133,1134.0
ZINCf5000001Ne0k,standard_3d_pharmacophore,1134,1135.0
ZINCf50000008WZi,standard_3d_pharmacophore,1135,1136.0
ZINCf5000000YaTM,standard_3d_pharmacophore,1136,1137.0
ZINCf5000002e01m,standard_3d_pharmacophore,1137,1138.0
ZINCf5000002rwmk,standard_3d_pharmacophore,1138,1139.0
ZINCf5000001MGxA,standard_3d_pharmacophore,1139,1140.0
ZINCf5000000ZwXi,standard_3d_pharmacophore,1140,1141.0
ZINCf50000009du7,standard_3d_pharmacophore,1141,1142.0
ZINCf5000002rrmX,standard_3d_pharmacophore,1142,1143.0
ZINCf5000001qPnh,standard_3d_pharmacophore,1143,1144.0
ZINCf50000017spv,standard_3d_pharmacophore,1144,1145.0
ZINCf50000008VnO,standard_3d_pharmacophore,1145,1146.0
ZINCf50000009fMU,standard_3d_pharmacophore,1146,1147.0
ZINCf50000008Rgq,standard_3d_pharmacophore,1147,1148.0
ZINCf5000001UoUg,standard_3d_pharmacophore,1148,1149.0
ZINCf50000009vZ7,standard_3d_pharmacophore,1149,1150.0
ZINCf50000017P7X,standard_3d_pharmacophore,1150,1151.0
ZINCf5000002sjfh,standard_3d_pharmacophore,1151,1152.0
ZINCf50000008RY2,standard_3d_pharmacophore,1152,1153.0
ZINCf5000001T3Fb,standard_3d_pharmacophore,1153,1154.0
ZINCf5000002qYF6,standard_3d_pharmacophore,1154,1155.0
ZINCf50000008Cf0,standard_3d_pharmacophore,1155,1156.0
ZINCf50000009MnU,standard_3d_pharmacophore,1156,1157.0
ZINCf5000001PMRx,standard_3d_pharmacophore,1157,1158.0
ZINCf5000001UPLJ,standard_3d_pharmacophore,1158,1159.0
ZINCf5000000Zr8h,standard_3d_pharmacophore,1159,1160.0
ZINCf50000009nIZ,standard_3d_pharmacophore,1160,1161.0
ZINCf50000009nxl,standard_3d_pharmacophore,1161,1162.0
ZINCf5000000YaUz,standard_3d_pharmacophore,1162,1163.0
ZINCf5000002ejK1,standard_3d_pharmacophore,1163,1164.0
ZINCf50000008RMQ,standard_3d_pharmacophore,1164,1165.0
ZINCf50000008SOo,standard_3d_pharmacophore,1165,1166.0
ZINCf50000009vOr,standard_3d_pharmacophore,1166,1167.0
ZINCf50000009Uke,standard_3d_pharmacophore,1167,1168.0
ZINCf5000002ecIc,standard_3d_pharmacophore,1168,1169.0
ZINCf50000009H9b,standard_3d_pharmacophore,1169,1170.0
ZINCf5000000acRP,standard_3d_pharmacophore,1170,1171.0
ZINCf50000009AIT,standard_3d_pharmacophore,1171,1172.0
ZINCf50000008TDx,standard_3d_pharmacophore,1172,1173.0
ZINCf5000001zKUr,standard_3d_pharmacophore,1173,1174.0
ZINCf5000002r8dq,standard_3d_pharmacophore,1174,1175.0
ZINCf5000001q0ol,standard_3d_pharmacophore,1175,1176.0
ZINCf5000002dZOu,standard_3d_pharmacophore,1176,1177.0
ZINCf5000000VZiG,standard_3d_pharmacophore,1177,1178.0
ZINCf5000002aQ0L,standard_3d_pharmacophore,1178,1179.0
ZINCf50000029JdJ,standard_3d_pharmacophore,1179,1180.0
ZINCf5000002aFsq,standard_3d_pharmacophore,1180,1181.0
ZINCf50000009Mp6,standard_3d_pharmacophore,1181,1182.0
ZINCf50000025Z8R,standard_3d_pharmacophore,1182,1183.0
ZINCf50000009g51,standard_3d_pharmacophore,1183,1184.0
ZINCf50000017mFN,standard_3d_pharmacophore,1184,1185.0
ZINCf50000009ve7,standard_3d_pharmacophore,1185,1186.0
ZINCf5000001UL0E,standard_3d_pharmacophore,1186,1187.0
ZINCf500000090S1,standard_3d_pharmacophore,1187,1188.0
ZINCf50000017z1T,standard_3d_pharmacophore,1188,1189.0
ZINCf5000002af9J,standard_3d_pharmacophore,1189,1190.0
ZINCf5000002rVlZ,standard_3d_pharmacophore,1190,1191.0
ZINCf5000002muQN,standard_3d_pharmacophore,1191,1192.0
ZINCf50000009OeW,standard_3d_pharmacophore,1192,1193.0
ZINCf5000001Aklv,standard_3d_pharmacophore,1193,1194.0
ZINCf500000092Y2,standard_3d_pharmacophore,1194,1195.0
ZINCf5000001VQQf,standard_3d_pharmacophore,1195,1196.0
ZINCf5000001BZEV,standard_3d_pharmacophore,1196,1197.0
ZINCf50000008XvU,standard_3d_pharmacophore,1197,1198.0
ZINCf5000002rjVy,standard_3d_pharmacophore,1198,1199.0
ZINCf5000002aLWo,standard_3d_pharmacophore,1199,1200.0
ZINCf50000008DmQ,standard_3d_pharmacophore,1200,1201.0
ZINCf5000002dSIB,standard_3d_pharmacophore,1201,1202.0
ZINCf500000204MX,standard_3d_pharmacophore,1202,1203.0
ZINCf5000001vtEI,standard_3d_pharmacophore,1203,1204.0
ZINCf500000090dm,standard_3d_pharmacophore,1204,1205.0
ZINCf5000001JHD5,standard_3d_pharmacophore,1205,1206.0
ZINCf50000008UNu,standard_3d_pharmacophore,1206,1207.0
ZINCf5000002ryaK,standard_3d_pharmacophore,1207,1208.0
ZINCf50000009oDY,standard_3d_pharmacophore,1208,1209.0
ZINCf500000188ls,standard_3d_pharmacophore,1209,1210.0
ZINCf50000018brJ,standard_3d_pharmacophore,1210,1211.0
ZINCf5000002s7lu,standard_3d_pharmacophore,1211,1212.0
ZINCf5000000acNm,standard_3d_pharmacophore,1212,1213.0
ZINCf5000002qx1K,standard_3d_pharmacophore,1213,1214.0
ZINCf5000002s8S2,standard_3d_pharmacophore,1214,1215.0
ZINCf5000001R1VV,standard_3d_pharmacophore,1215,1216.0
ZINCf5000002seQW,standard_3d_pharmacophore,1216,1217.0
ZINCf50000009Ft4,standard_3d_pharmacophore,1217,1218.0
ZINCf50000009u3K,standard_3d_pharmacophore,1218,1219.0
ZINCf50000017EKv,standard_3d_pharmacophore,1219,1220.0
ZINCf50000017vXX,standard_3d_pharmacophore,1220,1221.0
ZINCf5000000S4i3,standard_3d_pharmacophore,1221,1222.0
ZINCf50000009K0A,standard_3d_pharmacophore,1222,1223.0
ZINCf5000001RR6x,standard_3d_pharmacophore,1223,1224.0
ZINCf50000029YkI,standard_3d_pharmacophore,1224,1225.0
ZINCf50000009wRb,standard_3d_pharmacophore,1225,1226.0
ZINCf50000018cLy,standard_3d_pharmacophore,1226,1227.0
ZINCf5000000SL5n,standard_3d_pharmacophore,1227,1228.0
ZINCf50000017ITM,standard_3d_pharmacophore,1228,1229.0
ZINCf5000002a8Vn,standard_3d_pharmacophore,1229,1230.0
ZINCf50000008WsH,standard_3d_pharmacophore,1230,1231.0
ZINCf5000002mCLt,standard_3d_pharmacophore,1231,1232.0
ZINCf5000000auLy,standard_3d_pharmacophore,1232,1233.0
ZINCf5000000a7n5,standard_3d_pharmacophore,1233,1234.0
ZINCf5000002sfll,standard_3d_pharmacophore,1234,1235.0
ZINCf50000008YNU,standard_3d_pharmacophore,1235,1236.0
ZINCf5000002e0T9,standard_3d_pharmacophore,1236,1237.0
ZINCf5000002qKV6,standard_3d_pharmacophore,1237,1238.0
ZINCf5000002rFoH,standard_3d_pharmacophore,1238,1239.0
ZINCf500000239R3,standard_3d_pharmacophore,1239,1240.0
ZINCf50000008WI5,standard_3d_pharmacophore,1240,1241.0
ZINCf5000001YVXJ,standard_3d_pharmacophore,1241,1242.0
ZINCf5000000a7WC,standard_3d_pharmacophore,1242,1243.0
ZINCf50000017DqO,standard_3d_pharmacophore,1243,1244.0
ZINCf50000008LZu,standard_3d_pharmacophore,1244,1245.0
ZINCf5000002mtBV,standard_3d_pharmacophore,1245,1246.0
ZINCf50000009eJR,standard_3d_pharmacophore,1246,1247.0
ZINCf500000092ra,standard_3d_pharmacophore,1247,1248.0
ZINCf50000009Dpv,standard_3d_pharmacophore,1248,1249.0
ZINCf5000002sbeU,standard_3d_pharmacophore,1249,1250.0
ZINCf5000000acSC,standard_3d_pharmacophore,1250,1251.0
ZINCf5000002oIcR,standard_3d_pharmacophore,1251,1252.0
ZINCf5000001LBBe,standard_3d_pharmacophore,1252,1253.0
ZINCf50000017OJ3,standard_3d_pharmacophore,1253,1254.0
ZINCf5000002dEbM,standard_3d_pharmacophore,1254,1255.0
ZINCf5000002seH7,standard_3d_pharmacophore,1255,1256.0
ZINCf5000002dT8U,standard_3d_pharmacophore,1256,1257.0
ZINCf5000000a3uZ,standard_3d_pharmacophore,1257,1258.0
ZINCf5000002823b,standard_3d_pharmacophore,1258,1259.0
ZINCf5000002rNnK,standard_3d_pharmacophore,1259,1260.0
ZINCf5000001Wobo,standard_3d_pharmacophore,1260,1261.0
ZINCf5000002ovih,standard_3d_pharmacophore,1261,1262.0
ZINCf500000181iC,standard_3d_pharmacophore,1262,1263.0
ZINCf5000000ZrWW,standard_3d_pharmacophore,1263,1264.0
ZINCf50000009uFG,standard_3d_pharmacophore,1264,1265.0
ZINCf5000001HGIS,standard_3d_pharmacophore,1265,1266.0
ZINCf50000017AmI,standard_3d_pharmacophore,1266,1267.0
ZINCf50000009aj3,standard_3d_pharmacophore,1267,1268.0
ZINCf5000000abAi,standard_3d_pharmacophore,1268,1269.0
ZINCf5000002ecl5,standard_3d_pharmacophore,1269,1270.0
ZINCf50000009UT2,standard_3d_pharmacophore,1270,1271.0
ZINCf5000001QBG9,standard_3d_pharmacophore,1271,1272.0
ZINCf5000000Zs6D,standard_3d_pharmacophore,1272,1273.0
ZINCf5000002e8Xt,standard_3d_pharmacophore,1273,1274.0
ZINCf5000002sdHj,standard_3d_pharmacophore,1274,1275.0
ZINCf50000017JHS,standard_3d_pharmacophore,1275,1276.0
ZINCf50000009XDh,standard_3d_pharmacophore,1276,1277.0
ZINCf5000000WBRl,standard_3d_pharmacophore,1277,1278.0
ZINCf5000001SOIu,standard_3d_pharmacophore,1278,1279.0
ZINCf50000009AHU,standard_3d_pharmacophore,1279,1280.0
ZINCf5000002mA0U,standard_3d_pharmacophore,1280,1281.0
ZINCf500000185kJ,standard_3d_pharmacophore,1281,1282.0
ZINCf50000009srv,standard_3d_pharmacophore,1282,1283.0
ZINCf50000017AmL,standard_3d_pharmacophore,1283,1284.0
ZINCf5000002dj9D,standard_3d_pharmacophore,1284,1285.0
ZINCf5000001VrlX,standard_3d_pharmacophore,1285,1286.0
ZINCf5000000axc4,standard_3d_pharmacophore,1286,1287.0
ZINCf50000009FsD,standard_3d_pharmacophore,1287,1288.0
ZINCf5000001CsKq,standard_3d_pharmacophore,1288,1289.0
ZINCf50000009afQ,standard_3d_pharmacophore,1289,1290.0
ZINCf5000001qMCm,standard_3d_pharmacophore,1290,1291.0
ZINCf50000018cUj,standard_3d_pharmacophore,1291,1292.0
ZINCf5000000aakm,standard_3d_pharmacophore,1292,1293.0
ZINCf5000001BhxF,standard_3d_pharmacophore,1293,1294.0
ZINCf50000009xRM,standard_3d_pharmacophore,1294,1295.0
ZINCf500000189qy,standard_3d_pharmacophore,1295,1296.0
ZINCf5000001GWlM,standard_3d_pharmacophore,1296,1297.0
ZINCf5000000au4k,standard_3d_pharmacophore,1297,1298.0
ZINCf5000002s8Rz,standard_3d_pharmacophore,1298,1299.0
ZINCf50000017Ipo,standard_3d_pharmacophore,1299,1300.0
ZINCf500000092of,standard_3d_pharmacophore,1300,1301.0
ZINCf50000008XuZ,standard_3d_pharmacophore,1301,1302.0
ZINCf5000000ZwQr,standard_3d_pharmacophore,1302,1303.0
ZINCf5000002dYmk,standard_3d_pharmacophore,1303,1304.0
ZINCf50000009Br7,standard_3d_pharmacophore,1304,1305.0
ZINCf5000001NayB,standard_3d_pharmacophore,1305,1306.0
ZINCf50000009fjL,standard_3d_pharmacophore,1306,1307.0
ZINCf50000017p1P,standard_3d_pharmacophore,1307,1308.0
ZINCf5000002ecur,standard_3d_pharmacophore,1308,1309.0
ZINCf50000024C21,standard_3d_pharmacophore,1309,1310.0
ZINCf5000002rwRo,standard_3d_pharmacophore,1310,1311.0
ZINCf5000002rMkN,standard_3d_pharmacophore,1311,1312.0
ZINCf5000002rLUh,standard_3d_pharmacophore,1312,1313.0
ZINCf5000002s8fr,standard_3d_pharmacophore,1313,1314.0
ZINCf50000018bSj,standard_3d_pharmacophore,1314,1315.0
ZINCf500000243gF,standard_3d_pharmacophore,1315,1316.0
ZINCf50000009qFH,standard_3d_pharmacophore,1316,1317.0
ZINCf500000092vj,standard_3d_pharmacophore,1317,1318.0
ZINCf5000002sehT,standard_3d_pharmacophore,1318,1319.0
ZINCf5000002ekNx,standard_3d_pharmacophore,1319,1320.0
ZINCf5000002dZpf,standard_3d_pharmacophore,1320,1321.0
ZINCf5000001osRe,standard_3d_pharmacophore,1321,1322.0
ZINCf5000000auKo,standard_3d_pharmacophore,1322,1323.0
ZINCf5000000a4Q2,standard_3d_pharmacophore,1323,1324.0
ZINCf50000028VB4,standard_3d_pharmacophore,1324,1325.0
ZINCf50000009FH0,standard_3d_pharmacophore,1325,1326.0
ZINCf50000009Cuy,standard_3d_pharmacophore,1326,1327.0
ZINCf5000002rgph,standard_3d_pharmacophore,1327,1328.0
ZINCf5000002rv5o,standard_3d_pharmacophore,1328,1329.0
ZINCf50000009vNQ,standard_3d_pharmacophore,1329,1330.0
ZINCf5000002rNx2,standard_3d_pharmacophore,1330,1331.0
ZINCf5000002dXS3,standard_3d_pharmacophore,1331,1332.0
ZINCf500000181oW,standard_3d_pharmacophore,1332,1333.0
ZINCf50000009vMX,standard_3d_pharmacophore,1333,1334.0
ZINCf50000009uQz,standard_3d_pharmacophore,1334,1335.0
ZINCf5000002dD5F,standard_3d_pharmacophore,1335,1336.0
ZINCf50000026YZ4,standard_3d_pharmacophore,1336,1337.0
ZINCf50000009yya,standard_3d_pharmacophore,1337,1338.0
ZINCf50000009FDG,standard_3d_pharmacophore,1338,1339.0
ZINCf5000001UDXr,standard_3d_pharmacophore,1339,1340.0
ZINCf5000000SJvO,standard_3d_pharmacophore,1340,1341.0
ZINCf50000017NsX,standard_3d_pharmacophore,1341,1342.0
ZINCf5000001pnpK,standard_3d_pharmacophore,1342,1343.0
ZINCf5000000abZ9,standard_3d_pharmacophore,1343,1344.0
ZINCf50000027ps8,standard_3d_pharmacophore,1344,1345.0
ZINCf50000008APd,standard_3d_pharmacophore,1345,1346.0
ZINCf5000000SMPn,standard_3d_pharmacophore,1346,1347.0
ZINCf50000008DZl,standard_3d_pharmacophore,1347,1348.0
ZINCf50000018cHY,standard_3d_pharmacophore,1348,1349.0
ZINCf5000002dWYJ,standard_3d_pharmacophore,1349,1350.0
ZINCf5000001upBV,standard_3d_pharmacophore,1350,1351.0
ZINCf5000000ZsYo,standard_3d_pharmacophore,1351,1352.0
ZINCf5000002dHJw,standard_3d_pharmacophore,1352,1353.0
ZINCf50000017Iar,standard_3d_pharmacophore,1353,1354.0
ZINCf5000000WBRM,standard_3d_pharmacophore,1354,1355.0
ZINCf5000000adGN,standard_3d_pharmacophore,1355,1356.0
ZINCf50000008E0a,standard_3d_pharmacophore,1356,1357.0
ZINCf50000008YXY,standard_3d_pharmacophore,1357,1358.0
ZINCf5000000azPG,standard_3d_pharmacophore,1358,1359.0
ZINCf500000097FW,standard_3d_pharmacophore,1359,1360.0
ZINCf50000009vBi,standard_3d_pharmacophore,1360,1361.0
ZINCf5000000SLkY,standard_3d_pharmacophore,1361,1362.0
ZINCf50000009uKX,standard_3d_pharmacophore,1362,1363.0
ZINCf5000002shsH,standard_3d_pharmacophore,1363,1364.0
ZINCf5000002rKa7,standard_3d_pharmacophore,1364,1365.0
ZINCf50000018cSt,standard_3d_pharmacophore,1365,1366.0
ZINCf50000027UOp,standard_3d_pharmacophore,1366,1367.0
ZINCf5000000Ybnz,standard_3d_pharmacophore,1367,1368.0
ZINCf50000009qLq,standard_3d_pharmacophore,1368,1369.0
ZINCf5000000ZthQ,standard_3d_pharmacophore,1369,1370.0
ZINCf50000017X3k,standard_3d_pharmacophore,1370,1371.0
ZINCf5000002r52C,standard_3d_pharmacophore,1371,1372.0
ZINCf50000009nv0,standard_3d_pharmacophore,1372,1373.0
ZINCf500000094Mp,standard_3d_pharmacophore,1373,1374.0
ZINCf5000000Zs6C,standard_3d_pharmacophore,1374,1375.0
ZINCf5000000ZtE0,standard_3d_pharmacophore,1375,1376.0
ZINCf500000093F6,standard_3d_pharmacophore,1376,1377.0
ZINCf5000001KLmR,standard_3d_pharmacophore,1377,1378.0
ZINCf5000000abwH,standard_3d_pharmacophore,1378,1379.0
ZINCf50000017zdT,standard_3d_pharmacophore,1379,1380.0
ZINCf50000017G7B,standard_3d_pharmacophore,1380,1381.0
ZINCf50000009kVH,standard_3d_pharmacophore,1381,1382.0
ZINCf50000008WzP,standard_3d_pharmacophore,1382,1383.0
ZINCf5000002acMt,standard_3d_pharmacophore,1383,1384.0
ZINCf50000009BJc,standard_3d_pharmacophore,1384,1385.0
ZINCf50000009Pke,standard_3d_pharmacophore,1385,1386.0
ZINCf5000002rCUc,standard_3d_pharmacophore,1386,1387.0
ZINCf5000002rwuD,standard_3d_pharmacophore,1387,1388.0
ZINCf50000008VPk,standard_3d_pharmacophore,1388,1389.0
ZINCf5000000adyO,standard_3d_pharmacophore,1389,1390.0
ZINCf50000017nBt,standard_3d_pharmacophore,1390,1391.0
ZINCf5000000ae2p,standard_3d_pharmacophore,1391,1392.0
ZINCf5000001FcQz,standard_3d_pharmacophore,1392,1393.0
ZINCf5000000axRX,standard_3d_pharmacophore,1393,1394.0
ZINCf50000027fY0,standard_3d_pharmacophore,1394,1395.0
ZINCf50000009WUb,standard_3d_pharmacophore,1395,1396.0
ZINCf50000017W88,standard_3d_pharmacophore,1396,1397.0
ZINCf5000002rwnU,standard_3d_pharmacophore,1397,1398.0
ZINCf5000002dKPr,standard_3d_pharmacophore,1398,1399.0
ZINCf50000009PSY,standard_3d_pharmacophore,1399,1400.0
ZINCf50000008TEh,standard_3d_pharmacophore,1400,1401.0
ZINCf50000028ISp,standard_3d_pharmacophore,1401,1402.0
ZINCf50000017TgO,standard_3d_pharmacophore,1402,1403.0
ZINCf50000008WoD,standard_3d_pharmacophore,1403,1404.0
ZINCf5000002rKbF,standard_3d_pharmacophore,1404,1405.0
ZINCf5000000a4J8,standard_3d_pharmacophore,1405,1406.0
ZINCf50000009EZh,standard_3d_pharmacophore,1406,1407.0
ZINCf50000009Gih,standard_3d_pharmacophore,1407,1408.0
ZINCf50000029gb5,standard_3d_pharmacophore,1408,1409.0
ZINCf50000017PhM,standard_3d_pharmacophore,1409,1410.0
ZINCf5000002e6Cy,standard_3d_pharmacophore,1410,1411.0
ZINCf5000000SM1b,standard_3d_pharmacophore,1411,1412.0
ZINCf5000000alCq,standard_3d_pharmacophore,1412,1413.0
ZINCf5000000SKR5,standard_3d_pharmacophore,1413,1414.0
ZINCf5000000avmJ,standard_3d_pharmacophore,1414,1415.0
ZINCf5000002qwaN,standard_3d_pharmacophore,1415,1416.0
ZINCf5000001rCyU,standard_3d_pharmacophore,1416,1417.0
ZINCf50000009gLu,standard_3d_pharmacophore,1417,1418.0
ZINCf5000000a5JY,standard_3d_pharmacophore,1418,1419.0
ZINCf5000002dmbV,standard_3d_pharmacophore,1419,1420.0
ZINCf5000002asNl,standard_3d_pharmacophore,1420,1421.0
ZINCf50000018cT8,standard_3d_pharmacophore,1421,1422.0
ZINCf50000017yE3,standard_3d_pharmacophore,1422,1423.0
ZINCf5000002dYpi,standard_3d_pharmacophore,1423,1424.0
ZINCf5000000acUo,standard_3d_pharmacophore,1424,1425.0
ZINCf5000002e91S,standard_3d_pharmacophore,1425,1426.0
ZINCf5000000Vn0I,standard_3d_pharmacophore,1426,1427.0
ZINCf5000002rJP3,standard_3d_pharmacophore,1427,1428.0
ZINCf500000186Kt,standard_3d_pharmacophore,1428,1429.0
ZINCf50000017wBQ,standard_3d_pharmacophore,1429,1430.0
ZINCf5000000acC2,standard_3d_pharmacophore,1430,1431.0
ZINCf500000094Mn,standard_3d_pharmacophore,1431,1432.0
ZINCf50000008WXx,standard_3d_pharmacophore,1432,1433.0
ZINCf50000017l5v,standard_3d_pharmacophore,1433,1434.0
ZINCf50000009drx,standard_3d_pharmacophore,1434,1435.0
ZINCf50000017yCg,standard_3d_pharmacophore,1435,1436.0
ZINCf5000002mHzE,standard_3d_pharmacophore,1436,1437.0
ZINCf50000029VGD,standard_3d_pharmacophore,1437,1438.0
ZINCf5000000ZrqI,standard_3d_pharmacophore,1438,1439.0
ZINCf50000017CN3,standard_3d_pharmacophore,1439,1440.0
ZINCf5000002aWgB,standard_3d_pharmacophore,1440,1441.0
ZINCf5000000azN9,standard_3d_pharmacophore,1441,1442.0
ZINCf5000002sjdL,standard_3d_pharmacophore,1442,1443.0
ZINCf5000000VnzW,standard_3d_pharmacophore,1443,1444.0
ZINCf50000008Hhj,standard_3d_pharmacophore,1444,1445.0
ZINCf5000000S6L6,standard_3d_pharmacophore,1445,1446.0
ZINCf50000009e03,standard_3d_pharmacophore,1446,1447.0
ZINCf5000002rJso,standard_3d_pharmacophore,1447,1448.0
ZINCf5000002s7Na,standard_3d_pharmacophore,1448,1449.0
ZINCf50000009xWh,standard_3d_pharmacophore,1449,1450.0
ZINCf5000002qCxU,standard_3d_pharmacophore,1450,1451.0
ZINCf5000001rTZS,standard_3d_pharmacophore,1451,1452.0
ZINCf5000000SKje,standard_3d_pharmacophore,1452,1453.0
ZINCf50000017ODU,standard_3d_pharmacophore,1453,1454.0
ZINCf50000017HJE,standard_3d_pharmacophore,1454,1455.0
ZINCf50000017nhg,standard_3d_pharmacophore,1455,1456.0
ZINCf50000009zYV,standard_3d_pharmacophore,1456,1457.0
ZINCf50000009zYT,standard_3d_pharmacophore,1457,1458.0
ZINCf5000002rwS5,standard_3d_pharmacophore,1458,1459.0
ZINCf50000009duk,standard_3d_pharmacophore,1459,1460.0
ZINCf5000000WCh2,standard_3d_pharmacophore,1460,1461.0
ZINCf50000018bAx,standard_3d_pharmacophore,1461,1462.0
ZINCf50000029EEA,standard_3d_pharmacophore,1462,1463.0
ZINCf50000024szX,standard_3d_pharmacophore,1463,1464.0
ZINCf5000000a4Co,standard_3d_pharmacophore,1464,1465.0
ZINCf500000180QN,standard_3d_pharmacophore,1465,1466.0
ZINCf5000001I74I,standard_3d_pharmacophore,1466,1467.0
ZINCf50000025VUm,standard_3d_pharmacophore,1467,1468.0
ZINCf5000002rNiq,standard_3d_pharmacophore,1468,1469.0
ZINCf50000017F29,standard_3d_pharmacophore,1469,1470.0
ZINCf50000008E0K,standard_3d_pharmacophore,1470,1471.0
ZINCf50000008XVy,standard_3d_pharmacophore,1471,1472.0
ZINCf50000009h9L,standard_3d_pharmacophore,1472,1473.0
ZINCf5000001O3vl,standard_3d_pharmacophore,1473,1474.0
ZINCf5000002dR3M,standard_3d_pharmacophore,1474,1475.0
ZINCf500000222oK,standard_3d_pharmacophore,1475,1476.0
ZINCf50000017HJx,standard_3d_pharmacophore,1476,1477.0
ZINCf5000002dR3L,standard_3d_pharmacophore,1477,1478.0
ZINCf50000008XGU,standard_3d_pharmacophore,1478,1479.0
ZINCf5000001DQrG,standard_3d_pharmacophore,1479,1480.0
ZINCf50000017uPT,standard_3d_pharmacophore,1480,1481.0
ZINCf50000027UL9,standard_3d_pharmacophore,1481,1482.0
ZINCf50000008AoT,standard_3d_pharmacophore,1482,1483.0
ZINCf5000001rvMT,standard_3d_pharmacophore,1483,1484.0
ZINCf50000017BXI,standard_3d_pharmacophore,1484,1485.0
ZINCf50000017qpR,standard_3d_pharmacophore,1485,1486.0
ZINCf5000001osMH,standard_3d_pharmacophore,1486,1487.0
CHEMBL1550591,standard_3d_pharmacophore,1487,1488.0
ZINCf5000002mtbc,standard_3d_pharmacophore,1488,1489.0
ZINCf5000000Zr60,standard_3d_pharmacophore,1489,1490.0
ZINCf50000025oiK,standard_3d_pharmacophore,1490,1491.0
ZINCf5000002s1zN,standard_3d_pharmacophore,1491,1492.0
ZINCf5000002mxvO,standard_3d_pharmacophore,1492,1493.0
ZINCf50000009aYZ,standard_3d_pharmacophore,1493,1494.0
ZINCf50000008Yjc,standard_3d_pharmacophore,1494,1495.0
CHEMBL1595121,standard_3d_pharmacophore,1495,1496.0
ZINCf5000000apMr,standard_3d_pharmacophore,1496,1497.0
ZINCf5000000ZyG5,standard_3d_pharmacophore,1497,1498.0
ZINCf50000017NGr,standard_3d_pharmacophore,1498,1499.0
ZINCf50000009eMq,standard_3d_pharmacophore,1499,1500.0
ZINCf50000008UKt,standard_3d_pharmacophore,1500,1501.0
ZINCf5000000aoik,standard_3d_pharmacophore,1501,1502.0
ZINCf5000001onov,standard_3d_pharmacophore,1502,1503.0
ZINCf5000000apKQ,standard_3d_pharmacophore,1503,1504.0
ZINCf5000000aoiE,standard_3d_pharmacophore,1504,1505.0
ZINCf5000002dYnS,standard_3d_pharmacophore,1505,1506.0
CHEMBL1385214,standard_3d_pharmacophore,1506,1507.0
ZINCf5000000ZqVA,standard_3d_pharmacophore,1507,1508.0
ZINCf5000000SLBM,standard_3d_pharmacophore,1508,1509.0
ZINCf50000008AVQ,standard_3d_pharmacophore,1509,1510.0
ZINCf50000009WrG,standard_3d_pharmacophore,1510,1511.0
ZINCf50000024SdN,standard_3d_pharmacophore,1511,1512.0
ZINCf50000009HgZ,standard_3d_pharmacophore,1512,1513.0
ZINCf5000002s0Ps,standard_3d_pharmacophore,1513,1514.0
ZINCf50000008DJV,standard_3d_pharmacophore,1514,1515.0
ZINCf5000000Zw5n,standard_3d_pharmacophore,1515,1516.0
ZINCf50000009KSv,standard_3d_pharmacophore,1516,1517.0
ZINCf50000008BUE,standard_3d_pharmacophore,1517,1518.0
ZINCf500000180k4,standard_3d_pharmacophore,1518,1519.0
ZINCf5000000ZwZ3,standard_3d_pharmacophore,1519,1520.0
ZINCf50000017oqw,standard_3d_pharmacophore,1520,1521.0
ZINCf50000009WrE,standard_3d_pharmacophore,1521,1522.0
ZINCf50000017Irl,standard_3d_pharmacophore,1522,1523.0
ZINCf50000017KYO,standard_3d_pharmacophore,1523,1524.0
ZINCf5000000a9rn,standard_3d_pharmacophore,1524,1525.0
ZINCf50000009KSi,standard_3d_pharmacophore,1525,1526.0
ZINCf50000008M1J,standard_3d_pharmacophore,1526,1527.0
ZINCf50000018cfT,standard_3d_pharmacophore,1527,1528.0
ZINCf500000092Ht,standard_3d_pharmacophore,1528,1529.0
ZINCf50000009KIU,standard_3d_pharmacophore,1529,1530.0
ZINCf50000008NPM,standard_3d_pharmacophore,1530,1531.0
ZINCf5000000a2Fk,standard_3d_pharmacophore,1531,1532.0
ZINCf50000009FH8,standard_3d_pharmacophore,1532,1533.0
ZINCf5000002ejkF,standard_3d_pharmacophore,1533,1534.0
ZINCf500000096Ht,standard_3d_pharmacophore,1534,1535.0
ZINCf5000002dli8,standard_3d_pharmacophore,1535,1536.0
ZINCf50000017BZ2,standard_3d_pharmacophore,1536,1537.0
ZINCf50000017nbs,standard_3d_pharmacophore,1537,1538.0
ZINCf50000017Fmk,standard_3d_pharmacophore,1538,1539.0
ZINCf50000017mVi,standard_3d_pharmacophore,1539,1540.0
ZINCf5000002rwRT,standard_3d_pharmacophore,1540,1541.0
CHEMBL1325640,standard_3d_pharmacophore,1541,1542.0
CHEMBL1586169,standard_3d_pharmacophore,1542,1543.5
CHEMBL1611686,standard_3d_pharmacophore,1542,1543.5
ZINCf5000000S4Qe,standard_3d_pharmacophore,1543,1547.5
ZINCf5000000axjz,standard_3d_pharmacophore,1543,1547.5
ZINCf50000018bBg,standard_3d_pharmacophore,1543,1547.5
ZINCf500000275gY,standard_3d_pharmacophore,1543,1547.5
ZINCf5000002ecGy,standard_3d_pharmacophore,1543,1547.5
ZINCf5000002mBnK,standard_3d_pharmacophore,1543,1547.5
