receptor_residue_label,receptor_residue_class,ligand_count,total_matched_native_feature_count,matched_native_feature_weight_sum,min_closest_native_distance_angstrom
ARG299,basic,4904,14947,27313.350524999998,2.6686837579600846
THR298,polar,4904,9539,19112.571987000003,2.4622895849188717
ASN300,polar,4876,4876,9144.416268,2.724601438742922
TYR205,aromatic,4663,5804,11664.739188000001,3.1000006451612228
LEU384,hydrophobic,3635,3764,7261.020673,3.9108793128911454
ARG380,basic,3529,3529,6984.219197,2.6209114826716378
LEU141,hydrophobic,2256,2287,1850.866998,3.433042965067589
LEU201,hydrophobic,2209,2209,1756.696205,3.8047571538798666
LYS197,basic,1642,1675,2513.057708,3.0888078606478593
MET233,hydrophobic,1608,1608,2429.990304,3.7657590204366542
LEU32,hydrophobic,967,967,1584.6463290000002,2.960764428319149
SER31,polar,966,974,1588.234036,3.567538086692274
GLN221,polar,966,966,1583.5000440000001,3.698709234314052
TRP306,aromatic,782,1141,1303.704,3.612397126562913
ASP372,acidic,633,633,549.801012,3.7314368546177916
VAL237,hydrophobic,324,698,1103.731368,3.3878031229692054
GLN234,polar,266,508,753.902988,3.1159401470503223
ILE309,hydrophobic,266,508,753.902988,3.670189368411404
LEU388,hydrophobic,263,425,626.6298559999999,3.6924536557687473
ILE313,hydrophobic,243,243,360.626823,3.8230911576890443
ARG190,basic,190,190,349.82838,2.778523708734569
THR391,polar,190,190,349.82838,4.024757508223334
TYR152,aromatic,190,190,349.82838,2.758793395671382
GLU387,acidic,168,168,193.734072,3.4468194034500748
GLN210,polar,120,121,114.56604,3.24435355656562
LEU144,hydrophobic,67,67,83.067404,3.619992403306947
TYR145,aromatic,67,67,83.067404,4.1250587874598965
TYR148,aromatic,67,67,83.067404,3.3601761858569303
GLU138,acidic,12,20,22.288787,3.3571761943633662
PRO137,hydrophobic,11,11,11.103389,3.7736049077771834
THR35,polar,9,10,7.345788,3.8282681463032335
PRO90,hydrophobic,9,9,6.199503,3.4203771721843688
TRP214,aromatic,1,2,2.501925,3.453725379933963
TRP39,aromatic,1,2,2.218529,3.8335418349093158
LEU89,hydrophobic,1,1,1.465511,4.00298463649313
TRP91,aromatic,1,1,1.465511,3.1344951746652856
TYR69,aromatic,1,1,1.465511,3.9820517324615543
VAL36,hydrophobic,1,1,1.146285,4.058223502962835
GLU68,acidic,1,1,1.072244,3.5277586368684646
TYR88,aromatic,1,1,1.072244,4.276812948914177
