method_a,method_b,n_shared,kendall_tau,spearman_r,jaccard_top10,jaccard_top25,jaccard_top50
full_cascade,stage3_only,310,0.9996659359014511,0.9999935550334685,1.0,1.0,1.0
full_cascade,standard_3d_pharmacophore,310,-0.14412777951769495,-0.20955506569334245,0.3333333333333333,0.13636363636363635,0.08695652173913043
stage3_only,standard_3d_pharmacophore,310,-0.14379371541914604,-0.20943704224373458,0.3333333333333333,0.13636363636363635,0.08695652173913043
