method,n_ranked,ef_1pct,ef_1pct_ci_low,ef_1pct_ci_high,ef_5pct,ef_5pct_ci_low,ef_5pct_ci_high,ef_01pct,ef_01pct_ci_low,ef_01pct_ci_high,roc_auc,roc_auc_ci_low,roc_auc_ci_high,pr_auc,pr_auc_ci_low,pr_auc_ci_high,bedroc,bedroc_ci_low,bedroc_ci_high,top10_recovery,top10_recovery_ci_low,top10_recovery_ci_high,scaffold_recovery_top10,scaffold_recovery_top10_ci_low,scaffold_recovery_top10_ci_high,top25_recovery,top25_recovery_ci_low,top25_recovery_ci_high,scaffold_recovery_top25,scaffold_recovery_top25_ci_low,scaffold_recovery_top25_ci_high,top50_recovery,top50_recovery_ci_low,top50_recovery_ci_high,scaffold_recovery_top50,scaffold_recovery_top50_ci_low,scaffold_recovery_top50_ci_high,scaffold_diversity_top10,scaffold_diversity_top10_ci_low,scaffold_diversity_top10_ci_high,scaffold_diversity_top25,scaffold_diversity_top25_ci_low,scaffold_diversity_top25_ci_high,scaffold_diversity_top50,scaffold_diversity_top50_ci_low,scaffold_diversity_top50_ci_high
full_cascade,310.0,40.0,20.0,40.0,10.0,4.0,16.0,100.0,100.0,100.0,0.9533333333333333,0.9178083333333333,0.9811749999999999,0.6105093948437601,0.33435099720045075,0.8500155469234416,0.6489398243668175,0.35219174491004274,0.872250753824376,0.5,0.2,0.8,0.5,0.2,0.7142857142857143,0.5,0.2,0.8,0.5,0.26696428571428577,0.75,1.0,1.0,1.0,1.0,1.0,1.0,6.0,,,12.0,,,19.0,,
stage3_only,310.0,40.0,20.0,40.0,10.0,4.0,16.0,100.0,100.0,100.0,0.9533333333333333,0.9178083333333333,0.9811749999999999,0.6105093948437601,0.33435099720045075,0.8500155469234416,0.6489398243668175,0.35219174491004274,0.872250753824376,0.5,0.2,0.8,0.5,0.2,0.7142857142857143,0.5,0.2,0.8,0.5,0.26696428571428577,0.75,1.0,1.0,1.0,1.0,1.0,1.0,6.0,,,12.0,,,19.0,,
standard_3d_pharmacophore,310.0,30.0,10.0,40.0,13.999999999999998,8.0,18.0,100.0,0.0,100.0,0.8793333333333333,0.6913,0.9920166666666667,0.5980699088145895,0.29899297765501376,0.8643756105006103,0.7153686562152762,0.48664302276643956,0.9139065019328669,0.6,0.34750000000000014,0.8,0.6,0.4,0.8333333333333334,0.7,0.4475000000000002,1.0,0.7,0.5,1.0,0.8,0.5,1.0,0.8,0.6,1.0,7.0,,,16.0,,,24.0,,
