method_a,method_b,n_shared,kendall_tau,spearman_r,jaccard_top10,jaccard_top25,jaccard_top50
full_cascade,stage3_only,310,0.9999164839753627,0.9999987915687754,1.0,1.0,1.0
full_cascade,standard_3d_pharmacophore,310,-0.1200334064098549,-0.18974444700676624,0.1111111111111111,0.041666666666666664,0.0989010989010989
stage3_only,standard_3d_pharmacophore,310,-0.11994989038521765,-0.18971745870941562,0.1111111111111111,0.041666666666666664,0.0989010989010989
