method_a,method_b,n_shared,kendall_tau,spearman_r,jaccard_top10,jaccard_top25,jaccard_top50
full_cascade,stage3_only,310,0.3890802797786825,0.5296974994536884,0.17647058823529413,0.1111111111111111,0.20481927710843373
full_cascade,standard_3d_pharmacophore,310,0.1586595678045725,0.22483124761460713,0.1111111111111111,0.08695652173913043,0.14942528735632185
stage3_only,standard_3d_pharmacophore,310,0.7695792880258899,0.7456542295596377,0.5384615384615384,0.7241379310344828,0.6949152542372882
