method_a,method_b,n_shared,kendall_tau,spearman_r,jaccard_top10,jaccard_top25,jaccard_top50
full_cascade,stage3_only,310,0.9999164839753627,0.9999987915687754,1.0,1.0,1.0
full_cascade,standard_3d_pharmacophore,310,-0.05388871489717089,-0.08593094016956304,0.1111111111111111,0.06382978723404255,0.12359550561797752
stage3_only,standard_3d_pharmacophore,310,-0.05380519887253366,-0.08589831252649739,0.1111111111111111,0.06382978723404255,0.12359550561797752
