method_a,method_b,n_shared,kendall_tau,spearman_r,jaccard_top10,jaccard_top25,jaccard_top50
full_cascade,stage3_only,310,0.4479173191356091,0.6031672982398192,0.1111111111111111,0.1111111111111111,0.21951219512195122
full_cascade,standard_3d_pharmacophore,310,0.17686606117548803,0.2554379908622459,0.1111111111111111,0.08695652173913043,0.16279069767441862
stage3_only,standard_3d_pharmacophore,310,0.7289487420398788,0.7068402242445543,0.5384615384615384,0.6129032258064516,0.7543859649122807
