ligand_id,rank,score,method,status,label
CHEMBL4164040,1,17.7281588075601,standard_3d_pharmacophore,aligned,active
CHEMBL259166,2,17.26995556586387,standard_3d_pharmacophore,aligned,active
CHEMBL4164328,3,17.14495338292296,standard_3d_pharmacophore,aligned,active
CHEMBL271876,4,16.85592017402819,standard_3d_pharmacophore,aligned,active
CHEMBL260819,5,16.553528890716834,standard_3d_pharmacophore,aligned,active
CHEMBL1162058,6,15.986659509098953,standard_3d_pharmacophore,aligned,active
CHEMBL1161828,7,15.933836582242233,standard_3d_pharmacophore,aligned,active
CHEMBL1161829,8,15.921777666169776,standard_3d_pharmacophore,aligned,active
CHEMBL519322,9,15.519354383563567,standard_3d_pharmacophore,aligned,active
CHEMBL4645148,10,15.325654274446679,standard_3d_pharmacophore,aligned,active
CHEMBL1161822,11,15.18239251146143,standard_3d_pharmacophore,aligned,active
CHEMBL382844,12,15.118571949592004,standard_3d_pharmacophore,aligned,active
CHEMBL2364429,13,14.977017109181192,standard_3d_pharmacophore,aligned,active
CHEMBL270666,14,14.897005357729482,standard_3d_pharmacophore,aligned,active
CHEMBL404336,15,14.809851999502106,standard_3d_pharmacophore,aligned,active
ZINCf5000002s6Dh,16,14.7840496817037,standard_3d_pharmacophore,aligned,decoy
CHEMBL460680,17,14.78243521098832,standard_3d_pharmacophore,aligned,active
CHEMBL410135,18,14.777885875621738,standard_3d_pharmacophore,aligned,active
CHEMBL518774,19,14.77668991162816,standard_3d_pharmacophore,aligned,active
CHEMBL403180,20,14.771127732214737,standard_3d_pharmacophore,aligned,active
ZINCf5000000SObl,21,14.693428191092604,standard_3d_pharmacophore,aligned,decoy
ZINCf5000002oIEQ,22,14.650360715388475,standard_3d_pharmacophore,aligned,decoy
CHEMBL130229,23,14.536404870714236,standard_3d_pharmacophore,aligned,active
ZINCf5000000aloI,24,14.449797699596978,standard_3d_pharmacophore,aligned,decoy
CHEMBL480821,25,14.288537603355804,standard_3d_pharmacophore,aligned,active
ZINCf50000009dSr,26,14.271738049626329,standard_3d_pharmacophore,aligned,decoy
CHEMBL1161827,27,14.266792263379424,standard_3d_pharmacophore,aligned,active
CHEMBL379074,28,14.174245752174036,standard_3d_pharmacophore,aligned,active
CHEMBL481620,29,14.152345979212967,standard_3d_pharmacophore,aligned,active
ZINCf50000018cs2,30,14.122161935251054,standard_3d_pharmacophore,aligned,decoy
CHEMBL4637980,31,14.090826385458207,standard_3d_pharmacophore,aligned,active
ZINCf50000017KGC,32,14.02126024481619,standard_3d_pharmacophore,aligned,decoy
CHEMBL480639,33,14.010190299860914,standard_3d_pharmacophore,aligned,active
ZINCf5000000aguA,34,13.948011150091261,standard_3d_pharmacophore,aligned,decoy
ZINCf5000000agGq,35,13.945192120722313,standard_3d_pharmacophore,aligned,decoy
CHEMBL3218890,36,13.855442188732123,standard_3d_pharmacophore,aligned,active
CHEMBL2364382,37,13.821059507685408,standard_3d_pharmacophore,aligned,active
CHEMBL1161835,38,13.807175799851795,standard_3d_pharmacophore,aligned,active
ZINCf50000017Mlc,39,13.799325471994685,standard_3d_pharmacophore,aligned,decoy
CHEMBL2364408,40,13.756950882319325,standard_3d_pharmacophore,aligned,active
CHEMBL4172656,41,13.718418944402696,standard_3d_pharmacophore,aligned,active
ZINCf5000000VlVJ,42,13.695705099216397,standard_3d_pharmacophore,aligned,decoy
CHEMBL4637284,43,13.660525702834134,standard_3d_pharmacophore,aligned,active
CHEMBL482220,44,13.651302940053965,standard_3d_pharmacophore,aligned,active
ZINCf50000009E9s,45,13.626845120885024,standard_3d_pharmacophore,aligned,decoy
ZINCf5000000am2r,46,13.606275970431822,standard_3d_pharmacophore,aligned,decoy
CHEMBL2364381,47,13.598069002958702,standard_3d_pharmacophore,aligned,active
ZINCf5000002aUgQ,48,13.581179699983297,standard_3d_pharmacophore,aligned,decoy
ZINCf5000000alVo,49,13.569660334383347,standard_3d_pharmacophore,aligned,decoy
ZINCf50000009rlK,50,13.549632544196205,standard_3d_pharmacophore,aligned,decoy
ZINCf500000188Pq,51,13.525560220683369,standard_3d_pharmacophore,aligned,decoy
CHEMBL2364354,52,13.511786176915564,standard_3d_pharmacophore,aligned,active
ZINCf5000000SNNA,53,13.500811831756833,standard_3d_pharmacophore,aligned,decoy
ZINCf5000000aiZh,54,13.499940809772111,standard_3d_pharmacophore,aligned,decoy
ZINCf5000000Zz7Q,55,13.49249948407057,standard_3d_pharmacophore,aligned,decoy
ZINCf5000000ah5W,56,13.453742238650337,standard_3d_pharmacophore,aligned,decoy
ZINCf50000017Qbx,57,13.44383076236787,standard_3d_pharmacophore,aligned,decoy
ZINCf5000002oFbj,58,13.420965121130616,standard_3d_pharmacophore,aligned,decoy
ZINCf50000008Xt6,59,13.419969987690997,standard_3d_pharmacophore,aligned,decoy
ZINCf5000002eeOi,60,13.41250185943396,standard_3d_pharmacophore,aligned,decoy
CHEMBL272540,61,13.402783789920662,standard_3d_pharmacophore,aligned,active
ZINCf50000029QII,62,13.360352595336602,standard_3d_pharmacophore,aligned,decoy
ZINCf5000000Vnik,63,13.340051566557014,standard_3d_pharmacophore,aligned,decoy
ZINCf50000009kHx,64,13.334521781670242,standard_3d_pharmacophore,aligned,decoy
CHEMBL251573,65,13.334121914761615,standard_3d_pharmacophore,aligned,active
ZINCf50000018cv7,66,13.325454104640505,standard_3d_pharmacophore,aligned,decoy
ZINCf5000002qAt4,67,13.319371966873224,standard_3d_pharmacophore,aligned,decoy
ZINCf50000009VOy,68,13.313659097211774,standard_3d_pharmacophore,aligned,decoy
CHEMBL516602,69,13.269605068409192,standard_3d_pharmacophore,aligned,active
ZINCf5000001M06a,70,13.266828002484509,standard_3d_pharmacophore,aligned,decoy
ZINCf500000274Ly,71,13.2653552986956,standard_3d_pharmacophore,aligned,decoy
ZINCf50000009Ifh,72,13.24807200398528,standard_3d_pharmacophore,aligned,decoy
ZINCf50000026Jfr,73,13.242985720669076,standard_3d_pharmacophore,aligned,decoy
ZINCf50000009l90,74,13.235565122171785,standard_3d_pharmacophore,aligned,decoy
ZINCf5000002oCXo,75,13.231047463293805,standard_3d_pharmacophore,aligned,decoy
ZINCf5000002rtf8,76,13.22788876920007,standard_3d_pharmacophore,aligned,decoy
ZINCf5000001822i,77,13.197704194161759,standard_3d_pharmacophore,aligned,decoy
ZINCf500000090KI,78,13.195613337545131,standard_3d_pharmacophore,aligned,decoy
ZINCf50000009AET,79,13.17892863716605,standard_3d_pharmacophore,aligned,decoy
CHEMBL2364480,80,13.166177974584643,standard_3d_pharmacophore,aligned,active
ZINCf5000000abab,81,13.155149451433685,standard_3d_pharmacophore,aligned,decoy
ZINCf5000000aaqY,82,13.144520000085732,standard_3d_pharmacophore,aligned,decoy
ZINCf5000000a5Jc,83,13.144351475282898,standard_3d_pharmacophore,aligned,decoy
ZINCf5000000a9YT,84,13.11791409496139,standard_3d_pharmacophore,aligned,decoy
ZINCf5000002aScH,85,13.113834902465884,standard_3d_pharmacophore,aligned,decoy
ZINCf50000009zwx,86,13.10969515741863,standard_3d_pharmacophore,aligned,decoy
ZINCf50000017zSV,87,13.105816317664328,standard_3d_pharmacophore,aligned,decoy
ZINCf50000009o4r,88,13.105452333862955,standard_3d_pharmacophore,aligned,decoy
ZINCf5000000ZxLc,89,13.09832745913924,standard_3d_pharmacophore,aligned,decoy
ZINCf5000000aguu,90,13.087851172341214,standard_3d_pharmacophore,aligned,decoy
ZINCf50000009q8H,91,13.051665084688246,standard_3d_pharmacophore,aligned,decoy
ZINCf5000000WBHk,92,13.04648939338944,standard_3d_pharmacophore,aligned,decoy
ZINCf50000009Ghu,93,13.046126729547964,standard_3d_pharmacophore,aligned,decoy
ZINCf5000001COrR,94,13.039862357936261,standard_3d_pharmacophore,aligned,decoy
ZINCf5000001oqPo,95,13.030839557203436,standard_3d_pharmacophore,aligned,decoy
ZINCf5000000af3d,96,13.009109499734903,standard_3d_pharmacophore,aligned,decoy
ZINCf5000002oDvx,97,13.006583004127426,standard_3d_pharmacophore,aligned,decoy
ZINCf5000000aloJ,98,13.002657811791343,standard_3d_pharmacophore,aligned,decoy
ZINCf5000002s57j,99,12.999078274091604,standard_3d_pharmacophore,aligned,decoy
ZINCf50000017zuz,100,12.987060594468879,standard_3d_pharmacophore,aligned,decoy
ZINCf5000000ZyZN,101,12.972989552005671,standard_3d_pharmacophore,aligned,decoy
CHEMBL2364485,102,12.96642606357621,standard_3d_pharmacophore,aligned,active
ZINCf5000002r90O,103,12.963940828955938,standard_3d_pharmacophore,aligned,decoy
ZINCf5000002dQSo,104,12.95790996496056,standard_3d_pharmacophore,aligned,decoy
ZINCf5000000aloK,105,12.945146431425298,standard_3d_pharmacophore,aligned,decoy
ZINCf5000000VnjE,106,12.941851370871909,standard_3d_pharmacophore,aligned,decoy
ZINCf50000029civ,107,12.941370906922849,standard_3d_pharmacophore,aligned,decoy
ZINCf5000000amZE,108,12.920407461751159,standard_3d_pharmacophore,aligned,decoy
ZINCf50000008PTv,109,12.903212522534044,standard_3d_pharmacophore,aligned,decoy
ZINCf5000002rSj2,110,12.896866745082933,standard_3d_pharmacophore,aligned,decoy
ZINCf5000000a7WR,111,12.894870213754118,standard_3d_pharmacophore,aligned,decoy
ZINCf50000009acU,112,12.88823611038712,standard_3d_pharmacophore,aligned,decoy
ZINCf50000027PC8,113,12.887496042494465,standard_3d_pharmacophore,aligned,decoy
ZINCf5000002egZH,114,12.886541876049726,standard_3d_pharmacophore,aligned,decoy
ZINCf5000002rDGO,115,12.873315722041912,standard_3d_pharmacophore,aligned,decoy
ZINCf5000000ajkb,116,12.87158640469671,standard_3d_pharmacophore,aligned,decoy
ZINCf5000002rSj1,117,12.869401107300549,standard_3d_pharmacophore,aligned,decoy
ZINCf5000002aJMa,118,12.86444615677789,standard_3d_pharmacophore,aligned,decoy
ZINCf5000000ai5I,119,12.863024290622487,standard_3d_pharmacophore,aligned,decoy
ZINCf50000029Tt9,120,12.859820836715995,standard_3d_pharmacophore,aligned,decoy
ZINCf50000009qZi,121,12.848626602950022,standard_3d_pharmacophore,aligned,decoy
ZINCf5000000VmCZ,122,12.846241403929954,standard_3d_pharmacophore,aligned,decoy
ZINCf5000002dQSn,123,12.844272905506042,standard_3d_pharmacophore,aligned,decoy
ZINCf50000009un8,124,12.83732734799806,standard_3d_pharmacophore,aligned,decoy
ZINCf5000000WBXq,125,12.83548523354716,standard_3d_pharmacophore,aligned,decoy
ZINCf5000000Vm3Z,126,12.834192446969277,standard_3d_pharmacophore,aligned,decoy
ZINCf50000009FOX,127,12.828956131577671,standard_3d_pharmacophore,aligned,decoy
ZINCf500000186nE,128,12.82421904459265,standard_3d_pharmacophore,aligned,decoy
ZINCf50000009wAP,129,12.823297096054047,standard_3d_pharmacophore,aligned,decoy
ZINCf50000008Xsk,130,12.821105310672648,standard_3d_pharmacophore,aligned,decoy
ZINCf5000002dQJ8,131,12.819584525084693,standard_3d_pharmacophore,aligned,decoy
ZINCf50000009N6s,132,12.810531711113683,standard_3d_pharmacophore,aligned,decoy
ZINCf5000000af3g,133,12.810178114911334,standard_3d_pharmacophore,aligned,decoy
ZINCf5000001MKOo,134,12.808635267261144,standard_3d_pharmacophore,aligned,decoy
ZINCf5000000Zt43,135,12.797950496040924,standard_3d_pharmacophore,aligned,decoy
ZINCf5000002eiG0,136,12.7905581163335,standard_3d_pharmacophore,aligned,decoy
ZINCf5000000agu2,137,12.784144962066422,standard_3d_pharmacophore,aligned,decoy
ZINCf50000009Aa9,138,12.757532131779413,standard_3d_pharmacophore,aligned,decoy
ZINCf50000017X2G,139,12.751179265918562,standard_3d_pharmacophore,aligned,decoy
ZINCf5000002aVhN,140,12.743617596290683,standard_3d_pharmacophore,aligned,decoy
ZINCf50000025PoW,141,12.726762097817693,standard_3d_pharmacophore,aligned,decoy
ZINCf5000000ZrBx,142,12.723643912327548,standard_3d_pharmacophore,aligned,decoy
ZINCf5000002rByI,143,12.716274747530546,standard_3d_pharmacophore,aligned,decoy
ZINCf5000002eg4T,144,12.715010024177905,standard_3d_pharmacophore,aligned,decoy
ZINCf50000029zy9,145,12.698727189455544,standard_3d_pharmacophore,aligned,decoy
ZINCf50000017RNu,146,12.690712133197115,standard_3d_pharmacophore,aligned,decoy
ZINCf5000002shw9,147,12.679782482006665,standard_3d_pharmacophore,aligned,decoy
ZINCf5000002rE4c,148,12.677207972425041,standard_3d_pharmacophore,aligned,decoy
ZINCf50000009xvR,149,12.672545907312136,standard_3d_pharmacophore,aligned,decoy
ZINCf5000000ad3G,150,12.666274075129412,standard_3d_pharmacophore,aligned,decoy
ZINCf50000017KXN,151,12.663384884235699,standard_3d_pharmacophore,aligned,decoy
ZINCf5000000ZxDl,152,12.646116227155744,standard_3d_pharmacophore,aligned,decoy
CHEMBL2364468,153,12.634113656939553,standard_3d_pharmacophore,aligned,active
ZINCf50000009UAy,154,12.626868809681136,standard_3d_pharmacophore,aligned,decoy
ZINCf5000000ZxGx,155,12.617922561994888,standard_3d_pharmacophore,aligned,decoy
ZINCf50000029gb5,156,12.613909522312381,standard_3d_pharmacophore,aligned,decoy
ZINCf500000181Xl,157,12.608525546585243,standard_3d_pharmacophore,aligned,decoy
ZINCf50000008L06,158,12.599920676907878,standard_3d_pharmacophore,aligned,decoy
ZINCf5000002aSOu,159,12.590958671029814,standard_3d_pharmacophore,aligned,decoy
ZINCf5000000aqQc,160,12.580900124763833,standard_3d_pharmacophore,aligned,decoy
ZINCf5000000WBKn,161,12.579334190935532,standard_3d_pharmacophore,aligned,decoy
ZINCf5000002oFf9,162,12.572673976338924,standard_3d_pharmacophore,aligned,decoy
ZINCf50000009nxU,163,12.568898102081043,standard_3d_pharmacophore,aligned,decoy
ZINCf5000002oHw2,164,12.547510074071871,standard_3d_pharmacophore,aligned,decoy
ZINCf5000002e0CK,165,12.531119033164623,standard_3d_pharmacophore,aligned,decoy
ZINCf50000017WYH,166,12.527237824586221,standard_3d_pharmacophore,aligned,decoy
ZINCf5000002dO8t,167,12.526652849392827,standard_3d_pharmacophore,aligned,decoy
ZINCf50000017ZtB,168,12.490668314022216,standard_3d_pharmacophore,aligned,decoy
ZINCf5000000SMmi,169,12.482660784900057,standard_3d_pharmacophore,aligned,decoy
ZINCf5000000VmgN,170,12.474264891686039,standard_3d_pharmacophore,aligned,decoy
ZINCf5000002oGS5,171,12.473219836254932,standard_3d_pharmacophore,aligned,decoy
ZINCf50000008L01,172,12.469911837903592,standard_3d_pharmacophore,aligned,decoy
ZINCf5000002eknq,173,12.464510141057383,standard_3d_pharmacophore,aligned,decoy
ZINCf50000009Ebz,174,12.453722508199988,standard_3d_pharmacophore,aligned,decoy
ZINCf5000000afsz,175,12.450646882504547,standard_3d_pharmacophore,aligned,decoy
ZINCf5000002eg50,176,12.441709091294177,standard_3d_pharmacophore,aligned,decoy
ZINCf5000000Ztb7,177,12.436470060516244,standard_3d_pharmacophore,aligned,decoy
ZINCf5000000SNNC,178,12.435435008638192,standard_3d_pharmacophore,aligned,decoy
ZINCf5000000ZuVH,179,12.43488697763162,standard_3d_pharmacophore,aligned,decoy
ZINCf5000002sbOB,180,12.427851876094367,standard_3d_pharmacophore,aligned,decoy
ZINCf5000000apcH,181,12.423637178066945,standard_3d_pharmacophore,aligned,decoy
ZINCf5000000afdd,182,12.421226225096769,standard_3d_pharmacophore,aligned,decoy
ZINCf5000002ovNl,183,12.41796198208926,standard_3d_pharmacophore,aligned,decoy
ZINCf50000017w2B,184,12.41053237967924,standard_3d_pharmacophore,aligned,decoy
ZINCf5000000SLTu,185,12.409564415068019,standard_3d_pharmacophore,aligned,decoy
ZINCf50000009II9,186,12.405622972174724,standard_3d_pharmacophore,aligned,decoy
ZINCf50000017Bor,187,12.405545396108984,standard_3d_pharmacophore,aligned,decoy
ZINCf50000009ZuA,188,12.401275677303952,standard_3d_pharmacophore,aligned,decoy
ZINCf50000017HS4,189,12.392801291904979,standard_3d_pharmacophore,aligned,decoy
ZINCf500000185gC,190,12.382193870456168,standard_3d_pharmacophore,aligned,decoy
ZINCf500000091HN,191,12.38087594094486,standard_3d_pharmacophore,aligned,decoy
ZINCf500000092Y2,192,12.378372721835348,standard_3d_pharmacophore,aligned,decoy
ZINCf5000000abJX,193,12.372490567885414,standard_3d_pharmacophore,aligned,decoy
ZINCf5000001og7B,194,12.36120084926868,standard_3d_pharmacophore,aligned,decoy
ZINCf5000000a92W,195,12.35531893556784,standard_3d_pharmacophore,aligned,decoy
ZINCf50000008IcW,196,12.3444352168581,standard_3d_pharmacophore,aligned,decoy
ZINCf5000002rKMz,197,12.340567531506172,standard_3d_pharmacophore,aligned,decoy
ZINCf500000093cO,198,12.32869795449916,standard_3d_pharmacophore,aligned,decoy
ZINCf50000009vqW,199,12.328327950167644,standard_3d_pharmacophore,aligned,decoy
ZINCf50000028GQR,200,12.325805125772932,standard_3d_pharmacophore,aligned,decoy
CHEMBL251572,201,12.322308661604794,standard_3d_pharmacophore,aligned,active
ZINCf5000002oEvf,202,12.317642806579997,standard_3d_pharmacophore,aligned,decoy
ZINCf5000002aRYP,203,12.31727238456449,standard_3d_pharmacophore,aligned,decoy
ZINCf50000009ZoM,204,12.31083361913301,standard_3d_pharmacophore,aligned,decoy
ZINCf5000000Zxil,205,12.30965676219755,standard_3d_pharmacophore,aligned,decoy
ZINCf5000000ZyVZ,206,12.307435037113784,standard_3d_pharmacophore,aligned,decoy
ZINCf500000185bu,207,12.304013276416555,standard_3d_pharmacophore,aligned,decoy
ZINCf50000009fJU,208,12.30024314480244,standard_3d_pharmacophore,aligned,decoy
ZINCf50000009Emt,209,12.29933371421616,standard_3d_pharmacophore,aligned,decoy
ZINCf5000000Zter,210,12.297532569352763,standard_3d_pharmacophore,aligned,decoy
ZINCf50000009kL1,211,12.295616736283982,standard_3d_pharmacophore,aligned,decoy
ZINCf5000000ZqUY,212,12.293109726672725,standard_3d_pharmacophore,aligned,decoy
ZINCf50000009FQT,213,12.292325470580739,standard_3d_pharmacophore,aligned,decoy
ZINCf5000002aQGZ,214,12.29217478322027,standard_3d_pharmacophore,aligned,decoy
ZINCf50000017KhB,215,12.287408314576991,standard_3d_pharmacophore,aligned,decoy
ZINCf5000000apGs,216,12.28521382437831,standard_3d_pharmacophore,aligned,decoy
ZINCf5000002aTEW,217,12.284075835451702,standard_3d_pharmacophore,aligned,decoy
ZINCf50000009O9p,218,12.282169775580016,standard_3d_pharmacophore,aligned,decoy
ZINCf50000009ulA,219,12.273956040168573,standard_3d_pharmacophore,aligned,decoy
ZINCf50000017BhD,220,12.270178381850053,standard_3d_pharmacophore,aligned,decoy
ZINCf5000002oFnR,221,12.262108408195507,standard_3d_pharmacophore,aligned,decoy
ZINCf50000025Bcp,222,12.255195064563164,standard_3d_pharmacophore,aligned,decoy
ZINCf5000002oCTI,223,12.253087863011526,standard_3d_pharmacophore,aligned,decoy
ZINCf5000000aiIl,224,12.252737780479972,standard_3d_pharmacophore,aligned,decoy
ZINCf5000000Zxm8,225,12.249116772579153,standard_3d_pharmacophore,aligned,decoy
ZINCf50000009BJV,226,12.24047215563169,standard_3d_pharmacophore,aligned,decoy
ZINCf50000009TZE,227,12.23398317765208,standard_3d_pharmacophore,aligned,decoy
CHEMBL251169,228,12.23234938214967,standard_3d_pharmacophore,aligned,active
ZINCf5000002ejjr,229,12.228893720536389,standard_3d_pharmacophore,aligned,decoy
ZINCf5000000Zw6U,230,12.225269416334154,standard_3d_pharmacophore,aligned,decoy
ZINCf50000008ZKU,231,12.224037331546912,standard_3d_pharmacophore,aligned,decoy
ZINCf5000001yNgh,232,12.224003840366324,standard_3d_pharmacophore,aligned,decoy
ZINCf50000017BnT,233,12.221162396897968,standard_3d_pharmacophore,aligned,decoy
ZINCf50000009WUZ,234,12.219423959456137,standard_3d_pharmacophore,aligned,decoy
ZINCf5000002oH2i,235,12.216951982892828,standard_3d_pharmacophore,aligned,decoy
CHEMBL4171914,236,12.212905955808536,standard_3d_pharmacophore,aligned,active
ZINCf50000009BJq,237,12.204175859734523,standard_3d_pharmacophore,aligned,decoy
ZINCf50000017BnG,238,12.203353235110491,standard_3d_pharmacophore,aligned,decoy
ZINCf5000000a9iH,239,12.199663881957584,standard_3d_pharmacophore,aligned,decoy
ZINCf50000024KJR,240,12.196537999356748,standard_3d_pharmacophore,aligned,decoy
ZINCf50000009FkS,241,12.19404157662372,standard_3d_pharmacophore,aligned,decoy
ZINCf5000000af41,242,12.19018560678518,standard_3d_pharmacophore,aligned,decoy
ZINCf50000017Lpv,243,12.18674395768143,standard_3d_pharmacophore,aligned,decoy
ZINCf5000002rfcv,244,12.18207638432644,standard_3d_pharmacophore,aligned,decoy
ZINCf5000002aUmz,245,12.179641136193787,standard_3d_pharmacophore,aligned,decoy
ZINCf5000002e0zq,246,12.176374003826156,standard_3d_pharmacophore,aligned,decoy
ZINCf5000000a6dj,247,12.174863314429391,standard_3d_pharmacophore,aligned,decoy
ZINCf50000009BJK,248,12.170095458324589,standard_3d_pharmacophore,aligned,decoy
ZINCf5000000a83J,249,12.16091480904578,standard_3d_pharmacophore,aligned,decoy
ZINCf5000002egZI,250,12.155523011594406,standard_3d_pharmacophore,aligned,decoy
ZINCf5000002rcCF,251,12.150562731944547,standard_3d_pharmacophore,aligned,decoy
ZINCf500000181WL,252,12.149510042863566,standard_3d_pharmacophore,aligned,decoy
ZINCf50000009ubg,253,12.147485450504425,standard_3d_pharmacophore,aligned,decoy
ZINCf5000000aiZU,254,12.140306213087227,standard_3d_pharmacophore,aligned,decoy
ZINCf5000002aPz0,255,12.139725100756545,standard_3d_pharmacophore,aligned,decoy
ZINCf50000009LXr,256,12.136530005735727,standard_3d_pharmacophore,aligned,decoy
ZINCf5000000axnZ,257,12.135801682318835,standard_3d_pharmacophore,aligned,decoy
ZINCf50000009YSc,258,12.12569375477435,standard_3d_pharmacophore,aligned,decoy
ZINCf5000002s45f,259,12.11800486111114,standard_3d_pharmacophore,aligned,decoy
ZINCf5000002s9bv,260,12.116692069267973,standard_3d_pharmacophore,aligned,decoy
ZINCf5000000ZxDt,261,12.110872250450278,standard_3d_pharmacophore,aligned,decoy
ZINCf5000000ajwE,262,12.110477185091463,standard_3d_pharmacophore,aligned,decoy
ZINCf5000002rLN8,263,12.105813389131757,standard_3d_pharmacophore,aligned,decoy
ZINCf5000002rDjH,264,12.10156299021343,standard_3d_pharmacophore,aligned,decoy
ZINCf50000017ZqT,265,12.101455227636771,standard_3d_pharmacophore,aligned,decoy
ZINCf5000000981C,266,12.08834877740334,standard_3d_pharmacophore,aligned,decoy
ZINCf5000002oC4A,267,12.084867049534974,standard_3d_pharmacophore,aligned,decoy
ZINCf5000000SMi3,268,12.07271849904349,standard_3d_pharmacophore,aligned,decoy
ZINCf500000184mH,269,12.071426883023546,standard_3d_pharmacophore,aligned,decoy
ZINCf5000002aUZv,270,12.058324010684474,standard_3d_pharmacophore,aligned,decoy
ZINCf500000181Xu,271,12.05809496047637,standard_3d_pharmacophore,aligned,decoy
ZINCf5000000Vnkh,272,12.057917551861628,standard_3d_pharmacophore,aligned,decoy
ZINCf50000027oyT,273,12.057234645570658,standard_3d_pharmacophore,aligned,decoy
ZINCf5000000abZj,274,12.052336643970083,standard_3d_pharmacophore,aligned,decoy
ZINCf50000024zVL,275,12.052007961384625,standard_3d_pharmacophore,aligned,decoy
ZINCf5000002e9iR,276,12.049791818418557,standard_3d_pharmacophore,aligned,decoy
ZINCf50000009KvM,277,12.047007437533399,standard_3d_pharmacophore,aligned,decoy
ZINCf50000017DLX,278,12.046393231921948,standard_3d_pharmacophore,aligned,decoy
ZINCf5000002aFAz,279,12.02979206509498,standard_3d_pharmacophore,aligned,decoy
ZINCf50000017FHQ,280,12.023943470468623,standard_3d_pharmacophore,aligned,decoy
ZINCf50000017ZJ7,281,12.02366334358245,standard_3d_pharmacophore,aligned,decoy
ZINCf50000009NjO,282,12.020783320762128,standard_3d_pharmacophore,aligned,decoy
ZINCf50000026Fx1,283,12.010049299517068,standard_3d_pharmacophore,aligned,decoy
ZINCf5000002aSJ3,284,12.003947836605565,standard_3d_pharmacophore,aligned,decoy
ZINCf5000000ZqXK,285,11.995849942407897,standard_3d_pharmacophore,aligned,decoy
ZINCf5000002rwt8,286,11.995350470792966,standard_3d_pharmacophore,aligned,decoy
ZINCf50000009yd8,287,11.992413408618441,standard_3d_pharmacophore,aligned,decoy
ZINCf5000002s51J,288,11.987170082316348,standard_3d_pharmacophore,aligned,decoy
ZINCf50000009gkh,289,11.986430375541879,standard_3d_pharmacophore,aligned,decoy
ZINCf50000009zRc,290,11.986071524790896,standard_3d_pharmacophore,aligned,decoy
ZINCf5000002r6RJ,291,11.982712056869634,standard_3d_pharmacophore,aligned,decoy
ZINCf5000000a7P5,292,11.982551314545342,standard_3d_pharmacophore,aligned,decoy
ZINCf5000000af5V,293,11.97936401490617,standard_3d_pharmacophore,aligned,decoy
ZINCf5000000a9iG,294,11.977548603125078,standard_3d_pharmacophore,aligned,decoy
ZINCf5000002oEsQ,295,11.972977331557619,standard_3d_pharmacophore,aligned,decoy
ZINCf50000017poh,296,11.969913027236696,standard_3d_pharmacophore,aligned,decoy
ZINCf50000009xLK,297,11.96969972839228,standard_3d_pharmacophore,aligned,decoy
ZINCf5000001nNe1,298,11.967650767791987,standard_3d_pharmacophore,aligned,decoy
ZINCf5000002a01t,299,11.959697875289413,standard_3d_pharmacophore,aligned,decoy
ZINCf50000017BnH,300,11.95630261657673,standard_3d_pharmacophore,aligned,decoy
ZINCf5000001sKsJ,301,11.955868894939291,standard_3d_pharmacophore,aligned,decoy
ZINCf50000024Fgs,302,11.947581574659646,standard_3d_pharmacophore,aligned,decoy
ZINCf5000000atBc,303,11.94622458683099,standard_3d_pharmacophore,aligned,decoy
ZINCf50000017AV1,304,11.944078502689633,standard_3d_pharmacophore,aligned,decoy
ZINCf500000091Ut,305,11.942277094320264,standard_3d_pharmacophore,aligned,decoy
ZINCf5000000WA6M,306,11.942223072222186,standard_3d_pharmacophore,aligned,decoy
ZINCf5000000WBlq,307,11.939694167024879,standard_3d_pharmacophore,aligned,decoy
ZINCf5000001XGaU,308,11.934013236858007,standard_3d_pharmacophore,aligned,decoy
ZINCf50000017yx3,309,11.931071899951746,standard_3d_pharmacophore,aligned,decoy
ZINCf50000008J2k,310,11.927803061764115,standard_3d_pharmacophore,aligned,decoy
ZINCf5000001oIWl,311,11.924331501784366,standard_3d_pharmacophore,aligned,decoy
ZINCf50000017OIu,312,11.91519763740275,standard_3d_pharmacophore,aligned,decoy
ZINCf5000000VlQG,313,11.914643588468303,standard_3d_pharmacophore,aligned,decoy
ZINCf5000002ruHB,314,11.902790276081607,standard_3d_pharmacophore,aligned,decoy
ZINCf50000017CrC,315,11.895403852620984,standard_3d_pharmacophore,aligned,decoy
ZINCf50000008Lan,316,11.887575750219252,standard_3d_pharmacophore,aligned,decoy
CHEMBL1923504,317,11.886949602460582,standard_3d_pharmacophore,aligned,active
ZINCf50000009FRY,318,11.882394236468512,standard_3d_pharmacophore,aligned,decoy
CHEMBL1079185,319,11.878065464182088,standard_3d_pharmacophore,aligned,active
ZINCf50000009XxA,320,11.875967181701961,standard_3d_pharmacophore,aligned,decoy
ZINCf50000008XpF,321,11.874153857645553,standard_3d_pharmacophore,aligned,decoy
ZINCf50000017LpH,322,11.870095861399657,standard_3d_pharmacophore,aligned,decoy
ZINCf50000029yhQ,323,11.867342288306574,standard_3d_pharmacophore,aligned,decoy
CHEMBL401134,324,11.865309682585538,standard_3d_pharmacophore,aligned,active
ZINCf500000093ro,325,11.862483184765004,standard_3d_pharmacophore,aligned,decoy
ZINCf5000002scj7,326,11.862377385538476,standard_3d_pharmacophore,aligned,decoy
ZINCf5000002mC06,327,11.854530733165209,standard_3d_pharmacophore,aligned,decoy
ZINCf50000017LpE,328,11.8378757927645,standard_3d_pharmacophore,aligned,decoy
ZINCf5000000ZtE0,329,11.831104296686584,standard_3d_pharmacophore,aligned,decoy
ZINCf5000000aa5J,330,11.829574093873722,standard_3d_pharmacophore,aligned,decoy
ZINCf5000000SKx4,331,11.824644592177894,standard_3d_pharmacophore,aligned,decoy
ZINCf5000002s5uT,332,11.81915230489628,standard_3d_pharmacophore,aligned,decoy
ZINCf5000002s46o,333,11.81655839234891,standard_3d_pharmacophore,aligned,decoy
ZINCf5000000atlx,334,11.816281353703559,standard_3d_pharmacophore,aligned,decoy
ZINCf50000009xJZ,335,11.815439863322927,standard_3d_pharmacophore,aligned,decoy
ZINCf5000002a2Xr,336,11.815188078516302,standard_3d_pharmacophore,aligned,decoy
ZINCf50000009f8T,337,11.815114872645484,standard_3d_pharmacophore,aligned,decoy
ZINCf50000009vXk,338,11.813185115009853,standard_3d_pharmacophore,aligned,decoy
ZINCf5000000azJc,339,11.812455445999374,standard_3d_pharmacophore,aligned,decoy
ZINCf5000002rKN5,340,11.81157746240463,standard_3d_pharmacophore,aligned,decoy
ZINCf5000002aSDJ,341,11.811079486750353,standard_3d_pharmacophore,aligned,decoy
ZINCf5000002a8MQ,342,11.807762256439695,standard_3d_pharmacophore,aligned,decoy
ZINCf5000000ajwd,343,11.80401414384144,standard_3d_pharmacophore,aligned,decoy
ZINCf500000094j6,344,11.803874331241769,standard_3d_pharmacophore,aligned,decoy
ZINCf50000024kCv,345,11.802743550609408,standard_3d_pharmacophore,aligned,decoy
ZINCf50000009kL4,346,11.799644075630946,standard_3d_pharmacophore,aligned,decoy
ZINCf5000001LcEr,347,11.796445956284183,standard_3d_pharmacophore,aligned,decoy
ZINCf50000009g59,348,11.79486555166675,standard_3d_pharmacophore,aligned,decoy
ZINCf5000000YbHM,349,11.794437532056268,standard_3d_pharmacophore,aligned,decoy
ZINCf5000002sc2G,350,11.792428890511855,standard_3d_pharmacophore,aligned,decoy
ZINCf5000000WA6N,351,11.790883519954983,standard_3d_pharmacophore,aligned,decoy
ZINCf5000001oqkT,352,11.78980921116978,standard_3d_pharmacophore,aligned,decoy
ZINCf50000009SgZ,353,11.789325562426193,standard_3d_pharmacophore,aligned,decoy
ZINCf5000000Zrzy,354,11.780839812682013,standard_3d_pharmacophore,aligned,decoy
ZINCf50000009Lmh,355,11.777223651878412,standard_3d_pharmacophore,aligned,decoy
ZINCf5000002aQ0L,356,11.775300565674314,standard_3d_pharmacophore,aligned,decoy
ZINCf500000187b6,357,11.769826385993877,standard_3d_pharmacophore,aligned,decoy
ZINCf500000091Gq,358,11.76634194194352,standard_3d_pharmacophore,aligned,decoy
ZINCf5000002rtj9,359,11.760440973221737,standard_3d_pharmacophore,aligned,decoy
ZINCf50000025ChY,360,11.759081127225588,standard_3d_pharmacophore,aligned,decoy
ZINCf50000009N5I,361,11.752420324805016,standard_3d_pharmacophore,aligned,decoy
ZINCf5000002aWse,362,11.750293740170774,standard_3d_pharmacophore,aligned,decoy
ZINCf5000002oHtF,363,11.745823870050756,standard_3d_pharmacophore,aligned,decoy
ZINCf5000000af3F,364,11.7351419026345,standard_3d_pharmacophore,aligned,decoy
ZINCf50000009Zzc,365,11.734189643959605,standard_3d_pharmacophore,aligned,decoy
ZINCf5000000amZV,366,11.731772665046522,standard_3d_pharmacophore,aligned,decoy
ZINCf500000095A6,367,11.726717726113842,standard_3d_pharmacophore,aligned,decoy
ZINCf5000000SLW6,368,11.726292932152194,standard_3d_pharmacophore,aligned,decoy
ZINCf50000009xOf,369,11.724560152628605,standard_3d_pharmacophore,aligned,decoy
ZINCf5000002mDhl,370,11.723406976901487,standard_3d_pharmacophore,aligned,decoy
ZINCf50000009H9b,371,11.722166405357811,standard_3d_pharmacophore,aligned,decoy
ZINCf500000090Ru,372,11.721551169863886,standard_3d_pharmacophore,aligned,decoy
CHEMBL2364338,373,11.7203043260479,standard_3d_pharmacophore,aligned,active
ZINCf50000017Bo0,374,11.720027558518,standard_3d_pharmacophore,aligned,decoy
ZINCf5000000Ztuj,375,11.718134424626482,standard_3d_pharmacophore,aligned,decoy
ZINCf5000002dkM7,376,11.718079113973372,standard_3d_pharmacophore,aligned,decoy
ZINCf5000000Zy3p,377,11.713826029471667,standard_3d_pharmacophore,aligned,decoy
ZINCf50000009yd7,378,11.709721958452642,standard_3d_pharmacophore,aligned,decoy
ZINCf50000009xg9,379,11.706055568104398,standard_3d_pharmacophore,aligned,decoy
ZINCf500000180Jw,380,11.700691240067137,standard_3d_pharmacophore,aligned,decoy
ZINCf50000009zPT,381,11.699661259583092,standard_3d_pharmacophore,aligned,decoy
ZINCf50000009zPR,382,11.697573934876237,standard_3d_pharmacophore,aligned,decoy
ZINCf50000017Zr1,383,11.695661708071526,standard_3d_pharmacophore,aligned,decoy
ZINCf50000027i1D,384,11.694053319648527,standard_3d_pharmacophore,aligned,decoy
ZINCf5000001N6HT,385,11.693193671263312,standard_3d_pharmacophore,aligned,decoy
ZINCf5000000abav,386,11.693050795675942,standard_3d_pharmacophore,aligned,decoy
ZINCf50000017Xln,387,11.692701746298154,standard_3d_pharmacophore,aligned,decoy
ZINCf50000017KN8,388,11.687249144211496,standard_3d_pharmacophore,aligned,decoy
ZINCf5000000a9Is,389,11.681829216267772,standard_3d_pharmacophore,aligned,decoy
ZINCf5000002aNTw,390,11.681285617546141,standard_3d_pharmacophore,aligned,decoy
ZINCf50000028QcC,391,11.67244908744129,standard_3d_pharmacophore,aligned,decoy
ZINCf50000009uqt,392,11.670582241511218,standard_3d_pharmacophore,aligned,decoy
ZINCf5000002rA7Z,393,11.670042394640333,standard_3d_pharmacophore,aligned,decoy
ZINCf50000017HVC,394,11.66883255497546,standard_3d_pharmacophore,aligned,decoy
ZINCf50000017Bnz,395,11.662329242515233,standard_3d_pharmacophore,aligned,decoy
ZINCf5000000abGX,396,11.655041640857657,standard_3d_pharmacophore,aligned,decoy
ZINCf5000002oC1u,397,11.652159607514193,standard_3d_pharmacophore,aligned,decoy
ZINCf5000000ay6c,398,11.6521047705704,standard_3d_pharmacophore,aligned,decoy
ZINCf50000024dVA,399,11.64919267127685,standard_3d_pharmacophore,aligned,decoy
ZINCf5000000S6BQ,400,11.648717260134685,standard_3d_pharmacophore,aligned,decoy
ZINCf5000002s63L,401,11.646379079534753,standard_3d_pharmacophore,aligned,decoy
ZINCf5000000a5PY,402,11.643621658671021,standard_3d_pharmacophore,aligned,decoy
ZINCf5000000VlWv,403,11.642722292592492,standard_3d_pharmacophore,aligned,decoy
ZINCf500000094b7,404,11.638485096745118,standard_3d_pharmacophore,aligned,decoy
ZINCf5000000ay6h,405,11.634677416496485,standard_3d_pharmacophore,aligned,decoy
ZINCf5000000ZsMX,406,11.632305109529257,standard_3d_pharmacophore,aligned,decoy
ZINCf50000008X8F,407,11.631549655660027,standard_3d_pharmacophore,aligned,decoy
ZINCf5000002rXwv,408,11.630840906825624,standard_3d_pharmacophore,aligned,decoy
ZINCf50000017VOT,409,11.627529541336674,standard_3d_pharmacophore,aligned,decoy
ZINCf5000002dR2n,410,11.622750017960259,standard_3d_pharmacophore,aligned,decoy
ZINCf5000000SNpJ,411,11.621019799463024,standard_3d_pharmacophore,aligned,decoy
ZINCf5000000ZsXj,412,11.618071548786512,standard_3d_pharmacophore,aligned,decoy
ZINCf5000000ZxQm,413,11.61781503503804,standard_3d_pharmacophore,aligned,decoy
ZINCf5000002rBFi,414,11.614459593328116,standard_3d_pharmacophore,aligned,decoy
ZINCf5000002mv38,415,11.609853094670536,standard_3d_pharmacophore,aligned,decoy
ZINCf50000009Auu,416,11.607492420968189,standard_3d_pharmacophore,aligned,decoy
ZINCf5000000VmgG,417,11.605251230900663,standard_3d_pharmacophore,aligned,decoy
ZINCf50000008Xan,418,11.604978438123029,standard_3d_pharmacophore,aligned,decoy
ZINCf50000008VnO,419,11.604830306930149,standard_3d_pharmacophore,aligned,decoy
ZINCf50000009s9m,420,11.599695859577308,standard_3d_pharmacophore,aligned,decoy
ZINCf5000000agvO,421,11.598973242331667,standard_3d_pharmacophore,aligned,decoy
ZINCf5000000abAi,422,11.597662879684222,standard_3d_pharmacophore,aligned,decoy
ZINCf50000009vxt,423,11.597452938748066,standard_3d_pharmacophore,aligned,decoy
ZINCf50000009CWL,424,11.59738718268642,standard_3d_pharmacophore,aligned,decoy
ZINCf5000000a12U,425,11.594332372307758,standard_3d_pharmacophore,aligned,decoy
ZINCf50000009vCN,426,11.587709991278563,standard_3d_pharmacophore,aligned,decoy
ZINCf50000009xQv,427,11.585876592166434,standard_3d_pharmacophore,aligned,decoy
ZINCf5000002rCJZ,428,11.582925713449251,standard_3d_pharmacophore,aligned,decoy
ZINCf50000025MDs,429,11.582624091768421,standard_3d_pharmacophore,aligned,decoy
ZINCf5000002aW7g,430,11.579198680967636,standard_3d_pharmacophore,aligned,decoy
ZINCf50000009tPD,431,11.575509832259094,standard_3d_pharmacophore,aligned,decoy
ZINCf50000009wB0,432,11.573564368361339,standard_3d_pharmacophore,aligned,decoy
ZINCf50000008V0l,433,11.573221889353396,standard_3d_pharmacophore,aligned,decoy
ZINCf500000263Mr,434,11.570425096905097,standard_3d_pharmacophore,aligned,decoy
ZINCf50000024Ip8,435,11.56843334618328,standard_3d_pharmacophore,aligned,decoy
ZINCf50000008GAi,436,11.563479188061264,standard_3d_pharmacophore,aligned,decoy
ZINCf50000008Mtf,437,11.56242171945731,standard_3d_pharmacophore,aligned,decoy
ZINCf50000029ZxW,438,11.562194050599786,standard_3d_pharmacophore,aligned,decoy
ZINCf50000009yQr,439,11.555531793686376,standard_3d_pharmacophore,aligned,decoy
ZINCf5000000a5xo,440,11.552366171986298,standard_3d_pharmacophore,aligned,decoy
ZINCf50000009zyw,441,11.550642618900865,standard_3d_pharmacophore,aligned,decoy
ZINCf500000097b9,442,11.549082350909195,standard_3d_pharmacophore,aligned,decoy
ZINCf50000028TXa,443,11.545136070692546,standard_3d_pharmacophore,aligned,decoy
ZINCf500000256q2,444,11.544305053658112,standard_3d_pharmacophore,aligned,decoy
ZINCf5000000aakm,445,11.539195332173035,standard_3d_pharmacophore,aligned,decoy
ZINCf5000002rLDp,446,11.536078695347321,standard_3d_pharmacophore,aligned,decoy
ZINCf5000000azI3,447,11.53555492532576,standard_3d_pharmacophore,aligned,decoy
ZINCf5000000ZxVl,448,11.534581552076453,standard_3d_pharmacophore,aligned,decoy
ZINCf5000000aiGd,449,11.532524029472874,standard_3d_pharmacophore,aligned,decoy
ZINCf50000009JvO,450,11.531092728496567,standard_3d_pharmacophore,aligned,decoy
ZINCf5000002e8EA,451,11.528847082206832,standard_3d_pharmacophore,aligned,decoy
ZINCf5000000ZtBg,452,11.52717817862636,standard_3d_pharmacophore,aligned,decoy
ZINCf50000017Mm2,453,11.526246344424985,standard_3d_pharmacophore,aligned,decoy
ZINCf5000000S7uF,454,11.523862649922087,standard_3d_pharmacophore,aligned,decoy
ZINCf50000017M5a,455,11.523500526807489,standard_3d_pharmacophore,aligned,decoy
ZINCf50000009IU9,456,11.522487482450542,standard_3d_pharmacophore,aligned,decoy
ZINCf5000000ae3H,457,11.521504980239627,standard_3d_pharmacophore,aligned,decoy
ZINCf50000009Fax,458,11.519591549370986,standard_3d_pharmacophore,aligned,decoy
ZINCf50000017nzV,459,11.519563953126402,standard_3d_pharmacophore,aligned,decoy
ZINCf50000008TxS,460,11.519188091221839,standard_3d_pharmacophore,aligned,decoy
ZINCf50000017Mmf,461,11.51880211902896,standard_3d_pharmacophore,aligned,decoy
ZINCf50000026U3V,462,11.513310638966464,standard_3d_pharmacophore,aligned,decoy
ZINCf5000000ZtR0,463,11.509936534893008,standard_3d_pharmacophore,aligned,decoy
ZINCf50000009ynt,464,11.50984353000107,standard_3d_pharmacophore,aligned,decoy
ZINCf5000000VZpu,465,11.509503335693987,standard_3d_pharmacophore,aligned,decoy
ZINCf5000002dQSm,466,11.508989974536025,standard_3d_pharmacophore,aligned,decoy
ZINCf50000017Hd9,467,11.504336456555794,standard_3d_pharmacophore,aligned,decoy
ZINCf50000009UpX,468,11.501893994466323,standard_3d_pharmacophore,aligned,decoy
ZINCf500000185gK,469,11.499806415712467,standard_3d_pharmacophore,aligned,decoy
ZINCf5000002aSDG,470,11.498873567778555,standard_3d_pharmacophore,aligned,decoy
ZINCf50000029qto,471,11.495278979182386,standard_3d_pharmacophore,aligned,decoy
ZINCf5000000a9wh,472,11.49087254682815,standard_3d_pharmacophore,aligned,decoy
ZINCf500000098za,473,11.489374733404759,standard_3d_pharmacophore,aligned,decoy
ZINCf50000009fnO,474,11.48801734746004,standard_3d_pharmacophore,aligned,decoy
ZINCf500000098hU,475,11.487833602197586,standard_3d_pharmacophore,aligned,decoy
ZINCf5000001FqL3,476,11.483941628899183,standard_3d_pharmacophore,aligned,decoy
ZINCf5000001JISo,477,11.482772790492378,standard_3d_pharmacophore,aligned,decoy
ZINCf50000027IV9,478,11.480943787950729,standard_3d_pharmacophore,aligned,decoy
ZINCf50000017LZS,479,11.479131763737701,standard_3d_pharmacophore,aligned,decoy
ZINCf50000009yd6,480,11.467891648333937,standard_3d_pharmacophore,aligned,decoy
ZINCf5000002e3HN,481,11.466232479438561,standard_3d_pharmacophore,aligned,decoy
ZINCf50000029n0i,482,11.464444668996435,standard_3d_pharmacophore,aligned,decoy
ZINCf50000009O7A,483,11.4629213984941,standard_3d_pharmacophore,aligned,decoy
ZINCf50000017PXL,484,11.46231079142556,standard_3d_pharmacophore,aligned,decoy
ZINCf5000000ZrFf,485,11.461342895500533,standard_3d_pharmacophore,aligned,decoy
ZINCf5000000aeNZ,486,11.459818708364914,standard_3d_pharmacophore,aligned,decoy
ZINCf50000008X9r,487,11.459718208216506,standard_3d_pharmacophore,aligned,decoy
ZINCf5000002dT2A,488,11.456393085442155,standard_3d_pharmacophore,aligned,decoy
ZINCf5000000Zt9N,489,11.454393198006056,standard_3d_pharmacophore,aligned,decoy
ZINCf50000009F8s,490,11.452084980916075,standard_3d_pharmacophore,aligned,decoy
ZINCf50000009z98,491,11.451363929916823,standard_3d_pharmacophore,aligned,decoy
ZINCf5000000ZxF5,492,11.446537408519779,standard_3d_pharmacophore,aligned,decoy
ZINCf5000000aotw,493,11.444209893025846,standard_3d_pharmacophore,aligned,decoy
ZINCf5000002eccK,494,11.442633555206928,standard_3d_pharmacophore,aligned,decoy
ZINCf5000000S7uO,495,11.442004789325855,standard_3d_pharmacophore,aligned,decoy
ZINCf50000009ubo,496,11.436728919128182,standard_3d_pharmacophore,aligned,decoy
ZINCf50000008Gvy,497,11.434081868350228,standard_3d_pharmacophore,aligned,decoy
ZINCf5000002efXb,498,11.424659804053196,standard_3d_pharmacophore,aligned,decoy
ZINCf50000017uMM,499,11.423280604105146,standard_3d_pharmacophore,aligned,decoy
ZINCf5000000Zrb9,500,11.42020512114961,standard_3d_pharmacophore,aligned,decoy
ZINCf50000008GSL,501,11.414244151346029,standard_3d_pharmacophore,aligned,decoy
ZINCf5000002e5FF,502,11.410571298086719,standard_3d_pharmacophore,aligned,decoy
ZINCf50000009UT2,503,11.405106493207745,standard_3d_pharmacophore,aligned,decoy
ZINCf5000002rwml,504,11.402874808759146,standard_3d_pharmacophore,aligned,decoy
ZINCf500000183XL,505,11.402421029081443,standard_3d_pharmacophore,aligned,decoy
ZINCf50000009EYa,506,11.400177355987807,standard_3d_pharmacophore,aligned,decoy
ZINCf5000000ZxNc,507,11.39682325848841,standard_3d_pharmacophore,aligned,decoy
ZINCf5000000ad3w,508,11.396454993126635,standard_3d_pharmacophore,aligned,decoy
ZINCf5000000SNzJ,509,11.394189635727555,standard_3d_pharmacophore,aligned,decoy
ZINCf5000000VlMZ,510,11.390874666528086,standard_3d_pharmacophore,aligned,decoy
ZINCf5000000aa64,511,11.390500195387729,standard_3d_pharmacophore,aligned,decoy
ZINCf5000000acqq,512,11.38555632268343,standard_3d_pharmacophore,aligned,decoy
ZINCf50000009IYH,513,11.38545079821246,standard_3d_pharmacophore,aligned,decoy
ZINCf50000009pBr,514,11.379990253103516,standard_3d_pharmacophore,aligned,decoy
ZINCf5000002rwQC,515,11.37846955717695,standard_3d_pharmacophore,aligned,decoy
ZINCf50000009e8j,516,11.374457035370597,standard_3d_pharmacophore,aligned,decoy
ZINCf500000182CG,517,11.374138428861993,standard_3d_pharmacophore,aligned,decoy
ZINCf5000000S76T,518,11.373202066802158,standard_3d_pharmacophore,aligned,decoy
ZINCf5000000ZtNy,519,11.370073816520433,standard_3d_pharmacophore,aligned,decoy
ZINCf50000009aCA,520,11.367807561577056,standard_3d_pharmacophore,aligned,decoy
ZINCf5000002qVHP,521,11.366703684998061,standard_3d_pharmacophore,aligned,decoy
ZINCf5000001Emu2,522,11.36390163619832,standard_3d_pharmacophore,aligned,decoy
ZINCf5000002aRYM,523,11.363105788851946,standard_3d_pharmacophore,aligned,decoy
ZINCf500000090y4,524,11.361181211514262,standard_3d_pharmacophore,aligned,decoy
ZINCf5000000VlUp,525,11.36002622909583,standard_3d_pharmacophore,aligned,decoy
ZINCf5000002mGoW,526,11.351826642339908,standard_3d_pharmacophore,aligned,decoy
ZINCf50000017vYs,527,11.351090505879027,standard_3d_pharmacophore,aligned,decoy
ZINCf50000008RyA,528,11.343516266455644,standard_3d_pharmacophore,aligned,decoy
ZINCf500000095Fg,529,11.33698609674593,standard_3d_pharmacophore,aligned,decoy
ZINCf50000009sB7,530,11.334423272570644,standard_3d_pharmacophore,aligned,decoy
ZINCf5000002oGxA,531,11.33211832485609,standard_3d_pharmacophore,aligned,decoy
ZINCf5000000aa29,532,11.326912214657193,standard_3d_pharmacophore,aligned,decoy
ZINCf50000009xR5,533,11.325123146758356,standard_3d_pharmacophore,aligned,decoy
ZINCf5000000Ybic,534,11.319542473371435,standard_3d_pharmacophore,aligned,decoy
ZINCf50000009NG6,535,11.318056223039529,standard_3d_pharmacophore,aligned,decoy
ZINCf50000028o1A,536,11.315856752545898,standard_3d_pharmacophore,aligned,decoy
ZINCf5000000afYF,537,11.315707505768968,standard_3d_pharmacophore,aligned,decoy
ZINCf5000002ah5X,538,11.313088642720357,standard_3d_pharmacophore,aligned,decoy
ZINCf50000009M3v,539,11.309729107294311,standard_3d_pharmacophore,aligned,decoy
ZINCf5000002eeeG,540,11.30629164131506,standard_3d_pharmacophore,aligned,decoy
ZINCf5000000a9mK,541,11.295599754681382,standard_3d_pharmacophore,aligned,decoy
ZINCf50000008Vbf,542,11.292445923022212,standard_3d_pharmacophore,aligned,decoy
ZINCf5000001AV0S,543,11.290371678450484,standard_3d_pharmacophore,aligned,decoy
ZINCf5000000ZsOY,544,11.289911213900025,standard_3d_pharmacophore,aligned,decoy
ZINCf5000002s5cu,545,11.286693283360826,standard_3d_pharmacophore,aligned,decoy
ZINCf5000000ZxYr,546,11.284732512356335,standard_3d_pharmacophore,aligned,decoy
CHEMBL4170481,547,11.284198345360716,standard_3d_pharmacophore,aligned,active
ZINCf5000002d8UH,548,11.28317694000547,standard_3d_pharmacophore,aligned,decoy
ZINCf5000002rYgJ,549,11.282873053843232,standard_3d_pharmacophore,aligned,decoy
ZINCf50000009vzq,550,11.28252563285826,standard_3d_pharmacophore,aligned,decoy
ZINCf50000009aj3,551,11.282437310146225,standard_3d_pharmacophore,aligned,decoy
ZINCf5000000alHz,552,11.281754225615796,standard_3d_pharmacophore,aligned,decoy
ZINCf50000017LPk,553,11.28000767093193,standard_3d_pharmacophore,aligned,decoy
ZINCf5000000Zuzd,554,11.278526113898147,standard_3d_pharmacophore,aligned,decoy
ZINCf5000001rptD,555,11.276368537475504,standard_3d_pharmacophore,aligned,decoy
ZINCf5000002e5EQ,556,11.274919670285408,standard_3d_pharmacophore,aligned,decoy
ZINCf50000009qan,557,11.273367485028833,standard_3d_pharmacophore,aligned,decoy
ZINCf50000017GDl,558,11.271648590419435,standard_3d_pharmacophore,aligned,decoy
ZINCf50000017zbM,559,11.256169646310676,standard_3d_pharmacophore,aligned,decoy
ZINCf50000009Hoj,560,11.25322799888132,standard_3d_pharmacophore,aligned,decoy
ZINCf50000017KOz,561,11.25115566814382,standard_3d_pharmacophore,aligned,decoy
ZINCf5000002rQTj,562,11.249270820921165,standard_3d_pharmacophore,aligned,decoy
ZINCf50000024C21,563,11.248117671993276,standard_3d_pharmacophore,aligned,decoy
ZINCf5000001orCY,564,11.23987061266249,standard_3d_pharmacophore,aligned,decoy
ZINCf5000002du81,565,11.235875872504893,standard_3d_pharmacophore,aligned,decoy
ZINCf5000002eg5W,566,11.235793416349084,standard_3d_pharmacophore,aligned,decoy
ZINCf5000002eiiO,567,11.235569821976172,standard_3d_pharmacophore,aligned,decoy
ZINCf5000002e9V6,568,11.228974303140818,standard_3d_pharmacophore,aligned,decoy
ZINCf50000009XP5,569,11.22725571200402,standard_3d_pharmacophore,aligned,decoy
ZINCf5000000azGJ,570,11.22051779976688,standard_3d_pharmacophore,aligned,decoy
ZINCf5000000VZiS,571,11.218960647683952,standard_3d_pharmacophore,aligned,decoy
ZINCf50000009m2q,572,11.214096182304333,standard_3d_pharmacophore,aligned,decoy
ZINCf50000009ujW,573,11.21235866326474,standard_3d_pharmacophore,aligned,decoy
ZINCf500000187N5,574,11.20930939126238,standard_3d_pharmacophore,aligned,decoy
ZINCf5000000aasy,575,11.208689921254154,standard_3d_pharmacophore,aligned,decoy
ZINCf5000000YaTJ,576,11.208547389086672,standard_3d_pharmacophore,aligned,decoy
ZINCf50000017twE,577,11.2082973420264,standard_3d_pharmacophore,aligned,decoy
ZINCf5000000axTO,578,11.206251638154408,standard_3d_pharmacophore,aligned,decoy
ZINCf5000000a50o,579,11.205224269800965,standard_3d_pharmacophore,aligned,decoy
ZINCf5000000ady2,580,11.204465100219531,standard_3d_pharmacophore,aligned,decoy
ZINCf5000002qDFK,581,11.204035199335241,standard_3d_pharmacophore,aligned,decoy
ZINCf5000000a94X,582,11.203857324295923,standard_3d_pharmacophore,aligned,decoy
ZINCf50000017RzR,583,11.200473798606195,standard_3d_pharmacophore,aligned,decoy
ZINCf5000000Vnad,584,11.199361357049815,standard_3d_pharmacophore,aligned,decoy
ZINCf50000009G8x,585,11.19522800296653,standard_3d_pharmacophore,aligned,decoy
ZINCf5000002dOBy,586,11.192736075115588,standard_3d_pharmacophore,aligned,decoy
ZINCf50000017WRP,587,11.190826234190327,standard_3d_pharmacophore,aligned,decoy
ZINCf5000002sfMO,588,11.190478797917608,standard_3d_pharmacophore,aligned,decoy
ZINCf50000017lUo,589,11.187880394400354,standard_3d_pharmacophore,aligned,decoy
ZINCf5000002enFp,590,11.187678893210427,standard_3d_pharmacophore,aligned,decoy
ZINCf5000002aFrF,591,11.184360399981326,standard_3d_pharmacophore,aligned,decoy
ZINCf5000000a5HH,592,11.181893655081984,standard_3d_pharmacophore,aligned,decoy
ZINCf50000017KTo,593,11.179979365593502,standard_3d_pharmacophore,aligned,decoy
ZINCf5000002egeB,594,11.17946331618164,standard_3d_pharmacophore,aligned,decoy
ZINCf50000009ynz,595,11.179132326217992,standard_3d_pharmacophore,aligned,decoy
ZINCf5000000anKU,596,11.176139322548092,standard_3d_pharmacophore,aligned,decoy
ZINCf5000002dOHD,597,11.17603892110906,standard_3d_pharmacophore,aligned,decoy
ZINCf5000000ZtNa,598,11.172019403090557,standard_3d_pharmacophore,aligned,decoy
ZINCf5000002e9iv,599,11.170317728268467,standard_3d_pharmacophore,aligned,decoy
ZINCf5000000ZxFj,600,11.165842662939145,standard_3d_pharmacophore,aligned,decoy
ZINCf5000000ZxEo,601,11.164621321100508,standard_3d_pharmacophore,aligned,decoy
ZINCf5000000SLUp,602,11.161135814843995,standard_3d_pharmacophore,aligned,decoy
ZINCf5000002aSIB,603,11.159649907732444,standard_3d_pharmacophore,aligned,decoy
ZINCf50000008Zig,604,11.158265126320234,standard_3d_pharmacophore,aligned,decoy
ZINCf50000009BCm,605,11.1570128961079,standard_3d_pharmacophore,aligned,decoy
ZINCf5000000a7S0,606,11.155194951478824,standard_3d_pharmacophore,aligned,decoy
ZINCf5000000VmyA,607,11.15451713300024,standard_3d_pharmacophore,aligned,decoy
ZINCf5000002rLOE,608,11.153049567879682,standard_3d_pharmacophore,aligned,decoy
ZINCf5000002myC2,609,11.152189164426902,standard_3d_pharmacophore,aligned,decoy
ZINCf500000186Jh,610,11.147257639698886,standard_3d_pharmacophore,aligned,decoy
ZINCf50000009Xac,611,11.147098844201347,standard_3d_pharmacophore,aligned,decoy
ZINCf50000008KYG,612,11.140085575931897,standard_3d_pharmacophore,aligned,decoy
ZINCf50000009XeK,613,11.135994126252202,standard_3d_pharmacophore,aligned,decoy
ZINCf50000023t3V,614,11.134984801090663,standard_3d_pharmacophore,aligned,decoy
ZINCf5000002rRW9,615,11.133916547021192,standard_3d_pharmacophore,aligned,decoy
ZINCf5000000Zrm2,616,11.133157196963225,standard_3d_pharmacophore,aligned,decoy
ZINCf5000000Zu2n,617,11.130689727283356,standard_3d_pharmacophore,aligned,decoy
ZINCf5000000VnD5,618,11.130327490094443,standard_3d_pharmacophore,aligned,decoy
ZINCf5000002rVlZ,619,11.129116197215042,standard_3d_pharmacophore,aligned,decoy
ZINCf5000002s51e,620,11.125724905156845,standard_3d_pharmacophore,aligned,decoy
ZINCf5000001Rg6X,621,11.12358823294582,standard_3d_pharmacophore,aligned,decoy
ZINCf50000008PSw,622,11.123159497730976,standard_3d_pharmacophore,aligned,decoy
ZINCf50000017W9c,623,11.120291092389376,standard_3d_pharmacophore,aligned,decoy
ZINCf50000009Hy6,624,11.119832886061172,standard_3d_pharmacophore,aligned,decoy
ZINCf50000008DgR,625,11.115885129083788,standard_3d_pharmacophore,aligned,decoy
ZINCf5000002s8Pq,626,11.114699501774957,standard_3d_pharmacophore,aligned,decoy
ZINCf50000009UTu,627,11.114477188164011,standard_3d_pharmacophore,aligned,decoy
ZINCf5000000aakj,628,11.112857787197091,standard_3d_pharmacophore,aligned,decoy
ZINCf5000000ayh9,629,11.111714614127978,standard_3d_pharmacophore,aligned,decoy
ZINCf5000002aUh7,630,11.111695764622436,standard_3d_pharmacophore,aligned,decoy
ZINCf50000017KXM,631,11.109673725694696,standard_3d_pharmacophore,aligned,decoy
ZINCf50000009otY,632,11.108298439512373,standard_3d_pharmacophore,aligned,decoy
ZINCf50000009MFI,633,11.106620801641908,standard_3d_pharmacophore,aligned,decoy
ZINCf50000008HuR,634,11.104332853109463,standard_3d_pharmacophore,aligned,decoy
ZINCf5000000af3O,635,11.10149348200127,standard_3d_pharmacophore,aligned,decoy
ZINCf5000002rwRJ,636,11.100641172945377,standard_3d_pharmacophore,aligned,decoy
ZINCf5000002qzwJ,637,11.096250829781164,standard_3d_pharmacophore,aligned,decoy
ZINCf5000000aezU,638,11.09305628659297,standard_3d_pharmacophore,aligned,decoy
ZINCf50000008L4G,639,11.092309926543328,standard_3d_pharmacophore,aligned,decoy
ZINCf5000000af5N,640,11.092284412962227,standard_3d_pharmacophore,aligned,decoy
ZINCf50000008Hhj,641,11.089497067391576,standard_3d_pharmacophore,aligned,decoy
ZINCf5000000axpl,642,11.089263134378804,standard_3d_pharmacophore,aligned,decoy
ZINCf50000008Xjz,643,11.08752479898622,standard_3d_pharmacophore,aligned,decoy
ZINCf50000017uwe,644,11.086270139179335,standard_3d_pharmacophore,aligned,decoy
ZINCf50000009qcC,645,11.085104062353901,standard_3d_pharmacophore,aligned,decoy
ZINCf50000009nCt,646,11.081928392729086,standard_3d_pharmacophore,aligned,decoy
ZINCf50000008Prs,647,11.0781433308106,standard_3d_pharmacophore,aligned,decoy
ZINCf50000017L4P,648,11.078106664164153,standard_3d_pharmacophore,aligned,decoy
ZINCf5000002s456,649,11.075903346083651,standard_3d_pharmacophore,aligned,decoy
ZINCf5000002rwS2,650,11.07482202072363,standard_3d_pharmacophore,aligned,decoy
ZINCf5000002qAuy,651,11.074700842880878,standard_3d_pharmacophore,aligned,decoy
ZINCf50000029oGV,652,11.074204524538056,standard_3d_pharmacophore,aligned,decoy
ZINCf50000009u3p,653,11.072226388397091,standard_3d_pharmacophore,aligned,decoy
ZINCf5000001V3uo,654,11.070300463025605,standard_3d_pharmacophore,aligned,decoy
ZINCf500000185c0,655,11.06906793935316,standard_3d_pharmacophore,aligned,decoy
ZINCf5000002aQH1,656,11.068600936998084,standard_3d_pharmacophore,aligned,decoy
ZINCf5000000Ztii,657,11.068561972061502,standard_3d_pharmacophore,aligned,decoy
ZINCf5000000SL7m,658,11.063525530177001,standard_3d_pharmacophore,aligned,decoy
ZINCf5000000akjg,659,11.062584455020495,standard_3d_pharmacophore,aligned,decoy
ZINCf5000002oCHN,660,11.056895684431058,standard_3d_pharmacophore,aligned,decoy
ZINCf5000001GOOG,661,11.053880570092819,standard_3d_pharmacophore,aligned,decoy
ZINCf5000002rOzp,662,11.053241542730106,standard_3d_pharmacophore,aligned,decoy
ZINCf5000002oGsT,663,11.05121676448983,standard_3d_pharmacophore,aligned,decoy
ZINCf5000002rmKm,664,11.05100943986691,standard_3d_pharmacophore,aligned,decoy
ZINCf50000009wnC,665,11.05077578707613,standard_3d_pharmacophore,aligned,decoy
ZINCf5000002r8rT,666,11.049200026395134,standard_3d_pharmacophore,aligned,decoy
ZINCf5000002e0At,667,11.049127282035961,standard_3d_pharmacophore,aligned,decoy
ZINCf5000000a9k8,668,11.046842174049194,standard_3d_pharmacophore,aligned,decoy
ZINCf50000008Wfr,669,11.04504549681275,standard_3d_pharmacophore,aligned,decoy
ZINCf50000008Vcm,670,11.044528276497218,standard_3d_pharmacophore,aligned,decoy
ZINCf5000000ajKZ,671,11.043494408222214,standard_3d_pharmacophore,aligned,decoy
ZINCf5000000Zsex,672,11.04243074012257,standard_3d_pharmacophore,aligned,decoy
ZINCf50000009Ha4,673,11.040010723787473,standard_3d_pharmacophore,aligned,decoy
ZINCf500000180wS,674,11.039770862284355,standard_3d_pharmacophore,aligned,decoy
ZINCf50000017Lpy,675,11.035888860004848,standard_3d_pharmacophore,aligned,decoy
ZINCf50000009e5G,676,11.026976636979658,standard_3d_pharmacophore,aligned,decoy
ZINCf5000000atn8,677,11.019419906090247,standard_3d_pharmacophore,aligned,decoy
ZINCf5000000axo0,678,11.018165681424634,standard_3d_pharmacophore,aligned,decoy
ZINCf5000002aURX,679,11.016155220245386,standard_3d_pharmacophore,aligned,decoy
ZINCf500000262wD,680,11.013823967913101,standard_3d_pharmacophore,aligned,decoy
ZINCf500000090vr,681,11.010158143384043,standard_3d_pharmacophore,aligned,decoy
ZINCf5000000acyU,682,11.008758105529699,standard_3d_pharmacophore,aligned,decoy
ZINCf5000000WAJX,683,11.007207573918306,standard_3d_pharmacophore,aligned,decoy
ZINCf5000002scOz,684,11.002907945820263,standard_3d_pharmacophore,aligned,decoy
ZINCf50000009fiV,685,10.99876604033476,standard_3d_pharmacophore,aligned,decoy
ZINCf5000002rX8m,686,10.996517180638332,standard_3d_pharmacophore,aligned,decoy
ZINCf500000090dm,687,10.992105823599198,standard_3d_pharmacophore,aligned,decoy
ZINCf5000000WBMs,688,10.991194557021673,standard_3d_pharmacophore,aligned,decoy
ZINCf5000002s40n,689,10.989315929444707,standard_3d_pharmacophore,aligned,decoy
ZINCf50000009HnH,690,10.988213236769575,standard_3d_pharmacophore,aligned,decoy
ZINCf50000017lUv,691,10.98450027714172,standard_3d_pharmacophore,aligned,decoy
ZINCf5000000Zxnj,692,10.98395742222644,standard_3d_pharmacophore,aligned,decoy
ZINCf500000093eL,693,10.981221998559832,standard_3d_pharmacophore,aligned,decoy
ZINCf50000009H2Z,694,10.98040162751171,standard_3d_pharmacophore,aligned,decoy
ZINCf50000009muv,695,10.979961562878383,standard_3d_pharmacophore,aligned,decoy
ZINCf50000009Fqf,696,10.979250454918454,standard_3d_pharmacophore,aligned,decoy
ZINCf50000009aKQ,697,10.971511711512893,standard_3d_pharmacophore,aligned,decoy
ZINCf5000002seVC,698,10.971230496611668,standard_3d_pharmacophore,aligned,decoy
ZINCf50000009nKD,699,10.96882213117383,standard_3d_pharmacophore,aligned,decoy
ZINCf5000002rxMF,700,10.967766471558782,standard_3d_pharmacophore,aligned,decoy
ZINCf50000009FqN,701,10.965475129090429,standard_3d_pharmacophore,aligned,decoy
ZINCf5000000ayjI,702,10.963622694213939,standard_3d_pharmacophore,aligned,decoy
ZINCf50000029Ysa,703,10.963300600525443,standard_3d_pharmacophore,aligned,decoy
ZINCf50000020M6r,704,10.962163495813435,standard_3d_pharmacophore,aligned,decoy
ZINCf50000008JNh,705,10.961400918739946,standard_3d_pharmacophore,aligned,decoy
ZINCf50000009uqz,706,10.960254108750846,standard_3d_pharmacophore,aligned,decoy
ZINCf50000028TAZ,707,10.950783097521903,standard_3d_pharmacophore,aligned,decoy
ZINCf500000298RN,708,10.94800534220344,standard_3d_pharmacophore,aligned,decoy
ZINCf50000008XFS,709,10.946243879072696,standard_3d_pharmacophore,aligned,decoy
ZINCf5000000Zu2h,710,10.945135545022406,standard_3d_pharmacophore,aligned,decoy
ZINCf50000009GL3,711,10.93361225226128,standard_3d_pharmacophore,aligned,decoy
ZINCf5000000YbHL,712,10.932431618190515,standard_3d_pharmacophore,aligned,decoy
ZINCf5000000Zu2d,713,10.931376304088683,standard_3d_pharmacophore,aligned,decoy
ZINCf5000002rwnY,714,10.929869058479127,standard_3d_pharmacophore,aligned,decoy
ZINCf5000000954h,715,10.928697292436436,standard_3d_pharmacophore,aligned,decoy
ZINCf5000002rPJ6,716,10.927195640381173,standard_3d_pharmacophore,aligned,decoy
ZINCf500000180pq,717,10.925834375836175,standard_3d_pharmacophore,aligned,decoy
ZINCf50000009G8p,718,10.925030676927076,standard_3d_pharmacophore,aligned,decoy
ZINCf500000292iH,719,10.924648111677513,standard_3d_pharmacophore,aligned,decoy
ZINCf50000009UmZ,720,10.922516248774988,standard_3d_pharmacophore,aligned,decoy
ZINCf50000017L7N,721,10.917583102659266,standard_3d_pharmacophore,aligned,decoy
ZINCf50000017QTY,722,10.914953832255746,standard_3d_pharmacophore,aligned,decoy
ZINCf50000025GN0,723,10.910405682725928,standard_3d_pharmacophore,aligned,decoy
ZINCf50000008VF0,724,10.905508464344923,standard_3d_pharmacophore,aligned,decoy
ZINCf50000009FR4,725,10.903844266530163,standard_3d_pharmacophore,aligned,decoy
ZINCf5000002sbP5,726,10.90334774647772,standard_3d_pharmacophore,aligned,decoy
ZINCf50000018cDd,727,10.902240714849068,standard_3d_pharmacophore,aligned,decoy
ZINCf5000000ayob,728,10.899843221723783,standard_3d_pharmacophore,aligned,decoy
ZINCf50000017oF5,729,10.897747378629925,standard_3d_pharmacophore,aligned,decoy
ZINCf5000001Wb88,730,10.896195751935355,standard_3d_pharmacophore,aligned,decoy
ZINCf5000001orow,731,10.8933648386056,standard_3d_pharmacophore,aligned,decoy
ZINCf5000002rww3,732,10.888195459188795,standard_3d_pharmacophore,aligned,decoy
ZINCf5000002aOhX,733,10.888093501699757,standard_3d_pharmacophore,aligned,decoy
ZINCf50000008AXk,734,10.884180783014425,standard_3d_pharmacophore,aligned,decoy
ZINCf5000002rMF7,735,10.882552996244126,standard_3d_pharmacophore,aligned,decoy
ZINCf50000009mGx,736,10.88090608210583,standard_3d_pharmacophore,aligned,decoy
ZINCf500000091Oq,737,10.879451961987776,standard_3d_pharmacophore,aligned,decoy
ZINCf5000002rvKA,738,10.874069976567494,standard_3d_pharmacophore,aligned,decoy
ZINCf5000003631Z,739,10.873409437690375,standard_3d_pharmacophore,aligned,decoy
ZINCf50000009Atr,740,10.871860164881605,standard_3d_pharmacophore,aligned,decoy
ZINCf5000000aabr,741,10.871368839005129,standard_3d_pharmacophore,aligned,decoy
ZINCf50000027F9l,742,10.867195537269035,standard_3d_pharmacophore,aligned,decoy
ZINCf50000017ykU,743,10.863842944598868,standard_3d_pharmacophore,aligned,decoy
ZINCf5000000S6dS,744,10.862818120681291,standard_3d_pharmacophore,aligned,decoy
ZINCf5000002d9tR,745,10.860285801297493,standard_3d_pharmacophore,aligned,decoy
ZINCf5000000az0S,746,10.857881354584448,standard_3d_pharmacophore,aligned,decoy
ZINCf50000009Wf6,747,10.842643759845927,standard_3d_pharmacophore,aligned,decoy
ZINCf5000002oDwK,748,10.841773551510743,standard_3d_pharmacophore,aligned,decoy
ZINCf5000000adFn,749,10.840055199713825,standard_3d_pharmacophore,aligned,decoy
ZINCf5000000ah95,750,10.839759022409652,standard_3d_pharmacophore,aligned,decoy
ZINCf5000000ayno,751,10.839609528956581,standard_3d_pharmacophore,aligned,decoy
ZINCf50000017wzK,752,10.831986262706849,standard_3d_pharmacophore,aligned,decoy
ZINCf50000026TVY,753,10.830988709626508,standard_3d_pharmacophore,aligned,decoy
ZINCf50000008TCr,754,10.83037769129545,standard_3d_pharmacophore,aligned,decoy
ZINCf50000009sq1,755,10.827378533594313,standard_3d_pharmacophore,aligned,decoy
ZINCf5000000ar7j,756,10.82473419227369,standard_3d_pharmacophore,aligned,decoy
ZINCf5000002qDLr,757,10.824130231291502,standard_3d_pharmacophore,aligned,decoy
ZINCf5000000S50h,758,10.822523966875334,standard_3d_pharmacophore,aligned,decoy
ZINCf50000009CYt,759,10.822097437796899,standard_3d_pharmacophore,aligned,decoy
ZINCf50000008Zuj,760,10.821377258984768,standard_3d_pharmacophore,aligned,decoy
ZINCf50000017lUu,761,10.819456480977948,standard_3d_pharmacophore,aligned,decoy
ZINCf5000000ZxER,762,10.812986554664155,standard_3d_pharmacophore,aligned,decoy
ZINCf500000264ro,763,10.812798650222833,standard_3d_pharmacophore,aligned,decoy
ZINCf5000001oltJ,764,10.806167330097457,standard_3d_pharmacophore,aligned,decoy
ZINCf500000180vB,765,10.805293084865955,standard_3d_pharmacophore,aligned,decoy
ZINCf500000189hc,766,10.804408204399035,standard_3d_pharmacophore,aligned,decoy
ZINCf50000009Hn3,767,10.804335253008173,standard_3d_pharmacophore,aligned,decoy
ZINCf50000009KnW,768,10.798977032339389,standard_3d_pharmacophore,aligned,decoy
ZINCf50000009FaB,769,10.798091760017357,standard_3d_pharmacophore,aligned,decoy
ZINCf50000009GhK,770,10.788131741557024,standard_3d_pharmacophore,aligned,decoy
ZINCf50000017BCq,771,10.787802254873016,standard_3d_pharmacophore,aligned,decoy
ZINCf5000001uoPk,772,10.782764564928641,standard_3d_pharmacophore,aligned,decoy
ZINCf5000002rwst,773,10.782336898502155,standard_3d_pharmacophore,aligned,decoy
ZINCf50000009vTY,774,10.782107281516364,standard_3d_pharmacophore,aligned,decoy
ZINCf5000002ovv9,775,10.7819781926819,standard_3d_pharmacophore,aligned,decoy
ZINCf5000000ah92,776,10.779849301768301,standard_3d_pharmacophore,aligned,decoy
ZINCf5000002oDy3,777,10.778836411025225,standard_3d_pharmacophore,aligned,decoy
ZINCf5000002rPbO,778,10.778177662092927,standard_3d_pharmacophore,aligned,decoy
ZINCf50000008ZOS,779,10.772526128945419,standard_3d_pharmacophore,aligned,decoy
ZINCf5000000a5v3,780,10.771706964898783,standard_3d_pharmacophore,aligned,decoy
ZINCf50000017vDh,781,10.770654589260936,standard_3d_pharmacophore,aligned,decoy
ZINCf5000000ajQP,782,10.767595608426952,standard_3d_pharmacophore,aligned,decoy
ZINCf5000000aynr,783,10.765943616505973,standard_3d_pharmacophore,aligned,decoy
ZINCf50000008Hb1,784,10.7658708503131,standard_3d_pharmacophore,aligned,decoy
ZINCf50000009xfQ,785,10.765455186549353,standard_3d_pharmacophore,aligned,decoy
ZINCf50000025N7N,786,10.759428059143547,standard_3d_pharmacophore,aligned,decoy
ZINCf50000008NIw,787,10.755189859731386,standard_3d_pharmacophore,aligned,decoy
ZINCf5000002rIPJ,788,10.752134801535714,standard_3d_pharmacophore,aligned,decoy
ZINCf5000002rCUc,789,10.751135850874922,standard_3d_pharmacophore,aligned,decoy
ZINCf5000002qWdE,790,10.749494329920646,standard_3d_pharmacophore,aligned,decoy
ZINCf50000009FgZ,791,10.747178471541448,standard_3d_pharmacophore,aligned,decoy
ZINCf5000002qyKY,792,10.747029348387171,standard_3d_pharmacophore,aligned,decoy
ZINCf50000017w8G,793,10.746438879356846,standard_3d_pharmacophore,aligned,decoy
ZINCf5000000Zvca,794,10.741340229223573,standard_3d_pharmacophore,aligned,decoy
ZINCf50000009364,795,10.737530195193425,standard_3d_pharmacophore,aligned,decoy
ZINCf5000002rgoE,796,10.73591205297369,standard_3d_pharmacophore,aligned,decoy
ZINCf50000009DqZ,797,10.733613167609947,standard_3d_pharmacophore,aligned,decoy
ZINCf50000027Twl,798,10.733498996932484,standard_3d_pharmacophore,aligned,decoy
ZINCf500000091Rq,799,10.729568518007817,standard_3d_pharmacophore,aligned,decoy
ZINCf50000009GbK,800,10.728080504192482,standard_3d_pharmacophore,aligned,decoy
ZINCf500000369Ah,801,10.725550056710423,standard_3d_pharmacophore,aligned,decoy
ZINCf50000009ZN0,802,10.71773612394521,standard_3d_pharmacophore,aligned,decoy
ZINCf5000002rJso,803,10.717216877967275,standard_3d_pharmacophore,aligned,decoy
ZINCf500000181pp,804,10.716644362663247,standard_3d_pharmacophore,aligned,decoy
ZINCf5000002r6Wu,805,10.716007063750597,standard_3d_pharmacophore,aligned,decoy
ZINCf50000009xgw,806,10.711593329020769,standard_3d_pharmacophore,aligned,decoy
ZINCf500000184ri,807,10.70598302395661,standard_3d_pharmacophore,aligned,decoy
ZINCf5000002qMTi,808,10.705969526096231,standard_3d_pharmacophore,aligned,decoy
ZINCf5000002dA3N,809,10.703477022713939,standard_3d_pharmacophore,aligned,decoy
ZINCf50000009nBd,810,10.701589307378029,standard_3d_pharmacophore,aligned,decoy
ZINCf5000000991p,811,10.700583411762882,standard_3d_pharmacophore,aligned,decoy
ZINCf5000000ar7F,812,10.699040606193464,standard_3d_pharmacophore,aligned,decoy
ZINCf5000000af4i,813,10.697914886007535,standard_3d_pharmacophore,aligned,decoy
ZINCf5000000acUm,814,10.69148105397132,standard_3d_pharmacophore,aligned,decoy
ZINCf50000009VPZ,815,10.691181688690143,standard_3d_pharmacophore,aligned,decoy
ZINCf50000009363,816,10.678223341864507,standard_3d_pharmacophore,aligned,decoy
ZINCf50000009ZfR,817,10.675939994049953,standard_3d_pharmacophore,aligned,decoy
ZINCf5000000SJTG,818,10.662915774581116,standard_3d_pharmacophore,aligned,decoy
ZINCf5000002sfL9,819,10.659717272101641,standard_3d_pharmacophore,aligned,decoy
ZINCf5000002dZmC,820,10.658714672222953,standard_3d_pharmacophore,aligned,decoy
ZINCf5000002r4WZ,821,10.657859438124238,standard_3d_pharmacophore,aligned,decoy
ZINCf50000009fiZ,822,10.656927443274768,standard_3d_pharmacophore,aligned,decoy
ZINCf5000000ZxAk,823,10.656150542261493,standard_3d_pharmacophore,aligned,decoy
ZINCf50000009GZJ,824,10.65474048031271,standard_3d_pharmacophore,aligned,decoy
ZINCf50000008VEJ,825,10.653534174672943,standard_3d_pharmacophore,aligned,decoy
ZINCf5000001LYAG,826,10.652416436848007,standard_3d_pharmacophore,aligned,decoy
ZINCf50000017wLZ,827,10.650591198573728,standard_3d_pharmacophore,aligned,decoy
ZINCf5000002qTmJ,828,10.649737461179994,standard_3d_pharmacophore,aligned,decoy
ZINCf50000008FOo,829,10.64642422671311,standard_3d_pharmacophore,aligned,decoy
ZINCf5000000a9w8,830,10.645679516280538,standard_3d_pharmacophore,aligned,decoy
ZINCf50000028Fjg,831,10.644853667019111,standard_3d_pharmacophore,aligned,decoy
ZINCf5000002e9gI,832,10.641845066945784,standard_3d_pharmacophore,aligned,decoy
ZINCf5000001ueNF,833,10.641652644154615,standard_3d_pharmacophore,aligned,decoy
ZINCf50000009VbO,834,10.641025545680769,standard_3d_pharmacophore,aligned,decoy
ZINCf500000099BP,835,10.640949116176103,standard_3d_pharmacophore,aligned,decoy
ZINCf50000009tbw,836,10.640857976227375,standard_3d_pharmacophore,aligned,decoy
ZINCf5000000afnL,837,10.637205837195786,standard_3d_pharmacophore,aligned,decoy
ZINCf5000000azvL,838,10.636159375150834,standard_3d_pharmacophore,aligned,decoy
ZINCf5000001s5yy,839,10.634422407140836,standard_3d_pharmacophore,aligned,decoy
ZINCf50000009xfn,840,10.63355168132482,standard_3d_pharmacophore,aligned,decoy
ZINCf5000000WBOU,841,10.631846463361107,standard_3d_pharmacophore,aligned,decoy
ZINCf5000000af54,842,10.627579780909537,standard_3d_pharmacophore,aligned,decoy
ZINCf50000009qWd,843,10.62676488804619,standard_3d_pharmacophore,aligned,decoy
ZINCf500000091GY,844,10.62676118250357,standard_3d_pharmacophore,aligned,decoy
ZINCf5000000WBLy,845,10.62427858914828,standard_3d_pharmacophore,aligned,decoy
ZINCf50000009Sgg,846,10.623455859345025,standard_3d_pharmacophore,aligned,decoy
ZINCf5000000azPG,847,10.623098064913409,standard_3d_pharmacophore,aligned,decoy
CHEMBL2364384,848,10.621059132212793,standard_3d_pharmacophore,aligned,active
ZINCf5000002qJQ8,849,10.619545444348663,standard_3d_pharmacophore,aligned,decoy
ZINCf5000002s633,850,10.616532196589919,standard_3d_pharmacophore,aligned,decoy
ZINCf5000002rwuL,851,10.6155770063878,standard_3d_pharmacophore,aligned,decoy
ZINCf5000002eeL6,852,10.609054940384883,standard_3d_pharmacophore,aligned,decoy
ZINCf5000001CsKq,853,10.607903682863057,standard_3d_pharmacophore,aligned,decoy
ZINCf5000002dV4l,854,10.60772474475618,standard_3d_pharmacophore,aligned,decoy
ZINCf5000000a7oY,855,10.60726857747002,standard_3d_pharmacophore,aligned,decoy
ZINCf5000000ZuDR,856,10.600914120767658,standard_3d_pharmacophore,aligned,decoy
ZINCf5000002aTAV,857,10.597224416514411,standard_3d_pharmacophore,aligned,decoy
ZINCf5000002rwmk,858,10.588426989992142,standard_3d_pharmacophore,aligned,decoy
ZINCf50000009WqI,859,10.588280889540158,standard_3d_pharmacophore,aligned,decoy
ZINCf50000017vAk,860,10.583800323859256,standard_3d_pharmacophore,aligned,decoy
ZINCf50000008UZR,861,10.58271724679125,standard_3d_pharmacophore,aligned,decoy
ZINCf5000002dEiI,862,10.582460943376168,standard_3d_pharmacophore,aligned,decoy
ZINCf50000009yxA,863,10.581823721831944,standard_3d_pharmacophore,aligned,decoy
ZINCf5000000a2uY,864,10.5808664895493,standard_3d_pharmacophore,aligned,decoy
ZINCf50000018cFI,865,10.57720359472308,standard_3d_pharmacophore,aligned,decoy
ZINCf500000092Fb,866,10.575836236411382,standard_3d_pharmacophore,aligned,decoy
ZINCf50000008ExE,867,10.568179158376358,standard_3d_pharmacophore,aligned,decoy
ZINCf50000024mgd,868,10.565041093368684,standard_3d_pharmacophore,aligned,decoy
ZINCf5000002e3PG,869,10.56441613629447,standard_3d_pharmacophore,aligned,decoy
ZINCf5000000ay8s,870,10.561816342238924,standard_3d_pharmacophore,aligned,decoy
ZINCf5000000S6ep,871,10.557874685616065,standard_3d_pharmacophore,aligned,decoy
ZINCf50000027pLc,872,10.557483829558493,standard_3d_pharmacophore,aligned,decoy
ZINCf5000000anCo,873,10.557213817455871,standard_3d_pharmacophore,aligned,decoy
ZINCf50000017lcb,874,10.55238376371511,standard_3d_pharmacophore,aligned,decoy
ZINCf50000009pVD,875,10.549867346236919,standard_3d_pharmacophore,aligned,decoy
ZINCf500000090vP,876,10.549380938027488,standard_3d_pharmacophore,aligned,decoy
ZINCf500000185jB,877,10.54883099657785,standard_3d_pharmacophore,aligned,decoy
ZINCf5000000a773,878,10.54880806524988,standard_3d_pharmacophore,aligned,decoy
ZINCf50000008S8L,879,10.548682533517193,standard_3d_pharmacophore,aligned,decoy
ZINCf5000002oGW4,880,10.54682602375079,standard_3d_pharmacophore,aligned,decoy
ZINCf5000000Zwz3,881,10.545336427491675,standard_3d_pharmacophore,aligned,decoy
ZINCf50000008YNU,882,10.541330118506087,standard_3d_pharmacophore,aligned,decoy
ZINCf50000009ZN1,883,10.534408089805273,standard_3d_pharmacophore,aligned,decoy
ZINCf5000002rwmF,884,10.531730837952407,standard_3d_pharmacophore,aligned,decoy
ZINCf50000026aGv,885,10.531123057770628,standard_3d_pharmacophore,aligned,decoy
ZINCf50000009fmr,886,10.530799942595081,standard_3d_pharmacophore,aligned,decoy
ZINCf5000002r3Nm,887,10.529321807362683,standard_3d_pharmacophore,aligned,decoy
ZINCf50000024W6j,888,10.528069358691706,standard_3d_pharmacophore,aligned,decoy
ZINCf50000008OnA,889,10.525803107451793,standard_3d_pharmacophore,aligned,decoy
ZINCf50000009E1i,890,10.524508500526107,standard_3d_pharmacophore,aligned,decoy
ZINCf5000000Zr7a,891,10.522565485102206,standard_3d_pharmacophore,aligned,decoy
ZINCf5000000Zru3,892,10.521004602735967,standard_3d_pharmacophore,aligned,decoy
ZINCf50000027ie3,893,10.519581613672107,standard_3d_pharmacophore,aligned,decoy
ZINCf5000000axSu,894,10.517710944008538,standard_3d_pharmacophore,aligned,decoy
ZINCf50000008FIr,895,10.51497628981028,standard_3d_pharmacophore,aligned,decoy
ZINCf50000017DqO,896,10.513481125344054,standard_3d_pharmacophore,aligned,decoy
ZINCf50000009vr5,897,10.512601147300591,standard_3d_pharmacophore,aligned,decoy
ZINCf5000000Zrtg,898,10.51087782884347,standard_3d_pharmacophore,aligned,decoy
ZINCf50000008Fdq,899,10.510657244986824,standard_3d_pharmacophore,aligned,decoy
ZINCf50000008TBt,900,10.509927389901433,standard_3d_pharmacophore,aligned,decoy
ZINCf5000000ZrMJ,901,10.509674811450935,standard_3d_pharmacophore,aligned,decoy
ZINCf50000023xoF,902,10.507765891864011,standard_3d_pharmacophore,aligned,decoy
ZINCf5000001ZT7u,903,10.506608791144613,standard_3d_pharmacophore,aligned,decoy
ZINCf5000002rPcj,904,10.506511775793422,standard_3d_pharmacophore,aligned,decoy
ZINCf5000000ZrnM,905,10.506070691914667,standard_3d_pharmacophore,aligned,decoy
ZINCf5000002rF5w,906,10.505650033573442,standard_3d_pharmacophore,aligned,decoy
ZINCf5000000a9Zr,907,10.503364119058624,standard_3d_pharmacophore,aligned,decoy
ZINCf5000000ajQL,908,10.50101333038354,standard_3d_pharmacophore,aligned,decoy
ZINCf50000017WHF,909,10.497455170456076,standard_3d_pharmacophore,aligned,decoy
ZINCf5000002dCFR,910,10.490380317367837,standard_3d_pharmacophore,aligned,decoy
ZINCf50000009M25,911,10.487407887722764,standard_3d_pharmacophore,aligned,decoy
ZINCf5000000ZwbF,912,10.487333579830654,standard_3d_pharmacophore,aligned,decoy
ZINCf50000009MpA,913,10.484663893998404,standard_3d_pharmacophore,aligned,decoy
ZINCf50000008FMQ,914,10.480217684549467,standard_3d_pharmacophore,aligned,decoy
ZINCf5000002oH2n,915,10.479971899239102,standard_3d_pharmacophore,aligned,decoy
ZINCf500000092of,916,10.479377781461109,standard_3d_pharmacophore,aligned,decoy
ZINCf5000002rgTV,917,10.474243906505004,standard_3d_pharmacophore,aligned,decoy
ZINCf50000008Cc8,918,10.47400961544161,standard_3d_pharmacophore,aligned,decoy
ZINCf50000009EcZ,919,10.473858128460702,standard_3d_pharmacophore,aligned,decoy
ZINCf50000009mqe,920,10.470459273878346,standard_3d_pharmacophore,aligned,decoy
ZINCf50000009vsj,921,10.469913139140234,standard_3d_pharmacophore,aligned,decoy
ZINCf5000002qSOK,922,10.46780877690683,standard_3d_pharmacophore,aligned,decoy
ZINCf50000009ZN2,923,10.466889089048141,standard_3d_pharmacophore,aligned,decoy
ZINCf5000000a9rH,924,10.461400210214666,standard_3d_pharmacophore,aligned,decoy
ZINCf5000002s5cv,925,10.443488027867343,standard_3d_pharmacophore,aligned,decoy
ZINCf5000000adwF,926,10.44212261884952,standard_3d_pharmacophore,aligned,decoy
ZINCf5000000apOn,927,10.440329907537052,standard_3d_pharmacophore,aligned,decoy
ZINCf5000002rwuJ,928,10.43962942467737,standard_3d_pharmacophore,aligned,decoy
ZINCf50000009vTy,929,10.438847943421639,standard_3d_pharmacophore,aligned,decoy
ZINCf50000008V9F,930,10.43652049767599,standard_3d_pharmacophore,aligned,decoy
ZINCf50000009jkL,931,10.435535129001305,standard_3d_pharmacophore,aligned,decoy
ZINCf50000017Cvl,932,10.435275032050104,standard_3d_pharmacophore,aligned,decoy
ZINCf50000008Am6,933,10.43485076698909,standard_3d_pharmacophore,aligned,decoy
ZINCf50000026Kk6,934,10.434532517076965,standard_3d_pharmacophore,aligned,decoy
ZINCf50000008TBi,935,10.432236971238607,standard_3d_pharmacophore,aligned,decoy
ZINCf5000000agon,936,10.429075922030087,standard_3d_pharmacophore,aligned,decoy
ZINCf50000009umC,937,10.426682986284527,standard_3d_pharmacophore,aligned,decoy
ZINCf50000009H2b,938,10.420106269476621,standard_3d_pharmacophore,aligned,decoy
ZINCf5000002rOVZ,939,10.4176092765913,standard_3d_pharmacophore,aligned,decoy
ZINCf5000000apS0,940,10.417112914948511,standard_3d_pharmacophore,aligned,decoy
ZINCf50000009H83,941,10.41592047996224,standard_3d_pharmacophore,aligned,decoy
ZINCf5000002e9gM,942,10.41123148231108,standard_3d_pharmacophore,aligned,decoy
ZINCf50000009TRd,943,10.408657073706742,standard_3d_pharmacophore,aligned,decoy
ZINCf5000000anDg,944,10.404704428363495,standard_3d_pharmacophore,aligned,decoy
ZINCf5000000YbsF,945,10.402326625638304,standard_3d_pharmacophore,aligned,decoy
ZINCf5000002dTAg,946,10.39966886340789,standard_3d_pharmacophore,aligned,decoy
ZINCf5000000adBr,947,10.399568418975914,standard_3d_pharmacophore,aligned,decoy
ZINCf5000000SMPn,948,10.397987289951935,standard_3d_pharmacophore,aligned,decoy
ZINCf500000091MD,949,10.393228216282093,standard_3d_pharmacophore,aligned,decoy
ZINCf50000008Q0i,950,10.392445020649879,standard_3d_pharmacophore,aligned,decoy
ZINCf5000000916z,951,10.389819519655328,standard_3d_pharmacophore,aligned,decoy
ZINCf50000009BWN,952,10.389620123820036,standard_3d_pharmacophore,aligned,decoy
ZINCf50000009oPu,953,10.384895029283948,standard_3d_pharmacophore,aligned,decoy
ZINCf50000009KPt,954,10.382395652096223,standard_3d_pharmacophore,aligned,decoy
ZINCf50000009Y9L,955,10.38228060463356,standard_3d_pharmacophore,aligned,decoy
ZINCf5000002dEB0,956,10.376912355947773,standard_3d_pharmacophore,aligned,decoy
ZINCf5000002oDwM,957,10.369567073026808,standard_3d_pharmacophore,aligned,decoy
ZINCf50000027LhW,958,10.366164733026478,standard_3d_pharmacophore,aligned,decoy
ZINCf50000009mro,959,10.363397086138445,standard_3d_pharmacophore,aligned,decoy
ZINCf5000001ofdP,960,10.36333535601292,standard_3d_pharmacophore,aligned,decoy
ZINCf5000000ZtJJ,961,10.36058733065632,standard_3d_pharmacophore,aligned,decoy
ZINCf50000008VE1,962,10.355279338856457,standard_3d_pharmacophore,aligned,decoy
ZINCf5000002qOjM,963,10.35331209351078,standard_3d_pharmacophore,aligned,decoy
ZINCf5000000VlQK,964,10.348744294281728,standard_3d_pharmacophore,aligned,decoy
ZINCf50000009AGv,965,10.346378062156067,standard_3d_pharmacophore,aligned,decoy
ZINCf50000008LMo,966,10.34253178546644,standard_3d_pharmacophore,aligned,decoy
ZINCf5000000aaE4,967,10.33924644967221,standard_3d_pharmacophore,aligned,decoy
ZINCf5000000Zyo0,968,10.335887295339019,standard_3d_pharmacophore,aligned,decoy
ZINCf50000024DZB,969,10.332952134058047,standard_3d_pharmacophore,aligned,decoy
ZINCf5000000a5WO,970,10.327190883555215,standard_3d_pharmacophore,aligned,decoy
ZINCf50000025AQY,971,10.321310556766145,standard_3d_pharmacophore,aligned,decoy
ZINCf50000009w1i,972,10.319638457250763,standard_3d_pharmacophore,aligned,decoy
ZINCf500000091Ne,973,10.317090657135012,standard_3d_pharmacophore,aligned,decoy
ZINCf50000009VEB,974,10.315708993957776,standard_3d_pharmacophore,aligned,decoy
ZINCf500000093yk,975,10.315618185815834,standard_3d_pharmacophore,aligned,decoy
ZINCf5000000SN4F,976,10.314578750780859,standard_3d_pharmacophore,aligned,decoy
ZINCf5000002aFzV,977,10.31345401639054,standard_3d_pharmacophore,aligned,decoy
ZINCf5000000adyO,978,10.309806473634081,standard_3d_pharmacophore,aligned,decoy
ZINCf50000017Cvm,979,10.307926634784295,standard_3d_pharmacophore,aligned,decoy
ZINCf50000009SuH,980,10.307814031407249,standard_3d_pharmacophore,aligned,decoy
ZINCf5000002s7tm,981,10.305400050117283,standard_3d_pharmacophore,aligned,decoy
ZINCf5000002qWJa,982,10.30505775724651,standard_3d_pharmacophore,aligned,decoy
ZINCf50000017Pfy,983,10.304238619504252,standard_3d_pharmacophore,aligned,decoy
ZINCf5000002oHhm,984,10.302861771149844,standard_3d_pharmacophore,aligned,decoy
ZINCf50000009CNK,985,10.301975667619692,standard_3d_pharmacophore,aligned,decoy
ZINCf5000000ZqVk,986,10.298847681662753,standard_3d_pharmacophore,aligned,decoy
ZINCf5000000ayEj,987,10.296238321496757,standard_3d_pharmacophore,aligned,decoy
ZINCf50000008EgJ,988,10.295476431412693,standard_3d_pharmacophore,aligned,decoy
ZINCf50000008VNR,989,10.294406120377863,standard_3d_pharmacophore,aligned,decoy
ZINCf50000017LmU,990,10.293969552186615,standard_3d_pharmacophore,aligned,decoy
ZINCf5000002scy2,991,10.291017988659783,standard_3d_pharmacophore,aligned,decoy
ZINCf50000017rHe,992,10.290622437786732,standard_3d_pharmacophore,aligned,decoy
ZINCf50000009G31,993,10.290611381192232,standard_3d_pharmacophore,aligned,decoy
ZINCf50000017I9E,994,10.288288700460276,standard_3d_pharmacophore,aligned,decoy
ZINCf50000009FPs,995,10.286545398534424,standard_3d_pharmacophore,aligned,decoy
ZINCf5000002dT8U,996,10.285493611977163,standard_3d_pharmacophore,aligned,decoy
ZINCf50000009GAI,997,10.284237436659732,standard_3d_pharmacophore,aligned,decoy
ZINCf5000000aiLb,998,10.281538601641959,standard_3d_pharmacophore,aligned,decoy
ZINCf5000002s7d4,999,10.276836469217741,standard_3d_pharmacophore,aligned,decoy
ZINCf50000009Gv0,1000,10.275985214330246,standard_3d_pharmacophore,aligned,decoy
ZINCf5000002rbnf,1001,10.27454508149513,standard_3d_pharmacophore,aligned,decoy
ZINCf5000002rkic,1002,10.268959914571479,standard_3d_pharmacophore,aligned,decoy
ZINCf5000001876r,1003,10.267167257506035,standard_3d_pharmacophore,aligned,decoy
ZINCf5000002mF31,1004,10.265850409736446,standard_3d_pharmacophore,aligned,decoy
ZINCf50000008WR0,1005,10.261735834708915,standard_3d_pharmacophore,aligned,decoy
ZINCf500000098P6,1006,10.258079967799315,standard_3d_pharmacophore,aligned,decoy
ZINCf5000000Zx5d,1007,10.258044958117027,standard_3d_pharmacophore,aligned,decoy
ZINCf50000029mls,1008,10.257468873331721,standard_3d_pharmacophore,aligned,decoy
ZINCf5000002dGdQ,1009,10.256070519406862,standard_3d_pharmacophore,aligned,decoy
ZINCf50000017y0Q,1010,10.246016599610845,standard_3d_pharmacophore,aligned,decoy
ZINCf50000008Omf,1011,10.240871655913907,standard_3d_pharmacophore,aligned,decoy
ZINCf5000000ar00,1012,10.239448692278188,standard_3d_pharmacophore,aligned,decoy
ZINCf50000009tKR,1013,10.238645636294239,standard_3d_pharmacophore,aligned,decoy
ZINCf5000000a175,1014,10.227062538142064,standard_3d_pharmacophore,aligned,decoy
ZINCf5000002ozPR,1015,10.225395108425424,standard_3d_pharmacophore,aligned,decoy
ZINCf5000000SLYX,1016,10.225360308897924,standard_3d_pharmacophore,aligned,decoy
ZINCf5000002aLHF,1017,10.224226866564278,standard_3d_pharmacophore,aligned,decoy
ZINCf500000091Nd,1018,10.223257378615216,standard_3d_pharmacophore,aligned,decoy
ZINCf5000002raSq,1019,10.212363272339298,standard_3d_pharmacophore,aligned,decoy
ZINCf5000000az2d,1020,10.205332189889885,standard_3d_pharmacophore,aligned,decoy
ZINCf5000001o2sM,1021,10.202131507596754,standard_3d_pharmacophore,aligned,decoy
ZINCf50000026zMv,1022,10.199475422408769,standard_3d_pharmacophore,aligned,decoy
ZINCf5000002dRQX,1023,10.194447268921957,standard_3d_pharmacophore,aligned,decoy
ZINCf50000009vcl,1024,10.192899785736792,standard_3d_pharmacophore,aligned,decoy
ZINCf500000090KB,1025,10.190964289491971,standard_3d_pharmacophore,aligned,decoy
ZINCf500000091Xp,1026,10.190487623536699,standard_3d_pharmacophore,aligned,decoy
ZINCf50000017ysP,1027,10.18743500719066,standard_3d_pharmacophore,aligned,decoy
ZINCf50000017Paj,1028,10.185550678624631,standard_3d_pharmacophore,aligned,decoy
ZINCf500000091Oj,1029,10.184972324137831,standard_3d_pharmacophore,aligned,decoy
ZINCf5000002myC0,1030,10.184582328726984,standard_3d_pharmacophore,aligned,decoy
ZINCf5000002sjuw,1031,10.184372059373741,standard_3d_pharmacophore,aligned,decoy
ZINCf50000009l37,1032,10.183630460100913,standard_3d_pharmacophore,aligned,decoy
ZINCf5000002raGy,1033,10.178116888391358,standard_3d_pharmacophore,aligned,decoy
ZINCf50000009DaJ,1034,10.175043370283591,standard_3d_pharmacophore,aligned,decoy
ZINCf50000009GM5,1035,10.174846655667672,standard_3d_pharmacophore,aligned,decoy
ZINCf500000091Ng,1036,10.174088326554905,standard_3d_pharmacophore,aligned,decoy
ZINCf5000000aa9r,1037,10.172112965709811,standard_3d_pharmacophore,aligned,decoy
ZINCf5000000a5tr,1038,10.171221951891498,standard_3d_pharmacophore,aligned,decoy
ZINCf500000181yj,1039,10.16716097798195,standard_3d_pharmacophore,aligned,decoy
ZINCf5000002aNBR,1040,10.166538327127084,standard_3d_pharmacophore,aligned,decoy
ZINCf5000000anM4,1041,10.165955269875871,standard_3d_pharmacophore,aligned,decoy
ZINCf50000017wao,1042,10.162866307423306,standard_3d_pharmacophore,aligned,decoy
ZINCf5000002e16D,1043,10.160844981861114,standard_3d_pharmacophore,aligned,decoy
ZINCf5000002s5p1,1044,10.160137782953928,standard_3d_pharmacophore,aligned,decoy
ZINCf5000002rvPA,1045,10.15719683985296,standard_3d_pharmacophore,aligned,decoy
ZINCf5000000aabR,1046,10.148437496017493,standard_3d_pharmacophore,aligned,decoy
ZINCf50000017yd7,1047,10.14754742616504,standard_3d_pharmacophore,aligned,decoy
ZINCf50000009Vap,1048,10.147254343189474,standard_3d_pharmacophore,aligned,decoy
ZINCf50000023g4Q,1049,10.143785161508767,standard_3d_pharmacophore,aligned,decoy
ZINCf50000009W2D,1050,10.13822950334299,standard_3d_pharmacophore,aligned,decoy
ZINCf5000000ZqAd,1051,10.137085174591116,standard_3d_pharmacophore,aligned,decoy
ZINCf5000000Zvo4,1052,10.133970836510516,standard_3d_pharmacophore,aligned,decoy
ZINCf5000000ZqV6,1053,10.126961651713978,standard_3d_pharmacophore,aligned,decoy
ZINCf5000000Ztef,1054,10.124398501799798,standard_3d_pharmacophore,aligned,decoy
ZINCf50000009K4S,1055,10.116472425240325,standard_3d_pharmacophore,aligned,decoy
ZINCf50000009adV,1056,10.11548857450802,standard_3d_pharmacophore,aligned,decoy
ZINCf500000099zH,1057,10.11396116615538,standard_3d_pharmacophore,aligned,decoy
ZINCf5000000VnyO,1058,10.111599638314656,standard_3d_pharmacophore,aligned,decoy
ZINCf50000017oWG,1059,10.11007958934941,standard_3d_pharmacophore,aligned,decoy
ZINCf50000008THe,1060,10.108066594782747,standard_3d_pharmacophore,aligned,decoy
ZINCf5000000arnc,1061,10.106857138654252,standard_3d_pharmacophore,aligned,decoy
ZINCf5000000azN1,1062,10.105207103138966,standard_3d_pharmacophore,aligned,decoy
ZINCf50000029e0Z,1063,10.102130357590747,standard_3d_pharmacophore,aligned,decoy
ZINCf50000008I22,1064,10.101806054459146,standard_3d_pharmacophore,aligned,decoy
ZINCf50000018473,1065,10.101483831121856,standard_3d_pharmacophore,aligned,decoy
ZINCf500000181p5,1066,10.101149953795096,standard_3d_pharmacophore,aligned,decoy
ZINCf5000002aQgY,1067,10.100300700594891,standard_3d_pharmacophore,aligned,decoy
ZINCf5000002rNhT,1068,10.100099561876513,standard_3d_pharmacophore,aligned,decoy
ZINCf5000000ajsf,1069,10.100092874028306,standard_3d_pharmacophore,aligned,decoy
ZINCf500000233Fz,1070,10.088449416336122,standard_3d_pharmacophore,aligned,decoy
ZINCf5000000WBlY,1071,10.086976157762855,standard_3d_pharmacophore,aligned,decoy
ZINCf5000001zmj8,1072,10.085133461149486,standard_3d_pharmacophore,aligned,decoy
ZINCf50000009MEx,1073,10.07998011155985,standard_3d_pharmacophore,aligned,decoy
ZINCf500000097Fk,1074,10.077897983215824,standard_3d_pharmacophore,aligned,decoy
ZINCf50000008LfV,1075,10.07778987770806,standard_3d_pharmacophore,aligned,decoy
ZINCf5000000ZrBj,1076,10.075486405550869,standard_3d_pharmacophore,aligned,decoy
ZINCf50000017Rwr,1077,10.070315975728978,standard_3d_pharmacophore,aligned,decoy
ZINCf50000008ORL,1078,10.064813062945738,standard_3d_pharmacophore,aligned,decoy
ZINCf5000002s1mZ,1079,10.062703084112222,standard_3d_pharmacophore,aligned,decoy
ZINCf5000000WBBA,1080,10.059849981902328,standard_3d_pharmacophore,aligned,decoy
ZINCf50000017CxM,1081,10.058605666240847,standard_3d_pharmacophore,aligned,decoy
ZINCf500000180QN,1082,10.055975239433899,standard_3d_pharmacophore,aligned,decoy
ZINCf5000002aNWH,1083,10.055338678963347,standard_3d_pharmacophore,aligned,decoy
ZINCf500000094cU,1084,10.054700792712788,standard_3d_pharmacophore,aligned,decoy
ZINCf5000000Zt87,1085,10.050040890347208,standard_3d_pharmacophore,aligned,decoy
ZINCf5000002rNaR,1086,10.049337622484446,standard_3d_pharmacophore,aligned,decoy
ZINCf5000002eok4,1087,10.046351751687164,standard_3d_pharmacophore,aligned,decoy
ZINCf50000008OyQ,1088,10.046083111223389,standard_3d_pharmacophore,aligned,decoy
ZINCf5000001u1ZB,1089,10.040604884237835,standard_3d_pharmacophore,aligned,decoy
ZINCf50000009unZ,1090,10.040273399108692,standard_3d_pharmacophore,aligned,decoy
ZINCf50000017HSR,1091,10.036970247603795,standard_3d_pharmacophore,aligned,decoy
ZINCf50000009ySS,1092,10.03524888288324,standard_3d_pharmacophore,aligned,decoy
ZINCf5000002oxrW,1093,10.033197844611067,standard_3d_pharmacophore,aligned,decoy
ZINCf500000091Pd,1094,10.032621668607446,standard_3d_pharmacophore,aligned,decoy
ZINCf5000000a5RG,1095,10.030697724930203,standard_3d_pharmacophore,aligned,decoy
ZINCf5000000adVD,1096,10.030122888939582,standard_3d_pharmacophore,aligned,decoy
ZINCf5000001qKQZ,1097,10.025238199563441,standard_3d_pharmacophore,aligned,decoy
ZINCf50000008XCI,1098,10.018832579915435,standard_3d_pharmacophore,aligned,decoy
ZINCf50000009ZuU,1099,10.018607966775047,standard_3d_pharmacophore,aligned,decoy
ZINCf50000025VUm,1100,10.01646025009284,standard_3d_pharmacophore,aligned,decoy
ZINCf50000008JnC,1101,10.015648404348397,standard_3d_pharmacophore,aligned,decoy
ZINCf5000002s8Mb,1102,10.014870663879224,standard_3d_pharmacophore,aligned,decoy
ZINCf5000001yWat,1103,10.011526936259019,standard_3d_pharmacophore,aligned,decoy
ZINCf5000002ren2,1104,10.008118425717592,standard_3d_pharmacophore,aligned,decoy
ZINCf50000009uOn,1105,10.007820484101273,standard_3d_pharmacophore,aligned,decoy
ZINCf50000028m4y,1106,10.006411487299784,standard_3d_pharmacophore,aligned,decoy
ZINCf5000000ZsM6,1107,10.00506063378048,standard_3d_pharmacophore,aligned,decoy
ZINCf5000001DljD,1108,10.00468967921564,standard_3d_pharmacophore,aligned,decoy
ZINCf5000001898p,1109,10.00314096450991,standard_3d_pharmacophore,aligned,decoy
ZINCf5000000WBn0,1110,9.996355431022826,standard_3d_pharmacophore,aligned,decoy
ZINCf5000001vGLk,1111,9.990293675330575,standard_3d_pharmacophore,aligned,decoy
ZINCf50000009yuU,1112,9.99026320377002,standard_3d_pharmacophore,aligned,decoy
ZINCf5000002dw11,1113,9.990056993986467,standard_3d_pharmacophore,aligned,decoy
ZINCf5000002scRu,1114,9.987003476467542,standard_3d_pharmacophore,aligned,decoy
ZINCf50000008WZA,1115,9.986835612546967,standard_3d_pharmacophore,aligned,decoy
ZINCf5000000ZynH,1116,9.981814148162279,standard_3d_pharmacophore,aligned,decoy
ZINCf50000008NtD,1117,9.978715245599302,standard_3d_pharmacophore,aligned,decoy
ZINCf5000002oHS3,1118,9.972806875061714,standard_3d_pharmacophore,aligned,decoy
ZINCf50000009ngG,1119,9.971421737573198,standard_3d_pharmacophore,aligned,decoy
ZINCf50000008HuY,1120,9.971320524382381,standard_3d_pharmacophore,aligned,decoy
ZINCf5000002s9SN,1121,9.96925886189888,standard_3d_pharmacophore,aligned,decoy
ZINCf5000002dvUN,1122,9.967971686314629,standard_3d_pharmacophore,aligned,decoy
ZINCf5000002mCLt,1123,9.956038424920958,standard_3d_pharmacophore,aligned,decoy
ZINCf5000000afob,1124,9.95543206830709,standard_3d_pharmacophore,aligned,decoy
ZINCf5000002dtlt,1125,9.946677355017634,standard_3d_pharmacophore,aligned,decoy
ZINCf50000027dk3,1126,9.94015444181396,standard_3d_pharmacophore,aligned,decoy
ZINCf50000009ySq,1127,9.937684756556482,standard_3d_pharmacophore,aligned,decoy
ZINCf500000255PM,1128,9.932887623294896,standard_3d_pharmacophore,aligned,decoy
ZINCf5000000a9oN,1129,9.932292193123004,standard_3d_pharmacophore,aligned,decoy
ZINCf5000000axEn,1130,9.927138430754258,standard_3d_pharmacophore,aligned,decoy
ZINCf50000017Phe,1131,9.925230530960436,standard_3d_pharmacophore,aligned,decoy
ZINCf5000000ajrV,1132,9.924849049281567,standard_3d_pharmacophore,aligned,decoy
ZINCf5000002qZ68,1133,9.923633585542559,standard_3d_pharmacophore,aligned,decoy
ZINCf5000000af4R,1134,9.921363585452964,standard_3d_pharmacophore,aligned,decoy
ZINCf50000009HlD,1135,9.918706027711924,standard_3d_pharmacophore,aligned,decoy
ZINCf50000008Vnz,1136,9.917425806764385,standard_3d_pharmacophore,aligned,decoy
ZINCf5000000973N,1137,9.91358850221892,standard_3d_pharmacophore,aligned,decoy
ZINCf50000009vUX,1138,9.91216144640565,standard_3d_pharmacophore,aligned,decoy
ZINCf5000000abPV,1139,9.910271235865597,standard_3d_pharmacophore,aligned,decoy
ZINCf50000008FHI,1140,9.906355193675113,standard_3d_pharmacophore,aligned,decoy
ZINCf5000002s5Dp,1141,9.903092690691125,standard_3d_pharmacophore,aligned,decoy
ZINCf500000090Sz,1142,9.895936271765889,standard_3d_pharmacophore,aligned,decoy
ZINCf50000009KUf,1143,9.893011723163012,standard_3d_pharmacophore,aligned,decoy
ZINCf5000000ZqBd,1144,9.891010127521067,standard_3d_pharmacophore,aligned,decoy
ZINCf5000002r2Mj,1145,9.888039287542144,standard_3d_pharmacophore,aligned,decoy
ZINCf50000009GYy,1146,9.883566176227138,standard_3d_pharmacophore,aligned,decoy
ZINCf50000008Ouu,1147,9.883329563477703,standard_3d_pharmacophore,aligned,decoy
ZINCf5000000S6eu,1148,9.876828865002869,standard_3d_pharmacophore,aligned,decoy
ZINCf5000002rTzZ,1149,9.870293207498554,standard_3d_pharmacophore,aligned,decoy
ZINCf5000000982c,1150,9.86435188817111,standard_3d_pharmacophore,aligned,decoy
ZINCf5000001Lr3T,1151,9.863763767413209,standard_3d_pharmacophore,aligned,decoy
ZINCf5000002aShv,1152,9.862933757361782,standard_3d_pharmacophore,aligned,decoy
ZINCf50000017UTh,1153,9.861277614298746,standard_3d_pharmacophore,aligned,decoy
ZINCf50000009Hem,1154,9.860113623724944,standard_3d_pharmacophore,aligned,decoy
ZINCf50000028rsM,1155,9.856522053672448,standard_3d_pharmacophore,aligned,decoy
ZINCf50000009Fa7,1156,9.845591459210619,standard_3d_pharmacophore,aligned,decoy
ZINCf50000008XK8,1157,9.84415376646915,standard_3d_pharmacophore,aligned,decoy
ZINCf5000002qOk8,1158,9.843718137561684,standard_3d_pharmacophore,aligned,decoy
ZINCf5000002aUh6,1159,9.84137056506707,standard_3d_pharmacophore,aligned,decoy
ZINCf5000000S77D,1160,9.840093940404763,standard_3d_pharmacophore,aligned,decoy
ZINCf500000092Qo,1161,9.837839833661265,standard_3d_pharmacophore,aligned,decoy
ZINCf5000000S6ek,1162,9.837387246328987,standard_3d_pharmacophore,aligned,decoy
ZINCf5000000ZtLU,1163,9.832235931090173,standard_3d_pharmacophore,aligned,decoy
ZINCf5000000Zryq,1164,9.831644095247537,standard_3d_pharmacophore,aligned,decoy
ZINCf50000017AmI,1165,9.827188640451965,standard_3d_pharmacophore,aligned,decoy
ZINCf5000000Vlgv,1166,9.824623231958354,standard_3d_pharmacophore,aligned,decoy
ZINCf5000002aVF7,1167,9.82294352567838,standard_3d_pharmacophore,aligned,decoy
ZINCf5000000ZsV9,1168,9.820298003498207,standard_3d_pharmacophore,aligned,decoy
ZINCf5000002rpdt,1169,9.818778656022097,standard_3d_pharmacophore,aligned,decoy
ZINCf50000009Hhg,1170,9.817452275297558,standard_3d_pharmacophore,aligned,decoy
ZINCf50000009VEy,1171,9.806538143774581,standard_3d_pharmacophore,aligned,decoy
ZINCf5000000a5PF,1172,9.799379677742204,standard_3d_pharmacophore,aligned,decoy
ZINCf50000017lbD,1173,9.799056699005694,standard_3d_pharmacophore,aligned,decoy
ZINCf50000009Mah,1174,9.798976359312217,standard_3d_pharmacophore,aligned,decoy
ZINCf50000017JR3,1175,9.794892632033033,standard_3d_pharmacophore,aligned,decoy
ZINCf50000027vOR,1176,9.790409921765214,standard_3d_pharmacophore,aligned,decoy
ZINCf50000017U5A,1177,9.786971043990368,standard_3d_pharmacophore,aligned,decoy
ZINCf50000009ou6,1178,9.786153186571525,standard_3d_pharmacophore,aligned,decoy
ZINCf5000001T57N,1179,9.780779872283627,standard_3d_pharmacophore,aligned,decoy
ZINCf50000009CFE,1180,9.776898015168044,standard_3d_pharmacophore,aligned,decoy
ZINCf50000009skC,1181,9.76067308485793,standard_3d_pharmacophore,aligned,decoy
ZINCf5000002e8Wx,1182,9.760291423678884,standard_3d_pharmacophore,aligned,decoy
ZINCf50000009aLu,1183,9.757401329314812,standard_3d_pharmacophore,aligned,decoy
ZINCf50000008TKQ,1184,9.752467478041023,standard_3d_pharmacophore,aligned,decoy
ZINCf5000002anJ3,1185,9.749917007801962,standard_3d_pharmacophore,aligned,decoy
ZINCf50000008XCv,1186,9.747396676680939,standard_3d_pharmacophore,aligned,decoy
ZINCf5000002s275,1187,9.74603454426401,standard_3d_pharmacophore,aligned,decoy
ZINCf5000000ad3r,1188,9.745492292310214,standard_3d_pharmacophore,aligned,decoy
ZINCf50000009SDM,1189,9.744866459465902,standard_3d_pharmacophore,aligned,decoy
ZINCf5000001ERk8,1190,9.739760526853708,standard_3d_pharmacophore,aligned,decoy
ZINCf50000009dtJ,1191,9.738890354805713,standard_3d_pharmacophore,aligned,decoy
ZINCf500000097FT,1192,9.738403822581507,standard_3d_pharmacophore,aligned,decoy
ZINCf50000008Ecd,1193,9.738151229942885,standard_3d_pharmacophore,aligned,decoy
ZINCf5000000alCq,1194,9.736514853137587,standard_3d_pharmacophore,aligned,decoy
ZINCf50000017O4K,1195,9.733655652835939,standard_3d_pharmacophore,aligned,decoy
ZINCf5000002rPch,1196,9.73243660667134,standard_3d_pharmacophore,aligned,decoy
ZINCf50000009G6I,1197,9.731900774400227,standard_3d_pharmacophore,aligned,decoy
ZINCf5000002dR3M,1198,9.725955309204322,standard_3d_pharmacophore,aligned,decoy
ZINCf5000001xPdR,1199,9.724128402299167,standard_3d_pharmacophore,aligned,decoy
ZINCf5000000ZtEi,1200,9.72300057141711,standard_3d_pharmacophore,aligned,decoy
ZINCf50000026oVS,1201,9.722427378925426,standard_3d_pharmacophore,aligned,decoy
ZINCf50000008TsN,1202,9.716220293489817,standard_3d_pharmacophore,aligned,decoy
ZINCf5000000ZqIi,1203,9.711365064811572,standard_3d_pharmacophore,aligned,decoy
ZINCf50000009Csh,1204,9.71089413504703,standard_3d_pharmacophore,aligned,decoy
ZINCf5000002eaNb,1205,9.709533521133553,standard_3d_pharmacophore,aligned,decoy
ZINCf5000000akfl,1206,9.706897564651188,standard_3d_pharmacophore,aligned,decoy
ZINCf50000009GW9,1207,9.706175172175373,standard_3d_pharmacophore,aligned,decoy
ZINCf5000001HBa7,1208,9.706018490882705,standard_3d_pharmacophore,aligned,decoy
ZINCf50000017xB6,1209,9.703598753937955,standard_3d_pharmacophore,aligned,decoy
ZINCf5000000a75s,1210,9.703302566944267,standard_3d_pharmacophore,aligned,decoy
ZINCf5000002dOKa,1211,9.701264016801145,standard_3d_pharmacophore,aligned,decoy
ZINCf5000002dFNf,1212,9.690503750954946,standard_3d_pharmacophore,aligned,decoy
ZINCf5000002rgm3,1213,9.690430428168053,standard_3d_pharmacophore,aligned,decoy
ZINCf50000017BD3,1214,9.690385442683754,standard_3d_pharmacophore,aligned,decoy
ZINCf50000008TSt,1215,9.690319857375842,standard_3d_pharmacophore,aligned,decoy
ZINCf5000001Df7P,1216,9.679600464987233,standard_3d_pharmacophore,aligned,decoy
ZINCf50000008CuI,1217,9.674472330595192,standard_3d_pharmacophore,aligned,decoy
ZINCf5000002s1F2,1218,9.670208230139595,standard_3d_pharmacophore,aligned,decoy
ZINCf5000002efRu,1219,9.66583323198632,standard_3d_pharmacophore,aligned,decoy
ZINCf5000002oC09,1220,9.665279997044095,standard_3d_pharmacophore,aligned,decoy
ZINCf50000009sin,1221,9.662472998781466,standard_3d_pharmacophore,aligned,decoy
ZINCf500000094Gt,1222,9.661977269513315,standard_3d_pharmacophore,aligned,decoy
ZINCf50000009CGg,1223,9.659401571259519,standard_3d_pharmacophore,aligned,decoy
ZINCf5000001S6JS,1224,9.659107160340701,standard_3d_pharmacophore,aligned,decoy
ZINCf5000000ZtG7,1225,9.658077007344318,standard_3d_pharmacophore,aligned,decoy
ZINCf50000017zaD,1226,9.651356501709216,standard_3d_pharmacophore,aligned,decoy
ZINCf50000017nuB,1227,9.6493675160067,standard_3d_pharmacophore,aligned,decoy
ZINCf5000002qAux,1228,9.648824998890362,standard_3d_pharmacophore,aligned,decoy
ZINCf5000000WARm,1229,9.642898242624094,standard_3d_pharmacophore,aligned,decoy
ZINCf5000002efRw,1230,9.642854667067823,standard_3d_pharmacophore,aligned,decoy
ZINCf5000002rK9t,1231,9.642069259475383,standard_3d_pharmacophore,aligned,decoy
ZINCf5000002s8VT,1232,9.639780913816566,standard_3d_pharmacophore,aligned,decoy
ZINCf5000002s1Dh,1233,9.639393215977922,standard_3d_pharmacophore,aligned,decoy
ZINCf50000017PmQ,1234,9.638482141136327,standard_3d_pharmacophore,aligned,decoy
ZINCf5000000acCi,1235,9.634728600688558,standard_3d_pharmacophore,aligned,decoy
ZINCf50000029P5P,1236,9.629097283103581,standard_3d_pharmacophore,aligned,decoy
ZINCf50000008PZl,1237,9.628791880750683,standard_3d_pharmacophore,aligned,decoy
ZINCf500000180OR,1238,9.622594880384497,standard_3d_pharmacophore,aligned,decoy
ZINCf5000002aK4C,1239,9.62236573358614,standard_3d_pharmacophore,aligned,decoy
ZINCf50000028kMc,1240,9.621942587787174,standard_3d_pharmacophore,aligned,decoy
ZINCf5000000WzOZ,1241,9.619478416484661,standard_3d_pharmacophore,aligned,decoy
ZINCf5000002eakk,1242,9.619456459618332,standard_3d_pharmacophore,aligned,decoy
ZINCf500000187Mb,1243,9.61699751013382,standard_3d_pharmacophore,aligned,decoy
ZINCf50000008PQx,1244,9.6158144789168,standard_3d_pharmacophore,aligned,decoy
ZINCf5000002r2Mg,1245,9.611868391844592,standard_3d_pharmacophore,aligned,decoy
ZINCf50000017oS1,1246,9.611260358176494,standard_3d_pharmacophore,aligned,decoy
ZINCf5000002ozYM,1247,9.605358210751108,standard_3d_pharmacophore,aligned,decoy
ZINCf50000017Als,1248,9.592945263515666,standard_3d_pharmacophore,aligned,decoy
ZINCf50000008OcG,1249,9.591427862801458,standard_3d_pharmacophore,aligned,decoy
ZINCf50000027fjf,1250,9.58923199594044,standard_3d_pharmacophore,aligned,decoy
ZINCf50000009q0n,1251,9.588778290708143,standard_3d_pharmacophore,aligned,decoy
ZINCf50000009adX,1252,9.588485400952587,standard_3d_pharmacophore,aligned,decoy
ZINCf5000002dFBR,1253,9.588161121351913,standard_3d_pharmacophore,aligned,decoy
ZINCf50000008UUC,1254,9.586406365140268,standard_3d_pharmacophore,aligned,decoy
ZINCf5000000apRj,1255,9.582612045035065,standard_3d_pharmacophore,aligned,decoy
ZINCf5000000Vn0F,1256,9.582094476348686,standard_3d_pharmacophore,aligned,decoy
ZINCf50000009Aos,1257,9.573545155916907,standard_3d_pharmacophore,aligned,decoy
ZINCf500000271T4,1258,9.572503289489577,standard_3d_pharmacophore,aligned,decoy
ZINCf5000001Aj9z,1259,9.572373225116156,standard_3d_pharmacophore,aligned,decoy
ZINCf5000002rhyC,1260,9.571746722950277,standard_3d_pharmacophore,aligned,decoy
ZINCf5000000aoGp,1261,9.56816317328917,standard_3d_pharmacophore,aligned,decoy
ZINCf5000000ZthQ,1262,9.563948346018075,standard_3d_pharmacophore,aligned,decoy
ZINCf5000002duCU,1263,9.561756024866083,standard_3d_pharmacophore,aligned,decoy
ZINCf5000000ZqmL,1264,9.558352686774485,standard_3d_pharmacophore,aligned,decoy
ZINCf5000001omOP,1265,9.549679361148666,standard_3d_pharmacophore,aligned,decoy
ZINCf5000002rLMQ,1266,9.545763249728436,standard_3d_pharmacophore,aligned,decoy
ZINCf5000002rpfR,1267,9.54418138481061,standard_3d_pharmacophore,aligned,decoy
ZINCf50000009srB,1268,9.54353018362729,standard_3d_pharmacophore,aligned,decoy
ZINCf500000181o6,1269,9.542455519779176,standard_3d_pharmacophore,aligned,decoy
ZINCf50000017rI7,1270,9.54126071938464,standard_3d_pharmacophore,aligned,decoy
ZINCf50000028sZv,1271,9.532120874982688,standard_3d_pharmacophore,aligned,decoy
ZINCf5000000ZwPT,1272,9.529919290820311,standard_3d_pharmacophore,aligned,decoy
ZINCf5000002aTT7,1273,9.52924344600423,standard_3d_pharmacophore,aligned,decoy
ZINCf50000028xRY,1274,9.528900372574418,standard_3d_pharmacophore,aligned,decoy
ZINCf5000001w4VG,1275,9.527024175376456,standard_3d_pharmacophore,aligned,decoy
ZINCf5000000arob,1276,9.5249601059764,standard_3d_pharmacophore,aligned,decoy
ZINCf5000002s581,1277,9.523690381160057,standard_3d_pharmacophore,aligned,decoy
ZINCf5000002aK4D,1278,9.52271360741002,standard_3d_pharmacophore,aligned,decoy
ZINCf5000001ILUQ,1279,9.52184292761568,standard_3d_pharmacophore,aligned,decoy
ZINCf5000002dGzu,1280,9.5216920088183,standard_3d_pharmacophore,aligned,decoy
ZINCf5000001O1rM,1281,9.51754741367586,standard_3d_pharmacophore,aligned,decoy
ZINCf50000017sPZ,1282,9.515487093256779,standard_3d_pharmacophore,aligned,decoy
ZINCf50000009duI,1283,9.515260073069872,standard_3d_pharmacophore,aligned,decoy
ZINCf50000017X3k,1284,9.511416457422465,standard_3d_pharmacophore,aligned,decoy
ZINCf5000002qSav,1285,9.508020599260771,standard_3d_pharmacophore,aligned,decoy
ZINCf50000009H3G,1286,9.505324508634732,standard_3d_pharmacophore,aligned,decoy
ZINCf5000002scRt,1287,9.497721808719144,standard_3d_pharmacophore,aligned,decoy
ZINCf50000009Dr1,1288,9.491718802710682,standard_3d_pharmacophore,aligned,decoy
ZINCf5000000YaUz,1289,9.488207007066494,standard_3d_pharmacophore,aligned,decoy
ZINCf5000002dkCv,1290,9.486764117079462,standard_3d_pharmacophore,aligned,decoy
ZINCf50000017P8f,1291,9.481523976512491,standard_3d_pharmacophore,aligned,decoy
ZINCf5000002rE6b,1292,9.469330983092043,standard_3d_pharmacophore,aligned,decoy
ZINCf5000000VnwQ,1293,9.468121253328007,standard_3d_pharmacophore,aligned,decoy
ZINCf5000000as8b,1294,9.462876115202011,standard_3d_pharmacophore,aligned,decoy
ZINCf5000002rDJg,1295,9.462102587836162,standard_3d_pharmacophore,aligned,decoy
ZINCf50000009BJc,1296,9.460783541762591,standard_3d_pharmacophore,aligned,decoy
ZINCf5000002axX0,1297,9.458555351461529,standard_3d_pharmacophore,aligned,decoy
ZINCf5000002s7Vj,1298,9.456651033384832,standard_3d_pharmacophore,aligned,decoy
ZINCf500000091cx,1299,9.449777729586133,standard_3d_pharmacophore,aligned,decoy
ZINCf5000002qS5E,1300,9.445499901747837,standard_3d_pharmacophore,aligned,decoy
ZINCf5000002oGS6,1301,9.443939122935314,standard_3d_pharmacophore,aligned,decoy
ZINCf500000099G2,1302,9.44189335008623,standard_3d_pharmacophore,aligned,decoy
ZINCf50000009aLM,1303,9.440732222940925,standard_3d_pharmacophore,aligned,decoy
ZINCf5000002easU,1304,9.440215298465475,standard_3d_pharmacophore,aligned,decoy
ZINCf5000001L31R,1305,9.438116237485504,standard_3d_pharmacophore,aligned,decoy
ZINCf50000017Osl,1306,9.434387753827243,standard_3d_pharmacophore,aligned,decoy
ZINCf5000002rCnp,1307,9.432676642810366,standard_3d_pharmacophore,aligned,decoy
ZINCf5000002dXI7,1308,9.425855040627672,standard_3d_pharmacophore,aligned,decoy
ZINCf5000002qGr6,1309,9.409998093570728,standard_3d_pharmacophore,aligned,decoy
ZINCf50000029vnP,1310,9.407551435683857,standard_3d_pharmacophore,aligned,decoy
ZINCf500000181p7,1311,9.405357238724662,standard_3d_pharmacophore,aligned,decoy
ZINCf50000009nAl,1312,9.403405386694626,standard_3d_pharmacophore,aligned,decoy
ZINCf5000002aFsq,1313,9.401590231165317,standard_3d_pharmacophore,aligned,decoy
ZINCf5000001VOZm,1314,9.400300530577882,standard_3d_pharmacophore,aligned,decoy
ZINCf5000001BDIX,1315,9.389573340230145,standard_3d_pharmacophore,aligned,decoy
ZINCf5000000ae2p,1316,9.387334878385872,standard_3d_pharmacophore,aligned,decoy
ZINCf5000001VZUf,1317,9.381672643795731,standard_3d_pharmacophore,aligned,decoy
ZINCf50000026Sqy,1318,9.376525643992487,standard_3d_pharmacophore,aligned,decoy
ZINCf50000017ytd,1319,9.374252577904613,standard_3d_pharmacophore,aligned,decoy
ZINCf50000009082,1320,9.373905416275315,standard_3d_pharmacophore,aligned,decoy
ZINCf5000002aFBR,1321,9.373521980082629,standard_3d_pharmacophore,aligned,decoy
ZINCf50000017rxl,1322,9.370222522754586,standard_3d_pharmacophore,aligned,decoy
ZINCf50000008Hcy,1323,9.3679971320749,standard_3d_pharmacophore,aligned,decoy
ZINCf500000094Ml,1324,9.367222016206718,standard_3d_pharmacophore,aligned,decoy
ZINCf50000009du3,1325,9.364272532468872,standard_3d_pharmacophore,aligned,decoy
ZINCf5000000alxA,1326,9.361200401744329,standard_3d_pharmacophore,aligned,decoy
ZINCf5000000apQ8,1327,9.35724281416007,standard_3d_pharmacophore,aligned,decoy
ZINCf50000008VLK,1328,9.347285149193496,standard_3d_pharmacophore,aligned,decoy
ZINCf50000009GYA,1329,9.343009769799325,standard_3d_pharmacophore,aligned,decoy
ZINCf50000009VEz,1330,9.341384523519181,standard_3d_pharmacophore,aligned,decoy
ZINCf5000000ZtY6,1331,9.341191362367033,standard_3d_pharmacophore,aligned,decoy
ZINCf50000009cQd,1332,9.339449530834564,standard_3d_pharmacophore,aligned,decoy
ZINCf5000002quBj,1333,9.335245067747543,standard_3d_pharmacophore,aligned,decoy
ZINCf50000009vYP,1334,9.334500658465481,standard_3d_pharmacophore,aligned,decoy
ZINCf500000092mW,1335,9.333139409692174,standard_3d_pharmacophore,aligned,decoy
ZINCf50000024GA8,1336,9.3296490719929,standard_3d_pharmacophore,aligned,decoy
ZINCf50000009BjU,1337,9.32218645730073,standard_3d_pharmacophore,aligned,decoy
ZINCf5000002qS7h,1338,9.31766835508126,standard_3d_pharmacophore,aligned,decoy
ZINCf50000017BDb,1339,9.316812614026498,standard_3d_pharmacophore,aligned,decoy
ZINCf50000017lhU,1340,9.313081336143144,standard_3d_pharmacophore,aligned,decoy
ZINCf5000001Vzqp,1341,9.29978091922528,standard_3d_pharmacophore,aligned,decoy
ZINCf5000001obOn,1342,9.29194797580414,standard_3d_pharmacophore,aligned,decoy
ZINCf5000002raZH,1343,9.291947451602022,standard_3d_pharmacophore,aligned,decoy
ZINCf5000000adVE,1344,9.286307833274336,standard_3d_pharmacophore,aligned,decoy
ZINCf5000000a80y,1345,9.281710765892033,standard_3d_pharmacophore,aligned,decoy
ZINCf5000000VmF8,1346,9.27390794253425,standard_3d_pharmacophore,aligned,decoy
ZINCf5000000Vl6O,1347,9.27322165922128,standard_3d_pharmacophore,aligned,decoy
ZINCf5000002shQH,1348,9.261042866328514,standard_3d_pharmacophore,aligned,decoy
ZINCf5000000axbK,1349,9.239082894705088,standard_3d_pharmacophore,aligned,decoy
ZINCf5000002rBsy,1350,9.236055506109636,standard_3d_pharmacophore,aligned,decoy
ZINCf5000002rBmW,1351,9.234922249662944,standard_3d_pharmacophore,aligned,decoy
ZINCf5000002doBS,1352,9.233721129463573,standard_3d_pharmacophore,aligned,decoy
ZINCf5000002qsQM,1353,9.21718100144923,standard_3d_pharmacophore,aligned,decoy
ZINCf50000008FsF,1354,9.212079553849373,standard_3d_pharmacophore,aligned,decoy
ZINCf5000000VZps,1355,9.211574266541643,standard_3d_pharmacophore,aligned,decoy
ZINCf50000009x20,1356,9.207027589370039,standard_3d_pharmacophore,aligned,decoy
ZINCf50000017PN7,1357,9.201866030393886,standard_3d_pharmacophore,aligned,decoy
ZINCf50000026oJo,1358,9.200071379528847,standard_3d_pharmacophore,aligned,decoy
ZINCf5000002rhhZ,1359,9.19887533402872,standard_3d_pharmacophore,aligned,decoy
ZINCf50000017Pd0,1360,9.198169253678923,standard_3d_pharmacophore,aligned,decoy
ZINCf50000009HoE,1361,9.192408765426952,standard_3d_pharmacophore,aligned,decoy
ZINCf5000002mHDq,1362,9.191580019659007,standard_3d_pharmacophore,aligned,decoy
ZINCf50000017P4K,1363,9.188908841486342,standard_3d_pharmacophore,aligned,decoy
ZINCf50000008Gvh,1364,9.181213225970888,standard_3d_pharmacophore,aligned,decoy
ZINCf5000002eggR,1365,9.17467503316847,standard_3d_pharmacophore,aligned,decoy
ZINCf5000002rgT2,1366,9.17088341082067,standard_3d_pharmacophore,aligned,decoy
ZINCf500000296qH,1367,9.163348544760241,standard_3d_pharmacophore,aligned,decoy
ZINCf50000017Bb3,1368,9.157928219652273,standard_3d_pharmacophore,aligned,decoy
ZINCf50000008TDx,1369,9.127014323498715,standard_3d_pharmacophore,aligned,decoy
ZINCf50000017lhW,1370,9.114470045580411,standard_3d_pharmacophore,aligned,decoy
ZINCf50000008Sod,1371,9.11290676909107,standard_3d_pharmacophore,aligned,decoy
ZINCf5000000ZwYF,1372,9.10500412606913,standard_3d_pharmacophore,aligned,decoy
ZINCf5000000adRK,1373,9.100568654978641,standard_3d_pharmacophore,aligned,decoy
ZINCf50000008ZU0,1374,9.097892205192704,standard_3d_pharmacophore,aligned,decoy
ZINCf5000002e5Gl,1375,9.085926122896279,standard_3d_pharmacophore,aligned,decoy
ZINCf50000017Lpp,1376,9.085104937099247,standard_3d_pharmacophore,aligned,decoy
ZINCf50000017M4H,1377,9.083564245143801,standard_3d_pharmacophore,aligned,decoy
ZINCf5000000a4Q2,1378,9.077774525216977,standard_3d_pharmacophore,aligned,decoy
ZINCf5000000VmFi,1379,9.066340981166915,standard_3d_pharmacophore,aligned,decoy
ZINCf50000017M4F,1380,9.05923691782002,standard_3d_pharmacophore,aligned,decoy
ZINCf5000002dGju,1381,9.057311768046093,standard_3d_pharmacophore,aligned,decoy
ZINCf5000000a8YY,1382,9.055426853226933,standard_3d_pharmacophore,aligned,decoy
ZINCf5000002s8fr,1383,9.03923003661669,standard_3d_pharmacophore,aligned,decoy
ZINCf5000002aKDa,1384,9.034935543893182,standard_3d_pharmacophore,aligned,decoy
ZINCf5000000961i,1385,9.027123790507897,standard_3d_pharmacophore,aligned,decoy
ZINCf5000002rnoS,1386,9.010352674016936,standard_3d_pharmacophore,aligned,decoy
ZINCf5000000SJTu,1387,9.007858174232881,standard_3d_pharmacophore,aligned,decoy
ZINCf500000090a2,1388,9.005580250018975,standard_3d_pharmacophore,aligned,decoy
ZINCf50000009nxB,1389,9.004041644053126,standard_3d_pharmacophore,aligned,decoy
ZINCf5000002s82f,1390,9.00334011642732,standard_3d_pharmacophore,aligned,decoy
ZINCf5000001S3mY,1391,9.00257575187054,standard_3d_pharmacophore,aligned,decoy
ZINCf50000009H08,1392,9.002123045828924,standard_3d_pharmacophore,aligned,decoy
ZINCf50000009GNX,1393,8.997978439394783,standard_3d_pharmacophore,aligned,decoy
ZINCf5000002rkb9,1394,8.993802861032373,standard_3d_pharmacophore,aligned,decoy
ZINCf50000017JcP,1395,8.985651299224978,standard_3d_pharmacophore,aligned,decoy
ZINCf5000002aPzJ,1396,8.981743775150216,standard_3d_pharmacophore,aligned,decoy
ZINCf5000002dSI8,1397,8.980297629989751,standard_3d_pharmacophore,aligned,decoy
ZINCf5000001YIUb,1398,8.979652192659804,standard_3d_pharmacophore,aligned,decoy
ZINCf5000001E9fQ,1399,8.976561252766233,standard_3d_pharmacophore,aligned,decoy
ZINCf50000008OCa,1400,8.973811187226117,standard_3d_pharmacophore,aligned,decoy
ZINCf5000000VlC4,1401,8.96882043415219,standard_3d_pharmacophore,aligned,decoy
ZINCf50000009GTU,1402,8.946436505546407,standard_3d_pharmacophore,aligned,decoy
ZINCf500000093JF,1403,8.942106161023718,standard_3d_pharmacophore,aligned,decoy
ZINCf5000001pvyn,1404,8.941670565509156,standard_3d_pharmacophore,aligned,decoy
ZINCf50000017Fgj,1405,8.928477737827249,standard_3d_pharmacophore,aligned,decoy
ZINCf5000000Ztog,1406,8.915784024197466,standard_3d_pharmacophore,aligned,decoy
ZINCf5000000apGz,1407,8.914742876810633,standard_3d_pharmacophore,aligned,decoy
ZINCf50000017HMG,1408,8.914046247935,standard_3d_pharmacophore,aligned,decoy
ZINCf5000002qZ92,1409,8.91343221250048,standard_3d_pharmacophore,aligned,decoy
ZINCf5000001PgvO,1410,8.912919157203731,standard_3d_pharmacophore,aligned,decoy
ZINCf50000025uSm,1411,8.911034371800424,standard_3d_pharmacophore,aligned,decoy
ZINCf50000017zNX,1412,8.909559678351314,standard_3d_pharmacophore,aligned,decoy
ZINCf5000000a8K4,1413,8.897704575648884,standard_3d_pharmacophore,aligned,decoy
ZINCf5000000Vm5s,1414,8.897404734994424,standard_3d_pharmacophore,aligned,decoy
ZINCf50000017R4q,1415,8.8944939940776,standard_3d_pharmacophore,aligned,decoy
ZINCf5000001QBG9,1416,8.87870133466497,standard_3d_pharmacophore,aligned,decoy
ZINCf5000000WBK7,1417,8.873252255514354,standard_3d_pharmacophore,aligned,decoy
ZINCf50000017RYr,1418,8.870196028820395,standard_3d_pharmacophore,aligned,decoy
ZINCf5000001zrDu,1419,8.869727356893709,standard_3d_pharmacophore,aligned,decoy
ZINCf5000002dEiH,1420,8.867848117286933,standard_3d_pharmacophore,aligned,decoy
ZINCf5000002rkba,1421,8.863152027736175,standard_3d_pharmacophore,aligned,decoy
ZINCf5000002oDqV,1422,8.857653073411393,standard_3d_pharmacophore,aligned,decoy
ZINCf500000093NJ,1423,8.85492078053847,standard_3d_pharmacophore,aligned,decoy
ZINCf50000026YZ4,1424,8.85482696115392,standard_3d_pharmacophore,aligned,decoy
ZINCf5000001U6aI,1425,8.854342072562167,standard_3d_pharmacophore,aligned,decoy
ZINCf5000001OCOw,1426,8.850863869154077,standard_3d_pharmacophore,aligned,decoy
ZINCf5000000abXE,1427,8.8467071353628,standard_3d_pharmacophore,aligned,decoy
ZINCf5000002r7ze,1428,8.840689431990075,standard_3d_pharmacophore,aligned,decoy
ZINCf5000001MlEL,1429,8.839687828623621,standard_3d_pharmacophore,aligned,decoy
ZINCf50000009auy,1430,8.824305884426845,standard_3d_pharmacophore,aligned,decoy
ZINCf50000025QbI,1431,8.804553634656582,standard_3d_pharmacophore,aligned,decoy
ZINCf50000009GZa,1432,8.796922073743389,standard_3d_pharmacophore,aligned,decoy
ZINCf5000002rdWh,1433,8.792849442983254,standard_3d_pharmacophore,aligned,decoy
ZINCf5000000WARb,1434,8.786325322912898,standard_3d_pharmacophore,aligned,decoy
ZINCf5000001xLRs,1435,8.786016009005813,standard_3d_pharmacophore,aligned,decoy
ZINCf5000000Vn0X,1436,8.777660644478944,standard_3d_pharmacophore,aligned,decoy
ZINCf50000017oVG,1437,8.775461103023316,standard_3d_pharmacophore,aligned,decoy
ZINCf50000025tBQ,1438,8.770459865235718,standard_3d_pharmacophore,aligned,decoy
ZINCf5000002oAqM,1439,8.766281668595441,standard_3d_pharmacophore,aligned,decoy
ZINCf50000029B8g,1440,8.760725100641556,standard_3d_pharmacophore,aligned,decoy
ZINCf50000009HC5,1441,8.758290951927915,standard_3d_pharmacophore,aligned,decoy
ZINCf5000001pvAi,1442,8.754963349143305,standard_3d_pharmacophore,aligned,decoy
ZINCf50000017Pky,1443,8.751642248241586,standard_3d_pharmacophore,aligned,decoy
ZINCf50000017M4h,1444,8.750878472927026,standard_3d_pharmacophore,aligned,decoy
ZINCf50000017ZrY,1445,8.747933132613955,standard_3d_pharmacophore,aligned,decoy
ZINCf50000008DZR,1446,8.727461632151284,standard_3d_pharmacophore,aligned,decoy
ZINCf5000002ea6k,1447,8.718760167568552,standard_3d_pharmacophore,aligned,decoy
ZINCf5000002rEey,1448,8.713426698749878,standard_3d_pharmacophore,aligned,decoy
ZINCf5000002rwrV,1449,8.71322432428955,standard_3d_pharmacophore,aligned,decoy
ZINCf5000002aT2O,1450,8.707790757447524,standard_3d_pharmacophore,aligned,decoy
ZINCf50000017DLM,1451,8.69609373293687,standard_3d_pharmacophore,aligned,decoy
ZINCf500000091Vc,1452,8.69094797206044,standard_3d_pharmacophore,aligned,decoy
ZINCf50000008FGW,1453,8.685708813312635,standard_3d_pharmacophore,aligned,decoy
ZINCf5000002aLWo,1454,8.675999113237957,standard_3d_pharmacophore,aligned,decoy
ZINCf5000001CEAB,1455,8.668484174481984,standard_3d_pharmacophore,aligned,decoy
ZINCf5000002rKZl,1456,8.663584058079515,standard_3d_pharmacophore,aligned,decoy
ZINCf50000017o0x,1457,8.660085677054186,standard_3d_pharmacophore,aligned,decoy
ZINCf5000000axDC,1458,8.652285624749693,standard_3d_pharmacophore,aligned,decoy
ZINCf5000001U9Co,1459,8.631709921003907,standard_3d_pharmacophore,aligned,decoy
ZINCf5000002duPq,1460,8.624434553427331,standard_3d_pharmacophore,aligned,decoy
ZINCf5000002seQW,1461,8.620565663622763,standard_3d_pharmacophore,aligned,decoy
ZINCf50000008Aw0,1462,8.600067577162752,standard_3d_pharmacophore,aligned,decoy
ZINCf50000017Fds,1463,8.597378959382654,standard_3d_pharmacophore,aligned,decoy
ZINCf500000092bk,1464,8.592408517269563,standard_3d_pharmacophore,aligned,decoy
ZINCf5000002rFi2,1465,8.591781591978753,standard_3d_pharmacophore,aligned,decoy
ZINCf5000000adGO,1466,8.5885175513745,standard_3d_pharmacophore,aligned,decoy
ZINCf50000009fjA,1467,8.584220932917715,standard_3d_pharmacophore,aligned,decoy
ZINCf5000000ZqzS,1468,8.581209798031434,standard_3d_pharmacophore,aligned,decoy
ZINCf5000002aOKG,1469,8.571922349339879,standard_3d_pharmacophore,aligned,decoy
ZINCf5000002aOKH,1470,8.568902887228901,standard_3d_pharmacophore,aligned,decoy
ZINCf500000093JX,1471,8.563166301617454,standard_3d_pharmacophore,aligned,decoy
ZINCf500000094fU,1472,8.561505302276155,standard_3d_pharmacophore,aligned,decoy
ZINCf50000008Pur,1473,8.547174239032604,standard_3d_pharmacophore,aligned,decoy
ZINCf50000009r3c,1474,8.540054340567368,standard_3d_pharmacophore,aligned,decoy
ZINCf50000009atu,1475,8.527627331556799,standard_3d_pharmacophore,aligned,decoy
ZINCf5000002si61,1476,8.526878795531111,standard_3d_pharmacophore,aligned,decoy
ZINCf5000002myLk,1477,8.51779945763045,standard_3d_pharmacophore,aligned,decoy
ZINCf5000000949X,1478,8.511984108288035,standard_3d_pharmacophore,aligned,decoy
ZINCf50000009nIe,1479,8.495135640173395,standard_3d_pharmacophore,aligned,decoy
ZINCf5000002rKa7,1480,8.486469908728093,standard_3d_pharmacophore,aligned,decoy
ZINCf5000002s1qt,1481,8.481650885007342,standard_3d_pharmacophore,aligned,decoy
ZINCf5000002aU6d,1482,8.461526465837974,standard_3d_pharmacophore,aligned,decoy
ZINCf5000002dZmd,1483,8.45031265351594,standard_3d_pharmacophore,aligned,decoy
ZINCf50000017nnK,1484,8.433684206368856,standard_3d_pharmacophore,aligned,decoy
ZINCf5000000aj16,1485,8.425925841558245,standard_3d_pharmacophore,aligned,decoy
ZINCf5000002rP1E,1486,8.41364577534861,standard_3d_pharmacophore,aligned,decoy
ZINCf50000009GL0,1487,8.39980474763252,standard_3d_pharmacophore,aligned,decoy
ZINCf5000000SKcQ,1488,8.398091791015514,standard_3d_pharmacophore,aligned,decoy
ZINCf500000181fP,1489,8.387245159796533,standard_3d_pharmacophore,aligned,decoy
ZINCf50000009mwg,1490,8.377301016795302,standard_3d_pharmacophore,aligned,decoy
ZINCf50000009H3r,1491,8.367829960433031,standard_3d_pharmacophore,aligned,decoy
ZINCf50000009E1S,1492,8.360429897639204,standard_3d_pharmacophore,aligned,decoy
ZINCf5000002rRZf,1493,8.337436989774364,standard_3d_pharmacophore,aligned,decoy
ZINCf5000002oHXj,1494,8.321879813535395,standard_3d_pharmacophore,aligned,decoy
ZINCf50000008Nou,1495,8.320130864617584,standard_3d_pharmacophore,aligned,decoy
ZINCf5000000adGN,1496,8.303279109125105,standard_3d_pharmacophore,aligned,decoy
ZINCf5000002eaMm,1497,8.2682847314513,standard_3d_pharmacophore,aligned,decoy
ZINCf5000001Lj3Y,1498,8.259495343777054,standard_3d_pharmacophore,aligned,decoy
ZINCf5000000ZrqL,1499,8.25820967172405,standard_3d_pharmacophore,aligned,decoy
ZINCf50000024h6N,1500,8.23765581777917,standard_3d_pharmacophore,aligned,decoy
ZINCf5000000Zqyi,1501,8.225679990157793,standard_3d_pharmacophore,aligned,decoy
ZINCf50000017mSh,1502,8.217180519105602,standard_3d_pharmacophore,aligned,decoy
ZINCf5000002r8tm,1503,8.20888784866083,standard_3d_pharmacophore,aligned,decoy
ZINCf5000000ZqRZ,1504,8.204109649425193,standard_3d_pharmacophore,aligned,decoy
ZINCf5000002qUwU,1505,8.199624740026161,standard_3d_pharmacophore,aligned,decoy
ZINCf50000008WsM,1506,8.182376141658333,standard_3d_pharmacophore,aligned,decoy
ZINCf50000009Gnw,1507,8.180868123173218,standard_3d_pharmacophore,aligned,decoy
ZINCf50000009yTj,1508,8.174275365560723,standard_3d_pharmacophore,aligned,decoy
ZINCf50000008Oc6,1509,8.171398474195621,standard_3d_pharmacophore,aligned,decoy
ZINCf5000000a16n,1510,8.135599683541734,standard_3d_pharmacophore,aligned,decoy
ZINCf5000002sfcv,1511,8.107820075599411,standard_3d_pharmacophore,aligned,decoy
ZINCf5000000advk,1512,8.09491243871749,standard_3d_pharmacophore,aligned,decoy
ZINCf50000009nv0,1513,8.092425530847876,standard_3d_pharmacophore,aligned,decoy
ZINCf50000017lyz,1514,8.06485891831508,standard_3d_pharmacophore,aligned,decoy
ZINCf50000008Cls,1515,8.061131569048419,standard_3d_pharmacophore,aligned,decoy
ZINCf5000000apS9,1516,8.057131038497232,standard_3d_pharmacophore,aligned,decoy
ZINCf50000017Pvr,1517,8.05618919137078,standard_3d_pharmacophore,aligned,decoy
ZINCf5000002rGjR,1518,8.043057733818076,standard_3d_pharmacophore,aligned,decoy
ZINCf5000000af0V,1519,8.01096292043652,standard_3d_pharmacophore,aligned,decoy
ZINCf5000000SLPL,1520,8.008028368956438,standard_3d_pharmacophore,aligned,decoy
ZINCf5000002qy13,1521,7.997005497660417,standard_3d_pharmacophore,aligned,decoy
ZINCf50000017AmL,1522,7.98909181836893,standard_3d_pharmacophore,aligned,decoy
ZINCf50000017w1Q,1523,7.910913644185241,standard_3d_pharmacophore,aligned,decoy
ZINCf5000002aNYU,1524,7.893794905516652,standard_3d_pharmacophore,aligned,decoy
ZINCf50000009l8A,1525,7.892119747290954,standard_3d_pharmacophore,aligned,decoy
ZINCf500000092vj,1526,7.885132812652649,standard_3d_pharmacophore,aligned,decoy
ZINCf5000002efSd,1527,7.880548699930074,standard_3d_pharmacophore,aligned,decoy
ZINCf5000000WARa,1528,7.877384078353261,standard_3d_pharmacophore,aligned,decoy
ZINCf50000017lT3,1529,7.869573890027609,standard_3d_pharmacophore,aligned,decoy
ZINCf5000002e1L7,1530,7.865824283301326,standard_3d_pharmacophore,aligned,decoy
ZINCf5000000aahM,1531,7.859563572053654,standard_3d_pharmacophore,aligned,decoy
ZINCf50000009GId,1532,7.859552800232989,standard_3d_pharmacophore,aligned,decoy
ZINCf5000002aFNQ,1533,7.823875643330248,standard_3d_pharmacophore,aligned,decoy
ZINCf50000017Pbh,1534,7.764298436185279,standard_3d_pharmacophore,aligned,decoy
ZINCf5000001WZot,1535,7.740540296066018,standard_3d_pharmacophore,aligned,decoy
ZINCf5000002qy1u,1536,7.732608233234084,standard_3d_pharmacophore,aligned,decoy
ZINCf5000000axnh,1537,7.710528193937131,standard_3d_pharmacophore,aligned,decoy
ZINCf50000009AHW,1538,7.632538848368709,standard_3d_pharmacophore,aligned,decoy
ZINCf50000017ZZj,1539,7.62774231783522,standard_3d_pharmacophore,aligned,decoy
ZINCf5000000a9sN,1540,7.589844015833723,standard_3d_pharmacophore,aligned,decoy
ZINCf50000024ZZY,1541,7.562432391188106,standard_3d_pharmacophore,aligned,decoy
ZINCf50000026Wtc,1542,7.522122326191579,standard_3d_pharmacophore,aligned,decoy
ZINCf50000009HgZ,1543,7.521229721358202,standard_3d_pharmacophore,aligned,decoy
ZINCf5000002eaxZ,1544,7.507746452595128,standard_3d_pharmacophore,aligned,decoy
ZINCf5000000a7n5,1545,7.408873928562715,standard_3d_pharmacophore,aligned,decoy
ZINCf5000002qTwc,1546,7.329301619022591,standard_3d_pharmacophore,aligned,decoy
ZINCf5000000WASZ,1547,6.5942660368288335,standard_3d_pharmacophore,aligned,decoy
ZINCf5000000SKPV,1548,6.509561514854018,standard_3d_pharmacophore,aligned,decoy
ZINCf50000008IKH,1549,6.324450429941826,standard_3d_pharmacophore,aligned,decoy
ZINCf5000000ZtJg,1550,6.231887666773694,standard_3d_pharmacophore,aligned,decoy
