ligand_id,best_active,best_inactive,overall_best,active_pref
ZINCj700000JTqIH,-7.828,-6.368,-7.828,-1.46
ZINCk800000drLU2,-7.518,-6.65,-7.518,-0.8679999999999994
ZINCk800001bQb3D,-6.963,,-6.963,
ZINCj7000002o6Rj,-6.96,,-6.96,
ZINCj5000002ffjs,-6.866,-5.731,-6.866,-1.1349999999999998
ZINCk600000PBQ9k,-6.861,,-6.861,
ZINCi700000PQq15,-6.423,,-6.423,
ZINCi700000Bnixr,-5.969,,-5.969,
ZINCj800000JWX1T,-5.489,,-5.489,
