final_rank,final_rank_mode,zinc_id,smiles,stage3_screen_rank,native_candidate_pool_rank,native_selection_rank,pool_source_stage3_rank,pool_source_hotspot_breadth,pool_source_native_support,screen_coverage_pct,anchor_weighted_pct,geometry_penalty_factor,screen_weighted_coverage_pct,features_matched,mw,logp,hbd,hba,rotatable_bonds,lipinski,chemistry_flagged,pains_alert,reactive_flags,hotspot_weighted_pct,hotspot_bits_matched,hotspot_exact_matches,hotspot_compatible_matches,hotspot_exact_residue_count,hotspot_group_count,hotspot_required_groups_pass,native_supported_hotspot_bits_matched,native_supported_hotspot_exact_matches,native_supported_hotspot_exact_residue_count,native_supported_hotspot_weighted_pct,pair_hash_overlap_pct,pair_hash_recall_pct,pair_hash_precision_pct,cascade_score_pct,shortlist_rank,rerank_conformers,best_conformer_id,fit_rmsd_angstrom,mean_pair_distance_error_angstrom,reference_feature_span_angstrom,ligand_feature_span_angstrom,rerank_query_feature_count,native_weighted_coverage_pct,native_matched_reference_features,native_fit_rmsd_angstrom,native_mean_pair_distance_error_angstrom,native_microstate_id,native_matched_reference_residues,native_conformer_id,native_conformer_energy
1,native_first,CHEMBL6006846,C[C@H](CO)Nc1nc2nc(-c3n[nH]c(=O)o3)nc(-c3cccc(Cl)c3)c2n1C[C@H]1CC[C@H](C)CC1,86,6,6,1,1,1,21.428571428571427,22.487209544908655,0.7058973450714884,15.873661515817252,6,497.98700000000036,4.109000000000003,3.0,9.0,7.0,1.0,,,,48.131252117081154,14.0,9.0,5.0,9.0,3.0,1.0,,,,,37.428737310964955,26.747018130704554,62.31487621573834,40.104366012494005,31,16,11,1.592576940415009,1.2800638476316597,10.950081780516529,10.622863637974952,28,87.76478703756293,6.0,1.5389687644402639,1.2830749007637252,CHEMBL6006846_m01_t04,TRP23;SER20;GLU17;PHE19;LEU26;LEU22,1.0,57.13534212152225
2,native_first,CHEMBL4068667,CC(CC(=O)N[C@@H](Cc1ccc(OCCCNc2ccccn2)cc1)C(=O)O)c1ccccc1,3,12,12,1,1,1,21.428571428571427,23.25374948336848,0.7462159794560514,17.352319446757463,6,461.56200000000007,4.268300000000003,3.0,5.0,13.0,1.0,,,,45.22075913782799,14.0,9.0,5.0,9.0,3.0,1.0,,,,,38.81459204940188,27.490224154543057,66.0046593737339,40.41613382150841,43,16,15,1.737657672274915,0.8719321109308237,15.785495430932789,15.152537074444327,28,87.76478703756293,6.0,3.046241229965801,1.177800610517529,CHEMBL4068667_m01_t08,TRP23;SER20;GLU17;PHE19;LEU26;LEU22,3.0,6.7029568943147275
3,native_first,CHEMBL5859878,C[C@H](CO)Nc1nc2nc(-c3noc(=O)[nH]3)nc(-c3cccc(Cl)c3)c2n1C[C@H]1CC[C@H](C)CC1,529,17,17,1,1,1,17.857142857142858,18.961807114312233,0.7477100769478934,14.177934256513511,5,497.98700000000036,4.109000000000003,3.0,9.0,7.0,1.0,,,,44.24629367714923,13.0,8.0,5.0,8.0,3.0,1.0,,,,,33.29184137956876,22.599982417587324,63.18334140826877,36.03045445396388,20,16,7,1.4664450952643808,1.108252980804926,10.950081780516529,10.629684322095054,28,74.67390888937828,5.0,1.8183768045139295,1.2928138187893758,CHEMBL5859878_m01_t03,TRP23;SER20;GLU17;PHE19;LEU22,3.0,37.26485926912667
4,native_first,CHEMBL3819071,CC[C@H](C)[C@H](NC(=O)[C@@H](NC(=O)C(=O)c1c(-c2ccccc2)[nH]c2ccccc12)C(C)C)C(=O)OC,127,2,2,1,1,1,17.857142857142858,20.731008121704747,0.7541861185730011,15.635038549413865,5,491.5880000000002,3.862300000000002,3.0,5.0,10.0,1.0,,,,50.618006776158595,17.0,12.0,5.0,12.0,3.0,1.0,,,,,34.077703964977054,25.904338722765363,49.78634632616487,38.21277966777244,13,16,15,1.1521582983154766,1.252903023032271,8.622706883572002,7.9186884669365,28,74.67390888937828,5.0,2.763414981831641,1.4912329967505655,CHEMBL3819071_m01_t01,TRP23;SER20;GLU17;PHE19;LEU22,0.0,146.1126963713027
5,native_first,CHEMBL6030067,C[C@@H](Nc1nc(C(=O)O)nc2nc(-c3ncccn3)n(Cc3ccc(C(F)(F)F)cc3)c12)C1CCC1,563,4,4,1,1,1,14.285714285714286,17.205605691108325,0.8169079680445144,14.055396384098433,4,497.4810000000003,4.649100000000003,2.0,8.0,7.0,1.0,,,,49.566073606567684,16.0,11.0,5.0,11.0,3.0,1.0,,,,,31.829332604611576,22.98472033757615,51.73852312860825,36.2635178551006,30,16,0,1.2254589070025639,0.8649824514188994,8.622706883572002,8.738290687054855,28,72.00121283194781,5.0,1.5717831122421726,1.3298044937779763,CHEMBL6030067_m01_t03,TRP23;SER20;PHE19;LEU26;LEU22,0.0,53.84395633833406
6,native_first,CHEMBL6012158,C[C@@H](Nc1nc(C(=O)O)nc2nc(-c3nccn3C)n(Cc3ccc(C(F)(F)F)cc3)c12)C1CCC1,689,1,1,1,1,1,17.857142857142858,20.731008121704747,0.6610091393206852,13.703385835778189,5,499.4970000000003,4.592600000000004,2.0,8.0,7.0,1.0,,,,51.346529062795284,17.0,12.0,5.0,12.0,3.0,1.0,,,,,31.829332604611576,22.98472033757615,51.73852312860825,36.7086317191575,46,16,3,1.9748605627009075,1.3016817376910654,8.622706883572002,8.602844356752984,28,72.00121283194781,5.0,1.6252266832557907,1.4184989411379179,CHEMBL6012158_m01_t02,TRP23;SER20;PHE19;LEU26;LEU22,0.0,6.856948401568975
7,native_first,CHEMBL5745234,C[C@@H](Nc1nc(C(=O)O)nc2nc(-c3nccs3)n(Cc3ccc(Cl)cc3)c12)C1CC1,605,11,11,1,1,1,14.285714285714286,17.205605691108325,0.8115444345842279,13.963113542269678,4,454.94300000000027,4.560100000000003,2.0,8.0,7.0,1.0,,,,45.94928142446468,14.0,9.0,5.0,9.0,3.0,1.0,,,,,27.372096325971324,19.15868302929492,47.912324699845776,32.01639260059466,38,16,8,1.2227725659985942,0.9021546113905073,8.622706883572002,8.666510985088523,28,72.00121283194781,5.0,1.654825543573267,1.3058986402250548,CHEMBL5745234_m01_t03,TRP23;SER20;PHE19;LEU26;LEU22,3.0,30.46011674177848
8,native_first,CHEMBL5816136,C[C@@H](Nc1nc(C(=O)O)nc2nc(-c3ncco3)n(Cc3ccc(C(F)(F)F)cc3)c12)C1CCC1,623,5,5,1,1,1,14.285714285714286,17.205605691108325,0.8086102355499087,13.912628870665953,4,486.45400000000024,4.847100000000004,2.0,8.0,7.0,1.0,,,,49.566073606567684,16.0,11.0,5.0,11.0,3.0,1.0,,,,,31.8275948024422,22.98472033757615,51.72934086090664,36.26221450347357,22,16,0,1.2272329728226117,0.9171197542009123,8.622706883572002,8.67216155683711,28,72.00121283194781,5.0,1.6759155449556709,1.4868844925143017,CHEMBL5816136_m01_t03,TRP23;SER20;PHE19;LEU26;LEU22,1.0,57.096419835533396
9,native_first,CHEMBL5869704,C[C@@H](Nc1nc(-c2noc(=O)[nH]2)nc2nc(C(O)C3CCC3)n(C[C@H]3CC[C@H](C)CC3)c12)C1CCC1,501,9,9,1,1,1,17.857142857142858,20.731008121704747,0.6884030508333177,14.271289237831834,5,495.62800000000055,4.4299000000000035,3.0,9.0,8.0,1.0,,,,46.73304833622669,16.0,11.0,5.0,11.0,3.0,1.0,,,,,36.15331987775646,25.164636072910092,64.17806157550744,38.79825199237402,11,16,1,1.6537515520411716,1.3584747822853092,8.622706883572002,8.677454337409113,28,72.00121283194781,5.0,1.8304197674368656,1.6502268243898068,CHEMBL5869704_m01_t06,TRP23;SER20;PHE19;LEU26;LEU22,0.0,-27.863122647699328
10,native_first,CHEMBL5921912,C[C@@H](Nc1nc(-c2noc(=O)[nH]2)nc2nc(-c3nccs3)n(C[C@H]3CC[C@H](C)CC3)c12)C1CCC1,156,8,8,1,1,1,21.428571428571427,21.846958962671163,0.708765334959721,15.484367187028907,6,494.62500000000045,4.719900000000004,2.0,10.0,7.0,1.0,,,,47.765665715471684,15.0,10.0,5.0,10.0,3.0,1.0,,,,,33.598470700471786,23.732169228265885,57.505567376123814,37.140269454221766,8,16,11,1.550712429976444,1.296821015577066,12.96195336359455,12.715137509404295,28,72.00121283194781,5.0,1.840069566787981,1.5642633520085851,CHEMBL5921912_m01_t08,TRP23;SER20;PHE19;LEU26;LEU22,1.0,-1.189760866720706
11,native_first,CHEMBL6064615,C[C@@H](Nc1nc(-c2noc(=O)[nH]2)nc2nc(-n3ccnc3)n(C[C@H]3CC[C@H](C)CC3)c12)C1CCC1,363,7,7,1,1,1,17.857142857142858,18.961807114312233,0.7760169301309316,14.714683346583438,5,477.57300000000043,3.7821000000000016,2.0,10.0,7.0,1.0,,,,47.765665715471684,15.0,10.0,5.0,10.0,3.0,1.0,,,,,34.55182705168373,24.512167594546828,58.520621812567285,37.85528671763072,15,16,2,1.2738893287126571,1.079834871192865,10.950081780516529,11.156354198226591,28,72.00121283194781,5.0,1.8641453830673418,1.189058837352294,CHEMBL6064615_m01_t08,TRP23;SER20;PHE19;LEU26;LEU22,2.0,-6.070252660372921
12,native_first,CHEMBL5989834,CC(C)C(O)c1nc2nc(-c3noc(=O)[nH]3)nc(N[C@H](C)C3CCC3)c2n1C[C@H]1CC[C@H](C)CC1,549,14,14,1,1,1,17.857142857142858,18.961807114312233,0.7436927175178661,14.101757861892471,5,483.6170000000004,4.285800000000004,3.0,9.0,8.0,1.0,,,,44.95259287999909,15.0,10.0,5.0,10.0,3.0,1.0,,,,,36.599706704101415,25.374307945606144,65.63701952902056,38.687928248075835,4,16,8,1.4850111308130938,1.047099410138538,10.950081780516529,11.877117214939119,28,72.00121283194781,5.0,1.9042922347990758,1.6072485873783016,CHEMBL5989834_m01_t08,TRP23;SER20;PHE19;LEU26;LEU22,3.0,-44.99322915966665
13,native_first,CHEMBL6050672,C[C@@H](Nc1nc(C(=O)O)nc2nc(-c3cnn(C)c3)n(Cc3ccc(C(F)(F)F)cc3)c12)C1CCC1,1200,591,591,0,1,1,14.285714285714286,17.205605691108325,0.6959358868071956,11.973998454696405,4,499.49700000000024,4.592600000000004,2.0,8.0,7.0,1.0,,,,51.346529062795284,17.0,12.0,5.0,12.0,3.0,1.0,,,,,33.94125921696,24.6790950647251,54.33244577578077,38.29257667841882,50,16,7,1.6877299757291833,1.2449040194114642,8.622706883572002,9.268774773689938,28,72.00121283194781,5.0,1.921830287425912,1.6169764205842232,CHEMBL6050672_m02_t02,TRP23;SER20;PHE19;LEU26;LEU22,1.0,75.58858364534422
14,native_first,CHEMBL5879668,COC1(c2nc3nc(-c4noc(=O)[nH]4)nc(N[C@H](C)C4CCC4)c3n2C[C@H]2CC[C@H](C)CC2)CCC1,282,10,10,1,1,1,17.857142857142858,18.961807114312233,0.7900802047545675,14.981348447392424,5,495.62800000000055,4.622000000000003,2.0,9.0,8.0,1.0,,,,46.608473372297226,16.0,11.0,5.0,11.0,3.0,1.0,,,,,34.12289555113034,23.805495222586167,60.2244003622823,37.24429000642206,6,16,11,1.2283747007196149,1.0307450251790882,10.950081780516529,10.92555684882097,28,72.00121283194781,5.0,2.051056324515797,1.548480596421178,CHEMBL5879668_m01_t03,TRP23;SER20;PHE19;LEU26;LEU22,3.0,-33.63766715948374
15,native_first,CHEMBL5901726,C[C@@H](Nc1nc(-c2noc(=O)[nH]2)nc2nc(N3CC(C)(O)C3)n(C[C@H]3CC[C@H](C)CC3)c12)C1CCC1,475,13,13,1,1,1,17.857142857142858,18.961807114312233,0.7579091065410147,14.37132628841144,5,496.6160000000005,3.1674000000000007,3.0,10.0,7.0,1.0,,,,44.95259287999909,15.0,10.0,5.0,10.0,3.0,1.0,,,,,37.13546703706193,26.00612298789055,64.91657414261043,39.08974849779622,25,16,9,1.4343955418959535,1.0401908424341593,10.950081780516529,11.572609023016513,28,72.00121283194781,5.0,2.055608035273127,1.2300069522794541,CHEMBL5901726_m01_t06,TRP23;SER20;PHE19;LEU26;LEU22,3.0,-28.20332559247896
16,native_first,CHEMBL5811937,C[C@H]1CC[C@H](Cn2c(C3(F)COC3)nc3nc(-c4noc(=O)[nH]4)nc(-c4cncc(Cl)c4)c32)CC1,370,15,15,1,1,1,17.857142857142858,18.961807114312233,0.7750793742220332,14.696905592280023,5,499.93400000000025,3.9063000000000025,1.0,9.0,5.0,1.0,,,,44.94812597755285,13.0,9.0,4.0,9.0,3.0,1.0,,,,,26.534467401618684,17.6419312596395,53.50304148061865,31.137882045602222,29,16,1,1.2746657416154636,1.0788893434508462,10.950081780516529,11.273800705610816,28,72.00121283194781,5.0,2.085679133562455,1.533750428675951,CHEMBL5811937_m01_t03,TRP23;SER20;PHE19;LEU26;LEU22,0.0,72.7865144698052
17,native_first,CHEMBL1688303,O=C1c2ccccc2[C@](OCC2(CO)CC2)(c2ccc(Cl)cc2)N1Cc1ccc([N+](=O)[O-])cc1,950,593,593,0,1,1,14.285714285714286,17.205605691108325,0.7520875938002977,12.940122584102367,4,478.93200000000013,4.8944000000000045,1.0,5.0,8.0,1.0,,,,43.674416512062606,12.0,9.0,3.0,9.0,3.0,1.0,,,,,27.64447426624082,17.000631099327173,73.93254485316227,31.65195982769627,47,16,3,1.3111098123677971,1.1721120678057426,8.622706883572002,8.045623757582344,28,72.00121283194781,5.0,2.0976110519490203,1.4387570285945126,CHEMBL1688303_m01_t01,TRP23;SER20;PHE19;LEU26;LEU22,3.0,78.78945419127712
18,native_first,CHEMBL6024197,Cc1cn(C[C@H]2CC[C@H](C)CC2)c2c(-c3cncc(Cl)c3)nc(-c3noc(=O)[nH]3)nc12,231,23,23,1,1,1,17.857142857142858,20.731008121704747,0.7311185856911492,15.156825337892501,5,438.91900000000015,4.624720000000004,1.0,7.0,4.0,1.0,,,,41.23680869322406,12.0,8.0,4.0,8.0,3.0,1.0,,,,,22.065447643347134,13.865341542530608,54.003928170594826,26.85828790581637,24,16,9,1.5637942699483356,1.020613854797065,8.622706883572002,9.79201096574808,28,72.00121283194781,5.0,2.3583717233641006,1.5921715093622049,CHEMBL6024197_m01_t02,TRP23;SER20;PHE19;LEU26;LEU22,2.0,63.62784167522203
19,native_first,CHEMBL3217780,O=C1NC(=S)NC(=O)C1=Cc1cc(-c2ccccc2)n(-c2ccc([N+](=O)[O-])cc2)c1-c1ccccc1,1236,590,590,0,1,1,21.428571428571427,19.204724242981868,0.6144877145840374,11.801067109286585,6,494.5320000000002,4.633800000000003,2.0,6.0,5.0,1.0,,,,52.33236913712472,13.0,10.0,3.0,10.0,3.0,1.0,,,,,28.320541555413005,18.544131695133462,59.8992374727669,34.32349845084094,48,16,4,2.0676086375894873,1.5198683960274293,12.63749737883257,11.968830156877088,28,72.00121283194781,5.0,2.3629887536404675,1.3628803278155552,CHEMBL3217780_m01_t04,TRP23;SER20;PHE19;LEU26;LEU22,2.0,12.754979838896976
20,native_first,CHEMBL5988926,C[C@H](CO)Nc1nc2nc(C(=O)O)nc(N[C@H](C)C3CCC3)c2n1Cc1ccc(C(F)(F)F)cc1,755,3,3,1,1,1,17.857142857142858,18.961807114312233,0.7120637417593675,13.502015324336563,5,492.5020000000003,3.9848000000000026,4.0,8.0,9.0,1.0,,,,50.55315108517669,17.0,12.0,5.0,12.0,3.0,1.0,,,,,35.82993615881496,26.278777963702492,56.28815992931303,39.5107398904054,23,16,2,1.5846830055151324,1.2392488262763472,10.950081780516529,10.525183321615007,28,72.00121283194781,5.0,2.3665022991816835,1.4863983996281482,CHEMBL5988926_m01_t03,TRP23;SER20;PHE19;LEU26;LEU22,3.0,61.790480188047106
21,native_first,CHEMBL3220103,O=C1NC(=O)C(=Cc2cc(-c3ccccc3)n(-c3ccc([N+](=O)[O-])cc3)c2-c2ccccc2)C(=O)N1,1171,589,589,0,1,1,17.857142857142858,16.948653926964923,0.7157881146364814,12.131645040008419,5,478.46400000000017,4.468900000000003,2.0,6.0,5.0,1.0,,,,52.33236913712472,13.0,10.0,3.0,10.0,3.0,1.0,,,,,31.653274595799353,21.74942541716513,58.11794387773625,36.8230482311307,45,16,15,1.3253888654069557,1.180609477175329,15.785495430932789,14.136595594212379,28,72.00121283194781,5.0,2.3836590407082303,1.3655081644769929,CHEMBL3220103_m01_t01,TRP23;SER20;PHE19;LEU26;LEU22,2.0,-10.718340894447127
22,native_first,CHEMBL5808134,C[C@H]1CC[C@H](Cn2ccc3nc(-c4n[nH]c(=O)o4)nc(-c4cncc(Cl)c4)c32)CC1,26,19,19,1,1,1,21.428571428571427,22.487209544908655,0.7340089394574376,16.50581282941557,6,424.8920000000002,4.316300000000004,1.0,7.0,4.0,1.0,,,,43.09930989910112,12.0,8.0,4.0,8.0,3.0,1.0,,,,,25.82461854460473,16.948135337878217,54.22423105349936,30.143291383228828,37,16,2,1.6721234902980322,0.992855846276007,10.950081780516529,11.697604383128846,28,72.00121283194781,5.0,2.5078608179648123,2.020538875251791,CHEMBL5808134_m01_t03,TRP23;SER20;PHE19;LEU26;LEU22,1.0,80.77331868956611
23,native_first,CHEMBL5928219,C[C@@H](Nc1nc(C(=O)O)nc2nc(N3CCOC[C@@H]3C)n(Cc3ccc(Cl)cc3)c12)C1CC1,906,16,16,1,1,1,14.285714285714286,17.205605691108325,0.7595398155754285,13.06834257348796,4,470.9610000000002,3.6617000000000024,2.0,8.0,7.0,1.0,,,,44.828017916069626,15.0,10.0,5.0,10.0,3.0,1.0,,,,,31.504632969626133,22.37668956710562,53.210272363083,34.83547920623701,44,16,2,1.2551204249730703,1.0953486540911734,8.622706883572002,9.664963520732305,28,72.00121283194781,5.0,2.556516649873583,1.7570705048394246,CHEMBL5928219_m01_t01,TRP23;SER20;PHE19;LEU26;LEU22,2.0,25.145480136478916
24,native_first,CHEMBL5747471,C[C@H]1CC[C@H](Cn2ccc3nc(-c4noc(=O)[nH]4)nc(-c4cccc(Cl)c4)c32)CC1,985,606,606,0,1,1,21.428571428571427,19.204724242981868,0.6678790145286203,12.826432301696634,6,423.90400000000017,4.921300000000004,1.0,6.0,4.0,1.0,,,,35.50303417484042,10.0,6.0,4.0,6.0,3.0,1.0,,,,,20.244369339431568,12.181253335082975,59.88187661741381,24.05903554828378,41,16,4,1.9831836782093533,1.2481487379986935,12.63749737883257,12.669609723295933,28,72.00121283194781,5.0,2.808300256413004,2.128027466256335,CHEMBL5747471_m01_t02,TRP23;SER20;PHE19;LEU26;LEU22,2.0,48.27300503597145
25,native_first,CHEMBL5267044,Cc1c(Cl)ccc2c(/C=C3\NC(=O)N(Cc4ccc(F)c(F)c4)C3=O)c[nH]c12,771,54,54,1,1,1,17.857142857142858,20.731008121704747,0.6498750298413966,13.472564521735107,5,401.80000000000007,4.500820000000002,2.0,2.0,3.0,1.0,,,,31.31468341802553,10.0,7.0,3.0,7.0,3.0,1.0,,,,,18.099218224924083,10.551493913820249,63.57804232804233,21.403084523199446,21,16,4,1.6046863759692132,1.5222009253627153,8.622706883572002,7.409558865949407,28,71.86203487609751,5.0,1.767318058915878,1.4582524491362319,CHEMBL5267044_m01_t07,TRP23;GLU17;PHE19;LEU26;LEU22,2.0,49.35837517442491
26,native_first,CHEMBL3653239,COc1ccccc1-c1nc2c(n1C(C)C)C(c1ccc(Cl)cc1)N(C1CCC(=O)N(C)C1)C2=O,510,25,25,1,1,1,17.857142857142858,21.741500240119368,0.6539969954489582,14.21887583359087,5,493.00700000000023,4.959000000000006,0.0,5.0,5.0,1.0,,,,40.51533704550727,14.0,11.0,3.0,11.0,3.0,1.0,,,,,22.116242930392726,14.035875694370576,52.12331386455289,26.716016459171364,3,16,10,1.8678509504479068,1.3976976706564297,12.729286939966432,12.135004945286738,28,71.86203487609751,5.0,2.2266639430052124,1.5824273634388324,CHEMBL3653239_m01_t01,TRP23;GLU17;PHE19;LEU26;LEU22,0.0,59.452997541954204
27,native_first,CHEMBL5877121,CC(O)(CO)c1ccc2c(c1)C(=O)N(Cc1ccc(C#N)cc1)[C@]2(C)OCC1(CO)CC1,360,30,30,1,1,1,17.857142857142858,18.961807114312233,0.7764580197394362,14.723047202660029,5,436.5080000000003,2.3758800000000004,3.0,6.0,8.0,1.0,,,,37.17991367728853,13.0,9.0,4.0,9.0,3.0,1.0,,,,,30.005776626621145,19.623617455437774,63.71525617091886,31.79931088928799,19,16,2,1.3119129865195682,1.035014826785384,10.950081780516529,10.515105262766406,28,69.08892756644128,5.0,1.8033837416943057,1.5462075315476207,CHEMBL5877121_m01_t01,SER20;GLU17;PHE19;LEU26;LEU22,2.0,78.65848883015401
28,native_first,CHEMBL5978015,CC[C@H]1CC[C@H](Cn2c(N3CCOCC3)nc3nc(C(=O)O)nc(N[C@H](C)C4CCC4)c32)CC1,905,22,22,1,1,1,17.857142857142858,18.961807114312233,0.689213822153933,13.068739556200773,5,470.6180000000003,4.178000000000003,2.0,8.0,8.0,1.0,,,,41.83337487757319,15.0,10.0,5.0,10.0,3.0,1.0,,,,,33.13072468311365,22.337620952553188,64.10502540937323,35.306387231728536,12,16,7,1.6460880215400513,1.3301113593510308,10.950081780516529,10.392955337284103,28,69.08892756644128,5.0,2.200299436493086,2.2037441246047846,CHEMBL5978015_m02_t03,SER20;GLU17;PHE19;LEU26;LEU22,0.0,122.42449833251119
29,native_first,CHEMBL5849977,C[C@@H](Nc1nc(-c2noc(=O)[nH]2)nc2nc(C3CC3)n(C[C@H]3CC[C@H](C)CC3)c12)C1CCC1,376,24,24,1,1,1,21.428571428571427,22.487209544908655,0.6526161834762967,14.675516870230037,6,451.57500000000044,4.473800000000003,2.0,8.0,7.0,1.0,,,,40.94305947613771,14.0,9.0,5.0,9.0,3.0,1.0,,,,,30.45045314007446,20.13604203191198,62.428695303206226,33.073604724090266,16,16,0,1.8428298952737827,1.4334267906507736,10.950081780516529,11.471822884497325,28,68.01169462226007,5.0,1.8737967228850805,1.4501241998992564,CHEMBL5849977_m01_t06,TRP23;SER20;LEU26;LEU22;PRO27,3.0,-49.02560826319534
30,native_first,CHEMBL6024824,CC1CCCN1c1nc2nc(-c3noc(=O)[nH]3)nc(N[C@H](C)C3CCC3)c2n1C[C@H]1CC[C@H](C)CC1,141,20,20,1,1,1,21.428571428571427,22.487209544908655,0.6922272103494808,15.566258331816336,6,494.64400000000046,4.585100000000004,2.0,9.0,7.0,1.0,,,,42.72351493236531,15.0,10.0,5.0,10.0,3.0,1.0,,,,,34.26912674186879,22.70716660928499,69.81968186134851,36.38272378949292,18,16,14,1.626940053672865,1.3273533303294929,10.950081780516529,11.479027152934172,28,68.01169462226007,5.0,2.1043388973710693,1.354896207305949,CHEMBL6024824_m01_t03,TRP23;SER20;LEU26;LEU22;PRO27,0.0,-67.82705573620754
31,native_first,CHEMBL5883242,C[C@@H](Nc1nc(-c2noc(=O)[nH]2)nc2nc(N(C)CC3CC3)n(C[C@H]3CC[C@H](C)CC3)c12)C1CCC1,190,21,21,1,1,1,17.857142857142858,18.961807114312233,0.8079819680844919,15.320798230660516,5,494.6440000000006,4.442600000000002,2.0,9.0,9.0,1.0,,,,42.72351493236531,15.0,10.0,5.0,10.0,3.0,1.0,,,,,31.41622279448114,20.770958087456076,64.44448023593755,34.243045828952184,7,16,13,0.9156371510645173,0.9599407655626878,10.950081780516529,9.61190194503962,28,68.01169462226007,5.0,2.256812624875736,1.8457752649743455,CHEMBL5883242_m01_t02,TRP23;SER20;LEU26;LEU22;PRO27,0.0,-66.00964529761859
32,native_first,CHEMBL4114636,C[C@]1(CC(=O)O)C[C@H](c2cccc(Cl)c2)[C@@H](c2ccc(Cl)cc2)N([C@H]2CC[C@@H](O)[C@H]2O)C1=O,303,38,38,1,1,1,17.857142857142858,20.731008121704747,0.7181609008393233,14.888199467990807,5,492.3990000000002,4.415800000000005,3.0,4.0,5.0,1.0,,,,35.379505786192524,12.0,8.0,4.0,8.0,3.0,1.0,,,,,27.782761605799806,17.996163892231532,60.902503293807655,29.68194765089799,28,16,10,1.3834497659810376,1.3632663671829612,8.622706883572002,8.596928404919286,28,61.42780556597803,4.0,1.1484748563362144,1.2469186667651868,CHEMBL4114636_m02_t01,TRP23;SER20;PHE19;LEU26,1.0,47.426326504353675
33,native_first,CHEMBL2177185,O=C1[C@@H](Cc2nnn[nH]2)C[C@H](c2cccc(Cl)c2)[C@@H](c2ccc(Cl)cc2)N1CC1CC1,1217,653,653,0,1,1,14.285714285714286,17.236412839494434,0.6903406038791451,11.898995648326839,4,456.37700000000024,4.832600000000005,1.0,4.0,6.0,1.0,,,,29.61621385480756,9.0,6.0,3.0,6.0,3.0,1.0,,,,,17.97638796177179,10.31403946306989,69.92110971172684,20.886344435030733,33,16,11,1.5865771816620013,1.3950669588228568,10.950081780516529,10.880342400272763,28,61.42780556597803,4.0,1.1534531137819222,0.952080164643499,CHEMBL2177185_m01_t02,TRP23;SER20;PHE19;LEU26,3.0,44.59417650216518
34,native_first,CHEMBL4109769,O=C(O)C[C@H]1C[C@H](c2cccc(Cl)c2)[C@]2(C(=O)Nc3cc(Cl)ccc32)N(CC2CC2)C1=O,516,43,43,1,1,1,14.285714285714286,19.005613846886952,0.7471012448998066,14.199117765094243,4,473.3560000000003,4.6578000000000035,2.0,3.0,5.0,1.0,,,,32.55116879931067,11.0,6.0,5.0,6.0,3.0,1.0,,,,,24.16527861901096,15.199919908998508,58.91518069424632,26.26175116408589,34,16,5,1.3660409451299256,1.1880369696264037,8.622706883572002,8.343816676777013,28,61.42780556597803,4.0,1.1630158424180135,1.0641741221153433,CHEMBL4109769_m02_t06,TRP23;SER20;PHE19;LEU26,1.0,23.47417359552059
35,native_first,CHEMBL2347389,O=C(O)C[C@@H]1O[C@@H](c2cccc(Cl)c2)[C@@H](c2ccc(Cl)cc2)N(CC2CC2)C1=O,812,90,90,1,1,1,17.857142857142858,18.7968643446386,0.7109162677709853,13.36299664568798,5,434.3190000000002,4.887900000000005,1.0,3.0,6.0,1.0,,,,29.66625877931497,10.0,6.0,4.0,6.0,3.0,1.0,,,,,17.464576103940104,10.367868719380308,55.353562160886995,20.51499677278382,39,16,4,1.4272697098339533,1.339250469409794,10.950081780516529,10.303807288105421,28,61.42780556597803,4.0,1.1651533500932734,1.357857059610554,CHEMBL2347389_m01_t03,TRP23;SER20;PHE19;LEU26,3.0,84.72248434208015
36,native_first,ZINCf5000002rFoH,CCn1cc(-c2nc(CCO)no2)nn1,1173,1516,1516,0,0,1,10.714285714285714,15.315268646616897,0.7919308307769687,12.12863342288778,3,209.209,-0.11720000000000014,1.0,7.0,4.0,1.0,,,,22.9922992816318,7.0,4.0,3.0,4.0,2.0,1.0,,,,,11.504620133422149,6.3240527277300975,63.62637362637361,14.376539920474563,1283,16,13,1.1889295944914344,1.0296778997591027,7.259444124724703,6.8360261052125555,28,61.42780556597803,4.0,1.1787675402633357,0.9380309805500543,ZINCf5000002rFoH_m01_t01,TRP23;SER20;PHE19;LEU26,1.0,30.749653904532412
37,native_first,CHEMBL378100,CN(C)C(=O)[C@@H]1N[C@H](CC(C)(C)C)[C@]2(C(=O)Nc3cc(Cl)ccc32)[C@H]1c1cccc(Cl)c1,1306,628,628,0,1,1,14.285714285714286,17.040662921434695,0.6695731350380844,11.40997009543227,4,474.43200000000013,4.831900000000004,2.0,3.0,3.0,1.0,,,,31.369972382331152,11.0,7.0,4.0,7.0,3.0,1.0,,,,,16.892044432446678,10.1603765172983,50.05661066471876,20.511526419917796,9,16,5,1.1911547546074002,1.6094958591285302,8.317947102500712,6.8052365518508084,28,61.42780556597803,4.0,1.2623398289776726,1.3889777669342571,CHEMBL378100_m01_t04,TRP23;SER20;PHE19;LEU26,2.0,49.43841092493569
38,native_first,CHEMBL5913446,CC[C@@H]([C@@H](O)CO)N1C(=O)[C@@](C)(CC(=O)O)C[C@H](c2cccc(Cl)c2)[C@H]1c1ccc(Cl)cc1,595,31,31,1,1,1,17.857142857142858,20.761815270090853,0.6736697057971359,13.986605984816588,5,494.4150000000001,4.663400000000004,3.0,4.0,8.0,1.0,,,,37.17991367728853,13.0,9.0,4.0,9.0,3.0,1.0,,,,,29.031839272450373,19.326577150493858,58.316984721479095,31.068857873659915,2,16,12,1.4215335941554472,1.532207540770672,10.950081780516529,9.942580848524,28,61.42780556597803,4.0,1.2695783704795274,0.994534428475983,CHEMBL5913446_m01_t02,TRP23;SER20;PHE19;LEU26,2.0,69.62581270244205
39,native_first,CHEMBL3687241,CC(C)c1c2c(nn1Cc1nnn[nH]1)C(=O)N(c1cccc(Cl)c1F)C2c1ccc(Cl)cc1,234,26,26,1,1,1,21.428571428571427,22.487209544908655,0.6737988236606752,15.15185533877056,6,486.3380000000001,4.763600000000004,1.0,6.0,5.0,1.0,,,,39.17941296453707,12.0,8.0,4.0,8.0,3.0,1.0,,,,,23.361824747588585,14.973786574654113,53.116966580976886,27.31622180182571,14,16,3,1.7860242269594924,1.3215496106348903,10.950081780516529,10.331900301155828,28,61.42780556597803,4.0,1.2745783065153704,1.398982775719831,CHEMBL3687241_m01_t01,TRP23;SER20;PHE19;LEU26,1.0,152.08179883127693
40,native_first,CHEMBL4102803,O=C(CC(c1ccccc1)c1ccccc1)N[C@H](Cc1ccc(O)cc1)C(=O)O,183,33,33,1,1,1,17.857142857142858,20.731008121704747,0.7397017019882097,15.3347619915564,5,389.45100000000014,3.726300000000001,3.0,3.0,8.0,1.0,,,,36.510657278664645,11.0,7.0,4.0,7.0,3.0,1.0,,,,,22.67912001909057,14.236826150149495,55.72126847877923,26.137004333984088,10,16,11,1.376105687345493,1.222865958264634,8.622706883572002,8.279327267572059,28,61.42780556597803,4.0,1.276769432042973,1.265330601230306,CHEMBL4102803_m01_t03,TRP23;SER20;PHE19;LEU26,1.0,56.365299190742554
41,native_first,CHEMBL5854116,Cc1cn(C[C@H]2CC[C@H](C)CC2)c2c(-c3cncc(Cl)c3)nc(C(=O)O)nc12,172,27,27,1,1,1,17.857142857142858,18.961807114312233,0.8112615709786982,15.382985428151999,5,398.8940000000001,4.979620000000005,1.0,5.0,4.0,1.0,,,,38.326315713970914,12.0,8.0,4.0,8.0,3.0,1.0,,,,,18.752154412775596,11.533101091810252,50.13168699553366,23.645694738074425,32,16,13,1.090844704026219,0.9434248283090483,10.950081780516529,10.208907993198249,28,61.42780556597803,4.0,1.333465621921514,0.9948420509288898,CHEMBL5854116_m02_t01,TRP23;SER20;PHE19;LEU26,0.0,166.59527936339032
42,native_first,CHEMBL4115504,O=C(O)C[C@H]1C[C@H](c2cccc(Cl)c2)[C@@H](c2ccc(Cl)cc2)N([C@H](CO)C2CC2)C1=O,601,53,53,1,1,1,17.857142857142858,18.961807114312233,0.7366640382073609,13.968481400538314,5,462.3730000000002,4.912400000000005,2.0,3.0,7.0,1.0,,,,31.369972382331152,11.0,7.0,4.0,7.0,3.0,1.0,,,,,24.300290109625934,15.059384173507551,62.89400584795322,26.067710677802236,26,16,1,1.6913440883856625,0.9998043470928115,10.950081780516529,10.55397398278105,28,61.42780556597803,4.0,1.3346487584040783,0.8599124542321487,CHEMBL4115504_m01_t01,TRP23;SER20;PHE19;LEU26,0.0,49.20731223596171
43,native_first,CHEMBL3407579,CC(C)(C)NC(=O)C(c1c(C(=O)O)[nH]c2cc(Cl)ccc12)N(C=O)Cc1cc(F)c(F)c(F)c1,40,18,18,1,1,1,17.857142857142858,20.731008121704747,0.7853383196171219,16.280855082268513,5,495.88500000000016,4.551200000000002,3.0,3.0,7.0,1.0,,,,43.15218498890308,14.0,9.0,5.0,9.0,3.0,1.0,,,,,24.13608621586375,16.572470664840647,44.400156925930105,28.890110909123585,1,16,7,1.2658523952477494,0.9294712185428999,8.622706883572002,7.602079966777872,28,61.42780556597803,4.0,1.3821938793480144,0.9265544669221127,CHEMBL3407579_m02_t06,TRP23;SER20;PHE19;LEU26,2.0,155.09198053228798
44,native_first,ZINCf50000009aa3,CCc1ncn(Cc2noc(CN)n2)n1,1326,758,758,0,1,1,14.285714285714286,17.040662921434695,0.6587799628951124,11.226047287090866,4,208.225,-0.2695000000000002,1.0,7.0,4.0,1.0,,,,24.84111536008353,8.0,5.0,3.0,5.0,3.0,1.0,,,,,11.404518592325743,6.285422880039617,61.45978939521013,14.763667784265191,74,16,0,1.7287565847487887,1.497719709323025,8.317947102500712,8.517442272650293,28,61.42780556597803,4.0,1.3956534907667029,1.9525955611139771,ZINCf50000009aa3_m02_t01,TRP23;SER20;PHE19;LEU26,3.0,31.445443322518294
45,native_first,CHEMBL2313485,COc1cc(C(O)c2c(-c3cc[nH]c3)[nH]c3ccccc23)cc(OC)c1OC,1156,592,592,0,1,1,14.285714285714286,19.005613846886952,0.642224772379174,12.20587602674345,4,378.4280000000002,4.270500000000002,3.0,4.0,6.0,1.0,,,,46.07385638839414,14.0,9.0,5.0,9.0,3.0,1.0,,,,,36.06214268281362,25.664167452409593,60.624473676568826,38.565071109208745,35,16,5,1.7303194975872611,1.604397786868484,8.622706883572002,8.287472443797501,28,61.42780556597803,4.0,1.4022396186998793,1.5649437312538481,CHEMBL2313485_m01_t01,TRP23;SER20;PHE19;LEU26,0.0,77.80216187780447
46,native_first,CHEMBL3693969,CNC(=O)[C@@H]1NC2(CCCCC2)[C@@]2(C(=O)Nc3cc(Cl)ccc32)[C@H]1c1cccc(Cl)c1F,1240,598,598,0,1,1,10.714285714285714,15.315268646616897,0.7691746301884428,11.780116097498205,3,476.37900000000013,4.526900000000003,3.0,3.0,2.0,1.0,,,,37.17991367728853,13.0,9.0,4.0,9.0,3.0,1.0,,,,,17.522061208246065,11.153222470512675,40.84694240944241,22.43652432550668,5,16,9,0.782534896391164,1.1172115980729387,7.259444124724703,5.358887141572865,28,61.42780556597803,4.0,1.412022098832958,1.6664417310523814,CHEMBL3693969_m02_t05,TRP23;SER20;PHE19;LEU26,1.0,50.354044229153416
47,native_first,CHEMBL3265101,COc1ccc(/C=C2/C(=O)Nc3cc(F)ccc32)c(-c2ccc(C#N)cc2)c1,616,42,42,1,1,1,17.857142857142858,20.731008121704747,0.672116381234467,13.933650158102541,5,370.3830000000001,4.865680000000004,1.0,3.0,3.0,1.0,,,,32.613794562794084,10.0,6.0,4.0,6.0,3.0,1.0,,,,,24.896674673646775,14.999174124709032,73.1974621680504,26.825954645933603,42,16,9,1.960766010563422,1.236309242658208,8.622706883572002,8.651935139780452,28,61.42780556597803,4.0,1.4369275849400571,1.3636403856160613,CHEMBL3265101_m01_t02,TRP23;SER20;PHE19;LEU26,0.0,71.7801209468106
48,native_first,ZINCf5000000ZrK7,CCc1nnnn1Cc1cc(CO)on1,1289,759,759,0,1,1,10.714285714285714,15.315268646616897,0.7525084780290111,11.524869499871114,3,209.209,-0.23590000000000017,1.0,7.0,4.0,1.0,,,,24.84111536008353,8.0,5.0,3.0,5.0,3.0,1.0,,,,,11.211903349207157,6.242359595384609,54.98732037193575,14.61920635192625,373,16,8,1.2039913646099412,1.223948010327617,7.259444124724703,6.5214079750049985,28,61.42780556597803,4.0,1.715947444408651,1.9652986292826526,ZINCf5000000ZrK7_m01_t01,TRP23;SER20;PHE19;LEU26,3.0,0.5334887508733228
49,native_first,ZINCf5000000ajFz,NCCc1cc(-c2nc(CN)no2)no1,1487,1501,1501,0,0,1,14.285714285714286,15.036168524741624,0.6910914356835257,10.39136729294313,4,209.20899999999997,-0.31549999999999984,2.0,7.0,4.0,1.0,,,,25.877209301627506,8.0,4.0,4.0,4.0,2.0,1.0,,,,,13.693864641599793,7.70103287729684,61.73564753004005,16.739700806606724,179,16,8,1.4441872106703488,1.4887555856852546,7.155285109623515,6.930434554687878,28,61.42780556597803,4.0,1.7257075034129743,1.969409831128802,ZINCf5000000ajFz_m01_t01,TRP23;SER20;PHE19;LEU26,1.0,61.388777899642115
50,native_first,CHEMBL5876084,CO[C@]1(c2ccc(Cl)cc2)c2c(F)cc(C(C)(C)O)cc2C(=O)N1Cc1ccc(C#N)cn1,274,28,28,1,1,1,14.285714285714286,19.005613846886952,0.789797590286722,15.010588018191271,4,465.9120000000002,4.476680000000004,1.0,5.0,5.0,1.0,,,,38.058149456142004,13.0,9.0,4.0,9.0,3.0,1.0,,,,,29.432229396675247,19.15816112240059,63.46932687583353,31.588709411541938,17,16,2,1.4806512143625248,0.8261836716440446,8.622706883572002,8.313264778456135,28,61.42780556597803,4.0,1.8760162146844674,1.14201290795595,CHEMBL5876084_m01_t01,TRP23;SER20;PHE19;LEU26,2.0,43.1183323572935
51,native_first,CHEMBL5775440,Cc1nc2nc(C(=O)O)nc(N[C@H](C)C3CCC3)c2n1C[C@H]1CC[C@H](C)CC1,875,29,29,1,1,1,17.857142857142858,18.7968643446386,0.6993167584363034,13.144962242259595,5,385.5120000000002,4.259720000000003,2.0,6.0,6.0,1.0,,,,37.94841643764128,14.0,9.0,5.0,9.0,3.0,1.0,,,,,24.78241125552939,15.816989146673494,57.21072678608192,28.07391255105736,40,16,7,1.8377424846221413,1.0189895505522804,10.950081780516529,9.78531471405982,28,58.24289704674153,4.0,1.4101046336261993,1.5791565372944263,CHEMBL5775440_m02_t08,TRP23;SER20;LEU26;LEU22,1.0,78.92585634819537
52,native_first,ZINCf5000002ov2H,Cc1nc(CC(=N)NOCCCO)no1,799,502,502,1,1,1,14.285714285714286,17.205605691108325,0.7777258522485834,13.381244349570299,4,214.22499999999997,-0.1986099999999999,3.0,6.0,6.0,1.0,,,,22.891259571188275,8.0,4.0,4.0,4.0,3.0,1.0,,,,,13.247718707605113,7.433330464590371,60.82655065955655,15.658603923500902,817,16,9,1.5200840355396827,0.8451846040921569,8.622706883572002,9.225761368882004,28,58.103719090891246,4.0,1.4859364354114413,1.5487820144127642,ZINCf5000002ov2H_m01_t06,TRP23;GLU17;LEU26;LEU22,0.0,7.2789773220869485
53,native_first,ZINCf5000000ajs3,NCCOCc1cn(CCCCO)nn1,884,333,333,1,1,1,14.285714285714286,17.205605691108325,0.7620281318343602,13.111155561873913,4,214.26899999999998,-0.4741000000000006,2.0,6.0,8.0,1.0,,,,24.71882228243319,9.0,5.0,4.0,5.0,3.0,1.0,,,,,15.754771235525137,9.026320673668161,61.88670829616413,17.99578399725215,305,16,4,1.2335741090611587,0.990999693777801,8.622706883572002,7.1278788601054295,28,55.99804941825661,4.0,1.360963977540383,1.30030132566202,ZINCf5000000ajs3_m01_t01,SER20;GLU17;PHE19;LEU22,1.0,33.75467582646155
54,native_first,ZINCf50000009AIT,COCc1noc(CNCCC(N)=O)n1,431,135,135,1,1,1,10.714285714285714,15.48021141629053,0.9348632033902797,14.471880033792143,3,214.22499999999997,-0.8189999999999993,2.0,6.0,7.0,1.0,,,,27.71640299041971,10.0,5.0,5.0,5.0,3.0,1.0,,,,,16.667658857480262,9.87916934947015,53.27715355805244,19.429844890715124,138,16,10,0.6203320122903342,0.49349353151214714,8.622706883572002,8.277011131750351,28,55.99804941825661,4.0,1.4835278875369744,2.1734936619167,ZINCf50000009AIT_m02_t02,SER20;GLU17;PHE19;LEU22,0.0,0.30546916621704057
55,native_first,ZINCf500000183nO,NCC(=O)Cn1cc(CCCCO)nn1,44,501,501,1,1,1,17.857142857142858,20.731008121704747,0.7830419764140714,16.23324957267585,5,212.253,-0.8791000000000007,2.0,6.0,7.0,1.0,,,,22.891259571188275,8.0,4.0,4.0,4.0,3.0,1.0,,,,,13.906889532222264,7.777101284686995,65.65557729941294,16.152982041963764,1290,16,5,1.2325325584979758,1.060943004491731,8.622706883572002,8.308870001741635,28,55.99804941825661,4.0,1.4968877259024678,1.367494099422501,ZINCf500000183nO_m02_t03,SER20;GLU17;PHE19;LEU22,1.0,6.8607042246183205
56,native_first,ZINCf5000000axnZ,O=S(=O)(NCCCCCO)c1cnn[nH]1,439,163,163,1,1,1,17.857142857142858,20.731008121704747,0.6966860668722623,14.443004510607407,5,234.281,-0.7544000000000006,3.0,5.0,7.0,1.0,,,,26.900792975049644,9.0,5.0,4.0,5.0,3.0,1.0,,,,,14.930655923121607,8.775239724017913,50.011034604519786,17.923190186103614,828,16,8,1.8035240107796469,1.1404043699478768,8.622706883572002,7.889838535478202,28,55.99804941825661,4.0,1.4976345106745539,1.7958742170572044,ZINCf5000000axnZ_m01_t03,SER20;GLU17;PHE19;LEU22,2.0,-121.97752611322478
57,native_first,ZINCf50000009TZE,C[C@H](C(N)=O)n1cc(CSCCO)nn1,750,496,496,1,1,1,14.285714285714286,17.205605691108325,0.785255729452231,13.510800447638724,4,230.29299999999998,-0.4501000000000001,2.0,6.0,6.0,1.0,,,,22.891259571188275,8.0,4.0,4.0,4.0,3.0,1.0,,,,,14.489089529345875,8.12456027727026,66.88375350140056,16.589632039806474,1086,16,3,1.0888144362939915,1.0105374289754605,8.622706883572002,7.384960295025836,28,55.99804941825661,4.0,1.5106180456157565,2.0363524393478447,ZINCf50000009TZE_m01_t02,SER20;GLU17;PHE19;LEU22,2.0,17.354451732291558
58,native_first,ZINCf50000009AET,COCc1nc(CNCCC(=O)O)no1,404,129,129,1,1,1,10.714285714285714,15.48021141629053,0.9425285319380475,14.590540940286916,3,215.209,-0.21970000000000028,2.0,6.0,7.0,1.0,,,,27.71640299041971,10.0,5.0,5.0,5.0,3.0,1.0,,,,,18.460231574345638,11.021989397909962,56.775342712842736,20.774274428364155,237,16,1,0.5504667974628346,0.4138508969017705,8.622706883572002,7.910816673309162,28,55.99804941825661,4.0,1.5534542304301544,2.181832053224072,ZINCf50000009AET_m02_t02,SER20;GLU17;PHE19;LEU22,0.0,-42.77727614653517
59,native_first,ZINCf5000000akV7,NCc1nc(C(=O)NCCCON)cs1,899,71,71,1,1,1,17.857142857142858,20.731008121704747,0.6312269785225929,13.08597161839102,5,230.29299999999998,-0.3880000000000008,3.0,6.0,6.0,1.0,,,,29.898373683036166,10.0,5.0,5.0,5.0,3.0,1.0,,,,,15.150875812361688,9.114438407247116,44.8640933878664,18.837750280030306,628,16,14,1.6635856428106068,1.5685164920398422,8.622706883572002,7.222312116206691,28,55.99804941825661,4.0,1.5585048577364948,1.9276145750028413,ZINCf5000000akV7_m02_t01,SER20;GLU17;PHE19;LEU22,0.0,26.372125647630604
60,native_first,ZINCf5000000axo0,O=S(=O)(NCCCCCO)c1nc[nH]n1,681,168,168,1,1,1,14.285714285714286,17.205605691108325,0.7981915904730839,13.733369771638497,4,234.281,-0.7544000000000006,3.0,5.0,7.0,1.0,,,,26.900792975049644,9.0,5.0,4.0,5.0,3.0,1.0,,,,,13.695103292413183,8.013274104868469,47.07064522998297,16.996525713072298,558,16,1,1.0378144925271746,1.0091438394223706,8.622706883572002,7.590886711482769,28,55.99804941825661,4.0,1.6077139072280933,1.7319681292869678,ZINCf5000000axo0_m01_t02,SER20;GLU17;PHE19;LEU22,3.0,-40.508731188807445
61,native_first,ZINCf5000002oFf9,COCc1nc(CN[C@@H](C)C(=O)O)no1,494,140,140,1,1,1,14.285714285714286,19.005613846886952,0.7526568211847326,14.304704902662472,4,215.209,-0.2213000000000001,2.0,6.0,6.0,1.0,,,,27.71640299041971,10.0,5.0,5.0,5.0,3.0,1.0,,,,,15.762234115051351,9.327636898192257,50.82004145264488,18.75077633389344,934,16,11,1.2496204178209038,1.0958013361686305,8.622706883572002,7.358668532425195,28,55.99804941825661,4.0,1.6149155190803968,1.9300154467810415,ZINCf5000002oFf9_m01_t01,SER20;GLU17;PHE19;LEU22,2.0,51.182614824078215
62,native_first,ZINCf5000000alo6,NOCCCNC(=O)c1cc(CO)on1,189,66,66,1,1,1,14.285714285714286,19.005613846886952,0.8061293774687334,15.320983658802117,4,215.209,-0.8229,3.0,6.0,6.0,1.0,,,,29.898373683036166,10.0,5.0,5.0,5.0,3.0,1.0,,,,,17.609882484556422,10.672595312313387,50.31529989157107,20.68200528417636,1316,16,4,1.1553375117324551,0.9299215086760123,8.622706883572002,9.359377488053392,28,55.99804941825661,4.0,1.6337298543232377,2.0542728271970083,ZINCf5000000alo6_m01_t02,SER20;GLU17;PHE19;LEU22,2.0,21.395127966389598
63,native_first,ZINCf5000000ahsC,NC(=O)c1nnc(NC(=O)CCCO)s1,372,65,65,1,1,1,14.285714285714286,17.205605691108325,0.8539610324036576,14.692916799109112,4,230.24899999999997,-0.652000000000001,3.0,6.0,5.0,1.0,,,,29.898373683036166,10.0,5.0,5.0,5.0,3.0,1.0,,,,,18.088817087476343,10.900601274214905,53.113822545286716,21.0412062363663,1227,16,12,0.9348939089659588,0.8447411965438018,8.622706883572002,8.532122341555922,28,55.99804941825661,4.0,1.6824489753447986,1.6328362640707652,ZINCf5000000ahsC_m01_t08,SER20;GLU17;PHE19;LEU22,1.0,-31.464781309240365
64,native_first,ZINCf5000002mBws,CN(CSc1n[nH]c(CO)n1)S(C)(=O)=O,457,351,351,1,1,1,14.285714285714286,17.205605691108325,0.8376723792716978,14.412660656081375,4,252.321,-0.762,2.0,6.0,5.0,1.0,,,,24.71882228243319,9.0,5.0,4.0,5.0,3.0,1.0,,,,,11.847107709987498,6.718450817480692,50.06574074074075,15.06503635309892,1490,16,3,1.4270549333223996,0.5350533137951717,8.622706883572002,8.660218639378023,28,55.99804941825661,4.0,1.7546178939956545,1.5533487857284662,ZINCf5000002mBws_m01_t02,SER20;GLU17;PHE19;LEU22,2.0,-55.66298709374154
65,native_first,ZINCf5000000atn8,O=C(O)CCn1cc(CSCCO)nn1,442,492,492,1,1,1,14.285714285714286,17.205605691108325,0.8389187933111071,14.434105964571312,4,231.277,-0.021699999999999997,2.0,6.0,7.0,1.0,,,,22.891259571188275,8.0,4.0,4.0,4.0,3.0,1.0,,,,,15.5006240219838,8.712507524003463,70.17768301350392,17.34828290928492,116,16,10,1.0782665315553182,0.8382231834317281,8.622706883572002,8.631385298730368,28,55.99804941825661,4.0,1.8034195471014376,1.2645095781746105,ZINCf5000000atn8_m02_t01,SER20;GLU17;PHE19;LEU22,1.0,3.815441314952646
66,native_first,ZINCf5000000ai5I,NCC(=O)Cn1cc(CSCCO)nn1,134,494,494,1,1,1,17.857142857142858,20.731008121704747,0.7525373282391121,15.600857463611025,5,230.29299999999998,-0.9686000000000006,2.0,7.0,7.0,1.0,,,,22.891259571188275,8.0,4.0,4.0,4.0,3.0,1.0,,,,,15.256882816111839,8.574190833989162,69.15966386554622,17.165477004880948,66,16,1,1.3994665275093805,1.112121966540526,8.622706883572002,9.135955544255943,28,55.99804941825661,4.0,1.8143421870853902,2.0389879325442113,ZINCf5000000ai5I_m01_t02,SER20;GLU17;PHE19;LEU22,2.0,60.565775129124106
67,native_first,ZINCf5000000amZV,N[C@H](CO)c1cn(CCCC(=O)O)nn1,144,162,162,1,1,1,14.285714285714286,17.205605691108325,0.9044103852405919,15.560928471393,4,214.225,-0.8650000000000009,3.0,6.0,6.0,1.0,,,,26.900792975049644,9.0,5.0,4.0,5.0,3.0,1.0,,,,,16.924411534126428,9.886737950058798,58.73058671268334,19.41850689435723,120,16,7,0.9316585837939221,0.48750156347237056,8.622706883572002,8.894858577581664,28,55.99804941825661,4.0,1.8560017112195268,2.29436900929293,ZINCf5000000amZV_m01_t01,SER20;GLU17;PHE19;LEU22,0.0,-10.370284580073228
68,native_first,ZINCf5000000VlUp,COC[C@H](C)NCc1noc(C(=O)O)n1,351,146,146,1,1,1,14.285714285714286,19.005613846886952,0.7755768429254682,14.740313985229147,4,215.209,-0.10770000000000018,2.0,6.0,6.0,1.0,,,,27.71640299041971,10.0,5.0,5.0,5.0,3.0,1.0,,,,,13.812674419780851,8.09119568112387,47.16219460952039,17.288606562440567,538,16,7,1.1357082624101786,1.1807352408402167,8.622706883572002,8.512176355926107,28,55.99804941825661,4.0,1.861684752970108,2.0090296329583563,ZINCf5000000VlUp_m02_t01,SER20;GLU17;PHE19;LEU22,0.0,71.526021240372
69,native_first,ZINCf5000002aSjQ,COCC[S@@](=O)NCc1nnc(CO)s1,381,41,41,1,1,1,10.714285714285714,15.315268646616897,0.9577760086992527,14.668596876513536,3,251.333,-0.5699000000000003,2.0,7.0,7.0,1.0,,,,32.67271019266036,11.0,7.0,4.0,7.0,3.0,1.0,,,,,17.071997491145808,10.299652495117309,49.84981933152665,20.972175666524446,693,16,6,0.42983740268345383,0.4410456586621881,7.259444124724703,7.112431094283748,28,55.99804941825661,4.0,1.865201573481468,1.5059887027228196,ZINCf5000002aSjQ_m01_t01,SER20;GLU17;PHE19;LEU22,3.0,19.365871866105014
70,native_first,ZINCf5000000a94X,Cc1nnc(SCCCO)n1CC(N)=O,199,342,342,1,1,1,17.857142857142858,20.731008121704747,0.7378094605701307,15.295533919349978,5,230.29299999999998,-0.45368,2.0,6.0,6.0,1.0,,,,24.71882228243319,9.0,5.0,4.0,5.0,3.0,1.0,,,,,13.38531021347925,7.627101478911682,54.62652666070896,16.21868823071774,1505,16,2,1.3310689941001532,1.2633641728334677,8.622706883572002,9.01148409367896,28,55.99804941825661,4.0,1.9103012408110125,2.1624422390490783,ZINCf5000000a94X_m01_t02,SER20;GLU17;PHE19;LEU22,3.0,-26.36406148337426
71,native_first,ZINCf5000000ZxLc,NCc1noc(CCCn2ccnn2)n1,1162,757,757,0,1,1,14.285714285714286,17.205605691108325,0.707542529062408,12.173697764737344,4,208.22500000000002,-0.2474000000000003,1.0,7.0,5.0,1.0,,,,24.84111536008353,8.0,5.0,3.0,5.0,3.0,1.0,,,,,13.763051342646559,7.732108418726415,62.555586436909415,16.532567347005802,428,16,14,1.5533569724541039,1.3037896332224952,8.622706883572002,8.399794443022508,28,55.99804941825661,4.0,1.92651332384914,2.069897735610581,ZINCf5000000ZxLc_m01_t03,SER20;GLU17;PHE19;LEU22,0.0,25.068020417604345
72,native_first,ZINCf5000000ZxAk,NCC(CN)n1cc(CCCCO)nn1,948,802,802,0,1,1,10.714285714285714,14.035426252508884,0.9225961119179499,12.949029689675818,3,213.28499999999997,-0.9483999999999992,3.0,6.0,7.0,1.0,,,,23.886789807026993,8.0,5.0,3.0,5.0,3.0,1.0,,,,,12.22406824411126,6.824499159300423,58.54542966611932,15.139748634840194,168,16,7,0.5318536254216859,0.5799218490396664,5.577579134355692,6.322133942571224,28,55.99804941825661,4.0,2.015372357039921,2.1211175104286184,ZINCf5000000ZxAk_m01_t01,SER20;GLU17;PHE19;LEU22,2.0,39.90163870287711
73,native_first,ZINCf5000000aguE,NC(=O)CSCc1coc(S(N)(=O)=O)c1,454,241,241,1,1,1,14.285714285714286,17.205605691108325,0.8383046590133035,14.423539412001919,4,250.301,-0.3545,2.0,5.0,5.0,1.0,,,,25.88884027917479,9.0,4.0,5.0,4.0,3.0,1.0,,,,,15.196210333163584,8.837713566410194,54.17023401826484,17.869367819666387,864,16,7,0.8889836222769494,0.968770509365689,8.622706883572002,8.566333523876644,28,55.99804941825661,4.0,2.0169005708298364,1.7384735591021354,ZINCf5000000aguE_m01_t03,SER20;GLU17;PHE19;LEU22,3.0,-73.33066677148882
74,native_first,ZINCf5000000Zz22,OCCc1nnnn1Cc1nnc(Br)s1,887,1217,1217,1,0,1,10.714285714285714,15.315268646616897,0.8555666635196278,13.103233296892785,3,291.134,-0.12980000000000014,1.0,8.0,4.0,1.0,,,,22.9922992816318,7.0,4.0,3.0,4.0,2.0,1.0,,,,,9.518556304099736,5.204310715584231,55.656067251461984,12.886992048482753,522,16,6,0.8574381376900412,0.8112080500811264,7.259444124724703,6.424095423793738,28,48.33692741779336,3.0,0.6870263725245563,1.1388066607092666,ZINCf5000000Zz22_m01_t01,TRP23;SER20;PHE19,1.0,5.528917177776122
75,native_first,ZINCf5000000SOrb,N[C@H](CO)c1cn(Cc2csnn2)nn1,216,1189,1189,1,0,1,17.857142857142858,20.731008121704747,0.7333992866047052,15.20410656705461,5,226.26500000000004,-0.8300000000000007,2.0,8.0,4.0,1.0,,,,25.877209301627506,8.0,4.0,4.0,4.0,2.0,1.0,,,,,13.322363966705606,7.541776282171098,57.04913643057973,16.46107530043608,1190,16,8,1.5064172174255104,1.1622112293489342,8.622706883572002,9.035978693410536,28,48.33692741779336,3.0,0.8055444124500307,0.9731496145440426,ZINCf5000000SOrb_m02_t01,TRP23;SER20;PHE19,2.0,20.75339457027518
76,native_first,ZINCf5000000SOr8,N[C@H](CO)c1cn(Cc2cnns2)nn1,72,1188,1188,1,0,1,17.857142857142858,20.731008121704747,0.7699017644265154,15.960839731240904,5,226.26500000000004,-0.8300000000000007,2.0,8.0,4.0,1.0,,,,25.877209301627506,8.0,4.0,4.0,4.0,2.0,1.0,,,,,13.322363966705606,7.541776282171098,57.04913643057973,16.46107530043608,1184,16,8,1.3258136795320352,1.0644943930901036,8.622706883572002,9.068470385841058,28,48.33692741779336,3.0,0.8112694191971351,0.8871348299152354,ZINCf5000000SOr8_m02_t01,TRP23;SER20;PHE19,0.0,17.210664222272086
77,native_first,ZINCf5000000a183,C[C@H](c1nc(CCN)no1)n1cncn1,1329,1519,1519,0,0,1,10.714285714285714,15.48021141629053,0.7241455825783326,11.20992671448546,3,208.22500000000005,-0.22840000000000032,1.0,7.0,4.0,1.0,,,,22.9922992816318,7.0,4.0,3.0,4.0,2.0,1.0,,,,,7.835088544715357,4.25504302349746,49.39075883701291,11.624391228944468,1033,16,11,1.32037084712764,0.9211839208241925,8.622706883572002,6.318669708614928,28,48.33692741779336,3.0,0.8236676945549004,1.0381766122653275,ZINCf5000000a183_m02_t01,TRP23;SER20;PHE19,0.0,23.078611454875933
78,native_first,ZINCf50000009XDh,C[C@H](N)Cc1cn(Cc2cnon2)nn1,1314,1515,1515,0,0,1,10.714285714285714,15.315268646616897,0.7411422755902046,11.35079305602896,3,208.22500000000002,-0.40090000000000003,1.0,7.0,4.0,1.0,,,,22.9922992816318,7.0,4.0,3.0,4.0,2.0,1.0,,,,,12.160654767137537,6.664556922666928,69.3609022556391,14.868565895761105,435,16,0,1.216185818952694,1.2765948947017736,7.259444124724703,6.459515451766598,28,48.33692741779336,3.0,0.9172288457363167,0.7750427344034172,ZINCf50000009XDh_m01_t01,TRP23;SER20;PHE19,1.0,14.242594350622142
79,native_first,ZINCf50000018000,Cc1nc(-c2cnsn2)n(CC(N)=O)n1,908,1182,1182,1,0,1,17.857142857142858,20.731008121704747,0.6303119078707704,13.067001281276156,5,224.24899999999997,-0.4096800000000002,1.0,7.0,3.0,1.0,,,,25.989879989618323,8.0,4.0,4.0,4.0,2.0,1.0,,,,,11.337167478014768,6.3647299171462866,51.82676518883416,15.000345605915658,933,16,11,1.446576782154513,1.7494155217500698,8.622706883572002,7.291136357977462,28,48.33692741779336,3.0,0.9580121721529588,1.6107318332179326,ZINCf50000018000_m01_t01,TRP23;SER20;PHE19,0.0,-13.188989413723178
80,native_first,CHEMBL514709,COc1ccc(/C=C2/C(=O)Nc3ccccc32)c(OC)c1,288,126,126,1,1,1,17.857142857142858,20.731008121704747,0.7208491445090145,14.943929469340299,5,281.31100000000004,3.1965000000000012,1.0,3.0,3.0,1.0,,,,27.83869606807005,9.0,5.0,4.0,5.0,3.0,1.0,,,,,16.398039461123606,9.406004793770766,63.89475830367735,19.25820361286022,36,16,14,1.5895542057653447,1.195605453188957,8.622706883572002,8.715031951563493,28,48.33692741779336,3.0,1.0758594080539048,1.3480105516572938,CHEMBL514709_m01_t01,TRP23;SER20;PHE19,1.0,55.54458577957295
81,native_first,ZINCf50000024pNc,NC(=NOCc1ccns1)c1nn[nH]n1,406,1161,1161,1,0,1,14.285714285714286,17.205605691108325,0.8468823170248108,14.571123213501089,4,225.23700000000002,-0.5067000000000006,2.0,7.0,4.0,1.0,,,,28.87479000961403,9.0,4.0,5.0,4.0,2.0,1.0,,,,,13.889914402783246,8.164906277425105,46.48138661202188,17.63613330449094,715,16,7,0.9641045412154912,0.8468401183087941,8.622706883572002,8.165678638046595,28,48.33692741779336,3.0,1.1707845738379663,1.5494785335470749,ZINCf50000024pNc_m01_t06,TRP23;SER20;PHE19,1.0,-0.1374582858857576
82,native_first,ZINCf5000002edWS,NCCCCn1cc(-c2nn[nH]n2)nn1,1317,1500,1500,0,0,1,14.285714285714286,17.040662921434695,0.6643700086037365,11.321305371726941,4,208.229,-0.8029000000000002,2.0,7.0,5.0,1.0,,,,25.877209301627506,8.0,4.0,4.0,4.0,2.0,1.0,,,,,15.117079100304176,8.553211812994729,64.9960717559251,17.80711165063501,765,16,12,1.4532010079252544,1.6051102492546343,8.317947102500712,7.51343171308496,28,48.33692741779336,3.0,1.1714746825829656,0.8760922195174426,ZINCf5000002edWS_m01_t02,TRP23;SER20;PHE19,2.0,-2.9236479163186893
83,native_first,ZINCf50000029FqH,NC(=NOCc1cnco1)c1nn[nH]n1,540,1160,1160,1,0,1,14.285714285714286,17.205605691108325,0.8211513802394412,14.128406861109186,4,209.169,-0.9752000000000005,2.0,7.0,4.0,1.0,,,,28.87479000961403,9.0,4.0,5.0,4.0,2.0,1.0,,,,,15.239492281136185,8.975676279646617,50.439453125,18.648316713255646,712,16,0,0.956488385734718,0.9765864766859068,8.622706883572002,7.9038147607048,28,48.33692741779336,3.0,1.1790388217221772,1.56990549394217,ZINCf50000029FqH_m01_t06,TRP23;SER20;PHE19,1.0,10.165791173485637
84,native_first,ZINCf50000027F9l,COCc1nc(SCc2nn[nH]n2)n[nH]1,814,59,59,1,1,1,14.285714285714286,17.205605691108325,0.7766575496882288,13.362863556958034,4,227.25300000000004,-0.24350000000000016,2.0,7.0,5.0,1.0,,,,30.723606088065758,10.0,5.0,5.0,5.0,3.0,1.0,,,,,14.562417024549218,8.654922259006606,45.87439979782664,18.602714290428352,442,16,6,1.224589978242608,1.0987918919031878,8.622706883572002,8.215461602347812,28,48.33692741779336,3.0,1.1855162650071351,1.5873364159765988,ZINCf50000027F9l_m01_t01,TRP23;SER20;PHE19,3.0,58.35746352833327
85,native_first,ZINCf5000000ahoM,NC(=O)c1cn(Cc2nnsc2Cl)nn1,727,1180,1180,1,0,1,14.285714285714286,17.205605691108325,0.7890445657315086,13.575989670688141,4,244.667,-0.06980000000000025,1.0,7.0,3.0,1.0,,,,25.989879989618323,8.0,4.0,4.0,4.0,2.0,1.0,,,,,12.281761537818637,6.926101817698846,54.16610459103378,15.708791150768558,1479,16,4,0.9504304761658161,1.0684432709461598,8.622706883572002,7.347350690515342,28,48.33692741779336,3.0,1.1975474442792962,1.7258279544273145,ZINCf5000000ahoM_m01_t01,TRP23;SER20;PHE19,1.0,-4.862580960774506
86,native_first,ZINCf5000000acCI,Cn1nnc(CSc2n[nH]c(CO)n2)n1,894,128,128,1,1,1,14.285714285714286,17.205605691108325,0.7607828746959268,13.089730158565988,4,227.25300000000001,-0.8872000000000002,2.0,8.0,4.0,1.0,,,,27.72602538007924,9.0,5.0,4.0,5.0,3.0,1.0,,,,,13.937981213437558,7.992979524894187,54.39804888507721,17.38499225509798,946,16,14,1.3172843477433638,1.1301208928146054,8.622706883572002,8.215298991677198,28,48.33692741779336,3.0,1.208899047411289,1.5450772056625566,ZINCf5000000acCI_m01_t02,TRP23;SER20;PHE19,1.0,55.70014049870924
87,native_first,ZINCf5000000a181,C[C@H](c1csnn1)n1cc(C(N)=O)nn1,617,1181,1181,1,0,1,14.285714285714286,17.205605691108325,0.8095157465319465,13.928208735571863,4,224.24900000000002,-0.16220000000000023,1.0,7.0,3.0,1.0,,,,25.989879989618323,8.0,4.0,4.0,4.0,2.0,1.0,,,,,12.084834210062054,6.822429377492386,52.850404312668466,15.56109565495112,870,16,10,0.9737639676395649,1.030074920614864,8.622706883572002,7.8690106107238975,28,48.33692741779336,3.0,1.2227928713403244,1.8832867657993757,ZINCf5000000a181_m01_t02,TRP23;SER20;PHE19,2.0,6.398110887812029
88,native_first,ZINCf5000000SOkk,N[C@@H](CO)c1cn(Cc2cnsn2)nn1,170,1187,1187,1,0,1,17.857142857142858,20.731008121704747,0.7424551195801504,15.391843114017368,5,226.26500000000004,-0.8300000000000007,2.0,8.0,4.0,1.0,,,,25.877209301627506,8.0,4.0,4.0,4.0,2.0,1.0,,,,,15.596068346164712,8.880993704974163,63.94910461828465,18.16635358503041,1176,16,11,1.4963836030435298,1.104391508898328,8.622706883572002,9.125788919173777,28,48.33692741779336,3.0,1.2654376981928126,1.752297469623172,ZINCf5000000SOkk_m01_t01,TRP23;SER20;PHE19,1.0,38.34973498850137
89,native_first,ZINCf5000000ZueS,C[C@@H](c1nc([C@@H](C)N)no1)n1cnnn1,1341,1518,1518,0,0,1,10.714285714285714,15.315268646616897,0.7252538857296523,11.107458096952417,3,209.21300000000002,-0.3149000000000001,1.0,8.0,3.0,1.0,,,,22.9922992816318,7.0,4.0,3.0,4.0,2.0,1.0,,,,,10.570855066939206,5.798014522792409,59.78494623655914,13.676216120612356,1175,16,0,1.4253204295752164,1.2844929280391657,7.259444124724703,7.477464734568248,28,48.33692741779336,3.0,1.287907814860386,1.9283904443727338,ZINCf5000000ZueS_m02_t01,TRP23;SER20;PHE19,2.0,16.25329665400813
90,native_first,ZINCf50000009zqC,COC[C@H](N)c1nc(-c2nc[nH]n2)no1,290,1163,1163,1,0,1,14.285714285714286,17.205605691108325,0.8681419955778754,14.93690885980483,4,210.19700000000003,-0.49910000000000004,2.0,7.0,4.0,1.0,,,,28.87479000961403,9.0,4.0,5.0,4.0,2.0,1.0,,,,,13.340726043099552,7.813811447728742,45.5822560467056,17.22424203472817,954,16,8,0.9635645413575482,0.6985496805808712,8.622706883572002,8.066053613783753,28,48.33692741779336,3.0,1.3298968370209767,1.979572230116501,ZINCf50000009zqC_m01_t04,TRP23;SER20;PHE19,3.0,60.93884921383692
91,native_first,ZINCf5000000ae4O,N#CC[C@H](N)c1nc(-c2nc[nH]n2)no1,1509,1493,1493,0,0,1,14.285714285714286,15.036168524741624,0.6697509942352301,10.070488818934177,4,205.181,-0.2318200000000003,2.0,7.0,3.0,1.0,,,,28.87479000961403,9.0,4.0,5.0,4.0,2.0,1.0,,,,,13.178488353839782,7.735697768331194,44.46093750000001,17.102563767783348,612,16,8,1.3994892564789563,1.6177451321240879,7.155285109623515,6.42891565201994,28,48.33692741779336,3.0,1.338884801204765,1.9876993018032474,ZINCf5000000ae4O_m02_t03,TRP23;SER20;PHE19,2.0,26.511974942136177
92,native_first,ZINCf5000000WC1R,O=C(NCCc1nncs1)c1cnon1,986,1497,1497,0,0,1,10.714285714285714,15.48021141629053,0.8282916320970385,12.822129579206491,3,225.233,-0.10640000000000027,1.0,7.0,4.0,1.0,,,,25.989879989618323,8.0,4.0,4.0,4.0,2.0,1.0,,,,,9.66363159152957,5.370870254183647,48.14180705839382,13.74519369105176,1020,16,12,0.6944669689832108,1.0743966877483422,8.622706883572002,7.843834299210867,28,48.33692741779336,3.0,1.3842019527974692,1.8163129922396315,ZINCf5000000WC1R_m01_t02,TRP23;SER20;PHE19,1.0,6.0846716556237315
93,native_first,ZINCf5000002aUYt,O=C(CCc1ncco1)Nn1ccnn1,1468,1505,1505,0,0,1,10.714285714285714,15.315268646616897,0.6840520633098842,10.476441117863466,3,207.193,-0.031000000000000083,1.0,6.0,4.0,1.0,,,,24.133411277653728,7.0,3.0,4.0,3.0,2.0,1.0,,,,,7.85044024200522,4.364381178860747,39.00882492300403,11.921183000917349,887,16,0,1.004207966316384,1.5209992928146623,7.259444124724703,5.340216758098975,28,48.33692741779336,3.0,1.5131716368194872,1.8298658662601284,ZINCf5000002aUYt_m01_t06,TRP23;SER20;PHE19,2.0,-45.75013456550211
94,native_first,ZINCf5000000ap9G,O=C(COc1ccsn1)Nc1nn[nH]n1,530,1179,1179,1,0,1,14.285714285714286,17.205605691108325,0.8238858837694545,14.175455650607537,4,226.22100000000003,-0.3263000000000004,2.0,7.0,4.0,1.0,,,,27.01832129764944,8.0,3.0,5.0,3.0,2.0,1.0,,,,,13.068889199668668,7.5043824462974476,50.55681818181819,16.55624722416386,1480,16,14,1.1212835175412825,0.9005163940149395,8.622706883572002,8.654316687741833,28,48.33692741779336,3.0,1.5536300114854062,1.9975682009698514,ZINCf5000000ap9G_m01_t04,TRP23;SER20;PHE19,2.0,-16.375442901093045
95,native_first,ZINCf5000000ap9k,O=C(COc1ccon1)Nc1nn[nH]n1,593,57,57,1,1,1,14.285714285714286,17.205605691108325,0.8131604124000842,13.990917419374881,4,210.15300000000002,-0.7948000000000006,2.0,7.0,4.0,1.0,,,,30.903279737581347,9.0,4.0,5.0,4.0,3.0,1.0,,,,,12.604998089712833,7.496979540425188,39.55669981060607,17.17956850167996,1168,16,2,1.193682970539608,0.9135443012975859,8.622706883572002,8.691943174337247,28,48.33692741779336,3.0,1.5690764630958396,1.9932194590071826,ZINCf5000000ap9k_m01_t04,TRP23;SER20;PHE19,3.0,-12.86289627961756
96,native_first,ZINCf50000009Hhg,CSCc1noc(CNCCC(N)=O)n1,831,526,526,1,1,1,14.285714285714286,17.205605691108325,0.7734599425902454,13.307846790075045,4,230.29299999999998,-0.10239999999999994,2.0,6.0,7.0,1.0,,,,22.891259571188275,8.0,4.0,4.0,4.0,3.0,1.0,,,,,10.47845915375014,5.826522852507784,51.9782741021679,13.581659258109674,417,16,15,1.1679401744353533,1.0253820969208067,8.622706883572002,9.877033010007118,28,47.669489780771755,3.0,0.3111625232455069,0.3968927548977015,ZINCf50000009Hhg_m01_t03,TRP23;SER20;LEU26,0.0,26.165861766627682
97,native_first,ZINCf50000009Hh3,CSCc1n[nH]c(CNC(=O)CON)n1,843,75,75,1,1,1,14.285714285714286,17.205605691108325,0.7707146224927265,13.260611894981258,4,231.28099999999998,-0.8257999999999992,3.0,6.0,6.0,1.0,,,,29.898373683036166,10.0,5.0,5.0,5.0,3.0,1.0,,,,,14.193625954283698,8.54555439550099,41.86130151476687,18.119812886471813,1496,16,3,1.3190046145949528,1.0424556591946759,8.622706883572002,9.273542284219035,28,47.669489780771755,3.0,0.32275710533794044,0.47122424584373945,ZINCf50000009Hh3_m01_t08,TRP23;SER20;LEU26,0.0,16.802115259694148
98,native_first,ZINCf5000002oGW4,NCCCOCc1cn(CCCN)nn1,1374,853,853,0,1,1,14.285714285714286,15.771438975402623,0.6800974230545666,10.726115005033677,4,213.28499999999997,-0.5076999999999992,2.0,6.0,8.0,1.0,,,,22.891259571188275,8.0,4.0,4.0,4.0,3.0,1.0,,,,,14.289228962093063,8.062942124462067,62.729912875121016,16.439736614366865,952,16,14,1.2999024527478633,1.2825235485782651,9.384125904952475,7.2261577599706825,28,47.669489780771755,3.0,0.42568395366245787,0.3893541228556163,ZINCf5000002oGW4_m01_t01,TRP23;SER20;LEU26,2.0,4.175763675605435
99,native_first,ZINCf5000002oC5o,C[C@H](O)Cn1cc(COCCCN)nn1,630,499,499,1,1,1,14.285714285714286,17.205605691108325,0.8076271714648104,13.89571465764866,4,214.26899999999995,-0.47569999999999907,2.0,6.0,7.0,1.0,,,,22.891259571188275,8.0,4.0,4.0,4.0,3.0,1.0,,,,,14.235095391922798,7.997230803764993,64.70588235294119,16.399136436739166,1472,16,8,1.0662257575464769,0.957051980064616,8.622706883572002,7.723516770203493,28,47.669489780771755,3.0,0.4419305883911991,0.6791411081234555,ZINCf5000002oC5o_m01_t01,TRP23;SER20;LEU26,0.0,26.132301585245298
100,native_first,ZINCf50000009aCA,CCn1cnc(NC(=O)CCCON)n1,776,247,247,1,1,1,17.857142857142858,20.731008121704747,0.6491690043461416,13.457927901458845,5,213.24099999999996,-0.09300000000000053,2.0,6.0,6.0,1.0,,,,25.88884027917479,9.0,4.0,5.0,4.0,3.0,1.0,,,,,14.49662554423989,8.407088706134905,52.58756818834338,17.344679227973614,1018,16,0,1.6203210205685747,1.4460511698193812,8.622706883572002,7.105754663136424,28,47.669489780771755,3.0,0.4666881399661701,0.5554468881035518,ZINCf50000009aCA_m01_t05,TRP23;SER20;LEU26,2.0,-68.54516787230818
101,native_first,ZINCf5000002qDM5,CCc1nsc(CNC(=O)[C@H](C)ON)n1,416,249,249,1,1,1,14.285714285714286,17.205605691108325,0.8444871704521346,14.529913265999213,4,230.29299999999998,-0.0045000000000002816,2.0,6.0,5.0,1.0,,,,25.88884027917479,9.0,4.0,5.0,4.0,3.0,1.0,,,,,14.097456975996428,8.125866426446834,53.17520080321285,17.045302801791017,446,16,12,0.9573185837122142,0.8491283558877795,8.622706883572002,8.01514954925812,28,47.669489780771755,3.0,0.4911034885863032,0.7167136362507125,ZINCf5000002qDM5_m01_t03,TRP23;SER20;LEU26,0.0,-7.463417389803524
102,native_first,ZINCf5000000ajrV,NCCOCCc1nc(C2(N)CC2)no1,1052,856,856,0,1,1,14.285714285714286,17.040662921434695,0.7414821560306935,12.635347483177693,4,212.25299999999996,-0.46479999999999966,2.0,6.0,6.0,1.0,,,,22.891259571188275,8.0,4.0,4.0,4.0,3.0,1.0,,,,,12.972325057065015,7.247120957157153,61.77210557614017,15.45205868559583,1162,16,5,1.4307449577426614,1.1111160550967047,8.317947102500712,7.444092097585187,28,47.669489780771755,3.0,0.49339018515304717,0.3951414360844138,ZINCf5000000ajrV_m02_t03,TRP23;SER20;LEU26,2.0,78.83933529056807
103,native_first,ZINCf50000009aj3,CCc1nonc1C(=O)NOCCCO,655,266,266,1,1,1,10.714285714285714,15.48021141629053,0.8919236278154173,13.80716632576749,3,215.20899999999995,-0.3242,2.0,6.0,6.0,1.0,,,,25.88884027917479,9.0,4.0,5.0,4.0,3.0,1.0,,,,,11.045384161792317,6.322515141110206,43.6562860438293,14.756248191137935,836,16,14,0.5824745280461643,0.8170391514066345,8.622706883572002,8.448452177185514,28,47.669489780771755,3.0,0.5001230197375126,0.7518673939062109,ZINCf50000009aj3_m01_t02,TRP23;SER20;LEU26,3.0,18.612229984709273
104,native_first,ZINCf5000002rGk8,CCn1nnc(CNCCSCCO)n1,324,448,448,1,1,1,10.714285714285714,15.48021141629053,0.9569449630281017,14.813710341429339,3,231.325,-0.49189999999999995,2.0,7.0,8.0,1.0,,,,23.52120340541753,9.0,6.0,3.0,6.0,3.0,1.0,,,,,12.739431655435304,7.153616884299306,58.127880184331815,15.43487459293086,211,16,1,0.4905692773785506,0.3890581649499141,8.622706883572002,8.253218019658174,28,47.669489780771755,3.0,0.5066132233231941,0.785826576156064,ZINCf5000002rGk8_m02_t01,TRP23;SER20;LEU26,0.0,42.72609016301885
105,native_first,ZINCf50000009awP,CCn1ccc(C(=O)OCCC(N)=O)n1,588,466,466,1,1,1,14.285714285714286,17.205605691108325,0.8136468845955092,13.999287468149051,4,211.22099999999995,-0.06480000000000008,1.0,5.0,5.0,1.0,,,,23.00393025917909,8.0,4.0,4.0,4.0,3.0,1.0,,,,,11.705920866257733,6.506727972072957,58.25254253397964,14.530423214488069,664,16,11,0.9509977741350256,1.0111542022660636,8.622706883572002,7.812116704375478,28,47.669489780771755,3.0,0.5415246820538514,0.8608619585041172,ZINCf50000009awP_m01_t03,TRP23;SER20;LEU26,0.0,12.472295235689725
106,native_first,ZINCf5000000ZtKf,CSc1nnc(CNC(=O)CC(N)=O)s1,628,234,234,1,1,1,14.285714285714286,17.205605691108325,0.8080651244912043,13.903249904732021,4,246.31699999999998,-0.24839999999999984,2.0,6.0,5.0,1.0,,,,25.88884027917479,9.0,4.0,5.0,4.0,3.0,1.0,,,,,15.958349861076027,9.264567312901661,57.51053472827666,18.44097246560072,1531,16,14,0.981395285688911,1.0886509946883234,8.622706883572002,8.708574012426757,28,47.669489780771755,3.0,0.5843804970168195,0.7439814660774737,ZINCf5000000ZtKf_m01_t05,TRP23;SER20;LEU26,0.0,-48.57892184404325
107,native_first,ZINCf50000008VMS,CCCn1cc(C(=O)OCC(N)=O)cn1,576,465,465,1,1,1,17.857142857142858,20.731008121704747,0.676708669297423,14.028852919232888,5,211.22099999999995,-0.06480000000000008,1.0,5.0,5.0,1.0,,,,23.00393025917909,8.0,4.0,4.0,4.0,3.0,1.0,,,,,11.792653271295595,6.569105824124417,57.572520533637196,14.595472518266469,1113,16,11,1.525260988912981,1.4860204555785288,8.622706883572002,7.933265797155724,28,47.669489780771755,3.0,0.6223728220241536,0.7974516028955502,ZINCf50000008VMS_m01_t01,TRP23;SER20;LEU26,3.0,-15.003737973983064
108,native_first,ZINCf5000001nU7G,Cc1cccc(CNCCC(=O)O)c1Br,1232,1334,1334,0,0,1,10.714285714285714,14.035426252508884,0.8426390647368207,11.826798450596707,3,272.142,2.3218199999999998,2.0,2.0,5.0,1.0,,,,19.877256403165617,7.0,4.0,3.0,4.0,3.0,1.0,,,,,9.994611336153897,5.448242368360874,60.37772585669779,12.465272602906827,955,16,6,0.7134938326831227,0.7796510006960332,5.577579134355692,3.941385650057365,28,47.669489780771755,3.0,0.622471722683892,0.8310874672656352,ZINCf5000001nU7G_m01_t02,TRP23;SER20;LEU26,3.0,-3.594127377351249
109,native_first,ZINCf5000002rwb1,C[C@@H](CN)n1cc(COCCCN)nn1,1182,855,855,0,1,1,14.285714285714286,15.036168524741624,0.8037857212653546,12.08585756272687,4,213.28499999999994,-0.3367999999999986,2.0,6.0,7.0,1.0,,,,22.891259571188275,8.0,4.0,4.0,4.0,3.0,1.0,,,,,13.41825707777507,7.531427538683891,61.44883485309018,15.786507701128372,615,16,13,1.1093342848378236,1.0299129524249164,7.155285109623515,7.2681655507299165,28,47.669489780771755,3.0,0.6566707188235117,1.0685060999834939,ZINCf5000002rwb1_m01_t01,TRP23;SER20;LEU26,2.0,32.54921994557241
110,native_first,ZINCf50000024W6j,CSc1snnc1C(=O)NOCC(N)=O,450,86,86,1,1,1,17.857142857142858,20.731008121704747,0.6959295939463481,14.42732206423643,5,248.289,-0.5933000000000004,2.0,7.0,5.0,1.0,,,,29.773798719106704,10.0,5.0,5.0,5.0,3.0,1.0,,,,,13.639349121966477,8.157839032566576,41.57471559319134,17.672961521251533,504,16,0,1.5026042054812658,1.3637589558101788,8.622706883572002,7.840479009605653,28,47.669489780771755,3.0,0.6719837473118638,0.7671889616961232,ZINCf50000024W6j_m01_t04,TRP23;SER20;LEU26,2.0,-26.495580248038976
111,native_first,ZINCf50000009ahy,CCc1noc(C[S@](=O)CC(=O)NC)n1,535,125,125,1,1,1,17.857142857142858,20.731008121704747,0.6824976495824908,14.148864316539017,5,231.277,-0.37329999999999997,1.0,5.0,5.0,1.0,,,,27.971415881657656,9.0,6.0,3.0,6.0,3.0,1.0,,,,,10.920210754819545,6.144725976701526,49.00648824006489,15.183012036529073,1506,16,6,1.820793049507775,1.266024243440336,8.622706883572002,8.889602027708461,28,47.669489780771755,3.0,0.6809317473959717,1.1001278888553851,ZINCf50000009ahy_m01_t03,TRP23;SER20;LEU26,2.0,-1.6888506975965818
112,native_first,ZINCf50000008Lag,CC(=O)c1nc(C(=O)OCC(N)=O)cs1,349,178,178,1,1,1,17.857142857142858,20.731008121704747,0.7110693674121676,14.741184830917105,5,228.22899999999998,-0.012199999999999878,1.0,6.0,4.0,1.0,,,,26.888888699110996,9.0,5.0,4.0,5.0,3.0,1.0,,,,,12.743349359890221,7.380671005955025,46.607934397163135,16.279734194695415,1270,16,9,1.5464284197534235,1.2767846152211195,8.622706883572002,9.010174444941182,28,47.669489780771755,3.0,0.6844034119043564,0.9182399803051919,ZINCf50000008Lag_m01_t04,TRP23;SER20;LEU26,2.0,42.23677676326625
113,native_first,ZINCf5000000ZtJJ,CSCc1noc(CN[C@@H](C)C(N)=O)n1,473,528,528,1,1,1,14.285714285714286,17.205605691108325,0.8353960585930958,14.373495180058834,4,230.293,-0.1040000000000002,2.0,6.0,6.0,1.0,,,,22.891259571188275,8.0,4.0,4.0,4.0,3.0,1.0,,,,,9.925634020791065,5.508809547254065,50.072504443820755,13.167040408390369,393,16,10,0.9317561896307237,0.9594733008238762,8.622706883572002,8.575849128618746,28,47.669489780771755,3.0,0.6865474592904204,1.1047259625467107,ZINCf5000000ZtJJ_m01_t03,TRP23;SER20;LEU26,0.0,59.07749704717738
114,native_first,ZINCf50000009aZv,CCn1nnnc1SC[C@H]1COC(=O)N1,731,911,911,1,0,1,14.285714285714286,17.205605691108325,0.7884587074210114,13.565909623606867,4,229.265,-0.10649999999999998,1.0,7.0,4.0,1.0,,,,21.833912262437483,8.0,5.0,3.0,5.0,3.0,1.0,,,,,7.356752448524742,4.003617282347701,45.27967873776257,10.976042402002928,684,16,1,1.0375389061301186,1.1343049994711245,8.622706883572002,8.01997424733599,28,47.669489780771755,3.0,0.6945291567425667,1.15775171478259,ZINCf50000009aZv_m01_t02,TRP23;SER20;LEU26,2.0,-36.09872485915789
115,native_first,ZINCf5000000aloI,NOCCOCc1cn(CCCO)nn1,497,230,230,1,1,1,17.857142857142858,20.731008121704747,0.6891802479219394,14.287401316988218,5,216.24099999999996,-0.9326000000000001,2.0,7.0,8.0,1.0,,,,25.88884027917479,9.0,4.0,5.0,4.0,3.0,1.0,,,,,16.838570063285786,9.784066033440679,60.357552307251375,19.10113761725804,405,16,12,1.6643176202271313,1.3428156874972597,8.622706883572002,8.801340112062578,28,47.669489780771755,3.0,0.6964532424638931,1.1398165234998185,ZINCf5000000aloI_m01_t01,TRP23;SER20;LEU26,1.0,40.423720986421415
116,native_first,ZINCf5000000adA3,N#CCCCn1cc(CNCCO)nn1,954,767,767,0,1,1,10.714285714285714,13.515260490838273,0.9558387656493226,12.918409904991913,3,209.253,-0.33622000000000013,2.0,6.0,7.0,1.0,,,,24.71882228243319,9.0,5.0,4.0,5.0,3.0,1.0,,,,,15.663776566916093,9.022647785040531,59.343947606142734,17.92753799579537,1126,16,2,0.47190972466590386,0.3899837843010392,8.317947102500712,8.824502329104583,28,47.669489780771755,3.0,0.6971062134685322,1.1514801242942305,ZINCf5000000adA3_m01_t01,TRP23;SER20;LEU26,3.0,21.270213408670113
117,native_first,ZINCf5000002qDLr,CCc1nonc1C(=O)NCCCON,487,256,256,1,1,1,14.285714285714286,17.205605691108325,0.8330169216849105,14.332560688531434,4,214.22499999999994,-0.3577999999999994,2.0,6.0,6.0,1.0,,,,25.88884027917479,9.0,4.0,5.0,4.0,3.0,1.0,,,,,13.534461242767005,7.861991797314929,48.59864672364672,16.623056001868953,387,16,8,0.9855573994004438,0.9367671892460067,8.622706883572002,8.473093861612826,28,47.669489780771755,3.0,0.7238356170913328,0.9057571908849749,ZINCf5000002qDLr_m01_t01,TRP23;SER20;LEU26,2.0,1.7204605179615786
118,native_first,ZINCf50000017Vrk,C[C@H](CN)c1cn(CCOCCN)nn1,629,507,507,1,1,1,10.714285714285714,14.035426252508884,0.9900514645022435,13.895794316209656,3,213.28499999999997,-0.6843999999999992,2.0,6.0,7.0,1.0,,,,22.891259571188275,8.0,4.0,4.0,4.0,3.0,1.0,,,,,12.805290050772298,7.133003158562643,62.531085935341245,15.32678243087629,1084,16,10,0.22301477802480463,0.20004484276033438,5.577579134355692,5.589166624190622,28,47.669489780771755,3.0,0.7310719321890322,0.5382828182767533,ZINCf50000017Vrk_m01_t01,TRP23;SER20;LEU26,3.0,38.326456083710966
119,native_first,ZINCf50000009wfD,COCC[C@@H](O)CNCc1noc(C)n1,200,216,216,1,1,1,14.285714285714286,17.205605691108325,0.8879889695508641,15.278388068145764,4,215.253,-0.13498000000000032,2.0,6.0,7.0,1.0,,,,26.53520657344019,10.0,6.0,4.0,6.0,3.0,1.0,,,,,14.598697085657486,8.47702723668556,52.54130581659603,17.582824457603163,1444,16,13,0.8218081541702978,0.7034182827965877,8.622706883572002,8.462782331403554,28,47.669489780771755,3.0,0.755544275971302,0.9373468454378747,ZINCf50000009wfD_m02_t03,TRP23;SER20;LEU26,2.0,43.978283900381356
120,native_first,ZINCf5000000a5SH,Cc1c(C(=O)NCCCON)noc1N,790,67,67,1,1,1,14.285714285714286,17.205605691108325,0.7801211779660536,13.422457379366863,4,214.225,-0.4245800000000001,3.0,6.0,5.0,1.0,,,,29.898373683036166,10.0,5.0,5.0,5.0,3.0,1.0,,,,,17.33549503905512,10.499768532811242,49.67701898394966,20.47621470005038,1377,16,0,1.1421115976603473,1.0833771302132085,8.622706883572002,7.78546016193602,28,47.669489780771755,3.0,0.7561481921428346,0.7780700924265714,ZINCf5000000a5SH_m01_t06,TRP23;SER20;LEU26,2.0,9.056364237661324
121,native_first,ZINCf50000008Hb1,C=CCn1c(O)nnc1SCCC(N)=O,794,506,506,1,1,1,14.285714285714286,17.205605691108325,0.7798283827769293,13.417419660794536,4,228.27699999999996,0.13719999999999988,2.0,6.0,6.0,1.0,,,,22.891259571188275,8.0,4.0,4.0,4.0,3.0,1.0,,,,,12.910060839328013,7.220337229165972,60.90040736058436,15.40536052229308,264,16,10,1.006256570856959,1.1628984944401413,8.622706883572002,7.719381443289186,28,47.669489780771755,3.0,0.7654873418969322,1.1712085069978742,ZINCf50000008Hb1_m01_t02,TRP23;SER20;LEU26,0.0,-49.1002990463347
122,native_first,ZINCf50000008PO8,CC(C)n1cc(CS(=O)(=O)CCN)nn1,1106,1318,1318,0,0,1,14.285714285714286,17.040662921434695,0.7280571544539163,12.406576556588105,4,232.30899999999997,-0.26749999999999974,1.0,6.0,5.0,1.0,,,,20.006349551192564,7.0,4.0,3.0,4.0,3.0,1.0,,,,,8.355639503469336,4.495243592224709,59.164798206278036,11.268317015400143,611,16,7,1.4255397176666902,1.2345165887646727,8.317947102500712,7.693189730207985,28,47.669489780771755,3.0,0.7676949535051966,0.7522381408686168,ZINCf50000008PO8_m01_t01,TRP23;SER20;LEU26,2.0,10.422065856873708
123,native_first,ZINCf5000000a86R,Cc1nc(SCCOCCN)[nH]c(=N)n1,1111,769,769,0,1,1,14.285714285714286,17.205605691108325,0.7198349932774114,12.385197056992752,4,229.309,-0.3400099999999992,3.0,6.0,6.0,1.0,,,,24.71882228243319,9.0,5.0,4.0,5.0,3.0,1.0,,,,,14.647327850102348,8.336708665285698,60.26905829596413,17.16520145818506,1266,16,12,1.351869852900388,1.2961774714319663,8.622706883572002,9.548370622289957,28,47.669489780771755,3.0,0.7746012339600884,0.9873544749197573,ZINCf5000000a86R_m02_t07,TRP23;SER20;LEU26,1.0,-137.86616384551658
124,native_first,ZINCf5000000a9nq,Cc1noc(CCC(=O)NS(C)(=O)=O)n1,869,319,319,1,1,1,14.285714285714286,17.205605691108325,0.7651674238078032,13.165168981718235,4,233.249,-0.6135799999999998,1.0,6.0,4.0,1.0,,,,24.83149297042401,9.0,5.0,4.0,5.0,3.0,1.0,,,,,12.189296890451145,6.90769279800449,51.78064275037367,15.34984591044436,535,16,15,0.8180157694942352,1.2156979717896128,8.622706883572002,7.052144450800638,28,47.669489780771755,3.0,0.7747379804242523,0.9901149280681101,ZINCf5000000a9nq_m01_t08,TRP23;SER20;LEU26,1.0,-130.5856662932086
125,native_first,ZINCf5000002dkM7,Cc1nsc(CNS(=O)(=O)CCCN)n1,754,336,336,1,1,1,14.285714285714286,17.205605691108325,0.7847863904554722,13.502725185925032,4,250.34899999999996,-0.3852799999999998,2.0,6.0,6.0,1.0,,,,24.71882228243319,9.0,5.0,4.0,5.0,3.0,1.0,,,,,14.629185204551543,8.353081928122785,58.8348765432099,17.15159447402195,122,16,6,1.1567091651468322,1.0771098280460178,8.622706883572002,8.017308317182637,28,47.669489780771755,3.0,0.7791280625780962,1.0290126604992234,ZINCf5000002dkM7_m01_t01,TRP23;SER20;LEU26,2.0,-80.61539128061251
126,native_first,ZINCf5000000a7X8,Cc1nc(C[S@@](=O)Cc2cnn[nH]2)no1,594,1159,1159,1,0,1,17.857142857142858,20.731008121704747,0.6746732914436906,13.986657484416423,5,227.249,-0.054980000000000195,1.0,6.0,4.0,1.0,,,,29.12980290085198,8.0,5.0,3.0,5.0,2.0,1.0,,,,,12.435270719164135,6.973782152710485,57.34393757503001,16.608903764586096,1187,16,7,1.4071252109780452,1.4506861916366511,8.622706883572002,7.205992059163508,28,47.669489780771755,3.0,0.7808814300313093,0.9447912416899062,ZINCf5000000a7X8_m01_t08,TRP23;SER20;LEU26,1.0,33.434093298622045
127,native_first,ZINCf5000000aiZh,NCCC[C@@H](N)Cc1nc(CCN)no1,1307,801,801,0,1,1,10.714285714285714,13.515260490838273,0.8439637637686712,11.406390112161887,3,213.28499999999997,-0.8204999999999987,3.0,6.0,7.0,1.0,,,,23.886789807026993,8.0,5.0,3.0,5.0,3.0,1.0,,,,,12.408197372389008,6.931937673963551,59.087828679859065,15.277845481048505,111,16,13,0.9360119597074111,0.8726513434738287,8.317947102500712,7.758576774122676,28,47.669489780771755,3.0,0.7847271287087502,0.8559057113892283,ZINCf5000000aiZh_m01_t03,TRP23;SER20;LEU26,3.0,25.5790701938406
128,native_first,ZINCf5000000atn7,O=C(O)CCn1cc(COCCO)nn1,675,229,229,1,1,1,14.285714285714286,19.005613846886952,0.7232144944289906,13.745135409588968,4,215.209,-0.7383,2.0,6.0,7.0,1.0,,,,25.88884027917479,9.0,4.0,5.0,4.0,3.0,1.0,,,,,16.908203559228685,9.839255507073311,60.05258899676377,19.15336273921521,171,16,0,1.6645266940805592,1.1235285194587403,8.622706883572002,8.533239212921623,28,47.669489780771755,3.0,0.794909233080815,1.2996134483342527,ZINCf5000000atn7_m02_t01,TRP23;SER20;LEU26,0.0,13.160064381007173
129,native_first,ZINCf5000000alCq,NS(=O)(=O)CCSc1nncn1C1CC1,888,990,990,1,0,1,14.285714285714286,17.205605691108325,0.7615050265156637,13.102155218025498,4,248.333,-0.006400000000000183,1.0,6.0,5.0,1.0,,,,20.006349551192564,7.0,4.0,3.0,4.0,3.0,1.0,,,,,6.107072503590351,3.2664897935546873,46.838126843657804,9.581891765490905,1337,16,11,1.3463577599242655,1.054773822544781,8.622706883572002,7.795683407365271,28,47.669489780771755,3.0,0.7979146700949383,1.2931579595442289,ZINCf5000000alCq_m01_t01,TRP23;SER20;LEU26,3.0,-71.58301172897525
130,native_first,ZINCf50000009acN,CCc1nnc(CS(=O)(=O)CC(N)=O)s1,720,470,470,1,1,1,14.285714285714286,15.771438975402623,0.8625714296676225,13.603992664928702,4,249.31699999999995,-0.49940000000000023,1.0,6.0,5.0,1.0,,,,23.00393025917909,8.0,4.0,4.0,4.0,3.0,1.0,,,,,10.64614799786687,5.905120308027855,54.004968128983876,13.735593563194925,1225,16,2,0.7481318534254081,0.8386332393140107,9.384125904952475,8.570365753508316,28,47.669489780771755,3.0,0.7989936553426903,0.8065933029428646,ZINCf50000009acN_m01_t01,TRP23;SER20;LEU26,3.0,-50.769889131919626
131,native_first,ZINCf5000000axTO,O=[N+]([O-])c1nc(Br)n(CCOCCO)n1,1269,611,611,0,1,1,10.714285714285714,15.315268646616897,0.7600117453028071,11.639784053896669,3,281.0659999999999,-0.04230000000000006,1.0,7.0,6.0,1.0,,,,34.27313185868287,9.0,6.0,3.0,6.0,3.0,1.0,,,,,12.786839823695143,7.253668993558204,53.9096789096789,18.158412832442075,463,16,5,1.2844850949690174,1.0720466254650474,7.259444124724703,6.220490758766749,28,47.669489780771755,3.0,0.8027183944955537,1.1673545097556959,ZINCf5000000axTO_m01_t01,TRP23;SER20;LEU26,2.0,132.660949137225
132,native_first,ZINCf5000002mtBV,Cc1nsc(CN[C@H](C)CS(N)(=O)=O)n1,500,339,339,1,1,1,14.285714285714286,17.205605691108325,0.829595106031579,14.273686277652551,4,250.349,-0.3868799999999996,2.0,6.0,5.0,1.0,,,,24.71882228243319,9.0,5.0,4.0,5.0,3.0,1.0,,,,,14.095884146729457,8.061721609617162,56.04625550660792,16.75161868065539,496,16,6,1.0893176352880667,0.8529691037964099,8.622706883572002,9.198273081778298,28,47.669489780771755,3.0,0.8033207922725994,1.1285199926143596,ZINCf5000002mtBV_m02_t01,TRP23;SER20;LEU26,1.0,-91.51038416765755
133,native_first,ZINCf5000002oFXx,CSc1nnc(CNC(=O)[C@H](N)CO)s1,709,165,165,1,1,1,14.285714285714286,17.205605691108325,0.7930794981963871,13.645413127669093,4,248.333,-0.8042,3.0,7.0,5.0,1.0,,,,26.900792975049644,9.0,5.0,4.0,5.0,3.0,1.0,,,,,14.284171663423928,8.326159251754822,50.22166955017301,17.438326991330356,1508,16,14,0.9728448846382372,1.053744401229595,8.622706883572002,7.453384689804146,28,47.669489780771755,3.0,0.8145107471343488,0.7014107739530123,ZINCf5000002oFXx_m02_t02,TRP23;SER20;LEU26,1.0,32.5442625768918
134,native_first,ZINCf5000002oGS5,NCCCC(=O)Nc1nnc(CCO)s1,557,164,164,1,1,1,14.285714285714286,17.205605691108325,0.8182500457161276,14.07848764332305,4,230.29299999999998,-0.24970000000000014,3.0,6.0,6.0,1.0,,,,26.900792975049644,9.0,5.0,4.0,5.0,3.0,1.0,,,,,14.474100178419658,8.382802261896119,52.949286332179945,17.580773377577152,907,16,14,1.0457733438126913,0.8569126111460514,8.622706883572002,7.486248702052604,28,47.669489780771755,3.0,0.8390622143002903,0.6945805383653387,ZINCf5000002oGS5_m01_t04,TRP23;SER20;LEU26,3.0,-32.93965760074989
135,native_first,ZINCf5000002qDFK,CCc1nnc(CNC(=O)[C@H](C)ON)s1,742,250,250,1,1,1,14.285714285714286,17.205605691108325,0.7863280883809087,13.529251032524893,4,230.29299999999998,-0.0045000000000002816,2.0,6.0,5.0,1.0,,,,25.88884027917479,9.0,4.0,5.0,4.0,3.0,1.0,,,,,14.097456975996428,8.125866426446834,53.17520080321285,17.045302801791017,595,16,7,1.1508974735114712,1.0865130425955618,8.622706883572002,8.159377411468204,28,47.669489780771755,3.0,0.8537367775393818,0.5001269830292364,ZINCf5000002qDFK_m01_t02,TRP23;SER20;LEU26,0.0,34.31473550564258
136,native_first,ZINCf50000009Xf7,C[C@H](N)CCn1cc(COCCO)nn1,1324,770,770,0,1,1,10.714285714285714,15.315268646616897,0.7348933165186672,11.25508856908665,3,214.26899999999998,-0.4757000000000002,2.0,6.0,7.0,1.0,,,,24.71882228243319,9.0,5.0,4.0,5.0,3.0,1.0,,,,,14.566914640509651,8.350079900053743,57.01871657754012,17.104891550990537,1464,16,11,1.4172368986719865,1.1940355897292332,7.259444124724703,7.913427968092967,28,47.669489780771755,3.0,0.8565529907830589,1.1430593786599723,ZINCf50000009Xf7_m02_t01,TRP23;SER20;LEU26,3.0,30.529268293335097
137,native_first,ZINCf5000000a9cI,Cc1nnn(CCNCc2csnn2)n1,602,309,309,1,1,1,14.285714285714286,17.205605691108325,0.8117256965373009,13.966232263961052,4,225.28100000000003,-0.3771800000000005,1.0,8.0,5.0,1.0,,,,24.84111536008353,8.0,5.0,3.0,5.0,3.0,1.0,,,,,12.284240773706339,6.835690377084393,60.53553904388058,15.423459420300636,1516,16,5,0.8620406330647667,1.0598784794494047,8.622706883572002,7.713227931314779,28,47.669489780771755,3.0,0.8625274003074859,0.8667001194444274,ZINCf5000000a9cI_m01_t01,TRP23;SER20;LEU26,2.0,27.164913541617114
138,native_first,ZINCf5000002oxLs,CC(C)[C@@H](NC(=O)CCN)c1cnn[nH]1,1165,1503,1503,0,0,1,14.285714285714286,17.205605691108325,0.7069855465235465,12.164114542796861,4,211.269,-0.03319999999999934,3.0,4.0,5.0,1.0,,,,25.051976896597917,8.0,4.0,4.0,4.0,2.0,1.0,,,,,8.543986742916449,4.770659204096637,40.869502507433545,12.670984281336818,725,16,9,1.0423068394963413,1.3625839268255484,8.622706883572002,6.7494868008768805,28,47.669489780771755,3.0,0.8646173994728747,1.2602657645291797,ZINCf5000002oxLs_m02_t05,TRP23;SER20;LEU26,1.0,-10.890384198215898
139,native_first,ZINCf50000009wxq,COCC[C@H](O)CNCc1nonc1C,465,218,218,1,1,1,14.285714285714286,17.205605691108325,0.8360919922111117,14.385469139477602,4,215.253,-0.13497999999999988,2.0,6.0,7.0,1.0,,,,26.53520657344019,10.0,6.0,4.0,6.0,3.0,1.0,,,,,14.074501168428547,8.182855232310153,50.26585991932527,17.189677519681457,1460,16,2,0.97923984379961,0.9133743596233114,8.622706883572002,8.292809570457718,28,47.669489780771755,3.0,0.8689052691596246,1.1493237951213011,ZINCf50000009wxq_m02_t01,TRP23;SER20;LEU26,0.0,21.876700338518123
140,native_first,ZINCf5000002aFsq,Cc1nnc(N(C)CCCS(N)(=O)=O)s1,379,313,313,1,1,1,14.285714285714286,17.205605691108325,0.8527893344811232,14.672757026664893,4,250.349,-0.038679999999999715,1.0,6.0,5.0,1.0,,,,24.83149297042401,9.0,5.0,4.0,5.0,3.0,1.0,,,,,13.600456340926709,7.76183557362637,54.88960749330955,16.408215498301033,910,16,6,1.000590029930004,0.8033993911947697,8.622706883572002,8.80776274696884,28,47.669489780771755,3.0,0.8691420788204368,1.3260357096575028,ZINCf5000002aFsq_m01_t01,TRP23;SER20;LEU26,3.0,-107.90469825244354
141,native_first,ZINCf50000009MhR,C[C@@H](NCCN)c1cc([N+](=O)[O-])nn1C,1484,604,604,0,1,1,7.142857142857143,11.789866216020478,0.8827172633283361,10.407118441212802,2,213.24099999999999,-0.06240000000000001,2.0,6.0,5.0,1.0,,,,36.24652290106407,10.0,7.0,3.0,7.0,3.0,1.0,,,,,13.837346973139264,8.101287873484457,47.395132544909465,19.439640955120463,1041,16,9,0.4491957625614383,0.8983915251228769,3.375021925854705,4.273413450977582,28,47.669489780771755,3.0,0.8785203280638167,1.3441513267709275,ZINCf50000009MhR_m02_t01,TRP23;SER20;LEU26,1.0,191.22800077655788
142,native_first,ZINCf5000000a8dS,Cc1nc[nH]c1S(=O)(=O)NCC[C@H](C)O,397,101,101,1,1,1,17.857142857142858,20.731008121704747,0.7046027053563305,14.607124407317224,5,233.29299999999998,-0.23268000000000016,3.0,4.0,5.0,1.0,,,,28.72835568629456,10.0,6.0,4.0,6.0,3.0,1.0,,,,,12.82729986026705,7.532549404292001,43.17736854501562,16.802563816773926,675,16,3,1.4771200951710188,1.3180340169362013,8.622706883572002,7.785524055826232,28,47.669489780771755,3.0,0.8933437285650685,1.3812980288685222,ZINCf5000000a8dS_m01_t01,TRP23;SER20;LEU26,0.0,18.493196857675105
143,native_first,ZINCf5000000Ybyz,Cc1nnsc1SCC(=O)OCC(N)=O,300,310,310,1,1,1,17.857142857142858,20.731008121704747,0.7187646141378812,14.900715053286394,5,247.30099999999993,-0.03288000000000013,1.0,7.0,5.0,1.0,,,,24.83149297042401,9.0,5.0,4.0,5.0,3.0,1.0,,,,,14.791733899525916,8.473144894077137,58.17092293906811,17.30167366725044,527,16,0,1.4118411100275654,1.3195778303572339,8.622706883572002,8.162785615034087,28,47.669489780771755,3.0,0.8981452404400386,1.2820894157878,ZINCf5000000Ybyz_m01_t04,TRP23;SER20;LEU26,0.0,-5.2377742494849
144,native_first,ZINCf5000000ayEj,OC[C@@H](O)CSCc1nnnn1C1CC1,989,1337,1337,0,0,1,14.285714285714286,17.205605691108325,0.7448561457830765,12.815701140942313,4,230.29300000000003,-0.4056000000000002,2.0,7.0,6.0,1.0,,,,19.877256403165617,7.0,4.0,3.0,4.0,3.0,1.0,,,,,8.849602275221411,4.813249716246942,54.82752155980503,11.606515807207462,964,16,15,1.6454347070678517,0.9936143205081219,8.622706883572002,8.40465559166692,28,47.669489780771755,3.0,0.8988406526362335,1.433605474490592,ZINCf5000000ayEj_m01_t01,TRP23;SER20;LEU26,3.0,54.92413941653931
145,native_first,ZINCf5000000a9rH,Cc1noc([C@@H](C)N(CCN)CCN)n1,1520,779,779,0,1,1,14.285714285714286,13.139963459567172,0.7279801028488605,9.565631950725978,4,213.28499999999997,-0.3415799999999984,2.0,6.0,6.0,1.0,,,,24.71882228243319,9.0,5.0,4.0,5.0,3.0,1.0,,,,,8.196958520373439,4.596915581728659,37.79893711248892,12.327424460888377,637,16,8,1.5366692377036295,1.177390599119007,7.886207326719226,8.255243808860321,28,47.669489780771755,3.0,0.9272551197118564,1.2391419522933307,ZINCf5000000a9rH_m02_t01,TRP23;SER20;LEU26,1.0,295.1279032261035
146,native_first,ZINCf5000000a9wD,Cc1nocc1S(=O)(=O)NCCC(=O)O,283,253,253,1,1,1,17.857142857142858,20.731008121704747,0.7223787913668241,14.97564059077289,5,234.23299999999998,-0.26398000000000016,2.0,5.0,5.0,1.0,,,,25.88884027917479,9.0,4.0,5.0,4.0,3.0,1.0,,,,,13.836449353988204,8.07529271121622,48.28297702152414,16.84954708528485,1439,16,14,1.3938951594986837,1.2166771206098868,8.622706883572002,7.513000510158263,28,47.669489780771755,3.0,0.9307295322821565,1.4656890228066912,ZINCf5000000a9wD_m02_t02,TRP23;SER20;LEU26,0.0,-102.98095745049459
147,native_first,ZINCf50000009LXr,C[C@@H](NC(=O)CCCON)c1ncon1,469,251,251,1,1,1,17.857142857142858,20.731008121704747,0.693605645936634,14.379144279172626,5,214.225,-0.0827000000000001,2.0,6.0,6.0,1.0,,,,25.88884027917479,9.0,4.0,5.0,4.0,3.0,1.0,,,,,14.078972255914746,8.173135968789785,50.751718213058425,17.03143926172976,57,16,0,1.570598855434694,1.2637934746267727,8.622706883572002,7.462614865303094,28,47.669489780771755,3.0,0.9467835387905592,1.5558597930673341,ZINCf50000009LXr_m01_t01,TRP23;SER20;LEU26,3.0,21.88119966357987
148,native_first,ZINCf5000000WBL6,NC[C@@H](O)CNc1ccc([N+](=O)[O-])nc1,995,601,601,0,1,1,14.285714285714286,17.205605691108325,0.7438852605087288,12.798996471740583,4,212.209,-0.2787000000000004,3.0,6.0,5.0,1.0,,,,36.36134085959774,9.0,6.0,3.0,6.0,3.0,1.0,,,,,14.04775913640505,8.295910165856139,45.80823293172692,19.626154567203223,1448,16,7,1.0792843879926564,1.1176140115551156,8.622706883572002,6.79053230184981,28,47.669489780771755,3.0,0.9541508922180867,1.3215728275816125,ZINCf5000000WBL6_m02_t01,TRP23;SER20;LEU26,0.0,135.50078401487758
149,native_first,ZINCf5000002aOJy,CCn1nnc(CSCCNCCN)n1,1464,1251,1251,0,0,1,7.142857142857143,11.789866216020478,0.8898196948936907,10.490855159176773,2,230.34099999999995,-0.5254999999999981,2.0,7.0,8.0,1.0,,,,21.70481911441053,8.0,5.0,3.0,5.0,3.0,1.0,,,,,12.167288464035027,6.702151145915056,65.92246949030867,14.551671126628904,306,16,13,0.319317375088622,0.6386347501772445,3.375021925854705,4.01365667603195,28,47.669489780771755,3.0,0.9584848282054554,1.5861792260551226,ZINCf5000002aOJy_m02_t01,TRP23;SER20;LEU26,3.0,154.35461532659613
150,native_first,ZINCf50000009FTm,CS(=O)(=O)Cc1noc([C@H](F)CCN)n1,627,984,984,1,0,1,14.285714285714286,17.205605691108325,0.8083457776822662,13.908078712873385,4,237.25599999999997,-0.02640000000000009,1.0,6.0,5.0,1.0,,,,20.006349551192564,7.0,4.0,3.0,4.0,3.0,1.0,,,,,10.37412808764932,5.640550829730951,64.51764264264264,12.78218345353513,313,16,12,1.3818725131251524,0.7928300149228594,8.622706883572002,8.460138525116824,28,47.669489780771755,3.0,0.9603554514417942,1.330912650539405,ZINCf50000009FTm_m01_t01,TRP23;SER20;LEU26,2.0,17.47086034539568
151,native_first,ZINCf5000000a9AP,Cc1nonc1CC(=O)Nc1nnco1,874,1183,1183,1,0,1,10.714285714285714,15.48021141629053,0.8497738862924127,13.154679415849378,3,209.165,-0.05778000000000055,1.0,7.0,3.0,1.0,,,,25.989879989618323,8.0,4.0,4.0,4.0,2.0,1.0,,,,,10.356047354832503,5.784974390262595,49.352828379674015,14.264505513528958,721,16,4,0.610640259149351,0.9250012999532208,8.622706883572002,7.491484641278199,28,47.669489780771755,3.0,0.9607544067461158,1.5465491717335382,ZINCf5000000a9AP_m01_t05,TRP23;SER20;LEU26,2.0,-47.92554156679353
152,native_first,ZINCf5000000a92W,Cc1nnc(NC(=O)CCS(N)(=O)=O)s1,143,245,245,1,1,1,17.857142857142858,20.731008121704747,0.7506675134846172,15.562094318749507,5,250.30499999999998,-0.5363800000000001,2.0,6.0,4.0,1.0,,,,25.88884027917479,9.0,4.0,5.0,4.0,3.0,1.0,,,,,14.885238024533534,8.633170302950473,53.96944922547332,17.63613858819385,841,16,10,1.3854133842686558,1.1592493528662757,8.622706883572002,8.670923100237466,28,47.669489780771755,3.0,0.9666430117428164,0.8762836947511125,ZINCf5000000a92W_m01_t04,TRP23;SER20;LEU26,3.0,-141.98558549194163
153,native_first,ZINCf5000000Zu2d,C[C@@H](NCCCS(N)(=O)=O)c1nncs1,512,522,522,1,1,1,14.285714285714286,17.205605691108325,0.8262746600672447,14.216555993671582,4,250.34900000000002,-0.13269999999999926,2.0,6.0,6.0,1.0,,,,22.891259571188275,8.0,4.0,4.0,4.0,3.0,1.0,,,,,10.851728307241727,6.099171636743106,49.15031776733904,13.861611123228364,189,16,1,0.9772560929341417,0.898112467343602,8.622706883572002,7.698575258436746,28,47.669489780771755,3.0,0.9800419897213877,1.0603590716722893,ZINCf5000000Zu2d_m02_t01,TRP23;SER20;LEU26,0.0,-96.52944676382039
154,native_first,ZINCf5000002eeL6,NCCNCCSCCCn1cnnn1,1528,1249,1249,0,0,1,10.714285714285714,11.9601181637255,0.7281675899595356,8.708970418911264,3,230.34099999999998,-0.6553000000000002,2.0,7.0,9.0,1.0,,,,21.70481911441053,8.0,5.0,3.0,5.0,3.0,1.0,,,,,14.574866866346866,8.12674302090589,70.56168505516553,16.35735492836278,1058,16,4,0.9883743380969473,1.4574106637279776,10.106832985658764,9.042515595521632,28,47.669489780771755,3.0,0.9810175844657801,1.621418486654182,ZINCf5000002eeL6_m02_t01,TRP23;SER20;LEU26,0.0,116.42869780631221
155,native_first,ZINCf50000008TKQ,CCCCn1c(O)nnc1SCC(N)=O,446,353,353,1,1,1,14.285714285714286,17.205605691108325,0.8386896945855398,14.430164182234865,4,230.29299999999995,0.36120000000000013,2.0,6.0,6.0,1.0,,,,24.71882228243319,9.0,5.0,4.0,5.0,3.0,1.0,,,,,11.36805490491449,6.41564817415685,49.84375,14.705746749294162,207,16,6,1.1999096672070673,0.6877471257773022,8.622706883572002,7.930633146940474,28,47.669489780771755,3.0,0.9815519311607783,1.4765906949089074,ZINCf50000008TKQ_m01_t01,TRP23;SER20;LEU26,3.0,-63.20353193130717
156,native_first,ZINCf50000009Y9L,C[C@H](NC(=O)COCCN)c1ncon1,1030,735,735,0,1,1,14.285714285714286,17.205605691108325,0.7383007798789557,12.702912100035075,4,214.225,-0.7778999999999996,2.0,6.0,6.0,1.0,,,,25.88884027917479,9.0,4.0,5.0,4.0,3.0,1.0,,,,,9.665827566125323,5.564138671909204,36.77528334786398,13.72158074438769,1524,16,4,1.2008116156891264,1.3136790824799724,8.622706883572002,7.889073413035484,28,47.669489780771755,3.0,0.9830974395106306,1.1165650538019525,ZINCf50000009Y9L_m01_t01,TRP23;SER20;LEU26,3.0,72.63207496264943
157,native_first,ZINCf5000000WBLy,NC[C@@H](O)CNc1ncc([N+](=O)[O-])cn1,708,34,34,1,1,1,14.285714285714286,17.040662921434695,0.8008029916889152,13.646213847847275,4,213.197,-0.8836999999999999,3.0,7.0,5.0,1.0,,,,36.36134085959774,9.0,6.0,3.0,6.0,3.0,1.0,,,,,14.344769535267021,8.292783035916989,53.087399732620334,19.8489123663497,622,16,9,1.2081303638695637,0.9779410999189877,8.317947102500712,8.183163703479329,28,47.669489780771755,3.0,1.0103819322540804,1.4878433421806738,ZINCf5000000WBLy_m02_t04,TRP23;SER20;LEU26,2.0,-41.34399849728502
158,native_first,ZINCf5000000a86K,Cc1nc(SCC(=O)NOCC#N)n[nH]1,902,52,52,1,1,1,14.285714285714286,17.205605691108325,0.7602298730942982,13.080215431061816,4,227.249,-0.2234000000000002,2.0,6.0,5.0,1.0,,,,31.60136143035162,11.0,6.0,5.0,6.0,3.0,1.0,,,,,15.081730722365439,9.225718810544299,41.29136776661884,19.211638399361984,247,16,8,1.1399317864610494,1.1929764079546505,8.622706883572002,7.708064489755062,28,47.669489780771755,3.0,1.012124779157742,1.628251984467868,ZINCf5000000a86K_m01_t08,TRP23;SER20;LEU26,0.0,53.17372578265922
159,native_first,ZINCf5000002aOhX,C[C@@H](SCCNCCN)c1nnnn1C,1494,1253,1253,0,0,1,7.142857142857143,11.789866216020478,0.876010536399736,10.328047027977226,2,230.341,-0.44739999999999913,2.0,7.0,7.0,1.0,,,,21.70481911441053,8.0,5.0,3.0,5.0,3.0,1.0,,,,,11.160020305500556,6.201286484881265,55.69702201122141,13.79622000772805,164,16,12,0.5468307231279044,1.0936614462558083,3.375021925854705,4.4686833721105135,28,47.669489780771755,3.0,1.0172842171086727,1.136932041205711,ZINCf5000002aOhX_m01_t01,TRP23;SER20;LEU26,3.0,32.284890912910555
160,native_first,ZINCf5000002aPLI,Cn1cc(CSCCNCCCN)nn1,1417,1250,1250,0,0,1,7.142857142857143,11.789866216020478,0.8972501587811778,10.578459334333218,2,229.35299999999998,-0.013299999999998868,2.0,6.0,8.0,1.0,,,,21.70481911441053,8.0,5.0,3.0,5.0,3.0,1.0,,,,,12.173374240999896,6.70661371642577,65.8482142857143,14.556235459352553,1358,16,0,0.029925376043474474,0.05985075208694779,3.375021925854705,3.434872677941653,28,47.669489780771755,3.0,1.0179886657687265,1.576551244908778,ZINCf5000002aPLI_m02_t01,TRP23;SER20;LEU26,3.0,81.14273767747036
161,native_first,ZINCf50000009adV,CCc1nnc(SC[C@@H](O)COC)n1N,757,354,354,1,1,1,10.714285714285714,15.315268646616897,0.8813857908140127,13.498660167627488,3,232.309,-0.3463,2.0,7.0,6.0,1.0,,,,24.71882228243319,9.0,5.0,4.0,5.0,3.0,1.0,,,,,9.672409777441194,5.392972984278111,46.84449866903283,13.434012903689194,494,16,11,0.6472216870257762,0.6190114943539338,7.259444124724703,5.819066173147122,28,47.669489780771755,3.0,1.0202494443043348,1.3961521688338479,ZINCf50000009adV_m01_t01,TRP23;SER20;LEU26,3.0,46.358683886506334
162,native_first,ZINCf50000008VNR,CCCn1cnnc1S(=O)(=O)C[C@@H](C)O,1379,1325,1325,0,0,1,14.285714285714286,15.036168524741624,0.7095658130930946,10.669151145063088,4,233.29299999999998,-0.15739999999999993,1.0,6.0,5.0,1.0,,,,20.006349551192564,7.0,4.0,3.0,4.0,3.0,1.0,,,,,6.742942224663887,3.6302754107081205,47.29198376458651,10.058794056296055,811,16,6,1.322693234763479,1.4323745132406855,7.155285109623515,7.700454747556168,28,47.669489780771755,3.0,1.0245847885064825,1.570729197756002,ZINCf50000008VNR_m01_t01,TRP23;SER20;LEU26,2.0,5.610087962885482
163,native_first,ZINCf500000184hK,NCCSCc1cn(C[C@@H](O)CF)nn1,916,996,996,1,0,1,14.285714285714286,17.040662921434695,0.7660318490907446,13.05369052743871,4,234.29999999999995,-0.19960000000000017,2.0,6.0,7.0,1.0,,,,19.877256403165617,7.0,4.0,3.0,4.0,3.0,1.0,,,,,9.729620820738234,5.324248343705775,56.37640449438203,12.26652971634508,1412,16,12,1.44668088050529,1.0075258418007254,8.317947102500712,7.9973228310902575,28,47.669489780771755,3.0,1.0337876883418242,1.42099490459292,ZINCf500000184hK_m01_t01,TRP23;SER20;LEU26,0.0,39.11599680295167
164,native_first,ZINCf5000002aPxi,CCSCCn1cc(C[C@@H](O)CN)nn1,635,916,916,1,0,1,14.285714285714286,17.040662921434695,0.8145567508693572,13.880587021943773,4,230.337,-0.10670000000000013,2.0,6.0,7.0,1.0,,,,21.70481911441053,8.0,5.0,3.0,5.0,3.0,1.0,,,,,11.753738319279657,6.481353276260826,63.012516184721626,14.241508518062377,1254,16,12,1.2330736674738234,0.8613024888184087,8.317947102500712,7.9548602652943865,28,47.669489780771755,3.0,1.0445134427740417,1.411813378671374,ZINCf5000002aPxi_m01_t01,TRP23;SER20;LEU26,1.0,29.133068919027814
165,native_first,ZINCf50000008VrH,CCC[C@H](N)c1cn(CC(=O)CN)nn1,783,520,520,1,1,1,10.714285714285714,13.515260490838273,0.9947769650580239,13.444669813044715,3,211.26899999999998,-0.3941999999999994,2.0,6.0,6.0,1.0,,,,22.891259571188275,8.0,4.0,4.0,4.0,3.0,1.0,,,,,10.928234125417474,6.0504476555728965,56.385177021628316,13.918990486860173,1112,16,13,0.12757404267722305,0.15664786477576298,8.317947102500712,8.431294656513815,28,47.669489780771755,3.0,1.0601655018359009,1.4919551763082193,ZINCf50000008VrH_m01_t04,TRP23;SER20;LEU26,1.0,28.564050076800516
166,native_first,ZINCf5000002rC95,C[C@H](NC(=O)[C@H](C)CCN)c1cnn[nH]1,1194,703,703,0,1,1,14.285714285714286,17.205605691108325,0.6980731198493382,12.010770843689517,4,211.269,-0.03319999999999934,3.0,4.0,5.0,1.0,,,,26.900792975049644,9.0,5.0,4.0,5.0,3.0,1.0,,,,,12.333982812832591,7.115789753962592,46.25114954725525,15.975685353386854,625,16,6,1.1157402406012649,1.36104796870502,8.622706883572002,6.706076236127155,28,47.669489780771755,3.0,1.0658768230519957,1.3988781065108915,ZINCf5000002rC95_m02_t06,TRP23;SER20;LEU26,1.0,-44.27261937640915
167,native_first,ZINCf5000000ZtI8,CS(=O)(=O)c1cc(C(=O)OCCO)co1,892,478,478,1,1,1,14.285714285714286,17.205605691108325,0.7609515145123061,13.092631708750433,4,234.22899999999996,-0.1677999999999999,1.0,6.0,4.0,1.0,,,,23.00393025917909,8.0,4.0,4.0,4.0,3.0,1.0,,,,,10.110365140588327,5.6249196629754445,49.908977675577276,13.333756420236014,1220,16,2,1.1911349482314495,1.2178168900697413,8.622706883572002,9.017077132920535,28,47.669489780771755,3.0,1.0708677462902503,0.6348890947352275,ZINCf5000000ZtI8_m01_t01,TRP23;SER20;LEU26,3.0,51.411938588867585
168,native_first,ZINCf50000009TRd,C[C@H](C(=O)O)n1cc(COCCN)nn1,509,252,252,1,1,1,14.285714285714286,17.205605691108325,0.826710344617893,14.224052210255744,4,214.22499999999997,-0.6009999999999989,2.0,6.0,6.0,1.0,,,,25.88884027917479,9.0,4.0,5.0,4.0,3.0,1.0,,,,,13.995266838112085,8.087490423294554,51.927264808362374,16.968660198377762,1026,16,10,0.8743467079053578,0.8146917803624946,8.622706883572002,7.086948683602787,28,47.669489780771755,3.0,1.0725600430406417,1.728342537509065,ZINCf50000009TRd_m01_t02,TRP23;SER20;LEU26,1.0,18.338381883735668
169,native_first,ZINCf5000002rG9R,CCn1cnc(CS(=O)(=O)[C@H](C)CO)n1,866,907,907,1,0,1,14.285714285714286,17.040662921434695,0.7729938124369148,13.17232699809218,4,233.29299999999998,-0.40640000000000004,1.0,6.0,5.0,1.0,,,,21.833912262437483,8.0,5.0,3.0,5.0,3.0,1.0,,,,,9.336529827963789,5.128272467365575,52.042915931804814,12.460875436582212,1160,16,7,1.1872217997523038,1.1599635589946975,8.317947102500712,8.14656456394362,28,47.669489780771755,3.0,1.072941130987544,1.6884241945479548,ZINCf5000002rG9R_m01_t01,TRP23;SER20;LEU26,0.0,12.961903933530706
170,native_first,ZINCf5000000959K,CC[C@@H](N)Cn1cc(COC(=N)O)nn1,1516,772,772,0,1,1,14.285714285714286,17.205605691108325,0.5700569379231144,9.808174895385722,4,213.241,0.02476999999999996,3.0,6.0,5.0,1.0,,,,24.71882228243319,9.0,5.0,4.0,5.0,3.0,1.0,,,,,13.448504613310346,7.680007709953405,54.03297682709447,16.266084030591056,280,16,0,1.4818317224233484,1.805879731128063,8.622706883572002,6.0217992125570055,28,47.669489780771755,3.0,1.0746262613465973,1.4618577154945,ZINCf5000000959K_m02_t02,TRP23;SER20;LEU26,0.0,-72.23520707268345
171,native_first,ZINCf5000000ZxFj,NCCNS(=O)(=O)c1ccc([N+](=O)[O-])s1,1355,610,610,0,1,1,14.285714285714286,15.771438975402623,0.695079070329747,10.962397140785193,4,251.289,-0.10669999999999996,2.0,6.0,5.0,1.0,,,,34.397706822612335,9.0,6.0,3.0,6.0,3.0,1.0,,,,,11.768944067681984,6.649521348083365,51.14562118126275,17.426134756414573,349,16,6,1.3990179691442113,1.3038965632892303,9.384125904952475,7.893422016574662,28,47.669489780771755,3.0,1.0789629440628148,1.493594883336341,ZINCf5000000ZxFj_m01_t01,TRP23;SER20;LEU26,1.0,-7.3741799792419505
172,native_first,ZINCf5000000a5xo,C[S@](=N)(=O)CCc1cn(CCCO)nn1,103,510,510,1,1,1,14.285714285714286,19.005613846886952,0.8306857788015883,15.787693140003539,4,232.309,-0.1204300000000002,2.0,6.0,6.0,1.0,,,,22.891259571188275,8.0,4.0,4.0,4.0,3.0,1.0,,,,,12.394476052882334,6.94184549736941,57.77576853526221,15.018671932458819,884,16,0,1.0431637151478024,0.9119645300948281,8.622706883572002,8.476306740545068,28,47.669489780771755,3.0,1.0814290091996404,1.68739424351333,ZINCf5000000a5xo_m01_t01,TRP23;SER20;LEU26,0.0,-34.500201761625775
173,native_first,ZINCf50000017ye4,CCOC(=O)c1coc(CNCCO)n1,107,352,352,1,1,1,14.285714285714286,17.205605691108325,0.9160277683314035,15.760812584016055,4,214.22099999999998,-0.06680000000000008,2.0,6.0,6.0,1.0,,,,24.71882228243319,9.0,5.0,4.0,5.0,3.0,1.0,,,,,11.76529093699573,6.633587064384687,51.965480535279795,15.003673773355091,1036,16,15,0.6161592086472862,0.6297623390769446,8.622706883572002,8.219593556904986,28,47.669489780771755,3.0,1.0916381147048777,1.3797059438918102,ZINCf50000017ye4_m01_t01,TRP23;SER20;LEU26,1.0,70.54572448491436
174,native_first,ZINCf5000000a9iG,Cc1nnsc1CS(=O)(=O)C[C@@H](O)CO,161,525,525,1,1,1,17.857142857142858,20.731008121704747,0.7456274243184873,15.457608189312351,5,252.31699999999998,-0.8854799999999998,2.0,7.0,5.0,1.0,,,,22.891259571188275,8.0,4.0,4.0,4.0,3.0,1.0,,,,,10.529355986049778,5.8424433072928865,53.237156931738205,13.619831882334402,797,16,15,1.3938187721359252,1.144224877265395,8.622706883572002,9.273084448896974,28,47.669489780771755,3.0,1.1066310745862455,1.416644237438021,ZINCf5000000a9iG_m01_t01,TRP23;SER20;LEU26,1.0,11.054510385308742
175,native_first,ZINCf5000002efnB,N[C@H](CO)CNc1ccc([N+](=O)[O-])nc1,802,35,35,1,1,1,14.285714285714286,17.205605691108325,0.777506710316715,13.377473879900183,4,212.209,-0.2787000000000004,3.0,6.0,5.0,1.0,,,,36.36134085959774,9.0,6.0,3.0,6.0,3.0,1.0,,,,,14.04775913640505,8.295910165856139,45.80823293172692,19.626154567203223,1462,16,1,1.3236898555952574,0.9823978486176278,8.622706883572002,7.870209949782891,28,47.669489780771755,3.0,1.1067892827017607,1.2409043561922724,ZINCf5000002efnB_m02_t01,TRP23;SER20;LEU26,1.0,141.72809525899697
176,native_first,ZINCf5000000a6Cv,Cc1cc([N+](=O)[O-])nn1C[C@H](O)CCO,1264,603,603,0,1,1,14.285714285714286,15.036168524741624,0.7748753121095989,11.651155778541694,4,215.209,-0.15698000000000023,2.0,6.0,5.0,1.0,,,,36.24652290106407,10.0,7.0,3.0,7.0,3.0,1.0,,,,,14.502548039224026,8.490179521881162,49.69274740978922,19.938541754684035,344,16,4,1.1077763446261553,1.13448883813921,7.155285109623515,6.295006881388912,28,47.669489780771755,3.0,1.1101474484172225,1.8515009625469212,ZINCf5000000a6Cv_m01_t01,TRP23;SER20;LEU26,1.0,97.42443956069518
177,native_first,ZINCf5000000WBkB,Cc1noc(C)c1S(=O)(=O)NCCON,531,145,145,1,1,1,17.857142857142858,20.731008121704747,0.6830656455837063,14.160639446253311,5,235.26499999999996,-0.5399599999999996,2.0,6.0,5.0,1.0,,,,27.71640299041971,10.0,5.0,5.0,5.0,3.0,1.0,,,,,13.906171252951738,8.28813956741558,43.165405029148175,17.35872918731873,745,16,13,1.502546328670024,1.3936128003606538,8.622706883572002,7.516492583431556,28,47.669489780771755,3.0,1.1150894207313764,1.848774178396414,ZINCf5000000WBkB_m01_t01,TRP23;SER20;LEU26,2.0,-51.99450734094567
178,native_first,ZINCf500000095cn,CC[C@@H](NC(=O)C=NOC)c1nn[nH]n1,1118,687,687,0,1,1,14.285714285714286,19.005613846886952,0.6504804229418578,12.362779733392653,4,212.21300000000002,-0.6008000000000004,2.0,6.0,5.0,1.0,,,,27.71640299041971,10.0,5.0,5.0,5.0,3.0,1.0,,,,,12.984685997391143,7.611487216823987,44.15551181102363,16.667615245648285,197,16,0,1.5240745774617372,1.5970556280003378,8.622706883572002,7.510606590247926,28,47.669489780771755,3.0,1.129529580541215,1.4367942545046481,ZINCf500000095cn_m01_t01,TRP23;SER20;LEU26,1.0,65.83148971012537
179,native_first,ZINCf50000009aFJ,CCn1cnnc1CS(=O)(=O)C[C@@H](C)O,976,1324,1324,0,0,1,14.285714285714286,17.040662921434695,0.7541276008924186,12.85083424655794,4,233.29299999999998,-0.40640000000000004,1.0,6.0,5.0,1.0,,,,20.006349551192564,7.0,4.0,3.0,4.0,3.0,1.0,,,,,7.20286572460662,3.855538278662987,54.64449541284404,10.403736681253106,761,16,10,1.23044521850499,1.144893892435426,8.317947102500712,7.268761355292217,28,47.669489780771755,3.0,1.1304247961137854,1.8301400305248894,ZINCf50000009aFJ_m01_t01,TRP23;SER20;LEU26,1.0,0.23094177249425796
180,native_first,ZINCf50000008Psk,CC(C)[C@H](NC(=O)CON)c1ncon1,1278,1512,1512,0,0,1,14.285714285714286,17.205605691108325,0.6729302306073056,11.578172205455894,4,214.225,-0.22680000000000028,2.0,6.0,5.0,1.0,,,,24.04002420072306,8.0,3.0,5.0,3.0,2.0,1.0,,,,,6.708335095488935,3.7490707625716873,31.843274538844753,11.041257371797467,1144,16,2,1.4398295795917901,1.5715470393390507,8.622706883572002,7.925404798261099,28,47.669489780771755,3.0,1.1307430999910655,1.6180891866257952,ZINCf50000008Psk_m01_t03,TRP23;SER20;LEU26,2.0,9.039405167418716
181,native_first,ZINCf5000000Ztfr,COC[C@H](O)C(=O)OCc1nonc1C,891,318,318,1,1,1,14.285714285714286,17.205605691108325,0.7611494142529097,13.09603669365363,4,216.19299999999998,-0.5714800000000004,1.0,7.0,5.0,1.0,,,,24.83149297042401,9.0,5.0,4.0,5.0,3.0,1.0,,,,,12.32346286445757,6.980692112082067,52.52163023679416,15.450470390949178,726,16,0,1.1219403154798593,1.0737570589768712,8.622706883572002,7.12339009811114,28,47.669489780771755,3.0,1.131233124929667,1.8644507825253818,ZINCf5000000Ztfr_m01_t02,TRP23;SER20;LEU26,3.0,46.34709457410479
182,native_first,ZINCf5000000959R,CC[C@@H](N)c1cn(CCS(C)(=O)=O)nn1,1154,1233,1233,0,0,1,10.714285714285714,15.315268646616897,0.7976151651629919,12.215690531086928,3,232.309,-0.26749999999999985,1.0,6.0,5.0,1.0,,,,21.833912262437483,8.0,5.0,3.0,5.0,3.0,1.0,,,,,11.299566730216368,6.23246871312619,60.43072505384064,13.933153113271645,413,16,7,1.151706560780091,0.9931062033523407,7.259444124724703,6.579174456413889,28,47.669489780771755,3.0,1.132158421167713,1.62056606806948,ZINCf5000000959R_m01_t01,TRP23;SER20;LEU26,3.0,-28.10072407651829
183,native_first,ZINCf5000000ZuJO,C[C@H](N)c1noc(CN(C)S(C)(=O)=O)n1,1272,1236,1236,0,0,1,10.714285714285714,15.315268646616897,0.7580770915988253,11.610154312682015,3,234.281,-0.5192999999999997,1.0,6.0,4.0,1.0,,,,21.833912262437483,8.0,5.0,3.0,5.0,3.0,1.0,,,,,10.98019741339641,6.067165431764857,57.721812129106965,13.69362612565668,634,16,11,1.318618423403004,1.1219321067760795,7.259444124724703,7.90405031852144,28,47.669489780771755,3.0,1.1329869770736787,1.6467581279531742,ZINCf5000000ZuJO_m01_t01,TRP23;SER20;LEU26,3.0,-16.929860420205596
184,native_first,ZINCf50000008Hcy,C=CCn1nnnc1SC[C@H](O)[C@H](C)O,773,917,917,1,0,1,14.285714285714286,17.205605691108325,0.782703090510727,13.466880748539438,4,230.293,-0.3071000000000001,2.0,7.0,6.0,1.0,,,,21.70481911441053,8.0,5.0,3.0,5.0,3.0,1.0,,,,,7.691917516921667,4.189426809234364,46.91080493110951,11.195142916293884,685,16,13,0.9951431491235729,1.1309320425399225,8.622706883572002,7.596731079026406,28,47.669489780771755,3.0,1.1349236496411488,1.8341162882020328,ZINCf50000008Hcy_m01_t01,TRP23;SER20;LEU26,3.0,52.81514868295501
185,native_first,ZINCf5000001801V,Cc1nc(CN(C)Cc2nn[nH]n2)no1,1283,652,652,0,1,1,14.285714285714286,17.205605691108325,0.6711501222902995,11.547544363666024,4,209.21300000000002,-0.47688000000000014,1.0,7.0,4.0,1.0,,,,29.66625877931497,10.0,6.0,4.0,6.0,3.0,1.0,,,,,15.283772524461655,9.022110346990225,49.95271556141121,18.879394088174983,1333,16,8,1.4639040043138034,1.453033138288286,8.622706883572002,7.288944748931187,28,47.669489780771755,3.0,1.145728026924365,1.7499172080146341,ZINCf5000001801V_m01_t06,TRP23;SER20;LEU26,3.0,30.143592876806313
186,native_first,ZINCf50000026aGv,COC(=O)[C@@H](N)Cc1cn(CCI)nn1,980,1322,1322,0,0,1,14.285714285714286,17.205605691108325,0.7465890699397161,12.84551715067405,4,324.12199999999996,-0.24410000000000065,1.0,6.0,5.0,1.0,,,,20.006349551192564,7.0,4.0,3.0,4.0,3.0,1.0,,,,,7.761338064139727,4.142735289442915,61.345496009122,10.822590935902936,1060,16,15,1.4280023014141545,1.1330730485004672,8.622706883572002,8.160104012486494,28,47.669489780771755,3.0,1.153279667542145,1.7184986276385201,ZINCf50000026aGv_m01_t01,TRP23;SER20;LEU26,1.0,45.69334914755325
187,native_first,ZINCf50000009adX,CCc1nnc(SC[C@H](O)COC)n1N,781,355,355,1,1,1,10.714285714285714,15.315268646616897,0.8782974808319401,13.451361870588018,3,232.309,-0.3463,2.0,7.0,6.0,1.0,,,,24.71882228243319,9.0,5.0,4.0,5.0,3.0,1.0,,,,,9.672409777441194,5.392972984278111,46.84449866903283,13.434012903689194,144,16,9,0.6620701936075137,0.619644949002624,7.259444124724703,5.782759395847564,28,47.669489780771755,3.0,1.1572642356731275,1.8716446541143978,ZINCf50000009adX_m01_t01,TRP23;SER20;LEU26,1.0,54.72184816815465
188,native_first,ZINCf5000000SK0R,CC(C)n1nnnc1C[S@](=O)CC(=O)O,788,225,225,1,1,1,14.285714285714286,17.205605691108325,0.780691402420773,13.43226843649019,4,232.265,-0.41270000000000034,1.0,6.0,5.0,1.0,,,,26.14385317041274,8.0,5.0,3.0,5.0,3.0,1.0,,,,,8.916151216957747,4.908196472402162,48.611634627465776,13.223076705321496,1504,16,9,1.1637022410973479,1.10305280487994,8.622706883572002,8.070805369221565,28,47.669489780771755,3.0,1.160382502947742,1.9262673375856083,ZINCf5000000SK0R_m01_t02,TRP23;SER20;LEU26,2.0,-25.419721670341172
189,native_first,ZINCf5000002r8Io,CC[C@H](N)c1cn(C[C@H](CN)OC)nn1,990,773,773,0,1,1,10.714285714285714,14.035426252508884,0.9128657972869004,12.812460576258015,3,213.28499999999997,-0.33839999999999937,2.0,6.0,6.0,1.0,,,,24.71882228243319,9.0,5.0,4.0,5.0,3.0,1.0,,,,,13.313199906866203,7.526786409110844,57.577092511013205,16.16460550075795,1186,16,5,0.6954999317084253,0.5185518936119107,5.577579134355692,6.449777693673799,28,47.669489780771755,3.0,1.1613567553392612,1.3765501901976762,ZINCf5000002r8Io_m02_t01,TRP23;SER20;LEU26,3.0,48.70186410908588
190,native_first,ZINCf5000002aURX,O=C(Cc1csnn1)NCCSCCO,326,332,332,1,1,1,14.285714285714286,19.005613846886952,0.7792467055305914,14.810061976773246,4,247.34499999999997,-0.07769999999999982,2.0,6.0,7.0,1.0,,,,24.71882228243319,9.0,5.0,4.0,5.0,3.0,1.0,,,,,15.848995633060476,9.110988902129021,60.8517101710171,18.066452295403653,834,16,15,1.3516388907440142,0.9862619785269399,8.622706883572002,8.168813486479849,28,47.669489780771755,3.0,1.161773022187195,1.4913365551518138,ZINCf5000002aURX_m01_t01,TRP23;SER20;LEU26,3.0,17.194570073797088
191,native_first,ZINCf5000002aP82,CC(=O)c1nnc(S[C@@H](C)C(N)=O)n1C,224,480,480,1,1,1,14.285714285714286,17.205605691108325,0.8820149213997119,15.175600951277346,4,228.277,-0.016400000000000137,1.0,6.0,4.0,1.0,,,,23.00393025917909,8.0,4.0,4.0,4.0,3.0,1.0,,,,,9.703536813675258,5.409871686172763,47.029726403483856,13.028635175051217,1087,16,7,0.8234720695991185,0.6942298347224733,8.622706883572002,7.9741105973650885,28,47.669489780771755,3.0,1.162946239237556,1.6837464240863165,ZINCf5000002aP82_m01_t06,TRP23;SER20;LEU26,3.0,9.40037954443687
192,native_first,ZINCf50000009GDl,CSCCCn1cc(C[C@@H](N)CO)nn1,956,1336,1336,0,0,1,14.285714285714286,17.040662921434695,0.7575830861844941,12.909718006650174,4,230.337,-0.10670000000000007,2.0,6.0,7.0,1.0,,,,19.877256403165617,7.0,4.0,3.0,4.0,3.0,1.0,,,,,8.889594452904946,4.830394924996997,55.68011958146486,11.636509940470113,1246,16,9,1.3969075879145543,1.1027252348294485,8.317947102500712,8.553795666168812,28,47.669489780771755,3.0,1.1695274236951316,1.5843988583958695,ZINCf50000009GDl_m01_t01,TRP23;SER20;LEU26,3.0,30.886600093101897
193,native_first,CHEMBL416288,CN1CCc2cccc3c2[C@@H]1Cc1ccc(O)c(O)c1-3,1517,780,780,0,1,1,14.285714285714286,15.771438975402623,0.6179972470132964,9.746705868237024,4,267.328,2.8499000000000025,2.0,3.0,0.0,1.0,,,,24.71202221205658,8.0,5.0,3.0,5.0,3.0,1.0,,,,,11.343155144570979,6.366396837811103,51.966770803748915,14.68537191144238,49,16,15,1.6391122976604993,1.4696388407180832,9.384125904952475,7.218390747226201,28,47.669489780771755,3.0,1.1708332852784127,1.89965223655359,CHEMBL416288_m01_t02,TRP23;SER20;LEU26,0.0,86.62627287374553
194,native_first,ZINCf5000000ZrKM,CCc1nonc1S(=O)(=O)NC[C@H](C)O,861,538,538,1,1,1,14.285714285714286,17.205605691108325,0.7668333060914386,13.193831495418268,4,235.265,-0.7089000000000001,2.0,6.0,5.0,1.0,,,,22.891259571188275,8.0,4.0,4.0,4.0,3.0,1.0,,,,,8.453189780921225,4.703321442455556,41.699029126213574,12.062707228487987,394,16,12,1.2869382249142989,1.046248450683349,8.622706883572002,7.68435888609316,28,47.669489780771755,3.0,1.1724756653054298,1.8249189481339485,ZINCf5000000ZrKM_m01_t01,TRP23;SER20;LEU26,2.0,-20.95401926491431
195,native_first,ZINCf50000008PQx,CC(C)n1nnnc1CSC[C@H](O)CO,589,997,997,1,0,1,14.285714285714286,17.205605691108325,0.813420873178061,13.995398804818748,4,232.309,-0.15960000000000008,2.0,7.0,6.0,1.0,,,,19.877256403165617,7.0,4.0,3.0,4.0,3.0,1.0,,,,,9.122155176481025,4.939438687960249,59.54407869844874,11.810930483152173,161,16,0,1.2851437404379973,0.8409922313297139,8.622706883572002,8.529665499077964,28,47.669489780771755,3.0,1.1793446935506322,1.8779183998075226,ZINCf50000008PQx_m01_t01,TRP23;SER20;LEU26,2.0,41.34854608820346
196,native_first,ZINCf50000017MGZ,CON=CC(=O)NO[C@@H](C)c1nc[nH]n1,1157,651,651,0,1,1,14.285714285714286,19.005613846886952,0.6417603924484762,12.197050201102362,4,213.19700000000003,-0.4543000000000003,2.0,6.0,5.0,1.0,,,,29.773798719106704,10.0,5.0,5.0,5.0,3.0,1.0,,,,,13.26781073804134,7.882801518565461,41.871983780233606,17.39430773330768,1394,16,3,1.5511561415276276,1.3779525102367887,8.622706883572002,6.501613669888772,28,47.669489780771755,3.0,1.1824159421773361,1.6524611377076892,ZINCf50000017MGZ_m01_t06,TRP23;SER20;LEU26,2.0,43.18037572449768
197,native_first,ZINCf50000008VLK,CCCc1nnc(SC[C@@H](O)CO)n1N,804,395,395,1,1,1,14.285714285714286,17.040662921434695,0.7849011987143844,13.375236753921856,4,232.309,-0.6103000000000001,3.0,7.0,6.0,1.0,,,,23.886789807026993,8.0,5.0,3.0,5.0,3.0,1.0,,,,,6.5323818229995005,3.5948922565561987,35.721193699917094,10.870983819006373,131,16,8,1.2283990889825023,1.0571363558094087,8.317947102500712,8.089426865635197,28,47.669489780771755,3.0,1.1834845596706882,1.8013840780326935,ZINCf50000008VLK_m01_t01,TRP23;SER20;LEU26,3.0,40.36278813077674
198,native_first,ZINCf5000000a8Km,Cc1nn(C[C@H](O)CCO)cc1[N+](=O)[O-],1010,602,602,0,1,1,14.285714285714286,17.040662921434695,0.748433614853113,12.753804949782777,4,215.209,-0.15698000000000006,2.0,6.0,5.0,1.0,,,,36.24652290106407,10.0,7.0,3.0,7.0,3.0,1.0,,,,,16.270936614708273,9.528051020609688,55.662874722758836,21.26483318629722,297,16,1,1.197322298773988,1.2990266120319875,8.317947102500712,8.084300155161841,28,47.669489780771755,3.0,1.1863524269256498,1.9780083385695824,ZINCf5000000a8Km_m01_t01,TRP23;SER20;LEU26,3.0,42.31588668786492
199,native_first,ZINCf5000000a959,Cc1nnc(SCCc2nn[nH]n2)n1N,1301,683,683,0,1,1,14.285714285714286,17.205605691108325,0.6657356622202619,11.454385298670708,4,226.26900000000003,-0.85178,2.0,8.0,4.0,1.0,,,,27.72602538007924,9.0,5.0,4.0,5.0,3.0,1.0,,,,,15.970488240800801,9.392506317905337,53.29600694444445,18.90937252562041,415,16,3,1.320035180537752,1.4980632415717363,8.622706883572002,6.916665356257324,28,47.669489780771755,3.0,1.1881955504161936,1.309465202831406,ZINCf5000000a959_m01_t01,TRP23;SER20;LEU26,2.0,22.680550342378773
200,native_first,ZINCf5000000Zu2h,C[C@@H](NCCNS(C)(=O)=O)c1nncs1,96,535,535,1,1,1,14.285714285714286,17.205605691108325,0.9198380291320333,15.826370428931977,4,250.34900000000002,-0.2621,2.0,6.0,6.0,1.0,,,,22.891259571188275,8.0,4.0,4.0,4.0,3.0,1.0,,,,,9.316171736248407,5.19360854842033,45.175070028011206,12.709943694983373,1386,16,13,0.6409354688351321,0.6096981235447402,8.622706883572002,8.612248434545776,28,47.669489780771755,3.0,1.1917305392422364,1.5325959890867604,ZINCf5000000Zu2h_m01_t01,TRP23;SER20;LEU26,3.0,-33.548278850126835
201,native_first,ZINCf50000027pLc,C[C@@H](O)c1n[nH]c(CNS(=O)(=O)CI)n1,202,175,175,1,1,1,14.285714285714286,17.205605691108325,0.8866210912189583,15.254852892933581,4,346.15,-0.3301000000000003,3.0,5.0,5.0,1.0,,,,26.900792975049644,9.0,5.0,4.0,5.0,3.0,1.0,,,,,10.877474541626455,6.263851298910432,41.28816182749787,14.883304149982251,728,16,0,0.7084309252100905,0.759913738079525,8.622706883572002,8.14162244926376,28,47.669489780771755,3.0,1.2073660574213125,1.8825357009929753,ZINCf50000027pLc_m01_t01,TRP23;SER20;LEU26,1.0,-21.692248840664497
202,native_first,ZINCf50000009nMD,CNS(=O)(=O)CCn1cnc([N+](=O)[O-])c1,759,37,37,1,1,1,14.285714285714286,17.205605691108325,0.7843217487128356,13.494730743313596,4,234.237,-0.6595,1.0,6.0,5.0,1.0,,,,36.1219479371346,10.0,7.0,3.0,7.0,3.0,1.0,,,,,13.838835828034545,8.031985306780138,49.953524953524955,19.40961385530956,626,16,15,1.154864935912563,1.0184133284626566,8.622706883572002,7.611419980431458,28,47.669489780771755,3.0,1.2360821821154155,1.988416322118982,ZINCf50000009nMD_m01_t01,TRP23;SER20;LEU26,1.0,-22.075049792983826
203,native_first,ZINCf5000000WClS,O=[N+]([O-])c1cnc(NCS(=O)(=O)O)nc1,1140,599,599,0,1,1,14.285714285714286,17.205605691108325,0.7132206850788416,12.271393878208695,4,234.193,-0.3580000000000004,2.0,7.0,4.0,1.0,,,,36.426196550579654,9.0,6.0,3.0,6.0,3.0,1.0,,,,,13.19157656848212,7.5118150096168606,54.08831430490261,19.000231564006505,506,16,10,1.6315999927560512,1.2136330982853163,8.622706883572002,8.675753818231184,28,47.669489780771755,3.0,1.2394142945250903,1.6850162224382725,ZINCf5000000WClS_m01_t04,TRP23;SER20;LEU26,2.0,-54.12333290898193
204,native_first,ZINCf5000000af5V,N=C(O)OCc1cn(CCCCN)nn1,1512,768,768,0,1,1,14.285714285714286,17.205605691108325,0.5772946726839635,9.93270450577772,4,213.24099999999999,0.026369999999999894,3.0,6.0,6.0,1.0,,,,24.71882228243319,9.0,5.0,4.0,5.0,3.0,1.0,,,,,14.824639257248649,8.517777837790899,57.11341354723709,17.29818501354478,210,16,5,1.4474175097953144,1.7941716721106378,8.622706883572002,6.082345205981986,28,47.669489780771755,3.0,1.2555572556605923,1.3478225923549765,ZINCf5000000af5V_m02_t01,TRP23;SER20;LEU26,3.0,-68.0408791684165
205,native_first,ZINCf5000000alCw,NS(=O)(=O)CCc1cn(CC=CCl)nn1,982,1326,1326,0,0,1,14.285714285714286,17.040662921434695,0.7533502350848091,12.837587417863817,4,250.711,-0.13839999999999986,1.0,5.0,5.0,1.0,,,,20.006349551192564,7.0,4.0,3.0,4.0,3.0,1.0,,,,,6.416570061914102,3.4276101218275747,50.13904338153504,9.814014934233718,1010,16,4,1.573534829896267,0.984206198639796,8.317947102500712,8.715491518176586,28,47.669489780771755,3.0,1.2577800837489592,1.6012264528368816,ZINCf5000000alCw_m01_t01,TRP23;SER20;LEU26,2.0,-94.61315331766512
206,native_first,ZINCf5000000Zz1e,OCCOCCOCCSc1nc[nH]n1,356,130,130,1,1,1,14.285714285714286,19.005613846886952,0.7749298850685995,14.728018154026289,4,233.29300000000003,-0.07770000000000005,2.0,6.0,9.0,1.0,,,,27.71640299041971,10.0,5.0,5.0,5.0,3.0,1.0,,,,,17.631373773361066,10.489914852469848,55.23489434947769,20.152631077625728,1450,16,5,1.3385845758591235,1.0369617099650723,8.622706883572002,8.36409277762213,28,47.669489780771755,3.0,1.2788280902265026,1.2723333435470157,ZINCf5000000Zz1e_m01_t02,TRP23;SER20;LEU26,3.0,57.328741843979614
207,native_first,ZINCf50000017pBj,C=C[C@@H](N)c1nc(CNS(C)(=O)=O)no1,942,774,774,0,1,1,14.285714285714286,17.040662921434695,0.7621746302272369,12.987960960971474,4,232.265,-0.6953999999999989,2.0,6.0,5.0,1.0,,,,24.71882228243319,9.0,5.0,4.0,5.0,3.0,1.0,,,,,13.160682501466859,7.4940850755433885,53.968777484608644,16.05021744670844,1191,16,6,1.0609379766219906,1.2913645527174706,8.317947102500712,7.874181938420936,28,47.669489780771755,3.0,1.2878956694462123,1.7913963082398912,ZINCf50000017pBj_m02_t01,TRP23;SER20;LEU26,2.0,-46.57474172564308
208,native_first,ZINCf50000027hqP,CCn1nc(C)c(CNS(=O)(=O)OC)n1,587,447,447,1,1,1,14.285714285714286,17.205605691108325,0.8140087631269605,14.00551380746928,4,234.28099999999998,-0.4127799999999997,1.0,6.0,5.0,1.0,,,,23.65029655344448,9.0,6.0,3.0,6.0,3.0,1.0,,,,,9.44914338245529,5.241530316338646,47.90322580645163,12.999431675202588,1210,16,10,1.051509733371594,0.9853817793347824,8.622706883572002,8.13862073143232,28,47.669489780771755,3.0,1.2935643614220447,2.098591699040861,ZINCf50000027hqP_m01_t01,TRP23;SER20;LEU26,1.0,-129.71731267077362
209,native_first,ZINCf5000000SKPV,CCn1ncc(C(=O)NS(=O)(=O)CI)n1,378,487,487,1,1,1,14.285714285714286,17.205605691108325,0.8528541091328073,14.67387151378055,4,344.13399999999996,-0.24990000000000018,1.0,6.0,4.0,1.0,,,,23.00393025917909,8.0,4.0,4.0,4.0,3.0,1.0,,,,,7.72384272918292,4.2226675157400955,45.20522212829904,11.543864611681961,826,16,1,0.8855909767363642,0.8529031959278086,8.622706883572002,8.078722232070191,28,47.669489780771755,3.0,1.2946665501406298,1.9816300564096865,ZINCf5000000SKPV_m01_t02,TRP23;SER20;LEU26,2.0,-4.459156618085475
210,native_first,ZINCf5000000a163,C[C@H](ON)c1nc([C@@H](C)NC(N)=O)no1,188,242,242,1,1,1,14.285714285714286,17.205605691108325,0.8907235393369368,15.32543799761975,4,215.21299999999997,-0.2497999999999999,3.0,6.0,4.0,1.0,,,,25.88884027917479,9.0,4.0,5.0,4.0,3.0,1.0,,,,,15.113383442721068,8.797867676334645,53.5643424036281,17.807247651834498,572,16,5,1.047422886894963,0.48892337283735704,8.622706883572002,8.375314864206336,28,47.669489780771755,3.0,1.3083770111468331,1.988110078997959,ZINCf5000000a163_m01_t03,TRP23;SER20;LEU26,0.0,-41.48277679807606
211,native_first,ZINCf50000017AHc,CC[C@H](N)c1nc(CNS(C)(=O)=O)no1,1080,775,775,0,1,1,10.714285714285714,13.515260490838273,0.9254330224885889,12.507468365757072,3,234.28099999999998,-0.47139999999999915,2.0,6.0,5.0,1.0,,,,24.71882228243319,9.0,5.0,4.0,5.0,3.0,1.0,,,,,13.160682501466859,7.4940850755433885,53.968777484608644,16.05021744670844,347,16,0,0.6475103727346758,0.5080487573074778,8.317947102500712,8.943981980149639,28,47.669489780771755,3.0,1.3150688131287072,1.0472107878722927,ZINCf50000017AHc_m01_t01,TRP23;SER20;LEU26,0.0,-36.21491154944203
212,native_first,ZINCf5000000WBxi,N#CCc1ncc(NCS(=O)(=O)O)cn1,767,1208,1208,1,0,1,14.285714285714286,17.205605691108325,0.7834136430095356,13.479106234656772,4,228.233,-0.20012000000000035,2.0,6.0,4.0,1.0,,,,24.04002420072306,8.0,3.0,5.0,3.0,2.0,1.0,,,,,12.900767142351214,7.331069671063102,53.6947402387867,15.685581406944177,1416,16,15,1.0751809087125628,1.1695292014841343,8.622706883572002,8.386589684160544,28,47.669489780771755,3.0,1.3189950390994412,1.7787124325150387,ZINCf5000000WBxi_m02_t02,TRP23;SER20;LEU26,2.0,134.48334224994656
213,native_first,ZINCf5000000ZsB5,CNC(=O)CSc1nc([N+](=O)[O-])nn1C,1316,596,596,0,1,1,10.714285714285714,15.315268646616897,0.7406638189860179,11.343465364600092,3,231.237,-0.4386000000000003,1.0,7.0,4.0,1.0,,,,37.94951064837952,11.0,8.0,3.0,8.0,3.0,1.0,,,,,14.054029362613765,8.300587540416258,45.7989898989899,20.027899684055207,278,16,3,0.850434956876596,1.3736258187883135,7.259444124724703,5.797251511231852,28,47.669489780771755,3.0,1.3194089353350558,2.164759967812285,ZINCf5000000ZsB5_m01_t03,TRP23;SER20;LEU26,3.0,83.81384957433951
214,native_first,ZINCf50000009CNG,CO[C@@H](CN)Cc1nc(CCCN)no1,1016,766,766,0,1,1,14.285714285714286,17.040662921434695,0.7475674843893161,12.739045512503228,4,214.26899999999998,-0.522899999999999,2.0,6.0,7.0,1.0,,,,24.71882228243319,9.0,5.0,4.0,5.0,3.0,1.0,,,,,15.821274130906145,9.060122671052948,62.35079575596819,18.04566116878791,261,16,6,1.4379880503156068,1.0836263137365423,8.317947102500712,7.550628790872037,28,47.669489780771755,3.0,1.3356106484178782,1.7871941434684224,ZINCf50000009CNG_m02_t01,TRP23;SER20;LEU26,3.0,49.704308820283174
215,native_first,ZINCf500000285NH,CCn1nnc(CNC(=O)CN=[N+]=[N-])n1,1485,656,656,0,1,1,14.285714285714286,17.040662921434695,0.6101329438099078,10.397069832727293,4,210.201,-0.38050000000000006,1.0,6.0,5.0,1.0,,,,29.097066585969035,9.0,5.0,4.0,5.0,3.0,1.0,,,,,10.189592542697955,5.6947288348182,48.36124091381101,14.916461053515723,1125,16,13,1.8294589613427767,1.7090123458713944,8.317947102500712,9.148057020451022,28,47.669489780771755,3.0,1.3504542487036557,2.0456056283428286,ZINCf500000285NH_m01_t03,TRP23;SER20;LEU26,3.0,11.391906191632458
216,native_first,ZINCf5000000a7n5,Cc1conc1CS(=O)(=O)NC1COC1,751,479,479,1,1,1,14.285714285714286,17.205605691108325,0.7851472309583138,13.508933665334308,4,232.261,-0.19878000000000018,1.0,5.0,4.0,1.0,,,,23.00393025917909,8.0,4.0,4.0,4.0,3.0,1.0,,,,,9.74435781188057,5.392312441168631,50.51070379180076,13.059250923705202,82,16,13,1.0015456025736347,1.147836877945965,8.622706883572002,7.8049367243334595,28,47.669489780771755,3.0,1.3551889054542887,1.5520109858813862,ZINCf5000000a7n5_m01_t01,TRP23;SER20;LEU26,3.0,-26.02170018252204
217,native_first,ZINCf50000008MQx,CC(C)(O)c1cn(CCS(C)(=O)=O)nn1,1049,1315,1315,0,0,1,10.714285714285714,15.315268646616897,0.8253725733313638,12.640802694119342,3,233.293,-0.4499000000000002,1.0,6.0,4.0,1.0,,,,20.006349551192564,7.0,4.0,3.0,4.0,3.0,1.0,,,,,9.588461543840467,5.196394816568029,61.94665153234962,12.19293354567849,340,16,3,0.9929788170034485,0.9577012982258942,7.259444124724703,6.79302528197791,28,47.669489780771755,3.0,1.3667680077982136,1.9878493905909351,ZINCf50000008MQx_m01_t01,TRP23;SER20;LEU26,2.0,-12.764164675811914
218,native_first,ZINCf50000009Z3e,C[C@H](Nc1ncc([N+](=O)[O-])cn1)C(N)=O,946,600,600,0,1,1,14.285714285714286,17.040662921434695,0.760919277553791,12.966568919215762,4,211.18099999999998,-0.3295000000000003,2.0,6.0,4.0,1.0,,,,36.426196550579654,9.0,6.0,3.0,6.0,3.0,1.0,,,,,12.441227482431424,7.1036959720327735,50.03990255376345,18.437469749468484,1104,16,4,1.0925587870294706,1.2181952911213412,8.317947102500712,7.393954530342248,28,47.669489780771755,3.0,1.3863507504615762,1.823266487925402,ZINCf50000009Z3e_m01_t05,TRP23;SER20;LEU26,1.0,-37.99234367827293
219,native_first,ZINCf500000185b2,NOCCNC(=O)CCCn1cncn1,486,246,246,1,1,1,17.857142857142858,20.731008121704747,0.6918788783389742,14.343346646081244,5,213.24099999999999,-0.9351999999999991,2.0,6.0,7.0,1.0,,,,25.88884027917479,9.0,4.0,5.0,4.0,3.0,1.0,,,,,14.884255031994357,8.687517090725814,51.914365832614315,17.635401343789464,1240,16,14,1.7075680794541273,1.2639188285710539,8.622706883572002,9.205831517697947,28,47.669489780771755,3.0,1.394187031033258,1.4589180019281331,ZINCf500000185b2_m01_t03,TRP23;SER20;LEU26,2.0,-10.471062935773412
220,native_first,ZINCf5000001nXKs,Cc1nn(C[C@@](C)(N)C(=O)O)c(C)c1Br,1184,858,858,0,1,1,10.714285714285714,14.035426252508884,0.8605068829381426,12.077580895254595,3,276.134,1.06444,2.0,4.0,3.0,1.0,,,,22.891259571188275,8.0,4.0,4.0,4.0,3.0,1.0,,,,,12.075587007269519,6.723752105480964,59.1823277283218,14.779505148249209,308,16,11,0.8296411940794605,0.6526985609700691,5.577579134355692,4.158645634240589,28,47.669489780771755,3.0,1.4206892782616904,2.3630247775800837,ZINCf5000001nXKs_m01_t01,TRP23;SER20;LEU26,0.0,42.004958455650936
221,native_first,ZINCf500000093Bx,CCS(=O)(=O)NCc1nc(CCN)no1,885,347,347,1,1,1,14.285714285714286,17.205605691108325,0.7618559813627931,13.10819360874059,4,234.28099999999998,-0.9898999999999989,2.0,6.0,6.0,1.0,,,,24.71882228243319,9.0,5.0,4.0,5.0,3.0,1.0,,,,,12.732544730847556,7.213998647003786,54.17583626760566,15.729114118743965,563,16,4,1.2139424805929322,1.1802987804874536,8.622706883572002,8.047975066272961,28,47.669489780771755,3.0,1.4774816025295259,2.404037256231261,ZINCf500000093Bx_m01_t01,TRP23;SER20;LEU26,1.0,-49.666574807751935
222,native_first,ZINCf5000002e3ph,COCCc1noc([C@@H](O)CC(N)=O)n1,208,132,132,1,1,1,10.714285714285714,15.48021141629053,0.983106439208913,15.218695523670547,3,215.20899999999997,-0.8326999999999998,2.0,6.0,6.0,1.0,,,,27.71640299041971,10.0,5.0,5.0,5.0,3.0,1.0,,,,,17.325096620475012,10.298950727983264,54.519082383665705,19.922923212961187,118,16,13,0.26500488832005187,0.2773102461057511,8.622706883572002,8.66310334242049,28,47.669489780771755,3.0,1.4820109524606702,2.3462406457562537,ZINCf5000002e3ph_m01_t03,TRP23;SER20;LEU26,0.0,-5.249275248170001
223,native_first,ZINCf50000009wBo,COCCc1noc([C@@H](N)CC(N)=O)n1,832,133,133,1,1,1,14.285714285714286,19.005613846886952,0.7001425385450794,13.306638725366941,4,214.22499999999997,-0.8662999999999987,2.0,6.0,6.0,1.0,,,,27.71640299041971,10.0,5.0,5.0,5.0,3.0,1.0,,,,,17.316318114172002,10.298950727983264,54.34568879497563,19.91633933323393,520,16,2,1.586364529197712,1.319754432838664,8.622706883572002,8.262805874225116,28,47.669489780771755,3.0,1.4876564253574942,2.291564789231807,ZINCf50000009wBo_m02_t03,TRP23;SER20;LEU26,3.0,-31.147836104396717
224,native_first,ZINCf50000009wB0,COCCc1nnc(S[C@H](F)CO)n1N,265,350,350,1,1,1,10.714285714285714,15.48021141629053,0.9716817305215782,15.041838617821073,3,236.272,-0.4392,2.0,7.0,6.0,1.0,,,,24.71882228243319,9.0,5.0,4.0,5.0,3.0,1.0,,,,,12.470843556174069,7.0691291617827225,52.87107058125742,15.532838237738849,444,16,0,0.3937202624255354,0.3023649531783465,8.622706883572002,8.256875498619255,28,47.669489780771755,3.0,1.4877056302998815,2.092514119765026,ZINCf50000009wB0_m01_t01,TRP23;SER20;LEU26,3.0,49.05298585302149
225,native_first,ZINCf5000000Zt9N,COCCc1nnc(S[C@H](C)CO)n1N,180,519,519,1,1,1,10.714285714285714,15.48021141629053,0.9913406950944776,15.346163545634923,3,232.309,-0.3463,2.0,7.0,6.0,1.0,,,,22.891259571188275,8.0,4.0,4.0,4.0,3.0,1.0,,,,,10.989922218516153,6.1156237537362514,54.14392985401799,13.965256556684183,528,16,11,0.2473891409463371,0.15700515764058887,8.622706883572002,8.60985932085196,28,47.669489780771755,3.0,1.4893152637341094,2.1845521848216465,ZINCf5000000Zt9N_m01_t01,TRP23;SER20;LEU26,0.0,35.702999935810126
226,native_first,ZINCf50000009wAP,COCCc1nc([C@@H](N)CC(=O)O)no1,427,131,131,1,1,1,17.857142857142858,20.731008121704747,0.6989541891059661,14.490024971055337,5,215.209,-0.26699999999999974,2.0,6.0,6.0,1.0,,,,27.71640299041971,10.0,5.0,5.0,5.0,3.0,1.0,,,,,17.43957799100935,10.342450665691269,55.57781339031339,20.00878424086194,478,16,4,1.7640006460384903,1.2065085385720855,8.622706883572002,8.576821423162293,28,47.669489780771755,3.0,1.5150413473936988,2.4411245314998973,ZINCf50000009wAP_m01_t06,TRP23;SER20;LEU26,0.0,10.203048213445292
227,native_first,ZINCf5000000aePw,N#Cc1nn(C[C@@H](O)CO)cc1[N+](=O)[O-],1087,594,594,0,1,1,10.714285714285714,13.515260490838273,0.9239065197247792,12.4868372832642,3,212.165,-0.9838200000000001,2.0,7.0,4.0,1.0,,,,38.28266526254425,10.0,7.0,3.0,7.0,3.0,1.0,,,,,14.644841377680082,8.6116302555905,48.91212505280947,20.55429734889612,854,16,7,0.4807001704297711,0.5326284886990945,8.317947102500712,7.301913755171027,28,47.669489780771755,3.0,1.5626846010092115,2.2717059009966447,ZINCf5000000aePw_m01_t01,TRP23;SER20;LEU26,0.0,57.19988767779556
228,native_first,ZINCf50000008SP4,CCC(=O)NS(=O)(=O)Cc1noc(C)n1,1342,844,844,0,1,1,14.285714285714286,17.040662921434695,0.6506074999177428,11.086783100255607,4,233.24899999999997,-0.2659800000000003,1.0,6.0,4.0,1.0,,,,23.00393025917909,8.0,4.0,4.0,4.0,3.0,1.0,,,,,9.233093450648472,5.065494798779968,52.08863743517208,12.675802652781126,1320,16,13,1.335661901019507,1.7101309310309338,8.317947102500712,7.105308324522743,28,47.669489780771755,3.0,1.7121058853079225,2.480946978815169,ZINCf50000008SP4_m01_t07,TRP23;SER20;LEU26,3.0,-78.87999179493647
229,native_first,ZINCf5000000ZxEf,NCCCS(=O)(=O)NCCc1nccs1,955,863,863,0,1,1,14.285714285714286,17.205605691108325,0.7504504629947315,12.91195475699703,4,249.361,-0.0461999999999998,2.0,5.0,7.0,1.0,,,,22.891259571188275,8.0,4.0,4.0,4.0,3.0,1.0,,,,,10.294117023994758,5.74363657571617,49.55400696864112,13.443402660793138,1040,16,12,1.5628909208851243,0.8897339149740829,8.622706883572002,7.444949381168524,28,47.669489780771755,3.0,1.8277024936588295,2.002616926424881,ZINCf5000000ZxEf_m01_t02,TRP23;SER20;LEU26,3.0,-71.94529828757092
230,native_first,ZINCf50000026AWG,CC[S@@](=O)Cc1nc(-c2nn[nH]n2)no1,712,1158,1158,1,0,1,14.285714285714286,17.205605691108325,0.7923730903864341,13.633258953433922,4,228.23700000000002,-0.4817000000000002,1.0,7.0,4.0,1.0,,,,29.12980290085198,8.0,5.0,3.0,5.0,2.0,1.0,,,,,14.744209755922503,8.294094664163056,66.31845238095238,18.34060804215487,273,16,13,1.1456415211676896,1.0727313042597733,8.622706883572002,8.768913740667974,28,45.5250534045126,3.0,0.7774552390915611,1.0644898100547167,ZINCf50000026AWG_m01_t03,TRP23;PHE19;LEU26,2.0,7.2001178531489165
231,native_first,ZINCf5000000a9iI,Cc1nnsc1CS(=O)(=O)c1cnn[nH]1,787,1185,1185,1,0,1,17.857142857142858,20.731008121704747,0.6480687945962179,13.435119444197598,5,245.28900000000002,-0.061480000000000146,1.0,7.0,3.0,1.0,,,,25.989879989618323,8.0,4.0,4.0,4.0,2.0,1.0,,,,,8.692445246605658,4.817485836647525,44.42923898531376,13.016803932358826,173,16,13,1.757922730546555,1.548217458867867,8.622706883572002,8.383955327862076,28,45.5250534045126,3.0,1.085889886181363,1.6390807527166837,ZINCf5000000a9iI_m01_t02,TRP23;PHE19;LEU26,0.0,71.87277186418339
232,native_first,ZINCf50000017VOT,C[C@H](Cc1nn[nH]n1)NCc1nncs1,919,1191,1191,1,0,1,14.285714285714286,17.205605691108325,0.7584289901768525,13.049230149688393,4,225.28100000000003,-0.22800000000000042,2.0,7.0,5.0,1.0,,,,25.877209301627506,8.0,4.0,4.0,4.0,2.0,1.0,,,,,11.828506100301976,6.657494638880538,52.976190476190474,15.340681900633356,1396,16,8,1.2079976258483436,1.2014560876208156,8.622706883572002,8.014502571433688,28,45.5250534045126,3.0,1.3159180388225304,1.2540140652198801,ZINCf50000017VOT_m01_t02,TRP23;PHE19;LEU26,2.0,15.605439364717949
233,native_first,ZINCf5000000Vn5I,Nc1cncnc1SCCc1nn[nH]n1,597,1186,1186,1,0,1,14.285714285714286,17.205605691108325,0.8124470428057429,13.978643463422618,4,223.265,-0.0933000000000001,2.0,7.0,4.0,1.0,,,,25.877209301627506,8.0,4.0,4.0,4.0,2.0,1.0,,,,,17.105651516980377,9.91443629862197,62.27657884284391,19.29854096314216,868,16,0,1.0520357846168744,0.9699332966826931,8.622706883572002,7.930504980300285,28,45.5250534045126,3.0,1.773072692957638,2.0391558148458744,ZINCf5000000Vn5I_m01_t02,TRP23;PHE19;LEU26,3.0,16.702569198922607
234,native_first,ZINCf5000000VmyA,C[C@H](Cc1nn[nH]n1)NCc1cnns1,667,1190,1190,1,0,1,14.285714285714286,17.205605691108325,0.7999281143696961,13.763247717076794,4,225.28100000000003,-0.22800000000000042,2.0,7.0,5.0,1.0,,,,25.877209301627506,8.0,4.0,4.0,4.0,2.0,1.0,,,,,11.949603965910482,6.757387263982799,51.59060846560847,15.431505299839737,1392,16,10,1.2180075696008306,0.9759186190613525,8.622706883572002,8.765165927389386,28,45.5250534045126,3.0,2.03590112955914,1.94422550189492,ZINCf5000000VmyA_m01_t02,TRP23;PHE19;LEU26,0.0,-6.790356222125827
235,native_first,ZINCf5000002oIFK,O=C(O)COCCCn1cc(CO)nn1,590,227,227,1,1,1,14.285714285714286,17.205605691108325,0.8133523559342152,13.994219924138097,4,215.209,-0.7383000000000004,2.0,6.0,7.0,1.0,,,,25.88884027917479,9.0,4.0,5.0,4.0,3.0,1.0,,,,,18.805119574102577,10.93511761122766,67.08921222810112,20.57604975037063,466,16,15,1.073505650038167,0.9981740456964374,8.622706883572002,8.623227088528802,28,45.42464215228684,3.0,1.2099461363193524,1.5753691963661483,ZINCf5000002oIFK_m01_t02,SER20;GLU17;PHE19,1.0,-13.295306109958581
236,native_first,ZINCf5000000VlVJ,COCc1cc(C=NNCC(=O)O)on1,368,50,50,1,1,1,14.285714285714286,17.205605691108325,0.8545414837200849,14.702903815582443,4,213.19299999999998,-0.1709000000000001,2.0,6.0,6.0,1.0,,,,31.60136143035162,11.0,6.0,5.0,6.0,3.0,1.0,,,,,18.19989253765173,11.119417573632722,50.10524399126005,21.550259760826705,962,16,3,0.9201134735678537,0.8506706743349941,8.622706883572002,8.730728881823854,28,45.42464215228684,3.0,1.340168817972283,2.0490775422551115,ZINCf5000000VlVJ_m02_t05,SER20;GLU17;PHE19,2.0,112.63276249121392
237,native_first,ZINCf50000009ABB,COCc1cc(CONC(=N)CO)on1,1055,685,685,0,1,1,14.285714285714286,17.205605691108325,0.7336052779114807,12.622123144660875,4,215.209,-0.18822999999999995,3.0,6.0,6.0,1.0,,,,27.71640299041971,10.0,5.0,5.0,5.0,3.0,1.0,,,,,14.826117340013973,8.710045761093886,49.7831325301205,18.048688752615405,567,16,7,1.6312373679156047,1.070212952661388,8.622706883572002,8.979132690181636,28,45.42464215228684,3.0,1.4283099072499126,2.2198370659601223,ZINCf50000009ABB_m01_t02,SER20;GLU17;PHE19,0.0,53.29046629389491
238,native_first,ZINCf5000000aloJ,NOCCOCc1cn([C@@H](F)CO)nn1,308,233,233,1,1,1,14.285714285714286,19.005613846886952,0.7826286019266646,14.874336993747193,4,220.20399999999998,-0.8546000000000005,2.0,7.0,7.0,1.0,,,,25.88884027917479,9.0,4.0,5.0,4.0,3.0,1.0,,,,,15.977931228153174,9.265273455219903,57.99537435456109,18.455658490908576,307,16,12,1.0288312647188385,1.0919300838765504,8.622706883572002,7.504053411922001,28,45.42464215228684,3.0,1.4671112208223047,1.7351361226410145,ZINCf5000000aloJ_m01_t01,SER20;GLU17;PHE19,2.0,87.57498767131653
239,native_first,ZINCf5000000af3g,N=C(O)OCCCNC(=O)c1csnn1,113,240,240,1,1,1,17.857142857142858,20.731008121704747,0.7576276327498159,15.706384607764376,5,230.24900000000002,0.16736999999999985,3.0,6.0,5.0,1.0,,,,25.88884027917479,9.0,4.0,5.0,4.0,3.0,1.0,,,,,15.472803604156148,9.07931717695044,52.305042509528,18.07681277291081,767,16,13,1.4473479900212927,1.0578068847740425,8.622706883572002,8.267086695602512,28,45.42464215228684,3.0,1.615421463669412,1.958948751699972,ZINCf5000000af3g_m01_t01,SER20;GLU17;PHE19,1.0,-73.43668687598048
240,native_first,ZINCf5000000af5N,N=C(O)OCCc1cn(CC(=O)O)nn1,777,235,235,1,1,1,14.285714285714286,19.005613846886952,0.7080589703110962,13.457095370557088,4,214.181,-0.5854299999999999,3.0,6.0,5.0,1.0,,,,25.88884027917479,9.0,4.0,5.0,4.0,3.0,1.0,,,,,15.863290015440265,9.286380309144926,54.36949339207047,18.369677581373896,319,16,10,1.273236371918403,1.345712846943093,8.622706883572002,7.292044620540364,28,45.42464215228684,3.0,1.6200930998004686,2.666993189977918,ZINCf5000000af5N_m02_t01,SER20;GLU17;PHE19,1.0,-114.4070838266027
241,native_first,ZINCf5000000aloK,NOCCOCc1cn([C@H](F)CO)nn1,173,232,232,1,1,1,14.285714285714286,19.005613846886952,0.8092394409789062,15.380092324915756,4,220.20399999999998,-0.8546000000000005,2.0,7.0,7.0,1.0,,,,25.88884027917479,9.0,4.0,5.0,4.0,3.0,1.0,,,,,15.977931228153174,9.265273455219903,57.99537435456109,18.455658490908576,265,16,3,1.1660362058095932,0.8702210206210427,8.622706883572002,7.696107023889437,28,45.42464215228684,3.0,1.6446945130724817,1.8015340996135611,ZINCf5000000aloK_m01_t01,SER20;GLU17;PHE19,3.0,89.05779500939477
242,native_first,ZINCf5000000Ztj4,COCc1noc([C@H](C)NCC(N)=O)n1,174,138,138,1,1,1,10.714285714285714,15.48021141629053,0.9933508967659642,15.377281892498916,3,214.22499999999997,-0.6480999999999999,2.0,6.0,6.0,1.0,,,,27.71640299041971,10.0,5.0,5.0,5.0,3.0,1.0,,,,,16.2763970295641,9.64554034884732,52.076655982905976,19.136398519778,1118,16,3,0.1845106535358063,0.11103283305852789,8.622706883572002,8.310473773675927,28,45.42464215228684,3.0,1.7385217056300148,2.7938027751440075,ZINCf5000000Ztj4_m01_t02,SER20;GLU17;PHE19,2.0,60.423277676745116
243,native_first,ZINCf50000009H08,CSC[C@@H](CCO)NCc1nnn(C)n1,912,449,449,1,1,1,14.285714285714286,17.205605691108325,0.7591924564718603,13.062366049718749,4,231.325,-0.5863,2.0,7.0,7.0,1.0,,,,23.52120340541753,9.0,6.0,3.0,6.0,3.0,1.0,,,,,12.0046040219233,6.772042269866903,52.80721966205837,14.883753867796855,187,16,12,1.0619588802076154,1.2050785765961949,8.622706883572002,7.467388126431751,28,45.15201889855686,3.0,1.3199582959055816,1.965863755157563,ZINCf50000009H08_m01_t01,TRP23;SER20;LEU22,2.0,66.15302416913802
244,native_first,ZINCf5000000WzGX,CCCCS(=O)(=O)NCCc1nn[nH]n1,952,868,868,0,1,1,14.285714285714286,17.205605691108325,0.7516849322300649,12.93319454789798,4,233.297,-0.5382999999999998,2.0,5.0,7.0,1.0,,,,22.891259571188275,8.0,4.0,4.0,4.0,3.0,1.0,,,,,8.428366946791808,4.634894484561534,46.42687074829933,12.044090102890925,343,16,15,1.2506031540948102,1.237402274939502,8.622706883572002,8.962442340872117,28,45.15201889855686,3.0,1.4321394078262735,2.1841444083404604,ZINCf5000000WzGX_m01_t02,TRP23;SER20;LEU22,3.0,-73.16998089656666
245,native_first,ZINCf500000090LO,CCOC(=O)NC(=O)CSc1nn[nH]n1,52,148,148,1,1,1,17.857142857142858,20.731008121704747,0.7797099909152267,16.1641741542379,5,231.23700000000002,-0.43550000000000016,2.0,7.0,4.0,1.0,,,,27.71640299041971,10.0,5.0,5.0,5.0,3.0,1.0,,,,,12.572893493902187,7.374228377802821,42.616728102510095,16.35877086803157,892,16,11,1.2582751028051309,0.9804865470913787,8.622706883572002,7.651682065416786,28,45.15201889855686,3.0,1.4340699393135012,2.408872492173822,ZINCf500000090LO_m01_t01,TRP23;SER20;LEU22,1.0,-64.74550739239737
246,native_first,ZINCf5000000axSu,O=[N+]([O-])CCN[C@H](CO)Cc1cncs1,822,39,39,1,1,1,10.714285714285714,15.315268646616897,0.869810908398779,13.32138773388518,3,231.27700000000002,-0.08720000000000039,2.0,6.0,7.0,1.0,,,,34.397706822612335,9.0,6.0,3.0,6.0,3.0,1.0,,,,,14.3960211088066,8.354543015347476,51.99688796680497,19.396442537258036,470,16,5,0.7432877319837806,0.695098921279124,7.259444124724703,5.9999555579552855,28,45.15201889855686,3.0,1.5270753235184578,2.6342463623906465,ZINCf5000000axSu_m02_t01,TRP23;SER20;LEU22,0.0,48.936225558799514
247,native_first,ZINCf50000009H33,CSC[C@@H](O)CNCCCn1cnnn1,570,995,995,1,0,1,14.285714285714286,17.205605691108325,0.8160284727755717,14.04026413529381,4,231.325,-0.6233,2.0,7.0,8.0,1.0,,,,19.877256403165617,7.0,4.0,3.0,4.0,3.0,1.0,,,,,10.464824497870165,5.698041093775328,64.03061224489795,12.817932474194027,753,16,8,1.232678724408413,0.8306578547206344,8.622706883572002,9.197642843793474,28,45.15201889855686,3.0,1.567147634120005,2.5976867377786563,ZINCf50000009H33_m01_t01,TRP23;SER20;LEU22,1.0,29.84053146982982
248,native_first,ZINCf50000008GAi,C=CCONC[C@@H](O)COc1cnsn1,1002,1508,1508,0,0,1,17.857142857142858,20.731008121704747,0.6165809467343635,12.782344614438491,5,231.277,-0.015000000000000235,2.0,7.0,8.0,1.0,,,,24.04002420072306,8.0,3.0,5.0,3.0,2.0,1.0,,,,,10.555271909466024,5.96200619141255,45.97701149425288,13.926459982280285,609,16,11,1.7886996580668795,1.658121164412168,8.622706883572002,7.589350915745472,28,45.15201889855686,3.0,1.7474024146668643,1.845622394551808,ZINCf50000008GAi_m01_t01,TRP23;SER20;LEU22,0.0,65.40180161844383
249,native_first,ZINCf500000090KI,CCOC(=O)C[C@H](O)CSc1nn[nH]n1,316,346,346,1,1,1,17.857142857142858,20.731008121704747,0.7163430237175146,14.850513042614331,5,232.26500000000001,-0.39410000000000006,2.0,7.0,6.0,1.0,,,,24.71882228243319,9.0,5.0,4.0,5.0,3.0,1.0,,,,,13.078646983621372,7.48278789007427,51.86456502636203,15.988690808324327,429,16,14,1.730642781413752,1.1077351619819569,8.622706883572002,8.297021504703366,28,45.15201889855686,3.0,1.751433532581487,1.8216733489456622,ZINCf500000090KI_m01_t04,TRP23;SER20;LEU22,2.0,-27.28015469828039
250,native_first,ZINCf50000017yg7,CCOC=CC(=O)NOCc1nn[nH]n1,488,87,87,1,1,1,17.857142857142858,20.731008121704747,0.6911801770291359,14.328861863552342,5,213.197,-0.7023000000000001,2.0,6.0,6.0,1.0,,,,29.773798719106704,10.0,5.0,5.0,5.0,3.0,1.0,,,,,13.516677576804584,8.05798027180077,41.90275650842266,17.580957862380114,1536,16,8,1.4140468350172888,1.1695841325957244,8.622706883572002,6.5999682479554025,28,45.15201889855686,3.0,1.8219677088512893,1.8864765343278338,ZINCf50000017yg7_m01_t01,TRP23;SER20;LEU22,2.0,56.6284554047331
251,native_first,ZINCf50000017zaD,CCSCCC(=O)NOCc1nn[nH]n1,1197,686,686,0,1,1,14.285714285714286,17.205605691108325,0.6970303401382287,11.99282918715748,4,231.281,-0.10930000000000034,2.0,6.0,7.0,1.0,,,,27.71640299041971,10.0,5.0,5.0,5.0,3.0,1.0,,,,,13.744972113174317,7.985183788178231,49.31983115043226,17.237829832485666,199,16,9,1.5780727355972184,1.2754022672445282,8.622706883572002,7.674057159777112,28,45.15201889855686,3.0,1.8631690377116532,1.9343034911869355,ZINCf50000017zaD_m01_t01,TRP23;SER20;LEU22,3.0,7.152523766873134
252,native_first,ZINCf5000000ap96,O=C(COc1ccon1)NOCCCO,1177,680,680,0,1,1,14.285714285714286,17.205605691108325,0.7035149150021289,12.10440022534022,4,216.19299999999996,-0.5164000000000004,2.0,6.0,7.0,1.0,,,,27.92498264065497,9.0,4.0,5.0,4.0,3.0,1.0,,,,,12.571631054784643,7.407655178003286,41.50606899488926,16.409968951252225,379,16,11,1.4133759255423222,1.4348377898874018,8.622706883572002,8.680467961392312,28,45.01284094270657,3.0,0.823990136364101,1.2740877804953865,ZINCf5000000ap96_m01_t03,TRP23;GLU17;LEU22,1.0,-11.116775385408845
253,native_first,ZINCf5000000Zxnj,NC(=O)CSCCC(=O)Nc1nnco1,423,254,254,1,1,1,17.857142857142858,20.731008121704747,0.7000267772582615,14.512260804751818,5,230.24900000000002,-0.3833000000000002,2.0,6.0,6.0,1.0,,,,25.88884027917479,9.0,4.0,5.0,4.0,3.0,1.0,,,,,13.825104127899088,8.012320398595907,50.36113530778164,16.841038165718015,371,16,4,1.4443009023895028,1.345040175705301,8.622706883572002,7.6265492918236335,28,45.01284094270657,3.0,1.1767519593395817,1.8880967417721053,ZINCf5000000Zxnj_m01_t02,TRP23;GLU17;LEU22,3.0,-65.27422463130847
254,native_first,ZINCf5000002emwU,O=C(NCCSCCO)c1cnc(O)o1,526,100,100,1,1,1,17.857142857142858,20.731008121704747,0.6843035308533092,14.186302055831188,5,232.26100000000002,-0.16449999999999998,3.0,6.0,6.0,1.0,,,,28.72835568629456,10.0,6.0,4.0,6.0,3.0,1.0,,,,,17.439101002726666,10.374359033629329,54.66478190630048,20.261414673618642,1215,16,5,1.6938729279115499,1.3559437844567839,8.622706883572002,8.59784192734963,28,45.01284094270657,3.0,1.2745200847761435,2.0570163529863934,ZINCf5000002emwU_m01_t07,TRP23;GLU17;LEU22,3.0,-12.858213178135312
255,native_first,ZINCf5000000aguu,NC(=O)CSC[C@@H](O)COc1cnsn1,84,260,260,1,1,1,17.857142857142858,20.731008121704747,0.7659928787285888,15.879804590090373,5,249.317,-0.5037000000000007,2.0,7.0,7.0,1.0,,,,25.88884027917479,9.0,4.0,5.0,4.0,3.0,1.0,,,,,12.773309282938467,7.409044327143895,46.282751091703055,16.05219203199755,65,16,9,1.5909333458292496,0.9032436659510399,8.622706883572002,8.587696613312026,28,45.01284094270657,3.0,1.2924750146634365,2.1219293381587705,ZINCf5000000aguu_m01_t03,TRP23;GLU17;LEU22,0.0,-9.788396352261305
256,native_first,ZINCf5000002oGxA,Nc1nonc1C(=O)OCCCCCO,257,493,493,1,1,1,14.285714285714286,19.005613846886952,0.792254389163465,15.057280988942114,4,215.20899999999992,-0.028800000000000325,2.0,7.0,6.0,1.0,,,,22.891259571188275,8.0,4.0,4.0,4.0,3.0,1.0,,,,,15.315750538777989,8.661324850742899,66.09933035714285,17.20962779688056,221,16,11,1.3508480199471096,0.9243658930074786,8.622706883572002,8.503854494062953,28,45.01284094270657,3.0,1.3721617684064458,1.9904398656453492,ZINCf5000002oGxA_m01_t02,TRP23;GLU17;LEU22,0.0,6.882565690089243
257,native_first,ZINCf50000018cs2,O=S(=O)(CCCO)CCSc1nc[nH]n1,43,516,516,1,1,1,14.285714285714286,19.005613846886952,0.8543408188992275,16.237271697631897,4,251.333,-0.306,2.0,6.0,7.0,1.0,,,,22.891259571188275,8.0,4.0,4.0,4.0,3.0,1.0,,,,,11.569271750124507,6.470657215067116,54.56156197887716,14.399768705390448,56,16,8,0.7563504740970337,0.8129758903490307,8.622706883572002,7.460376719396308,28,45.01284094270657,3.0,1.391060306326491,2.0097705368673697,ZINCf50000018cs2_m01_t01,TRP23;GLU17;LEU22,1.0,-38.7027488898965
258,native_first,ZINCf5000000Zr5H,CCCC[C@@H](O)Cn1nnnc1CCO,1103,1335,1335,0,0,1,14.285714285714286,17.040662921434695,0.7287992815192742,12.419222893753743,4,214.26899999999998,-0.24100000000000005,2.0,6.0,7.0,1.0,,,,19.877256403165617,7.0,4.0,3.0,4.0,3.0,1.0,,,,,8.915229507627236,4.821129391069447,59.119318181818194,11.655736231511831,1096,16,12,1.1344816598805045,1.2743449467819266,8.317947102500712,6.847471592099052,28,42.75194609485638,3.0,0.6340645906971956,0.9188717437764243,ZINCf5000000Zr5H_m01_t01,SER20;PHE19;LEU26,3.0,8.73808456490484
259,native_first,ZINCf5000000a5Jc,C[S@](=O)CC[C@H](N)c1nc(CCN)no1,1069,725,725,0,1,1,14.285714285714286,17.205605691108325,0.7295122564353033,12.551700231056529,4,232.309,-0.6607999999999983,2.0,6.0,6.0,1.0,,,,26.031182482421933,8.0,5.0,3.0,5.0,3.0,1.0,,,,,10.65548534968631,5.880576854941056,56.67196673189822,14.499409632870217,115,16,14,1.332085127113944,1.2993675138510123,8.622706883572002,9.178980745330625,28,42.75194609485638,3.0,0.962638202077829,1.4679879997804062,ZINCf5000000a5Jc_m01_t01,SER20;PHE19;LEU26,1.0,32.50675863303187
260,native_first,ZINCf5000000SKrI,CCOCCCn1cc([C@H](N)CO)nn1,30,497,497,1,1,1,17.857142857142858,20.731008121704747,0.7922846956099169,16.42486045939156,5,214.269,-0.30319999999999997,2.0,6.0,7.0,1.0,,,,22.891259571188275,8.0,4.0,4.0,4.0,3.0,1.0,,,,,14.457530939270185,8.146182087712841,64.18767507002802,16.565963097249707,992,16,12,1.4522006916930141,0.8403734442958509,8.622706883572002,8.804767997717496,28,42.75194609485638,3.0,0.9783514102833596,1.0659012886335415,ZINCf5000000SKrI_m02_t01,SER20;PHE19;LEU26,3.0,23.585509820819073
261,native_first,ZINCf5000000Zru3,CC[C@@H](O)CNc1cnsc1S(N)(=O)=O,42,174,174,1,1,1,17.857142857142858,20.731008121704747,0.7842959619907436,16.259245957850343,5,251.333,-0.026700000000000057,3.0,6.0,5.0,1.0,,,,26.900792975049644,9.0,5.0,4.0,5.0,3.0,1.0,,,,,11.11976516916152,6.345983603309646,44.88344739093242,15.06502212063355,808,16,4,1.2733791748069965,1.01995403063157,8.622706883572002,8.251987715581658,28,42.75194609485638,3.0,1.2689899417091521,2.0308854245841075,ZINCf5000000Zru3_m01_t01,SER20;PHE19;LEU26,0.0,-41.968462569344595
262,native_first,ZINCf500000090yh,CCOC(=O)CCn1cc(C(=O)O)nn1,323,463,463,1,1,1,14.285714285714286,17.205605691108325,0.8611373638552877,14.816389928374559,4,213.193,-0.07050000000000006,1.0,6.0,5.0,1.0,,,,23.00393025917909,8.0,4.0,4.0,4.0,3.0,1.0,,,,,11.926274828478954,6.674164583665429,55.97389558232929,14.695688686153987,512,16,9,1.1207583589767984,0.6552278926589453,8.622706883572002,8.51134622488471,28,42.75194609485638,3.0,1.2695184544942986,1.0620331517290318,ZINCf500000090yh_m02_t01,SER20;PHE19;LEU26,2.0,19.534909792712604
263,native_first,ZINCf5000000Zr7a,CCCS(=O)(=O)NCc1nnc(CO)s1,792,348,348,1,1,1,14.285714285714286,19.005613846886952,0.7061986829947262,13.421739468177897,4,251.33299999999997,-0.1402000000000002,2.0,6.0,6.0,1.0,,,,24.71882228243319,9.0,5.0,4.0,5.0,3.0,1.0,,,,,12.726374874745112,7.213605507218933,53.975245316681544,15.72448672666713,565,16,6,1.5508867687413,1.3167782332802949,8.622706883572002,8.471913569362247,28,42.75194609485638,3.0,1.290044277741821,1.1065456566620462,ZINCf5000000Zr7a_m01_t01,SER20;PHE19;LEU26,1.0,-63.0969316550448
264,native_first,ZINCf5000002rLMQ,CCOCCONC(=O)c1nnsc1N,268,84,84,1,1,1,17.857142857142858,20.731008121704747,0.7250437776382743,15.030888442810555,5,232.26500000000001,-0.1818000000000003,2.0,7.0,6.0,1.0,,,,29.773798719106704,10.0,5.0,5.0,5.0,3.0,1.0,,,,,13.671249596043456,8.122604762865194,43.142146776406044,17.696886876809266,94,16,12,1.6289446996828216,1.108722532503355,8.622706883572002,9.188872189435951,28,42.75194609485638,3.0,1.3126212027389907,1.9068489575785834,ZINCf5000002rLMQ_m01_t03,SER20;PHE19;LEU26,2.0,63.65589749250399
265,native_first,ZINCf5000002aP2J,CCNS(=O)(=O)Cc1nc([C@@H](C)N)no1,664,523,523,1,1,1,14.285714285714286,17.205605691108325,0.8008237799424528,13.778658185752747,4,234.281,-0.4714,2.0,6.0,5.0,1.0,,,,22.891259571188275,8.0,4.0,4.0,4.0,3.0,1.0,,,,,10.625002975206787,5.892339108320408,53.98590770931195,13.691567124202159,692,16,15,1.263715938856698,0.9210325672902865,8.622706883572002,8.212007410846837,28,42.75194609485638,3.0,1.3127340011907191,2.013360354855872,ZINCf5000002aP2J_m02_t01,SER20;PHE19;LEU26,3.0,-57.33411163229854
266,native_first,ZINCf500000091ue,CCOCCCNS(=O)(=O)c1cnn[nH]1,94,265,265,1,1,1,17.857142857142858,20.731008121704747,0.7635119178500575,15.828371769967909,5,234.28100000000003,-0.49039999999999945,2.0,5.0,7.0,1.0,,,,25.88884027917479,9.0,4.0,5.0,4.0,3.0,1.0,,,,,11.204709568220807,6.444122588808742,42.8886217948718,14.875742245959303,968,16,4,1.2967142325527852,1.139165546669164,8.622706883572002,8.396407049696363,28,42.75194609485638,3.0,1.3191986661364994,1.7016690630334328,ZINCf500000091ue_m01_t03,SER20;PHE19;LEU26,0.0,-119.56771992929923
267,native_first,ZINCf5000000aiWU,NCCCONC(=O)c1cc(CO)on1,729,72,72,1,1,1,10.714285714285714,15.707533030272986,0.8640487634595707,13.572074491807737,3,215.20899999999997,-0.8229,3.0,6.0,6.0,1.0,,,,29.898373683036166,10.0,5.0,5.0,5.0,3.0,1.0,,,,,15.018093684580473,8.97142664898965,46.06659818524225,18.738163684194397,1065,16,8,0.9476222736043853,0.7566893229489472,10.906806590381992,11.289829569101306,28,42.75194609485638,3.0,1.3250648933368698,1.8309681639573194,ZINCf5000000aiWU_m02_t01,SER20;PHE19;LEU26,0.0,23.079776182039343
268,native_first,ZINCf5000000Zru5,CC[C@@H](O)Cc1nc(CS(N)(=O)=O)no1,93,500,500,1,1,1,17.857142857142858,20.731008121704747,0.7636490393911792,15.831214437750564,5,235.265,-0.8284999999999998,2.0,6.0,5.0,1.0,,,,22.891259571188275,8.0,4.0,4.0,4.0,3.0,1.0,,,,,14.02201045652813,7.8520305850697625,65.45656089788001,16.239322735193166,619,16,6,1.5205273016662004,0.9310283762740503,8.622706883572002,9.28320615807715,28,42.75194609485638,3.0,1.3368413178140786,1.7789146738396848,ZINCf5000000Zru5_m01_t03,SER20;PHE19;LEU26,0.0,-59.00321543863039
269,native_first,ZINCf50000026TVY,O=S(=O)(CI)NCc1cnn(CCO)c1,449,521,521,1,1,1,14.285714285714286,19.005613846886952,0.7591235668723557,14.427609374047456,4,345.1620000000001,-0.31270000000000014,2.0,5.0,6.0,1.0,,,,22.891259571188275,8.0,4.0,4.0,4.0,3.0,1.0,,,,,10.874480105623803,6.022495614945282,55.951205753772406,13.87867497201492,414,16,2,1.369712231461624,1.103960449069323,8.622706883572002,8.235784281091776,28,42.75194609485638,3.0,1.3488716993001386,2.022207066489185,ZINCf50000026TVY_m01_t01,SER20;PHE19;LEU26,2.0,-47.21023868263857
270,native_first,ZINCf500000093hO,CCS(=O)(=O)Cc1noc(C[C@H](C)N)n1,1142,1312,1312,0,0,1,14.285714285714286,15.036168524741624,0.8153248137185095,12.259361301475082,4,233.29299999999998,-0.10599999999999976,1.0,6.0,5.0,1.0,,,,20.006349551192564,7.0,4.0,3.0,4.0,3.0,1.0,,,,,11.429621718177541,6.227702063468957,69.391206313416,13.573803676431298,1423,16,2,1.1477601902031398,0.9215058529119156,7.155285109623515,7.505113883807021,28,42.75194609485638,3.0,1.3530751503284753,2.0306918784521497,ZINCf500000093hO_m01_t03,SER20;PHE19;LEU26,0.0,15.52048015842329
271,native_first,ZINCf5000000aqQc,O=C(NCCOCCS)c1nsnc1O,383,141,141,1,1,1,17.857142857142858,20.731008121704747,0.7070975952620091,14.658845990214607,5,249.31700000000004,-0.08009999999999995,3.0,7.0,6.0,1.0,,,,27.71640299041971,10.0,5.0,5.0,5.0,3.0,1.0,,,,,15.558623450574977,9.10537630538913,53.416373318891615,18.598068335536162,430,16,14,1.5877994841637877,1.2705326903147807,8.622706883572002,9.0271537267001,28,42.75194609485638,3.0,1.4271840686017017,2.079273306492607,ZINCf5000000aqQc_m01_t04,SER20;PHE19;LEU26,3.0,27.71122037718959
272,native_first,ZINCf5000000aiTW,NCCCOCCNC(=O)c1cnsn1,929,726,726,0,1,1,17.857142857142858,20.731008121704747,0.6273070439968952,13.00470742390223,5,230.293,-0.36669999999999997,2.0,6.0,7.0,1.0,,,,25.88884027917479,9.0,4.0,5.0,4.0,3.0,1.0,,,,,16.198992328000315,9.411035907946259,58.11844405594405,18.621454315793933,165,16,8,1.8804065855464558,1.5168446299274247,8.622706883572002,7.6178857487202105,28,42.75194609485638,3.0,1.4315363863594215,2.097566223277715,ZINCf5000000aiTW_m01_t01,SER20;PHE19;LEU26,2.0,24.69865522755203
273,native_first,ZINCf5000000ZtRK,C[C@@H](CO)CNc1cnsc1S(N)(=O)=O,22,1196,1196,1,0,1,17.857142857142858,20.731008121704747,0.8007298313108959,16.599936636197455,5,251.333,-0.16920000000000013,3.0,6.0,5.0,1.0,,,,25.051976896597917,8.0,4.0,4.0,4.0,2.0,1.0,,,,,10.253914730823896,5.791026223631367,44.709737827715365,13.9534302722674,1027,16,2,1.5446922936499166,0.6805792760686337,8.622706883572002,8.189229279670387,28,42.75194609485638,3.0,1.43458159438318,2.4262430827689188,ZINCf5000000ZtRK_m01_t01,SER20;PHE19;LEU26,1.0,-61.804882618808435
274,native_first,ZINCf5000002rwrV,C[C@H](C#N)ONC(=O)c1cc(CN)on1,1498,650,650,0,1,1,10.714285714285714,15.315268646616897,0.672872421744614,10.305221903918468,3,210.19299999999998,-0.29322,2.0,6.0,4.0,1.0,,,,29.773798719106704,10.0,5.0,5.0,5.0,3.0,1.0,,,,,13.814616752398884,8.270040959309064,41.91851277188748,17.80441224407584,1391,16,3,1.4869248962446653,1.5804410237035837,7.259444124724703,7.430634709386915,28,42.75194609485638,3.0,1.4888295018411397,2.438294796443684,ZINCf5000002rwrV_m01_t01,SER20;PHE19;LEU26,2.0,41.6895886419512
275,native_first,ZINCf50000008UGM,CCCS(=O)(=O)Cc1noc(C(N)=O)n1,240,476,476,1,1,1,14.285714285714286,17.205605691108325,0.8797178945133752,15.136079212409161,4,233.24899999999997,-0.5066999999999997,1.0,6.0,5.0,1.0,,,,23.00393025917909,8.0,4.0,4.0,4.0,3.0,1.0,,,,,10.244816687723759,5.662711250977941,53.686032369725886,13.434595080587592,378,16,9,0.897339563112417,0.676028177156268,8.622706883572002,8.112510078491045,28,42.75194609485638,3.0,1.5114827123275727,2.1956158405700115,ZINCf50000008UGM_m01_t02,SER20;PHE19;LEU26,3.0,18.79724615688439
276,native_first,ZINCf50000017AHa,CC[C@H](N)Cn1cc([C@H](N)COC)nn1,640,335,335,1,1,1,10.714285714285714,14.035426252508884,0.9880247900290768,13.867349076103682,3,213.28499999999997,-0.33839999999999937,2.0,6.0,6.0,1.0,,,,24.71882228243319,9.0,5.0,4.0,5.0,3.0,1.0,,,,,15.040725107255284,8.535208032636204,63.248898678414086,17.46024940104976,339,16,2,0.2459301860161758,0.21403820276110816,5.577579134355692,5.7027465130407435,28,42.75194609485638,3.0,1.620972015330792,2.5049562443281004,ZINCf50000017AHa_m01_t01,SER20;PHE19;LEU26,0.0,56.08936044297726
277,native_first,ZINCf5000002aQAC,CN(Cc1nnc(C(=O)O)s1)S(C)(=O)=O,242,320,320,1,1,1,14.285714285714286,17.205605691108325,0.8783459425654838,15.112473948166594,4,251.28900000000002,-0.3723000000000001,1.0,6.0,4.0,1.0,,,,24.83149297042401,9.0,5.0,4.0,5.0,3.0,1.0,,,,,11.994529568582768,6.8520644498230405,48.074006672732786,15.203770419043078,186,16,14,0.9044144584951326,0.7105325087788853,8.622706883572002,8.520572712053497,28,42.75194609485638,3.0,1.6375021471207807,2.6725731808004105,ZINCf5000002aQAC_m01_t01,SER20;PHE19;LEU26,2.0,-43.95687691139148
278,native_first,ZINCf5000000SLWE,CS(=O)(=O)C=CCNC(=O)c1cnns1,582,472,472,1,1,1,14.285714285714286,17.205605691108325,0.8148418300423842,14.019847228330368,4,247.30100000000002,-0.1737999999999999,1.0,6.0,4.0,1.0,,,,23.00393025917909,8.0,4.0,4.0,4.0,3.0,1.0,,,,,10.311844906766062,5.758606536674611,49.26449787835928,13.48486624486932,837,16,0,0.9478684434399919,1.036206475788017,8.622706883572002,9.212427344156298,28,42.75194609485638,3.0,1.649429868253485,1.988470214309946,ZINCf5000000SLWE_m01_t01,SER20;PHE19;LEU26,0.0,-28.646215043456806
279,native_first,ZINCf500000181p7,N#CCCCCn1cc([C@H](O)CO)nn1,758,495,495,1,1,1,14.285714285714286,17.040662921434695,0.7921434288065083,13.49864915572121,4,210.23700000000002,-0.0023199999999999887,2.0,6.0,6.0,1.0,,,,22.891259571188275,8.0,4.0,4.0,4.0,3.0,1.0,,,,,14.634026146140766,8.262341765962892,63.952002272081785,16.69833450240264,942,16,9,1.1416919232413125,1.0657470565279235,8.317947102500712,7.952588955850339,28,42.75194609485638,3.0,1.699034317337785,2.800316429123495,ZINCf500000181p7_m01_t01,SER20;PHE19;LEU26,2.0,40.538769654342985
280,native_first,ZINCf50000017Jcy,COC(=O)c1coc(CNS(C)(=O)=O)n1,251,327,327,1,1,1,10.714285714285714,15.48021141629053,0.973487022350631,15.069784917002913,3,234.233,-0.48960000000000004,1.0,6.0,4.0,1.0,,,,24.83149297042401,9.0,5.0,4.0,5.0,3.0,1.0,,,,,9.286265549544982,5.1740489444611555,45.249697793895436,13.172572404764738,336,16,6,0.3501344733919571,0.3407655211266369,8.622706883572002,8.663176173896247,28,42.75194609485638,3.0,1.7267932124227545,2.8195437848089306,ZINCf50000017Jcy_m01_t01,SER20;PHE19;LEU26,3.0,-38.4005719830578
281,native_first,ZINCf50000028kMc,NC(=O)c1coc(CNS(=O)(=O)CI)n1,118,263,263,1,1,1,14.285714285714286,17.205605691108325,0.9115891814451793,15.684444008225956,4,345.118,-0.4146000000000003,2.0,5.0,5.0,1.0,,,,25.88884027917479,9.0,4.0,5.0,4.0,3.0,1.0,,,,,11.374894953063803,6.524424774232516,44.33492201039861,15.00338128459155,613,16,14,0.7049497343698512,0.5998821898819162,8.622706883572002,8.17907102103422,28,42.75194609485638,3.0,1.7270750643613277,2.4792481650412586,ZINCf50000028kMc_m01_t02,SER20;PHE19;LEU26,2.0,-33.105563222702294
282,native_first,ZINCf5000002aNBR,C[C@H](N)CCSCC(=O)Nc1nn[nH]n1,1189,698,698,0,1,1,14.285714285714286,15.036168524741624,0.8004722823069012,12.036036136151118,4,230.29700000000005,-0.3912999999999999,3.0,6.0,6.0,1.0,,,,26.900792975049644,9.0,5.0,4.0,5.0,3.0,1.0,,,,,14.816988301736188,8.574477887434245,54.48100799663301,17.83793947006455,916,16,4,0.9601237600579094,0.939925209934044,7.155285109623515,5.67062117517581,28,42.75194609485638,3.0,1.737049599574402,1.9245513245993877,ZINCf5000002aNBR_m01_t03,SER20;PHE19;LEU26,1.0,-54.51136995162561
283,native_first,ZINCf5000000Zr5Y,CCCN(CC(N)=O)c1nnc(CO)s1,585,508,508,1,1,1,14.285714285714286,19.005613846886952,0.7371320246986909,14.009646615597253,4,230.29299999999998,-0.2679000000000001,2.0,6.0,6.0,1.0,,,,22.891259571188275,8.0,4.0,4.0,4.0,3.0,1.0,,,,,12.744806572223077,7.072077501655058,64.41016248708557,15.281419821964375,1196,16,0,1.3612413018204825,1.2556959630063036,8.622706883572002,8.395647030608586,28,42.75194609485638,3.0,1.7413802068181323,2.8458141082128656,ZINCf5000000Zr5Y_m01_t03,SER20;PHE19;LEU26,1.0,12.091027969427731
284,native_first,ZINCf5000002aKaQ,CC[C@H](CO)N(C)c1nnc(C(=O)O)o1,583,334,334,1,1,1,14.285714285714286,17.205605691108325,0.8143417596252368,14.011243213915142,4,215.20899999999997,-0.025100000000000178,2.0,6.0,5.0,1.0,,,,24.71882228243319,9.0,5.0,4.0,5.0,3.0,1.0,,,,,15.38858137671943,8.787951046251615,61.826369966696944,17.72114160314787,944,16,9,1.1835830546392132,0.9055067874911669,8.622706883572002,8.335805413572755,28,42.75194609485638,3.0,1.8278705445828822,2.4685306024082543,ZINCf5000002aKaQ_m01_t01,SER20;PHE19;LEU26,3.0,18.557710291644987
285,native_first,ZINCf5000002eeo2,NCCCSc1ncc(S(N)(=O)=O)cn1,679,505,505,1,1,1,14.285714285714286,17.040662921434695,0.8061534887843285,13.737389865312327,4,248.333,-0.4350999999999998,2.0,6.0,5.0,1.0,,,,22.891259571188275,8.0,4.0,4.0,4.0,3.0,1.0,,,,,13.09133588076363,7.303043824630173,63.11700811219579,15.54131680336979,321,16,3,1.140034724637543,0.9953533371783473,8.317947102500712,8.377760758627586,28,42.75194609485638,3.0,1.8819430497000034,2.366069683501483,ZINCf5000002eeo2_m01_t01,SER20;PHE19;LEU26,3.0,-127.88247755876122
286,native_first,ZINCf5000002aQMt,CN(C[C@@H]1CCO1)c1nnc(C(N)=O)s1,499,311,311,1,1,1,14.285714285714286,17.205605691108325,0.8301682286743682,14.283547199857027,4,228.277,-0.13790000000000002,1.0,6.0,4.0,1.0,,,,24.83149297042401,9.0,5.0,4.0,5.0,3.0,1.0,,,,,14.191903994717217,8.120488241444669,56.24261229314421,16.851801238643915,588,16,7,0.8959742284252252,1.0100581080669302,8.622706883572002,8.780556036187887,28,42.75194609485638,3.0,2.0365577583725822,2.138841199517813,ZINCf5000002aQMt_m01_t01,SER20;PHE19;LEU26,1.0,14.16130110335876
287,native_first,ZINCf5000002aKDa,CC[C@H](N)CSCC(=O)Nc1nn[nH]n1,1313,671,671,0,1,1,14.285714285714286,15.036168524741624,0.7550860462467565,11.353601042047078,4,230.29700000000005,-0.3912999999999999,3.0,6.0,6.0,1.0,,,,28.72835568629456,10.0,6.0,4.0,6.0,3.0,1.0,,,,,16.484612458203493,9.786848846765421,52.22659724015264,19.54554826522626,410,16,4,1.34611142829989,1.0949449059019736,7.155285109623515,6.326733175066151,28,42.75194609485638,3.0,2.0930895290415155,2.3656623902053315,ZINCf5000002aKDa_m01_t08,SER20;PHE19;LEU26,2.0,21.407648597989215
288,native_first,ZINCf50000009aiT,CCc1nonc1C(=O)NCC[S@@](C)=O,658,124,124,1,1,1,14.285714285714286,17.205605691108325,0.8018381297318864,13.7961106882626,4,231.27699999999996,-0.25970000000000004,1.0,5.0,5.0,1.0,,,,27.971415881657656,9.0,6.0,3.0,6.0,3.0,1.0,,,,,11.34924711261409,6.376119821410262,51.57843531937735,15.504789304874983,1313,16,14,1.3619184312760737,0.8545398134583632,8.622706883572002,8.533134339846612,28,42.3401448852761,3.0,0.7264555682880214,1.176134855760284,ZINCf50000009aiT_m01_t01,TRP23;LEU26;LEU22,0.0,4.479852669374985
289,native_first,ZINCf50000017Pbh,CSCCONC(=O)[C@@H](C)c1nn[nH]n1,1000,734,734,0,1,1,14.285714285714286,17.040662921434695,0.7502390631744268,12.784570986048356,4,231.28100000000003,-0.2860000000000002,2.0,6.0,6.0,1.0,,,,25.88884027917479,9.0,4.0,5.0,4.0,3.0,1.0,,,,,10.875449387815898,6.156538385164334,46.57334885690094,14.628797110655622,1134,16,7,1.1795362136580754,1.221547254618616,8.317947102500712,7.368066613987075,28,42.3401448852761,3.0,0.8413312942986904,1.0614590783149362,ZINCf50000017Pbh_m01_t04,TRP23;LEU26;LEU22,3.0,4.054195630884784
290,native_first,ZINCf50000017zSV,CC[C@@H](O)CONC(=O)Cc1csnn1,949,732,732,0,1,1,14.285714285714286,17.205605691108325,0.7524384797869912,12.946159790031952,4,231.27700000000002,-0.1007000000000004,2.0,6.0,6.0,1.0,,,,25.88884027917479,9.0,4.0,5.0,4.0,3.0,1.0,,,,,12.400386768919407,7.101182319242412,48.86708586296617,15.772500146483253,1236,16,10,1.3794317309990356,1.1528481551829428,8.622706883572002,8.619611635033557,28,42.3401448852761,3.0,0.8509907702663324,0.8667969633196253,ZINCf50000017zSV_m01_t03,TRP23;LEU26;LEU22,2.0,-0.3869653241417006
291,native_first,ZINCf5000002oCHN,CCNNC(=O)CCSc1nnnn1C,1267,1240,1240,0,0,1,14.285714285714286,17.205605691108325,0.6767375236790997,11.643678988799673,4,230.297,-0.6669999999999998,2.0,7.0,6.0,1.0,,,,21.833912262437483,8.0,5.0,3.0,5.0,3.0,1.0,,,,,9.800191677608575,5.378990835374061,55.03830860246338,12.808621823815802,1530,16,13,1.4989714828349654,1.439713045516583,8.622706883572002,7.524640717446718,28,42.3401448852761,3.0,0.9895604791403573,1.1532946937481323,ZINCf5000002oCHN_m01_t02,TRP23;LEU26;LEU22,2.0,21.52787999627317
292,native_first,ZINCf50000017Zr1,C[S@@](=N)(=O)CCNC(=O)Cc1csnn1,223,257,257,1,1,1,17.857142857142858,20.731008121704747,0.7323021531056899,15.181361883575931,5,248.333,-0.12662999999999996,2.0,6.0,5.0,1.0,,,,25.88884027917479,9.0,4.0,5.0,4.0,3.0,1.0,,,,,13.304344425911225,7.709515295254746,48.50367329299914,16.450468389227115,1141,16,7,1.5026319058760529,1.1191087088179805,8.622706883572002,7.768294384088957,28,42.3401448852761,3.0,0.9905883274240863,1.4226228997678347,ZINCf50000017Zr1_m01_t01,TRP23;LEU26;LEU22,1.0,-17.490093853343833
293,native_first,ZINCf50000009NVQ,C[C@@H](OC(=O)CS(C)(=O)=O)c1nc[nH]n1,362,482,482,1,1,1,17.857142857142858,20.731008121704747,0.7098831671280659,14.716593703193421,5,233.249,-0.5465000000000002,1.0,6.0,4.0,1.0,,,,23.00393025917909,8.0,4.0,4.0,4.0,3.0,1.0,,,,,9.649860579181933,5.390119464544472,46.01459444288522,12.988377999181221,920,16,10,1.6883029872299518,1.19127460586215,8.622706883572002,8.500629928476826,28,42.3401448852761,3.0,1.050414540696183,1.7025112308617014,ZINCf50000009NVQ_m01_t01,TRP23;LEU26;LEU22,1.0,-12.32144317938354
294,native_first,ZINCf5000000a0RG,C[C@H](OC(=O)CS(C)(=O)=O)c1nc[nH]n1,213,481,481,1,1,1,17.857142857142858,20.731008121704747,0.7338298629798016,15.213032849383747,5,233.249,-0.5465000000000002,1.0,6.0,4.0,1.0,,,,23.00393025917909,8.0,4.0,4.0,4.0,3.0,1.0,,,,,9.649860579181933,5.390119464544472,46.01459444288522,12.988377999181221,1383,16,14,1.5826989968217722,1.1184027716968117,8.622706883572002,8.662490204564458,28,42.3401448852761,3.0,1.1444595350301816,1.8533062148635342,ZINCf5000000a0RG_m01_t06,TRP23;LEU26;LEU22,1.0,-17.39662751598767
295,native_first,ZINCf500000180oP,Cc1nonc1S(=O)(=O)NC[C@@H](C)C#N,1504,848,848,0,1,1,10.714285714285714,15.315268646616897,0.6667003078395309,10.2106943213446,3,230.249,-0.18400000000000016,1.0,6.0,4.0,1.0,,,,23.00393025917909,8.0,4.0,4.0,4.0,3.0,1.0,,,,,8.728335369955904,4.8686658603611335,42.116454039908405,12.2972340922617,833,16,4,1.028332941234199,1.4633240824409623,7.259444124724703,4.834623029957745,28,42.3401448852761,3.0,1.1543005422603692,1.834080230010865,ZINCf500000180oP_m01_t01,TRP23;LEU26;LEU22,0.0,-26.92418218793147
296,native_first,ZINCf50000009HPX,C[C@@H](C#N)OCCn1nnnc1[C@@H](C)O,1344,834,834,0,1,1,10.714285714285714,14.035426252508884,0.7891842772737743,11.076537723315582,3,211.22500000000002,-0.34492000000000006,1.0,7.0,5.0,1.0,,,,23.00393025917909,8.0,4.0,4.0,4.0,3.0,1.0,,,,,10.11176446809458,5.6286103660286395,49.687783021116374,13.334805915865708,1075,16,11,0.9337777711284827,0.9331917031120298,5.577579134355692,3.7696202358190294,28,42.3401448852761,3.0,1.1710488367569665,1.4894974973898283,ZINCf50000009HPX_m01_t01,TRP23;LEU26;LEU22,0.0,22.668169381116144
297,native_first,ZINCf50000017urm,CC1(CNC(=O)CCc2nn[nH]n2)N=N1,1073,1509,1509,0,0,1,14.285714285714286,17.205605691108325,0.7285206690688428,12.534639369820926,4,209.21300000000002,-0.5694999999999999,2.0,6.0,5.0,1.0,,,,24.04002420072306,8.0,3.0,5.0,3.0,2.0,1.0,,,,,10.520837699814415,5.926045052010866,46.833311246576535,13.900634325041578,443,16,9,1.283581107559735,1.3378699060706776,8.622706883572002,8.054234539899698,28,42.3401448852761,3.0,1.17856987606595,1.7543124135449808,ZINCf50000017urm_m01_t06,TRP23;LEU26;LEU22,2.0,-44.0798209968434
298,native_first,ZINCf5000000ZrBx,CC[S@@](=N)(=O)NC(=O)Cc1n[nH]c(=N)s1,707,268,268,1,1,1,14.285714285714286,17.205605691108325,0.7931998087650441,13.647483143873878,4,249.321,-0.4089600000000008,4.0,6.0,4.0,1.0,,,,25.88884027917479,9.0,4.0,5.0,4.0,3.0,1.0,,,,,10.857703187890962,6.205704261998188,43.36710017196906,14.615487460711918,322,16,3,0.8994005902232778,1.0370143154532894,8.622706883572002,7.193160097383776,28,42.3401448852761,3.0,1.3904235449883446,2.352539867442015,ZINCf5000000ZrBx_m01_t08,TRP23;LEU26;LEU22,2.0,-145.69321148408477
299,native_first,ZINCf5000002raCu,C=C[C@@H](N)C(=O)NCCc1nc(Br)n[nH]1,511,169,169,1,1,1,14.285714285714286,17.205605691108325,0.8262850384213397,14.216734559539864,4,274.12199999999996,-0.26080000000000053,3.0,4.0,5.0,1.0,,,,26.900792975049644,9.0,5.0,4.0,5.0,3.0,1.0,,,,,13.648927189145876,7.884954927065101,50.74118589743591,16.961893635621816,277,16,1,1.0495830347339306,0.9348534842827297,8.622706883572002,8.750077285157094,28,42.3401448852761,3.0,1.4143244912999073,2.098310157783327,ZINCf5000002raCu_m02_t03,TRP23;LEU26;LEU22,3.0,6.473365007186176
300,native_first,ZINCf50000009Xka,C[C@H](N)CN(C)S(=O)(=O)Cc1ccon1,1297,1313,1313,0,0,1,14.285714285714286,15.036168524741624,0.7631509802553763,11.474866748941606,4,233.29299999999998,-0.21659999999999968,1.0,5.0,5.0,1.0,,,,20.006349551192564,7.0,4.0,3.0,4.0,3.0,1.0,,,,,10.786286075618666,5.911265287558947,61.53045781309119,13.091301944512141,1363,16,13,1.3428511389484292,1.1095016812761358,7.155285109623515,7.35082557614467,28,42.3401448852761,3.0,1.4356114872736856,2.0802812757490616,ZINCf50000009Xka_m02_t01,TRP23;LEU26;LEU22,2.0,-32.4739040065199
301,native_first,ZINCf5000000WB37,C[C@H](C#N)S(=O)(=O)NCCc1nncs1,1226,1520,1520,0,0,1,14.285714285714286,17.205605691108325,0.6890294141883123,11.855168410099461,4,246.31699999999998,-0.08792000000000022,1.0,6.0,5.0,1.0,,,,21.15511418072736,7.0,3.0,4.0,3.0,2.0,1.0,,,,,8.757110400025285,4.736514896524813,57.93694690265486,11.856611345200802,129,16,6,1.4783906798802775,1.3812332051728664,8.622706883572002,7.56633102221852,28,42.3401448852761,3.0,1.5319332898032465,2.007113954650099,ZINCf5000000WB37_m01_t01,TRP23;LEU26;LEU22,0.0,-69.72960954686184
302,native_first,ZINCf5000000alVo,N[C@@H](CC(=O)NCCCCCO)C(=O)O,289,149,149,1,1,1,17.857142857142858,20.731008121704747,0.7205479968660612,14.9376863751084,5,218.25299999999996,-0.9328000000000001,4.0,4.0,8.0,1.0,,,,27.52784201948113,10.0,6.0,4.0,6.0,3.0,1.0,,,,,16.51557690583443,9.939409930255788,48.80857294994676,19.268643184246102,869,16,14,1.573680568000558,1.1908635155093399,8.622706883572002,8.172477458449528,28,42.23973363305034,3.0,0.1594221960055319,0.26255576779205675,ZINCf5000000alVo_m02_t05,SER20;GLU17;LEU22,2.0,-104.61398133532653
303,native_first,ZINCf50000009VF9,C[C@H](CNC(=O)CCCON)S(C)(=O)=O,302,368,368,1,1,1,17.857142857142858,20.731008121704747,0.7185231652240701,14.8957095738932,5,238.309,-0.793799999999999,2.0,5.0,7.0,1.0,,,,24.512170865663283,10.0,5.0,5.0,5.0,3.0,1.0,,,,,13.972157074395476,8.258642133422079,45.338026897734466,16.60716052221243,1384,16,2,1.4895662745356717,1.138710575220458,8.622706883572002,7.35778620230389,28,42.23973363305034,3.0,0.2555659550476512,0.36320894046501967,ZINCf50000009VF9_m01_t02,SER20;GLU17;LEU22,1.0,-13.668719762937759
304,native_first,ZINCf500000181WL,N=C(O)OCCCNC(=O)CCCCN,436,401,401,1,1,1,14.285714285714286,17.205605691108325,0.84010542923054,14.454522754299981,4,217.26899999999995,0.13107000000000013,4.0,4.0,8.0,1.0,,,,23.707739270531132,9.0,5.0,4.0,5.0,3.0,1.0,,,,,14.372919384530794,8.320176533734488,52.74034141958671,16.70662435603088,1019,16,15,0.8867268540886982,0.9516411836715187,8.622706883572002,8.90500797954073,28,42.23973363305034,3.0,0.28237490354272293,0.36320499782030397,ZINCf500000181WL_m01_t01,SER20;GLU17;LEU22,2.0,-93.27470973038176
305,native_first,ZINCf5000002s7CT,COC[C@H](N)CC(=O)NCCSCCO,525,152,152,1,1,1,14.285714285714286,17.205605691108325,0.8246220589085592,14.18812198977057,4,236.33699999999996,-0.8080999999999987,3.0,5.0,9.0,1.0,,,,27.324531452634137,11.0,7.0,4.0,7.0,3.0,1.0,,,,,17.38308718229945,10.631239295216442,47.637307010883326,19.868448249883127,1239,16,1,1.0763406786359886,0.9192985663253354,8.622706883572002,8.332668512651594,28,42.23973363305034,3.0,0.2857403986135618,0.23316224561310964,ZINCf5000002s7CT_m02_t01,SER20;GLU17;LEU22,0.0,-17.519840620345768
306,native_first,ZINCf50000009Wn3,C[C@H](CS(C)(=O)=O)NC(=O)CCCON,462,552,552,1,1,1,17.857142857142858,20.731008121704747,0.6942202840238039,14.391886346349654,5,238.30899999999994,-0.7937999999999987,2.0,5.0,7.0,1.0,,,,22.695786574656285,9.0,4.0,5.0,4.0,3.0,1.0,,,,,12.574282580557222,7.2397401809541115,47.78219864426762,15.104658579081987,1362,16,9,1.6446552910332417,1.3167164338781177,8.622706883572002,8.285932331792415,28,42.23973363305034,3.0,0.30037243694119015,0.43215962959269333,ZINCf50000009Wn3_m01_t02,SER20;GLU17;LEU22,0.0,-13.207063223735723
307,native_first,ZINCf50000009ZfR,C[C@H](O)C(=O)OCCCSCCC(N)=O,49,1007,1007,1,0,1,17.857142857142858,20.731008121704747,0.7810555692146713,16.192069348892076,5,235.30499999999995,-0.09090000000000009,2.0,5.0,8.0,1.0,,,,19.698205866669763,8.0,4.0,4.0,4.0,3.0,1.0,,,,,15.03512175681719,8.41394187012607,70.56410256410255,16.20089278428033,356,16,1,1.2035871485971272,1.0886100704402808,8.622706883572002,8.239187891328767,28,42.23973363305034,3.0,0.3012599609960348,0.4304161842613003,ZINCf50000009ZfR_m01_t03,SER20;GLU17;LEU22,0.0,-35.877389990805845
308,native_first,ZINCf5000000S4xr,CC(=O)NCCCCCC(=O)NCCO,407,272,272,1,1,1,17.857142857142858,20.731008121704747,0.7027901184634415,14.569547653719447,5,216.28099999999998,-0.20859999999999956,3.0,3.0,8.0,1.0,,,,25.524123561538133,10.0,6.0,4.0,6.0,3.0,1.0,,,,,16.580363656211343,9.886421335031958,51.34582256675279,18.81630363254304,1453,16,1,1.6603529532641028,1.2192310437132137,8.622706883572002,9.279629944366688,28,42.23973363305034,3.0,0.30346104837587207,0.48694426124453766,ZINCf5000000S4xr_m01_t06,SER20;GLU17;LEU22,1.0,-23.511814102913682
309,native_first,ZINCf5000000ajkb,NCCOCC(=O)NCCCCC(=O)O,255,182,182,1,1,1,10.714285714285714,15.48021141629053,0.973210765858045,15.065508408092558,3,218.25299999999993,-0.6671999999999993,3.0,4.0,9.0,1.0,,,,26.705319978517654,10.0,5.0,5.0,5.0,3.0,1.0,,,,,15.267048919091675,9.222843621455382,44.29746023219028,18.12661668394817,1159,16,14,0.2858199745394301,0.3536941299839789,8.622706883572002,8.961238074548803,28,42.23973363305034,3.0,0.31439979025258585,0.44600474818641045,ZINCf5000000ajkb_m01_t01,SER20;GLU17;LEU22,1.0,-54.434992883249635
310,native_first,ZINCf5000002ru41,C[C@H](CCO)CCNC(=O)[C@@H](F)C(=O)O,337,402,402,1,1,1,14.285714285714286,17.205605691108325,0.859066349505446,14.780756872090555,4,221.22799999999998,-0.06610000000000027,3.0,3.0,7.0,1.0,,,,23.707739270531132,9.0,5.0,4.0,5.0,3.0,1.0,,,,,14.217990146957021,8.27398183327103,50.48958333333333,16.59042742785055,956,16,12,0.8785734964363624,0.6766402542080594,8.622706883572002,7.366537756796088,28,42.23973363305034,3.0,0.3183525602549102,0.4603585184976347,ZINCf5000002ru41_m01_t01,SER20;GLU17;LEU22,2.0,6.832520089438194
311,native_first,ZINCf50000009Y74,C[C@H](NC(=O)CCSCCCN)C(N)=O,1245,804,804,0,1,1,14.285714285714286,17.040662921434695,0.6897581590132842,11.753936285054728,4,233.33699999999993,-0.5514999999999983,3.0,4.0,8.0,1.0,,,,23.707739270531132,9.0,5.0,4.0,5.0,3.0,1.0,,,,,16.002939776984064,9.28284621442204,57.96612046058459,17.929139650370832,301,16,1,1.0961447227247927,1.3855957375734747,8.317947102500712,6.261006153805237,28,42.23973363305034,3.0,0.3976979284582599,0.563475823366164,ZINCf50000009Y74_m02_t07,SER20;GLU17;LEU22,3.0,-80.87572014530333
312,native_first,ZINCf5000000a0Rw,C[C@H](OC(=O)CCCCC(N)=O)C(N)=O,217,546,546,1,1,1,17.857142857142858,20.731008121704747,0.7331651734199427,15.1992531647199,5,216.23699999999997,-0.5508999999999988,2.0,4.0,7.0,1.0,,,,22.695786574656285,9.0,4.0,5.0,4.0,3.0,1.0,,,,,13.894112169482046,8.048656383318233,50.757491055456164,16.094530770775606,1311,16,11,1.9772032939718946,0.7882009349647394,8.622706883572002,8.323418756305259,28,42.23973363305034,3.0,0.41570247875532973,0.560067105169329,ZINCf5000000a0Rw_m01_t08,SER20;GLU17;LEU22,0.0,-36.762743584553725
313,native_first,ZINCf5000002rtjk,C[C@@H](CCC(=O)NOCCN)S(C)(=O)=O,705,388,388,1,1,1,14.285714285714286,17.205605691108325,0.7935431523318183,13.653390577900373,4,238.30899999999997,-0.793799999999999,2.0,5.0,7.0,1.0,,,,24.512170865663283,10.0,5.0,5.0,5.0,3.0,1.0,,,,,9.968922812251957,5.825692144344867,34.51839826839826,13.604734825604789,1390,16,8,1.2077649696562203,0.8857368296306528,8.622706883572002,7.440824407608663,28,42.23973363305034,3.0,0.42228732504604977,0.6113517841886195,ZINCf5000002rtjk_m01_t03,SER20;GLU17;LEU22,1.0,15.953626118534716
314,native_first,ZINCf50000009Ifp,C[C@@H](C(=O)O)C(=O)NCCSCCCO,389,396,396,1,1,1,14.285714285714286,17.205605691108325,0.8507377063542679,14.637457522089434,4,235.30499999999995,-0.0611000000000001,3.0,4.0,8.0,1.0,,,,23.707739270531132,9.0,5.0,4.0,5.0,3.0,1.0,,,,,14.950109505964265,8.694223310161394,53.30665304268848,17.13951694710598,707,16,7,1.319230354606401,0.5375722902961219,8.622706883572002,8.837949066366136,28,42.23973363305034,3.0,0.44600975270039883,0.5243793393075523,ZINCf50000009Ifp_m01_t04,SER20;GLU17;LEU22,0.0,-27.22318854803189
315,native_first,ZINCf50000009yQr,COC[C@H](C)OC[C@@H](O)CSCC(N)=O,89,376,376,1,1,1,17.857142857142858,20.731008121704747,0.7651715381711528,15.862777372323482,5,237.32099999999997,-0.3826999999999993,2.0,5.0,9.0,1.0,,,,24.512170865663283,10.0,5.0,5.0,5.0,3.0,1.0,,,,,12.607166719056348,7.360666174532785,43.89303482587066,15.583417755708082,505,16,6,1.539384270660769,0.8796721188164973,8.622706883572002,7.793106531565519,28,42.23973363305034,3.0,0.4507414514407258,0.5572312656677648,ZINCf50000009yQr_m01_t01,SER20;GLU17;LEU22,3.0,27.25610330116327
316,native_first,ZINCf5000000VZfJ,C[C@H](CF)CC(=O)NCC[C@H](O)C(=O)O,102,441,441,1,1,1,17.857142857142858,20.731008121704747,0.7616004964954173,15.788746078340862,5,221.22799999999998,-0.06610000000000027,3.0,3.0,7.0,1.0,,,,23.707739270531132,9.0,5.0,4.0,5.0,3.0,1.0,,,,,8.414678400732859,4.770180969895897,35.65792461398729,12.23794361818243,1106,16,10,1.2793369322695243,1.143272390200335,8.622706883572002,8.114919525119241,28,42.23973363305034,3.0,0.4571868401815602,0.6703163011047827,ZINCf5000000VZfJ_m01_t02,SER20;GLU17;LEU22,0.0,-50.15867981587432
317,native_first,ZINCf50000009Uno,C[C@H](CCCO)NC(=O)[C@H](N)CCCN,1107,783,783,0,1,1,10.714285714285714,15.315268646616897,0.8100073086789448,12.405479538141178,3,217.31299999999996,-0.6701999999999981,4.0,4.0,8.0,1.0,,,,24.513838851458473,9.0,6.0,3.0,6.0,3.0,1.0,,,,,9.16146236494179,5.194981838852466,38.74121265377856,12.999556486570963,222,16,4,1.019578507130684,0.9884420625946051,7.259444124724703,6.44636983295876,28,42.23973363305034,3.0,0.45991963365256033,0.5394365311106574,ZINCf50000009Uno_m01_t05,SER20;GLU17;LEU22,0.0,-9.983582821872869
318,native_first,ZINCf5000002dLrZ,C[C@@H](CF)CC(=O)NCC[C@@H](O)C(=O)O,99,440,440,1,1,1,17.857142857142858,20.731008121704747,0.7628611830546094,15.814881381638399,5,221.22799999999998,-0.06610000000000027,3.0,3.0,7.0,1.0,,,,23.707739270531132,9.0,5.0,4.0,5.0,3.0,1.0,,,,,8.414678400732859,4.770180969895897,35.65792461398729,12.23794361818243,856,16,3,1.5030466117303949,0.966208640432124,8.622706883572002,9.149845805643917,28,42.23973363305034,3.0,0.4675036991544151,0.68170312305072,ZINCf5000002dLrZ_m01_t02,SER20;GLU17;LEU22,3.0,-24.57431679853104
319,native_first,ZINCf5000002rteZ,C[C@@H](CCCN)NC(=O)[C@H](C)CC(N)=O,1135,807,807,0,1,1,14.285714285714286,17.040662921434695,0.7215647763736022,12.29594213016296,4,215.297,-0.2584999999999983,3.0,3.0,7.0,1.0,,,,23.707739270531132,9.0,5.0,4.0,5.0,3.0,1.0,,,,,12.755923404225339,7.363016708650055,47.673519009725894,15.493877370801787,947,16,5,1.217027226430726,1.3005965663261867,8.317947102500712,6.998181570481182,28,42.23973363305034,3.0,0.47449058613672773,0.6094749961500803,ZINCf5000002rteZ_m01_t08,SER20;GLU17;LEU22,0.0,-61.7095261954051
320,native_first,ZINCf5000002ryaO,C[C@@H](CS(C)(=O)=O)NCCCOCCN,341,1013,1013,1,0,1,14.285714285714286,17.205605691108325,0.8581642709358426,14.76523606391956,4,238.35299999999992,-0.625499999999998,2.0,5.0,9.0,1.0,,,,19.698205866669763,8.0,4.0,4.0,4.0,3.0,1.0,,,,,10.618186142215286,5.918402762147237,51.56876963983563,12.888191073328906,1303,16,11,0.7277805620762311,0.7722799920158657,8.622706883572002,7.329632277139317,28,42.23973363305034,3.0,0.4810045502592888,0.7709865870851913,ZINCf5000002ryaO_m01_t01,SER20;GLU17;LEU22,1.0,30.313195227656667
321,native_first,ZINCf5000000S7aF,O=C(CCCCCO)NCCOCCO,196,273,273,1,1,1,17.857142857142858,20.731008121704747,0.738088002517469,15.301308374722483,5,219.28099999999995,-0.33580000000000004,3.0,4.0,10.0,1.0,,,,25.524123561538133,10.0,6.0,4.0,6.0,3.0,1.0,,,,,16.09954722721705,9.556034679276678,51.06944444444446,18.455691310797324,1485,16,12,1.6487680672335399,0.996444084315397,8.622706883572002,7.9612567766752305,28,42.23973363305034,3.0,0.48640434825143797,0.6719517010450469,ZINCf5000000S7aF_m01_t03,SER20;GLU17;LEU22,0.0,21.3261993178385
322,native_first,ZINCf5000000VZmM,O=C(O)C=CCNC(=O)CCC[N+](=O)[O-],361,32,32,1,1,1,14.285714285714286,17.040662921434695,0.8637147464126695,14.718271853890748,4,216.19299999999996,-0.1997,2.0,4.0,7.0,1.0,,,,36.93842763647747,11.0,8.0,3.0,8.0,3.0,1.0,,,,,15.760287095990927,9.298229940470893,51.66919805589308,21.054822231112563,912,16,5,0.8518775607366474,0.7771937843168706,8.317947102500712,7.562845010411081,28,42.23973363305034,3.0,0.48772762579661083,0.6074486987537134,ZINCf5000000VZmM_m02_t05,SER20;GLU17;LEU22,1.0,-109.92099938696259
323,native_first,ZINCf50000009mxO,CNCCOCCNC(=O)CCCON,168,107,107,1,1,1,10.714285714285714,15.48021141629053,0.9948411398500894,15.400351170502837,3,219.28499999999994,-0.9908999999999983,3.0,5.0,10.0,1.0,,,,28.521704269524655,11.0,6.0,5.0,6.0,3.0,1.0,,,,,19.494405288112414,12.069818456246848,50.652788012773286,21.751230033465475,1089,16,11,0.1279177294289469,0.1597907365776702,8.622706883572002,8.671717714714923,28,42.23973363305034,3.0,0.49025724788665453,0.7025458480487489,ZINCf50000009mxO_m01_t03,SER20;GLU17;LEU22,3.0,15.33397677589799
324,native_first,ZINCf5000002rtsN,C[C@H](CCF)NC(=O)[C@H](N)CCC(N)=O,27,442,442,1,1,1,14.285714285714286,17.205605691108325,0.9588143532775928,16.496981693469298,4,219.25999999999996,-0.5564999999999991,3.0,3.0,7.0,1.0,,,,23.707739270531132,9.0,5.0,4.0,5.0,3.0,1.0,,,,,8.40838867984277,4.770180969895897,35.43328900709219,12.23322632751486,300,16,14,0.4131346516450968,0.4133391977136716,8.622706883572002,8.198190578949358,28,42.23973363305034,3.0,0.5129315464088912,0.8281273212735588,ZINCf5000002rtsN_m01_t04,SER20;GLU17;LEU22,1.0,-30.874168076265846
325,native_first,ZINCf50000017WSx,C[C@H](O)CCONC(=O)CSCC(N)=O,79,117,117,1,1,1,14.285714285714286,19.005613846886952,0.8380353954737316,15.927377116396936,4,236.29299999999998,-0.976399999999999,3.0,5.0,8.0,1.0,,,,28.521704269524655,11.0,6.0,5.0,6.0,3.0,1.0,,,,,13.767520140389196,8.422532928796054,37.678527757397916,17.45606617267306,640,16,5,1.2355573939949862,0.6995245342537405,8.622706883572002,8.221277965575663,28,42.23973363305034,3.0,0.5165277394828299,0.8074983015344174,ZINCf50000017WSx_m01_t03,SER20;GLU17;LEU22,2.0,16.008787363099515
326,native_first,ZINCf5000000SNNA,N=C(O)OCCCNC(=O)[C@@H](F)CCN,312,397,397,1,1,1,14.285714285714286,17.205605691108325,0.863512546520595,14.857256384758191,4,221.23199999999997,-0.31102999999999986,4.0,4.0,7.0,1.0,,,,23.707739270531132,9.0,5.0,4.0,5.0,3.0,1.0,,,,,14.750364807978105,8.536017488422244,54.23223920863308,16.989708423616364,372,16,5,1.1795652893492228,0.5615336379852214,8.622706883572002,8.210148848703412,28,42.23973363305034,3.0,0.5329599477389851,0.6608654454555024,ZINCf5000000SNNA_m01_t03,SER20;GLU17;LEU22,1.0,-92.2494954694259
327,native_first,ZINCf5000002rcCF,CC[C@@H](O)CONC(=O)CCOCCN,334,184,184,1,1,1,14.285714285714286,17.205605691108325,0.8591702171172115,14.78254397726267,4,220.26899999999995,-0.8294999999999983,3.0,5.0,9.0,1.0,,,,26.705319978517654,10.0,5.0,5.0,5.0,3.0,1.0,,,,,14.631450033209223,8.818945499968194,42.919173154045765,17.64991751953633,1503,16,13,0.9712450245868581,0.7806575896219204,8.622706883572002,8.371647327460494,28,42.23973363305034,3.0,0.5379911924407736,0.726346510095103,ZINCf5000002rcCF_m01_t01,SER20;GLU17;LEU22,1.0,34.85798309698501
328,native_first,ZINCf50000009UOR,C[C@H](CF)C(=O)NCCC[C@H](N)C(=O)O,75,903,903,1,0,1,14.285714285714286,17.205605691108325,0.9270018554925317,15.94962840053028,4,220.24399999999997,-0.09969999999999946,3.0,3.0,7.0,1.0,,,,21.88017655928622,8.0,4.0,4.0,4.0,3.0,1.0,,,,,8.546963673946859,4.782318609717407,40.16445511010727,11.8802668952817,1197,16,1,0.6094402817539409,0.5120886879310567,8.622706883572002,7.944240976178427,28,42.23973363305034,3.0,0.5631927869192376,0.7959212426023482,ZINCf50000009UOR_m01_t05,SER20;GLU17;LEU22,0.0,-36.34657242446903
329,native_first,ZINCf5000000SLW6,CS(=O)(=O)C=CCNC(=O)CCCON,580,549,549,1,1,1,17.857142857142858,20.731008121704747,0.6763178235489685,14.020750292847344,5,236.29299999999995,-0.6685999999999983,2.0,5.0,7.0,1.0,,,,22.695786574656285,9.0,4.0,5.0,4.0,3.0,1.0,,,,,13.17908337826544,7.589129691413879,50.029498525073755,15.558259177363151,1076,16,0,1.5797614649209022,1.3759395104740606,8.622706883572002,7.484198572184396,28,42.23973363305034,3.0,0.5716205144055841,0.7778881709112656,ZINCf5000000SLW6_m01_t01,SER20;GLU17;LEU22,3.0,-4.613458154142287
330,native_first,ZINCf5000002ecMi,CS(=O)(=O)CC(=O)NOCCOCCF,295,446,446,1,1,1,14.285714285714286,19.005613846886952,0.7846861130150855,14.913441254979409,4,243.25599999999994,-0.9350999999999994,1.0,5.0,8.0,1.0,,,,23.695834994592488,9.0,5.0,4.0,5.0,3.0,1.0,,,,,8.4053371953785,4.803599139651689,33.594457013574655,12.227961645181997,1143,16,7,1.2983514025770369,1.012564447727799,8.622706883572002,8.556187414237792,28,42.23973363305034,3.0,0.5717989690672118,0.6843684004762851,ZINCf5000002ecMi_m01_t03,SER20;GLU17;LEU22,1.0,11.365245532969308
331,native_first,ZINCf5000002sjtf,C[S@](=N)(=O)CCNC(=O)CC1CC(N)C1,355,292,292,1,1,1,14.285714285714286,17.205605691108325,0.8562079138278097,14.731575754927748,4,233.33699999999996,-0.0934299999999994,3.0,4.0,5.0,1.0,,,,25.524123561538133,10.0,6.0,4.0,6.0,3.0,1.0,,,,,12.12543644544734,7.130549658429833,40.484398479625206,15.475108224470038,78,16,8,0.7847113066815569,0.8329181799901703,8.622706883572002,7.682415976984366,28,42.23973363305034,3.0,0.5796244381200911,0.8372522598545932,ZINCf5000002sjtf_m01_t03,SER20;GLU17;LEU22,1.0,-51.99313634386222
332,native_first,ZINCf5000002ru8s,C[C@@H](CCO)C(=O)NCC[C@@H](F)C(=O)O,45,411,411,1,1,1,14.285714285714286,19.005613846886952,0.8538198205698343,16.227369804568575,4,221.22799999999995,-0.06610000000000033,3.0,3.0,7.0,1.0,,,,23.707739270531132,9.0,5.0,4.0,5.0,3.0,1.0,,,,,12.199113356456744,7.030600129686444,46.0596590909091,15.076269834975342,60,16,5,0.8627236181134539,0.8647968861758009,8.622706883572002,9.13839655826304,28,42.23973363305034,3.0,0.5894636405006145,0.8752966622869057,ZINCf5000002ru8s_m02_t05,SER20;GLU17;LEU22,3.0,-47.80856815952271
333,native_first,ZINCf50000017Owq,CP(C)(=O)CCS(=O)(=O)NCCC(N)=O,166,371,371,1,1,1,17.857142857142858,20.731008121704747,0.7436476985967144,15.41656647929553,5,256.26399999999995,-0.5960999999999987,2.0,4.0,7.0,1.0,,,,24.512170865663283,10.0,5.0,5.0,5.0,3.0,1.0,,,,,13.2367920559187,7.832530724670467,42.69607843137255,16.055636758354847,876,16,10,1.7004037530425544,0.9582847890945668,8.622706883572002,8.815469569168382,28,42.23973363305034,3.0,0.5958914033332116,0.7970751482157019,ZINCf50000017Owq_m01_t02,SER20;GLU17;LEU22,1.0,-118.01457554612705
334,native_first,ZINCf50000009w1n,COCCSCC(=O)NCCS(C)(=O)=O,367,455,455,1,1,1,10.714285714285714,15.48021141629053,0.9498225298121117,14.703453569447403,3,255.361,-0.4731999999999992,1.0,5.0,8.0,1.0,,,,23.42766873676358,10.0,6.0,4.0,6.0,3.0,1.0,,,,,10.32408019126513,5.950701404204831,38.94924083603329,13.599977327639742,1489,16,15,0.5408069297637578,0.4403273716357763,8.622706883572002,8.761994447681374,28,42.23973363305034,3.0,0.5991814114830865,0.8425667567187523,ZINCf50000009w1n_m01_t01,SER20;GLU17;LEU22,3.0,-18.355925904171272
335,native_first,ZINCf50000008Ke0,CC(=O)NCCCSCCCS(N)(=O)=O,638,932,932,1,0,1,14.285714285714286,17.205605691108325,0.8064362948208127,13.875224903685286,4,254.37699999999995,-0.07559999999999956,2.0,4.0,8.0,1.0,,,,21.514590157676757,9.0,5.0,4.0,5.0,3.0,1.0,,,,,15.684191672967446,9.00236170357586,60.84586751747187,17.141791294144774,1208,16,9,1.0211599931684185,1.0583523373077004,8.622706883572002,8.227481869762006,28,42.23973363305034,3.0,0.6000213581451633,0.9636101503026769,ZINCf50000008Ke0_m01_t02,SER20;GLU17;LEU22,1.0,-116.47549693304674
336,native_first,ZINCf5000002s9an,COCCSCC(=O)NC[C@@H](O)CCN,227,156,156,1,1,1,10.714285714285714,15.48021141629053,0.979666388630447,15.16544281343316,3,236.337,-0.808099999999998,3.0,5.0,9.0,1.0,,,,27.324531452634137,11.0,7.0,4.0,7.0,3.0,1.0,,,,,16.588574901695303,10.06072866132423,47.23993925588458,19.272564039430012,1529,16,15,0.21746011880374114,0.30540814102199737,8.622706883572002,8.236946044984693,28,42.23973363305034,3.0,0.6002292364869247,0.7923522164934408,ZINCf5000002s9an_m01_t02,SER20;GLU17;LEU22,3.0,35.5596471852602
337,native_first,ZINCf50000009FEX,CS(=O)(=O)CCCNC(=O)CSCCN,933,1268,1268,0,0,1,10.714285714285714,15.48021141629053,0.8397040546215572,12.998796292658076,3,254.37699999999998,-0.7707999999999982,2.0,5.0,8.0,1.0,,,,21.514590157676757,9.0,5.0,4.0,5.0,3.0,1.0,,,,,11.351234900215982,6.443529270955252,47.62396694214877,13.892073714581176,958,16,11,0.6512753158759546,0.8876781969639936,8.622706883572002,7.1751439260320975,28,42.23973363305034,3.0,0.6019608245845487,0.8208415961100676,ZINCf50000009FEX_m01_t03,SER20;GLU17;LEU22,3.0,-20.60637852721798
338,native_first,ZINCf50000009un8,COCCCONC(=O)CSCC(N)=O,319,119,119,1,1,1,14.285714285714286,17.205605691108325,0.8622323419048199,14.835229688935229,4,236.29299999999998,-0.7107999999999985,2.0,5.0,9.0,1.0,,,,28.397129305595193,11.0,6.0,5.0,6.0,3.0,1.0,,,,,15.426408621684114,9.375951456692071,43.493461633358024,18.669088792661885,903,16,3,0.7770458596242624,0.8591610544513624,8.622706883572002,8.048794461166542,28,42.23973363305034,3.0,0.6129580184185325,0.8289068302476189,ZINCf50000009un8_m01_t07,SER20;GLU17;LEU22,1.0,-36.890580373443015
339,native_first,ZINCf5000001Hd6c,C=C[C@H](CO)NCCOCCOCCO,254,281,281,1,1,1,10.714285714285714,15.48021141629053,0.9732124669454466,15.065534741285173,3,219.28099999999995,-0.8515999999999995,3.0,5.0,11.0,1.0,,,,25.524123561538133,10.0,6.0,4.0,6.0,3.0,1.0,,,,,14.213590818317087,8.33904545553939,48.094045631608246,17.041224004122345,1139,16,5,0.24944857073806237,0.3817980798376399,8.622706883572002,8.39456338525543,28,42.23973363305034,3.0,0.61505567529569,0.602436709764037,ZINCf5000001Hd6c_m02_t01,SER20;GLU17;LEU22,0.0,89.68204267324762
340,native_first,ZINCf50000009vxA,COCCOC[C@@H](O)CN[C@H](C)CCO,153,277,277,1,1,1,14.285714285714286,19.005613846886952,0.816093696392422,15.510361656512972,4,221.29699999999997,-0.6291999999999986,3.0,5.0,10.0,1.0,,,,25.524123561538133,10.0,6.0,4.0,6.0,3.0,1.0,,,,,14.35084540440609,8.418582250144633,48.59141877490501,17.1441649436891,262,16,3,1.0492441733235727,0.9666441215501017,8.622706883572002,9.179914304664482,28,42.23973363305034,3.0,0.6166508077189088,0.8257393136621672,ZINCf50000009vxA_m01_t01,SER20;GLU17;LEU22,2.0,71.44780887214705
341,native_first,ZINCf5000002s99B,COCCSCCNC(=O)[C@@H](O)CCN,369,154,154,1,1,1,14.285714285714286,17.205605691108325,0.8543511209265529,14.699628508418675,4,236.337,-0.808099999999998,3.0,5.0,9.0,1.0,,,,27.324531452634137,11.0,7.0,4.0,7.0,3.0,1.0,,,,,16.779173738998292,10.198318089627044,47.30369807497465,19.41551316740725,1209,16,13,0.9567694415131549,0.8113537354412008,8.622706883572002,8.231453586703422,28,42.23973363305034,3.0,0.6239117613921115,0.8417291215431922,ZINCf5000002s99B_m02_t03,SER20;GLU17;LEU22,2.0,7.121258325464412
342,native_first,ZINCf5000002eeeG,NCCCNCCSCCCS(N)(=O)=O,1033,886,886,0,1,1,10.714285714285714,13.515260490838273,0.9395107939312456,12.697733113935062,3,255.40899999999993,-0.6633999999999984,3.0,5.0,10.0,1.0,,,,22.51012039351548,9.0,6.0,3.0,6.0,3.0,1.0,,,,,15.0596774156866,8.614870594735272,59.78495825879545,16.922288160143818,312,16,6,0.5861361033625839,0.48269082357999143,8.317947102500712,8.634811374845079,28,42.23973363305034,3.0,0.6296678676716234,0.860815876987922,ZINCf5000002eeeG_m01_t01,SER20;GLU17;LEU22,0.0,-75.19866909475647
343,native_first,ZINCf5000002s57j,COCC[C@@H](N)CNC(=O)CSCCN,784,157,157,1,1,1,10.714285714285714,13.515260490838273,0.9946903610154261,13.443499336849445,3,235.35299999999998,-0.8416999999999972,3.0,5.0,9.0,1.0,,,,27.324531452634137,11.0,7.0,4.0,7.0,3.0,1.0,,,,,16.215954154526173,9.822412812975163,46.452541948409724,18.993098479053167,1309,16,15,0.13068169615299952,0.14097255344421455,8.317947102500712,8.534150530730322,28,42.23973363305034,3.0,0.6338438883094577,0.8571822793933186,ZINCf5000002s57j_m02_t01,SER20;GLU17;LEU22,0.0,79.48785115442044
344,native_first,ZINCf5000002s45f,COC[C@@](C)(CCO)NCCOCCN,566,289,289,1,1,1,14.285714285714286,19.005613846886952,0.739379311207272,14.052357675182664,4,220.31299999999993,-0.6611999999999978,3.0,5.0,10.0,1.0,,,,25.524123561538133,10.0,6.0,4.0,6.0,3.0,1.0,,,,,12.530355735111401,7.435585415970836,39.80260144728403,15.778797691718083,1059,16,8,1.3371832205024914,1.1910817983563542,8.622706883572002,7.741142830652902,28,42.23973363305034,3.0,0.6362575108059395,0.7921289426761787,ZINCf5000002s45f_m02_t01,SER20;GLU17;LEU22,1.0,124.63719340014244
345,native_first,ZINCf500000182CG,NC(=O)NCCCCC(=O)OCCCO,108,1008,1008,1,0,1,17.857142857142858,20.731008121704747,0.7599303242452103,15.754121723857176,5,218.25299999999996,-0.2494,3.0,4.0,8.0,1.0,,,,19.698205866669763,8.0,4.0,4.0,4.0,3.0,1.0,,,,,14.276871683499486,7.9882236011593095,67.10313373547152,15.632205229292056,201,16,9,1.2852410955256128,1.0508388442728926,8.622706883572002,9.76650789960959,28,42.23973363305034,3.0,0.6396326686815632,0.9189632691370194,ZINCf500000182CG_m01_t02,SER20;GLU17;LEU22,0.0,-131.84611489690147
346,native_first,ZINCf5000000axRs,O=[N+]([O-])CCNCCOC[C@H]1CCOC1,1440,617,617,0,1,1,7.142857142857143,11.789866216020478,0.8962542829889034,10.56671809197453,2,218.25299999999996,-0.09420000000000028,1.0,5.0,8.0,1.0,,,,32.928894232616095,10.0,7.0,3.0,7.0,3.0,1.0,,,,,14.603965905448224,8.374361409932122,57.022260979095506,19.185197987240194,545,16,8,0.11936153560576768,0.23872307121153735,3.375021925854705,3.136298854643168,28,42.23973363305034,3.0,0.644685256730657,0.8784398364283805,ZINCf5000000axRs_m01_t02,SER20;GLU17;LEU22,1.0,-8.9075341438031
347,native_first,ZINCf50000009KnW,C[C@@H](CO)CSCC(=O)Nc1nn[nH]n1,122,170,170,1,1,1,14.285714285714286,17.205605691108325,0.9094577222359641,15.647770961525518,4,231.28100000000006,-0.5002000000000004,3.0,6.0,6.0,1.0,,,,26.900792975049644,9.0,5.0,4.0,5.0,3.0,1.0,,,,,13.607187841413582,7.897561610196195,49.11644345238096,16.9305891248226,154,16,11,0.7748543169594676,0.5922304886893337,8.622706883572002,8.63324796010741,28,42.23973363305034,3.0,0.6480633003253355,0.8105375865047221,ZINCf50000009KnW_m01_t02,SER20;GLU17;LEU22,1.0,0.2556510283605782
348,native_first,ZINCf50000009U67,C[C@H](CC(=O)O)CC(=O)NC[C@@H](F)CO,33,427,427,1,1,1,17.857142857142858,20.731008121704747,0.7901764775607787,16.381154973892553,5,221.22799999999998,-0.06610000000000016,3.0,3.0,7.0,1.0,,,,23.707739270531132,9.0,5.0,4.0,5.0,3.0,1.0,,,,,9.610783177980368,5.510883461623528,37.536864791288565,13.13502220111806,757,16,4,1.0596527245382479,0.965455291247407,8.622706883572002,7.242658302629292,28,42.23973363305034,3.0,0.6484580113690277,1.0206693549943484,ZINCf50000009U67_m01_t03,SER20;GLU17;LEU22,1.0,-35.46853529358706
349,native_first,ZINCf50000009weJ,COCC[C@@H](O)CNCC[C@H](O)COC,210,153,153,1,1,1,14.285714285714286,19.005613846886952,0.8005521293111373,15.214984633990584,4,221.29699999999997,-0.6291999999999986,3.0,5.0,10.0,1.0,,,,27.324531452634137,11.0,7.0,4.0,7.0,3.0,1.0,,,,,17.225494302889942,10.441064276755958,49.185256410256414,19.750253590325993,660,16,0,1.3850643911451517,0.7718666238916017,8.622706883572002,7.807637946243189,28,42.23973363305034,3.0,0.6513933393938471,0.7767719286559983,ZINCf50000009weJ_m02_t01,SER20;GLU17;LEU22,3.0,43.88223866957064
350,native_first,ZINCf5000000afYF,NC(=O)CCCCC(=O)NOCC(=O)O,37,60,60,1,1,1,17.857142857142858,20.731008121704747,0.788675993969212,16.350048436369296,5,218.209,-0.8355000000000001,3.0,4.0,8.0,1.0,,,,30.590278418449568,11.0,6.0,5.0,6.0,3.0,1.0,,,,,16.359749507000267,10.305637572910852,39.65579971181557,19.91738173486259,502,16,2,1.1855391448511523,0.9257469734783749,8.622706883572002,7.407034946685014,28,42.23973363305034,3.0,0.6551415268164621,0.9490856531458666,ZINCf5000000afYF_m01_t05,SER20;GLU17;LEU22,2.0,-71.28641245931854
351,native_first,ZINCf5000001MKOo,CC(CS(N)(=O)=O)NCCSCCCO,297,586,586,1,1,1,14.285714285714286,17.205605691108325,0.8661828699625429,14.90320091696807,4,256.3929999999999,-0.6313999999999984,3.0,5.0,9.0,1.0,,,,22.51012039351548,9.0,6.0,3.0,6.0,3.0,1.0,,,,,12.864095984153648,7.3423530865046995,51.87971342383106,15.275602086494105,422,16,13,0.784515833072163,0.8082062195536847,8.622706883572002,9.355119201779061,28,42.23973363305034,3.0,0.6559452246042998,0.7944685676984413,ZINCf5000001MKOo_m02_t01,SER20;GLU17;LEU22,3.0,-73.7854072563584
352,native_first,ZINCf5000002dV89,CC(=O)N1CC[C@H](NC(=O)NCCF)C1,774,1084,1084,1,0,1,14.285714285714286,17.205605691108325,0.7826298002708589,13.465619745571262,4,217.24399999999997,-0.12410000000000032,2.0,2.0,3.0,1.0,,,,18.629680137681053,8.0,5.0,3.0,5.0,3.0,1.0,,,,,5.734399502989971,3.1146451193541025,36.0900258084105,8.958219661662742,1267,16,8,1.1274641974264796,1.0616013250821403,8.622706883572002,7.687056440627209,28,42.23973363305034,3.0,0.6583356473250902,0.9550069117625076,ZINCf5000002dV89_m01_t05,SER20;GLU17;LEU22,1.0,-82.16021658256983
353,native_first,ZINCf5000001XGaU,CC(CO)COC(=O)CCCS(N)(=O)=O,147,1100,1100,1,0,1,14.285714285714286,19.005613846886952,0.8178532372068413,15.543802809779663,4,239.29299999999995,-0.7732999999999988,2.0,5.0,7.0,1.0,,,,17.870643155424844,7.0,3.0,4.0,3.0,3.0,1.0,,,,,9.827353403328475,5.366977965816255,58.176750595014404,11.838175841352566,591,16,15,1.1818968666196044,0.8808235774451715,8.622706883572002,8.96810439012788,28,42.23973363305034,3.0,0.6598249344747588,0.8307378004801625,ZINCf5000001XGaU_m01_t02,SER20;GLU17;LEU22,0.0,-113.24149953087873
354,native_first,ZINCf50000017X2T,C[C@H](O)CONC(=O)CSCCCCN,1210,741,741,0,1,1,10.714285714285714,15.315268646616897,0.7788914089352084,11.928931174384656,3,236.33699999999993,-0.11289999999999945,3.0,5.0,9.0,1.0,,,,25.524123561538133,10.0,6.0,4.0,6.0,3.0,1.0,,,,,15.609220006810617,9.203742396064673,51.340116453568626,18.087945895492496,392,16,4,1.262265768323267,1.0747128006408675,7.259444124724703,7.289435417676628,28,42.23973363305034,3.0,0.6599372883428068,0.9430260895337166,ZINCf50000017X2T_m02_t02,SER20;GLU17;LEU22,3.0,58.60065480958238
355,native_first,ZINCf5000000afTi,NC(=O)CCC(=O)NCCCC1(N)CC1,964,806,806,0,1,1,14.285714285714286,17.040662921434695,0.755849718254257,12.880180268032177,4,213.28099999999992,-0.36039999999999983,3.0,3.0,7.0,1.0,,,,23.707739270531132,9.0,5.0,4.0,5.0,3.0,1.0,,,,,13.498794616413951,7.788165809118676,50.60359964881474,16.051030779943247,1147,16,15,1.2482226004172805,1.2029441645416876,8.317947102500712,7.840074216890509,28,42.23973363305034,3.0,0.6659034162373993,0.8753931035425683,ZINCf5000000afTi_m01_t06,SER20;GLU17;LEU22,3.0,-55.2330722669556
356,native_first,ZINCf5000000ZyZN,OCCCCCNc1nnc(O)nc1O,558,1164,1164,1,0,1,14.285714285714286,19.005613846886952,0.7407246810180463,14.077927254287502,4,214.22500000000002,-0.14270000000000033,4.0,7.0,6.0,1.0,,,,28.87207964554791,9.0,5.0,4.0,5.0,2.0,1.0,,,,,15.057749423975581,8.909019298582086,48.59990087793827,18.511331979368663,1467,16,3,1.6981957473234994,0.9725061784073138,8.622706883572002,8.297330657219584,28,42.23973363305034,3.0,0.6690029425839288,0.9773426916739162,ZINCf5000000ZyZN_m01_t02,SER20;GLU17;LEU22,3.0,-14.10094444323176
357,native_first,ZINCf5000002rKNc,CCOCC[C@@H](O)CNCCOCCO,70,274,274,1,1,1,17.857142857142858,20.731008121704747,0.7702070984682685,15.967169613740323,5,221.29699999999994,-0.6275999999999988,3.0,5.0,11.0,1.0,,,,25.524123561538133,10.0,6.0,4.0,6.0,3.0,1.0,,,,,14.929673166505744,8.801369322633109,49.15763135946622,17.57828576526384,292,16,15,1.3105956643987544,0.935908383750078,8.622706883572002,7.344550388146691,28,42.23973363305034,3.0,0.6726382307848705,0.9352794304000897,ZINCf5000002rKNc_m01_t01,SER20;GLU17;LEU22,3.0,66.63149154981652
358,native_first,ZINCf50000009xvR,COC[C@@H](O)CCNC(=O)CCCON,740,108,108,1,1,1,17.857142857142858,20.731008121704747,0.6531680450966125,13.540832047735886,5,220.26899999999995,-0.829499999999999,3.0,5.0,9.0,1.0,,,,28.521704269524655,11.0,6.0,5.0,6.0,3.0,1.0,,,,,18.725265399809953,11.556236735831844,49.32376043200785,21.174375117238633,690,16,10,1.9509785717651058,1.3736517742625345,8.622706883572002,8.58222604692423,28,42.23973363305034,3.0,0.6745320247033223,0.47378411437221296,ZINCf50000009xvR_m01_t02,SER20;GLU17;LEU22,1.0,15.057162079913322
359,native_first,ZINCf5000000ajAO,NCCSCC(=O)N[C@@H](CCF)C(=O)O,886,287,287,1,1,1,14.285714285714286,17.040662921434695,0.7692270609408532,13.108139055538985,4,238.28399999999996,-0.3926999999999999,3.0,4.0,8.0,1.0,,,,25.524123561538133,10.0,6.0,4.0,6.0,3.0,1.0,,,,,12.640422875440338,7.462966237393444,41.27528021442496,15.861348046964785,1248,16,0,1.3382420935124018,1.0785218986803733,8.317947102500712,8.397197787561774,28,42.23973363305034,3.0,0.6762449158219982,0.9067736105673886,ZINCf5000000ajAO_m01_t01,SER20;GLU17;LEU22,1.0,-22.30077938199495
360,native_first,ZINCf50000009Ebz,CO[C@H](CCO)CNC(=O)CSCCN,1061,690,690,0,1,1,10.714285714285714,15.315268646616897,0.8232357730244558,12.608077023374872,3,236.33699999999996,-0.8080999999999983,3.0,5.0,9.0,1.0,,,,27.324531452634137,11.0,7.0,4.0,7.0,3.0,1.0,,,,,14.911874988425666,9.09822167212232,41.305745380916214,18.015039104477783,1109,16,9,0.829102282733004,0.8929921365500872,7.259444124724703,5.821212466776316,28,42.23973363305034,3.0,0.6783122721383537,0.9103887888802026,ZINCf50000009Ebz_m01_t01,SER20;GLU17;LEU22,1.0,48.24034664478657
361,native_first,ZINCf500000184hi,NCCSCC(=O)NC[C@@H]1C[C@H]1[N+](=O)[O-],1477,615,615,0,1,1,7.142857142857143,11.789866216020478,0.8860802298263628,10.446767366313496,2,233.29299999999998,-0.5403,2.0,5.0,7.0,1.0,,,,33.05346919654556,10.0,7.0,3.0,7.0,3.0,1.0,,,,,14.381323869885218,8.222309314290953,57.310131142815976,19.049360201550304,940,16,13,0.3925771180560257,0.7851542361120512,3.375021925854705,4.160176161966756,28,42.23973363305034,3.0,0.6788092010846754,0.8054737099764337,ZINCf500000184hi_m01_t01,SER20;GLU17;LEU22,1.0,-7.3279738505372585
362,native_first,ZINCf5000002eg1Y,N=C(O)OCCNC(=O)COCCCF,294,570,570,1,1,1,17.857142857142858,20.731008121704747,0.7194794654413565,14.915534641464552,5,222.21599999999995,-0.01183000000000023,3.0,4.0,8.0,1.0,,,,22.695786574656285,9.0,4.0,5.0,4.0,3.0,1.0,,,,,10.441173794192679,5.947719571396213,42.70278033088236,13.50482698930858,1348,16,12,1.8690447017886604,0.9821022733676088,8.622706883572002,8.849652726096584,28,42.23973363305034,3.0,0.6795122712187859,0.9722669576076165,ZINCf5000002eg1Y_m01_t02,SER20;GLU17;LEU22,3.0,-45.297368742925656
363,native_first,ZINCf50000009W10,C[C@H](CO)CSCC[C@H]1NC(=O)NC1=O,366,1009,1009,1,0,1,10.714285714285714,15.48021141629053,0.9499903516189101,14.706051486496907,3,232.30500000000004,-0.05390000000000017,3.0,4.0,6.0,1.0,,,,19.698205866669763,8.0,4.0,4.0,4.0,3.0,1.0,,,,,13.51725466849842,7.589415100439287,61.7414343786295,15.062492468041256,433,16,4,0.49501028608926356,0.4530030863301901,8.622706883572002,8.283352878261732,28,42.23973363305034,3.0,0.6851590635420461,0.9123869409380081,ZINCf50000009W10_m01_t08,SER20;GLU17;LEU22,0.0,-13.96514675121606
364,native_first,ZINCf50000017ZqT,C[S@@](=N)(=O)CCNC(=O)CCCC(N)=O,284,183,183,1,1,1,14.285714285714286,19.005613846886952,0.7879158953186783,14.974825250251003,4,235.30899999999994,-0.5652299999999995,3.0,4.0,7.0,1.0,,,,26.705319978517654,10.0,5.0,5.0,5.0,3.0,1.0,,,,,14.802426890381003,8.917142354096962,43.53612725245054,17.77815016241517,1473,16,14,0.8198168150227407,1.1627244780653807,8.622706883572002,7.4006341549425665,28,42.23973363305034,3.0,0.6853857929429912,0.9636576602724795,ZINCf50000017ZqT_m01_t05,SER20;GLU17;LEU22,3.0,-79.90805822191767
365,native_first,ZINCf50000017BnG,CC[S@](=N)(=O)NC(=O)CCOCCCO,314,545,545,1,1,1,14.285714285714286,19.005613846886952,0.7814124326701309,14.85122295048506,4,238.3089999999999,-0.1266300000000004,3.0,5.0,8.0,1.0,,,,22.695786574656285,9.0,4.0,5.0,4.0,3.0,1.0,,,,,14.949887007516224,8.656776364859974,54.75301659125188,16.88636189930124,459,16,5,1.1257161593395957,1.1091732832462735,8.622706883572002,7.941782621066515,28,42.23973363305034,3.0,0.6935373290594397,0.8080913887333477,ZINCf50000017BnG_m01_t03,SER20;GLU17;LEU22,2.0,-115.62723838498383
366,native_first,ZINCf50000023t3V,CP(C)(=O)CNCCS(=O)(=O)CCCO,9,459,459,1,1,1,17.857142857142858,20.731008121704747,0.8190666005416086,16.980076348045188,5,257.2919999999999,-0.04660000000000036,2.0,5.0,8.0,1.0,,,,23.314998048772765,10.0,6.0,4.0,6.0,3.0,1.0,,,,,12.493407714562387,7.29577012729253,43.44293272864701,15.198805298114982,804,16,14,1.102291420261675,0.9318900995826063,8.622706883572002,8.284583873758661,28,42.23973363305034,3.0,0.6988790032091681,0.9506740510554127,ZINCf50000023t3V_m01_t01,SER20;GLU17;LEU22,1.0,50.77236442667365
367,native_first,ZINCf5000002s9bv,COCC[S@@](=N)(=O)CCNC(=O)CCN,626,109,109,1,1,1,14.285714285714286,19.005613846886952,0.7318014703779455,13.908336158587312,4,237.32499999999996,-0.8554299999999977,3.0,5.0,8.0,1.0,,,,28.521704269524655,11.0,6.0,5.0,6.0,3.0,1.0,,,,,16.650112331423387,10.272117523147845,43.9205241244183,19.618010315948702,242,16,10,1.055560683371987,1.341901294785124,8.622706883572002,7.3048454449447,28,42.23973363305034,3.0,0.7008795088083322,0.9342047880537113,ZINCf5000002s9bv_m02_t03,SER20;GLU17;LEU22,3.0,-108.63224030634011
368,native_first,ZINCf50000017BnH,CC[S@](=N)(=O)NC(=O)CCOCCOC,791,302,302,1,1,1,14.285714285714286,19.005613846886952,0.7062105772243462,13.42196552531306,4,238.3089999999999,0.13737000000000021,2.0,5.0,8.0,1.0,,,,25.512219285599485,10.0,6.0,4.0,6.0,3.0,1.0,,,,,13.50423156752602,7.927207939226648,45.54998141954663,16.506228497044386,908,16,2,1.3016062145932117,1.3025329384210995,8.622706883572002,7.141797844172665,28,42.23973363305034,3.0,0.7042381532425703,0.9874559149859469,ZINCf50000017BnH_m01_t03,SER20;GLU17;LEU22,1.0,-100.01511860730224
369,native_first,ZINCf5000002efXb,NC(=O)CSCC(=O)N[C@H](CS)CCS,965,829,829,0,1,1,14.285714285714286,17.040662921434695,0.7558394260786268,12.880004882536534,4,268.429,-0.0605999999999996,4.0,5.0,8.0,1.0,,,,23.314998048772765,10.0,6.0,4.0,6.0,3.0,1.0,,,,,9.181928956974437,5.2480423533066975,36.66776336404086,12.71519622992402,620,16,6,1.4780074411593886,1.0492051464952767,8.317947102500712,8.621643403134984,28,42.23973363305034,3.0,0.7050043335794753,0.9937805299414922,ZINCf5000002efXb_m01_t01,SER20;GLU17;LEU22,0.0,-14.133354801541746
370,native_first,ZINCf50000017r2B,CC(=O)NCCSCCCCS(N)(=O)=O,493,931,931,1,0,1,14.285714285714286,17.205605691108325,0.8320168700616558,14.315354194630961,4,254.37699999999995,-0.07559999999999956,2.0,4.0,8.0,1.0,,,,21.514590157676757,9.0,5.0,4.0,5.0,3.0,1.0,,,,,15.711227226938949,9.012602345703673,61.1929223744292,17.1620679596234,1158,16,7,1.0325877263879133,0.909997249056957,8.622706883572002,8.8027068417967,28,42.23973363305034,3.0,0.7087768012047642,0.47070246989423065,ZINCf50000017r2B_m01_t02,SER20;GLU17;LEU22,3.0,-94.06989709101566
371,native_first,ZINCf5000000SL7m,CN=[S@](C)(=O)CCNC(=O)CCCON,725,362,362,1,1,1,10.714285714285714,15.48021141629053,0.8771022060099212,13.57772758272839,3,237.32499999999996,-0.4992999999999978,2.0,5.0,7.0,1.0,,,,24.512170865663283,10.0,5.0,5.0,5.0,3.0,1.0,,,,,14.538791820668878,8.597543587518162,47.057228098725254,17.032136581917477,1410,16,2,0.6180907855600236,0.880324177384059,8.622706883572002,8.938282006047835,28,42.23973363305034,3.0,0.7109862633685582,1.0943024394669467,ZINCf5000000SL7m_m01_t03,SER20;GLU17;LEU22,2.0,-54.15110527440931
372,native_first,ZINCf50000008MuT,CC(C)(O)CCC(=O)NCCCC(N)=O,2,407,407,1,1,1,17.857142857142858,20.731008121704747,0.8381508504695544,17.375712088298073,5,216.28099999999995,-0.08079999999999965,3.0,3.0,7.0,1.0,,,,23.707739270531132,9.0,5.0,4.0,5.0,3.0,1.0,,,,,13.261981496271657,7.619719345251713,51.10228290062667,15.873420939836528,151,16,2,1.1297691850144305,0.795561305559399,8.622706883572002,8.901706856359494,28,42.23973363305034,3.0,0.7159172895670838,0.9164841723468772,ZINCf50000008MuT_m01_t04,SER20;GLU17;LEU22,1.0,-68.94256352714865
373,native_first,ZINCf50000017KhB,COCCC[C@@H](N)C(=O)NOC[C@@H](C)N,548,195,195,1,1,1,14.285714285714286,17.205605691108325,0.8196512884784496,14.102596873769084,4,219.285,-0.8646999999999978,3.0,5.0,8.0,1.0,,,,26.705319978517654,10.0,5.0,5.0,5.0,3.0,1.0,,,,,11.447282755101575,6.744314493920861,37.82017658886266,15.261792060955596,1307,16,9,1.2076087377406,0.8603366921555823,8.622706883572002,8.474101539952256,28,42.23973363305034,3.0,0.7167257180070091,0.6717459864362362,ZINCf50000017KhB_m01_t01,SER20;GLU17;LEU22,0.0,40.391273902578256
374,native_first,ZINCf50000009ubp,COCCCCS(=O)(=O)NCCC(N)=O,206,556,556,1,1,1,17.857142857142858,20.731008121704747,0.7347392848758965,15.231886082097747,5,238.30899999999997,-0.7921999999999987,2.0,4.0,9.0,1.0,,,,22.695786574656285,9.0,4.0,5.0,4.0,3.0,1.0,,,,,11.979326184636118,6.895916846167125,45.576880035810206,14.65844128214116,1498,16,15,1.2739751677108733,1.3360019807466041,8.622706883572002,8.661451528010144,28,42.23973363305034,3.0,0.7167959512884976,0.9574669803882271,ZINCf50000009ubp_m01_t01,SER20;GLU17;LEU22,3.0,-144.38303585073282
375,native_first,ZINCf5000002s99t,COCCSCCNC(=O)[C@H](N)CC#N,702,221,221,1,1,1,10.714285714285714,15.48021141629053,0.8826927580317858,13.664270509960625,3,231.321,-0.2768199999999992,2.0,5.0,8.0,1.0,,,,26.31257875675929,11.0,6.0,5.0,6.0,3.0,1.0,,,,,17.424954039908744,10.585013059169444,49.249617151607964,19.646860219121383,106,16,0,0.7158959797424751,0.5532754013547172,8.622706883572002,7.155576785860193,28,42.23973363305034,3.0,0.7181325382192065,1.0910376727850126,ZINCf5000002s99t_m01_t05,SER20;GLU17;LEU22,1.0,18.90776794101545
376,native_first,ZINCf50000009Zzc,C[C@H](O)CCONC(=N)CCS(C)(=O)=O,829,1016,1016,1,0,1,14.285714285714286,17.205605691108325,0.7735815051482676,13.309938347515176,4,238.30899999999997,-0.3095300000000003,3.0,5.0,7.0,1.0,,,,19.698205866669763,8.0,4.0,4.0,4.0,3.0,1.0,,,,,10.186616423527855,5.64604870596047,52.02634245187438,12.564513784313332,192,16,8,1.1428387150821941,1.0940047329522755,8.622706883572002,9.626606568619108,28,42.23973363305034,3.0,0.7314679766706924,0.8157171640588315,ZINCf50000009Zzc_m01_t01,SER20;GLU17;LEU22,3.0,-34.58802832850929
377,native_first,ZINCf500000091IM,CCOCCONC(=O)NCCC(=O)O,441,211,211,1,1,1,17.857142857142858,20.731008121704747,0.6965140332324808,14.43943807982389,5,220.225,-0.2715999999999997,3.0,4.0,8.0,1.0,,,,26.580745014588192,10.0,5.0,5.0,5.0,3.0,1.0,,,,,11.198621363427105,6.637736379739069,35.79143725366309,15.044152276217376,1298,16,0,2.0151385030604843,0.9782944544131373,8.622706883572002,9.319115326057679,28,42.23973363305034,3.0,0.737252842475376,1.061992237777288,ZINCf500000091IM_m02_t04,SER20;GLU17;LEU22,1.0,-38.16429510773956
378,native_first,ZINCf5000000Vnkh,O=C(O)CCCCC(=O)NC(CO)CO,146,150,150,1,1,1,14.285714285714286,19.005613846886952,0.8183143746917356,15.552567010747888,4,219.23700000000002,-0.8992000000000004,4.0,4.0,8.0,1.0,,,,27.52784201948113,10.0,6.0,4.0,6.0,3.0,1.0,,,,,15.288316047468667,9.181844250823556,45.644857296715145,18.348197540471784,770,16,9,1.2400805103106862,0.8415527987493734,8.622706883572002,8.419848046717862,28,42.23973363305034,3.0,0.7375089477281702,1.0601301040640079,ZINCf5000000Vnkh_m01_t05,SER20;GLU17;LEU22,3.0,-29.120027423524196
379,native_first,ZINCf5000000alkc,NOCCCC(=O)N[C@H](CCF)C(=O)O,403,188,188,1,1,1,17.857142857142858,20.731008121704747,0.7039240140395224,14.593054452116347,5,222.21599999999998,-0.41410000000000063,3.0,4.0,8.0,1.0,,,,26.705319978517654,10.0,5.0,5.0,5.0,3.0,1.0,,,,,14.279474670153384,8.619047002106353,41.59895189306953,17.385935997244452,418,16,14,1.5626251545647765,1.2485726860475148,8.622706883572002,7.713993946861786,28,42.23973363305034,3.0,0.7483016741356836,1.0728731848168394,ZINCf5000000alkc_m01_t05,SER20;GLU17;LEU22,0.0,-17.45919405065696
380,native_first,ZINCf50000009q0m,COC(=O)CSCC(=O)NOC[C@H](C)O,801,380,380,1,1,1,10.714285714285714,15.48021141629053,0.8641824721460255,13.377727371073076,3,237.27700000000002,-0.6788000000000003,2.0,6.0,7.0,1.0,,,,24.512170865663283,10.0,5.0,5.0,5.0,3.0,1.0,,,,,12.0212086463264,6.999490431708402,42.54399681138091,15.14394920116062,1226,16,3,0.7009796098749389,0.8861820069377324,8.622706883572002,8.017097429908377,28,42.23973363305034,3.0,0.7525285511320384,1.0758420749642366,ZINCf50000009q0m_m01_t04,SER20;GLU17;LEU22,0.0,10.431837630033725
381,native_first,ZINCf50000009Uk0,C[C@H](CCCCN)NC(=O)C[C@@H](O)CN,1265,722,722,0,1,1,14.285714285714286,15.271461914042177,0.7628014533366902,11.649093342607287,4,217.313,-0.6701999999999975,4.0,4.0,8.0,1.0,,,,26.330223142465474,10.0,7.0,3.0,7.0,3.0,1.0,,,,,14.238238538271114,8.38750989466305,47.076730235473185,17.261234689319704,1069,16,6,1.0453555909498937,1.2134973583899136,10.950081780516529,9.895012711499371,28,42.23973363305034,3.0,0.752613220327098,1.0984314151988346,ZINCf50000009Uk0_m02_t03,SER20;GLU17;LEU22,3.0,-13.156796481411337
382,native_first,ZINCf5000002dQJ8,C[C@@H](ON)C(=O)NCCCOCCCN,1047,755,755,0,1,1,14.285714285714286,17.205605691108325,0.7347322956145383,12.641514166866585,4,219.2849999999999,-0.863099999999998,3.0,5.0,9.0,1.0,,,,24.87775726727274,9.0,4.0,5.0,4.0,3.0,1.0,,,,,15.459896666940992,9.012997812007608,54.30032791559736,17.81436181702393,143,16,1,1.195712361665864,1.2728264659435187,8.622706883572002,7.492522910370663,28,42.23973363305034,3.0,0.7538954068710281,1.0982849770839398,ZINCf5000002dQJ8_m01_t01,SER20;GLU17;LEU22,2.0,-23.335444785190777
383,native_first,ZINCf50000009ubo,COCCCCS(=O)(=O)NCCC(=O)O,6,557,557,1,1,1,14.285714285714286,19.005613846886952,0.9069498994644248,17.237139567693802,4,239.29299999999998,-0.19289999999999968,2.0,4.0,9.0,1.0,,,,22.695786574656285,9.0,4.0,5.0,4.0,3.0,1.0,,,,,11.976698117121847,6.895916846167125,45.500906618313685,14.656470231505459,554,16,2,0.9998601415757261,0.40330667809286935,8.622706883572002,8.666247583166244,28,42.23973363305034,3.0,0.7622210912773382,1.1026161684844429,ZINCf50000009ubo_m01_t02,SER20;GLU17;LEU22,0.0,-87.40652319708704
384,native_first,ZINCf5000000afnL,N=c1nc(SCCCCS(N)(=O)=O)[nH][nH]1,380,161,161,1,1,1,14.285714285714286,17.205605691108325,0.8526408564734744,14.670202372611488,4,251.33700000000002,-0.6219300000000001,4.0,5.0,6.0,1.0,,,,26.900792975049644,9.0,5.0,4.0,5.0,3.0,1.0,,,,,18.008023575865337,10.539639710706165,61.79819915254239,20.23121592566141,272,16,14,1.0697519988981576,0.7509485308893135,8.622706883572002,8.841686347989775,28,42.23973363305034,3.0,0.7644930319595263,1.0688329690761067,ZINCf5000000afnL_m01_t01,SER20;GLU17;LEU22,1.0,-148.3756654728675
385,native_first,ZINCf50000017vaC,CCC(=O)CCC(=O)NCCOC(=N)O,232,366,366,1,1,1,17.857142857142858,20.731008121704747,0.7309596834207297,15.153531133633878,5,216.237,0.3712700000000002,3.0,4.0,7.0,1.0,,,,24.512170865663283,10.0,5.0,5.0,5.0,3.0,1.0,,,,,14.350724336568495,8.485814821994124,46.463940889758156,16.891085968842194,648,16,11,1.7875855206300615,0.9753352002627018,8.622706883572002,8.704163088170462,28,42.23973363305034,3.0,0.7660418728992734,0.6646937776478409,ZINCf50000017vaC_m01_t02,SER20;GLU17;LEU22,3.0,-106.47589659355685
386,native_first,ZINCf50000008LHu,CC(C)(CN)C(=O)NCCCCC(N)=O,455,898,898,1,0,1,14.285714285714286,17.205605691108325,0.8379754841913483,14.417875759811915,4,215.29699999999994,-0.2568999999999989,3.0,3.0,7.0,1.0,,,,21.88017655928622,8.0,4.0,4.0,4.0,3.0,1.0,,,,,12.804938061778714,7.264900666580744,53.93274041133963,15.073747686155592,1047,16,5,1.2369972580838184,0.6278866085201257,8.622706883572002,7.765299333579558,28,42.23973363305034,3.0,0.767520537492922,1.1386051016404788,ZINCf50000008LHu_m02_t04,SER20;GLU17;LEU22,0.0,-74.75217879177075
387,native_first,ZINCf5000001Qom4,C[C@@H](ON)C(=O)N=S(C)(=O)CCCCN,1271,874,874,0,1,1,10.714285714285714,15.315268646616897,0.7588757670747296,11.622386242156953,3,237.32499999999993,-0.3714999999999988,2.0,5.0,6.0,1.0,,,,22.695786574656285,9.0,4.0,5.0,4.0,3.0,1.0,,,,,13.847899979473555,8.04790023645546,49.57804753572469,16.05987162826924,842,16,0,1.0759244022971548,1.1184196229845096,7.259444124724703,5.759952069258527,28,42.23973363305034,3.0,0.7676247021194615,1.0896832021210037,ZINCf5000001Qom4_m01_t02,SER20;GLU17;LEU22,1.0,11.899375360620962
388,native_first,ZINCf5000000SNrm,C[S@](=O)(CCO)=NC(=O)CSCC(=O)O,92,361,361,1,1,1,14.285714285714286,17.040662921434695,0.9292370905214656,15.834816033670995,4,255.31699999999998,-0.5791000000000002,2.0,5.0,6.0,1.0,,,,24.512170865663283,10.0,5.0,5.0,5.0,3.0,1.0,,,,,15.710833146998715,9.368157340811232,48.647316201392734,17.91116757666486,1140,16,11,0.6904088750157499,0.5000711780373015,8.317947102500712,8.13017425647109,28,42.23973363305034,3.0,0.7686247486684464,0.9818569087867434,ZINCf5000000SNrm_m01_t04,SER20;GLU17;LEU22,1.0,-48.498445508585085
389,native_first,ZINCf50000008LDR,CC(C)(CCCO)NC(=O)CCC(N)=O,782,408,408,1,1,1,14.285714285714286,17.205605691108325,0.7816591935103765,13.448919868369277,4,216.28099999999995,-0.08079999999999965,3.0,3.0,7.0,1.0,,,,23.707739270531132,9.0,5.0,4.0,5.0,3.0,1.0,,,,,12.751062075666283,7.363016708650055,47.53804834377798,15.490231374382496,101,16,1,1.0533552833546629,1.1487296551639103,8.622706883572002,7.893730803148851,28,42.23973363305034,3.0,0.7706703033008454,1.2422101147655609,ZINCf50000008LDR_m01_t01,SER20;GLU17;LEU22,2.0,-46.59728187606158
390,native_first,ZINCf50000017AV1,CC[C@H](O)CONC(=O)CSCC(N)=O,136,118,118,1,1,1,17.857142857142858,20.731008121704747,0.7516737886508531,15.582955417393412,5,236.29299999999998,-0.976399999999999,3.0,5.0,8.0,1.0,,,,28.521704269524655,11.0,6.0,5.0,6.0,3.0,1.0,,,,,13.034154721258794,7.871251717611076,37.881057268722486,16.90604210832526,342,16,9,1.6300002966009008,0.9652477239488195,8.622706883572002,8.532150015779496,28,42.23973363305034,3.0,0.779280246552271,1.180923692963308,ZINCf50000017AV1_m01_t02,SER20;GLU17;LEU22,0.0,31.017882261541704
391,native_first,ZINCf50000017I9l,COC(=O)CS(=O)(=O)NCCOCCS,800,453,453,1,1,1,17.857142857142858,20.731008121704747,0.6454127007595367,13.380055941297352,5,257.3329999999999,-0.974799999999999,2.0,6.0,8.0,1.0,,,,23.42766873676358,10.0,6.0,4.0,6.0,3.0,1.0,,,,,11.843825428125793,6.82751249789825,44.6465798561607,14.739786255285239,1002,16,13,1.987373899099213,1.361559188658946,8.622706883572002,7.976450994565396,28,42.23973363305034,3.0,0.7832402536835797,0.8026349013854794,ZINCf50000017I9l_m01_t01,SER20;GLU17;LEU22,0.0,-73.33818059834415
392,native_first,ZINCf5000001FhN0,CC(O)CN(CCOCC(=O)O)C1CC1,229,571,571,1,1,1,14.285714285714286,17.205605691108325,0.8813089341806913,15.163454013563914,4,217.26499999999996,-0.06720000000000015,2.0,4.0,8.0,1.0,,,,22.695786574656285,9.0,4.0,5.0,4.0,3.0,1.0,,,,,10.36239814663962,5.9362799763280165,40.73344748858446,13.445745253643787,326,16,1,0.7741293459926957,0.6701504366496062,8.622706883572002,7.6500405976756785,28,42.23973363305034,3.0,0.7878071176068856,1.1114738060722997,ZINCf5000001FhN0_m01_t01,SER20;GLU17;LEU22,0.0,20.938649861914215
393,native_first,ZINCf5000002e8EV,COC(=O)CCSCCS(=O)(=O)CCO,528,1069,1069,1,0,1,14.285714285714286,17.205605691108325,0.824358989006453,14.183595712765733,4,256.34499999999997,-0.3102000000000002,1.0,6.0,8.0,1.0,,,,18.629680137681053,8.0,5.0,3.0,5.0,3.0,1.0,,,,,10.87235211602956,6.004279803830082,57.45486164390569,12.811684121442434,445,16,6,1.180285361762519,0.8434615123694028,8.622706883572002,8.315391919504666,28,42.23973363305034,3.0,0.7891812268350188,0.8038050899486572,ZINCf5000002e8EV_m01_t01,SER20;GLU17;LEU22,0.0,-17.976786896112447
394,native_first,ZINCf50000009Hy6,CS[C@H](CO)[C@@H](C)NC(=O)CCCON,795,280,280,1,1,1,14.285714285714286,17.205605691108325,0.7790276766804272,13.403643027423653,4,236.33699999999993,-0.11449999999999927,3.0,5.0,8.0,1.0,,,,25.524123561538133,10.0,6.0,4.0,6.0,3.0,1.0,,,,,14.34162640902718,8.50401685224336,45.739986114884246,17.13725069715492,915,16,13,1.1002399308001805,1.1441030237522096,8.622706883572002,7.971013282167069,28,42.23973363305034,3.0,0.7898511510124834,1.1617471247345754,ZINCf50000009Hy6_m01_t03,SER20;GLU17;LEU22,1.0,8.96358776098818
395,native_first,ZINCf50000009jED,CNC(=O)CNC(=O)CCCCCCN,1093,739,739,0,1,1,14.285714285714286,17.040662921434695,0.7315112145698279,12.465436030733725,4,215.2969999999999,-0.2421999999999992,3.0,3.0,8.0,1.0,,,,25.524123561538133,10.0,6.0,4.0,6.0,3.0,1.0,,,,,17.800170406189125,10.541983613956043,57.14394493177388,19.731158695026373,557,16,2,1.1137289697311041,1.3133282973014768,8.317947102500712,7.0291215886263085,28,42.23973363305034,3.0,0.7927230883121585,1.1342165030018034,ZINCf50000009jED_m01_t08,SER20;GLU17;LEU22,3.0,-49.3689864725642
396,native_first,ZINCf5000000ajo9,NCCOCCCNC(=O)c1csnn1,842,238,238,1,1,1,10.714285714285714,15.315268646616897,0.8666313080324766,13.272691300086379,3,230.293,-0.36669999999999997,2.0,6.0,7.0,1.0,,,,25.88884027917479,9.0,4.0,5.0,4.0,3.0,1.0,,,,,15.497956915257005,9.027722253419133,54.70652173913043,18.09567775623645,317,16,9,0.7161684538558495,0.7165776865106781,7.259444124724703,5.940455428628408,28,42.23973363305034,3.0,0.7961318559594757,0.9817506153495944,ZINCf5000000ajo9_m02_t01,SER20;GLU17;LEU22,1.0,23.450297597403594
397,native_first,ZINCf5000002sc2F,CO[C@H](CN)CC(=O)NCCSCCO,554,155,155,1,1,1,10.714285714285714,15.48021141629053,0.9100449667713005,14.087688483950823,3,236.33699999999996,-0.8080999999999987,3.0,5.0,9.0,1.0,,,,27.324531452634137,11.0,7.0,4.0,7.0,3.0,1.0,,,,,16.706158285165724,10.208664075478273,45.9552012148823,19.360751577032826,541,16,8,0.6759237998074832,0.5243533259657629,8.622706883572002,7.633669544378684,28,42.23973363305034,3.0,0.7978217538633331,1.2545311898469453,ZINCf5000002sc2F_m02_t03,SER20;GLU17;LEU22,0.0,22.624301256360972
398,native_first,ZINCf50000018aii,O=C(O)CCNS(=O)(=O)C[C@@H]1C[C@H]1CF,18,1042,1042,1,0,1,17.857142857142858,20.731008121704747,0.804274218407273,16.673415353878912,5,239.26799999999997,-0.013900000000000023,2.0,3.0,7.0,1.0,,,,19.698205866669763,8.0,4.0,4.0,4.0,3.0,1.0,,,,,7.893004911526981,4.349939493005532,42.551985333140344,10.844305150312678,872,16,15,1.1067078388146487,1.0145615767538265,8.622706883572002,8.229601182625526,28,42.23973363305034,3.0,0.8101561818225181,1.2564561284558728,ZINCf50000018aii_m02_t01,SER20;GLU17;LEU22,1.0,-23.59085331439117
399,native_first,ZINCf5000000atl4,O=C(O)CCNCCCNS(=O)(=O)CCl,480,899,899,1,0,1,14.285714285714286,17.205605691108325,0.8344957615760955,14.358005024579445,4,258.727,-0.4434999999999998,3.0,4.0,9.0,1.0,,,,21.88017655928622,8.0,4.0,4.0,4.0,3.0,1.0,,,,,12.770730543156475,7.250682453971219,53.50437605872388,15.048092047188913,649,16,10,0.9982324474407462,0.9013751737230851,8.622706883572002,9.063160131098256,28,42.23973363305034,3.0,0.8142343752545963,1.2137039521441289,ZINCf5000000atl4_m02_t01,SER20;GLU17;LEU22,3.0,-103.6299253919449
400,native_first,ZINCf50000009E9s,CO[C@H](C)[C@H](N)CC(=O)NOCCCN,426,189,189,1,1,1,14.285714285714286,17.205605691108325,0.8430447620897876,14.505095756471114,4,219.28499999999997,-0.8646999999999978,3.0,5.0,8.0,1.0,,,,26.705319978517654,10.0,5.0,5.0,5.0,3.0,1.0,,,,,14.188286018359609,8.422334377692199,44.985418489355496,17.31754450839912,1350,16,5,1.1239860549317255,0.7724242044896822,8.622706883572002,8.42160214873559,28,42.23973363305034,3.0,0.8211376036709913,1.1081544118755733,ZINCf50000009E9s_m01_t01,SER20;GLU17;LEU22,3.0,-12.553954673796232
401,native_first,ZINCf50000009UpX,C[C@H](CCN)C(=O)NCCCOC(=N)O,391,398,398,1,1,1,14.285714285714286,17.205605691108325,0.8502024971547057,14.628248923639514,4,217.26899999999998,-0.013029999999998543,4.0,4.0,7.0,1.0,,,,23.707739270531132,9.0,5.0,4.0,5.0,3.0,1.0,,,,,14.750360453580393,8.536017488422244,54.232121484141224,16.98970515781808,123,16,10,1.2038860283505162,0.5647377788554984,8.622706883572002,7.76373388797754,28,42.23973363305034,3.0,0.8212669394384837,1.2781775625964737,ZINCf50000009UpX_m02_t05,SER20;GLU17;LEU22,3.0,-93.3671144219374
402,native_first,ZINCf50000009529,CC[C@@H](N)CCC(=O)N[C@H](C)CC(N)=O,1027,743,743,0,1,1,14.285714285714286,17.040662921434695,0.7458591506677252,12.70993437339628,4,215.29699999999997,-0.1159999999999991,3.0,3.0,7.0,1.0,,,,25.524123561538133,10.0,6.0,4.0,6.0,3.0,1.0,,,,,14.376616841022393,8.460052081019917,47.81896344396345,17.16349352115133,1397,16,14,1.2965418375184279,1.1970942142296062,8.317947102500712,9.08390723538005,28,42.23973363305034,3.0,0.8224791925353726,1.165343803855318,ZINCf50000009529_m02_t06,SER20;GLU17;LEU22,0.0,-50.12815604330998
403,native_first,ZINCf50000017X2G,C[C@H](O)CONC(=O)CCSCC(N)=O,90,187,187,1,1,1,17.857142857142858,20.731008121704747,0.7650450175837725,15.86015447299894,5,236.29299999999995,-0.9763999999999993,3.0,5.0,8.0,1.0,,,,26.705319978517654,10.0,5.0,5.0,5.0,3.0,1.0,,,,,14.434244110397731,8.636991271335946,43.90138154027044,17.502013077427712,850,16,10,1.5561013107946124,0.9159580009874114,8.622706883572002,8.161593107689303,28,42.23973363305034,3.0,0.8240705842272719,1.0794028867647136,ZINCf50000017X2G_m01_t06,SER20;GLU17;LEU22,0.0,30.1249797282158
404,native_first,ZINCf5000000ZtEi,CP(C)(=O)CC(=O)OCc1nc(O)n[nH]1,60,137,137,1,1,1,17.857142857142858,20.731008121704747,0.7725053584109741,16.014814859278342,5,233.164,0.1761999999999998,2.0,6.0,4.0,1.0,,,,27.71640299041971,10.0,5.0,5.0,5.0,3.0,1.0,,,,,16.55426924393754,9.865408645959798,51.41261157073808,19.344802680558082,1291,16,11,1.2815714518748624,1.0467542427564158,8.622706883572002,7.883457026172103,28,42.23973363305034,3.0,0.8300249911707619,1.04122779979324,ZINCf5000000ZtEi_m01_t03,SER20;GLU17;LEU22,0.0,-6.740099757195974
405,native_first,ZINCf50000009upV,COCCCS(=O)(=O)NC(=O)C[C@H](C)N,1286,793,793,0,1,1,14.285714285714286,19.005613846886952,0.6072828246339861,11.541782860840307,4,238.309,-0.7937999999999978,2.0,5.0,7.0,1.0,,,,24.512170865663283,10.0,5.0,5.0,5.0,3.0,1.0,,,,,12.250179955763544,7.200617993206976,41.00723781835801,15.31567768323848,1354,16,1,1.4804955293179154,1.7237427311896578,8.622706883572002,6.650916906743633,28,42.23973363305034,3.0,0.8310872295549833,1.2080101735386,ZINCf50000009upV_m01_t01,SER20;GLU17;LEU22,1.0,-55.00023678509494
406,native_first,ZINCf5000002oFbj,COc1nnc(NC(=O)[C@@H](N)CCO)s1,991,701,701,0,1,1,14.285714285714286,17.205605691108325,0.7445955591695271,12.811217590421201,4,232.265,-0.8051000000000006,3.0,7.0,5.0,1.0,,,,26.900792975049644,9.0,5.0,4.0,5.0,3.0,1.0,,,,,13.707224257550699,7.9160703274150865,51.06429192006951,17.005616436925436,658,16,6,1.4577539138117308,1.0231933615316213,8.622706883572002,9.751243962512389,28,42.23973363305034,3.0,0.8321047908655048,1.244588155066973,ZINCf5000002oFbj_m01_t06,SER20;GLU17;LEU22,0.0,5.539042288639822
407,native_first,ZINCf50000009MFI,C[C@@H](O)C(=O)OCCCSC[C@H](O)CO,119,969,969,1,0,1,17.857142857142858,20.731008121704747,0.7560195583018551,15.673047603323393,5,238.30499999999998,-0.6131,3.0,6.0,8.0,1.0,,,,20.69373610250848,8.0,5.0,3.0,5.0,3.0,1.0,,,,,14.410900804259136,8.063440611536352,67.71723122238588,15.981609628821472,310,16,13,1.120209072319159,1.2369607870799695,8.622706883572002,7.741511746447131,28,42.23973363305034,3.0,0.8326631278733582,1.2248208543172592,ZINCf50000009MFI_m01_t03,SER20;GLU17;LEU22,3.0,24.983432378953474
408,native_first,ZINCf5000000VnD5,OCCCCCC=Nn1c(O)nnc1O,551,394,394,1,1,1,14.285714285714286,17.205605691108325,0.8195639400727016,14.101093991542037,4,214.22500000000002,0.07589999999999997,3.0,7.0,6.0,1.0,,,,23.886789807026993,8.0,5.0,3.0,5.0,3.0,1.0,,,,,14.598636190200832,8.143119234957771,70.44221058096183,16.92067459440737,667,16,5,1.2708464499573162,0.8123606921741734,8.622706883572002,8.720173042275041,28,42.23973363305034,3.0,0.8376315802459974,1.2395106494987294,ZINCf5000000VnD5_m01_t01,SER20;GLU17;LEU22,0.0,56.681887007629925
409,native_first,ZINCf50000009u2X,COCCC1(NC(=O)COCCN)CC1,723,382,382,1,1,1,14.285714285714286,17.205605691108325,0.7901103314807494,13.594326815928666,4,216.28099999999992,-0.3529999999999984,2.0,4.0,8.0,1.0,,,,24.512170865663283,10.0,5.0,5.0,5.0,3.0,1.0,,,,,11.705781659333532,6.863770747845618,39.740527182866565,14.90737896091597,824,16,11,1.041775457357982,0.9309280113490687,8.622706883572002,7.066955072734442,28,42.23973363305034,3.0,0.8379124419358341,1.1032841675882867,ZINCf50000009u2X_m01_t03,SER20;GLU17;LEU22,0.0,25.90731658001917
410,native_first,ZINCf5000002sbOB,CO[C@H](C)CS(=O)(=O)NCCSCCO,117,458,458,1,1,1,14.285714285714286,19.005613846886952,0.8252739608965669,15.684838218691032,4,257.37699999999995,-0.33379999999999915,2.0,5.0,9.0,1.0,,,,23.314998048772765,10.0,6.0,4.0,6.0,3.0,1.0,,,,,13.635381961492579,8.0035788208219,46.01272168954064,16.055285983312626,1353,16,4,0.8927412863456543,0.9702189001112039,8.622706883572002,7.765322309582834,28,42.23973363305034,3.0,0.8446077729645906,1.1261070913090347,ZINCf5000002sbOB_m01_t01,SER20;GLU17;LEU22,2.0,-41.204124375308254
411,native_first,ZINCf50000009upU,COCCCS(=O)(=O)NC(=O)C[C@@H](C)N,1097,792,792,0,1,1,14.285714285714286,17.040662921434695,0.7295166661745524,12.431447603849346,4,238.309,-0.7937999999999978,2.0,5.0,7.0,1.0,,,,24.512170865663283,10.0,5.0,5.0,5.0,3.0,1.0,,,,,12.250179955763544,7.200617993206976,41.00723781835801,15.31567768323848,1340,16,3,1.4479042288666018,1.1953351129613259,8.317947102500712,7.58474147240633,28,42.23973363305034,3.0,0.8499655696666718,1.3015361019521228,ZINCf50000009upU_m01_t02,SER20;GLU17;LEU22,1.0,-123.23854591978878
412,native_first,ZINCf5000000ZxaH,N=c1[nH]nc(CSc2nncc(O)n2)o1,721,1214,1214,1,0,1,10.714285714285714,15.315268646616897,0.8880049543024908,13.600034434669407,3,226.221,-0.33493000000000006,3.0,8.0,3.0,1.0,,,,24.020740589662914,7.0,3.0,4.0,3.0,2.0,1.0,,,,,11.709235434188686,6.483357891185452,60.37085514834206,14.787111723057244,219,16,10,0.7622365496890992,0.570243151225576,7.259444124724703,6.062761012270165,28,42.23973363305034,3.0,0.855098730524692,1.3910307957972055,ZINCf5000000ZxaH_m01_t06,SER20;GLU17;LEU22,1.0,-46.596469053730345
413,native_first,ZINCf50000024bB0,COCCOCCCC(=O)N[C@H]1C[C@@H]1N,648,357,357,1,1,1,10.714285714285714,15.48021141629053,0.8945958056891236,13.848532204194395,3,216.281,-0.354599999999998,2.0,4.0,8.0,1.0,,,,24.512170865663283,10.0,5.0,5.0,5.0,3.0,1.0,,,,,17.343287185258585,10.301178961017412,54.818173490885755,19.13550810535976,77,16,1,0.5412014723802329,0.7772019612257166,8.622706883572002,7.977626456278585,28,42.23973363305034,3.0,0.8568332095492278,1.0142563781431495,ZINCf50000024bB0_m01_t02,SER20;GLU17;LEU22,0.0,16.442634689672484
414,native_first,ZINCf5000002r6Sb,CC[C@@H](CN)NC(=O)CCSCC(N)=O,744,284,284,1,1,1,14.285714285714286,17.205605691108325,0.7861619437418189,13.526392413377023,4,233.33699999999996,-0.5514999999999994,3.0,4.0,8.0,1.0,,,,25.524123561538133,10.0,6.0,4.0,6.0,3.0,1.0,,,,,13.545449738736536,7.987143186199622,44.5437313836989,16.540118194436936,1398,16,1,1.045433943802054,1.134119931293018,8.622706883572002,9.297816622431245,28,42.23973363305034,3.0,0.8592166888048571,0.9572106377525085,ZINCf5000002r6Sb_m01_t01,SER20;GLU17;LEU22,3.0,-35.37715942479559
415,native_first,ZINCf500000093eL,CCS(=O)(=O)CCSc1n[nH]c(=N)n1C,851,912,912,1,0,1,14.285714285714286,17.205605691108325,0.7691483865316817,13.233663856616289,4,250.34900000000002,-0.24553000000000025,2.0,6.0,5.0,1.0,,,,21.833912262437483,8.0,5.0,3.0,5.0,3.0,1.0,,,,,6.698026077863298,3.620173666101772,44.71153846153845,10.481997624006844,1136,16,0,1.2102732251754829,1.1675981050619653,8.622706883572002,8.457672820302282,28,42.23973363305034,3.0,0.8607043195398913,1.0886538220688564,ZINCf500000093eL_m01_t02,SER20;GLU17;LEU22,1.0,-37.33453708869425
416,native_first,ZINCf50000009ubg,COCCCCS(=O)(=O)NC(=O)[C@H](C)N,850,551,551,1,1,1,10.714285714285714,15.48021141629053,0.8551755430935234,13.238298205128816,3,238.309,-0.7937999999999976,2.0,5.0,7.0,1.0,,,,22.695786574656285,9.0,4.0,5.0,4.0,3.0,1.0,,,,,12.899916631883752,7.435809165663246,48.64900119260584,15.348884117576883,1326,16,3,0.6528443740969458,0.8599750142962602,8.622706883572002,7.43933881633101,28,42.23973363305034,3.0,0.8613029167353825,1.350223280907543,ZINCf50000009ubg_m02_t03,SER20;GLU17;LEU22,1.0,-48.25691911535938
417,native_first,ZINCf5000002rzS4,C[C@@H](N)CCC(=O)NCCSS(C)(=O)=O,818,1011,1011,1,0,1,10.714285714285714,15.48021141629053,0.8613127277879805,13.333303121699833,3,254.37699999999998,-0.07719999999999927,2.0,5.0,7.0,1.0,,,,19.698205866669763,8.0,4.0,4.0,4.0,3.0,1.0,,,,,10.624165436120512,5.908889381730912,52.59409969481179,12.892675543757823,421,16,5,0.8100799772296708,0.6204785418823495,8.622706883572002,7.0838201743516525,28,42.23973363305034,3.0,0.8643912163141606,1.360905173101412,ZINCf5000002rzS4_m01_t02,SER20;GLU17;LEU22,2.0,-43.67672827701181
418,native_first,ZINCf5000000WArE,COC(=O)CCS(=O)(=O)NCCCCN,1230,1265,1265,0,0,1,10.714285714285714,15.315268646616897,0.7725876981873655,11.832388150810877,3,238.30899999999997,-0.7921999999999982,2.0,5.0,8.0,1.0,,,,21.514590157676757,9.0,5.0,4.0,5.0,3.0,1.0,,,,,12.147531770494654,6.936821445112567,48.817980446073946,14.48929636729018,112,16,11,0.9139891174265158,1.0849219367355614,7.259444124724703,5.573097032511802,28,42.23973363305034,3.0,0.8654303995657615,0.9354000342749779,ZINCf5000000WArE_m01_t01,SER20;GLU17;LEU22,1.0,-113.15815152159314
419,native_first,ZINCf50000009mEQ,CNC[C@@H](C)C(=O)NCCCCC(N)=O,197,400,400,1,1,1,14.285714285714286,17.205605691108325,0.8890445660313172,15.296550244957363,4,215.29699999999994,-0.38629999999999937,3.0,3.0,8.0,1.0,,,,23.707739270531132,9.0,5.0,4.0,5.0,3.0,1.0,,,,,14.563514885380027,8.447525319909492,52.76593357271094,16.849570981667807,458,16,8,0.7894675235306378,0.679763784436933,8.622706883572002,8.036736826509552,28,42.23973363305034,3.0,0.8679815564370382,1.2589855187908165,ZINCf50000009mEQ_m01_t01,SER20;GLU17;LEU22,3.0,-118.23026069863265
420,native_first,ZINCf50000017KXM,COCO[C@@H](C)C(=O)NCC[S@@](C)(=N)=O,281,365,365,1,1,1,14.285714285714286,19.005613846886952,0.7883573694021233,14.983215736204366,4,238.30899999999997,-0.21182999999999902,2.0,5.0,7.0,1.0,,,,24.512170865663283,10.0,5.0,5.0,5.0,3.0,1.0,,,,,14.513977266560502,8.587696085175207,46.832842776551395,17.013525666336196,1438,16,0,0.9195570289680799,1.0891926774230412,8.622706883572002,7.338089582353606,28,42.23973363305034,3.0,0.8691935023969641,1.3436639767366254,ZINCf50000017KXM_m01_t01,SER20;GLU17;LEU22,0.0,-44.503206530338446
421,native_first,ZINCf50000018bL0,O=C1C[C@H](C(=O)N[C@@H]2C[C@H]2CF)CCN1,98,1054,1054,1,0,1,17.857142857142858,20.731008121704747,0.763165781296735,15.82119601026976,5,214.23999999999998,-0.013200000000000489,2.0,2.0,3.0,1.0,,,,19.698205866669763,8.0,4.0,4.0,4.0,3.0,1.0,,,,,7.355201207448111,4.052091555250794,39.792615253272636,10.440952372253525,818,16,1,1.3319868816891887,1.1133677065306908,8.622706883572002,8.902567027931406,28,42.23973363305034,3.0,0.8696212150629776,1.2020081633427018,ZINCf50000018bL0_m01_t02,SER20;GLU17;LEU22,0.0,-36.923358364887264
422,native_first,ZINCf5000000YaUx,CCOC(=O)COC(=O)CCCC(N)=O,15,1001,1001,1,0,1,17.857142857142858,20.731008121704747,0.8060910019661979,16.711079108594365,5,217.22099999999995,-0.25170000000000015,1.0,5.0,7.0,1.0,,,,19.810876554660577,8.0,4.0,4.0,4.0,3.0,1.0,,,,,9.646878600513455,5.333291497865773,50.455422044207076,12.187878089050235,346,16,0,1.3685318027531372,0.8106750952961983,8.622706883572002,8.303022407733536,28,42.23973363305034,3.0,0.8818387330524757,1.0253944545346887,ZINCf5000000YaUx_m01_t01,SER20;GLU17;LEU22,1.0,-64.10386308180722
423,native_first,ZINCf5000002enHx,O=C(NOCCOCCF)[C@H](O)C1CC1,521,583,583,1,1,1,10.714285714285714,15.48021141629053,0.9168019204474674,14.192287555387967,3,221.22799999999998,-0.20880000000000054,2.0,4.0,8.0,1.0,,,,22.695786574656285,9.0,4.0,5.0,4.0,3.0,1.0,,,,,7.349168829687129,4.156478995046216,31.694344703770188,11.185823265929418,873,16,6,0.517840238086327,0.6967911277932282,8.622706883572002,8.693462744494292,28,42.23973363305034,3.0,0.8820128567017934,1.1261869837124816,ZINCf5000002enHx_m01_t05,SER20;GLU17;LEU22,2.0,34.16495489308882
424,native_first,ZINCf5000002dVj4,CC(=O)NCC[C@@H](O)CNC(=O)C=CI,137,434,434,1,1,1,14.285714285714286,17.205605691108325,0.905526552479207,15.580132804785945,4,326.134,-0.061600000000000266,3.0,3.0,6.0,1.0,,,,23.707739270531132,9.0,5.0,4.0,5.0,3.0,1.0,,,,,8.937023429694078,5.066160080509934,37.87878787878787,12.629702389903342,782,16,9,0.7637667349397792,0.6280013188470889,8.622706883572002,8.657101083665012,28,42.23973363305034,3.0,0.8858599000676554,1.1363074684227907,ZINCf5000002dVj4_m01_t01,SER20;GLU17;LEU22,2.0,-71.55741383963382
425,native_first,ZINCf5000000azGJ,[N-]=[N+]=NCC(=O)NCCCCNC(N)=O,410,61,61,1,1,1,10.714285714285714,15.48021141629053,0.9408143242469452,14.564004642817222,3,214.22899999999998,-0.1386000000000004,3.0,3.0,7.0,1.0,,,,29.9135462853119,10.0,6.0,4.0,6.0,3.0,1.0,,,,,18.12279131314417,10.68422849893967,59.657420768531885,21.070480056186103,866,16,0,0.501289263988314,0.5125970479340642,8.622706883572002,8.189700680596012,28,42.23973363305034,3.0,0.8870762900114353,1.1484842217364528,ZINCf5000000azGJ_m02_t06,SER20;GLU17;LEU22,1.0,-164.52521507282657
426,native_first,ZINCf50000029gb5,COC(=O)CONC(=O)C=CSCCO,429,367,367,1,1,1,10.714285714285714,15.48021141629053,0.9351828653795164,14.47682846896728,3,235.261,-0.5536000000000001,2.0,6.0,7.0,1.0,,,,24.512170865663283,10.0,5.0,5.0,5.0,3.0,1.0,,,,,14.273453605505434,8.447631157080513,45.98995761931085,16.833132920544898,1012,16,15,0.39807464560246036,0.5452703927081414,8.622706883572002,9.410726927599024,28,42.23973363305034,3.0,0.8932163517897054,0.9624151067433276,ZINCf50000029gb5_m01_t01,SER20;GLU17;LEU22,3.0,24.966450512028587
427,native_first,ZINCf5000000asTA,O=C(N[C@H]1C[C@@H](CF)C1)C1CS(=O)(=O)C1,228,1122,1122,1,0,1,10.714285714285714,15.48021141629053,0.9796082734504636,15.164543178160523,3,235.27999999999997,-0.10470000000000002,1.0,3.0,3.0,1.0,,,,16.813295846674055,7.0,4.0,3.0,4.0,3.0,1.0,,,,,6.33896860758425,3.401543496827276,46.458571974035884,8.957550417356702,639,16,3,0.21538164669015078,0.2805253844319136,8.622706883572002,8.116324867530826,28,42.23973363305034,3.0,0.8984359688795139,1.3483669203960542,ZINCf5000000asTA_m01_t02,SER20;GLU17;LEU22,2.0,-7.634522810210864
428,native_first,ZINCf50000009Knv,C[C@@H](CO)CS(=O)(=O)CCCCC(N)=O,1,1010,1010,1,0,1,17.857142857142858,20.731008121704747,0.8544941015485046,17.714524159150848,5,237.32099999999994,-0.3147999999999997,2.0,4.0,8.0,1.0,,,,19.698205866669763,8.0,4.0,4.0,4.0,3.0,1.0,,,,,12.182716625016086,6.804518532870875,58.11984368215371,14.061588935429507,1302,16,2,0.8894297254689439,0.7991817433515556,8.622706883572002,7.8003198866171495,28,42.23973363305034,3.0,0.9022484855279953,1.38962408721357,ZINCf50000009Knv_m01_t01,SER20;GLU17;LEU22,0.0,-65.08920984383052
429,native_first,ZINCf500000091q6,CCOCCC(=O)NC[C@H](O)CC(=O)O,56,191,191,1,1,1,17.857142857142858,20.731008121704747,0.7756305911047803,16.079604083635854,5,219.237,-0.6351999999999993,3.0,4.0,8.0,1.0,,,,26.705319978517654,10.0,5.0,5.0,5.0,3.0,1.0,,,,,13.432080923431494,8.009371168304243,41.59126553263363,16.750390687203033,152,16,5,1.595698526577503,0.8283046234827397,8.622706883572002,8.38619208599645,28,42.23973363305034,3.0,0.9054047006926462,1.475544428959133,ZINCf500000091q6_m01_t05,SER20;GLU17;LEU22,1.0,-51.02853116455806
430,native_first,ZINCf50000017VUq,C[C@H](F)CS(=O)(=O)NCCCOC(=N)O,235,1023,1023,1,0,1,17.857142857142858,20.731008121704747,0.7306013483294931,15.14610248594716,5,242.27199999999996,0.1632699999999998,3.0,4.0,7.0,1.0,,,,19.698205866669763,8.0,4.0,4.0,4.0,3.0,1.0,,,,,9.450029033848889,5.256696376163732,46.71584380173338,12.012073242054107,1413,16,9,1.4670723623876425,1.1337364753241272,8.622706883572002,9.610924251727722,28,42.23973363305034,3.0,0.9060437924417329,1.213105165780908,ZINCf50000017VUq_m01_t01,SER20;GLU17;LEU22,2.0,-165.02043983304233
431,native_first,ZINCf5000002aTEW,Nc1nonc1C(=O)NCCSCCO,261,99,99,1,1,1,14.285714285714286,17.205605691108325,0.874939250753579,15.053859752139832,4,232.26499999999996,-0.8929,3.0,7.0,6.0,1.0,,,,28.72835568629456,10.0,6.0,4.0,6.0,3.0,1.0,,,,,17.502971707742397,10.449239986887791,53.86314434497689,20.30931770238044,230,16,13,0.8199552445247112,0.7789148397781736,8.622706883572002,8.294746819072072,28,42.23973363305034,3.0,0.9094314817257896,1.407868354110174,ZINCf5000002aTEW_m01_t01,SER20;GLU17;LEU22,3.0,49.79573389189723
432,native_first,ZINCf5000002s583,COCC[C@H](NC(=O)CCCO)C(=O)O,241,110,110,1,1,1,17.857142857142858,20.731008121704747,0.7300473218748145,15.134616959015577,5,219.23699999999997,-0.6351999999999993,3.0,4.0,8.0,1.0,,,,28.521704269524655,11.0,6.0,5.0,6.0,3.0,1.0,,,,,15.868832530417393,9.841057809903708,40.95318775100401,19.03205046519421,251,16,6,1.523541004320398,1.1313594423129962,8.622706883572002,7.857242908189261,28,42.23973363305034,3.0,0.910963781670791,1.488760538531553,ZINCf5000002s583_m01_t05,SER20;GLU17;LEU22,3.0,-33.440150331103126
433,native_first,ZINCf5000000WAqJ,COC(=O)CCCS(=O)(=O)NCCCO,484,1022,1022,1,0,1,14.285714285714286,17.205605691108325,0.8337037917488692,14.344378704012934,4,239.29299999999998,-0.7585999999999997,2.0,5.0,8.0,1.0,,,,19.698205866669763,8.0,4.0,4.0,4.0,3.0,1.0,,,,,9.45260966192678,5.240143723812407,48.19899182694661,12.014008713112526,1202,16,15,1.2879534326913777,0.6850174432479621,8.622706883572002,9.009019054473494,28,42.23973363305034,3.0,0.9113724098304269,1.3754973958174403,ZINCf5000000WAqJ_m01_t02,SER20;GLU17;LEU22,0.0,-99.82058054221866
434,native_first,ZINCf5000000ajo6,NCCOCCCNC(=O)c1cnns1,778,237,237,1,1,1,17.857142857142858,20.731008121704747,0.6491024528956634,13.456548222798471,5,230.293,-0.36669999999999997,2.0,6.0,7.0,1.0,,,,25.88884027917479,9.0,4.0,5.0,4.0,3.0,1.0,,,,,15.497956915257005,9.027722253419133,54.70652173913043,18.09567775623645,195,16,2,1.7748208569362192,1.531648369755216,8.622706883572002,8.774187211763428,28,42.23973363305034,3.0,0.9118454772545682,0.8252798370078162,ZINCf5000000ajo6_m02_t01,SER20;GLU17;LEU22,1.0,5.313261974201833
435,native_first,ZINCf50000009ulF,COCCCOCC(=O)NS(=O)(=O)CI,344,445,445,1,1,1,14.285714285714286,17.205605691108325,0.857617837770464,14.75583435033951,4,351.16200000000003,-0.12200000000000005,1.0,5.0,8.0,1.0,,,,23.695834994592488,9.0,5.0,4.0,5.0,3.0,1.0,,,,,9.543567854615947,5.3991076569320295,41.06870810481413,13.081634639610082,1052,16,6,1.1225345174570123,0.6800316196211145,8.622706883572002,8.60574022245162,28,42.23973363305034,3.0,0.912768132673814,1.175603144836353,ZINCf50000009ulF_m01_t01,SER20;GLU17;LEU22,3.0,-38.81553647944838
436,native_first,ZINCf50000009B9R,CON(CCCO)C(=O)CSCC(=O)O,321,373,373,1,1,1,17.857142857142858,20.731008121704747,0.714896194118332,14.820518806442955,5,237.27699999999996,-0.4234000000000003,2.0,5.0,8.0,1.0,,,,24.512170865663283,10.0,5.0,5.0,5.0,3.0,1.0,,,,,13.221798029177043,7.823420485338842,42.654785110925445,16.0443912382986,1258,16,15,1.638187608170964,1.1091846392166622,8.622706883572002,7.6513546420360505,28,42.23973363305034,3.0,0.9134426269647788,1.275378032909375,ZINCf50000009B9R_m02_t01,SER20;GLU17;LEU22,3.0,-2.4666567634443375
437,native_first,ZINCf5000000Vnj5,O=C(O)CCC(=O)NCC[C@H](O)C(F)F,262,412,412,1,1,1,17.857142857142858,20.731008121704747,0.7257447484265431,15.045420273915234,5,225.19099999999997,-0.01650000000000007,3.0,3.0,7.0,1.0,,,,23.707739270531132,9.0,5.0,4.0,5.0,3.0,1.0,,,,,12.00685231563864,6.932534589631878,44.79451275045538,14.932074054361763,110,16,14,1.4922398165764212,1.2371755479226436,8.622706883572002,8.672090845031885,28,42.23973363305034,3.0,0.9168486195883738,1.4758732762971125,ZINCf5000000Vnj5_m01_t03,SER20;GLU17;LEU22,3.0,-29.979938630345607
438,native_first,ZINCf50000009yuU,COC[C@H](C#N)NC(=O)CSCC(=O)O,194,120,120,1,1,1,14.285714285714286,19.005613846886952,0.8054515413253841,15.308100966810159,4,232.261,-0.5410199999999996,2.0,5.0,7.0,1.0,,,,28.397129305595193,11.0,6.0,5.0,6.0,3.0,1.0,,,,,14.395319852302674,8.929277443037217,37.115530303030326,17.895772215625804,735,16,11,0.9616032837539935,1.0182029165681683,8.622706883572002,7.610012063676179,28,42.23973363305034,3.0,0.9187961131119483,1.478018251259278,ZINCf50000009yuU_m01_t05,SER20;GLU17;LEU22,2.0,5.644273207166695
439,native_first,ZINCf50000027i1D,[N-]=[N+]=NCCC(=O)NCCCNCCO,21,92,92,1,1,1,14.285714285714286,17.205605691108325,0.9652824137301069,16.608268591201508,4,215.25699999999998,-0.22499999999999998,3.0,4.0,9.0,1.0,,,,28.908505615030467,9.0,6.0,3.0,6.0,3.0,1.0,,,,,15.18486682153072,8.75945831855285,56.98730468749999,18.61577651990566,212,16,1,0.4554478315037017,0.3581035810533839,8.622706883572002,8.606877967022426,28,42.23973363305034,3.0,0.9230461335871999,1.1867916661029179,ZINCf50000027i1D_m02_t01,SER20;GLU17;LEU22,0.0,-7.140657592454861
440,native_first,ZINCf50000009Cip,CO[C@@H](C)CCC(=O)NS(=O)(=O)CCN,365,372,372,1,1,1,14.285714285714286,17.205605691108325,0.8548221267803173,14.70773244941675,4,238.30899999999997,-0.7937999999999976,2.0,5.0,7.0,1.0,,,,24.512170865663283,10.0,5.0,5.0,5.0,3.0,1.0,,,,,13.233037402773654,7.806278865460459,43.41243862520458,16.052820768496062,1334,16,1,1.1492891892266803,0.5906925819402231,8.622706883572002,7.803590248352188,28,42.23973363305034,3.0,0.9261198394292347,1.1866211513483054,ZINCf50000009Cip_m01_t03,SER20;GLU17;LEU22,2.0,-49.15852819453187
441,native_first,ZINCf50000017WSO,C[C@H](O)CCONC(=O)[C@@H](F)C(C)(C)O,320,435,435,1,1,1,17.857142857142858,20.731008121704747,0.7155174409988074,14.833397880567674,5,223.244,-0.08590000000000025,3.0,4.0,6.0,1.0,,,,23.707739270531132,9.0,5.0,4.0,5.0,3.0,1.0,,,,,8.854937474788626,5.0496635497154765,35.93284138342277,12.568137923724251,831,16,0,1.7311847089857413,1.0841773226095142,8.622706883572002,9.256046764602354,28,42.23973363305034,3.0,0.9262491560597043,1.471035441164732,ZINCf50000017WSO_m01_t01,SER20;GLU17;LEU22,2.0,45.92144441875306
442,native_first,ZINCf50000009edv,CN(CC1=NOCC1)Cc1nnc(O)o1,502,316,316,1,1,1,14.285714285714286,17.205605691108325,0.8287983640810818,14.25997784981473,4,212.209,-0.016700000000000104,1.0,7.0,4.0,1.0,,,,24.83149297042401,9.0,5.0,4.0,5.0,3.0,1.0,,,,,12.62061392802849,7.211784578124594,50.48220137027107,15.67333368862737,1370,16,3,0.8757378565967413,0.9261475388432974,8.622706883572002,7.586423774787161,28,42.23973363305034,3.0,0.9317928832340826,1.3457570749412777,ZINCf50000009edv_m02_t02,SER20;GLU17;LEU22,1.0,20.7349138577214
443,native_first,ZINCf50000009Ghu,CS(C)(=O)=NS(=O)(=O)NCCOCCS,586,1072,1072,1,0,1,17.857142857142858,20.731008121704747,0.6757144963962957,14.008242712745238,5,276.4049999999999,-0.5052000000000001,2.0,5.0,7.0,1.0,,,,18.629680137681053,8.0,5.0,3.0,5.0,3.0,1.0,,,,,7.583476303111375,4.124720705856859,46.96900982615269,10.345027261753795,1146,16,12,1.594045038269688,1.4338359756233152,8.622706883572002,7.866587327919071,28,42.23973363305034,3.0,0.933190269718541,1.1844809123862488,ZINCf50000009Ghu_m01_t01,SER20;GLU17;LEU22,0.0,-213.5896195604303
444,native_first,ZINCf50000009FOX,CS(=O)(=O)CCSCCC(=O)NC(N)=O,211,998,998,1,0,1,14.285714285714286,17.205605691108325,0.8842436176971199,15.21394702097578,4,254.33299999999997,-0.6507999999999989,2.0,5.0,6.0,1.0,,,,19.810876554660577,8.0,4.0,4.0,4.0,3.0,1.0,,,,,12.30197279530289,6.896789754322949,56.881025791611606,14.179198735142313,1046,16,7,0.8355066746510824,0.6920266852873888,8.622706883572002,8.12699238564731,28,42.23973363305034,3.0,0.9342656550349493,1.202623141879341,ZINCf50000009FOX_m01_t06,SER20;GLU17;LEU22,3.0,-101.16320425722455
445,native_first,ZINCf5000002shZH,CSC[C@@H](CO)NC(=O)CCOCCN,913,426,426,1,1,1,14.285714285714286,17.040662921434695,0.766486281249196,13.06143435267154,4,236.33699999999993,-0.8080999999999985,3.0,5.0,9.0,1.0,,,,23.707739270531132,9.0,5.0,4.0,5.0,3.0,1.0,,,,,9.830952701544824,5.622508654491643,39.08917340521114,13.3001493437914,461,16,4,1.2685178936843908,0.9661949563612583,8.317947102500712,6.936690596267096,28,42.23973363305034,3.0,0.9363664868122722,1.327104694691168,ZINCf5000002shZH_m01_t03,SER20;GLU17;LEU22,1.0,5.927625931565504
446,native_first,ZINCf5000002s92p,COCCONC(=O)[C@@H](N)CP(C)(C)=O,607,121,121,1,1,1,14.285714285714286,17.205605691108325,0.8111931612778769,13.95706967227079,4,238.22399999999996,-0.36939999999999906,2.0,5.0,7.0,1.0,,,,28.397129305595193,11.0,6.0,5.0,6.0,3.0,1.0,,,,,13.207737954460066,8.029092796866035,37.20333333333334,17.00508579224385,1492,16,0,1.3776951804049418,0.7732587773763905,8.622706883572002,8.86817775817785,28,42.23973363305034,3.0,0.9412773252948011,1.5609229250414949,ZINCf5000002s92p_m01_t05,SER20;GLU17;LEU22,2.0,24.441514195703427
447,native_first,ZINCf50000017Bnz,CC[S@](=N)(=O)NC(=O)CCCCC(N)=O,46,358,358,1,1,1,17.857142857142858,20.731008121704747,0.7820921982643136,16.213559714139404,5,235.3089999999999,0.12996999999999959,3.0,4.0,7.0,1.0,,,,24.512170865663283,10.0,5.0,5.0,5.0,3.0,1.0,,,,,17.159855285300143,10.230620800442269,53.1764403292181,18.997934180390928,1015,16,14,1.471576297315714,0.8349982190210093,8.622706883572002,9.374712696308311,28,42.23973363305034,3.0,0.9441158308265118,1.0645375341034529,ZINCf50000017Bnz_m01_t01,SER20;GLU17;LEU22,1.0,-196.21981725362505
448,native_first,ZINCf5000000apcH,O=C(CSc1n[nH]c(O)n1)NOCCF,105,270,270,1,1,1,14.285714285714286,19.005613846886952,0.8304505414028396,15.783222308840575,4,236.22799999999998,-0.3803000000000001,3.0,6.0,6.0,1.0,,,,25.88884027917479,9.0,4.0,5.0,4.0,3.0,1.0,,,,,8.032279763640034,4.561393670726642,33.597556606477504,12.496419892523724,1221,16,1,0.8748801933770683,0.9085961420268281,8.622706883572002,7.547862897576674,28,42.23973363305034,3.0,0.9470849873221605,1.1202102164399568,ZINCf5000000apcH_m01_t04,SER20;GLU17;LEU22,0.0,-14.221378797070107
449,native_first,ZINCf5000000Ztou,CO[C@@H](C)CC(=O)OCc1nc(O)n[nH]1,58,134,134,1,1,1,14.285714285714286,17.205605691108325,0.9322738569783621,16.040336379298413,4,215.209,-0.021500000000000186,2.0,6.0,5.0,1.0,,,,27.71640299041971,10.0,5.0,5.0,5.0,3.0,1.0,,,,,16.7156294309842,9.911634971710637,53.31350797469484,19.46582282084308,642,16,9,0.8190430085178286,0.35717536153790114,8.622706883572002,8.67824315971954,28,42.23973363305034,3.0,0.9481665685644997,1.1751900932094645,ZINCf5000000Ztou_m01_t08,SER20;GLU17;LEU22,0.0,8.965682758906638
450,native_first,ZINCf5000002s4K7,COCCCC(=O)OC[C@@H](C)S(N)(=O)=O,66,999,999,1,0,1,14.285714285714286,19.005613846886952,0.8406919487750133,15.977866542604769,4,239.29299999999998,-0.36679999999999907,1.0,5.0,7.0,1.0,,,,19.810876554660577,8.0,4.0,4.0,4.0,3.0,1.0,,,,,10.557496610492665,5.88580673166315,51.18072817663399,12.870841596534643,196,16,3,1.028586398833712,0.861544093652626,8.622706883572002,8.737061798645414,28,42.23973363305034,3.0,0.9509087733429606,1.5565508316907692,ZINCf5000002s4K7_m01_t01,SER20;GLU17;LEU22,2.0,-111.07150672142228
451,native_first,ZINCf50000017Hi0,CNS(=O)(=O)CCNC(=O)C[C@@H](C)CF,236,961,961,1,0,1,14.285714285714286,19.005613846886952,0.7968905423054095,15.145393925292943,4,240.29999999999995,-0.35250000000000004,2.0,3.0,7.0,1.0,,,,21.514590157676757,9.0,5.0,4.0,5.0,3.0,1.0,,,,,7.590512100195353,4.244526191263322,35.856074622263336,11.071531614565705,1372,16,6,1.0551030434269697,1.0413293904173917,8.622706883572002,7.792035995678465,28,42.23973363305034,3.0,0.9570905824411361,1.1284066159118928,ZINCf50000017Hi0_m01_t03,SER20;GLU17;LEU22,1.0,-124.7683815293541
452,native_first,ZINCf5000000avTQ,O=C1C[C@H](CNC(=O)[C@H]2C[C@H]2F)CCN1,104,1052,1052,1,0,1,14.285714285714286,19.005613846886952,0.8306104614648488,15.786261687785492,4,214.23999999999998,-0.013200000000000045,2.0,2.0,3.0,1.0,,,,19.698205866669763,8.0,4.0,4.0,4.0,3.0,1.0,,,,,7.4181818490189215,4.0939212331755375,39.45823847467274,10.488187853431633,718,16,6,1.0321666909768945,0.8987028552463446,8.622706883572002,8.148978908435272,28,42.23973363305034,3.0,0.963173002532742,1.4423617780055322,ZINCf5000000avTQ_m01_t02,SER20;GLU17;LEU22,3.0,-89.51229294165542
453,native_first,ZINCf5000002oC1u,C[C@H](O)CCCOC(=O)c1nonc1N,11,509,509,1,1,1,17.857142857142858,20.731008121704747,0.8163344378345372,16.92343586077507,5,215.209,-0.030400000000000094,2.0,7.0,5.0,1.0,,,,22.891259571188275,8.0,4.0,4.0,4.0,3.0,1.0,,,,,12.681987856957534,7.126110866813804,57.554006968641104,15.234305785515218,295,16,10,1.0905385526603413,0.9274451320775082,8.622706883572002,7.98948456234239,28,42.23973363305034,3.0,0.9673094822530717,1.5876644663852604,ZINCf5000002oC1u_m01_t01,SER20;GLU17;LEU22,2.0,32.91077089496794
454,native_first,ZINCf5000002rNx2,CCOC(=O)CONC(=O)CCCCN,1260,882,882,0,1,1,14.285714285714286,17.040662921434695,0.6857925912827532,11.68636038206663,4,218.25299999999993,-0.27369999999999906,2.0,5.0,8.0,1.0,,,,22.695786574656285,9.0,4.0,5.0,4.0,3.0,1.0,,,,,10.2464842906906,5.855356851741334,40.97501489425082,13.358809861682019,1152,16,7,1.6123669307309865,1.40428722111891,8.317947102500712,8.167050564802809,28,42.23973363305034,3.0,0.9673401890069399,1.0804039053482053,ZINCf5000002rNx2_m02_t03,SER20;GLU17;LEU22,2.0,0.35888663103725227
455,native_first,ZINCf5000000ae2p,N#CC[C@H](N)C(=O)NCCCCCCN,1371,738,738,0,1,1,10.714285714285714,13.515260490838273,0.7963391943259415,10.762731650379378,3,212.29699999999994,-0.13731999999999978,3.0,4.0,8.0,1.0,,,,25.524123561538133,10.0,6.0,4.0,6.0,3.0,1.0,,,,,17.941685106493743,10.630404773963315,57.463158846397235,19.83729472025484,260,16,2,1.1077967073864234,1.0677415711691738,8.317947102500712,8.015916155348442,28,42.23973363305034,3.0,0.9712856954193061,1.0219070045738572,ZINCf5000000ae2p_m02_t03,SER20;GLU17;LEU22,1.0,49.02493672907384
456,native_first,ZINCf5000002e4kT,COC[C@](C)(O)CC(=O)OCCC(=O)O,218,544,544,1,1,1,17.857142857142858,20.731008121704747,0.7330075518599095,15.195985510878698,5,220.22099999999995,-0.20820000000000022,2.0,5.0,7.0,1.0,,,,22.695786574656285,9.0,4.0,5.0,4.0,3.0,1.0,,,,,15.045982976757625,8.788237125632001,52.25375306372548,16.95843387623229,1424,16,6,1.4742356407634256,1.1449975729641388,8.622706883572002,7.827819780648273,28,42.23973363305034,3.0,0.9714121732779988,1.5241530794316012,ZINCf5000002e4kT_m01_t02,SER20;GLU17;LEU22,1.0,-30.921322603752067
457,native_first,ZINCf5000003631Z,NOCCCSCc1cc(O)nc(O)n1,358,1194,1194,1,0,1,14.285714285714286,19.51621273201044,0.7545748765956514,14.726443813871258,4,231.27700000000004,0.40140000000000003,3.0,7.0,6.0,1.0,,,,25.051976896597917,8.0,4.0,4.0,4.0,2.0,1.0,,,,,16.836637768724895,9.662592779297608,65.37369914853357,18.89047255069315,125,16,4,0.9416224288653234,1.1226734169958101,12.606986515420724,10.725935820534088,28,42.23973363305034,3.0,0.9723184527873436,1.4596610749036596,ZINCf5000003631Z_m01_t06,SER20;GLU17;LEU22,2.0,-71.61264938182029
458,native_first,ZINCf5000002ecIl,CS(=O)(=O)CCCC(=O)OCCC(=O)O,10,1002,1002,1,0,1,17.857142857142858,20.731008121704747,0.8169728969636313,16.936671762165695,5,238.26099999999997,-0.17090000000000033,1.0,5.0,7.0,1.0,,,,19.810876554660577,8.0,4.0,4.0,4.0,3.0,1.0,,,,,9.301732362856555,5.159080740641313,47.212724840196216,11.929018410807561,694,16,13,0.9674831700276947,1.0191562333632211,8.622706883572002,8.104780826345968,28,42.23973363305034,3.0,0.9740124707469198,1.242044511338738,ZINCf5000002ecIl_m01_t02,SER20;GLU17;LEU22,1.0,-60.068723796898865
459,native_first,ZINCf50000009pzY,COC(=O)CCOCCNS(=O)(=O)CCl,411,1004,1004,1,0,1,10.714285714285714,15.48021141629053,0.9402720377770373,14.555609933614853,3,259.711,-0.31820000000000004,1.0,5.0,8.0,1.0,,,,19.810876554660577,8.0,4.0,4.0,4.0,3.0,1.0,,,,,7.571226105092508,4.1671074463061775,41.35068980863373,10.631138717484525,843,16,4,0.3992174863962433,0.5832410925369986,8.622706883572002,8.902889731606432,28,42.23973363305034,3.0,0.9768990116392093,1.2742436890448117,ZINCf50000009pzY_m01_t01,SER20;GLU17;LEU22,1.0,-21.46585632586787
460,native_first,ZINCf50000009HnH,CS[C@@H](CO)[C@@H](C)NC(=O)CCCON,451,278,278,1,1,1,17.857142857142858,20.731008121704747,0.6958817265403888,14.426329724654723,5,236.33699999999993,-0.11449999999999927,3.0,5.0,8.0,1.0,,,,25.524123561538133,10.0,6.0,4.0,6.0,3.0,1.0,,,,,14.34162640902718,8.50401685224336,45.739986114884246,17.13725069715492,716,16,8,1.5886730441466992,1.2515598545296585,8.622706883572002,9.701182414486295,28,42.23973363305034,3.0,0.9780610882241905,0.6929651711861015,ZINCf50000009HnH_m01_t03,SER20;GLU17;LEU22,3.0,8.686354875950546
461,native_first,ZINCf5000002sc2H,CO[C@@H](CN)CC(=O)NCC[S@@](C)(=N)=O,694,113,113,1,1,1,14.285714285714286,17.205605691108325,0.7952334689754204,13.682473499563308,4,237.325,-0.8570299999999988,3.0,5.0,7.0,1.0,,,,28.521704269524655,11.0,6.0,5.0,6.0,3.0,1.0,,,,,15.507371455821719,9.594238937626802,40.41758376131082,18.760954659247453,1425,16,8,0.830162955519808,1.1651280412099494,8.622706883572002,7.660032697722508,28,42.23973363305034,3.0,0.9782776607841467,1.6213436063058981,ZINCf5000002sc2H_m01_t02,SER20;GLU17;LEU22,1.0,-6.692898381592013
462,native_first,ZINCf5000002s5cv,COCC[C@H](N)C(=O)NCC[S@](C)(=N)=O,50,115,115,1,1,1,14.285714285714286,19.005613846886952,0.851454008828623,16.182406100180682,4,237.325,-0.8570299999999988,3.0,5.0,7.0,1.0,,,,28.521704269524655,11.0,6.0,5.0,6.0,3.0,1.0,,,,,15.139896011840026,9.269552241177962,41.28609887420458,18.485348076261182,816,16,7,1.0709205078231587,0.7464859534434184,8.622706883572002,9.004366216259843,28,42.23973363305034,3.0,0.9789524668317213,1.6255693515114384,ZINCf5000002s5cv_m02_t03,SER20;GLU17;LEU22,1.0,1.984929479500206
463,native_first,ZINCf5000002s5cu,COCC[C@@H](N)C(=O)NCC[S@](C)(=N)=O,125,116,116,1,1,1,17.857142857142858,20.731008121704747,0.7545559939020902,15.642706437865229,5,237.325,-0.8570299999999988,3.0,5.0,7.0,1.0,,,,28.521704269524655,11.0,6.0,5.0,6.0,3.0,1.0,,,,,15.139896011840026,9.269552241177962,41.28609887420458,18.485348076261182,666,16,12,1.2577728147072644,1.183409997832459,8.622706883572002,9.293115623479334,28,42.23973363305034,3.0,0.9789524668317213,1.6255693515114384,ZINCf5000002s5cu_m02_t03,SER20;GLU17;LEU22,1.0,1.984929479500206
464,native_first,ZINCf5000001pHeb,COCCOCCNC(C(=O)O)C(C)O,245,111,111,1,1,1,10.714285714285714,15.48021141629053,0.9757454093645019,15.104745225437439,3,221.25300000000001,-0.926999999999998,3.0,5.0,9.0,1.0,,,,28.521704269524655,11.0,6.0,5.0,6.0,3.0,1.0,,,,,15.596471435367246,9.577346683662823,41.97962264150946,18.8277796439066,1389,16,9,0.33073889319095967,0.3181584919222596,8.622706883572002,8.415696507853749,28,42.23973363305034,3.0,0.9818784824945359,0.9673721297524717,ZINCf5000001pHeb_m01_t02,SER20;GLU17;LEU22,1.0,94.52963593724033
465,native_first,ZINCf50000017BnT,CC[S@](=N)(=O)NC(=O)COCCCOC,154,301,301,1,1,1,14.285714285714286,19.005613846886952,0.8153804008274268,15.496805036445975,4,238.3089999999999,0.13737000000000021,2.0,5.0,8.0,1.0,,,,25.512219285599485,10.0,6.0,4.0,6.0,3.0,1.0,,,,,13.735713845059328,8.060440320506506,46.41851542436337,16.679840205194367,653,16,7,0.9764592095962138,1.0369111817208876,8.622706883572002,8.266203397183318,28,42.23973363305034,3.0,0.9848188807719037,1.5803874592139684,ZINCf50000017BnT_m01_t02,SER20;GLU17;LEU22,3.0,-86.25757735492034
466,native_first,ZINCf5000002rF5w,C[C@@H](O)C(=O)OCCCSC[C@@H](O)CO,162,970,970,1,0,1,14.285714285714286,19.005613846886952,0.8124854523957868,15.441784764447576,4,238.30499999999998,-0.6131,3.0,6.0,8.0,1.0,,,,20.69373610250848,8.0,5.0,3.0,5.0,3.0,1.0,,,,,14.410900804259136,8.063440611536352,67.71723122238588,15.981609628821472,1150,16,12,1.3356818092392755,0.7997496878721186,8.622706883572002,8.875149177156198,28,42.23973363305034,3.0,0.9868971362056683,1.3386541498218592,ZINCf5000002rF5w_m01_t03,SER20;GLU17;LEU22,3.0,26.850500719755498
467,native_first,ZINCf50000009UAy,C[C@H](CCO)C(=O)NCCSS(C)(=O)=O,599,1012,1012,1,0,1,14.285714285714286,19.005613846886952,0.7351591807987113,13.972151506254056,4,255.36099999999996,-0.18609999999999993,2.0,5.0,7.0,1.0,,,,19.698205866669763,8.0,4.0,4.0,4.0,3.0,1.0,,,,,10.623124461778847,5.908889381730912,52.54312251216277,12.891894813001576,1488,16,14,0.9919235794870566,1.2238288287267702,8.622706883572002,6.777892294897712,28,42.23973363305034,3.0,0.9885203634872478,1.5871766517805614,ZINCf50000009UAy_m01_t03,SER20;GLU17;LEU22,3.0,-28.635693327574504
468,native_first,ZINCf50000008Ocf,CC(C)NS(=O)(=O)NCCSCCCO,115,1086,1086,1,0,1,14.285714285714286,17.205605691108325,0.9119769964055294,15.691116599514853,4,256.3929999999999,-0.06560000000000005,3.0,4.0,9.0,1.0,,,,18.500586989654103,8.0,5.0,3.0,5.0,3.0,1.0,,,,,10.947196139661093,6.037515064846549,58.60247358670072,12.835543852159345,113,16,0,0.7480122846769395,0.5925645266252192,8.622706883572002,8.710465019798932,28,42.23973363305034,3.0,0.9888279241839866,1.205835814317659,ZINCf50000008Ocf_m01_t01,SER20;GLU17;LEU22,2.0,-184.0014954199293
469,native_first,ZINCf5000000SMPn,C[C@H](N)CONC(=O)CSCCCCN,1389,740,740,0,1,1,10.714285714285714,13.54606763922438,0.781301000253367,10.583556196025775,3,235.35299999999992,-0.1464999999999982,3.0,5.0,9.0,1.0,,,,25.524123561538133,10.0,6.0,4.0,6.0,3.0,1.0,,,,,15.609485306317202,9.203742396064673,51.34585707502374,18.088144870122434,590,16,4,1.1300618922046495,1.1274725261943617,10.950081780516529,10.451069797580887,28,42.23973363305034,3.0,0.9931765322894286,1.4440450873951107,ZINCf5000000SMPn_m02_t02,SER20;GLU17;LEU22,2.0,91.72306667528501
470,native_first,ZINCf5000000S6Dr,C[C@H](F)CNC(=O)N[C@@H]1CC(=O)N(C)C1,690,1075,1075,1,0,1,17.857142857142858,20.731008121704747,0.660961065849635,13.70238922425941,5,217.24399999999997,-0.12570000000000014,2.0,2.0,3.0,1.0,,,,18.629680137681053,8.0,5.0,3.0,5.0,3.0,1.0,,,,,7.27783990915563,3.9845453662954307,41.95131825312484,10.115799966286986,1017,16,15,1.9776888805076254,1.2185258256803744,8.622706883572002,9.559736531121613,28,42.23973363305034,3.0,0.9973279509910485,1.6307072573730137,ZINCf5000000S6Dr_m01_t03,SER20;GLU17;LEU22,1.0,-112.76391258541187
471,native_first,ZINCf5000002oBsv,C[C@H](CO)CCNc1cc(O)nc(O)n1,177,1192,1192,1,0,1,14.285714285714286,19.005613846886952,0.808615486624493,15.368233689397695,4,213.23700000000002,0.31819999999999965,4.0,6.0,5.0,1.0,,,,25.858076477525255,8.0,5.0,3.0,5.0,2.0,1.0,,,,,13.305190330961794,7.582900777504401,54.22515827140104,16.44341186760266,1319,16,4,0.865502669890364,1.0347404074570814,8.622706883572002,7.495673962601328,28,42.23973363305034,3.0,0.9975893314281548,1.3023763907042034,ZINCf5000002oBsv_m01_t05,SER20;GLU17;LEU22,0.0,-123.88919138052168
472,native_first,ZINCf5000000ZsP2,CNS(=O)(=O)CCSc1nncc(O)n1,135,511,511,1,1,1,14.285714285714286,19.005613846886952,0.820391412606218,15.592042391295882,4,250.305,-0.7815000000000003,2.0,7.0,5.0,1.0,,,,22.891259571188275,8.0,4.0,4.0,4.0,3.0,1.0,,,,,12.261349991138564,6.848951895407923,58.45753655793027,14.91882738615099,593,16,14,0.918662431162916,0.8773397876690848,8.622706883572002,7.270211070317406,28,42.23973363305034,3.0,0.9978248363869583,1.5439892722396416,ZINCf5000000ZsP2_m01_t03,SER20;GLU17;LEU22,2.0,-89.90749163535904
473,native_first,ZINCf50000009O4f,C[C@@H](ON)C(=O)NS(=O)(=O)CCCCF,311,577,577,1,1,1,17.857142857142858,20.731008121704747,0.7170637613071726,14.86545465943915,5,242.2719999999999,-0.5390999999999995,2.0,5.0,7.0,1.0,,,,22.695786574656285,9.0,4.0,5.0,4.0,3.0,1.0,,,,,8.978887482570599,5.107505172437763,37.099640867780714,12.40811225559202,498,16,10,1.4628052287130529,1.2309427521075327,8.622706883572002,7.6769412357665106,28,42.23973363305034,3.0,0.9988693071773597,1.479365008990488,ZINCf50000009O4f_m01_t02,SER20;GLU17;LEU22,1.0,-69.32136550350492
474,native_first,ZINCf5000002shZ1,CSC[C@@H](CO)NC(=O)CC1CC(N)C1,1196,895,895,0,1,1,10.714285714285714,15.315268646616897,0.7839346740043162,12.006170133774141,3,232.34899999999996,-0.04609999999999975,3.0,4.0,6.0,1.0,,,,22.51012039351548,9.0,6.0,3.0,6.0,3.0,1.0,,,,,9.144531558689696,5.154552957223571,40.47484984984986,12.485928767396143,1231,16,9,1.229331097635492,1.0497434553930536,7.259444124724703,6.835406132646725,28,42.23973363305034,3.0,1.0002447253099158,0.8680922184513715,ZINCf5000002shZ1_m01_t02,SER20;GLU17;LEU22,2.0,33.90600237522409
475,native_first,ZINCf5000002mDhl,CSC[C@@H](CO)SCCS(=O)(=O)CCO,539,1087,1087,1,0,1,14.285714285714286,17.205605691108325,0.8211988360365378,14.129223366841787,4,274.429,-0.14939999999999992,2.0,6.0,9.0,1.0,,,,18.500586989654103,8.0,5.0,3.0,5.0,3.0,1.0,,,,,9.913810273515415,5.44234767596088,55.572388022016874,12.060504452550086,406,16,9,1.4770800281435852,0.6148448327272357,8.622706883572002,8.69803826655175,28,42.23973363305034,3.0,1.0083987268117434,1.6588453984752871,ZINCf5000002mDhl_m01_t01,SER20;GLU17;LEU22,0.0,25.969714225141136
476,native_first,ZINCf50000009Hoj,CS[C@@H](CO)[C@H](C)NC(=O)CCCON,612,279,279,1,1,1,14.285714285714286,19.005613846886952,0.7340088602864244,13.950288958797378,4,236.33699999999993,-0.11449999999999927,3.0,5.0,8.0,1.0,,,,25.524123561538133,10.0,6.0,4.0,6.0,3.0,1.0,,,,,14.34162640902718,8.50401685224336,45.739986114884246,17.13725069715492,758,16,7,1.4370490479769753,1.2151156702213843,8.622706883572002,8.289786848412865,28,42.23973363305034,3.0,1.0108509766837679,1.4190264475742538,ZINCf50000009Hoj_m01_t01,SER20;GLU17;LEU22,1.0,28.127088119645247
477,native_first,ZINCf5000000Zt61,COCCCCNC(=O)c1nonc1N,652,139,139,1,1,1,14.285714285714286,17.205605691108325,0.8029503180441451,13.815246561817581,4,214.225,-0.19180000000000008,2.0,6.0,6.0,1.0,,,,27.71640299041971,10.0,5.0,5.0,5.0,3.0,1.0,,,,,15.906719071338616,9.410531102659693,51.3634351482957,18.859140051108888,542,16,2,1.0683896833569027,0.9180974731747394,8.622706883572002,7.401157559736979,28,42.23973363305034,3.0,1.013561017503994,1.464061141148278,ZINCf5000000Zt61_m01_t03,SER20;GLU17;LEU22,0.0,22.984153245544242
478,native_first,ZINCf5000001oTxT,CC(O)COC(=O)CC1C=CS(=O)(=O)C1,1234,1415,1415,0,0,1,10.714285714285714,15.48021141629053,0.7631185343342433,11.813236247183848,3,234.273,-0.14119999999999977,1.0,5.0,4.0,1.0,,,,16.813295846674055,7.0,4.0,3.0,4.0,3.0,1.0,,,,,7.0910460358981116,3.8151600387266353,50.166470818644726,9.521608488592099,1178,16,8,1.1854900286785301,1.0649771300897057,8.622706883572002,7.313662765857934,28,42.23973363305034,3.0,1.0168091464644244,1.6549588516220457,ZINCf5000001oTxT_m01_t01,SER20;GLU17;LEU22,1.0,14.095979777632245
479,native_first,ZINCf5000002s51J,COCC[C@H](C)S(=O)(=O)NOCC(=O)O,248,201,201,1,1,1,17.857142857142858,20.731008121704747,0.7283598424174783,15.099633808680332,5,241.265,-0.6529999999999994,2.0,5.0,8.0,1.0,,,,26.580745014588192,10.0,5.0,5.0,5.0,3.0,1.0,,,,,14.121227143428458,8.425387660477027,43.58846416584989,17.23610661121839,703,16,10,1.4352385513010462,1.0983130096788916,8.622706883572002,7.283695410460365,28,42.23973363305034,3.0,1.0221615445615457,1.5524099822628752,ZINCf5000002s51J_m01_t01,SER20;GLU17;LEU22,0.0,-62.02996876270643
480,native_first,ZINCf500000093yq,CCS(=O)(=O)NCCNC(=O)C[C@@H](C)F,498,947,947,1,0,1,17.857142857142858,20.731008121704747,0.6891065006968685,14.285872462666319,5,240.29999999999998,-0.20999999999999996,2.0,3.0,7.0,1.0,,,,21.514590157676757,9.0,5.0,4.0,5.0,3.0,1.0,,,,,10.20590946730509,5.743072082472479,45.783225408572314,13.033079639898007,76,16,13,1.6406990666844048,1.363781657720578,8.622706883572002,8.63348750116176,28,42.23973363305034,3.0,1.0287185402314125,1.6659356625551107,ZINCf500000093yq_m01_t02,SER20;GLU17;LEU22,2.0,-88.04313893215273
481,native_first,ZINCf500000092Js,CCO[C@@H]1C[C@H]1C(=O)NCCCC(N)=O,47,550,550,1,1,1,17.857142857142858,20.731008121704747,0.7819537816394586,16.210690197965356,5,214.26499999999996,-0.20689999999999953,2.0,3.0,7.0,1.0,,,,22.695786574656285,9.0,4.0,5.0,4.0,3.0,1.0,,,,,13.157322336994218,7.578889049286065,49.84758378216637,15.541938396409735,376,16,12,1.256763007923492,1.046573859532463,8.622706883572002,8.254204628350296,28,42.23973363305034,3.0,1.0287452682781921,1.413296526168016,ZINCf500000092Js_m01_t03,SER20;GLU17;LEU22,3.0,-59.23013187496332
482,native_first,ZINCf5000000ZtGB,CS(=O)(=O)NCCSc1nncc(O)n1,87,515,515,1,1,1,14.285714285714286,19.005613846886952,0.8351568458745583,15.872668514275937,4,250.30500000000004,-0.7815000000000003,2.0,7.0,5.0,1.0,,,,22.891259571188275,8.0,4.0,4.0,4.0,3.0,1.0,,,,,11.594853483669947,6.482114257144126,54.88574232440768,14.418955005549527,448,16,0,1.1463457229827443,0.7723810844318709,8.622706883572002,8.03788392459788,28,42.23973363305034,3.0,1.0340077176959137,1.6772798419651684,ZINCf5000000ZtGB_m01_t02,SER20;GLU17;LEU22,3.0,-72.71917209054735
483,native_first,ZINCf5000002sfMO,CONCCC(=O)NCCSS(C)(=O)=O,459,548,548,1,1,1,17.857142857142858,20.731008121704747,0.6948225323046643,14.404371560351453,5,256.349,-0.6634999999999986,2.0,6.0,8.0,1.0,,,,22.695786574656285,9.0,4.0,5.0,4.0,3.0,1.0,,,,,13.423845970781063,7.754067802521371,49.93999399939994,15.741831121749867,654,16,8,1.5455842163843243,1.2164544669647064,8.622706883572002,7.203139796480129,28,42.23973363305034,3.0,1.0431123670571711,1.5059878706167533,ZINCf5000002sfMO_m01_t02,SER20;GLU17;LEU22,0.0,-22.658565353032948
484,native_first,ZINCf5000000VZ9b,COC[C@H](N)c1cn(CCC(=O)O)nn1,221,228,228,1,1,1,17.857142857142858,20.731008121704747,0.732726735876666,15.190163912449373,5,214.225,-0.6009999999999995,2.0,6.0,6.0,1.0,,,,25.88884027917479,9.0,4.0,5.0,4.0,3.0,1.0,,,,,17.038740527725324,10.006866332093173,57.31255448997384,19.251265465587693,1034,16,7,1.5237058135051058,1.1533465323244858,8.622706883572002,8.206548772204892,28,42.23973363305034,3.0,1.0448611947634634,1.7263320120988646,ZINCf5000000VZ9b_m01_t01,SER20;GLU17;LEU22,0.0,11.039982821954702
485,native_first,ZINCf5000002sc2G,CO[C@@H](CN)CC(=O)NCC[S@](C)(=N)=O,178,112,112,1,1,1,14.285714285714286,17.205605691108325,0.8930300280719519,15.365122533325401,4,237.325,-0.8570299999999988,3.0,5.0,7.0,1.0,,,,28.521704269524655,11.0,6.0,5.0,6.0,3.0,1.0,,,,,15.507371455821719,9.594238937626802,40.41758376131082,18.760954659247453,1419,16,15,0.788133379969816,0.6961321619890949,8.622706883572002,8.624098199563145,28,42.23973363305034,3.0,1.0501174434658718,1.745987140330304,ZINCf5000002sc2G_m01_t01,SER20;GLU17;LEU22,3.0,-21.50518063152741
486,native_first,ZINCf50000009sBq,COC1(C(=O)NCCOC(=N)O)CCC1,126,385,385,1,1,1,17.857142857142858,20.731008121704747,0.7542009639287462,15.635346308604387,5,216.23699999999997,0.18107000000000006,3.0,4.0,5.0,1.0,,,,24.512170865663283,10.0,5.0,5.0,5.0,3.0,1.0,,,,,10.991294684077607,6.466170488994171,36.61509029690846,14.371513729474025,1124,16,2,1.3982718096133393,1.0936336846255177,8.622706883572002,9.21970413049909,28,42.23973363305034,3.0,1.0520038177560993,1.5045669456708468,ZINCf50000009sBq_m01_t02,SER20;GLU17;LEU22,1.0,-40.167672933407815
487,native_first,ZINCf50000008K9v,CC(=O)NCCCCCC(=O)NNC=O,100,360,360,1,1,1,14.285714285714286,19.005613846886952,0.8317636118410501,15.808178018542966,4,215.25300000000001,-0.5398999999999996,3.0,3.0,8.0,1.0,,,,24.512170865663283,10.0,5.0,5.0,5.0,3.0,1.0,,,,,16.22763097063241,9.642946182144698,51.16703642078018,18.29876594439013,359,16,13,1.0895741573888063,0.8671161188980422,8.622706883572002,8.888774462757306,28,42.23973363305034,3.0,1.0524080321847722,1.1310591137963113,ZINCf50000008K9v_m01_t03,SER20;GLU17;LEU22,0.0,-38.656626874431915
488,native_first,ZINCf5000002qRsi,CCC[C@@H](CN)C(=O)NC/C=C/C(N)=O,697,405,405,1,1,1,14.285714285714286,17.205605691108325,0.794934295143843,13.677326032584089,4,213.281,-0.4808999999999983,3.0,3.0,7.0,1.0,,,,23.707739270531132,9.0,5.0,4.0,5.0,3.0,1.0,,,,,13.26558341150917,7.619719345251713,51.20943952802358,15.876122376264659,449,16,3,1.0760748860719862,1.06531531434427,8.622706883572002,7.975386706849305,28,42.23973363305034,3.0,1.054563482746872,1.6493082754370059,ZINCf5000002qRsi_m01_t01,SER20;GLU17;LEU22,1.0,-112.92864151583255
489,native_first,ZINCf50000029civ,[N-]=[N+]=NCCC(=O)NOCCOCCO,452,46,46,1,1,1,10.714285714285714,15.48021141629053,0.9319083773309343,14.426138701695113,3,218.21299999999994,-0.2564999999999999,2.0,5.0,9.0,1.0,,,,31.970942013998897,10.0,6.0,4.0,6.0,3.0,1.0,,,,,14.155857321293603,8.375069077038914,45.6990937188957,18.609628494469927,603,16,12,0.44394946164554144,0.5769900947601502,8.622706883572002,7.980175797221212,28,42.23973363305034,3.0,1.0550875084262294,1.4471912220390084,ZINCf50000029civ_m01_t03,SER20;GLU17;LEU22,3.0,22.265247742111015
490,native_first,ZINCf5000000aeNZ,N#Cc1nccnc1NCCOCCN,823,82,82,1,1,1,10.714285714285714,15.315268646616897,0.8697800638583806,13.320915341462698,3,207.23699999999994,-0.2645200000000002,2.0,6.0,6.0,1.0,,,,29.773798719106704,10.0,5.0,5.0,5.0,3.0,1.0,,,,,14.483100817654663,8.773503807125941,41.47239083897832,18.305775293017675,1486,16,9,0.7632974126296724,0.7815223678349631,7.259444124724703,6.42694122035352,28,42.23973363305034,3.0,1.0627083150439165,1.3333707610169128,ZINCf5000000aeNZ_m02_t02,SER20;GLU17;LEU22,0.0,129.12914665870943
491,native_first,ZINCf5000002rbRa,CC[C@@H](O)CNC[C@H](O)COCCOC,307,286,286,1,1,1,14.285714285714286,19.005613846886952,0.7827015441049887,14.875723304621571,4,221.29699999999997,-0.6291999999999995,3.0,5.0,10.0,1.0,,,,25.524123561538133,10.0,6.0,4.0,6.0,3.0,1.0,,,,,12.855230581723879,7.524807970621781,44.08211216224572,16.02245382667744,1039,16,12,1.1125970634717686,1.0639981021313916,8.622706883572002,7.646748714638778,28,42.23973363305034,3.0,1.0649350609543828,1.366728142777346,ZINCf5000002rbRa_m02_t01,SER20;GLU17;LEU22,1.0,89.70818587069971
492,native_first,ZINCf5000001ILTV,NS(=O)(=O)CCCNC(CCO)C1CC1,198,971,971,1,0,1,14.285714285714286,17.205605691108325,0.8890137692627647,15.296020367901086,4,236.33699999999996,-0.5843999999999991,3.0,4.0,8.0,1.0,,,,20.69373610250848,8.0,5.0,3.0,5.0,3.0,1.0,,,,,11.355283425457316,6.323779542296293,55.56733078988272,13.689896594720107,1198,16,2,0.8475701232345445,0.668171001463568,8.622706883572002,8.293499835566456,28,42.23973363305034,3.0,1.0714592968065264,1.7774778512776572,ZINCf5000001ILTV_m01_t01,SER20;GLU17;LEU22,3.0,-80.88905274022193
493,native_first,ZINCf5000000agon,NC(=O)COCCNS(=O)(=O)CCCCl,184,569,569,1,1,1,14.285714285714286,17.205605691108325,0.8910606669907848,15.331238483099426,4,258.727,-0.9633999999999989,2.0,4.0,9.0,1.0,,,,22.695786574656285,9.0,4.0,5.0,4.0,3.0,1.0,,,,,10.592041903127381,6.0974644341890345,40.29267202859697,13.617978071009606,1153,16,8,0.615622537857042,0.7374031118114353,8.622706883572002,7.824536671773727,28,42.23973363305034,3.0,1.0730279376296008,1.5931471321087365,ZINCf5000000agon_m01_t03,SER20;GLU17;LEU22,3.0,-95.91872821857058
494,native_first,ZINCf5000000aguA,NC(=O)CSC[C@H](O)COc1cnsn1,19,259,259,1,1,1,17.857142857142858,20.731008121704747,0.8019901404774822,16.626064115765814,5,249.317,-0.5037000000000007,2.0,7.0,7.0,1.0,,,,25.88884027917479,9.0,4.0,5.0,4.0,3.0,1.0,,,,,12.773309282938467,7.409044327143895,46.282751091703055,16.05219203199755,523,16,9,1.3959664374733434,0.8103048335776348,8.622706883572002,9.00394918075862,28,42.23973363305034,3.0,1.0765135856705739,1.4491924286395623,ZINCf5000000aguA_m01_t03,SER20;GLU17;LEU22,3.0,-10.11099081160818
495,native_first,ZINCf5000002dqDb,CC[C@@](C)(CN)C(=O)NCCCC(N)=O,828,406,406,1,1,1,14.285714285714286,17.205605691108325,0.7735844583573724,13.309989159266557,4,215.29699999999994,-0.25689999999999846,3.0,3.0,7.0,1.0,,,,23.707739270531132,9.0,5.0,4.0,5.0,3.0,1.0,,,,,13.264097677712074,7.619719345251713,51.165191740412965,15.875008075916842,1097,16,7,1.5109598036118945,0.8299255344810774,8.622706883572002,7.70273626854151,28,42.23973363305034,3.0,1.079194505140696,1.7444971532010818,ZINCf5000002dqDb_m01_t02,SER20;GLU17;LEU22,3.0,-46.29292754398756
496,native_first,ZINCf500000090y4,CCOC(=O)CC[C@@H](O)CSCC(N)=O,59,936,936,1,0,1,17.857142857142858,20.731008121704747,0.7730909917123003,16.026955628004476,5,235.30499999999998,-0.09089999999999987,2.0,5.0,8.0,1.0,,,,21.514590157676757,9.0,5.0,4.0,5.0,3.0,1.0,,,,,12.275552896792666,6.990157225737631,50.33433828076686,14.58531221201369,553,16,9,1.4750284250093668,0.8298415531549553,8.622706883572002,9.705607102052861,28,42.23973363305034,3.0,1.0852479915707907,1.704800358507326,ZINCf500000090y4_m01_t04,SER20;GLU17;LEU22,1.0,-40.97118295293053
497,native_first,ZINCf50000009Eij,CO[C@H](CNC(=O)CCC(N)=O)C1CC1,639,369,369,1,1,1,14.285714285714286,17.205605691108325,0.8060032558589924,13.867774206059318,4,214.26499999999996,-0.20689999999999964,2.0,3.0,7.0,1.0,,,,24.512170865663283,10.0,5.0,5.0,5.0,3.0,1.0,,,,,13.452262894218228,7.952753487823243,43.60859625057154,16.217239887079494,574,16,7,1.1865209358024134,0.9053963997083078,8.622706883572002,7.870141591296724,28,42.23973363305034,3.0,1.0855959405368232,1.7504256157934608,ZINCf50000009Eij_m01_t06,SER20;GLU17;LEU22,2.0,-14.894632602365926
498,native_first,ZINCf50000009tlL,COCC(=O)NCCNC(=O)CC1CC1,550,384,384,1,1,1,14.285714285714286,17.205605691108325,0.8195804566301162,14.101378168916288,4,214.26499999999996,-0.33469999999999955,2.0,3.0,7.0,1.0,,,,24.512170865663283,10.0,5.0,5.0,5.0,3.0,1.0,,,,,11.474385269572172,6.701082331585131,39.88568435323842,14.733831668594949,1123,16,0,0.8050580865288611,1.0552021845673236,8.622706883572002,7.7676442617846355,28,42.23973363305034,3.0,1.0896563057733164,1.4310400587267995,ZINCf50000009tlL_m01_t06,SER20;GLU17;LEU22,0.0,5.543004808029625
499,native_first,ZINCf500000091G1,CCOCCOC(=O)NCCS(C)(=O)=O,65,923,923,1,0,1,14.285714285714286,17.205605691108325,0.9286966687246292,15.978788688721822,4,239.29299999999998,-0.20629999999999904,1.0,5.0,7.0,1.0,,,,21.627260845667575,9.0,5.0,4.0,5.0,3.0,1.0,,,,,9.33483509135082,5.249009745594913,42.12456801759347,12.407941529930008,495,16,11,0.7208189660888269,0.4583338940688277,8.622706883572002,8.211061697761615,28,42.23973363305034,3.0,1.0909689207227085,1.6434252785177765,ZINCf500000091G1_m01_t01,SER20;GLU17;LEU22,1.0,-53.07101466668767
500,native_first,ZINCf5000002rbnf,CC[C@H](O)CC(=O)OCCCS(N)(=O)=O,16,935,935,1,0,1,17.857142857142858,20.731008121704747,0.8055306401141291,16.699462242488035,5,239.29299999999995,-0.6307999999999989,2.0,5.0,7.0,1.0,,,,21.514590157676757,9.0,5.0,4.0,5.0,3.0,1.0,,,,,13.240310374467509,7.55211432820159,53.6463098505642,15.308880320269822,361,16,7,1.1699516781492394,0.9780441637388553,8.622706883572002,8.676784409314527,28,42.23973363305034,3.0,1.0953537430027531,1.4558402879470538,ZINCf5000002rbnf_m01_t01,SER20;GLU17;LEU22,2.0,-125.68010760048791
501,native_first,ZINCf50000018ajM,O=C(O)COCCNC(=O)[C@@H](F)C1CC1,301,568,568,1,1,1,14.285714285714286,17.205605691108325,0.865769104471615,14.896081831082578,4,219.212,-0.04809999999999981,2.0,3.0,7.0,1.0,,,,22.695786574656285,9.0,4.0,5.0,4.0,3.0,1.0,,,,,10.597837861399153,6.0974644341890345,40.46102517440098,13.622325039713438,525,16,9,0.7681974416891457,0.8558651500067179,8.622706883572002,9.079630541485313,28,42.23973363305034,3.0,1.1006182249283698,1.745663474110844,ZINCf50000018ajM_m01_t02,SER20;GLU17;LEU22,2.0,93.04569570956512
502,native_first,ZINCf5000000Ztuj,CO[C@H](C)C(=N)NOCc1n[nH]c(=N)o1,975,729,729,0,1,1,14.285714285714286,17.205605691108325,0.7471470984782627,12.855118369672669,4,215.21300000000002,-0.48445999999999984,4.0,6.0,5.0,1.0,,,,25.88884027917479,9.0,4.0,5.0,4.0,3.0,1.0,,,,,13.243888687705214,7.605255375961217,51.21632543103449,16.405126585572607,1269,16,0,1.2708782657422837,1.1654752081863065,8.622706883572002,7.602747610356044,28,42.23973363305034,3.0,1.1083356484568054,1.4784416185199964,ZINCf5000000Ztuj_m01_t02,SER20;GLU17;LEU22,1.0,20.941159709100575
503,native_first,ZINCf5000000auKc,O=C1CC2(CN1)CC(NS(=O)(=O)CBr)C2,222,1064,1064,1,0,1,14.285714285714286,17.205605691108325,0.8826220051618197,15.186046195109645,4,297.174,-0.07309999999999994,2.0,3.0,3.0,1.0,,,,19.698205866669763,8.0,4.0,4.0,4.0,3.0,1.0,,,,,6.573503432098912,3.6068776918358267,37.03201970443351,9.854679040741624,756,16,7,0.9328160340047468,0.6516944376153339,8.622706883572002,8.901212680032893,28,42.23973363305034,3.0,1.110518938163477,1.6734003587871473,ZINCf5000000auKc_m01_t02,SER20;GLU17;LEU22,0.0,-56.11154196908156
504,native_first,ZINCf5000000ZxN4,NS(=O)(=O)NCCCNCc1cncs1,182,498,498,1,1,1,14.285714285714286,17.205605691108325,0.8917228053295833,15.342630974269758,4,250.34900000000002,-0.5840999999999998,3.0,5.0,7.0,1.0,,,,22.891259571188275,8.0,4.0,4.0,4.0,3.0,1.0,,,,,14.302527286497385,8.060720807664074,63.383237722121166,16.449710357670106,1501,16,15,0.8913875719309482,0.6279366942399881,8.622706883572002,8.488091047614445,28,42.23973363305034,3.0,1.1116357409358426,1.485401562128927,ZINCf5000000ZxN4_m01_t01,SER20;GLU17;LEU22,3.0,-223.74858603978146
505,native_first,ZINCf50000009q0n,COC(=O)CSCC(=O)NS(=O)(=O)CI,575,927,927,1,0,1,10.714285714285714,15.48021141629053,0.9062538151924676,14.029000655999285,3,367.18600000000004,-0.26890000000000014,1.0,6.0,6.0,1.0,,,,21.627260845667575,9.0,5.0,4.0,5.0,3.0,1.0,,,,,8.664653786874444,4.873883960998611,38.98990489554099,11.905305551572729,249,16,13,0.6253608089044007,0.6687561438254592,8.622706883572002,8.04378213837952,28,42.23973363305034,3.0,1.1126966942579555,1.5650261191005468,ZINCf50000009q0n_m01_t01,SER20;GLU17;LEU22,3.0,-29.362771163641924
506,native_first,ZINCf5000002s6Dh,COC[C@H](CCCN)NCCOCCO,432,282,282,1,1,1,10.714285714285714,15.48021141629053,0.9344835216848719,14.466002480721533,3,220.313,-0.6611999999999978,3.0,5.0,11.0,1.0,,,,25.524123561538133,10.0,6.0,4.0,6.0,3.0,1.0,,,,,13.711743659206455,8.145165599894627,43.312247891455826,16.664838634789376,1339,16,7,0.3847247108451296,0.5798739335800556,8.622706883572002,7.9527229638674415,28,42.23973363305034,3.0,1.116885105463557,1.3881915751407838,ZINCf5000002s6Dh_m01_t01,SER20;GLU17;LEU22,0.0,67.98488888627152
507,native_first,ZINCf50000017voJ,CCC(O)(CC)CCNC(=O)CC(N)=O,625,276,276,1,1,1,14.285714285714286,17.205605691108325,0.8084280959835635,13.909495049106667,4,216.28099999999998,-0.08079999999999965,3.0,3.0,7.0,1.0,,,,25.524123561538133,10.0,6.0,4.0,6.0,3.0,1.0,,,,,14.369689693282039,8.551764395803772,44.950048732943465,17.158298160346064,897,16,15,1.1405019001481926,0.975893494176753,8.622706883572002,8.386626291591798,28,42.23973363305034,3.0,1.1185479631707334,1.2842368418170378,ZINCf50000017voJ_m01_t04,SER20;GLU17;LEU22,3.0,-64.57475995657043
508,native_first,ZINCf5000002rOKV,CC(=O)NNC(=O)C[C@@H]1CCNC1(C)C,1091,1347,1347,0,0,1,10.714285714285714,15.315268646616897,0.8140873960704684,12.467967172644036,3,213.28099999999998,-0.0680999999999996,3.0,3.0,2.0,1.0,,,,19.698205866669763,8.0,4.0,4.0,4.0,3.0,1.0,,,,,9.255058829365028,5.1572165599465665,45.05522088353413,11.865845588691212,105,16,10,1.100654655061624,0.8509767710614301,7.259444124724703,6.155017300509256,28,42.23973363305034,3.0,1.1199707431721642,1.57755468227979,ZINCf5000002rOKV_m02_t08,SER20;GLU17;LEU22,0.0,28.546656574343288
509,native_first,ZINCf50000027RNd,COCCNC(=O)CN(C)S(=O)(=O)CI,331,924,924,1,0,1,14.285714285714286,17.205605691108325,0.859806173005786,14.793485983518421,4,350.178,-0.5968999999999993,1.0,4.0,7.0,1.0,,,,21.627260845667575,9.0,5.0,4.0,5.0,3.0,1.0,,,,,9.31958432518295,5.290137709920398,39.10703001579778,12.396503455304106,432,16,3,0.9958517606177397,0.7562225904956748,8.622706883572002,8.334219807903414,28,42.23973363305034,3.0,1.1226954274508052,1.860969116079424,ZINCf50000027RNd_m01_t03,SER20;GLU17;LEU22,2.0,4.153167730903575
510,native_first,ZINCf500000181o6,N#CCCCC(=O)NOCCOCCO,394,204,204,1,1,1,10.714285714285714,15.48021141629053,0.9447362283761735,14.624716547892099,3,216.23699999999994,-0.26302,2.0,5.0,9.0,1.0,,,,26.580745014588192,10.0,5.0,5.0,5.0,3.0,1.0,,,,,13.309263781484301,7.96894298125041,40.34842472342473,16.627134089760272,455,16,3,0.44266119268291504,0.5274424235380167,8.622706883572002,8.308592904661781,28,42.23973363305034,3.0,1.1230775929808035,0.8785756782843057,ZINCf500000181o6_m01_t01,SER20;GLU17;LEU22,0.0,15.440392773630789
511,native_first,ZINCf500000184cO,NCCOCCC(=O)NCc1cnon1,1028,727,727,0,1,1,10.714285714285714,15.315268646616897,0.8297687021406507,12.708130587838703,3,214.225,-0.9487999999999992,2.0,6.0,7.0,1.0,,,,25.88884027917479,9.0,4.0,5.0,4.0,3.0,1.0,,,,,14.08565958577401,8.120702444093423,53.06074428033594,17.036454759124204,536,16,0,0.9761481933398546,0.8196653876660515,7.259444124724703,6.069009476367821,28,42.23973363305034,3.0,1.1233457620841265,1.4988115064738263,ZINCf500000184cO_m02_t03,SER20;GLU17;LEU22,2.0,6.230341511007749
512,native_first,ZINCf50000009XeK,C[C@H](N)CCNS(=O)(=O)c1cnc(O)s1,926,702,702,0,1,1,14.285714285714286,17.040662921434695,0.7648219750578592,13.033073471866912,4,251.333,-0.13570000000000004,3.0,6.0,5.0,1.0,,,,26.900792975049644,9.0,5.0,4.0,5.0,3.0,1.0,,,,,13.706615143442635,7.929282358962657,50.50472508591063,17.00515960134439,61,16,10,1.298783189851832,1.0409803877140922,8.317947102500712,9.306991268643838,28,42.23973363305034,3.0,1.123748490889748,1.6488037733928003,ZINCf50000009XeK_m01_t01,SER20;GLU17;LEU22,0.0,-64.46668652576683
513,native_first,ZINCf5000001SQz0,CCNS(=O)(=O)CCCNC(C)C(=O)O,249,403,403,1,1,1,14.285714285714286,17.205605691108325,0.8771442164348431,15.091797522214089,4,238.309,-0.6214999999999993,3.0,4.0,8.0,1.0,,,,23.707739270531132,9.0,5.0,4.0,5.0,3.0,1.0,,,,,13.938444322114707,8.093637312153291,50.16506266786035,16.380768059218813,699,16,10,0.8876654565109287,0.7195380434215695,8.622706883572002,8.303590947677387,28,42.23973363305034,3.0,1.124917421062408,1.820340054969262,ZINCf5000001SQz0_m01_t02,SER20;GLU17;LEU22,1.0,-58.37470352847705
514,native_first,ZINCf5000000YbHL,NC(=O)CSCCOC(=O)c1cnsn1,272,312,312,1,1,1,17.857142857142858,20.731008121704747,0.7241753046813205,15.012884122886465,5,247.30100000000002,-0.08660000000000001,1.0,7.0,6.0,1.0,,,,24.83149297042401,9.0,5.0,4.0,5.0,3.0,1.0,,,,,13.958829398740965,7.958155926399719,56.74969942891496,16.676995291661726,477,16,8,1.340646941900152,1.2694777928225425,8.622706883572002,7.654675224981833,28,42.23973363305034,3.0,1.1315031538245581,1.3779142009552396,ZINCf5000000YbHL_m01_t01,SER20;GLU17;LEU22,0.0,27.369785402921835
515,native_first,ZINCf5000000VZ9d,COC[C@H](N)c1cn([C@H](C)C(=O)O)nn1,69,255,255,1,1,1,17.857142857142858,20.731008121704747,0.7703298929589956,15.969715267324885,5,214.225,-0.4300999999999993,2.0,6.0,5.0,1.0,,,,25.88884027917479,9.0,4.0,5.0,4.0,3.0,1.0,,,,,13.636744223437974,7.902509694695549,49.70056620209058,16.69976823737218,1194,16,5,1.187721959489871,1.117846007996595,8.622706883572002,7.824843145613095,28,42.23973363305034,3.0,1.1330401615079133,1.8494808367890394,ZINCf5000000VZ9d_m01_t01,SER20;GLU17;LEU22,0.0,16.487525094703408
516,native_first,ZINCf5000000ZtaC,COC[C@@H](C)CNc1nnc(O)nc1O,696,1168,1168,1,0,1,14.285714285714286,17.205605691108325,0.7949959233198146,13.678386382679319,4,214.22500000000002,-0.022800000000000264,3.0,7.0,5.0,1.0,,,,28.049557604584436,9.0,4.0,5.0,4.0,2.0,1.0,,,,,12.927408890513037,7.541681265578254,45.22100828334762,16.70794606903089,104,16,2,1.0319862078013238,1.1330287298454753,8.622706883572002,8.733392041113222,28,42.23973363305034,3.0,1.1353456803016024,1.8840490064351247,ZINCf5000000ZtaC_m01_t06,SER20;GLU17;LEU22,2.0,2.0275272104172437
517,native_first,ZINCf500000259iK,COCCCCN(CCN)C[C@@H](O)CO,565,275,275,1,1,1,10.714285714285714,15.48021141629053,0.907785675263512,14.052714173759226,3,220.313,-0.9730999999999974,3.0,5.0,10.0,1.0,,,,25.524123561538133,10.0,6.0,4.0,6.0,3.0,1.0,,,,,14.918636788687886,8.922316683587189,45.49178317390235,17.570008481900445,511,16,7,0.516173395156028,0.6058209618173388,8.622706883572002,7.509096229810126,28,42.23973363305034,3.0,1.1379885172824518,1.8433956977887993,ZINCf500000259iK_m02_t01,SER20;GLU17;LEU22,2.0,145.58632228617213
518,native_first,ZINCf5000000ajrP,NCCOCCNc1cnc(CN)cn1,504,64,64,1,1,1,14.285714285714286,19.51621273201044,0.7296343783539453,14.23969974454379,4,211.26899999999998,-0.6774999999999989,3.0,6.0,7.0,1.0,,,,29.898373683036166,10.0,5.0,5.0,5.0,3.0,1.0,,,,,18.491070671070243,11.182470306074045,53.37707559929782,21.342896424061724,1300,16,3,1.5564147185672166,1.162198098145861,12.606986515420724,12.782989587147872,28,42.23973363305034,3.0,1.142243116596132,1.5871818630995236,ZINCf5000000ajrP_m01_t02,SER20;GLU17;LEU22,0.0,88.43930772143403
519,native_first,ZINCf50000009H2Z,CSC[C@@H](O)CNCCCCS(N)(=O)=O,571,972,972,1,0,1,14.285714285714286,17.205605691108325,0.8160003497964309,14.039780262403855,4,256.393,-0.6313999999999993,3.0,5.0,9.0,1.0,,,,20.69373610250848,8.0,5.0,3.0,5.0,3.0,1.0,,,,,10.61715453484423,5.8925269366562905,53.56786071071784,13.136299926760293,610,16,10,1.255060415455283,0.8459631805694242,8.622706883572002,8.79364525059466,28,42.23973363305034,3.0,1.1423363586266255,1.5693877307452393,ZINCf50000009H2Z_m01_t01,SER20;GLU17;LEU22,3.0,-45.27313544675296
520,native_first,ZINCf5000000Zy49,Nc1nonc1C(=O)NCCOCCF,691,267,267,1,1,1,10.714285714285714,15.48021141629053,0.8849946469685136,13.699904237357991,3,218.18799999999993,-0.6323000000000003,2.0,6.0,6.0,1.0,,,,25.88884027917479,9.0,4.0,5.0,4.0,3.0,1.0,,,,,10.974880370783529,6.282009641586601,43.384693287037045,14.703370347881345,990,16,13,0.6109712460878166,0.8114069716244875,8.622706883572002,8.04514398743231,28,42.23973363305034,3.0,1.143604449312915,1.5587316090446013,ZINCf5000000Zy49_m01_t04,SER20;GLU17;LEU22,0.0,29.995897908448217
521,native_first,ZINCf5000002e2rd,COC1CC(C(=O)N2CC(O)(CF)C2)C1,77,1113,1113,1,0,1,17.857142857142858,20.731008121704747,0.7684834155692497,15.93143592956152,5,217.23999999999995,-0.04580000000000051,1.0,3.0,3.0,1.0,,,,16.813295846674055,7.0,4.0,3.0,4.0,3.0,1.0,,,,,8.796551992856916,4.735486110736655,61.765569917743825,10.800737956311202,185,16,9,1.2143614002351064,1.1697369781075295,8.622706883572002,8.489959427181333,28,42.23973363305034,3.0,1.1456617365788178,1.8928660895818084,ZINCf5000002e2rd_m01_t01,SER20;GLU17;LEU22,0.0,19.923384920682246
522,native_first,ZINCf50000017NKe,CO[C@@H]1C[C@H]1C(=O)N1CC[C@@](F)(CO)C1,114,1115,1115,1,0,1,17.857142857142858,20.731008121704747,0.7571313017238352,15.696095165233716,5,217.23999999999995,-0.04580000000000001,1.0,3.0,3.0,1.0,,,,16.813295846674055,7.0,4.0,3.0,4.0,3.0,1.0,,,,,8.48329905427532,4.5951062175314865,55.143474842767304,10.565798252375005,1032,16,5,1.155028004508639,1.2363120632745903,8.622706883572002,7.943272044840778,28,42.23973363305034,3.0,1.1459427787053855,1.9033486765529968,ZINCf50000017NKe_m01_t01,SER20;GLU17;LEU22,1.0,21.728910267434046
523,native_first,ZINCf50000017KXN,COCO[C@@H](C)C(=O)NCC[S@](C)(=N)=O,28,364,364,1,1,1,17.857142857142858,20.731008121704747,0.795306583717535,16.487507246293475,5,238.30899999999997,-0.21182999999999902,2.0,5.0,7.0,1.0,,,,24.512170865663283,10.0,5.0,5.0,5.0,3.0,1.0,,,,,14.513977266560502,8.587696085175207,46.832842776551395,17.013525666336196,1440,16,10,1.155822853280813,1.0017469801729433,8.622706883572002,7.923307721549787,28,42.23973363305034,3.0,1.147848050273455,1.7121441937791102,ZINCf50000017KXN_m01_t03,SER20;GLU17;LEU22,3.0,-3.322711444748661
524,native_first,ZINCf500000091IN,CCOCCONC(=O)NCCCCN,1276,785,785,0,1,1,10.714285714285714,15.315268646616897,0.7569802065781961,11.593355223916628,3,219.28499999999997,-0.007399999999998186,3.0,4.0,9.0,1.0,,,,24.512170865663283,10.0,5.0,5.0,5.0,3.0,1.0,,,,,14.738982406640162,8.692693880735572,48.413392884270664,17.18227952139594,889,16,13,1.2155740680518154,1.1984894712856597,7.259444124724703,6.5956789479433615,28,42.23973363305034,3.0,1.1485107931536873,1.390693323589116,ZINCf500000091IN_m01_t02,SER20;GLU17;LEU22,0.0,-26.783348256316003
525,native_first,ZINCf5000000abTo,Cn1ncc(CNCCSCC(=O)O)n1,543,215,215,1,1,1,14.285714285714286,17.205605691108325,0.8202537517803878,14.112962619785597,4,230.293,-0.27750000000000036,2.0,6.0,7.0,1.0,,,,26.53520657344019,10.0,6.0,4.0,6.0,3.0,1.0,,,,,16.2801910337776,9.496138626068241,57.003700645319164,18.84394491869325,1164,16,14,1.01497518283407,0.8978200098438434,8.622706883572002,9.609338625734543,28,42.23973363305034,3.0,1.1494884823243248,1.4449211589793771,ZINCf5000000abTo_m01_t01,SER20;GLU17;LEU22,1.0,15.78694042377831
526,native_first,ZINCf5000000ayno,OCCOCCSc1nnc2nc[nH]n12,984,642,642,0,1,1,14.285714285714286,19.005613846886952,0.6748867245842786,12.826636477839145,4,229.26500000000004,-0.44660000000000005,2.0,7.0,6.0,1.0,,,,30.723606088065758,10.0,5.0,5.0,5.0,3.0,1.0,,,,,18.72730298412704,11.256010356669098,55.69628474928555,21.72637876011172,548,16,12,2.114769097825875,1.0954378122319426,8.622706883572002,8.787230221588947,28,42.23973363305034,3.0,1.150162874633612,1.6096305958044015,ZINCf5000000ayno_m01_t01,SER20;GLU17;LEU22,3.0,123.31539978946702
527,native_first,ZINCf5000000awgf,O=C1NCC[C@H]1C(=O)N[C@H]1C[C@H](CF)C1,579,1055,1055,1,0,1,10.714285714285714,15.48021141629053,0.9057636611805436,14.021412968268159,3,214.23999999999995,-0.0132000000000001,2.0,2.0,3.0,1.0,,,,19.698205866669763,8.0,4.0,4.0,4.0,3.0,1.0,,,,,7.355059286690385,4.051844141014925,39.80817476095806,10.44084593168523,618,16,0,0.6847357574051341,0.6455763539655033,8.622706883572002,9.13315393277033,28,42.23973363305034,3.0,1.152540991901362,1.6829114663281544,ZINCf5000000awgf_m01_t06,SER20;GLU17;LEU22,1.0,-39.386504511323636
528,native_first,ZINCf50000009ujW,COCCCNS(=O)(=O)c1cnc(O)s1,420,243,243,1,1,1,17.857142857142858,20.731008121704747,0.7002969877682302,14.517862541028551,5,252.317,0.1635000000000001,2.0,6.0,6.0,1.0,,,,25.88884027917479,9.0,4.0,5.0,4.0,3.0,1.0,,,,,14.983911872733142,8.653738256163985,55.80514059753955,17.710143974343552,389,16,9,1.6209176452343612,1.0664882558128173,8.622706883572002,6.9865397963055536,28,42.23973363305034,3.0,1.1534913073421924,1.6943199064228132,ZINCf50000009ujW_m01_t01,SER20;GLU17;LEU22,0.0,-58.23794095185547
529,native_first,ZINCf50000017yx3,CCOC[C@@H](O)CNCCCNC(N)=O,443,399,399,1,1,1,17.857142857142858,20.731008121704747,0.6961843485635363,14.4326033842744,5,219.28499999999997,-0.9681999999999986,4.0,4.0,9.0,1.0,,,,23.707739270531132,9.0,5.0,4.0,5.0,3.0,1.0,,,,,14.567483048489121,8.453395251770738,52.64151651651652,16.852547103999623,1169,16,12,1.9293339627078034,1.0685222393211664,8.622706883572002,9.164618592530067,28,42.23973363305034,3.0,1.1536642441680562,1.130826856272499,ZINCf50000017yx3_m02_t01,SER20;GLU17;LEU22,3.0,-79.968930221177
530,native_first,ZINCf5000002e2dg,CNS(=O)(=O)NCCCNC(=O)CCBr,106,1019,1019,1,0,1,14.285714285714286,17.205605691108325,0.9168600637165621,15.775132730231622,4,302.19399999999996,-0.6685000000000003,3.0,3.0,8.0,1.0,,,,19.698205866669763,8.0,4.0,4.0,4.0,3.0,1.0,,,,,9.991882330217386,5.534213729792105,51.36543826163559,12.41846321433048,1206,16,9,0.8185268372405657,0.48794794898738525,8.622706883572002,8.904568656326713,28,42.23973363305034,3.0,1.1555216153440533,1.4758600428396083,ZINCf5000002e2dg_m01_t01,SER20;GLU17;LEU22,2.0,-230.32939374054925
531,native_first,ZINCf50000017BhD,CC[S@@](=N)(=O)NC(=O)CCCCC(N)=O,482,359,359,1,1,1,14.285714285714286,17.205605691108325,0.8338382462365144,14.346692074910756,4,235.3089999999999,0.12996999999999959,3.0,4.0,7.0,1.0,,,,24.512170865663283,10.0,5.0,5.0,5.0,3.0,1.0,,,,,17.159855285300143,10.230620800442269,53.1764403292181,18.997934180390928,75,16,7,1.134447017181483,0.8216812586665828,8.622706883572002,8.37662607806278,28,42.23973363305034,3.0,1.1571987059078428,1.1793712341525,ZINCf50000017BhD_m01_t07,SER20;GLU17;LEU22,3.0,-171.39448556602616
532,native_first,ZINCf5000002enFW,O=C(NOC[C@H](O)CO)c1sncc1Br,412,1175,1175,1,0,1,17.857142857142858,20.731008121704747,0.7021030165832793,14.555303339061366,5,297.13,-0.07980000000000026,3.0,6.0,5.0,1.0,,,,28.049557604584436,9.0,4.0,5.0,4.0,2.0,1.0,,,,,10.645508460274296,6.2474207122835,35.9626802374894,14.996520746351832,468,16,0,1.6984579788033765,1.2295184185841326,8.622706883572002,8.877985519738578,28,42.23973363305034,3.0,1.1583551564616021,1.4437781981674123,ZINCf5000002enFW_m01_t01,SER20;GLU17;LEU22,0.0,47.72165332927336
533,native_first,ZINCf5000002oI03,OCCOCCOCCN=c1nc[nH]s1,343,231,231,1,1,1,14.285714285714286,19.005613846886952,0.7768168940538444,14.763881918125458,4,233.29300000000003,-0.6025999999999994,2.0,6.0,8.0,1.0,,,,25.88884027917479,9.0,4.0,5.0,4.0,3.0,1.0,,,,,16.161689339691975,9.390361272090345,57.9466122868901,18.59347707456268,460,16,0,1.4852018949483166,0.8645793717745671,8.622706883572002,7.9058777805419815,28,42.23973363305034,3.0,1.1596882664205825,1.631793959222094,ZINCf5000002oI03_m01_t03,SER20;GLU17;LEU22,2.0,55.831971909892324
534,native_first,ZINCf50000009FCM,CS(=O)(=O)CCCC(=O)Nc1nnco1,191,486,486,1,1,1,14.285714285714286,17.205605691108325,0.8904088633035413,15.320023805868704,4,233.24900000000002,-0.16710000000000041,1.0,6.0,5.0,1.0,,,,23.00393025917909,8.0,4.0,4.0,4.0,3.0,1.0,,,,,7.7668052533075596,4.296128611695676,40.422938559121455,11.576086504775443,561,16,15,0.9570773947054751,0.5571499238412934,8.622706883572002,9.076417693842785,28,42.23973363305034,3.0,1.160171266780609,1.6209806192327132,ZINCf50000009FCM_m01_t01,SER20;GLU17;LEU22,0.0,-44.529952875333386
535,native_first,ZINCf5000000S7m9,O=C(NCCOCCO)c1cc(Br)n[nH]1,661,69,69,1,1,1,10.714285714285714,15.48021141629053,0.8906159819729997,13.786923691669232,3,278.106,-0.08910000000000007,3.0,4.0,6.0,1.0,,,,29.898373683036166,10.0,5.0,5.0,5.0,3.0,1.0,,,,,16.601278959321835,10.08108181749272,46.99923381617371,19.92555264025042,632,16,14,0.5285395751001164,0.7242879917158113,8.622706883572002,7.5420795849474125,28,42.23973363305034,3.0,1.164158913140381,1.5744129358866694,ZINCf5000000S7m9_m01_t06,SER20;GLU17;LEU22,2.0,-5.845726959707566
536,native_first,ZINCf5000001P0vn,O=C1C[C@@H](NS(=O)(=O)CCCCF)CO1,598,1081,1081,1,0,1,14.285714285714286,19.005613846886952,0.7352877343740098,13.974594745864817,4,239.26799999999992,-0.029000000000000137,1.0,4.0,6.0,1.0,,,,18.629680137681053,8.0,5.0,3.0,5.0,3.0,1.0,,,,,6.053685035244116,3.279330128497874,39.312882829480344,9.197683810853349,1427,16,5,1.3970704350431111,1.040251762345492,8.622706883572002,7.117701500399283,28,42.23973363305034,3.0,1.167641979514693,1.740404487646873,ZINCf5000001P0vn_m01_t02,SER20;GLU17;LEU22,2.0,-94.61182994423305
537,native_first,ZINCf5000002s633,COCCCS(=O)(=O)NCCC1(O)CC1,68,938,938,1,0,1,17.857142857142858,20.731008121704747,0.7704642327937513,15.972500267530275,5,237.32099999999997,-0.14270000000000005,2.0,4.0,8.0,1.0,,,,21.514590157676757,9.0,5.0,4.0,5.0,3.0,1.0,,,,,11.12630240193662,6.329746296696483,45.934726048362414,13.723374340871656,1469,16,7,1.1413622558855783,1.092150437691154,8.622706883572002,7.506318952719007,28,42.23973363305034,3.0,1.1680731499699302,1.8324237596567758,ZINCf5000002s633_m01_t01,SER20;GLU17;LEU22,2.0,-63.95970025967527
538,native_first,ZINCf5000000WAuu,COC(=O)CS(=O)(=O)NCCCCCO,479,934,934,1,0,1,10.714285714285714,15.48021141629053,0.9276511760309233,14.360236325529234,3,239.29299999999995,-0.7585999999999997,2.0,5.0,8.0,1.0,,,,21.514590157676757,9.0,5.0,4.0,5.0,3.0,1.0,,,,,13.377961948584794,7.676133419100338,52.01376004947432,15.412119000857786,1252,16,15,0.617251758373389,0.5686279338932875,8.622706883572002,8.648741242260938,28,42.23973363305034,3.0,1.1685573715433748,1.8805316446571456,ZINCf5000000WAuu_m01_t01,SER20;GLU17;LEU22,1.0,-103.7133146651504
539,native_first,ZINCf50000017vcf,CCC(=O)COC(=O)CCS(=O)(=O)NC,54,918,918,1,0,1,14.285714285714286,17.205605691108325,0.9364598605238601,16.112359105723836,4,237.277,-0.5519999999999994,1.0,5.0,7.0,1.0,,,,21.627260845667575,9.0,5.0,4.0,5.0,3.0,1.0,,,,,11.916377303729801,6.763457215244406,50.04287496102277,14.344098189214243,1393,16,5,0.670007222941375,0.4303741182120757,8.622706883572002,8.193017066412569,28,42.23973363305034,3.0,1.1693724832702153,1.1802431546748593,ZINCf50000017vcf_m01_t06,SER20;GLU17;LEU22,2.0,-54.8038893278912
540,native_first,ZINCf5000000ae2o,N#CC[C@H](N)C(=O)NCCCCC(=O)O,726,181,181,1,1,1,14.285714285714286,17.205605691108325,0.7891084932418757,13.577089582224332,4,213.23699999999997,-0.4015199999999997,3.0,4.0,7.0,1.0,,,,26.705319978517654,10.0,5.0,5.0,5.0,3.0,1.0,,,,,17.68229720515696,10.695074341551843,51.00352165219208,19.938052898497133,1414,16,12,1.7390004070415936,0.5979442556667202,8.622706883572002,8.641658970493834,28,42.23973363305034,3.0,1.1702927344884526,1.6781827327409775,ZINCf5000000ae2o_m01_t07,SER20;GLU17;LEU22,0.0,-23.89824568030547
541,native_first,ZINCf50000017Hd9,CNOCCCNC(=O)c1nsnc1O,803,68,68,1,1,1,17.857142857142858,20.731008121704747,0.6451988311685172,13.37562220906894,5,232.26500000000001,-0.48540000000000083,3.0,7.0,6.0,1.0,,,,29.898373683036166,10.0,5.0,5.0,5.0,3.0,1.0,,,,,16.82836360548352,10.114199434159216,50.05990011835686,20.09586612487168,518,16,15,1.7734166434452074,1.540667444404038,8.622706883572002,9.101318583855615,28,42.23973363305034,3.0,1.1708067506415014,1.5447874107529929,ZINCf50000017Hd9_m01_t04,SER20;GLU17;LEU22,3.0,-8.694099932914696
542,native_first,ZINCf5000000afdd,N=c1[nH]nc(C(=O)NCCOCCS)o1,112,142,142,1,1,1,14.285714285714286,19.51621273201044,0.8052357054014462,15.715151326025113,4,232.26499999999996,-0.8416299999999999,4.0,6.0,6.0,1.0,,,,27.71640299041971,10.0,5.0,5.0,5.0,3.0,1.0,,,,,14.895010270950984,8.725198062242113,50.858039529914514,18.100358450818167,1119,16,8,1.3714554202368678,0.815211670725691,12.606986515420724,12.305765025408204,28,42.23973363305034,3.0,1.1731299830931095,1.4810060430601173,ZINCf5000000afdd_m01_t06,SER20;GLU17;LEU22,0.0,10.745766274489426
543,native_first,ZINCf5000000ZtoQ,CO[C@@H](C)Cc1nc(CS(N)(=O)=O)no1,62,462,462,1,1,1,14.285714285714286,17.205605691108325,0.9302812880173539,16.006053023442966,4,235.265,-0.5644999999999991,1.0,6.0,5.0,1.0,,,,23.00393025917909,8.0,4.0,4.0,4.0,3.0,1.0,,,,,12.764289888668323,7.146473664915015,59.67305629401615,15.324199981296015,1325,16,0,0.5571169266649202,0.5837171799453843,8.622706883572002,8.492106124319525,28,42.23973363305034,3.0,1.173664106200939,1.7320129437557277,ZINCf5000000ZtoQ_m01_t03,SER20;GLU17;LEU22,2.0,-59.344875136311764
544,native_first,ZINCf5000002mw02,CC[C@H](CCO)CN[C@H](C)CS(N)(=O)=O,735,587,587,1,1,1,14.285714285714286,17.205605691108325,0.7879457254407989,13.557083457928687,4,238.35299999999998,-0.3383999999999984,3.0,4.0,8.0,1.0,,,,22.51012039351548,9.0,6.0,3.0,6.0,3.0,1.0,,,,,12.813393671107953,7.3600503205978205,49.46078431372549,15.237575351709834,948,16,14,1.127336685286246,1.092891055160899,8.622706883572002,8.160724387767596,28,42.23973363305034,3.0,1.1752492639882313,1.8591741300877522,ZINCf5000002mw02_m01_t01,SER20;GLU17;LEU22,1.0,-77.0895737972662
545,native_first,ZINCf50000009FBe,CS(=O)(=O)CCC(=O)NCc1ccno1,195,485,485,1,1,1,14.285714285714286,17.205605691108325,0.8894702657357435,15.303874666214542,4,232.26100000000002,-0.2745000000000002,1.0,5.0,5.0,1.0,,,,23.00393025917909,8.0,4.0,4.0,4.0,3.0,1.0,,,,,8.511417145805163,4.712556086928814,43.89925461710108,12.134545424148644,963,16,0,0.7676836462391616,0.707468955381508,8.622706883572002,8.16357384224148,28,42.23973363305034,3.0,1.177319918456712,1.542320963486067,ZINCf50000009FBe_m01_t01,SER20;GLU17;LEU22,0.0,-28.13890079171963
546,native_first,ZINCf5000000amzy,N[C@@H]1C[C@@H]1[C@H]1C[C@@H]1C(=O)NS(=O)(=O)CI,1229,1403,1403,0,0,1,10.714285714285714,13.31077424992383,0.8890849980801006,11.83440969843818,3,344.174,-0.19180000000000014,2.0,4.0,4.0,1.0,,,,17.870643155424844,7.0,3.0,4.0,3.0,3.0,1.0,,,,,7.264187803869797,3.9592061161932266,43.96108663729808,9.91580164175856,880,16,4,0.7894993032137259,0.7074851030589425,6.275722348861524,6.611109185593686,28,42.23973363305034,3.0,1.1782302440840036,1.7838986010610363,ZINCf5000000amzy_m01_t01,SER20;GLU17;LEU22,3.0,-43.32715492505723
547,native_first,ZINCf5000002ecKi,CS(=O)(=O)CCN1CC[C@@H]([S@@](C)(=N)=O)C1,377,920,920,1,0,1,14.285714285714286,17.205605691108325,0.852941749589381,14.675379420918944,4,254.377,-0.21812999999999877,1.0,5.0,4.0,1.0,,,,21.627260845667575,9.0,5.0,4.0,5.0,3.0,1.0,,,,,10.353475001712386,5.938386365425441,40.36173205596108,13.171921462701183,431,16,12,0.8079486139716654,0.8882250255535423,8.622706883572002,7.980610814395557,28,42.23973363305034,3.0,1.1800489555999896,1.7395465306904814,ZINCf5000002ecKi_m02_t01,SER20;GLU17;LEU22,2.0,-26.513139394599065
548,native_first,ZINCf5000001oltJ,COC(=O)CCNc1nnc(O)nc1O,692,1169,1169,1,0,1,14.285714285714286,17.205605691108325,0.7958155529957223,13.692488607695717,4,214.181,-0.7422000000000004,3.0,8.0,4.0,1.0,,,,28.049557604584436,9.0,4.0,5.0,4.0,2.0,1.0,,,,,12.926246771487287,7.541681265578254,45.192583046964494,16.707074479761573,1171,16,15,1.1139296165847596,1.0753546264633778,8.622706883572002,8.558942531712841,28,42.23973363305034,3.0,1.1832537856780565,1.8911784245069938,ZINCf5000001oltJ_m01_t06,SER20;GLU17;LEU22,2.0,-24.159194978980224
549,native_first,ZINCf5000002eh3O,O=C1NCC[C@H]1C(=O)N[C@@H]1CC[C@H]1CF,678,1035,1035,1,0,1,10.714285714285714,15.48021141629053,0.8875304713291399,13.739159334575065,3,214.23999999999995,-0.0132000000000001,2.0,2.0,3.0,1.0,,,,19.698205866669763,8.0,4.0,4.0,4.0,3.0,1.0,,,,,8.421661865330705,4.629454163838764,46.56657190239281,11.240797865665469,867,16,1,0.6204612024297603,0.8086223242062917,8.622706883572002,8.20329335773452,28,42.23973363305034,3.0,1.1846456782154617,1.8475542575370494,ZINCf5000002eh3O_m01_t03,SER20;GLU17;LEU22,1.0,-36.27895999105172
550,native_first,ZINCf5000002sbJ3,CO[C@@H](C)C(=O)O[C@H](C)Cc1nn[nH]n1,703,477,477,1,1,1,17.857142857142858,20.731008121704747,0.6589670042100692,13.66105031621439,5,214.225,-0.29120000000000007,1.0,6.0,5.0,1.0,,,,23.00393025917909,8.0,4.0,4.0,4.0,3.0,1.0,,,,,10.240650217130224,5.689638419311094,51.171820344200356,13.43147022764244,64,16,14,1.4870658769899656,1.4827985722654176,8.622706883572002,7.135505063668949,28,42.23973363305034,3.0,1.189438919944274,1.8674388842787415,ZINCf5000002sbJ3_m01_t04,SER20;GLU17;LEU22,2.0,29.344260811170425
551,native_first,ZINCf5000002dBbP,C=C[C@H](F)CNC(=O)CNS(=O)(=O)CC,95,944,944,1,0,1,17.857142857142858,20.731008121704747,0.763420258764651,15.82647158472392,5,238.284,-0.4339999999999997,2.0,3.0,7.0,1.0,,,,21.514590157676757,9.0,5.0,4.0,5.0,3.0,1.0,,,,,10.226056525588296,5.763611386127599,45.29706790123456,13.048189933610413,1272,16,14,1.322938299239957,1.1083791821971303,8.622706883572002,8.197565065358049,28,42.23973363305034,3.0,1.1903896849657678,1.4952524591246068,ZINCf5000002dBbP_m01_t01,SER20;GLU17;LEU22,3.0,-24.739774676061515
552,native_first,ZINCf5000000axpl,O=S(=O)(NCCOCCO)c1cncs1,339,258,258,1,1,1,14.285714285714286,19.005613846886952,0.7774223951346761,14.77538983785162,4,252.317,-0.5697000000000001,2.0,6.0,7.0,1.0,,,,25.88884027917479,9.0,4.0,5.0,4.0,3.0,1.0,,,,,12.773980451713825,7.4464405433274665,44.89152741131634,16.052695408579066,555,16,7,1.1505286586167043,1.0747940394918742,8.622706883572002,7.670964050413923,28,42.23973363305034,3.0,1.1908574091051674,1.665515443083284,ZINCf5000000axpl_m01_t01,SER20;GLU17;LEU22,1.0,-30.142768634796603
553,native_first,ZINCf5000002efUo,NC(=O)COCCNC(=O)[C@H]1C[C@]1(F)Br,266,966,966,1,0,1,14.285714285714286,17.205605691108325,0.8738841532903708,15.035706161222183,4,283.097,-0.31489999999999996,2.0,3.0,6.0,1.0,,,,20.868223863411366,8.0,3.0,5.0,3.0,3.0,1.0,,,,,8.780997442998778,4.913172402733964,41.27102229780801,11.802804048101926,623,16,9,0.6803202618246834,0.7402692606735183,8.622706883572002,7.491357526171604,28,42.23973363305034,3.0,1.1951099452507388,1.6749202905908964,ZINCf5000002efUo_m01_t07,SER20;GLU17;LEU22,3.0,-56.82817133325034
554,native_first,ZINCf5000000awGF,O=C1OCC[C@@H]1CNS(=O)(=O)CCCF,176,1131,1131,1,0,1,10.714285714285714,15.48021141629053,0.9928375555329461,15.369335261683094,3,239.26799999999994,-0.1715000000000002,1.0,4.0,6.0,1.0,,,,16.813295846674055,7.0,4.0,3.0,4.0,3.0,1.0,,,,,5.732837780064863,3.0681646095806725,43.59272164150214,8.502952296717162,1129,16,7,0.17614509601233025,0.1709937064050345,8.622706883572002,8.500926347493063,28,42.23973363305034,3.0,1.1964312110518918,1.5501136762890002,ZINCf5000000awGF_m01_t01,SER20;GLU17;LEU22,1.0,-94.26446485243011
555,native_first,ZINCf50000017nR2,C=C(CO)COC(=O)CCCS(N)(=O)=O,7,1099,1099,1,0,1,14.285714285714286,19.005613846886952,0.9025150071109543,17.15285171617123,4,237.27699999999996,-0.8531999999999988,2.0,5.0,7.0,1.0,,,,17.870643155424844,7.0,3.0,4.0,3.0,3.0,1.0,,,,,9.827353403328475,5.366977965816255,58.176750595014404,11.838175841352566,80,16,7,0.7000387492383412,0.6780843754042559,8.622706883572002,8.307374482820324,28,42.23973363305034,3.0,1.1964325359884682,1.699884133633452,ZINCf50000017nR2_m01_t01,SER20;GLU17;LEU22,1.0,-102.545177941945
556,native_first,ZINCf5000000Zt92,COCC[C@@H](C)Nc1nnc(O)nc1O,890,70,70,1,1,1,14.285714285714286,17.205605691108325,0.7611575495324044,13.096176666064805,4,214.225,0.11969999999999958,3.0,7.0,5.0,1.0,,,,29.898373683036166,10.0,5.0,5.0,5.0,3.0,1.0,,,,,15.488820118498225,9.267835686026013,47.11350436330737,19.09120850963271,452,16,12,1.3052211964901175,1.1295384396497534,8.622706883572002,9.11026536132065,28,42.23973363305034,3.0,1.2014555846953596,1.9767673567082253,ZINCf5000000Zt92_m01_t05,SER20;GLU17;LEU22,3.0,11.011031544721334
557,native_first,ZINCf500000090KH,CCOC(=O)C[C@H](O)CSC[C@H](O)CO,163,588,588,1,1,1,14.285714285714286,19.005613846886952,0.8122892422019458,15.438055669270609,4,238.30499999999998,-0.6131,3.0,6.0,8.0,1.0,,,,22.51012039351548,9.0,6.0,3.0,6.0,3.0,1.0,,,,,12.20503763047029,6.987146854150418,48.20013979496739,14.781308321231586,865,16,12,1.3180851886646816,0.8099328435169557,8.622706883572002,8.961524834848968,28,42.23973363305034,3.0,1.2024900748954597,1.8238734935579022,ZINCf500000090KH_m01_t02,SER20;GLU17;LEU22,2.0,23.36450244535751
558,native_first,ZINCf500000187N5,O=C(C[C@@H]1C=CS(=O)(=O)C1)O[C@H](F)CO,34,1116,1116,1,0,1,14.285714285714286,17.205605691108325,0.9518464194119037,16.377094170894534,4,238.23599999999996,-0.23410000000000014,1.0,5.0,4.0,1.0,,,,16.813295846674055,7.0,4.0,3.0,4.0,3.0,1.0,,,,,7.888612178777763,4.262442224332005,52.84648606203376,10.119783095751837,679,16,8,0.5253195995870956,0.43665092712453646,8.622706883572002,8.620251607088562,28,42.23973363305034,3.0,1.204375693854011,1.9364200453466978,ZINCf500000187N5_m01_t02,SER20;GLU17;LEU22,2.0,14.841335455831654
559,native_first,ZINCf5000002rDJg,C[C@@H](O)CCONC(=O)[C@@H](N)CN=[N+]=[N-],807,49,49,1,1,1,10.714285714285714,15.315268646616897,0.8730908936211036,13.371621588722016,3,217.229,-0.5572999999999995,3.0,5.0,7.0,1.0,,,,31.90608632301698,10.0,6.0,4.0,6.0,3.0,1.0,,,,,12.95570965984072,7.613217547944856,43.43749999999999,17.693303825634786,224,16,15,0.8387556394236002,0.697001709779999,7.259444124724703,6.3571226218482355,28,42.23973363305034,3.0,1.2071022932191533,1.5934671573293013,ZINCf5000002rDJg_m02_t03,SER20;GLU17;LEU22,0.0,10.432336647295509
560,native_first,ZINCf5000000af3d,N=C(O)OCCCNC(=O)c1cnns1,63,239,239,1,1,1,17.857142857142858,20.731008121704747,0.7713087278779662,15.990007501979875,5,230.24900000000002,0.16736999999999985,3.0,6.0,5.0,1.0,,,,25.88884027917479,9.0,4.0,5.0,4.0,3.0,1.0,,,,,15.472803604156148,9.07931717695044,52.305042509528,18.07681277291081,1057,16,1,1.3468494141672995,1.0454353359075739,8.622706883572002,9.005272702282372,28,42.23973363305034,3.0,1.2090863224017778,1.6023471338241528,ZINCf5000000af3d_m01_t03,SER20;GLU17;LEU22,2.0,-102.34677501590592
561,native_first,ZINCf50000025RrE,NC(=O)CSc1ncnc2nc(O)oc12,591,1162,1162,1,0,1,17.857142857142858,20.731008121704747,0.6750179002799847,13.993801573000447,5,226.217,-0.09920000000000012,2.0,7.0,3.0,1.0,,,,28.87479000961403,9.0,4.0,5.0,4.0,2.0,1.0,,,,,13.697569443639388,8.026936335580558,46.66187127024723,17.49187458513305,1304,16,2,1.7845780521216206,1.328426164834496,8.622706883572002,8.141820632136275,28,42.23973363305034,3.0,1.2094228722499267,1.9958340197508722,ZINCf50000025RrE_m01_t04,SER20;GLU17;LEU22,2.0,-76.95827894760576
562,native_first,ZINCf5000001D4Si,CCOCCC(O)CNC[C@@H](O)COC,186,283,283,1,1,1,17.857142857142858,20.731008121704747,0.7394161967302791,15.328843179735452,5,221.29699999999997,-0.6291999999999986,3.0,5.0,10.0,1.0,,,,25.524123561538133,10.0,6.0,4.0,6.0,3.0,1.0,,,,,13.667381969701825,8.018231896515529,46.25768387236279,16.631567367660903,989,16,0,1.5441177648427076,0.9738338999630776,8.622706883572002,7.420875099195748,28,42.23973363305034,3.0,1.2136575389124704,1.9887973055806827,ZINCf5000001D4Si_m02_t01,SER20;GLU17;LEU22,0.0,53.0262848503788
563,native_first,ZINCf500000094hL,CC[C@@H](CC(=O)NS(=O)(=O)CCN)OC,547,222,222,1,1,1,14.285714285714286,17.205605691108325,0.8196771753887275,14.103042273739886,4,238.30899999999994,-0.793799999999999,2.0,5.0,7.0,1.0,,,,26.31257875675929,11.0,6.0,5.0,6.0,3.0,1.0,,,,,11.784344103763452,7.127626251160975,33.9933282980866,15.41640276701241,1314,16,5,0.933242229606299,0.9167029463423564,8.622706883572002,7.451990765224786,28,42.23973363305034,3.0,1.2155697449147862,1.4733488623133653,ZINCf500000094hL_m02_t02,SER20;GLU17;LEU22,2.0,-140.03262830659787
564,native_first,ZINCf5000002rLeJ,CCOC[C@H](CO)NC(=O)CSCCN,1183,745,745,0,1,1,14.285714285714286,15.036168524741624,0.803772542914526,12.085659410822933,4,236.33699999999996,-0.8080999999999978,3.0,5.0,9.0,1.0,,,,25.524123561538133,10.0,6.0,4.0,6.0,3.0,1.0,,,,,13.731675751073642,8.114196934677635,44.62719298245613,16.67978770368976,740,16,11,1.0842498480436562,0.999766127258749,7.155285109623515,6.456344576097864,28,42.23973363305034,3.0,1.2192639267248642,1.5447145611171245,ZINCf5000002rLeJ_m02_t02,SER20;GLU17;LEU22,1.0,63.350520638437054
565,native_first,ZINCf50000017HVC,COC(=O)CCCS(=O)(=O)NC[C@H](C)N,1115,1345,1345,0,0,1,10.714285714285714,15.315268646616897,0.8081268233913614,12.376679400775828,3,238.309,-0.7937999999999978,2.0,5.0,7.0,1.0,,,,19.698205866669763,8.0,4.0,4.0,4.0,3.0,1.0,,,,,10.206867994430837,5.6781475755729565,50.42172739541161,12.57970246249057,1361,16,4,0.8043836984664556,0.9513832926463796,7.259444124724703,5.644100227023952,28,42.23973363305034,3.0,1.220127363435933,1.9662624873825152,ZINCf50000017HVC_m01_t02,SER20;GLU17;LEU22,3.0,-78.86424152397427
566,native_first,ZINCf50000009H9b,CSC[C@H](CCO)NC(=O)CSCCN,1051,799,799,0,1,1,14.285714285714286,15.036168524741624,0.840590177169443,12.639255564162164,4,252.40499999999994,-0.09149999999999958,3.0,5.0,9.0,1.0,,,,24.310528284611486,10.0,7.0,3.0,7.0,3.0,1.0,,,,,9.233975133303968,5.300513283214168,35.80319413373104,13.003113421130847,760,16,10,0.9259358030266603,0.8146900176078263,7.155285109623515,8.21838084317169,28,42.23973363305034,3.0,1.220334115014097,1.6733095538212026,ZINCf50000009H9b_m02_t01,SER20;GLU17;LEU22,2.0,43.998105534033016
567,native_first,ZINCf5000000aohZ,O=C(CCC[N+](=O)[O-])NCCNC1CC1,1453,616,616,0,1,1,7.142857142857143,11.789866216020478,0.8938111769143438,10.537914198203923,2,215.253,-0.08850000000000002,2.0,4.0,8.0,1.0,,,,33.05346919654556,10.0,7.0,3.0,7.0,3.0,1.0,,,,,13.681591640840413,7.8746683308947265,52.10410148196658,18.5245610297667,1514,16,2,0.21738067597761937,0.434761351955236,3.375021925854705,2.940260573899469,28,42.23973363305034,3.0,1.220871834253496,1.9938766300137363,ZINCf5000000aohZ_m01_t01,SER20;GLU17;LEU22,1.0,-42.67922210244156
568,native_first,ZINCf5000002aW6B,O=C(NOC[C@H](O)CO)c1cc(Br)no1,171,1173,1173,1,0,1,17.857142857142858,20.731008121704747,0.7422834897142966,15.388285053874425,5,281.062,-0.5483000000000002,3.0,6.0,5.0,1.0,,,,28.049557604584436,9.0,4.0,5.0,4.0,2.0,1.0,,,,,11.779716836992353,6.90517229506638,40.05705832628911,15.847177028890375,218,16,1,1.5081812429817796,1.1207922102713124,8.622706883572002,8.558262828817371,28,42.23973363305034,3.0,1.2210709883364768,1.656708950829436,ZINCf5000002aW6B_m01_t01,SER20;GLU17;LEU22,2.0,50.08393207210578
569,native_first,ZINCf50000017Hgt,CNS(=O)(=O)CCCNCc1cnns1,478,340,340,1,1,1,14.285714285714286,17.205605691108325,0.8347167517717191,14.361807294746946,4,250.34900000000002,-0.4330000000000003,2.0,6.0,7.0,1.0,,,,24.71882228243319,9.0,5.0,4.0,5.0,3.0,1.0,,,,,13.866741681847008,7.967237989372222,53.43028419182949,16.579761831993554,514,16,8,1.1352722922121439,0.8155520649245099,8.622706883572002,8.866268029428587,28,42.23973363305034,3.0,1.2215280650095253,1.5582309802728334,ZINCf50000017Hgt_m01_t01,SER20;GLU17;LEU22,3.0,-89.61485640627988
570,native_first,ZINCf5000002egdk,NS(=O)(=O)c1cnc(SCC(=O)O)nc1,322,236,236,1,1,1,17.857142857142858,20.731008121704747,0.7148040414082498,14.818608387861802,5,249.273,-0.6992999999999998,2.0,6.0,4.0,1.0,,,,25.88884027917479,9.0,4.0,5.0,4.0,3.0,1.0,,,,,15.780508229812659,9.21660014220321,54.82831455805892,18.307591242153194,904,16,15,1.6018137073333947,1.2245924961931318,8.622706883572002,8.744938153743503,28,42.23973363305034,3.0,1.22318476876188,1.9228751073215273,ZINCf5000002egdk_m01_t01,SER20;GLU17;LEU22,0.0,-145.67087545015912
571,native_first,ZINCf50000009G6I,CS(=O)(=O)NCCOC(=O)c1cncs1,133,471,471,1,1,1,17.857142857142858,20.731008121704747,0.7528723615030959,15.607803040927713,5,250.30100000000002,-0.1508999999999998,1.0,6.0,5.0,1.0,,,,23.00393025917909,8.0,4.0,4.0,4.0,3.0,1.0,,,,,10.560780372040954,5.869954673152882,52.57380952380952,13.671567843825489,960,16,15,1.6669446599214928,0.9261744113709908,8.622706883572002,8.755560092287608,28,42.23973363305034,3.0,1.2239638276163505,1.6940168678487382,ZINCf50000009G6I_m01_t01,SER20;GLU17;LEU22,0.0,-60.20200738377463
572,native_first,ZINCf50000009364,CCS(=O)(=O)CCC(=N)NO[C@H](F)CO,518,1014,1014,1,0,1,14.285714285714286,17.205605691108325,0.8249873985443313,14.194407879486999,4,242.27200000000002,-0.4024299999999998,3.0,5.0,7.0,1.0,,,,19.698205866669763,8.0,4.0,4.0,4.0,3.0,1.0,,,,,10.528647065188206,5.839392003301258,53.45528455284552,12.821036765558597,374,16,0,0.8800162438638902,0.9802921155444747,8.622706883572002,7.7690597509429855,28,42.23973363305034,3.0,1.2263704400847522,1.5533818056563071,ZINCf50000009364_m01_t02,SER20;GLU17;LEU22,1.0,10.705197818395991
573,native_first,ZINCf500000262Yb,C=C(I)CC(=O)NC[C@@H](O)CNC(C)=O,315,433,433,1,1,1,14.285714285714286,17.205605691108325,0.8631589355693593,14.851172294163172,4,326.13400000000007,-0.061600000000000266,3.0,3.0,6.0,1.0,,,,23.707739270531132,9.0,5.0,4.0,5.0,3.0,1.0,,,,,9.008997757652656,5.1292183585802045,36.98389292196008,12.683683135872275,997,16,13,0.6895348582437805,0.8152312188323997,8.622706883572002,7.5428132971370125,28,42.23973363305034,3.0,1.2272687209030948,1.6142595754745708,ZINCf500000262Yb_m01_t01,SER20;GLU17;LEU22,1.0,-19.24428339920331
574,native_first,ZINCf500000260cr,C=C(I)CC(=O)NC[C@H](O)CNC(C)=O,205,432,432,1,1,1,14.285714285714286,17.205605691108325,0.8855721581253022,15.23680536372778,4,326.13400000000007,-0.061600000000000266,3.0,3.0,6.0,1.0,,,,23.707739270531132,9.0,5.0,4.0,5.0,3.0,1.0,,,,,9.008997757652656,5.1292183585802045,36.98389292196008,12.683683135872275,250,16,12,0.7439234844696077,0.7541049700188843,8.622706883572002,8.228966105637522,28,42.23973363305034,3.0,1.2282732646452663,1.6454470762293285,ZINCf500000260cr_m01_t07,SER20;GLU17;LEU22,3.0,13.362271967875042
575,native_first,ZINCf50000023dDw,CCCC(NCCNS(C)(=O)=O)C(=O)O,259,424,424,1,1,1,14.285714285714286,17.205605691108325,0.8750817162309779,15.056310956968552,4,238.30899999999997,-0.6214999999999982,3.0,4.0,8.0,1.0,,,,23.707739270531132,9.0,5.0,4.0,5.0,3.0,1.0,,,,,10.095413167344907,5.807532572408884,38.58083407937929,13.498494693141463,1446,16,8,0.9719516049219806,0.6678970176608177,8.622706883572002,8.277436896484716,28,42.23973363305034,3.0,1.2283214113347523,1.7454493964802396,ZINCf50000023dDw_m01_t01,SER20;GLU17;LEU22,3.0,-60.60729247819967
576,native_first,ZINCf5000002qSxO,CCC[C@H](NCCNS(C)(=O)=O)C(=O)O,310,425,425,1,1,1,14.285714285714286,17.205605691108325,0.8643220603895904,14.87118456118961,4,238.30899999999997,-0.6214999999999982,3.0,4.0,8.0,1.0,,,,23.707739270531132,9.0,5.0,4.0,5.0,3.0,1.0,,,,,10.095413167344907,5.807532572408884,38.58083407937929,13.498494693141463,1494,16,1,0.8489966441629359,0.8084893851831397,8.622706883572002,8.103526225106421,28,42.23973363305034,3.0,1.2283214113347523,1.7454493964802396,ZINCf5000002qSxO_m01_t01,SER20;GLU17;LEU22,3.0,-60.60729247819967
577,native_first,ZINCf50000009K3m,C[C@@H](CNC(=O)C=CI)CNC(=O)CO,169,902,902,1,0,1,14.285714285714286,17.205605691108325,0.8946712800393823,15.393361267516767,4,326.134,-0.20409999999999984,3.0,3.0,6.0,1.0,,,,21.88017655928622,8.0,4.0,4.0,4.0,3.0,1.0,,,,,8.551195356214354,4.782318609717407,40.35213283710278,11.883440656982321,598,16,13,0.6629015321089466,0.7367944823359664,8.622706883572002,8.155940046704586,28,42.23973363305034,3.0,1.2358003672301234,1.3206251058083278,ZINCf50000009K3m_m01_t02,SER20;GLU17;LEU22,3.0,-17.96085404537939
578,native_first,ZINCf5000000ZxEo,NCCCSCCC(=O)Nn1ccnn1,1163,854,854,0,1,1,10.714285714285714,13.515260490838273,0.9003151331359307,12.167993548175843,3,229.30900000000003,-0.17970000000000036,2.0,6.0,7.0,1.0,,,,22.891259571188275,8.0,4.0,4.0,4.0,3.0,1.0,,,,,13.721407874098343,7.720785263877289,61.5872246085631,16.013870798370824,486,16,14,0.7061688244977978,0.6900420200488386,8.317947102500712,8.018737615415375,28,42.23973363305034,3.0,1.2396535161093167,1.735392668277133,ZINCf5000000ZxEo_m01_t02,SER20;GLU17;LEU22,2.0,-65.43504909363426
579,native_first,ZINCf50000008S2I,CC=CC(=O)NCCCN(C)S(C)(=O)=O,151,1073,1073,1,0,1,14.285714285714286,17.205605691108325,0.9020110026702446,15.519645640985486,4,234.321,-0.03979999999999939,1.0,3.0,6.0,1.0,,,,18.629680137681053,8.0,5.0,3.0,5.0,3.0,1.0,,,,,7.540974443112973,4.115619192889808,44.96219088493766,10.313150866754993,338,16,14,0.7215213098977655,0.6102314589143433,8.622706883572002,7.8801227861007375,28,42.23973363305034,3.0,1.2417019073559896,1.4243081490975555,ZINCf50000008S2I_m01_t02,SER20;GLU17;LEU22,0.0,-73.71180126188297
580,native_first,ZINCf5000002elaO,O=C(NC1CCOCC1)NC1CC(O)C1,542,460,460,1,1,1,14.285714285714286,17.205605691108325,0.8204991759375305,14.117185291060466,4,214.26500000000001,-0.012100000000000333,3.0,3.0,2.0,1.0,,,,23.314998048772765,10.0,6.0,4.0,6.0,3.0,1.0,,,,,10.63819072528244,6.176232939486168,38.32753676246262,13.80739255615502,1401,16,7,1.3081129428246223,0.7633227924803947,8.622706883572002,8.960658233276675,28,42.23973363305034,3.0,1.2437667709389475,1.7053474484205484,ZINCf5000002elaO_m01_t01,SER20;GLU17;LEU22,1.0,-72.87155691144966
581,native_first,ZINCf50000009KPt,C[C@@H](CSc1nncn1N)CS(C)(=O)=O,577,987,987,1,0,1,10.714285714285714,15.48021141629053,0.9062399311325617,14.028785727816626,3,250.34899999999996,-0.2353000000000003,1.0,7.0,5.0,1.0,,,,20.006349551192564,7.0,4.0,3.0,4.0,3.0,1.0,,,,,7.8703372072236615,4.253425319017875,52.59259259259259,10.904340293215888,213,16,0,0.48629658394997854,0.7002002775710127,8.622706883572002,7.806597153748738,28,42.23973363305034,3.0,1.2469043039799825,2.0540997846375544,ZINCf50000009KPt_m01_t01,SER20;GLU17;LEU22,2.0,19.31852776296302
582,native_first,ZINCf5000002oABR,CC(C)(O)CCOC(=O)c1nonc1N,111,512,512,1,1,1,17.857142857142858,20.731008121704747,0.7583241668380216,15.720824461604012,5,215.209,-0.030400000000000094,2.0,7.0,4.0,1.0,,,,22.891259571188275,8.0,4.0,4.0,4.0,3.0,1.0,,,,,11.931830095791547,6.7027864937334485,54.267613478139786,14.671687464640728,329,16,15,1.632267970712703,0.9199622437645697,8.622706883572002,8.56977320895945,28,42.23973363305034,3.0,1.2470906240367032,1.6412472685518438,ZINCf5000002oABR_m01_t01,SER20;GLU17;LEU22,2.0,39.214054879121576
583,native_first,ZINCf5000000afsz,N=c1ncnc(SCc2nnc(O)s2)[nH]1,1036,1513,1513,0,0,1,10.714285714285714,15.48021141629053,0.8194227700988373,12.684837720452432,3,242.28900000000004,0.13357000000000008,3.0,8.0,3.0,1.0,,,,24.020740589662914,7.0,3.0,4.0,3.0,2.0,1.0,,,,,12.567711421340045,7.0892552332926755,55.31150159744409,15.430968713420762,871,16,3,0.6483311061763956,1.0021930291865389,8.622706883572002,7.141696288676133,28,42.23973363305034,3.0,1.2472497243763394,1.8841926953607917,ZINCf5000000afsz_m01_t04,SER20;GLU17;LEU22,2.0,-204.7846947924445
584,native_first,ZINCf5000002enFI,O=C(NOC[C@H](O)CO)c1csnc1Br,91,1170,1170,1,0,1,17.857142857142858,20.731008121704747,0.7644051968147311,15.846890343439505,5,297.13,-0.07980000000000004,3.0,6.0,5.0,1.0,,,,28.049557604584436,9.0,4.0,5.0,4.0,2.0,1.0,,,,,12.85012029017771,7.5435892120828765,43.331922099915346,16.649979618779394,766,16,4,1.2259557137213855,1.1775405167010187,8.622706883572002,8.290855204840234,28,42.23973363305034,3.0,1.2502013104394947,1.8175598659821837,ZINCf5000002enFI_m01_t02,SER20;GLU17;LEU22,2.0,16.17281499804548
585,native_first,ZINCf5000001N2uW,O[C@@H]1C[C@@H]2N=C(N3CC[C@@H](F)C3)N[C@@H]2C1,666,1090,1090,1,0,1,14.285714285714286,17.205605691108325,0.8003324811543732,13.77020509252853,4,213.256,-0.11869999999999997,2.0,4.0,0.0,1.0,,,,18.500586989654103,8.0,5.0,3.0,5.0,3.0,1.0,,,,,6.3139241527637235,3.442308717540169,38.08433851668846,9.360589861986318,1095,16,14,1.4117495513661413,0.8128329655088571,8.622706883572002,8.94366403311523,28,42.23973363305034,3.0,1.2506286722472704,1.9964550811402024,ZINCf5000001N2uW_m01_t01,SER20;GLU17;LEU22,0.0,-56.701641162912054
586,native_first,ZINCf5000002s2SC,COc1nnc(NC(=O)[C@H](CN)CO)s1,654,1198,1198,1,0,1,14.285714285714286,17.205605691108325,0.8027043277769155,13.81101415027578,4,232.265,-0.9476000000000004,3.0,7.0,5.0,1.0,,,,25.051976896597917,8.0,4.0,4.0,4.0,2.0,1.0,,,,,9.850505616602351,5.519438682667926,45.751055426937214,13.650873436601243,1177,16,13,1.1187174772595099,0.9191727884667912,8.622706883572002,9.685887397274344,28,42.23973363305034,3.0,1.2517287958501722,1.9862118375249462,ZINCf5000002s2SC_m02_t04,SER20;GLU17;LEU22,2.0,-34.2894325597882
587,native_first,ZINCf5000002rwTf,C[C@H](COC(=O)CP(C)(C)=O)S(N)(=O)=O,20,1000,1000,1,0,1,17.857142857142858,20.731008121704747,0.8015771423505619,16.61750224824238,5,257.248,-0.17069999999999996,1.0,5.0,5.0,1.0,,,,19.810876554660577,8.0,4.0,4.0,4.0,3.0,1.0,,,,,10.340881940616752,5.788168859394657,48.447521865889215,12.708380594127707,1275,16,5,1.2451654241934043,0.9357274986051193,8.622706883572002,8.28153992406223,28,42.23973363305034,3.0,1.2520172222151043,1.8144007850278132,ZINCf5000002rwTf_m01_t02,SER20;GLU17;LEU22,2.0,-126.75684619982772
588,native_first,ZINCf5000002aOdL,C[C@@H](O)CONC(=O)Cn1cnc(Br)n1,724,1212,1212,1,0,1,10.714285714285714,15.48021141629053,0.8773109046831312,13.58095828231198,3,279.094,-0.5307999999999999,2.0,6.0,5.0,1.0,,,,24.04002420072306,8.0,3.0,5.0,3.0,2.0,1.0,,,,,8.832393074826395,4.923630983648271,42.8503075871497,12.634300856300563,787,16,13,0.6675255822867693,0.8514529243912117,8.622706883572002,8.269687095281787,28,42.23973363305034,3.0,1.2539162137124649,1.4810530415361625,ZINCf5000002aOdL_m01_t03,SER20;GLU17;LEU22,0.0,1.0238120237135355
589,native_first,ZINCf500000185gC,NS(=O)(=O)CC1CN(Cc2ccns2)C1,273,464,464,1,1,1,14.285714285714286,17.205605691108325,0.8724713526820722,15.01139807103564,4,247.34499999999997,-0.1365999999999994,1.0,5.0,4.0,1.0,,,,23.00393025917909,8.0,4.0,4.0,4.0,3.0,1.0,,,,,11.810816689974123,6.646289336168315,52.97619047619045,14.609095082275363,579,16,4,0.8651416040157704,0.7734805196166551,8.622706883572002,8.44526309242308,28,42.23973363305034,3.0,1.2540605467234278,1.7850919966503909,ZINCf500000185gC_m01_t01,SER20;GLU17;LEU22,0.0,-76.40026067328927
590,native_first,ZINCf5000000ZyVZ,O=S(=O)(Nc1nc[nH]n1)c1cnc(O)s1,574,1157,1157,1,0,1,17.857142857142858,20.731008121704747,0.6770954878703598,14.036872058210067,5,247.26100000000002,-0.23240000000000033,3.0,7.0,3.0,1.0,,,,31.027854701510808,9.0,4.0,5.0,4.0,2.0,1.0,,,,,11.858296599577695,7.083866207300144,36.37363983509058,16.650686125060975,1250,16,5,1.3844089991266018,1.4061237942481295,8.622706883572002,7.026553166243962,28,42.23973363305034,3.0,1.254744279338293,2.054898765709598,ZINCf5000000ZyVZ_m01_t05,SER20;GLU17;LEU22,2.0,-121.347067289293
591,native_first,ZINCf50000009dSr,CN(CC(=O)O)S(=O)(=O)c1cnc(O)s1,1034,728,728,0,1,1,17.857142857142858,20.731008121704747,0.6123251256873664,12.694117153748673,5,252.273,-0.44620000000000015,2.0,6.0,4.0,1.0,,,,25.88884027917479,9.0,4.0,5.0,4.0,3.0,1.0,,,,,13.893561745065341,8.065601539031361,50.079488317065966,16.892381378592702,795,16,6,1.8932504791222038,1.4684438813462368,8.622706883572002,6.958970801468593,28,42.23973363305034,3.0,1.255891136654017,1.9186913264611185,ZINCf50000009dSr_m01_t02,SER20;GLU17;LEU22,1.0,-67.75392873425076
592,native_first,ZINCf5000002enFV,O=C(NOC[C@@H](O)CO)c1sncc1Br,568,1176,1176,1,0,1,17.857142857142858,20.731008121704747,0.6773122809072085,14.041366396417708,5,297.13,-0.07980000000000026,3.0,6.0,5.0,1.0,,,,28.049557604584436,9.0,4.0,5.0,4.0,2.0,1.0,,,,,10.645508460274296,6.2474207122835,35.9626802374894,14.996520746351832,174,16,9,2.0035723325229338,1.1612451125206857,8.622706883572002,8.886843222194328,28,42.23973363305034,3.0,1.2575451548893282,1.67588165566476,ZINCf5000002enFV_m01_t02,SER20;GLU17;LEU22,2.0,27.641631072354752
593,native_first,ZINCf50000008L6Q,CC(=O)[C@H](C)SCC(=O)Nc1nn[nH]n1,230,143,143,1,1,1,14.285714285714286,17.205605691108325,0.8810758635450929,15.159443892109632,4,229.26500000000004,-0.15110000000000035,2.0,6.0,5.0,1.0,,,,27.71640299041971,10.0,5.0,5.0,5.0,3.0,1.0,,,,,14.716901472387853,8.746899870828912,46.35649242623238,17.966776851895816,1341,16,3,1.1522664691855582,0.4562408185189682,8.622706883572002,8.3474312756312,28,42.23973363305034,3.0,1.2581488953219393,1.4459362424875664,ZINCf50000008L6Q_m01_t06,SER20;GLU17;LEU22,1.0,28.174613392602744
594,native_first,ZINCf5000001orCY,N[C@@H](CS[C@@H](CC(=O)O)C(=O)O)C(=O)O,157,106,106,1,1,1,17.857142857142858,20.731008121704747,0.7468265016472102,15.482466271152658,5,237.23299999999998,-0.9405999999999994,4.0,5.0,7.0,1.0,,,,28.697860016222737,10.0,5.0,5.0,5.0,3.0,1.0,,,,,12.930183333941464,7.908529906888819,35.42193173565724,16.872102504511783,822,16,12,1.432604164065355,1.1479293096112797,8.622706883572002,8.52377762714913,28,42.23973363305034,3.0,1.2597958229346915,2.0181480667338083,ZINCf5000001orCY_m01_t06,SER20;GLU17;LEU22,1.0,-33.136463662504205
595,native_first,ZINCf5000002rhvT,CCC(O)(CC)CCNC(=O)CNC=O,489,158,158,1,1,1,17.857142857142858,20.731008121704747,0.691000306938693,14.325132975246516,5,216.281,-0.21019999999999944,3.0,3.0,8.0,1.0,,,,27.324531452634137,11.0,7.0,4.0,7.0,3.0,1.0,,,,,13.806659886765308,8.391682308675108,38.922605363984665,17.186127778232514,1306,16,15,1.8675768341311614,1.1360739817776355,8.622706883572002,7.942897789945089,28,42.23973363305034,3.0,1.2645241170143806,1.2289685018758878,ZINCf5000002rhvT_m01_t02,SER20;GLU17;LEU22,2.0,0.14302631692219592
596,native_first,ZINCf50000009363,CCS(=O)(=O)CCC(=N)NO[C@@H](F)CO,682,1015,1015,1,0,1,14.285714285714286,17.205605691108325,0.7978758119705516,13.727936611238198,4,242.27200000000002,-0.4024299999999998,3.0,5.0,7.0,1.0,,,,19.698205866669763,8.0,4.0,4.0,4.0,3.0,1.0,,,,,10.528647065188206,5.839392003301258,53.45528455284552,12.821036765558597,560,16,6,1.0989811045594584,0.8766183068683894,8.622706883572002,7.196112152941268,28,42.23973363305034,3.0,1.2654143209134454,1.3784154733395322,ZINCf50000009363_m01_t02,SER20;GLU17;LEU22,2.0,8.703402777575123
597,native_first,ZINCf500000098v9,CC[C@H](O)CC(=O)NCCSS(C)(=O)=O,476,939,939,1,0,1,14.285714285714286,17.205605691108325,0.834806765226114,14.363356030750158,4,255.361,-0.04359999999999986,2.0,5.0,7.0,1.0,,,,21.514590157676757,9.0,5.0,4.0,5.0,3.0,1.0,,,,,10.998361938434913,6.239128748752647,46.36826953003424,13.627418993245374,1042,16,15,0.913044736842376,0.874212045535551,8.622706883572002,7.628561622286686,28,42.23973363305034,3.0,1.265892542621715,1.8952325863140562,ZINCf500000098v9_m01_t02,SER20;GLU17;LEU22,1.0,-33.79991548795949
598,native_first,ZINCf50000009WqI,C[C@H](CSc1nncn1N)CS(C)(=O)=O,401,986,986,1,0,1,14.285714285714286,17.205605691108325,0.8485363228514382,14.599581385564836,4,250.34899999999996,-0.2353000000000003,1.0,7.0,5.0,1.0,,,,20.006349551192564,7.0,4.0,3.0,4.0,3.0,1.0,,,,,7.8703372072236615,4.253425319017875,52.59259259259259,10.904340293215888,584,16,0,0.9602176274474542,0.8516004531297794,8.622706883572002,8.31464019458728,28,42.23973363305034,3.0,1.2703749228230392,2.06726380264007,ZINCf50000009WqI_m01_t01,SER20;GLU17;LEU22,3.0,23.064097935911917
599,native_first,ZINCf50000017M5a,COC[C@H](O)CONC(=O)c1cnns1,646,80,80,1,1,1,17.857142857142858,20.731008121704747,0.6682126769164572,13.852722432181146,5,233.24900000000002,-0.7931999999999999,2.0,7.0,6.0,1.0,,,,29.773798719106704,10.0,5.0,5.0,5.0,3.0,1.0,,,,,14.638905939935972,8.77804081435386,44.0497685185185,18.422629134728655,436,16,9,1.9813959454038998,1.2212614078546409,8.622706883572002,9.14724618184306,28,42.23973363305034,3.0,1.273638948799475,1.540909492735273,ZINCf50000017M5a_m01_t01,SER20;GLU17;LEU22,0.0,23.596635667594263
600,native_first,ZINCf5000002dBbN,C=C[C@H](F)CNC(=O)CN(C)S(C)(=O)=O,247,1070,1070,1,0,1,14.285714285714286,17.205605691108325,0.8776697176628144,15.100839089132757,4,238.284,-0.48189999999999933,1.0,3.0,6.0,1.0,,,,18.629680137681053,8.0,5.0,3.0,5.0,3.0,1.0,,,,,8.38640057474296,4.5844743924866505,49.130824372759875,10.947220465477486,537,16,3,0.8045662201205347,0.7546959315465699,8.622706883572002,9.127560021655386,28,42.23973363305034,3.0,1.2801651950725252,1.5678425474940116,ZINCf5000002dBbN_m01_t01,SER20;GLU17;LEU22,2.0,-1.1639347773704474
601,native_first,ZINCf50000009H9z,CSC[C@H](CCO)NC(=O)[C@H]1C[C@H](N)C1,1204,893,893,0,1,1,10.714285714285714,15.315268646616897,0.7810197543404243,11.96152735603833,3,232.34899999999996,-0.04609999999999975,3.0,4.0,6.0,1.0,,,,22.51012039351548,9.0,6.0,3.0,6.0,3.0,1.0,,,,,9.57769372846026,5.421312375380969,41.048617373008724,12.810800394724065,682,16,2,0.7145447908511463,1.2097276933007075,7.259444124724703,5.8292468371010475,28,42.23973363305034,3.0,1.289660339666986,1.8316280305599557,ZINCf50000009H9z_m02_t02,SER20;GLU17;LEU22,0.0,-8.223761346928885
602,native_first,ZINCf50000018dKA,Oc1nnc(CSc2nnco2)c(O)n1,1302,1514,1514,0,0,1,14.285714285714286,17.205605691108325,0.6647986903596174,11.438264130292794,4,227.205,-0.041900000000000104,2.0,9.0,3.0,1.0,,,,24.020740589662914,7.0,3.0,4.0,3.0,2.0,1.0,,,,,11.721725313357759,6.468565198337579,62.38475177304964,14.796479132434047,58,16,10,1.4942039382332926,1.4498522129427729,8.622706883572002,7.184457239258925,28,42.23973363305034,3.0,1.2919291098060248,1.8577933388283006,ZINCf50000018dKA_m01_t05,SER20;GLU17;LEU22,3.0,-13.90103677991482
603,native_first,ZINCf5000000abAi,Cn1nc(Br)c(C(=O)NOCCCN)n1,1495,730,730,0,1,1,10.714285714285714,15.315268646616897,0.6741966009959528,10.325502064888997,3,278.10999999999996,-0.4122000000000003,2.0,6.0,5.0,1.0,,,,25.88884027917479,9.0,4.0,5.0,4.0,3.0,1.0,,,,,12.739822559611763,7.276225102800418,51.140021459227455,16.02707698950252,1262,16,5,1.4855593744099045,1.5733027684314767,7.259444124724703,7.405837735147735,28,42.23973363305034,3.0,1.2923153780589722,1.7890128325720474,ZINCf5000000abAi_m01_t02,SER20;GLU17;LEU22,1.0,32.35039395197485
604,native_first,ZINCf5000002aRDK,COc1nc(CSCC(=O)O)nc(=N)[nH]1,233,513,513,1,1,1,14.285714285714286,19.005613846886952,0.7972607112699416,15.152429213690942,4,230.24900000000002,-0.3894300000000001,3.0,6.0,5.0,1.0,,,,22.891259571188275,8.0,4.0,4.0,4.0,3.0,1.0,,,,,11.760481322760032,6.594814250794573,54.268861158921396,14.543175884867093,1327,16,9,1.120166001684561,1.0599593446121698,8.622706883572002,8.450407459669778,28,42.23973363305034,3.0,1.294754967026405,2.129466168513289,ZINCf5000002aRDK_m02_t07,SER20;GLU17;LEU22,1.0,-198.20402933317013
605,native_first,ZINCf5000002rPQz,CCS(=O)(=O)CCSC1=NCC(=O)N1C,17,982,982,1,0,1,14.285714285714286,17.205605691108325,0.9701459535021992,16.69194873878315,4,250.34499999999997,-0.017699999999999827,0.0,5.0,4.0,1.0,,,,20.21944242996933,9.0,6.0,3.0,6.0,3.0,1.0,,,,,6.611036839817806,3.6740053073327714,32.957732371794876,10.013138237355687,600,16,9,0.3790662325505266,0.3418976853674928,8.622706883572002,8.339928302811563,28,42.23973363305034,3.0,1.2954689465926794,1.4026828834123162,ZINCf5000002rPQz_m01_t02,SER20;GLU17;LEU22,3.0,-9.907007651721937
606,native_first,ZINCf50000009qsY,COC(=O)NCC(=O)OCc1cnns1,440,322,322,1,1,1,17.857142857142858,20.731008121704747,0.6965265282472475,14.439697114076498,5,231.233,-0.06270000000000042,1.0,7.0,4.0,1.0,,,,24.83149297042401,9.0,5.0,4.0,5.0,3.0,1.0,,,,,11.600094284351481,6.551483788869771,50.568354622871055,14.907943955869612,137,16,3,1.5712792854497313,1.3459572939922246,8.622706883572002,9.090540993892962,28,42.23973363305034,3.0,1.2977880091174674,1.6522061747761505,ZINCf50000009qsY_m01_t03,SER20;GLU17;LEU22,0.0,-58.48314126712933
607,native_first,ZINCf50000017DfY,CN(CCN)C(=O)C[C@@H](N)CCCCN,1431,798,798,0,1,1,7.142857142857143,11.789866216020478,0.8966762419534009,10.571692931714605,2,216.32899999999992,-0.7500999999999978,3.0,4.0,8.0,1.0,,,,24.310528284611486,10.0,7.0,3.0,7.0,3.0,1.0,,,,,12.98777797827768,7.599173712716305,44.647491679643366,15.818465554861133,898,16,1,0.09264315982946018,0.18528631965891895,3.375021925854705,3.189735606195786,28,42.23973363305034,3.0,1.298348178976708,2.1568458777856923,ZINCf50000017DfY_m02_t02,SER20;GLU17;LEU22,0.0,82.67194738847324
608,native_first,ZINCf5000000ZsXj,COC(=O)[C@@H](O)CCNCc1csnn1,552,343,343,1,1,1,14.285714285714286,17.205605691108325,0.819537644549837,14.100641561144187,4,231.27700000000002,-0.44830000000000036,2.0,7.0,6.0,1.0,,,,24.71882228243319,9.0,5.0,4.0,5.0,3.0,1.0,,,,,13.361253178855293,7.652506007550077,52.60275519421862,16.20064545474977,996,16,14,1.2170566716986202,0.8279790287769212,8.622706883572002,8.113978439620535,28,42.23973363305034,3.0,1.2988858755095603,1.756407106882267,ZINCf5000000ZsXj_m01_t03,SER20;GLU17;LEU22,1.0,21.78773896378452
609,native_first,ZINCf50000009UjR,C[C@H](CCC(=O)O)NCc1nnn(C)n1,524,337,337,1,1,1,14.285714285714286,17.205605691108325,0.8246401216893833,14.188432770855114,4,213.24099999999999,-0.4469999999999994,2.0,6.0,6.0,1.0,,,,24.71882228243319,9.0,5.0,4.0,5.0,3.0,1.0,,,,,14.527783662351556,8.296999859001668,58.33708370837083,17.075543317371967,986,16,2,0.9725598785394143,0.9199479995093319,8.622706883572002,7.746322828581836,28,42.23973363305034,3.0,1.29947188569102,1.6879943049834505,ZINCf50000009UjR_m01_t02,SER20;GLU17;LEU22,2.0,10.30461610641702
610,native_first,ZINCf5000002sc1m,CO[C@@H](CN)CC(=O)NCc1cnns1,354,147,147,1,1,1,14.285714285714286,17.205605691108325,0.8563112007822185,14.733352869538342,4,230.293,-0.48189999999999955,2.0,6.0,6.0,1.0,,,,27.71640299041971,10.0,5.0,5.0,5.0,3.0,1.0,,,,,13.667782519806437,8.053225066984218,45.13519110164476,17.179937637459755,1434,16,15,1.0124107148949504,0.7761258079741359,8.622706883572002,8.639480652418804,28,42.23973363305034,3.0,1.3000665082345055,1.53856916026076,ZINCf5000002sc1m_m02_t03,SER20;GLU17;LEU22,1.0,-42.473989446604016
611,native_first,ZINCf5000002mGHO,O=C(NC[C@H]1C[C@H]1F)[C@@H]1CCS(=O)(=O)C1,165,1151,1151,1,0,1,10.714285714285714,15.48021141629053,0.9960697759458782,15.419370717019333,3,235.27999999999997,-0.10470000000000002,1.0,3.0,3.0,1.0,,,,14.985733135429138,6.0,3.0,3.0,3.0,3.0,1.0,,,,,5.334950171612969,2.8133710776133563,51.43799472295514,7.747645912567011,1528,16,9,0.16570248015867856,0.10488146804413685,8.622706883572002,8.661898865916243,28,42.23973363305034,3.0,1.3024656381840647,1.8476037053617038,ZINCf5000002mGHO_m01_t01,SER20;GLU17;LEU22,1.0,-40.32809656677777
612,native_first,ZINCf5000002mGHP,O=C(NC[C@H]1C[C@H]1F)[C@H]1CCS(=O)(=O)C1,338,1152,1152,1,0,1,14.285714285714286,17.205605691108325,0.8588357130871455,14.776788632819265,4,235.27999999999997,-0.10470000000000002,1.0,3.0,3.0,1.0,,,,14.985733135429138,6.0,3.0,3.0,3.0,3.0,1.0,,,,,5.334950171612969,2.8133710776133563,51.43799472295514,7.747645912567011,888,16,13,1.0601108062555922,0.7080178455993481,8.622706883572002,8.976317960829556,28,42.23973363305034,3.0,1.3024656381840647,1.8476037053617038,ZINCf5000002mGHP_m01_t01,SER20;GLU17;LEU22,1.0,-40.32809656677777
613,native_first,ZINCf5000000SNrI,C[S@](=O)(CCO)=NC(=O)Cc1csnn1,1013,836,836,0,1,1,10.714285714285714,15.315268646616897,0.8320547172288408,12.743141523044553,3,249.317,-0.3027000000000002,1.0,6.0,4.0,1.0,,,,23.00393025917909,8.0,4.0,4.0,4.0,3.0,1.0,,,,,9.99055636933305,5.5635190952320706,48.90764647467726,13.24389984179456,91,16,5,0.6307554427520297,0.9192038957877616,7.259444124724703,5.721264020768633,28,42.23973363305034,3.0,1.3033151108173837,1.7805338672335986,ZINCf5000000SNrI_m01_t02,SER20;GLU17;LEU22,1.0,-67.214833820844
614,native_first,ZINCf50000008UN0,CCCS(=O)(=O)NCCCOCC(=O)O,835,560,560,1,1,1,14.285714285714286,17.205605691108325,0.7727250513988874,13.295202542010669,4,239.29299999999992,-0.19289999999999968,2.0,4.0,9.0,1.0,,,,22.695786574656285,9.0,4.0,5.0,4.0,3.0,1.0,,,,,11.56261594186044,6.6276414631602405,45.2734492622704,14.345908600059401,1253,16,0,1.521169370202553,0.9152478775032291,8.622706883572002,8.529872297440221,28,42.23973363305034,3.0,1.303613054842327,0.9892671437206153,ZINCf50000008UN0_m02_t02,SER20;GLU17;LEU22,1.0,-15.493108193062218
615,native_first,ZINCf5000000ajAL,NCCSCC(=O)NS(=O)(=O)CC1CC1,1335,1277,1277,0,0,1,14.285714285714286,15.036168524741624,0.7411034391510722,11.143356205341123,4,252.36099999999996,-0.4656999999999998,2.0,5.0,7.0,1.0,,,,21.514590157676757,9.0,5.0,4.0,5.0,3.0,1.0,,,,,8.932347232416,5.040088795930851,39.22166968053042,12.077907963731189,1432,16,11,1.282850683000674,1.256744304406627,7.155285109623515,7.758198316325579,28,42.23973363305034,3.0,1.3047792877191318,1.5327564000741587,ZINCf5000000ajAL_m01_t02,SER20;GLU17;LEU22,3.0,-25.826010200982893
616,native_first,ZINCf50000008LMV,CC(C)(CN)c1nc(CS(C)(=O)=O)no1,1261,1530,1530,0,0,1,10.714285714285714,15.315268646616897,0.7624038660848774,11.67642002630923,3,233.29299999999998,-0.14949999999999974,1.0,6.0,4.0,1.0,,,,18.157533472740838,6.0,3.0,3.0,3.0,2.0,1.0,,,,,7.707039591249925,4.078317226638931,69.91128010139415,10.319663061622652,290,16,3,1.3089441247769027,1.1185217356233712,7.259444124724703,6.764678940813917,28,42.23973363305034,3.0,1.3056933379305065,2.078728105624386,ZINCf50000008LMV_m01_t01,SER20;GLU17;LEU22,2.0,25.30400841972757
617,native_first,ZINCf50000008NeC,CC(C)CNCC(=O)NCCCC(N)=O,972,809,809,0,1,1,14.285714285714286,17.205605691108325,0.7475403469897176,12.861884448499376,4,215.29699999999994,-0.38629999999999937,3.0,3.0,8.0,1.0,,,,23.707739270531132,9.0,5.0,4.0,5.0,3.0,1.0,,,,,12.12405944526924,6.962908215182095,46.85355117875261,15.019979401584713,1156,16,0,1.5271098211492404,1.021594774930959,8.622706883572002,7.895685206525383,28,42.23973363305034,3.0,1.3091748602435875,2.172794173810221,ZINCf50000008NeC_m02_t05,SER20;GLU17;LEU22,0.0,-20.71251154586564
618,native_first,ZINCf50000017zdt,CC[C@@H](C#N)C(=O)NOCCOCCO,573,202,202,1,1,1,10.714285714285714,15.48021141629053,0.9067888771593535,14.037283528367496,3,216.23699999999994,-0.4071200000000003,2.0,5.0,8.0,1.0,,,,26.580745014588192,10.0,5.0,5.0,5.0,3.0,1.0,,,,,14.1209913512049,8.495187192456598,41.80705868205868,17.235929767050724,1308,16,6,0.49971654874576865,0.7326065253870881,8.622706883572002,8.068029691212349,28,42.23973363305034,3.0,1.3091893184323247,1.134397847779525,ZINCf50000017zdt_m01_t01,SER20;GLU17;LEU22,1.0,32.25574093584049
619,native_first,ZINCf5000000Zzck,Oc1nnc(NCc2cnco2)c(O)n1,770,1177,1177,1,0,1,14.285714285714286,17.205605691108325,0.7830590290333619,13.47300488641017,4,209.165,-0.1171000000000002,3.0,8.0,3.0,1.0,,,,28.03027399352429,8.0,4.0,4.0,4.0,2.0,1.0,,,,,14.234566551428573,8.170350864492395,55.22029372496663,17.683493411952504,1077,16,9,1.0219820337500531,1.0848118455441011,8.622706883572002,9.784172737467193,28,42.23973363305034,3.0,1.3111421696963956,1.9313915341701502,ZINCf5000000Zzck_m01_t02,SER20;GLU17;LEU22,2.0,-10.73806685423719
620,native_first,ZINCf5000000ZxFI,NCCONC(=O)c1nc(Br)cnc1N,1527,622,622,0,1,1,10.714285714285714,15.707533030272986,0.5580283055217694,8.765248040810459,3,276.094,-0.5586,3.0,6.0,4.0,1.0,,,,31.934516044516347,10.0,5.0,5.0,5.0,3.0,1.0,,,,,12.253959844735355,7.420880707080578,35.139933166248944,17.174098894680604,269,16,3,1.5039074578158955,2.146223351696789,10.906806590381992,9.089563018410928,28,42.23973363305034,3.0,1.312520178518639,2.018753828211711,ZINCf5000000ZxFI_m02_t07,SER20;GLU17;LEU22,0.0,106.84564627175196
621,native_first,ZINCf50000008L4G,CC(=O)[C@@H](C)SCc1nnc(O)nc1O,953,731,731,0,1,1,14.285714285714286,17.205605691108325,0.7509130309702393,12.91991351918895,4,229.26100000000002,0.4934999999999999,2.0,7.0,4.0,1.0,,,,25.88884027917479,9.0,4.0,5.0,4.0,3.0,1.0,,,,,12.667857696820983,7.310246987193117,47.42571344513092,15.973103342409434,386,16,6,1.2039907593447212,1.2819235031075884,8.622706883572002,8.79322101597846,28,42.23973363305034,3.0,1.3133207289290656,1.4882709951198567,ZINCf50000008L4G_m01_t07,SER20;GLU17;LEU22,2.0,6.781804946618411
622,native_first,ZINCf5000002rZE0,CN(C(=O)CC[C@@H](N)CN)c1nncs1,1004,865,865,0,1,1,10.714285714285714,15.315268646616897,0.8338705625663987,12.77095168220996,3,229.30900000000003,-0.4328999999999996,2.0,6.0,5.0,1.0,,,,22.891259571188275,8.0,4.0,4.0,4.0,3.0,1.0,,,,,10.162819385585964,5.682100071831857,48.06649047155378,13.344929431986541,1244,16,4,0.8714012702947905,0.776340487988424,7.259444124724703,5.745483409887142,28,42.23973363305034,3.0,1.313921037916688,1.83610374038925,ZINCf5000002rZE0_m01_t02,SER20;GLU17;LEU22,1.0,-5.2043239912165475
623,native_first,ZINCf50000017HS4,COC(=O)/C=C(\\O)N=[S@](C)(=O)CCCO,520,1021,1021,1,0,1,14.285714285714286,19.005613846886952,0.7467582083721448,14.192598145314127,4,237.27699999999996,0.03899999999999998,2.0,6.0,5.0,1.0,,,,19.698205866669763,8.0,4.0,4.0,4.0,3.0,1.0,,,,,9.614683996701668,5.345423591247991,47.75721687638788,12.13556446419369,1091,16,10,0.9798654931377793,1.304137865007853,8.622706883572002,7.339738018096711,28,42.23973363305034,3.0,1.3192108091194965,2.008792970193742,ZINCf50000017HS4_m01_t01,SER20;GLU17;LEU22,2.0,-89.51830389107968
624,native_first,ZINCf5000002rF7U,C[C@H](ONC(=O)[C@H](C)C(C)(C)O)C(=O)O,110,198,198,1,1,1,17.857142857142858,20.731008121704747,0.7583699838480309,15.721774294410626,5,219.23699999999997,-0.08570000000000011,3.0,4.0,5.0,1.0,,,,26.705319978517654,10.0,5.0,5.0,5.0,3.0,1.0,,,,,9.76364117500627,5.828043356205025,30.068460601740473,13.999060875884117,327,16,3,1.3037601382951611,1.1633290129559266,8.622706883572002,8.348531916511876,28,42.23973363305034,3.0,1.3207794432751612,2.1038728338361934,ZINCf5000002rF7U_m01_t04,SER20;GLU17;LEU22,1.0,-0.01934952043976068
625,native_first,ZINCf50000009tyo,COCC(C)=CC(=O)OCc1nn[nH]n1,461,314,314,1,1,1,17.857142857142858,20.731008121704747,0.694392195005662,14.395450234310765,5,212.209,-0.16440000000000005,1.0,6.0,5.0,1.0,,,,24.83149297042401,9.0,5.0,4.0,5.0,3.0,1.0,,,,,13.075135389030073,7.44946831065972,53.406481481481485,16.014224784378555,363,16,13,1.8937170982999636,1.1223962861211092,8.622706883572002,9.013548588470428,28,42.23973363305034,3.0,1.3208108218797865,2.0314855390335427,ZINCf50000009tyo_m01_t02,SER20;GLU17;LEU22,0.0,-17.8239284678112
626,native_first,ZINCf5000002s456,COC[C@](C)(CCO)NC[C@@H](O)CCO,13,219,219,1,1,1,17.857142857142858,20.731008121704747,0.8078408559810549,16.747355346388165,5,221.29699999999997,-0.8931999999999993,4.0,5.0,9.0,1.0,,,,26.330223142465474,10.0,7.0,3.0,7.0,3.0,1.0,,,,,11.962331363152062,7.030654472791206,40.06856443220079,15.554304307980416,570,16,14,1.0909632081305234,1.019151798969327,8.622706883572002,8.669945968247461,28,42.23973363305034,3.0,1.321607701432033,1.8413710653600475,ZINCf5000002s456_m02_t01,SER20;GLU17;LEU22,3.0,52.40204087616205
627,native_first,ZINCf50000017Bo0,CC[S@](=N)(=O)NC(=O)CSCC(=O)OC,250,451,451,1,1,1,14.285714285714286,17.205605691108325,0.8762288522085442,15.076048126272642,4,254.33299999999994,-0.009530000000000483,2.0,6.0,6.0,1.0,,,,23.42766873676358,10.0,6.0,4.0,6.0,3.0,1.0,,,,,12.69122336271825,7.412224885421042,44.09761724181519,15.375334706229582,577,16,14,0.7149645519448614,0.7023147582184023,8.622706883572002,7.484115499802971,28,42.23973363305034,3.0,1.322882696309166,2.17057143714748,ZINCf50000017Bo0_m01_t05,SER20;GLU17;LEU22,1.0,-103.97827733068965
628,native_first,ZINCf5000002rLkD,CCOC[C@@H](N)C(=O)NCC[S@](C)(=N)=O,67,192,192,1,1,1,17.857142857142858,20.731008121704747,0.7706213007084562,15.975756443745682,5,237.325,-0.8570299999999988,3.0,5.0,7.0,1.0,,,,26.705319978517654,10.0,5.0,5.0,5.0,3.0,1.0,,,,,12.12980080568694,7.235531939491337,37.48641583693131,15.773680598894618,517,16,11,1.1602097150557062,1.1604933966068178,8.622706883572002,8.019246426656437,28,42.23973363305034,3.0,1.3283020708823834,2.162378258054084,ZINCf5000002rLkD_m01_t04,SER20;GLU17;LEU22,0.0,19.525123839515324
629,native_first,ZINCf5000002dT2A,CCOCCCC(=O)NOC[C@@H](O)CO,82,186,186,1,1,1,17.857142857142858,20.731008121704747,0.7662744406131117,15.88564165180518,5,221.253,-0.7958999999999998,3.0,5.0,9.0,1.0,,,,26.705319978517654,10.0,5.0,5.0,5.0,3.0,1.0,,,,,14.476796927171524,8.630987075605692,44.862153149934485,17.533927690008056,1359,16,9,1.4090665831341391,1.040196060177474,8.622706883572002,8.840474932041523,28,42.23973363305034,3.0,1.329670340400613,1.5625413355078919,ZINCf5000002dT2A_m01_t01,SER20;GLU17;LEU22,0.0,13.825692443976621
630,native_first,ZINCf500000185bu,NOCCNC(=O)C[C@@H](N)c1nccs1,533,73,73,1,1,1,14.285714285714286,17.205605691108325,0.8225319601934344,14.152160575422641,4,230.293,-0.4604999999999997,3.0,6.0,6.0,1.0,,,,29.898373683036166,10.0,5.0,5.0,5.0,3.0,1.0,,,,,14.563788845996964,8.8183550618311,41.79367106570168,18.397435055256768,330,16,7,1.1388073251735606,0.8942573951808116,8.622706883572002,8.485961764424077,28,42.23973363305034,3.0,1.3354643537686486,1.974791585277664,ZINCf500000185bu_m01_t03,SER20;GLU17;LEU22,2.0,3.2580284240710906
631,native_first,ZINCf50000028xRY,C[C@@H](O)C(=O)NCCCNC(=O)C=CI,467,900,900,1,0,1,14.285714285714286,17.205605691108325,0.8357931499261336,14.380327376958437,4,326.134,-0.061600000000000266,3.0,3.0,6.0,1.0,,,,21.88017655928622,8.0,4.0,4.0,4.0,3.0,1.0,,,,,8.865684191629942,4.936908702282348,43.41596217223097,12.119307283544012,1405,16,1,1.3320517845437818,0.63755611469155,8.622706883572002,8.341845664742715,28,42.23973363305034,3.0,1.3373780393655685,1.5639610786732738,ZINCf50000028xRY_m01_t07,SER20;GLU17;LEU22,1.0,-26.166793695508428
632,native_first,ZINCf5000000ZrZh,CN(C(=O)COCCF)c1nccnn1,1332,820,820,0,1,1,14.285714285714286,14.635981502647391,0.7646584068739216,11.19152629885054,4,214.20000000000002,-0.17950000000000044,0.0,5.0,5.0,1.0,,,,23.680662392316755,8.0,5.0,3.0,5.0,3.0,1.0,,,,,5.160804997309162,2.8057107312629266,32.133148876268145,9.79076934606106,501,16,9,0.9148132406917672,1.2623959840994214,8.622706883572002,7.471999523203412,28,42.23973363305034,3.0,1.3393191872966628,2.0079096460507704,ZINCf5000000ZrZh_m01_t01,SER20;GLU17;LEU22,3.0,44.806938997867995
633,native_first,ZINCf500000091sp,CCOCCCC(=O)NS(=O)(=O)CCN,417,378,378,1,1,1,14.285714285714286,17.205605691108325,0.8439467943503594,14.52061576786717,4,238.30899999999997,-0.7921999999999978,2.0,5.0,8.0,1.0,,,,24.512170865663283,10.0,5.0,5.0,5.0,3.0,1.0,,,,,12.25533619240804,7.200617993206976,41.12307319584506,15.319544860721852,1102,16,3,1.0628518651722314,0.8096779772180484,8.622706883572002,8.352544949022898,28,42.23973363305034,3.0,1.3398663188052244,1.5472751374707958,ZINCf500000091sp_m02_t01,SER20;GLU17;LEU22,2.0,-102.44544558306524
634,native_first,ZINCf50000029RbS,CC(C)(N)[C@H](O)C(=O)NCCP(C)(C)=O,424,298,298,1,1,1,14.285714285714286,17.205605691108325,0.8432421054409538,14.50849116835704,4,236.25199999999992,-0.17649999999999944,3.0,4.0,5.0,1.0,,,,25.524123561538133,10.0,6.0,4.0,6.0,3.0,1.0,,,,,11.292802897207718,6.669327056422857,36.81372102208854,14.850633063290319,177,16,14,0.9023820994856032,0.9315454717261419,8.622706883572002,8.639932987786022,28,42.23973363305034,3.0,1.3408796855229776,2.174345456257486,ZINCf50000029RbS_m01_t03,SER20;GLU17;LEU22,1.0,34.709242493190175
635,native_first,ZINCf5000000Vl6O,CC(C)NS(=O)(=O)NCCSCC(=O)O,714,933,933,1,0,1,14.285714285714286,17.205605691108325,0.7918067715378073,13.623515094629006,4,256.34899999999993,-0.36339999999999956,3.0,4.0,8.0,1.0,,,,21.514590157676757,9.0,5.0,4.0,5.0,3.0,1.0,,,,,13.45583383328054,7.719656767054459,52.36979166666666,15.470522914379595,119,16,13,1.1639952935664764,1.0311008405323854,8.622706883572002,8.031309995812652,28,42.23973363305034,3.0,1.341172323243928,2.2118915463481073,ZINCf5000000Vl6O_m01_t02,SER20;GLU17;LEU22,2.0,-181.59345160181613
636,native_first,ZINCf5000002rLCL,CCOCCOC[C@H](O)CNC[C@@H](C)O,8,413,413,1,1,1,17.857142857142858,20.731008121704747,0.8197577205707576,16.994403962982545,5,221.297,-0.6291999999999986,3.0,5.0,10.0,1.0,,,,23.707739270531132,9.0,5.0,4.0,5.0,3.0,1.0,,,,,11.426671986427712,6.50861503802191,46.75831056466303,14.496938807453569,362,16,6,1.2996923656372996,0.7803062441051998,8.622706883572002,8.890289533877155,28,42.23973363305034,3.0,1.3480491338557008,1.5302103910898002,ZINCf5000002rLCL_m01_t01,SER20;GLU17;LEU22,0.0,85.12879282473793
637,native_first,ZINCf5000000aygm,OCCN(CCO)CCCc1nnco1,287,518,518,1,1,1,17.857142857142858,20.731008121704747,0.7219787900270176,14.967348159748667,5,215.253,-0.7112000000000005,2.0,6.0,8.0,1.0,,,,22.891259571188275,8.0,4.0,4.0,4.0,3.0,1.0,,,,,11.110653801443291,6.301235896547391,46.92988753290261,14.055805243879538,1497,16,0,1.7003419481174675,1.081872918353147,8.622706883572002,8.139435059235609,28,42.23973363305034,3.0,1.350799441771082,1.9647419214365023,ZINCf5000000aygm_m02_t01,SER20;GLU17;LEU22,3.0,45.27860622443695
638,native_first,ZINCf50000009F8s,COc1cc(CN(CCN)CCN)sn1,936,778,778,0,1,1,10.714285714285714,14.035426252508884,0.9258987972477802,12.995384286057895,3,230.337,-0.12889999999999902,2.0,6.0,7.0,1.0,,,,24.71882228243319,9.0,5.0,4.0,5.0,3.0,1.0,,,,,9.875962713940911,5.573159952104203,43.32664884135472,13.58667760606398,1234,16,13,0.6789747659626495,0.5386488447432725,5.577579134355692,5.479509638265307,28,42.23973363305034,3.0,1.3511534275853998,2.096643605862168,ZINCf50000009F8s_m02_t01,SER20;GLU17;LEU22,3.0,245.97641915108042
639,native_first,ZINCf5000000VZ29,CCOCCC(=O)N[C@H](CCO)C(=O)O,244,196,196,1,1,1,17.857142857142858,20.731008121704747,0.728813669786447,15.109042107552275,5,219.237,-0.6351999999999993,3.0,4.0,8.0,1.0,,,,26.705319978517654,10.0,5.0,5.0,5.0,3.0,1.0,,,,,10.87464246302772,6.465317670187392,34.19662531316974,14.832311841900204,1048,16,1,1.659498129105572,1.0849073213751281,8.622706883572002,8.356518600459513,28,42.23973363305034,3.0,1.3513032805225305,2.2195169182067933,ZINCf5000000VZ29_m02_t06,SER20;GLU17;LEU22,1.0,23.876031826764255
640,native_first,ZINCf5000002eas8,CSCC[C@@H](O)CC(=O)NCCC(N)=O,192,409,409,1,1,1,14.285714285714286,17.205605691108325,0.8904030913408896,15.319924495755256,4,234.32099999999997,-0.5179,3.0,4.0,8.0,1.0,,,,23.707739270531132,9.0,5.0,4.0,5.0,3.0,1.0,,,,,12.667907317189314,7.278448564068916,48.810592459605026,15.427865305524769,500,16,11,0.7479947562440288,0.738528016200153,8.622706883572002,8.688658156850343,28,42.23973363305034,3.0,1.3548448629252199,2.2334839440454464,ZINCf5000002eas8_m01_t05,SER20;GLU17;LEU22,3.0,-42.460511596496694
641,native_first,ZINCf5000002aSP9,CON=CC(=O)N[C@@H](C)c1nnc(O)o1,342,248,248,1,1,1,10.714285714285714,15.48021141629053,0.9537621142750299,14.76443916982571,3,214.18099999999998,-0.41540000000000016,2.0,7.0,4.0,1.0,,,,25.88884027917479,9.0,4.0,5.0,4.0,3.0,1.0,,,,,14.172890200484108,8.21709945892248,51.50117164616288,17.10187772015678,1532,16,11,0.39455351937896993,0.4941323458620864,8.622706883572002,8.73717382639958,28,42.23973363305034,3.0,1.3552168141978047,2.23627774805416,ZINCf5000002aSP9_m01_t04,SER20;GLU17;LEU22,2.0,30.611870018167274
642,native_first,ZINCf50000008H1s,C=CC[C@H](CO)NC(=O)CCCC(N)=O,239,415,415,1,1,1,17.857142857142858,20.731008121704747,0.7301287825189506,15.136305720290764,5,214.26499999999993,-0.30480000000000035,3.0,3.0,8.0,1.0,,,,23.707739270531132,9.0,5.0,4.0,5.0,3.0,1.0,,,,,11.0619060493435,6.374036413852696,41.81614349775785,14.223364354640408,1006,16,11,1.7641364836252729,0.9928545536493374,8.622706883572002,8.346544684527387,28,42.23973363305034,3.0,1.3566876260905956,1.9621711259961616,ZINCf50000008H1s_m01_t04,SER20;GLU17;LEU22,0.0,-50.99602279978186
643,native_first,ZINCf500000185c0,NOCCNC(=O)Cn1nc(Br)c(Br)n1,1005,1511,1511,0,0,1,17.857142857142858,20.731008121704747,0.6160304601583236,12.77093247275972,5,342.979,-0.19039999999999985,2.0,6.0,5.0,1.0,,,,24.04002420072306,8.0,3.0,5.0,3.0,2.0,1.0,,,,,8.592560714578912,4.840371533019846,38.22078737332974,12.45442658611495,167,16,7,1.9616266474893584,1.6066434174548945,8.622706883572002,8.127199786684756,28,42.23973363305034,3.0,1.3588724628488984,1.9463886336191447,ZINCf500000185c0_m01_t01,SER20;GLU17;LEU22,0.0,49.14814976089269
644,native_first,ZINCf5000000WAJX,COc1cc(NCCON)nc(OC)n1,384,244,244,1,1,1,14.285714285714286,19.005613846886952,0.7709480575633824,14.65234107805722,4,214.225,-0.20400000000000018,2.0,7.0,6.0,1.0,,,,25.88884027917479,9.0,4.0,5.0,4.0,3.0,1.0,,,,,14.905171583348057,8.669483924510613,53.09406841339156,17.651088757304738,68,16,9,1.3435428492438357,0.9487888079082348,8.622706883572002,7.534326375661541,28,42.23973363305034,3.0,1.3597942741277045,1.933376842789196,ZINCf5000000WAJX_m01_t01,SER20;GLU17;LEU22,0.0,-71.53870587315309
645,native_first,ZINCf5000000Zrb9,CCN(CCC(N)=O)c1nnc(CO)s1,430,514,514,1,1,1,14.285714285714286,19.005613846886952,0.7616307830480626,14.47526055651361,4,230.293,-0.2679000000000001,2.0,6.0,6.0,1.0,,,,22.891259571188275,8.0,4.0,4.0,4.0,3.0,1.0,,,,,11.728795987423785,6.5309481517094365,57.460160767169654,14.519411883364908,1212,16,7,1.2452677098202647,1.1802124216023027,8.622706883572002,8.277936029859955,28,42.23973363305034,3.0,1.3607002514184194,1.9177968341434861,ZINCf5000000Zrb9_m01_t01,SER20;GLU17;LEU22,2.0,-69.11814634854176
646,native_first,ZINCf5000000VZps,O=C(O)[C@@H](CB(O)O)NCc1cnsc1,24,1195,1195,1,0,1,17.857142857142858,20.731008121704747,0.7990692014222172,16.56551010448811,5,230.054,-0.8412999999999999,4.0,6.0,6.0,1.0,,,,25.051976896597917,8.0,4.0,4.0,4.0,2.0,1.0,,,,,10.306317897100383,5.909248437908535,40.27472527472526,13.992732646974765,471,16,2,1.0114085368317234,1.0407134303513756,8.622706883572002,7.6964588851420555,28,42.23973363305034,3.0,1.365503921376518,2.1248549777153327,ZINCf5000000VZps_m01_t01,SER20;GLU17;LEU22,0.0,47.53636985767694
647,native_first,ZINCf5000000axfN,O=S(=O)(Cc1ccno1)c1n[nH]c(O)n1,860,1206,1206,1,0,1,17.857142857142858,20.731008121704747,0.6365452777457108,13.196225322779135,5,230.20499999999998,-0.5278000000000002,2.0,7.0,3.0,1.0,,,,24.133411277653728,7.0,3.0,4.0,3.0,2.0,1.0,,,,,5.671414919253129,3.1309552276802544,30.07126236183828,10.286914008853278,1204,16,12,2.2606283021879343,1.2029146069860783,8.622706883572002,9.38179474348418,28,42.23973363305034,3.0,1.367199543508591,2.076601803018469,ZINCf5000000axfN_m01_t03,SER20;GLU17;LEU22,0.0,4.815964288042894
648,native_first,ZINCf5000000ajtk,NCCONC(=O)C[C@@H](N)c1nccs1,1099,646,646,0,1,1,10.714285714285714,15.315268646616897,0.8116470436581037,12.430592519856251,3,230.293,-0.4604999999999997,3.0,6.0,6.0,1.0,,,,29.898373683036166,10.0,5.0,5.0,5.0,3.0,1.0,,,,,12.880642878563178,7.7167682950777134,38.935007804739605,17.135075579681423,1257,16,7,1.026874919350877,1.0359347724951193,7.259444124724703,7.07587471359648,28,42.23973363305034,3.0,1.3700183326849433,1.8698443801467366,ZINCf5000000ajtk_m01_t01,SER20;GLU17;LEU22,1.0,31.292365309876615
649,native_first,ZINCf50000009FGY,CS(=O)(=O)CCN1CC(CS(C)(=O)=O)C1,179,1149,1149,1,0,1,14.285714285714286,17.205605691108325,0.8924355988859353,15.354895019139514,4,255.361,-0.9925999999999979,0.0,5.0,5.0,1.0,,,,16.60265024786633,7.0,4.0,3.0,4.0,3.0,1.0,,,,,6.703094515841918,3.5924219621576445,49.985207100591715,9.177983448848021,103,16,9,0.8477043388664481,0.6496819403999283,8.622706883572002,8.361508405336739,28,42.23973363305034,3.0,1.3761936241861215,2.1078506848504244,ZINCf50000009FGY_m01_t01,SER20;GLU17;LEU22,3.0,6.923097833054857
650,native_first,ZINCf5000002rLOE,CCOCCONC(=O)[C@@H](O)CCCN,662,194,194,1,1,1,17.857142857142858,20.731008121704747,0.6650327523715266,13.78679939061378,5,220.26899999999998,-0.8294999999999988,3.0,5.0,9.0,1.0,,,,26.705319978517654,10.0,5.0,5.0,5.0,3.0,1.0,,,,,11.721664494902925,6.9321620444654455,37.92318571554848,15.467578365806606,959,16,10,1.8639435402130462,1.315540716593319,8.622706883572002,9.29758379984045,28,42.23973363305034,3.0,1.3797579425832769,1.5714248163290703,ZINCf5000002rLOE_m01_t02,SER20;GLU17;LEU22,1.0,65.02654184814755
651,native_first,ZINCf5000001815g,Cn1nnc(CSCc2nnc(O)s2)n1,889,1216,1216,1,0,1,10.714285714285714,14.035426252508884,0.9332094305290305,13.09799214033602,3,244.305,0.2005999999999999,1.0,9.0,4.0,1.0,,,,22.9922992816318,7.0,4.0,3.0,4.0,2.0,1.0,,,,,11.123171845152454,6.057588525102321,67.92262559589294,14.09045370427229,1025,16,10,0.45721955343904985,0.5861156823360639,5.577579134355692,5.09678897951571,28,42.23973363305034,3.0,1.3818102890878525,1.9762734041418362,ZINCf5000001815g_m01_t02,SER20;GLU17;LEU22,2.0,17.35475319383937
652,native_first,ZINCf50000009fYN,CN(Cc1cnon1)Cc1nnc(O)o1,373,127,127,1,1,1,10.714285714285714,15.48021141629053,0.9489008430922197,14.689185664163888,3,211.181,-0.20980000000000015,1.0,8.0,4.0,1.0,,,,27.83869606807005,9.0,5.0,4.0,5.0,3.0,1.0,,,,,12.488617886776735,7.244908044288777,45.212357330992106,16.32613743210006,1466,16,11,0.41449462120805364,0.5243713944230759,8.622706883572002,8.618393480377414,28,42.23973363305034,3.0,1.3827826513266912,1.658295650479637,ZINCf50000009fYN_m02_t01,SER20;GLU17;LEU22,2.0,30.827295672251488
653,native_first,ZINCf50000017LMW,COC[C@H](C)S(=O)(=O)NCC[S@@](C)(=N)=O,76,565,565,1,1,1,17.857142857142858,20.731008121704747,0.7690109002962723,15.9423712197215,5,258.365,-0.38272999999999907,2.0,5.0,7.0,1.0,,,,22.695786574656285,9.0,4.0,5.0,4.0,3.0,1.0,,,,,11.079301968181774,6.385201483367646,41.8328505644682,13.9834231198004,72,16,2,1.2732851818521154,1.0036856472117013,8.622706883572002,7.48574032743351,28,42.23973363305034,3.0,1.3832366319778975,2.215078333117338,ZINCf50000017LMW_m01_t01,SER20;GLU17;LEU22,2.0,-83.87144599922847
654,native_first,ZINCf5000002aK4D,CC[C@H](CN)SCC(=O)Nc1nn[nH]n1,1288,700,700,0,1,1,14.285714285714286,15.036168524741624,0.7665892069858024,11.526564505486563,4,230.29700000000005,-0.3912999999999999,3.0,6.0,6.0,1.0,,,,26.900792975049644,9.0,5.0,4.0,5.0,3.0,1.0,,,,,14.319033680010163,8.316043383777965,51.480748945147695,17.464473503770034,1107,16,10,1.1805449784194753,1.1340694563802183,7.155285109623515,6.2837603217079785,28,42.23973363305034,3.0,1.385588408930186,1.8991524257822998,ZINCf5000002aK4D_m01_t07,SER20;GLU17;LEU22,3.0,-5.635799836913177
655,native_first,ZINCf5000002oFxY,CO[C@@H](CCN)C(=O)NCc1csnn1,1116,689,689,0,1,1,10.714285714285714,15.315268646616897,0.8075536790886785,12.36790154180696,3,230.29300000000003,-0.48189999999999955,2.0,6.0,6.0,1.0,,,,27.71640299041971,10.0,5.0,5.0,5.0,3.0,1.0,,,,,11.832156913308859,6.956813495448645,39.5461408650857,15.803218432586572,687,16,13,0.9777863659335229,1.0389292763011804,7.259444124724703,6.503801513335504,28,42.23973363305034,3.0,1.394084471366594,2.0508094503214522,ZINCf5000002oFxY_m01_t01,SER20;GLU17;LEU22,1.0,-10.462589961838994
656,native_first,ZINCf5000002oHw2,NS(=O)(=O)CCC(=O)Nc1snnc1Br,333,1211,1211,1,0,1,17.857142857142858,20.731008121704747,0.7132715262131529,14.786837802905614,5,315.174,-0.08229999999999998,2.0,6.0,4.0,1.0,,,,24.04002420072306,8.0,3.0,5.0,3.0,2.0,1.0,,,,,11.08749321504532,6.311376207672191,45.58014755197854,14.325625961464755,357,16,8,1.524302561176345,1.2818536053782057,8.622706883572002,8.277671006956083,28,42.23973363305034,3.0,1.3953736420918663,2.1389513078318,ZINCf5000002oHw2_m01_t01,SER20;GLU17;LEU22,3.0,-34.44248062887403
657,native_first,ZINCf50000029Tt9,C[C@@H](N)CONC(=O)Cn1ncc(Br)n1,1046,1510,1510,0,0,1,10.714285714285714,15.315268646616897,0.8255622530782587,12.643707690399859,3,278.10999999999996,-0.5643999999999998,2.0,6.0,5.0,1.0,,,,24.04002420072306,8.0,3.0,5.0,3.0,2.0,1.0,,,,,8.82608793383673,4.923630983648271,42.555331991951704,12.629572000558312,145,16,15,1.020732764521682,0.8833599396943342,7.259444124724703,6.393080523061754,28,42.23973363305034,3.0,1.3972646095178778,2.061660536388296,ZINCf50000029Tt9_m01_t01,SER20;GLU17;LEU22,2.0,34.533700633807705
658,native_first,ZINCf5000000acqq,Cn1nnc(Br)c1C(=O)NOCCCN,1331,733,733,0,1,1,10.714285714285714,15.315268646616897,0.7314167822983499,11.201844513543335,3,278.11,-0.4122000000000003,2.0,6.0,5.0,1.0,,,,25.88884027917479,9.0,4.0,5.0,4.0,3.0,1.0,,,,,11.56564136522485,6.606446503357797,46.38501430615163,15.146441093712337,991,16,1,1.361725443676849,1.2450945500860788,7.259444124724703,7.995434878307267,28,42.23973363305034,3.0,1.3976284949989186,1.8443841101689677,ZINCf5000000acqq_m01_t01,SER20;GLU17;LEU22,0.0,-10.421815506725157
659,native_first,ZINCf500000092xa,CCONC(=O)[C@H](N)CCCS(C)(=O)=O,286,578,578,1,1,1,14.285714285714286,17.205605691108325,0.8699207905810629,14.967514105234988,4,238.30899999999997,-0.7937999999999994,2.0,5.0,7.0,1.0,,,,22.695786574656285,9.0,4.0,5.0,4.0,3.0,1.0,,,,,8.586480174853289,4.86363498627989,36.607537577365164,12.113806774804038,1376,16,14,0.8418228138941752,0.8034192456065875,8.622706883572002,8.831755250708364,28,42.23973363305034,3.0,1.3978115970180562,2.1199649484727705,ZINCf500000092xa_m01_t03,SER20;GLU17;LEU22,3.0,-2.158658877792183
660,native_first,ZINCf5000002aK4C,CC[C@@H](CN)SCC(=O)Nc1nn[nH]n1,1181,699,699,0,1,1,10.714285714285714,13.515260490838273,0.8945569277527486,12.09016990246239,3,230.29700000000005,-0.3912999999999999,3.0,6.0,6.0,1.0,,,,26.900792975049644,9.0,5.0,4.0,5.0,3.0,1.0,,,,,14.319033680010163,8.316043383777965,51.480748945147695,17.464473503770034,578,16,14,0.8076072459703423,0.6690415269246146,8.317947102500712,8.14865685579686,28,42.23973363305034,3.0,1.3989971324526178,1.9595380002613343,ZINCf5000002aK4C_m01_t07,SER20;GLU17;LEU22,2.0,-6.5906175119592945
661,native_first,ZINCf5000002oEvf,CN(C(=O)[C@@H](O)CCN)c1nnc(Br)s1,1137,866,866,0,1,1,10.714285714285714,15.315268646616897,0.8018715302642417,12.280877906070653,3,295.162,-0.0269000000000007,2.0,6.0,4.0,1.0,,,,22.891259571188275,8.0,4.0,4.0,4.0,3.0,1.0,,,,,9.337389184885728,5.188230794240149,46.62286279496962,12.725856781461363,98,16,8,0.8113359200464704,1.0452448228766624,7.259444124724703,5.8677148661717995,28,42.23973363305034,3.0,1.3995967316675517,2.027439886287627,ZINCf5000002oEvf_m02_t01,SER20;GLU17;LEU22,3.0,12.563977224195567
662,native_first,ZINCf5000002e5ZL,COCC[S@](=O)NC1(CC(N)=O)CCC1,209,91,91,1,1,1,14.285714285714286,19.005613846886952,0.8005739918896999,15.215400145716442,4,234.32099999999994,-0.31579999999999964,2.0,4.0,7.0,1.0,,,,29.452501667992948,11.0,7.0,4.0,7.0,3.0,1.0,,,,,12.681131730463921,7.713170066882961,35.629981884057976,16.87397421484618,524,16,1,1.0940490830859673,1.0178552495832587,8.622706883572002,7.964053431570673,28,42.23973363305034,3.0,1.4041506047053751,2.281478375322074,ZINCf5000002e5ZL_m01_t02,SER20;GLU17;LEU22,1.0,-4.110317961976932
663,native_first,ZINCf5000002ryaK,C[C@@H](CS(C)(=O)=O)NC(CCN)CCN,1393,890,890,0,1,1,7.142857142857143,11.789866216020478,0.897316685967217,10.579243680956349,2,237.36899999999994,-0.924699999999997,3.0,5.0,8.0,1.0,,,,22.51012039351548,9.0,6.0,3.0,6.0,3.0,1.0,,,,,10.37631827278575,5.957126896703727,40.192221223021576,13.409768802968184,1207,16,12,0.0023902351856673718,0.004780470371331447,3.375021925854705,3.3798023962260366,28,42.23973363305034,3.0,1.407769244576117,2.2137374787036292,ZINCf5000002ryaK_m01_t01,SER20;GLU17;LEU22,3.0,12.689804822055729
664,native_first,ZINCf5000000WzOZ,CCOC(=O)CCC(=O)NCS(=O)(=O)O,150,559,559,1,1,1,14.285714285714286,17.205605691108325,0.9021330300428606,15.52174519584224,4,239.249,-0.708799999999999,2.0,5.0,6.0,1.0,,,,22.695786574656285,9.0,4.0,5.0,4.0,3.0,1.0,,,,,11.700851648444257,6.761695608314136,43.41063348416288,14.449585379997265,1242,16,4,0.6849806112800269,0.6928637026619455,8.622706883572002,8.348986838229884,28,42.23973363305034,3.0,1.408014395457192,1.0596567626182607,ZINCf5000000WzOZ_m01_t04,SER20;GLU17;LEU22,3.0,-23.714779437017434
665,native_first,ZINCf50000009Vap,C[C@H](CN)CNC(=O)Cn1cc(I)nn1,1351,1527,1527,0,0,1,14.285714285714286,15.036168524741624,0.7336079610758306,11.030652933828282,4,323.13800000000003,-0.4062999999999999,2.0,5.0,5.0,1.0,,,,21.04244349273654,7.0,3.0,4.0,3.0,2.0,1.0,,,,,10.14408754213387,5.574869436121482,56.23416576185304,12.868676529784537,894,16,2,1.3349867756309493,1.2930678753946252,7.155285109623515,7.443426179682342,28,42.23973363305034,3.0,1.4098350682402425,1.9397345109359125,ZINCf50000009Vap_m01_t03,SER20;GLU17;LEU22,1.0,-44.587510456591005
666,native_first,ZINCf50000017Xln,C[C@H](ON)C(=O)NCCn1cc(Br)nn1,1212,1506,1506,0,0,1,14.285714285714286,17.205605691108325,0.6930790364852717,11.924844614538864,4,278.10999999999996,-0.5643999999999998,2.0,6.0,5.0,1.0,,,,24.04002420072306,8.0,3.0,5.0,3.0,2.0,1.0,,,,,12.08235934166533,6.916736022225213,47.72422126745434,15.071775556429762,737,16,8,1.338392392528083,1.4320532689893894,8.622706883572002,7.454085454201799,28,42.23973363305034,3.0,1.4126266098679363,1.857564227386072,ZINCf50000017Xln_m01_t01,SER20;GLU17;LEU22,1.0,-17.645285242645105
667,native_first,ZINCf50000009ioR,CN=[S@](C)(=O)CCNS(=O)(=O)CCOC,673,454,454,1,1,1,10.714285714285714,15.48021141629053,0.8883751585228935,13.752235270915005,3,258.36499999999995,-0.7201999999999986,1.0,5.0,7.0,1.0,,,,23.42766873676358,10.0,6.0,4.0,6.0,3.0,1.0,,,,,10.912802025787096,6.311614364518673,40.26913161038799,14.041518703531219,1043,16,12,0.5803012425305729,0.7676834532466095,8.622706883572002,7.798183327206939,28,42.23973363305034,3.0,1.412752305648972,2.2886281527034438,ZINCf50000009ioR_m01_t01,SER20;GLU17;LEU22,1.0,-94.17650650120169
668,native_first,ZINCf5000002sfL9,CONCCC(=O)Nc1nnc(C#N)s1,613,79,79,1,1,1,17.857142857142858,20.731008121704747,0.6728822996978903,13.949528419988331,5,227.24900000000002,-0.11062000000000011,2.0,7.0,5.0,1.0,,,,29.773798719106704,10.0,5.0,5.0,5.0,3.0,1.0,,,,,16.36354810599899,9.736764906932207,51.23117623117624,19.716110759275917,96,16,14,1.7303134965594797,1.3992674504391158,8.622706883572002,8.867991223056524,28,42.23973363305034,3.0,1.4162450851082828,2.1060724794561496,ZINCf5000002sfL9_m01_t04,SER20;GLU17;LEU22,0.0,-4.245356033519929
669,native_first,ZINCf50000017ZBT,C[S@](=N)(=O)CCNC(=O)c1nsnc1O,149,74,74,1,1,1,17.857142857142858,20.731008121704747,0.7490417792887992,15.528391209932272,5,250.305,-0.3499300000000002,3.0,7.0,4.0,1.0,,,,29.898373683036166,10.0,5.0,5.0,5.0,3.0,1.0,,,,,14.24526698841832,8.58807746499173,41.74143087186567,18.15854366207278,203,16,0,1.2960100298451513,1.2180939467751954,8.622706883572002,8.225672155897325,28,42.23973363305034,3.0,1.421012129444718,2.253854202138779,ZINCf50000017ZBT_m01_t04,SER20;GLU17;LEU22,3.0,-32.2417579673847
670,native_first,ZINCf50000017ylN,CCOCCCS(=O)(=O)N[C@@H]1C[C@H]1CO,23,1017,1017,1,0,1,17.857142857142858,20.731008121704747,0.7993846884607589,16.572050468846413,5,237.321,-0.28679999999999967,2.0,4.0,8.0,1.0,,,,19.698205866669763,8.0,4.0,4.0,4.0,3.0,1.0,,,,,10.008198863802695,5.579018038548515,48.559849471703565,12.430700614519463,1073,16,0,1.3540364008479011,0.8685239455191975,8.622706883572002,8.330974005893358,28,42.23973363305034,3.0,1.4253360617139283,1.6446181041076808,ZINCf50000017ylN_m01_t01,SER20;GLU17;LEU22,2.0,-57.73345924721039
671,native_first,ZINCf5000002oEsQ,CN(C(=O)C[C@@H](O)CN)c1nnc(Br)s1,962,867,867,0,1,1,14.285714285714286,17.205605691108325,0.7492550968867335,12.891387759086301,4,295.162,-0.026899999999999813,2.0,6.0,4.0,1.0,,,,22.891259571188275,8.0,4.0,4.0,4.0,3.0,1.0,,,,,8.819997193561846,4.909239310757264,43.365330321852056,12.337812787968453,994,16,5,1.0665250844087846,1.3056730305409616,8.622706883572002,7.700728705506889,28,42.23973363305034,3.0,1.4257244869696837,2.067756924464764,ZINCf5000002oEsQ_m02_t01,SER20;GLU17;LEU22,1.0,-2.408676086131033
672,native_first,ZINCf5000000adLv,N#CCNC(=O)CCCCCS(N)(=O)=O,413,543,543,1,1,1,14.285714285714286,17.205605691108325,0.8459408516996442,14.554924732344421,4,233.29299999999998,-0.52492,2.0,4.0,7.0,1.0,,,,22.695786574656285,9.0,4.0,5.0,4.0,3.0,1.0,,,,,16.76234390933153,9.759327538967922,59.350775193798434,18.245704575662717,719,16,1,0.8095936055069752,0.8629649673103561,8.622706883572002,7.592228370265747,28,42.23973363305034,3.0,1.4280871740362369,2.2756451483611904,ZINCf5000000adLv_m01_t02,SER20;GLU17;LEU22,0.0,-100.82116868798914
673,native_first,ZINCf50000017z4n,CCS(=O)(=O)NC(=O)[C@H](N)CCCOC,160,379,379,1,1,1,14.285714285714286,17.205605691108325,0.898719283439592,15.463009617857038,4,238.30899999999994,-0.7937999999999994,2.0,5.0,7.0,1.0,,,,24.512170865663283,10.0,5.0,5.0,5.0,3.0,1.0,,,,,12.115271829733228,7.077833369509875,42.026117026117014,15.214496588715743,1364,16,10,0.5356283582306913,0.624910488605971,8.622706883572002,7.387784396472359,28,42.23973363305034,3.0,1.435493187315057,2.263890817744942,ZINCf50000017z4n_m01_t02,SER20;GLU17;LEU22,1.0,-67.5939423656875
674,native_first,ZINCf50000017w2B,CCCS(=O)(=O)[C@H](C)C(=O)NOCCN,1105,797,797,0,1,1,14.285714285714286,17.040662921434695,0.7286465225657621,12.416619779918712,4,238.30899999999994,-0.7937999999999976,2.0,5.0,7.0,1.0,,,,24.512170865663283,10.0,5.0,5.0,5.0,3.0,1.0,,,,,10.16345092478222,6.0076927416192385,32.97032828282829,13.750630910002485,1346,16,13,1.3323345666964783,1.2986977375810713,8.317947102500712,7.707214747429545,28,42.23973363305034,3.0,1.437950376663319,1.1697449556138324,ZINCf50000017w2B_m02_t01,SER20;GLU17;LEU22,2.0,7.922191666057488
675,native_first,ZINCf50000027oyT,Cn1cc(I)c(CNCC[C@@H](O)CO)n1,318,271,271,1,1,1,14.285714285714286,17.205605691108325,0.862746607252303,14.844077935724624,4,325.15000000000003,-0.14239999999999992,3.0,5.0,6.0,1.0,,,,25.71435251827191,9.0,6.0,3.0,6.0,3.0,1.0,,,,,15.098825028128065,8.678509880002832,58.026573321288765,17.752706900664027,1181,16,0,0.8671087935785159,0.778834905903417,8.622706883572002,7.901848622850408,28,42.23973363305034,3.0,1.440981721963145,1.8467550986657872,ZINCf50000027oyT_m01_t01,SER20;GLU17;LEU22,0.0,43.65295265262115
676,native_first,ZINCf50000028VIP,CC[C@@](C)(NCCn1cnnn1)C(=O)O,1048,857,857,0,1,1,14.285714285714286,17.205605691108325,0.7346947983283371,12.640869003345719,4,213.24099999999999,-0.4839999999999994,2.0,6.0,6.0,1.0,,,,22.891259571188275,8.0,4.0,4.0,4.0,3.0,1.0,,,,,12.792179652097518,7.2103816515876415,56.63602074493163,15.316949631870209,1286,16,2,1.5005106032460789,1.1679718856109502,8.622706883572002,8.355897596184432,28,42.23973363305034,3.0,1.449309452154938,2.15422035942237,ZINCf50000028VIP_m02_t01,SER20;GLU17;LEU22,0.0,8.924200207062531
677,native_first,ZINCf5000000aaqY,Cn1cc(CNC[C@H](N)C(=O)O)c(I)n1,519,166,166,1,1,1,14.285714285714286,17.205605691108325,0.824979129159269,14.194265599708308,4,324.122,-0.47380000000000005,3.0,5.0,5.0,1.0,,,,26.900792975049644,9.0,5.0,4.0,5.0,3.0,1.0,,,,,13.881728579547707,8.072796047127563,49.501378009863636,17.13649467842319,476,16,9,1.3238276472998582,0.7256919243246474,8.622706883572002,8.86093198522393,28,42.23973363305034,3.0,1.4612112303148594,2.2846175792087053,ZINCf5000000aaqY_m01_t04,SER20;GLU17;LEU22,2.0,43.37736735196731
678,native_first,ZINCf50000009eyw,CN(CCCF)S(=O)(=O)c1cnn(C)n1,1356,1382,1382,0,0,1,14.285714285714286,14.635981502647391,0.7479941888616983,10.947629112267556,4,236.27200000000002,-0.2048000000000001,0.0,5.0,5.0,1.0,,,,18.625685955643235,7.0,5.0,2.0,5.0,3.0,1.0,,,,,5.331228261436558,2.8160750855620074,49.89048187972918,8.654842684988227,1149,16,5,1.3430187417130492,1.1973938458626332,8.622706883572002,8.315597582172199,28,42.23973363305034,3.0,1.462871738511426,2.121075720711399,ZINCf50000009eyw_m01_t01,SER20;GLU17;LEU22,2.0,18.60392471650559
679,native_first,ZINCf50000017yY2,CCS(=O)(=O)CC(=O)NCc1cnsn1,517,315,315,1,1,1,14.285714285714286,17.205605691108325,0.8252284704968232,14.19855566844476,4,249.317,-0.41100000000000003,1.0,6.0,5.0,1.0,,,,24.83149297042401,9.0,5.0,4.0,5.0,3.0,1.0,,,,,12.785544660867727,7.275988880940703,52.66402714932128,15.797031738256795,1409,16,1,1.0869206859509797,0.8897361394810174,8.622706883572002,9.131361640436964,28,42.23973363305034,3.0,1.4656348863282584,2.2678064537784697,ZINCf50000017yY2_m01_t01,SER20;GLU17;LEU22,2.0,-23.692668788443342
680,native_first,ZINCf5000000atlx,O=C(O)CCNS(=O)(=O)Cc1ccon1,317,1210,1210,1,0,1,17.857142857142858,20.731008121704747,0.7163403226787172,14.850457047357084,5,234.233,-0.4313,2.0,5.0,6.0,1.0,,,,24.04002420072306,8.0,3.0,5.0,3.0,2.0,1.0,,,,,11.641166864078574,6.626301779514927,47.869013377162936,14.740881198239697,846,16,2,1.328542587480684,1.2630918032825211,8.622706883572002,7.330030179874817,28,42.23973363305034,3.0,1.475011250356392,1.8570507015450162,ZINCf5000000atlx_m01_t01,SER20;GLU17;LEU22,3.0,-80.5693802544047
681,native_first,ZINCf5000000anKU,Nc1ncnc(N[C@@H](CO)CCO)c1Cl,260,1193,1193,1,0,1,17.857142857142858,20.731008121704747,0.726230108031546,15.055482267828495,5,232.67099999999996,-0.1326000000000001,4.0,6.0,5.0,1.0,,,,25.858076477525255,8.0,5.0,3.0,5.0,2.0,1.0,,,,,10.533485010386942,5.997635346764292,43.21837513631406,14.364632877171518,720,16,7,1.2531625521750727,1.276462389826003,8.622706883572002,7.440453368723585,28,42.23973363305034,3.0,1.4763091412725695,2.0585565448649077,ZINCf5000000anKU_m01_t01,SER20;GLU17;LEU22,2.0,-14.385442181414117
682,native_first,ZINCf50000009fiV,CN(CCS(N)(=O)=O)Cc1nnsc1Cl,815,317,317,1,1,1,14.285714285714286,17.205605691108325,0.7760492300300207,13.352397048784757,4,270.767,-0.0882,1.0,6.0,5.0,1.0,,,,24.83149297042401,9.0,5.0,4.0,5.0,3.0,1.0,,,,,12.368293349217453,7.133655199220678,46.461478685612796,15.484093254519093,764,16,15,1.0357465892059432,1.1470904945278761,8.622706883572002,7.606354917683199,28,42.23973363305034,3.0,1.4768527889672376,2.2342526794209383,ZINCf50000009fiV_m01_t01,SER20;GLU17;LEU22,0.0,-73.28686381557722
683,native_first,ZINCf5000000ZsVe,COC(=O)CS(=O)(=O)NCc1cnsc1,1056,762,762,0,1,1,14.285714285714286,19.005613846886952,0.664102366304446,12.621673128786169,4,250.30100000000002,-0.26449999999999996,1.0,6.0,5.0,1.0,,,,24.83149297042401,9.0,5.0,4.0,5.0,3.0,1.0,,,,,10.912165966787557,6.152668861335374,48.19143330322193,14.39199771769667,860,16,0,1.462748990393283,1.4310385128470369,8.622706883572002,7.000336335760158,28,42.23973363305034,3.0,1.478529045094457,2.340544733781306,ZINCf5000000ZsVe_m01_t01,SER20;GLU17;LEU22,0.0,-124.35782785965469
684,native_first,ZINCf50000017OIu,CS(=O)(=O)C[C@H](O)CNCc1cnns1,408,530,530,1,1,1,17.857142857142858,20.731008121704747,0.7026382347861891,14.566398951972774,5,251.333,-0.9667999999999999,2.0,7.0,6.0,1.0,,,,22.891259571188275,8.0,4.0,4.0,4.0,3.0,1.0,,,,,9.780275704717615,5.468045049819183,46.269529422771086,13.058021671335279,367,16,12,1.457301333354805,1.3411232286892223,8.622706883572002,7.760465453640533,28,42.23973363305034,3.0,1.4806461240803641,2.197370990314932,ZINCf50000017OIu_m01_t01,SER20;GLU17;LEU22,2.0,2.734475534510364
685,native_first,ZINCf5000000adRK,N#CCONC(=O)C=CSc1nc[nH]n1,1077,649,649,0,1,1,14.285714285714286,17.205605691108325,0.7279347145668227,12.524557667706238,4,225.233,-0.018120000000000303,2.0,6.0,5.0,1.0,,,,29.773798719106704,10.0,5.0,5.0,5.0,3.0,1.0,,,,,14.701172966845268,8.857591269508683,43.20390436876506,18.469329404910628,592,16,1,1.1685910562108925,1.33015642915496,8.622706883572002,7.477854019174115,28,42.23973363305034,3.0,1.480787459311689,2.2751601400868218,ZINCf5000000adRK_m01_t02,SER20;GLU17;LEU22,3.0,22.085339783623947
686,native_first,ZINCf50000009L1H,C[C@@H](F)CC(=O)NCCS(=O)(=O)N(C)C,876,980,980,1,0,1,10.714285714285714,15.48021141629053,0.8489709712849123,13.142250121783958,3,240.29999999999998,-0.2578999999999996,1.0,3.0,6.0,1.0,,,,20.430088028777057,9.0,6.0,3.0,6.0,3.0,1.0,,,,,7.47594182957325,4.163186168469042,36.59762596899224,10.714478379374201,835,16,15,0.98901804741828,0.8388822788731781,8.622706883572002,8.690732994695775,28,42.23973363305034,3.0,1.4816767439332847,2.317443431650055,ZINCf50000009L1H_m01_t02,SER20;GLU17;LEU22,2.0,-93.89796644170102
687,native_first,ZINCf5000002rLkE,CCOC[C@@H](N)C(=O)NCC[S@@](C)(=N)=O,152,193,193,1,1,1,17.857142857142858,20.731008121704747,0.748339344053609,15.513829019366572,5,237.325,-0.8570299999999988,3.0,5.0,7.0,1.0,,,,26.705319978517654,10.0,5.0,5.0,5.0,3.0,1.0,,,,,12.12980080568694,7.235531939491337,37.48641583693131,15.773680598894618,1365,16,11,1.4773026312671091,1.1055380095652785,8.622706883572002,8.540918862247961,28,42.23973363305034,3.0,1.4860912383490814,2.1161031425013443,ZINCf5000002rLkE_m02_t01,SER20;GLU17;LEU22,0.0,-10.37415312158413
688,native_first,ZINCf5000000ZtE0,COc1nscc1S(=O)(=O)NCCCN,1225,860,860,0,1,1,10.714285714285714,15.315268646616897,0.7741506216277445,11.856324743174376,3,251.33299999999994,-0.22119999999999995,2.0,6.0,6.0,1.0,,,,22.891259571188275,8.0,4.0,4.0,4.0,3.0,1.0,,,,,11.265049833261074,6.308218642076728,52.58476931628683,14.171602267742875,665,16,5,1.2666770328386894,0.9965169801066999,7.259444124724703,6.221908334016611,28,42.23973363305034,3.0,1.4869808295774036,2.3337064743583436,ZINCf5000000ZtE0_m01_t01,SER20;GLU17;LEU22,1.0,-93.42198516562992
689,native_first,ZINCf50000017Fd1,CN=[S@@](C)(=O)NC(=O)CCCS(C)(=O)=O,35,1005,1005,1,0,1,14.285714285714286,17.205605691108325,0.9518332138892578,16.376866961878942,4,256.349,-0.4299999999999997,1.0,5.0,5.0,1.0,,,,19.810876554660577,8.0,4.0,4.0,4.0,3.0,1.0,,,,,7.191214030008282,3.9540942957124505,39.65934065934066,10.346129661171357,366,16,9,0.5008109466085741,0.4504688890881867,8.622706883572002,8.74478153785256,28,42.23973363305034,3.0,1.4925655548433083,2.2046723368018184,ZINCf50000017Fd1_m01_t02,SER20;GLU17;LEU22,0.0,-117.1531189528751
690,native_first,ZINCf5000002aObv,C[C@@H](OC(=O)Cn1cnc(Br)n1)C(N)=O,620,1220,1220,1,0,1,17.857142857142858,20.731008121704747,0.6713911417616892,13.918615212702203,5,277.07800000000003,-0.5424,1.0,6.0,4.0,1.0,,,,21.15511418072736,7.0,3.0,4.0,3.0,2.0,1.0,,,,,6.769723195203352,3.682928159587113,41.823551125876705,10.366070941584352,638,16,10,1.486258981989423,1.4518672634786984,8.622706883572002,7.363820672048483,28,42.23973363305034,3.0,1.4927371515347072,2.2008954384528607,ZINCf5000002aObv_m01_t04,SER20;GLU17;LEU22,1.0,-52.50161756604608
691,native_first,ZINCf5000002aObw,C[C@H](OC(=O)Cn1cnc(Br)n1)C(N)=O,622,1221,1221,1,0,1,17.857142857142858,20.731008121704747,0.6711045045758126,13.912672934873811,5,277.07800000000003,-0.5424,1.0,6.0,4.0,1.0,,,,21.15511418072736,7.0,3.0,4.0,3.0,2.0,1.0,,,,,6.769723195203352,3.682928159587113,41.823551125876705,10.366070941584352,1170,16,14,1.3748308198064965,1.537605136659227,8.622706883572002,7.386038866041261,28,42.23973363305034,3.0,1.4927371515347072,2.2008954384528607,ZINCf5000002aObw_m01_t04,SER20;GLU17;LEU22,1.0,-52.50161756604608
692,native_first,ZINCf50000029qto,COC(=O)CONC(=O)c1c[nH]nc1I,706,85,85,1,1,1,10.714285714285714,15.48021141629053,0.8816123041197104,13.64754485497614,3,325.062,-0.15130000000000032,2.0,5.0,4.0,1.0,,,,29.773798719106704,10.0,5.0,5.0,5.0,3.0,1.0,,,,,13.667122891565157,8.122604762865194,43.06008806008806,17.693791848450545,844,16,12,0.685557857350851,0.8252543691508322,8.622706883572002,8.423054638742073,28,42.23973363305034,3.0,1.4959720478942002,2.22865749049776,ZINCf50000029qto_m01_t03,SER20;GLU17;LEU22,1.0,17.987068851551896
693,native_first,ZINCf5000002aUsU,Oc1cc(NCc2cnns2)nc(O)n1,572,1178,1178,1,0,1,14.285714285714286,19.005613846886952,0.7386276072274717,14.038071079615413,4,225.233,0.35139999999999977,3.0,8.0,3.0,1.0,,,,28.03027399352429,8.0,4.0,4.0,4.0,2.0,1.0,,,,,12.65060729890974,7.3373142266111,45.85993615323224,16.49552397256338,957,16,5,1.3623020071684224,1.2322185176766154,8.622706883572002,9.062648393367825,28,42.23973363305034,3.0,1.4980022579308236,2.277813079771883,ZINCf5000002aUsU_m01_t04,SER20;GLU17;LEU22,1.0,-135.4145657359612
694,native_first,ZINCf5000002akKL,C=C(I)CC(=O)N[C@H](C)CNC(=O)CO,670,416,416,1,1,1,14.285714285714286,17.205605691108325,0.7996040211912547,13.757671497641354,4,326.13400000000007,-0.06160000000000021,3.0,3.0,6.0,1.0,,,,23.707739270531132,9.0,5.0,4.0,5.0,3.0,1.0,,,,,11.025867680722204,6.327469168222807,42.825544464609806,14.196335578174438,135,16,0,1.3298565652477237,0.8898665114156831,8.622706883572002,8.851112690463166,28,42.23973363305034,3.0,1.5028245958431676,1.2512416376406226,ZINCf5000002akKL_m01_t01,SER20;GLU17;LEU22,1.0,1.9774759816790777
695,native_first,ZINCf5000002rPch,CCSC[C@H](N)C(=O)NOCC[C@@H](C)O,756,293,293,1,1,1,14.285714285714286,17.205605691108325,0.7846012954292153,13.49954051388787,4,236.337,-0.11449999999999932,3.0,5.0,8.0,1.0,,,,25.524123561538133,10.0,6.0,4.0,6.0,3.0,1.0,,,,,12.03513522031887,6.985324086702678,43.435162656573866,15.407382305623685,839,16,6,1.1564345784945123,1.1022349230816808,8.622706883572002,8.27458615635158,28,42.23973363305034,3.0,1.5041946713068066,2.3196961707606047,ZINCf5000002rPch_m02_t01,SER20;GLU17;LEU22,1.0,17.888047191797455
696,native_first,ZINCf50000009ECw,CO[C@H]1CN(CCCS(C)(=O)=O)CCO1,83,1097,1097,1,0,1,14.285714285714286,17.205605691108325,0.9231535115697141,15.883415312430508,4,237.32099999999997,-0.27419999999999933,0.0,5.0,5.0,1.0,,,,18.419034538873326,8.0,5.0,3.0,5.0,3.0,1.0,,,,,6.729647954103505,3.6675204322002983,40.768765133171904,9.65199460029596,899,16,2,0.7229157912446087,0.5283015194596148,8.622706883572002,8.671804936721736,28,42.23973363305034,3.0,1.5134077332614306,2.32655032251774,ZINCf50000009ECw_m01_t01,SER20;GLU17;LEU22,1.0,71.38759206464402
697,native_first,ZINCf5000002muQN,CCC[C@@H](CCO)N[C@H](C)CS(N)(=O)=O,1023,888,888,0,1,1,14.285714285714286,17.205605691108325,0.739394009531243,12.721721778362157,4,238.35299999999998,-0.19589999999999852,3.0,4.0,8.0,1.0,,,,22.51012039351548,9.0,6.0,3.0,6.0,3.0,1.0,,,,,10.770713104522105,6.137988897075827,43.91952983725136,13.70556492677045,351,16,8,1.3900056432684627,1.2260587958155973,8.622706883572002,8.628993448470021,28,42.23973363305034,3.0,1.5137655574951119,1.112688351516555,ZINCf5000002muQN_m01_t01,SER20;GLU17;LEU22,2.0,-76.22030705875007
698,native_first,ZINCf50000017IXJ,COC(=O)[C@H](F)CNS(=O)(=O)C[C@@H](C)F,508,1130,1130,1,0,1,14.285714285714286,17.205605691108325,0.8267432953019603,14.224619146733058,4,245.24699999999999,-0.2251000000000003,1.0,4.0,6.0,1.0,,,,16.813295846674055,7.0,4.0,3.0,4.0,3.0,1.0,,,,,5.733503776169342,3.069826299979143,43.33598831806717,8.503451793795522,680,16,3,0.9017908535485023,1.0166499947573422,8.622706883572002,8.270881507901432,28,42.23973363305034,3.0,1.5320233584841465,2.348962704031352,ZINCf50000017IXJ_m01_t01,SER20;GLU17;LEU22,0.0,-62.5971530552428
699,native_first,ZINCf500000284Qj,C[C@@H](CO)COC(=O)C(C)(C)S(C)(=O)=O,1100,1479,1479,0,0,1,14.285714285714286,15.036168524741624,0.8266002864652892,12.42890120989179,4,238.30499999999998,-0.018799999999999928,1.0,5.0,5.0,1.0,,,,14.985733135429138,6.0,3.0,3.0,3.0,3.0,1.0,,,,,7.53235165936796,4.002708813599982,63.732782369146015,9.395697028383253,564,16,9,0.9212748099132898,0.9937806789214849,7.155285109623515,6.663974442116371,28,42.23973363305034,3.0,1.5372108795327608,2.2595516159177627,ZINCf500000284Qj_m01_t01,SER20;GLU17;LEU22,0.0,-26.868913879667303
700,native_first,ZINCf5000002rCbT,C[C@@H](NC(=O)[C@@H](C)P(C)(C)=O)[C@H](N)CO,120,297,297,1,1,1,17.857142857142858,20.731008121704747,0.7555248060928806,15.662790891260913,5,236.25199999999995,-0.17809999999999931,3.0,4.0,5.0,1.0,,,,25.524123561538133,10.0,6.0,4.0,6.0,3.0,1.0,,,,,11.321403443211493,6.653182958451975,37.94699872286079,14.872083472793152,1515,16,11,1.4417465460398393,1.0860688682422492,8.622706883572002,8.493370583069073,28,42.23973363305034,3.0,1.5376760920532673,2.150675990204188,ZINCf5000002rCbT_m01_t01,SER20;GLU17;LEU22,2.0,1.428576304371358
701,native_first,ZINCf50000009qSm,COC(=O)[C@@H](C)ONC(=O)c1cnco1,730,179,179,1,1,1,10.714285714285714,15.48021141629053,0.8766117868329375,13.570135790186079,3,214.177,-0.10250000000000042,1.0,6.0,4.0,1.0,,,,26.888888699110996,9.0,5.0,4.0,5.0,3.0,1.0,,,,,9.589799932544892,5.460331671732074,39.34550147492625,13.914572124186419,1387,16,15,0.7981537917226986,0.7944617581394885,8.622706883572002,8.64195459825076,28,42.23973363305034,3.0,1.5452949354882017,2.265502815252504,ZINCf50000009qSm_m01_t03,SER20;GLU17;LEU22,1.0,-3.052094449017594
702,native_first,ZINCf5000002mCfu,COCCN[C@@H](CCS(C)(=O)=O)C(=O)O,32,579,579,1,1,1,17.857142857142858,20.731008121704747,0.7914663449477304,16.40789522516737,5,239.29299999999998,-0.8896999999999984,2.0,5.0,8.0,1.0,,,,22.695786574656285,9.0,4.0,5.0,4.0,3.0,1.0,,,,,8.54275676811531,4.876752729052886,34.409215328467155,12.081014219750553,1402,16,11,1.2692383449042537,0.9780629914600223,8.622706883572002,9.000736793963416,28,42.23973363305034,3.0,1.5473227576802522,2.333288176831731,ZINCf5000002mCfu_m02_t02,SER20;GLU17;LEU22,3.0,19.95827293791321
703,native_first,ZINCf5000000axqQ,O=S(=O)(NC[C@@H](O)CF)c1c[nH]nc1Cl,97,1200,1200,1,0,1,17.857142857142858,20.731008121704747,0.76326893376301,15.823334464885882,5,257.674,-0.32820000000000044,3.0,4.0,5.0,1.0,,,,25.051976896597917,8.0,4.0,4.0,4.0,2.0,1.0,,,,,8.457009385702516,4.734453448113924,39.568550006694345,12.605751263426368,427,16,3,1.4194654887534324,1.0557207960459063,8.622706883572002,8.668169292826942,28,42.23973363305034,3.0,1.5582448632972281,2.3942360166008867,ZINCf5000000axqQ_m01_t02,SER20;GLU17;LEU22,3.0,-41.10988519963996
704,native_first,ZINCf5000000avYt,O=C1C[C@H](NC(=O)c2c[nH]nc2I)CN1,275,76,76,1,1,1,17.857142857142858,20.731008121704747,0.723843766570594,15.006011003620339,5,320.09000000000003,-0.36740000000000034,3.0,3.0,2.0,1.0,,,,29.898373683036166,10.0,5.0,5.0,5.0,3.0,1.0,,,,,12.845084388972197,7.718432744501165,38.253199682863304,17.10840671248819,1051,16,15,1.5052639205378433,1.2252499714528817,8.622706883572002,9.014919948152244,28,42.23973363305034,3.0,1.5652469199278287,2.264333423620577,ZINCf5000000avYt_m01_t08,SER20;GLU17;LEU22,2.0,-17.269826524128522
705,native_first,ZINCf5000002mA2H,CCOCCOCCC(=O)N[C@@H]1C[C@@H]1N,237,553,553,1,1,1,14.285714285714286,17.205605691108325,0.8801005471237929,15.142662982340681,4,216.281,-0.354599999999998,2.0,4.0,8.0,1.0,,,,22.695786574656285,9.0,4.0,5.0,4.0,3.0,1.0,,,,,12.31934720756907,7.054130643422035,48.57823282328233,14.913457049340872,624,16,13,0.9481197789235054,0.6353023087491209,8.622706883572002,8.123681179615842,28,42.23973363305034,3.0,1.5668389609723892,1.7526006064457338,ZINCf5000002mA2H_m01_t02,SER20;GLU17;LEU22,2.0,5.643091737346245
706,native_first,ZINCf5000002s4vj,COCC=CCNC(=O)[C@@H](N)CN=[N+]=[N-],939,644,644,0,1,1,10.714285714285714,15.315268646616897,0.848079870902531,12.988571056660438,3,213.241,-0.05719999999999964,2.0,4.0,7.0,1.0,,,,29.9135462853119,10.0,6.0,4.0,6.0,3.0,1.0,,,,,14.20671175385356,8.247976279685258,51.18579979691089,18.133420386718143,562,16,0,0.8449819956356579,0.8652713518830245,7.259444124724703,6.422452056754246,28,42.23973363305034,3.0,1.5731405149270294,2.2655972543831977,ZINCf5000002s4vj_m01_t05,SER20;GLU17;LEU22,2.0,-21.17292035033869
707,native_first,ZINCf50000008OyQ,CC(C)S(=O)(=O)CCCNC(CN)CN,1418,887,887,0,1,1,7.142857142857143,11.789866216020478,0.8972397972452301,10.5783371732106,2,237.36899999999997,-0.9246999999999965,3.0,5.0,8.0,1.0,,,,22.51012039351548,9.0,6.0,3.0,6.0,3.0,1.0,,,,,12.643467011563212,7.260981975279536,48.870979861737304,15.110130357051277,900,16,8,0.032158040615934094,0.06431608123186594,3.375021925854705,3.439338007086571,28,42.23973363305034,3.0,1.5783899570455917,1.3972410143756695,ZINCf50000008OyQ_m01_t01,SER20;GLU17;LEU22,0.0,41.175125318150506
708,native_first,ZINCf50000024Tbj,CCOCCOC[C@@H](O)CN[C@H](C)CO,25,419,419,1,1,1,14.285714285714286,17.205605691108325,0.9602291367925675,16.521323900766234,4,221.297,-0.6291999999999986,3.0,5.0,10.0,1.0,,,,23.707739270531132,9.0,5.0,4.0,5.0,3.0,1.0,,,,,10.36588913745966,5.919990650928381,41.629667577413485,13.70135167072753,909,16,0,0.459779744528753,0.40369760093804047,8.622706883572002,8.551035949524337,28,42.23973363305034,3.0,1.584647571660554,1.7835968100490025,ZINCf50000024Tbj_m02_t01,SER20;GLU17;LEU22,1.0,76.78921344925892
709,native_first,ZINCf5000002rtj9,C[C@H](CCCO)NC(=O)[C@@H](N)CN=[N+]=[N-],864,93,93,1,1,1,10.714285714285714,15.48021141629053,0.8513460203721628,13.179016383778665,3,215.257,-0.09879999999999994,3.0,4.0,7.0,1.0,,,,28.908505615030467,9.0,6.0,3.0,6.0,3.0,1.0,,,,,11.548250705600923,6.599648614026448,46.16126543209876,15.888314432958309,877,16,10,0.9041909948936824,0.7010142069985345,8.622706883572002,7.33034912113367,28,42.23973363305034,3.0,1.5863121162334886,2.289371676986921,ZINCf5000002rtj9_m02_t02,SER20;GLU17;LEU22,1.0,7.07076028568362
710,native_first,ZINCf5000000YaVy,CCOCCCNS(=O)(=O)CC(=O)OC,534,919,919,1,0,1,17.857142857142858,20.731008121704747,0.6825603130079678,14.150163392521515,5,239.29299999999998,-0.49459999999999904,1.0,5.0,8.0,1.0,,,,21.627260845667575,9.0,5.0,4.0,5.0,3.0,1.0,,,,,10.88374972714576,6.147891663657892,47.38705524344568,13.569627506776213,644,16,5,1.6765797368295736,1.3587934076018457,8.622706883572002,8.142294793550153,28,42.23973363305034,3.0,1.5973459397207845,2.3863702818539196,ZINCf5000000YaVy_m01_t02,SER20;GLU17;LEU22,2.0,-98.63340334732477
711,native_first,ZINCf500000091uF,CCOCCCS(=O)(=O)NC(=O)[C@H](C)N,845,563,563,1,1,1,14.285714285714286,17.205605691108325,0.7705916597869036,13.258496247150157,4,238.309,-0.7937999999999976,2.0,5.0,7.0,1.0,,,,22.695786574656285,9.0,4.0,5.0,4.0,3.0,1.0,,,,,11.227035453084643,6.449889735059005,43.290031222123105,14.094223233477553,1318,16,7,1.6319426004679067,0.8093927111076606,8.622706883572002,8.115741419551755,28,42.23973363305034,3.0,1.6292290786123678,1.7788354596414708,ZINCf500000091uF_m02_t02,SER20;GLU17;LEU22,1.0,-85.03302383045425
712,native_first,ZINCf50000008U3W,CCCNC(=O)CCCC(=O)NNC=O,14,554,554,1,1,1,14.285714285714286,17.205605691108325,0.9733136595338485,16.746451039709054,4,215.25300000000001,-0.5398999999999992,3.0,3.0,8.0,1.0,,,,22.695786574656285,9.0,4.0,5.0,4.0,3.0,1.0,,,,,12.10351451335605,6.902648166219942,49.09342744383728,14.751582528681109,209,16,3,0.40123283675190774,0.2961956811573285,8.622706883572002,8.387982351597469,28,42.23973363305034,3.0,1.6474897320193431,1.4679862227448135,ZINCf50000008U3W_m01_t03,SER20;GLU17;LEU22,2.0,-11.780133404611249
713,native_first,ZINCf500000201iI,CC1CC1S(=O)(=O)NCCCOCCO,940,1346,1346,0,0,1,14.285714285714286,17.205605691108325,0.754890865437945,12.988354570544795,4,237.32099999999994,-0.28679999999999967,2.0,4.0,8.0,1.0,,,,19.698205866669763,8.0,4.0,4.0,4.0,3.0,1.0,,,,,9.469212489543535,5.266937018291543,46.84469532493848,12.026460833825093,1323,16,1,1.3807211224179943,1.129352072873038,8.622706883572002,8.347230360602646,28,42.23973363305034,3.0,1.6600737549410478,1.5866619080207893,ZINCf500000201iI_m01_t01,SER20;GLU17;LEU22,1.0,-16.84438968947903
714,native_first,ZINCf50000009poI,COC(=O)CCC(=O)Nc1nnnn1C,359,324,324,1,1,1,10.714285714285714,15.48021141629053,0.951227499034649,14.725202790045662,3,213.19700000000003,-0.8982000000000001,1.0,7.0,4.0,1.0,,,,24.83149297042401,9.0,5.0,4.0,5.0,3.0,1.0,,,,,10.957340828658433,6.200156753941785,47.08143939393939,14.425878864099829,286,16,9,0.3944661698662586,0.4852758643122382,8.622706883572002,8.17768000286409,28,42.23973363305034,3.0,1.6631643908125975,2.2093819907059085,ZINCf50000009poI_m01_t02,SER20;GLU17;LEU22,1.0,-44.08368306110726
715,native_first,ZINCf5000002dEDM,CCCOCCOC(=O)[C@H](O)CC(N)=O,293,558,558,1,1,1,17.857142857142858,20.731008121704747,0.7196341997398934,14.918742439464227,5,219.23699999999997,-0.807499999999999,2.0,5.0,8.0,1.0,,,,22.695786574656285,9.0,4.0,5.0,4.0,3.0,1.0,,,,,11.780073028323551,6.75931333614069,45.799682395644275,14.509001414906736,759,16,5,1.782624002541884,1.0362564967551258,8.622706883572002,8.180298387706477,28,42.23973363305034,3.0,1.6788060801435234,1.6839633732667387,ZINCf5000002dEDM_m01_t04,SER20;GLU17;LEU22,0.0,-37.96488626831693
716,native_first,ZINCf5000001T2qF,CCCCS(=O)(=O)NCCCNCCO,330,973,973,1,0,1,14.285714285714286,17.205605691108325,0.8598222901840925,14.793763289333215,4,238.35299999999995,-0.32209999999999867,3.0,4.0,10.0,1.0,,,,20.69373610250848,8.0,5.0,3.0,5.0,3.0,1.0,,,,,8.312846838231309,4.605594266245299,42.6180817154448,11.408069154300602,1456,16,2,0.8475108796030918,0.7841114366012424,8.622706883572002,7.751365690496144,28,42.23973363305034,3.0,1.7495824953012982,1.595109223657559,ZINCf5000001T2qF_m02_t01,SER20;GLU17;LEU22,2.0,-37.11807480932931
717,native_first,ZINCf5000002rhU4,CC(C)OC[C@@H](O)CNCCOCCO,798,417,417,1,1,1,14.285714285714286,17.205605691108325,0.7780757756076035,13.387264992907708,4,221.29699999999994,-0.6291999999999986,3.0,5.0,10.0,1.0,,,,23.707739270531132,9.0,5.0,4.0,5.0,3.0,1.0,,,,,10.847269920304612,6.249794087166528,41.02914389799636,14.062387257861243,1289,16,13,0.8949333706306376,1.1795828482506996,8.622706883572002,7.403477927307683,28,42.23973363305034,3.0,1.7514064499237811,1.9863418378880382,ZINCf5000002rhU4_m01_t01,SER20;GLU17;LEU22,3.0,94.91430337126185
718,native_first,ZINCf5000001V3uo,CCCS(=O)(=O)NCC(O)CCC(=O)O,51,414,414,1,1,1,17.857142857142858,20.731008121704747,0.7804455733563643,16.179423519799307,5,239.29299999999995,-0.4584999999999993,3.0,4.0,8.0,1.0,,,,23.707739270531132,9.0,5.0,4.0,5.0,3.0,1.0,,,,,11.227197710852773,6.464096288242631,42.665435690838564,14.347333100772364,1200,16,9,1.1513501111668691,1.0351234765596948,8.622706883572002,9.683426611780414,28,42.23973363305034,3.0,1.7876888819688086,1.4570394856888382,ZINCf5000001V3uo_m01_t01,SER20;GLU17;LEU22,3.0,-96.86860640330738
719,native_first,ZINCf5000002rwt8,C[C@@H](C#N)ONC(=O)C[C@H](N)CCCN,1508,709,709,0,1,1,7.142857142857143,11.789866216020478,0.8541962031605678,10.070858957495743,2,214.26899999999995,-0.5974199999999992,3.0,5.0,7.0,1.0,,,,26.705319978517654,10.0,5.0,5.0,5.0,3.0,1.0,,,,,13.167129256185389,7.927814623020193,38.82706351284513,16.551676936768455,1066,16,6,0.7980414364169139,1.5960828728338274,3.375021925854705,4.971104798688533,28,42.23973363305034,3.0,1.820668633135229,1.963707462152825,ZINCf5000002rwt8_m01_t02,SER20;GLU17;LEU22,1.0,36.87845106846153
720,native_first,ZINCf500000090vr,CCOC(=O)CCCCNC(CN)CN,1432,1287,1287,0,0,1,7.142857142857143,11.789866216020478,0.8965417821719108,10.570107668879402,2,217.313,-0.4045999999999969,3.0,5.0,9.0,1.0,,,,20.69373610250848,8.0,5.0,3.0,5.0,3.0,1.0,,,,,10.833166831603334,6.0355705686169525,52.81558962602092,13.29830914932962,1408,16,6,0.1019146682743453,0.2038293365486905,3.375021925854705,3.1711925893060147,28,42.23973363305034,3.0,1.8545673361469013,1.9855033050739614,ZINCf500000090vr_m01_t02,SER20;GLU17;LEU22,3.0,18.15831947848886
721,native_first,ZINCf50000008Ouu,CC(C)OC[C@H](O)CNCC[C@@H](O)CO,167,356,356,1,1,1,17.857142857142858,20.731008121704747,0.7432934615492792,15.409222788188142,5,221.29699999999997,-0.8947999999999992,4.0,5.0,9.0,1.0,,,,24.513838851458473,9.0,6.0,3.0,6.0,3.0,1.0,,,,,12.393037226411705,7.181860419655263,45.16456266907124,15.423237632673398,919,16,9,1.4906044361472308,0.9357594797678118,8.622706883572002,7.197592188819693,28,42.23973363305034,3.0,1.8936403644430193,2.067596587732586,ZINCf50000008Ouu_m01_t01,SER20;GLU17;LEU22,0.0,71.47875952674006
722,native_first,ZINCf5000002dEwn,CCCOCCC(=O)NCCC(=O)NO,496,965,965,1,0,1,14.285714285714286,17.205605691108325,0.8308198060813581,14.29475798379893,4,218.253,-0.1851999999999986,3.0,4.0,8.0,1.0,,,,20.868223863411366,8.0,3.0,5.0,3.0,3.0,1.0,,,,,11.663487130054424,6.550285320024122,53.162650602409634,13.964671313393662,1098,16,8,0.8926511301998944,0.9607456519117564,8.622706883572002,9.327919323065716,28,42.23973363305034,3.0,1.894026006969463,2.000363503973554,ZINCf5000002dEwn_m01_t02,SER20;GLU17;LEU22,2.0,-39.43152715321259
723,native_first,ZINCf500000091Nd,CCOCCS(=O)(=O)NCCCC(=O)O,36,363,363,1,1,1,17.857142857142858,20.731008121704747,0.7896531912988664,16.37030672214687,5,239.29299999999998,-0.19289999999999968,2.0,4.0,9.0,1.0,,,,24.512170865663283,10.0,5.0,5.0,5.0,3.0,1.0,,,,,14.524696986938853,8.597543587518162,46.76347149465428,17.02156545661996,754,16,6,1.1927891628623268,0.9535745948261061,8.622706883572002,7.588127149113145,28,42.23973363305034,3.0,1.9907045665096563,2.058322655202598,ZINCf500000091Nd_m01_t02,SER20;GLU17;LEU22,0.0,-106.91136732443371
724,native_first,ZINCf50000009GL0,CSCCS(=O)(=O)NC(=O)CSCCN,1300,1273,1273,0,0,1,10.714285714285714,13.31077424992383,0.8606529280719658,11.455956833101869,3,272.41700000000003,-0.5126999999999986,2.0,6.0,8.0,1.0,,,,21.514590157676757,9.0,5.0,4.0,5.0,3.0,1.0,,,,,9.66750552095403,5.465237896399469,41.83409436834095,12.629276680134712,411,16,10,0.8209302761805156,0.864672763408097,6.275722348861524,6.624758383724881,28,42.23973363305034,3.0,2.0513959139901146,2.0637592905073743,ZINCf50000009GL0_m01_t01,SER20;GLU17;LEU22,0.0,-19.68039224774701
725,native_first,ZINCf500000090KB,CCOC(=O)C[C@H](O)CONC(=N)CC,817,1028,1028,1,0,1,10.714285714285714,13.515260490838273,0.9871179350382392,13.341156027220174,3,218.253,0.2089699999999997,3.0,5.0,7.0,1.0,,,,19.698205866669763,8.0,4.0,4.0,4.0,3.0,1.0,,,,,8.783797924657232,4.835838130702112,47.84104215456675,11.512399910160365,1512,16,13,0.2182819149429624,0.24499268651181808,8.317947102500712,8.209902715721105,28,42.23973363305034,3.0,2.1576562279936917,2.148934179502552,ZINCf500000090KB_m01_t03,SER20;GLU17;LEU22,3.0,-26.31145512453159
726,native_first,ZINCf50000008FGW,C=CCCS(=O)(=O)NC(=O)CSCCN,1231,1271,1271,0,0,1,14.285714285714286,15.036168524741624,0.7867457729285068,11.829642027881135,4,252.36099999999993,-0.29959999999999914,2.0,5.0,8.0,1.0,,,,21.514590157676757,9.0,5.0,4.0,5.0,3.0,1.0,,,,,9.66750552095403,5.465237896399469,41.83409436834095,12.629276680134712,1008,16,12,1.0495251238393783,0.8505779297762898,7.155285109623515,9.02444588519822,28,42.23973363305034,3.0,2.1958230002099786,1.8559517760800157,ZINCf50000008FGW_m02_t01,SER20;GLU17;LEU22,2.0,-4.02758084648791
727,native_first,ZINCf50000017Pd0,CSCCS(=O)(=O)NCCCCC(N)=O,385,1020,1020,1,0,1,14.285714285714286,17.205605691108325,0.8515553431603259,14.651525458573005,4,254.37699999999995,-0.07559999999999933,2.0,4.0,9.0,1.0,,,,19.698205866669763,8.0,4.0,4.0,4.0,3.0,1.0,,,,,9.667630064658596,5.371190411046806,48.31509216589861,12.175274015161389,704,16,1,1.228888572351353,0.6272509944383834,8.622706883572002,8.722276623839727,28,42.23973363305034,3.0,2.207896295050087,2.1271918720552616,ZINCf50000017Pd0_m01_t01,SER20;GLU17;LEU22,0.0,-136.6704839542111
728,native_first,ZINCf5000002shzj,CSCC[C@@H](O)C(=O)N[C@H]1C[C@@H](CN)C1,1488,1292,1292,0,0,1,7.142857142857143,11.789866216020478,0.8801815755342238,10.377223021354622,2,232.34899999999996,-0.04609999999999975,3.0,4.0,6.0,1.0,,,,20.69373610250848,8.0,5.0,3.0,5.0,3.0,1.0,,,,,7.184737216757984,3.951456909156544,39.53091684434968,10.561986938195608,234,16,9,0.4880531281409973,0.9761062562819953,3.375021925854705,4.3511281821367005,28,42.23973363305034,3.0,2.2283700087080294,2.040369426038173,ZINCf5000002shzj_m01_t04,SER20;GLU17;LEU22,2.0,30.619738454392127
729,native_first,ZINCf50000008VE1,CCC[C@H](O)CS(=O)(=O)c1n[nH]c(O)n1,280,541,541,1,1,1,14.285714285714286,19.005613846886952,0.7884234378850133,14.984471408277624,4,235.26500000000001,-0.555,3.0,6.0,5.0,1.0,,,,22.891259571188275,8.0,4.0,4.0,4.0,3.0,1.0,,,,,7.113835324203459,3.9247906360958753,37.94830857513074,11.058191385949662,1116,16,10,0.9353421720020803,1.1136146167876129,8.622706883572002,7.496003284994676,28,41.53553519482485,3.0,0.6284067856226768,1.0223223683289215,ZINCf50000008VE1_m01_t05,TRP23;LEU26;PRO27,3.0,-16.227264622682917
730,native_first,ZINCf5000000ZrjV,CCOC(=O)[C@@H](C)OC(=O)c1cnn[nH]1,492,489,489,1,1,1,14.285714285714286,17.205605691108325,0.8321060662633706,14.31688886930681,4,213.193,-0.08690000000000014,1.0,6.0,4.0,1.0,,,,23.00393025917909,8.0,4.0,4.0,4.0,3.0,1.0,,,,,6.406667800368868,3.497522739467652,38.08347449651798,10.555983415071424,190,16,4,0.8918158474271207,0.9418812925178025,8.622706883572002,7.839143128205332,28,41.53553519482485,3.0,0.6767600180689605,0.8600354179567326,ZINCf5000000ZrjV_m01_t08,TRP23;LEU26;PRO27,0.0,47.76370023655168
731,native_first,ZINCf5000002rkb9,C=CCSCC(=O)NNc1nncnn1,1254,843,843,0,1,1,10.714285714285714,13.515260490838273,0.8671367352750579,11.719578858417476,3,226.26500000000001,-0.3711000000000004,2.0,7.0,6.0,1.0,,,,23.00393025917909,8.0,4.0,4.0,4.0,3.0,1.0,,,,,9.240524710861335,5.090156079762783,50.04930966469428,12.681376097940772,100,16,6,0.7133676153559094,0.8954218526205757,8.317947102500712,8.094218651121954,28,41.53553519482485,3.0,0.6849824805684624,1.0661798183847955,ZINCf5000002rkb9_m01_t08,TRP23;LEU26;PRO27,2.0,110.3529723273076
732,native_first,ZINCf5000002aLWo,C=CCSCC(=O)NCc1nnc(O)o1,898,349,349,1,1,1,14.285714285714286,17.040662921434695,0.7680333418481348,13.087797290857088,4,229.26099999999997,0.3105999999999998,2.0,6.0,6.0,1.0,,,,24.71882228243319,9.0,5.0,4.0,5.0,3.0,1.0,,,,,12.601535673057562,7.1257541855114255,54.42238267148014,15.63085732540147,677,16,2,0.9745003493322144,1.1551091405394138,8.317947102500712,6.9336751302953825,28,41.53553519482485,3.0,0.7094158633235046,1.0163856435613976,ZINCf5000002aLWo_m01_t02,TRP23;LEU26;PRO27,2.0,-19.29833324636097
733,native_first,ZINCf50000009G8x,CS(=O)(=O)SCCNC(=O)c1csnn1,687,473,473,1,1,1,14.285714285714286,17.205605691108325,0.7966138544270679,13.706223867346099,4,267.357,-0.039299999999999835,1.0,7.0,5.0,1.0,,,,23.00393025917909,8.0,4.0,4.0,4.0,3.0,1.0,,,,,10.311262085687817,5.758606536674611,49.23790589794568,13.484429129060635,114,16,1,0.8129615395126809,1.0820407594109833,8.622706883572002,7.256811603294338,28,41.53553519482485,3.0,0.7169813111338669,0.9122281943143363,ZINCf50000009G8x_m01_t01,TRP23;LEU26;PRO27,3.0,-12.561094734034839
734,native_first,ZINCf500000093c5,CCS(=O)(=O)CCNC(=O)c1ccon1,688,325,325,1,1,1,14.285714285714286,17.205605691108325,0.7965199300785599,13.704607842040875,4,232.261,-0.16089999999999977,1.0,5.0,5.0,1.0,,,,24.83149297042401,9.0,5.0,4.0,5.0,3.0,1.0,,,,,10.799627476407995,6.1105743684982965,46.423453996983405,14.307593849911997,1013,16,15,1.2277591726859094,0.9426479052613647,8.622706883572002,7.926187754742219,28,41.53553519482485,3.0,0.8116780072563116,1.2401349719807542,ZINCf500000093c5_m01_t01,TRP23;LEU26;PRO27,1.0,7.622659792839659
735,native_first,ZINCf5000002mGxn,O=C(NCCCn1cnnn1)[C@H]1C[C@H]1Br,779,1226,1226,1,0,1,14.285714285714286,17.205605691108325,0.7820681280588877,13.455955834964433,4,274.122,-0.03720000000000012,1.0,5.0,5.0,1.0,,,,18.157533472740838,6.0,3.0,3.0,3.0,2.0,1.0,,,,,7.310629574542794,3.8886183437306627,60.925449871465275,10.022355549092305,216,16,1,1.3247481700155403,1.006617161445079,8.622706883572002,8.44961016116857,28,41.53553519482485,3.0,0.81213500546121,1.2944563000743672,ZINCf5000002mGxn_m01_t02,TRP23;LEU26;PRO27,1.0,-26.2555925277565
736,native_first,ZINCf50000009GM5,CSCC[C@@H](CO)NCc1nnn(C)n1,987,1254,1254,0,0,1,14.285714285714286,17.040662921434695,0.752343115715986,12.820425436178056,4,231.325,-0.5863,2.0,7.0,7.0,1.0,,,,21.70481911441053,8.0,5.0,3.0,5.0,3.0,1.0,,,,,8.754762622729546,4.776185901581184,52.42463958060287,11.992276745649791,585,16,15,1.1448562712718418,1.306716658242645,8.317947102500712,8.018855303333687,28,41.53553519482485,3.0,0.8252347789777095,1.2755617948159548,ZINCf50000009GM5_m01_t01,TRP23;LEU26;PRO27,0.0,68.49482106402004
737,native_first,ZINCf50000017PmQ,CS[C@@H](C)CC(=O)NOCc1nn[nH]n1,997,688,688,0,1,1,14.285714285714286,17.205605691108325,0.7435472655312784,12.793181063432996,4,231.281,-0.11090000000000039,2.0,6.0,6.0,1.0,,,,27.71640299041971,10.0,5.0,5.0,5.0,3.0,1.0,,,,,12.586467648943891,7.307902207622171,45.32548576723715,16.368951484312845,635,16,7,1.4827642715217968,1.079295534692257,8.622706883572002,7.881844099309768,28,41.53553519482485,3.0,0.8476258625559713,1.191944371961226,ZINCf50000017PmQ_m01_t01,TRP23;LEU26;PRO27,0.0,13.750994903081388
738,native_first,ZINCf5000002rb06,CC[C@@H](O)CCOC(=O)c1nonc1N,142,338,338,1,1,1,17.857142857142858,20.731008121704747,0.7506744703244617,15.562238541052825,5,215.209,-0.030400000000000094,2.0,7.0,5.0,1.0,,,,24.71882228243319,9.0,5.0,4.0,5.0,3.0,1.0,,,,,14.262757090542996,8.173591956720907,55.92806394316163,16.87677338851554,492,16,10,1.1353137396704462,1.205787355224184,8.622706883572002,7.449210077977154,28,41.53553519482485,3.0,0.8516120854001527,1.3283237202858575,ZINCf5000002rb06_m01_t02,TRP23;LEU26;PRO27,3.0,4.620661215624765
739,native_first,ZINCf5000000aocH,O=C(CCC1CC1)NCc1nc(O)n[nH]1,562,171,171,1,1,1,14.285714285714286,17.205605691108325,0.8171520020320737,14.059595136663608,4,210.23700000000002,0.3166999999999997,3.0,4.0,5.0,1.0,,,,26.900792975049644,9.0,5.0,4.0,5.0,3.0,1.0,,,,,12.07694854803653,6.9259871187042465,47.123143387603555,15.782909654789806,526,16,10,0.8792943292992587,1.0114921044178684,8.622706883572002,7.678134460653894,28,41.53553519482485,3.0,0.8887873693457014,1.3971133787001584,ZINCf5000000aocH_m01_t02,TRP23;LEU26;PRO27,2.0,-0.39956847509840365
740,native_first,ZINCf5000002a8Vn,O=S(=O)(CBr)N1CC(Cn2ccnn2)C1,1529,1533,1533,0,0,1,10.714285714285714,11.110579072050971,0.7744611351416818,8.604711680222008,3,295.16200000000003,-0.1079000000000001,0.0,5.0,4.0,1.0,,,,14.949307165946587,5.0,3.0,2.0,3.0,2.0,1.0,,,,,3.8830235389372176,2.0057901550251827,60.58436532507739,6.64959444568956,1249,16,4,0.9757884443472914,1.23422591920677,8.622706883572002,7.8546077515518515,28,41.53553519482485,3.0,0.9128965873559803,1.454835964437778,ZINCf5000002a8Vn_m01_t01,TRP23;LEU26;PRO27,2.0,-24.46584953155477
741,native_first,ZINCf5000000YaRg,CCCCS(=O)(=O)NCc1nc(O)n[nH]1,332,173,173,1,1,1,14.285714285714286,17.205605691108325,0.8595921626091741,14.789803805020519,4,234.281,-0.27020000000000005,3.0,5.0,6.0,1.0,,,,26.900792975049644,9.0,5.0,4.0,5.0,3.0,1.0,,,,,11.527029670168872,6.630742540001647,44.06729948805461,15.370470496389066,1517,16,13,0.7688726378562435,0.8804562517290807,8.622706883572002,8.054121313929157,28,41.53553519482485,3.0,0.920669522872258,1.4511393121133762,ZINCf5000000YaRg_m01_t05,TRP23;LEU26;PRO27,0.0,-109.81830558271191
742,native_first,ZINCf50000008N25,CC(C)C(=O)NS(=O)(=O)Cc1ncon1,1353,1526,1526,0,0,1,10.714285714285714,15.315268646616897,0.717186441994893,10.983903028863113,3,233.24899999999997,-0.32840000000000025,1.0,6.0,4.0,1.0,,,,21.15511418072736,7.0,3.0,4.0,3.0,2.0,1.0,,,,,6.062132595222143,3.265308244329844,42.25274725274724,9.835377991598447,223,16,11,0.9225157862013524,1.4611104826722785,7.259444124724703,5.725899413904303,28,41.53553519482485,3.0,0.9322766927955242,1.3931066248503843,ZINCf50000008N25_m01_t01,TRP23;LEU26;PRO27,1.0,-72.8184586549074
743,native_first,ZINCf5000000Vn7q,O=C(C[C@@H]1CCCO1)OCc1nn[nH]n1,810,321,321,1,1,1,14.285714285714286,17.205605691108325,0.776993296224292,13.368640279469695,4,212.20900000000003,-0.18800000000000033,1.0,6.0,4.0,1.0,,,,24.83149297042401,9.0,5.0,4.0,5.0,3.0,1.0,,,,,11.953361944850476,6.767880274277009,51.12423780487806,15.172894701243859,489,16,12,1.049947505642181,1.1387809444532984,8.622706883572002,7.641481048044861,28,41.53553519482485,3.0,0.9517163198661417,1.3795918362526531,ZINCf5000000Vn7q_m01_t03,TRP23;LEU26;PRO27,3.0,7.226790110104105
744,native_first,ZINCf5000002aT2O,CSC[C@@H](C)C(=O)NCc1nnc(O)o1,1096,862,862,0,1,1,10.714285714285714,15.315268646616897,0.8124043609005872,12.4421910368756,3,231.277,0.3904999999999997,2.0,6.0,5.0,1.0,,,,22.891259571188275,8.0,4.0,4.0,4.0,3.0,1.0,,,,,10.340139813331522,5.737724721321951,52.25788128372621,13.477919752795712,891,16,15,0.6533500652266593,1.0552370689843908,7.259444124724703,5.8323494838017265,28,41.53553519482485,3.0,0.9552697385014823,1.4796145437958341,ZINCf5000002aT2O_m01_t02,TRP23;LEU26;PRO27,0.0,-46.90683555001864
745,native_first,ZINCf50000025tBQ,O=S(=O)(CI)N1CC[C@@H](c2nn[nH]n2)C1,768,988,988,1,0,1,14.285714285714286,17.205605691108325,0.7831072747208253,13.473834982684963,4,343.15000000000003,-0.2887000000000002,1.0,5.0,3.0,1.0,,,,20.006349551192564,7.0,4.0,3.0,4.0,3.0,1.0,,,,,7.032148422544185,3.800713128610797,46.949270117022564,10.27569870470628,928,16,10,1.0072551956340683,1.1217338170448665,8.622706883572002,7.600962657455955,28,41.53553519482485,3.0,0.9706773010364282,1.4974819542659137,ZINCf50000025tBQ_m01_t02,TRP23;LEU26;PRO27,0.0,-27.589883518346966
746,native_first,ZINCf5000000Vn0I,N#CCCSCC(=O)Nc1nc(=O)o[nH]1,1039,833,833,0,1,1,10.714285714285714,13.515260490838273,0.9378568949060372,12.675380237783827,3,228.233,-0.0517200000000001,2.0,6.0,5.0,1.0,,,,23.00393025917909,8.0,4.0,4.0,4.0,3.0,1.0,,,,,12.32084072520427,6.913224322819281,56.572985983293236,14.991613108697976,456,16,15,0.3778708801287783,0.520873618441328,8.317947102500712,9.161877213779448,28,41.53553519482485,3.0,0.9826574435659446,1.52764239367388,ZINCf5000000Vn0I_m01_t05,TRP23;LEU26;PRO27,3.0,-80.00818999646542
747,native_first,ZINCf5000000acIL,Cn1nncc1CC(=O)NS(=O)(=O)CI,1081,842,842,0,1,1,10.714285714285714,15.48021141629053,0.8078381563143913,12.505505449893134,3,344.13399999999996,-0.8039000000000001,1.0,6.0,4.0,1.0,,,,23.00393025917909,8.0,4.0,4.0,4.0,3.0,1.0,,,,,9.337430484123143,5.176595610072838,47.58610954263128,12.75405542788713,1083,16,12,0.6873502627769652,1.087715848067563,8.622706883572002,7.285131631081862,28,41.53553519482485,3.0,1.0674936817695166,1.676662418024563,ZINCf5000000acIL_m01_t03,TRP23;LEU26;PRO27,3.0,-40.90898436869982
748,native_first,ZINCf5000000ZwRE,Cn1nnc(CSCc2n[nH]c(=N)o2)n1,1352,1517,1517,0,0,1,14.285714285714286,17.205605691108325,0.6387513976702452,10.990104682958568,4,227.25300000000001,-0.5609300000000004,2.0,8.0,4.0,1.0,,,,22.9922992816318,7.0,4.0,3.0,4.0,2.0,1.0,,,,,11.372168559114128,6.194942906833631,69.22348484848483,14.277201239743547,108,16,7,1.4685737417835216,1.6598067996654697,8.622706883572002,7.232905267012602,28,41.53553519482485,3.0,1.0833720622827234,1.7250295215123075,ZINCf5000000ZwRE_m01_t02,TRP23;LEU26;PRO27,2.0,2.959096215095288
749,native_first,ZINCf5000000ZrzF,CC[C@H](O)[C@H](C)NS(=O)(=O)c1cn[nH]c1,772,102,102,1,1,1,14.285714285714286,17.205605691108325,0.7827626535883889,13.467905567367438,4,233.293,-0.15260000000000024,3.0,4.0,5.0,1.0,,,,28.72835568629456,10.0,6.0,4.0,6.0,3.0,1.0,,,,,12.411729031330408,7.320378847499781,40.761503045137985,16.490885695071444,1374,16,7,1.221038191343885,1.0333629056480655,8.622706883572002,7.929518162492476,28,41.53553519482485,3.0,1.1094764236718382,1.6932743816075695,ZINCf5000000ZrzF_m01_t01,TRP23;LEU26;PRO27,0.0,-32.581288584539884
750,native_first,ZINCf5000000acgc,Cn1ncnc1CCNC=C(C#N)C#N,1486,831,831,0,1,1,7.142857142857143,11.789866216020478,0.8815840610046047,10.393758137420326,2,202.221,-0.1217399999999999,1.0,6.0,4.0,1.0,,,,23.00393025917909,8.0,4.0,4.0,4.0,3.0,1.0,,,,,13.404939948253295,7.510954063739697,62.267080745341616,15.804687525984745,240,16,9,0.46690551956840404,0.9338110391368044,3.375021925854705,4.30883296499151,28,41.53553519482485,3.0,1.112527574899481,1.8087604778306308,ZINCf5000000acgc_m01_t06,TRP23;LEU26;PRO27,1.0,45.68303323669643
751,native_first,ZINCf5000002rkba,CC(C)SCC(=O)NNc1nncnn1,1339,1524,1524,0,0,1,10.714285714285714,15.315268646616897,0.7259241421710775,11.117723254414969,3,228.28100000000003,-0.1487000000000004,2.0,7.0,5.0,1.0,,,,21.15511418072736,7.0,3.0,4.0,3.0,2.0,1.0,,,,,7.0211239941071755,3.7886138464719568,47.83339445055616,10.554621540762222,984,16,3,0.901017838291913,1.428968299448865,7.259444124724703,5.767013429709878,28,41.53553519482485,3.0,1.1165859760436705,1.7130433025873202,ZINCf5000002rkba_m01_t04,TRP23;LEU26;PRO27,1.0,68.41469056330196
752,native_first,ZINCf50000009Zpu,C[C@H](O)CCCS(=O)(=O)c1nnn(C)n1,1354,1239,1239,0,0,1,14.285714285714286,15.036168524741624,0.7301254162279259,10.978288802600217,4,234.281,-0.8552000000000004,1.0,7.0,5.0,1.0,,,,21.833912262437483,8.0,5.0,3.0,5.0,3.0,1.0,,,,,10.112101099463604,5.567711551714455,55.01812907904278,13.042553890207076,776,16,5,1.270863447401443,1.356826764831472,7.155285109623515,6.829814813900146,28,41.53553519482485,3.0,1.1301251819552978,1.6181962169214685,ZINCf50000009Zpu_m01_t01,TRP23;LEU26;PRO27,1.0,97.83768467326297
753,native_first,ZINCf50000018cve,O=S(=O)(Cc1csnn1)N1CC[C@H]1CO,973,1314,1314,0,0,1,10.714285714285714,15.315268646616897,0.8395937485508402,12.858603813076234,3,249.31699999999998,-0.5655000000000001,1.0,6.0,4.0,1.0,,,,20.006349551192564,7.0,4.0,3.0,4.0,3.0,1.0,,,,,9.994775052017454,5.463020793670586,58.631618195376575,12.497668676811232,987,16,13,0.9040252862552157,0.773762724754219,7.259444124724703,5.944182448749451,28,41.53553519482485,3.0,1.180298408604557,1.8960109128574913,ZINCf50000018cve_m01_t01,TRP23;LEU26;PRO27,3.0,-16.88402885776317
754,native_first,ZINCf5000000Vm3Z,CS(=O)(=O)N[C@H](Cc1ncns1)C(=O)O,505,1213,1213,1,0,1,17.857142857142858,20.731008121704747,0.6867166949659289,14.236329380648913,5,251.28900000000002,-0.917,2.0,6.0,5.0,1.0,,,,24.04002420072306,8.0,3.0,5.0,3.0,2.0,1.0,,,,,7.7167516397646425,4.289539495724017,38.38601532567049,11.797569780004247,95,16,15,1.3852273554650267,1.3102953932651176,8.622706883572002,6.908526962948104,28,41.53553519482485,3.0,1.2115499499590308,1.8626143757135802,ZINCf5000000Vm3Z_m01_t05,TRP23;LEU26;PRO27,1.0,-33.13334000035522
755,native_first,ZINCf50000018cvq,O=S(=O)(Cc1csnn1)N[C@H]1CCOC1,447,483,483,1,1,1,14.285714285714286,17.205605691108325,0.8386875320816326,14.430126975045333,4,249.31699999999998,-0.25360000000000005,1.0,6.0,4.0,1.0,,,,23.00393025917909,8.0,4.0,4.0,4.0,3.0,1.0,,,,,8.824090346457107,4.9018950873060305,44.15103879389595,12.369050324637602,1435,16,4,1.079398191721075,0.8381296199887739,8.622706883572002,8.541498493127328,28,41.53553519482485,3.0,1.2196632663281288,1.9555253157946668,ZINCf50000018cvq_m01_t01,TRP23;LEU26;PRO27,1.0,-35.26923111394865
756,native_first,ZINCf50000009GZj,CSC[C@@H](C)NS(=O)(=O)c1cn(C)nn1,1465,1245,1245,0,0,1,7.142857142857143,11.789866216020478,0.8890593180890427,10.481890418376208,2,250.349,-0.15510000000000002,1.0,6.0,5.0,1.0,,,,21.833912262437483,8.0,5.0,3.0,5.0,3.0,1.0,,,,,7.3535875751741475,3.9952382270399154,46.12945077122676,10.973668746989981,263,16,14,0.3354062092091044,0.6708124184182083,3.375021925854705,2.704209507436497,28,41.53553519482485,3.0,1.4294609725297087,1.9830797526086352,ZINCf50000009GZj_m01_t01,TRP23;LEU26;PRO27,1.0,4.778557657118191
757,native_first,ZINCf500000097ar,CC[C@H](CC(=O)O)NCc1nnn(C)n1,419,217,217,1,1,1,14.285714285714286,17.205605691108325,0.8438073440432976,14.518216440870361,4,213.24099999999999,-0.4469999999999994,2.0,6.0,6.0,1.0,,,,26.53520657344019,10.0,6.0,4.0,6.0,3.0,1.0,,,,,14.560138463801083,8.53882253502555,49.38475161063784,17.55390549121086,1336,16,3,1.0263396822920023,0.8271556097110832,8.622706883572002,8.217063737165706,28,41.53553519482485,3.0,1.659968157577371,2.3033505349164494,ZINCf500000097ar_m01_t01,TRP23;LEU26;PRO27,3.0,-18.864779611159797
758,native_first,ZINCf5000000ZroC,CCO[C@H](C)c1nc(CS(N)(=O)=O)no1,81,474,474,1,1,1,17.857142857142858,20.731008121704747,0.7671352546704929,15.903487195020029,5,235.265,-0.044399999999999884,1.0,6.0,5.0,1.0,,,,23.00393025917909,8.0,4.0,4.0,4.0,3.0,1.0,,,,,10.304590694192669,5.697489563450466,53.84347098214287,13.479425585439275,1375,16,4,1.2125643052217936,1.1553505098269372,8.622706883572002,8.107513039248019,28,40.23447521264149,3.0,1.2558948882724357,1.7808960059324386,ZINCf5000000ZroC_m01_t01,SER20;PHE19;LEU22,2.0,-40.89874111546126
759,native_first,ZINCf5000000981C,CC[C@H](N)CNS(=O)(=O)c1cnc(O)s1,606,167,167,1,1,1,14.285714285714286,17.040662921434695,0.8192973497130202,13.961369968884377,4,251.333,-0.1357,3.0,6.0,5.0,1.0,,,,26.900792975049644,9.0,5.0,4.0,5.0,3.0,1.0,,,,,13.814614907187876,7.950594039051301,52.63865004299226,17.08615942415332,1166,16,6,1.0172281137276609,0.8995252577847985,8.317947102500712,7.3177398948677315,28,40.23447521264149,3.0,1.2645266267561037,1.560075010728231,ZINCf5000000981C_m01_t02,SER20;PHE19;LEU22,0.0,-88.35619026058478
760,native_first,ZINCf5000000a5tr,C[S@@](=O)CCNC(=O)Cn1cc(I)nn1,532,224,224,1,1,1,14.285714285714286,17.205605691108325,0.8228290696456383,14.157272523504362,4,342.16200000000003,-0.6226000000000003,1.0,5.0,5.0,1.0,,,,26.14385317041274,8.0,5.0,3.0,5.0,3.0,1.0,,,,,10.96449985954042,6.095843542430276,54.4642857142857,14.759338187258496,1278,16,1,0.9719494185293335,0.9740942402036676,8.622706883572002,9.207338855777857,28,40.23447521264149,3.0,1.2657014144524572,1.5467417079121766,ZINCf5000000a5tr_m01_t01,SER20;PHE19;LEU22,2.0,2.3620337752525833
761,native_first,ZINCf5000000ZtX2,C[C@@H](N)CC(=O)NS(=O)(=O)c1ncsn1,1019,737,737,0,1,1,10.714285714285714,15.315268646616897,0.8314508221363,12.733892707467916,3,250.305,-0.9196999999999997,2.0,7.0,4.0,1.0,,,,25.88884027917479,9.0,4.0,5.0,4.0,3.0,1.0,,,,,7.111036008111157,4.044747309004368,29.395565092989983,11.805487075877066,777,16,1,0.8306671686524937,0.8199335693448689,7.259444124724703,5.7497622601388905,28,40.23447521264149,3.0,1.273207944964322,1.5885502830592124,ZINCf5000000ZtX2_m01_t02,SER20;PHE19;LEU22,0.0,-6.422670813561282
762,native_first,ZINCf50000008MgF,CC(C)(N)Cc1nc(CS(C)(=O)=O)no1,1253,1529,1529,0,0,1,14.285714285714286,15.036168524741624,0.7797407056427215,11.724312655644912,4,233.29299999999998,-0.10599999999999987,1.0,6.0,4.0,1.0,,,,18.157533472740838,6.0,3.0,3.0,3.0,2.0,1.0,,,,,7.851848096500293,4.159595146105955,69.88564167725539,10.428269440560427,323,16,15,1.1112362602847925,1.0665118090547119,7.155285109623515,8.217892050169889,28,40.23447521264149,3.0,1.2852021874521489,2.033980758981334,ZINCf50000008MgF_m02_t03,SER20;PHE19;LEU22,0.0,3.6042357996954077
763,native_first,ZINCf5000002duCU,C#CCCNS(=O)(=O)c1nn(C)nc1Br,1503,1243,1243,0,0,1,10.714285714285714,15.315268646616897,0.6668509524662476,10.213001484272937,3,293.14599999999996,-0.12079999999999996,1.0,5.0,4.0,1.0,,,,21.833912262437483,8.0,5.0,3.0,5.0,3.0,1.0,,,,,7.354080882976967,3.9952382270399154,46.168305378831704,10.974038727842096,480,16,3,1.0175944500011358,1.4619083927558059,7.259444124724703,4.813823621471906,28,40.23447521264149,3.0,1.3743442863628486,2.012104294458996,ZINCf5000002duCU_m01_t01,SER20;PHE19;LEU22,2.0,3.5719095054891197
764,native_first,ZINCf5000000S76T,NCCCCc1cn(C(CN)CN)nn1,1450,803,803,0,1,1,7.142857142857143,11.789866216020478,0.8943775716337984,10.544591916171754,2,212.30099999999996,-0.981999999999998,3.0,6.0,7.0,1.0,,,,23.886789807026993,8.0,5.0,3.0,5.0,3.0,1.0,,,,,11.680354366037792,6.492729328399194,58.10829057520929,14.73196322628509,303,16,13,0.19892221167325874,0.3978444233465197,3.375021925854705,3.772866349201225,28,40.23447521264149,3.0,1.3988338402929394,2.169073251047932,ZINCf5000000S76T_m01_t01,SER20;PHE19;LEU22,0.0,31.43397686274868
765,native_first,ZINCf50000024UiZ,Cn1nnc(S(=O)(=O)NCP(C)(C)=O)n1,1243,714,714,0,1,1,10.714285714285714,15.48021141629053,0.7598628515997073,11.762837590148866,3,253.22399999999996,-0.9313999999999991,1.0,7.0,4.0,1.0,,,,26.647877261431002,10.0,6.0,4.0,6.0,3.0,1.0,,,,,9.690394441182178,5.517120841672522,39.783597017639565,13.929765146244383,925,16,1,0.8658774295304992,1.2254773223530544,8.622706883572002,7.067644766152248,28,40.23447521264149,3.0,1.4102143503310745,2.193034373521756,ZINCf50000024UiZ_m01_t01,SER20;PHE19;LEU22,0.0,75.37512938258011
766,native_first,ZINCf5000002eaMm,CSC[C@@H](CO)NC(=O)c1nonc1N,1026,705,705,0,1,1,14.285714285714286,17.205605691108325,0.7391828473612135,12.718088605327752,4,232.265,-0.8944999999999999,3.0,7.0,5.0,1.0,,,,26.900792975049644,9.0,5.0,4.0,5.0,3.0,1.0,,,,,9.823139615184436,5.616463674654979,39.13447782546495,14.092552955150738,1007,16,9,1.6982534138135512,0.9928114795824868,8.622706883572002,8.703486196411882,28,40.23447521264149,3.0,1.4109227955286299,1.7228754066196033,ZINCf5000002eaMm_m01_t02,SER20;PHE19;LEU22,1.0,29.455122047912422
767,native_first,ZINCf5000000ZrBj,CC[C@](C)(O)c1nc(CS(N)(=O)=O)no1,29,529,529,1,1,1,14.285714285714286,17.205605691108325,0.9578228293429749,16.479921923616967,4,235.26499999999996,-0.5244000000000002,2.0,6.0,4.0,1.0,,,,22.891259571188275,8.0,4.0,4.0,4.0,3.0,1.0,,,,,9.901155275522758,5.4739032489289,51.7822602928986,13.148681349439137,1487,16,3,0.4007707059827009,0.42922383206139125,8.622706883572002,8.198069612707116,28,40.23447521264149,3.0,1.4499480957413977,2.3156720670773665,ZINCf5000000ZrBj_m01_t01,SER20;PHE19;LEU22,2.0,-42.44234944121115
768,native_first,ZINCf5000000ZqV6,CC(C)[C@@H](O)c1nc(CS(N)(=O)=O)no1,85,1223,1223,1,0,1,14.285714285714286,17.205605691108325,0.922901313729113,15.879076095828976,4,235.265,-0.45249999999999985,2.0,6.0,4.0,1.0,,,,21.04244349273654,7.0,3.0,4.0,3.0,2.0,1.0,,,,,7.83797988538258,4.252347853680364,49.99103942652327,11.13909578722107,1211,16,9,0.8417952996274158,0.41350362866025375,8.622706883572002,8.358474743497178,28,40.23447521264149,3.0,1.4588704503761944,2.2061525452297137,ZINCf5000000ZqV6_m01_t01,SER20;PHE19;LEU22,0.0,-42.29761910763659
769,native_first,ZINCf5000002eaMn,CSC[C@H](CO)NC(=O)c1nonc1N,806,176,176,1,1,1,14.285714285714286,17.205605691108325,0.7771774631860936,13.371808983595782,4,232.265,-0.8944999999999999,3.0,7.0,5.0,1.0,,,,26.900792975049644,9.0,5.0,4.0,5.0,3.0,1.0,,,,,9.823139615184436,5.616463674654979,39.13447782546495,14.092552955150738,353,16,2,1.1008237703867838,0.9526342370656268,8.622706883572002,6.997606561028923,28,40.23447521264149,3.0,1.482194610178095,1.891990064476391,ZINCf5000002eaMn_m01_t04,SER20;PHE19;LEU22,1.0,17.534302963900707
770,native_first,ZINCf50000008GY4,C=CC[C@H](C)NS(=O)(=O)c1nnn(C)n1,1471,1244,1244,0,0,1,7.142857142857143,11.789866216020478,0.8880074462814759,10.469488990488593,2,231.281,-0.5470000000000004,1.0,6.0,5.0,1.0,,,,21.833912262437483,8.0,5.0,3.0,5.0,3.0,1.0,,,,,7.353686612243057,3.9952382270399154,46.13724643936124,10.973743024791663,1110,16,0,0.35655122646136395,0.7131024529227274,3.375021925854705,2.6619194729319777,28,40.23447521264149,3.0,1.4837390139638642,2.504275555020743,ZINCf50000008GY4_m01_t01,SER20;PHE19;LEU22,1.0,70.20791294965179
771,native_first,ZINCf5000000ZueR,C[C@@H](c1nc(C[S@](C)=O)no1)S(N)(=O)=O,131,1204,1204,1,0,1,17.857142857142858,20.731008121704747,0.7529238185173535,15.608869796708206,5,253.30499999999998,-0.7023999999999999,1.0,6.0,4.0,1.0,,,,24.29503709196101,7.0,4.0,3.0,4.0,2.0,1.0,,,,,9.906788306291014,5.3583820959701685,65.53819444444444,13.503850502708515,79,16,15,1.4721970868109762,1.08050067292436,8.622706883572002,8.540453537637946,28,40.23447521264149,3.0,1.5320038177100304,2.312541134251742,ZINCf5000000ZueR_m01_t01,SER20;PHE19;LEU22,3.0,-66.59143154566077
772,native_first,ZINCf5000000azI3,[N-]=[N+]=NCC(=O)Nc1nnc(C(N)=O)s1,978,607,607,0,1,1,10.714285714285714,15.48021141629053,0.8298760341996524,12.84665645872337,3,227.20899999999997,-0.11419999999999975,2.0,6.0,4.0,1.0,,,,35.14274235131059,10.0,6.0,4.0,6.0,3.0,1.0,,,,,15.473973440757247,9.154059866348362,49.979663946719526,20.391165668395583,911,16,12,0.6158248693371505,0.9750058698360222,8.622706883572002,7.217083067600829,28,40.23447521264149,3.0,1.6660326731190298,2.370968386037061,ZINCf5000000azI3_m02_t07,SER20;PHE19;LEU22,1.0,-55.92732549685639
773,native_first,ZINCf5000000ZwXi,N#CCNCc1cn(CCCCN)nn1,1443,771,771,0,1,1,7.142857142857143,11.789866216020478,0.8957402495988933,10.560657707075743,2,208.26899999999998,-0.3698199999999993,2.0,6.0,7.0,1.0,,,,24.71882228243319,9.0,5.0,4.0,5.0,3.0,1.0,,,,,13.872345896680729,7.886312433543775,57.57136485281003,16.583964993118844,569,16,14,0.14547179388947154,0.29094358777894236,3.375021925854705,3.6659655136336475,28,40.23447521264149,3.0,1.7034169504043477,2.449523096368956,ZINCf5000000ZwXi_m01_t01,SER20;PHE19;LEU22,1.0,25.13402447003903
774,native_first,ZINCf5000002aT5g,CSC[C@@H](O)C(=O)NCc1nc(Br)n[nH]1,879,172,172,1,1,1,14.285714285714286,17.205605691108325,0.7629210108458092,13.126518086074771,4,295.162,-0.09270000000000017,3.0,5.0,5.0,1.0,,,,26.900792975049644,9.0,5.0,4.0,5.0,3.0,1.0,,,,,11.626392992315557,6.686675364583833,44.50131446269088,15.444992987999079,377,16,2,1.1554590502012676,1.1815055099504106,8.622706883572002,7.8033411300383495,28,40.23447521264149,3.0,1.903485758103319,2.16809612008144,ZINCf5000002aT5g_m01_t08,SER20;PHE19;LEU22,2.0,-18.498337525709488
775,native_first,ZINCf5000000ZxOb,NS(=O)(=O)c1cn(CCCC(F)F)nn1,1250,1321,1321,0,0,1,10.714285714285714,13.515260490838273,0.8686021513552549,11.7393843384688,3,240.23499999999996,-0.029200000000000115,1.0,5.0,5.0,1.0,,,,20.006349551192564,7.0,4.0,3.0,4.0,3.0,1.0,,,,,7.889455184479558,4.238074346375957,56.99074074074074,10.918678776157808,1260,16,2,0.6816684413013109,0.7495491244459652,8.317947102500712,7.09181973204204,28,40.23447521264149,3.0,2.0793761420278023,2.0189619724523262,ZINCf5000000ZxOb_m01_t01,SER20;PHE19;LEU22,0.0,-30.901541819696764
776,native_first,ZINCf50000009otY,CN[C@@H](C)Cc1noc([C@H](CN)OC)n1,834,341,341,1,1,1,10.714285714285714,14.035426252508884,0.9474879023755314,13.298396578936108,3,214.26899999999998,-0.13379999999999992,2.0,6.0,6.0,1.0,,,,24.71882228243319,9.0,5.0,4.0,5.0,3.0,1.0,,,,,13.78229334264836,7.7744389284380375,60.65353625783349,16.516425577594568,1526,16,6,0.3649768370612768,0.46804963571003083,5.577579134355692,4.8101031015634215,28,40.23447521264149,3.0,2.158049334870123,1.9047276784250198,ZINCf50000009otY_m01_t01,SER20;PHE19;LEU22,2.0,79.53188908088178
777,native_first,ZINCf50000009FRZ,CS(=O)(=O)C[C@H](O)CNCc1ncco1,243,533,533,1,1,1,14.285714285714286,17.205605691108325,0.8782220745369613,15.110342723710101,4,234.277,-0.8302999999999994,2.0,6.0,6.0,1.0,,,,22.891259571188275,8.0,4.0,4.0,4.0,3.0,1.0,,,,,9.488519580977508,5.2866251148652825,46.24396478273219,12.8392045785302,239,16,7,1.050735119523126,0.5920216426438463,8.622706883572002,8.75290825805157,28,40.23447521264149,3.0,2.676807005939395,2.6066705156696814,ZINCf50000009FRZ_m02_t01,SER20;PHE19;LEU22,0.0,20.67148742263415
778,native_first,ZINCf500000252Wu,C[C@@H](OC(=O)Cn1ncc(Br)n1)C(N)=O,1009,1525,1525,0,0,1,17.857142857142858,20.731008121704747,0.6154833737647695,12.759590820291674,5,277.07800000000003,-0.5424000000000002,1.0,6.0,4.0,1.0,,,,21.15511418072736,7.0,3.0,4.0,3.0,2.0,1.0,,,,,6.767055656532202,3.682928159587113,41.62082874954162,10.364070287580992,1133,16,2,1.59320697555844,1.651082377289217,8.622706883572002,6.895614601176271,28,40.09529725679119,3.0,0.7687198594009288,1.2837040888888158,ZINCf500000252Wu_m01_t02,GLU17;PHE19;LEU22,1.0,-7.76370680211657
779,native_first,ZINCf50000009W2D,C[C@H](CO)N(C)C(=O)Cn1cc(I)nn1,999,1320,1320,0,0,1,14.285714285714286,17.205605691108325,0.7431110108331852,12.785675037116711,4,324.12199999999996,-0.27810000000000024,1.0,5.0,4.0,1.0,,,,20.006349551192564,7.0,4.0,3.0,4.0,3.0,1.0,,,,,7.934286287639416,4.300940070662924,51.116243264049274,10.952302103527703,281,16,14,1.1774495983173112,1.2976260610997616,8.622706883572002,7.873674844719124,28,40.09529725679119,3.0,0.808261928887727,1.1519664396439475,ZINCf50000009W2D_m01_t01,GLU17;PHE19;LEU22,0.0,22.262063467549005
780,native_first,ZINCf5000000Wzvn,CC(C)(CO)CNS(=O)(=O)c1cn[nH]c1,129,1197,1197,1,0,1,17.857142857142858,20.731008121704747,0.7534523152191459,15.61982606612536,5,233.293,-0.29350000000000004,3.0,4.0,5.0,1.0,,,,25.051976896597917,8.0,4.0,4.0,4.0,2.0,1.0,,,,,10.058862132069684,5.719843220743172,41.66722296395195,13.807140823201742,575,16,14,1.2259900432764932,1.2247489322832865,8.622706883572002,8.062392917789694,28,40.09529725679119,3.0,0.891498901610386,1.3764473945159799,ZINCf5000000Wzvn_m01_t01,GLU17;PHE19;LEU22,2.0,-37.67275256746262
781,native_first,ZINCf50000009fgo,CN(CCS(C)(=O)=O)Cc1ncccn1,716,930,930,1,0,1,14.285714285714286,17.205605691108325,0.7916379437463741,13.620610310219906,4,229.305,-0.04700000000000015,0.0,5.0,5.0,1.0,,,,21.623266663629757,8.0,5.0,3.0,5.0,3.0,1.0,,,,,6.427116049749233,3.49412500446829,40.02100840336135,10.226153703219365,700,16,8,1.0842538371245276,1.0527672189143538,8.622706883572002,7.786436407086147,28,40.09529725679119,3.0,0.9045114151592547,1.5060347493172237,ZINCf50000009fgo_m01_t01,GLU17;PHE19;LEU22,3.0,37.64598225705587
782,native_first,ZINCf5000002aUfh,NC(=O)CCN1CC(n2ncc(Br)n2)C1,515,1219,1219,1,0,1,14.285714285714286,17.205605691108325,0.8258498981840064,14.209247708195972,4,274.122,-0.22730000000000006,1.0,5.0,4.0,1.0,,,,21.15511418072736,7.0,3.0,4.0,3.0,2.0,1.0,,,,,9.494375909151314,5.174310675378519,57.509057971014485,12.409560477045325,132,16,0,1.039557080211024,0.9365025489477777,8.622706883572002,8.319738027219755,28,40.09529725679119,3.0,0.9045488814656835,1.2095489100107994,ZINCf5000002aUfh_m01_t02,GLU17;PHE19;LEU22,3.0,-14.49062333189717
783,native_first,ZINCf5000001og7C,CN(CCC(=O)O)Cc1ccccc1Br,1151,1316,1316,0,0,1,10.714285714285714,14.035426252508884,0.870767108026178,12.221587527811858,3,272.142,2.3556,1.0,2.0,5.0,1.0,,,,20.006349551192564,7.0,4.0,3.0,4.0,3.0,1.0,,,,,9.308356814243608,5.126765584441629,50.48990498812353,11.982854998480848,786,16,1,0.8510244468282108,0.7867765682720883,5.577579134355692,5.2754237186697415,28,40.09529725679119,3.0,0.9553725268209821,1.5751397388539996,ZINCf5000001og7C_m01_t02,GLU17;PHE19;LEU22,0.0,-0.010994303801798999
784,native_first,ZINCf5000000aoN3,O=C(CNS(=O)(=O)CBr)c1cnccn1,663,308,308,1,1,1,14.285714285714286,17.205605691108325,0.8008498540989535,13.779106807408226,4,294.13,-0.06889999999999996,1.0,5.0,5.0,1.0,,,,25.040072620659267,8.0,4.0,4.0,4.0,3.0,1.0,,,,,5.896231492755615,3.253102412964882,31.445710579951825,10.682191774731528,711,16,14,1.2855562025088936,0.920705814087921,8.622706883572002,8.727416884934478,28,40.09529725679119,3.0,0.9765581427126482,1.5848680908183468,ZINCf5000000aoN3_m01_t05,GLU17;PHE19;LEU22,2.0,72.17231336508969
785,native_first,ZINCf5000002ryel,C[C@H](CS(N)(=O)=O)OC(=O)c1ccsn1,350,484,484,1,1,1,14.285714285714286,17.205605691108325,0.8567304967792945,14.740567111131892,4,250.30100000000002,-0.02310000000000023,1.0,6.0,4.0,1.0,,,,23.00393025917909,8.0,4.0,4.0,4.0,3.0,1.0,,,,,8.75806218352871,4.885353066844699,42.25199384357072,12.319529202441306,788,16,5,0.8998966717033258,0.8239263449625008,8.622706883572002,8.117111657778487,28,40.09529725679119,3.0,0.9982587774433885,1.5334522833836086,ZINCf5000002ryel_m01_t01,GLU17;PHE19;LEU22,0.0,-66.99075654157564
786,native_first,ZINCf50000028TXa,N#Cc1nc(CNCCS(N)(=O)=O)cs1,1007,684,684,0,1,1,14.285714285714286,17.205605691108325,0.7418749661449121,12.764408139593696,4,246.317,-0.6071199999999994,2.0,6.0,5.0,1.0,,,,27.71640299041971,10.0,5.0,5.0,5.0,3.0,1.0,,,,,15.0630297724989,8.905579212965135,48.8132186456209,18.2263730769791,896,16,14,1.5585201018824266,0.9786700172692675,8.622706883572002,7.5734247348941395,28,40.09529725679119,3.0,0.9985849976359458,1.6335673709970606,ZINCf50000028TXa_m01_t01,GLU17;PHE19;LEU22,1.0,-40.946976293955785
787,native_first,ZINCf5000002oBuO,C[C@@H](COC(=O)c1nccs1)S(N)(=O)=O,1006,1523,1523,0,0,1,14.285714285714286,17.205605691108325,0.7420073082171423,12.766685165104834,4,250.301,-0.023099999999999787,1.0,6.0,4.0,1.0,,,,21.15511418072736,7.0,3.0,4.0,3.0,2.0,1.0,,,,,7.822424222029177,4.3078166491316425,42.48258159149249,11.155596711703723,883,16,1,1.4977625722717716,1.117583988983023,8.622706883572002,8.254673084144498,28,40.09529725679119,3.0,1.0068448059199941,1.3721548499954148,ZINCf5000002oBuO_m01_t01,GLU17;PHE19;LEU22,0.0,-57.055006527718874
788,native_first,ZINCf50000009N3E,C[C@@H](O)CN(C)NC(=O)c1n[nH]cc1I,1059,647,647,0,1,1,14.285714285714286,17.205605691108325,0.7332062244118127,12.615257187495931,4,324.122,-0.028300000000000103,3.0,4.0,4.0,1.0,,,,29.898373683036166,10.0,5.0,5.0,5.0,3.0,1.0,,,,,10.55627153556031,6.271654822844114,33.318581535905594,15.391797072429275,1324,16,0,1.3636685596447156,1.2792365227121534,8.622706883572002,8.417270040769006,28,40.09529725679119,3.0,1.0079085598751794,1.2597856628077622,ZINCf50000009N3E_m01_t05,GLU17;PHE19;LEU22,2.0,47.07326689160713
789,native_first,ZINCf50000026w6M,Cn1ccc(C(=O)CNS(=O)(=O)CBr)n1,1152,837,837,0,1,1,14.285714285714286,17.205605691108325,0.7102928593889428,12.221018863856,4,296.146,-0.12539999999999968,1.0,5.0,5.0,1.0,,,,23.00393025917909,8.0,4.0,4.0,4.0,3.0,1.0,,,,,9.865019739879411,5.4653012269798875,50.59701492537312,13.149747369704329,863,16,9,1.2942805086094962,1.372748407042028,8.622706883572002,7.56158587428015,28,40.09529725679119,3.0,1.0080297278728858,1.5822584409645266,ZINCf50000026w6M_m01_t03,GLU17;PHE19;LEU22,3.0,24.892084903110398
790,native_first,ZINCf50000009fgg,CN(CCS(C)(=O)=O)Cc1cn(C)cn1,749,450,450,1,1,1,14.285714285714286,17.205605691108325,0.7852641755511932,13.510945767887096,4,231.321,-0.10349999999999948,0.0,5.0,5.0,1.0,,,,23.439650954636754,9.0,6.0,3.0,6.0,3.0,1.0,,,,,8.745605256355212,4.830520694666971,46.148306426084204,12.419116680925598,53,16,14,0.9846317742245224,1.0282707908115922,8.622706883572002,7.17580027178056,28,40.09529725679119,3.0,1.0084910988812077,1.6853566455032702,ZINCf50000009fgg_m01_t01,GLU17;PHE19;LEU22,3.0,22.788068100454645
791,native_first,ZINCf50000009du3,CN(C)c1nnc(CSC[C@H](O)CO)o1,1108,1252,1252,0,0,1,14.285714285714286,17.205605691108325,0.7206959700253686,12.400010683427316,4,233.29299999999998,-0.2779999999999999,2.0,7.0,6.0,1.0,,,,21.70481911441053,8.0,5.0,3.0,5.0,3.0,1.0,,,,,11.873483004786625,6.604766250921534,58.69661266568483,14.331317032192601,793,16,12,1.222614932264559,1.2913595596034064,8.622706883572002,7.255082578694162,28,40.09529725679119,3.0,1.0162850738993232,1.4115123948447499,ZINCf50000009du3_m01_t01,GLU17;PHE19;LEU22,0.0,21.906514199412747
792,native_first,ZINCf5000000VmyF,C[C@H](Cc1nn[nH]n1)NS(=O)(=O)C(Cl)Cl,769,1225,1225,1,0,1,14.285714285714286,17.205605691108325,0.783060032675444,13.47302215468009,4,274.13300000000004,-0.18870000000000026,2.0,5.0,5.0,1.0,,,,21.04244349273654,7.0,3.0,4.0,3.0,2.0,1.0,,,,,6.1790525094256825,3.32625600236608,43.41049382716051,9.894900255253397,695,16,4,0.9626938375570078,1.0752011083037274,8.622706883572002,7.254660644289998,28,40.09529725679119,3.0,1.0210146703610088,1.587791574056759,ZINCf5000000VmyF_m01_t02,GLU17;PHE19;LEU22,2.0,20.443665232270096
793,native_first,ZINCf5000000aahM,Cn1cc(CC(=O)NS(=O)(=O)CI)cn1,1120,835,835,0,1,1,10.714285714285714,15.48021141629053,0.7971295619862352,12.339734145721987,3,343.146,-0.19890000000000008,1.0,5.0,4.0,1.0,,,,23.00393025917909,8.0,4.0,4.0,4.0,3.0,1.0,,,,,10.091152018030353,5.605003149081716,50.55255169797002,13.319346578317537,141,16,12,0.7746852448292203,1.1183869069034083,8.622706883572002,7.336692899948991,28,40.09529725679119,3.0,1.026547368984756,1.558195785413022,ZINCf5000000aahM_m01_t01,GLU17;PHE19;LEU22,1.0,-41.80858864600035
794,native_first,ZINCf5000000WBP3,NS(=O)(=O)CCNS(=O)(=O)c1cccs1,238,540,540,1,1,1,14.285714285714286,17.205605691108325,0.8799826125925608,15.140633847298936,4,270.35699999999997,-0.6850999999999996,2.0,5.0,5.0,1.0,,,,22.891259571188275,8.0,4.0,4.0,4.0,3.0,1.0,,,,,7.3664995709947805,4.121683246703466,34.62598154015705,11.247689571043153,1534,16,13,0.7075237447723101,0.7924374683903915,8.622706883572002,8.061478950729182,28,40.09529725679119,3.0,1.0283433607176597,1.6349562945378098,ZINCf5000000WBP3_m01_t01,GLU17;PHE19;LEU22,0.0,-135.14604313680618
795,native_first,ZINCf50000009fiZ,CN(CCS(N)(=O)=O)Cn1ccc(Br)n1,347,908,908,1,0,1,14.285714285714286,17.205605691108325,0.8572919948635431,14.750228025765786,4,297.178,-0.17659999999999987,1.0,5.0,5.0,1.0,,,,21.833912262437483,8.0,5.0,3.0,5.0,3.0,1.0,,,,,8.935738305812976,4.9282607303697805,47.82629651050703,12.160281794969102,462,16,6,0.8190082986079138,0.8249697286081803,8.622706883572002,7.787934142657451,28,40.09529725679119,3.0,1.0365883594857173,1.7303512335751032,ZINCf50000009fiZ_m01_t01,GLU17;PHE19;LEU22,3.0,-46.787415672970845
796,native_first,ZINCf50000009nBd,CNS(=O)(=O)CCCSc1nncn1N,734,344,344,1,1,1,14.285714285714286,17.205605691108325,0.7880409351769527,13.558721599106905,4,251.33700000000002,-0.9766999999999995,2.0,7.0,6.0,1.0,,,,24.71882228243319,9.0,5.0,4.0,5.0,3.0,1.0,,,,,13.311765524141721,7.600777957342484,53.54020979020979,16.16352971371459,395,16,11,1.1202518711748173,1.0670970519479492,8.622706883572002,7.89886572772771,28,40.09529725679119,3.0,1.0376245280955763,1.6876535529672492,ZINCf50000009nBd_m01_t01,GLU17;PHE19;LEU22,0.0,-62.52924680118994
797,native_first,ZINCf5000000ZtEu,CS(=O)(=O)C1(CSc2nncn2N)CC1,600,991,991,1,0,1,14.285714285714286,17.205605691108325,0.8120010977861725,13.970970709255976,4,248.333,-0.33880000000000043,1.0,7.0,4.0,1.0,,,,20.006349551192564,7.0,4.0,3.0,4.0,3.0,1.0,,,,,5.1351503401089005,2.725440751078135,44.327420546932736,8.852950142879818,734,16,11,1.061626118455474,0.9132543142173378,8.622706883572002,7.6176862643138605,28,40.09529725679119,3.0,1.0535763940345908,1.6720515576201052,ZINCf5000000ZtEu_m01_t01,GLU17;PHE19;LEU22,2.0,46.58118480386578
798,native_first,ZINCf50000018akF,O=C(O)C[C@H](NCc1nncs1)C(=O)O,615,78,78,1,1,1,17.857142857142858,20.731008121704747,0.6723584459203058,13.938668403070642,5,231.233,-0.4444000000000004,3.0,6.0,6.0,1.0,,,,29.898373683036166,10.0,5.0,5.0,5.0,3.0,1.0,,,,,10.343646881915818,6.147871746419402,32.575956571228446,15.232328582195906,977,16,15,1.5624366662373859,1.3632803667805824,8.622706883572002,7.243514234781582,28,40.09529725679119,3.0,1.0687742756956002,1.75773249385722,ZINCf50000018akF_m01_t02,GLU17;PHE19;LEU22,2.0,-0.4778886926883992
799,native_first,ZINCf5000002aSHK,COC(=O)[C@@H](C)C(=O)NCc1nncs1,1318,849,849,0,1,1,10.714285714285714,15.48021141629053,0.7313146549521587,11.320905470490978,3,229.261,-0.036600000000000354,1.0,6.0,4.0,1.0,,,,23.00393025917909,8.0,4.0,4.0,4.0,3.0,1.0,,,,,7.874034631297885,4.364440432075605,40.20109557445582,11.656508538268188,390,16,11,0.9618940118507419,1.455188438383545,8.622706883572002,7.566675329393285,28,40.09529725679119,3.0,1.1159298741818042,1.7041298590695853,ZINCf5000002aSHK_m01_t03,GLU17;PHE19;LEU22,2.0,-9.410766775583921
800,native_first,ZINCf5000000Zrbc,CCN(CCCO)C(=O)c1nnsc1N,785,517,517,1,1,1,14.285714285714286,17.205605691108325,0.7811869497998963,13.440794629296649,4,230.293,-0.035200000000000176,2.0,6.0,5.0,1.0,,,,22.891259571188275,8.0,4.0,4.0,4.0,3.0,1.0,,,,,11.31806100892494,6.394034868449588,49.22969187675069,14.211360649490773,1294,16,7,1.244024402509616,1.0640942084808958,8.622706883572002,8.309120611498452,28,40.09529725679119,3.0,1.131266916180268,1.8722347862375106,ZINCf5000000Zrbc_m01_t03,GLU17;PHE19;LEU22,0.0,31.3841246642855
801,native_first,ZINCf50000009g5d,CN(Cc1nnc(O)o1)C[C@H](O)CC#N,559,136,136,1,1,1,10.714285714285714,15.48021141629053,0.909290063291772,14.076002418488827,3,212.20899999999997,-0.5184200000000005,2.0,7.0,5.0,1.0,,,,27.71640299041971,10.0,5.0,5.0,5.0,3.0,1.0,,,,,16.562469832020295,9.91411991259945,50.27981526759032,19.350953121620147,245,16,2,0.4682993915508561,0.6956899265849489,8.622706883572002,7.845396314664694,28,40.09529725679119,3.0,1.1396724903697784,1.8847544391010886,ZINCf50000009g5d_m01_t02,GLU17;PHE19;LEU22,2.0,27.64352891255487
802,native_first,ZINCf5000000a9iH,Cc1nnsc1CS(=O)(=O)C[C@H](O)CO,64,524,524,1,1,1,17.857142857142858,20.731008121704747,0.7708100240345455,15.979668868551594,5,252.31699999999998,-0.8854799999999998,2.0,7.0,5.0,1.0,,,,22.891259571188275,8.0,4.0,4.0,4.0,3.0,1.0,,,,,10.529355986049778,5.8424433072928865,53.237156931738205,13.619831882334402,827,16,14,1.4743343558024322,0.9600367165907464,8.622706883572002,8.382022388869185,28,40.09529725679119,3.0,1.1494185334276588,1.655577157247692,ZINCf5000000a9iH_m01_t01,GLU17;PHE19;LEU22,1.0,11.381508294353619
803,native_first,ZINCf5000002mC06,COC[C@](C)(O)C(=O)OCc1cnsn1,470,467,467,1,1,1,14.285714285714286,17.205605691108325,0.8356079228275007,14.377140432536052,4,232.261,-0.021300000000000263,1.0,7.0,5.0,1.0,,,,23.00393025917909,8.0,4.0,4.0,4.0,3.0,1.0,,,,,11.633891149278371,6.497239129913386,55.55555555555556,14.476400926753552,875,16,8,1.1812071837863227,0.7714003770078426,8.622706883572002,8.903314598985672,28,40.09529725679119,3.0,1.168021790982891,1.797340113014964,ZINCf5000002mC06_m01_t01,GLU17;PHE19;LEU22,2.0,52.93778891268093
804,native_first,ZINCf50000009qM1,COC(=O)[C@@H](C)N(C)Cc1nnc(O)o1,472,323,323,1,1,1,10.714285714285714,15.48021141629053,0.9285398436281185,14.373993087812623,3,215.209,-0.2315000000000002,1.0,7.0,4.0,1.0,,,,24.83149297042401,9.0,5.0,4.0,5.0,3.0,1.0,,,,,11.238161574448869,6.373671845291646,47.461703431372534,14.636494423442652,771,16,3,0.4326229216818506,0.5914024448356425,8.622706883572002,7.899009356427205,28,40.09529725679119,3.0,1.1764929571509977,1.8898076385044325,ZINCf50000009qM1_m01_t02,GLU17;PHE19;LEU22,1.0,45.12042779412882
805,native_first,ZINCf5000000a0Sx,C[C@H](OC(=O)c1nn(C)nc1Br)C(N)=O,1008,838,838,0,1,1,17.857142857142858,20.731008121704747,0.6156289545231733,12.76260885617651,5,277.07800000000003,-0.3918000000000001,1.0,6.0,3.0,1.0,,,,23.00393025917909,8.0,4.0,4.0,4.0,3.0,1.0,,,,,9.852282912091734,5.481723403370527,48.604431871758614,13.140194748863571,621,16,13,1.854972966746974,1.6961572856060338,8.622706883572002,8.20104508415492,28,40.09529725679119,3.0,1.210372468753079,1.9211341975748175,ZINCf5000000a0Sx_m01_t02,GLU17;PHE19;LEU22,2.0,24.310485153391014
806,native_first,ZINCf5000000abZq,Cn1ncc(S(=O)(=O)Nc2ccon2)n1,1459,1498,1498,0,0,1,10.714285714285714,15.48021141629053,0.6791132329294682,10.512816421348724,3,229.22100000000003,-0.3961000000000001,1.0,7.0,3.0,1.0,,,,25.989879989618323,8.0,4.0,4.0,4.0,2.0,1.0,,,,,7.5826343476966676,4.181704884027567,40.61134387529845,12.184445758177082,124,16,12,0.930855287371732,1.497548001649686,8.622706883572002,6.380177405460432,28,40.09529725679119,3.0,1.2160996957688106,2.0317266537486067,ZINCf5000000abZq_m01_t01,GLU17;PHE19;LEU22,2.0,36.04813189085879
807,native_first,ZINCf5000002qU7b,CC(C)[C@@H](O)COC(=O)c1nonc1N,145,537,537,1,1,1,14.285714285714286,17.205605691108325,0.903937804289115,15.552797429884759,4,215.20899999999997,-0.1745,2.0,7.0,4.0,1.0,,,,22.891259571188275,8.0,4.0,4.0,4.0,3.0,1.0,,,,,8.78074946712353,4.87284945296108,44.341463414634134,12.308376993139717,769,16,2,0.6327821670113712,0.6601051347586074,8.622706883572002,7.918138779169693,28,40.09529725679119,3.0,1.2272904872869719,1.6920266222306344,ZINCf5000002qU7b_m01_t02,GLU17;PHE19;LEU22,1.0,28.347691191212128
808,native_first,ZINCf50000009O9p,C[C@@H](c1nccs1)S(=O)(=O)C[C@H](O)CO,642,536,536,1,1,1,14.285714285714286,17.205605691108325,0.8058715085445634,13.86550741371639,4,251.32899999999998,-0.027899999999999814,2.0,6.0,5.0,1.0,,,,22.891259571188275,8.0,4.0,4.0,4.0,3.0,1.0,,,,,8.818930834927201,4.909239310757264,43.31382902811476,12.337013018992469,90,16,1,0.9685680477702239,1.0254390033563434,8.622706883572002,7.686364573661836,28,40.09529725679119,3.0,1.2289023699807415,1.6561783060205935,ZINCf50000009O9p_m01_t01,GLU17;PHE19;LEU22,2.0,18.735446470613866
809,native_first,ZINCf50000028GQR,CC[S@](=N)(=O)NC(=O)Cn1ncc(Br)n1,951,846,846,0,1,1,10.714285714285714,15.315268646616897,0.8448983614631859,12.93984538489512,3,296.15,0.13846999999999976,2.0,6.0,4.0,1.0,,,,23.00393025917909,8.0,4.0,4.0,4.0,3.0,1.0,,,,,8.856137479862749,4.920623085718886,44.23645320197044,12.393085674691834,157,16,12,0.7603203481745022,0.8354981431427633,7.259444124724703,5.959423554050067,28,40.09529725679119,3.0,1.2525946095463698,1.3055372684355566,ZINCf50000028GQR_m01_t01,GLU17;PHE19;LEU22,1.0,-112.13664995207603
810,native_first,ZINCf50000009du7,CN(C)c1nnc(SCCS(N)(=O)=O)s1,1153,1235,1235,0,0,1,14.285714285714286,17.205605691108325,0.7102246741724495,12.219845695907052,4,268.38899999999995,-0.015299999999999758,1.0,7.0,5.0,1.0,,,,21.833912262437483,8.0,5.0,3.0,5.0,3.0,1.0,,,,,11.212504599195528,6.171376799241151,61.2224304454375,13.867856515006016,1310,16,9,1.1932894219947665,1.307431803364904,8.622706883572002,6.974411285565291,28,40.09529725679119,3.0,1.2726233347612907,1.9547337686950137,ZINCf50000009du7_m01_t01,GLU17;PHE19;LEU22,3.0,-111.56200551309881
811,native_first,ZINCf50000009082,CCNS(=O)(=O)NCCn1ncc(Br)n1,704,985,985,1,0,1,14.285714285714286,17.205605691108325,0.793762447732116,13.657163688087769,4,298.166,-0.5155000000000005,2.0,5.0,6.0,1.0,,,,20.006349551192564,7.0,4.0,3.0,4.0,3.0,1.0,,,,,8.64507742017082,4.694541488903317,54.54888637221593,11.485395452926255,1482,16,15,0.9221789220452231,0.9985768408812633,8.622706883572002,7.112283808123376,28,40.09529725679119,3.0,1.3046703877571177,1.4599239112223952,ZINCf50000009082_m01_t01,GLU17;PHE19;LEU22,3.0,-189.764101064238
812,native_first,ZINCf50000009Ha4,CSC[C@H](NCc1nnn(C)n1)C(=O)O,1366,777,777,0,1,1,10.714285714285714,14.035426252508884,0.7702879510751197,10.811319730511014,3,231.281,-0.8840999999999994,2.0,7.0,6.0,1.0,,,,24.71882228243319,9.0,5.0,4.0,5.0,3.0,1.0,,,,,9.929959240142033,5.555852258605225,46.684668466846674,13.62717500071482,785,16,6,1.0281044689962897,0.9828820410829793,5.577579134355692,3.7411313599173566,28,40.09529725679119,3.0,1.309492169453701,1.257469538969249,ZINCf50000009Ha4_m02_t01,GLU17;PHE19;LEU22,1.0,-75.41739507382701
813,native_first,ZINCf5000000acEB,Cn1nnc2c(SCC(=O)O)ncnc21,1020,845,845,0,1,1,17.857142857142858,20.731008121704747,0.6141314274156936,12.731563609548873,5,225.233,-0.06500000000000045,1.0,7.0,3.0,1.0,,,,23.00393025917909,8.0,4.0,4.0,4.0,3.0,1.0,,,,,9.216487311088512,5.090386414272011,48.653102163633754,12.663348048111157,1120,16,11,1.6263327504555123,1.5738696590386074,8.622706883572002,6.675343138195097,28,40.09529725679119,3.0,1.314186993853698,2.1342789294049274,ZINCf5000000acEB_m01_t02,GLU17;PHE19;LEU22,2.0,16.866931227692938
814,native_first,ZINCf5000000apGs,O=C(Cn1cc(I)nn1)Nc1nc[nH]n1,1169,1496,1496,0,0,1,14.285714285714286,17.205605691108325,0.7059305627714969,12.145962908348569,4,319.06600000000003,-0.3605000000000002,2.0,6.0,3.0,1.0,,,,27.01832129764944,8.0,3.0,5.0,3.0,2.0,1.0,,,,,10.242043819284744,5.877114921657581,39.80572998430142,14.436113188875918,493,16,8,1.1462370933954833,1.3725627630231987,8.622706883572002,6.999780776043469,28,40.09529725679119,3.0,1.3356496283582833,1.847824256101881,ZINCf5000000apGs_m01_t08,GLU17;PHE19;LEU22,3.0,-90.42157001057097
815,native_first,ZINCf5000001osMH,Nn1cnnc1/N=N/Cc1ccncc1,386,1205,1205,1,0,1,14.285714285714286,17.205605691108325,0.8515394787542069,14.651252501856797,4,203.20900000000003,0.6707999999999997,1.0,7.0,3.0,1.0,,,,24.133411277653728,7.0,3.0,4.0,3.0,2.0,1.0,,,,,12.201042713615092,6.763533198381304,62.23279304674653,15.18413485462475,983,16,8,1.0081886525790147,0.807649802999879,8.622706883572002,8.757119249895991,28,40.09529725679119,3.0,1.4551115611543635,2.240138433481923,ZINCf5000001osMH_m01_t01,GLU17;PHE19;LEU22,1.0,56.44673270917611
816,native_first,ZINCf50000025VUm,O=S(=O)(CBr)NC1CN(c2nncs2)C1,418,1227,1227,1,0,1,14.285714285714286,17.205605691108325,0.843852459929215,14.51899268701386,4,313.20200000000006,-0.0015000000000000568,1.0,6.0,4.0,1.0,,,,18.157533472740838,6.0,3.0,3.0,3.0,2.0,1.0,,,,,7.17754247953583,3.822998325382453,58.575063613231556,9.922540227837082,937,16,11,1.0847003851779413,0.8010806468759527,8.622706883572002,8.528140197078432,28,40.09529725679119,3.0,1.4636968356058317,1.558600962295695,ZINCf50000025VUm_m01_t01,GLU17;PHE19;LEU22,1.0,-14.803217233105741
817,native_first,ZINCf5000002oGxy,Nc1nonc1C(=O)OCc1nncs1,849,1184,1184,1,0,1,17.857142857142858,20.731008121704747,0.6385949237258675,13.238716550240381,5,227.20499999999998,-0.1397000000000006,1.0,9.0,3.0,1.0,,,,25.989879989618323,8.0,4.0,4.0,4.0,2.0,1.0,,,,,10.0816168757983,5.676539352581933,45.01015572105619,14.058682654253307,1064,16,4,1.4999493826225974,1.5978928141729642,8.622706883572002,7.0671975429131715,28,40.09529725679119,3.0,1.4770929840494917,2.298493976743516,ZINCf5000002oGxy_m01_t02,GLU17;PHE19;LEU22,2.0,1.6027579653473039
818,native_first,ZINCf5000000WAOI,COc1ncncc1NCCS(N)(=O)=O,538,532,532,1,1,1,14.285714285714286,19.005613846886952,0.7434474181657141,14.12967454512265,4,232.26499999999996,-0.8143999999999993,2.0,6.0,5.0,1.0,,,,22.891259571188275,8.0,4.0,4.0,4.0,3.0,1.0,,,,,9.629137624930996,5.3531597494057435,47.8529329216952,12.944668111495316,1442,16,10,1.5132923898296449,1.080285928634803,8.622706883572002,8.07080178349973,28,40.09529725679119,3.0,1.52591796065278,2.3729458941571226,ZINCf5000000WAOI_m01_t01,GLU17;PHE19;LEU22,1.0,-69.17558930421843
819,native_first,ZINCf5000001rUv3,CCON(CCN)C(=O)C(N)CCSC,1198,1359,1359,0,0,1,10.714285714285714,13.515260490838273,0.887328113833049,11.992470599297853,3,235.35299999999998,-0.19439999999999813,2.0,5.0,8.0,1.0,,,,19.698205866669763,8.0,4.0,4.0,4.0,3.0,1.0,,,,,6.149291038531845,3.3738825457403725,34.66647484774373,9.536519745566324,1455,16,15,0.6912710937523587,0.6748577450732794,8.317947102500712,7.311040250642225,28,39.56703757561988,3.0,1.2458854538072137,1.909100548766452,ZINCf5000001rUv3_m01_t03,SER20;LEU26;LEU22,3.0,56.17554671600002
820,native_first,ZINCf50000009GTO,CSCC[C@H](NCCS(C)(=O)=O)C(N)=O,546,1057,1057,1,0,1,14.285714285714286,17.205605691108325,0.8199254989120827,14.107314830366562,4,254.37699999999998,-0.7723999999999991,2.0,5.0,8.0,1.0,,,,19.698205866669763,8.0,4.0,4.0,4.0,3.0,1.0,,,,,7.128326110966185,3.919457373987354,39.3183466279913,10.270796049892079,659,16,11,0.8235062023563745,0.9343745365446633,8.622706883572002,7.251324377003777,28,39.56703757561988,3.0,1.3571871125391592,2.0676853886900473,ZINCf50000009GTO_m02_t02,SER20;LEU26;LEU22,3.0,-9.045838052995853
821,native_first,ZINCf50000008UOV,CCCS(=O)(=O)N[C@@H](C)C(=O)NCCF,596,1049,1049,1,0,1,14.285714285714286,17.205605691108325,0.8125229130376315,13.979948856716186,4,240.29999999999995,-0.20999999999999996,2.0,3.0,7.0,1.0,,,,19.698205866669763,8.0,4.0,4.0,4.0,3.0,1.0,,,,,7.702708498152977,4.250911644667975,40.974755581497156,10.701582840282173,823,16,13,1.3194050549967697,0.7461119945515119,8.622706883572002,9.435408148348397,28,39.56703757561988,3.0,1.4486693336639125,2.480561382306463,ZINCf50000008UOV_m01_t02,SER20;LEU26;LEU22,1.0,-58.200143606676605
822,native_first,ZINCf5000000910a,CCOC(=O)[C@H](CO)NC[C@@H](O)CSC,911,976,976,1,0,1,14.285714285714286,17.205605691108325,0.7592427852738388,13.063231987240497,4,237.32099999999997,-0.7760999999999998,3.0,6.0,8.0,1.0,,,,20.69373610250848,8.0,5.0,3.0,5.0,3.0,1.0,,,,,6.47961457525032,3.5592160598499576,36.101620029455084,10.03314495706486,1461,16,8,1.4084768168443642,1.0777655070778025,8.622706883572002,8.280473965508618,28,39.56703757561988,3.0,1.454854875983911,2.057237172745246,ZINCf5000000910a_m02_t01,SER20;LEU26;LEU22,3.0,73.85837819385031
823,native_first,ZINCf5000002qFjl,C#CCCCCC[C@H](N)C(=O)NCCN,1144,889,889,0,1,1,10.714285714285714,13.515260490838273,0.9064429077577776,12.250812018419252,3,211.309,-0.027699999999998393,3.0,3.0,8.0,1.0,,,,22.51012039351548,9.0,6.0,3.0,6.0,3.0,1.0,,,,,10.653456361540403,5.99026481931733,48.08854638863704,13.617622369534171,1356,16,12,0.5376423460028894,0.5842959792684668,8.317947102500712,7.136508732545642,28,39.56703757561988,3.0,1.694814070996695,1.7351680711160629,ZINCf5000002qFjl_m01_t05,SER20;LEU26;LEU22,2.0,47.118000937695584
824,native_first,ZINCf50000009BRP,CONCCNC(=O)C[C@H](N)CCSC,881,285,285,1,1,1,14.285714285714286,17.0714700698208,0.7685522911101177,13.120317434778578,4,235.35299999999998,-0.2758999999999987,3.0,5.0,9.0,1.0,,,,25.524123561538133,10.0,6.0,4.0,6.0,3.0,1.0,,,,,13.115542071468795,7.676065319828061,45.01308782381081,16.21768744398613,1259,16,10,1.2624063290020993,1.1373999607138052,10.950081780516529,10.898903399314543,28,39.56703757561988,3.0,1.923786345198886,1.9203316895456481,ZINCf50000009BRP_m02_t01,SER20;LEU26;LEU22,0.0,4.277482457860702
825,native_first,ZINCf50000009BRA,CONCCNC(=O)C[C@@H](N)CCSC,1127,747,747,0,1,1,14.285714285714286,17.040662921434695,0.7228209399527523,12.317347990289441,4,235.35299999999998,-0.2758999999999987,3.0,5.0,9.0,1.0,,,,25.524123561538133,10.0,6.0,4.0,6.0,3.0,1.0,,,,,13.115542071468795,7.676065319828061,45.01308782381081,16.21768744398613,412,16,0,1.1927324507682884,1.417003747744393,8.317947102500712,7.600632959736285,28,39.56703757561988,3.0,2.0021411313151307,1.9869882997684423,ZINCf50000009BRA_m02_t01,SER20;LEU26;LEU22,1.0,0.45990942123798284
826,native_first,ZINCf5000002qFjz,C#CCCCCC[C@@H](N)C(=O)NNC=O,1076,1267,1267,0,0,1,14.285714285714286,17.040662921434695,0.7352081082882229,12.528433550445264,4,211.26500000000004,-0.32539999999999897,3.0,3.0,8.0,1.0,,,,21.514590157676757,9.0,5.0,4.0,5.0,3.0,1.0,,,,,11.429473310427065,6.421478799362728,51.92425636307879,13.95075252223949,1500,16,12,1.4787879318405475,1.1763239808016794,8.317947102500712,7.974446022117555,28,39.56703757561988,3.0,2.090330266866292,2.042049403324062,ZINCf5000002qFjz_m01_t03,SER20;LEU26;LEU22,2.0,36.34887795926723
827,native_first,ZINCf500000099NR,CC[S@](=O)CCNC(=O)CCC[N+](=O)[O-],1237,597,597,0,1,1,10.714285714285714,15.315268646616897,0.7699621537725484,11.792177232754328,3,236.29299999999995,-0.07189999999999985,1.0,4.0,8.0,1.0,,,,37.759281691645754,11.0,9.0,2.0,9.0,3.0,1.0,,,,,16.031432950877896,9.376352132764252,55.23755008586148,21.46339513606986,1293,16,8,0.7381032150411507,1.202135216698162,7.259444124724703,5.590623670086856,28,39.42785961976958,3.0,0.3406657571344034,0.46463001336543847,ZINCf500000099NR_m01_t03,GLU17;LEU26;LEU22,2.0,-51.38115433577461
828,native_first,ZINCf500000093MB,CCSC[C@H](N)C(=O)N[C@H]1C[C@H](CO)C1,1145,892,892,0,1,1,10.714285714285714,15.48021141629053,0.7912225448339815,12.248292271365445,3,232.349,-0.04609999999999975,3.0,4.0,6.0,1.0,,,,22.51012039351548,9.0,6.0,3.0,6.0,3.0,1.0,,,,,9.597881674785194,5.383224740573259,44.21442539109506,12.825941354467766,1429,16,14,0.6849751963475548,1.136023916735003,8.622706883572002,7.08243413725149,28,39.42785961976958,3.0,0.3732299641073555,0.5308495007357158,ZINCf500000093MB_m01_t02,GLU17;LEU26;LEU22,2.0,41.629635936006984
829,native_first,ZINCf50000017Tzi,C[C@@H]1C[C@H]1NC(=O)C(=O)N[C@@H]1C[C@H]1CF,1238,1411,1411,0,0,1,10.714285714285714,15.48021141629053,0.7617191650750833,11.791573715202595,3,214.23999999999995,-0.014800000000000368,2.0,2.0,3.0,1.0,,,,17.870643155424844,7.0,3.0,4.0,3.0,3.0,1.0,,,,,3.4219029981125826,1.818971192582777,28.811149032992034,7.034088037440648,370,16,4,1.0576392981394036,1.2285589355481177,8.622706883572002,7.657209696559395,28,39.42785961976958,3.0,0.40179471863150323,0.5516159712593048,ZINCf50000017Tzi_m01_t04,GLU17;LEU26;LEU22,1.0,47.79142898969474
830,native_first,ZINCf5000001omOP,CSCC[C@@H](N)C(=O)NCCS(=O)(=O)O,481,439,439,1,1,1,14.285714285714286,17.040662921434695,0.8422447439489564,14.352408778984241,4,256.349,-0.929199999999998,3.0,5.0,7.0,1.0,,,,23.707739270531132,9.0,5.0,4.0,5.0,3.0,1.0,,,,,8.414726321894513,4.771842660294368,35.56705786832005,12.237979559053668,180,16,4,0.9390818909937716,0.9049546245396402,8.317947102500712,8.61272009737864,28,39.42785961976958,3.0,0.5948720076361688,0.7683149686207873,ZINCf5000001omOP_m01_t02,GLU17;LEU26;LEU22,1.0,-43.10279404243403
831,native_first,ZINCf50000017Phe,CSCC[C@H](O)C(=O)NCC[S@](C)(=N)=O,155,437,437,1,1,1,17.857142857142858,20.731008121704747,0.7473905348898502,15.494159248886739,5,254.37699999999998,-0.10683000000000015,3.0,5.0,7.0,1.0,,,,23.707739270531132,9.0,5.0,4.0,5.0,3.0,1.0,,,,,8.417233362748702,4.771842660294368,35.656836461126,12.239859839694311,1127,16,12,1.2377499542674524,1.28284042458064,8.622706883572002,8.552867576982644,28,39.42785961976958,3.0,0.5980127370607794,0.8007019094817687,ZINCf50000017Phe_m01_t04,GLU17;LEU26;LEU22,1.0,-3.3121897368302697
832,native_first,ZINCf5000002eal0,CSCCCCNC(=O)[C@@H](O)CC(N)=O,1132,749,749,0,1,1,14.285714285714286,15.271461914042177,0.8056767650266985,12.303862032133935,4,234.321,-0.5179,3.0,4.0,8.0,1.0,,,,25.524123561538133,10.0,6.0,4.0,6.0,3.0,1.0,,,,,12.619851612720758,7.366935018490625,43.97768047193335,15.845919599925102,799,16,7,1.264851088006141,0.9046320586800416,10.950081780516529,10.79202830977283,28,39.42785961976958,3.0,0.6409423496557405,0.964257298803878,ZINCf5000002eal0_m01_t05,GLU17;LEU26;LEU22,3.0,-24.39078409560564
833,native_first,ZINCf50000017Pfp,CSCC[C@@H](O)C(=O)NCC[S@@](C)(=N)=O,700,438,438,1,1,1,14.285714285714286,17.205605691108325,0.7944827900915645,13.669557614687044,4,254.37699999999998,-0.10683000000000015,3.0,5.0,7.0,1.0,,,,23.707739270531132,9.0,5.0,4.0,5.0,3.0,1.0,,,,,8.417233362748702,4.771842660294368,35.656836461126,12.239859839694311,380,16,13,1.399121897584243,0.7919098207830454,8.622706883572002,7.755147868862564,28,39.42785961976958,3.0,0.6434172537034658,0.9441945892008206,ZINCf50000017Pfp_m01_t04,GLU17;LEU26;LEU22,1.0,-4.356876337937358
834,native_first,ZINCf50000008GEg,C=CCS(=O)(=O)CCNCCS(C)(=O)=O,390,1074,1074,1,0,1,14.285714285714286,17.205605691108325,0.8503891626660519,14.631460616823865,4,255.36099999999996,-0.7785999999999984,1.0,5.0,8.0,1.0,,,,18.629680137681053,8.0,5.0,3.0,5.0,3.0,1.0,,,,,7.417407845146162,4.045661478995326,44.528339877177096,10.220475918279885,246,16,2,0.7551092634181188,0.9440304984182286,8.622706883572002,8.065039995649553,28,39.42785961976958,3.0,0.6563211121451141,0.867761236611785,ZINCf50000008GEg_m01_t01,GLU17;LEU26;LEU22,3.0,51.32938020731545
835,native_first,ZINCf50000009GLl,CSCCS(=O)(=O)NC(=O)[C@H](N)CCF,444,1048,1048,1,0,1,14.285714285714286,17.205605691108325,0.838819660703883,14.432400328020284,4,258.34,-0.5176999999999994,2.0,5.0,7.0,1.0,,,,19.698205866669763,8.0,4.0,4.0,4.0,3.0,1.0,,,,,7.705669431328693,4.252573335066446,40.98793907068378,10.703803540163962,1264,16,0,1.426815074379324,0.5214137100212998,8.622706883572002,8.45325551631083,28,39.42785961976958,3.0,0.6686272178746386,1.049687158052256,ZINCf50000009GLl_m01_t05,GLU17;LEU26;LEU22,1.0,-119.21414776033679
836,native_first,ZINCf5000000Ybpl,CSCC(=O)N[C@H]1[C@@H]2CN(C(C)=O)C[C@@H]21,364,1080,1080,1,0,1,14.285714285714286,17.205605691108325,0.8550940354903065,14.7124108034648,4,228.31699999999998,-0.05770000000000031,1.0,3.0,3.0,1.0,,,,18.629680137681053,8.0,5.0,3.0,5.0,3.0,1.0,,,,,6.250528699971676,3.394195735139631,39.44410921707649,9.345316559399022,932,16,0,0.6583988523208075,0.8691364184645268,8.622706883572002,7.489061292096001,28,39.42785961976958,3.0,0.6864032649854466,1.0381257513896536,ZINCf5000000Ybpl_m01_t03,GLU17;LEU26;LEU22,2.0,-69.28087684455627
837,native_first,ZINCf50000017zcf,CCSC[C@H](N)C(=O)NCCCONC,1088,742,742,0,1,1,14.285714285714286,17.040662921434695,0.7323167292352857,12.479162534626063,4,235.35299999999998,-0.2758999999999985,3.0,5.0,9.0,1.0,,,,25.524123561538133,10.0,6.0,4.0,6.0,3.0,1.0,,,,,14.635874507456409,8.512973049030725,52.130156151277184,17.35793677097684,1189,16,15,1.2952335154007986,1.3094840681066533,8.317947102500712,7.780761905800895,28,39.42785961976958,3.0,0.6875027736399852,0.95848372222563,ZINCf50000017zcf_m01_t01,GLU17;LEU26;LEU22,2.0,-8.982889304887411
838,native_first,ZINCf5000000S6ek,CSCCONC(=O)NCC[C@@H](O)CO,474,299,299,1,1,1,14.285714285714286,19.005613846886952,0.7562729986910863,14.373432575950028,4,238.309,-0.6764999999999999,4.0,5.0,8.0,1.0,,,,25.524123561538133,10.0,6.0,4.0,6.0,3.0,1.0,,,,,10.634413390404955,6.205588983547081,37.14211744639376,14.356840933188247,1369,16,14,1.2479722167266445,1.1412701804667673,8.622706883572002,7.694069526218095,28,39.42785961976958,3.0,0.7140401794337854,1.0342165045365788,ZINCf5000000S6ek_m01_t01,GLU17;LEU26;LEU22,3.0,-45.8921172102432
839,native_first,ZINCf5000002dpJh,CCCC[C@@H](C)NC(=O)[C@H](O)CC(N)=O,928,814,814,0,1,1,14.285714285714286,17.040662921434695,0.7633454090778865,13.007911808720939,4,216.28099999999998,-0.08239999999999947,3.0,3.0,7.0,1.0,,,,23.707739270531132,9.0,5.0,4.0,5.0,3.0,1.0,,,,,10.098341091816962,5.75548993654217,41.14349775784754,13.500690636495506,499,16,7,1.6094369981358811,0.8804535784830789,8.317947102500712,8.806122334764307,28,39.42785961976958,3.0,0.7391025999025618,1.0736970313286136,ZINCf5000002dpJh_m01_t02,GLU17;LEU26;LEU22,3.0,-24.04444299028464
840,native_first,ZINCf50000017uV0,CC1CC(NS(=O)(=O)CCCNC=O)C1,657,951,951,1,0,1,14.285714285714286,17.040662921434695,0.8097524361505524,13.798718314252133,4,234.32099999999994,-0.1596000000000002,2.0,3.0,7.0,1.0,,,,21.514590157676757,9.0,5.0,4.0,5.0,3.0,1.0,,,,,9.809903683206532,5.517383625441761,44.188596491228076,12.736075301824087,1273,16,13,1.0757571669694288,0.9986956294102134,8.317947102500712,7.877567097510086,28,39.42785961976958,3.0,0.7639549240923799,1.1691291199075133,ZINCf50000017uV0_m01_t01,GLU17;LEU26;LEU22,3.0,-84.65788820653813
841,native_first,ZINCf5000002s7Vj,COC[C@@H](O)CCNS(=O)(=O)CCSC,463,955,955,1,0,1,14.285714285714286,17.205605691108325,0.8364206579759484,14.391124033031549,4,257.37699999999995,-0.3337999999999992,2.0,5.0,9.0,1.0,,,,21.514590157676757,9.0,5.0,4.0,5.0,3.0,1.0,,,,,9.082772605303651,5.102082027316101,41.324598021026596,12.190726993396927,1103,16,8,0.8997407024579703,0.9300707018199305,8.622706883572002,7.970279815804105,28,39.42785961976958,3.0,0.7969253195437728,1.271289029702979,ZINCf5000002s7Vj_m01_t01,GLU17;LEU26;LEU22,0.0,-51.1955528153853
842,native_first,ZINCf50000008Uyb,CCCOCC(=O)NS(=O)(=O)CCOC,833,304,304,1,1,1,14.285714285714286,17.205605691108325,0.7732513608049777,13.30425801412338,4,239.29299999999995,-0.49459999999999904,1.0,5.0,8.0,1.0,,,,25.512219285599485,10.0,6.0,4.0,6.0,3.0,1.0,,,,,9.605799632451971,5.566504255879186,35.01205713225745,13.58240454573885,1193,16,10,1.1785510775288186,1.16702486212934,8.622706883572002,8.588224499040907,28,39.42785961976958,3.0,0.7975516801975804,0.9909614548133044,ZINCf50000008Uyb_m01_t01,GLU17;LEU26;LEU22,3.0,-76.45542945402102
843,native_first,ZINCf5000002rPbO,CCSC[C@H](N)C(=O)NCC[S@](C)(=N)=O,786,296,296,1,1,1,14.285714285714286,17.040662921434695,0.788439181959971,13.43552633383158,4,253.393,-0.14042999999999867,3.0,5.0,7.0,1.0,,,,25.524123561538133,10.0,6.0,4.0,6.0,3.0,1.0,,,,,11.4297630963917,6.629721900462695,41.41495864796836,14.953353212678309,324,16,9,1.3006698059135027,0.9718433692122844,8.317947102500712,8.71660665083951,28,39.42785961976958,3.0,0.8035899922643014,1.2369937863596203,ZINCf5000002rPbO_m02_t02,GLU17;LEU26;LEU22,0.0,10.67976049450786
844,native_first,ZINCf50000008Nsv,CC(C)C[C@H](N)CC(=O)NCCC(N)=O,1058,811,811,0,1,1,14.285714285714286,17.040662921434695,0.7403661948654684,12.616330765127682,4,215.29699999999997,-0.2584999999999983,3.0,3.0,7.0,1.0,,,,23.707739270531132,9.0,5.0,4.0,5.0,3.0,1.0,,,,,11.460982082697079,6.6001180106682655,43.49211612142644,14.522671379655595,1347,16,6,0.9924275443283118,1.2900590766823004,8.317947102500712,6.83972889575576,28,39.42785961976958,3.0,0.8095944269417484,1.1281856871504885,ZINCf50000008Nsv_m02_t02,GLU17;LEU26;LEU22,0.0,-108.53715029230295
845,native_first,ZINCf50000009GGs,CSCCNC(=O)N1CCNC(=O)[C@@H]1C,857,963,963,1,0,1,14.285714285714286,17.040662921434695,0.7747803709645833,13.202771139751592,4,231.32099999999997,-0.12069999999999936,2.0,3.0,3.0,1.0,,,,21.514590157676757,9.0,5.0,4.0,5.0,3.0,1.0,,,,,6.891179617434857,3.863480247527075,31.855163293468262,10.547032252495333,1305,16,4,0.9828516237785625,1.1980707625102696,8.317947102500712,7.360034396985916,28,39.42785961976958,3.0,0.8096850727233118,0.9074745315637384,ZINCf50000009GGs_m01_t04,GLU17;LEU26;LEU22,3.0,-28.682481504751088
846,native_first,ZINCf5000001DljD,CCCCS(=O)(=O)NCC(O)CC(=O)O,544,431,431,1,1,1,14.285714285714286,17.205605691108325,0.8200156625848215,14.10886615096737,4,239.29299999999998,-0.4584999999999993,3.0,4.0,8.0,1.0,,,,23.707739270531132,9.0,5.0,4.0,5.0,3.0,1.0,,,,,9.542451369684732,5.423073357578558,39.69440710872162,13.083773344896333,1000,16,8,0.8793561507704113,1.038091564070685,8.622706883572002,9.287255468213514,28,39.42785961976958,3.0,0.8108656270558078,1.2335125303745669,ZINCf5000001DljD_m02_t02,GLU17;LEU26;LEU22,3.0,-81.35451674681877
847,native_first,ZINCf5000001zmj8,CCOCCS(=O)(=O)NOC(C)C(=O)O,4,209,209,1,1,1,17.857142857142858,20.731008121704747,0.8335615433840182,17.280571125834825,5,241.26500000000001,-0.6529999999999994,2.0,5.0,8.0,1.0,,,,26.580745014588192,10.0,5.0,5.0,5.0,3.0,1.0,,,,,11.664296713435723,6.988807525437806,35.23921603457974,15.393408788723839,809,16,3,1.1202146957365706,0.8311928815878359,8.622706883572002,8.325622173393134,28,39.42785961976958,3.0,0.8146724223314851,1.2012565268823407,ZINCf5000001zmj8_m01_t02,GLU17;LEU26;LEU22,2.0,-9.42379052437649
848,native_first,ZINCf5000002s5p1,COCC[C@@H](O)CNS(=O)(=O)CCSC,336,942,942,1,0,1,14.285714285714286,17.205605691108325,0.8590677036646315,14.780780171219543,4,257.37699999999995,-0.3337999999999992,2.0,5.0,9.0,1.0,,,,21.514590157676757,9.0,5.0,4.0,5.0,3.0,1.0,,,,,10.523651217528576,5.9067947833332575,48.18916202844775,13.271385952565623,853,16,6,0.6884235840269375,0.8926076397393469,8.622706883572002,7.808420288557883,28,39.42785961976958,3.0,0.8266275753282025,1.0857253380664258,ZINCf5000002s5p1_m01_t01,GLU17;LEU26;LEU22,2.0,-49.48950337081574
849,native_first,ZINCf5000002r3js,C=C[C@H](C)CCNC(=O)[C@H](N)CC(N)=O,816,288,288,1,1,1,10.714285714285714,13.515260490838273,0.9876081954461351,13.347782024341232,3,213.28099999999998,-0.482499999999999,3.0,3.0,7.0,1.0,,,,25.524123561538133,10.0,6.0,4.0,6.0,3.0,1.0,,,,,12.612431773681735,7.366935018490625,43.79810004810004,15.840354720645832,1445,16,14,0.16166756770153054,0.22617179764758286,8.317947102500712,8.685641383235192,28,39.42785961976958,3.0,0.8266924991415321,1.2084598080863087,ZINCf5000002r3js_m01_t04,GLU17;LEU26;LEU22,0.0,-25.322755669727897
850,native_first,ZINCf5000002qOjM,CCCCCS(=O)(=O)NC[C@@H](CN)CO,805,975,975,1,0,1,14.285714285714286,17.205605691108325,0.777257100830211,13.373179197498636,4,238.35299999999998,-0.33679999999999854,3.0,4.0,9.0,1.0,,,,20.69373610250848,8.0,5.0,3.0,5.0,3.0,1.0,,,,,6.72372051936886,3.6824793948621726,38.61273322888478,10.216224415153766,710,16,11,1.3576433342625707,0.8961643182621527,8.622706883572002,7.531843141157278,28,39.42785961976958,3.0,0.8523482404014273,1.3447386117557276,ZINCf5000002qOjM_m02_t01,GLU17;LEU26;LEU22,2.0,-87.59741554763062
851,native_first,ZINCf50000017ow7,C=C=CCC(=O)NCCCNS(C)(=O)=O,388,1034,1034,1,0,1,14.285714285714286,17.205605691108325,0.8508452701212059,14.63930822185002,4,232.305,-0.22689999999999944,2.0,3.0,7.0,1.0,,,,19.698205866669763,8.0,4.0,4.0,4.0,3.0,1.0,,,,,8.433911929058151,4.628403642985255,47.43683187560738,11.249985413461053,773,16,4,0.7510926626080437,0.7506633588655017,8.622706883572002,7.137573119287421,28,39.42785961976958,3.0,0.8657634938834433,1.3813176284053637,ZINCf50000017ow7_m01_t01,GLU17;LEU26;LEU22,2.0,-111.07348731649103
852,native_first,ZINCf5000000938H,CCS(=O)(=O)CCN1CC(C(=O)OC)C1,148,1096,1096,1,0,1,14.285714285714286,17.205605691108325,0.9027720474861786,15.532739878001708,4,235.30499999999995,-0.4740999999999993,0.0,5.0,5.0,1.0,,,,18.419034538873326,8.0,5.0,3.0,5.0,3.0,1.0,,,,,7.520386006080493,4.082175788577383,47.672638187107644,10.245048139278701,999,16,10,0.6574046635409984,0.6694255464891699,8.622706883572002,8.017565730069517,28,39.42785961976958,3.0,0.873873524464852,1.3712785276741835,ZINCf5000000938H_m01_t02,GLU17;LEU26;LEU22,3.0,-14.044465336855971
853,native_first,ZINCf50000008VnP,CCC[C@H](N)C(=O)NS(=O)(=O)CCOC,1192,796,796,0,1,1,10.714285714285714,15.315268646616897,0.784582584185609,12.016093052259519,3,238.30899999999994,-0.7937999999999981,2.0,5.0,7.0,1.0,,,,24.512170865663283,10.0,5.0,5.0,5.0,3.0,1.0,,,,,10.379215005586994,6.053475338990908,36.365702855064576,13.912453970606068,1342,16,12,1.1816988865170384,1.0579282926030111,7.259444124724703,6.627909949379543,28,39.42785961976958,3.0,0.8829878750768325,1.3908821815450192,ZINCf50000008VnP_m01_t05,GLU17;LEU26;LEU22,2.0,-35.83688360568017
854,native_first,ZINCf50000026oVS,CC(I)=CC(=O)NC[C@@H](O)CS(C)(=O)=O,466,1038,1038,1,0,1,14.285714285714286,17.205605691108325,0.8360487576755798,14.384725263107,4,347.1740000000001,-0.1530999999999998,2.0,4.0,5.0,1.0,,,,19.698205866669763,8.0,4.0,4.0,4.0,3.0,1.0,,,,,8.296501949225636,4.570688071271543,44.88327705182792,11.146927928586667,681,16,8,0.8550557415719054,0.9032669338063334,8.622706883572002,7.628632580765889,28,39.42785961976958,3.0,0.8830793643350703,1.4351330582834911,ZINCf50000026oVS_m01_t02,GLU17;LEU26;LEU22,2.0,-18.527846726507747
855,native_first,ZINCf50000017p42,C=CCNC(=O)CNS(=O)(=O)C[C@H](C)F,471,1047,1047,1,0,1,14.285714285714286,19.005613846886952,0.7563849145040759,14.375559604675068,4,238.28399999999996,-0.4339999999999997,2.0,3.0,7.0,1.0,,,,19.698205866669763,8.0,4.0,4.0,4.0,3.0,1.0,,,,,7.707612376268404,4.252573335066446,41.09815354713313,10.705260748868744,325,16,4,1.1051991268113,1.0850604212207102,8.622706883572002,7.01199096470734,28,39.42785961976958,3.0,0.8878155849753728,1.1774283647095312,ZINCf50000017p42_m01_t03,GLU17;LEU26;LEU22,1.0,-98.21105664230178
856,native_first,ZINCf50000008UwP,CCCOCC(=O)NCC1(C(N)=O)CC1,101,967,967,1,0,1,17.857142857142858,20.731008121704747,0.7623827575500053,15.80496313861682,5,214.26499999999993,-0.20529999999999982,2.0,3.0,7.0,1.0,,,,20.868223863411366,8.0,3.0,5.0,3.0,3.0,1.0,,,,,6.047824939689419,3.3424879051842367,31.72683683542519,9.752924670619906,674,16,4,1.4586766917699774,1.0280657706852372,8.622706883572002,8.814716082029065,28,39.42785961976958,3.0,0.895392454415538,1.3316378298622913,ZINCf50000008UwP_m01_t03,GLU17;LEU26;LEU22,0.0,-6.881376862028079
857,native_first,ZINCf50000008UZh,CCC[C@@H](N)CC(=O)N[C@H](CC)C(N)=O,1084,750,750,0,1,1,14.285714285714286,17.040662921434695,0.7329806081644266,12.490475471678197,4,215.29699999999997,-0.11599999999999866,3.0,3.0,7.0,1.0,,,,25.524123561538133,10.0,6.0,4.0,6.0,3.0,1.0,,,,,9.739149619083706,5.654710271234039,35.07169913419913,13.685393104697313,350,16,0,1.2448393744328166,1.284525346154129,8.317947102500712,7.371943968048146,28,39.42785961976958,3.0,0.8961529745433698,1.2883204182089727,ZINCf50000008UZh_m01_t01,GLU17;LEU26;LEU22,1.0,-87.00544369808934
858,native_first,ZINCf50000008FIr,C=CCCS(=O)(=O)NC[C@H](O)CC(=O)O,88,430,430,1,1,1,14.285714285714286,17.205605691108325,0.922162548003982,15.866365184064266,4,237.27699999999996,-0.6824999999999999,3.0,4.0,8.0,1.0,,,,23.707739270531132,9.0,5.0,4.0,5.0,3.0,1.0,,,,,9.542451369684732,5.423073357578558,39.69440710872162,13.083773344896333,998,16,10,0.5730189042215577,0.6331021825719231,8.622706883572002,8.68854981779386,28,39.42785961976958,3.0,0.9004659791510746,1.4224366215397268,ZINCf50000008FIr_m01_t01,GLU17;LEU26;LEU22,0.0,-90.15798398707467
859,native_first,ZINCf50000008TBd,CCCCOCCS(=O)(=O)C[C@H](O)CO,291,941,941,1,0,1,17.857142857142858,20.731008121704747,0.7205027902312934,14.936749195995874,5,240.32099999999997,-0.42889999999999995,2.0,5.0,9.0,1.0,,,,21.514590157676757,9.0,5.0,4.0,5.0,3.0,1.0,,,,,10.564217357014098,5.952208718787471,46.91868592730662,13.301810557179763,953,16,0,1.66825256672114,1.1360650250504765,8.622706883572002,8.448052834765306,28,39.42785961976958,3.0,0.9014955679930002,1.3922986811637479,ZINCf50000008TBd_m01_t01,GLU17;LEU26;LEU22,0.0,9.61337197084115
860,native_first,ZINCf50000008N7s,CC(C)CCOCCS(=O)(=O)CC(N)=O,1043,1256,1256,0,0,1,10.714285714285714,13.515260490838273,0.9363041604107677,12.654394626607148,3,237.32099999999997,-0.05079999999999896,1.0,4.0,8.0,1.0,,,,21.627260845667575,9.0,5.0,4.0,5.0,3.0,1.0,,,,,9.293382562975562,5.222126009706708,42.16917438271605,12.376852133648567,1343,16,4,0.5505311971131592,0.5414212940434462,8.317947102500712,8.494159307945923,28,39.42785961976958,3.0,0.9163979198874794,1.3624866754376417,ZINCf50000008N7s_m01_t03,GLU17;LEU26;LEU22,2.0,-37.56837455093821
861,native_first,ZINCf5000000alwZ,NS(=O)(=O)CCCNC(=O)NCC=CBr,204,1029,1029,1,0,1,14.285714285714286,17.205605691108325,0.8860189097783258,15.244491996511554,4,300.178,-0.12719999999999976,3.0,3.0,6.0,1.0,,,,19.698205866669763,8.0,4.0,4.0,4.0,3.0,1.0,,,,,8.657043400136857,4.776750283872622,46.12884587606529,11.417334016770084,400,16,1,0.8557083868068563,0.65091486725041,8.622706883572002,8.020429787671487,28,39.42785961976958,3.0,0.9237590879684986,1.5131465995379214,ZINCf5000000alwZ_m01_t01,GLU17;LEU26;LEU22,1.0,-207.38351881988015
862,native_first,ZINCf50000017Pky,CSC[C@H](C)OC(=O)[C@@H]1CCS(=O)(=O)N1,961,1422,1422,0,0,1,14.285714285714286,17.205605691108325,0.749379484168071,12.893527917601983,4,253.34499999999997,-0.027200000000000057,1.0,5.0,4.0,1.0,,,,16.813295846674055,7.0,4.0,3.0,4.0,3.0,1.0,,,,,6.306336889701483,3.373540479829281,48.26992403759494,8.933076628944626,978,16,12,1.2976081848046648,1.1922506407077147,8.622706883572002,7.992150889719782,28,39.42785961976958,3.0,0.9278127645692581,1.4351773347262553,ZINCf50000017Pky_m01_t01,GLU17;LEU26;LEU22,1.0,-30.566201124183603
863,native_first,ZINCf50000008Ttc,CCCCC[C@@H](O)CC(=O)NCC(N)=O,435,290,290,1,1,1,14.285714285714286,17.205605691108325,0.840563467325548,14.462403577154195,4,216.28099999999998,-0.08079999999999965,3.0,3.0,8.0,1.0,,,,25.524123561538133,10.0,6.0,4.0,6.0,3.0,1.0,,,,,12.361576527275613,7.188220076241876,44.10111506091818,15.652213285841244,309,16,0,0.9840759758405063,0.8892190946465588,8.622706883572002,8.844970885083281,28,39.42785961976958,3.0,0.9306719267629046,1.4928973300043655,ZINCf50000008Ttc_m01_t03,GLU17;LEU26;LEU22,3.0,-40.57110770559675
864,native_first,ZINCf50000017vxD,CCCC(=O)NCCCNS(=O)(=O)NC,80,953,953,1,0,1,14.285714285714286,17.205605691108325,0.9246108589546161,15.9084898568901,4,237.32500000000002,-0.6533999999999986,3.0,3.0,8.0,1.0,,,,21.514590157676757,9.0,5.0,4.0,5.0,3.0,1.0,,,,,9.594808580017533,5.370510088811754,44.95593692022263,12.57475397443234,1056,16,1,0.7434139864302081,0.4435907808735428,8.622706883572002,9.217757263980847,28,39.42785961976958,3.0,0.9499449415355378,1.383810199481432,ZINCf50000017vxD_m01_t03,GLU17;LEU26;LEU22,3.0,-223.69819534362108
865,native_first,ZINCf50000009Hvj,CS[C@H](C)[C@@H](N)C(=O)NCC1(CO)CC1,971,1303,1303,0,0,1,10.714285714285714,15.315268646616897,0.8398702249307072,12.86283812310834,3,232.34899999999996,-0.04609999999999981,3.0,4.0,6.0,1.0,,,,20.69373610250848,8.0,5.0,3.0,5.0,3.0,1.0,,,,,5.195576105674375,2.8317557989536297,31.441519205869657,9.070116104882901,931,16,6,0.9728500051049288,0.8550195656984657,7.259444124724703,6.563733622035721,28,39.42785961976958,3.0,0.9884142850723457,1.1858708194406644,ZINCf50000009Hvj_m01_t03,GLU17;LEU26;LEU22,0.0,3.9190816144500333
866,native_first,CHEMBL199341,C=C(C(=O)O)C(CCCCCC)C(=O)O,1201,1269,1269,0,0,1,14.285714285714286,17.040662921434695,0.7022582725622483,11.966946506522284,4,214.26099999999997,2.2984,2.0,2.0,8.0,1.0,,,,21.514590157676757,9.0,5.0,4.0,5.0,3.0,1.0,,,,,10.457921589189711,5.916136670841878,45.01794631710363,13.222088731311473,27,16,8,1.2841594357208461,1.369004433665806,8.317947102500712,6.959006426949835,28,39.42785961976958,3.0,0.9908701697964418,1.4638506488094116,CHEMBL199341_m01_t02,GLU17;LEU26;LEU22,2.0,-35.008927240637014
867,native_first,ZINCf50000009fa4,CN(CCOC1CC1)[C@H](CCO)C(=O)O,140,391,391,1,1,1,17.857142857142858,20.731008121704747,0.7512381267076722,15.573923706111012,5,217.26499999999996,-0.06720000000000015,2.0,4.0,8.0,1.0,,,,24.512170865663283,10.0,5.0,5.0,5.0,3.0,1.0,,,,,7.877377652797343,4.575058781538111,28.316441964977525,12.036075956013828,127,16,2,1.382582706107647,1.1420759547701507,8.622706883572002,9.028679534258327,28,39.42785961976958,3.0,0.9915668874295509,1.5152680646416863,ZINCf50000009fa4_m01_t02,GLU17;LEU26;LEU22,1.0,47.68537267778174
868,native_first,ZINCf5000001TMFr,CC(CC#N)NCCS(=O)(=O)CCCO,1082,1266,1266,0,0,1,10.714285714285714,15.315268646616897,0.8165067373111513,12.505020033692935,3,234.32099999999997,-0.32461999999999963,2.0,5.0,8.0,1.0,,,,21.514590157676757,9.0,5.0,4.0,5.0,3.0,1.0,,,,,11.708639881998613,6.66301367419809,48.23508853681267,14.16012745091815,902,16,12,0.9366846540832111,0.8380825318906941,7.259444124724703,5.719757731879318,28,39.42785961976958,3.0,0.9993767910671189,1.6287523408096192,ZINCf5000001TMFr_m01_t01,GLU17;LEU26;LEU22,2.0,5.195436616550487
869,native_first,ZINCf5000002r56C,CC[C@@H](CC(=O)OCCS(N)(=O)=O)OC,175,452,452,1,1,1,14.285714285714286,17.205605691108325,0.8934817825600964,15.372895242917604,4,239.29299999999998,-0.3667999999999991,1.0,5.0,7.0,1.0,,,,23.42766873676358,10.0,6.0,4.0,6.0,3.0,1.0,,,,,12.13992100848894,7.055561056454773,43.45267142142142,14.9618579405576,1093,16,6,0.7071945004959882,0.6716720930022685,8.622706883572002,7.842572986147359,28,39.42785961976958,3.0,1.0001193773256436,1.6150117089189282,ZINCf5000002r56C_m01_t02,GLU17;LEU26;LEU22,0.0,-107.42132666357725
870,native_first,ZINCf50000008FqZ,C=CC=CCCNC(=O)CS(=O)(=O)NC,998,828,828,0,1,1,10.714285714285714,13.515260490838273,0.9460276252525675,12.78580978681758,3,232.305,-0.21589999999999954,2.0,3.0,7.0,1.0,,,,23.314998048772765,10.0,6.0,4.0,6.0,3.0,1.0,,,,,10.420528731030771,5.987063296533853,40.157344844844836,13.64414606046627,425,16,4,0.3898147277624016,0.5453748236725385,8.317947102500712,8.601405063919785,28,39.42785961976958,3.0,1.0156664078332251,1.6605429625957768,ZINCf50000008FqZ_m01_t01,GLU17;LEU26;LEU22,3.0,-74.7883400278044
871,native_first,ZINCf5000002ry71,C[C@@H](C[S@](C)=O)C(=O)N(C)CCC(=O)O,130,490,490,1,1,1,17.857142857142858,20.731008121704747,0.7530918304220602,15.612352852869224,5,235.30499999999995,-0.06589999999999968,1.0,3.0,6.0,1.0,,,,22.950799465894235,8.0,5.0,3.0,5.0,3.0,1.0,,,,,10.630778761798025,5.84727954294543,58.434183986670185,13.710783937822077,885,16,3,1.8132909209398935,0.7966132582376562,8.622706883572002,8.815182030289124,28,39.42785961976958,3.0,1.0176156015879572,1.6385338980730484,ZINCf5000002ry71_m02_t01,GLU17;LEU26;LEU22,0.0,-106.09365541599811
872,native_first,ZINCf5000002dm5C,CCC1(CNC(=O)CCS(N)(=O)=O)N=N1,880,555,555,1,1,1,14.285714285714286,17.040662921434695,0.7702283325175352,13.125201386970035,4,234.28099999999998,-0.6466999999999987,2.0,5.0,6.0,1.0,,,,22.695786574656285,9.0,4.0,5.0,4.0,3.0,1.0,,,,,12.043645907854163,6.934098949591144,45.77114427860697,14.706681074554695,813,16,2,1.229656427927865,1.1208457677573003,8.317947102500712,8.870935324771612,28,39.42785961976958,3.0,1.0241698365231051,1.4260625384656767,ZINCf5000002dm5C_m01_t02,GLU17;LEU26;LEU22,3.0,-126.60670067980277
873,native_first,ZINCf5000000VZc5,CSCC(=O)N[C@H](CCC(=O)O)C(=O)O,252,197,197,1,1,1,17.857142857142858,20.731008121704747,0.7268975836397238,15.06931971008267,5,235.26099999999997,-0.2164000000000002,3.0,4.0,7.0,1.0,,,,26.705319978517654,10.0,5.0,5.0,5.0,3.0,1.0,,,,,10.158778521091346,5.97250693708701,33.9671785606745,14.295413885447921,549,16,0,1.5338733287501578,1.1425714939105809,8.622706883572002,9.39668164002675,28,39.42785961976958,3.0,1.0283567993944693,1.4574445967748784,ZINCf5000000VZc5_m01_t02,GLU17;LEU26;LEU22,2.0,-42.33914374364536
874,native_first,ZINCf50000008UKF,CCCS(=O)(=O)NC(=O)C[C@@H](N)COC,121,386,386,1,1,1,17.857142857142858,20.731008121704747,0.7553012450330662,15.658156245114203,5,238.30899999999994,-0.793799999999999,2.0,5.0,7.0,1.0,,,,24.512170865663283,10.0,5.0,5.0,5.0,3.0,1.0,,,,,10.817073671284126,6.294167352379401,38.43841797643924,14.240847969878914,1296,16,12,1.5043274926445414,0.8844811084174069,8.622706883572002,9.88655363934632,28,39.42785961976958,3.0,1.0422547151575783,1.495716038099865,ZINCf50000008UKF_m02_t02,GLU17;LEU26;LEU22,2.0,-116.48083279981275
875,native_first,ZINCf50000009yJu,COC[C@H](C)NC(=O)CS(=O)(=O)C(C)C,207,456,456,1,1,1,14.285714285714286,17.205605691108325,0.8847175298650112,15.222100966868735,4,237.321,-0.03929999999999967,1.0,4.0,6.0,1.0,,,,23.42766873676358,10.0,6.0,4.0,6.0,3.0,1.0,,,,,10.089644517526635,5.817436911395491,37.98521697663328,13.424150572335869,1079,16,11,0.9897556555939898,0.5969995061849623,8.622706883572002,8.47519064963605,28,39.42785961976958,3.0,1.0456545577579075,1.5868542791903169,ZINCf50000009yJu_m01_t03,GLU17;LEU26;LEU22,2.0,-2.990135762741718
876,native_first,ZINCf500000181yj,N#CSCCCNC(=O)[C@@H](O)CCCO,1150,810,810,0,1,1,10.714285714285714,15.315268646616897,0.7986134681854821,12.230979810067094,3,232.30499999999998,-0.15962000000000037,3.0,5.0,8.0,1.0,,,,23.707739270531132,9.0,5.0,4.0,5.0,3.0,1.0,,,,,11.929811024964692,6.871000764088872,45.232408249924184,14.874293086356301,491,16,9,0.9664761167721835,1.0282995076905121,7.259444124724703,6.108586248877203,28,39.42785961976958,3.0,1.050279568095801,1.5296991231432806,ZINCf500000181yj_m01_t01,GLU17;LEU26;LEU22,0.0,9.079033532087077
877,native_first,ZINCf5000000SOTO,O=C1CC[C@H](C(=O)NCC2CSC2)CN1,578,1026,1026,1,0,1,14.285714285714286,17.205605691108325,0.8150324395863796,14.023126780985315,4,228.31699999999998,-0.008199999999999708,2.0,3.0,3.0,1.0,,,,19.698205866669763,8.0,4.0,4.0,4.0,3.0,1.0,,,,,8.989506254884475,4.940021016853792,49.8670024116896,11.666681157830796,258,16,10,1.1416365661907981,0.9401027215152995,8.622706883572002,8.562457804878013,28,39.42785961976958,3.0,1.0544941178107965,1.6593856618029585,ZINCf5000000SOTO_m01_t01,GLU17;LEU26;LEU22,0.0,-79.93188861091346
878,native_first,ZINCf5000002s57x,COCC[C@@H](N)CNS(=O)(=O)CCCCl,650,948,948,1,0,1,14.285714285714286,17.205605691108325,0.804071081181229,13.834529970427377,4,258.77099999999996,-0.10149999999999859,2.0,4.0,9.0,1.0,,,,21.514590157676757,9.0,5.0,4.0,5.0,3.0,1.0,,,,,10.201307530336171,5.743072082472479,45.59867216117216,13.029628187171319,1053,16,13,0.8955943917160359,0.9882945455120398,8.622706883572002,7.252787761074603,28,39.42785961976958,3.0,1.0552990007838614,1.493948634820114,ZINCf5000002s57x_m02_t01,GLU17;LEU26;LEU22,0.0,-66.06025072983839
879,native_first,ZINCf5000002r2En,CC[C@H](Br)C(=O)NCCC(=O)NC(N)=O,468,547,547,1,1,1,14.285714285714286,17.205605691108325,0.8357415117262876,14.379438910453288,4,280.122,-0.1388999999999997,3.0,3.0,5.0,1.0,,,,22.695786574656285,9.0,4.0,5.0,4.0,3.0,1.0,,,,,13.648189264920521,7.840062346930182,52.660460187708146,15.910088592354462,1174,16,0,0.8935143734470121,0.9074668200641683,8.622706883572002,7.770011774477828,28,39.42785961976958,3.0,1.055730052954978,1.5744253747143546,ZINCf5000002r2En_m01_t05,GLU17;LEU26;LEU22,1.0,-133.31306749754629
880,native_first,ZINCf5000002dmbV,CCC1(CNC(=O)CSCC(N)=O)N=N1,958,788,788,0,1,1,14.285714285714286,17.040662921434695,0.7571760766816736,12.902782294906789,4,230.29299999999995,-0.10679999999999945,2.0,5.0,7.0,1.0,,,,24.512170865663283,10.0,5.0,5.0,5.0,3.0,1.0,,,,,12.489405584027637,7.327797266688561,42.249237827884926,15.495096904436547,271,16,5,1.2679537622280257,1.1430845827051992,8.317947102500712,7.522917704070028,28,39.42785961976958,3.0,1.0685983036579667,1.6762135639057607,ZINCf5000002dmbV_m01_t07,GLU17;LEU26;LEU22,0.0,-39.22486476928279
881,native_first,ZINCf50000017TCM,C[C@@H]1C[C@H]1S(=O)(=O)NCCCS(C)(=O)=O,187,1118,1118,1,0,1,14.285714285714286,17.205605691108325,0.8908143934472937,15.327001197617967,4,255.36099999999996,-0.25109999999999943,1.0,4.0,6.0,1.0,,,,16.813295846674055,7.0,4.0,3.0,4.0,3.0,1.0,,,,,6.518709632811756,3.4942760183322834,48.480449090205184,9.092356186277332,780,16,14,0.7962434415252465,0.705112802176223,8.622706883572002,8.585932679855313,28,39.42785961976958,3.0,1.0778902977162532,1.6884772640507748,ZINCf50000017TCM_m01_t01,GLU17;LEU26;LEU22,3.0,-45.88307552517618
882,native_first,ZINCf5000001rTce,CC1CC1S(=O)(=O)NCCCS(C)(=O)=O,346,1119,1119,1,0,1,14.285714285714286,17.205605691108325,0.8574202717888344,14.752435107961615,4,255.36099999999996,-0.25109999999999943,1.0,4.0,6.0,1.0,,,,16.813295846674055,7.0,4.0,3.0,4.0,3.0,1.0,,,,,6.518709632811756,3.4942760183322834,48.480449090205184,9.092356186277332,83,16,8,1.0570341194575492,0.6992653490456294,8.622706883572002,9.16917329876364,28,39.42785961976958,3.0,1.0778902977162532,1.6884772640507748,ZINCf5000001rTce_m01_t01,GLU17;LEU26;LEU22,3.0,-45.88307552517618
883,native_first,ZINCf50000009nxl,CNS(=O)(=O)CCC(=O)NOCCSC,904,381,381,1,1,1,14.285714285714286,17.205605691108325,0.7597054530037476,13.071192465767307,4,256.349,-0.6634999999999995,2.0,5.0,8.0,1.0,,,,24.512170865663283,10.0,5.0,5.0,5.0,3.0,1.0,,,,,11.983815007284598,6.976340970838139,42.46258503401361,15.115903971879268,1407,16,1,1.1172915788839815,1.1096060763485314,8.622706883572002,7.217305661095968,28,39.42785961976958,3.0,1.081522436394405,1.7759861004830484,ZINCf50000009nxl_m01_t02,GLU17;LEU26;LEU22,1.0,-68.22989494495272
884,native_first,ZINCf5000002rwuL,C[C@@H](C#N)ONC(=O)[C@@H](N)CCC(=O)O,438,98,98,1,1,1,14.285714285714286,17.205605691108325,0.839492762465559,14.44398145152167,4,215.20899999999995,-0.8616199999999994,3.0,5.0,6.0,1.0,,,,28.76271570720465,10.0,5.0,5.0,5.0,3.0,1.0,,,,,9.44701268776203,5.6811933232258935,28.020797277027796,14.275938442622685,419,16,6,0.9594581200712977,0.9146415126894271,8.622706883572002,8.461924725555855,28,39.42785961976958,3.0,1.0885181623156353,1.606042444900746,ZINCf5000002rwuL_m01_t08,GLU17;LEU26;LEU22,1.0,33.91956162866767
885,native_first,ZINCf5000001QBG9,COCCS(=O)(=O)NC(CO)CCSC,1074,1275,1275,0,0,1,14.285714285714286,17.040662921434695,0.7354829685456185,12.53311735144204,4,257.37699999999995,-0.3337999999999992,2.0,5.0,9.0,1.0,,,,21.514590157676757,9.0,5.0,4.0,5.0,3.0,1.0,,,,,9.300247786680913,5.234468794343673,41.65507111935685,12.353833379429874,1003,16,8,1.2638612972063186,1.2885168229037862,8.317947102500712,7.5851850273088965,28,39.42785961976958,3.0,1.0955832627071924,1.601647666323214,ZINCf5000001QBG9_m01_t01,GLU17;LEU26;LEU22,0.0,-46.95334123507211
886,native_first,ZINCf5000001XJXt,COC(CCO)CNS(=O)(=O)CC1CC1,1035,1280,1280,0,0,1,14.285714285714286,19.005613846886952,0.6676527136246654,12.68914965897659,4,237.32099999999997,-0.2867999999999997,2.0,4.0,8.0,1.0,,,,21.514590157676757,9.0,5.0,4.0,5.0,3.0,1.0,,,,,8.860543010492668,5.0188809416196385,37.775482093663896,12.024054797288692,973,16,4,1.3394046372323298,1.564981855199721,8.622706883572002,7.291934102203117,28,39.42785961976958,3.0,1.09698593286937,1.6535572024737668,ZINCf5000001XJXt_m01_t01,GLU17;LEU26;LEU22,2.0,9.19638125202652
887,native_first,ZINCf50000017zkg,CC[C@@H](C)ONC(=O)CN(C)S(C)(=O)=O,1299,1259,1259,0,0,1,14.285714285714286,17.205605691108325,0.6669045242355731,11.474496277613467,4,238.30899999999997,-0.27589999999999937,1.0,4.0,6.0,1.0,,,,21.627260845667575,9.0,5.0,4.0,5.0,3.0,1.0,,,,,8.554654293833831,4.80315308342996,39.07121282527879,11.822805931792269,630,16,9,1.2788318776054337,1.4774108387781577,8.622706883572002,6.76946642481738,28,39.42785961976958,3.0,1.11067791581122,1.2368569596705796,ZINCf50000017zkg_m01_t01,GLU17;LEU26;LEU22,2.0,-33.5854752345725
888,native_first,ZINCf50000008Kmd,CC(=O)NCCNS(=O)(=O)CCC1CC1,764,1037,1037,1,0,1,14.285714285714286,17.205605691108325,0.7835998462185658,13.482309973649764,4,234.32099999999994,-0.1579999999999997,2.0,3.0,7.0,1.0,,,,19.698205866669763,8.0,4.0,4.0,4.0,3.0,1.0,,,,,8.302122966603045,4.572349761670013,45.05253518411413,11.151143691619724,1023,16,12,0.7761451151359758,1.0139455257036831,8.622706883572002,6.663895699798421,28,39.42785961976958,3.0,1.1115000895190275,1.3569545758721204,ZINCf50000008Kmd_m01_t02,GLU17;LEU26;LEU22,2.0,-72.61988246816887
889,native_first,ZINCf5000002ri7h,C=CCOCCN[C@H](C(=O)O)C1COC1,564,575,575,1,1,1,17.857142857142858,20.731008121704747,0.6779625713036598,14.054847571908004,5,215.24899999999997,-0.12179999999999946,2.0,4.0,8.0,1.0,,,,22.695786574656285,9.0,4.0,5.0,4.0,3.0,1.0,,,,,9.349367088139,5.295294716287448,39.88620923913043,12.685971959768322,475,16,3,1.8157505071526212,1.2963822492229298,8.622706883572002,8.957088289588619,28,39.42785961976958,3.0,1.1135047333294519,1.7475659454008665,ZINCf5000002ri7h_m01_t02,GLU17;LEU26;LEU22,1.0,55.008796684925954
890,native_first,ZINCf500000092wo,CCONC(=O)[C@@H](N)CCS(=O)(=O)CC,649,573,573,1,1,1,14.285714285714286,17.205605691108325,0.8043763420709003,13.839782168927977,4,238.30899999999997,-0.7937999999999994,2.0,5.0,7.0,1.0,,,,22.695786574656285,9.0,4.0,5.0,4.0,3.0,1.0,,,,,9.85535508698911,5.5807636577743,42.10808215130024,13.065462958905904,1368,16,3,1.2138114519204914,0.9355185225426609,8.622706883572002,8.203890104192473,28,39.42785961976958,3.0,1.1145433048680322,1.7394347087633963,ZINCf500000092wo_m01_t03,GLU17;LEU26;LEU22,2.0,-18.62668141323664
891,native_first,ZINCf5000000S4yg,CC(=O)NCCNC(=O)N1C[C@H]2C[C@H]2C1,631,945,945,1,0,1,14.285714285714286,17.205605691108325,0.8075204234378587,13.893877993188626,4,211.265,-0.21619999999999973,2.0,2.0,3.0,1.0,,,,21.514590157676757,9.0,5.0,4.0,5.0,3.0,1.0,,,,,10.214032995623603,5.743072082472479,46.112265312403835,13.03917228613689,121,16,0,1.1193982987729632,0.9982768148057143,8.622706883572002,8.809617818401822,28,39.42785961976958,3.0,1.119727370012525,1.534674707084191,ZINCf5000000S4yg_m01_t02,GLU17;LEU26;LEU22,3.0,-99.5920911365756
892,native_first,ZINCf5000000VkUX,C=CCCC(=O)N[C@@H](CC(=O)O)C(=O)O,1024,711,711,0,1,1,14.285714285714286,17.040662921434695,0.7464890742509996,12.720668688845121,4,215.20499999999998,-0.0033000000000004137,3.0,3.0,7.0,1.0,,,,26.705319978517654,10.0,5.0,5.0,5.0,3.0,1.0,,,,,10.159047816953342,5.97250693708701,33.97320084311954,14.295615857344417,1247,16,0,1.375930902630456,1.1666672345088165,8.317947102500712,7.801461946418341,28,39.42785961976958,3.0,1.122919544703389,1.842433611239989,ZINCf5000000VkUX_m01_t08,GLU17;LEU26;LEU22,2.0,-49.96410910776751
893,native_first,ZINCf5000002rvaq,C[C@H](CNCCCNS(N)(=O)=O)C1CC1,1054,1383,1383,0,0,1,10.714285714285714,13.515260490838273,0.9342023514040781,12.62598813037975,3,235.35299999999998,-0.19469999999999876,3.0,3.0,8.0,1.0,,,,18.500586989654103,8.0,5.0,3.0,5.0,3.0,1.0,,,,,8.930578182851619,4.867055237665208,54.09318048206936,11.32308038455224,807,16,11,0.3837799585936248,0.6017050011024145,8.317947102500712,7.766583232188881,28,39.42785961976958,3.0,1.1276579424082995,1.6911166970445837,ZINCf5000002rvaq_m02_t01,GLU17;LEU26;LEU22,1.0,-191.20191849569068
894,native_first,ZINCf500000186rO,N[C@H](CCOCCO)C(=O)NCC=CBr,963,808,808,0,1,1,10.714285714285714,15.315268646616897,0.8411868291680025,12.883002270703791,3,281.15,-0.2625000000000004,3.0,4.0,8.0,1.0,,,,23.707739270531132,9.0,5.0,4.0,5.0,3.0,1.0,,,,,12.325097574943612,7.095294982209667,46.87781278127811,15.170757998840493,1315,16,6,0.9940727037477332,0.8553912472402531,7.259444124724703,6.743726034098095,28,39.42785961976958,3.0,1.1293358032163463,1.6507406326102065,ZINCf500000186rO_m01_t03,GLU17;LEU26;LEU22,2.0,-6.935133656924969
895,native_first,ZINCf50000017nnX,C=C(Br)CNC(=O)[C@@H](N)CCOCCO,853,410,410,1,1,1,10.714285714285714,15.48021141629053,0.854342178165347,13.225397539853722,3,281.15,-0.26250000000000057,3.0,4.0,8.0,1.0,,,,23.707739270531132,9.0,5.0,4.0,5.0,3.0,1.0,,,,,12.32597126404447,7.095294982209667,46.9031025179856,15.171413265666137,1165,16,4,0.6170656205319757,0.8088551353433046,8.622706883572002,7.15632820194623,28,39.42785961976958,3.0,1.137469563372301,1.6567338259094526,ZINCf50000017nnX_m01_t03,GLU17;LEU26;LEU22,2.0,14.175808139321731
896,native_first,ZINCf5000001Vg4Q,C#CCC(C)OC(=O)CCNS(C)(=O)=O,665,1121,1121,1,0,1,14.285714285714286,17.205605691108325,0.8004549356845879,13.772311996890494,4,233.289,-0.1192999999999999,1.0,4.0,6.0,1.0,,,,16.813295846674055,7.0,4.0,3.0,4.0,3.0,1.0,,,,,6.515228534609176,3.4910300851524987,48.721759809750296,9.089745362625395,1379,16,11,1.0997982914507436,1.0426617443628479,8.622706883572002,8.235231598168362,28,39.42785961976958,3.0,1.1411372326834635,1.7166399732122881,ZINCf5000001Vg4Q_m01_t01,GLU17;LEU26;LEU22,3.0,-71.0046691847288
897,native_first,ZINCf50000009Zez,C[C@H](O)C(=O)N[C@H](C)CNC(=O)C=CI,745,901,901,1,0,1,14.285714285714286,17.205605691108325,0.7858426754504826,13.520899209046615,4,326.134,-0.06320000000000009,3.0,3.0,5.0,1.0,,,,21.88017655928622,8.0,4.0,4.0,4.0,3.0,1.0,,,,,8.745270419879386,4.898813795228157,40.709991411394206,12.028996954731094,184,16,14,1.3362875579717592,0.9646808294173962,8.622706883572002,8.975861037651583,28,39.42785961976958,3.0,1.1544523120838808,1.5310050008860678,ZINCf50000009Zez_m01_t03,GLU17;LEU26;LEU22,2.0,2.765631171255567
898,native_first,ZINCf50000008E6s,C=C(C)CNC(=O)[C@H]1[C@@H]2CS(=O)(=O)C[C@@H]21,1168,1483,1483,0,0,1,10.714285714285714,15.48021141629053,0.7848391685515118,12.14947625696308,3,229.30099999999993,-0.03069999999999995,1.0,3.0,3.0,1.0,,,,14.985733135429138,6.0,3.0,3.0,3.0,3.0,1.0,,,,,3.887934908932309,2.033672313044373,44.07111111111111,6.662384465556517,739,16,14,0.8739461643071335,1.0204893125895043,8.622706883572002,6.891482725530313,28,39.42785961976958,3.0,1.1641878389293383,1.689790597120165,ZINCf50000008E6s_m01_t02,GLU17;LEU26;LEU22,1.0,26.508247562857484
899,native_first,ZINCf50000026OMT,C=C(Cl)CS(=O)(=O)N[C@H]1C[C@H](C(N)=O)C1,555,1059,1059,1,0,1,14.285714285714286,17.205605691108325,0.8187413984761059,14.086941665166478,4,252.72299999999998,-0.07780000000000026,2.0,3.0,5.0,1.0,,,,19.698205866669763,8.0,4.0,4.0,4.0,3.0,1.0,,,,,7.123707035007966,3.9198505137722064,39.00014102383303,10.267331742923416,1476,16,12,1.4187870569476122,0.6477916954662549,8.622706883572002,8.035419956762746,28,39.42785961976958,3.0,1.1643756377640833,1.650710040450276,ZINCf50000026OMT_m01_t02,GLU17;LEU26;LEU22,2.0,-70.87441135660202
900,native_first,ZINCf50000008Asi,C#CCCCS(=O)(=O)N[C@H](C)C(=O)OC,1347,1369,1369,0,0,1,14.285714285714286,17.040662921434695,0.6491673907933472,11.062242686096697,4,233.289,-0.11929999999999996,1.0,4.0,6.0,1.0,,,,18.629680137681053,8.0,5.0,3.0,5.0,3.0,1.0,,,,,7.597164630831845,4.134568208199819,46.744515215852786,10.355293507544147,1475,16,11,1.3992434552814714,1.5688466125365323,8.317947102500712,6.658849522803155,28,39.42785961976958,3.0,1.169683792824,1.8290061386281156,ZINCf50000008Asi_m01_t01,GLU17;LEU26;LEU22,1.0,-43.59251947189881
901,native_first,ZINCf5000002a4hN,CNS(=O)(=O)CCCNC(=O)[C@@H]1C[C@@H]1Br,458,1040,1040,1,0,1,14.285714285714286,17.205605691108325,0.8374045983597931,14.408053323299537,4,299.19,-0.17470000000000052,2.0,3.0,6.0,1.0,,,,19.698205866669763,8.0,4.0,4.0,4.0,3.0,1.0,,,,,8.194136535420435,4.498481672973794,45.91422776006955,11.070153868232769,673,16,1,0.9440316506011945,0.8438341807436015,8.622706883572002,7.660543432994642,28,39.42785961976958,3.0,1.1741069085284483,1.8436078012762867,ZINCf5000002a4hN_m01_t03,GLU17;LEU26;LEU22,1.0,-106.5343561613511
902,native_first,ZINCf50000023EA1,CCCNS(=O)(=O)NCCC(O)C1CC1,739,1146,1146,1,0,1,14.285714285714286,17.205605691108325,0.7870631579350444,13.541898349428891,4,236.33699999999996,-0.018599999999999506,3.0,3.0,8.0,1.0,,,,16.68420269864711,7.0,4.0,3.0,4.0,3.0,1.0,,,,,6.103669141435533,3.2585665898207195,48.10385064177362,8.748802530738425,409,16,14,0.9906792367367101,0.9524408327138155,8.622706883572002,6.955523396663879,28,39.42785961976958,3.0,1.1755593190575653,1.8477326234920406,ZINCf50000023EA1_m01_t01,GLU17;LEU26;LEU22,1.0,-191.02618060555972
903,native_first,ZINCf500000091Oj,CCOCCS(=O)(=O)NO[C@@H](C)C(=O)O,5,210,210,1,1,1,17.857142857142858,20.731008121704747,0.8332572839138128,17.27426352028689,5,241.26500000000001,-0.6529999999999994,2.0,5.0,8.0,1.0,,,,26.580745014588192,10.0,5.0,5.0,5.0,3.0,1.0,,,,,11.664296713435723,6.988807525437806,35.23921603457974,15.393408788723839,510,16,9,1.0583165687522504,0.8580771764111134,8.622706883572002,8.094798573060421,28,39.42785961976958,3.0,1.1884517170424596,1.597768495576706,ZINCf500000091Oj_m01_t02,GLU17;LEU26;LEU22,1.0,-11.462097568852418
904,native_first,ZINCf5000000949X,CC[C@@H](C)S(=O)(=O)NC(=O)CCCON,409,561,561,1,1,1,17.857142857142858,20.731008121704747,0.7026189501405914,14.565999161828262,5,238.30899999999994,-0.09859999999999902,2.0,5.0,7.0,1.0,,,,22.695786574656285,9.0,4.0,5.0,4.0,3.0,1.0,,,,,11.454500529820454,6.581630874883563,44.119268077601426,14.264822041029412,146,16,14,1.5099103091394341,1.3037002693064803,8.622706883572002,9.481655642626478,28,39.42785961976958,3.0,1.1894017420957907,1.9181149625218457,ZINCf5000000949X_m01_t02,GLU17;LEU26;LEU22,0.0,-106.36374468568334
905,native_first,ZINCf50000009VMT,C[C@H](CNC(=O)[C@H]1C[C@@]1(C)Br)S(N)(=O)=O,292,1110,1110,1,0,1,14.285714285714286,17.205605691108325,0.8678960758167562,14.932677661363362,4,299.19000000000005,-0.04689999999999961,2.0,3.0,4.0,1.0,,,,17.870643155424844,7.0,3.0,4.0,3.0,3.0,1.0,,,,,5.072697018910192,2.7388875508419295,34.29844097995545,8.272183553038856,482,16,10,0.7653616684728782,0.8045217213129491,8.622706883572002,7.861757212693523,28,39.42785961976958,3.0,1.1904045955158646,1.7410179910796204,ZINCf50000009VMT_m01_t01,GLU17;LEU26;LEU22,1.0,-101.50366168138554
906,native_first,ZINCf5000002rwS2,C[C@@H](COC(=O)[C@H]1CCSC1)S(N)(=O)=O,527,1150,1150,1,0,1,14.285714285714286,17.040662921434695,0.8324252082917273,14.18507738180439,4,253.34499999999997,-0.04029999999999989,1.0,5.0,4.0,1.0,,,,14.985733135429138,6.0,3.0,3.0,3.0,3.0,1.0,,,,,6.928220037825701,3.660117103040185,64.68668407310705,8.94259831222656,814,16,10,1.0148996048940517,0.9218810991629937,8.317947102500712,8.213806839103365,28,39.42785961976958,3.0,1.1924905307725553,1.8348809276059033,ZINCf5000002rwS2_m01_t01,GLU17;LEU26;LEU22,0.0,-109.16501908009853
907,native_first,ZINCf50000008Wok,CCN(C)S(=O)(=O)NC1CC(C(=O)O)C1,304,956,956,1,0,1,14.285714285714286,17.205605691108325,0.8652081424920804,14.886430140455001,4,236.29299999999998,-0.3642999999999996,2.0,3.0,5.0,1.0,,,,21.514590157676757,9.0,5.0,4.0,5.0,3.0,1.0,,,,,8.7590367580566,4.938752466240174,38.67675038051751,11.947925107961641,1130,16,13,0.7608262411744382,0.8116038822189626,8.622706883572002,7.790005087868656,28,39.42785961976958,3.0,1.1937794223539961,1.6266616031673664,ZINCf50000008Wok_m01_t01,GLU17;LEU26;LEU22,0.0,-211.308635577261
908,native_first,ZINCf5000002dR2n,C=C(I)CC(=O)NCCS(=O)(=O)CCO,896,943,943,1,0,1,14.285714285714286,19.005613846886952,0.6886608145643475,13.08842151309261,4,347.1740000000001,-0.15150000000000036,2.0,4.0,7.0,1.0,,,,21.514590157676757,9.0,5.0,4.0,5.0,3.0,1.0,,,,,10.246199939476059,5.807147408139789,43.492008069522036,13.063297494026232,597,16,3,1.2263131500647575,1.3048024301264596,8.622706883572002,6.556833026811517,28,39.42785961976958,3.0,1.199003357764243,1.826957194489024,ZINCf5000002dR2n_m01_t01,GLU17;LEU26;LEU22,1.0,-43.356398435458196
909,native_first,ZINCf50000009H8J,CSC[C@H](C)NS(=O)(=O)C1CS(=O)(=O)C1,862,1123,1123,1,0,1,10.714285714285714,15.315268646616897,0.8614606124413744,13.193500708018771,3,273.401,-0.545699999999999,1.0,5.0,5.0,1.0,,,,16.813295846674055,7.0,4.0,3.0,4.0,3.0,1.0,,,,,6.337613004844411,3.401543496827276,46.313364055299544,8.956533715301823,465,16,5,0.7387690749338223,0.8043745248494593,7.259444124724703,6.208750914057505,28,39.42785961976958,3.0,1.2013231220688394,1.9215383528821641,ZINCf50000009H8J_m01_t01,GLU17;LEU26;LEU22,0.0,-102.80229930976269
910,native_first,ZINCf50000009dx1,CN(C1CC1)S(=O)(=O)NCCC1COC1,618,1083,1083,1,0,1,10.714285714285714,15.48021141629053,0.8993771751049412,13.922548813610637,3,234.32099999999997,-0.04850000000000043,1.0,3.0,6.0,1.0,,,,18.629680137681053,8.0,5.0,3.0,5.0,3.0,1.0,,,,,5.928181771873032,3.227457772080128,36.323769882562814,9.103556363325039,188,16,2,0.5299933623862402,0.7330514203400412,8.622706883572002,7.855527665166122,28,39.42785961976958,3.0,1.2133605664023275,1.8701635182883551,ZINCf50000009dx1_m01_t01,GLU17;LEU26;LEU22,3.0,-143.29103717375318
911,native_first,ZINCf5000000YaEQ,C#CC[C@@H](C)C(=O)N[C@H]1CCS(=O)(=O)C1,1193,1423,1423,0,0,1,10.714285714285714,15.315268646616897,0.7843700229007448,12.012837619077953,3,229.30099999999996,-0.050899999999999945,1.0,3.0,3.0,1.0,,,,16.813295846674055,7.0,4.0,3.0,4.0,3.0,1.0,,,,,5.734400853277142,3.0691269178636635,43.5792349726776,8.50412460162637,689,16,8,0.7096333373673975,1.199663798242783,7.259444124724703,5.859385585339341,28,39.42785961976958,3.0,1.2306421074543918,1.5872567432765567,ZINCf5000000YaEQ_m01_t02,GLU17;LEU26;LEU22,2.0,-21.971480471586048
912,native_first,ZINCf50000017pSX,C=C[C@H](C)NC(=O)CCN(C)S(C)(=O)=O,1095,1376,1376,0,0,1,10.714285714285714,15.315268646616897,0.8131341866308488,12.45336851399977,3,234.32099999999997,-0.0414000000000001,1.0,3.0,6.0,1.0,,,,18.629680137681053,8.0,5.0,3.0,5.0,3.0,1.0,,,,,6.246676712597082,3.378664219166057,41.33036673315944,9.342427568868075,388,16,15,0.6997870658365694,0.9978681280083966,7.259444124724703,5.716733272293121,28,39.42785961976958,3.0,1.2336453692272322,1.4406299803474212,ZINCf50000017pSX_m01_t02,GLU17;LEU26;LEU22,0.0,-81.44834930143894
913,native_first,ZINCf5000001Lr3T,N#CCCC(C#N)CNCC[C@@H](O)CO,983,805,805,0,1,1,10.714285714285714,13.515260490838273,0.9495006551341161,12.832748690359175,3,211.265,-0.23714000000000002,3.0,5.0,8.0,1.0,,,,23.707739270531132,9.0,5.0,4.0,5.0,3.0,1.0,,,,,14.908306449041653,8.689148717246159,52.445734669095344,17.108164654414022,69,16,8,0.5130643286120886,0.4238069512739006,8.317947102500712,8.808394501837526,28,39.42785961976958,3.0,1.234409144709515,1.9895444934382178,ZINCf5000001Lr3T_m02_t01,GLU17;LEU26;LEU22,0.0,27.714847617042366
914,native_first,ZINCf50000017X3k,C[C@H](O)CONC(=O)[C@@H](N)CCCC#N,968,710,710,0,1,1,10.714285714285714,15.315268646616897,0.840354378301572,12.8702530620493,3,215.25299999999996,-0.5638199999999995,3.0,5.0,7.0,1.0,,,,26.705319978517654,10.0,5.0,5.0,5.0,3.0,1.0,,,,,12.351671296032245,7.30266537901876,40.02384737678855,15.940083466653599,1121,16,11,1.0082968338227787,0.8342912025311632,7.259444124724703,6.612884280569142,28,39.42785961976958,3.0,1.2388694210506426,1.850505687306162,ZINCf50000017X3k_m01_t03,GLU17;LEU26;LEU22,0.0,24.139185355972906
915,native_first,ZINCf5000002sjfh,CS[C@H](C(=O)OCCS(N)(=O)=O)C1CC1,371,1078,1078,1,0,1,14.285714285714286,17.040662921434695,0.8623592205361703,14.695172794348043,4,253.34499999999997,-0.0403,1.0,5.0,6.0,1.0,,,,18.629680137681053,8.0,5.0,3.0,5.0,3.0,1.0,,,,,6.673331634451716,3.622711494171221,42.25820763087844,9.662418760259051,316,16,2,0.7355591915651329,0.8351193911697935,8.317947102500712,7.436803060459592,28,39.42785961976958,3.0,1.2396536526133006,1.9005406748036868,ZINCf5000002sjfh_m01_t02,GLU17;LEU26;LEU22,1.0,-36.59824053908741
916,native_first,ZINCf5000002qOlN,CCCCCS(=O)(=O)N[C@H](CO)CCO,711,896,896,1,0,1,14.285714285714286,17.040662921434695,0.8000570409249356,13.63350235232231,4,239.337,-0.16070000000000012,3.0,4.0,9.0,1.0,,,,22.51012039351548,9.0,6.0,3.0,6.0,3.0,1.0,,,,,7.953011196720948,4.4567550143094925,36.90230675221508,11.59228849591958,790,16,11,1.1373197057795328,1.0311497866373085,8.317947102500712,8.498119937771557,28,39.42785961976958,3.0,1.246351423597511,1.5253598746905557,ZINCf5000002qOlN_m01_t01,GLU17;LEU26;LEU22,0.0,-55.92735941647274
917,native_first,ZINCf5000002qsk9,CC1(CCC(=O)NC[C@H](O)CCN)N=N1,422,404,404,1,1,1,14.285714285714286,17.040662921434695,0.8518701055525518,14.51643132156803,4,214.26899999999998,-0.2254999999999997,3.0,5.0,7.0,1.0,,,,23.707739270531132,9.0,5.0,4.0,5.0,3.0,1.0,,,,,13.391369804547079,7.729913363325788,50.04413062665489,15.970462171043092,1507,16,8,1.12708896635614,0.7127179028299131,8.317947102500712,8.478091553987243,28,39.42785961976958,3.0,1.2493241703917248,1.5629656725747851,ZINCf5000002qsk9_m01_t02,GLU17;LEU26;LEU22,1.0,-7.891642715234854
918,native_first,ZINCf5000002rd6l,C=C(Cl)CONC(=O)CCCS(N)(=O)=O,659,968,968,1,0,1,14.285714285714286,17.205605691108325,0.8016646852041593,13.793126470109247,4,256.71099999999996,-0.14459999999999995,2.0,4.0,7.0,1.0,,,,20.868223863411366,8.0,3.0,5.0,3.0,3.0,1.0,,,,,6.035357350554686,3.320806787927097,33.05905130687318,9.743573978768856,890,16,5,1.5886663683565185,0.6534053036278461,8.622706883572002,8.689525654334155,28,39.42785961976958,3.0,1.250704013843888,1.9155339661758986,ZINCf5000002rd6l_m01_t03,GLU17;LEU26;LEU22,2.0,-104.15471828795845
919,native_first,ZINCf5000002rhiC,CCCNS(=O)(=O)NC[C@@H](C)CC(=O)O,718,1043,1043,1,0,1,14.285714285714286,17.205605691108325,0.7913666992680188,13.615943384679435,4,238.30899999999997,-0.06879999999999914,3.0,3.0,8.0,1.0,,,,19.698205866669763,8.0,4.0,4.0,4.0,3.0,1.0,,,,,7.869735728242882,4.318658287641301,44.27768039731229,10.826853262849603,657,16,10,1.208118174190577,0.9779117355972113,8.622706883572002,7.849132623781915,28,39.42785961976958,3.0,1.2800734417932618,2.0376870831402285,ZINCf5000002rhiC_m01_t02,GLU17;LEU26;LEU22,3.0,-232.30846525014846
920,native_first,ZINCf50000008IWs,CC#CCN(C)C(=O)[C@H](C)NC(=O)NC,914,979,979,1,0,1,14.285714285714286,17.040662921434695,0.7661902688431255,13.056390105039128,4,211.265,-0.21439999999999948,2.0,2.0,3.0,1.0,,,,20.430088028777057,9.0,6.0,3.0,6.0,3.0,1.0,,,,,8.457123743718851,4.729988438325489,39.88829093281148,11.450364814983402,1367,16,15,1.4091102054167248,1.0251485996224319,8.317947102500712,8.769074007039368,28,39.42785961976958,3.0,1.2895241051602049,1.7255833844466182,ZINCf50000008IWs_m01_t04,GLU17;LEU26;LEU22,3.0,-110.31041062635492
921,native_first,ZINCf50000017tF2,CC1(C(=O)COC(=O)CS(C)(=O)=O)CC1,1293,1470,1470,0,0,1,14.285714285714286,14.635981502647391,0.7857564892493905,11.500317442239233,4,234.27299999999997,-0.056599999999999984,0.0,5.0,5.0,1.0,,,,16.60265024786633,7.0,4.0,3.0,4.0,3.0,1.0,,,,,4.894392627849198,2.603572024634598,40.74451097804391,7.8214570328534805,800,16,4,1.0764839119562024,1.103942786685633,8.622706883572002,7.856171432626891,28,39.42785961976958,3.0,1.2899622924652516,2.0892669718222834,ZINCf50000017tF2_m01_t01,GLU17;LEU26;LEU22,3.0,4.100934758413611
922,native_first,ZINCf50000009FG3,CS(=O)(=O)CCCS(=O)(=O)NC1CCC1,592,1085,1085,1,0,1,14.285714285714286,17.205605691108325,0.8132350203547196,13.992201094423757,4,255.361,-0.10699999999999976,1.0,4.0,6.0,1.0,,,,18.629680137681053,8.0,5.0,3.0,5.0,3.0,1.0,,,,,5.466021094539228,2.9469135495342607,37.65232711789752,8.756935855324684,830,16,14,1.1189170659301149,0.8046647183580315,8.622706883572002,7.360077324212444,28,39.42785961976958,3.0,1.297863865722163,1.4088232893827044,ZINCf50000009FG3_m01_t01,GLU17;LEU26;LEU22,1.0,-60.51596235155855
923,native_first,ZINCf50000008U5y,CCCNC(=O)CN(C)S(=O)(=O)C1CC1,1011,1418,1418,0,0,1,14.285714285714286,17.205605691108325,0.741165982973768,12.75220965470936,4,234.32099999999997,-0.06339999999999946,1.0,3.0,6.0,1.0,,,,16.813295846674055,7.0,4.0,3.0,4.0,3.0,1.0,,,,,6.349572875647154,3.4057684815448597,46.81137724550898,8.965503618403881,238,16,12,1.2082736346300775,1.0892164600575667,8.622706883572002,6.934316562757434,28,39.42785961976958,3.0,1.3585587118779963,1.4156638232670413,ZINCf50000008U5y_m01_t03,GLU17;LEU26;LEU22,1.0,-23.8234738415403
924,native_first,ZINCf50000008TFn,CCCCSCC(=O)NC[C@H](O)C(N)=O,680,418,418,1,1,1,17.857142857142858,18.7968643446386,0.7308267857573818,13.737251951309762,5,234.321,-0.5178999999999991,3.0,4.0,8.0,1.0,,,,23.707739270531132,9.0,5.0,4.0,5.0,3.0,1.0,,,,,10.759347042952552,6.1050752391302945,45.27603231597846,13.996445099847197,848,16,9,1.6704682127106898,1.0659004444762554,10.950081780516529,10.740177122057316,28,39.42785961976958,3.0,1.3763569306181775,2.139656310259676,ZINCf50000008TFn_m01_t05,GLU17;LEU26;LEU22,0.0,5.439818328015699
925,native_first,ZINCf5000002dUDr,CCOC(=O)CCCNS(=O)(=O)CC#N,269,921,921,1,0,1,14.285714285714286,17.205605691108325,0.8731353783112367,15.022823034179833,4,234.277,-0.22731999999999947,1.0,5.0,7.0,1.0,,,,21.627260845667575,9.0,5.0,4.0,5.0,3.0,1.0,,,,,10.262658707823604,5.795165136737132,44.795568039950076,13.103809242284598,594,16,6,0.8376003996216292,0.7903922673712488,8.622706883572002,8.546188802469182,28,39.42785961976958,3.0,1.3763987533438935,1.5105470577357696,ZINCf5000002dUDr_m01_t02,GLU17;LEU26;LEU22,0.0,-94.15987703230618
926,native_first,ZINCf5000000alVn,N[C@@H](CC(=O)NCCCC(F)F)C(=O)O,1122,813,813,0,1,1,14.285714285714286,17.040662921434695,0.7239279813138626,12.336212708964208,4,224.20699999999997,-0.05010000000000098,3.0,3.0,7.0,1.0,,,,23.707739270531132,9.0,5.0,4.0,5.0,3.0,1.0,,,,,10.83938867270637,6.184310365161876,43.83516771488469,14.056476322162561,798,16,14,1.1733663008938577,1.4284204116973445,8.317947102500712,7.644553894293618,28,39.42785961976958,3.0,1.3834835160752281,1.994911094369683,ZINCf5000000alVn_m01_t02,GLU17;LEU26;LEU22,0.0,-22.549401602451894
927,native_first,ZINCf50000017VMo,C[C@H](CS(C)(=O)=O)C(=O)NCC1(C)N=N1,1042,1402,1402,0,0,1,10.714285714285714,15.315268646616897,0.8272941031554357,12.67023143958749,3,233.29299999999998,-0.03469999999999973,1.0,5.0,5.0,1.0,,,,17.98331384341566,7.0,3.0,4.0,3.0,3.0,1.0,,,,,6.6403399517923445,3.59382598904511,43.60259805776264,9.476083424698173,714,16,4,0.7057346745993172,0.9209758265779809,7.259444124724703,5.759647249834952,28,39.42785961976958,3.0,1.3965264663019283,1.9843030268239141,ZINCf50000017VMo_m01_t02,GLU17;LEU26;LEU22,1.0,-24.95182690497326
928,native_first,ZINCf50000025GN0,C[C@H](N=[N+]=[N-])C(=O)NCCC(CO)CO,181,94,94,1,1,1,14.285714285714286,17.205605691108325,0.8917919965027229,15.343821450312104,4,216.24099999999999,-0.2077000000000001,3.0,4.0,7.0,1.0,,,,28.908505615030467,9.0,6.0,3.0,6.0,3.0,1.0,,,,,11.364489691871883,6.4755524757852,46.38260530421216,15.75049367266153,1016,16,15,0.8146247624350375,0.6824653614323187,8.622706883572002,8.44691220077886,28,39.42785961976958,3.0,1.421277964472416,2.0068934945011385,ZINCf50000025GN0_m01_t02,GLU17;LEU26;LEU22,1.0,1.9014292074809571
929,native_first,ZINCf5000000S4lR,C=C(Br)CNC(=O)N[C@H](C)CS(N)(=O)=O,1015,1361,1361,0,0,1,10.714285714285714,13.515260490838273,0.9427039621668537,12.740889614430376,3,300.17800000000005,-0.12880000000000014,3.0,3.0,5.0,1.0,,,,19.698205866669763,8.0,4.0,4.0,4.0,3.0,1.0,,,,,5.604488146697392,3.056304421758186,33.71053769641055,9.127917576690486,1493,16,6,0.5747096476232908,0.47545929362160805,8.317947102500712,8.493736844712187,28,39.42785961976958,3.0,1.438505770462557,1.9379040452941856,ZINCf5000000S4lR_m01_t02,GLU17;LEU26;LEU22,3.0,-185.52499131501702
930,native_first,ZINCf5000001DnRW,CC[C@@H](NCCNS(=O)(=O)CC)C(=O)O,267,291,291,1,1,1,14.285714285714286,17.205605691108325,0.8738717867133701,15.03549338677456,4,238.30899999999997,-0.6214999999999993,3.0,4.0,8.0,1.0,,,,25.524123561538133,10.0,6.0,4.0,6.0,3.0,1.0,,,,,12.339350068820536,7.241924402507062,41.66970997291459,15.635543441999936,749,16,2,0.6864457089816726,0.8349772362366666,8.622706883572002,8.010165377873612,28,39.42785961976958,3.0,1.4447973391868025,1.4670857075053985,ZINCf5000001DnRW_m01_t02,GLU17;LEU26;LEU22,2.0,-33.47432941686243
931,native_first,ZINCf5000002ecSw,CS(=O)(=O)N[C@H]1CCN(C(=O)CCBr)C1,264,1137,1137,1,0,1,14.285714285714286,17.205605691108325,0.8742691653795907,15.04233052741561,4,299.19,-0.07850000000000001,1.0,3.0,4.0,1.0,,,,16.813295846674055,7.0,4.0,3.0,4.0,3.0,1.0,,,,,4.742752801760412,2.527187594187304,38.46266044340724,7.760388562988823,1188,16,12,0.7864682666746358,0.8065971260284087,8.622706883572002,8.330254127385727,28,39.42785961976958,3.0,1.4461034179353849,1.4605532689291094,ZINCf5000002ecSw_m01_t01,GLU17;LEU26;LEU22,0.0,-71.73858244902773
932,native_first,ZINCf50000017AE5,CC[C@H](N)C(=O)NS(=O)(=O)CCCSC,1323,1278,1278,0,0,1,10.714285714285714,13.515260490838273,0.8335284525990988,11.265354163402161,3,254.37699999999995,-0.07719999999999927,2.0,5.0,7.0,1.0,,,,21.514590157676757,9.0,5.0,4.0,5.0,3.0,1.0,,,,,8.903895145407102,5.0074248892451125,40.13267944038928,12.056568898474515,364,16,5,0.9314760230652825,0.9521922019088312,8.317947102500712,7.8904295424661255,28,39.42785961976958,3.0,1.7922501174426466,1.3878802483173065,ZINCf50000017AE5_m01_t05,GLU17;LEU26;LEU22,3.0,-29.059789614825327
933,native_first,ZINCf5000001oTeG,CCNS(=O)(=O)CCCNS(=O)(=O)CCl,353,1044,1044,1,0,1,14.285714285714286,17.205605691108325,0.8563454160270585,14.733941563549683,4,278.783,-0.5684999999999996,2.0,4.0,8.0,1.0,,,,19.698205866669763,8.0,4.0,4.0,4.0,3.0,1.0,,,,,7.868431826226849,4.334758972113014,42.57688991089394,10.825875336337578,1108,16,10,1.0556019749660885,0.6334276244521649,8.622706883572002,7.66797947251538,28,39.42785961976958,3.0,1.8384586957302158,1.8919336100951867,ZINCf5000001oTeG_m01_t01,GLU17;LEU26;LEU22,2.0,-111.28239941118916
934,native_first,ZINCf5000002eakk,CSCCCCC(=O)NOC[C@@H](O)CO,560,420,420,1,1,1,14.285714285714286,17.205605691108325,0.8179276584546303,14.072940775221893,4,237.321,-0.07929999999999976,3.0,5.0,9.0,1.0,,,,23.707739270531132,9.0,5.0,4.0,5.0,3.0,1.0,,,,,10.309604068896062,5.827387226121013,44.662041181736775,13.65913786930483,63,16,8,1.029556528876119,0.9367746307568959,8.622706883572002,7.829647868132289,28,38.76242788516863,3.0,1.2763761222322911,1.8498227622901189,ZINCf5000002eakk_m01_t02,SER20;LEU26;PRO27,3.0,53.56324023435067
935,native_first,ZINCf50000008FqE,C=CC=CCC(=O)NCCNS(N)(=O)=O,325,940,940,1,0,1,14.285714285714286,17.205605691108325,0.8608092082059067,14.810743811665999,4,233.293,-0.9719999999999986,3.0,3.0,7.0,1.0,,,,21.514590157676757,9.0,5.0,4.0,5.0,3.0,1.0,,,,,10.582571437878444,5.957713246802897,47.302912473315054,13.315576117828023,748,16,1,0.9493725873250044,0.764925123507124,8.622706883572002,9.119193080133044,28,38.76242788516863,3.0,1.4329211437629898,2.0835214457835627,ZINCf50000008FqE_m01_t04,SER20;LEU26;PRO27,2.0,-235.74024239610895
936,native_first,ZINCf5000002dw11,CCCCSCC(=O)NOC[C@H](O)CO,917,428,428,1,1,1,14.285714285714286,17.0714700698208,0.764564636783556,13.052242313293888,4,237.321,-0.07929999999999976,3.0,5.0,9.0,1.0,,,,23.707739270531132,9.0,5.0,4.0,5.0,3.0,1.0,,,,,9.560458157083435,5.396905107102836,41.83467741935482,13.097278435445359,93,16,3,1.2882064312053272,1.0697912189673677,10.950081780516529,10.071688734297304,28,38.76242788516863,3.0,1.7713643394457954,2.3714117942587642,ZINCf5000002dw11_m01_t03,SER20;LEU26;PRO27,2.0,54.78793963342609
937,native_first,ZINCf5000002aQ6f,Cn1ncc(I)c1CC(=O)OCC(N)=O,514,469,469,1,1,1,17.857142857142858,20.731008121704747,0.6855560547631748,14.212268139179242,5,323.0900000000001,-0.40430000000000005,1.0,5.0,4.0,1.0,,,,23.00393025917909,8.0,4.0,4.0,4.0,3.0,1.0,,,,,10.831076135074003,5.977540516203055,57.6004576004576,13.874289666100276,1233,16,7,1.378912574177648,1.4186038883917904,8.622706883572002,7.293321943478963,28,34.578611632587084,2.0,0.0004882093876339962,0.0009764187752718811,ZINCf5000002aQ6f_m01_t04,TRP23;SER20,3.0,-22.594235894284267
938,native_first,ZINCf5000000alHu,NS(=O)(=O)NCCNCc1ccc(Br)o1,686,503,503,1,1,1,10.714285714285714,14.035426252508884,0.9769800659069328,13.712331665208024,3,298.16200000000003,-0.07519999999999949,3.0,4.0,6.0,1.0,,,,22.891259571188275,8.0,4.0,4.0,4.0,3.0,1.0,,,,,13.234793168907682,7.498482922168166,56.317335945151825,15.64890976947783,599,16,11,0.30608740809461665,0.3265527084063475,5.577579134355692,5.496620136669373,28,34.578611632587084,2.0,0.002688023981169741,0.005376047962341701,ZINCf5000000alHu_m01_t01,TRP23;SER20,0.0,-208.30071732233782
939,native_first,ZINCf5000002enFp,O=C(NOC[C@H](O)CO)c1cc(Br)sn1,139,1174,1174,1,0,1,17.857142857142858,20.731008121704747,0.7514313430783057,15.577929276259862,5,297.13,-0.0798000000000001,3.0,6.0,5.0,1.0,,,,28.049557604584436,9.0,4.0,5.0,4.0,2.0,1.0,,,,,11.779217467774313,6.90517229506638,40.04551227773076,15.846802501976843,1216,16,12,1.4437940244346856,1.0826028598141544,8.622706883572002,9.170273696181834,28,34.578611632587084,2.0,0.0034872505508711633,0.006974501101741026,ZINCf5000002enFp_m01_t02,TRP23;SER20,0.0,59.452131636419615
940,native_first,ZINCf50000026ml4,Cn1cc(I)c(CC(=O)OCC(N)=O)n1,941,832,832,0,1,1,14.285714285714286,17.205605691108325,0.7548832873867815,12.988224185584569,4,323.0900000000001,-0.40430000000000005,1.0,5.0,4.0,1.0,,,,23.00393025917909,8.0,4.0,4.0,4.0,3.0,1.0,,,,,13.289830238413108,7.406072374460628,64.65513132179798,15.718355243604604,1418,16,8,1.0094635848673394,1.1291174842000211,8.622706883572002,6.913450983353595,28,34.578611632587084,2.0,0.00622416794611344,0.012448335892228712,ZINCf50000026ml4_m01_t07,TRP23;SER20,2.0,-15.477458052301984
941,native_first,ZINCf5000002aW75,O=C(NOC[C@@H](O)CO)c1csc(Br)n1,357,1172,1172,1,0,1,17.857142857142858,20.731008121704747,0.7103736323468738,14.726761541627942,5,297.13,-0.07979999999999998,3.0,6.0,5.0,1.0,,,,28.049557604584436,9.0,4.0,5.0,4.0,2.0,1.0,,,,,11.77977963243102,6.90517229506638,40.05851063829788,15.847224125469376,369,16,0,1.705983305333593,1.1755274484992166,8.622706883572002,8.697168248501287,28,34.578611632587084,2.0,0.009367640793400665,0.01873528158680493,ZINCf5000002aW75_m01_t02,TRP23;SER20,0.0,57.51489021440522
942,native_first,ZINCf50000025HUM,O=C(COC1CNC1)Nc1n[nH]cc1I,1172,1494,1494,0,0,1,10.714285714285714,15.315268646616897,0.7919891764606926,12.12952700270838,3,322.106,-0.058800000000000074,3.0,4.0,4.0,1.0,,,,28.049557604584436,9.0,4.0,5.0,4.0,2.0,1.0,,,,,10.557086021186574,6.162138031341458,36.81223849372385,14.930203917036039,533,16,14,1.1637474788842503,1.0646333654668474,7.259444124724703,7.23072584401904,28,34.578611632587084,2.0,0.015158237218016042,0.030316474436032692,ZINCf50000025HUM_m01_t05,TRP23;SER20,0.0,35.43638751919704
943,native_first,ZINCf50000009mqe,CNCCN(C)C(=O)Cn1cc(I)nn1,1367,1234,1234,0,0,1,10.714285714285714,15.315268646616897,0.7045920901680385,10.791017147204824,3,323.138,-0.43950000000000045,1.0,5.0,5.0,1.0,,,,21.833912262437483,8.0,5.0,3.0,5.0,3.0,1.0,,,,,11.21686487134633,6.191437908451509,59.56078083407276,13.871126719119117,1049,16,3,1.3753797388340008,1.4381312944313904,7.259444124724703,6.833979299991114,28,34.578611632587084,2.0,0.023801512472503165,0.047603024945003014,ZINCf50000009mqe_m01_t02,TRP23;SER20,3.0,-13.996961553507962
944,native_first,ZINCf5000000Zzcn,Oc1nnc(NCc2nccs2)c(O)n1,1125,1495,1495,0,0,1,14.285714285714286,17.205605691108325,0.7161724188135766,12.322180244953689,4,225.23300000000003,0.35139999999999977,3.0,8.0,3.0,1.0,,,,28.03027399352429,8.0,4.0,4.0,4.0,2.0,1.0,,,,,11.355903597430242,6.468565198337579,46.455323702514725,15.524496196453756,672,16,8,1.126532654909868,1.3958413055571917,8.622706883572002,7.310744233060901,28,34.578611632587084,2.0,0.025851903194257404,0.05170380638851135,ZINCf5000000Zzcn_m01_t05,TRP23;SER20,0.0,50.52293185534347
945,native_first,ZINCf5000000ZxNc,NS(=O)(=O)NCCNCc1ncsc1Br,569,504,504,1,1,1,14.285714285714286,17.205605691108325,0.8160563344099673,14.040743511589131,4,315.21799999999996,-0.21169999999999978,3.0,5.0,6.0,1.0,,,,22.891259571188275,8.0,4.0,4.0,4.0,3.0,1.0,,,,,13.234361200165646,7.498482922168166,56.301696340950514,15.648585792921303,509,16,1,1.0630340922158206,0.9889651746445586,8.622706883572002,8.65030550711296,28,34.578611632587084,2.0,0.030506841384880395,0.06101368276976338,ZINCf5000000ZxNc_m01_t01,TRP23;SER20,0.0,-191.8977486995228
946,native_first,ZINCf500000369Ah,OCC(O)(CO)CNCc1ccc(I)o1,1195,1502,1502,0,0,1,10.714285714285714,14.035426252508884,0.8555800307835341,12.008430425181574,3,327.11800000000005,-0.3105,4.0,5.0,6.0,1.0,,,,25.858076477525255,8.0,5.0,3.0,5.0,2.0,1.0,,,,,8.974748227164817,5.106590620142406,37.006737247353215,13.195580289754927,969,16,13,0.8415970515454074,0.8657786075914395,5.577579134355692,5.048287322347144,28,34.578611632587084,2.0,0.04887384983303397,0.09774769966606378,ZINCf500000369Ah_m02_t01,TRP23;SER20,0.0,49.30494440880654
947,native_first,ZINCf5000002aUh6,NC(=O)[C@@H](O)CNC(=O)c1cc(I)cs1,581,1199,1199,1,0,1,14.285714285714286,17.205605691108325,0.8148776258477198,14.020463116842368,4,340.142,-0.07130000000000009,3.0,4.0,4.0,1.0,,,,25.051976896597917,8.0,4.0,4.0,4.0,2.0,1.0,,,,,8.820879186711018,5.019240058799423,36.361757817881255,12.878653614182742,874,16,0,1.133137346453939,0.9384531907803962,8.622706883572002,8.327326006976023,28,34.578611632587084,2.0,0.05947102218512615,0.1189420443702538,ZINCf5000002aUh6_m01_t08,TRP23;SER20,1.0,1.2221722304876474
948,native_first,ZINCf5000000VnyO,O=C(O)[C@H](NC[C@@H](O)CO)c1cscn1,345,1165,1165,1,0,1,17.857142857142858,20.731008121704747,0.7116213118812338,14.752627196188044,5,232.261,-0.7884,4.0,6.0,6.0,1.0,,,,28.87207964554791,9.0,5.0,4.0,5.0,2.0,1.0,,,,,9.266118282943795,5.409964537484931,32.26221079691516,14.167608623594823,1465,16,3,1.317380718539184,1.3252641532953187,8.622706883572002,7.443737659629648,28,34.578611632587084,2.0,0.09543892195184216,0.19087784390368512,ZINCf5000000VnyO_m02_t01,TRP23;SER20,0.0,54.43169210657469
949,native_first,ZINCf5000002aW76,O=C(NOC[C@H](O)CO)c1csc(I)n1,215,1171,1171,1,0,1,14.285714285714286,17.205605691108325,0.8839515143773984,15.208921206435587,4,344.13,-0.23769999999999986,3.0,6.0,5.0,1.0,,,,28.049557604584436,9.0,4.0,5.0,4.0,2.0,1.0,,,,,11.77977963243102,6.90517229506638,40.05851063829788,15.847224125469376,921,16,12,0.8429443221277334,0.7181399952815788,8.622706883572002,8.675652322918154,28,34.578611632587084,2.0,0.12337610676964507,0.246752213539291,ZINCf5000002aW76_m01_t01,TRP23;SER20,2.0,77.20049394180312
950,native_first,ZINCf5000000abZj,Cn1ncc(S(=O)(=O)NCCCN)c1I,1489,861,861,0,1,1,10.714285714285714,15.315268646616897,0.6771721715315715,10.371073727018956,3,344.178,-0.34819999999999957,2.0,5.0,5.0,1.0,,,,22.891259571188275,8.0,4.0,4.0,4.0,3.0,1.0,,,,,11.264571346263269,6.308218642076728,52.563924402445814,14.171243402494522,1261,16,2,1.0283503314776026,1.4274264600955362,7.259444124724703,4.938768863435208,28,34.578611632587084,2.0,0.12578205486666438,0.25156410973332655,ZINCf5000000abZj_m01_t01,TRP23;SER20,1.0,-56.77827835050074
951,native_first,ZINCf5000000apFQ,O=C(Cn1cc(I)cn1)N[C@@H]1CCNC1,1224,869,869,0,1,1,14.285714285714286,15.036168524741624,0.7886133936391277,11.85772388762633,4,320.1340000000001,-0.03419999999999995,2.0,4.0,3.0,1.0,,,,22.891259571188275,8.0,4.0,4.0,4.0,3.0,1.0,,,,,8.07362599102025,4.470890884699829,41.578138104556885,11.778034386062256,420,16,8,1.0811307229222304,1.140156037342172,7.155285109623515,7.12003622562572,28,34.578611632587084,2.0,0.12802596111198222,0.2560519222239641,ZINCf5000000apFQ_m02_t02,TRP23;SER20,0.0,-7.977959570727945
952,native_first,ZINCf5000000Ybic,COCc1snnc1C(=O)NCCON,545,51,51,1,1,1,17.857142857142858,20.731008121704747,0.680508146208617,14.10761990593708,5,232.265,-0.6953999999999998,2.0,7.0,6.0,1.0,,,,31.60136143035162,11.0,6.0,5.0,6.0,3.0,1.0,,,,,17.293020934259403,10.749303801367285,44.200238948626044,20.870106058282456,243,16,5,1.6493009588202672,1.4000417180983857,8.622706883572002,8.234734790457814,28,34.578611632587084,2.0,0.13131567142387568,0.2626313428477518,ZINCf5000000Ybic_m01_t01,TRP23;SER20,2.0,19.26730015925458
953,native_first,ZINCf50000008Xan,CCN(CCN)C(=O)Cn1cc(I)nn1,1309,1319,1319,0,0,1,10.714285714285714,15.315268646616897,0.743773825876627,11.3910959556226,3,323.13800000000003,-0.31010000000000004,1.0,5.0,5.0,1.0,,,,20.006349551192564,7.0,4.0,3.0,4.0,3.0,1.0,,,,,7.936347544257845,4.300940070662924,51.28787878787878,10.953848045991526,1459,16,1,1.0935925567998206,1.1478832886200978,7.259444124724703,5.562480489389802,28,34.578611632587084,2.0,0.14981606948918783,0.2996321389783736,ZINCf50000008Xan_m01_t02,TRP23;SER20,1.0,-18.652123151081714
954,native_first,ZINCf5000002scj7,CO[C@@H](CN)CNS(=O)(=O)c1ccns1,641,264,264,1,1,1,17.857142857142858,20.731008121704747,0.6688666025273409,13.866278969331365,5,251.33300000000003,-0.6048999999999995,2.0,6.0,6.0,1.0,,,,25.88884027917479,9.0,4.0,5.0,4.0,3.0,1.0,,,,,11.307400435176278,6.537792369272938,41.80867126833478,14.952760396175908,1004,16,5,1.4627234422427706,1.3749759890948323,8.622706883572002,6.911019141557039,28,34.578611632587084,2.0,0.1628416376364257,0.3256832752728478,ZINCf5000002scj7_m02_t01,TRP23;SER20,2.0,-30.72047925414617
955,native_first,ZINCf5000002aSOu,CON(CCO)C(=O)Cn1cnc(Br)n1,1149,840,840,0,1,1,10.714285714285714,15.315268646616897,0.7987294463720135,12.23275604715097,3,279.094,-0.5771000000000002,1.0,6.0,5.0,1.0,,,,23.00393025917909,8.0,4.0,4.0,4.0,3.0,1.0,,,,,9.558968518795323,5.361523284609823,44.02680067001675,12.920208953891265,1457,16,4,1.118903225194043,1.0511625247559084,7.259444124724703,7.455133755918059,28,34.578611632587084,2.0,0.23864115942690833,0.4772823188538142,ZINCf5000002aSOu_m01_t02,TRP23;SER20,1.0,4.36352050134819
956,native_first,ZINCf5000002aowO,CCN(CCN)C(=O)Cn1ncc(Br)n1,871,989,989,1,0,1,10.714285714285714,14.035426252508884,0.9377037149062508,13.161071337270299,3,276.138,-0.1522000000000001,1.0,5.0,5.0,1.0,,,,20.006349551192564,7.0,4.0,3.0,4.0,3.0,1.0,,,,,6.936594531722021,3.7498448007560006,46.19318181818182,10.204033286589656,614,16,0,0.4592000559916608,0.5071573695390948,5.577579134355692,4.840963733225087,28,34.578611632587084,2.0,0.2520954248610677,0.504190849722133,ZINCf5000002aowO_m01_t02,TRP23;SER20,2.0,-12.092955540612813
957,native_first,ZINCf50000009BsN,CON=CC(=O)N(C)CCn1ccnc1,464,929,929,1,0,1,17.857142857142858,20.731008121704747,0.6939617081729611,14.386525808285755,5,210.237,-0.026300000000000434,0.0,5.0,5.0,1.0,,,,21.623266663629757,8.0,5.0,3.0,5.0,3.0,1.0,,,,,8.865350256785518,4.8587225626655535,50.55103475989553,12.054829358496576,302,16,5,1.4427148602819022,1.3786291592261612,8.622706883572002,7.588218901667449,28,34.578611632587084,2.0,0.3177357436925676,0.6354714873851357,ZINCf50000009BsN_m01_t01,TRP23;SER20,2.0,44.24167329007173
958,native_first,ZINCf50000024NXI,CN(CCS(N)(=O)=O)c1ccnc(Br)n1,715,468,468,1,1,1,14.285714285714286,17.205605691108325,0.7917124869147273,13.621892870581556,4,295.162,-0.03619999999999968,1.0,5.0,4.0,1.0,,,,23.00393025917909,8.0,4.0,4.0,4.0,3.0,1.0,,,,,11.617329267281598,6.541505209525045,51.84948979591836,14.46397951525597,1128,16,12,1.0595427089159561,1.097767691931556,8.622706883572002,7.994346408907632,28,34.578611632587084,2.0,0.32008460213128725,0.6401692042625733,ZINCf50000024NXI_m01_t01,TRP23;SER20,2.0,-146.56548281815552
959,native_first,ZINCf5000002oGW3,NCCCNS(=O)(=O)c1ccc(N)cc1,656,1218,1218,1,0,1,10.714285714285714,14.035426252508884,0.9835846585509936,13.805029938191604,3,229.30499999999998,-0.10409999999999936,3.0,4.0,5.0,1.0,,,,22.03797372857526,7.0,4.0,3.0,4.0,2.0,1.0,,,,,8.065862953457675,4.420013721953108,46.051227321237995,11.558890647237071,227,16,2,0.29764755214734706,0.2515508621041298,5.577579134355692,5.563370218762206,28,34.578611632587084,2.0,0.3341426905682466,0.6682853811364922,ZINCf5000002oGW3_m02_t01,TRP23;SER20,3.0,-54.82160053556454
960,native_first,ZINCf5000002aW7f,O=C(NOC[C@H](O)CO)c1ncoc1Br,203,1166,1166,1,0,1,17.857142857142858,20.731008121704747,0.7354321720798812,15.24625033235098,5,281.062,-0.5483000000000002,3.0,6.0,5.0,1.0,,,,28.049557604584436,9.0,4.0,5.0,4.0,2.0,1.0,,,,,13.60923982470313,8.037311392924668,44.367021276595764,17.219319269673456,479,16,1,1.4158695186623294,1.1980089705085466,8.622706883572002,8.022803745488934,28,34.578611632587084,2.0,0.3363973039523676,0.6727946079047342,ZINCf5000002aW7f_m01_t01,TRP23;SER20,1.0,87.67711682137151
961,native_first,ZINCf5000000ay6c,OCC(O)(CO)CNc1cnc(I)nc1,893,1215,1215,1,0,1,14.285714285714286,19.005613846886952,0.6887990184366047,13.091048162520876,4,325.10600000000005,-0.7912000000000006,4.0,6.0,5.0,1.0,,,,24.001607765560664,7.0,4.0,3.0,4.0,2.0,1.0,,,,,7.164902789098678,4.051336817331517,30.953654188948317,11.374079033214175,820,16,3,1.5135391997627587,1.381155747931113,8.622706883572002,7.702072530537912,28,34.578611632587084,2.0,0.3372880698915093,0.6745761397830172,ZINCf5000000ay6c_m01_t01,TRP23;SER20,1.0,86.38667555857786
962,native_first,ZINCf5000000ajKZ,NC[C@@H](CO)NC(=O)c1cncc(I)c1,855,1201,1201,1,0,1,14.285714285714286,17.205605691108325,0.7681829566024873,13.217053049932174,4,321.118,-0.26439999999999997,3.0,4.0,4.0,1.0,,,,25.051976896597917,8.0,4.0,4.0,4.0,2.0,1.0,,,,,8.384285492970701,4.73939332687863,36.30551354324212,12.551208343877503,825,16,7,1.4541306175491164,0.970998893942239,8.622706883572002,8.101533609438182,28,34.578611632587084,2.0,0.3784054565408489,0.7568109130816953,ZINCf5000000ajKZ_m02_t02,TRP23;SER20,0.0,40.589628826140206
963,native_first,ZINCf5000002aSJ3,COC(=O)[C@H](N)CNc1ncc(I)cn1,844,1224,1224,1,0,1,10.714285714285714,15.315268646616897,0.8657989483367128,13.25994348773514,3,322.10600000000005,-0.006600000000000328,2.0,6.0,4.0,1.0,,,,21.04244349273654,7.0,3.0,4.0,3.0,2.0,1.0,,,,,7.538164426363202,4.073925847388125,50.36995930447651,10.914234192956537,1142,16,1,0.6247916812365225,0.744682123594557,7.259444124724703,5.838286021962873,28,34.578611632587084,2.0,0.4332449030982895,0.8664898061965767,ZINCf5000002aSJ3_m01_t06,TRP23;SER20,2.0,-34.174492539352336
964,native_first,ZINCf5000000ajKE,NC[C@@H](CO)NC(=O)c1ccc(I)cn1,859,1203,1203,1,0,1,14.285714285714286,17.205605691108325,0.7671259660717923,13.1988668876418,4,321.118,-0.26439999999999997,3.0,4.0,4.0,1.0,,,,25.051976896597917,8.0,4.0,4.0,4.0,2.0,1.0,,,,,5.4982205160864535,3.05920731389962,27.12085796782621,10.386659611214318,1224,16,1,1.2255735472270282,1.054598464617867,8.622706883572002,7.507702250069868,28,34.578611632587084,2.0,0.4408268207392984,0.8816536414785956,ZINCf5000000ajKE_m01_t02,TRP23;SER20,0.0,80.07731074808274
965,native_first,ZINCf5000000aj4d,NCCN(CCN)S(=O)(=O)c1ccns1,1258,870,870,0,1,1,10.714285714285714,15.315268646616897,0.7637705438769237,11.697351063847783,3,250.34900000000002,-0.9487999999999999,2.0,6.0,6.0,1.0,,,,22.891259571188275,8.0,4.0,4.0,4.0,3.0,1.0,,,,,7.66569663029301,4.267348521383293,37.64347946342138,11.472087365516826,741,16,14,1.2347026230141422,1.1759383211696006,7.259444124724703,6.936804855836288,28,34.578611632587084,2.0,0.5151691144905071,1.0303382289810141,ZINCf5000000aj4d_m01_t01,TRP23;SER20,3.0,-25.945213542725664
966,native_first,ZINCf5000000VmbT,C[C@@H](Cc1nn[nH]n1)NC(=O)CN=[N+]=[N-],1161,631,631,0,1,1,10.714285714285714,15.315268646616897,0.7950661391664886,12.17665151316327,3,210.20100000000002,-0.4428000000000005,2.0,5.0,5.0,1.0,,,,31.257783911378677,9.0,5.0,4.0,5.0,3.0,1.0,,,,,12.709410492718225,7.269923511217989,50.47781808035713,17.34650384738334,662,16,11,1.1076667867905168,1.0844306713013874,7.259444124724703,7.255944000317539,28,34.578611632587084,2.0,0.526187125783793,1.052374251567585,ZINCf5000000VmbT_m01_t06,TRP23;SER20,3.0,-26.543428777237086
967,native_first,ZINCf50000009zuM,COC[C@H](NC(=O)c1csnn1)C(=O)O,710,88,88,1,1,1,14.285714285714286,17.205605691108325,0.7927074970913093,13.639012623338466,4,231.23299999999998,-0.6325000000000001,2.0,6.0,5.0,1.0,,,,29.773798719106704,10.0,5.0,5.0,5.0,3.0,1.0,,,,,8.8809119180699,5.21319353650897,29.9570733708392,14.1041336183291,645,16,11,1.272081227875313,0.933217633243899,8.622706883572002,7.924681521640375,28,34.578611632587084,2.0,0.5470373181808101,1.0940746363616158,ZINCf50000009zuM_m01_t03,TRP23;SER20,2.0,-4.661659302488143
968,native_first,ZINCf5000000aj3k,NCCN(CCN)C(=O)c1cc(Br)no1,1133,871,871,0,1,1,10.714285714285714,14.035426252508884,0.8762324572820508,12.298296034236865,3,277.122,-0.20329999999999976,2.0,5.0,5.0,1.0,,,,22.891259571188275,8.0,4.0,4.0,4.0,3.0,1.0,,,,,7.334841292083537,4.087300108237011,35.7003620161515,11.223945861859722,397,16,6,0.6106502746852758,0.7025483707051685,5.577579134355692,4.2207498523212434,28,34.578611632587084,2.0,0.5614726373980469,1.122945274796094,ZINCf5000000aj3k_m01_t01,TRP23;SER20,3.0,24.390169265112746
969,native_first,ZINCf5000002oIq2,O=C(N[C@@H]1CNC[C@H]1O)c1csc(I)n1,762,177,177,1,1,1,17.857142857142858,20.731008121704747,0.6506335395134426,13.488289191906684,5,339.158,-0.1897999999999994,3.0,5.0,2.0,1.0,,,,26.900792975049644,9.0,5.0,4.0,5.0,3.0,1.0,,,,,9.304303949260209,5.337182199193907,36.24567474048443,13.703426205707569,204,16,13,1.5151573598041603,1.5157114391247097,8.622706883572002,7.118721946085939,28,34.578611632587084,2.0,0.5765612099540716,1.1531224199081436,ZINCf5000002oIq2_m01_t01,TRP23;SER20,0.0,50.496363865465796
970,native_first,ZINCf50000009sq1,COC(CNC(=O)c1nsnc1O)OC,619,144,144,1,1,1,10.714285714285714,15.48021141629053,0.8992185575260829,13.92009337995557,3,233.249,-0.4076000000000002,2.0,7.0,5.0,1.0,,,,27.71640299041971,10.0,5.0,5.0,5.0,3.0,1.0,,,,,14.437627557588401,8.523872598126632,47.1490235141417,17.75732141579623,1284,16,6,0.6008914884810787,0.7378474973582029,8.622706883572002,8.12163362001589,28,34.578611632587084,2.0,0.577274746454473,1.1545494929089442,ZINCf50000009sq1_m01_t02,TRP23;SER20,2.0,16.266634611557013
971,native_first,ZINCf50000009Xjr,C[C@H](N)CN(C)C(=O)c1nn(C)nc1Br,921,1238,1238,0,0,1,10.714285714285714,14.035426252508884,0.9296115747787972,13.047494701286455,3,276.138,-0.0032000000000000917,1.0,5.0,3.0,1.0,,,,21.833912262437483,8.0,5.0,3.0,5.0,3.0,1.0,,,,,10.20689699388143,5.619089016709735,55.613805155089544,13.113650811020443,779,16,4,0.43251889028695484,0.5745971131483093,5.577579134355692,4.808120403425902,28,34.578611632587084,2.0,0.5851919995563821,1.1703839991127643,ZINCf50000009Xjr_m01_t01,TRP23;SER20,2.0,45.7981484447499
972,native_first,ZINCf50000017Y6B,C[C@H]1CNC[C@H]1NC(=O)c1c[nH]nc1F,1519,704,704,0,1,1,14.285714285714286,17.040662921434695,0.5619451907870552,9.575918576523517,4,212.228,-0.11350000000000005,3.0,3.0,2.0,1.0,,,,26.900792975049644,9.0,5.0,4.0,5.0,3.0,1.0,,,,,10.341337023534077,5.94909524431235,39.516627791914054,14.48120101141297,951,16,3,1.5143680675206854,2.039840700975166,8.317947102500712,6.2898687634045185,28,34.578611632587084,2.0,0.5890630273065406,1.1781260546130783,ZINCf50000017Y6B_m02_t06,TRP23;SER20,0.0,3.015773886414067
973,native_first,ZINCf50000008XrD,CCN(CCOC)C(=O)c1ncn(C)n1,1311,824,824,0,1,1,10.714285714285714,15.315268646616897,0.742541828331547,11.372227582247728,3,212.25300000000001,-0.07640000000000002,0.0,5.0,5.0,1.0,,,,23.439650954636754,9.0,6.0,3.0,6.0,3.0,1.0,,,,,7.670086545803823,4.21427612145083,42.617435044359944,11.612477648012055,402,16,7,0.9338471710071409,1.3142467561565063,7.259444124724703,5.792768249299178,28,34.578611632587084,2.0,0.5948547920251245,1.189709584050247,ZINCf50000008XrD_m01_t01,TRP23;SER20,0.0,83.76887018048674
974,native_first,ZINCf5000002s7NE,COC[C@@H](N)C(=O)Nc1nnc(C#N)s1,766,83,83,1,1,1,10.714285714285714,15.315268646616897,0.8801159997452659,13.479212976284556,3,227.24900000000002,-0.6780200000000001,2.0,7.0,4.0,1.0,,,,29.773798719106704,10.0,5.0,5.0,5.0,3.0,1.0,,,,,14.339080121233774,8.52627228103641,45.056386047731436,18.197759770702007,1014,16,13,0.7339039965149324,0.6185054438280968,7.259444124724703,5.963913736847841,28,34.578611632587084,2.0,0.6000006025757993,1.2000012051515965,ZINCf5000002s7NE_m01_t08,TRP23;SER20,1.0,40.017006395548606
975,native_first,ZINCf5000000S7uO,O=C(O)CN(CC(=O)O)Cc1csnn1,699,89,89,1,1,1,17.857142857142858,20.731008121704747,0.6595167948101323,13.672448029609535,5,231.233,-0.49070000000000014,2.0,6.0,6.0,1.0,,,,29.773798719106704,10.0,5.0,5.0,5.0,3.0,1.0,,,,,7.691145494352841,4.459524460414452,27.932857520486383,13.211808800541307,293,16,4,1.3596763960793758,1.496162850576519,8.622706883572002,6.855922854337305,28,34.578611632587084,2.0,0.6240741673061189,1.2481483346122344,ZINCf5000000S7uO_m02_t02,TRP23;SER20,0.0,47.82042474626678
976,native_first,ZINCf50000009dbN,CN(C)S(=O)(=O)NC(=O)Cc1ccns1,1021,763,763,0,1,1,10.714285714285714,15.48021141629053,0.8224358943343119,12.731481520641125,3,249.317,-0.3917999999999999,1.0,5.0,4.0,1.0,,,,24.83149297042401,9.0,5.0,4.0,5.0,3.0,1.0,,,,,9.080772581444377,5.102404061679681,41.22091266243578,13.018452678689286,1228,16,7,0.6416804617158319,1.0346260695232272,8.622706883572002,7.330242410708002,28,34.578611632587084,2.0,0.6291528548739481,1.2583057097478942,ZINCf50000009dbN_m01_t05,TRP23;SER20,2.0,-167.7291461729514
977,native_first,ZINCf5000002aSaC,COC[C@H](CO)NC(=O)c1c[nH]nc1Br,674,77,77,1,1,1,14.285714285714286,19.005613846886952,0.7234545535586263,13.749697880707247,4,278.106,-0.09070000000000011,3.0,4.0,5.0,1.0,,,,29.898373683036166,10.0,5.0,5.0,5.0,3.0,1.0,,,,,11.896657439881688,7.103542221819915,36.57696533379593,16.39708650067031,128,16,11,1.3686497568740665,1.3129739700919139,8.622706883572002,8.080175780100072,28,34.578611632587084,2.0,0.6758502474153117,1.351700494830621,ZINCf5000002aSaC_m01_t02,TRP23;SER20,2.0,23.75399431042673
978,native_first,ZINCf5000000a9uR,Cc1nocc1CN(CCO)S(C)(=O)=O,838,910,910,1,0,1,10.714285714285714,15.315268646616897,0.8679277438601869,13.29254656307086,3,234.277,-0.26307999999999976,1.0,5.0,5.0,1.0,,,,21.833912262437483,8.0,5.0,3.0,5.0,3.0,1.0,,,,,8.013593238519547,4.381536427810955,46.84830633284241,11.468672994499032,117,16,12,0.7669206214716879,0.7271597507945838,7.259444124724703,6.130228063729085,28,34.578611632587084,2.0,0.6893893928121898,1.3787787856243794,ZINCf5000000a9uR_m01_t01,TRP23;SER20,3.0,-54.61014243034308
979,native_first,ZINCf5000000akjg,NC[C@H](CO)NS(=O)(=O)c1sncc1Br,460,1202,1202,1,0,1,14.285714285714286,19.005613846886952,0.7576475895065812,14.3995575181868,4,316.202,-0.49650000000000016,3.0,6.0,5.0,1.0,,,,25.051976896597917,8.0,4.0,4.0,4.0,2.0,1.0,,,,,6.4609154906121,3.6103025838065435,30.704458143482533,11.108680842108553,360,16,6,1.0611066096228425,1.1173181188738217,8.622706883572002,7.0531100725144675,28,34.578611632587084,2.0,0.7201988690760729,1.4403977381521447,ZINCf5000000akjg_m01_t01,TRP23;SER20,1.0,-51.57595249119075
980,native_first,ZINCf50000009e7L,CN(CC(N)=O)Cc1nc(C(F)F)no1,1211,764,764,0,1,1,14.285714285714286,17.205605691108325,0.6932362338367322,11.92754929018378,4,220.179,-0.07570000000000005,1.0,5.0,5.0,1.0,,,,24.83149297042401,9.0,5.0,4.0,5.0,3.0,1.0,,,,,8.132707229602763,4.518983377623335,40.59782608695652,12.307403664808074,1213,16,15,1.218237810609111,1.4240107418604595,8.622706883572002,7.065677484846494,28,34.578611632587084,2.0,0.734720508152843,1.4694410163056837,ZINCf50000009e7L_m02_t01,TRP23;SER20,2.0,62.040828204176194
981,native_first,ZINCf50000009fjJ,CN(CCS(N)(=O)=O)c1ncncc1Cl,1089,1332,1332,0,0,1,14.285714285714286,17.205605691108325,0.7250784235507362,12.475413450744398,4,250.711,-0.1452999999999997,1.0,5.0,4.0,1.0,,,,20.006349551192564,7.0,4.0,3.0,4.0,3.0,1.0,,,,,4.404344725011347,2.339821296728678,37.433561123766125,8.30484593155665,1483,16,0,1.1776356551243223,1.2977558021988,8.622706883572002,7.2719036291874755,28,34.578611632587084,2.0,0.752116180739853,1.5042323614797057,ZINCf50000009fjJ_m01_t01,TRP23;SER20,1.0,-86.6362750728717
982,native_first,ZINCf50000009duI,CN(C)c1noc(CSC[C@@H](O)CO)n1,796,345,345,1,1,1,14.285714285714286,17.205605691108325,0.7789192222802289,13.401777003778378,4,233.29299999999998,-0.27800000000000014,2.0,7.0,6.0,1.0,,,,24.71882228243319,9.0,5.0,4.0,5.0,3.0,1.0,,,,,13.270042220992487,7.637012723677561,50.57102272727272,16.132237236352665,691,16,8,1.2307779579185547,1.0591297870776495,8.622706883572002,8.000651632783033,28,34.578611632587084,2.0,0.7626205135115568,1.5252410270231138,ZINCf50000009duI_m01_t01,TRP23;SER20,1.0,3.483374781903546
983,native_first,ZINCf500000185zQ,N[C@@H](CO)CNc1cccnc1[N+](=O)[O-],637,36,36,1,1,1,14.285714285714286,17.205605691108325,0.8065784565764359,13.877670882796894,4,212.209,-0.2787000000000006,3.0,6.0,5.0,1.0,,,,36.36134085959774,9.0,6.0,3.0,6.0,3.0,1.0,,,,,9.83992631366284,5.726523797480674,34.9313922356091,16.470279950146566,1454,16,3,1.185806798065015,0.9286230895744366,8.622706883572002,8.06611877537748,28,34.578611632587084,2.0,0.7994168170885453,1.5988336341770903,ZINCf500000185zQ_m01_t01,TRP23;SER20,2.0,170.9320087305196
984,native_first,ZINCf5000000WBlq,Cc1oncc1S(=O)(=O)NCS(=O)(=O)O,335,262,262,1,1,1,17.857142857142858,20.731008121704747,0.713041888570323,14.782077183067058,5,256.26099999999997,-0.8933799999999998,2.0,6.0,4.0,1.0,,,,25.88884027917479,9.0,4.0,5.0,4.0,3.0,1.0,,,,,11.458390989834363,6.592605710354378,43.74551778542744,15.066003312169467,805,16,8,1.324948695904085,1.3439134250797815,8.622706883572002,7.615348179573133,28,34.578611632587084,2.0,0.7998466844427105,1.5996933688854211,ZINCf5000000WBlq_m02_t01,TRP23;SER20,0.0,-36.65072183287949
985,native_first,ZINCf50000009fjA,CN(CCS(N)(=O)=O)c1ncc(Br)cn1,841,992,992,1,0,1,14.285714285714286,17.205605691108325,0.7714575059068033,13.273393654078328,4,295.162,-0.0361999999999999,1.0,5.0,4.0,1.0,,,,20.006349551192564,7.0,4.0,3.0,4.0,3.0,1.0,,,,,4.40454226641137,2.339821296728678,37.46212121212121,8.304994087606667,485,16,2,1.0100223666546917,1.093766812515513,8.622706883572002,7.1638836316570345,28,34.578611632587084,2.0,0.8066162039514717,1.6132324079029416,ZINCf50000009fjA_m01_t01,TRP23;SER20,0.0,-153.60353688508695
986,native_first,ZINCf50000028HLN,Cn1cc(S(=O)(=O)NCP(C)(C)=O)nn1,1304,715,715,0,1,1,10.714285714285714,15.48021141629053,0.7372370758563509,11.41258579818413,3,252.236,-0.3264,1.0,6.0,4.0,1.0,,,,26.647877261431002,10.0,6.0,4.0,6.0,3.0,1.0,,,,,9.68962699388833,5.517120841672522,39.757741347905274,13.929189560773997,571,16,11,0.9050229579062161,1.3057378241425164,8.622706883572002,6.932898864727714,28,34.578611632587084,2.0,0.8077146590277668,1.6154293180555337,ZINCf50000028HLN_m01_t01,TRP23;SER20,1.0,12.802426030441488
987,native_first,ZINCf50000024KJR,CC[S@](=N)(=O)NC(=O)Cn1cc(I)nn1,930,847,847,0,1,1,10.714285714285714,15.315268646616897,0.8491027168042101,13.004236216428746,3,343.15,-0.019430000000000447,2.0,6.0,4.0,1.0,,,,23.00393025917909,8.0,4.0,4.0,4.0,3.0,1.0,,,,,8.840333454234152,4.913220179846628,44.04644616467276,12.381232655470386,148,16,12,0.7272381934611746,0.821997140480545,7.259444124724703,5.935543782299157,28,34.578611632587084,2.0,0.813168235336657,1.6263364706733139,ZINCf50000024KJR_m01_t01,TRP23;SER20,2.0,-151.80294974914867
988,native_first,ZINCf50000009foj,CN(CCn1cnnc1)S(=O)(=O)C1CC1,1506,1435,1435,0,0,1,10.714285714285714,11.110579072050971,0.9149793998022281,10.165950970800393,3,230.29299999999995,-0.29789999999999983,0.0,5.0,5.0,1.0,,,,16.798123244398315,6.0,4.0,2.0,4.0,3.0,1.0,,,,,6.107407699347001,3.212046699165506,61.94557823129251,8.780086585609832,650,16,1,0.6203783250596671,0.6148121264956847,8.622706883572002,8.06278325680229,28,34.578611632587084,2.0,0.8168902321900272,1.6337804643800533,ZINCf50000009foj_m01_t01,TRP23;SER20,2.0,-31.408827835679286
989,native_first,ZINCf50000009FO4,CS(=O)(=O)CCNc1nccnc1C#N,398,180,180,1,1,1,14.285714285714286,17.205605691108325,0.8488021779849461,14.604155584162928,4,226.26100000000002,-0.19522000000000034,1.0,6.0,4.0,1.0,,,,26.888888699110996,9.0,5.0,4.0,5.0,3.0,1.0,,,,,7.602174924692497,4.310184192594789,32.18128524784803,12.423853368297122,1070,16,4,0.8223145268225074,0.9035611794064463,8.622706883572002,7.973331323824471,28,34.578611632587084,2.0,0.8200830339132709,1.640166067826545,ZINCf50000009FO4_m01_t02,TRP23;SER20,1.0,73.11074883675596
990,native_first,ZINCf50000009FlW,COc1ncc(S(=O)(=O)N[C@@H](C)CO)s1,1159,864,864,0,1,1,14.285714285714286,19.005613846886952,0.6412652052163795,12.187638863787226,4,252.317,-0.18919999999999998,2.0,6.0,5.0,1.0,,,,22.891259571188275,8.0,4.0,4.0,4.0,3.0,1.0,,,,,10.279856838618254,5.680088291507285,54.049270848081555,13.43270752176076,1344,16,11,1.463808354637783,1.4028580258545729,8.622706883572002,6.369796866878496,28,34.578611632587084,2.0,0.8224447430476094,1.6448894860952175,ZINCf50000009FlW_m01_t01,TRP23;SER20,0.0,-66.88455775896281
991,native_first,ZINCf50000026Tyw,COS(=O)(=O)N[C@@H](C)Cc1cnccn1,753,488,488,1,1,1,14.285714285714286,17.205605691108325,0.7849841862264337,13.506128381967565,4,231.277,-0.11160000000000037,1.0,5.0,5.0,1.0,,,,23.00393025917909,8.0,4.0,4.0,4.0,3.0,1.0,,,,,7.306712709118951,4.005188899585919,41.58905287290442,11.231017096633986,913,16,10,1.0937944076075676,1.1207856211403964,8.622706883572002,8.039788719390021,28,34.578611632587084,2.0,0.8334064502772116,1.6668129005544206,ZINCf50000026Tyw_m01_t02,TRP23;SER20,3.0,-68.74430723905076
992,native_first,ZINCf500000184mH,NC[C@@H](CO)NS(=O)(=O)c1nc(Br)cs1,1228,1504,1504,0,0,1,10.714285714285714,15.315268646616897,0.7727599734450328,11.835026592663215,3,316.202,-0.49650000000000016,3.0,6.0,5.0,1.0,,,,25.051976896597917,8.0,4.0,4.0,4.0,2.0,1.0,,,,,5.49575484109069,3.05920731389962,27.00134770889488,10.384810354967497,169,16,8,1.1307792881155347,1.0488231152786698,7.259444124724703,5.97632306580551,28,34.578611632587084,2.0,0.8353930539748028,1.6707861079496071,ZINCf500000184mH_m01_t01,TRP23;SER20,2.0,29.492523041011605
993,native_first,ZINCf500000097AT,CC[C@H](CO)NS(=O)(=O)c1[nH]cnc1C,556,103,103,1,1,1,17.857142857142858,20.731008121704747,0.6793368408244558,14.083337564505037,5,233.293,-0.23268000000000022,3.0,4.0,5.0,1.0,,,,28.72835568629456,10.0,6.0,4.0,6.0,3.0,1.0,,,,,9.686972360704685,5.650585797286977,33.909735112996856,14.447318192102154,775,16,14,1.5947715399176694,1.353683086036824,8.622706883572002,7.529790628097984,28,34.578611632587084,2.0,0.8999815476300025,1.7999630952600034,ZINCf500000097AT_m01_t02,TRP23;SER20,3.0,30.152765696115832
994,native_first,ZINCf50000009Wf6,C[C@H](CO)NS(=O)(=O)c1cnn(C)c1I,604,534,534,1,1,1,10.714285714285714,15.48021141629053,0.9021075225473736,13.964815169259419,3,345.162,-0.31620000000000026,2.0,5.0,4.0,1.0,,,,22.891259571188275,8.0,4.0,4.0,4.0,3.0,1.0,,,,,9.37029902774424,5.203093637380958,47.06544686840254,12.750539163605248,530,16,0,0.6993449384233267,0.683058925013937,8.622706883572002,8.331920854576667,28,34.578611632587084,2.0,0.9098920350581327,1.8197840701162615,ZINCf50000009Wf6_m01_t01,TRP23;SER20,1.0,-38.58030039198684
995,native_first,ZINCf5000000ad2v,Cn1nnnc1S(=O)(=O)NCC(C)(C)F,1223,1330,1330,0,0,1,10.714285714285714,15.315268646616897,0.7748041361430149,11.866333493540205,3,237.25999999999996,-0.7634999999999998,1.0,6.0,4.0,1.0,,,,20.006349551192564,7.0,4.0,3.0,4.0,3.0,1.0,,,,,5.610876326938039,3.0205612859904876,39.39138576779027,9.209744633001671,1237,16,8,0.7333573447594054,1.1797747057006402,7.259444124724703,5.606154090188114,28,34.578611632587084,2.0,0.9369652671205528,1.8739305342411035,ZINCf5000000ad2v_m01_t01,TRP23;SER20,0.0,-52.2696873941462
996,native_first,ZINCf50000009vOz,COCCS(=O)(=O)N(C)c1ccnn1C,1522,825,825,0,1,1,7.142857142857143,10.226746550771432,0.8969462653116554,9.17284212500329,2,233.293,-0.1675000000000002,0.0,5.0,5.0,1.0,,,,23.439650954636754,9.0,6.0,3.0,6.0,3.0,1.0,,,,,7.580971515818925,4.171959230461471,41.45439508506617,11.545641375523383,1199,16,1,0.0704522843052216,0.14090456861043954,4.0230026099917,4.163907178602139,28,34.578611632587084,2.0,0.9561531346115718,1.9123062692231434,ZINCf50000009vOz_m01_t01,TRP23;SER20,0.0,-5.640762399887054
997,native_first,ZINCf50000009zwx,COC[C@H](Nc1cnc(I)nc1)C(N)=O,1275,1507,1507,0,0,1,14.285714285714286,17.205605691108325,0.6739521010672602,11.595754105657265,4,322.10600000000005,-0.00660000000000005,2.0,5.0,5.0,1.0,,,,24.04002420072306,8.0,3.0,5.0,3.0,2.0,1.0,,,,,11.175637402778554,6.308743985925534,48.898434252459474,14.39173410226468,140,16,15,1.356553068500365,1.378832926389238,8.622706883572002,6.77793007598713,28,34.578611632587084,2.0,0.9636947513755258,1.9273895027510477,ZINCf50000009zwx_m01_t04,TRP23;SER20,3.0,67.03957073199045
998,native_first,ZINCf50000009Oaj,C[C@@H](c1nnnn1C)S(=O)(=O)[C@H](C)CO,1102,821,821,0,1,1,10.714285714285714,15.315268646616897,0.8111488611829254,12.422962721413858,3,234.28099999999998,-0.9332999999999994,1.0,7.0,4.0,1.0,,,,23.65029655344448,9.0,6.0,3.0,6.0,3.0,1.0,,,,,9.396401614233152,5.266853667324431,43.51466049382715,12.959875349035984,1431,16,12,1.0268436370453369,0.9914172987759412,7.259444124724703,6.5439698721897015,28,34.578611632587084,2.0,0.9778634268325623,1.9557268536651264,ZINCf50000009Oaj_m01_t01,TRP23;SER20,0.0,-6.143503744305548
999,native_first,ZINCf50000027PC8,COC[C@H](Nc1cncc(I)n1)C(N)=O,1303,681,681,0,1,1,14.285714285714286,17.205605691108325,0.6642173855654889,11.428262429218668,4,322.10600000000005,-0.00660000000000005,2.0,5.0,5.0,1.0,,,,27.92498264065497,9.0,4.0,5.0,4.0,3.0,1.0,,,,,8.293305973828295,4.764599332278943,31.972258110824004,13.201225140534964,488,16,11,1.3897916970150612,1.4593822383804052,8.622706883572002,6.91530056323386,28,34.578611632587084,2.0,1.0077031488506873,2.0154062977013734,ZINCf50000027PC8_m01_t02,TRP23;SER20,3.0,24.978433600008874
1000,native_first,ZINCf50000009srB,COC(CSc1nc(=N)[nH]c(=N)[nH]1)OC,1336,1241,1241,0,0,1,10.714285714285714,15.315268646616897,0.7271013313087492,11.13575222230629,3,231.28100000000006,-0.5922599999999998,4.0,6.0,5.0,1.0,,,,21.833912262437483,8.0,5.0,3.0,5.0,3.0,1.0,,,,,9.744069175762501,5.311785017495648,58.84974427727294,12.766529947431247,172,16,14,1.3088808563878322,1.3046756613283685,7.259444124724703,6.49089082939191,28,34.578611632587084,2.0,1.031191203106373,2.062382406212743,ZINCf50000009srB_m01_t05,TRP23;SER20,1.0,-250.88396382619445
1001,native_first,ZINCf50000027uXI,N#Cc1cc(N(CCO)CCCO)no1,819,261,261,1,1,1,10.714285714285714,15.315268646616897,0.8704000807087863,13.33041106609209,3,211.22099999999998,-0.27262000000000003,2.0,6.0,6.0,1.0,,,,25.88884027917479,9.0,4.0,5.0,4.0,3.0,1.0,,,,,12.75982031986516,7.368304201598966,47.5611111111111,16.042075309692567,587,16,14,0.8234665724144784,0.7383490743088094,7.259444124724703,6.422475304836763,28,34.578611632587084,2.0,1.0342194741133772,2.0684389482267527,ZINCf50000027uXI_m01_t01,TRP23;SER20,0.0,1.4263537776633548
1002,native_first,ZINCf50000018cu8,O=S(=O)(C[C@@H](O)CF)c1nc(CO)cs1,225,539,539,1,1,1,17.857142857142858,20.731008121704747,0.7319513306053373,15.174088979471845,5,255.29199999999997,-0.26050000000000034,2.0,6.0,5.0,1.0,,,,22.891259571188275,8.0,4.0,4.0,4.0,3.0,1.0,,,,,8.391212359536022,4.638345647037875,43.95513185353824,12.016224162449085,546,16,11,1.2157812611754306,1.1457609228151444,8.622706883572002,6.945010938552932,28,34.578611632587084,2.0,1.0374242456582783,2.0748484913165566,ZINCf50000018cu8_m01_t01,TRP23;SER20,0.0,70.15732539623328
1003,native_first,ZINCf50000025u3r,COC(=O)[C@H](CO)Sc1nncc(O)n1,867,1222,1222,1,0,1,10.714285714285714,15.48021141629053,0.8506951416778937,13.168940643985021,3,231.233,-0.7968000000000004,2.0,8.0,4.0,1.0,,,,21.04244349273654,7.0,3.0,4.0,3.0,2.0,1.0,,,,,8.57940211474712,4.671731784402041,52.45738459624236,11.695162459244475,88,16,3,0.8553689484542151,0.7183893793766991,8.622706883572002,7.254660942847521,28,34.578611632587084,2.0,1.044730042885092,2.0894600857701837,ZINCf50000025u3r_m01_t03,TRP23;SER20,3.0,5.506700113924289
1004,native_first,ZINCf500000093BE,CCS(=O)(=O)NCc1nccc(OC)n1,732,326,326,1,1,1,14.285714285714286,17.205605691108325,0.7883426617948937,13.563912988321707,4,231.27700000000002,-0.07550000000000034,1.0,5.0,5.0,1.0,,,,24.83149297042401,9.0,5.0,4.0,5.0,3.0,1.0,,,,,10.229297581922356,5.724018113153331,48.043676069153776,13.87984642904777,1163,16,3,1.1267227901957884,1.0678409941312055,8.622706883572002,7.950599899419806,28,34.578611632587084,2.0,1.0682537101377425,2.136507420275483,ZINCf500000093BE_m01_t01,TRP23;SER20,0.0,-86.4926158819051
1005,native_first,ZINCf500000256q2,[N-]=[N+]=NCCNCC(=O)Nc1cnn[nH]1,1251,629,629,0,1,1,10.714285714285714,15.315268646616897,0.7662947220284404,11.736009530350183,3,210.20100000000002,-0.35690000000000016,3.0,5.0,6.0,1.0,,,,31.257783911378677,9.0,5.0,4.0,5.0,3.0,1.0,,,,,15.317439978531459,8.974048193151324,52.25290697674419,19.302525961743264,274,16,10,1.3004600344597501,1.0280721589065334,7.259444124724703,6.257543522308232,28,34.578611632587084,2.0,1.1018513188176196,2.203702637635236,ZINCf500000256q2_m01_t06,TRP23;SER20,3.0,17.7735291209549
1006,native_first,ZINCf50000009rCK,COC(=O)[C@H](C)NS(=O)(=O)c1cscn1,1483,851,851,0,1,1,10.714285714285714,15.315268646616897,0.680072422910071,10.415491856023396,3,250.30100000000002,-0.017100000000000504,1.0,6.0,4.0,1.0,,,,23.00393025917909,8.0,4.0,4.0,4.0,3.0,1.0,,,,,6.4054421711821865,3.5014680547629142,37.53753753753754,10.555064193181412,1037,16,6,1.0109121338214297,1.5488209088795097,7.259444124724703,5.359415402646229,28,34.578611632587084,2.0,1.1118166166409615,2.2236332332819195,ZINCf50000009rCK_m01_t01,TRP23;SER20,1.0,8.635529234816179
1007,native_first,ZINCf5000002rS98,Cn1nccc1S(=O)(=O)Nc1nnco1,1282,1499,1499,0,0,1,10.714285714285714,15.48021141629053,0.7460788484480583,11.549458307198524,3,229.221,-0.39610000000000034,1.0,7.0,3.0,1.0,,,,25.989879989618323,8.0,4.0,4.0,4.0,2.0,1.0,,,,,5.809512048148432,3.2081531760896627,30.715193608425256,10.854604033515905,87,16,12,0.8193561319747422,1.2221904412957063,8.622706883572002,6.666404237681464,28,34.578611632587084,2.0,1.116742660012107,2.233485320024209,ZINCf5000002rS98_m01_t01,TRP23;SER20,0.0,-66.17678651617845
1008,native_first,ZINCf50000026Fx1,[N-]=[N+]=NCCNCC(=O)Nc1nn[nH]n1,1362,608,608,0,1,1,14.285714285714286,15.036168524741624,0.7225486278448621,10.864362935596164,4,211.18900000000002,-0.9619,3.0,6.0,6.0,1.0,,,,35.07788666032868,10.0,6.0,4.0,6.0,3.0,1.0,,,,,16.79150002620409,10.180025189351634,47.9012137559002,21.36309668473524,1021,16,13,1.5727519372914105,1.1719146569705876,7.155285109623515,6.6314713280902895,28,34.578611632587084,2.0,1.1381571476801726,2.2763142953603417,ZINCf50000026Fx1_m01_t06,TRP23;SER20,0.0,-34.278667002265564
1009,native_first,ZINCf50000017JcP,COC(=O)c1nsc(N(CCO)OC)n1,1062,761,761,0,1,1,14.285714285714286,19.005613846886952,0.663096992054624,12.602565374022449,4,233.249,-0.31520000000000015,1.0,8.0,5.0,1.0,,,,24.83149297042401,9.0,5.0,4.0,5.0,3.0,1.0,,,,,12.409928764049758,7.040267004668782,52.29793947688564,15.51531981564332,178,16,5,1.4251355218458084,1.3145510364066986,8.622706883572002,6.481216704762285,28,34.578611632587084,2.0,1.1497630262171505,2.2995260524342997,ZINCf50000017JcP_m01_t01,TRP23;SER20,3.0,95.77823433382582
1010,native_first,ZINCf5000001ofcB,CN(CCO)c1ncnc(N)c1[N+](=O)[O-],824,40,40,1,1,1,10.714285714285714,14.035426252508884,0.9488842423059649,13.317994805053141,3,213.19699999999997,-0.6045000000000003,2.0,7.0,4.0,1.0,,,,34.397706822612335,9.0,6.0,3.0,6.0,3.0,1.0,,,,,9.342508734731474,5.255769277796704,42.002410468319546,15.60630825670169,819,16,13,0.49847576960587947,0.4775775598889324,5.577579134355692,5.480821584488042,28,34.578611632587084,2.0,1.1544659277756872,2.308931855551373,ZINCf5000001ofcB_m01_t05,TRP23;SER20,0.0,-3.596978579383224
1011,native_first,ZINCf5000002e086,CN(CC#N)S(=O)(=O)NCc1cnsn1,1330,760,760,0,1,1,10.714285714285714,15.48021141629053,0.7240458440561255,11.208382741075347,3,247.305,-0.67212,1.0,6.0,5.0,1.0,,,,24.83149297042401,9.0,5.0,4.0,5.0,3.0,1.0,,,,,12.749373363172879,7.366956357973378,47.32789855072465,15.76990326498566,1360,16,10,1.0600154136637687,1.3408235368433468,8.622706883572002,7.108698738530492,28,34.578611632587084,2.0,1.1568519715303096,2.3137039430606183,ZINCf5000002e086_m01_t01,TRP23;SER20,1.0,-198.6228889354985
1012,native_first,ZINCf500000187Mb,O=C(CSC(F)F)NOCc1nn[nH]n1,1357,736,736,0,1,1,10.714285714285714,15.315268646616897,0.7130709496698489,10.920873158291972,3,239.20700000000002,-0.29670000000000035,2.0,6.0,6.0,1.0,,,,25.88884027917479,9.0,4.0,5.0,4.0,3.0,1.0,,,,,8.805906736034322,4.981858664932767,37.89029311809687,13.076640121819437,886,16,13,0.8682937080816312,1.3785757883471799,7.259444124724703,5.22754684448198,28,34.578611632587084,2.0,1.1592399481899174,2.3184798963798325,ZINCf500000187Mb_m01_t03,TRP23;SER20,3.0,31.97399050057714
1013,native_first,ZINCf5000000axCu,O=S(=O)(c1cscn1)N(CCO)CCO,1247,872,872,0,1,1,14.285714285714286,17.205605691108325,0.6827873733129227,11.747770316089728,4,252.31699999999995,-0.8815999999999997,2.0,6.0,6.0,1.0,,,,22.891259571188275,8.0,4.0,4.0,4.0,3.0,1.0,,,,,5.802640560962165,3.2057842944159005,30.54878922481731,10.074795313518692,289,16,13,1.1587446428015344,1.3567273065656107,8.622706883572002,6.455009055047153,28,34.578611632587084,2.0,1.1675475611845303,2.3350951223690597,ZINCf5000000axCu_m01_t01,TRP23;SER20,1.0,48.41347154753471
1014,native_first,ZINCf5000002ovE3,Cc1nncn1NC(=O)[C@@H](N)CN=[N+]=[N-],1510,632,632,0,1,1,14.285714285714286,15.036168524741624,0.6684316195892386,10.050650479409777,4,210.201,-0.7057800000000003,2.0,6.0,4.0,1.0,,,,31.257783911378677,9.0,5.0,4.0,5.0,3.0,1.0,,,,,11.285999311062005,6.467873902940332,44.24699924981244,16.278945461141173,1161,16,4,1.5966419354074821,1.52195006968848,7.155285109623515,6.805334464471739,28,34.578611632587084,2.0,1.1759143398814937,2.3518286797629857,ZINCf5000002ovE3_m02_t02,TRP23;SER20,1.0,0.20291417629381314
1015,native_first,ZINCf5000000991p,CC[C@H](Sc1nnc(O)n1CC)C(N)=O,920,531,531,1,1,1,14.285714285714286,17.205605691108325,0.7583897007492408,13.048554151289077,4,230.29299999999998,0.3595999999999998,2.0,6.0,5.0,1.0,,,,22.891259571188275,8.0,4.0,4.0,4.0,3.0,1.0,,,,,9.717881824003198,5.358690070908526,52.10125511211394,13.011226260799466,941,16,12,1.1000361898822517,1.1156563878007184,8.622706883572002,7.162761670629476,28,34.578611632587084,2.0,1.1793241712919982,2.358648342583992,ZINCf5000000991p_m01_t06,TRP23;SER20,0.0,-33.2420391280439
1016,native_first,ZINCf50000018cDk,O=S(=O)(NCc1cnon1)[C@H]1CC1(F)F,1290,1331,1331,0,0,1,10.714285714285714,15.315268646616897,0.7521202774235942,11.518924103310374,3,239.20299999999995,-0.10340000000000016,1.0,5.0,4.0,1.0,,,,20.006349551192564,7.0,4.0,3.0,4.0,3.0,1.0,,,,,4.632248626564337,2.460709170574117,39.41843180973616,8.475773857721395,381,16,9,0.779534345512562,1.2848125732218536,7.259444124724703,5.576910846906912,28,34.578611632587084,2.0,1.1804492675945177,2.3608985351890306,ZINCf50000018cDk_m01_t01,TRP23;SER20,3.0,-117.63510022958019
1017,native_first,ZINCf5000000ZwR3,Cn1nnc(CNS(C)(=O)=O)c1C(F)F,1359,1242,1242,0,0,1,10.714285714285714,15.315268646616897,0.711381456121262,10.894998110718637,3,240.23499999999996,-0.19809999999999994,1.0,5.0,4.0,1.0,,,,21.833912262437483,8.0,5.0,3.0,5.0,3.0,1.0,,,,,7.481816360957382,4.066116313309182,46.77302393038435,11.069840336327406,1426,16,1,0.9472152714281551,1.46324598252602,7.259444124724703,5.64672194602335,28,34.578611632587084,2.0,1.182181836138432,2.3643636722768626,ZINCf5000000ZwR3_m01_t01,TRP23;SER20,3.0,-103.05549555340846
1018,native_first,ZINCf5000000abXE,Cn1ncc(N)c1C(=O)NS(=O)(=O)CI,402,269,269,1,1,1,14.285714285714286,17.205605691108325,0.8484293031069919,14.59774004604073,4,344.134,-0.5455999999999999,2.0,6.0,3.0,1.0,,,,25.88884027917479,9.0,4.0,5.0,4.0,3.0,1.0,,,,,9.078629701149351,5.165510240674802,37.44498556998557,13.281182345655711,742,16,6,0.766220687235836,0.7607902687374754,8.622706883572002,7.149325119701979,28,34.578611632587084,2.0,1.2024010145502655,2.4048020291005283,ZINCf5000000abXE_m01_t04,TRP23;SER20,2.0,-119.28879376369446
1019,native_first,ZINCf5000002oGSO,N#CCCC(=O)NS(=O)(=O)c1ncsn1,1511,706,706,0,1,1,10.714285714285714,15.315268646616897,0.6490630361866336,9.940574767787119,3,246.273,-0.3532199999999998,1.0,7.0,4.0,1.0,,,,26.888888699110996,9.0,5.0,4.0,5.0,3.0,1.0,,,,,7.765972955164492,4.414186418809816,32.26699561403509,12.546701891151118,821,16,14,1.0983411930973557,1.7175515795222431,7.259444124724703,5.401464169337505,28,34.578611632587084,2.0,1.213243438892052,2.426486877784101,ZINCf5000002oGSO_m01_t02,TRP23;SER20,2.0,-23.400358409857596
1020,native_first,ZINCf50000008ML1,CC(C)(O)[C@@H](O)Cn1ncc([N+](=O)[O-])n1,957,609,609,0,1,1,14.285714285714286,17.040662921434695,0.7575723615296767,12.909535251422481,4,216.197,-0.6819000000000002,2.0,7.0,4.0,1.0,,,,34.397706822612335,9.0,6.0,3.0,6.0,3.0,1.0,,,,,12.043487966663246,6.933123410585966,45.80912508544089,17.632042680650517,1458,16,9,1.1330561549714766,1.1664631738382736,8.317947102500712,7.15160333072957,28,34.578611632587084,2.0,1.2309466873259216,2.461893374651842,ZINCf50000008ML1_m01_t01,TRP23;SER20,3.0,98.60816017606582
1021,native_first,ZINCf50000024ZZY,CN(C)c1n[nH]c(CNS(=O)(=O)CI)n1,1128,776,776,0,1,1,14.285714285714286,17.205605691108325,0.7157228951697274,12.314445918388788,4,345.166,-0.3174000000000001,2.0,5.0,5.0,1.0,,,,24.71882228243319,9.0,5.0,4.0,5.0,3.0,1.0,,,,,11.873679054724171,6.742052977187477,49.70916297935104,15.084964861651425,166,16,3,1.2318617045278843,1.247313043901532,8.622706883572002,6.97822503510091,28,34.578611632587084,2.0,1.23408062816392,2.4681612563278383,ZINCf50000024ZZY_m01_t02,TRP23;SER20,1.0,-33.78115661178357
1022,native_first,ZINCf5000002oFJC,COCOC(=O)c1coc(S(N)(=O)=O)c1,124,105,105,1,1,1,14.285714285714286,19.005613846886952,0.823139000104433,15.644261978297491,4,235.21699999999998,-0.31229999999999997,1.0,6.0,4.0,1.0,,,,28.716451410355916,10.0,6.0,4.0,6.0,3.0,1.0,,,,,12.874697718462125,7.5319308288417135,44.2960579243765,16.835136141435573,970,16,9,0.9997075593198683,0.9548684634886558,8.622706883572002,8.04476642512988,28,34.578611632587084,2.0,1.242154256670428,2.4843085133408547,ZINCf5000002oFJC_m01_t01,TRP23;SER20,3.0,-64.33173841729338
1023,native_first,ZINCf5000002rRZf,Cn1cnnc1NNC(=O)CCC1N=N1,1361,839,839,0,1,1,10.714285714285714,15.315268646616897,0.7094066112261352,10.864752830614371,3,209.213,-0.16970000000000085,2.0,7.0,5.0,1.0,,,,23.00393025917909,8.0,4.0,4.0,4.0,3.0,1.0,,,,,9.729258008229856,5.361705127734389,52.47225733951397,13.047926070967165,1114,16,0,0.950977318274721,1.4895886145509063,7.259444124724703,5.709175061197115,28,34.578611632587084,2.0,1.2513338247096324,2.5026676494192612,ZINCf5000002rRZf_m01_t04,TRP23;SER20,3.0,-9.288518082418296
1024,native_first,ZINCf5000002oC09,C[C@@H](N=[N+]=[N-])C(=O)NNc1cnnn1C,1334,691,691,0,1,1,10.714285714285714,15.48021141629053,0.7208259877381424,11.15853868454289,3,210.20100000000002,-0.04300000000000037,2.0,6.0,4.0,1.0,,,,27.2482505075173,8.0,4.0,4.0,4.0,3.0,1.0,,,,,9.381946971226814,5.211040811729908,47.00324948850644,13.848522855299436,961,16,2,1.3055518066655465,1.0764707128718711,8.622706883572002,6.680478925692931,28,34.578611632587084,2.0,1.2559433239082822,2.5118866478165653,ZINCf5000002oC09_m02_t05,TRP23;SER20,3.0,-3.9579175134736913
1025,native_first,ZINCf50000024dVA,Cc1noc([C@H](CO)NS(=O)(=O)CI)n1,185,527,527,1,1,1,17.857142857142858,20.731008121704747,0.7395238541747029,15.331075027090163,5,347.13399999999996,-0.27668000000000004,2.0,6.0,5.0,1.0,,,,22.891259571188275,8.0,4.0,4.0,4.0,3.0,1.0,,,,,10.255832103569903,5.690210376831324,51.89261180428992,13.414688970474495,627,16,0,1.2883809031689233,1.281976758453256,8.622706883572002,8.226554771634211,28,34.578611632587084,2.0,1.2849338361644855,2.5698676723289706,ZINCf50000024dVA_m01_t01,TRP23;SER20,2.0,-9.604124267551951
1026,native_first,ZINCf5000000aa1V,Cn1c(O)nnc1CNC(=O)CN=[N+]=[N-],937,614,614,0,1,1,10.714285714285714,15.315268646616897,0.8483393396370645,12.992544890035218,3,211.185,-0.5528000000000004,2.0,6.0,4.0,1.0,,,,33.10659998983041,10.0,6.0,4.0,6.0,3.0,1.0,,,,,15.244531898772554,8.937011033238045,51.81253440276793,19.71004892153702,1011,16,3,0.9402822660725986,0.7925338704590595,7.259444124724703,6.3769889324990645,28,34.578611632587084,2.0,1.3015739612724009,2.6031479225448013,ZINCf5000000aa1V_m02_t04,TRP23;SER20,1.0,-62.16145796014235
1027,native_first,ZINCf5000002aNTw,C[C@H](NC(=O)CN=[N+]=[N-])c1nnc(O)o1,969,630,630,0,1,1,10.714285714285714,15.315268646616897,0.8400476429266862,12.865555327379504,3,212.169,0.26269999999999977,2.0,6.0,4.0,1.0,,,,31.257783911378677,9.0,5.0,4.0,5.0,3.0,1.0,,,,,13.673150881140606,7.98063212022163,47.69011406844107,18.069309138700124,244,16,11,0.9878801783230107,0.8316702630065455,7.259444124724703,6.487921858032787,28,34.578611632587084,2.0,1.3093729214427154,2.618745842885433,ZINCf5000002aNTw_m01_t06,TRP23;SER20,2.0,-16.455050693169667
1028,native_first,ZINCf50000025W3C,C[C@@H](N=[N+]=[N-])C(=O)NCc1nnn(C)n1,1273,655,655,0,1,1,10.714285714285714,15.315268646616897,0.7576400861960229,11.603461457538073,3,210.20100000000002,-0.4749000000000003,1.0,6.0,4.0,1.0,,,,29.097066585969035,9.0,5.0,4.0,5.0,3.0,1.0,,,,,10.927297859654226,6.124167286647514,50.65763834762278,15.469740041232926,228,16,3,1.2424608099731562,1.0620064263290814,7.259444124724703,5.962516640470418,28,34.578611632587084,2.0,1.3268702268870234,2.653740453774046,ZINCf50000025W3C_m02_t02,TRP23;SER20,1.0,-15.983644601498762
1029,native_first,ZINCf50000009qFB,COC(=O)OCn1cc([C@H](O)CO)nn1,61,331,331,1,1,1,14.285714285714286,19.005613846886952,0.8423604776981795,16.009577959010826,4,217.181,-0.9557000000000002,2.0,8.0,4.0,1.0,,,,24.71882228243319,9.0,5.0,4.0,5.0,3.0,1.0,,,,,16.027476736642125,9.16155900741863,63.963248638838486,18.20031312308989,1292,16,6,0.9008791149292048,0.9277008154704234,8.622706883572002,8.312008438449135,28,34.578611632587084,2.0,1.344897076575464,2.689794153150925,ZINCf50000009qFB_m01_t01,TRP23;SER20,2.0,-0.06589947309452171
1030,native_first,ZINCf50000026YZ4,CN(C)c1nnc(CNS(=O)(=O)CBr)o1,1333,1237,1237,0,0,1,10.714285714285714,15.315268646616897,0.7292241839831973,11.168264281312654,3,299.15,-0.09259999999999974,1.0,6.0,5.0,1.0,,,,21.833912262437483,8.0,5.0,3.0,5.0,3.0,1.0,,,,,10.629144130773966,5.870837911521919,56.09007164790174,13.430336163689846,539,16,12,0.9058703068184116,1.3997815846196395,7.259444124724703,5.742757670814485,28,34.578611632587084,2.0,1.3524430950841453,2.704886190168291,ZINCf50000026YZ4_m01_t01,TRP23;SER20,0.0,-61.14110254957191
1031,native_first,ZINCf5000002aNWH,C[C@@H](N=[N+]=[N-])C(=O)NCc1nnc(O)o1,903,55,55,1,1,1,10.714285714285714,15.315268646616897,0.8537971732882736,13.076133078632031,3,212.169,0.09019999999999995,2.0,6.0,4.0,1.0,,,,31.257783911378677,9.0,5.0,4.0,5.0,3.0,1.0,,,,,13.675028398848093,7.9822716434587635,47.67725773718925,18.07071727698074,762,16,8,0.6508798823099268,0.8128807405444797,7.259444124724703,5.856446355826665,28,34.578611632587084,2.0,1.3545990760061428,2.709198152012285,ZINCf5000002aNWH_m01_t02,TRP23;SER20,1.0,-17.001748905129176
1032,native_first,ZINCf50000026P4Q,C=C(Cl)CS(=O)(=O)NCc1cnnn1C,1388,1246,1246,0,0,1,10.714285714285714,15.48021141629053,0.6841516832781604,10.590812697956963,3,250.711,-0.013000000000000123,1.0,5.0,5.0,1.0,,,,21.833912262437483,8.0,5.0,3.0,5.0,3.0,1.0,,,,,6.716249656446636,3.64031668543655,43.32030684614271,10.495665307944348,515,16,6,1.1044375842395802,1.5011333685957318,8.622706883572002,6.853560290382296,28,34.578611632587084,2.0,1.3690116710450786,2.7380233420901554,ZINCf50000026P4Q_m01_t01,TRP23;SER20,2.0,-73.06950202196195
1033,native_first,ZINCf5000001nXKr,Cc1nn(C[C@](C)(N)C(=O)O)c(C)c1Br,1222,859,859,0,1,1,10.714285714285714,14.035426252508884,0.8455599296079185,11.867794034088543,3,276.134,1.06444,2.0,4.0,3.0,1.0,,,,22.891259571188275,8.0,4.0,4.0,4.0,3.0,1.0,,,,,12.075587007269519,6.723752105480964,59.1823277283218,14.779505148249209,1463,16,14,0.9068952942006933,0.7441509663699623,5.577579134355692,4.306159514623333,28,34.578611632587084,2.0,1.3737822946583023,2.7475645893166023,ZINCf5000001nXKr_m01_t01,TRP23;SER20,2.0,39.8385712123429
1034,native_first,ZINCf50000025ZGx,COS(=O)(=O)NCc1nnc(N(C)C)o1,1320,712,712,0,1,1,10.714285714285714,15.315268646616897,0.7369812580980204,11.287065955292887,3,236.253,-0.8835999999999995,1.0,7.0,5.0,1.0,,,,26.647877261431002,10.0,6.0,4.0,6.0,3.0,1.0,,,,,13.948395594498914,8.102950172332429,50.06552233296419,17.123266011231937,975,16,1,0.8909329978654521,1.3718136349431787,7.259444124724703,5.788982855856551,28,34.578611632587084,2.0,1.387540270653943,2.7750805413078865,ZINCf50000025ZGx_m01_t01,TRP23;SER20,0.0,-161.2719233777642
1035,native_first,ZINCf50000009g51,CN(Cc1nnc(O)o1)C(=O)CN=[N+]=[N-],1085,654,654,0,1,1,10.714285714285714,15.48021141629053,0.806694634294986,12.487803487273556,3,212.16899999999998,0.04389999999999966,1.0,6.0,4.0,1.0,,,,29.097066585969035,9.0,5.0,4.0,5.0,3.0,1.0,,,,,14.714722325068399,8.513549142473021,54.17566771406127,18.31030839029356,576,16,3,1.007100142342288,0.8187392441750566,8.622706883572002,6.969670418171719,28,34.578611632587084,2.0,1.4049540920309687,2.8099081840619355,ZINCf50000009g51_m01_t04,TRP23;SER20,0.0,-9.970112978260563
1036,native_first,ZINCf5000000ZuPR,C[C@H](NS(C)(=O)=O)c1nc(CC#N)no1,943,850,850,0,1,1,14.285714285714286,17.205605691108325,0.7546466475621046,12.984152654070366,4,230.24899999999997,-0.2541200000000001,1.0,6.0,4.0,1.0,,,,23.00393025917909,8.0,4.0,4.0,4.0,3.0,1.0,,,,,7.568304410795249,4.139555628403546,44.07585168454734,11.427210872891209,1183,16,10,1.1291333216611241,1.2515791577634576,8.622706883572002,7.820293661665933,28,34.578611632587084,2.0,1.421971150415817,2.8439423008316345,ZINCf5000000ZuPR_m01_t01,TRP23;SER20,2.0,-53.89876156280088
1037,native_first,ZINCf50000017P7X,CSCCCS(=O)(=O)NC(=O)C[C@@H](C)N,1213,1281,1281,0,0,1,14.285714285714286,15.036168524741624,0.7929016496340956,11.922202827443899,4,254.37699999999998,-0.07719999999999916,2.0,5.0,7.0,1.0,,,,21.514590157676757,9.0,5.0,4.0,5.0,3.0,1.0,,,,,8.164382563072646,4.582275788776492,37.40513054037644,11.501934461723673,345,16,12,1.2581208812704527,0.9830187545268244,7.155285109623515,7.450998444064256,28,33.433082989672975,3.0,0.9128773756781279,1.3692006867147353,ZINCf50000017P7X_m02_t03,LEU26;LEU22;PRO27,2.0,-126.2123147480286
1038,native_first,ZINCf50000009Wzd,C[C@H](C[S@](C)=O)NC(=O)[C@@H](C)C[S@@](C)=O,38,226,226,1,1,1,14.285714285714286,17.205605691108325,0.946742548377621,16.289278978380395,4,253.38899999999998,-0.11579999999999968,1.0,3.0,6.0,1.0,,,,25.964802633916896,8.0,6.0,2.0,6.0,3.0,1.0,,,,,8.828797362633253,4.807384926705765,54.00116144018582,13.112798680454162,1433,16,12,0.6342492658133575,0.39829873032779456,8.622706883572002,8.562707194542238,28,33.433082989672975,3.0,1.193757728875568,1.957633778276746,ZINCf50000009Wzd_m01_t01,LEU26;LEU22;PRO27,0.0,-31.57365159107533
1039,native_first,ZINCf5000002qVW8,CCCCNC(=O)CS(=O)(=O)NC1CC1,698,960,960,1,0,1,14.285714285714286,17.040662921434695,0.8024817828635992,13.674821562370543,4,234.32099999999997,-0.015499999999999625,2.0,3.0,7.0,1.0,,,,21.514590157676757,9.0,5.0,4.0,5.0,3.0,1.0,,,,,7.815854466923791,4.3778752665738825,36.40491452991452,11.240538389612032,1421,16,10,1.102566352186543,1.041700864903172,8.317947102500712,8.455617747962881,28,33.433082989672975,3.0,1.2576555014958795,1.6689965448125192,ZINCf5000002qVW8_m01_t01,LEU26;LEU22;PRO27,2.0,-74.01709876460143
1040,native_first,ZINCf50000026WM6,C#CCONC(=O)[C@H](C)S(=O)(=O)CCC,1257,1264,1264,0,0,1,14.285714285714286,17.040662921434695,0.6866756467633132,11.70140823285178,4,233.28899999999993,-0.1193000000000004,1.0,4.0,6.0,1.0,,,,21.627260845667575,9.0,5.0,4.0,5.0,3.0,1.0,,,,,6.674525300569526,3.7266123141032432,31.94219808995688,10.412709186844038,232,16,5,1.6699350588683584,1.343143158556394,8.317947102500712,8.717636563246083,28,33.433082989672975,3.0,1.3134457995898432,1.9431741519984351,ZINCf50000026WM6_m01_t02,LEU26;LEU22;PRO27,2.0,2.3704272859867777
1041,native_first,ZINCf500000091MD,CCOCCS(=O)(=O)NC(=O)[C@@H](N)CC,736,387,387,1,1,1,10.714285714285714,15.315268646616897,0.8850929944953998,13.555436987935657,3,238.309,-0.7937999999999978,2.0,5.0,7.0,1.0,,,,24.512170865663283,10.0,5.0,5.0,5.0,3.0,1.0,,,,,10.379492716396895,6.053475338990908,36.37252227677759,13.912662253713492,1312,16,14,0.8079278778308213,0.687479758867803,7.259444124724703,6.631359217070953,28,33.433082989672975,3.0,1.397825422552347,1.9694716754484782,ZINCf500000091MD_m02_t02,LEU26;LEU22;PRO27,0.0,-86.83778118671283
1042,native_first,ZINCf50000008Gq0,C=CCOCC(=O)NS(=O)(=O)CCSC,1070,1338,1338,0,0,1,14.285714285714286,17.205605691108325,0.7293701845857804,12.549255798833833,4,253.34499999999997,-0.0019999999999997797,1.0,5.0,8.0,1.0,,,,19.810876554660577,8.0,4.0,4.0,4.0,3.0,1.0,,,,,6.794487803132012,3.721327127985335,39.00928792569659,10.048584991014152,296,16,5,1.4378636752105343,1.2540989308582269,8.622706883572002,8.599479912672669,28,33.433082989672975,3.0,1.4113259363566417,2.1968938673919634,ZINCf50000008Gq0_m01_t01,LEU26;LEU22;PRO27,3.0,-61.78586556331155
1043,native_first,ZINCf5000002qYJg,CC(C)C(=O)NNC(=O)[C@H]1CN[C@@H](C)C1,1065,1407,1407,0,0,1,10.714285714285714,13.515260490838273,0.931425833523239,12.588462767962739,3,213.28099999999998,-0.21219999999999883,3.0,3.0,2.0,1.0,,,,17.870643155424844,7.0,3.0,4.0,3.0,3.0,1.0,,,,,5.987665425803932,3.233612554503721,40.37409893114591,8.95840985820916,901,16,4,0.4480918145922989,0.5993495650828962,8.317947102500712,7.809668719341464,28,33.433082989672975,3.0,1.6532237687617677,2.3573759813239374,ZINCf5000002qYJg_m01_t03,LEU26;LEU22;PRO27,3.0,-64.99403759344607
1044,native_first,ZINCf50000017Mn5,COCn1nnnc1-c1c[nH]nc1OC,1375,682,682,0,1,1,10.714285714285714,15.315268646616897,0.6992167973969654,10.708693094361623,3,210.19700000000003,-0.3243000000000005,1.0,7.0,4.0,1.0,,,,27.83869606807005,9.0,5.0,4.0,5.0,3.0,1.0,,,,,11.331359693601462,6.419295121124955,48.260262547142446,15.45819378721861,236,16,8,1.1958497235179804,1.4417807575826653,7.259444124724703,5.8734476477584385,28,32.43417525632793,2.0,0.6973613985399894,1.3947227970799787,ZINCf50000017Mn5_m01_t04,TRP23;PHE19,1.0,47.79957812807999
1045,native_first,ZINCf50000017DLM,CN(Cc1nnc(O)o1)C(=O)CC(F)F,1075,1323,1323,0,0,1,10.714285714285714,15.48021141629053,0.809421992486492,12.53002356868602,3,221.16299999999995,0.38879999999999987,1.0,5.0,4.0,1.0,,,,20.006349551192564,7.0,4.0,3.0,4.0,3.0,1.0,,,,,7.719777003007505,4.177311560440245,50.796425796425815,10.79142014005377,1378,16,15,0.6532726165896456,1.0509873447621512,8.622706883572002,7.110825947231003,28,31.766737619306326,2.0,0.009019704588049302,0.018039409176096477,ZINCf50000017DLM_m01_t03,TRP23;LEU26,3.0,-42.26133451024552
1046,native_first,ZINCf50000009K0A,C[C@@H](CN=[N+]=[N-])NC(=O)c1n[nH]c(O)n1,1147,633,633,0,1,1,14.285714285714286,17.040662921434695,0.7180895199591474,12.236721457038682,4,211.18500000000003,-0.06110000000000021,3.0,5.0,4.0,1.0,,,,31.257783911378677,9.0,5.0,4.0,5.0,3.0,1.0,,,,,10.476614425259575,6.056920900917275,38.75822368421053,15.67190679678935,1371,16,2,1.4630706981559278,1.2381223212932218,8.317947102500712,7.456999531060759,28,31.766737619306326,2.0,0.1068413415296081,0.21368268305921845,ZINCf50000009K0A_m02_t07,TRP23;LEU26,2.0,-59.7117191010114
1047,native_first,ZINCf5000000ZtS6,C[C@@H](CO)N(C)c1nc([N+](=O)[O-])nn1C,1402,605,605,0,1,1,7.142857142857143,11.789866216020478,0.8973150699486331,10.57922462831344,2,215.213,-0.4597000000000002,1.0,7.0,4.0,1.0,,,,36.1219479371346,10.0,7.0,3.0,7.0,3.0,1.0,,,,,12.209839925932561,7.031680662498113,46.32031512705962,18.187866928733072,423,16,13,0.005227301481174523,0.010454602962348236,3.375021925854705,3.364567322892357,28,31.766737619306326,2.0,0.20789138279112263,0.41578276558224836,ZINCf5000000ZtS6_m01_t01,TRP23;LEU26,1.0,137.8648539627793
1048,native_first,ZINCf5000000ZqmL,C#C[C@@H](C)NS(=O)(=O)c1nonc1CC,1501,1247,1247,0,0,1,10.714285714285714,15.315268646616897,0.6685655364235678,10.239260798196474,3,229.26099999999997,-0.06800000000000006,1.0,5.0,4.0,1.0,,,,21.833912262437483,8.0,5.0,3.0,5.0,3.0,1.0,,,,,6.512618125071127,3.5475841639315435,39.66020579085907,10.342941659412716,829,16,5,1.0487771901388352,1.458864810427204,7.259444124724703,4.897132449772764,28,31.766737619306326,2.0,0.24857704807157505,0.49715409614314776,ZINCf5000000ZqmL_m01_t01,TRP23;LEU26,2.0,-57.89270615996698
1049,native_first,ZINCf5000001o7Mt,CCN[C@@](C)(C(=O)O)c1ccc(Br)cc1,1178,1532,1532,0,0,1,10.714285714285714,14.035426252508884,0.8622705904120608,12.102335281435773,3,272.142,2.3584000000000005,2.0,2.0,4.0,1.0,,,,18.028440324713884,6.0,3.0,3.0,3.0,2.0,1.0,,,,,7.573566945155295,4.067037039995431,54.95376486129459,10.187285290044942,285,16,5,0.8231226004675796,0.6498775251040626,5.577579134355692,4.174377925097223,28,31.766737619306326,2.0,0.4272373126654198,0.8544746253308393,ZINCf5000001o7Mt_m02_t01,TRP23;LEU26,0.0,43.411856956107904
1050,native_first,ZINCf5000000Zt1C,COC(C)(C)c1nc(CS(N)(=O)=O)no1,48,475,475,1,1,1,14.285714285714286,17.205605691108325,0.9413119961040096,16.195843037275687,4,235.265,-0.2603999999999994,1.0,6.0,4.0,1.0,,,,23.00393025917909,8.0,4.0,4.0,4.0,3.0,1.0,,,,,10.303631778486482,5.697489563450466,53.79115513392859,13.478706398659634,1511,16,0,0.5700493853598857,0.4391750421178331,8.622706883572002,8.038749569767116,28,31.766737619306326,2.0,0.43396627065139537,0.867932541302789,ZINCf5000000Zt1C_m01_t01,TRP23;LEU26,2.0,-32.347699614368736
1051,native_first,ZINCf5000000ZwTM,Cn1nncc1S(=O)(=O)NC[C@H]1C[C@@H]1Cl,1515,1329,1329,0,0,1,10.714285714285714,15.315268646616897,0.6445388218645773,9.871285210029955,3,250.71099999999998,-0.2792999999999999,1.0,5.0,4.0,1.0,,,,20.006349551192564,7.0,4.0,3.0,4.0,3.0,1.0,,,,,5.612697719025238,3.0205612859904876,39.57169459962755,9.211110677067069,629,16,4,1.0892134608279849,1.542633732891672,7.259444124724703,4.730154339463194,28,31.766737619306326,2.0,0.4411547029233935,0.8823094058467875,ZINCf5000000ZwTM_m01_t01,TRP23;LEU26,2.0,-128.20670197076583
1052,native_first,ZINCf50000009XYt,C[C@H](N)c1nc(CS(=O)(=O)N(C)C)no1,878,909,909,1,0,1,10.714285714285714,14.035426252508884,0.9358163027904237,13.134580703710515,3,234.28099999999998,-0.5192999999999988,1.0,6.0,4.0,1.0,,,,21.833912262437483,8.0,5.0,3.0,5.0,3.0,1.0,,,,,8.649906873071487,4.7092189891524425,53.00280681378242,11.945908220412987,671,16,8,0.5649813239353012,0.42190933560939453,5.577579134355692,6.446320240103304,28,31.766737619306326,2.0,0.44597110668819506,0.8919422133763897,ZINCf50000009XYt_m01_t01,TRP23;LEU26,3.0,-13.442107164785126
1053,native_first,ZINCf5000001815z,Cn1nnc(S(=O)(=O)NC[C@H]2C[C@H]2Cl)n1,1462,1327,1327,0,0,1,7.142857142857143,11.789866216020478,0.8905120734003935,10.499018209141648,2,251.69899999999998,-0.8842999999999996,1.0,6.0,4.0,1.0,,,,20.006349551192564,7.0,4.0,3.0,4.0,3.0,1.0,,,,,6.323584882468379,3.385523153469234,47.84466740988479,9.744276049649425,1527,16,5,0.3039788133109714,0.6079576266219444,3.375021925854705,3.9829795524766496,28,31.766737619306326,2.0,0.4600826519687853,0.9201653039375692,ZINCf5000001815z_m01_t01,TRP23;LEU26,0.0,39.33082504907248
1054,native_first,ZINCf5000002aQBR,CN(Cc1nnnn1C)[S@](=O)CC(F)F,1523,721,721,0,1,1,7.142857142857143,10.226746550771432,0.8969233021544518,9.172607286614562,2,239.25099999999998,-0.42930000000000024,0.0,6.0,5.0,1.0,,,,26.579573865870408,9.0,7.0,2.0,7.0,3.0,1.0,,,,,6.230617994831691,3.4283638064480657,34.11674986134219,11.317856962591371,949,16,12,0.0726026112932752,0.14520522258655388,4.0230026099917,3.877797387405146,28,31.766737619306326,2.0,0.4708212186334752,0.9416424372669505,ZINCf5000002aQBR_m01_t01,TRP23;LEU26,3.0,-18.66999521649296
1055,native_first,ZINCf5000000apRj,O=C(Cn1ncnn1)NC[C@H]1CC1(Cl)Cl,1491,1531,1531,0,0,1,7.142857142857143,11.789866216020478,0.8785525861997062,10.358017455033336,2,250.089,-0.016900000000000137,1.0,5.0,4.0,1.0,,,,18.157533472740838,6.0,3.0,3.0,3.0,2.0,1.0,,,,,4.171747089912471,2.1959583530141256,41.6087516087516,7.668193685619562,878,16,3,0.5116782704389651,1.0233565408779306,3.375021925854705,2.3516653849767746,28,31.766737619306326,2.0,0.6675834000912297,1.33516680018246,ZINCf5000000apRj_m01_t02,TRP23;LEU26,0.0,-51.49907141072301
1056,native_first,ZINCf50000009HLj,C[C@@H](C#N)CNS(=O)(=O)c1cnc(O)s1,621,1209,1209,1,0,1,14.285714285714286,17.040662921434695,0.8164864859273412,13.913470986594554,4,247.30100000000002,0.2866800000000001,2.0,6.0,4.0,1.0,,,,24.04002420072306,8.0,3.0,5.0,3.0,2.0,1.0,,,,,11.838761666752532,6.7028114283127,50.64455454628867,14.889077300245166,294,16,15,0.9990958899450566,0.9810195916796892,8.317947102500712,7.627437546781114,28,31.766737619306326,2.0,0.7749520609871808,1.549904121974361,ZINCf50000009HLj_m01_t02,TRP23;LEU26,1.0,-97.90069464682313
1057,native_first,ZINCf50000008Rlp,CC1(CNS(=O)(=O)c2cncnc2)N=N1,1369,1521,1521,0,0,1,10.714285714285714,15.315268646616897,0.7029248869763679,10.765483482435894,3,227.24900000000002,-0.06310000000000032,1.0,6.0,4.0,1.0,,,,21.15511418072736,7.0,3.0,4.0,3.0,2.0,1.0,,,,,8.520593735500064,4.665400409576095,49.06397673573245,11.679223846806886,738,16,8,1.0074756884572822,1.3373579567605791,7.259444124724703,5.144945759055908,28,31.766737619306326,2.0,0.9605464509263107,1.9210929018526173,ZINCf50000008Rlp_m01_t01,TRP23;LEU26,1.0,-83.59507189837727
1058,native_first,ZINCf5000002qPRB,CC(C)[C@H](Br)C(=O)N[C@@H]1CC(=O)NC1=O,400,581,581,1,1,1,14.285714285714286,17.205605691108325,0.8486251933813083,14.60111045685934,4,277.11800000000005,-0.06280000000000013,2.0,3.0,3.0,1.0,,,,22.695786574656285,9.0,4.0,5.0,4.0,3.0,1.0,,,,,7.526477980287257,4.26558295319353,31.955013428827222,11.318805128879514,1117,16,14,0.8464059833423869,0.8826575645280966,8.622706883572002,7.920762436274257,28,31.766737619306326,2.0,1.0335095035601782,2.0670190071203542,ZINCf5000002qPRB_m01_t08,TRP23;LEU26,3.0,-22.72058166350068
1059,native_first,ZINCf5000002qPRA,CC(C)[C@@H](Br)C(=O)N[C@@H]1CC(=O)NC1=O,541,582,582,1,1,1,14.285714285714286,17.205605691108325,0.8211300726863675,14.128040251752758,4,277.11800000000005,-0.06280000000000013,2.0,3.0,3.0,1.0,,,,22.695786574656285,9.0,4.0,5.0,4.0,3.0,1.0,,,,,7.526477980287257,4.26558295319353,31.955013428827222,11.318805128879514,320,16,10,0.9778740168182516,0.9893851447482492,8.622706883572002,8.120137786449515,28,31.766737619306326,2.0,1.0335095035601782,2.0670190071203542,ZINCf5000002qPRA_m01_t08,TRP23;LEU26,3.0,-22.72058166350068
1060,native_first,ZINCf50000017KGJ,COCCONC(=O)C[C@@H](N)CCCN,1176,672,672,0,1,1,10.714285714285714,15.315268646616897,0.7910523909493576,12.11517988093803,3,219.28499999999994,-0.863099999999998,3.0,5.0,9.0,1.0,,,,28.521704269524655,11.0,6.0,5.0,6.0,3.0,1.0,,,,,15.651859587239572,9.617434141572376,42.0123816460306,18.869320757810844,1437,16,1,1.153710941975202,1.0744790745069352,7.259444124724703,7.09203116804759,28,31.666326367080565,2.0,0.009685103922578443,0.019370207845158305,ZINCf50000017KGJ_m01_t02,SER20;GLU17,2.0,37.15253242628516
1061,native_first,ZINCf50000009vld,COCCOCC(=O)NC[C@H]1C[C@@H]1CN,1060,786,786,0,1,1,10.714285714285714,15.315268646616897,0.8233680122538208,12.61010230269822,3,216.28099999999998,-0.639599999999998,2.0,4.0,8.0,1.0,,,,24.512170865663283,10.0,5.0,5.0,5.0,3.0,1.0,,,,,14.03674792350576,8.244449386847212,47.19336814143078,16.65560365904514,276,16,10,0.7595609749527856,0.9332008169589079,7.259444124724703,5.823979712259705,28,31.666326367080565,2.0,0.012916736999172552,0.025833473998343237,ZINCf50000009vld_m02_t01,SER20;GLU17,2.0,2.2182488662915647
1062,native_first,ZINCf5000000SLCC,COCCOCC(=O)N=[S@](C)(=O)CCN,977,751,751,0,1,1,10.714285714285714,15.48021141629053,0.82998036410328,12.848271507688565,3,238.30899999999997,-0.7674999999999981,1.0,5.0,7.0,1.0,,,,25.512219285599485,10.0,6.0,4.0,6.0,3.0,1.0,,,,,12.693019793802025,7.4602898990528494,42.51001417390767,15.897819666751388,744,16,13,0.9856519176098005,0.9045164565816707,8.622706883572002,7.907311897835459,28,31.666326367080565,2.0,0.4475455069996376,0.8950910139992736,ZINCf5000000SLCC_m01_t02,SER20;GLU17,3.0,32.259923348853874
1063,native_first,ZINCf5000001Rg5x,CC(N)C(C)NCCOCCOCCO,1057,748,748,0,1,1,10.714285714285714,15.315268646616897,0.8237916834505964,12.616590940894671,3,220.31299999999996,-0.6627999999999985,3.0,5.0,10.0,1.0,,,,25.524123561538133,10.0,6.0,4.0,6.0,3.0,1.0,,,,,12.866727240402495,7.5907366424291425,42.1938027136047,16.031076320686406,810,16,6,0.7208030871147596,0.8795330369397097,7.259444124724703,5.571483510423709,28,31.666326367080565,2.0,0.7552725989127668,1.510545197825536,ZINCf5000001Rg5x_m02_t01,SER20;GLU17,3.0,174.92398717509525
1064,native_first,ZINCf5000001A1LB,O=S(=O)(NCCOCCO)OCC(F)F,405,1025,1025,1,0,1,10.714285714285714,15.48021141629053,0.9415689699096226,14.575686717219854,3,249.23499999999996,-0.8886000000000001,2.0,5.0,9.0,1.0,,,,19.698205866669763,8.0,4.0,4.0,4.0,3.0,1.0,,,,,9.262446778092139,5.140621047003114,46.73630523270069,11.871386550236545,1403,16,14,0.3796991437321794,0.5114359699750718,8.622706883572002,7.8651720407141825,28,31.666326367080565,2.0,1.3448044965528263,2.6896089931056526,ZINCf5000001A1LB_m01_t01,SER20;GLU17,1.0,-87.2794614919571
1065,native_first,ZINCf5000002dZ7j,CN(CCC[C@H](O)CO)C(=O)CN=[N+]=[N-],624,160,160,1,1,1,14.285714285714286,19.005613846886952,0.7318812665488915,13.909852733798774,4,216.24099999999999,-0.11150000000000004,2.0,4.0,7.0,1.0,,,,26.915965577325384,9.0,6.0,3.0,6.0,3.0,1.0,,,,,14.231436791206391,8.109000980269647,58.09159280150416,17.40256898773614,747,16,1,1.4591804077074755,1.0090764867733593,8.622706883572002,7.094055550936315,28,31.666326367080565,2.0,1.4937120071441312,2.9874240142882638,ZINCf5000002dZ7j_m01_t01,SER20;GLU17,3.0,28.341113184894827
1066,native_first,ZINCf500000180XO,Cn1ncc(S(=O)(=O)NCC(F)(F)Cl)n1,1502,1328,1328,0,0,1,10.714285714285714,15.315268646616897,0.6682263354425848,10.234065844047525,3,260.65299999999996,-0.0749999999999999,1.0,5.0,4.0,1.0,,,,20.006349551192564,7.0,4.0,3.0,4.0,3.0,1.0,,,,,6.322564682957325,3.385523153469234,47.728129713423826,9.743510900016135,1518,16,5,1.0629001036852044,1.4606323424600174,7.259444124724703,4.922256410832002,28,29.66106794667171,2.0,1.174670026998694,2.3493400539973894,ZINCf500000180XO_m01_t01,SER20;PHE19,2.0,46.252632018039755
1067,native_first,ZINCf5000000SM0z,CSCCS(=O)(=O)NC(=O)[C@H](F)CCN,873,1032,1032,1,0,1,14.285714285714286,17.205605691108325,0.7646728675243707,13.156659841313434,4,258.34,-0.5176999999999994,2.0,5.0,7.0,1.0,,,,19.698205866669763,8.0,4.0,4.0,4.0,3.0,1.0,,,,,8.476134442924874,4.683055454084624,44.601412714429884,11.281652298861095,1268,16,1,1.2103898925996612,1.138292892512655,8.622706883572002,7.835124022672034,28,28.9936303096501,2.0,0.0033932145208821346,0.0067864290417620765,ZINCf5000000SM0z_m02_t01,SER20;LEU26,3.0,-43.596127256217976
1068,native_first,ZINCf5000002r2MZ,CC[C@H](Br)C(=O)NNC(=O)[C@H]1CCNC1,1308,1349,1349,0,0,1,10.714285714285714,15.315268646616897,0.7443784918667752,11.400356577703192,3,278.15,-0.08320000000000033,3.0,3.0,3.0,1.0,,,,19.698205866669763,8.0,4.0,4.0,4.0,3.0,1.0,,,,,8.79723013706179,4.845363878782803,47.70665322580644,11.522474069463783,602,16,3,1.3997271434659557,1.1871791683148063,7.259444124724703,7.1613224791656425,28,28.9936303096501,2.0,0.004010507940272038,0.008021015880542492,ZINCf5000002r2MZ_m01_t05,SER20;LEU26,3.0,38.35169259969378
1069,native_first,ZINCf50000009GL3,CSCCS(=O)(=O)NC(=O)[C@@H](C)CCN,1277,1351,1351,0,0,1,14.285714285714286,15.036168524741624,0.7702134178652679,11.581058751039409,4,254.37699999999998,-0.219699999999999,2.0,5.0,7.0,1.0,,,,19.698205866669763,8.0,4.0,4.0,4.0,3.0,1.0,,,,,8.475464323881097,4.683055454084624,44.56433127127992,11.281149709578264,641,16,9,1.2309060792231687,1.0796197221615678,7.155285109623515,8.009984635636446,28,28.9936303096501,2.0,0.008175608875851626,0.016351217751703118,ZINCf50000009GL3_m02_t01,SER20;LEU26,2.0,-55.57390221866252
1070,native_first,ZINCf5000000VZiG,N#CCCCC(=O)NCCOCC(=O)O,375,200,200,1,1,1,14.285714285714286,17.205605691108325,0.8529582166546816,14.675662746751398,4,214.22099999999998,-0.10232000000000024,2.0,4.0,8.0,1.0,,,,26.580745014588192,10.0,5.0,5.0,5.0,3.0,1.0,,,,,14.894985591145119,8.95733671819468,44.18317660306157,17.816425447005887,1352,16,4,0.9104612838405639,0.8674718559242627,8.622706883572002,8.555286858888902,28,28.9936303096501,2.0,0.01590932561436924,0.031818651228739725,ZINCf5000000VZiG_m01_t06,SER20;LEU26,1.0,15.21858879116488
1071,native_first,ZINCf5000000a4J6,C[C@]1(Br)C[C@@H]1C(=O)NCCOCC(N)=O,329,567,567,1,1,1,14.285714285714286,17.205605691108325,0.8598990629904519,14.795084211967236,4,279.134,-0.22199999999999986,2.0,3.0,6.0,1.0,,,,22.695786574656285,9.0,4.0,5.0,4.0,3.0,1.0,,,,,10.927049049940116,6.259525444651342,42.963607121484124,13.86923343111916,1172,16,8,1.0132945290724145,0.7522350039809952,8.622706883572002,8.627988656875898,28,28.9936303096501,2.0,0.019162511902103205,0.03832502380420344,ZINCf5000000a4J6_m01_t01,SER20;LEU26,1.0,-33.74645012364032
1072,native_first,ZINCf50000017Pho,CSCC[C@H](O)C(=O)N[C@@H]1CC[C@H]1CN,1377,1302,1302,0,0,1,14.285714285714286,15.036168524741624,0.7116851138957911,10.701017309087053,4,232.34899999999996,-0.0460999999999997,3.0,4.0,6.0,1.0,,,,20.69373610250848,8.0,5.0,3.0,5.0,3.0,1.0,,,,,5.515753691282047,2.9940642236518085,34.96063365585278,9.310249294088655,881,16,0,1.7052753839261945,1.158350675195872,7.155285109623515,7.472310068500671,28,28.9936303096501,2.0,0.021205448982540655,0.04241089796508213,ZINCf50000017Pho_m01_t01,SER20;LEU26,1.0,-20.18961800843825
1073,native_first,ZINCf50000008Fwz,C=CCCCS(=O)(=O)NC[C@@H](O)C(=O)O,644,429,429,1,1,1,14.285714285714286,17.205605691108325,0.8056336624172036,13.861415127033881,4,237.277,-0.682499999999999,3.0,4.0,8.0,1.0,,,,23.707739270531132,9.0,5.0,4.0,5.0,3.0,1.0,,,,,9.546835334628359,5.426744685729645,39.649544911966565,13.087061318604054,550,16,15,0.9471222830588274,1.0603329416593668,8.622706883572002,7.806615414796243,28,28.9936303096501,2.0,0.025120596026801775,0.050241192053601225,ZINCf50000008Fwz_m02_t02,SER20;LEU26,0.0,-34.46780953125687
1074,native_first,ZINCf5000002rvKA,C[C@H](CNC(=O)C[C@@H](N)CCN)N=[N+]=[N-],1411,637,637,0,1,1,7.142857142857143,11.789866216020478,0.8972828497957944,10.578844757022013,2,214.27299999999997,-0.1323999999999984,3.0,4.0,7.0,1.0,,,,30.73606832627538,10.0,7.0,3.0,7.0,3.0,1.0,,,,,12.41208103986828,7.223560344686995,44.057822861786065,16.993077861470056,927,16,1,0.021406682500241966,0.04281336500048649,3.375021925854705,3.4178352908551917,28,28.9936303096501,2.0,0.0277444665106875,0.05548893302137614,ZINCf5000002rvKA_m02_t02,SER20;LEU26,1.0,11.243791145285464
1075,native_first,ZINCf5000000axRX,O=[N+]([O-])CCNC[C@H](O)COCC1CC1,1340,634,634,0,1,1,10.714285714285714,13.515260490838273,0.8225259535341342,11.11665252248896,3,218.25299999999996,-0.3598000000000008,2.0,5.0,9.0,1.0,,,,31.225906485300648,9.0,6.0,3.0,6.0,3.0,1.0,,,,,10.730707139473294,5.985014257515117,51.8214536516854,15.854506975930132,1203,16,14,0.8119883149714089,0.9039709536898507,8.317947102500712,6.866292414332605,28,28.9936303096501,2.0,0.03434250679551124,0.06868501359102375,ZINCf5000000axRX_m01_t02,SER20;LEU26,2.0,24.23887999196257
1076,native_first,ZINCf50000024C21,[N-]=[N+]=NCCCOCC(=O)NOCCO,813,45,45,1,1,1,14.285714285714286,17.205605691108325,0.7766646689950358,13.362986048943752,4,218.213,-0.25649999999999984,2.0,5.0,9.0,1.0,,,,31.970942013998897,10.0,6.0,4.0,6.0,3.0,1.0,,,,,16.484760709424247,9.767581884505194,52.785237534354145,20.356306035567908,803,16,1,1.1112584459527441,1.1870861525410619,8.622706883572002,8.837531341098728,28,28.9936303096501,2.0,0.03471101399040807,0.06942202798081532,ZINCf50000024C21_m02_t01,SER20;LEU26,2.0,22.35702546602792
1077,native_first,ZINCf5000000WzHu,CCCC[C@H](Br)C(=O)N[C@@H](CO)C(N)=O,848,904,904,1,0,1,10.714285714285714,13.54606763922438,0.9779561389782683,13.247460006794341,3,281.15000000000003,-0.09749999999999981,3.0,3.0,7.0,1.0,,,,21.88017655928622,8.0,4.0,4.0,4.0,3.0,1.0,,,,,7.46744237164141,4.169407189519287,35.730787364450734,11.070625918552611,259,16,14,0.2136454762623721,0.3143402210532333,10.950081780516529,10.500630162012484,28,28.9936303096501,2.0,0.047783664960665766,0.09556732992133199,ZINCf5000000WzHu_m01_t01,SER20;LEU26,3.0,-41.07654337798712
1078,native_first,ZINCf50000009SuM,C[C@@]1(Br)C[C@@H]1CNCC(=O)NCC(=O)O,1179,815,815,0,1,1,14.285714285714286,17.0714700698208,0.7088233740157355,12.100657014299024,4,279.134,-0.04970000000000013,3.0,3.0,6.0,1.0,,,,23.707739270531132,9.0,5.0,4.0,5.0,3.0,1.0,,,,,9.71838170766906,5.5294083397266,40.08915165165165,13.215721098384577,582,16,7,1.5405590020101472,1.2979829394259585,10.950081780516529,10.598392117086899,28,28.9936303096501,2.0,0.049241295450001554,0.09848259090000511,ZINCf50000009SuM_m01_t03,SER20;LEU26,1.0,13.837865120503587
1079,native_first,ZINCf50000009VbO,C[C@H](CN)CNC(=O)[C@@H](N)CCCCN,1382,781,781,0,1,1,10.714285714285714,13.515260490838273,0.786251968704725,10.62640016847878,3,216.32899999999992,-0.846299999999998,4.0,4.0,8.0,1.0,,,,24.513838851458473,9.0,6.0,3.0,6.0,3.0,1.0,,,,,9.526285688455278,5.399631258123829,40.407986111111114,13.273173979206076,73,16,10,1.1081884426110296,0.9595187425735164,8.317947102500712,6.949588557358553,28,28.9936303096501,2.0,0.05068900631774468,0.10137801263549129,ZINCf50000009VbO_m02_t03,SER20;LEU26,1.0,127.01570532091222
1080,native_first,ZINCf5000000adGN,N#CCCSCC(=O)NCCOC(=N)O,910,370,370,1,1,1,14.285714285714286,17.205605691108325,0.7592570236406843,13.063476966966125,4,231.277,0.2588499999999998,3.0,5.0,7.0,1.0,,,,24.512170865663283,10.0,5.0,5.0,5.0,3.0,1.0,,,,,13.446522827468105,7.923217496814232,44.393176733780756,16.2129348370169,441,16,10,1.0996473787288994,1.282849827277857,8.622706883572002,8.162253475734092,28,28.9936303096501,2.0,0.05199363115029434,0.10398726230059374,ZINCf5000000adGN_m01_t04,SER20;LEU26,2.0,-56.0778301778406
1081,native_first,ZINCf500000181p5,N#CCCCC[C@H](N)C(=O)NCCON,1214,707,707,0,1,1,14.285714285714286,17.040662921434695,0.6990484739977707,11.912249411139317,4,214.26899999999998,-0.595819999999998,3.0,5.0,8.0,1.0,,,,26.705319978517654,10.0,5.0,5.0,5.0,3.0,1.0,,,,,14.30608878775706,8.634001060456573,41.70236326019173,17.40589658544721,368,16,15,1.60357423295328,1.3251101568991726,8.317947102500712,8.432729228225934,28,28.9936303096501,2.0,0.055054971260150506,0.11010994252030137,ZINCf500000181p5_m01_t04,SER20;LEU26,1.0,50.91312305804666
1082,native_first,ZINCf50000009JAl,C[C@@H](CN)CNC(=O)[C@@H](N)CCCCN,1407,782,782,0,1,1,7.142857142857143,11.789866216020478,0.8972915840603303,10.578947732832386,2,216.32899999999992,-0.846299999999998,4.0,4.0,8.0,1.0,,,,24.513838851458473,9.0,6.0,3.0,6.0,3.0,1.0,,,,,9.526285688455278,5.399631258123829,40.407986111111114,13.273173979206076,1417,16,11,0.018477700970977076,0.03695540194195157,3.375021925854705,3.3380665239127536,28,28.9936303096501,2.0,0.05597515943441443,0.11195031886882667,ZINCf50000009JAl_m02_t03,SER20;LEU26,1.0,127.76011825293469
1083,native_first,ZINCf5000000Zrm2,CCOC[C@H](C)Nc1nnc(O)nc1O,808,1167,1167,1,0,1,17.857142857142858,20.731008121704747,0.6449778610005842,13.371041274722867,5,214.225,0.11969999999999958,3.0,7.0,5.0,1.0,,,,28.049557604584436,9.0,4.0,5.0,4.0,2.0,1.0,,,,,13.131297151628804,7.640397837866951,46.67522831050228,16.86086226486771,529,16,10,1.7871584640229357,1.4782695876141114,8.622706883572002,7.7168603031193985,28,28.9936303096501,2.0,0.05692512747463283,0.11385025494926637,ZINCf5000000Zrm2_m01_t04,SER20;LEU26,1.0,10.001224403016806
1084,native_first,ZINCf50000008TA2,CCCCOC(=O)[C@@H](C)NC(CN)CN,1218,1294,1294,0,0,1,10.714285714285714,13.515260490838273,0.8801760203509515,11.89580819283248,3,217.31299999999996,-0.4061999999999976,3.0,5.0,8.0,1.0,,,,20.69373610250848,8.0,5.0,3.0,5.0,3.0,1.0,,,,,6.9557048720486385,3.7968921899002925,41.38992270254796,10.390212679663598,1265,16,7,0.7901249130242775,0.640372850042091,8.317947102500712,7.237313351038421,28,28.9936303096501,2.0,0.05755203205879567,0.11510406411759,ZINCf50000008TA2_m02_t02,SER20;LEU26,3.0,291.03378296643564
1085,native_first,ZINCf5000000adwF,N#CCCCNC(=O)[C@@H](N)CCCCN,1390,744,744,0,1,1,7.142857142857143,11.789866216020478,0.8973171122111943,10.579248706315816,2,212.2969999999999,-0.1373199999999991,3.0,4.0,8.0,1.0,,,,25.524123561538133,10.0,6.0,4.0,6.0,3.0,1.0,,,,,13.812307131157189,8.190069725778706,44.05418437151552,16.740261238752424,701,16,10,0.00011390094549000812,0.0002278018909782631,3.375021925854705,3.3752497277456834,28,28.9936303096501,2.0,0.0668360622709073,0.13367212454181399,ZINCf5000000adwF_m01_t03,SER20;LEU26,0.0,-39.518404357428444
1086,native_first,ZINCf5000002qsQM,CC1(C[C@@H](N)C(=O)NOCCCN)N=N1,1385,756,756,0,1,1,10.714285714285714,13.515260490838273,0.7839906846209097,10.59583832504223,3,215.25699999999998,-0.7175999999999987,3.0,6.0,7.0,1.0,,,,24.87775726727274,9.0,4.0,5.0,4.0,3.0,1.0,,,,,10.551321465401296,6.133914190410936,37.70500420521447,14.132930415869158,616,16,6,1.2025704219832491,1.00404582284288,8.317947102500712,7.400785332265374,28,28.9936303096501,2.0,0.0725882109713024,0.1451764219426046,ZINCf5000002qsQM_m01_t05,SER20;LEU26,1.0,29.43959441587566
1087,native_first,ZINCf5000000adyO,N#CCCC[C@@H](N)C(=O)NCCCCN,1414,812,812,0,1,1,7.142857142857143,11.789866216020478,0.8972626070470057,10.57860609772195,2,212.29699999999994,-0.1373199999999989,3.0,4.0,8.0,1.0,,,,23.707739270531132,9.0,5.0,4.0,5.0,3.0,1.0,,,,,11.391825650220694,6.5158734438125965,45.262962962962966,14.470804055298302,403,16,5,0.02700018378688361,0.05400036757376547,3.375021925854705,3.4290222934284706,28,28.9936303096501,2.0,0.07887134618460752,0.15774269236921334,ZINCf5000000adyO_m01_t04,SER20;LEU26,0.0,14.964638682913463
1088,native_first,ZINCf50000008TDx,CCCCS(=O)(=O)NC(=O)CSCCN,1274,1272,1272,0,0,1,14.285714285714286,15.036168524741624,0.7716816437467469,11.603135242825715,4,254.37699999999995,-0.07559999999999933,2.0,5.0,8.0,1.0,,,,21.514590157676757,9.0,5.0,4.0,5.0,3.0,1.0,,,,,9.66750552095403,5.465237896399469,41.83409436834095,12.629276680134712,62,16,15,1.4424853285239927,0.9691679362393598,7.155285109623515,7.553184363707905,28,28.9936303096501,2.0,0.08522380293557483,0.1704476058711517,ZINCf50000008TDx_m01_t03,SER20;LEU26,3.0,-56.37792447575465
1089,native_first,ZINCf50000028Pa6,C[Si]1(C)CN[C@H](C(=O)N[C@H]2C[C@H](N)C2)C1,1460,800,800,0,1,1,7.142857142857143,11.789866216020478,0.8915139903379157,10.5108306757946,2,227.38399999999996,-0.18829999999999925,3.0,3.0,2.0,1.0,,,,24.310528284611486,10.0,7.0,3.0,7.0,3.0,1.0,,,,,8.086744749315313,4.602715340300089,33.27205882352941,12.142690633139356,1351,16,4,0.2803944185672281,0.5607888371344547,3.375021925854705,2.8142330887202505,28,28.9936303096501,2.0,0.08937688930668042,0.17875377861335906,ZINCf50000028Pa6_m01_t01,SER20;LEU26,3.0,9.850460778380173
1090,native_first,ZINCf50000017P86,CSCCCS(=O)(=O)NC(=O)[C@H](F)CN,193,1046,1046,1,0,1,14.285714285714286,17.040662921434695,0.89833911310281,15.308294015525583,4,258.34,-0.5176999999999994,2.0,5.0,7.0,1.0,,,,19.698205866669763,8.0,4.0,4.0,4.0,3.0,1.0,,,,,7.715395239142282,4.256244663217534,41.19790917373999,10.711097896024151,1276,16,9,0.876946697009667,0.594030964022039,8.317947102500712,8.280488960604112,28,28.9936303096501,2.0,0.09369241573904118,0.18738483147808083,ZINCf50000017P86_m01_t02,SER20;LEU26,2.0,-70.70282861154135
1091,native_first,ZINCf5000002sia0,CSC[C@@H](O)C(=O)NCC1(CN)CCC1,1284,1293,1293,0,0,1,14.285714285714286,15.036168524741624,0.7678375882195989,11.545335376101054,4,232.3489999999999,-0.044499999999999984,3.0,4.0,6.0,1.0,,,,20.69373610250848,8.0,5.0,3.0,5.0,3.0,1.0,,,,,7.039700864683743,3.841116491409263,42.08398354376507,10.453209674139927,1031,16,2,1.1066860491072414,1.119016695362158,7.155285109623515,8.331687814033897,28,28.9936303096501,2.0,0.10290968212628626,0.2058193642525712,ZINCf5000002sia0_m01_t05,SER20;LEU26,2.0,54.42085277245925
1092,native_first,ZINCf500000092qS,CCON(CC)C(=O)CNCC[N+](=O)[O-],1447,618,618,0,1,1,7.142857142857143,11.789866216020478,0.8946770920052849,10.548123221280553,2,219.24099999999996,-0.34729999999999883,1.0,5.0,8.0,1.0,,,,32.928894232616095,10.0,7.0,3.0,7.0,3.0,1.0,,,,,11.94781095964633,6.772494394834294,50.662162492962246,17.19308177788877,1533,16,2,0.18845237470145915,0.37690474940291674,3.375021925854705,2.9981171764517884,28,28.9936303096501,2.0,0.10565990984299513,0.211319819685988,ZINCf500000092qS_m01_t03,SER20;LEU26,1.0,-43.98193377071754
1093,native_first,ZINCf50000009Hm2,CS[C@@H](C)[C@@H](N)C(=O)NCC(F)(F)CO,927,1304,1304,0,0,1,10.714285714285714,15.315268646616897,0.849629236931214,13.01230001362166,3,242.29099999999997,-0.19100000000000017,3.0,4.0,6.0,1.0,,,,20.69373610250848,8.0,5.0,3.0,5.0,3.0,1.0,,,,,5.193661782149165,2.8317557989536297,31.30187854958496,9.068680362238995,1281,16,0,0.9332631846515004,0.7636375002552808,7.259444124724703,6.252799621195226,28,28.9936303096501,2.0,0.12350090062699223,0.24700180125398852,ZINCf50000009Hm2_m01_t04,SER20;LEU26,3.0,103.01504952808483
1094,native_first,ZINCf500000181pp,N#CCCCNC(=O)C[C@@H](N)CCCN,1419,746,746,0,1,1,7.142857142857143,11.789866216020478,0.8972254684130889,10.578168238196625,2,212.29699999999997,-0.1373199999999991,3.0,4.0,8.0,1.0,,,,25.524123561538133,10.0,6.0,4.0,6.0,3.0,1.0,,,,,13.493229600832574,7.991002222125656,43.32429990966577,16.500953091008963,751,16,6,0.035011913330132455,0.0700238266602673,3.375021925854705,3.304998099194438,28,28.9936303096501,2.0,0.14277753899347348,0.2855550779869436,ZINCf500000181pp_m02_t03,SER20;LEU26,1.0,-20.80506533172025
1095,native_first,ZINCf50000009Edz,CO[C@H](CCSC)C(=O)NOCC(=O)O,672,212,212,1,1,1,14.285714285714286,17.205605691108325,0.7994511769804612,13.755041720418271,4,237.277,-0.11310000000000026,2.0,5.0,8.0,1.0,,,,26.580745014588192,10.0,5.0,5.0,5.0,3.0,1.0,,,,,11.082236252965263,6.52167884524695,36.853804331501,14.956863443370997,604,16,13,1.075691817780299,1.078018398080038,8.622706883572002,8.496042106204046,28,28.9936303096501,2.0,0.14440876405287376,0.2888175281057439,ZINCf50000009Edz_m02_t02,SER20;LEU26,3.0,48.42743222595428
1096,native_first,ZINCf5000000adGO,N#CCCSCC(=O)NCCOCCN,1175,784,784,0,1,1,14.285714285714286,17.040662921434695,0.7116726428946271,12.127373617973905,4,231.32099999999994,-0.27521999999999924,2.0,5.0,9.0,1.0,,,,24.512170865663283,10.0,5.0,5.0,5.0,3.0,1.0,,,,,14.869850835214066,8.829274997856954,47.07929921622868,17.28043084282637,1451,16,11,1.4189409082649367,1.324908688711247,8.317947102500712,7.552032916706674,28,28.9936303096501,2.0,0.16306163829525513,0.3261232765905131,ZINCf5000000adGO_m02_t03,SER20;LEU26,1.0,52.539221224651286
1097,native_first,ZINCf5000000Vn0F,N#CCCSCC(=O)NC[C@@H](O)C(=O)O,676,190,190,1,1,1,14.285714285714286,17.040662921434695,0.8064994340436252,13.74328500186527,4,232.261,-0.8050200000000003,3.0,5.0,7.0,1.0,,,,26.705319978517654,10.0,5.0,5.0,5.0,3.0,1.0,,,,,14.061382081279463,8.445426007998453,41.9705332368199,17.222366555589012,965,16,5,1.2083785093191988,0.923616450845972,8.317947102500712,8.76671053502922,28,28.9936303096501,2.0,0.16962032349926046,0.33924064699852075,ZINCf5000000Vn0F_m02_t03,SER20;LEU26,1.0,-62.91716270563637
1098,native_first,ZINCf50000024kCv,[N-]=[N+]=NCCCCC(=O)NC[C@H](O)CO,1050,657,657,0,1,1,14.285714285714286,17.205605691108325,0.7346314453690713,12.639778977309227,4,216.24099999999999,-0.06360000000000016,3.0,4.0,8.0,1.0,,,,28.908505615030467,9.0,6.0,3.0,6.0,3.0,1.0,,,,,15.030382373290173,8.717822506847716,54.47729638303409,18.499913183725248,54,16,6,1.6438407329391387,1.0443933937638357,8.622706883572002,9.093336611812248,28,28.9936303096501,2.0,0.1743713740843116,0.34874274816862183,ZINCf50000024kCv_m02_t02,SER20;LEU26,0.0,8.57358754665286
1099,native_first,ZINCf5000000advt,N#CCCCC[C@H](N)C(=O)NCC(=O)O,868,185,185,1,1,1,14.285714285714286,17.040662921434695,0.7725846038715666,13.165353812865517,4,213.237,-0.40151999999999927,3.0,4.0,7.0,1.0,,,,26.705319978517654,10.0,5.0,5.0,5.0,3.0,1.0,,,,,14.600968233037575,8.815486136187538,42.48002027792689,17.627056169407595,1406,16,11,1.4047004936471372,0.9971216141141727,8.317947102500712,7.980274501097006,28,28.9936303096501,2.0,0.2023734181356996,0.40474683627139996,ZINCf5000000advt_m01_t04,SER20;LEU26,0.0,26.049639256860544
1100,native_first,ZINCf5000002qTmJ,CCC[C@H](N)C(=O)NC(CCN)CCN,1400,724,724,0,1,1,7.142857142857143,11.789866216020478,0.8973158625156343,10.579233972572354,2,216.32899999999992,-0.7037999999999975,4.0,4.0,8.0,1.0,,,,26.330223142465474,10.0,7.0,3.0,7.0,3.0,1.0,,,,,7.152457386294958,4.0965549963297825,28.155827278634284,11.946898825337588,670,16,6,0.004089675661325253,0.008179351322648465,3.375021925854705,3.3668425745320567,28,28.9936303096501,2.0,0.20465849439558273,0.40931698879116674,ZINCf5000002qTmJ_m01_t04,SER20;LEU26,1.0,18.848630033371055
1101,native_first,ZINCf5000000S6MD,C[S@@](=O)CCNC(=O)NCCOC(F)F,645,328,328,1,1,1,14.285714285714286,17.205605691108325,0.80540071294909,13.857407090339565,4,244.26299999999998,-0.09670000000000023,2.0,3.0,7.0,1.0,,,,24.767183756901233,9.0,6.0,3.0,6.0,3.0,1.0,,,,,10.239439108464905,5.68906650478753,51.15760258572233,13.871375270573989,275,16,14,1.2146711371091357,0.8759112889770666,8.622706883572002,9.449780186184196,28,28.9936303096501,2.0,0.2055608781206986,0.41112175624139624,ZINCf5000000S6MD_m01_t03,SER20;LEU26,1.0,-92.2095940336389
1102,native_first,ZINCf50000028TAZ,[N-]=[N+]=NCCCOCC(=O)NCC(N)=O,846,44,44,1,1,1,14.285714285714286,17.205605691108325,0.7703295439373932,13.253986385198091,4,215.213,-0.6950999999999996,2.0,4.0,8.0,1.0,,,,31.970942013998897,10.0,6.0,4.0,6.0,3.0,1.0,,,,,16.85881785288067,9.990707089860978,53.93957252868141,20.636848893160227,355,16,2,1.2485042009476488,1.0489599737700235,8.622706883572002,7.6662160239776975,28,28.9936303096501,2.0,0.20623089732468286,0.41246179464936894,ZINCf50000028TAZ_m02_t08,SER20;LEU26,1.0,30.27389741319996
1103,native_first,ZINCf5000002rGJx,CCN(CC)CC(=O)N=[S@](C)(=O)CCN,1322,1261,1261,0,0,1,14.285714285714286,15.036168524741624,0.7495809749293202,11.270825861977384,4,235.35299999999995,-0.08869999999999856,1.0,4.0,6.0,1.0,,,,21.627260845667575,9.0,5.0,4.0,5.0,3.0,1.0,,,,,7.903013667230327,4.461678222782815,34.55770425598011,11.334075461839639,481,16,3,1.621899005951965,0.9525070216993258,7.155285109623515,7.731669120588943,28,28.9936303096501,2.0,0.20753367640054451,0.4150673528010902,ZINCf5000002rGJx_m02_t01,SER20;LEU26,3.0,13.097044415993883
1104,native_first,ZINCf50000017QTY,C[C@@H](N)CCNC(=O)C[C@@H](N)CCCN,1426,723,723,0,1,1,7.142857142857143,11.789866216020478,0.8968903448995711,10.574217176806407,2,216.32899999999995,-0.703799999999998,4.0,4.0,8.0,1.0,,,,26.330223142465474,10.0,7.0,3.0,7.0,3.0,1.0,,,,,10.995075474774294,6.399739577317962,38.99660616792091,14.82886239169709,1510,16,1,0.07558233993050838,0.15116467986101645,3.375021925854705,3.5261866057157216,28,28.9936303096501,2.0,0.21283093524782307,0.4256618704956434,ZINCf50000017QTY_m02_t02,SER20;LEU26,1.0,101.08523794582203
1105,native_first,ZINCf50000026R7L,C/C(I)=C/C(=O)N(C)CCNC(=O)CO,415,937,937,1,0,1,14.285714285714286,17.205605691108325,0.8445115475513612,14.530332688756397,4,326.134,-0.1079,2.0,3.0,5.0,1.0,,,,21.514590157676757,9.0,5.0,4.0,5.0,3.0,1.0,,,,,11.419944853938269,6.528333501411974,45.55031446540882,13.94360617987289,84,16,9,0.9104026662596306,0.9161208544141904,8.622706883572002,8.459022342255665,28,28.9936303096501,2.0,0.21923699056529994,0.4384739811305973,ZINCf50000026R7L_m01_t01,SER20;LEU26,1.0,13.177158014360224
1106,native_first,ZINCf5000000azJc,[N-]=[N+]=NCCNC(=O)CCCNC(N)=O,918,62,62,1,1,1,10.714285714285714,15.315268646616897,0.8521767421593031,13.051315740568505,3,214.22899999999998,-0.1386000000000004,3.0,3.0,7.0,1.0,,,,29.9135462853119,10.0,6.0,4.0,6.0,3.0,1.0,,,,,15.259516569262727,8.948214205585426,51.78232384008555,18.923023998275017,708,16,0,0.7224813842903328,0.836124118697509,7.259444124724703,6.055961627057183,28,28.9936303096501,2.0,0.23131422807590934,0.4626284561518208,ZINCf5000000azJc_m02_t04,SER20;LEU26,0.0,-162.35762100587078
1107,native_first,ZINCf50000008TGf,CCCC[C@@H](N)C(=O)N(CCN)CCN,1337,1300,1300,0,0,1,10.714285714285714,13.515260490838273,0.8230852626281896,11.124211730590014,3,216.32899999999992,-0.7500999999999971,3.0,4.0,8.0,1.0,,,,20.69373610250848,8.0,5.0,3.0,5.0,3.0,1.0,,,,,5.834343235993375,3.217154553827621,31.285086030439977,9.54919145262215,401,16,6,1.0661875609836164,0.9194670907592207,8.317947102500712,7.826771713009542,28,28.9936303096501,2.0,0.2367514423430622,0.4735028846861269,ZINCf50000008TGf_m02_t02,SER20;LEU26,2.0,226.021945892857
1108,native_first,ZINCf5000000ady2,N#CCCCS(=O)(=O)NC(=O)CCCN,1256,875,875,0,1,1,14.285714285714286,15.036168524741624,0.7785735230871187,11.70676270203973,4,233.29299999999995,-0.5249199999999987,2.0,5.0,7.0,1.0,,,,22.695786574656285,9.0,4.0,5.0,4.0,3.0,1.0,,,,,12.167045803626458,7.015320274537013,45.80165474060823,14.799230996383914,287,16,1,1.1135690749784735,1.1656681554647494,7.155285109623515,6.787878078879984,28,28.9936303096501,2.0,0.23841363909673638,0.4768272781934737,ZINCf5000000ady2_m01_t02,SER20;LEU26,1.0,-136.51482016429082
1109,native_first,ZINCf5000000Vn0X,N#CSCCCNC(=O)COCC(=O)O,477,205,205,1,1,1,14.285714285714286,17.205605691108325,0.8347779947254337,14.362861016859917,4,232.26099999999997,-0.19182000000000038,2.0,5.0,8.0,1.0,,,,26.580745014588192,10.0,5.0,5.0,5.0,3.0,1.0,,,,,12.599930632948315,7.500183947245037,39.36857629386364,16.095134228358283,156,16,3,0.9409755973886998,0.9571686587436706,8.622706883572002,8.68086663917737,28,28.9936303096501,2.0,0.2515170233008337,0.5030340466016661,ZINCf5000000Vn0X_m01_t01,SER20;LEU26,0.0,-7.696895740109408
1110,native_first,ZINCf50000008TsN,CCCCCS(=O)(=O)N[C@H](CO)C(=O)O,668,421,421,1,1,1,14.285714285714286,17.205605691108325,0.799857419585861,13.76203137050171,4,239.293,-0.4584999999999993,3.0,4.0,8.0,1.0,,,,23.707739270531132,9.0,5.0,4.0,5.0,3.0,1.0,,,,,10.102358924817526,5.759161264693257,41.089413607878235,13.50370401124593,950,16,6,1.33622886473931,0.8837526016239986,8.622706883572002,8.83957237409476,28,28.9936303096501,2.0,0.2516426118848209,0.5032852237696428,ZINCf50000008TsN_m01_t01,SER20;LEU26,1.0,-55.22974744456894
1111,native_first,ZINCf5000002drDD,C#CCCCS(=O)(=O)NC[C@@H]1C[C@@H]1CN,1513,1384,1384,0,0,1,10.714285714285714,13.515260490838273,0.7318422881237365,9.891039162203416,3,230.33299999999997,-0.08599999999999908,2.0,3.0,7.0,1.0,,,,18.500586989654103,8.0,5.0,3.0,5.0,3.0,1.0,,,,,7.385345059822779,4.0134181439993855,46.20558561193157,10.164155542280609,226,16,5,1.2190756449809343,1.3693382941000716,8.317947102500712,7.8348309245643835,28,28.9936303096501,2.0,0.25551432369361504,0.5110286473872332,ZINCf5000002drDD_m02_t01,SER20;LEU26,3.0,-74.47439973350156
1112,native_first,ZINCf5000002eg5W,[N-]=[N+]=NCCNCC(=O)NOC1COC1,1202,619,619,0,1,1,10.714285714285714,15.315268646616897,0.7813013590788498,11.965840208259477,3,215.21299999999997,-0.6670999999999996,2.0,5.0,7.0,1.0,,,,31.970942013998897,10.0,6.0,4.0,6.0,3.0,1.0,,,,,13.787788330050441,8.254868642779705,41.81429681429682,18.333576751037555,669,16,8,1.1643377543013875,1.1244002797760828,7.259444124724703,7.054725096870035,28,28.9936303096501,2.0,0.3524783622944325,0.7049567245888646,ZINCf5000002eg5W_m02_t02,SER20;LEU26,3.0,35.83871273997922
1113,native_first,ZINCf50000008UyK,CCCOCC(=O)N[C@H](C(N)=O)C1CC1,425,585,585,1,1,1,17.857142857142858,20.731008121704747,0.6997877710835412,14.507305965802555,5,214.26499999999996,-0.20689999999999964,2.0,3.0,7.0,1.0,,,,22.695786574656285,9.0,4.0,5.0,4.0,3.0,1.0,,,,,7.158393655414827,4.055891599789339,30.45310164424514,11.04274188522519,426,16,3,1.6566484744763483,1.2730979654186607,8.622706883572002,8.932451663014021,28,28.9936303096501,2.0,0.3669073531208295,0.7338147062416596,ZINCf50000008UyK_m01_t04,SER20;LEU26,2.0,13.432447884850834
1114,native_first,ZINCf5000002eg50,[N-]=[N+]=NCCCC(=O)NOC[C@@H](O)CO,285,48,48,1,1,1,14.285714285714286,17.205605691108325,0.8701279412160342,14.971078257378968,4,218.213,-0.5221000000000002,3.0,5.0,8.0,1.0,,,,31.90608632301698,10.0,6.0,4.0,6.0,3.0,1.0,,,,,13.346812317305673,7.987010479826733,40.57581424341593,17.986630818733502,424,16,0,0.9090725674377902,0.7594900863589102,8.622706883572002,8.767633176848264,28,28.9936303096501,2.0,0.3677601417470279,0.735520283494056,ZINCf5000002eg50_m02_t03,SER20;LEU26,3.0,25.121392602938364
1115,native_first,ZINCf5000000VZ2u,CCSCC(=O)NO[C@@H](COC)C(=O)O,827,122,122,1,1,1,14.285714285714286,17.040662921434695,0.7811815477169215,13.311851435088712,4,237.277,-0.11310000000000026,2.0,5.0,8.0,1.0,,,,28.397129305595193,11.0,6.0,5.0,6.0,3.0,1.0,,,,,11.284761014101582,6.818488201838606,32.71171941830624,15.562853086974984,107,16,12,1.303723062057008,1.0206214672679936,8.317947102500712,8.000951732011133,28,28.9936303096501,2.0,0.3822250222954742,0.7644500445909514,ZINCf5000000VZ2u_m01_t04,SER20;LEU26,0.0,72.82717497885226
1116,native_first,ZINCf5000000SOA1,O=C(CO)NC[C@@H]1CCN1C(=O)C=CI,340,1053,1053,1,0,1,14.285714285714286,17.205605691108325,0.8585542325457666,14.771945589614582,4,324.118,-0.3554999999999999,2.0,3.0,4.0,1.0,,,,19.698205866669763,8.0,4.0,4.0,4.0,3.0,1.0,,,,,7.3834418995049305,4.071088259335483,39.61680786834162,10.46213289129614,408,16,14,0.9566210278843799,0.8015036573838629,8.622706883572002,8.695871851600431,28,28.9936303096501,2.0,0.44262111135945525,0.8852422227189134,ZINCf5000000SOA1_m01_t04,SER20;LEU26,1.0,16.62821272053675
1117,native_first,ZINCf5000002rvPA,C[C@H](CNC(=O)[C@@H](N)CCCN)N=[N+]=[N-],1401,666,666,0,1,1,7.142857142857143,11.789866216020478,0.8973152352442644,10.57922657712682,2,214.27299999999997,-0.1323999999999993,3.0,4.0,7.0,1.0,,,,28.908505615030467,9.0,6.0,3.0,6.0,3.0,1.0,,,,,9.5909012616643,5.494424335320899,37.695610687022906,14.420302350005842,70,16,0,0.005011400018286616,0.010022800036570523,3.375021925854705,3.3850447258912757,28,28.9936303096501,2.0,0.4430832985073534,0.8861665970147072,ZINCf5000002rvPA_m02_t02,SER20;LEU26,1.0,46.96333378119394
1118,native_first,ZINCf5000002rwmk,C[C@@H](CN=[N+]=[N-])NC(=O)CC[C@@H](N)CN,1433,660,660,0,1,1,7.142857142857143,11.789866216020478,0.8965315918951569,10.569987526879768,2,214.27299999999997,-0.1323999999999984,3.0,4.0,7.0,1.0,,,,28.908505615030467,9.0,6.0,3.0,6.0,3.0,1.0,,,,,12.728784840367807,7.3781150731883915,46.321564885496194,16.773715034033472,801,16,12,0.10258338722372408,0.20516677444744724,3.375021925854705,3.169855151407258,28,28.9936303096501,2.0,0.46607286262300485,0.9321457252460128,ZINCf5000002rwmk_m01_t02,SER20;LEU26,1.0,-0.5809397429950494
1119,native_first,ZINCf50000008T1s,CCC(F)(F)CC(=O)N1C[C@H](O)[C@@H](O)C1,445,1089,1089,1,0,1,14.285714285714286,17.040662921434695,0.846901438959101,14.431761948980041,4,223.219,-0.01419999999999988,2.0,3.0,3.0,1.0,,,,18.500586989654103,8.0,5.0,3.0,5.0,3.0,1.0,,,,,6.815150233807621,3.7074334378290406,42.13109008061687,9.73650942276924,1452,16,2,0.9211207091926908,0.8862461922162099,8.317947102500712,7.989449720551202,28,28.9936303096501,2.0,0.47890676426213563,0.9578135285242713,ZINCf50000008T1s_m01_t02,SER20;LEU26,2.0,38.487221026022375
1120,native_first,ZINCf5000001876q,O=C(C=CBr)N[C@H]1CCN(C(=O)CO)C1,296,1051,1051,1,0,1,14.285714285714286,17.205605691108325,0.8664245095189459,14.907358471894915,4,277.118,-0.3956000000000002,2.0,3.0,3.0,1.0,,,,19.698205866669763,8.0,4.0,4.0,4.0,3.0,1.0,,,,,7.419076216520513,4.1317551830192185,36.30100301879444,10.488858629057827,806,16,14,0.8627664465221156,0.801379345902897,8.622706883572002,8.255612004290528,28,28.9936303096501,2.0,0.48629079472981607,0.9725815894596295,ZINCf5000001876q_m01_t02,SER20;LEU26,2.0,-42.19060681684922
1121,native_first,ZINCf5000002qNLW,CC(C)(CC(=O)NC[C@@H](O)CN)N=[N+]=[N-],821,95,95,1,1,1,14.285714285714286,17.040662921434695,0.7818149673992961,13.32264532638386,4,215.257,-0.09880000000000033,3.0,4.0,6.0,1.0,,,,28.908505615030467,9.0,6.0,3.0,6.0,3.0,1.0,,,,,11.229825047260162,6.342753141722196,48.931047765793515,15.649495189202739,971,16,13,1.0567646942175055,1.1278334613815413,8.317947102500712,7.468748505358132,28,28.9936303096501,2.0,0.5007665715347579,1.0015331430695156,ZINCf5000002qNLW_m01_t02,SER20;LEU26,3.0,20.298433839045323
1122,native_first,ZINCf5000002qZ68,C=CCCS(=O)(=O)NC(CCN)CCN,1442,1230,1230,0,0,1,7.142857142857143,11.789866216020478,0.8958900245070665,10.56242353320562,2,235.35299999999992,-0.4518999999999979,3.0,4.0,9.0,1.0,,,,22.51012039351548,9.0,6.0,3.0,6.0,3.0,1.0,,,,,5.410263818187232,3.004304865779621,27.165025365562528,9.685227962019294,1009,16,8,0.13836764854945596,0.2767352970989094,3.375021925854705,3.0982866287557957,28,28.9936303096501,2.0,0.5166477651595995,1.0332955303192026,ZINCf5000002qZ68_m01_t01,SER20;LEU26,0.0,-62.769462367082646
1123,native_first,ZINCf50000008VEJ,CCC[C@H](O)[C@@H](CO)NC[C@H](O)COC,123,220,220,1,1,1,17.857142857142858,20.731008121704747,0.7547293800129352,15.646300906737348,5,221.29699999999997,-0.8947999999999992,4.0,5.0,9.0,1.0,,,,26.330223142465474,10.0,7.0,3.0,7.0,3.0,1.0,,,,,8.494168753363006,4.9308772915789545,30.62601476579972,12.953182350638622,521,16,9,1.5070653703665011,0.9275878844348945,8.622706883572002,7.54020746583781,28,28.9936303096501,2.0,0.5176423521547908,1.0352847043095803,ZINCf50000008VEJ_m01_t01,SER20;LEU26,2.0,93.90636864710318
1124,native_first,ZINCf50000026cQC,C=CCN(C)C(=O)NC1CN(C(N)=S)C1,1493,1279,1279,0,0,1,7.142857142857143,11.789866216020478,0.878194152561857,10.35379157039577,2,228.32099999999997,-0.2583999999999993,2.0,2.0,3.0,1.0,,,,21.514590157676757,9.0,5.0,4.0,5.0,3.0,1.0,,,,,8.870666731670411,5.002532842912056,39.118337954405426,12.031647588171998,668,16,13,0.5167544315624556,1.0335088631249119,3.375021925854705,2.3415130627297933,28,28.9936303096501,2.0,0.5230785760808824,1.0461571521617614,ZINCf50000026cQC_m01_t01,SER20;LEU26,1.0,-98.87922719832234
1125,native_first,ZINCf50000009K4S,C[C@@H](CNC(=O)CO)N(C)C(=O)C=CI,212,1024,1024,1,0,1,14.285714285714286,17.205605691108325,0.8842082171646319,15.213337933372536,4,326.134,-0.10949999999999993,2.0,3.0,5.0,1.0,,,,19.698205866669763,8.0,4.0,4.0,4.0,3.0,1.0,,,,,9.403305916840557,5.268152428538259,43.72294372294375,11.977030904297859,581,16,15,0.8825676257567828,0.6772336008731483,8.622706883572002,8.926413320139474,28,28.9936303096501,2.0,0.5317973786890456,1.0635947573780875,ZINCf50000009K4S_m01_t02,SER20;LEU26,1.0,4.025290108867378
1126,native_first,ZINCf50000009K5v,C[C@@H](CNC(=O)CSCC#N)S(N)(=O)=O,924,880,880,0,1,1,14.285714285714286,17.205605691108325,0.757723348231934,13.037089152625018,4,251.33299999999997,-0.9636199999999988,2.0,5.0,6.0,1.0,,,,22.695786574656285,9.0,4.0,5.0,4.0,3.0,1.0,,,,,10.511059792912066,6.037414213762999,40.58120900417413,13.55724148834812,976,16,2,0.9967276078009677,1.140688849931406,8.622706883572002,6.989844955108744,28,28.9936303096501,2.0,0.5440287914668841,1.0880575829337715,ZINCf50000009K5v_m01_t02,SER20;LEU26,1.0,-77.3033013952797
1127,native_first,ZINCf5000002dx1P,CC[C@@H]1C[C@H]1CN(CC(N)=O)CC(=O)O,826,389,389,1,1,1,14.285714285714286,17.040662921434695,0.7813759786905677,13.315164667772104,4,214.26499999999996,-0.09559999999999885,2.0,3.0,7.0,1.0,,,,24.512170865663283,10.0,5.0,5.0,5.0,3.0,1.0,,,,,9.96224931636954,5.765987528944122,36.59378437843786,13.599729703692976,774,16,11,1.2493059286283794,1.0634096129683694,8.317947102500712,8.082417245931447,28,28.9936303096501,2.0,0.5450153718418755,1.0900307436837497,ZINCf5000002dx1P_m02_t05,SER20;LEU26,0.0,18.230748851029624
1128,native_first,ZINCf5000002eg4T,[N-]=[N+]=NCCCC(=O)NC[C@@H](O)CCO,1040,635,635,0,1,1,14.285714285714286,17.205605691108325,0.7366785055192293,12.674999887078828,4,216.24099999999999,-0.06360000000000016,3.0,4.0,8.0,1.0,,,,30.73606832627538,10.0,7.0,3.0,7.0,3.0,1.0,,,,,15.672501831490992,9.25561497999481,51.09987154784843,19.43839345518709,162,16,11,1.1252732190630441,1.1715372737537935,8.622706883572002,6.925426085529107,28,28.9936303096501,2.0,0.5454387001040577,1.0908774002081199,ZINCf5000002eg4T_m02_t03,SER20;LEU26,0.0,0.6139466394279847
1129,native_first,ZINCf50000009ITk,C[C@@H](CCN)C(=O)NS(=O)(=O)CCC#N,1295,881,881,0,1,1,14.285714285714286,15.036168524741624,0.7632443443556667,11.476270587287733,4,233.29299999999995,-0.6690199999999984,2.0,5.0,6.0,1.0,,,,22.695786574656285,9.0,4.0,5.0,4.0,3.0,1.0,,,,,10.488489160408282,6.02823398200604,40.32392952720784,13.54031351397028,914,16,8,1.0801135203315682,1.1445223782205591,7.155285109623515,5.887033487018366,28,28.9936303096501,2.0,0.5516614983972989,1.1033229967945974,ZINCf50000009ITk_m02_t03,SER20;LEU26,3.0,-88.57084249104891
1130,native_first,ZINCf50000026GoR,NC(=O)CN1CCN(C[C@@H]2C[C@H]2Br)CC1,1141,1344,1344,0,0,1,10.714285714285714,13.515260490838273,0.9072624368612902,12.261888167733048,3,276.17800000000005,-0.12729999999999997,1.0,3.0,4.0,1.0,,,,19.810876554660577,8.0,4.0,4.0,4.0,3.0,1.0,,,,,5.6156929510085405,3.056304421758186,34.539581961816985,9.16448885192155,882,16,2,0.6224544530379428,0.6759929872284288,8.317947102500712,7.8325476118543405,28,28.9936303096501,2.0,0.5531718042303504,1.1063436084606977,ZINCf50000026GoR_m02_t02,SER20;LEU26,2.0,191.32625086248777
1131,native_first,ZINCf5000000advk,N#CCCCCS(=O)(=O)NCCC(N)=O,738,562,562,1,1,1,14.285714285714286,17.040662921434695,0.7950275565735508,13.547796604821732,4,233.29299999999998,-0.5249199999999996,2.0,4.0,8.0,1.0,,,,22.695786574656285,9.0,4.0,5.0,4.0,3.0,1.0,,,,,11.229191620929695,6.462563314231619,42.79017857142856,14.095840359361341,256,16,2,1.1591735855139333,1.029825888486138,8.317947102500712,7.872354779864346,28,28.9936303096501,2.0,0.5544799474803271,1.1089598949606518,ZINCf5000000advk_m01_t03,SER20;LEU26,1.0,-98.83321478874174
1132,native_first,ZINCf5000000ajDR,NCC[C@H](N)CC(=O)NC[C@H]1CCSC1,1413,1228,1228,0,0,1,7.142857142857143,11.789866216020478,0.8972711705389079,10.578707060145819,2,231.36499999999995,-0.07809999999999984,3.0,4.0,6.0,1.0,,,,22.51012039351548,9.0,6.0,3.0,6.0,3.0,1.0,,,,,8.720367045150375,4.892144756905924,40.09812667261375,12.167805382241651,1331,16,4,0.024788364262926257,0.04957672852585526,3.375021925854705,3.4245986543805604,28,28.9936303096501,2.0,0.5723064196604499,1.1446128393208994,ZINCf5000000ajDR_m01_t02,SER20;LEU26,3.0,-10.834973428170212
1133,native_first,ZINCf50000017wFl,CCN(C1CC1)S(=O)(=O)NC/C=C/CN,1463,1387,1387,0,0,1,7.142857142857143,11.789866216020478,0.8900821857986912,10.493949891829653,2,233.337,-0.17999999999999827,2.0,3.0,7.0,1.0,,,,18.500586989654103,8.0,5.0,3.0,5.0,3.0,1.0,,,,,6.294054998623625,3.4196064639052803,39.480653229365906,9.345687996381244,1122,16,2,0.3135850293225075,0.6271700586450155,3.375021925854705,4.002191984499721,28,28.9936303096501,2.0,0.5949020293540925,1.1898040587081855,ZINCf50000017wFl_m01_t01,SER20;LEU26,0.0,-188.44083738565038
1134,native_first,ZINCf5000002qOGd,CC[C@@](C)(F)C(=O)NC[C@@H](C)S(N)(=O)=O,684,1102,1102,1,0,1,14.285714285714286,17.205605691108325,0.7974627772245494,13.720830098261757,4,240.29999999999998,-0.08219999999999905,2.0,3.0,5.0,1.0,,,,17.870643155424844,7.0,3.0,4.0,3.0,3.0,1.0,,,,,6.961087535333278,3.7577895033098967,47.17530030030031,9.688476440356169,1230,16,13,1.0995126398287958,1.0749662846420396,8.622706883572002,8.542333628221796,28,28.9936303096501,2.0,0.5953110952899643,1.1906221905799264,ZINCf5000002qOGd_m01_t02,SER20;LEU26,0.0,-64.23669168726587
1135,native_first,ZINCf50000017p9i,C=CCOC(=O)CS(=O)(=O)[C@H]1CCOC1,1372,1469,1469,0,0,1,14.285714285714286,14.635981502647391,0.7349222232349265,10.756308065150881,4,234.27299999999994,-0.08069999999999977,0.0,5.0,5.0,1.0,,,,16.60265024786633,7.0,4.0,3.0,4.0,3.0,1.0,,,,,5.680767592083405,3.03134512378468,45.08862433862435,8.411238256029135,1099,16,7,1.469566343507276,1.1600891741704233,8.622706883572002,8.007067370407517,28,28.9936303096501,2.0,0.5993529793894606,1.1987059587789233,ZINCf50000017p9i_m01_t02,SER20;LEU26,0.0,-23.0592480268226
1136,native_first,ZINCf5000002dSCm,CCNC(=O)N1CC(NC(=O)C2CC2)C1,278,1050,1050,1,0,1,14.285714285714286,17.205605691108325,0.8713918559558638,14.992824676019655,4,211.26499999999996,-0.07369999999999988,2.0,2.0,3.0,1.0,,,,19.698205866669763,8.0,4.0,4.0,4.0,3.0,1.0,,,,,7.693719479134879,4.225532626351442,42.92631425658948,10.6948410760186,967,16,0,0.8925520391373275,0.7230538849175102,8.622706883572002,8.020165490873346,28,28.9936303096501,2.0,0.6032361533318658,1.2064723066637342,ZINCf5000002dSCm_m01_t04,SER20;LEU26,1.0,-60.78950539599734
1137,native_first,ZINCf50000017vIN,CCCN(CC)S(=O)(=O)N[C@@H]1C[C@@H]1CN,1475,1445,1445,0,0,1,7.142857142857143,11.789866216020478,0.8872014186482019,10.459986032525876,2,235.35299999999998,-0.10009999999999819,2.0,3.0,7.0,1.0,,,,16.68420269864711,7.0,4.0,3.0,4.0,3.0,1.0,,,,,4.9969177002013225,2.66969478849132,38.952819332566165,7.918738949812769,225,16,3,0.3720047860503814,0.7440095721007656,3.375021925854705,2.6310123537539396,28,28.9936303096501,2.0,0.6186328037670442,1.237265607534086,ZINCf50000017vIN_m01_t01,SER20;LEU26,1.0,-163.55793929658225
1138,native_first,ZINCf50000024ITY,C[C@@H](CCO)NC(=O)CNCCN=[N+]=[N-],1310,639,639,0,1,1,10.714285714285714,15.48021141629053,0.7351243053913633,11.379879664712028,3,215.25699999999998,-0.22660000000000036,3.0,4.0,8.0,1.0,,,,30.73606832627538,10.0,7.0,3.0,7.0,3.0,1.0,,,,,10.919482433378642,6.357333379579681,38.66944979661743,15.873628906602827,467,16,3,1.3080655025301533,1.0170082272565055,8.622706883572002,6.799221595706009,28,28.9936303096501,2.0,0.6194041031131919,1.238808206226384,ZINCf50000024ITY_m02_t02,SER20;LEU26,1.0,-18.18739679597782
1139,native_first,ZINCf500000240X9,C=CCCS(=O)(=O)N[C@@H](CO)CC(=O)O,959,818,818,0,1,1,14.285714285714286,17.205605691108325,0.7498033323129544,12.900820481655755,4,237.27699999999996,-0.6824999999999999,3.0,4.0,8.0,1.0,,,,23.707739270531132,9.0,5.0,4.0,5.0,3.0,1.0,,,,,7.3342291950039495,4.150871989352482,31.465613799283148,11.427606713885746,1357,16,10,1.3198079886607057,1.1491245518754698,8.622706883572002,7.808821442986642,28,28.9936303096501,2.0,0.62082308234117,1.24164616468234,ZINCf500000240X9_m01_t01,SER20;LEU26,2.0,-80.80296532106748
1140,native_first,ZINCf50000027Yux,C/C(I)=C/C(=O)N1CC(NC(=O)CO)C1,348,1033,1033,1,0,1,14.285714285714286,17.205605691108325,0.8567986407534373,14.741739569481217,4,324.1180000000001,-0.35550000000000037,2.0,3.0,3.0,1.0,,,,19.698205866669763,8.0,4.0,4.0,4.0,3.0,1.0,,,,,8.459619214225905,4.654353054971148,46.372232020380174,11.269265877336867,1355,16,14,0.8552347171217646,0.8661960890856822,8.622706883572002,8.265480029451757,28,28.9936303096501,2.0,0.6234628505549129,1.2469257011098271,ZINCf50000027Yux_m01_t03,SER20;LEU26,3.0,-11.85611748664292
1141,native_first,ZINCf5000001xLRs,O=S1(=O)CC2(CC(NS(=O)(=O)CI)C2)C1,584,1135,1135,1,0,1,14.285714285714286,17.205605691108325,0.8143246151949338,14.01094823360755,4,365.21400000000006,-0.12450000000000006,1.0,4.0,3.0,1.0,,,,16.813295846674055,7.0,4.0,3.0,4.0,3.0,1.0,,,,,5.1639332959585555,2.756547235712136,40.76806659099508,8.076273933637431,729,16,15,1.0975791794400764,0.9756668060784491,8.622706883572002,8.582201497979558,28,28.9936303096501,2.0,0.6253155447009917,1.250631089401983,ZINCf5000001xLRs_m01_t01,SER20;LEU26,2.0,-15.55617242772289
1142,native_first,ZINCf5000002rjYx,CCC(=O)NNC(=O)[C@@H]1CNCC1(C)C,1345,1354,1354,0,0,1,10.714285714285714,15.315268646616897,0.7227583295710514,11.069237983960724,3,213.28099999999995,-0.21059999999999923,3.0,3.0,2.0,1.0,,,,19.698205866669763,8.0,4.0,4.0,4.0,3.0,1.0,,,,,7.704945545195119,4.251159058903845,41.0786001147447,10.703260625563779,1301,16,14,1.282895071610763,1.2881729025899116,7.259444124724703,6.128011842627328,28,28.9936303096501,2.0,0.6261055891109515,1.2522111782219056,ZINCf5000002rjYx_m01_t04,SER20;LEU26,0.0,35.718322758938044
1143,native_first,ZINCf500000097HU,CC[C@H](F)C(=O)NC1CN(C(=O)NC)C1,74,950,950,1,0,1,14.285714285714286,17.205605691108325,0.9274963679415225,15.95813678673696,4,217.24399999999997,-0.12570000000000014,2.0,2.0,3.0,1.0,,,,21.514590157676757,9.0,5.0,4.0,5.0,3.0,1.0,,,,,9.951354051489561,5.57067025802211,46.58516184251478,12.84216307803636,1067,16,8,0.7361185654735124,0.46444859550396167,8.622706883572002,8.962825397359943,28,28.9936303096501,2.0,0.6381757289807486,1.2763514579614945,ZINCf500000097HU_m01_t03,SER20;LEU26,0.0,-41.584724887794465
1144,native_first,ZINCf5000000VZiS,N#CCSCC(=O)N[C@@H](CCO)C(=O)O,992,673,673,0,1,1,14.285714285714286,17.040662921434695,0.751682817429709,12.809173515654008,4,232.26099999999997,-0.8050200000000003,3.0,5.0,7.0,1.0,,,,28.521704269524655,11.0,6.0,5.0,6.0,3.0,1.0,,,,,15.109413690436954,9.322552403464336,39.83897243107769,18.462486335208876,1157,16,15,0.9709762547741019,1.156558531527084,8.317947102500712,6.551709761868082,28,28.9936303096501,2.0,0.6525453393805111,1.3050906787610188,ZINCf5000000VZiS_m02_t02,SER20;LEU26,0.0,41.44942314609765
1145,native_first,ZINCf5000002dJhU,C[C@@H]1[C@@H](C)C1(Br)C(=O)NOC[C@H](O)CO,437,436,436,1,1,1,14.285714285714286,17.205605691108325,0.8395222899304421,14.444489489439507,4,282.134,-0.19309999999999988,3.0,4.0,5.0,1.0,,,,23.707739270531132,9.0,5.0,4.0,5.0,3.0,1.0,,,,,8.794140611163325,4.991935541022759,36.898931433659826,12.522540276005278,284,16,12,1.040574276002026,0.846904043139137,8.622706883572002,8.253234933267292,28,28.9936303096501,2.0,0.656585890207508,1.3131717804150185,ZINCf5000002dJhU_m01_t02,SER20;LEU26,0.0,61.50622363066883
1146,native_first,ZINCf50000009vv6,COCCOCCONC(=O)[C@@H](C)C#N,453,151,151,1,1,1,10.714285714285714,15.48021141629053,0.9318337652888636,14.424983691509658,3,216.237,-0.14312000000000014,1.0,5.0,8.0,1.0,,,,27.407152278921277,10.0,6.0,4.0,6.0,3.0,1.0,,,,,13.143381124991194,7.80276629988453,41.6524865992951,16.709323913473714,993,16,9,0.43761932308789325,0.5853359646289183,8.622706883572002,8.00859083872601,28,28.9936303096501,2.0,0.6593761663588811,1.3187523327177608,ZINCf50000009vv6_m01_t01,SER20;LEU26,2.0,39.69123558198267
1147,native_first,ZINCf5000000ajAo,NCCSCC(=O)NC[C@H]1CC[C@@H](N)C1,1449,891,891,0,1,1,7.142857142857143,11.789866216020478,0.8945313592820956,10.546405051970854,2,231.36499999999995,-0.07809999999999889,3.0,4.0,6.0,1.0,,,,22.51012039351548,9.0,6.0,3.0,6.0,3.0,1.0,,,,,9.906363057609301,5.57218032494982,44.58816532857568,13.057302391585846,384,16,5,0.19361549084225896,0.3872309816845183,3.375021925854705,2.987790944170187,28,28.9936303096501,2.0,0.6720526491075429,1.3441052982150872,ZINCf5000000ajAo_m02_t01,SER20;LEU26,1.0,25.266918238913913
1148,native_first,ZINCf50000008FwI,C=CCCCS(=O)(=O)N[C@H](CO)C(=O)O,760,422,422,1,1,1,17.857142857142858,20.731008121704747,0.6507836318193674,13.491400756719816,5,237.277,-0.682499999999999,3.0,4.0,8.0,1.0,,,,23.707739270531132,9.0,5.0,4.0,5.0,3.0,1.0,,,,,10.102358924817526,5.759161264693257,41.089413607878235,13.50370401124593,268,16,6,1.5356378545128198,1.5988821156019273,8.622706883572002,7.5757508235318,28,28.9936303096501,2.0,0.6820940973830446,1.3641881947660934,ZINCf50000008FwI_m01_t01,SER20;LEU26,1.0,-60.48506998213374
1149,native_first,ZINCf5000000Vn0E,N#CCCS(=O)(=O)NC(=O)CCC(=O)O,561,208,208,1,1,1,17.857142857142858,20.731008121704747,0.6782041032939866,14.059854773561122,5,234.23299999999995,-0.78912,2.0,5.0,6.0,1.0,,,,26.580745014588192,10.0,5.0,5.0,5.0,3.0,1.0,,,,,11.664402308347201,6.984829954956092,35.34263007947218,15.39348798490745,255,16,0,1.8119828477384157,1.292696442758724,8.622706883572002,8.217675541712465,28,28.9936303096501,2.0,0.6844897566765833,1.3689795133531675,ZINCf5000000Vn0E_m01_t04,SER20;LEU26,0.0,-196.5720976945804
1150,native_first,ZINCf5000002rXwv,CN(CCN=[N+]=[N-])C(=O)[C@@H](O)CCCN,1448,695,695,0,1,1,7.142857142857143,11.789866216020478,0.894593545943796,10.547138224392723,2,215.25699999999998,-0.14510000000000012,2.0,4.0,7.0,1.0,,,,26.915965577325384,9.0,6.0,3.0,6.0,3.0,1.0,,,,,10.181890483506077,5.744922169225235,44.72188995215311,14.365409256960904,267,16,0,0.1914289235232593,0.38285784704651915,3.375021925854705,3.7578797729012243,28,28.9936303096501,2.0,0.6946821376891545,1.389364275378309,ZINCf5000002rXwv_m02_t01,SER20;LEU26,2.0,-0.0971686101664524
1151,native_first,ZINCf5000002r6Ja,CC[C@@H](C)N(C)S(=O)(=O)NC[C@@H](F)CN,522,1093,1093,1,0,1,14.285714285714286,17.040662921434695,0.8328262435783672,14.191911288943622,4,241.33199999999997,-0.15209999999999846,2.0,3.0,7.0,1.0,,,,18.500586989654103,8.0,5.0,3.0,5.0,3.0,1.0,,,,,5.972756585334812,3.251997275843996,36.5625,9.104714186414634,1468,16,9,0.9739449402495876,0.8468544507516657,8.317947102500712,7.329169907395419,28,28.9936303096501,2.0,0.695602298165496,1.3912045963309918,ZINCf5000002r6Ja_m01_t01,SER20;LEU26,3.0,-142.09080878000822
1152,native_first,ZINCf5000002raZH,CC[C@@H](O)CCNC(=O)[C@@H](N)CN=[N+]=[N-],837,58,58,1,1,1,14.285714285714286,17.205605691108325,0.772605594468311,13.293147213166103,4,215.257,-0.09879999999999994,3.0,4.0,7.0,1.0,,,,30.73606832627538,10.0,7.0,3.0,7.0,3.0,1.0,,,,,13.768881310840497,8.040992326485274,47.86447148651873,18.010678064699217,617,16,11,1.2857335959225662,1.065581703597289,8.622706883572002,8.06158822819992,28,28.9936303096501,2.0,0.6998554643754266,1.3997109287508582,ZINCf5000002raZH_m02_t02,SER20;LEU26,3.0,2.1271746531272986
1153,native_first,ZINCf50000017L7N,COC[C@@H](C)S(=O)(=O)NCC[S@](C)(=N)=O,71,564,564,1,1,1,14.285714285714286,19.005613846886952,0.8399000218331325,15.962815484952436,4,258.365,-0.38272999999999907,2.0,5.0,7.0,1.0,,,,22.695786574656285,9.0,4.0,5.0,4.0,3.0,1.0,,,,,11.079301968181774,6.385201483367646,41.8328505644682,13.9834231198004,205,16,12,1.1665881425057782,0.7614531228187863,8.622706883572002,8.766690995962058,28,28.9936303096501,2.0,0.7031396739347553,1.406279347869516,ZINCf50000017L7N_m01_t01,SER20;LEU26,2.0,-87.03480398969094
1154,native_first,ZINCf5000000VZiI,N#CCCCC(=O)N[C@@H](CCN)C(=O)O,1252,708,708,0,1,1,14.285714285714286,15.036168524741624,0.7800034953549013,11.728264006043817,4,213.23699999999997,-0.40151999999999927,3.0,4.0,7.0,1.0,,,,26.705319978517654,10.0,5.0,5.0,5.0,3.0,1.0,,,,,13.523583944059306,8.139927750135586,39.9383710866386,16.819017952673892,1400,16,5,1.232861678756119,1.0415917097038225,7.155285109623515,7.850732815877986,28,28.9936303096501,2.0,0.7104147028100571,1.4208294056201147,ZINCf5000000VZiI_m02_t04,SER20;LEU26,0.0,-79.67577078297265
1155,native_first,ZINCf50000009I46,C[C@@H](C(=O)NCCS(N)(=O)=O)C(C)(F)F,226,1058,1058,1,0,1,14.285714285714286,17.205605691108325,0.881809794148849,15.172071612682496,4,244.26299999999995,-0.3175999999999999,2.0,3.0,5.0,1.0,,,,19.698205866669763,8.0,4.0,4.0,4.0,3.0,1.0,,,,,7.126414568223251,3.9198505137722064,39.16305916305917,10.26936239283488,980,16,3,0.7648269843531593,0.7286954828816645,8.622706883572002,7.93691962760622,28,28.9936303096501,2.0,0.7124863286698365,1.4249726573396764,ZINCf50000009I46_m01_t01,SER20;LEU26,0.0,-142.59692820134012
1156,native_first,ZINCf5000000a0kk,C[C@H](O)[C@@H](C)S(=O)(=O)C[C@@H](C)S(C)(=O)=O,872,1079,1079,1,0,1,10.714285714285714,15.315268646616897,0.8591281446549768,13.157778337260511,3,258.361,-0.3964000000000003,1.0,5.0,5.0,1.0,,,,18.629680137681053,8.0,5.0,3.0,5.0,3.0,1.0,,,,,6.3792879258965405,3.511312356662201,34.817956875220936,9.441885978842668,1263,16,6,0.6519119426909379,0.7354186155004868,7.259444124724703,5.714033808829018,28,28.9936303096501,2.0,0.7150131086357694,1.4300262172715357,ZINCf5000000a0kk_m01_t01,SER20;LEU26,3.0,-30.852676642527456
1157,native_first,ZINCf5000002rPNH,CCS(=O)(=O)CCN(C)[C@@H]1CCOC1=O,513,983,983,1,0,1,14.285714285714286,17.205605691108325,0.826125198158855,14.213984411009989,4,235.30499999999995,-0.33159999999999945,0.0,5.0,5.0,1.0,,,,20.21944242996933,9.0,6.0,3.0,6.0,3.0,1.0,,,,,6.076826929721213,3.355714558945168,32.13366890380314,9.612480804783244,1399,16,1,1.3562718467620591,0.6952146435014357,8.622706883572002,8.584219958138092,28,28.9936303096501,2.0,0.7166583972654136,1.4333167945308283,ZINCf5000002rPNH_m02_t02,SER20;LEU26,0.0,24.191704182082002
1158,native_first,ZINCf500000258QP,C[C@H]1CN(C(=S)N[C@H]2CCOC2)CCN1,1117,1274,1274,0,0,1,10.714285714285714,13.515260490838273,0.9149058727548026,12.365191194878891,3,229.34899999999993,-0.05649999999999905,2.0,3.0,1.0,1.0,,,,21.514590157676757,9.0,5.0,4.0,5.0,3.0,1.0,,,,,9.351621411460906,5.301515195538691,39.61755415162455,12.39236359801487,547,16,11,0.4623360546255967,0.640211427205862,8.317947102500712,7.436708226079385,28,28.9936303096501,2.0,0.7166940744837996,1.4333881489676017,ZINCf500000258QP_m01_t01,SER20;LEU26,2.0,39.46491898439184
1159,native_first,ZINCf500000263Mr,C[C@@H](CN=[N+]=[N-])NC(=O)[C@@H](O)CCCO,713,97,97,1,1,1,10.714285714285714,15.315268646616897,0.8898335226829537,13.628039450654905,3,216.24099999999999,-0.06519999999999998,3.0,4.0,7.0,1.0,,,,28.908505615030467,9.0,6.0,3.0,6.0,3.0,1.0,,,,,9.28187986479367,5.3310939819934955,35.848933957358284,14.188536302352869,651,16,0,0.7526240796174882,0.6157333399058224,7.259444124724703,6.2478078545739395,28,28.9936303096501,2.0,0.7186049730166784,1.4372099460333594,ZINCf500000263Mr_m02_t05,SER20;LEU26,1.0,-44.4990780896268
1160,native_first,ZINCf50000029ZxW,C[C@@H](CN=[N+]=[N-])NC(=O)[C@H](O)CCCO,935,667,667,0,1,1,10.714285714285714,15.315268646616897,0.8485689166270963,12.996060923312635,3,216.24099999999999,-0.06519999999999998,3.0,4.0,7.0,1.0,,,,28.908505615030467,9.0,6.0,3.0,6.0,3.0,1.0,,,,,9.28187986479367,5.3310939819934955,35.848933957358284,14.188536302352869,566,16,0,0.7292293578398175,0.8348405027344291,7.259444124724703,5.9762819649972245,28,28.9936303096501,2.0,0.7186049730166784,1.4372099460333594,ZINCf50000029ZxW_m02_t05,SER20;LEU26,1.0,-44.4990780896268
1161,native_first,ZINCf50000025mDa,C=C(I)CC(=O)NCCNS(=O)(=O)NC,158,946,946,1,0,1,14.285714285714286,17.205605691108325,0.8988653440483737,15.465522679098742,4,347.17800000000005,-0.5047999999999992,3.0,3.0,7.0,1.0,,,,21.514590157676757,9.0,5.0,4.0,5.0,3.0,1.0,,,,,10.20734509791004,5.743072082472479,45.84107087588982,13.03415636285172,1148,16,12,0.7366506371976206,0.6879403170261128,8.622706883572002,8.45535639936049,28,28.9936303096501,2.0,0.7307715395693346,1.4615430791386714,ZINCf50000025mDa_m01_t02,SER20;LEU26,1.0,-192.19027342354153
1162,native_first,ZINCf50000009kfc,CNC(=O)NCCC(=O)N1CC2(CC2)C1,865,1127,1127,1,0,1,14.285714285714286,17.040662921434695,0.7732438310055513,13.176587480244413,4,211.26499999999996,-0.07210000000000005,2.0,2.0,3.0,1.0,,,,16.813295846674055,7.0,4.0,3.0,4.0,3.0,1.0,,,,,6.048154943171817,3.2150872438542595,50.901442307692314,8.739440169047377,768,16,10,0.9940712010814796,1.1837993512017222,8.317947102500712,7.268801428955188,28,28.9936303096501,2.0,0.745014077180919,1.4900281543618359,ZINCf50000009kfc_m01_t06,SER20;LEU26,1.0,-86.99044941112983
1163,native_first,ZINCf5000002e8zQ,COC(=O)C(CO)(CO)NCCCSC,1248,1295,1295,0,0,1,14.285714285714286,17.040662921434695,0.6893282440581191,11.746610249218877,4,237.321,-0.7745,3.0,6.0,8.0,1.0,,,,20.69373610250848,8.0,5.0,3.0,5.0,3.0,1.0,,,,,6.884851935072566,3.7852976566655276,38.00432453683228,10.337072976931545,1115,16,0,1.572986025573438,1.3759087278934075,8.317947102500712,7.693886044997531,28,28.9936303096501,2.0,0.7450553833773026,1.4901107667546079,ZINCf5000002e8zQ_m02_t01,SER20;LEU26,2.0,69.6446596143906
1164,native_first,ZINCf5000001BK1A,C[C@H](O)CS(=O)(=O)/C=C(\\O)N=S(C)(C)=O,116,1041,1041,1,0,1,17.857142857142858,20.731008121704747,0.7566698696720682,15.686529213620918,5,257.333,-0.1334999999999995,2.0,6.0,4.0,1.0,,,,19.698205866669763,8.0,4.0,4.0,4.0,3.0,1.0,,,,,8.088162215418944,4.488130681362722,40.87463556851312,10.990673128231649,194,16,7,1.1499049690353116,1.2646756279609983,8.622706883572002,8.149663174209573,28,28.9936303096501,2.0,0.7472348285611534,1.494469657122309,ZINCf5000001BK1A_m01_t02,SER20;LEU26,2.0,-93.06414547089314
1165,native_first,ZINCf5000002rwml,C[C@H](CN=[N+]=[N-])NC(=O)CC[C@@H](N)CN,1430,659,659,0,1,1,7.142857142857143,11.789866216020478,0.8967597777340958,10.572677807393248,2,214.27299999999997,-0.1323999999999984,3.0,4.0,7.0,1.0,,,,28.908505615030467,9.0,6.0,3.0,6.0,3.0,1.0,,,,,12.728784840367807,7.3781150731883915,46.321564885496194,16.773715034033472,81,16,11,0.08638649197787539,0.17277298395575036,3.375021925854705,3.202248941898955,28,28.9936303096501,2.0,0.7551285837839683,1.510257167567941,ZINCf5000002rwml_m01_t02,SER20;LEU26,1.0,-2.262652018976681
1166,native_first,ZINCf50000024Ip8,CC[C@@H](CO)NC(=O)CNCCN=[N+]=[N-],1014,638,638,0,1,1,10.714285714285714,15.315268646616897,0.8319691475979971,12.74183100116019,3,215.25699999999998,-0.22660000000000036,3.0,4.0,8.0,1.0,,,,30.73606832627538,10.0,7.0,3.0,7.0,3.0,1.0,,,,,11.618525792341746,6.804555944838819,39.71639752550815,16.397911425825153,857,16,1,0.981029197452195,0.7792784498023929,7.259444124724703,5.980455899819817,28,28.9936303096501,2.0,0.755398372451158,1.5107967449023203,ZINCf50000024Ip8_m02_t01,SER20;LEU26,1.0,-4.605945902186116
1167,native_first,ZINCf50000017LMX,COC[C@H](C)S(=O)(=O)NCC[S@](C)(=N)=O,138,566,566,1,1,1,14.285714285714286,19.005613846886952,0.8197527348819263,15.579903929095387,4,258.365,-0.38272999999999907,2.0,5.0,7.0,1.0,,,,22.695786574656285,9.0,4.0,5.0,4.0,3.0,1.0,,,,,11.079301968181774,6.385201483367646,41.8328505644682,13.9834231198004,315,16,12,1.4005493201291728,0.7001890181896441,8.622706883572002,8.582889772416355,28,28.9936303096501,2.0,0.7559815912392631,1.5119631824785245,ZINCf50000017LMX_m01_t01,SER20;LEU26,3.0,-83.52727053107067
1168,native_first,ZINCf5000002s1mZ,CNOCCCNC(=O)[C@@H](N)CN=[N+]=[N-],1003,623,623,0,1,1,10.714285714285714,15.315268646616897,0.8341233861724695,12.77482374365714,3,216.245,-0.7186999999999988,3.0,5.0,8.0,1.0,,,,31.90608632301698,10.0,6.0,4.0,6.0,3.0,1.0,,,,,15.277046821697477,8.94572477371478,52.27360531602533,19.434306697027353,778,16,1,1.0259583176201992,0.8857797602029311,7.259444124724703,6.831825300900399,28,28.9936303096501,2.0,0.7585992518443059,1.5171985036886113,ZINCf5000002s1mZ_m02_t03,SER20;LEU26,2.0,15.565810605216967
1169,native_first,ZINCf5000001zu0n,CC1CCC(C(=O)N2CCNCC2)NC1,1499,1452,1452,0,0,1,10.714285714285714,13.515260490838273,0.7595610762934641,10.26566580480765,3,211.30899999999997,-0.19369999999999882,2.0,3.0,1.0,1.0,,,,16.68420269864711,7.0,4.0,3.0,4.0,3.0,1.0,,,,,4.286384220455361,2.2744073545678223,37.148823082763855,7.385838840003298,1145,16,2,1.1390116051571328,1.1976118621810243,8.317947102500712,7.403085379434062,28,28.9936303096501,2.0,0.781312129107202,1.562624258214404,ZINCf5000001zu0n_m01_t02,SER20;LEU26,0.0,90.41953466539644
1170,native_first,ZINCf50000017IEY,COC(=O)[C@@H]1CCN1S(=O)(=O)CCSC,1530,1478,1478,0,0,1,10.714285714285714,10.945636302377336,0.7512809760612831,8.223248324861858,3,253.34499999999997,-0.0734999999999999,0.0,5.0,5.0,1.0,,,,15.421453830886806,7.0,5.0,2.0,5.0,3.0,1.0,,,,,2.6847973797651825,1.410063239478346,27.97427983539094,5.868961492545588,551,16,11,1.0077059231003391,1.2770168343200796,8.317947102500712,7.1149557462321305,28,28.9936303096501,2.0,0.7837836999181965,1.567567399836392,ZINCf50000017IEY_m01_t02,SER20;LEU26,0.0,-40.86828174712824
1171,native_first,ZINCf50000009YU0,C[C@H](NS(=O)(=O)CCCCC#N)C(N)=O,1263,876,876,0,1,1,10.714285714285714,15.315268646616897,0.7610556617577074,11.65577191484809,3,233.29299999999995,-0.5265199999999997,2.0,4.0,7.0,1.0,,,,22.695786574656285,9.0,4.0,5.0,4.0,3.0,1.0,,,,,12.165270282844808,7.013658584138542,45.822182575081754,14.797899355797679,763,16,0,0.8573572031372043,1.1647417291315445,7.259444124724703,5.490613825399731,28,28.9936303096501,2.0,0.7902119102006115,1.580423820401224,ZINCf50000009YU0_m01_t01,SER20;LEU26,3.0,-73.77532095959246
1172,native_first,ZINCf5000002rPzM,CC[S@@](=O)CC(=O)N1C[C@@H](C)C[C@H](N)C1,1296,1248,1248,0,0,1,14.285714285714286,15.036168524741624,0.7632269753724831,11.476009424329481,4,232.34899999999996,-0.049299999999998956,1.0,3.0,3.0,1.0,,,,21.769603048914714,8.0,6.0,2.0,6.0,3.0,1.0,,,,,6.568106761093036,3.5570067878861127,42.796315606534584,10.368480833048457,92,16,0,1.398125131154386,0.9338435498416978,7.155285109623515,8.34772386886844,28,28.9936303096501,2.0,0.7925243451554521,1.585048690310904,ZINCf5000002rPzM_m01_t01,SER20;LEU26,0.0,-0.25547432173095963
1173,native_first,ZINCf5000002s0G8,CNC(=O)NC[C@@H]1CCCN([S@@](C)=O)C1,276,329,329,1,1,1,14.285714285714286,17.205605691108325,0.8721560206649795,15.005972592687762,4,233.33699999999996,-0.07909999999999995,2.0,3.0,3.0,1.0,,,,24.767183756901233,9.0,6.0,3.0,6.0,3.0,1.0,,,,,10.21162371172682,5.734196066145163,46.59207818930041,13.850513723020425,1317,16,3,0.827732436780268,0.7946449719373995,8.622706883572002,8.34259061502358,28,28.9936303096501,2.0,0.7947752923435244,1.5895505846870481,ZINCf5000002s0G8_m01_t02,SER20;LEU26,0.0,-97.78104044738284
1174,native_first,ZINCf5000002arw5,COS(=O)(=O)NC[C@@H](O)COCC(C)C,277,1031,1031,1,0,1,14.285714285714286,17.205605691108325,0.8714217955242817,14.993339804428416,4,241.30899999999997,-0.49929999999999986,2.0,5.0,8.0,1.0,,,,19.698205866669763,8.0,4.0,4.0,4.0,3.0,1.0,,,,,8.609471928450338,4.729503148554069,47.93040293040293,11.381655413005193,1502,16,11,0.8858277134881997,0.7637724923948094,8.622706883572002,8.395139790428997,28,28.9936303096501,2.0,0.7947820266024717,1.5895640532049455,ZINCf5000002arw5_m01_t01,SER20;LEU26,1.0,-93.96399059517113
1175,native_first,ZINCf5000001ViXq,CCS(C)(=O)=NS(=O)(=O)NCC(C)OC,863,1071,1071,1,0,1,14.285714285714286,17.205605691108325,0.7662651818765372,13.184056574193106,4,258.36499999999995,-0.026599999999999957,1.0,4.0,6.0,1.0,,,,18.629680137681053,8.0,5.0,3.0,5.0,3.0,1.0,,,,,7.596435159748271,4.134568208199819,46.68934240362809,10.354746404231467,531,16,5,1.0436583966706594,1.1663977065411257,8.622706883572002,7.43173904134976,28,28.9936303096501,2.0,0.8021403824550223,1.6042807649100457,ZINCf5000001ViXq_m01_t01,SER20;LEU26,3.0,-226.12313161672984
1176,native_first,ZINCf50000009vDx,COCCONC(=O)[C@@H](N)CCCC#N,1086,674,674,0,1,1,10.714285714285714,15.315268646616897,0.8153642488050726,12.487522515296668,3,215.25299999999996,-0.29821999999999993,2.0,5.0,8.0,1.0,,,,28.397129305595193,11.0,6.0,5.0,6.0,3.0,1.0,,,,,13.884188963207562,8.41419154911232,39.67952522255193,17.51242404880447,852,16,6,1.0724871629034973,0.9676058821255217,7.259444124724703,6.825578676900667,28,28.9936303096501,2.0,0.8095505169178426,1.6191010338356868,ZINCf50000009vDx_m02_t01,SER20;LEU26,0.0,49.992540601295474
1177,native_first,ZINCf5000002anJ3,CNS(=O)(=O)NCCNC(=O)C=C(C)I,553,952,952,1,0,1,14.285714285714286,17.205605691108325,0.8192348200530779,14.09543128225934,4,347.178,-0.5048000000000004,3.0,3.0,6.0,1.0,,,,21.514590157676757,9.0,5.0,4.0,5.0,3.0,1.0,,,,,9.808580109322289,5.517383625441761,44.13494274218508,12.735082621410907,732,16,11,1.2238007816677037,0.8446755093198469,8.622706883572002,8.896883236858365,28,28.9936303096501,2.0,0.8117289772883665,1.623457954576736,ZINCf5000002anJ3_m01_t01,SER20;LEU26,1.0,-211.8364658657373
1178,native_first,ZINCf50000008NCE,CC(C)N(C)S(=O)(=O)N[C@@H](CO)CCF,830,1091,1091,1,0,1,14.285714285714286,17.205605691108325,0.7735225277996578,13.30892360651029,4,242.31599999999997,-0.1184999999999996,2.0,3.0,7.0,1.0,,,,18.500586989654103,8.0,5.0,3.0,5.0,3.0,1.0,,,,,6.291048017659707,3.4320680754123574,37.675365816865266,9.343432760658304,573,16,8,0.8474961364753255,1.070707320065784,8.622706883572002,6.774678980947978,28,28.9936303096501,2.0,0.8147523337925824,1.6295046675851648,ZINCf50000008NCE_m01_t01,SER20;LEU26,0.0,-169.44204807352375
1179,native_first,ZINCf50000025oiK,CS(=O)(=O)CCNC(=S)N1CCSCC1,1363,1306,1306,0,0,1,10.714285714285714,13.515260490838273,0.8037243901397757,10.862544495579197,3,268.42900000000003,-0.04569999999999985,1.0,4.0,3.0,1.0,,,,20.430088028777057,9.0,6.0,3.0,6.0,3.0,1.0,,,,,6.875965952978283,3.8203071438912417,34.35344151771715,10.264496471927977,335,16,11,1.171526026087133,0.9872680136360635,8.317947102500712,8.415406385472052,28,28.9936303096501,2.0,0.8167522750545237,1.6335045501090448,ZINCf50000025oiK_m01_t01,SER20;LEU26,1.0,-2.317010531711947
1180,native_first,ZINCf50000018457,NCCCS(=O)(=O)N[C@@H]1CCCC[C@@H]1N,1439,894,894,0,1,1,10.714285714285714,13.515260490838273,0.7818490916133475,10.566894137679668,3,235.35299999999995,-0.47549999999999865,3.0,4.0,5.0,1.0,,,,22.51012039351548,9.0,6.0,3.0,6.0,3.0,1.0,,,,,9.217241680723694,5.216911853178361,39.5251091703057,12.54046135892164,1024,16,13,1.1766126729788733,1.0787738768720485,8.317947102500712,7.69212191629013,28,28.9936303096501,2.0,0.822994987389012,1.6459899747780202,ZINCf50000018457_m02_t01,SER20;LEU26,0.0,-17.57822888541334
1181,native_first,ZINCf5000002oxxi,C#CC[C@H](C)N(C)C(=O)COCC(=O)O,387,928,928,1,0,1,14.285714285714286,17.040662921434695,0.8597226722652918,14.65024426398791,4,213.23299999999998,-0.04220000000000029,1.0,3.0,6.0,1.0,,,,21.627260845667575,9.0,5.0,4.0,5.0,3.0,1.0,,,,,8.607103449587012,4.818206476037093,40.289923954372604,11.862142798607152,1285,16,14,0.870362678570821,0.8455614156229014,8.317947102500712,8.573193379582344,28,28.9936303096501,2.0,0.8235824248487243,1.6471648496974485,ZINCf5000002oxxi_m01_t03,SER20;LEU26,1.0,-13.429287970238033
1182,native_first,ZINCf5000002mHDq,O=S(=O)(CBr)NCCCNS(=O)(=O)CBr,39,1109,1109,1,0,1,14.285714285714286,17.205605691108325,0.9463494407421491,16.2825153234103,4,388.10300000000007,-0.0798999999999998,2.0,4.0,8.0,1.0,,,,17.870643155424844,7.0,3.0,4.0,3.0,3.0,1.0,,,,,5.299875058786606,2.862514194020842,35.68352059925093,8.442567082946164,155,16,0,0.6132058189553228,0.4197758421919589,8.622706883572002,8.568489234689299,28,28.9936303096501,2.0,0.8285077860610929,1.657015572122182,ZINCf5000002mHDq_m01_t01,SER20;LEU26,3.0,-70.18357160072705
1183,native_first,ZINCf50000017Pvr,C[C@@H](C#N)CS(=O)(=O)NCC[S@@](C)(=N)=O,761,572,572,1,1,1,14.285714285714286,17.205605691108325,0.7841076599434738,13.491047216365063,4,253.349,-0.25794999999999896,2.0,5.0,6.0,1.0,,,,22.695786574656285,9.0,4.0,5.0,4.0,3.0,1.0,,,,,10.330546281972204,5.953057673950997,39.03246081041111,13.421856355143225,399,16,15,1.4035045750913064,0.9037615982790972,8.622706883572002,8.061345059595144,28,28.9936303096501,2.0,0.8310836731016471,1.6621673462032955,ZINCf50000017Pvr_m01_t01,SER20;LEU26,0.0,-116.36113950528026
1184,native_first,ZINCf50000009KWN,C[C@@H](C[S@](C)=O)NC(=O)C(C)(C)C(=O)O,421,393,393,1,1,1,14.285714285714286,17.205605691108325,0.8437498169653669,14.517226652650924,4,235.30499999999998,-0.019599999999999673,2.0,3.0,5.0,1.0,,,,24.008146774645027,8.0,4.0,4.0,4.0,3.0,1.0,,,,,10.006332169675366,5.55255110991378,50.56624066810074,13.50678582091778,134,16,4,1.059672414244251,0.8209220344629937,8.622706883572002,8.556036241410903,28,28.9936303096501,2.0,0.8324858494579928,1.6649716989159877,ZINCf50000009KWN_m01_t02,SER20;LEU26,2.0,-31.94182308339642
1185,native_first,ZINCf5000002oGS6,N#CCCC(=O)Nc1nnc(C(N)=O)s1,414,81,81,1,1,1,14.285714285714286,17.205605691108325,0.8454755090529827,14.546918230254708,4,225.23299999999998,-0.12071999999999983,2.0,6.0,4.0,1.0,,,,29.773798719106704,10.0,5.0,5.0,5.0,3.0,1.0,,,,,14.579411521678315,8.686304865717714,45.33914306463324,18.37800832103541,755,16,9,1.0507497810428525,0.8080532824252323,8.622706883572002,8.906642154310271,28,28.9936303096501,2.0,0.8336299602157324,1.6672599204314658,ZINCf5000002oGS6_m01_t05,SER20;LEU26,0.0,-14.201795073735486
1186,native_first,ZINCf50000008Wvs,CCN(C1CC1)S(=O)(=O)NC[C@H](C)CN,1434,1459,1459,0,0,1,7.142857142857143,11.789866216020478,0.8964411381981483,10.568921089893292,2,235.35299999999998,-0.10009999999999819,2.0,3.0,7.0,1.0,,,,16.68420269864711,7.0,4.0,3.0,4.0,3.0,1.0,,,,,4.184174000742495,2.229117752894314,34.03256704980843,7.309181175218649,1173,16,6,0.10833972793945715,0.2166794558789129,3.375021925854705,3.591701381733618,28,28.9936303096501,2.0,0.8367409042846207,1.6734818085692371,ZINCf50000008Wvs_m02_t01,SER20;LEU26,1.0,-143.8792854072408
1187,native_first,ZINCf5000000SMmi,C[C@@H](O)[C@@H](O)CNC(=O)CCCN=[N+]=[N-],993,636,636,0,1,1,10.714285714285714,15.315268646616897,0.8359806821336473,12.803268730258853,3,216.24099999999999,-0.06520000000000081,3.0,4.0,7.0,1.0,,,,30.73606832627538,10.0,7.0,3.0,7.0,3.0,1.0,,,,,14.664084096023794,8.607466619314714,49.48180284405881,18.68208015358669,1050,16,9,0.909988867083894,0.8583519483424142,7.259444124724703,6.214362900319911,28,28.9936303096501,2.0,0.8440297681493762,1.6880595362987592,ZINCf5000000SMmi_m02_t02,SER20;LEU26,0.0,18.420096178066956
1188,native_first,ZINCf5000002qP6q,C#CC[C@@H]1CCCN1C(=S)NCC(N)=O,979,1270,1270,0,0,1,10.714285714285714,13.515260490838273,0.950517001933331,12.846484882099595,3,225.317,-0.16609999999999958,2.0,2.0,3.0,1.0,,,,21.514590157676757,9.0,5.0,4.0,5.0,3.0,1.0,,,,,10.067802606759846,5.690055074026307,43.65314494074749,12.929499494489075,1217,16,14,0.33472970824085524,0.48250907386138814,8.317947102500712,7.666742740890618,28,28.9936303096501,2.0,0.8534589315597702,1.7069178631195392,ZINCf5000002qP6q_m01_t01,SER20;LEU26,2.0,-49.60666760802603
1189,native_first,ZINCf5000002rwnU,C[C@H](CN=[N+]=[N-])NC(=O)[C@H](N)CCCN,1436,668,668,0,1,1,7.142857142857143,11.789866216020478,0.8963846272130594,10.56825483293936,2,214.27299999999997,-0.1323999999999984,3.0,4.0,7.0,1.0,,,,28.908505615030467,9.0,6.0,3.0,6.0,3.0,1.0,,,,,9.275571188724847,5.3310939819934955,35.661577608142494,14.183804795301253,160,16,2,0.11178677556821354,0.22357355113642496,3.375021925854705,3.15144837471828,28,28.9936303096501,2.0,0.857097964758622,1.7141959295172402,ZINCf5000002rwnU_m01_t01,SER20;LEU26,2.0,29.56834360086149
1190,native_first,ZINCf5000000aqEj,O=C(NCCCNS(=O)(=O)CCl)C(F)F,271,1108,1108,1,0,1,14.285714285714286,17.205605691108325,0.8725767177462911,15.013210940784209,4,264.681,-0.12650000000000022,2.0,3.0,7.0,1.0,,,,17.870643155424844,7.0,3.0,4.0,3.0,3.0,1.0,,,,,5.3004842516022554,2.862514194020842,35.738831615120276,8.443023977557903,972,16,3,1.1836294687061326,0.5071928964393139,8.622706883572002,8.545332843952156,28,28.9936303096501,2.0,0.8573917835524334,1.7147835671048668,ZINCf5000000aqEj_m01_t02,SER20;LEU26,2.0,18.31813468783878
1191,native_first,ZINCf50000017L8k,COC[C@@H](C)[C@@H](C)NC(=O)CS(C)(=O)=O,643,925,925,1,0,1,10.714285714285714,15.48021141629053,0.8956218611036716,13.864415758936428,3,237.32099999999997,-0.18179999999999952,1.0,4.0,6.0,1.0,,,,21.627260845667575,9.0,5.0,4.0,5.0,3.0,1.0,,,,,9.024467998599038,5.140838903349303,36.90182487468671,12.175166210366173,1179,16,12,0.6143232476612124,0.7822301312928518,8.622706883572002,8.628416238221432,28,28.9936303096501,2.0,0.8638462649026137,1.7276925298052266,ZINCf50000017L8k_m01_t01,SER20;LEU26,3.0,-11.83848499131149
1192,native_first,ZINCf50000008UoE,CCCNS(=O)(=O)NC[C@@H](CC)C(=O)O,685,1060,1060,1,0,1,14.285714285714286,17.205605691108325,0.7972548336557219,13.71725230321051,4,238.30899999999997,-0.06879999999999914,3.0,3.0,8.0,1.0,,,,19.698205866669763,8.0,4.0,4.0,4.0,3.0,1.0,,,,,7.123294032115855,3.903356689515642,40.68476775956283,10.267021990754333,450,16,1,0.988274783801969,1.0213187447398526,8.622706883572002,7.465507425693527,28,28.9936303096501,2.0,0.8658450043138373,1.7316900086276732,ZINCf50000008UoE_m01_t02,SER20;LEU26,1.0,-230.67895319938125
1193,native_first,ZINCf5000002rPuS,CC[S@@](=N)(=O)NC(=O)[C@@H](CCOC)OC,728,159,159,1,1,1,14.285714285714286,19.005613846886952,0.7141474346276047,13.572810372277198,4,238.30899999999994,0.1357699999999995,2.0,5.0,7.0,1.0,,,,27.312627176695493,11.0,7.0,4.0,7.0,3.0,1.0,,,,,11.024274478171778,6.644917998634867,32.33432386822217,15.096362652802705,647,16,10,1.3863097217935054,1.192575993786451,8.622706883572002,7.145991151635641,28,28.9936303096501,2.0,0.8688011562478559,1.7376023124957083,ZINCf5000002rPuS_m01_t02,SER20;LEU26,1.0,-88.87520654788202
1194,native_first,ZINCf50000017vGP,CCCN(C)S(=O)(=O)N[C@@H](CO)C1CC1,1364,1388,1388,0,0,1,10.714285714285714,15.315268646616897,0.7086404181256907,10.853018377445878,3,236.33699999999996,-0.06650000000000023,2.0,3.0,7.0,1.0,,,,18.500586989654103,8.0,5.0,3.0,5.0,3.0,1.0,,,,,6.293591704961292,3.4320680754123574,37.85863717872086,9.345340526134493,1373,16,15,1.0578478145501655,1.4663552335900076,7.259444124724703,5.857709221122102,28,28.9936303096501,2.0,0.8810246930159075,1.7620493860318156,ZINCf50000017vGP_m01_t01,SER20;LEU26,3.0,-151.54937754151842
1195,native_first,ZINCf5000000as8f,O=C(NS(=O)(=O)CI)[C@@H]1CC[C@@H](F)CN1,57,1106,1106,1,0,1,14.285714285714286,17.205605691108325,0.9340778446142081,16.071375079232414,4,350.1530000000001,-0.08499999999999991,2.0,4.0,3.0,1.0,,,,17.870643155424844,7.0,3.0,4.0,3.0,3.0,1.0,,,,,5.682365472243664,3.0813990463843712,36.44555927164623,8.72943489303896,507,16,1,0.5290349839837287,0.5720714938429768,8.622706883572002,8.486579363874062,28,28.9936303096501,2.0,0.8818180048181353,1.7636360096362704,ZINCf5000000as8f_m01_t01,SER20;LEU26,1.0,-11.460412542655677
1196,native_first,ZINCf50000009G31,CS(=O)(=O)NCCCNC(=O)CN=[N+]=[N-],456,123,123,1,1,1,14.285714285714286,17.205605691108325,0.8377290854368282,14.413636319998863,4,235.269,-0.6478000000000002,2.0,4.0,7.0,1.0,,,,28.085983574066987,9.0,5.0,4.0,5.0,3.0,1.0,,,,,11.050908159466532,6.328928577931178,43.52372640289629,15.309677013116646,257,16,13,0.9440998278504036,0.7663833950998732,8.622706883572002,7.338680305905925,28,28.9936303096501,2.0,0.8875009380750488,1.7750018761500979,ZINCf50000009G31_m02_t01,SER20;LEU26,1.0,-127.66240973100194
1197,native_first,ZINCf5000001CDPB,CCOC(=O)CC(C)N(C)S(=O)(=O)NC,503,981,981,1,0,1,14.285714285714286,17.205605691108325,0.8285887025690636,14.256370496510343,4,238.309,-0.27589999999999937,1.0,4.0,6.0,1.0,,,,20.430088028777057,9.0,6.0,3.0,6.0,3.0,1.0,,,,,6.098344285062156,3.3661927181416353,32.37676621708413,9.681280220990882,730,16,14,1.2842234600490707,0.5865913218688906,8.622706883572002,7.494371967264537,28,28.9936303096501,2.0,0.8881059399112047,1.7762118798224105,ZINCf5000001CDPB_m01_t02,SER20;LEU26,0.0,-215.6743447947818
1198,native_first,ZINCf5000001OeYf,COC(=O)CN(C)CCNS(=O)(=O)CI,352,926,926,1,0,1,14.285714285714286,17.205605691108325,0.8564849020290862,14.736341504700002,4,350.178,-0.5968999999999993,1.0,5.0,7.0,1.0,,,,21.627260845667575,9.0,5.0,4.0,5.0,3.0,1.0,,,,,8.719812663048288,4.922985824590446,38.118520263901985,11.946674708703108,794,16,0,0.9968301329863986,0.7657104358551772,8.622706883572002,8.196213764272404,28,28.9936303096501,2.0,0.8891243755295103,1.7782487510590173,ZINCf5000001OeYf_m01_t02,SER20;LEU26,2.0,-11.433384129855531
1199,native_first,ZINCf5000002efYl,NC(=O)NC1CN(C(=O)[C@@H]2C[C@]2(F)Br)C1,811,1153,1153,1,0,1,14.285714285714286,17.205605691108325,0.776727624679242,13.364069239622216,4,280.097,-0.053899999999999615,2.0,2.0,2.0,1.0,,,,14.985733135429138,6.0,3.0,3.0,3.0,3.0,1.0,,,,,5.316404249667126,2.8035235752703964,51.28170894526035,7.73373647110763,71,16,11,1.1687579799096344,1.054988706602319,8.622706883572002,7.608507799885309,28,28.9936303096501,2.0,0.8906018340159223,1.781203668031841,ZINCf5000002efYl_m01_t05,SER20;LEU26,1.0,-111.2882258212193
1200,native_first,ZINCf50000008TRh,CCCN(C)S(=O)(=O)NCC1(CO)CC1,1063,1446,1446,0,0,1,14.285714285714286,17.040662921434695,0.7393795293015305,12.599517329836429,4,236.33699999999993,-0.0649000000000004,2.0,3.0,7.0,1.0,,,,16.68420269864711,7.0,4.0,3.0,4.0,3.0,1.0,,,,,4.995665356597994,2.66969478849132,38.80116959064329,7.917799692110272,176,16,0,1.1907606985351116,1.1240612798805836,8.317947102500712,6.670262395441242,28,28.9936303096501,2.0,0.8942604116509749,1.7885208233019494,ZINCf50000008TRh_m01_t01,SER20;LEU26,3.0,-178.8338241110911
1201,native_first,ZINCf50000025uSm,CCOC(=O)[C@@](C)(O)CNS(=O)(=O)CI,651,1107,1107,1,0,1,14.285714285714286,17.205605691108325,0.8037276166075449,13.828620454403703,4,351.162,-0.38759999999999994,2.0,5.0,6.0,1.0,,,,17.870643155424844,7.0,3.0,4.0,3.0,3.0,1.0,,,,,5.500339885082721,2.9750640642363284,36.381261123824046,8.592915702668252,215,16,15,0.7587883372450973,1.0914838692326858,8.622706883572002,7.352474943335222,28,28.9936303096501,2.0,0.9027034801516831,1.8054069603033671,ZINCf50000025uSm_m01_t01,SER20;LEU26,0.0,-0.5694831200538282
1202,native_first,ZINCf5000001Lpb4,CC1(CCNS(=O)(=O)NCC(=O)O)CC1,1279,1348,1348,0,0,1,14.285714285714286,17.040662921434695,0.6788914013152886,11.56875953007428,4,236.29299999999995,-0.3147999999999991,3.0,3.0,7.0,1.0,,,,19.698205866669763,8.0,4.0,4.0,4.0,3.0,1.0,,,,,8.885354622636967,4.908437668784715,46.81936604429004,11.588567433645167,1297,16,10,1.4298628758254157,1.4005681388248086,8.317947102500712,6.876361804665287,28,28.9936303096501,2.0,0.9029191442416638,1.8058382884833257,ZINCf5000001Lpb4_m02_t02,SER20;LEU26,1.0,-120.26711536424777
1203,native_first,ZINCf5000001MEbZ,COCC(F)CNS(=O)(=O)N1CCCC1,1287,1367,1367,0,0,1,10.714285714285714,15.48021141629053,0.7452801379464307,11.537094099772917,3,240.29999999999995,-0.09889999999999999,1.0,3.0,6.0,1.0,,,,18.629680137681053,8.0,5.0,3.0,5.0,3.0,1.0,,,,,7.797730492503092,4.252057813523039,46.938135086670655,10.505717903797583,1335,16,13,0.9343283294622623,1.291911431281826,8.622706883572002,7.134393493378644,28,28.9936303096501,2.0,0.9029636106297008,1.8059272212594024,ZINCf5000001MEbZ_m01_t01,SER20;LEU26,0.0,-142.34958529457467
1204,native_first,ZINCf50000009nAl,CNS(=O)(=O)CCCNS(=O)(=O)C(Cl)Cl,164,1045,1045,1,0,1,14.285714285714286,17.205605691108325,0.8968000398127409,15.429987868788267,4,299.201,-0.3937000000000004,2.0,4.0,7.0,1.0,,,,19.698205866669763,8.0,4.0,4.0,4.0,3.0,1.0,,,,,7.867678134331629,4.334758972113014,42.53279515640768,10.825310067416163,791,16,1,0.7282955819985815,0.6850254948920983,8.622706883572002,8.168376782136681,28,28.9936303096501,2.0,0.9059941340799466,1.811988268159892,ZINCf50000009nAl_m01_t01,SER20;LEU26,3.0,-59.744610173144096
1205,native_first,ZINCf50000027fjf,CC[C@H](C)CN[C@@H](CS(=O)(=O)O)C(=O)O,305,423,423,1,1,1,14.285714285714286,17.040662921434695,0.873066339543654,14.877629200214258,4,239.29299999999998,-0.036899999999998934,3.0,4.0,7.0,1.0,,,,23.707739270531132,9.0,5.0,4.0,5.0,3.0,1.0,,,,,10.097269811845107,5.7538282461437,41.19292748433302,13.499887176516614,200,16,14,0.7558051444729844,0.7464680733613722,8.317947102500712,7.389467743686575,28,28.9936303096501,2.0,0.9179949629398727,1.8359899258797423,ZINCf50000027fjf_m01_t02,SER20;LEU26,1.0,-57.57829935566805
1206,native_first,ZINCf50000008WWJ,CCN(CC)S(=O)(=O)NCC(F)(F)CN,1473,1460,1460,0,0,1,7.142857142857143,11.789866216020478,0.887423375331439,10.462602872126993,2,245.29499999999996,-0.24339999999999884,2.0,3.0,7.0,1.0,,,,16.68420269864711,7.0,4.0,3.0,4.0,3.0,1.0,,,,,4.1841010816000574,2.229117752894314,34.022921522921514,7.309126485861819,922,16,3,0.36780855890869035,0.7356171178173803,3.375021925854705,2.639404808037325,28,28.9936303096501,2.0,0.9221062499454479,1.8442124998908938,ZINCf50000008WWJ_m01_t01,SER20;LEU26,2.0,-100.48946381067307
1207,native_first,ZINCf50000008HVI,C=C[C@H](C)ONC(=O)[C@H](O)C(C)(C)CO,611,444,444,1,1,1,14.285714285714286,17.205605691108325,0.8108741372641325,13.951580670884312,4,217.26499999999996,-0.011900000000000188,3.0,4.0,6.0,1.0,,,,23.707739270531132,9.0,5.0,4.0,5.0,3.0,1.0,,,,,7.679096286534559,4.351472467016546,32.63702710753649,11.686257032533703,1477,16,1,1.4095708564695306,0.7528803473848432,8.622706883572002,8.49822122971805,28,28.9936303096501,2.0,0.9262427718533578,1.8524855437067185,ZINCf50000008HVI_m01_t04,SER20;LEU26,1.0,63.39074611686266
1208,native_first,ZINCf50000029zy9,COC[C@H](O)CONC(=O)[C@@H](C)N=[N+]=[N-],491,47,47,1,1,1,14.285714285714286,17.205605691108325,0.8322856924780384,14.319979447128171,4,218.21300000000002,-0.2596999999999996,2.0,5.0,7.0,1.0,,,,31.970942013998897,10.0,6.0,4.0,6.0,3.0,1.0,,,,,13.780193220709505,8.080754888204266,46.761680408323514,18.327880419031857,229,16,8,1.2967579445785944,0.6959759004001634,8.622706883572002,8.34443749517556,28,28.9936303096501,2.0,0.92657965022606,1.853159300452118,ZINCf50000029zy9_m01_t03,SER20;LEU26,2.0,42.57593769987328
1209,native_first,ZINCf5000002dg7G,CC1(C)C[C@]1(Br)C(=O)NOC[C@H](O)CO,683,906,906,1,0,1,14.285714285714286,17.205605691108325,0.7975181745131286,13.721783242165406,4,282.134,-0.04899999999999999,3.0,4.0,5.0,1.0,,,,21.88017655928622,8.0,4.0,4.0,4.0,3.0,1.0,,,,,5.629561123506429,3.108091780036721,29.827008928571423,9.692214982451377,1274,16,1,1.2871885216204195,0.9225163968273659,8.622706883572002,8.19492970472553,28,28.9936303096501,2.0,0.9297197204456403,1.8594394408912827,ZINCf5000002dg7G_m01_t01,SER20;LEU26,1.0,81.30484650663249
1210,native_first,ZINCf50000009y0U,COC[C@@H]1CN(CC[N+](=O)[O-])C[C@@H](C)O1,1415,613,613,0,1,1,7.142857142857143,11.789866216020478,0.8972562582873885,10.578531246695427,2,218.253,-0.0012000000000000899,0.0,5.0,5.0,1.0,,,,33.75530149694918,10.0,8.0,2.0,8.0,3.0,1.0,,,,,10.869253418914028,6.142512496041987,47.1576956435416,16.590765438422817,202,16,13,0.028529545776553148,0.057059091553105734,3.375021925854705,3.3179628343015994,28,28.9936303096501,2.0,0.932025526797487,1.8640510535949755,ZINCf50000009y0U_m02_t02,SER20;LEU26,1.0,115.77934650305058
1211,native_first,ZINCf5000002dJeP,C[C@H]1C(C(=O)N[C@@H]2CC[C@@H](O)[C@H]2O)[C@@H]1C,967,1229,1229,0,0,1,14.285714285714286,17.040662921434695,0.7556147420187281,12.876176117207983,4,213.27700000000002,-0.11120000000000008,3.0,3.0,2.0,1.0,,,,22.51012039351548,9.0,6.0,3.0,6.0,3.0,1.0,,,,,7.354812436890376,4.114317371199965,34.62950348168331,11.143639426046652,652,16,12,1.3308248476452733,1.111784439695113,8.317947102500712,7.549305620969594,28,28.9936303096501,2.0,0.9375146363990867,1.8750292727981712,ZINCf5000002dJeP_m01_t02,SER20;LEU26,0.0,29.003779154650363
1212,native_first,ZINCf50000026fIa,CN(CCN=[N+]=[N-])C(=O)[C@@H](O)CCCO,1018,696,696,0,1,1,10.714285714285714,15.315268646616897,0.831544284099926,12.73532410254909,3,216.24099999999999,-0.11150000000000032,2.0,4.0,7.0,1.0,,,,26.915965577325384,9.0,6.0,3.0,6.0,3.0,1.0,,,,,10.177895439396416,5.744922169225235,44.56821236559138,14.362412973878659,743,16,13,0.8226014684262385,0.927669422704794,7.259444124724703,6.156773924985879,28,28.9936303096501,2.0,0.9386757102215044,1.8773514204430075,ZINCf50000026fIa_m02_t01,SER20;LEU26,0.0,2.459518382757421
1213,native_first,ZINCf5000001pn8i,CN(CCN=[N+]=[N-])C(=O)C(O)CCCO,1041,697,697,0,1,1,10.714285714285714,15.315268646616897,0.827557886631953,12.67427135439489,3,216.24099999999999,-0.11150000000000032,2.0,4.0,7.0,1.0,,,,26.915965577325384,9.0,6.0,3.0,6.0,3.0,1.0,,,,,10.177895439396416,5.744922169225235,44.56821236559138,14.362412973878659,697,16,3,0.8434216149008722,0.9492072226108959,7.259444124724703,6.2035733475208685,28,28.9936303096501,2.0,0.9386757102215044,1.8773514204430075,ZINCf5000001pn8i_m02_t01,SER20;LEU26,0.0,2.459518382757421
1214,native_first,ZINCf50000017Bhk,CC[S@@](=N)(=O)NC(=O)C(COC)COC,433,307,307,1,1,1,14.285714285714286,19.005613846886952,0.7611050447370975,14.465268577190894,4,238.30899999999994,-0.006729999999999459,2.0,5.0,7.0,1.0,,,,25.512219285599485,10.0,6.0,4.0,6.0,3.0,1.0,,,,,8.814304408031344,5.137793155696368,30.990647838473922,12.988783127423382,840,16,4,1.1659053995079458,1.151727155899262,8.622706883572002,7.603039269977113,28,28.9936303096501,2.0,0.9395623856074738,1.8791247712149488,ZINCf50000017Bhk_m01_t02,SER20;LEU26,3.0,-121.51660991047356
1215,native_first,ZINCf50000008BOO,C#CCNC(=O)[C@H]1CCC[C@@H]1S(C)(=O)=O,1187,1419,1419,0,0,1,10.714285714285714,15.315268646616897,0.7866039752096223,12.047051198832143,3,229.301,-0.050899999999999945,1.0,3.0,3.0,1.0,,,,16.813295846674055,7.0,4.0,3.0,4.0,3.0,1.0,,,,,6.344244469712962,3.4057684815448597,46.238765142633845,8.961507313953234,1338,16,0,0.8322720788498721,1.0696432785192542,7.259444124724703,5.654559864115222,28,28.9936303096501,2.0,0.9426167234125667,1.8852334468251364,ZINCf50000008BOO_m01_t02,SER20;LEU26,3.0,-47.34918331980116
1216,native_first,ZINCf5000002qKZc,C#CCC[C@H](O)CNS(=O)(=O)NCCC,996,1437,1437,0,0,1,14.285714285714286,17.040662921434695,0.7510253164855595,12.797969263694231,4,234.32099999999997,-0.4053,3.0,3.0,8.0,1.0,,,,16.68420269864711,7.0,4.0,3.0,4.0,3.0,1.0,,,,,6.1135977217671185,3.2765763789267726,45.57260920897285,8.756248965987115,508,16,3,1.325270462042553,1.089736312809172,8.317947102500712,7.231976196474503,28,28.9936303096501,2.0,0.9428246328720883,1.885649265744176,ZINCf5000002qKZc_m01_t01,SER20;LEU26,2.0,-188.10317725696459
1217,native_first,ZINCf5000000Vl8u,CC(C)[C@@](C)(O)C(=O)NO[C@H](C)C(=O)O,483,199,199,1,1,1,14.285714285714286,17.205605691108325,0.8337127547969938,14.344532918684756,4,219.23699999999997,-0.08570000000000016,3.0,4.0,5.0,1.0,,,,26.705319978517654,10.0,5.0,5.0,5.0,3.0,1.0,,,,,9.265595893934325,5.432862031826759,31.459170013386874,13.625526915080158,974,16,9,1.002072944840529,0.9210183014675382,8.622706883572002,8.78821641594039,28,28.9936303096501,2.0,0.9445189892428221,1.8890379784856446,ZINCf5000000Vl8u_m02_t02,SER20;LEU26,0.0,73.08641170311498
1218,native_first,ZINCf50000009MUh,C[C@@H](O)CCN[C@]1(CC(=O)O)CCOC1,41,295,295,1,1,1,17.857142857142858,20.731008121704747,0.7846104663074115,16.265765949393497,5,217.26499999999996,-0.019300000000000317,3.0,4.0,6.0,1.0,,,,25.524123561538133,10.0,6.0,4.0,6.0,3.0,1.0,,,,,11.707358140150042,6.91516576379832,38.13440275512055,15.161549495497063,981,16,2,1.172044388932327,1.0115790402300076,8.622706883572002,7.64856260514884,28,28.9936303096501,2.0,0.9476650694324228,1.8953301388648445,ZINCf50000009MUh_m02_t02,SER20;LEU26,2.0,-55.48494137368061
1219,native_first,ZINCf50000017PN7,C[C@@H](CC(N)=O)NS(=O)(=O)CC1(C)N=N1,633,574,574,1,1,1,14.285714285714286,17.205605691108325,0.8071039208413409,13.886711813743617,4,234.28099999999998,-0.6482999999999985,2.0,5.0,6.0,1.0,,,,22.695786574656285,9.0,4.0,5.0,4.0,3.0,1.0,,,,,9.606742745833818,5.526946265199387,36.690017513134855,12.879003703039436,815,16,15,0.9402895501903261,1.008312698522829,8.622706883572002,7.542745806417724,28,28.9936303096501,2.0,0.9490548753741015,1.8981097507482048,ZINCf50000017PN7_m01_t02,SER20;LEU26,0.0,-97.6923412787595
1220,native_first,ZINCf50000009kaz,CNC(=O)NCC(=O)N(C)[C@H]1CCSC1,1233,1305,1305,0,0,1,10.714285714285714,15.315268646616897,0.7719757513947845,11.823016021285062,3,231.32099999999997,-0.12069999999999936,2.0,3.0,3.0,1.0,,,,20.430088028777057,9.0,6.0,3.0,6.0,3.0,1.0,,,,,9.948854096755433,5.598867548889068,44.60178055822907,12.569162579760839,1205,16,13,0.9430848654909469,1.1157595247504049,7.259444124724703,5.73722415600671,28,28.9936303096501,2.0,0.9495683983202607,1.8991367966405193,ZINCf50000009kaz_m01_t06,SER20;LEU26,0.0,-57.60018385236825
1221,native_first,ZINCf5000000aqei,O=C(NC1CCC1)N[C@@H]1CCOC[C@H]1O,737,461,461,1,1,1,14.285714285714286,17.205605691108325,0.7877366403184324,13.553486021757372,4,214.265,-0.012100000000000388,3.0,3.0,2.0,1.0,,,,23.314998048772765,10.0,6.0,4.0,6.0,3.0,1.0,,,,,8.45886727751928,4.83969331942527,33.54172391682697,12.17289997033265,802,16,13,1.3155847067130677,0.9804236639586644,8.622706883572002,8.53360864201616,28,28.9936303096501,2.0,0.9571747989480184,1.9143495978960363,ZINCf5000000aqei_m01_t01,SER20;LEU26,1.0,-33.73483101940155
1222,native_first,ZINCf5000000Ybr7,C[C@@H](NS(=O)(=O)CC1CCCC1)C(N)=O,1025,1350,1350,0,0,1,14.285714285714286,17.040662921434695,0.7464646359983279,12.720252244818953,4,234.32099999999994,-0.03019999999999945,2.0,3.0,5.0,1.0,,,,19.698205866669763,8.0,4.0,4.0,4.0,3.0,1.0,,,,,8.48004053845862,4.682356071969145,44.8828345567476,11.284581870511406,233,16,3,1.3674525441431007,1.1347369684937507,8.317947102500712,7.49813822256997,28,28.9936303096501,2.0,0.9579380241343265,1.915876048268652,ZINCf5000000Ybr7_m01_t01,SER20;LEU26,3.0,-64.13495276577785
1223,native_first,ZINCf50000009V36,C[C@H](CN)C(=O)NS(=O)(=O)CCCC#N,1386,878,878,0,1,1,14.285714285714286,15.036168524741624,0.7044641120293818,10.592441108106247,4,233.29299999999995,-0.6690199999999984,2.0,5.0,6.0,1.0,,,,22.695786574656285,9.0,4.0,5.0,4.0,3.0,1.0,,,,,10.697352143463924,6.16239807491831,40.50605857865002,13.696960751262017,918,16,6,1.5141506165489909,1.3563850242127355,7.155285109623515,7.225075126279435,28,28.9936303096501,2.0,0.9579673974421508,1.9159347948843006,ZINCf50000009V36_m02_t01,SER20;LEU26,0.0,-104.45186204202865
1224,native_first,ZINCf50000008Vjh,CCC[C@H](C(=O)N[C@@H]1C[C@H]1C)S(N)(=O)=O,988,1404,1404,0,0,1,10.714285714285714,13.515260490838273,0.9482602925310484,12.81598486667562,3,234.321,-0.03179999999999927,2.0,3.0,5.0,1.0,,,,17.870643155424844,7.0,3.0,4.0,3.0,3.0,1.0,,,,,7.198696027529247,3.8897831305526154,48.20588963127939,9.866682809503146,731,16,5,0.35114400541507107,0.5032220982261629,8.317947102500712,7.7163746076672455,28,28.9936303096501,2.0,0.9584997161292961,1.916999432258594,ZINCf50000008Vjh_m01_t03,SER20;LEU26,3.0,-105.74003129607827
1225,native_first,ZINCf50000020TCg,O=C(O)CNS(=O)(=O)NCCCC1CC1,741,1018,1018,1,0,1,14.285714285714286,17.0714700698208,0.7930342507064121,13.53826047527728,4,236.29299999999995,-0.31479999999999975,3.0,3.0,8.0,1.0,,,,19.698205866669763,8.0,4.0,4.0,4.0,3.0,1.0,,,,,10.000447258926677,5.5294083397266,52.246933256061034,12.424886910862448,159,16,0,1.077912750017992,1.077818013324445,10.950081780516529,10.321705047684398,28,28.9936303096501,2.0,0.9686852924794056,1.9373705849588134,ZINCf50000020TCg_m01_t01,SER20;LEU26,0.0,-184.83546261445963
1226,native_first,ZINCf50000009098,CCNS(=O)(=O)NC[C@H](CO)CC1CC1,1071,1438,1438,0,0,1,14.285714285714286,17.205605691108325,0.7293133945149083,12.548278691267237,4,236.33699999999996,-0.16110000000000024,3.0,3.0,8.0,1.0,,,,16.68420269864711,7.0,4.0,3.0,4.0,3.0,1.0,,,,,6.083370554805429,3.246664257294437,48.177285677285674,8.733578590765848,1256,16,4,1.2175060129634059,1.1212994282132482,8.622706883572002,6.804603907150185,28,28.9936303096501,2.0,0.9714672753736924,1.9429345507473847,ZINCf50000009098_m01_t01,SER20;LEU26,3.0,-179.05454339630597
1227,native_first,ZINCf5000000Zrtg,CC[C@@H](Nc1nnc(O)nc1O)[C@@H](C)O,1131,643,643,0,1,1,14.285714285714286,17.040662921434695,0.7220472626164525,12.304164015591601,4,214.225,-0.14590000000000036,4.0,7.0,4.0,1.0,,,,30.720895723999643,10.0,6.0,4.0,6.0,3.0,1.0,,,,,13.57631019567329,8.107969188719881,41.70144322726481,17.86245657775488,1219,16,11,1.2164490674142892,1.3130171851075334,8.317947102500712,7.066503992268509,28,28.9936303096501,2.0,0.9721275517379141,1.9442551034758289,ZINCf5000000Zrtg_m01_t08,SER20;LEU26,2.0,31.249424269414405
1228,native_first,ZINCf5000002dW9F,CC[S@](=N)(=O)NC(=O)[C@H](OC)C(=O)OC,820,305,305,1,1,1,14.285714285714286,19.005613846886952,0.7011513761579152,13.325812303470716,4,238.26499999999996,-0.7277299999999991,2.0,6.0,5.0,1.0,,,,25.512219285599485,10.0,6.0,4.0,6.0,3.0,1.0,,,,,9.19827132227472,5.362213062113465,32.31853713009491,13.276758313105914,1094,16,8,1.2382135707319746,1.3451294663023194,8.622706883572002,7.010508344476244,28,28.9936303096501,2.0,0.9725444023446331,1.9450888046892665,ZINCf5000002dW9F_m01_t03,SER20;LEU26,0.0,-97.97826901723269
1229,native_first,ZINCf50000009BJc,CONC(=O)CNC[C@H](C#N)CCC#N,1505,716,716,0,1,1,7.142857142857143,11.789866216020478,0.86228592061103,10.166235643962098,2,210.237,-0.30283999999999955,2.0,5.0,7.0,1.0,,,,26.580745014588192,10.0,5.0,5.0,5.0,3.0,1.0,,,,,13.645789817479697,8.160146099790456,41.63452584782674,16.879528616756822,1192,16,2,0.7124502366568762,1.424900473313751,3.375021925854705,4.799922399168456,28,28.9936303096501,2.0,0.9735066913559169,1.947013382711832,ZINCf50000009BJc_m02_t02,SER20;LEU26,1.0,67.48681393096943
1230,native_first,ZINCf50000008ZCq,CCNCC(=O)NS(=O)(=O)CCCC#N,1458,794,794,0,1,1,7.142857142857143,11.789866216020478,0.8922715300297194,10.51976196741429,2,233.29299999999995,-0.6543199999999993,2.0,5.0,7.0,1.0,,,,24.512170865663283,10.0,5.0,5.0,5.0,3.0,1.0,,,,,11.988074477272164,7.088757054181194,38.813834512759236,15.119098574369943,1062,16,12,0.2612309005612075,0.5224618011224136,3.375021925854705,2.8525601247322916,28,28.9936303096501,2.0,0.9737703822056575,1.947540764411313,ZINCf50000008ZCq_m02_t01,SER20;LEU26,1.0,-57.88749806129614
1231,native_first,ZINCf50000009nI5,CNS(=O)(=O)CCNC(=O)CCC(F)F,374,954,954,1,0,1,14.285714285714286,17.205605691108325,0.8529964268919157,14.67632017702661,4,244.26299999999995,-0.30290000000000084,2.0,3.0,7.0,1.0,,,,21.514590157676757,9.0,5.0,4.0,5.0,3.0,1.0,,,,,9.083064680624146,5.101119719033111,41.39996907854051,12.1909460498873,1420,16,15,0.9138609602731748,0.7639413906835575,8.622706883572002,7.65601701592627,28,28.9936303096501,2.0,0.9739008867549593,1.9478017735099193,ZINCf50000009nI5_m01_t02,SER20;LEU26,0.0,-109.77154439958998
1232,native_first,ZINCf50000008GaH,C=CCNC(=O)CNS(=O)(=O)CC1CC1,1038,1353,1353,0,0,1,14.285714285714286,17.040662921434695,0.7440788978370216,12.679597684993329,4,232.30499999999995,-0.38199999999999923,2.0,3.0,7.0,1.0,,,,19.698205866669763,8.0,4.0,4.0,4.0,3.0,1.0,,,,,7.710452337212691,4.252573335066446,41.26022126022125,10.70739071957696,1322,16,3,1.1357509335232314,1.2209016524813767,8.317947102500712,7.027589198270737,28,28.9936303096501,2.0,0.9771469461749961,1.954293892349991,ZINCf50000008GaH_m01_t03,SER20;LEU26,3.0,-21.136768864867477
1233,native_first,ZINCf50000017FgN,CN=[S@](C)(=O)NC(=O)[C@@H](C)CC(=O)OC,653,922,922,1,0,1,10.714285714285714,15.48021141629053,0.8923001921604174,13.812995621439928,3,236.29299999999998,-0.05559999999999987,1.0,5.0,4.0,1.0,,,,21.627260845667575,9.0,5.0,4.0,5.0,3.0,1.0,,,,,9.551518129685874,5.392934052675447,41.73103932584269,12.5704538086813,1078,16,14,0.47448302638813294,0.7295134379542572,8.622706883572002,7.507995833122533,28,28.9936303096501,2.0,0.9777196173175501,1.9554392346351008,ZINCf50000017FgN_m01_t05,SER20;LEU26,2.0,-119.25018361850171
1234,native_first,ZINCf50000009SUb,C[C@@]1(NC(=O)NC2COC2)CCC[C@H]1O,382,1027,1027,1,0,1,14.285714285714286,17.205605691108325,0.8520695217460492,14.660372212573773,4,214.26499999999996,-0.012100000000000388,3.0,3.0,2.0,1.0,,,,19.698205866669763,8.0,4.0,4.0,4.0,3.0,1.0,,,,,8.897381466903214,4.953924071575932,43.620391705069125,11.59758756684485,55,16,4,1.163593259376287,0.683617823850005,8.622706883572002,8.619679785400637,28,28.9936303096501,2.0,0.9812320907086005,1.962464181417202,ZINCf50000009SUb_m01_t02,SER20;LEU26,0.0,-34.54623634935256
1235,native_first,ZINCf5000002rGn9,CCN(C1CC1)S(=O)(=O)NC[C@H](F)CN,797,1147,1147,1,0,1,14.285714285714286,17.040662921434695,0.7857607284031852,13.389883709619676,4,239.31599999999997,-0.3980999999999985,2.0,3.0,7.0,1.0,,,,16.68420269864711,7.0,4.0,3.0,4.0,3.0,1.0,,,,,4.183895653903987,2.229117752894314,33.995775729646695,7.308972415089768,1222,16,1,0.998149442968327,1.0151243281958058,8.317947102500712,6.865545139575187,28,28.9936303096501,2.0,0.9818206958775789,1.9636413917551572,ZINCf5000002rGn9_m01_t01,SER20;LEU26,0.0,-109.50137314531148
1236,native_first,ZINCf50000017KTo,COCC[C@H](CO)NS(=O)(=O)CCSC,877,957,957,1,0,1,14.285714285714286,19.005613846886952,0.6911829577175129,13.136356391928242,4,257.37699999999995,-0.3337999999999992,2.0,5.0,9.0,1.0,,,,21.514590157676757,9.0,5.0,4.0,5.0,3.0,1.0,,,,,8.718631128541663,4.891811573252248,40.04715522572666,11.917620885825436,206,16,13,1.2037001546875747,1.5435265867926866,8.622706883572002,7.492773365320387,28,28.9936303096501,2.0,0.9841536514250143,1.9683073028500306,ZINCf50000017KTo_m01_t01,SER20;LEU26,3.0,-53.93707401880337
1237,native_first,ZINCf5000001pvAi,CC(C)NS(=O)(=O)CCNS(=O)(=O)CI,523,1067,1067,1,0,1,14.285714285714286,17.205605691108325,0.8247363508417888,14.190088451707393,4,370.2339999999999,-0.37389999999999946,2.0,4.0,7.0,1.0,,,,19.698205866669763,8.0,4.0,4.0,4.0,3.0,1.0,,,,,5.608052817283555,3.0731044883453773,32.02440775305097,9.130591079630108,102,16,11,1.0282108704825053,0.933493333696398,8.622706883572002,8.111554135468438,28,28.9936303096501,2.0,0.9903480068502896,1.9806960137005802,ZINCf5000001pvAi_m01_t01,SER20;LEU26,1.0,-117.07415702336257
1238,native_first,ZINCf500000093vi,CCS(=O)(=O)NCC1(CS(C)(=O)=O)CC1,733,1120,1120,1,0,1,10.714285714285714,15.48021141629053,0.876018143779101,13.560946070206878,3,255.36099999999996,-0.2494999999999996,1.0,4.0,6.0,1.0,,,,16.813295846674055,7.0,4.0,3.0,4.0,3.0,1.0,,,,,6.516246975215301,3.4942760183322834,48.20944638017809,9.09050919307999,1329,16,12,0.5566660533330732,0.7509296381409672,8.622706883572002,7.333355722774501,28,28.9936303096501,2.0,0.9926206482264242,1.9852412964528483,ZINCf500000093vi_m01_t01,SER20;LEU26,0.0,-38.29064362665048
1239,native_first,ZINCf50000008TSw,CCCN(C)S(=O)(=O)N[C@H](CN)C1CC1,1466,1385,1385,0,0,1,7.142857142857143,11.789866216020478,0.8890377780355154,10.481636464026836,2,235.35299999999995,-0.1000999999999983,2.0,3.0,7.0,1.0,,,,18.500586989654103,8.0,5.0,3.0,5.0,3.0,1.0,,,,,6.296002840869703,3.4320680754123574,38.03387334315169,9.347148878065802,375,16,15,0.33585153173190385,0.6717030634638084,3.375021925854705,4.0467249893185135,28,28.9936303096501,2.0,0.9969081630597171,1.9938163261194362,ZINCf50000008TSw_m01_t01,SER20;LEU26,1.0,-146.8365659592103
1240,native_first,ZINCf500000093ie,CCS(=O)(=O)N(C)CC(=O)NOC(C)C,1246,1258,1258,0,0,1,14.285714285714286,17.205605691108325,0.6828154070061124,11.748252652760815,4,238.309,-0.27589999999999937,1.0,4.0,6.0,1.0,,,,21.627260845667575,9.0,5.0,4.0,5.0,3.0,1.0,,,,,8.823278509747427,4.970800214405551,39.21836276332093,12.024274093727463,580,16,1,1.3788986229558107,1.3201814535778127,8.622706883572002,6.834928295825357,28,28.9936303096501,2.0,0.9984001607637668,1.996800321527532,ZINCf500000093ie_m01_t01,SER20;LEU26,2.0,-27.576323082462025
1241,native_first,ZINCf5000002s8fr,COC[C@@H](O)CONC(=O)CCC1N=N1,567,203,203,1,1,1,14.285714285714286,17.205605691108325,0.8166903247937416,14.051651700144307,4,217.225,-0.38639999999999963,2.0,6.0,8.0,1.0,,,,26.580745014588192,10.0,5.0,5.0,5.0,3.0,1.0,,,,,13.89595304552432,8.252439766138329,43.95505817568168,17.06715103779029,559,16,8,1.1925097707696755,0.8494051236006871,8.622706883572002,7.9841180809289565,28,28.9936303096501,2.0,0.9992329716348207,1.9984659432696414,ZINCf5000002s8fr_m01_t03,SER20;LEU26,2.0,14.105042801815394
1242,native_first,ZINCf5000002rhkf,CCCNS(=O)(=O)N[C@H](CCO)CSC,536,1095,1095,1,0,1,14.285714285714286,17.040662921434695,0.8296514977313822,14.137811515103927,4,256.393,-0.06559999999999921,3.0,4.0,9.0,1.0,,,,18.500586989654103,8.0,5.0,3.0,5.0,3.0,1.0,,,,,4.7659409001240896,2.5738227467614427,32.13659806719744,8.199602422506594,939,16,12,0.9341994678985791,0.9290988278952349,8.317947102500712,7.529048681509894,28,28.9936303096501,2.0,1.005620080409005,2.011240160818012,ZINCf5000002rhkf_m01_t01,SER20;LEU26,1.0,-187.12709428056286
1243,native_first,ZINCf50000009m9U,CNCCCC(=O)NS(=O)(=O)CCC#N,1143,787,787,0,1,1,14.285714285714286,15.036168524741624,0.814782415670369,12.25120571301575,4,233.29299999999995,-0.6543199999999998,2.0,5.0,7.0,1.0,,,,24.512170865663283,10.0,5.0,5.0,5.0,3.0,1.0,,,,,12.957892215307092,7.626729401958586,43.05095658572479,15.84646187789614,1068,16,8,1.1047225994012062,0.9630343335724142,7.155285109623515,7.377319512468766,28,28.9936303096501,2.0,1.0082766425983714,2.0165532851967445,ZINCf50000009m9U_m01_t02,SER20;LEU26,1.0,-158.92659043620205
1244,native_first,ZINCf5000001T1OV,CC(CS(C)(=O)=O)NS(=O)(=O)CCCCl,1012,1429,1429,0,0,1,14.285714285714286,17.205605691108325,0.7408402117927549,12.74660456422332,4,277.79499999999996,-0.03220000000000023,1.0,4.0,7.0,1.0,,,,16.813295846674055,7.0,4.0,3.0,4.0,3.0,1.0,,,,,4.154139785371394,2.212926529878727,33.832745789267534,7.318928800697059,1441,16,1,1.095529794998678,1.2921084704796806,8.622706883572002,7.449938822474665,28,28.9936303096501,2.0,1.0104022133608113,2.020804426721625,ZINCf5000001T1OV_m01_t01,SER20;LEU26,0.0,-79.66528154192486
1245,native_first,ZINCf50000009xNF,COC[C@@H](O)CNS(=O)(=O)CCCC#N,746,375,375,1,1,1,14.285714285714286,17.205605691108325,0.7857172749772937,13.518741617951449,4,236.29299999999995,-0.7831199999999996,2.0,5.0,8.0,1.0,,,,24.512170865663283,10.0,5.0,5.0,5.0,3.0,1.0,,,,,12.959964634186777,7.604510146218538,43.82025059885758,15.848016192055903,709,16,0,1.1096614513487717,0.9864909366555642,8.622706883572002,7.355317886122057,28,28.9936303096501,2.0,1.0123884797623448,2.024776959524692,ZINCf50000009xNF_m01_t01,SER20;LEU26,1.0,-36.120419177704456
1246,native_first,ZINCf50000024N07,CC(C)(CNS(N)(=O)=O)NC(=O)C=CI,258,1103,1103,1,0,1,14.285714285714286,17.205605691108325,0.8751240907993186,15.057040037082755,4,347.178,-0.37699999999999956,3.0,3.0,5.0,1.0,,,,17.870643155424844,7.0,3.0,4.0,3.0,3.0,1.0,,,,,6.635965819183684,3.594373044779744,43.1493993993994,9.444635153243974,698,16,2,0.6310124094006477,0.766519206074009,8.622706883572002,7.519895486295366,28,28.9936303096501,2.0,1.0201234909626917,2.0402469819253835,ZINCf50000024N07_m01_t02,SER20;LEU26,1.0,-234.72725740414492
1247,native_first,ZINCf5000002dW9G,CC[S@@](=N)(=O)NC(=O)[C@@H](OC)C(=O)OC,900,306,306,1,1,1,10.714285714285714,15.48021141629053,0.8451015671005432,13.082350926954845,3,238.26499999999996,-0.7277299999999991,2.0,6.0,5.0,1.0,,,,25.512219285599485,10.0,6.0,4.0,6.0,3.0,1.0,,,,,9.19827132227472,5.362213062113465,32.31853713009491,13.276758313105914,1044,16,5,0.6666718625298839,0.8339573382233997,8.622706883572002,7.131157981428312,28,28.9936303096501,2.0,1.024743501455458,2.0494870029109222,ZINCf5000002dW9G_m01_t05,SER20;LEU26,0.0,-65.18804153231989
1248,native_first,ZINCf50000025zh4,C[C@@H](CS(N)(=O)=O)NC(=O)C1CC(I)C1,306,1056,1056,1,0,1,14.285714285714286,17.205605691108325,0.8646589978128328,14.876981773636498,4,346.19000000000005,-0.006799999999999917,2.0,3.0,4.0,1.0,,,,19.698205866669763,8.0,4.0,4.0,4.0,3.0,1.0,,,,,7.134253549860629,3.9198505137722064,39.641799464109425,10.275241629062911,781,16,8,0.8456518371194296,0.8038408398757008,8.622706883572002,8.063978582154977,28,28.9936303096501,2.0,1.025914784056302,2.0518295681126073,ZINCf50000025zh4_m01_t02,SER20;LEU26,0.0,-105.33304393145269
1249,native_first,ZINCf5000000aqhK,O=C(NC1COC1)N[C@H]1CCCC[C@@H]1O,253,949,949,1,0,1,14.285714285714286,17.205605691108325,0.8756372168686223,15.065868681901021,4,214.26499999999996,-0.012100000000000832,3.0,3.0,2.0,1.0,,,,21.514590157676757,9.0,5.0,4.0,5.0,3.0,1.0,,,,,10.080459602629816,5.746351287443477,41.01692354185555,12.938992241391551,1151,16,5,0.9727467203089727,0.6699571379872348,8.622706883572002,8.881740579512567,28,28.9936303096501,2.0,1.0278959572267297,2.055791914453458,ZINCf5000000aqhK_m01_t01,SER20;LEU26,2.0,-45.94816067230519
1250,native_first,ZINCf50000009BWN,CONCCNC(=O)[C@H](N)CCCC#N,825,114,114,1,1,1,14.285714285714286,17.205605691108325,0.77400962761846,13.31730445392481,4,214.26899999999998,-0.7252199999999991,3.0,5.0,8.0,1.0,,,,28.521704269524655,11.0,6.0,5.0,6.0,3.0,1.0,,,,,15.140832583986274,9.220246604974777,42.30805105547375,18.486050505370873,318,16,14,1.180576149133255,1.0947815742717333,8.622706883572002,7.7888270950013245,28,28.9936303096501,2.0,1.0373693610301098,2.0747387220602196,ZINCf50000009BWN_m02_t03,SER20;LEU26,0.0,24.617912679254623
1251,native_first,ZINCf5000001qVcc,C=C(C)CS(=O)(=O)NCC(F)C(=O)OC,1312,1424,1424,0,0,1,10.714285714285714,15.48021141629053,0.7344009883628366,11.368682564189433,3,239.26799999999994,-0.007000000000000117,1.0,4.0,6.0,1.0,,,,16.813295846674055,7.0,4.0,3.0,4.0,3.0,1.0,,,,,5.734192196455469,3.069826299979143,43.41477949940406,8.503968109010115,879,16,3,0.9650225650803392,1.3285351329610056,8.622706883572002,7.085855244130238,28,28.9936303096501,2.0,1.037568859242032,2.0751377184840596,ZINCf5000001qVcc_m01_t01,SER20;LEU26,0.0,-30.22406972109081
1252,native_first,ZINCf50000009FJD,CS(=O)(=O)CCNC(=O)CSCCC#N,1348,1257,1257,0,0,1,10.714285714285714,15.315268646616897,0.7221296392723412,11.059609423140456,3,250.34499999999997,-0.2059200000000001,1.0,5.0,7.0,1.0,,,,21.627260845667575,9.0,5.0,4.0,5.0,3.0,1.0,,,,,8.94292835977301,5.027835772357598,40.407863849765256,12.114011481246651,396,16,6,0.8380197379504789,1.41534415772582,7.259444124724703,5.493027595482696,28,28.9936303096501,2.0,1.039982645867794,2.0799652917355864,ZINCf50000009FJD_m01_t01,SER20;LEU26,1.0,12.282889506191374
1253,native_first,ZINCf50000008QCr,CC1(C)CNC[C@H](NC(=O)C2(N)CC2)C1,1270,1363,1363,0,0,1,10.714285714285714,13.515260490838273,0.8612316424455432,11.639769990604004,3,211.30899999999994,-0.01799999999999846,3.0,3.0,2.0,1.0,,,,18.866173391263565,7.0,4.0,3.0,4.0,3.0,1.0,,,,,4.676330022928902,2.525148738663325,31.57608695652174,8.223790865012568,1101,16,10,0.9294381861337043,0.776939072919051,8.317947102500712,7.826617557399227,28,28.9936303096501,2.0,1.042113598179303,2.0842271963586043,ZINCf50000008QCr_m02_t02,SER20;LEU26,2.0,96.9747377353167
1254,native_first,ZINCf50000009G55,CS(=O)(=O)NCCNC(=O)CCC(F)F,608,1030,1030,1,0,1,14.285714285714286,17.205605691108325,0.8111225556415578,13.955854859532716,4,244.26299999999998,-0.30290000000000084,2.0,3.0,7.0,1.0,,,,19.698205866669763,8.0,4.0,4.0,4.0,3.0,1.0,,,,,8.61628499698922,4.7346581863681925,47.82375590973339,11.386765214409355,175,16,2,0.9285171557082706,1.0653606128724877,8.622706883572002,7.994036333769643,28,28.9936303096501,2.0,1.0448818986615425,2.089763797323087,ZINCf50000009G55_m01_t02,SER20;LEU26,2.0,-91.76889802949869
1255,native_first,ZINCf5000002qXdO,CC[C@](C)(O)CNC(=O)[C@@H](N)CN=[N+]=[N-],1205,664,664,0,1,1,10.714285714285714,15.315268646616897,0.7807825908299381,11.95789513316206,3,215.25699999999998,-0.09879999999999994,3.0,4.0,6.0,1.0,,,,28.908505615030467,9.0,6.0,3.0,6.0,3.0,1.0,,,,,10.798412359907319,6.112931505573113,46.24324845679012,15.325935673688107,473,16,4,1.250022328742331,1.0351397705898486,7.259444124724703,6.647678305481201,28,28.9936303096501,2.0,1.0472960223948413,2.0945920447896853,ZINCf5000002qXdO_m02_t03,SER20;LEU26,0.0,31.16620784456263
1256,native_first,ZINCf5000002mCWI,COC(=O)[C@H](C)CS(=O)(=O)CC(C)(C)O,1259,1416,1416,0,0,1,10.714285714285714,15.315268646616897,0.7636946707614369,11.696189046701049,3,238.30499999999998,-0.018799999999999872,1.0,5.0,5.0,1.0,,,,16.813295846674055,7.0,4.0,3.0,4.0,3.0,1.0,,,,,6.876304202921732,3.6937089258311517,49.6935784705569,9.360552113859812,416,16,7,0.777083174160187,1.196652625735858,7.259444124724703,5.506683101192709,28,28.9936303096501,2.0,1.0507410510599395,2.1014821021198813,ZINCf5000002mCWI_m01_t02,SER20;LEU26,0.0,3.1280992324350736
1257,native_first,ZINCf5000002qSOK,CC(C)[C@@H](N)CNC(=O)[C@@H](N)CN=[N+]=[N-],1445,669,669,0,1,1,7.142857142857143,11.789866216020478,0.895243961214992,10.55480653342498,2,214.273,-0.2764999999999982,3.0,4.0,6.0,1.0,,,,28.908505615030467,9.0,6.0,3.0,6.0,3.0,1.0,,,,,9.035717724916982,5.099362571654705,39.61832061068702,14.003914697445353,722,16,12,0.16689301262995734,0.3337860252599132,3.375021925854705,3.041235900594792,28,28.9936303096501,2.0,1.0518874201660404,2.103774840332086,ZINCf5000002qSOK_m02_t01,SER20;LEU26,1.0,60.12657775225079
1258,native_first,ZINCf50000017KLi,COCCS(=O)(=O)NC(=O)[C@H](F)C1CC1,932,1263,1263,0,0,1,17.857142857142858,20.731008121704747,0.6270859061186124,13.000123012751533,5,239.26799999999997,-0.17310000000000003,1.0,4.0,6.0,1.0,,,,21.627260845667575,9.0,5.0,4.0,5.0,3.0,1.0,,,,,7.0567757647924205,3.945291005046555,33.39029193697868,10.69939703501121,133,16,2,1.6940053847277967,1.5168928317559054,8.622706883572002,6.9860799552913715,28,28.9936303096501,2.0,1.0555423503434587,2.1110847006869182,ZINCf50000017KLi_m01_t02,SER20;LEU26,0.0,-62.88246356773364
1259,native_first,ZINCf500000249r7,O=C1C[C@@]2(CCN(S(=O)(=O)CI)C2)CN1,53,1128,1128,1,0,1,14.285714285714286,17.205605691108325,0.9378455523072042,16.136200772157462,4,344.1740000000001,-0.07929999999999965,1.0,3.0,2.0,1.0,,,,16.813295846674055,7.0,4.0,3.0,4.0,3.0,1.0,,,,,6.0184026121677165,3.243212642610812,41.70515781370285,8.7171259207943,789,16,8,0.5033521032243635,0.5257643266899363,8.622706883572002,8.12737799545284,28,28.9936303096501,2.0,1.0569813288424141,2.1139626576848247,ZINCf500000249r7_m01_t02,SER20;LEU26,1.0,-46.66972291103113
1260,native_first,ZINCf5000000VmHc,C[C@H](O)[C@H](NCC[C@H]1CCCO1)C(=O)O,858,300,300,1,1,1,14.285714285714286,17.205605691108325,0.7673418130485411,13.20258066561336,4,217.26499999999996,-0.020900000000000196,3.0,4.0,6.0,1.0,,,,25.524123561538133,10.0,6.0,4.0,6.0,3.0,1.0,,,,,10.596584181037198,6.189380964131748,36.80120937263795,14.328469026162432,85,16,3,0.9790201492154618,0.98293048960974,8.622706883572002,6.626385148268979,28,28.9936303096501,2.0,1.0631766836076533,2.126353367215307,ZINCf5000000VmHc_m01_t01,SER20;LEU26,3.0,-0.975913759094535
1261,native_first,ZINCf5000001wqAE,C#CCOC(=O)CNS(=O)(=O)C1(Br)CC1,1158,1481,1481,0,0,1,14.285714285714286,17.040662921434695,0.7155767089110058,12.193901490982045,4,296.14200000000005,-0.03279999999999972,1.0,4.0,5.0,1.0,,,,14.985733135429138,6.0,3.0,3.0,3.0,3.0,1.0,,,,,4.5061420156695355,2.3651265837249946,47.554957379991045,7.1260397956094375,332,16,11,1.1962679774645366,1.4699578516252458,8.317947102500712,7.681008403559617,28,28.9936303096501,2.0,1.064336242588414,2.128672485176825,ZINCf5000001wqAE_m01_t02,SER20;LEU26,2.0,10.155198973335914
1262,native_first,ZINCf50000009PaP,C[C@@H]1CN(C(=O)C2=CCNC2)C[C@@H](C)N1,1472,1439,1439,0,0,1,10.714285714285714,13.515260490838273,0.7745271153851564,10.46793572164794,3,209.29299999999998,-0.2751999999999987,2.0,3.0,1.0,1.0,,,,16.68420269864711,7.0,4.0,3.0,4.0,3.0,1.0,,,,,5.8596807550591885,3.1163918912171513,48.94375078824567,8.565811240956169,895,16,2,1.114325521204335,1.0678753480926757,8.317947102500712,7.1181701286011965,28,28.9936303096501,2.0,1.0686016825014026,2.137203365002808,ZINCf50000009PaP_m02_t01,SER20;LEU26,0.0,74.01640094208807
1263,native_first,ZINCf50000018442,NCCCS(=O)(=O)NCCC1(CN)CC1,1327,1288,1288,0,0,1,10.714285714285714,13.515260490838273,0.8306149537866307,11.225977468011909,3,235.35299999999992,-0.6163999999999987,3.0,4.0,8.0,1.0,,,,20.69373610250848,8.0,5.0,3.0,5.0,3.0,1.0,,,,,8.72401299469816,4.828521831664612,45.147591200222784,11.71644377165074,52,16,3,0.8386695197366524,0.8214353305467221,8.317947102500712,6.812325204646134,28,28.9936303096501,2.0,1.0742502643357024,2.1485005286714056,ZINCf50000018442_m02_t01,SER20;LEU26,0.0,-20.0666572100123
1264,native_first,ZINCf5000000axDC,O=S1(=O)CC(CS(=O)(=O)NCC(Cl)Cl)C1,693,1142,1142,1,0,1,10.714285714285714,15.48021141629053,0.8844494039469415,13.691463760110798,3,296.197,-0.2459,1.0,4.0,5.0,1.0,,,,16.813295846674055,7.0,4.0,3.0,4.0,3.0,1.0,,,,,4.139349316200211,2.1957333235066825,36.050307219662066,7.307835948818672,1063,16,9,0.5620683622576227,0.6985864945309136,8.622706883572002,7.352673916325914,28,28.9936303096501,2.0,1.0768374740328779,2.153674948065756,ZINCf5000000axDC_m01_t01,SER20;LEU26,2.0,-37.98877758284621
1265,native_first,ZINCf50000008PSw,CC(CO)(CO)NC(=O)CCCN=[N+]=[N-],1119,662,662,0,1,1,10.714285714285714,15.315268646616897,0.8063300531925643,12.349161382485015,3,216.24099999999999,-0.06360000000000054,3.0,4.0,7.0,1.0,,,,28.908505615030467,9.0,6.0,3.0,6.0,3.0,1.0,,,,,12.579678038955338,7.248810642764915,47.54452678107125,16.661884932974118,608,16,2,1.0920188908312993,0.9315070508412889,7.259444124724703,6.275946017977548,28,28.9936303096501,2.0,1.0793170084614017,2.1586340169228038,ZINCf50000008PSw_m02_t02,SER20;LEU26,1.0,23.96410924153261
1266,native_first,ZINCf5000002rXvB,CN(CCN=[N+]=[N-])C(=O)CC[C@H](N)CN,1398,692,692,0,1,1,7.142857142857143,11.789866216020478,0.897315976623658,10.579235317890687,2,214.27299999999997,-0.17869999999999908,2.0,4.0,7.0,1.0,,,,26.915965577325384,9.0,6.0,3.0,6.0,3.0,1.0,,,,,13.194664858530139,7.536740496210505,52.92948212407992,16.62499003822895,407,16,13,0.0038986471533713142,0.00779729430674303,3.375021925854705,3.382819220161448,28,28.9936303096501,2.0,1.080802708164286,2.161605416328575,ZINCf5000002rXvB_m02_t02,SER20;LEU26,3.0,31.709243892624585
1267,native_first,ZINCf50000008WYW,CCN(CC1CC1)S(=O)(=O)NC1COC1,1328,1425,1425,0,0,1,10.714285714285714,13.515260490838273,0.8306129091802348,11.225949834623865,3,234.32099999999997,-0.048499999999999543,1.0,3.0,6.0,1.0,,,,16.813295846674055,7.0,4.0,3.0,4.0,3.0,1.0,,,,,5.212307351528518,2.7900282699577446,39.54457364341085,8.112554475314903,1525,16,7,0.9366392760458412,0.9470028620436782,8.317947102500712,7.707573815046032,28,28.9936303096501,2.0,1.0822120902113486,2.1644241804226976,ZINCf50000008WYW_m01_t01,SER20;LEU26,3.0,-148.8837227904055
1268,native_first,ZINCf5000002qSav,CCC[C@@H](CO)NC(=O)[C@@H](N)CN=[N+]=[N-],1461,670,670,0,1,1,10.714285714285714,11.345823324471572,0.9256717037058554,10.502507606709232,3,215.257,-0.09879999999999994,3.0,4.0,7.0,1.0,,,,28.908505615030467,9.0,6.0,3.0,6.0,3.0,1.0,,,,,9.035225653239973,5.099362571654705,39.59940843621399,14.003545643687595,601,16,3,0.561414338041232,0.6137558924423431,7.155285109623515,7.02476477380839,28,28.9936303096501,2.0,1.0830113588632762,2.1660227177265536,ZINCf5000002qSav_m02_t02,SER20;LEU26,2.0,15.443826499813714
1269,native_first,ZINCf5000002dC2L,CC[C@H](O)[C@@H](C)C(=O)N[S@@](=N)(=O)N(C)C,882,958,958,1,0,1,14.285714285714286,17.205605691108325,0.7624272347367811,13.118022369043143,4,237.32500000000002,-0.05202999999999958,3.0,4.0,5.0,1.0,,,,21.514590157676757,9.0,5.0,4.0,5.0,3.0,1.0,,,,,7.82782228274605,4.4083124457879,34.89825581395348,11.249514251478725,924,16,0,1.2735764964168177,1.120617727060439,8.622706883572002,7.926217870009217,28,28.9936303096501,2.0,1.0881894905217246,2.176378981043447,ZINCf5000002dC2L_m01_t02,SER20;LEU26,0.0,-205.46013725168444
1270,native_first,ZINCf5000002rJso,C[C@](N)(CO)C(=O)NCCCCN=[N+]=[N-],1349,658,658,0,1,1,14.285714285714286,15.036168524741624,0.7353055111280712,11.056177582492957,4,215.25699999999995,-0.09720000000000018,3.0,4.0,7.0,1.0,,,,28.908505615030467,9.0,6.0,3.0,6.0,3.0,1.0,,,,,14.202391232657188,8.112026721605801,56.98784722222223,17.87891982825051,552,16,9,1.9142597253997535,0.8156469685212778,7.155285109623515,6.696289696766516,28,28.9936303096501,2.0,1.0888286904260296,2.1776573808520574,ZINCf5000002rJso_m01_t01,SER20;LEU26,0.0,29.578266486870454
1271,native_first,ZINCf5000002scMB,CO[C@H](C(=O)O)C(=O)NC[C@@H](C)N=[N+]=[N-],1227,620,620,0,1,1,10.714285714285714,13.515260490838273,0.8760153436799205,11.83957556380534,3,216.197,-0.09899999999999975,2.0,4.0,6.0,1.0,,,,31.970942013998897,10.0,6.0,4.0,6.0,3.0,1.0,,,,,11.18844530886019,6.597970592408063,36.772694781987134,16.38406948514487,705,16,2,0.552265547834153,0.7829955909266891,8.317947102500712,7.143708794082914,28,28.9936303096501,2.0,1.0895235541998425,2.179047108399688,ZINCf5000002scMB_m01_t01,SER20;LEU26,1.0,-9.332883523871233
1272,native_first,ZINCf50000025e7y,COC(=O)[C@@H](O)CNC(=O)[C@H](C)N=[N+]=[N-],960,676,676,0,1,1,14.285714285714286,17.205605691108325,0.7497309022431647,12.899574278434775,4,216.197,-0.6647000000000003,2.0,5.0,5.0,1.0,,,,28.085983574066987,9.0,5.0,4.0,5.0,3.0,1.0,,,,,9.765577905093634,5.510546397774345,42.861833464670354,14.345679322336972,1241,16,12,1.3993365315655402,1.0153815421636796,8.622706883572002,7.406357232633137,28,28.9936303096501,2.0,1.0906523725051098,2.1813047450102214,ZINCf50000025e7y_m02_t07,SER20;LEU26,2.0,-54.49441719721282
1273,native_first,ZINCf5000000ZvOD,Cc1nc(SCC(N)=O)nc(N(C)C)n1,1126,713,713,0,1,1,14.285714285714286,17.205605691108325,0.7160084778129184,12.319359540739757,4,227.293,-0.17658000000000018,1.0,6.0,4.0,1.0,,,,26.647877261431002,10.0,6.0,4.0,6.0,3.0,1.0,,,,,13.28028836815125,7.688892030417151,48.682199325474166,16.62218559147119,1137,16,13,1.250827367690563,1.3403039394447402,8.622706883572002,7.430094826308721,28,28.9936303096501,2.0,1.1007851163878808,2.2015702327757634,ZINCf5000000ZvOD_m01_t01,SER20;LEU26,0.0,-209.08060830435883
1274,native_first,ZINCf5000002qxqY,CC1(C(=O)N[C@H]2CCCC[C@H]2N)CNC1,1412,1297,1297,0,0,1,7.142857142857143,11.789866216020478,0.8972790928466692,10.578800463094447,2,211.30899999999997,-0.017999999999998628,3.0,3.0,2.0,1.0,,,,20.69373610250848,8.0,5.0,3.0,5.0,3.0,1.0,,,,,6.050360655151916,3.333532822831569,32.704576976421635,9.711204516991057,453,16,15,0.0225498686918589,0.04509973738371853,3.375021925854705,3.3299221884709866,28,28.9936303096501,2.0,1.1022233073791206,2.2044466147582416,ZINCf5000002qxqY_m02_t02,SER20;LEU26,0.0,43.66787539655846
1275,native_first,ZINCf5000001YA2r,O=C(C1CCN1)N1CCC2(CCCN2)C1,1255,1390,1390,0,0,1,10.714285714285714,13.515260490838273,0.8665002923480044,11.710977166470796,3,209.29299999999998,-0.29719999999999924,2.0,3.0,1.0,1.0,,,,18.500586989654103,8.0,5.0,3.0,5.0,3.0,1.0,,,,,5.582620364454263,3.0101919006534654,38.38776195271662,8.812112020754222,1345,16,9,0.885336029596096,0.7333561576836979,8.317947102500712,7.545572049310918,28,28.9936303096501,2.0,1.1039551213169398,2.207910242633881,ZINCf5000001YA2r_m02_t02,SER20;LEU26,1.0,88.61627730671218
1276,native_first,ZINCf50000008CzR,C#CCS(=O)(=O)CCNC(=O)CC1CC1,1064,1375,1375,0,0,1,14.285714285714286,17.205605691108325,0.7322196979721427,12.598283402571116,4,229.30099999999996,-0.049300000000000566,1.0,3.0,6.0,1.0,,,,18.629680137681053,8.0,5.0,3.0,5.0,3.0,1.0,,,,,6.25601997714235,3.394195735139631,39.8859754872413,9.349435017277026,1385,16,0,1.0052755560733075,1.2762043859069099,8.622706883572002,6.9274131046752085,28,28.9936303096501,2.0,1.1040264749884163,2.2080529499768335,ZINCf50000008CzR_m01_t02,SER20;LEU26,2.0,33.40287438751997
1277,native_first,ZINCf5000000apTa,O=C(N1CC(CF)C1)[C@]1(CO)CCCO1,1053,1482,1482,0,0,1,14.285714285714286,17.205605691108325,0.7341597641849704,12.631663416843672,4,217.23999999999995,-0.04420000000000024,1.0,3.0,3.0,1.0,,,,14.985733135429138,6.0,3.0,3.0,3.0,3.0,1.0,,,,,4.039304607604157,2.1200138023968673,42.66268260292164,6.775911739560401,534,16,2,1.2045507195227951,1.3529489796267502,8.622706883572002,8.021904705103122,28,28.9936303096501,2.0,1.1050336775866658,2.210067355173331,ZINCf5000000apTa_m01_t01,SER20;LEU26,3.0,52.090701085909814
1278,native_first,ZINCf5000002rhyC,CC(C)OCC[C@H](N)C(=O)NOCC#N,717,214,214,1,1,1,14.285714285714286,17.205605691108325,0.7914873593407235,13.618019414313052,4,215.25300000000001,-0.29981999999999887,2.0,5.0,7.0,1.0,,,,26.580745014588192,10.0,5.0,5.0,5.0,3.0,1.0,,,,,10.831826745968085,6.417280768224605,34.70797720797721,14.76905631312311,1092,16,14,1.2384314307901105,1.013688071897804,8.622706883572002,8.510295152814548,28,28.9936303096501,2.0,1.108000547656588,2.2160010953131746,ZINCf5000002rhyC_m01_t02,SER20;LEU26,3.0,62.43967092448395
1279,native_first,ZINCf5000002rhyB,CC(C)OCC[C@@H](N)C(=O)NOCC#N,1022,720,720,0,1,1,10.714285714285714,15.315268646616897,0.8312506814222576,12.730827498665231,3,215.25300000000001,-0.29981999999999887,2.0,5.0,7.0,1.0,,,,26.580745014588192,10.0,5.0,5.0,5.0,3.0,1.0,,,,,10.831826745968085,6.417280768224605,34.70797720797721,14.76905631312311,1090,16,3,0.6138947322111319,0.9695890722094552,7.259444124724703,5.861038587263382,28,28.9936303096501,2.0,1.108000547656588,2.2160010953131746,ZINCf5000002rhyB_m01_t02,SER20;LEU26,3.0,62.43967092448395
1280,native_first,ZINCf5000002qNLm,CC(C)(CC(=O)NC[C@@H](N)CO)N=[N+]=[N-],448,96,96,1,1,1,14.285714285714286,17.205605691108325,0.8386570843195166,14.429603102856188,4,215.25699999999998,-0.09879999999999983,3.0,4.0,6.0,1.0,,,,28.908505615030467,9.0,6.0,3.0,6.0,3.0,1.0,,,,,11.22804754443659,6.342753141722196,48.863636363636374,15.648162062085058,717,16,4,1.2079842345720628,0.7290310531102433,8.622706883572002,8.345469551219368,28,28.9936303096501,2.0,1.1087750496101543,2.217550099220306,ZINCf5000002qNLm_m01_t01,SER20;LEU26,3.0,-16.76976690042372
1281,native_first,ZINCf50000028CXX,CC(=O)N[C@@H]1CN(C(=O)C=CI)C[C@H]1O,246,1066,1066,1,0,1,17.857142857142858,20.731008121704747,0.72851317598527,15.102812568119552,5,324.11800000000005,-0.3570999999999997,2.0,3.0,2.0,1.0,,,,19.698205866669763,8.0,4.0,4.0,4.0,3.0,1.0,,,,,6.18851805647768,3.4055210673089906,33.85431882364397,9.5659400090257,1001,16,10,1.3659182367943787,1.2916162447197066,8.622706883572002,8.170584094792988,28,28.9936303096501,2.0,1.1093051098560427,2.218610219712085,ZINCf50000028CXX_m01_t03,SER20;LEU26,2.0,14.195805969861464
1282,native_first,ZINCf5000001P2hr,CC(C1CC1)N(C)S(=O)(=O)N(C)CCN,1410,1413,1413,0,0,1,7.142857142857143,11.789866216020478,0.8972838083338555,10.578856058057516,2,235.35299999999998,-0.1479999999999987,1.0,3.0,6.0,1.0,,,,17.416084860754403,8.0,6.0,2.0,6.0,3.0,1.0,,,,,5.918898681478282,3.2218640210541194,36.33540372670808,8.793195226297312,586,16,11,0.021105103768559903,0.04221020753712068,3.375021925854705,3.417232133391826,28,28.9936303096501,2.0,1.1125029501913848,2.2250059003827705,ZINCf5000001P2hr_m01_t01,SER20;LEU26,0.0,-129.34227728656617
1283,native_first,ZINCf5000002ryd0,C[C@@H](CS(C)(=O)=O)N(C)S(=O)(=O)C1CC1,1518,1492,1492,0,0,1,10.714285714285714,11.110579072050971,0.8723095701775193,9.691864454764124,3,255.36099999999996,-0.1564999999999992,0.0,4.0,5.0,1.0,,,,13.60506953987981,6.0,4.0,2.0,4.0,3.0,1.0,,,,,2.819017552268598,1.4650192295608768,37.1994342291372,5.515530549171401,1349,16,3,0.5220941414249318,0.8315093409203601,8.622706883572002,7.499075134512555,28,28.9936303096501,2.0,1.1159675661750164,2.231935132350035,ZINCf5000002ryd0_m01_t01,SER20;LEU26,2.0,-31.320549818405294
1284,native_first,ZINCf5000002rwmG,C[C@@H](CN=[N+]=[N-])NC(=O)C[C@H](N)C(=O)O,1206,624,624,0,1,1,14.285714285714286,17.040662921434695,0.7017187021232161,11.957751868548366,4,215.213,-0.3965999999999999,3.0,4.0,6.0,1.0,,,,31.90608632301698,10.0,6.0,4.0,6.0,3.0,1.0,,,,,12.242500923203165,7.217676778706146,40.29564652371671,17.158397273156616,1321,16,8,1.142117567721081,1.5501657912468616,8.317947102500712,7.377223692117679,28,28.9936303096501,2.0,1.1191405537854553,2.238281107570911,ZINCf5000002rwmG_m01_t06,SER20;LEU26,1.0,-11.235345963343555
1285,native_first,ZINCf5000002rwmF,C[C@@H](CN=[N+]=[N-])NC(=O)C[C@@H](N)C(=O)O,1358,625,625,0,1,1,10.714285714285714,15.315268646616897,0.7119866159978561,10.90426629680283,3,215.213,-0.3965999999999999,3.0,4.0,6.0,1.0,,,,31.90608632301698,10.0,6.0,4.0,6.0,3.0,1.0,,,,,12.242500923203165,7.217676778706146,40.29564652371671,17.158397273156616,1366,16,10,1.3779991724204246,1.3817577073255485,7.259444124724703,6.748028371587142,28,28.9936303096501,2.0,1.1191405537854553,2.238281107570911,ZINCf5000002rwmF_m01_t06,SER20;LEU26,1.0,-11.235345963343555
1286,native_first,ZINCf5000002s7ws,COC[C@H](F)CNS(=O)(=O)N1CCCC1,1280,1366,1366,0,0,1,10.714285714285714,15.48021141629053,0.7470950143167805,11.565188769680363,3,240.29999999999995,-0.09889999999999999,1.0,3.0,6.0,1.0,,,,18.629680137681053,8.0,5.0,3.0,5.0,3.0,1.0,,,,,7.797730492503092,4.252057813523039,46.938135086670655,10.505717903797583,288,16,0,0.7882224452348027,1.2900892772439743,8.622706883572002,6.864768309210216,28,28.9936303096501,2.0,1.1200316108920243,2.24006322178405,ZINCf5000002s7ws_m01_t01,SER20;LEU26,3.0,-144.7858090425849
1287,native_first,ZINCf50000009eLP,CN(CCF)C(=O)N[C@@H]1CCCNC1=O,647,959,959,1,0,1,14.285714285714286,17.205605691108325,0.8050530169505826,13.85142477008887,4,217.24399999999997,-0.12410000000000027,2.0,2.0,3.0,1.0,,,,21.514590157676757,9.0,5.0,4.0,5.0,3.0,1.0,,,,,7.819984611768906,4.403372567023194,34.896314695009245,11.243635998245868,917,16,8,1.2378885468230505,0.9314084070874231,8.622706883572002,8.664989506439927,28,28.9936303096501,2.0,1.1218394433139953,2.2436788866279898,ZINCf50000009eLP_m01_t01,SER20;LEU26,1.0,-84.09299488339116
1288,native_first,ZINCf5000001JaK4,CS(=O)(=O)CCS(=O)(=O)NCC1CC1Cl,870,1155,1155,1,0,1,10.714285714285714,15.315268646616897,0.8594139868942496,13.162156087945526,3,275.779,-0.4222999999999999,1.0,4.0,6.0,1.0,,,,14.985733135429138,6.0,3.0,3.0,3.0,3.0,1.0,,,,,5.011001261573791,2.6513100671510466,45.558498896247244,7.504684230037628,1229,16,0,0.6438220427165415,0.7707588462943039,7.259444124724703,5.821060018486358,28,28.9936303096501,2.0,1.1226874958691024,2.2453749917382044,ZINCf5000001JaK4_m01_t01,SER20;LEU26,2.0,-120.01445952847834
1289,native_first,ZINCf50000009WyH,C[C@H](C[S@](C)=O)NC(=O)C(C)(C)C(=O)O,159,392,392,1,1,1,17.857142857142858,20.731008121704747,0.7459557210424581,15.46441411136332,5,235.30499999999998,-0.019599999999999673,2.0,3.0,5.0,1.0,,,,24.008146774645027,8.0,4.0,4.0,4.0,3.0,1.0,,,,,10.006332169675366,5.55255110991378,50.56624066810074,13.50678582091778,183,16,7,1.1777721344278675,1.3082820231586818,8.622706883572002,8.117483305902024,28,28.9936303096501,2.0,1.1238306066804635,2.2476612133609244,ZINCf50000009WyH_m01_t02,SER20;LEU26,0.0,-28.183086280270075
1290,native_first,ZINCf5000002rGn5,CCN(C1CC1)S(=O)(=O)N(C)[C@H](C)CN,1421,1473,1473,0,0,1,7.142857142857143,11.789866216020478,0.8971952961829492,10.57781251163984,2,235.35299999999998,-0.005499999999998839,1.0,3.0,6.0,1.0,,,,15.615676969658399,7.0,5.0,2.0,5.0,3.0,1.0,,,,,5.081267013361072,2.725405370486977,37.474624441737724,7.714869502435404,487,16,11,0.040367379598223424,0.08073475919644757,3.375021925854705,3.2942871666582576,28,28.9936303096501,2.0,1.124605597800504,2.2492111956010046,ZINCf5000002rGn5_m01_t01,SER20;LEU26,0.0,-112.6512385915129
1291,native_first,ZINCf5000002e6d8,COCCS(=O)(=O)NC(=O)[C@H](C)C(F)F,1298,1339,1339,0,0,1,10.714285714285714,15.315268646616897,0.7492419007336394,11.474840991037556,3,245.24699999999999,-0.020000000000000018,1.0,4.0,6.0,1.0,,,,19.810876554660577,8.0,4.0,4.0,4.0,3.0,1.0,,,,,6.577071126505343,3.6192598794875956,35.987873410233654,9.88552248354415,1279,16,6,0.776627264347176,1.3152825593945072,7.259444124724703,5.6199480902907775,28,28.9936303096501,2.0,1.1254591767333488,2.2509183534666963,ZINCf5000002e6d8_m01_t01,SER20;LEU26,3.0,-72.20531869782835
1292,native_first,ZINCf500000269Mg,CCNC(=O)[C@H]1C[C@@H]2CC[C@H]1[C@@H](O)[C@H]2O,614,897,897,1,0,1,14.285714285714286,17.205605691108325,0.8102310610681328,13.940516155426602,4,213.277,-0.10960000000000025,3.0,3.0,2.0,1.0,,,,22.51012039351548,9.0,6.0,3.0,6.0,3.0,1.0,,,,,5.499120511508735,3.1074512260159994,23.873539982030554,9.751870482010421,752,16,8,1.0904221002650116,0.8623570961340391,8.622706883572002,7.427709593891017,28,28.9936303096501,2.0,1.12715014157574,2.2543002831514762,ZINCf500000269Mg_m01_t03,SER20;LEU26,2.0,-4.397553159356292
1293,native_first,ZINCf5000002rOJM,CC(=O)NNC(=O)[C@]1(C(C)C)CCNC1,1203,1282,1282,0,0,1,10.714285714285714,15.315268646616897,0.7811536322164474,11.963577731675464,3,213.28099999999995,-0.21059999999999962,3.0,3.0,2.0,1.0,,,,21.514590157676757,9.0,5.0,4.0,5.0,3.0,1.0,,,,,8.101775341696147,4.58839882260146,34.57991180048662,11.4549790456913,304,16,9,1.2511204619982297,1.043827211954014,7.259444124724703,6.754982520910139,28,28.9936303096501,2.0,1.132530050383547,2.2650601007670943,ZINCf5000002rOJM_m01_t02,SER20;LEU26,1.0,-0.5233458231602306
1294,native_first,ZINCf50000009gye,CN1C(=O)OC[C@@H]1C(=O)NS(=O)(=O)CI,73,1006,1006,1,0,1,14.285714285714286,17.205605691108325,0.927606266256561,15.960027653811629,4,348.118,-0.7244999999999999,1.0,5.0,3.0,1.0,,,,19.810876554660577,8.0,4.0,4.0,4.0,3.0,1.0,,,,,7.028264342771203,3.887040434022742,36.62985031245458,10.223917395743547,1287,16,13,0.6737272731846715,0.5223256405690054,8.622706883572002,8.385606396002743,28,28.9936303096501,2.0,1.138189892697611,2.276379785395223,ZINCf50000009gye_m01_t01,SER20;LEU26,1.0,-66.75097710972842
1295,native_first,ZINCf5000002rwnY,C[C@H](CN=[N+]=[N-])NC(=O)[C@@H](N)CC(=O)O,1146,626,626,0,1,1,14.285714285714286,17.040662921434695,0.7183655197293324,12.241424676088798,4,215.213,-0.3965999999999999,3.0,4.0,6.0,1.0,,,,31.90608632301698,10.0,6.0,4.0,6.0,3.0,1.0,,,,,11.954790286448713,7.132110886450806,36.919428200129964,16.94261429559078,1271,16,12,1.2302907318824836,1.3101135350471316,8.317947102500712,6.990520555052609,28,28.9936303096501,2.0,1.1428876113353255,2.2857752226706527,ZINCf5000002rwnY_m01_t05,SER20;LEU26,3.0,-48.498480536825284
1296,native_first,ZINCf50000026wXe,C[C@H](NC(=O)CCS(N)(=O)=O)C1(C)CC1,780,1036,1036,1,0,1,14.285714285714286,17.040662921434695,0.7893704776833782,13.451396230334336,4,234.32099999999994,-0.03019999999999956,2.0,3.0,5.0,1.0,,,,19.698205866669763,8.0,4.0,4.0,4.0,3.0,1.0,,,,,8.419613558210894,4.629454163838764,46.441627498457,11.239261635325612,283,16,11,1.3177101210109607,0.9582903663848117,8.317947102500712,7.988595503193194,28,28.9936303096501,2.0,1.1484250935724982,2.296850187144994,ZINCf50000026wXe_m01_t03,SER20;LEU26,2.0,-95.60632680528396
1297,native_first,ZINCf5000001CEAB,CN1C(CNS(=O)(=O)CBr)CCS1(=O)=O,495,1129,1129,1,0,1,10.714285714285714,15.48021141629053,0.9236854712908321,14.298846377738037,3,321.218,-0.7078999999999998,1.0,4.0,4.0,1.0,,,,16.813295846674055,7.0,4.0,3.0,4.0,3.0,1.0,,,,,6.001198116055991,3.2201172491910706,44.01585460170146,8.704222548710508,1474,16,9,0.6140646148368849,0.5738749179483672,8.622706883572002,8.19319276739485,28,28.9936303096501,2.0,1.1543343913165545,2.3086687826331094,ZINCf5000001CEAB_m01_t01,SER20;LEU26,3.0,-62.27116934900131
1298,native_first,ZINCf50000009cQd,CN(C)CC[C@H](N)C(=O)NS(=O)(=O)CI,1315,795,795,0,1,1,14.285714285714286,15.036168524741624,0.7544528405245988,11.344080054097885,4,349.19399999999996,-0.8960999999999979,2.0,5.0,6.0,1.0,,,,24.512170865663283,10.0,5.0,5.0,5.0,3.0,1.0,,,,,11.013530726288847,6.480802157989234,36.63953665599756,14.388190761132458,299,16,1,0.9789471870575442,1.3286845823430173,7.155285109623515,6.237524579678383,28,28.9936303096501,2.0,1.156464976134165,2.3129299522683304,ZINCf50000009cQd_m02_t01,SER20;LEU26,1.0,36.917715398747106
1299,native_first,ZINCf50000028rsM,O=S1(=O)CC[C@@H]1CNS(=O)(=O)C1(Br)CC1,970,1431,1431,0,0,1,10.714285714285714,15.48021141629053,0.8310881428922589,12.86542015754444,3,318.21400000000006,-0.022099999999999786,1.0,4.0,4.0,1.0,,,,16.813295846674055,7.0,4.0,3.0,4.0,3.0,1.0,,,,,3.8391952047098723,2.0506181051805483,30.043859649122812,7.082720365200918,331,16,7,0.8684893190047279,0.9394539040438988,8.622706883572002,7.704212037338367,28,28.9936303096501,2.0,1.1580340114845102,2.3160680229690236,ZINCf50000028rsM_m01_t01,SER20;LEU26,1.0,-18.328042258634177
1300,native_first,ZINCf5000002rLUl,CCOCCS(=O)(=O)NC(=O)CCC#N,836,303,303,1,1,1,14.285714285714286,17.205605691108325,0.7726061535549021,13.293156832589537,4,234.277,-0.22731999999999997,1.0,5.0,7.0,1.0,,,,25.512219285599485,10.0,6.0,4.0,6.0,3.0,1.0,,,,,11.213714098365323,6.585459124784028,37.73109503493476,14.788340395173863,943,16,6,1.3420872249152325,1.0388618076966913,8.622706883572002,9.031206753365575,28,28.9936303096501,2.0,1.1618346163289797,2.3236692326579576,ZINCf5000002rLUl_m01_t01,SER20;LEU26,3.0,-77.33431833391121
1301,native_first,ZINCf500000097Cj,CC[C@H](COC)NC(=O)[C@@H](C)S(C)(=O)=O,748,457,457,1,1,1,10.714285714285714,15.48021141629053,0.8728873796607457,13.5124811797602,3,237.321,-0.03929999999999967,1.0,4.0,6.0,1.0,,,,23.42766873676358,10.0,6.0,4.0,6.0,3.0,1.0,,,,,7.811629127767816,4.558037219407997,27.295660467334297,11.715639030016757,929,16,13,0.7035113095609569,0.8349860950153508,8.622706883572002,8.036292202778764,28,28.9936303096501,2.0,1.163462638067872,2.3269252761357464,ZINCf500000097Cj_m01_t03,SER20;LEU26,3.0,-3.7160031984342137
1302,native_first,ZINCf5000002dXOL,CN1CCN([S@](=O)C2CCC2)C[C@@H]1CO,809,330,330,1,1,1,10.714285714285714,13.515260490838273,0.9892696802169408,13.370237423820234,3,232.34899999999993,-0.18910000000000043,1.0,4.0,3.0,1.0,,,,24.767183756901233,9.0,6.0,3.0,6.0,3.0,1.0,,,,,8.047448174930185,4.498675802631281,38.112148268398286,12.227382070422948,633,16,9,0.18487780665524842,0.22224291260708773,8.317947102500712,8.132730490435224,28,28.9936303096501,2.0,1.1672298520910136,2.3344597041820254,ZINCf5000002dXOL_m02_t01,SER20;LEU26,3.0,89.78017679106559
1303,native_first,ZINCf5000002dNsi,C[C@@H](C(=O)N[C@H](C)CS(N)(=O)=O)C(F)F,490,1112,1112,1,0,1,14.285714285714286,17.205605691108325,0.8323936518820333,14.321836954063954,4,244.26299999999995,-0.31919999999999965,2.0,3.0,5.0,1.0,,,,17.870643155424844,7.0,3.0,4.0,3.0,3.0,1.0,,,,,4.277875051990017,2.308798571608605,29.07303370786517,7.676067077848724,1280,16,2,1.1464878929939741,0.7673727926844425,8.622706883572002,7.881677439075744,28,28.9936303096501,2.0,1.1699217429381061,2.339843485876214,ZINCf5000002dNsi_m01_t01,SER20;LEU26,1.0,-138.54729653100335
1304,native_first,ZINCf5000002dzWW,CC[C@H](CNS(C)(=O)=O)N[S@@](=O)C(C)C,270,542,542,1,1,1,14.285714285714286,17.205605691108325,0.8727982250290726,15.017022107749455,4,256.393,-0.024099999999999122,2.0,4.0,7.0,1.0,,,,22.83812877790342,8.0,5.0,3.0,5.0,3.0,1.0,,,,,7.507085963840458,4.076449558561411,47.38562091503269,11.339846667356198,1513,16,4,0.7319450314661269,0.8329894787119757,8.622706883572002,8.153556053300496,28,28.9936303096501,2.0,1.1721739668606206,2.3443479337212416,ZINCf5000002dzWW_m01_t01,SER20;LEU26,0.0,-66.0741146217129
1305,native_first,ZINCf500000095lh,CC[C@@H](NC(=O)[C@H](C)S(N)(=O)=O)C1CC1,895,1101,1101,1,0,1,10.714285714285714,13.515260490838273,0.9684520484027702,13.088881707049355,3,234.32099999999994,-0.031799999999999384,2.0,3.0,5.0,1.0,,,,17.870643155424844,7.0,3.0,4.0,3.0,3.0,1.0,,,,,7.170292817133811,3.8747483352090812,47.967706013363035,9.845380401706569,930,16,2,0.3350478807867612,0.3912622535081554,8.317947102500712,8.111212081261831,28,28.9936303096501,2.0,1.1728524555708153,2.345704911141633,ZINCf500000095lh_m01_t02,SER20;LEU26,0.0,-98.64740176956367
1306,native_first,ZINCf5000000a4Qo,C[C@]1(C(=O)NC[C@@H](O)C(N)=O)CC1(Br)Br,938,1528,1528,0,0,1,14.285714285714286,17.205605691108325,0.7550881403838305,12.991748805476437,4,344.00299999999993,-0.15509999999999996,3.0,3.0,4.0,1.0,,,,20.03136048083449,7.0,3.0,4.0,3.0,2.0,1.0,,,,,5.47333894644244,2.9649691476574995,35.54162122864413,9.112844330040453,1422,16,10,1.013395554519402,1.1395679186011487,8.622706883572002,6.964354883161052,28,28.9936303096501,2.0,1.1734618318695758,2.346923663739151,ZINCf5000000a4Qo_m01_t02,SER20;LEU26,2.0,-9.607620606782172
1307,native_first,ZINCf50000017ZrY,C[S@@](=N)(=O)CCNS(=O)(=O)CCCC#N,399,383,383,1,1,1,14.285714285714286,17.205605691108325,0.8486486675620913,14.601514344357815,4,253.34899999999996,-0.11385000000000023,2.0,5.0,7.0,1.0,,,,24.512170865663283,10.0,5.0,5.0,5.0,3.0,1.0,,,,,11.545595225959403,6.788594439790577,38.57974423935337,14.787239135885372,337,16,0,0.920317321069893,0.8080772356169152,8.622706883572002,7.76009601693031,28,28.9936303096501,2.0,1.1738982586027038,2.3477965172054063,ZINCf50000017ZrY_m01_t01,SER20;LEU26,3.0,-95.7636066875259
1308,native_first,ZINCf5000001U9Co,CS(=O)(=O)N[C@H]1CCN(S(=O)(=O)CI)C1,214,1139,1139,1,0,1,14.285714285714286,17.205605691108325,0.8840138302574175,15.20999338889549,4,368.218,-0.6678000000000002,1.0,4.0,4.0,1.0,,,,16.813295846674055,7.0,4.0,3.0,4.0,3.0,1.0,,,,,4.423818239337188,2.364879169489125,34.19556840077071,7.521187641171405,1328,16,9,0.9797542211381323,0.6135937003504411,8.622706883572002,8.645302421905248,28,28.9936303096501,2.0,1.1788367053885915,2.357673410777183,ZINCf5000001U9Co_m01_t01,SER20;LEU26,1.0,-80.24901546081442
1309,native_first,ZINCf500000187i8,O=C(CCC(F)F)N[C@H](CCO)C(=O)O,1285,816,816,0,1,1,14.285714285714286,17.040662921434695,0.6774035042982541,11.543404778545188,4,225.191,-0.01650000000000018,3.0,3.0,7.0,1.0,,,,23.707739270531132,9.0,5.0,4.0,5.0,3.0,1.0,,,,,8.625822987067432,4.902567736923469,35.858758348512445,12.396302057933356,906,16,12,1.6486255705861426,1.19233006581865,8.317947102500712,6.6502848583225695,28,28.9936303096501,2.0,1.179527535084259,2.3590550701685196,ZINCf500000187i8_m01_t02,SER20;LEU26,1.0,-32.855790723249676
1310,native_first,ZINCf50000009K4b,C[C@@H](CNC(=O)CCN=[N+]=[N-])S(N)(=O)=O,279,223,223,1,1,1,14.285714285714286,17.205605691108325,0.8710312937790029,14.98662098537746,4,235.269,-0.5199999999999994,2.0,4.0,6.0,1.0,,,,26.237167495615253,8.0,4.0,4.0,4.0,3.0,1.0,,,,,11.009397875319866,6.135225591688419,53.562477622628,14.816340280393714,812,16,1,0.7082064895458994,0.792071406251182,8.622706883572002,7.715549947442095,28,28.9936303096501,2.0,1.182599307090964,2.3651986141819314,ZINCf50000009K4b_m02_t01,SER20;LEU26,3.0,-135.19034507693297
1311,native_first,ZINCf50000018dyC,O[C@@H]1CN(C2=NCC3(CC3)N2)CC[C@H]1F,775,1148,1148,1,0,1,10.714285714285714,13.515260490838273,0.9960892480050637,13.462405658911644,3,213.25599999999997,-0.1171000000000002,2.0,4.0,0.0,1.0,,,,16.68420269864711,7.0,4.0,3.0,4.0,3.0,1.0,,,,,3.736348424574023,1.994273781439562,29.54530991472572,6.9733119930922935,1295,16,12,0.1161852646242335,0.13736976270762202,8.317947102500712,8.294523272355779,28,28.9936303096501,2.0,1.1853120864011355,2.370624172802273,ZINCf50000018dyC_m01_t02,SER20;LEU26,0.0,-34.227308558170975
1312,native_first,ZINCf5000001U2Yt,CCC(CO)NS(=O)(=O)N(C)CC1CC1,1500,1386,1386,0,0,1,10.714285714285714,13.515260490838273,0.7583174535752966,10.248857919819292,3,236.33699999999996,-0.06650000000000023,2.0,3.0,7.0,1.0,,,,18.500586989654103,8.0,5.0,3.0,5.0,3.0,1.0,,,,,6.295375616496365,3.4320680754123574,37.9881450488145,9.3466784597858,126,16,13,0.8957315523780981,1.2763753042459869,8.317947102500712,7.003997375962172,28,28.9936303096501,2.0,1.1880033268085237,2.376006653617047,ZINCf5000001U2Yt_m01_t01,SER20;LEU26,2.0,-152.43650330098131
1313,native_first,ZINCf50000017LMA,COC[C@H](C)OC(=O)[C@@H]1CCS(=O)(=O)C1,1384,1468,1468,0,0,1,14.285714285714286,14.635981502647391,0.7249208264202993,10.609927806371362,4,236.28899999999996,-0.0007999999999994678,0.0,5.0,4.0,1.0,,,,16.60265024786633,7.0,4.0,3.0,4.0,3.0,1.0,,,,,5.920473449803314,3.167972243804504,45.1436895775394,8.591017649319067,451,16,7,1.7215766559990788,1.0686400605904847,8.622706883572002,8.672794359910494,28,28.9936303096501,2.0,1.1884147054927288,2.3768294109854615,ZINCf50000017LMA_m01_t01,SER20;LEU26,0.0,-4.258891699925163
1314,native_first,ZINCf50000009ifn,CN1C[C@H](NS(=O)(=O)C2(Cl)CC2)CC1=O,610,1138,1138,1,0,1,14.285714285714286,17.205605691108325,0.810973474841763,13.953289834075331,4,252.72299999999993,-0.13460000000000005,1.0,3.0,3.0,1.0,,,,16.813295846674055,7.0,4.0,3.0,4.0,3.0,1.0,,,,,4.424106136475035,2.3651265837249946,34.17825415218231,7.52140356402479,142,16,15,1.0198530598910778,0.9002686784166404,8.622706883572002,7.396724655309741,28,28.9936303096501,2.0,1.188814594462662,2.3776291889253276,ZINCf50000009ifn_m01_t02,SER20;LEU26,0.0,-9.09152340803876
1315,native_first,ZINCf5000002rseC,C[C@@H]1NCCN(C(=O)C2(Cl)CNC2)[C@@H]1C,1492,1448,1448,0,0,1,7.142857142857143,11.789866216020478,0.8783220416422793,10.355299365544441,2,231.72699999999998,-0.2239999999999993,2.0,3.0,1.0,1.0,,,,16.68420269864711,7.0,4.0,3.0,4.0,3.0,1.0,,,,,4.754315948143742,2.5470835680230826,35.63218390804598,7.736787635769583,995,16,2,0.5149480501960099,1.02989610039202,3.375021925854705,4.404918026246725,28,28.9936303096501,2.0,1.1895244767382618,2.3790489534765253,ZINCf5000002rseC_m02_t01,SER20;LEU26,1.0,135.24998119452314
1316,native_first,ZINCf50000017Af7,CC[C@@]1(O)CCN(C(=O)[C@@H](O)C(F)F)C1,1031,1458,1458,0,0,1,14.285714285714286,17.040662921434695,0.7452838698743219,12.700131207310719,4,223.219,-0.014199999999999713,2.0,3.0,3.0,1.0,,,,16.68420269864711,7.0,4.0,3.0,4.0,3.0,1.0,,,,,4.265248355933437,2.263919298204141,36.77279874213837,7.369986941611854,556,16,6,1.132267868351025,1.2036769222030825,8.317947102500712,6.97461030278164,28,28.9936303096501,2.0,1.1904949244727485,2.380989848945493,ZINCf50000017Af7_m01_t01,SER20;LEU26,1.0,64.03463936713749
1317,native_first,ZINCf50000009Wqb,C[C@H](CS(N)(=O)=O)NC(=O)[C@@]1(C)C[C@H]1Br,981,1410,1410,0,0,1,14.285714285714286,17.040662921434695,0.7536702589201738,12.843040836169092,4,299.18999999999994,-0.04689999999999972,2.0,3.0,4.0,1.0,,,,17.870643155424844,7.0,3.0,4.0,3.0,3.0,1.0,,,,,4.28169868651755,2.308798571608605,29.430262671106185,7.678934803744373,1180,16,4,1.2976278790709088,1.1686838797433092,8.317947102500712,7.712125280097267,28,28.9936303096501,2.0,1.192755593011173,2.385511186022347,ZINCf50000009Wqb_m01_t01,SER20;LEU26,3.0,-97.09340767823554
1318,native_first,ZINCf5000002qtn6,CC1(C)CN[C@@H](C(=O)N2CCNCC2)C1,1438,1453,1453,0,0,1,7.142857142857143,11.789866216020478,0.8963388599841232,10.567715243433124,2,211.30899999999994,-0.19369999999999887,2.0,3.0,1.0,1.0,,,,16.68420269864711,7.0,4.0,3.0,4.0,3.0,1.0,,,,,4.268415255705568,2.263919298204141,37.24933787362845,7.372362116440953,945,16,2,0.1145030610765913,0.22900612215318317,3.375021925854705,3.6040280480078883,28,28.9936303096501,2.0,1.193814376078235,2.387628752156468,ZINCf5000002qtn6_m01_t01,SER20;LEU26,1.0,72.4137375492572
1319,native_first,ZINCf5000002efSd,NC(=O)[C@@H](O)CNC(=O)CCC(F)(F)Br,934,1232,1232,0,0,1,14.285714285714286,17.205605691108325,0.7554559251754536,12.998076765580288,4,289.0759999999999,-0.28330000000000033,3.0,3.0,6.0,1.0,,,,21.88017655928622,8.0,4.0,4.0,4.0,3.0,1.0,,,,,8.706084411945783,4.834201556249158,43.73495681721648,11.999607448780894,51,16,9,0.957779636006013,1.2042790085293287,8.622706883572002,7.087902315561949,28,28.9936303096501,2.0,1.197207157630449,2.3944143152608923,ZINCf5000002efSd_m01_t05,SER20;LEU26,2.0,-13.904615721895324
1320,native_first,ZINCf5000001Atag,CCC(C)N(OC)C(=O)CS(=O)(=O)NC,1067,827,827,0,1,1,14.285714285714286,17.205605691108325,0.7305304919093233,12.569219589123216,4,238.309,-0.27589999999999937,1.0,4.0,6.0,1.0,,,,23.42766873676358,10.0,6.0,4.0,6.0,3.0,1.0,,,,,8.594633794476279,4.968355617934851,31.8172377985462,12.302892530048105,1029,16,10,1.0579283071491834,1.1620372939422223,8.622706883572002,6.6126835483305415,28,28.9936303096501,2.0,1.2014309330634532,2.4028618661269032,ZINCf5000001Atag_m01_t01,SER20;LEU26,0.0,-74.79803919222672
1321,native_first,ZINCf5000001up90,O=C(CCCO)N1CCC(F)(F)C(O)C1,201,1088,1088,1,0,1,10.714285714285714,15.48021141629053,0.9864333481843789,15.270196777973513,3,223.21899999999997,-0.012599999999999889,2.0,3.0,3.0,1.0,,,,18.500586989654103,8.0,5.0,3.0,5.0,3.0,1.0,,,,,8.20665902251933,4.5124525076845545,45.25797793021176,10.780141014303023,59,16,4,0.17757392588256382,0.23277452753477826,8.622706883572002,8.235436898766109,28,28.9936303096501,2.0,1.2035492750829937,2.4070985501659905,ZINCf5000001up90_m01_t02,SER20;LEU26,1.0,-7.231015500223657
1322,native_first,ZINCf5000002si0E,CSC[C@H](CO)NC(=O)[C@@H](N)C(C)(F)F,1037,1298,1298,0,0,1,14.285714285714286,17.040662921434695,0.7440928907606434,12.679836133688054,4,242.29099999999997,-0.19100000000000028,3.0,4.0,6.0,1.0,,,,20.69373610250848,8.0,5.0,3.0,5.0,3.0,1.0,,,,,5.958371877384339,3.269759650714178,33.52409929489037,9.642212933665375,1521,16,1,1.3217904892619523,1.2298586929572413,8.317947102500712,7.913042358139531,28,28.9936303096501,2.0,1.2038361592472102,2.4076723184944218,ZINCf5000002si0E_m02_t01,SER20;LEU26,3.0,83.48743613131793
1323,native_first,ZINCf50000008PUp,CC(Cl)=CC(=O)N1CC(NS(C)(=O)=O)C1,603,1125,1125,1,0,1,14.285714285714286,17.205605691108325,0.8117141155739767,13.966033006472573,4,252.72299999999998,-0.11100000000000021,1.0,3.0,3.0,1.0,,,,16.813295846674055,7.0,4.0,3.0,4.0,3.0,1.0,,,,,6.306254028512373,3.373540479829281,48.2602167384776,8.933014483052794,191,16,4,1.12703753960092,0.8948112926196478,8.622706883572002,7.758632322108192,28,28.9936303096501,2.0,1.2052651238212932,2.410530247642587,ZINCf50000008PUp_m01_t01,SER20;LEU26,2.0,-66.12640953696193
1324,native_first,ZINCf50000009qan,COC(=O)C[C@H](O)CNC(=O)CN=[N+]=[N-],506,63,63,1,1,1,14.285714285714286,19.005613846886952,0.7486769431785039,14.229064878118368,4,216.197,-0.6631000000000005,2.0,5.0,6.0,1.0,,,,29.9135462853119,10.0,6.0,4.0,6.0,3.0,1.0,,,,,12.464908691109938,7.236356585195184,44.92495410862756,16.82706808966043,655,16,13,1.250277884997664,1.1056872688806305,8.622706883572002,7.295069488496045,28,28.9936303096501,2.0,1.208782163076602,2.4175643261532045,ZINCf50000009qan_m02_t01,SER20;LEU26,1.0,-71.04044202524487
1325,native_first,ZINCf5000000as8n,O=C(NS(=O)(=O)CI)[C@@H]1C[C@]12CCNC2,1167,1356,1356,0,0,1,14.285714285714286,15.036168524741624,0.8082454040515943,12.152914104667659,4,344.17400000000015,-0.17549999999999993,2.0,4.0,3.0,1.0,,,,19.698205866669763,8.0,4.0,4.0,4.0,3.0,1.0,,,,,6.94366702727668,3.8257625441993564,37.52845759817872,10.132301737124951,606,16,9,1.0268724088578676,0.9934313315792798,7.155285109623515,7.973626652010368,28,28.9936303096501,2.0,1.2117822364212845,2.4235644728425676,ZINCf5000000as8n_m01_t02,SER20;LEU26,0.0,-18.443850191854754
1326,native_first,ZINCf500000286qW,C[C@H](Br)CC(=O)N[C@H]1COCCNC1=O,1044,884,884,0,1,1,14.285714285714286,17.040662921434695,0.7424210983111412,12.651347682081486,4,279.134,-0.2089000000000007,2.0,3.0,3.0,1.0,,,,22.695786574656285,9.0,4.0,5.0,4.0,3.0,1.0,,,,,7.770129117074368,4.426090397903281,31.783411598091828,11.501543481469847,1415,16,9,1.4910424883783662,1.1310966372340376,8.317947102500712,8.464038341656803,28,28.9936303096501,2.0,1.2128328274190197,2.42566565483804,ZINCf500000286qW_m01_t04,SER20;LEU26,1.0,-3.026834972021465
1327,native_first,ZINCf5000002rC1A,C[C@@H](NC(=O)[C@@H]1C[C@@H](F)C(=O)N1)C(F)F,1221,1408,1408,0,0,1,10.714285714285714,15.315268646616897,0.7753206932179929,11.874244703914805,3,224.18199999999996,-0.01720000000000005,2.0,2.0,3.0,1.0,,,,17.870643155424844,7.0,3.0,4.0,3.0,3.0,1.0,,,,,5.6797360650536435,3.081151632148502,36.2646447467876,8.727462837646444,170,16,8,0.9097374736235477,1.106202491741636,7.259444124724703,5.702376185193298,28,28.9936303096501,2.0,1.2206231488205403,2.441246297641081,ZINCf5000002rC1A_m01_t07,SER20;LEU26,0.0,16.13158469000545
1328,native_first,ZINCf50000017ANo,CC[C@H](NS(=O)(=O)[C@H]1CC1(C)C)C(N)=O,669,1063,1063,1,0,1,14.285714285714286,17.040662921434695,0.8074625041117579,13.759696354266042,4,234.32099999999997,-0.03179999999999927,2.0,3.0,5.0,1.0,,,,19.698205866669763,8.0,4.0,4.0,4.0,3.0,1.0,,,,,6.947943811120879,3.8257625441993564,37.77983304875736,10.135509325008101,631,16,11,0.7969922090491706,1.0450652321284428,8.317947102500712,7.030971837109116,28,28.9936303096501,2.0,1.2233050693109733,2.4466101386219474,ZINCf50000017ANo_m01_t02,SER20;LEU26,3.0,-50.27328141649459
1329,native_first,ZINCf5000002s63L,COCCCS(=O)(=O)NO[C@H](C)C(=O)O,12,206,206,1,1,1,14.285714285714286,19.005613846886952,0.8882887731830245,16.882473407641513,4,241.26500000000001,-0.6529999999999994,2.0,5.0,8.0,1.0,,,,26.580745014588192,10.0,5.0,5.0,5.0,3.0,1.0,,,,,11.891142781296429,7.155553052492753,35.16074074074074,15.56354333961937,311,16,10,0.8142963096439978,0.6981069676854547,8.622706883572002,8.931252468143123,28,28.9936303096501,2.0,1.2295799018645375,2.4591598037290723,ZINCf5000002s63L_m01_t01,SER20;LEU26,1.0,-59.835478975988245
1330,native_first,ZINCf5000000VlQK,COCCCS(=O)(=O)NO[C@@H](C)C(=O)O,78,207,207,1,1,1,17.857142857142858,20.731008121704747,0.7684773941669799,15.93131109982216,5,241.26500000000001,-0.6529999999999994,2.0,5.0,8.0,1.0,,,,26.580745014588192,10.0,5.0,5.0,5.0,3.0,1.0,,,,,11.891142781296429,7.155553052492753,35.16074074074074,15.56354333961937,858,16,13,1.0773843845155162,1.137938697248309,8.622706883572002,7.463362633420873,28,28.9936303096501,2.0,1.2295799018645375,2.4591598037290723,ZINCf5000000VlQK_m01_t01,SER20;LEU26,1.0,-59.835478975988245
1331,native_first,ZINCf5000002rPtV,CC[S@@](C)(=O)=NS(=O)(=O)N[C@@H](C)COC,923,1370,1370,0,0,1,14.285714285714286,17.205605691108325,0.7581366625311142,13.04420047548321,4,258.36499999999995,-0.026599999999999957,1.0,4.0,6.0,1.0,,,,18.629680137681053,8.0,5.0,3.0,5.0,3.0,1.0,,,,,7.594730088090264,4.134568208199819,46.56084656084653,10.353467600487962,282,16,9,1.1187809741857708,1.170681028580534,8.622706883572002,7.447889718733571,28,28.9936303096501,2.0,1.233311241591081,2.466622483182162,ZINCf5000002rPtV_m01_t01,SER20;LEU26,1.0,-221.21666882264566
1332,native_first,ZINCf50000008Alg,C#CCC(C)(C)NC(=O)C1CS(=O)(=O)C1,1160,1420,1420,0,0,1,10.714285714285714,15.315268646616897,0.7957830344991031,12.187630957773766,3,229.30099999999996,-0.050899999999999945,1.0,3.0,3.0,1.0,,,,16.813295846674055,7.0,4.0,3.0,4.0,3.0,1.0,,,,,6.338261568180384,3.401543496827276,46.38273045507585,8.957020137803802,1388,16,8,0.8307346988233058,1.034076307832278,7.259444124724703,5.724956193323626,28,28.9936303096501,2.0,1.23348386194101,2.4669677238820196,ZINCf50000008Alg_m01_t02,SER20;LEU26,0.0,-21.14984831954541
1333,native_first,ZINCf5000002e8DO,COC(OC)C(=O)N=[S@@](C)(=O)C[C@@H](C)O,1186,1262,1262,0,0,1,10.714285714285714,15.315268646616897,0.7868318295274441,12.050540848921877,3,239.29299999999998,-0.3894999999999999,1.0,5.0,5.0,1.0,,,,21.627260845667575,9.0,5.0,4.0,5.0,3.0,1.0,,,,,7.882443286430423,4.451830720439853,34.36220069313169,11.31864767623971,1411,16,3,1.1531584922088645,1.0921247678388333,7.259444124724703,6.927302661522079,28,28.9936303096501,2.0,1.2350033746938718,2.4700067493877427,ZINCf5000002e8DO_m01_t01,SER20;LEU26,2.0,-18.490831184723376
1334,native_first,ZINCf5000002ryf5,C[C@@H](CS(N)(=O)=O)OC(=O)[C@@H]1CCSC1,256,1117,1117,1,0,1,14.285714285714286,17.205605691108325,0.875387998292057,15.061580725341742,4,253.34499999999997,-0.0403,1.0,5.0,4.0,1.0,,,,16.813295846674055,7.0,4.0,3.0,4.0,3.0,1.0,,,,,7.116519545285562,3.8221781135024946,51.53223751274211,9.540713620632685,688,16,8,0.8268521680691509,0.754461825150415,8.622706883572002,8.115576031495982,28,28.9936303096501,2.0,1.236319528453968,2.472639056907937,ZINCf5000002ryf5_m01_t01,SER20;LEU26,0.0,-108.13206100949667
1335,native_first,ZINCf5000002sbOp,CO[C@H](C)CS(=O)(=O)NC[C@@H](O)CC#N,752,377,377,1,1,1,14.285714285714286,17.205605691108325,0.7850013600033633,13.506423867201642,4,236.293,-0.7847199999999994,2.0,5.0,7.0,1.0,,,,24.512170865663283,10.0,5.0,5.0,5.0,3.0,1.0,,,,,12.377358681130994,7.261003967457266,41.90524410077021,15.411061727264066,1218,16,0,1.1542472400721677,1.0536479860927044,8.622706883572002,7.8390816688729,28,28.9936303096501,2.0,1.2378214261068123,2.4756428522136265,ZINCf5000002sbOp_m01_t01,SER20;LEU26,2.0,-51.42138877886582
1336,native_first,ZINCf5000001Fh40,CCCNS(=O)(=O)NC(C(=O)O)C1CC1,722,1062,1062,1,0,1,14.285714285714286,17.205605691108325,0.7902663276285996,13.597010824137909,4,236.29299999999998,-0.3163999999999989,3.0,3.0,7.0,1.0,,,,19.698205866669763,8.0,4.0,4.0,4.0,3.0,1.0,,,,,7.030262834823923,3.8900305447884844,36.47372742200328,10.197248592785382,847,16,6,1.1253321785551187,1.0953351894339811,8.622706883572002,8.37804758837654,28,28.9936303096501,2.0,1.2394551590560934,2.478910318112188,ZINCf5000001Fh40_m02_t01,SER20;LEU26,0.0,-209.2060589829039
1337,native_first,ZINCf500000188ox,O=C(NC1CC2(CC[C@H]2O)C1)C1(O)CC1,1268,1291,1291,0,0,1,14.285714285714286,17.205605691108325,0.67669454571816,11.642939526950336,4,211.26099999999997,-0.06900000000000084,3.0,3.0,2.0,1.0,,,,20.69373610250848,8.0,5.0,3.0,5.0,3.0,1.0,,,,,7.9437892132614625,4.374944319226694,43.11333615381,11.131275935573218,1449,16,15,1.5220069878108333,1.3330743692288907,8.622706883572002,7.11636195731723,28,28.9936303096501,2.0,1.239573560256456,2.4791471205129127,ZINCf500000188ox_m01_t01,SER20;LEU26,3.0,32.8072304244235
1338,native_first,ZINCf500000297aU,O=C(N1CCNC[C@@H](O)C1)C1(Cl)CCC1,1029,1444,1444,0,0,1,14.285714285714286,17.040662921434695,0.7456389889763474,12.706182672225296,4,232.71099999999996,-0.05940000000000034,2.0,3.0,1.0,1.0,,,,16.68420269864711,7.0,4.0,3.0,4.0,3.0,1.0,,,,,5.046149133983255,2.6841607750945067,42.041698449021105,7.955662525149218,149,16,14,1.3251836518529652,1.136977924546577,8.317947102500712,7.301202479271716,28,28.9936303096501,2.0,1.2411873741677244,2.482374748335449,ZINCf500000297aU_m02_t01,SER20;LEU26,1.0,96.6446030945057
1339,native_first,ZINCf5000002rVew,CN(CCCN=[N+]=[N-])C(=O)[C@@H](N)CCO,1281,693,693,0,1,1,10.714285714285714,15.315268646616897,0.7546325108088525,11.557399632508606,3,215.257,-0.14510000000000012,2.0,4.0,7.0,1.0,,,,26.915965577325384,9.0,6.0,3.0,6.0,3.0,1.0,,,,,12.723755393436686,7.227070437336029,53.14161350345561,16.271807939408863,214,16,3,0.7712514671389482,1.253464663854176,7.259444124724703,5.503056329521736,28,28.9936303096501,2.0,1.2489296859074632,2.497859371814929,ZINCf5000002rVew_m02_t01,SER20;LEU26,0.0,25.707306677577268
1340,native_first,ZINCf5000002rcZ0,C=C(Cl)[C@H](O)CN[C@@H](C(=O)O)C1COC1,994,817,817,0,1,1,14.285714285714286,19.005613846886952,0.6736456053870963,12.803048245639541,4,235.66699999999997,-0.21100000000000008,3.0,4.0,6.0,1.0,,,,23.707739270531132,9.0,5.0,4.0,5.0,3.0,1.0,,,,,7.566971444147137,4.314684816785365,30.731506439053607,11.602163400743137,1081,16,1,1.4855631210052536,1.5286598089085368,8.622706883572002,7.884032285121447,28,28.9936303096501,2.0,1.255049668802183,2.510099337604368,ZINCf5000002rcZ0_m01_t02,SER20;LEU26,2.0,59.364228941776744
1341,native_first,ZINCf50000008IcN,C=C[C@H](N)C(=O)NS(=O)(=O)CCCC#N,1404,789,789,0,1,1,7.142857142857143,11.789866216020478,0.8973096689046784,10.57916095072779,2,231.27699999999993,-0.7505199999999994,2.0,5.0,6.0,1.0,,,,24.512170865663283,10.0,5.0,5.0,5.0,3.0,1.0,,,,,12.451637679367138,7.3396897096975,41.024125598593685,15.466770975941174,1154,16,11,0.009977747334358264,0.019955494668718377,3.375021925854705,3.355066431185987,28,28.9936303096501,2.0,1.2571661524813649,2.5143323049627284,ZINCf50000008IcN_m02_t02,SER20;LEU26,3.0,-77.73130512106547
1342,native_first,ZINCf500000250Zo,NC(=O)CNC(=S)N1CC[C@@H](C(F)F)C1,1017,1352,1352,0,0,1,10.714285714285714,13.515260490838273,0.9425085281548966,12.738248272850006,3,237.27499999999995,-0.06680000000000019,2.0,2.0,3.0,1.0,,,,19.698205866669763,8.0,4.0,4.0,4.0,3.0,1.0,,,,,8.146150972188245,4.509092111096032,42.12195473547643,11.034164695808624,568,16,8,0.4505443665337757,0.5468872946757869,8.317947102500712,8.08712034775849,28,28.9936303096501,2.0,1.2581082041419953,2.5162164082839915,ZINCf500000250Zo_m01_t06,SER20;LEU26,1.0,-67.34469110508104
1343,native_first,ZINCf5000001uq27,CN(C)CC(=O)N=S(C)(=O)CCCCN,1219,826,826,0,1,1,10.714285714285714,13.515260490838273,0.8790594821485379,11.880717888178886,3,235.35299999999992,-0.08869999999999856,1.0,4.0,6.0,1.0,,,,23.42766873676358,10.0,6.0,4.0,6.0,3.0,1.0,,,,,12.188313818360315,7.174525771578735,40.470146190521284,14.99815254796113,1519,16,2,0.6450744198211017,0.6233339612252519,8.317947102500712,6.8370990265018365,28,28.9936303096501,2.0,1.2605542779280574,2.5211085558561113,ZINCf5000001uq27_m02_t01,SER20;LEU26,0.0,27.214813440822393
1344,native_first,ZINCf5000002rCUc,C[C@H](N=[N+]=[N-])C(=O)NC(CCN)CCN,1420,640,640,0,1,1,7.142857142857143,11.789866216020478,0.8972002812966866,10.577871285463875,2,214.27299999999994,-0.13239999999999885,3.0,4.0,7.0,1.0,,,,30.73606832627538,10.0,7.0,3.0,7.0,3.0,1.0,,,,,9.812126091407556,5.5875961848725595,40.222694365753874,15.043111650124514,966,16,10,0.03953255552498121,0.07906511104996028,3.375021925854705,3.295956814804745,28,28.9936303096501,2.0,1.2647888181649773,2.5295776363299556,ZINCf5000002rCUc_m01_t01,SER20;LEU26,1.0,-16.374884760914554
1345,native_first,ZINCf5000002dLwZ,C[C@H](CF)C(=O)N[C@@H]1CNC(=O)C12CC2,31,1111,1111,1,0,1,17.857142857142858,20.731008121704747,0.7919685713063628,16.418306883887112,5,214.23999999999995,-0.013200000000000545,2.0,2.0,3.0,1.0,,,,17.870643155424844,7.0,3.0,4.0,3.0,3.0,1.0,,,,,5.033221664848033,2.706788681229443,35.81875470278405,8.242577037492236,1509,16,10,1.1080691538795626,1.1025081746741114,8.622706883572002,8.589837375879267,28,28.9936303096501,2.0,1.2664238707896964,2.5328477415793937,ZINCf5000002dLwZ_m01_t02,SER20;LEU26,3.0,-30.070824097794446
1346,native_first,ZINCf50000017Djw,CN(CCNS(C)(=O)=O)C(=O)CC(F)F,947,1417,1417,0,0,1,14.285714285714286,17.205605691108325,0.753443849639183,12.963457787282492,4,244.26299999999995,-0.35080000000000044,1.0,3.0,6.0,1.0,,,,16.813295846674055,7.0,4.0,3.0,4.0,3.0,1.0,,,,,6.509921362729399,3.511371331586994,44.57449646525278,9.085764983715563,89,16,15,1.0133170751038427,1.213752933654903,8.622706883572002,7.212471863238063,28,28.9936303096501,2.0,1.2664358226166668,2.5328716452333335,ZINCf50000017Djw_m01_t01,SER20;LEU26,3.0,-80.19995434673815
1347,native_first,ZINCf5000002rFlk,C=C(I)CC(=O)N(CCN)C[C@@H](O)CO,944,1296,1296,0,0,1,10.714285714285714,15.315268646616897,0.8472439299285429,12.975768396071096,3,328.15000000000003,-0.5343000000000002,3.0,4.0,7.0,1.0,,,,20.69373610250848,8.0,5.0,3.0,5.0,3.0,1.0,,,,,6.280482548028433,3.447945617869689,35.187612251832434,9.883795936648445,1381,16,1,0.8600661933444871,0.7593092917316464,7.259444124724703,5.965717109116105,28,28.9936303096501,2.0,1.2678247880771258,2.5356495761542543,ZINCf5000002rFlk_m01_t01,SER20;LEU26,2.0,37.774122740961786
1348,native_first,ZINCf50000026AHj,CC(I)=CC(=O)N[C@@H]1COCCNC1=O,909,580,580,1,1,1,14.285714285714286,17.040662921434695,0.7668021467560989,13.06681691030318,4,324.1180000000001,-0.04360000000000003,2.0,3.0,2.0,1.0,,,,22.695786574656285,9.0,4.0,5.0,4.0,3.0,1.0,,,,,7.770129117074368,4.426090397903281,31.783411598091828,11.501543481469847,270,16,5,1.211169416760054,1.1785735527670311,8.317947102500712,8.085620134183177,28,28.9936303096501,2.0,1.2682419108210738,2.5364838216421486,ZINCf50000026AHj_m01_t06,SER20;LEU26,0.0,36.26163995735657
1349,native_first,ZINCf50000017rvC,CC(C)(C)NC(=O)N1CCC1(CO)CO,856,978,978,1,0,1,14.285714285714286,17.205605691108325,0.7674434221433292,13.204328911632913,4,216.28099999999995,-0.07639999999999969,3.0,3.0,2.0,1.0,,,,20.69373610250848,8.0,5.0,3.0,5.0,3.0,1.0,,,,,4.406769884739973,2.4145152583299274,25.198212483782605,8.4785114391821,1251,16,3,1.3661433751937135,0.9124232978731386,8.622706883572002,7.350802614695722,28,28.9936303096501,2.0,1.2706259664338548,2.541251932867711,ZINCf50000017rvC_m01_t02,SER20;LEU26,0.0,-28.103794639127557
1350,native_first,ZINCf50000009nBs,CNS(=O)(=O)CCN(C)C(=O)C1(Br)CC1,974,1378,1378,0,0,1,14.285714285714286,17.040662921434695,0.7544143910389799,12.855721340774679,4,299.19000000000005,-0.07850000000000001,1.0,3.0,5.0,1.0,,,,18.629680137681053,8.0,5.0,3.0,5.0,3.0,1.0,,,,,5.910672698595665,3.2024700172808553,38.296587133796436,9.090424558367012,1235,16,13,1.184134478524555,1.109456663075312,8.317947102500712,6.9633243138083705,28,28.9936303096501,2.0,1.2724576576597424,2.5449153153194857,ZINCf50000009nBs_m01_t01,SER20;LEU26,3.0,-67.2262457618609
1351,native_first,ZINCf50000009uLA,COCCN(CCC1(O)CC1)CC(=O)O,263,390,390,1,1,1,17.857142857142858,20.731008121704747,0.7256896763493064,15.04427857423476,5,217.26499999999996,-0.06560000000000038,2.0,4.0,8.0,1.0,,,,24.512170865663283,10.0,5.0,5.0,5.0,3.0,1.0,,,,,9.234594590208067,5.3584730163158225,33.38164251207729,13.053988659071871,1223,16,0,1.4528351233469967,1.2405612845652132,8.622706883572002,8.099309214001726,28,28.9936303096501,2.0,1.2764877059395867,2.552975411879176,ZINCf50000009uLA_m02_t02,SER20;LEU26,1.0,52.50865184878742
1352,native_first,ZINCf50000017oVc,C=CCN(C)S(=O)(=O)NC1(CCO)CC1,1235,1392,1392,0,0,1,10.714285714285714,15.48021141629053,0.7625528385756417,11.804479157243398,3,234.32099999999994,-0.1464000000000003,2.0,3.0,7.0,1.0,,,,18.500586989654103,8.0,5.0,3.0,5.0,3.0,1.0,,,,,5.523517442141154,2.9940642236518085,35.594864905209725,8.76778482901939,724,16,15,0.7588985163872627,1.2405177441804311,8.622706883572002,6.97011645686508,28,28.9936303096501,2.0,1.2770613139405893,2.5541226278811777,ZINCf50000017oVc_m01_t01,SER20;LEU26,2.0,-149.59355459595503
1353,native_first,ZINCf5000002rFi2,C[C@@H](ONS(=O)(=O)CCCC#N)C(=O)O,915,213,213,1,1,1,14.285714285714286,17.205605691108325,0.758729666427236,13.054403466693174,4,236.24899999999994,-0.38572000000000034,2.0,5.0,7.0,1.0,,,,26.580745014588192,10.0,5.0,5.0,5.0,3.0,1.0,,,,,10.845335300382738,6.462563314231619,33.699854930870124,14.779187728934101,464,16,2,1.127364362198171,1.024489818742482,8.622706883572002,6.903314780740475,28,28.9936303096501,2.0,1.2772551965005288,2.554510393001058,ZINCf5000002rFi2_m01_t02,SER20;LEU26,0.0,-6.995224459762891
1354,native_first,ZINCf5000000a16n,C[C@H](ONS(=O)(=O)CCCC#N)C(=O)O,1112,719,719,0,1,1,14.285714285714286,17.205605691108325,0.7197335013795955,12.38345082741809,4,236.24899999999994,-0.38572000000000034,2.0,5.0,7.0,1.0,,,,26.580745014588192,10.0,5.0,5.0,5.0,3.0,1.0,,,,,10.845335300382738,6.462563314231619,33.699854930870124,14.779187728934101,217,16,12,1.4434509530941158,1.1282550201605626,8.622706883572002,7.201034306438065,28,28.9936303096501,2.0,1.2772551965005288,2.554510393001058,ZINCf5000000a16n_m01_t02,SER20;LEU26,0.0,-6.995224459762891
1355,native_first,ZINCf5000000a2V9,C[C@H]1CN[C@H](C)CN1C(=O)[C@H]1CCNC1,1365,1440,1440,0,0,1,10.714285714285714,13.515260490838273,0.8029792400345075,10.85247359780172,3,211.30899999999997,-0.19529999999999886,2.0,3.0,1.0,1.0,,,,16.68420269864711,7.0,4.0,3.0,4.0,3.0,1.0,,,,,5.853297095207006,3.132405268982868,44.554798839702364,8.561023496067033,248,16,3,1.1392288518362785,0.9722766485665414,8.317947102500712,7.662251413401865,28,28.9936303096501,2.0,1.2812114753541408,2.562422950708285,ZINCf5000000a2V9_m01_t01,SER20;LEU26,2.0,53.59741073096486
1356,native_first,ZINCf5000001C6KR,CN(C(=O)C(F)C1CC1)[C@@H]1COC[C@H]1O,789,1077,1077,1,0,1,14.285714285714286,17.205605691108325,0.7803853314448802,13.427002299965487,4,217.23999999999998,-0.047400000000000275,1.0,3.0,3.0,1.0,,,,18.629680137681053,8.0,5.0,3.0,5.0,3.0,1.0,,,,,6.725245488651704,3.688408162468046,38.070228091236494,9.701354150909042,1332,16,0,1.3549172037451054,0.8443035908962754,8.622706883572002,7.388332777253007,28,28.9936303096501,2.0,1.2812511053815598,2.5625022107631192,ZINCf5000001C6KR_m01_t02,SER20;LEU26,3.0,76.22038100521137
1357,native_first,ZINCf50000025zbP,CC(C)(Br)C(=O)N[C@@H](CO)CS(C)(=O)=O,1325,1409,1409,0,0,1,14.285714285714286,17.205605691108325,0.6534211987654681,11.242507496169962,4,302.19000000000005,-0.3184,2.0,4.0,5.0,1.0,,,,17.870643155424844,7.0,3.0,4.0,3.0,3.0,1.0,,,,,5.503219491268048,2.9748166500004594,36.67240719479524,8.595075407307249,1520,16,9,1.7486439192364838,1.4345133167190462,8.622706883572002,7.634335676485493,28,28.9936303096501,2.0,1.283506360667352,2.5670127213347023,ZINCf50000025zbP_m01_t02,SER20;LEU26,1.0,27.410575850844417
1358,native_first,ZINCf5000001vqaL,CC1CN(C(=O)C2C=CCCN2)CCN1,1406,1396,1396,0,0,1,7.142857142857143,11.789866216020478,0.8972969660562533,10.579011185844294,2,209.29299999999995,-0.2751999999999987,2.0,3.0,1.0,1.0,,,,18.500586989654103,8.0,5.0,3.0,5.0,3.0,1.0,,,,,5.2662042700352245,2.8464691997926854,35.12746512746512,8.574799949939942,99,16,9,0.01641473742336201,0.03282947484672505,3.375021925854705,3.34219245100798,28,28.9936303096501,2.0,1.2852213585556203,2.5704427171112396,ZINCf5000001vqaL_m02_t01,SER20;LEU26,3.0,172.49239228201327
1359,native_first,ZINCf50000008Qcv,CC1(C(=O)N[C@@]2(C)CCNC2)CC(N)C1,1428,1289,1289,0,0,1,7.142857142857143,11.789866216020478,0.8968288569955013,10.573492242643521,2,211.30899999999997,-0.017999999999998573,3.0,3.0,2.0,1.0,,,,20.69373610250848,8.0,5.0,3.0,5.0,3.0,1.0,,,,,8.359618441574407,4.624121309462005,43.500830564784046,11.443147856807926,404,16,10,0.08084960878805439,0.16169921757610828,3.375021925854705,3.213322708278597,28,28.9936303096501,2.0,1.2860596176108319,2.5721192352216633,ZINCf50000008Qcv_m02_t01,SER20;LEU26,0.0,50.175274032187616
1360,native_first,ZINCf500000095w6,CC[C@@H](NS(=O)(=O)CCCC#N)C(N)=O,1216,790,790,0,1,1,10.714285714285714,15.315268646616897,0.7773284839592689,11.904994558503637,3,233.29299999999995,-0.5265199999999994,2.0,4.0,7.0,1.0,,,,24.512170865663283,10.0,5.0,5.0,5.0,3.0,1.0,,,,,12.450534232385229,7.3396897096975,41.00018185124567,15.465943390704743,727,16,2,1.0662282775281458,1.1164268630826333,7.259444124724703,6.225098162674787,28,28.9936303096501,2.0,1.288740750237621,2.5774815004752423,ZINCf500000095w6_m01_t03,SER20;LEU26,3.0,-81.17659598047908
1361,native_first,ZINCf5000000ZrqI,CC[C@@H](C#N)Sc1nc(O)n(C)c(=O)n1,1113,841,841,0,1,1,14.285714285714286,15.771438975402623,0.7851264417133442,12.382573763457012,4,226.261,0.2751799999999999,1.0,7.0,3.0,1.0,,,,23.00393025917909,8.0,4.0,4.0,4.0,3.0,1.0,,,,,9.521408787136764,5.237032453603545,52.34200019476092,12.892039155147344,472,16,2,0.9614109298143553,0.9991157059979142,9.384125904952475,7.771167121516665,28,28.9936303096501,2.0,1.294100772102486,2.5882015442049724,ZINCf5000000ZrqI_m01_t01,SER20;LEU26,1.0,-202.8966983153932
1362,native_first,ZINCf5000001pvyn,C=CC(NS(=O)(=O)CCCC#N)C(=O)O,1109,791,791,0,1,1,14.285714285714286,17.040662921434695,0.7275794282579843,12.398435785514488,4,232.26099999999994,-0.15121999999999997,2.0,4.0,7.0,1.0,,,,24.512170865663283,10.0,5.0,5.0,5.0,3.0,1.0,,,,,12.442978255658426,7.3396897096975,40.8368592102036,15.46027640815964,643,16,1,0.9434269062182681,1.3435582859357533,8.317947102500712,6.628603602706322,28,28.9936303096501,2.0,1.2954327269444708,2.5908654538889433,ZINCf5000001pvyn_m01_t01,SER20;LEU26,3.0,-67.43560576786268
1363,native_first,ZINCf5000000atXq,O=C([C@@H](O)C1CC1)N1CCOC[C@@H]1CF,1170,1430,1430,0,0,1,10.714285714285714,15.315268646616897,0.7928987567338324,12.143457468947181,3,217.23999999999998,-0.04580000000000006,1.0,3.0,3.0,1.0,,,,16.813295846674055,7.0,4.0,3.0,4.0,3.0,1.0,,,,,3.961591351722999,2.1065184970842163,33.188745603751464,7.174517475460764,683,16,13,0.99309784008208,0.9784127801745789,7.259444124724703,5.82302096212545,28,28.9936303096501,2.0,1.3024250547769882,2.604850109553979,ZINCf5000000atXq_m01_t04,SER20;LEU26,1.0,66.9885862975596
1364,native_first,ZINCf5000002rdBD,C=CCN(CC1CC1)C(=O)[C@@H](CN)CO,1123,1485,1485,0,0,1,10.714285714285714,13.515260490838273,0.9124602345491812,12.332137757463572,3,212.29299999999998,-0.021799999999999875,2.0,3.0,7.0,1.0,,,,14.85663998740219,6.0,3.0,3.0,3.0,3.0,1.0,,,,,4.9316670228942465,2.5877676594030383,52.33156028368795,7.412910264021233,923,16,3,0.5590761935509552,0.6257835137487834,8.317947102500712,7.518817360419004,28,28.9936303096501,2.0,1.3030809724276133,2.606161944855229,ZINCf5000002rdBD_m01_t02,SER20;LEU26,1.0,-34.36285302941393
1365,native_first,ZINCf5000002mwA0,CC[C@@H](NS(=O)(=O)[C@@]1(C)C[C@@H]1C)C(N)=O,1078,1357,1357,0,0,1,14.285714285714286,17.205605691108325,0.7276109726624723,12.518987492154297,4,234.32099999999997,-0.03179999999999927,2.0,3.0,5.0,1.0,,,,19.698205866669763,8.0,4.0,4.0,4.0,3.0,1.0,,,,,6.941018084936075,3.8257625441993564,37.374279040945716,10.130315030369497,1080,16,7,1.0754115375603768,1.212305943805022,8.622706883572002,6.7546629048664215,28,28.9936303096501,2.0,1.305164765656044,2.610329531312088,ZINCf5000002mwA0_m01_t01,SER20;LEU26,3.0,-41.15099944822619
1366,native_first,ZINCf5000002dmq0,CCC1(C(=O)N2CC(O)(CF)C2)COC1,128,1154,1154,1,0,1,17.857142857142858,20.731008121704747,0.7540966486132306,15.633183746951213,5,217.23999999999992,-0.04420000000000002,1.0,3.0,3.0,1.0,,,,14.985733135429138,6.0,3.0,3.0,3.0,3.0,1.0,,,,,5.042763277499424,2.6480136788840496,52.72483221476511,7.528505741981853,733,16,9,1.3478630378247847,1.1071345717612355,8.622706883572002,7.842063599879946,28,28.9936303096501,2.0,1.3105420842753632,2.621084168550727,ZINCf5000002dmq0_m01_t01,SER20;LEU26,3.0,21.11009804063463
1367,native_first,ZINCf50000025AQY,CC[S@](=N)(=O)NC(=O)CNCCN=[N+]=[N-],1346,645,645,0,1,1,14.285714285714286,15.036168524741624,0.7357834919225388,11.063364582270161,4,234.28499999999997,-0.01583000000000001,3.0,5.0,7.0,1.0,,,,29.9135462853119,10.0,6.0,4.0,6.0,3.0,1.0,,,,,14.100088033057004,8.278334646081367,47.515321076472155,18.053452596120728,253,16,8,1.1024925570979176,1.3173111919464877,7.155285109623515,5.9753567444901545,28,28.9936303096501,2.0,1.3118009073519652,2.62360181470393,ZINCf50000025AQY_m02_t02,SER20;LEU26,3.0,-132.87109261579553
1368,native_first,ZINCf50000018crf,O=S(=O)(CCCCl)N[C@H](CO)CCCO,660,974,974,1,0,1,14.285714285714286,19.005613846886952,0.725459988233027,13.787812397724064,4,259.75499999999994,-0.33190000000000025,3.0,4.0,9.0,1.0,,,,20.69373610250848,8.0,5.0,3.0,5.0,3.0,1.0,,,,,6.727393882952154,3.700241769732356,36.98316205914991,10.218979437841236,859,16,2,1.216269760193319,1.2783081002306258,8.622706883572002,7.310517570484043,28,28.9936303096501,2.0,1.3121084310564142,2.624216862112828,ZINCf50000018crf_m01_t01,SER20;LEU26,0.0,-63.56107558397935
1369,native_first,ZINCf5000001TIgW,C=CCN(C)S(=O)(=O)NC(C)C(C)CO,1134,1391,1391,0,0,1,10.714285714285714,15.48021141629053,0.7944412241376096,12.298118107466848,3,236.337,-0.04449999999999993,2.0,3.0,7.0,1.0,,,,18.500586989654103,8.0,5.0,3.0,5.0,3.0,1.0,,,,,5.525371634862427,2.9940642236518085,35.749484587921756,8.769175473560347,474,16,7,0.7640319327236841,1.131511192227576,8.622706883572002,7.300687038507342,28,28.9936303096501,2.0,1.3126173308989917,2.625234661797986,ZINCf5000001TIgW_m01_t01,SER20;LEU26,1.0,-180.06540713938128
1370,native_first,ZINCf50000009k1b,CNC(=O)C[C@H](C)NS(=O)(=O)CCCF,428,962,962,1,0,1,17.857142857142858,20.731008121704747,0.6985904220896748,14.482483714086195,5,240.29999999999993,-0.20999999999999996,2.0,3.0,7.0,1.0,,,,21.514590157676757,9.0,5.0,4.0,5.0,3.0,1.0,,,,,7.586085665067133,4.244526191263322,35.65949737897009,11.06821178821954,723,16,13,1.6122645017869566,1.2270104315985069,8.622706883572002,7.602005015999864,28,28.9936303096501,2.0,1.3138327787052773,2.627665557410557,ZINCf50000009k1b_m01_t03,SER20;LEU26,2.0,-149.27292865374577
1371,native_first,ZINCf5000002dqIj,CC(C)(CCN)NS(=O)(=O)C1CC(N)C1,1481,1290,1290,0,0,1,7.142857142857143,11.789866216020478,0.8842361342357398,10.425025726010496,2,235.35299999999998,-0.47709999999999786,3.0,4.0,5.0,1.0,,,,20.69373610250848,8.0,5.0,3.0,5.0,3.0,1.0,,,,,7.952652597938596,4.398432852431287,41.43409781707654,11.137923474081067,1470,16,12,0.42445443187028953,0.8489088637405775,3.375021925854705,4.223930789595283,28,28.9936303096501,2.0,1.3147869842970228,2.6295739685940465,ZINCf5000002dqIj_m02_t01,SER20;LEU26,1.0,-25.039791214326087
1372,native_first,ZINCf500000267uy,CN(CC(=O)NC1CC(Br)C1)S(C)(=O)=O,1319,1371,1371,0,0,1,10.714285714285714,15.315268646616897,0.7384698189008535,11.3098636638851,3,299.19000000000005,-0.08009999999999984,1.0,3.0,4.0,1.0,,,,18.629680137681053,8.0,5.0,3.0,5.0,3.0,1.0,,,,,7.3004808212827985,3.99394090075878,42.417293233082695,10.132780650382362,1038,16,1,1.04664953722579,1.2343335297029803,7.259444124724703,5.648146635829876,28,28.9936303096501,2.0,1.3173420654895027,2.6346841309790054,ZINCf500000267uy_m01_t01,SER20;LEU26,0.0,-32.25252719701084
1373,native_first,ZINCf50000008ZwW,CCNCC(=O)N1CC[C@H](C)[S@@](=O)CC1,393,914,914,1,0,1,14.285714285714286,17.205605691108325,0.8501697924890228,14.627686220057514,4,232.34899999999996,-0.034599999999999076,1.0,3.0,3.0,1.0,,,,21.769603048914714,8.0,6.0,2.0,6.0,3.0,1.0,,,,,5.914555080909071,3.208015401939944,37.836295808646035,9.878317072910482,1430,16,13,0.978746553081063,0.7076722155514655,8.622706883572002,7.535307265299708,28,28.9936303096501,2.0,1.3308604501320473,2.6617209002640916,ZINCf50000008ZwW_m01_t02,SER20;LEU26,1.0,44.9931655563964
1374,native_first,ZINCf5000002e6l7,CO[C@@H]1CC[C@H]1C(=O)N1CC(F)(CO)C1,220,1114,1114,1,0,1,17.857142857142858,20.731008121704747,0.7328540196421388,15.19280263322515,5,217.23999999999995,-0.04580000000000001,1.0,3.0,3.0,1.0,,,,16.813295846674055,7.0,4.0,3.0,4.0,3.0,1.0,,,,,8.487750556927544,4.595499357316339,55.46470588235293,10.569136879364171,1478,16,0,1.360477012523919,1.2467446789604826,8.622706883572002,7.962162622546903,28,28.9936303096501,2.0,1.3338068937190184,2.667613787438036,ZINCf5000002e6l7_m01_t01,SER20;LEU26,0.0,0.8073562736072102
1375,native_first,ZINCf5000002eoMU,O=S(=O)(N1CC(Cl)C1)N1CCC[C@H]1CO,1451,1490,1490,0,0,1,7.142857142857143,11.789866216020478,0.893863177461415,10.538527277697053,2,254.73899999999995,-0.3891000000000004,1.0,3.0,3.0,1.0,,,,13.799292678651401,6.0,4.0,2.0,4.0,3.0,1.0,,,,,4.856978958679183,2.550102781630192,50.9228650137741,7.092557388672239,341,16,9,0.21574997460521797,0.4314999492104361,3.375021925854705,2.943521976644269,28,28.9936303096501,2.0,1.3348336066406847,2.66966721328137,ZINCf5000002eoMU_m01_t01,SER20;LEU26,1.0,-116.54376034858099
1376,native_first,ZINCf500000099Hh,CC[S@](=O)CC(=O)N(C)C[C@H](O)C1CC1,925,822,822,0,1,1,14.285714285714286,17.205605691108325,0.7576663961182369,13.036109257013472,4,233.33299999999997,-0.01570000000000027,1.0,3.0,6.0,1.0,,,,23.570010940010718,9.0,7.0,2.0,7.0,3.0,1.0,,,,,7.613212449601181,4.248705455397967,36.58262108262109,11.602412072203567,437,16,6,1.1674464853654827,1.19817032860162,8.622706883572002,7.756642728624436,28,28.9936303096501,2.0,1.3378662995656514,2.6757325991313063,ZINCf500000099Hh_m01_t02,SER20;LEU26,0.0,39.43294471655982
1377,native_first,ZINCf5000001JcTd,CC(C)(C)CNC(CS(=O)(=O)O)C(=O)O,507,905,905,1,0,1,14.285714285714286,17.040662921434695,0.8347621437847085,14.224900311809419,4,239.29299999999998,-0.036899999999998934,3.0,4.0,5.0,1.0,,,,21.88017655928622,8.0,4.0,4.0,4.0,3.0,1.0,,,,,6.687752311320294,3.7274747058544366,32.49285948400992,10.485858373311777,1074,16,9,0.9316970176940883,0.9411331038315699,8.317947102500712,7.851753770521353,28,28.9936303096501,2.0,1.344763599225827,2.689527198451655,ZINCf5000001JcTd_m01_t02,SER20;LEU26,0.0,-45.560926583175345
1378,native_first,ZINCf5000001rFjc,CCC(CS(C)(=O)=O)NS(=O)(=O)C1CC1,883,1145,1145,1,0,1,14.285714285714286,17.205605691108325,0.762146433410909,13.11319101215265,4,255.361,-0.10859999999999959,1.0,4.0,6.0,1.0,,,,16.813295846674055,7.0,4.0,3.0,4.0,3.0,1.0,,,,,3.837191720197391,2.0506181051805483,29.800337093219238,7.081217751816557,182,16,9,0.9251430230510505,1.2197651354994123,8.622706883572002,7.2367502976632325,28,28.9936303096501,2.0,1.3448443736557454,2.689688747311491,ZINCf5000001rFjc_m01_t01,SER20;LEU26,0.0,-51.316748211296606
1379,native_first,ZINCf50000029mTS,O=S(=O)(CI)NC[C@]1(CO)CC[C@H]1CO,395,977,977,1,0,1,14.285714285714286,19.005613846886952,0.7691251499233253,14.617695599371753,4,349.19000000000017,-0.32070000000000015,3.0,4.0,6.0,1.0,,,,20.69373610250848,8.0,5.0,3.0,5.0,3.0,1.0,,,,,5.632105129855809,3.0892634561745123,31.84180630502698,9.397512873018977,1131,16,15,1.0707929424862144,1.1142601731962243,8.622706883572002,7.352724268908835,28,28.9936303096501,2.0,1.3469583600838229,2.6939167201676444,ZINCf50000029mTS_m01_t01,SER20;LEU26,0.0,-21.107572163006175
1380,native_first,ZINCf5000002diUI,C[C@]1(CO)CCN1S(=O)(=O)N1CC(Cl)C1,1435,1491,1491,0,0,1,7.142857142857143,11.789866216020478,0.8964390058141791,10.568895949371575,2,254.739,-0.38909999999999934,1.0,3.0,3.0,1.0,,,,13.799292678651401,6.0,4.0,2.0,4.0,3.0,1.0,,,,,4.023608711700573,2.101610873505962,47.07932141219623,6.467529703438279,291,16,15,0.1084717714755871,0.21694354295117435,3.375021925854705,3.5919654688058795,28,28.9936303096501,2.0,1.349574789967642,2.699149579935284,ZINCf5000002diUI_m01_t01,SER20;LEU26,3.0,-106.46035062966754
1381,native_first,ZINCf5000002rqZi,C[C@H]1CN(C(=O)[C@H]2CCCCN2)CCN1,1399,1395,1395,0,0,1,7.142857142857143,11.789866216020478,0.8973159052953519,10.579234476939499,2,211.30899999999997,-0.05119999999999897,2.0,3.0,1.0,1.0,,,,18.500586989654103,8.0,5.0,3.0,5.0,3.0,1.0,,,,,5.2662042700352245,2.8464691997926854,35.12746512746512,8.574799949939942,1443,16,6,0.004019122070605476,0.008038244141210793,3.375021925854705,3.3669836817134944,28,28.9936303096501,2.0,1.354074130492105,2.708148260984208,ZINCf5000002rqZi_m01_t01,SER20;LEU26,2.0,86.42500032992415
1382,native_first,ZINCf50000009AGW,COCc1nn(C[C@H](O)CC#N)c(=O)o1,840,104,104,1,1,1,10.714285714285714,15.315268646616897,0.866764207411546,13.274726689779795,3,213.19299999999998,-0.7427199999999998,1.0,7.0,5.0,1.0,,,,28.716451410355916,10.0,6.0,4.0,6.0,3.0,1.0,,,,,14.818866471142481,8.689034428548243,50.31319197985863,18.29326270594584,676,16,13,0.8342434097466109,0.6906414589130435,7.259444124724703,6.133210472453887,28,28.9936303096501,2.0,1.3577396342538415,2.715479268507682,ZINCf50000009AGW_m01_t01,SER20;LEU26,3.0,49.31106326025861
1383,native_first,ZINCf5000000ZyYU,O=c1scnn1C[C@@H](O)COCCCO,309,1207,1207,1,0,1,14.285714285714286,19.005613846886952,0.7825383192215208,14.872621115516178,4,234.27699999999996,-0.9353000000000002,2.0,7.0,7.0,1.0,,,,24.04002420072306,8.0,3.0,5.0,3.0,2.0,1.0,,,,,13.619668919336691,7.711426882704209,58.24532147489347,16.224757739683284,663,16,8,1.2054797874992051,1.0918162991941613,8.622706883572002,8.720011344358516,28,28.9936303096501,2.0,1.3646042786689498,2.7292085573379,ZINCf5000000ZyYU_m01_t01,SER20;LEU26,3.0,35.727688633771145
1384,native_first,ZINCf5000001BftP,COCC(O)CNC1(C(=O)O)CCCC1,328,443,443,1,1,1,14.285714285714286,17.205605691108325,0.8601932442010584,14.800145777878663,4,217.26499999999996,-0.01930000000000054,3.0,4.0,6.0,1.0,,,,23.707739270531132,9.0,5.0,4.0,5.0,3.0,1.0,,,,,7.6836292546701435,4.351601183404004,32.7942054958184,11.689656758635392,483,16,14,0.6888174723179145,0.8270463265523214,8.622706883572002,7.512104548579699,28,28.9936303096501,2.0,1.3714552741293202,2.7429105482586404,ZINCf5000001BftP_m02_t01,SER20;LEU26,1.0,49.74965622109747
1385,native_first,ZINCf50000008FTI,C=CCN(CC)C(=O)[C@@H](C)NS(C)(=O)=O,1104,1421,1421,0,0,1,14.285714285714286,17.205605691108325,0.7217497749351297,12.41814203518002,4,234.321,-0.04140000000000005,1.0,3.0,6.0,1.0,,,,16.813295846674055,7.0,4.0,3.0,4.0,3.0,1.0,,,,,6.324078096809721,3.3824256738892493,48.52999602701629,8.946382534275804,736,16,1,1.285271054342088,1.3584210389216842,8.622706883572002,7.883097498544495,28,28.9936303096501,2.0,1.3724860166191846,2.744972033238371,ZINCf50000008FTI_m01_t02,SER20;LEU26,3.0,-52.14550080579919
1386,native_first,ZINCf5000000aswG,O=C(N[C@@H]1C[C@H](O)C12CCC2)C1(O)CC1,1321,1299,1299,0,0,1,10.714285714285714,15.48021141629053,0.7282086586515222,11.272823991098907,3,211.26099999999994,-0.06900000000000128,3.0,3.0,2.0,1.0,,,,20.69373610250848,8.0,5.0,3.0,5.0,3.0,1.0,,,,,5.950230854844203,3.246664257294437,35.570769809900256,9.636107166760272,503,16,5,1.0597018007919767,1.360261665823814,8.622706883572002,7.298933944416945,28,28.9936303096501,2.0,1.3726566579296398,2.7453133158592795,ZINCf5000000aswG_m01_t02,SER20;LEU26,1.0,33.784283625877194
1387,native_first,ZINCf5000001qPnh,CN(C[C@H](O)CO)C(=O)[C@@]12C[C@@H](Br)[C@@H]1C2,1220,1436,1436,0,0,1,14.285714285714286,17.205605691108325,0.690139440793,11.874267090166358,4,278.146,-0.028499999999999748,2.0,3.0,4.0,1.0,,,,16.68420269864711,7.0,4.0,3.0,4.0,3.0,1.0,,,,,6.651377962978546,3.562887388001045,49.95419447716267,9.159584146895686,158,16,1,1.1206908630799708,1.4675542402004886,8.622706883572002,6.9118609529023605,28,28.9936303096501,2.0,1.3737444827553333,2.747488965510664,ZINCf5000001qPnh_m01_t01,SER20;LEU26,0.0,50.34501800344185
1388,native_first,ZINCf5000002rsbg,C[C@H]1NCC[C@H]1C(=O)N1CCCNCC1,1427,1389,1389,0,0,1,7.142857142857143,11.789866216020478,0.8968348010381331,10.573562322110932,2,211.30899999999994,-0.1936999999999991,2.0,3.0,1.0,1.0,,,,18.500586989654103,8.0,5.0,3.0,5.0,3.0,1.0,,,,,5.75120224284858,3.1163918912171513,37.21695821185617,8.93854842954996,1491,16,0,0.08035543656529966,0.1607108731305984,3.375021925854705,3.2143110527241068,28,28.9936303096501,2.0,1.379383977405308,2.7587679548106205,ZINCf5000002rsbg_m02_t02,SER20;LEU26,2.0,57.47247906117251
1389,native_first,ZINCf5000002r7nt,CC[C@@H](CO)CNC(=O)[C@@H](N)CN=[N+]=[N-],1164,661,661,0,1,1,10.714285714285714,15.315268646616897,0.794293548140002,12.164819074038661,3,215.257,-0.24130000000000024,3.0,4.0,7.0,1.0,,,,28.908505615030467,9.0,6.0,3.0,6.0,3.0,1.0,,,,,12.69296750829729,7.270756183385265,49.92438867438867,16.746852034980584,678,16,13,1.15569096357082,1.0526104905165776,7.259444124724703,7.0640440023820075,28,28.9936303096501,2.0,1.3805087170085715,2.761017434017141,ZINCf5000002r7nt_m02_t01,SER20;LEU26,0.0,-30.03690049987209
1390,native_first,ZINCf5000001G8rZ,CN(CC1(O)CCOC1)C(=O)[C@H]1C[C@H]1F,396,1126,1126,1,0,1,14.285714285714286,17.205605691108325,0.849207122448317,14.611122898926487,4,217.23999999999995,-0.04580000000000006,1.0,3.0,3.0,1.0,,,,16.813295846674055,7.0,4.0,3.0,4.0,3.0,1.0,,,,,6.277163415537467,3.3608992070826864,47.447712418300654,8.911196523321616,434,16,14,0.7832330741586631,0.7841658240616299,8.622706883572002,7.284682310457479,28,28.9936303096501,2.0,1.382890296141979,2.765780592283953,ZINCf5000001G8rZ_m01_t02,SER20;LEU26,3.0,27.875940744755383
1391,native_first,ZINCf5000001THsB,COC(=O)[C@@H](C)N(C)S(=O)(=O)OC1CC1,1524,1476,1476,0,0,1,10.714285714285714,11.110579072050971,0.8183440953403218,9.092276779424664,3,237.27699999999996,-0.09650000000000003,0.0,5.0,5.0,1.0,,,,15.421453830886806,7.0,5.0,2.0,5.0,3.0,1.0,,,,,4.494503358186368,2.384893333691287,38.93774427694025,7.226240976361477,750,16,11,1.066776650900883,0.9312956880944793,8.622706883572002,7.986221037391339,28,28.9936303096501,2.0,1.3884053830432006,2.7768107660864025,ZINCf5000001THsB_m01_t02,SER20;LEU26,1.0,-28.044673493452315
1392,native_first,ZINCf5000001ULZv,CN(C[C@H](O)CO)C(=O)C1(Br)CC1(F)F,1338,1486,1486,0,0,1,14.285714285714286,17.040662921434695,0.6526378697420622,11.121381948037685,4,288.08799999999997,-0.029299999999999438,2.0,3.0,4.0,1.0,,,,14.85663998740219,6.0,3.0,3.0,3.0,3.0,1.0,,,,,4.526678528548734,2.3877943569320137,43.42440801457194,7.109168893262098,855,16,13,1.2947002027547034,1.5400305259049647,8.317947102500712,6.382442109474289,28,28.9936303096501,2.0,1.3902567693254195,2.7805135386508404,ZINCf5000001ULZv_m01_t01,SER20;LEU26,3.0,23.404787404635346
1393,native_first,ZINCf5000002rKbF,CCNS(=O)(=O)N1CCCN(C)C[C@@H]1C,1478,1380,1380,0,0,1,7.142857142857143,11.789866216020478,0.8851124561492947,10.435357444133476,2,235.35299999999995,-0.13329999999999909,1.0,3.0,3.0,1.0,,,,18.629680137681053,8.0,5.0,3.0,5.0,3.0,1.0,,,,,5.210600627312216,2.844578295059107,30.972263644497467,8.565370504904426,385,16,14,0.40958261086020425,0.8191652217204073,3.375021925854705,4.1941871475751125,28,28.9936303096501,2.0,1.3929716882340906,2.7859433764681807,ZINCf5000002rKbF_m01_t01,SER20;LEU26,1.0,-142.88609077070498
1394,native_first,ZINCf50000017XGv,C[C@H]1CCN[C@@H]1C(=O)N1CCCNCC1,1396,1393,1393,0,0,1,7.142857142857143,11.789866216020478,0.897316341342062,10.579239617871876,2,211.30899999999994,-0.19369999999999887,2.0,3.0,1.0,1.0,,,,18.500586989654103,8.0,5.0,3.0,5.0,3.0,1.0,,,,,5.2680497877845855,2.8464691997926854,35.29240616816992,8.576184088251965,1535,16,12,0.0032127834063971584,0.006425566812794603,3.375021925854705,3.3814474926674998,28,28.9936303096501,2.0,1.3965108492349336,2.7930216984698664,ZINCf50000017XGv_m01_t01,SER20;LEU26,1.0,20.089394448219863
1395,native_first,ZINCf5000001Vzqp,COC(=O)CC(O)CNS(=O)(=O)C(Cl)Cl,695,1039,1039,1,0,1,14.285714285714286,17.205605691108325,0.7951546902794508,13.681118064383597,4,280.129,-0.40900000000000025,2.0,5.0,6.0,1.0,,,,19.698205866669763,8.0,4.0,4.0,4.0,3.0,1.0,,,,,8.29343911698095,4.570688071271543,44.70464444770715,11.144630804403155,936,16,8,1.2994149769894867,0.8637007142789059,8.622706883572002,7.72475249077468,28,28.9936303096501,2.0,1.3996171218742786,2.7992342437485576,ZINCf5000001Vzqp_m01_t01,SER20;LEU26,2.0,16.21878661259887
1396,native_first,ZINCf5000001FXaY,CCCNS(=O)(=O)N1CC(CS(C)=O)C1,485,993,993,1,0,1,14.285714285714286,17.205605691108325,0.8336833052979651,14.344026222216668,4,254.37699999999995,-0.45889999999999875,1.0,3.0,6.0,1.0,,,,19.953218757907717,7.0,5.0,2.0,5.0,3.0,1.0,,,,,5.83741466791664,3.104991576608833,48.64910503208376,9.366365690414408,1085,16,7,0.7267608611750639,0.9874526318850672,8.622706883572002,7.613966775654698,28,28.9936303096501,2.0,1.4048337181992614,2.809667436398522,ZINCf5000001FXaY_m01_t01,SER20;LEU26,3.0,-177.39375428259544
1397,native_first,ZINCf5000002qtie,CC1(C)CN[C@H]1C(=O)N1CCCNCC1,1395,1465,1465,0,0,1,7.142857142857143,11.789866216020478,0.8973163764499235,10.579240031788865,2,211.30899999999994,-0.19369999999999887,2.0,3.0,1.0,1.0,,,,16.68420269864711,7.0,4.0,3.0,4.0,3.0,1.0,,,,,3.4853963448152365,1.8569193997082512,28.331424207712875,6.785097933273204,497,16,11,0.0031388646405577213,0.006277729281115807,3.375021925854705,3.381299655135821,28,28.9936303096501,2.0,1.4131840295859759,2.826368059171955,ZINCf5000002qtie_m01_t01,SER20;LEU26,0.0,21.25683143414157
1398,native_first,ZINCf5000002sdJm,COC(=O)CCN(OC)C(=O)[C@H]1CCO1,1526,1231,1231,0,0,1,14.285714285714286,14.635981502647391,0.6008150095216058,8.79351736587114,4,217.22099999999998,-0.2716000000000005,0.0,5.0,5.0,1.0,,,,22.303992978805237,9.0,6.0,3.0,6.0,3.0,1.0,,,,,7.367587031194739,4.13218347416739,33.94837550765385,11.101688518097363,352,16,2,1.1826840740930282,1.8069112929244222,8.622706883572002,6.112697291915231,28,28.9936303096501,2.0,1.4157159124174494,2.8314318248348993,ZINCf5000002sdJm_m01_t03,SER20;LEU26,0.0,17.499416923910438
1399,native_first,ZINCf50000017zKX,CC[C@@H](NS(=O)(=O)[C@@H]1CC1(C)C)C(N)=O,1291,1355,1355,0,0,1,14.285714285714286,17.040662921434695,0.6757617020243155,11.515427379411355,4,234.32099999999997,-0.03179999999999927,2.0,3.0,5.0,1.0,,,,19.698205866669763,8.0,4.0,4.0,4.0,3.0,1.0,,,,,6.947943811120879,3.8257625441993564,37.77983304875736,10.135509325008101,1380,16,4,2.029520365476739,1.101421314570168,8.317947102500712,7.545697693107205,28,28.9936303096501,2.0,1.4232110369172797,2.846422073834561,ZINCf50000017zKX_m01_t02,SER20;LEU26,3.0,-49.64862928400359
1400,native_first,ZINCf50000009I3G,C[C@@H](C(=O)NCCCSC#N)S(N)(=O)=O,1209,1283,1283,0,0,1,10.714285714285714,13.515260490838273,0.8831358599662341,11.935811196244126,3,251.333,-0.6160199999999996,2.0,5.0,6.0,1.0,,,,20.868223863411366,8.0,3.0,5.0,3.0,3.0,1.0,,,,,12.044502196027453,6.784217311278303,53.61951677222615,14.250432612873432,279,16,3,0.4839956132716557,0.8164707058333284,8.317947102500712,7.354273648366936,28,28.9936303096501,2.0,1.4275828781183333,2.8551657562366692,ZINCf50000009I3G_m01_t01,SER20;LEU26,2.0,-137.8591905900085
1401,native_first,ZINCf50000009Aos,COC[C@](C)(O)CC(=O)NS(=O)(=O)CI,55,576,576,1,1,1,14.285714285714286,17.205605691108325,0.9348008789071826,16.083815322178484,4,351.162,-0.38759999999999994,2.0,5.0,6.0,1.0,,,,22.695786574656285,9.0,4.0,5.0,4.0,3.0,1.0,,,,,9.002578934816666,5.121783341178468,37.15528933092224,12.425880844776572,438,16,7,0.506752155268049,0.557621551820852,8.622706883572002,8.209836272197887,28,28.9936303096501,2.0,1.430482350063906,2.8609647001278162,ZINCf50000009Aos_m01_t02,SER20;LEU26,0.0,-77.43283178645304
1402,native_first,ZINCf50000023rbj,CC(CC#N)NS(=O)(=O)CC1=NOCC1,1066,1255,1255,0,0,1,10.714285714285714,15.315268646616897,0.8217016210221681,12.584581073315091,3,231.27699999999996,-0.015719999999999956,1.0,5.0,5.0,1.0,,,,21.627260845667575,9.0,5.0,4.0,5.0,3.0,1.0,,,,,9.542909718436809,5.37890123032848,42.250946969696976,12.5639975002445,661,16,3,0.6400401911968182,0.9824149820360883,7.259444124724703,5.740579102656995,28,28.9936303096501,2.0,1.4357909030096938,2.871581806019387,ZINCf50000023rbj_m01_t01,SER20;LEU26,1.0,-69.86604454219419
1403,native_first,ZINCf50000009zr7,COC[C@H](NC(=O)C1(Br)CCC1)C(N)=O,1094,883,883,0,1,1,14.285714285714286,17.040662921434695,0.7310586007464976,12.457723191136774,4,279.13399999999996,-0.07950000000000002,2.0,3.0,5.0,1.0,,,,22.695786574656285,9.0,4.0,5.0,4.0,3.0,1.0,,,,,8.170491459127305,4.653833685117321,33.43731431966725,11.80181523800955,1030,16,7,1.3040211693377068,1.2880403321736458,8.317947102500712,7.5833939414992075,28,28.9936303096501,2.0,1.4370344653217997,2.874068930643598,ZINCf50000009zr7_m01_t01,SER20;LEU26,3.0,-3.1913333803361326
1404,native_first,ZINCf50000008VF0,CCC[C@H](O)[C@H](CO)NC(=O)CN=[N+]=[N-],1079,641,641,0,1,1,10.714285714285714,15.315268646616897,0.8169779193723509,12.512236313541672,3,216.24099999999999,-0.06520000000000031,3.0,4.0,7.0,1.0,,,,30.73606832627538,10.0,7.0,3.0,7.0,3.0,1.0,,,,,7.902829078518833,4.509985679442175,31.904303147077712,13.611138890457969,772,16,15,1.1014131165029326,0.8820110680496752,7.259444124724703,6.405249736086251,28,28.9936303096501,2.0,1.4503688094181668,2.9007376188363354,ZINCf50000008VF0_m01_t02,SER20;LEU26,2.0,28.089414930452353
1405,native_first,ZINCf5000002qXdP,CC[C@@](C)(O)CNC(=O)[C@@H](N)CN=[N+]=[N-],1101,663,663,0,1,1,10.714285714285714,15.315268646616897,0.8114365619087794,12.42736893532014,3,215.25699999999998,-0.09879999999999994,3.0,4.0,6.0,1.0,,,,28.908505615030467,9.0,6.0,3.0,6.0,3.0,1.0,,,,,10.798412359907319,6.112931505573113,46.24324845679012,15.325935673688107,1277,16,10,1.1240508526020017,0.9129865310523976,7.259444124724703,6.480745771458931,28,28.9936303096501,2.0,1.452337647974211,2.9046752959484197,ZINCf5000002qXdP_m02_t01,SER20;LEU26,1.0,5.736659541793682
1406,native_first,ZINCf5000002rI4Q,CCN(CCN=[N+]=[N-])C(=O)C[C@@H](O)CN,1188,694,694,0,1,1,14.285714285714286,15.036168524741624,0.8006679621402787,12.038978411102677,4,215.257,-0.14510000000000012,2.0,4.0,7.0,1.0,,,,26.915965577325384,9.0,6.0,3.0,6.0,3.0,1.0,,,,,12.103565169509146,6.8545865822319,51.67197452229297,15.806665271463205,513,16,2,1.2295527964805195,0.9523582160150627,7.155285109623515,6.80493435539912,28,28.9936303096501,2.0,1.467772093744308,2.9355441874886177,ZINCf5000002rI4Q_m01_t01,SER20;LEU26,0.0,13.74321468778883
1407,native_first,ZINCf5000002myLk,C[C@H](CNS(=O)(=O)CBr)NS(=O)(=O)CBr,392,1105,1105,1,0,1,14.285714285714286,17.205605691108325,0.8501775328682899,14.627819397971084,4,388.10300000000007,-0.08149999999999963,2.0,4.0,7.0,1.0,,,,17.870643155424844,7.0,3.0,4.0,3.0,3.0,1.0,,,,,6.279361230760881,3.3999657504690792,41.01197156752712,9.17718171192687,193,16,5,0.9916446724309269,0.8298005788470545,8.622706883572002,8.66794959344279,28,28.9936303096501,2.0,1.4702121162945818,2.940424232589165,ZINCf5000002myLk_m01_t01,SER20;LEU26,2.0,-51.13400970010441
1408,native_first,ZINCf5000002dOlz,C[C@@H](N(C)C(=O)[C@@H]1C[C@@H]1Br)C1(O)CNC1,966,1447,1447,0,0,1,10.714285714285714,15.315268646616897,0.8409570691608451,12.879483434469929,3,277.162,-0.0490000000000001,2.0,3.0,3.0,1.0,,,,16.68420269864711,7.0,4.0,3.0,4.0,3.0,1.0,,,,,4.761049777919191,2.5498553673943234,35.847026604068866,7.741838008101171,208,16,13,0.9020995695532911,0.7597652713349152,7.259444124724703,5.921300759035018,28,28.9936303096501,2.0,1.475195313924944,2.9503906278498873,ZINCf5000002dOlz_m02_t01,SER20;LEU26,2.0,43.628318188025005
1409,native_first,ZINCf50000024Q5p,NC(=O)[C@@H]1CSCCN1C(=S)NCCF,434,964,964,1,0,1,14.285714285714286,17.205605691108325,0.8406370068716588,14.46366886958728,4,251.352,-0.26690000000000036,2.0,3.0,3.0,1.0,,,,21.514590157676757,9.0,5.0,4.0,5.0,3.0,1.0,,,,,5.832467104613635,3.274667274292433,26.642846339987898,9.752997867879415,358,16,1,1.2056993666964004,0.7202385068965347,8.622706883572002,8.392014057072549,28,28.9936303096501,2.0,1.4798287932681233,2.959657586536247,ZINCf50000024Q5p_m01_t01,SER20;LEU26,0.0,7.162626267444997
1410,native_first,ZINCf50000008Jcw,CC(=O)C1(C(=O)N[C@@H]2CC[S@](=O)C2)CC1,852,491,491,1,1,1,10.714285714285714,15.48021141629053,0.8543637036446988,13.225730758824925,3,229.30099999999993,-0.007200000000000539,1.0,3.0,3.0,1.0,,,,22.950799465894235,8.0,5.0,3.0,5.0,3.0,1.0,,,,,8.907942592554274,4.872859508976561,51.81233495186984,12.418656810889264,490,16,9,0.8786030976272279,0.8794497389775898,8.622706883572002,8.688833140651184,28,28.9936303096501,2.0,1.4964935610912171,2.9929871221824325,ZINCf50000008Jcw_m01_t02,SER20;LEU26,0.0,12.904769905817133
1411,native_first,ZINCf5000002s8CW,COCCN(C)NC(=O)[C@@H](N)CN=[N+]=[N-],1292,612,612,0,1,1,10.714285714285714,15.315268646616897,0.7512999200516979,11.50636010977355,3,216.245,-0.766599999999998,2.0,5.0,7.0,1.0,,,,33.798504725243816,11.0,7.0,4.0,7.0,3.0,1.0,,,,,12.957535576753168,7.789308304984455,38.50710382513662,18.16777786387583,130,16,10,1.2777355162453023,1.230417155884922,7.259444124724703,7.130391048369339,28,26.47615942743521,2.0,0.8186138435392786,1.637227687078556,ZINCf5000002s8CW_m02_t02,SER20;LEU22,0.0,81.33292575530041
1412,native_first,ZINCf50000008EXt,C=C1CON(S(=O)(=O)CC(OC)OC)C1,1531,1477,1477,0,0,1,10.714285714285714,10.945636302377336,0.749929061932635,8.20845076449763,3,237.27699999999996,-0.26150000000000007,0.0,5.0,5.0,1.0,,,,15.421453830886806,7.0,5.0,2.0,5.0,3.0,1.0,,,,,4.023380723011956,2.1220526579208467,38.680899339933994,6.872898999980667,1299,16,5,1.0130103300190467,1.3572262457852615,8.317947102500712,7.543038724215491,28,26.47615942743521,2.0,0.829154865807064,1.658309731614132,ZINCf50000008EXt_m01_t01,SER20;LEU22,2.0,-22.447905528689105
1413,native_first,ZINCf50000028nMV,C=C(I)CC(=O)N1C[C@H](O)C[C@H]1C(N)=O,922,1358,1358,0,0,1,14.285714285714286,17.040662921434695,0.7654850748631504,13.044373132132149,4,324.1180000000001,-0.22770000000000035,2.0,3.0,3.0,1.0,,,,19.698205866669763,8.0,4.0,4.0,4.0,3.0,1.0,,,,,6.405049499764694,3.532600326484619,34.27469579381049,9.728338591490962,1105,16,3,1.0973314374157113,1.1038349051235639,8.317947102500712,6.981691283746289,28,26.47615942743521,2.0,0.8410940398527262,1.682188079705453,ZINCf50000028nMV_m01_t06,SER20;LEU22,2.0,32.57190056555275
1414,native_first,ZINCf50000008Pur,CC(C)[C@H](NC=O)C(=O)NS(=O)(=O)CI,634,584,584,1,1,1,14.285714285714286,17.205605691108325,0.8068599577866943,13.88251428162217,4,348.162,-0.4045000000000001,2.0,4.0,6.0,1.0,,,,22.695786574656285,9.0,4.0,5.0,4.0,3.0,1.0,,,,,7.219920739348586,4.113122030838312,29.50981498194945,11.088887198175511,926,16,15,1.3079388525015132,0.7591419616710393,8.622706883572002,7.63033227230343,28,26.47615942743521,2.0,0.8411725395468164,1.682345079093631,ZINCf50000008Pur_m01_t01,SER20;LEU22,0.0,-51.9467219589694
1415,native_first,ZINCf5000001BDIX,CNS(=O)(=O)C1CCN(S(=O)(=O)CI)C1,313,1134,1134,1,0,1,14.285714285714286,17.205605691108325,0.8631897123212251,14.851701826820229,4,368.218,-0.6678000000000002,1.0,4.0,4.0,1.0,,,,16.813295846674055,7.0,4.0,3.0,4.0,3.0,1.0,,,,,5.240519163822677,2.8183109563780615,37.28682170542636,8.133713334535523,266,16,11,1.0899310943902436,0.5872424937276198,8.622706883572002,7.827949057394871,28,26.47615942743521,2.0,0.8514972735388804,1.7029945470777639,ZINCf5000001BDIX_m01_t01,SER20;LEU22,1.0,-109.1838857186102
1416,native_first,ZINCf5000000SLY4,CS(=O)(=O)N[C@@H]1CCCN(C(=O)CCl)C1,299,1140,1140,1,0,1,14.285714285714286,17.205605691108325,0.8660803359844026,14.901436757770247,4,254.73899999999995,-0.2345999999999997,1.0,3.0,3.0,1.0,,,,16.813295846674055,7.0,4.0,3.0,4.0,3.0,1.0,,,,,4.42326655021602,2.364879169489125,34.12975912975912,7.52077387433053,1288,16,14,1.0031892669365996,0.7170587453665457,8.622706883572002,8.489946228426712,28,26.47615942743521,2.0,0.8661699107184007,1.7323398214368035,ZINCf5000000SLY4_m01_t02,SER20;LEU22,2.0,-63.175976002208515
1417,native_first,ZINCf500000293Lb,C[S@](=O)CC[C@H](O)C(=O)NCCN=[N+]=[N-],901,56,56,1,1,1,10.714285714285714,15.315268646616897,0.8541691239726024,13.081829603285819,3,234.281,-0.4575999999999998,2.0,4.0,7.0,1.0,,,,31.225906485300648,9.0,6.0,3.0,6.0,3.0,1.0,,,,,10.447444643793657,5.944323594554602,43.09109215825633,15.642060104170405,314,16,9,0.9399396322378059,0.763174041530995,7.259444124724703,6.419926880883194,28,26.47615942743521,2.0,0.8803813683114055,1.7607627366228105,ZINCf500000293Lb_m02_t04,SER20;LEU22,3.0,-27.35900470374226
1418,native_first,ZINCf5000001G1iO,CC(O)C(=O)N1CC(F)(F)CC1CCO,1199,1443,1443,0,0,1,10.714285714285714,15.48021141629053,0.7736278048025671,11.97592197586448,3,223.21899999999997,-0.014200000000000379,2.0,3.0,3.0,1.0,,,,16.68420269864711,7.0,4.0,3.0,4.0,3.0,1.0,,,,,5.0620776502017035,2.725405370486977,35.49019607843137,7.967608912313054,1404,16,7,0.9843595147394164,0.9753854283742159,8.622706883572002,6.738360455684716,28,26.47615942743521,2.0,0.8905858555196131,1.7811717110392227,ZINCf5000001G1iO_m01_t04,SER20;LEU22,0.0,48.392605751722016
1419,native_first,ZINCf5000002rw9J,C[C@@H](C#N)CS(=O)(=O)NC[C@@H](O)CC#N,1467,877,877,0,1,1,7.142857142857143,11.789866216020478,0.88868950064738,10.477530320214653,2,231.277,-0.6599400000000002,2.0,5.0,6.0,1.0,,,,22.695786574656285,9.0,4.0,5.0,4.0,3.0,1.0,,,,,12.075007326124721,6.9844368151712395,44.53172091621458,14.730202138257614,862,16,12,0.3429774931222404,0.6859549862444831,3.375021925854705,2.689066939610222,28,26.47615942743521,2.0,0.896657975234235,1.7933159504684664,ZINCf5000002rw9J_m01_t01,SER20;LEU22,2.0,-83.55576412379025
1420,native_first,ZINCf50000008Wl9,CCN(C)S(=O)(=O)N1CCNCC1(C)C,1452,1475,1475,0,0,1,7.142857142857143,11.789866216020478,0.8938337748343956,10.538180624658096,2,235.35299999999995,-0.13329999999999886,1.0,3.0,3.0,1.0,,,,15.615676969658399,7.0,5.0,2.0,5.0,3.0,1.0,,,,,3.472446417177938,1.8470718973652915,28.930690399137,6.508254055298053,1282,16,15,0.2166734819893876,0.43334696397877304,3.375021925854705,3.808368889833478,28,26.47615942743521,2.0,0.9142348364677941,1.8284696729355874,ZINCf50000008Wl9_m02_t01,SER20;LEU22,1.0,-85.05742795702483
1421,native_first,ZINCf50000017oUd,C=CCN(C)S(=O)(=O)N(C)CC1(O)CC1,1437,1471,1471,0,0,1,7.142857142857143,11.789866216020478,0.8963494581758689,10.567840194695936,2,234.32099999999994,-0.19430000000000036,1.0,3.0,6.0,1.0,,,,15.615676969658399,7.0,5.0,2.0,5.0,3.0,1.0,,,,,5.867426318263739,3.132405268982868,46.2503446374414,8.304488981112405,1185,16,7,0.11387977383175957,0.2277595476635188,3.375021925854705,3.602781473518224,28,26.47615942743521,2.0,0.9199783542616314,1.8399567085232613,ZINCf50000017oUd_m01_t01,SER20;LEU22,3.0,-165.94593811069018
1422,native_first,ZINCf50000017oSv,C=CCN(C(=O)CS(=O)(=O)NC)C(C)C,1262,1373,1373,0,0,1,10.714285714285714,13.515260490838273,0.8634807374734749,11.670167095775149,3,234.321,-0.0414000000000001,1.0,3.0,6.0,1.0,,,,18.629680137681053,8.0,5.0,3.0,5.0,3.0,1.0,,,,,6.515708733746902,3.55798198966421,38.621527250645215,9.544201584730441,686,16,14,0.5258625149999322,0.8881594510578971,8.317947102500712,7.217479037444629,28,26.47615942743521,2.0,0.9244878989034816,1.848975797806963,ZINCf50000017oSv_m01_t02,SER20;LEU22,0.0,-105.1916051427161
1423,native_first,ZINCf5000002dPmQ,C[C@H](N)C(=O)N[C@@]12CCC[C@@H](CNC1)C2,1403,1301,1301,0,0,1,7.142857142857143,11.789866216020478,0.8973136133666473,10.579207455406696,2,211.30899999999997,-0.018000000000000016,3.0,3.0,2.0,1.0,,,,20.69373610250848,8.0,5.0,3.0,5.0,3.0,1.0,,,,,5.641221117792993,3.1074512260159994,30.55671926639668,9.404349863971865,254,16,7,0.0068413508660295904,0.013682701732060654,3.375021925854705,3.388704627586766,28,26.47615942743521,2.0,0.9307076334220669,1.8614152668441344,ZINCf5000002dPmQ_m02_t02,SER20;LEU22,3.0,109.32867851379824
1424,native_first,ZINCf5000002rqZg,C[C@@H]1CN(C(=O)[C@@H]2CC=CCN2)CCN1,1397,1394,1394,0,0,1,7.142857142857143,11.789866216020478,0.8973162665881639,10.579238736533418,2,209.29299999999998,-0.2751999999999987,2.0,3.0,1.0,1.0,,,,18.500586989654103,8.0,5.0,3.0,5.0,3.0,1.0,,,,,5.2662042700352245,2.8464691997926854,35.12746512746512,8.574799949939942,1245,16,14,0.0033647703562033407,0.006729540712404614,3.375021925854705,3.3682923851423006,28,26.47615942743521,2.0,0.9316434254116029,1.8632868508232043,ZINCf5000002rqZg_m02_t01,SER20;LEU22,2.0,144.34302933676088
1425,native_first,ZINCf50000008Wjz,CCN(C)S(=O)(=O)N(C)C[C@@H](O)C1CC1,1474,1412,1412,0,0,1,7.142857142857143,11.789866216020478,0.887223126687277,10.460241967402384,2,236.33699999999996,-0.11439999999999984,1.0,3.0,6.0,1.0,,,,17.416084860754403,8.0,6.0,2.0,6.0,3.0,1.0,,,,,6.072180083169459,3.2947136936810466,38.67800703522864,8.908156277565697,1135,16,4,0.3715962884395286,0.743192576879057,3.375021925854705,4.118214502733762,28,26.47615942743521,2.0,0.934283295450367,1.8685665909007332,ZINCf50000008Wjz_m01_t01,SER20;LEU22,2.0,-128.48399785877396
1426,native_first,ZINCf5000002mENP,O=C1NC[C@@H]2[C@H]1CCCN2S(=O)(=O)CI,537,1143,1143,1,0,1,14.285714285714286,17.205605691108325,0.8215524096898048,14.135306815702663,4,344.174,-0.0809000000000002,1.0,3.0,2.0,1.0,,,,16.813295846674055,7.0,4.0,3.0,4.0,3.0,1.0,,,,,4.114780213974976,2.2077580377915216,30.20736882716049,7.2894091221497455,988,16,8,0.8059761923774854,0.9689319223761285,8.622706883572002,7.391854865727369,28,26.47615942743521,2.0,0.935676766219968,1.8713535324399349,ZINCf5000002mENP_m01_t01,SER20;LEU22,1.0,-29.51032060955781
1427,native_first,ZINCf5000002rKbo,CCNS(=O)(=O)N1CC(C)(C)NC[C@H]1C,1408,1463,1463,0,0,1,7.142857142857143,11.789866216020478,0.8972906146649815,10.578936303790915,2,235.35299999999998,-0.0869999999999993,2.0,3.0,3.0,1.0,,,,16.68420269864711,7.0,4.0,3.0,4.0,3.0,1.0,,,,,3.73325786086574,1.994273781439562,29.16348843122299,6.9709940703110815,457,16,5,0.01882527166271042,0.037650543325419505,3.375021925854705,3.3373713825292857,28,26.47615942743521,2.0,0.9414457028610479,1.8828914057220931,ZINCf5000002rKbo_m02_t01,SER20;LEU22,2.0,-101.06578325379203
1428,native_first,ZINCf5000002royw,C[C@H]1CCNCCN1C(=O)[C@@H]1C=CCN1,1446,1397,1397,0,0,1,7.142857142857143,11.789866216020478,0.8950548570599102,10.552577020735672,2,209.293,-0.2751999999999987,2.0,3.0,1.0,1.0,,,,18.500586989654103,8.0,5.0,3.0,5.0,3.0,1.0,,,,,5.266042050328759,2.8464691997926854,35.1130351130351,8.574678285160095,746,16,1,0.17437543012885853,0.34875086025771784,3.375021925854705,3.0262710655969873,28,26.47615942743521,2.0,0.9435510758702629,1.887102151740529,ZINCf5000002royw_m01_t01,SER20;LEU22,2.0,66.74069922026898
1429,native_first,ZINCf5000000aqn2,O=C(NCC(Cl)Cl)[C@@H]1CCCNS1(=O)=O,1241,1406,1406,0,0,1,10.714285714285714,13.515260490838273,0.8711673013310812,11.774053008590162,3,275.15700000000004,-0.011900000000000188,2.0,3.0,3.0,1.0,,,,17.870643155424844,7.0,3.0,4.0,3.0,3.0,1.0,,,,,6.4033374476589096,3.4596941513192903,42.92908131595283,9.270163874600392,519,16,12,0.514911098685105,0.8339419939346447,8.317947102500712,7.161690963495526,28,26.47615942743521,2.0,0.9460551214751979,1.8921102429503955,ZINCf5000000aqn2_m01_t02,SER20;LEU22,2.0,-78.84826165766012
1430,native_first,ZINCf50000008UrJ,CCCNS(=O)(=O)N[C@H](CO)CC1CC1,1068,1442,1442,0,0,1,14.285714285714286,17.040662921434695,0.7372402207072712,12.563062093196729,4,236.33699999999996,-0.018599999999999506,3.0,3.0,8.0,1.0,,,,16.68420269864711,7.0,4.0,3.0,4.0,3.0,1.0,,,,,5.328578433720535,2.8495181738238133,40.98679098679098,8.16748449995218,607,16,11,0.9172638991097061,1.2476019336991548,8.317947102500712,6.447055669662785,28,26.47615942743521,2.0,0.9466620122793117,1.8933240245586198,ZINCf50000008UrJ_m01_t01,SER20;LEU22,2.0,-160.15738012676323
1431,native_first,ZINCf5000002a4Dt,COC(=O)[C@@]1(O)CCN(S(=O)(=O)CI)C1,854,1141,1141,1,0,1,14.285714285714286,17.205605691108325,0.768253663655161,13.218269607600059,4,349.146,-0.6815,1.0,5.0,3.0,1.0,,,,16.813295846674055,7.0,4.0,3.0,4.0,3.0,1.0,,,,,4.1803041552810996,2.232712080758389,32.73504273504273,7.3385520781293385,1028,16,0,0.9129726724277356,1.1457252195055982,8.622706883572002,7.060023224692646,28,26.47615942743521,2.0,0.9507677247905871,1.901535449581174,ZINCf5000002a4Dt_m01_t01,SER20;LEU22,1.0,15.512941491870412
1432,native_first,ZINCf500000258tq,O=C1NC[C@H]2[C@@H]1CCCN2S(=O)(=O)CBr,719,1144,1144,1,0,1,14.285714285714286,17.205605691108325,0.7908869641416857,13.607689251259572,4,297.174,-0.121,1.0,3.0,2.0,1.0,,,,16.813295846674055,7.0,4.0,3.0,4.0,3.0,1.0,,,,,4.114780213974976,2.2077580377915216,30.20736882716049,7.2894091221497455,938,16,7,1.017049332917844,1.0310057812555886,8.622706883572002,7.417561359158134,28,26.47615942743521,2.0,0.96088682000745,1.9217736400149015,ZINCf500000258tq_m01_t01,SER20;LEU22,2.0,-17.937423528198092
1433,native_first,ZINCf5000002segg,COC(=O)[C@H](CC(C)=O)NS(=O)(=O)CI,1114,1340,1340,0,0,1,17.857142857142858,20.731008121704747,0.5970488947721104,12.377425486575463,5,349.14599999999996,-0.18099999999999977,1.0,5.0,6.0,1.0,,,,19.810876554660577,8.0,4.0,4.0,4.0,3.0,1.0,,,,,6.255142849430635,3.456951454789417,32.82488796966564,9.64407627573812,439,16,4,1.7482884099715612,1.817628844331536,8.622706883572002,7.498199346436151,28,26.47615942743521,2.0,0.9623056877857817,1.9246113755715584,ZINCf5000002segg_m01_t04,SER20;LEU22,3.0,-34.87415713982452
1434,native_first,ZINCf5000000a2dO,C[C@H]1CN(C(=O)[C@@H]2C=CCN2)C[C@@H](C)N1,1429,1450,1450,0,0,1,7.142857142857143,11.789866216020478,0.89680125946711,10.573166871475895,2,209.29299999999998,-0.27679999999999855,2.0,3.0,1.0,1.0,,,,16.68420269864711,7.0,4.0,3.0,4.0,3.0,1.0,,,,,4.584007593865212,2.4262277229023197,41.43019296254256,7.609056370060685,1395,16,15,0.08310567736152907,0.16621135472305726,3.375021925854705,3.5412332805777624,28,26.47615942743521,2.0,0.9755741596313331,1.951148319262666,ZINCf5000000a2dO_m01_t01,SER20;LEU22,1.0,99.11597734690689
1435,native_first,ZINCf5000001s8Uu,CC1(C)CN(C(=O)C2C=CCN2)CCN1,1391,1455,1455,0,0,1,7.142857142857143,11.789866216020478,0.8973171107656959,10.579248689273582,2,209.29299999999998,-0.2751999999999987,2.0,3.0,1.0,1.0,,,,16.68420269864711,7.0,4.0,3.0,4.0,3.0,1.0,,,,,4.267667878797239,2.263919298204141,37.13583049564889,7.371801583759707,796,16,9,0.00017973414470895792,0.000359468289417908,3.375021925854705,3.3746624575652873,28,26.47615942743521,2.0,0.9814348225944506,1.9628696451889027,ZINCf5000001s8Uu_m02_t01,SER20;LEU22,0.0,153.24351177241562
1436,native_first,ZINCf5000002rwuK,C[C@H](C#N)ONC(=O)[C@@H](N)CCCC#N,1480,717,717,0,1,1,7.142857142857143,11.789866216020478,0.884263999451608,10.425354253177664,2,210.23699999999994,-0.032540000000000235,2.0,5.0,6.0,1.0,,,,26.580745014588192,10.0,5.0,5.0,5.0,3.0,1.0,,,,,10.957123758305222,6.472423964797122,35.67856718898385,14.863029072375966,365,16,2,0.42398867595610185,0.8479773519122027,3.375021925854705,4.222999277766908,28,26.47615942743521,2.0,0.9871203032014892,1.9742406064029758,ZINCf5000002rwuK_m01_t04,SER20;LEU22,1.0,60.189755805593535
1437,native_first,ZINCf5000002e3PG,COCC[C@](C)(O)CNS(=O)(=O)CC#N,747,374,374,1,1,1,10.714285714285714,15.48021141629053,0.8731369772303561,13.516345002906762,3,236.29299999999998,-0.7831199999999996,2.0,5.0,7.0,1.0,,,,24.512170865663283,10.0,5.0,5.0,5.0,3.0,1.0,,,,,13.07862196682751,7.676874734081064,44.13068826904785,15.937009191536456,1214,16,6,0.714716499955604,0.8621090349927071,8.622706883572002,8.474037828237531,28,26.47615942743521,2.0,0.9899412305724863,1.9798824611449701,ZINCf5000002e3PG_m01_t01,SER20;LEU22,3.0,-45.107099192318685
1438,native_first,ZINCf5000002rr60,C[C@H]1CN(C(=O)[C@H]2NCC2(C)C)CCN1,1383,1464,1464,0,0,1,10.714285714285714,13.515260490838273,0.7854084889740485,10.615000320199945,3,211.30899999999997,-0.19529999999999864,2.0,3.0,1.0,1.0,,,,16.68420269864711,7.0,4.0,3.0,4.0,3.0,1.0,,,,,3.485439643985461,1.8569193997082512,28.33714721586575,6.785130407650872,845,16,14,0.9372633116228734,1.034552338437836,8.317947102500712,6.785258063168433,28,26.47615942743521,2.0,0.9963264136260584,1.9926528272521145,ZINCf5000002rr60_m02_t01,SER20;LEU22,0.0,148.86963888283788
1439,native_first,ZINCf5000001WR0T,CN(C)C(=O)CN1CC(CN)C(C)(C)C1,1343,1307,1307,0,0,1,10.714285714285714,13.515260490838273,0.8197427567265553,11.079036892637262,3,213.32499999999996,-0.008699999999998598,1.0,3.0,3.0,1.0,,,,20.430088028777057,9.0,6.0,3.0,6.0,3.0,1.0,,,,,5.932291639423271,3.300407596829005,29.286896877956476,9.556740736761718,136,16,6,0.7431840437399317,0.9635198179449366,8.317947102500712,6.880151657035552,28,26.47615942743521,2.0,1.0020890692068882,2.0041781384137742,ZINCf5000001WR0T_m01_t02,SER20;LEU22,0.0,7.326970718114536
1440,native_first,ZINCf5000000Wzix,C=CCS(=O)(=O)N[C@H](C(N)=O)C(C)(C)C,1239,1360,1360,0,0,1,10.714285714285714,15.315268646616897,0.7698813958147908,11.790940402935918,3,234.32099999999997,-0.008200000000000207,2.0,3.0,5.0,1.0,,,,19.698205866669763,8.0,4.0,4.0,4.0,3.0,1.0,,,,,5.851827709840642,3.233365140267852,30.77088408081386,9.313422249047923,532,16,5,1.0309236789099059,1.1107848322761418,7.259444124724703,5.884206662346046,28,26.47615942743521,2.0,1.0030524932586649,2.0061049865173324,ZINCf5000000Wzix_m01_t01,SER20;LEU22,0.0,-9.325427037165351
1441,native_first,ZINCf50000008Qrr,CC1(C)CN(C(=O)[C@@H]2CCCN2)CCN1,1387,1454,1454,0,0,1,10.714285714285714,13.515260490838273,0.7836982435549078,10.591885907856996,3,211.30899999999997,-0.05119999999999897,2.0,3.0,1.0,1.0,,,,16.68420269864711,7.0,4.0,3.0,4.0,3.0,1.0,,,,,4.267667878797239,2.263919298204141,37.13583049564889,7.371801583759707,198,16,1,0.9903529270845224,1.0357936057000332,8.317947102500712,6.877093945822292,28,26.47615942743521,2.0,1.0112611830591274,2.022522366118257,ZINCf50000008Qrr_m01_t01,SER20;LEU22,2.0,88.67991924640197
1442,native_first,ZINCf5000002riGh,CC(C)(O)[C@H](N)C(=O)NCCCN=[N+]=[N-],1190,665,665,0,1,1,10.714285714285714,13.31077424992383,0.9030906274647852,12.020835469405817,3,215.25699999999998,-0.09880000000000044,3.0,4.0,6.0,1.0,,,,28.908505615030467,9.0,6.0,3.0,6.0,3.0,1.0,,,,,9.913538500928466,5.683866433994873,38.74807247494218,14.662280279453965,1071,16,5,0.7025059821339885,0.6801860243693216,6.275722348861524,6.077231826734203,28,26.47615942743521,2.0,1.0120223626935618,2.0240447253871245,ZINCf5000002riGh_m02_t03,SER20;LEU22,3.0,15.136403464831078
1443,native_first,ZINCf50000009qWd,COC(=O)[C@@H](CO)NC(=O)CCN=[N+]=[N-],1174,675,675,0,1,1,10.714285714285714,15.315268646616897,0.7918672657987335,12.12765990816959,3,216.19699999999997,-0.6631000000000005,2.0,5.0,6.0,1.0,,,,28.085983574066987,9.0,5.0,4.0,5.0,3.0,1.0,,,,,10.880305998941138,6.185104713459314,45.16791535226079,15.181725392722601,605,16,6,1.1194050581841783,1.0129006905409699,7.259444124724703,6.336379430762828,28,26.47615942743521,2.0,1.0150729827991591,2.030145965598316,ZINCf50000009qWd_m02_t01,SER20;LEU22,0.0,-23.682656010096885
1444,native_first,ZINCf5000002dEhn,CC(C)NS(=O)(=O)N1CCOC[C@@H](F)C1,1083,1426,1426,0,0,1,10.714285714285714,15.315268646616897,0.8163189356772927,12.502143801218116,3,240.29999999999993,-0.10049999999999981,1.0,3.0,3.0,1.0,,,,16.813295846674055,7.0,4.0,3.0,4.0,3.0,1.0,,,,,4.224354917501402,2.262028393470563,31.883720930232563,7.3715901497945655,1088,16,8,0.6721932817628937,0.9750461519493924,7.259444124724703,5.653868972047258,28,26.47615942743521,2.0,1.018142644449493,2.036285288898987,ZINCf5000002dEhn_m01_t01,SER20;LEU22,3.0,-131.66112946925648
1445,native_first,ZINCf5000002sezk,COC(=O)[C@H](CN)NC(=O)[C@@H](C)N=[N+]=[N-],1350,679,679,0,1,1,10.714285714285714,15.315268646616897,0.721528374293889,11.05040088846766,3,215.21300000000002,-0.6982999999999993,2.0,5.0,5.0,1.0,,,,28.085983574066987,9.0,5.0,4.0,5.0,3.0,1.0,,,,,7.931838557111663,4.4440488435822285,36.86184723304754,12.970374811350494,1111,16,3,0.9504766102530621,1.2533603471515955,7.259444124724703,5.147219019220828,28,26.47615942743521,2.0,1.0276893444216775,2.0553786888433585,ZINCf5000002sezk_m01_t02,SER20;LEU22,3.0,44.453616071535606
1446,native_first,ZINCf5000002dIPV,C[C@H]1C[C@H](O)CN1C(=O)[C@H](O)CC(F)F,1497,1456,1456,0,0,1,10.714285714285714,15.48021141629053,0.6659847867228249,10.309585298502487,3,223.219,-0.015800000000000147,2.0,3.0,3.0,1.0,,,,16.68420269864711,7.0,4.0,3.0,4.0,3.0,1.0,,,,,4.26676783829802,2.263919298204141,37.0,7.371126553385293,706,16,13,1.1079908886327166,1.5604995399582497,8.622706883572002,6.646865422621567,28,26.47615942743521,2.0,1.0321644985668372,2.0643289971336722,ZINCf5000002dIPV_m01_t02,SER20;LEU22,3.0,10.896454829851718
1447,native_first,ZINCf5000001snYt,CC1CN(C(=O)C2CCN2)C(C)(C)CN1,1405,1457,1457,0,0,1,7.142857142857143,11.789866216020478,0.8973009527439709,10.57905818835913,2,211.30899999999997,-0.05279999999999879,2.0,3.0,1.0,1.0,,,,16.68420269864711,7.0,4.0,3.0,4.0,3.0,1.0,,,,,4.2667628124066415,2.263919298204141,36.99924414210129,7.371122783966758,646,16,7,0.014701174211683623,0.029402348423368974,3.375021925854705,3.404424274278074,28,26.47615942743521,2.0,1.0331072423123857,2.06621448462477,ZINCf5000001snYt_m02_t01,SER20;LEU22,2.0,159.75720930845247
1448,native_first,ZINCf5000002rE6b,C[C@H](O)[C@H](NC(=O)CCN=[N+]=[N-])C(=O)O,1124,627,627,0,1,1,10.714285714285714,15.315268646616897,0.8045697463392857,12.322201810126572,3,216.197,-0.36300000000000027,3.0,4.0,6.0,1.0,,,,31.90608632301698,10.0,6.0,4.0,6.0,3.0,1.0,,,,,11.630176792291518,6.768470493899972,41.283819280273185,16.699154174972882,1100,16,12,1.0745490141535763,0.9799346012953428,7.259444124724703,6.417891683661562,28,26.47615942743521,2.0,1.0337842303423812,2.067568460684762,ZINCf5000002rE6b_m02_t03,SER20;LEU22,3.0,-5.708366891345019
1449,native_first,ZINCf5000002s8Bh,COCCN(CC(=O)O)C(=O)[C@H]1C[C@@H]1F,219,1003,1003,1,0,1,14.285714285714286,19.005613846886952,0.7994148880297302,15.193370665345421,4,219.212,-0.09600000000000031,1.0,3.0,6.0,1.0,,,,19.810876554660577,8.0,4.0,4.0,4.0,3.0,1.0,,,,,8.428174464482014,4.631898760309464,46.71777611568187,11.273849987026656,1035,16,2,0.8963663475111683,1.1100453576384672,8.622706883572002,7.699978990599092,28,26.47615942743521,2.0,1.0428406001937192,2.0856812003874383,ZINCf5000002s8Bh_m01_t01,SER20;LEU22,3.0,-2.177091028841396
1450,native_first,ZINCf5000001Rz2s,COC(CNS(N)(=O)=O)C1CC(F)(F)C1,1266,1368,1368,0,0,1,10.714285714285714,15.315268646616897,0.7603730684607313,11.645317815128521,3,244.26299999999998,-0.16020000000000012,2.0,3.0,5.0,1.0,,,,18.629680137681053,8.0,5.0,3.0,5.0,3.0,1.0,,,,,7.722965026688172,4.241064142325016,43.144329896907216,10.449643804436393,333,16,1,0.7764232597939092,1.1825340764590484,7.259444124724703,5.3871566303972225,28,26.47615942743521,2.0,1.0476703795535207,2.0953407591070414,ZINCf5000001Rz2s_m01_t01,SER20;LEU22,0.0,-188.4931939686983
1451,native_first,ZINCf5000000a2eu,C[C@H]1CN(C(=O)[C@@H]2CCCN2)C[C@H](C)N1,1392,1449,1449,0,0,1,7.142857142857143,11.789866216020478,0.8973169950159194,10.579247324599205,2,211.309,-0.05279999999999879,2.0,3.0,1.0,1.0,,,,16.68420269864711,7.0,4.0,3.0,4.0,3.0,1.0,,,,,4.584007593865212,2.4262277229023197,41.43019296254256,7.609056370060685,596,16,13,0.0012570797637680123,0.0025141595275379736,3.375021925854705,3.377536085382243,28,26.47615942743521,2.0,1.0659821388371549,2.131964277674311,ZINCf5000000a2eu_m01_t02,SER20;LEU22,3.0,60.802755587675776
1452,native_first,ZINCf50000017EUv,CN1C[C@H](NS(=O)(=O)N(C)C)CC1(C)C,1514,1309,1309,0,0,1,10.714285714285714,13.515260490838273,0.7314837519624685,9.886193452588493,3,235.35299999999995,-0.1348999999999987,1.0,3.0,3.0,1.0,,,,20.430088028777057,9.0,6.0,3.0,6.0,3.0,1.0,,,,,5.895630123861719,3.2898238725894084,28.35538752362948,9.529244600090554,783,16,4,1.227984836444888,1.307596133391027,8.317947102500712,7.385843774514097,28,26.47615942743521,2.0,1.0746301904383981,2.149260380876796,ZINCf50000017EUv_m02_t01,SER20;LEU22,1.0,-146.88786037427917
1453,native_first,ZINCf5000001ZYTR,O=C(O)C1(CNS(=O)(=O)CBr)CCCO1,1098,1284,1284,0,0,1,14.285714285714286,17.205605691108325,0.722501899690055,12.431082797143786,4,302.14600000000013,-0.1080000000000001,2.0,4.0,5.0,1.0,,,,20.868223863411366,8.0,3.0,5.0,3.0,3.0,1.0,,,,,5.925656444994551,3.2998303230918125,29.011185370834504,9.661298299598755,1428,16,7,1.2198561189643269,1.1940894142832736,8.622706883572002,6.912011624970735,28,26.47615942743521,2.0,1.0760425106626816,2.1520850213253624,ZINCf5000001ZYTR_m02_t01,SER20;LEU22,1.0,33.44217840327205
1454,native_first,ZINCf5000002seOG,COC(=O)[C@H](N)CNC(=O)CC(F)(F)Br,839,1104,1104,1,0,1,10.714285714285714,15.315268646616897,0.8671537054260909,13.280691956509875,3,289.07599999999996,-0.019299999999999817,2.0,4.0,5.0,1.0,,,,17.870643155424844,7.0,3.0,4.0,3.0,3.0,1.0,,,,,6.600953515051013,3.562274175167258,44.90954580446497,9.41837592514447,1330,16,11,0.6054991075446217,0.7522083364522559,7.259444124724703,5.859191435037664,28,26.47615942743521,2.0,1.0805840467918784,2.1611680935837585,ZINCf5000002seOG_m01_t01,SER20;LEU22,1.0,27.549869324762312
1455,native_first,ZINCf5000002rptI,C[C@@H]1[C@@H](O)CCCN1C(=O)C1(Cl)CNC1,1032,1461,1461,0,0,1,10.714285714285714,15.315268646616897,0.8291618629300936,12.69883668230372,3,232.711,-0.06100000000000011,2.0,3.0,1.0,1.0,,,,16.68420269864711,7.0,4.0,3.0,4.0,3.0,1.0,,,,,3.965153156657232,2.143102883134303,26.468344774980935,7.144915542154701,447,16,12,0.9953158247487262,0.8341693009923471,7.259444124724703,6.172164502648437,28,26.47615942743521,2.0,1.084170576473379,2.168341152946758,ZINCf5000002rptI_m02_t01,SER20;LEU22,2.0,44.94268810065778
1456,native_first,ZINCf5000002rpPd,C[C@@H]1CNCCCN1C(=O)C1=CCNC1,1422,1441,1441,0,0,1,7.142857142857143,11.789866216020478,0.8971129217825056,10.576841328478984,2,209.293,-0.27359999999999896,2.0,3.0,1.0,1.0,,,,16.68420269864711,7.0,4.0,3.0,4.0,3.0,1.0,,,,,5.85318919161147,3.132405268982868,44.54229797979798,8.56094256837038,398,16,5,0.052267919306469145,0.1045358386129398,3.375021925854705,3.2704860872417654,28,26.47615942743521,2.0,1.0846435901228455,2.1692871802456937,ZINCf5000002rpPd_m01_t01,SER20;LEU22,1.0,5.283162405874705
1457,native_first,ZINCf5000002aspg,CC(C)(N)C(=O)N[C@@H]1CNCC(F)(F)C1,1424,1364,1364,0,0,1,7.142857142857143,11.789866216020478,0.8969802616278552,10.575277283003459,2,221.25099999999995,-0.1628999999999996,3.0,3.0,2.0,1.0,,,,18.866173391263565,7.0,4.0,3.0,4.0,3.0,1.0,,,,,4.673640637705196,2.525148738663325,31.332599118942728,8.221773826094788,702,16,5,0.06714288519657798,0.1342857703931557,3.375021925854705,3.509307696247861,28,26.47615942743521,2.0,1.086542935693648,2.173085871387295,ZINCf5000002aspg_m02_t02,SER20;LEU22,2.0,150.7987865380039
1458,native_first,ZINCf50000028gDz,CN1C[C@@H](NC(=O)[C@@H]2CC2(Br)Br)C(=O)N1,1378,1285,1285,0,0,1,10.714285714285714,15.315268646616897,0.6981858139456655,10.692903305834749,3,341.003,-0.04619999999999974,2.0,3.0,2.0,1.0,,,,20.868223863411366,8.0,3.0,5.0,3.0,3.0,1.0,,,,,5.528532721096411,3.0813990463843712,26.858813700918965,9.36345550667515,354,16,7,0.9584359033015466,1.388637985337389,7.259444124724703,5.117564346936977,28,26.47615942743521,2.0,1.09390748807636,2.187814976152718,ZINCf50000028gDz_m01_t05,SER20;LEU22,2.0,26.87679765372824
1459,native_first,ZINCf5000002rwuD,C[C@H](C#N)ONC(=O)[C@H](N)CC1(C)N=N1,1479,765,765,0,1,1,7.142857142857143,11.789866216020478,0.884639778900169,10.429784642602927,2,211.22499999999997,-0.1543199999999998,2.0,6.0,5.0,1.0,,,,24.753182303343277,9.0,4.0,5.0,4.0,3.0,1.0,,,,,8.522091068849518,4.894786664788928,32.91077044025156,12.579863877472958,713,16,4,0.4176627652032637,0.8353255304065277,3.375021925854705,4.210347456261233,28,26.47615942743521,2.0,1.0959646303162438,2.1919292606324916,ZINCf5000002rwuD_m02_t02,SER20;LEU22,2.0,63.82673947753186
1460,native_first,ZINCf5000002s3ja,COCC1(C(=O)N2C[C@H](F)[C@H](O)C2)CC1,132,1133,1133,1,0,1,17.857142857142858,20.731008121704747,0.7528835847234744,15.608035709600532,5,217.23999999999995,-0.04580000000000051,1.0,3.0,3.0,1.0,,,,16.813295846674055,7.0,4.0,3.0,4.0,3.0,1.0,,,,,5.288193405158448,2.82056274571004,42.262185534591204,8.16946901553735,86,16,11,1.20266940794397,1.2037873458976107,8.622706883572002,7.757638780525767,28,26.47615942743521,2.0,1.102400889601675,2.204801779203353,ZINCf5000002s3ja_m01_t01,SER20;LEU22,1.0,49.971965601551226
1461,native_first,ZINCf5000002rWLl,CN(C)[C@H](CO)C(=O)N1C[C@H]2[C@@H](Br)[C@H]2C1,1360,1379,1379,0,0,1,10.714285714285714,13.515260490838273,0.8049956098411756,10.8797253609847,3,277.16200000000003,-0.23939999999999984,1.0,3.0,3.0,1.0,,,,18.629680137681053,8.0,5.0,3.0,5.0,3.0,1.0,,,,,5.299352852797997,2.874472216790681,33.88151200651201,8.631934674018762,484,16,10,0.796955911510428,1.10092304988426,8.317947102500712,7.221422350710754,28,26.47615942743521,2.0,1.1045263506705112,2.2090527013410233,ZINCf5000002rWLl_m01_t02,SER20;LEU22,3.0,62.53774425642804
1462,native_first,ZINCf5000002reVR,CCCN(CCO)C(=O)[C@@H](N)CN=[N+]=[N-],1045,753,753,0,1,1,10.714285714285714,15.315268646616897,0.8255712465597511,12.643845427984983,3,215.25699999999998,-0.14510000000000017,2.0,4.0,7.0,1.0,,,,25.088402866080468,8.0,5.0,3.0,5.0,3.0,1.0,,,,,8.724272745991575,4.8291579678881,45.10593482839797,12.815305276013799,454,16,12,0.9405371706604325,0.9369934297097334,7.259444124724703,6.3935664869619355,28,26.47615942743521,2.0,1.1049550319623023,2.209910063924603,ZINCf5000002reVR_m01_t03,SER20;LEU22,3.0,41.622470150655055
1463,native_first,ZINCf5000002eosV,O=[S@@](CC(F)(F)F)N[C@H]1CCS(=O)(=O)C1,1180,1333,1333,0,0,1,10.714285714285714,15.315268646616897,0.7897338922285706,12.094986718818955,3,265.278,-0.010899999999999688,1.0,4.0,3.0,1.0,,,,19.953218757907717,7.0,5.0,2.0,5.0,3.0,1.0,,,,,4.797567402996399,2.5689596025533485,36.211816045652895,8.586480241724228,540,16,3,0.6927704076217618,1.1631026688136306,7.259444124724703,5.8055787822454805,28,26.47615942743521,2.0,1.1202724174575605,2.2405448349151174,ZINCf5000002eosV_m01_t01,SER20;LEU22,3.0,-16.483861608553532
1464,native_first,ZINCf50000026yZO,COC(=O)[C@](C)(O)CNC(=O)CN=[N+]=[N-],1092,677,677,0,1,1,10.714285714285714,15.315268646616897,0.8139752301948824,12.466249322126453,3,216.197,-0.6631000000000005,2.0,5.0,5.0,1.0,,,,28.085983574066987,9.0,5.0,4.0,5.0,3.0,1.0,,,,,8.72733525863434,4.923336286843416,38.38664698162728,13.566997337492504,792,16,10,1.0869076767665475,0.9434020869511435,7.259444124724703,6.61779952568275,28,26.47615942743521,2.0,1.1209185765855396,2.2418371531710815,ZINCf50000026yZO_m02_t02,SER20;LEU22,2.0,-2.0310085003224176
1465,native_first,ZINCf5000001BSFm,CN1C[C@@H](O)[C@H](N(C)C(=O)[C@@H]2C[C@@H]2Br)C1,907,1082,1082,1,0,1,10.714285714285714,15.315268646616897,0.8532850929478711,13.068290430650116,3,277.16200000000003,-0.09689999999999976,1.0,3.0,2.0,1.0,,,,18.629680137681053,8.0,5.0,3.0,5.0,3.0,1.0,,,,,5.9652668258166965,3.2681666855776794,34.13872948756669,9.131370153782786,1382,16,4,0.8712554034569026,0.7045292702097575,7.259444124724703,5.942752892323095,28,26.47615942743521,2.0,1.1227141663310867,2.245428332662171,ZINCf5000001BSFm_m02_t01,SER20;LEU22,2.0,37.39308415384391
1466,native_first,ZINCf50000029iYw,O=C(CO)N[C@H]1CC[C@@](O)(C(F)(F)F)C1,701,1068,1068,1,0,1,10.714285714285714,15.48021141629053,0.8829608427320937,13.668420517798864,3,227.18199999999996,-0.05920000000000053,3.0,3.0,2.0,1.0,,,,18.866173391263565,7.0,4.0,3.0,4.0,3.0,1.0,,,,,3.874056173310509,2.0769042447749633,28.761312217194572,7.622085477798773,1201,16,8,0.6597597346598193,0.7907944195939544,8.622706883572002,7.987825959585062,28,26.47615942743521,2.0,1.12391338631747,2.247826772634938,ZINCf50000029iYw_m01_t03,SER20;LEU22,3.0,41.241033744680834
1467,native_first,ZINCf50000009skC,COC(C)(C)[C@H](N)C(=O)NS(=O)(=O)CI,945,885,885,0,1,1,10.714285714285714,15.315268646616897,0.8467860945272258,12.968756523903993,3,350.178,-0.4227999999999996,2.0,5.0,5.0,1.0,,,,22.695786574656285,9.0,4.0,5.0,4.0,3.0,1.0,,,,,6.799411567762663,3.8502813550678714,29.051339285714285,10.773505319486068,150,16,15,0.6734902258671391,0.8285976327391223,7.259444124724703,5.798670613981815,28,26.47615942743521,2.0,1.1246693045413587,2.2493386090827165,ZINCf50000009skC_m01_t02,SER20;LEU22,0.0,-2.075397403296538
1468,native_first,ZINCf50000018c0T,O=C1NCC[C@H]1C(=O)N[C@@H]1C[C@@H]1C(F)F,1305,1405,1405,0,0,1,10.714285714285714,13.515260490838273,0.8443236681948331,11.41125431423327,3,218.20299999999997,-0.1076999999999999,2.0,2.0,3.0,1.0,,,,17.870643155424844,7.0,3.0,4.0,3.0,3.0,1.0,,,,,6.407698528163963,3.4596941513192903,43.32444818555929,9.273434684979184,469,16,11,0.7849870437571353,0.8693319274034504,8.317947102500712,7.2032866942911244,28,26.47615942743521,2.0,1.130931694202297,2.2618633884045956,ZINCf50000018c0T_m01_t05,SER20;LEU22,3.0,-31.94583595344216
1469,native_first,ZINCf5000002ejHq,O=C([C@@H]1CCN1)N1CC[C@@]12CCCNC2,1416,1399,1399,0,0,1,7.142857142857143,11.789866216020478,0.8972541521160827,10.578506415217502,2,209.29299999999998,-0.29719999999999924,2.0,3.0,1.0,1.0,,,,18.500586989654103,8.0,5.0,3.0,5.0,3.0,1.0,,,,,4.949693244064747,2.6841607750945067,31.736440799884903,8.337416680462088,696,16,11,0.02901911445620124,0.05803822891240529,3.375021925854705,3.4330601547671105,28,26.47615942743521,2.0,1.131395839604976,2.2627916792099496,ZINCf5000002ejHq_m02_t02,SER20;LEU22,2.0,92.04251343451162
1470,native_first,ZINCf5000000apYf,O=C(N1CCO[C@H](CF)C1)C1(CO)CC1,1148,1484,1484,0,0,1,10.714285714285714,15.48021141629053,0.7902851212052765,12.233780755406466,3,217.23999999999992,-0.04420000000000024,1.0,3.0,3.0,1.0,,,,14.985733135429138,6.0,3.0,3.0,3.0,3.0,1.0,,,,,3.7166491476029475,1.9577053776986881,36.607190412782955,6.533920144559495,235,16,4,0.7808367966448918,1.1423173628643009,8.622706883572002,7.2796645269412,28,26.47615942743521,2.0,1.132754376692438,2.2655087533848777,ZINCf5000000apYf_m01_t01,SER20;LEU22,1.0,61.828931273855794
1471,native_first,ZINCf5000002qy1u,CC1(CS(=O)(=O)NC[C@@H](O)CC#N)N=N1,1456,879,879,0,1,1,10.714285714285714,13.515260490838273,0.7790176896752465,10.52862700293197,3,232.265,-0.6376199999999996,2.0,6.0,6.0,1.0,,,,22.695786574656285,9.0,4.0,5.0,4.0,3.0,1.0,,,,,10.61089125843623,6.078379314128519,41.72222222222222,13.632115087491242,544,16,9,1.0269666121614367,1.1598544706976563,8.317947102500712,7.445637526402537,28,26.47615942743521,2.0,1.1431381070081734,2.2862762140163477,ZINCf5000002qy1u_m01_t01,SER20;LEU22,1.0,-53.7374480299073
1472,native_first,ZINCf50000009nt2,CNS(=O)(=O)CC(=O)N1C[C@H]2[C@H](Br)[C@H]2C1,1208,1372,1372,0,0,1,10.714285714285714,13.515260490838273,0.8836821975243297,11.943195090657717,3,297.17400000000004,-0.6126999999999998,1.0,3.0,3.0,1.0,,,,18.629680137681053,8.0,5.0,3.0,5.0,3.0,1.0,,,,,6.519117210299276,3.55798198966421,38.86240627637916,9.54675794214472,1484,16,14,0.6569248208853927,0.7345173507748316,8.317947102500712,7.379506841512325,28,26.47615942743521,2.0,1.1484345470064246,2.29686909401285,ZINCf50000009nt2_m01_t01,SER20;LEU22,1.0,-104.19185367030754
1473,native_first,ZINCf5000002e29Q,CNS(=O)(=O)CCNC(=O)CC(F)(F)Cl,793,1065,1065,1,0,1,14.285714285714286,17.205605691108325,0.7800496586743203,13.421226846633992,4,264.6809999999999,-0.12650000000000045,2.0,3.0,6.0,1.0,,,,19.698205866669763,8.0,4.0,4.0,4.0,3.0,1.0,,,,,6.351303337047131,3.4884060864710373,35.42064307737484,9.68802896945279,1072,16,15,1.4490378070890082,0.8137602313702436,8.622706883572002,7.583919354178296,28,26.47615942743521,2.0,1.1636516969983475,2.3273033939966927,ZINCf5000002e29Q_m01_t02,SER20;LEU22,2.0,-121.67149328599939
1474,native_first,ZINCf50000023xoF,O=S(=O)(CI)N1C[C@H]2CCO[C@@]2(CO)C1,1138,1433,1433,0,0,1,10.714285714285714,15.315268646616897,0.8015824405009123,12.276450418682277,3,347.1740000000002,-0.20810000000000012,1.0,4.0,3.0,1.0,,,,16.813295846674055,7.0,4.0,3.0,4.0,3.0,1.0,,,,,3.6588034638686726,1.967552880041648,26.054395462748133,6.947426559570019,589,16,8,0.7546349052541774,0.9602233963123465,7.259444124724703,5.445824657594326,28,26.47615942743521,2.0,1.1731822530483589,2.346364506096717,ZINCf50000023xoF_m01_t01,SER20;LEU22,0.0,20.88362687295377
1475,native_first,ZINCf50000017pmg,C=CC[C@@](C)(CO)CNS(=O)(=O)N(C)C,897,1092,1092,1,0,1,14.285714285714286,17.205605691108325,0.7606963150063458,13.088240846678314,4,236.337,-0.04290000000000016,2.0,3.0,7.0,1.0,,,,18.500586989654103,8.0,5.0,3.0,5.0,3.0,1.0,,,,,6.275446921399822,3.408972681992616,39.433895921237685,9.331731938463392,1022,16,0,1.1575185012270837,1.1496042686345271,8.622706883572002,7.548967329658834,28,26.47615942743521,2.0,1.1826069521235678,2.3652139042471356,ZINCf50000017pmg_m01_t01,SER20;LEU22,2.0,-161.24826807221697
1476,native_first,ZINCf50000009tbw,COCC(=O)Cn1cc(I)c(O)nc1=O,1249,1522,1522,0,0,1,10.714285714285714,15.315268646616897,0.7667140278436533,11.742431311555258,3,324.07400000000007,-0.23099999999999993,1.0,6.0,4.0,1.0,,,,21.15511418072736,7.0,3.0,4.0,3.0,2.0,1.0,,,,,7.903414207812616,4.288190625442061,50.36107943747624,11.216339201041302,784,16,5,1.1270700671923837,1.1613085393009956,7.259444124724703,6.339806975243426,28,26.47615942743521,2.0,1.1855874818941308,2.371174963788259,ZINCf50000009tbw_m01_t07,SER20;LEU22,2.0,-13.699914662463122
1477,native_first,ZINCf5000002e53z,COC[C@H](CC(=O)OC)NS(=O)(=O)CBr,1155,1260,1260,0,0,1,14.285714285714286,19.005613846886952,0.6422671175836496,12.206680823347982,4,304.16200000000003,-0.16369999999999968,1.0,5.0,7.0,1.0,,,,21.627260845667575,9.0,5.0,4.0,5.0,3.0,1.0,,,,,8.036767686991116,4.5620147898897105,33.721271106941835,11.43439097666023,147,16,6,1.3052220477412033,1.6531552752849483,8.622706883572002,6.855183398990723,28,26.47615942743521,2.0,1.1872031700736374,2.3744063401472735,ZINCf5000002e53z_m01_t02,SER20;LEU22,3.0,-32.756805542601384
1478,native_first,ZINCf50000009vQr,COCCS(=O)(=O)N1CCSC[C@@H]1C#N,1533,1310,1310,0,0,1,7.142857142857143,9.220242027559541,0.8193481281291551,7.554588046178676,2,250.34499999999997,-0.09641999999999973,0.0,5.0,4.0,1.0,,,,20.21944242996933,9.0,6.0,3.0,6.0,3.0,1.0,,,,,6.069564893034395,3.355714558945168,31.732142857142858,9.607034277268129,1447,16,12,1.1198342524724638,2.239668504944926,7.259444124724703,5.019775619779777,28,26.47615942743521,2.0,1.1969152041191127,2.3938304082382293,ZINCf50000009vQr_m01_t01,SER20;LEU22,2.0,-6.9147145340645135
1479,native_first,ZINCf50000009p8N,COC(=O)C1(CS(=O)(=O)NCCF)CC1,298,1124,1124,1,0,1,10.714285714285714,15.48021141629053,0.9627107108815112,14.902965337173141,3,239.26799999999994,-0.1715000000000002,1.0,4.0,6.0,1.0,,,,16.813295846674055,7.0,4.0,3.0,4.0,3.0,1.0,,,,,6.3115014236049465,3.390733686201325,45.53653417289781,8.936950029372223,382,16,11,0.5691001801599205,0.2854664534532991,8.622706883572002,8.718345965915232,28,26.47615942743521,2.0,1.197637004492542,2.3952740089850844,ZINCf50000009p8N_m01_t01,SER20;LEU22,3.0,-36.815622308186235
1480,native_first,ZINCf5000002ejHp,O=C([C@@H]1CCN1)N1CC[C@]12CCCNC2,1409,1398,1398,0,0,1,7.142857142857143,11.789866216020478,0.8972861844508767,10.57888407215931,2,209.29299999999998,-0.29719999999999924,2.0,3.0,1.0,1.0,,,,18.500586989654103,8.0,5.0,3.0,5.0,3.0,1.0,,,,,4.949693244064747,2.6841607750945067,31.736440799884903,8.337416680462088,298,16,8,0.020338253868076576,0.040676507736151724,3.375021925854705,3.415698433590857,28,26.47615942743521,2.0,1.2002091681068205,2.40041833621364,ZINCf5000002ejHp_m01_t01,SER20;LEU22,1.0,64.53578760779014
1481,native_first,ZINCf5000001MY3e,CN(C)S(=O)(=O)C1CN(CCSC#N)C1,1423,1400,1400,0,0,1,7.142857142857143,11.789866216020478,0.8969998422880773,10.5755081363679,2,249.36099999999996,-0.22371999999999947,0.0,5.0,5.0,1.0,,,,18.419034538873326,8.0,5.0,3.0,5.0,3.0,1.0,,,,,7.202250576117302,3.920114778115073,44.254826254826256,10.006446566806307,1495,16,0,0.06516079229205318,0.13032158458410725,3.375021925854705,3.5053435104388124,28,26.47615942743521,2.0,1.2018121646371884,2.40362432927438,ZINCf5000001MY3e_m01_t01,SER20;LEU22,3.0,-57.21839536798589
1482,native_first,ZINCf5000002rwuJ,C[C@@H](C#N)ONC(=O)[C@@H](N)CCCC#N,1482,718,718,0,1,1,7.142857142857143,11.789866216020478,0.8841888163800357,10.424467854822117,2,210.23699999999994,-0.032540000000000235,2.0,5.0,6.0,1.0,,,,26.580745014588192,10.0,5.0,5.0,5.0,3.0,1.0,,,,,10.957123758305222,6.472423964797122,35.67856718898385,14.863029072375966,516,16,9,0.42524429644018247,0.8504885928803638,3.375021925854705,4.225510518735069,28,26.47615942743521,2.0,1.2216445010655423,2.443289002131084,ZINCf5000002rwuJ_m02_t03,SER20;LEU22,3.0,42.13485223912368
1483,native_first,ZINCf5000002s51i,COCC[C@H](C)S(=O)(=O)N(CCO)OC,1244,1365,1365,0,0,1,10.714285714285714,15.48021141629053,0.7595449164330682,11.757915886552619,3,241.30899999999997,-0.4030999999999998,1.0,5.0,8.0,1.0,,,,18.629680137681053,8.0,5.0,3.0,5.0,3.0,1.0,,,,,9.984677475271578,5.503062267903465,53.79260853964837,12.145928140873947,893,16,0,1.160646874573029,0.9715369548071685,8.622706883572002,6.821974859276917,28,26.47615942743521,2.0,1.2225310179288242,2.445062035857651,ZINCf5000002s51i_m01_t01,SER20;LEU22,3.0,18.604985581631823
1484,native_first,ZINCf50000017vpK,CCC1(CN2CCCNS2(=O)=O)COC1,636,1132,1132,1,0,1,14.285714285714286,17.205605691108325,0.8066083249533502,13.878184786312715,4,234.32099999999994,-0.04689999999999972,1.0,3.0,3.0,1.0,,,,16.813295846674055,7.0,4.0,3.0,4.0,3.0,1.0,,,,,5.520922603759803,2.9474290710776696,43.51693302891932,8.344015914488367,241,16,0,0.9855386431760286,0.8982133307896483,8.622706883572002,7.188557668387403,28,26.47615942743521,2.0,1.227666999382731,2.455333998765459,ZINCf50000017vpK_m01_t01,SER20;LEU22,0.0,-183.46879509063552
1485,native_first,ZINCf50000008Zxi,CCNCC(=O)N1CC[S@@](=O)C[C@@H](C)C1,743,915,915,1,0,1,10.714285714285714,15.315268646616897,0.8832273282625139,13.52686380837409,3,232.34899999999996,-0.17709999999999892,1.0,3.0,3.0,1.0,,,,21.769603048914714,8.0,6.0,2.0,6.0,3.0,1.0,,,,,5.914302583229253,3.208015401939944,37.815640017474884,9.87812769965062,1522,16,9,0.7898215500815254,0.6769511200650689,7.259444124724703,6.428848494270939,28,26.47615942743521,2.0,1.2301265132465706,2.4602530264931417,ZINCf50000008Zxi_m02_t02,SER20;LEU22,1.0,44.37158844628061
1486,native_first,ZINCf50000008OaJ,CC(C)NS(=O)(=O)N1C[C@@H](C)NC[C@H]1C,1454,1462,1462,0,0,1,7.142857142857143,11.789866216020478,0.8937817723531638,10.537567522361472,2,235.35299999999998,-0.0885999999999989,2.0,3.0,3.0,1.0,,,,16.68420269864711,7.0,4.0,3.0,4.0,3.0,1.0,,,,,3.7335699675537404,1.994273781439562,29.201627256547162,6.971228150327083,1499,16,6,0.21829755785247668,0.43659511570495413,3.375021925854705,2.938426810149751,28,26.47615942743521,2.0,1.2317950551363723,2.4635901102727447,ZINCf50000008OaJ_m01_t01,SER20;LEU22,1.0,-123.39796532010578
1487,native_first,ZINCf5000002e3Pb,COC[C@](C)(CNS(=O)(=O)CC#N)OC,1110,752,752,0,1,1,10.714285714285714,15.48021141629053,0.8004786984090894,12.39157948560977,3,236.29299999999998,-0.5191199999999989,1.0,5.0,7.0,1.0,,,,25.512219285599485,10.0,6.0,4.0,6.0,3.0,1.0,,,,,10.49307593251274,6.159347716032419,35.401957141087586,14.247861770784425,1243,16,7,0.9067781672638211,1.062938001082198,8.622706883572002,7.515753419660113,28,26.47615942743521,2.0,1.2424430194968625,2.484886038993727,ZINCf5000002e3Pb_m01_t01,SER20;LEU22,1.0,-17.98393478383756
1488,native_first,ZINCf50000008TSt,CCCN(C)S(=O)(=O)N[C@H](C)C[S@@](C)=O,763,913,913,1,0,1,14.285714285714286,17.205605691108325,0.7836438477621337,13.483067046858192,4,256.393,-0.07039999999999891,1.0,3.0,7.0,1.0,,,,21.769603048914714,8.0,6.0,2.0,6.0,3.0,1.0,,,,,6.120848398021283,3.2974090977926633,42.582758010267305,10.03303706074464,1481,16,7,1.0841813636938986,1.0886779490126761,8.622706883572002,7.711246250612902,28,26.47615942743521,2.0,1.252511857142869,2.5050237142857377,ZINCf50000008TSt_m01_t01,SER20;LEU22,2.0,-177.04893661099635
1489,native_first,ZINCf5000002rgTV,CC(C)(N=[N+]=[N-])C(=O)N(CCN)CCN,1441,754,754,0,1,1,7.142857142857143,11.789866216020478,0.8961974536221703,10.566048081343604,2,214.27299999999994,-0.1786999999999982,2.0,4.0,6.0,1.0,,,,25.088402866080468,8.0,5.0,3.0,5.0,3.0,1.0,,,,,4.912418072650431,2.656054659904926,32.64432485322897,9.95641427100794,1054,16,14,0.12251887535717512,0.24503775071434886,3.375021925854705,3.1299841751403563,28,26.47615942743521,2.0,1.2592586379899455,2.5185172759798915,ZINCf5000002rgTV_m01_t01,SER20;LEU22,1.0,58.05800730049491
1490,native_first,ZINCf5000002dmly,C#C[C@@]1(CO)COCCN1[S@@](=O)C(C)C,1368,852,852,0,1,1,14.285714285714286,17.040662921434695,0.6323444287956494,10.775568261353826,4,231.31699999999998,-0.2450000000000001,1.0,4.0,3.0,1.0,,,,22.950799465894235,8.0,5.0,3.0,5.0,3.0,1.0,,,,,5.0913167488057365,2.781447699834466,30.029415526282133,9.55618742807786,1132,16,10,1.4132312305150896,1.6443956791167444,8.317947102500712,6.537871261028729,28,26.47615942743521,2.0,1.2604128790872489,2.5208257581744986,ZINCf5000002dmly_m01_t01,SER20;LEU22,3.0,79.9641207373261
1491,native_first,ZINCf5000001YIUb,CCOC(=O)C(COC)NS(=O)(=O)CI,1207,1341,1341,0,0,1,14.285714285714286,17.205605691108325,0.6941884017778169,11.943931916329799,4,351.162,-0.12359999999999988,1.0,5.0,7.0,1.0,,,,19.810876554660577,8.0,4.0,4.0,4.0,3.0,1.0,,,,,6.179967971062372,3.3824256738892493,35.73923137719818,9.587695116961923,67,16,2,1.239355817408067,1.4944129116086493,8.622706883572002,7.463569461382902,28,26.47615942743521,2.0,1.2674772447774838,2.53495448955497,ZINCf5000001YIUb_m01_t01,SER20;LEU22,1.0,-1.8112848835405204
1492,native_first,ZINCf5000002rSv3,CN(C1CCC1)S(=O)(=O)NCC[S@](C)=O,1136,823,823,0,1,1,14.285714285714286,17.205605691108325,0.7146028593390017,12.29517502352541,4,254.37699999999998,-0.3163999999999989,1.0,3.0,6.0,1.0,,,,23.570010940010718,9.0,7.0,2.0,7.0,3.0,1.0,,,,,6.962634183945994,3.8114893051240544,40.188127090301016,11.114478372962175,985,16,5,1.2428992430287575,1.3146724804671084,8.622706883572002,7.248418977453074,28,26.47615942743521,2.0,1.2701968628961349,2.540393725792269,ZINCf5000002rSv3_m01_t01,SER20;LEU22,0.0,-158.19632294704786
1493,native_first,ZINCf5000002mzuw,C[C@@H](O)[C@H](O)C(=O)N1CCC[C@H]1C(F)F,1457,1451,1451,0,0,1,10.714285714285714,13.515260490838273,0.7785587132304772,10.522423816721753,3,223.21899999999997,-0.015800000000000702,2.0,3.0,3.0,1.0,,,,16.68420269864711,7.0,4.0,3.0,4.0,3.0,1.0,,,,,4.291142238322166,2.305163893596612,30.990708022510148,7.389407353403402,656,16,4,1.0665516935048795,1.046683640777222,8.317947102500712,6.994015876515178,28,26.47615942743521,2.0,1.2980381735253097,2.5960763470506185,ZINCf5000002mzuw_m01_t05,SER20;LEU22,2.0,27.171434568881246
1494,native_first,ZINCf500000188ix,O=C(NC1(CF)COC1)[C@@]1(F)CCOC1,632,1098,1098,1,0,1,10.714285714285714,15.48021141629053,0.8973134345055185,13.890601672823191,3,221.20299999999995,-0.030300000000000438,1.0,3.0,3.0,1.0,,,,17.98331384341566,7.0,3.0,4.0,3.0,3.0,1.0,,,,,5.2975386189646745,2.869741343858487,34.39929771758214,8.46898242507742,1232,16,5,0.6404184522445119,0.7364090644600149,8.622706883572002,8.192438905256845,28,26.47615942743521,2.0,1.2999261752901403,2.5998523505802797,ZINCf500000188ix_m01_t02,SER20;LEU22,1.0,74.81565762191099
1495,native_first,ZINCf50000008M1S,CC(C)(F)C(=O)N1CCNCCNCC1,1490,1467,1467,0,0,1,7.142857142857143,11.789866216020478,0.8794254560599584,10.368308473909705,2,217.28799999999998,-0.24409999999999843,2.0,3.0,1.0,1.0,,,,16.68420269864711,7.0,4.0,3.0,4.0,3.0,1.0,,,,,3.17083372150276,1.6816168108514662,27.71377368151561,6.549175965788848,348,16,9,0.499136361893369,0.9982727237867381,3.375021925854705,4.373294649641443,28,26.47615942743521,2.0,1.327251566570149,2.6545031331402953,ZINCf50000008M1S_m01_t01,SER20;LEU22,3.0,106.10711047185129
1496,native_first,ZINCf5000000atep,O=C(O)CC1(NCCCO)CCOCC1,109,294,294,1,1,1,17.857142857142858,20.731008121704747,0.7593230623802745,15.741532573203191,5,217.26499999999996,-0.01770000000000005,3.0,4.0,6.0,1.0,,,,25.524123561538133,10.0,6.0,4.0,6.0,3.0,1.0,,,,,11.913961919423178,7.164189836481069,35.35174671833228,15.316502329951916,334,16,8,1.2108221283319334,1.0914159952707816,8.622706883572002,7.403576281231017,28,26.47615942743521,2.0,1.3450595335310722,2.690119067062141,ZINCf5000000atep_m01_t02,SER20;LEU22,0.0,-33.322888758837045
1497,native_first,ZINCf50000017txB,CC(F)(F)C(=O)N1[C@H](CO)CC[C@H]1CO,1476,1489,1489,0,0,1,10.714285714285714,15.48021141629053,0.6756228104915408,10.458783944077444,3,223.21899999999997,-0.014199999999999935,2.0,3.0,3.0,1.0,,,,14.85663998740219,6.0,3.0,3.0,3.0,3.0,1.0,,,,,2.1075079432650665,1.1125559018932663,19.937444146559432,5.294790954299347,1155,16,15,1.0911259472265409,1.5630812241248482,8.622706883572002,6.8429713743392675,28,26.47615942743521,2.0,1.348703473849316,2.6974069476986298,ZINCf50000017txB_m01_t01,SER20;LEU22,1.0,99.51195734392294
1498,native_first,ZINCf5000002rpPs,C[C@@H]1CNCCCN1C(=O)C1(Cl)CNC1,1425,1487,1487,0,0,1,7.142857142857143,11.789866216020478,0.8969141566406524,10.574497914048127,2,231.727,-0.2223999999999992,2.0,3.0,1.0,1.0,,,,14.85663998740219,6.0,3.0,3.0,3.0,3.0,1.0,,,,,4.047975204951165,2.143102883134303,36.415257910706536,6.750141400563921,1195,16,15,0.07344155077522896,0.14688310155045547,3.375021925854705,3.2281388243042497,28,26.47615942743521,2.0,1.374964534896512,2.7499290697930245,ZINCf5000002rpPs_m02_t01,SER20;LEU22,0.0,97.0326473281336
1499,native_first,ZINCf5000002dEho,CC(C)NS(=O)(=O)N1CCOC[C@H](F)C1,1139,1427,1427,0,0,1,10.714285714285714,15.315268646616897,0.8015253058482602,12.275575386127878,3,240.29999999999993,-0.10049999999999981,1.0,3.0,3.0,1.0,,,,16.813295846674055,7.0,4.0,3.0,4.0,3.0,1.0,,,,,4.224354917501402,2.262028393470563,31.883720930232563,7.3715901497945655,1138,16,0,0.7458221609549412,0.9871860946075222,7.259444124724703,5.517532823764455,28,26.47615942743521,2.0,1.3755425006522177,2.7510850013044337,ZINCf5000002dEho_m01_t01,SER20;LEU22,2.0,-131.799168640679
1500,native_first,ZINCf50000009sqK,COC(CS(=O)(=O)N1CCCOC1)OC,1521,1414,1414,0,0,1,14.285714285714286,14.635981502647391,0.6338520279135145,9.277046555957735,4,239.29299999999992,-0.3850999999999991,0.0,5.0,5.0,1.0,,,,17.221861721982812,8.0,6.0,2.0,6.0,3.0,1.0,,,,,3.9551101652891827,2.1220526579208467,29.041843859925446,7.27179805446259,252,16,8,1.2633165519971359,1.8014070885112112,8.622706883572002,7.077171713150614,28,26.47615942743521,2.0,1.3816628790965833,2.763325758193165,ZINCf50000009sqK_m01_t01,SER20;LEU22,1.0,-123.8979497912056
1501,native_first,ZINCf50000017RrL,C[C@@H](O)CC(=O)N1CCC(F)(F)[C@@H]1CO,765,1094,1094,1,0,1,14.285714285714286,17.205605691108325,0.7835052725294959,13.480682776046873,4,223.21899999999997,-0.014200000000000379,2.0,3.0,3.0,1.0,,,,18.500586989654103,8.0,5.0,3.0,5.0,3.0,1.0,,,,,5.428446206924453,2.977172547256408,30.73104241696678,8.696481402606866,905,16,7,1.122942619546623,1.109899240104718,8.622706883572002,8.036297141904857,28,26.47615942743521,2.0,1.3996876624119943,2.799375324823985,ZINCf50000017RrL_m01_t01,SER20;LEU22,2.0,-4.599787636750261
1502,native_first,ZINCf50000008PHb,CC(C)[C@H]1CNC(=O)CN1S(=O)(=O)CCl,1242,1381,1381,0,0,1,10.714285714285714,15.315268646616897,0.7683796548871694,11.767940837191777,3,254.73899999999998,-0.031099999999999683,1.0,3.0,3.0,1.0,,,,18.629680137681053,8.0,5.0,3.0,5.0,3.0,1.0,,,,,4.890033710450925,2.669021979284147,29.132385938668666,8.324945317258456,838,16,0,0.7345160496103944,1.2426051590785079,7.259444124724703,5.700664009245918,28,26.47615942743521,2.0,1.4167340064544012,2.8334680129088,ZINCf50000008PHb_m01_t03,SER20;LEU22,1.0,40.14481188614175
1503,native_first,ZINCf5000002dxxB,CC[C@@H]1[C@H](O)CCN1C(=O)[C@@H](O)C(F)F,1166,1466,1466,0,0,1,10.714285714285714,15.315268646616897,0.7940162327071739,12.160571913685047,3,223.219,-0.015800000000000147,2.0,3.0,3.0,1.0,,,,16.68420269864711,7.0,4.0,3.0,4.0,3.0,1.0,,,,,3.4812571921482633,1.8569193997082512,27.794175521448256,6.781993568772974,109,16,2,0.802060738759048,0.9400514175161704,7.259444124724703,5.317984713009148,28,26.47615942743521,2.0,1.4570316265387748,2.914063253077554,ZINCf5000002dxxB_m01_t01,SER20;LEU22,0.0,65.28308772505694
1504,native_first,ZINCf5000002e4p9,CO[C@@](C)(CO)C(=O)N1C[C@H](F)[C@H](F)C1,677,1136,1136,1,0,1,10.714285714285714,15.48021141629053,0.887695815309963,13.74171889435462,3,223.21899999999994,-0.09780000000000033,1.0,3.0,3.0,1.0,,,,16.813295846674055,7.0,4.0,3.0,4.0,3.0,1.0,,,,,5.079986429780414,2.7121637920925017,40.01193317422435,8.013313784003826,982,16,5,0.6107186981806727,0.7604247666841254,8.622706883572002,7.819783782011617,28,26.47615942743521,2.0,1.4809257847894013,2.961851569578802,ZINCf5000002e4p9_m01_t01,SER20;LEU22,3.0,98.60397455319857
1505,native_first,ZINCf50000027HWE,O=C1NCCN(S(=O)(=O)CI)[C@@H]1C1CC1,1191,1434,1434,0,0,1,10.714285714285714,15.315268646616897,0.7846481279822415,12.017096873113065,3,344.1740000000001,-0.0809000000000002,1.0,3.0,3.0,1.0,,,,16.813295846674055,7.0,4.0,3.0,4.0,3.0,1.0,,,,,2.3113089997177374,1.2265737886512729,19.987446890691384,5.936805711456817,1238,16,10,0.7033344890298557,1.1623558696879688,7.259444124724703,5.70493262295941,28,26.47615942743521,2.0,1.4938184927211018,2.9876369854422054,ZINCf50000027HWE_m01_t03,SER20;LEU22,3.0,26.02436984462419
1506,native_first,ZINCf50000009rkW,COC(=O)[C@@](C)(CO)NC(=O)CN=[N+]=[N-],1090,678,678,0,1,1,10.714285714285714,15.315268646616897,0.8142018776465905,12.469720488737433,3,216.197,-0.6631000000000005,2.0,5.0,5.0,1.0,,,,28.085983574066987,9.0,5.0,4.0,5.0,3.0,1.0,,,,,7.932715560182878,4.443801429346359,36.91683070866141,12.971032563653907,543,16,8,1.0890161550127149,0.896263960897384,7.259444124724703,6.338131237966112,28,26.336981471584913,2.0,0.007402924951537213,0.014805849903076762,ZINCf50000009rkW_m02_t01,GLU17;LEU22,1.0,-9.028755219469748
1507,native_first,ZINCf50000024mgd,COC(=O)[C@@H]([C@@H](C)O)N(C)S(=O)(=O)CI,931,1377,1377,0,0,1,10.714285714285714,15.315268646616897,0.8488884087100409,13.000954030393398,3,351.1619999999999,-0.43710000000000027,1.0,5.0,5.0,1.0,,,,18.629680137681053,8.0,5.0,3.0,5.0,3.0,1.0,,,,,6.0550465397370985,3.3319398576950703,33.1372397443826,9.198704939223088,328,16,9,0.9371439457275824,0.7666453914874506,7.259444124724703,6.256994103677929,28,26.336981471584913,2.0,0.02689172316506897,0.05378344633013965,ZINCf50000024mgd_m01_t02,GLU17;LEU22,0.0,17.717190243720495
1508,native_first,ZINCf50000009ydq,COC[C@@](C)(NC(=O)CN=[N+]=[N-])C(N)=O,1121,621,621,0,1,1,10.714285714285714,15.315268646616897,0.805709144902662,12.339652005220248,3,215.213,-0.6966999999999994,2.0,4.0,6.0,1.0,,,,31.970942013998897,10.0,6.0,4.0,6.0,3.0,1.0,,,,,7.731469022127089,4.443801429346359,29.71724553407719,13.791337270095042,1061,16,12,1.1441824204803177,0.9383856399261291,7.259444124724703,6.50808862874652,28,26.336981471584913,2.0,0.027832583870458366,0.05566516774091612,ZINCf50000009ydq_m02_t02,GLU17;LEU22,3.0,-18.625633085039304
1509,native_first,ZINCf50000009zw4,COC[C@H](NS(=O)(=O)C(Cl)Cl)C(=O)OC,1381,1342,1342,0,0,1,10.714285714285714,15.315268646616897,0.6941179986644037,10.63060362199741,3,280.129,-0.1449999999999998,1.0,5.0,6.0,1.0,,,,19.810876554660577,8.0,4.0,4.0,4.0,3.0,1.0,,,,,6.178945025600729,3.3824256738892493,35.670928100688755,9.586927907865691,97,16,13,1.0907712179967222,1.5210495517081686,7.259444124724703,5.782780271894368,28,26.336981471584913,2.0,0.04028924064022428,0.08057848128045464,ZINCf50000009zw4_m01_t01,GLU17;LEU22,1.0,53.50905775631755
1510,native_first,ZINCf50000009zuV,COC[C@H](NC=C(C#N)C#N)C(=O)OC,1444,819,819,0,1,1,7.142857142857143,11.789866216020478,0.8955383651271484,10.558277516162777,2,209.20499999999998,-0.30494,1.0,6.0,5.0,1.0,,,,23.695834994592488,9.0,5.0,4.0,5.0,3.0,1.0,,,,,8.465196133290908,4.830409911647943,34.200031036623216,12.2728558486163,163,16,1,0.15453857609144941,0.30907715218289633,3.375021925854705,3.6840990780376015,28,26.336981471584913,2.0,0.05133149756944749,0.10266299513889798,ZINCf50000009zuV_m01_t01,GLU17;LEU22,1.0,18.094056392756595
1511,native_first,ZINCf5000002mBx2,CNC(=S)N1CC[C@@H]2COC(=O)N[C@H]2C1,1507,830,830,0,1,1,7.142857142857143,11.789866216020478,0.8544821032888661,10.074229681759522,2,229.305,-0.0789999999999999,2.0,3.0,0.0,1.0,,,,23.314998048772765,10.0,6.0,4.0,6.0,3.0,1.0,,,,,7.62417885868113,4.38617936065115,29.125241645954148,11.546883656204038,1045,16,5,0.7951209701213489,1.5902419402426977,3.375021925854705,4.965263866097403,28,26.336981471584913,2.0,0.05213881628952194,0.10427763257904843,ZINCf5000002mBx2_m01_t03,GLU17;LEU22,3.0,-86.38422734224292
1512,native_first,ZINCf50000009qZi,COC(=O)[C@@H](N)CCn1nc(Cl)sc1=O,1129,1317,1317,0,0,1,10.714285714285714,15.315268646616897,0.8039594668222647,12.312855215373867,3,251.69500000000002,-0.15139999999999998,1.0,7.0,4.0,1.0,,,,20.006349551192564,7.0,4.0,3.0,4.0,3.0,1.0,,,,,9.03168840658302,4.900316706576348,57.55695558101056,11.775353692735406,1523,16,8,0.8544628434156267,0.8860296210186515,7.259444124724703,5.442044948508959,28,26.336981471584913,2.0,0.06479827802917847,0.1295965560583583,ZINCf50000009qZi_m02_t02,GLU17;LEU22,3.0,1.486957102202668
1513,native_first,ZINCf5000002d9mj,COC(=O)c1nc(O)nc(O)c1[N+](=O)[O-],1525,595,595,0,1,1,10.714285714285714,15.48021141629053,0.5737382844435832,8.8815899408065,3,215.12099999999998,-0.4174000000000002,2.0,8.0,2.0,1.0,,,,38.28266526254425,10.0,7.0,3.0,7.0,3.0,1.0,,,,,11.372748743607191,6.4937126455593175,45.73755805455362,18.100227873341456,861,16,14,1.4619710557109735,1.8459094362358364,8.622706883572002,6.181482401051437,28,26.336981471584913,2.0,0.06883218044373887,0.13766436088747813,ZINCf5000002d9mj_m01_t02,GLU17;LEU22,1.0,-104.40737980063668
1514,native_first,ZINCf5000002dhwr,CC1(C)[C@H](O)[C@H](O)CN1[S@@](=O)CC(F)F,1130,873,873,0,1,1,10.714285714285714,15.315268646616897,0.8035848581928675,12.307117983577308,3,243.27499999999995,-0.26879999999999993,2.0,4.0,3.0,1.0,,,,22.83812877790342,8.0,5.0,3.0,5.0,3.0,1.0,,,,,4.932868006923738,2.721486670744199,26.317573292662267,9.409183199668657,1055,16,6,0.7515239173729173,0.9793710578760054,7.259444124724703,5.543857316677987,28,26.336981471584913,2.0,0.07014490970664522,0.14028981941329066,ZINCf5000002dhwr_m01_t01,GLU17;LEU22,1.0,45.16445296448808
1515,native_first,ZINCf5000002seea,COC(=O)[C@H](CCCl)NS(=O)(=O)N(C)C,1373,1308,1308,0,0,1,10.714285714285714,15.315268646616897,0.7014964251652652,10.743606206047422,3,258.727,-0.4470999999999996,1.0,4.0,6.0,1.0,,,,20.430088028777057,9.0,6.0,3.0,6.0,3.0,1.0,,,,,5.896728196446458,3.2898238725894084,28.40627014829142,9.53006815452911,979,16,8,1.0342530898642066,1.4988898170778218,7.259444124724703,5.74337710835891,28,26.336981471584913,2.0,0.07018505101496672,0.14037010202993283,ZINCf5000002seea_m01_t02,GLU17;LEU22,1.0,-138.51637689250163
1516,native_first,ZINCf5000002e91S,COC(=O)[C@@H](CC#N)NC(=O)CN=[N+]=[N-],1001,648,648,0,1,1,10.714285714285714,15.315268646616897,0.8346722560863191,12.783229833839792,3,211.181,-0.13182,1.0,5.0,5.0,1.0,,,,29.788971321382434,10.0,6.0,4.0,6.0,3.0,1.0,,,,,9.872780671474214,5.730437586954772,35.62467684436824,14.85182833395127,1471,16,3,1.0197325771573582,0.813514962377535,7.259444124724703,6.324232299855969,28,26.336981471584913,2.0,0.08242946412827686,0.16485892825655402,ZINCf5000002e91S_m01_t05,GLU17;LEU22,2.0,14.740589344855675
1517,native_first,ZINCf5000000aqpP,O=C(NCC(F)F)[C@@]1(F)CCS(=O)(=O)C1,1072,1480,1480,0,0,1,10.714285714285714,15.315268646616897,0.8186312202206861,12.537557060187606,3,245.22199999999995,-0.10550000000000015,1.0,3.0,3.0,1.0,,,,14.985733135429138,6.0,3.0,3.0,3.0,3.0,1.0,,,,,5.333181364317296,2.8133710776133563,51.11111111111112,7.7463193070952565,391,16,8,0.8705899220566228,0.9471420623554088,7.259444124724703,6.022669249760224,28,26.336981471584913,2.0,0.09416606835106196,0.18833213670212334,ZINCf5000000aqpP_m01_t02,GLU17;LEU22,2.0,15.656356125847068
1518,native_first,ZINCf5000001rvMT,CN(C)S(=O)(=O)N(C)C1CCCNCC1,1455,1362,1362,0,0,1,7.142857142857143,11.789866216020478,0.8931007207926315,10.529538015576584,2,235.35299999999995,-0.13329999999999886,1.0,3.0,3.0,1.0,,,,19.196540316982006,9.0,7.0,2.0,7.0,3.0,1.0,,,,,4.495229129706137,2.41638022055936,32.18125960061444,8.170556926525105,1082,16,0,0.2385806813025413,0.4771613626050808,3.375021925854705,2.8978605632496244,28,26.336981471584913,2.0,0.15735445247558377,0.3147089049511651,ZINCf5000001rvMT_m01_t01,GLU17;LEU22,2.0,-147.16270426740738
1519,native_first,ZINCf5000001IyAE,CNS(=O)(=O)N1CCOC(C)(C(F)F)C1,1185,1428,1428,0,0,1,10.714285714285714,15.315268646616897,0.7877122597603019,12.064024874462696,3,244.26299999999995,-0.1933999999999998,1.0,3.0,3.0,1.0,,,,16.813295846674055,7.0,4.0,3.0,4.0,3.0,1.0,,,,,4.223488544875723,2.262028393470563,31.78529754959161,7.370940370325306,1436,16,7,0.833883029214144,1.0362563216973848,7.259444124724703,5.563024821795567,28,26.336981471584913,2.0,0.2736759563909315,0.5473519127818611,ZINCf5000001IyAE_m01_t01,GLU17;LEU22,1.0,-99.77444855514536
1520,native_first,ZINCf50000008Adv,C#CC1(O)CN(CC[S@](=O)C(F)(F)F)C1,609,994,994,1,0,1,10.714285714285714,15.48021141629053,0.9013928872408402,13.953752463628737,3,241.23399999999995,-0.06519999999999992,1.0,3.0,3.0,1.0,,,,19.953218757907717,7.0,5.0,2.0,5.0,3.0,1.0,,,,,5.583206504649425,2.9659755044790512,47.48362633574629,9.175709567963999,1182,16,14,0.6992107101535381,0.6598453446879563,8.622706883572002,8.065312724625327,28,26.336981471584913,2.0,0.28732027196489335,0.5746405439297888,ZINCf50000008Adv_m02_t01,GLU17;LEU22,1.0,79.7548497812243
1521,native_first,ZINCf50000008BR0,C#CCNS(=O)(=O)N(CC)C[C@@H](C)C#N,1470,1432,1432,0,0,1,7.142857142857143,11.789866216020478,0.8882995215863062,10.472932519257546,2,229.30499999999995,-0.0644199999999997,1.0,3.0,6.0,1.0,,,,16.813295846674055,7.0,4.0,3.0,4.0,3.0,1.0,,,,,3.823117038101186,2.033672313044373,31.834926324173633,7.070661740244404,935,16,15,0.3507977792478172,0.7015955584956326,3.375021925854705,2.6734263673590726,28,26.336981471584913,2.0,0.3390509511133587,0.6781019022267154,ZINCf50000008BR0_m01_t01,GLU17;LEU22,0.0,-199.28856918157416
1522,native_first,ZINCf50000017ZfV,C[C@]1(CO)C[C@@H](O)CN1C(=O)CC(F)F,1215,1488,1488,0,0,1,10.714285714285714,15.315268646616897,0.7776880979246398,11.910502142992366,3,223.21899999999997,-0.01419999999999999,2.0,3.0,3.0,1.0,,,,14.85663998740219,6.0,3.0,3.0,3.0,3.0,1.0,,,,,2.428788816848452,1.2746169123555762,25.702811244979912,5.535751609486886,1255,16,8,1.0361425692548776,1.039734397113089,7.259444124724703,5.804975756841861,28,26.336981471584913,2.0,0.4591736203648287,0.9183472407296582,ZINCf50000017ZfV_m01_t01,GLU17;LEU22,2.0,19.183391051231695
1523,native_first,ZINCf5000002s5Dp,COC[C@](C)(NS(=O)(=O)CI)C(=O)OC,1380,1343,1343,0,0,1,10.714285714285714,15.315268646616897,0.6966162157505205,10.668864487808857,3,351.16200000000003,-0.12360000000000015,1.0,5.0,6.0,1.0,,,,19.810876554660577,8.0,4.0,4.0,4.0,3.0,1.0,,,,,6.1776100452158795,3.3824256738892493,35.58214779687808,9.585926672577054,181,16,15,1.0454626060251229,1.5163574494489651,7.259444124724703,5.715144390863404,28,26.336981471584913,2.0,0.4828343219057807,0.9656686438115663,ZINCf5000002s5Dp_m01_t01,GLU17;LEU22,0.0,11.247607472863852
1524,native_first,ZINCf50000009d8s,CN(C)S(=O)(=O)N1CCCC[C@@H](CO)C1,1496,1474,1474,0,0,1,7.142857142857143,11.789866216020478,0.8757842064215476,10.32537862781371,2,236.33699999999993,-0.11279999999999996,1.0,3.0,3.0,1.0,,,,15.615676969658399,7.0,5.0,2.0,5.0,3.0,1.0,,,,,5.07420877915446,2.725405370486977,36.72119972733471,7.709575826780444,440,16,8,0.5498706275756567,1.0997412551513124,3.375021925854705,4.4747631810060176,28,26.336981471584913,2.0,0.5335022682686558,1.0670045365373104,ZINCf50000009d8s_m01_t01,GLU17;LEU22,3.0,-150.36128477477942
1525,native_first,ZINCf5000002rUzF,CN(C)C[C@@H]1COCCN1S(=O)(=O)CI,1294,1401,1401,0,0,1,10.714285714285714,15.315268646616897,0.7503852490108087,11.492351677059052,3,348.20599999999996,-0.028899999999999926,0.0,4.0,4.0,1.0,,,,18.419034538873326,8.0,5.0,3.0,5.0,3.0,1.0,,,,,3.170947443512056,1.696903557452227,24.14430553438024,6.982969217352373,849,16,4,0.8544316913234529,1.138335530291792,7.259444124724703,5.180930466224132,28,26.336981471584913,2.0,0.6237302528709453,1.2474605057418904,ZINCf5000002rUzF_m02_t01,GLU17;LEU22,2.0,42.853232174516265
1526,native_first,ZINCf5000002s2ww,CO[C@]1(CN(C)S(=O)(=O)OC)CCOC1,1532,1311,1311,0,0,1,7.142857142857143,9.385184797233174,0.8543061288411579,8.01782089258316,2,239.29299999999992,-0.3850999999999991,0.0,5.0,5.0,1.0,,,,20.21944242996933,9.0,6.0,3.0,6.0,3.0,1.0,,,,,5.575566800043389,3.116237955803389,26.449310234199547,9.236535707524874,153,16,14,0.7969193509554835,1.5938387019109657,8.622706883572002,7.0288681816610366,28,26.336981471584913,2.0,0.7084067300926109,1.4168134601852227,ZINCf5000002s2ww_m01_t01,GLU17;LEU22,0.0,-63.620384040966236
1527,native_first,ZINCf5000002dXDq,CN1C[C@H](NC(=O)CC(F)(F)Br)C(=O)N1,1376,1286,1286,0,0,1,10.714285714285714,15.315268646616897,0.6990855714800095,10.706683334190044,3,286.07599999999996,-0.17440000000000005,2.0,3.0,3.0,1.0,,,,20.868223863411366,8.0,3.0,5.0,3.0,3.0,1.0,,,,,5.525114745717485,3.0813990463843712,26.698334506216277,9.360892025140956,1005,16,3,0.9483379481869912,1.3847173576982377,7.259444124724703,5.104780432739955,28,26.336981471584913,2.0,0.7587266532540375,1.5174533065080733,ZINCf5000002dXDq_m01_t05,GLU17;LEU22,2.0,24.49854289236555
1528,native_first,ZINCf5000001BgkG,CC(O)CN(CC(F)F)S(=O)(=O)N(C)C,1394,1472,1472,0,0,1,7.142857142857143,11.789866216020478,0.8973163965641209,10.579240268932562,2,246.279,-0.2593000000000001,1.0,3.0,6.0,1.0,,,,15.615676969658399,7.0,5.0,2.0,5.0,3.0,1.0,,,,,5.548255259678216,2.9700968442846887,42.04450041981528,8.065110687173261,139,16,12,0.0030957194968837835,0.006191438993766507,3.375021925854705,3.3688304868609387,28,26.336981471584913,2.0,0.7622158664410223,1.5244317328820474,ZINCf5000001BgkG_m01_t01,GLU17;LEU22,2.0,-126.77429023273875
1529,native_first,ZINCf5000001ERk8,COC(=O)[C@@H]1CC[C@H](NS(=O)(=O)OC)C1,327,1076,1076,1,0,1,10.714285714285714,15.48021141629053,0.95646821192273,14.806330133525234,3,237.277,-0.19109999999999983,1.0,5.0,4.0,1.0,,,,18.629680137681053,8.0,5.0,3.0,5.0,3.0,1.0,,,,,6.997443338132007,3.811421949831273,42.6450034940601,9.905502538019268,231,16,3,0.49623011610072587,0.405438123847434,8.622706883572002,8.393773925170162,28,26.336981471584913,2.0,0.7908202969432404,1.5816405938864841,ZINCf5000001ERk8_m01_t01,GLU17;LEU22,0.0,-132.94291214856202
1530,native_first,ZINCf5000002ejZt,O=C([C@H](O)CF)N1CCO[C@@H](C(F)F)C1,847,1156,1156,1,0,1,10.714285714285714,15.48021141629053,0.8560862883820575,13.252396734741712,3,227.182,-0.1907000000000003,1.0,3.0,3.0,1.0,,,,14.985733135429138,6.0,3.0,3.0,3.0,3.0,1.0,,,,,2.904170055499785,1.5193083861532872,32.81842818428185,5.924560825482123,832,16,4,0.7158733561673133,0.7175770320618599,8.622706883572002,7.074947045635223,28,15.90275216146543,1.0,,,ZINCf5000002ejZt_m01_t03,SER20,0.0,64.3949510429556
1531,native_first,ZINCf50000009jGy,CNC(=O)CNC(=O)N(C)CC(F)(F)F,1370,1276,1276,0,0,1,10.714285714285714,15.315268646616897,0.7027553099941626,10.762886365397137,3,227.18599999999995,-0.06390000000000029,2.0,2.0,3.0,1.0,,,,21.514590157676757,9.0,5.0,4.0,5.0,3.0,1.0,,,,,9.16669798474719,5.172363000352605,40.24818497474748,12.253671027979582,1167,16,9,0.9385296347714345,1.3717820681967954,7.259444124724703,5.120762429834052,28,15.90275216146543,1.0,,,ZINCf50000009jGy_m01_t05,SER20,0.0,-65.79175905506222
1532,native_first,ZINCf50000009de1,CN(C)S(=O)(=O)NCCOCC(F)(F)F,1469,1374,1374,0,0,1,7.142857142857143,11.789866216020478,0.88854646688198,10.475843971256214,2,250.24199999999993,-0.03869999999999996,1.0,3.0,6.0,1.0,,,,18.629680137681053,8.0,5.0,3.0,5.0,3.0,1.0,,,,,6.353318077602797,3.4549608496127893,39.436439811976285,9.42240859262236,636,16,13,0.3458646976257452,0.6917293952514916,3.375021925854705,2.6832925306032136,28,15.90275216146543,1.0,,,ZINCf50000009de1_m01_t01,SER20,2.0,-120.25131409240436
1533,native_first,ZINCf5000000WBCu,NC(=O)C12CC(NS(=O)(=O)CCCl)(C1)C2,671,1061,1061,1,0,1,14.285714285714286,17.205605691108325,0.7995641342713544,13.756985219025315,4,252.72299999999993,-0.44740000000000046,2.0,3.0,5.0,1.0,,,,19.698205866669763,8.0,4.0,4.0,4.0,3.0,1.0,,,,,7.122840445999508,3.9198505137722064,38.948256467941505,10.26668180116707,383,16,12,1.2446689703960323,0.9023216553800036,8.622706883572002,7.869374307154217,28,,,,,,,,
