ligand_id,rank,score,method,status,label
CHEMBL4164040,1,17.7281588075601,standard_3d_pharmacophore,aligned,active
CHEMBL259166,2,17.26995556586387,standard_3d_pharmacophore,aligned,active
CHEMBL4164328,3,17.14495338292296,standard_3d_pharmacophore,aligned,active
CHEMBL271876,4,16.85592017402819,standard_3d_pharmacophore,aligned,active
CHEMBL260819,5,16.553528890716834,standard_3d_pharmacophore,aligned,active
CHEMBL1162058,6,15.986659509098953,standard_3d_pharmacophore,aligned,active
CHEMBL1161828,7,15.933836582242233,standard_3d_pharmacophore,aligned,active
CHEMBL1161829,8,15.921777666169776,standard_3d_pharmacophore,aligned,active
CHEMBL519322,9,15.519354383563567,standard_3d_pharmacophore,aligned,active
CHEMBL4645148,10,15.325654274446679,standard_3d_pharmacophore,aligned,active
CHEMBL1161822,11,15.18239251146143,standard_3d_pharmacophore,aligned,active
CHEMBL382844,12,15.118571949592004,standard_3d_pharmacophore,aligned,active
CHEMBL2364429,13,14.977017109181192,standard_3d_pharmacophore,aligned,active
CHEMBL270666,14,14.897005357729482,standard_3d_pharmacophore,aligned,active
CHEMBL404336,15,14.809851999502106,standard_3d_pharmacophore,aligned,active
ZINCf5000002s6Dh,16,14.7840496817037,standard_3d_pharmacophore,aligned,decoy
CHEMBL460680,17,14.78243521098832,standard_3d_pharmacophore,aligned,active
CHEMBL410135,18,14.777885875621738,standard_3d_pharmacophore,aligned,active
CHEMBL518774,19,14.77668991162816,standard_3d_pharmacophore,aligned,active
CHEMBL403180,20,14.771127732214737,standard_3d_pharmacophore,aligned,active
ZINCf5000000SObl,21,14.693428191092604,standard_3d_pharmacophore,aligned,decoy
CHEMBL130229,22,14.536404870714236,standard_3d_pharmacophore,aligned,active
ZINCf5000000aloI,23,14.449797699596978,standard_3d_pharmacophore,aligned,decoy
CHEMBL480821,24,14.288537603355804,standard_3d_pharmacophore,aligned,active
CHEMBL1161827,25,14.266792263379424,standard_3d_pharmacophore,aligned,active
CHEMBL379074,26,14.174245752174036,standard_3d_pharmacophore,aligned,active
CHEMBL481620,27,14.152345979212967,standard_3d_pharmacophore,aligned,active
ZINCf50000018cs2,28,14.122161935251054,standard_3d_pharmacophore,aligned,decoy
CHEMBL4637980,29,14.090826385458207,standard_3d_pharmacophore,aligned,active
ZINCf50000017KGC,30,14.02126024481619,standard_3d_pharmacophore,aligned,decoy
CHEMBL480639,31,14.010190299860914,standard_3d_pharmacophore,aligned,active
ZINCf5000000aguA,32,13.948011150091261,standard_3d_pharmacophore,aligned,decoy
ZINCf5000000agGq,33,13.945192120722313,standard_3d_pharmacophore,aligned,decoy
CHEMBL3218890,34,13.855442188732123,standard_3d_pharmacophore,aligned,active
CHEMBL2364382,35,13.821059507685408,standard_3d_pharmacophore,aligned,active
CHEMBL1161835,36,13.807175799851795,standard_3d_pharmacophore,aligned,active
ZINCf50000017Mlc,37,13.799325471994685,standard_3d_pharmacophore,aligned,decoy
ZINCf5000002sevP,38,13.783325516420328,standard_3d_pharmacophore,aligned,decoy
CHEMBL2364408,39,13.756950882319325,standard_3d_pharmacophore,aligned,active
ZINCf5000000a9hH,40,13.720479254782576,standard_3d_pharmacophore,aligned,decoy
CHEMBL4172656,41,13.718418944402696,standard_3d_pharmacophore,aligned,active
ZINCf5000002aOdL,42,13.705618597486357,standard_3d_pharmacophore,aligned,decoy
ZINCf5000000VlVJ,43,13.695705099216397,standard_3d_pharmacophore,aligned,decoy
ZINCf5000002ah9d,44,13.686147838655048,standard_3d_pharmacophore,aligned,decoy
CHEMBL4637284,45,13.660525702834134,standard_3d_pharmacophore,aligned,active
CHEMBL482220,46,13.651302940053965,standard_3d_pharmacophore,aligned,active
ZINCf5000000am2r,47,13.606275970431822,standard_3d_pharmacophore,aligned,decoy
CHEMBL2364381,48,13.598069002958702,standard_3d_pharmacophore,aligned,active
ZINCf5000000alVo,49,13.569660334383347,standard_3d_pharmacophore,aligned,decoy
ZINCf5000000ahle,50,13.557774621726786,standard_3d_pharmacophore,aligned,decoy
ZINCf500000188Pq,51,13.525560220683369,standard_3d_pharmacophore,aligned,decoy
CHEMBL2364354,52,13.511786176915564,standard_3d_pharmacophore,aligned,active
ZINCf50000017KGJ,53,13.504068144756348,standard_3d_pharmacophore,aligned,decoy
ZINCf5000000SNNA,54,13.500811831756833,standard_3d_pharmacophore,aligned,decoy
ZINCf5000000aiZh,55,13.499940809772111,standard_3d_pharmacophore,aligned,decoy
ZINCf500000091Qp,56,13.49873769839867,standard_3d_pharmacophore,aligned,decoy
ZINCf5000000Zz7Q,57,13.49249948407057,standard_3d_pharmacophore,aligned,decoy
ZINCf5000000ah5W,58,13.453742238650337,standard_3d_pharmacophore,aligned,decoy
ZINCf50000017Qbx,59,13.44383076236787,standard_3d_pharmacophore,aligned,decoy
ZINCf5000002oFbj,60,13.420965121130616,standard_3d_pharmacophore,aligned,decoy
ZINCf50000008Xt6,61,13.419969987690997,standard_3d_pharmacophore,aligned,decoy
CHEMBL272540,62,13.402783789920662,standard_3d_pharmacophore,aligned,active
ZINCf5000002aUgP,63,13.34252140529346,standard_3d_pharmacophore,aligned,decoy
ZINCf5000000ZtId,64,13.334250125879365,standard_3d_pharmacophore,aligned,decoy
CHEMBL251573,65,13.334121914761615,standard_3d_pharmacophore,aligned,active
ZINCf50000018cv7,66,13.325454104640505,standard_3d_pharmacophore,aligned,decoy
ZINCf50000009VOy,67,13.313659097211774,standard_3d_pharmacophore,aligned,decoy
ZINCf5000002oFn8,68,13.305396535907278,standard_3d_pharmacophore,aligned,decoy
ZINCf50000017DHd,69,13.276373620731688,standard_3d_pharmacophore,aligned,decoy
CHEMBL516602,70,13.269605068409192,standard_3d_pharmacophore,aligned,active
ZINCf5000000WDpU,71,13.268101099375386,standard_3d_pharmacophore,aligned,decoy
ZINCf5000001M06a,72,13.266828002484509,standard_3d_pharmacophore,aligned,decoy
ZINCf500000274Ly,73,13.2653552986956,standard_3d_pharmacophore,aligned,decoy
ZINCf5000002oGU5,74,13.248960699640298,standard_3d_pharmacophore,aligned,decoy
ZINCf50000009Ifh,75,13.24807200398528,standard_3d_pharmacophore,aligned,decoy
ZINCf50000009F96,76,13.238571739214763,standard_3d_pharmacophore,aligned,decoy
ZINCf50000009l90,77,13.235565122171785,standard_3d_pharmacophore,aligned,decoy
ZINCf5000002oCXo,78,13.231047463293805,standard_3d_pharmacophore,aligned,decoy
ZINCf50000018cu8,79,13.224228271266746,standard_3d_pharmacophore,aligned,decoy
ZINCf50000009q0m,80,13.205067854297683,standard_3d_pharmacophore,aligned,decoy
ZINCf5000000Zz1e,81,13.197719968522394,standard_3d_pharmacophore,aligned,decoy
ZINCf5000001822i,82,13.197704194161759,standard_3d_pharmacophore,aligned,decoy
ZINCf500000090KI,83,13.195613337545131,standard_3d_pharmacophore,aligned,decoy
ZINCf50000009AET,84,13.17892863716605,standard_3d_pharmacophore,aligned,decoy
CHEMBL2364480,85,13.166177974584643,standard_3d_pharmacophore,aligned,active
ZINCf5000002rzS4,86,13.165789421131477,standard_3d_pharmacophore,aligned,decoy
ZINCf5000000aaqY,87,13.144520000085732,standard_3d_pharmacophore,aligned,decoy
ZINCf5000000a5Jc,88,13.144351475282898,standard_3d_pharmacophore,aligned,decoy
ZINCf5000002s7CT,89,13.139161842174989,standard_3d_pharmacophore,aligned,decoy
ZINCf5000000a9YT,90,13.11791409496139,standard_3d_pharmacophore,aligned,decoy
ZINCf5000002aScH,91,13.113834902465884,standard_3d_pharmacophore,aligned,decoy
ZINCf50000009zwx,92,13.10969515741863,standard_3d_pharmacophore,aligned,decoy
ZINCf50000017zSV,93,13.105816317664328,standard_3d_pharmacophore,aligned,decoy
ZINCf5000000ZxLc,94,13.09832745913924,standard_3d_pharmacophore,aligned,decoy
ZINCf5000000aguu,95,13.087851172341214,standard_3d_pharmacophore,aligned,decoy
ZINCf5000001COrR,96,13.039862357936261,standard_3d_pharmacophore,aligned,decoy
ZINCf5000001oqPo,97,13.030839557203436,standard_3d_pharmacophore,aligned,decoy
ZINCf5000000af3d,98,13.009109499734903,standard_3d_pharmacophore,aligned,decoy
ZINCf5000002oDvx,99,13.006583004127426,standard_3d_pharmacophore,aligned,decoy
ZINCf5000000aloJ,100,13.002657811791343,standard_3d_pharmacophore,aligned,decoy
ZINCf5000002s57j,101,12.999078274091604,standard_3d_pharmacophore,aligned,decoy
ZINCf50000017zuz,102,12.987060594468879,standard_3d_pharmacophore,aligned,decoy
ZINCf50000018akF,103,12.977681074882316,standard_3d_pharmacophore,aligned,decoy
ZINCf5000000ZyZN,104,12.972989552005671,standard_3d_pharmacophore,aligned,decoy
CHEMBL2364485,105,12.96642606357621,standard_3d_pharmacophore,aligned,active
ZINCf5000002r90O,106,12.963940828955938,standard_3d_pharmacophore,aligned,decoy
ZINCf5000002dQSo,107,12.95790996496056,standard_3d_pharmacophore,aligned,decoy
ZINCf5000000aloK,108,12.945146431425298,standard_3d_pharmacophore,aligned,decoy
ZINCf50000029civ,109,12.941370906922849,standard_3d_pharmacophore,aligned,decoy
ZINCf50000009IYx,110,12.921249158129044,standard_3d_pharmacophore,aligned,decoy
ZINCf5000000amZE,111,12.920407461751159,standard_3d_pharmacophore,aligned,decoy
ZINCf5000000apAH,112,12.90315088210703,standard_3d_pharmacophore,aligned,decoy
ZINCf50000009acU,113,12.88823611038712,standard_3d_pharmacophore,aligned,decoy
ZINCf50000027PC8,114,12.887496042494465,standard_3d_pharmacophore,aligned,decoy
ZINCf5000002egZH,115,12.886541876049726,standard_3d_pharmacophore,aligned,decoy
ZINCf5000000axv8,116,12.882845837276076,standard_3d_pharmacophore,aligned,decoy
ZINCf5000002rDGO,117,12.873315722041912,standard_3d_pharmacophore,aligned,decoy
ZINCf5000000ajkb,118,12.87158640469671,standard_3d_pharmacophore,aligned,decoy
ZINCf5000002rSj1,119,12.869401107300549,standard_3d_pharmacophore,aligned,decoy
ZINCf5000002aJMa,120,12.86444615677789,standard_3d_pharmacophore,aligned,decoy
ZINCf5000000ai5I,121,12.863024290622487,standard_3d_pharmacophore,aligned,decoy
ZINCf50000029Tt9,122,12.859820836715995,standard_3d_pharmacophore,aligned,decoy
ZINCf5000000ZxEf,123,12.854363489883353,standard_3d_pharmacophore,aligned,decoy
ZINCf5000000VmCZ,124,12.846241403929954,standard_3d_pharmacophore,aligned,decoy
ZINCf5000000agRW,125,12.843673317666424,standard_3d_pharmacophore,aligned,decoy
ZINCf50000009un8,126,12.83732734799806,standard_3d_pharmacophore,aligned,decoy
ZINCf5000000WBXq,127,12.83548523354716,standard_3d_pharmacophore,aligned,decoy
ZINCf5000000Vm3Z,128,12.834192446969277,standard_3d_pharmacophore,aligned,decoy
ZINCf50000009wAP,129,12.823297096054047,standard_3d_pharmacophore,aligned,decoy
ZINCf50000009N6s,130,12.810531711113683,standard_3d_pharmacophore,aligned,decoy
ZINCf5000001MKOo,131,12.808635267261144,standard_3d_pharmacophore,aligned,decoy
ZINCf5000000Zt43,132,12.797950496040924,standard_3d_pharmacophore,aligned,decoy
ZINCf5000002eiG0,133,12.7905581163335,standard_3d_pharmacophore,aligned,decoy
ZINCf5000000agu2,134,12.784144962066422,standard_3d_pharmacophore,aligned,decoy
ZINCf5000002dZ7j,135,12.761946143861515,standard_3d_pharmacophore,aligned,decoy
ZINCf5000002aVhN,136,12.743617596290683,standard_3d_pharmacophore,aligned,decoy
ZINCf50000017Bys,137,12.737914194797273,standard_3d_pharmacophore,aligned,decoy
ZINCf50000025PoW,138,12.726762097817693,standard_3d_pharmacophore,aligned,decoy
ZINCf5000000ZrBx,139,12.723643912327548,standard_3d_pharmacophore,aligned,decoy
ZINCf5000002rByI,140,12.716274747530546,standard_3d_pharmacophore,aligned,decoy
ZINCf5000002eg4T,141,12.715010024177905,standard_3d_pharmacophore,aligned,decoy
ZINCf5000002rS5Y,142,12.70748180043048,standard_3d_pharmacophore,aligned,decoy
ZINCf50000029zy9,143,12.698727189455544,standard_3d_pharmacophore,aligned,decoy
ZINCf500000098Iq,144,12.688797626348927,standard_3d_pharmacophore,aligned,decoy
ZINCf5000002shw9,145,12.679782482006665,standard_3d_pharmacophore,aligned,decoy
ZINCf5000002rE4c,146,12.677207972425041,standard_3d_pharmacophore,aligned,decoy
ZINCf50000009xvR,147,12.672545907312136,standard_3d_pharmacophore,aligned,decoy
ZINCf5000000ZxDl,148,12.646116227155744,standard_3d_pharmacophore,aligned,decoy
ZINCf5000000a0Eh,149,12.646090991001598,standard_3d_pharmacophore,aligned,decoy
ZINCf50000017JOv,150,12.644644866629385,standard_3d_pharmacophore,aligned,decoy
ZINCf50000017KDe,151,12.635479771472358,standard_3d_pharmacophore,aligned,decoy
CHEMBL2364468,152,12.634113656939553,standard_3d_pharmacophore,aligned,active
ZINCf5000000akiS,153,12.630356336187,standard_3d_pharmacophore,aligned,decoy
ZINCf5000000ZxGx,154,12.617922561994888,standard_3d_pharmacophore,aligned,decoy
ZINCf50000008L06,155,12.599920676907878,standard_3d_pharmacophore,aligned,decoy
ZINCf5000002aSOu,156,12.590958671029814,standard_3d_pharmacophore,aligned,decoy
ZINCf5000000aqQc,157,12.580900124763833,standard_3d_pharmacophore,aligned,decoy
ZINCf5000000WBKn,158,12.579334190935532,standard_3d_pharmacophore,aligned,decoy
ZINCf5000000YaKE,159,12.574996538091689,standard_3d_pharmacophore,aligned,decoy
ZINCf5000002oFf9,160,12.572673976338924,standard_3d_pharmacophore,aligned,decoy
ZINCf5000002oHw2,161,12.547510074071871,standard_3d_pharmacophore,aligned,decoy
ZINCf5000002e0CK,162,12.531119033164623,standard_3d_pharmacophore,aligned,decoy
ZINCf5000002dO8t,163,12.526652849392827,standard_3d_pharmacophore,aligned,decoy
ZINCf50000009l97,164,12.496926648639562,standard_3d_pharmacophore,aligned,decoy
ZINCf50000017ZtB,165,12.490668314022216,standard_3d_pharmacophore,aligned,decoy
ZINCf5000000SMmi,166,12.482660784900057,standard_3d_pharmacophore,aligned,decoy
ZINCf5000000VmgN,167,12.474264891686039,standard_3d_pharmacophore,aligned,decoy
ZINCf5000002oGS5,168,12.473219836254932,standard_3d_pharmacophore,aligned,decoy
ZINCf50000008L01,169,12.469911837903592,standard_3d_pharmacophore,aligned,decoy
ZINCf5000000afsz,170,12.450646882504547,standard_3d_pharmacophore,aligned,decoy
ZINCf5000002eg50,171,12.441709091294177,standard_3d_pharmacophore,aligned,decoy
ZINCf5000000Ztb7,172,12.436470060516244,standard_3d_pharmacophore,aligned,decoy
ZINCf5000000ZuVH,173,12.43488697763162,standard_3d_pharmacophore,aligned,decoy
ZINCf5000002sbOB,174,12.427851876094367,standard_3d_pharmacophore,aligned,decoy
ZINCf5000000afdd,175,12.421226225096769,standard_3d_pharmacophore,aligned,decoy
ZINCf5000002rEvy,176,12.418698097238222,standard_3d_pharmacophore,aligned,decoy
ZINCf5000000S5mu,177,12.41010275487112,standard_3d_pharmacophore,aligned,decoy
ZINCf50000009ZuA,178,12.401275677303952,standard_3d_pharmacophore,aligned,decoy
ZINCf50000017HS4,179,12.392801291904979,standard_3d_pharmacophore,aligned,decoy
ZINCf500000185gC,180,12.382193870456168,standard_3d_pharmacophore,aligned,decoy
ZINCf500000091HN,181,12.38087594094486,standard_3d_pharmacophore,aligned,decoy
ZINCf500000092Y2,182,12.378372721835348,standard_3d_pharmacophore,aligned,decoy
ZINCf5000000abJX,183,12.372490567885414,standard_3d_pharmacophore,aligned,decoy
ZINCf5000000a92W,184,12.35531893556784,standard_3d_pharmacophore,aligned,decoy
ZINCf50000025Bwq,185,12.349326896023822,standard_3d_pharmacophore,aligned,decoy
ZINCf5000002rKMz,186,12.340567531506172,standard_3d_pharmacophore,aligned,decoy
ZINCf5000000agtX,187,12.338934065818895,standard_3d_pharmacophore,aligned,decoy
ZINCf5000002oGUh,188,12.33384288044621,standard_3d_pharmacophore,aligned,decoy
ZINCf5000000ajo9,189,12.330591123427203,standard_3d_pharmacophore,aligned,decoy
ZINCf500000093cO,190,12.32869795449916,standard_3d_pharmacophore,aligned,decoy
ZINCf50000009vqW,191,12.328327950167644,standard_3d_pharmacophore,aligned,decoy
ZINCf50000028GQR,192,12.325805125772932,standard_3d_pharmacophore,aligned,decoy
CHEMBL251572,193,12.322308661604794,standard_3d_pharmacophore,aligned,active
ZINCf5000002oEvf,194,12.317642806579997,standard_3d_pharmacophore,aligned,decoy
ZINCf50000009NnH,195,12.31299064775338,standard_3d_pharmacophore,aligned,decoy
ZINCf5000000ZyVZ,196,12.307435037113784,standard_3d_pharmacophore,aligned,decoy
ZINCf50000009fJU,197,12.30024314480244,standard_3d_pharmacophore,aligned,decoy
ZINCf50000009Emt,198,12.29933371421616,standard_3d_pharmacophore,aligned,decoy
ZINCf5000000Zter,199,12.297532569352763,standard_3d_pharmacophore,aligned,decoy
ZINCf50000009kL1,200,12.295616736283982,standard_3d_pharmacophore,aligned,decoy
ZINCf5000000ZqUY,201,12.293109726672725,standard_3d_pharmacophore,aligned,decoy
ZINCf50000009FQT,202,12.292325470580739,standard_3d_pharmacophore,aligned,decoy
ZINCf50000017KhB,203,12.287408314576991,standard_3d_pharmacophore,aligned,decoy
ZINCf5000000apGs,204,12.28521382437831,standard_3d_pharmacophore,aligned,decoy
ZINCf5000002aTEW,205,12.284075835451702,standard_3d_pharmacophore,aligned,decoy
ZINCf50000009O9p,206,12.282169775580016,standard_3d_pharmacophore,aligned,decoy
ZINCf50000009ulA,207,12.273956040168573,standard_3d_pharmacophore,aligned,decoy
ZINCf50000017BhD,208,12.270178381850053,standard_3d_pharmacophore,aligned,decoy
ZINCf5000002oCTI,209,12.253087863011526,standard_3d_pharmacophore,aligned,decoy
ZINCf5000000aiIl,210,12.252737780479972,standard_3d_pharmacophore,aligned,decoy
ZINCf5000000aeBZ,211,12.252454337678415,standard_3d_pharmacophore,aligned,decoy
ZINCf50000009BJV,212,12.24047215563169,standard_3d_pharmacophore,aligned,decoy
ZINCf5000000Zt92,213,12.236231178274878,standard_3d_pharmacophore,aligned,decoy
ZINCf50000009TZE,214,12.23398317765208,standard_3d_pharmacophore,aligned,decoy
CHEMBL251169,215,12.23234938214967,standard_3d_pharmacophore,aligned,active
ZINCf5000002ejjr,216,12.228893720536389,standard_3d_pharmacophore,aligned,decoy
ZINCf50000008ZKU,217,12.224037331546912,standard_3d_pharmacophore,aligned,decoy
ZINCf50000017BnT,218,12.221162396897968,standard_3d_pharmacophore,aligned,decoy
ZINCf50000009WUZ,219,12.219423959456137,standard_3d_pharmacophore,aligned,decoy
ZINCf50000017WSx,220,12.215447445083132,standard_3d_pharmacophore,aligned,decoy
CHEMBL4171914,221,12.212905955808536,standard_3d_pharmacophore,aligned,active
ZINCf5000002rJlF,222,12.211705165574637,standard_3d_pharmacophore,aligned,decoy
ZINCf50000017BnG,223,12.203353235110491,standard_3d_pharmacophore,aligned,decoy
ZINCf5000000a9iH,224,12.199663881957584,standard_3d_pharmacophore,aligned,decoy
ZINCf50000024KJR,225,12.196537999356748,standard_3d_pharmacophore,aligned,decoy
ZINCf50000009FkS,226,12.19404157662372,standard_3d_pharmacophore,aligned,decoy
ZINCf5000000af41,227,12.19018560678518,standard_3d_pharmacophore,aligned,decoy
ZINCf50000017Lpv,228,12.18674395768143,standard_3d_pharmacophore,aligned,decoy
ZINCf5000000a4sN,229,12.185422592318403,standard_3d_pharmacophore,aligned,decoy
ZINCf5000002rfcv,230,12.18207638432644,standard_3d_pharmacophore,aligned,decoy
ZINCf5000002rKZX,231,12.182004227950337,standard_3d_pharmacophore,aligned,decoy
ZINCf5000002aUmz,232,12.179641136193787,standard_3d_pharmacophore,aligned,decoy
ZINCf5000002e0zq,233,12.176374003826156,standard_3d_pharmacophore,aligned,decoy
ZINCf5000000a6dj,234,12.174863314429391,standard_3d_pharmacophore,aligned,decoy
ZINCf50000009BJK,235,12.170095458324589,standard_3d_pharmacophore,aligned,decoy
ZINCf50000027yOp,236,12.168663747275904,standard_3d_pharmacophore,aligned,decoy
ZINCf5000002rJlj,237,12.163553266057175,standard_3d_pharmacophore,aligned,decoy
ZINCf5000002egZI,238,12.155523011594406,standard_3d_pharmacophore,aligned,decoy
ZINCf500000181WL,239,12.149510042863566,standard_3d_pharmacophore,aligned,decoy
ZINCf500000186wo,240,12.146508534466443,standard_3d_pharmacophore,aligned,decoy
ZINCf5000000aiZU,241,12.140306213087227,standard_3d_pharmacophore,aligned,decoy
ZINCf500000181Xp,242,12.13919072039529,standard_3d_pharmacophore,aligned,decoy
ZINCf50000009LXr,243,12.136530005735727,standard_3d_pharmacophore,aligned,decoy
ZINCf50000009Uke,244,12.128799430457285,standard_3d_pharmacophore,aligned,decoy
ZINCf5000000Vn3C,245,12.12824386714105,standard_3d_pharmacophore,aligned,decoy
ZINCf5000002s9bv,246,12.116692069267973,standard_3d_pharmacophore,aligned,decoy
ZINCf50000009BJp,247,12.113012530474268,standard_3d_pharmacophore,aligned,decoy
ZINCf5000000ZxDt,248,12.110872250450278,standard_3d_pharmacophore,aligned,decoy
ZINCf5000000ajwE,249,12.110477185091463,standard_3d_pharmacophore,aligned,decoy
ZINCf50000017OzB,250,12.107380668554518,standard_3d_pharmacophore,aligned,decoy
ZINCf5000002rDjH,251,12.10156299021343,standard_3d_pharmacophore,aligned,decoy
ZINCf5000002sfYf,252,12.091174572937128,standard_3d_pharmacophore,aligned,decoy
ZINCf5000002oC4A,253,12.084867049534974,standard_3d_pharmacophore,aligned,decoy
ZINCf5000000Zr6n,254,12.0828190371165,standard_3d_pharmacophore,aligned,decoy
ZINCf500000184mH,255,12.071426883023546,standard_3d_pharmacophore,aligned,decoy
ZINCf5000000ZxN4,256,12.070270985196231,standard_3d_pharmacophore,aligned,decoy
ZINCf50000029Tum,257,12.06715694453881,standard_3d_pharmacophore,aligned,decoy
ZINCf5000002aUZv,258,12.058324010684474,standard_3d_pharmacophore,aligned,decoy
ZINCf500000181Xu,259,12.05809496047637,standard_3d_pharmacophore,aligned,decoy
ZINCf5000000Vnkh,260,12.057917551861628,standard_3d_pharmacophore,aligned,decoy
ZINCf5000000a9wc,261,12.057603236596387,standard_3d_pharmacophore,aligned,decoy
ZINCf50000027oyT,262,12.057234645570658,standard_3d_pharmacophore,aligned,decoy
ZINCf5000000abZj,263,12.052336643970083,standard_3d_pharmacophore,aligned,decoy
ZINCf50000009Lsw,264,12.051831011299868,standard_3d_pharmacophore,aligned,decoy
ZINCf5000002e9iR,265,12.049791818418557,standard_3d_pharmacophore,aligned,decoy
ZINCf50000009KvM,266,12.047007437533399,standard_3d_pharmacophore,aligned,decoy
ZINCf50000017DLX,267,12.046393231921948,standard_3d_pharmacophore,aligned,decoy
ZINCf5000000alqr,268,12.039697011535685,standard_3d_pharmacophore,aligned,decoy
ZINCf50000009r36,269,12.039331978262782,standard_3d_pharmacophore,aligned,decoy
ZINCf5000002aFAz,270,12.02979206509498,standard_3d_pharmacophore,aligned,decoy
ZINCf50000017ZJ7,271,12.02366334358245,standard_3d_pharmacophore,aligned,decoy
ZINCf5000000Ybyz,272,12.015768539158316,standard_3d_pharmacophore,aligned,decoy
ZINCf50000028PuD,273,12.012189221921188,standard_3d_pharmacophore,aligned,decoy
ZINCf50000026Fx1,274,12.010049299517068,standard_3d_pharmacophore,aligned,decoy
ZINCf50000017Hgt,275,12.006119109973278,standard_3d_pharmacophore,aligned,decoy
ZINCf5000002aSJ3,276,12.003947836605565,standard_3d_pharmacophore,aligned,decoy
ZINCf5000000ZtkQ,277,12.000981799470011,standard_3d_pharmacophore,aligned,decoy
ZINCf5000000ZqXK,278,11.995849942407897,standard_3d_pharmacophore,aligned,decoy
ZINCf5000002rwt8,279,11.995350470792966,standard_3d_pharmacophore,aligned,decoy
ZINCf50000009yd8,280,11.992413408618441,standard_3d_pharmacophore,aligned,decoy
ZINCf5000002s51J,281,11.987170082316348,standard_3d_pharmacophore,aligned,decoy
ZINCf50000009gkh,282,11.986430375541879,standard_3d_pharmacophore,aligned,decoy
ZINCf50000009zRc,283,11.986071524790896,standard_3d_pharmacophore,aligned,decoy
ZINCf5000002r6RJ,284,11.982712056869634,standard_3d_pharmacophore,aligned,decoy
ZINCf5000000a7P5,285,11.982551314545342,standard_3d_pharmacophore,aligned,decoy
ZINCf5000000a9iG,286,11.977548603125078,standard_3d_pharmacophore,aligned,decoy
ZINCf5000002oEsQ,287,11.972977331557619,standard_3d_pharmacophore,aligned,decoy
ZINCf50000017poh,288,11.969913027236696,standard_3d_pharmacophore,aligned,decoy
ZINCf5000001nNe1,289,11.967650767791987,standard_3d_pharmacophore,aligned,decoy
ZINCf5000000S5mt,290,11.964281361424106,standard_3d_pharmacophore,aligned,decoy
ZINCf5000002a01t,291,11.959697875289413,standard_3d_pharmacophore,aligned,decoy
ZINCf50000017BnH,292,11.95630261657673,standard_3d_pharmacophore,aligned,decoy
ZINCf5000001sKsJ,293,11.955868894939291,standard_3d_pharmacophore,aligned,decoy
ZINCf50000024ITY,294,11.95237211764595,standard_3d_pharmacophore,aligned,decoy
ZINCf5000002rLeJ,295,11.94991156323268,standard_3d_pharmacophore,aligned,decoy
ZINCf5000000aguE,296,11.9451502380081,standard_3d_pharmacophore,aligned,decoy
ZINCf50000017AV1,297,11.944078502689633,standard_3d_pharmacophore,aligned,decoy
ZINCf500000091Ut,298,11.942277094320264,standard_3d_pharmacophore,aligned,decoy
ZINCf5000000WA6M,299,11.942223072222186,standard_3d_pharmacophore,aligned,decoy
ZINCf5000001XGaU,300,11.934013236858007,standard_3d_pharmacophore,aligned,decoy
ZINCf50000017yx3,301,11.931071899951746,standard_3d_pharmacophore,aligned,decoy
ZINCf5000002oC2l,302,11.930636920832368,standard_3d_pharmacophore,aligned,decoy
ZINCf50000008J2k,303,11.927803061764115,standard_3d_pharmacophore,aligned,decoy
ZINCf5000002oH71,304,11.925563176012492,standard_3d_pharmacophore,aligned,decoy
ZINCf5000001oIWl,305,11.924331501784366,standard_3d_pharmacophore,aligned,decoy
ZINCf5000000a5LY,306,11.923244027222793,standard_3d_pharmacophore,aligned,decoy
ZINCf5000000SKXg,307,11.922652667912843,standard_3d_pharmacophore,aligned,decoy
ZINCf50000017OIu,308,11.91519763740275,standard_3d_pharmacophore,aligned,decoy
ZINCf5000002e5EW,309,11.91371459428809,standard_3d_pharmacophore,aligned,decoy
ZINCf5000000ZtRN,310,11.909436960361301,standard_3d_pharmacophore,aligned,decoy
ZINCf50000009umr,311,11.908940180103661,standard_3d_pharmacophore,aligned,decoy
ZINCf5000000Vnb9,312,11.90266890812871,standard_3d_pharmacophore,aligned,decoy
ZINCf5000000ZuWV,313,11.898726808740976,standard_3d_pharmacophore,aligned,decoy
ZINCf5000000axvD,314,11.897415472636869,standard_3d_pharmacophore,aligned,decoy
ZINCf5000000WA7z,315,11.887976202608675,standard_3d_pharmacophore,aligned,decoy
CHEMBL1923504,316,11.886949602460582,standard_3d_pharmacophore,aligned,active
ZINCf5000000abTo,317,11.88559840048759,standard_3d_pharmacophore,aligned,decoy
ZINCf5000002dV3H,318,11.885393930100944,standard_3d_pharmacophore,aligned,decoy
ZINCf50000009FRY,319,11.882394236468512,standard_3d_pharmacophore,aligned,decoy
ZINCf5000002mv37,320,11.880224244798798,standard_3d_pharmacophore,aligned,decoy
CHEMBL1079185,321,11.878065464182088,standard_3d_pharmacophore,aligned,active
ZINCf5000000apAO,322,11.877785536406378,standard_3d_pharmacophore,aligned,decoy
ZINCf50000009XxA,323,11.875967181701961,standard_3d_pharmacophore,aligned,decoy
ZINCf5000002sdEX,324,11.875610521867033,standard_3d_pharmacophore,aligned,decoy
ZINCf50000017LpH,325,11.870095861399657,standard_3d_pharmacophore,aligned,decoy
ZINCf5000002ov2H,326,11.866121747512056,standard_3d_pharmacophore,aligned,decoy
CHEMBL401134,327,11.865309682585538,standard_3d_pharmacophore,aligned,active
ZINCf50000009aQa,328,11.864655594223828,standard_3d_pharmacophore,aligned,decoy
ZINCf500000093ro,329,11.862483184765004,standard_3d_pharmacophore,aligned,decoy
ZINCf5000002scj7,330,11.862377385538476,standard_3d_pharmacophore,aligned,decoy
ZINCf50000017LpE,331,11.8378757927645,standard_3d_pharmacophore,aligned,decoy
ZINCf5000000ZtE0,332,11.831104296686584,standard_3d_pharmacophore,aligned,decoy
ZINCf5000000aa5J,333,11.829574093873722,standard_3d_pharmacophore,aligned,decoy
ZINCf5000000SKx4,334,11.824644592177894,standard_3d_pharmacophore,aligned,decoy
ZINCf50000009INs,335,11.824381737471803,standard_3d_pharmacophore,aligned,decoy
ZINCf5000002s5uT,336,11.81915230489628,standard_3d_pharmacophore,aligned,decoy
ZINCf5000002s46o,337,11.81655839234891,standard_3d_pharmacophore,aligned,decoy
ZINCf50000017z4n,338,11.816221340526019,standard_3d_pharmacophore,aligned,decoy
ZINCf50000009xJZ,339,11.815439863322927,standard_3d_pharmacophore,aligned,decoy
ZINCf5000002a2Xr,340,11.815188078516302,standard_3d_pharmacophore,aligned,decoy
ZINCf50000009f8T,341,11.815114872645484,standard_3d_pharmacophore,aligned,decoy
ZINCf50000009vXk,342,11.813185115009853,standard_3d_pharmacophore,aligned,decoy
ZINCf500000187XB,343,11.812254262957579,standard_3d_pharmacophore,aligned,decoy
ZINCf5000002rKN5,344,11.81157746240463,standard_3d_pharmacophore,aligned,decoy
ZINCf5000002aSDJ,345,11.811079486750353,standard_3d_pharmacophore,aligned,decoy
ZINCf500000094j6,346,11.803874331241769,standard_3d_pharmacophore,aligned,decoy
ZINCf50000024kCv,347,11.802743550609408,standard_3d_pharmacophore,aligned,decoy
ZINCf5000002ryaK,348,11.797716080623854,standard_3d_pharmacophore,aligned,decoy
ZINCf5000000ZsVe,349,11.79727211790476,standard_3d_pharmacophore,aligned,decoy
ZINCf5000000YbHM,350,11.794437532056268,standard_3d_pharmacophore,aligned,decoy
ZINCf5000002sc2G,351,11.792428890511855,standard_3d_pharmacophore,aligned,decoy
ZINCf5000002enFV,352,11.791274434445036,standard_3d_pharmacophore,aligned,decoy
ZINCf5000000WA6N,353,11.790883519954983,standard_3d_pharmacophore,aligned,decoy
ZINCf5000000VmpX,354,11.789980907895128,standard_3d_pharmacophore,aligned,decoy
ZINCf5000001oqkT,355,11.78980921116978,standard_3d_pharmacophore,aligned,decoy
ZINCf5000000VZ8d,356,11.782489776291662,standard_3d_pharmacophore,aligned,decoy
ZINCf5000000ajs6,357,11.777787057968423,standard_3d_pharmacophore,aligned,decoy
ZINCf50000009Lmh,358,11.777223651878412,standard_3d_pharmacophore,aligned,decoy
ZINCf5000002oGVj,359,11.775703379412093,standard_3d_pharmacophore,aligned,decoy
ZINCf5000002aQ0L,360,11.775300565674314,standard_3d_pharmacophore,aligned,decoy
ZINCf500000187b6,361,11.769826385993877,standard_3d_pharmacophore,aligned,decoy
ZINCf500000091Gq,362,11.76634194194352,standard_3d_pharmacophore,aligned,decoy
ZINCf5000002rSgO,363,11.766207524944507,standard_3d_pharmacophore,aligned,decoy
ZINCf5000001ohM3,364,11.766001708632874,standard_3d_pharmacophore,aligned,decoy
ZINCf50000009KUh,365,11.761414152274,standard_3d_pharmacophore,aligned,decoy
ZINCf5000002rtj9,366,11.760440973221737,standard_3d_pharmacophore,aligned,decoy
ZINCf5000002aQ6f,367,11.756848139882907,standard_3d_pharmacophore,aligned,decoy
ZINCf500000093cP,368,11.755463573720851,standard_3d_pharmacophore,aligned,decoy
ZINCf5000002aWse,369,11.750293740170774,standard_3d_pharmacophore,aligned,decoy
ZINCf5000002oHtF,370,11.745823870050756,standard_3d_pharmacophore,aligned,decoy
ZINCf5000002oznd,371,11.740361051758187,standard_3d_pharmacophore,aligned,decoy
ZINCf5000002rwnU,372,11.737611901062047,standard_3d_pharmacophore,aligned,decoy
ZINCf5000000af3F,373,11.7351419026345,standard_3d_pharmacophore,aligned,decoy
ZINCf50000009Zzc,374,11.734189643959605,standard_3d_pharmacophore,aligned,decoy
ZINCf50000024Nz6,375,11.73183371916705,standard_3d_pharmacophore,aligned,decoy
ZINCf5000000amZV,376,11.731772665046522,standard_3d_pharmacophore,aligned,decoy
ZINCf50000009xOf,377,11.724560152628605,standard_3d_pharmacophore,aligned,decoy
ZINCf5000002mDhl,378,11.723406976901487,standard_3d_pharmacophore,aligned,decoy
ZINCf50000009H9b,379,11.722166405357811,standard_3d_pharmacophore,aligned,decoy
CHEMBL2364338,380,11.7203043260479,standard_3d_pharmacophore,aligned,active
ZINCf50000017Bo0,381,11.720027558518,standard_3d_pharmacophore,aligned,decoy
ZINCf50000009Wn3,382,11.718775073256271,standard_3d_pharmacophore,aligned,decoy
ZINCf50000009tyF,383,11.718520993957227,standard_3d_pharmacophore,aligned,decoy
ZINCf5000000Ztuj,384,11.718134424626482,standard_3d_pharmacophore,aligned,decoy
ZINCf5000002dkM7,385,11.718079113973372,standard_3d_pharmacophore,aligned,decoy
ZINCf5000000Zy3p,386,11.713826029471667,standard_3d_pharmacophore,aligned,decoy
ZINCf50000009C5G,387,11.712177776276675,standard_3d_pharmacophore,aligned,decoy
ZINCf50000009yd7,388,11.709721958452642,standard_3d_pharmacophore,aligned,decoy
ZINCf50000009xg9,389,11.706055568104398,standard_3d_pharmacophore,aligned,decoy
ZINCf50000009w5z,390,11.704490791829318,standard_3d_pharmacophore,aligned,decoy
ZINCf50000009zPT,391,11.699661259583092,standard_3d_pharmacophore,aligned,decoy
ZINCf50000009zPR,392,11.697573934876237,standard_3d_pharmacophore,aligned,decoy
ZINCf50000017Zr1,393,11.695661708071526,standard_3d_pharmacophore,aligned,decoy
ZINCf50000027i1D,394,11.694053319648527,standard_3d_pharmacophore,aligned,decoy
ZINCf5000001N6HT,395,11.693193671263312,standard_3d_pharmacophore,aligned,decoy
ZINCf50000017Xln,396,11.692701746298154,standard_3d_pharmacophore,aligned,decoy
ZINCf50000008UHv,397,11.68999781094928,standard_3d_pharmacophore,aligned,decoy
ZINCf5000001Rg5x,398,11.689914865882491,standard_3d_pharmacophore,aligned,decoy
ZINCf500000097Fu,399,11.685724461009,standard_3d_pharmacophore,aligned,decoy
ZINCf5000000a9Is,400,11.681829216267772,standard_3d_pharmacophore,aligned,decoy
ZINCf50000028QcC,401,11.67244908744129,standard_3d_pharmacophore,aligned,decoy
ZINCf5000000aluj,402,11.671096356423591,standard_3d_pharmacophore,aligned,decoy
ZINCf50000017Bnz,403,11.662329242515233,standard_3d_pharmacophore,aligned,decoy
ZINCf5000002s9an,404,11.660357828652575,standard_3d_pharmacophore,aligned,decoy
ZINCf5000000VZ4X,405,11.659194653070795,standard_3d_pharmacophore,aligned,decoy
ZINCf50000009MCU,406,11.658360046828696,standard_3d_pharmacophore,aligned,decoy
ZINCf5000000ay6c,407,11.6521047705704,standard_3d_pharmacophore,aligned,decoy
ZINCf5000002rMAo,408,11.652080279080042,standard_3d_pharmacophore,aligned,decoy
ZINCf50000024dVA,409,11.64919267127685,standard_3d_pharmacophore,aligned,decoy
ZINCf5000000S6BQ,410,11.648717260134685,standard_3d_pharmacophore,aligned,decoy
ZINCf5000000a5PY,411,11.643621658671021,standard_3d_pharmacophore,aligned,decoy
ZINCf5000000ZsbV,412,11.64205702301355,standard_3d_pharmacophore,aligned,decoy
ZINCf500000094b7,413,11.638485096745118,standard_3d_pharmacophore,aligned,decoy
ZINCf5000000ay6h,414,11.634677416496485,standard_3d_pharmacophore,aligned,decoy
ZINCf5000002rXwv,415,11.630840906825624,standard_3d_pharmacophore,aligned,decoy
ZINCf50000017VOT,416,11.627529541336674,standard_3d_pharmacophore,aligned,decoy
ZINCf5000002dR2n,417,11.622750017960259,standard_3d_pharmacophore,aligned,decoy
ZINCf5000000ZsXj,418,11.618071548786512,standard_3d_pharmacophore,aligned,decoy
ZINCf5000000ZxQm,419,11.61781503503804,standard_3d_pharmacophore,aligned,decoy
ZINCf50000008VnP,420,11.616039225840762,standard_3d_pharmacophore,aligned,decoy
ZINCf5000002oBQS,421,11.607727728266935,standard_3d_pharmacophore,aligned,decoy
ZINCf5000000ZxaH,422,11.60769657515147,standard_3d_pharmacophore,aligned,decoy
ZINCf50000009Auu,423,11.607492420968189,standard_3d_pharmacophore,aligned,decoy
ZINCf50000017Owq,424,11.605933659981796,standard_3d_pharmacophore,aligned,decoy
ZINCf50000008VnO,425,11.604830306930149,standard_3d_pharmacophore,aligned,decoy
ZINCf5000002a4Dt,426,11.602800965947075,standard_3d_pharmacophore,aligned,decoy
ZINCf5000002qAQ7,427,11.599876470202728,standard_3d_pharmacophore,aligned,decoy
ZINCf50000017AE5,428,11.599302994277581,standard_3d_pharmacophore,aligned,decoy
ZINCf5000000agvO,429,11.598973242331667,standard_3d_pharmacophore,aligned,decoy
ZINCf5000000abAi,430,11.597662879684222,standard_3d_pharmacophore,aligned,decoy
ZINCf50000009CWL,431,11.59738718268642,standard_3d_pharmacophore,aligned,decoy
ZINCf5000000a12U,432,11.594332372307758,standard_3d_pharmacophore,aligned,decoy
ZINCf50000009xQv,433,11.585876592166434,standard_3d_pharmacophore,aligned,decoy
ZINCf50000017phT,434,11.57660977868873,standard_3d_pharmacophore,aligned,decoy
ZINCf50000009tPD,435,11.575509832259094,standard_3d_pharmacophore,aligned,decoy
ZINCf5000002rGk8,436,11.57461443020009,standard_3d_pharmacophore,aligned,decoy
ZINCf5000000a5Ox,437,11.574608039598463,standard_3d_pharmacophore,aligned,decoy
ZINCf50000009wB0,438,11.573564368361339,standard_3d_pharmacophore,aligned,decoy
ZINCf50000008V0l,439,11.573221889353396,standard_3d_pharmacophore,aligned,decoy
ZINCf500000263Mr,440,11.570425096905097,standard_3d_pharmacophore,aligned,decoy
ZINCf5000000aoN3,441,11.569748354506698,standard_3d_pharmacophore,aligned,decoy
ZINCf50000024Ip8,442,11.56843334618328,standard_3d_pharmacophore,aligned,decoy
ZINCf50000008GAi,443,11.563479188061264,standard_3d_pharmacophore,aligned,decoy
ZINCf50000029ZxW,444,11.562194050599786,standard_3d_pharmacophore,aligned,decoy
ZINCf50000008XvU,445,11.562163168746594,standard_3d_pharmacophore,aligned,decoy
ZINCf50000009yQr,446,11.555531793686376,standard_3d_pharmacophore,aligned,decoy
ZINCf50000017Pgb,447,11.553473151801285,standard_3d_pharmacophore,aligned,decoy
ZINCf50000008Ax9,448,11.553348843314884,standard_3d_pharmacophore,aligned,decoy
ZINCf5000000a5xo,449,11.552366171986298,standard_3d_pharmacophore,aligned,decoy
ZINCf50000009zyw,450,11.550642618900865,standard_3d_pharmacophore,aligned,decoy
ZINCf50000028TXa,451,11.545136070692546,standard_3d_pharmacophore,aligned,decoy
ZINCf500000256q2,452,11.544305053658112,standard_3d_pharmacophore,aligned,decoy
ZINCf5000000aakm,453,11.539195332173035,standard_3d_pharmacophore,aligned,decoy
ZINCf5000002rLDp,454,11.536078695347321,standard_3d_pharmacophore,aligned,decoy
ZINCf5000000azI3,455,11.53555492532576,standard_3d_pharmacophore,aligned,decoy
ZINCf50000009CVB,456,11.533390570430209,standard_3d_pharmacophore,aligned,decoy
ZINCf5000000aiGd,457,11.532524029472874,standard_3d_pharmacophore,aligned,decoy
ZINCf50000017Mm2,458,11.526246344424985,standard_3d_pharmacophore,aligned,decoy
ZINCf5000000S7uF,459,11.523862649922087,standard_3d_pharmacophore,aligned,decoy
ZINCf50000017M5a,460,11.523500526807489,standard_3d_pharmacophore,aligned,decoy
ZINCf5000000Zwmh,461,11.523076032782168,standard_3d_pharmacophore,aligned,decoy
ZINCf5000000ae3H,462,11.521504980239627,standard_3d_pharmacophore,aligned,decoy
ZINCf50000009Fax,463,11.519591549370986,standard_3d_pharmacophore,aligned,decoy
ZINCf50000017nzV,464,11.519563953126402,standard_3d_pharmacophore,aligned,decoy
ZINCf50000017Mmf,465,11.51880211902896,standard_3d_pharmacophore,aligned,decoy
ZINCf50000026U3V,466,11.513310638966464,standard_3d_pharmacophore,aligned,decoy
ZINCf50000009ynt,467,11.50984353000107,standard_3d_pharmacophore,aligned,decoy
ZINCf5000000VZpu,468,11.509503335693987,standard_3d_pharmacophore,aligned,decoy
ZINCf5000000aiKp,469,11.508443501311826,standard_3d_pharmacophore,aligned,decoy
ZINCf50000008NGb,470,11.504711720597333,standard_3d_pharmacophore,aligned,decoy
ZINCf50000017Hd9,471,11.504336456555794,standard_3d_pharmacophore,aligned,decoy
ZINCf50000009UpX,472,11.501893994466323,standard_3d_pharmacophore,aligned,decoy
ZINCf5000002aSDG,473,11.498873567778555,standard_3d_pharmacophore,aligned,decoy
ZINCf50000029qto,474,11.495278979182386,standard_3d_pharmacophore,aligned,decoy
ZINCf5000002rA7Y,475,11.489608305483582,standard_3d_pharmacophore,aligned,decoy
ZINCf500000098za,476,11.489374733404759,standard_3d_pharmacophore,aligned,decoy
ZINCf50000009JAl,477,11.483263684156432,standard_3d_pharmacophore,aligned,decoy
ZINCf50000008SbG,478,11.481829926779392,standard_3d_pharmacophore,aligned,decoy
ZINCf5000000a86R,479,11.475755736816241,standard_3d_pharmacophore,aligned,decoy
ZINCf50000027RI3,480,11.47568541744685,standard_3d_pharmacophore,aligned,decoy
ZINCf50000009yd6,481,11.467891648333937,standard_3d_pharmacophore,aligned,decoy
ZINCf50000009VF9,482,11.466918358497729,standard_3d_pharmacophore,aligned,decoy
ZINCf50000009O7A,483,11.4629213984941,standard_3d_pharmacophore,aligned,decoy
ZINCf5000000aeNZ,484,11.459818708364914,standard_3d_pharmacophore,aligned,decoy
ZINCf5000000Zt9N,485,11.454393198006056,standard_3d_pharmacophore,aligned,decoy
ZINCf50000009F8s,486,11.452084980916075,standard_3d_pharmacophore,aligned,decoy
ZINCf50000009z98,487,11.451363929916823,standard_3d_pharmacophore,aligned,decoy
ZINCf5000000ZxF5,488,11.446537408519779,standard_3d_pharmacophore,aligned,decoy
ZINCf5000000aotw,489,11.444209893025846,standard_3d_pharmacophore,aligned,decoy
ZINCf50000009ubo,490,11.436728919128182,standard_3d_pharmacophore,aligned,decoy
ZINCf50000009w7k,491,11.433780509903581,standard_3d_pharmacophore,aligned,decoy
ZINCf5000002aNS7,492,11.426497775014882,standard_3d_pharmacophore,aligned,decoy
ZINCf5000002efXb,493,11.424659804053196,standard_3d_pharmacophore,aligned,decoy
ZINCf5000000Zrb9,494,11.42020512114961,standard_3d_pharmacophore,aligned,decoy
ZINCf500000180Jx,495,11.415978038132875,standard_3d_pharmacophore,aligned,decoy
ZINCf50000008GSL,496,11.414244151346029,standard_3d_pharmacophore,aligned,decoy
ZINCf50000018cNu,497,11.412271055908056,standard_3d_pharmacophore,aligned,decoy
ZINCf50000009msE,498,11.411644840536784,standard_3d_pharmacophore,aligned,decoy
ZINCf5000002rwml,499,11.402874808759146,standard_3d_pharmacophore,aligned,decoy
ZINCf500000183XL,500,11.402421029081443,standard_3d_pharmacophore,aligned,decoy
ZINCf50000009EYa,501,11.400177355987807,standard_3d_pharmacophore,aligned,decoy
ZINCf5000001LqIO,502,11.399929879884914,standard_3d_pharmacophore,aligned,decoy
ZINCf50000008TBd,503,11.398832226057921,standard_3d_pharmacophore,aligned,decoy
ZINCf5000000ZxNc,504,11.39682325848841,standard_3d_pharmacophore,aligned,decoy
ZINCf5000000SNzJ,505,11.394189635727555,standard_3d_pharmacophore,aligned,decoy
ZINCf5000000YbGd,506,11.39346149095941,standard_3d_pharmacophore,aligned,decoy
ZINCf5000000VlMZ,507,11.390874666528086,standard_3d_pharmacophore,aligned,decoy
ZINCf5000000aa64,508,11.390500195387729,standard_3d_pharmacophore,aligned,decoy
ZINCf5000000941N,509,11.388372028582307,standard_3d_pharmacophore,aligned,decoy
ZINCf5000000acqq,510,11.38555632268343,standard_3d_pharmacophore,aligned,decoy
ZINCf50000009pBr,511,11.379990253103516,standard_3d_pharmacophore,aligned,decoy
ZINCf5000002rKNc,512,11.379461811132073,standard_3d_pharmacophore,aligned,decoy
ZINCf500000182CG,513,11.374138428861993,standard_3d_pharmacophore,aligned,decoy
ZINCf5000000S76T,514,11.373202066802158,standard_3d_pharmacophore,aligned,decoy
ZINCf50000025BHu,515,11.370859361645051,standard_3d_pharmacophore,aligned,decoy
ZINCf5000002si5m,516,11.370632036795307,standard_3d_pharmacophore,aligned,decoy
ZINCf5000000ZtNy,517,11.370073816520433,standard_3d_pharmacophore,aligned,decoy
ZINCf5000000947y,518,11.369889588204469,standard_3d_pharmacophore,aligned,decoy
ZINCf50000009aCA,519,11.367807561577056,standard_3d_pharmacophore,aligned,decoy
ZINCf50000008LK8,520,11.366080609834613,standard_3d_pharmacophore,aligned,decoy
ZINCf50000008WML,521,11.365300181477613,standard_3d_pharmacophore,aligned,decoy
ZINCf5000001Emu2,522,11.36390163619832,standard_3d_pharmacophore,aligned,decoy
ZINCf500000090y4,523,11.361181211514262,standard_3d_pharmacophore,aligned,decoy
ZINCf5000000VlUp,524,11.36002622909583,standard_3d_pharmacophore,aligned,decoy
ZINCf5000000ZyUF,525,11.356458587110701,standard_3d_pharmacophore,aligned,decoy
ZINCf5000000anJI,526,11.352114815860585,standard_3d_pharmacophore,aligned,decoy
ZINCf50000017vYs,527,11.351090505879027,standard_3d_pharmacophore,aligned,decoy
ZINCf50000017ODj,528,11.348907429643578,standard_3d_pharmacophore,aligned,decoy
ZINCf50000009Iz5,529,11.345141987317012,standard_3d_pharmacophore,aligned,decoy
ZINCf50000008RyA,530,11.343516266455644,standard_3d_pharmacophore,aligned,decoy
ZINCf500000098WB,531,11.339847615966843,standard_3d_pharmacophore,aligned,decoy
ZINCf500000095Fg,532,11.33698609674593,standard_3d_pharmacophore,aligned,decoy
ZINCf5000002oGxA,533,11.33211832485609,standard_3d_pharmacophore,aligned,decoy
ZINCf5000000aa29,534,11.326912214657193,standard_3d_pharmacophore,aligned,decoy
ZINCf50000017JxV,535,11.323834075237098,standard_3d_pharmacophore,aligned,decoy
ZINCf5000000Ybic,536,11.319542473371435,standard_3d_pharmacophore,aligned,decoy
ZINCf50000009NG6,537,11.318056223039529,standard_3d_pharmacophore,aligned,decoy
ZINCf50000009UKg,538,11.317419884613875,standard_3d_pharmacophore,aligned,decoy
ZINCf5000000afYF,539,11.315707505768968,standard_3d_pharmacophore,aligned,decoy
ZINCf5000002ah5X,540,11.313088642720357,standard_3d_pharmacophore,aligned,decoy
ZINCf5000000SMmG,541,11.312655887821418,standard_3d_pharmacophore,aligned,decoy
ZINCf50000009cRt,542,11.310556276836767,standard_3d_pharmacophore,aligned,decoy
ZINCf50000009M3v,543,11.309729107294311,standard_3d_pharmacophore,aligned,decoy
ZINCf5000002aW76,544,11.309120718249842,standard_3d_pharmacophore,aligned,decoy
ZINCf5000000amdl,545,11.307982465713541,standard_3d_pharmacophore,aligned,decoy
ZINCf50000024SRa,546,11.307917421413883,standard_3d_pharmacophore,aligned,decoy
ZINCf5000002eeeG,547,11.30629164131506,standard_3d_pharmacophore,aligned,decoy
ZINCf5000002oBQy,548,11.291433276599413,standard_3d_pharmacophore,aligned,decoy
ZINCf5000001AV0S,549,11.290371678450484,standard_3d_pharmacophore,aligned,decoy
ZINCf5000000ZsOY,550,11.289911213900025,standard_3d_pharmacophore,aligned,decoy
ZINCf5000000ZxYr,551,11.284732512356335,standard_3d_pharmacophore,aligned,decoy
CHEMBL4170481,552,11.284198345360716,standard_3d_pharmacophore,aligned,active
ZINCf5000002d8UH,553,11.28317694000547,standard_3d_pharmacophore,aligned,decoy
ZINCf50000009vzq,554,11.28252563285826,standard_3d_pharmacophore,aligned,decoy
ZINCf50000009aj3,555,11.282437310146225,standard_3d_pharmacophore,aligned,decoy
ZINCf5000000alHz,556,11.281754225615796,standard_3d_pharmacophore,aligned,decoy
ZINCf5000000Zuzd,557,11.278526113898147,standard_3d_pharmacophore,aligned,decoy
ZINCf5000001rptD,558,11.276368537475504,standard_3d_pharmacophore,aligned,decoy
ZINCf5000002e5EQ,559,11.274919670285408,standard_3d_pharmacophore,aligned,decoy
ZINCf50000017GDl,560,11.271648590419435,standard_3d_pharmacophore,aligned,decoy
ZINCf500000090KH,561,11.270713703162142,standard_3d_pharmacophore,aligned,decoy
ZINCf50000009wxq,562,11.261390870022964,standard_3d_pharmacophore,aligned,decoy
ZINCf5000000SL1h,563,11.26015535021219,standard_3d_pharmacophore,aligned,decoy
ZINCf50000017zbM,564,11.256169646310676,standard_3d_pharmacophore,aligned,decoy
ZINCf50000009Hoj,565,11.25322799888132,standard_3d_pharmacophore,aligned,decoy
ZINCf5000002e64J,566,11.252942071929365,standard_3d_pharmacophore,aligned,decoy
ZINCf5000002dZAt,567,11.252373138328904,standard_3d_pharmacophore,aligned,decoy
ZINCf50000017LMX,568,11.2519595490411,standard_3d_pharmacophore,aligned,decoy
ZINCf5000002rQTj,569,11.249270820921165,standard_3d_pharmacophore,aligned,decoy
ZINCf50000024C21,570,11.248117671993276,standard_3d_pharmacophore,aligned,decoy
ZINCf5000001orCY,571,11.23987061266249,standard_3d_pharmacophore,aligned,decoy
ZINCf5000002du81,572,11.235875872504893,standard_3d_pharmacophore,aligned,decoy
ZINCf5000002eiiO,573,11.235569821976172,standard_3d_pharmacophore,aligned,decoy
ZINCf5000002sgSG,574,11.230969929024159,standard_3d_pharmacophore,aligned,decoy
ZINCf50000009LAP,575,11.224177539391768,standard_3d_pharmacophore,aligned,decoy
ZINCf5000000azGJ,576,11.22051779976688,standard_3d_pharmacophore,aligned,decoy
ZINCf5000001Qom4,577,11.219512982131754,standard_3d_pharmacophore,aligned,decoy
ZINCf5000000VZiS,578,11.218960647683952,standard_3d_pharmacophore,aligned,decoy
ZINCf5000000atl4,579,11.215314660390305,standard_3d_pharmacophore,aligned,decoy
ZINCf50000009m2q,580,11.214096182304333,standard_3d_pharmacophore,aligned,decoy
ZINCf5000001TLqs,581,11.212610281060769,standard_3d_pharmacophore,aligned,decoy
ZINCf50000009ujW,582,11.21235866326474,standard_3d_pharmacophore,aligned,decoy
ZINCf500000187N5,583,11.20930939126238,standard_3d_pharmacophore,aligned,decoy
ZINCf50000029WTa,584,11.208807235372003,standard_3d_pharmacophore,aligned,decoy
ZINCf5000000aasy,585,11.208689921254154,standard_3d_pharmacophore,aligned,decoy
ZINCf50000017twE,586,11.2082973420264,standard_3d_pharmacophore,aligned,decoy
ZINCf500000091qJ,587,11.206552372874448,standard_3d_pharmacophore,aligned,decoy
ZINCf5000000axTO,588,11.206251638154408,standard_3d_pharmacophore,aligned,decoy
ZINCf5000000ady2,589,11.204465100219531,standard_3d_pharmacophore,aligned,decoy
ZINCf5000000a94X,590,11.203857324295923,standard_3d_pharmacophore,aligned,decoy
ZINCf5000002ryel,591,11.200731836892643,standard_3d_pharmacophore,aligned,decoy
ZINCf5000002aowO,592,11.198356501577129,standard_3d_pharmacophore,aligned,decoy
ZINCf50000008OzA,593,11.191626550633517,standard_3d_pharmacophore,aligned,decoy
ZINCf50000017lUo,594,11.187880394400354,standard_3d_pharmacophore,aligned,decoy
ZINCf5000002rEdJ,595,11.184689581898564,standard_3d_pharmacophore,aligned,decoy
ZINCf5000002aFrF,596,11.184360399981326,standard_3d_pharmacophore,aligned,decoy
ZINCf50000017NGO,597,11.184076394929777,standard_3d_pharmacophore,aligned,decoy
ZINCf5000000a5HH,598,11.181893655081984,standard_3d_pharmacophore,aligned,decoy
ZINCf50000017KTo,599,11.179979365593502,standard_3d_pharmacophore,aligned,decoy
ZINCf5000002egeB,600,11.17946331618164,standard_3d_pharmacophore,aligned,decoy
ZINCf50000009ynz,601,11.179132326217992,standard_3d_pharmacophore,aligned,decoy
ZINCf5000000anKU,602,11.176139322548092,standard_3d_pharmacophore,aligned,decoy
ZINCf500000186EI,603,11.172791023420748,standard_3d_pharmacophore,aligned,decoy
ZINCf5000000ZtNa,604,11.172019403090557,standard_3d_pharmacophore,aligned,decoy
ZINCf5000000Zr5Y,605,11.170654105822637,standard_3d_pharmacophore,aligned,decoy
ZINCf5000002e9iv,606,11.170317728268467,standard_3d_pharmacophore,aligned,decoy
ZINCf5000000ZxFj,607,11.165842662939145,standard_3d_pharmacophore,aligned,decoy
ZINCf50000017Vfp,608,11.162568776521903,standard_3d_pharmacophore,aligned,decoy
ZINCf5000000SLUp,609,11.161135814843995,standard_3d_pharmacophore,aligned,decoy
ZINCf5000002aSIB,610,11.159649907732444,standard_3d_pharmacophore,aligned,decoy
ZINCf50000009MfT,611,11.158011550293862,standard_3d_pharmacophore,aligned,decoy
ZINCf5000002mAJu,612,11.157451290724563,standard_3d_pharmacophore,aligned,decoy
ZINCf50000009BCm,613,11.1570128961079,standard_3d_pharmacophore,aligned,decoy
ZINCf5000000VmyA,614,11.15451713300024,standard_3d_pharmacophore,aligned,decoy
ZINCf5000002rLOE,615,11.153049567879682,standard_3d_pharmacophore,aligned,decoy
ZINCf5000002myC2,616,11.152189164426902,standard_3d_pharmacophore,aligned,decoy
ZINCf50000009Xac,617,11.147098844201347,standard_3d_pharmacophore,aligned,decoy
ZINCf5000001wnJH,618,11.140063041417132,standard_3d_pharmacophore,aligned,decoy
ZINCf50000023t3V,619,11.134984801090663,standard_3d_pharmacophore,aligned,decoy
ZINCf5000002rRW9,620,11.133916547021192,standard_3d_pharmacophore,aligned,decoy
ZINCf5000000Zrm2,621,11.133157196963225,standard_3d_pharmacophore,aligned,decoy
ZINCf5000000Zu2n,622,11.130689727283356,standard_3d_pharmacophore,aligned,decoy
ZINCf5000000VnD5,623,11.130327490094443,standard_3d_pharmacophore,aligned,decoy
ZINCf5000002rX6B,624,11.130095687801024,standard_3d_pharmacophore,aligned,decoy
ZINCf5000002rVlZ,625,11.129116197215042,standard_3d_pharmacophore,aligned,decoy
ZINCf50000009k3E,626,11.124580335628304,standard_3d_pharmacophore,aligned,decoy
ZINCf5000001Rg6X,627,11.12358823294582,standard_3d_pharmacophore,aligned,decoy
ZINCf50000008PSw,628,11.123159497730976,standard_3d_pharmacophore,aligned,decoy
ZINCf5000002aSLa,629,11.121215827448664,standard_3d_pharmacophore,aligned,decoy
ZINCf50000017W9c,630,11.120291092389376,standard_3d_pharmacophore,aligned,decoy
ZINCf5000000ay16,631,11.119876024422819,standard_3d_pharmacophore,aligned,decoy
ZINCf50000009Hy6,632,11.119832886061172,standard_3d_pharmacophore,aligned,decoy
ZINCf5000002s8Pq,633,11.114699501774957,standard_3d_pharmacophore,aligned,decoy
ZINCf5000002dS7t,634,11.114547116092288,standard_3d_pharmacophore,aligned,decoy
ZINCf50000009UTu,635,11.114477188164011,standard_3d_pharmacophore,aligned,decoy
ZINCf5000002e60i,636,11.11398430022866,standard_3d_pharmacophore,aligned,decoy
ZINCf5000000aakj,637,11.112857787197091,standard_3d_pharmacophore,aligned,decoy
ZINCf5000000Vnak,638,11.112347032179098,standard_3d_pharmacophore,aligned,decoy
ZINCf5000002aUh7,639,11.111695764622436,standard_3d_pharmacophore,aligned,decoy
ZINCf50000017KXM,640,11.109673725694696,standard_3d_pharmacophore,aligned,decoy
ZINCf50000009otY,641,11.108298439512373,standard_3d_pharmacophore,aligned,decoy
ZINCf5000002e64a,642,11.108105290943309,standard_3d_pharmacophore,aligned,decoy
ZINCf50000009MFI,643,11.106620801641908,standard_3d_pharmacophore,aligned,decoy
ZINCf50000008HuR,644,11.104332853109463,standard_3d_pharmacophore,aligned,decoy
ZINCf5000001FZJ5,645,11.104088701901805,standard_3d_pharmacophore,aligned,decoy
ZINCf5000002e63s,646,11.101718392295812,standard_3d_pharmacophore,aligned,decoy
ZINCf5000002rwRJ,647,11.100641172945377,standard_3d_pharmacophore,aligned,decoy
ZINCf5000002qzwJ,648,11.096250829781164,standard_3d_pharmacophore,aligned,decoy
ZINCf5000000aezU,649,11.09305628659297,standard_3d_pharmacophore,aligned,decoy
ZINCf50000008L4G,650,11.092309926543328,standard_3d_pharmacophore,aligned,decoy
ZINCf50000008Hhj,651,11.089497067391576,standard_3d_pharmacophore,aligned,decoy
ZINCf5000000axpl,652,11.089263134378804,standard_3d_pharmacophore,aligned,decoy
ZINCf50000008Xjz,653,11.08752479898622,standard_3d_pharmacophore,aligned,decoy
ZINCf50000009nCt,654,11.081928392729086,standard_3d_pharmacophore,aligned,decoy
ZINCf50000017L4P,655,11.078106664164153,standard_3d_pharmacophore,aligned,decoy
ZINCf5000002s456,656,11.075903346083651,standard_3d_pharmacophore,aligned,decoy
ZINCf5000002qAuy,657,11.074700842880878,standard_3d_pharmacophore,aligned,decoy
ZINCf50000029oGV,658,11.074204524538056,standard_3d_pharmacophore,aligned,decoy
ZINCf500000097eV,659,11.071481508607572,standard_3d_pharmacophore,aligned,decoy
ZINCf5000001V3uo,660,11.070300463025605,standard_3d_pharmacophore,aligned,decoy
ZINCf500000185c0,661,11.06906793935316,standard_3d_pharmacophore,aligned,decoy
ZINCf5000000YaMn,662,11.066310127569038,standard_3d_pharmacophore,aligned,decoy
ZINCf5000000akjg,663,11.062584455020495,standard_3d_pharmacophore,aligned,decoy
ZINCf5000002aKSo,664,11.057449460232839,standard_3d_pharmacophore,aligned,decoy
ZINCf5000002oCHN,665,11.056895684431058,standard_3d_pharmacophore,aligned,decoy
ZINCf5000002qzvH,666,11.055313317729272,standard_3d_pharmacophore,aligned,decoy
ZINCf5000001GOOG,667,11.053880570092819,standard_3d_pharmacophore,aligned,decoy
ZINCf50000009wnC,668,11.05077578707613,standard_3d_pharmacophore,aligned,decoy
ZINCf5000002r8rT,669,11.049200026395134,standard_3d_pharmacophore,aligned,decoy
ZINCf50000008TA2,670,11.04570647840223,standard_3d_pharmacophore,aligned,decoy
ZINCf50000008Vcm,671,11.044528276497218,standard_3d_pharmacophore,aligned,decoy
ZINCf5000000ajKZ,672,11.043494408222214,standard_3d_pharmacophore,aligned,decoy
ZINCf5000001UtyI,673,11.04225952519199,standard_3d_pharmacophore,aligned,decoy
ZINCf50000009Ha4,674,11.040010723787473,standard_3d_pharmacophore,aligned,decoy
ZINCf50000017Lpy,675,11.035888860004848,standard_3d_pharmacophore,aligned,decoy
ZINCf5000000SKrI,676,11.034156351546809,standard_3d_pharmacophore,aligned,decoy
ZINCf50000017wam,677,11.032871706655136,standard_3d_pharmacophore,aligned,decoy
ZINCf5000002dC37,678,11.031644996004678,standard_3d_pharmacophore,aligned,decoy
ZINCf5000002rirT,679,11.030839803934521,standard_3d_pharmacophore,aligned,decoy
ZINCf5000000Ybws,680,11.028813127829844,standard_3d_pharmacophore,aligned,decoy
ZINCf50000009f9b,681,11.02173683967663,standard_3d_pharmacophore,aligned,decoy
ZINCf5000000YaUi,682,11.021132087706526,standard_3d_pharmacophore,aligned,decoy
ZINCf5000002aURX,683,11.016155220245386,standard_3d_pharmacophore,aligned,decoy
ZINCf5000002aUfh,684,11.010147670286505,standard_3d_pharmacophore,aligned,decoy
ZINCf5000000aeRe,685,11.008834637219616,standard_3d_pharmacophore,aligned,decoy
ZINCf5000000acyU,686,11.008758105529699,standard_3d_pharmacophore,aligned,decoy
ZINCf5000000WAJX,687,11.007207573918306,standard_3d_pharmacophore,aligned,decoy
ZINCf5000000agV5,688,11.004723376408645,standard_3d_pharmacophore,aligned,decoy
ZINCf50000009fiV,689,10.99876604033476,standard_3d_pharmacophore,aligned,decoy
ZINCf5000002rX8m,690,10.996517180638332,standard_3d_pharmacophore,aligned,decoy
ZINCf50000009HnH,691,10.988213236769575,standard_3d_pharmacophore,aligned,decoy
ZINCf5000000Zruz,692,10.98460370603579,standard_3d_pharmacophore,aligned,decoy
ZINCf50000017lUv,693,10.98450027714172,standard_3d_pharmacophore,aligned,decoy
ZINCf5000000Zxnj,694,10.98395742222644,standard_3d_pharmacophore,aligned,decoy
ZINCf5000002dGrK,695,10.982246789186652,standard_3d_pharmacophore,aligned,decoy
ZINCf50000009H2Z,696,10.98040162751171,standard_3d_pharmacophore,aligned,decoy
ZINCf50000026ml4,697,10.980384426735712,standard_3d_pharmacophore,aligned,decoy
ZINCf5000002aW60,698,10.977775490839814,standard_3d_pharmacophore,aligned,decoy
ZINCf5000000alDa,699,10.976396933955082,standard_3d_pharmacophore,aligned,decoy
ZINCf50000009Fay,700,10.976393881418675,standard_3d_pharmacophore,aligned,decoy
ZINCf5000001GWlM,701,10.97165303470491,standard_3d_pharmacophore,aligned,decoy
ZINCf50000009nKD,702,10.96882213117383,standard_3d_pharmacophore,aligned,decoy
ZINCf5000000ayjI,703,10.963622694213939,standard_3d_pharmacophore,aligned,decoy
ZINCf50000020M6r,704,10.962163495813435,standard_3d_pharmacophore,aligned,decoy
ZINCf50000008JNh,705,10.961400918739946,standard_3d_pharmacophore,aligned,decoy
ZINCf50000028TAZ,706,10.950783097521903,standard_3d_pharmacophore,aligned,decoy
ZINCf500000298RN,707,10.94800534220344,standard_3d_pharmacophore,aligned,decoy
ZINCf5000000Zu2h,708,10.945135545022406,standard_3d_pharmacophore,aligned,decoy
ZINCf5000002edIm,709,10.944122048617992,standard_3d_pharmacophore,aligned,decoy
ZINCf5000000Zu2d,710,10.931376304088683,standard_3d_pharmacophore,aligned,decoy
ZINCf5000000954h,711,10.928697292436436,standard_3d_pharmacophore,aligned,decoy
ZINCf5000002rPJ6,712,10.927195640381173,standard_3d_pharmacophore,aligned,decoy
ZINCf500000180pq,713,10.925834375836175,standard_3d_pharmacophore,aligned,decoy
ZINCf5000000abWF,714,10.921046823262296,standard_3d_pharmacophore,aligned,decoy
ZINCf5000002s518,715,10.920029859038873,standard_3d_pharmacophore,aligned,decoy
ZINCf50000009vZ7,716,10.919276610724642,standard_3d_pharmacophore,aligned,decoy
ZINCf50000017rJF,717,10.917651046100605,standard_3d_pharmacophore,aligned,decoy
ZINCf50000009xh4,718,10.91614676555686,standard_3d_pharmacophore,aligned,decoy
ZINCf50000017QTY,719,10.914953832255746,standard_3d_pharmacophore,aligned,decoy
ZINCf50000017vEN,720,10.912317750519815,standard_3d_pharmacophore,aligned,decoy
ZINCf50000025GN0,721,10.910405682725928,standard_3d_pharmacophore,aligned,decoy
ZINCf50000008VF0,722,10.905508464344923,standard_3d_pharmacophore,aligned,decoy
ZINCf50000009FR4,723,10.903844266530163,standard_3d_pharmacophore,aligned,decoy
ZINCf50000009MOn,724,10.902862310685508,standard_3d_pharmacophore,aligned,decoy
ZINCf5000002ryzP,725,10.901533015253657,standard_3d_pharmacophore,aligned,decoy
ZINCf5000000ayob,726,10.899843221723783,standard_3d_pharmacophore,aligned,decoy
ZINCf50000009jv9,727,10.895448869139791,standard_3d_pharmacophore,aligned,decoy
ZINCf5000001orow,728,10.8933648386056,standard_3d_pharmacophore,aligned,decoy
ZINCf50000017ye4,729,10.893287698090173,standard_3d_pharmacophore,aligned,decoy
ZINCf5000000ah8U,730,10.893274299788803,standard_3d_pharmacophore,aligned,decoy
ZINCf50000009dSL,731,10.890219414888858,standard_3d_pharmacophore,aligned,decoy
ZINCf5000002rVew,732,10.88881064066688,standard_3d_pharmacophore,aligned,decoy
ZINCf5000002aOhX,733,10.888093501699757,standard_3d_pharmacophore,aligned,decoy
ZINCf5000000WBkB,734,10.88524829992084,standard_3d_pharmacophore,aligned,decoy
ZINCf50000008AXk,735,10.884180783014425,standard_3d_pharmacophore,aligned,decoy
ZINCf50000009pNb,736,10.876532619271547,standard_3d_pharmacophore,aligned,decoy
ZINCf5000002rvKA,737,10.874069976567494,standard_3d_pharmacophore,aligned,decoy
ZINCf5000003631Z,738,10.873409437690375,standard_3d_pharmacophore,aligned,decoy
ZINCf50000009Atr,739,10.871860164881605,standard_3d_pharmacophore,aligned,decoy
ZINCf5000000aabr,740,10.871368839005129,standard_3d_pharmacophore,aligned,decoy
ZINCf5000000ZxPu,741,10.86886074541342,standard_3d_pharmacophore,aligned,decoy
ZINCf50000027F9l,742,10.867195537269035,standard_3d_pharmacophore,aligned,decoy
ZINCf5000000S6dS,743,10.862818120681291,standard_3d_pharmacophore,aligned,decoy
ZINCf50000009upV,744,10.860722222405302,standard_3d_pharmacophore,aligned,decoy
ZINCf5000002d9tR,745,10.860285801297493,standard_3d_pharmacophore,aligned,decoy
ZINCf5000002oIk8,746,10.85858803146531,standard_3d_pharmacophore,aligned,decoy
ZINCf5000000az0S,747,10.857881354584448,standard_3d_pharmacophore,aligned,decoy
ZINCf50000017AwE,748,10.857628934402733,standard_3d_pharmacophore,aligned,decoy
ZINCf5000001wG0U,749,10.852011262122453,standard_3d_pharmacophore,aligned,decoy
ZINCf50000009ZcB,750,10.845195885505387,standard_3d_pharmacophore,aligned,decoy
ZINCf50000009Wf6,751,10.842643759845927,standard_3d_pharmacophore,aligned,decoy
ZINCf5000002oGpf,752,10.840036299182458,standard_3d_pharmacophore,aligned,decoy
ZINCf5000000ah95,753,10.839759022409652,standard_3d_pharmacophore,aligned,decoy
ZINCf5000000ayno,754,10.839609528956581,standard_3d_pharmacophore,aligned,decoy
ZINCf50000026TVY,755,10.830988709626508,standard_3d_pharmacophore,aligned,decoy
ZINCf50000008TCr,756,10.83037769129545,standard_3d_pharmacophore,aligned,decoy
ZINCf5000002aJ1f,757,10.828319124458355,standard_3d_pharmacophore,aligned,decoy
ZINCf50000009sq1,758,10.827378533594313,standard_3d_pharmacophore,aligned,decoy
ZINCf5000000S50h,759,10.822523966875334,standard_3d_pharmacophore,aligned,decoy
ZINCf50000009CYt,760,10.822097437796899,standard_3d_pharmacophore,aligned,decoy
ZINCf50000008Zuj,761,10.821377258984768,standard_3d_pharmacophore,aligned,decoy
ZINCf50000017lUu,762,10.819456480977948,standard_3d_pharmacophore,aligned,decoy
ZINCf500000264ro,763,10.812798650222833,standard_3d_pharmacophore,aligned,decoy
ZINCf5000000atif,764,10.812181470891579,standard_3d_pharmacophore,aligned,decoy
ZINCf50000008ExI,765,10.806340782098111,standard_3d_pharmacophore,aligned,decoy
ZINCf5000001oltJ,766,10.806167330097457,standard_3d_pharmacophore,aligned,decoy
ZINCf500000180vB,767,10.805293084865955,standard_3d_pharmacophore,aligned,decoy
ZINCf50000008UG8,768,10.801973936398744,standard_3d_pharmacophore,aligned,decoy
ZINCf50000009KnW,769,10.798977032339389,standard_3d_pharmacophore,aligned,decoy
ZINCf50000009FaB,770,10.798091760017357,standard_3d_pharmacophore,aligned,decoy
ZINCf5000002dvko,771,10.790804972924546,standard_3d_pharmacophore,aligned,decoy
ZINCf5000002s7tO,772,10.78624957930236,standard_3d_pharmacophore,aligned,decoy
ZINCf5000002e9nj,773,10.785517520339448,standard_3d_pharmacophore,aligned,decoy
ZINCf50000009I7Z,774,10.785366429132488,standard_3d_pharmacophore,aligned,decoy
ZINCf5000002oDy3,775,10.778836411025225,standard_3d_pharmacophore,aligned,decoy
ZINCf5000002rPbO,776,10.778177662092927,standard_3d_pharmacophore,aligned,decoy
ZINCf50000008Or9,777,10.774466005289815,standard_3d_pharmacophore,aligned,decoy
ZINCf50000008ZOS,778,10.772526128945419,standard_3d_pharmacophore,aligned,decoy
ZINCf5000000a5v3,779,10.771706964898783,standard_3d_pharmacophore,aligned,decoy
ZINCf50000017vDh,780,10.770654589260936,standard_3d_pharmacophore,aligned,decoy
ZINCf5000000ajQP,781,10.767595608426952,standard_3d_pharmacophore,aligned,decoy
ZINCf5000000aynr,782,10.765943616505973,standard_3d_pharmacophore,aligned,decoy
ZINCf50000008Hb1,783,10.7658708503131,standard_3d_pharmacophore,aligned,decoy
ZINCf50000009xfQ,784,10.765455186549353,standard_3d_pharmacophore,aligned,decoy
ZINCf50000025N7N,785,10.759428059143547,standard_3d_pharmacophore,aligned,decoy
ZINCf50000008NIw,786,10.755189859731386,standard_3d_pharmacophore,aligned,decoy
ZINCf5000002rCUc,787,10.751135850874922,standard_3d_pharmacophore,aligned,decoy
ZINCf50000009Xp6,788,10.749795849766262,standard_3d_pharmacophore,aligned,decoy
ZINCf50000009FgZ,789,10.747178471541448,standard_3d_pharmacophore,aligned,decoy
ZINCf5000002qyKY,790,10.747029348387171,standard_3d_pharmacophore,aligned,decoy
ZINCf50000017w8G,791,10.746438879356846,standard_3d_pharmacophore,aligned,decoy
ZINCf50000009364,792,10.737530195193425,standard_3d_pharmacophore,aligned,decoy
ZINCf5000002silb,793,10.737358737557138,standard_3d_pharmacophore,aligned,decoy
ZINCf500000098WC,794,10.733755999948404,standard_3d_pharmacophore,aligned,decoy
ZINCf50000009DqZ,795,10.733613167609947,standard_3d_pharmacophore,aligned,decoy
ZINCf500000091Rq,796,10.729568518007817,standard_3d_pharmacophore,aligned,decoy
ZINCf50000009GbK,797,10.728080504192482,standard_3d_pharmacophore,aligned,decoy
ZINCf5000002muQN,798,10.72686992402614,standard_3d_pharmacophore,aligned,decoy
ZINCf500000369Ah,799,10.725550056710423,standard_3d_pharmacophore,aligned,decoy
ZINCf50000009n2t,800,10.723572031666832,standard_3d_pharmacophore,aligned,decoy
ZINCf5000001PGam,801,10.722274290117252,standard_3d_pharmacophore,aligned,decoy
ZINCf50000009pk4,802,10.718740291094074,standard_3d_pharmacophore,aligned,decoy
ZINCf50000009ZN0,803,10.71773612394521,standard_3d_pharmacophore,aligned,decoy
ZINCf5000002rJso,804,10.717216877967275,standard_3d_pharmacophore,aligned,decoy
ZINCf500000181pp,805,10.716644362663247,standard_3d_pharmacophore,aligned,decoy
ZINCf5000002r6Wu,806,10.716007063750597,standard_3d_pharmacophore,aligned,decoy
ZINCf50000018csw,807,10.71474878005159,standard_3d_pharmacophore,aligned,decoy
ZINCf50000009xgw,808,10.711593329020769,standard_3d_pharmacophore,aligned,decoy
ZINCf500000184ri,809,10.70598302395661,standard_3d_pharmacophore,aligned,decoy
ZINCf5000002dA3N,810,10.703477022713939,standard_3d_pharmacophore,aligned,decoy
ZINCf50000009nBd,811,10.701589307378029,standard_3d_pharmacophore,aligned,decoy
ZINCf5000000991p,812,10.700583411762882,standard_3d_pharmacophore,aligned,decoy
ZINCf5000000af4i,813,10.697914886007535,standard_3d_pharmacophore,aligned,decoy
ZINCf50000025WIL,814,10.691390407530243,standard_3d_pharmacophore,aligned,decoy
ZINCf50000009VPZ,815,10.691181688690143,standard_3d_pharmacophore,aligned,decoy
ZINCf50000017RE1,816,10.682678356110545,standard_3d_pharmacophore,aligned,decoy
ZINCf5000002dEBJ,817,10.678723513964327,standard_3d_pharmacophore,aligned,decoy
ZINCf50000009ZfR,818,10.675939994049953,standard_3d_pharmacophore,aligned,decoy
ZINCf5000002oGVW,819,10.669215157268857,standard_3d_pharmacophore,aligned,decoy
ZINCf50000008FwI,820,10.668460396057249,standard_3d_pharmacophore,aligned,decoy
ZINCf5000000SJTG,821,10.662915774581116,standard_3d_pharmacophore,aligned,decoy
ZINCf5000002sfL9,822,10.659717272101641,standard_3d_pharmacophore,aligned,decoy
ZINCf5000002dZmC,823,10.658714672222953,standard_3d_pharmacophore,aligned,decoy
ZINCf50000017UIr,824,10.658486155597618,standard_3d_pharmacophore,aligned,decoy
ZINCf5000002r4WZ,825,10.657859438124238,standard_3d_pharmacophore,aligned,decoy
ZINCf50000009fiZ,826,10.656927443274768,standard_3d_pharmacophore,aligned,decoy
ZINCf5000000ZxAk,827,10.656150542261493,standard_3d_pharmacophore,aligned,decoy
ZINCf50000008VEJ,828,10.653534174672943,standard_3d_pharmacophore,aligned,decoy
ZINCf5000002qScL,829,10.651207438645775,standard_3d_pharmacophore,aligned,decoy
ZINCf5000002qTmJ,830,10.649737461179994,standard_3d_pharmacophore,aligned,decoy
ZINCf5000001876f,831,10.649655367082312,standard_3d_pharmacophore,aligned,decoy
ZINCf50000028Fjg,832,10.644853667019111,standard_3d_pharmacophore,aligned,decoy
ZINCf500000184VO,833,10.6424333723581,standard_3d_pharmacophore,aligned,decoy
ZINCf5000001ueNF,834,10.641652644154615,standard_3d_pharmacophore,aligned,decoy
ZINCf50000009VbO,835,10.641025545680769,standard_3d_pharmacophore,aligned,decoy
ZINCf50000009tbw,836,10.640857976227375,standard_3d_pharmacophore,aligned,decoy
ZINCf5000000afnL,837,10.637205837195786,standard_3d_pharmacophore,aligned,decoy
ZINCf5000000azvL,838,10.636159375150834,standard_3d_pharmacophore,aligned,decoy
ZINCf50000009xfn,839,10.63355168132482,standard_3d_pharmacophore,aligned,decoy
ZINCf5000000WBOU,840,10.631846463361107,standard_3d_pharmacophore,aligned,decoy
ZINCf5000001sr80,841,10.629241825259253,standard_3d_pharmacophore,aligned,decoy
ZINCf5000000adCV,842,10.6290964825486,standard_3d_pharmacophore,aligned,decoy
ZINCf500000184hK,843,10.627859674243146,standard_3d_pharmacophore,aligned,decoy
ZINCf5000000af54,844,10.627579780909537,standard_3d_pharmacophore,aligned,decoy
ZINCf500000091GY,845,10.62676118250357,standard_3d_pharmacophore,aligned,decoy
ZINCf5000000WBLy,846,10.62427858914828,standard_3d_pharmacophore,aligned,decoy
CHEMBL2364384,847,10.621059132212793,standard_3d_pharmacophore,aligned,active
ZINCf5000002rwuL,848,10.6155770063878,standard_3d_pharmacophore,aligned,decoy
ZINCf50000009q6p,849,10.611618859632811,standard_3d_pharmacophore,aligned,decoy
ZINCf5000001CsKq,850,10.607903682863057,standard_3d_pharmacophore,aligned,decoy
ZINCf5000002dV4l,851,10.60772474475618,standard_3d_pharmacophore,aligned,decoy
ZINCf5000000a7oY,852,10.60726857747002,standard_3d_pharmacophore,aligned,decoy
ZINCf50000017wUV,853,10.603414878287689,standard_3d_pharmacophore,aligned,decoy
ZINCf5000000ZuDR,854,10.600914120767658,standard_3d_pharmacophore,aligned,decoy
ZINCf5000002aTAV,855,10.597224416514411,standard_3d_pharmacophore,aligned,decoy
ZINCf5000001JZvH,856,10.597131257017509,standard_3d_pharmacophore,aligned,decoy
ZINCf50000009uOA,857,10.596081191701405,standard_3d_pharmacophore,aligned,decoy
ZINCf5000000ZtRK,858,10.593221747229828,standard_3d_pharmacophore,aligned,decoy
ZINCf50000017zcf,859,10.592557266488669,standard_3d_pharmacophore,aligned,decoy
ZINCf5000002rwmk,860,10.588426989992142,standard_3d_pharmacophore,aligned,decoy
ZINCf5000000a77e,861,10.584800335387524,standard_3d_pharmacophore,aligned,decoy
ZINCf50000017vAk,862,10.583800323859256,standard_3d_pharmacophore,aligned,decoy
ZINCf50000008UZR,863,10.58271724679125,standard_3d_pharmacophore,aligned,decoy
ZINCf50000009yxA,864,10.581823721831944,standard_3d_pharmacophore,aligned,decoy
ZINCf5000000Zt9v,865,10.575996089170749,standard_3d_pharmacophore,aligned,decoy
ZINCf500000180z1,866,10.57083516119901,standard_3d_pharmacophore,aligned,decoy
ZINCf50000027uXI,867,10.570730164348518,standard_3d_pharmacophore,aligned,decoy
ZINCf5000002eeSc,868,10.56842484536473,standard_3d_pharmacophore,aligned,decoy
ZINCf50000008ExE,869,10.568179158376358,standard_3d_pharmacophore,aligned,decoy
ZINCf50000024mgd,870,10.565041093368684,standard_3d_pharmacophore,aligned,decoy
ZINCf5000000ay8s,871,10.561816342238924,standard_3d_pharmacophore,aligned,decoy
ZINCf50000017Iar,872,10.558275094479816,standard_3d_pharmacophore,aligned,decoy
ZINCf5000000S6ep,873,10.557874685616065,standard_3d_pharmacophore,aligned,decoy
ZINCf50000027pLc,874,10.557483829558493,standard_3d_pharmacophore,aligned,decoy
ZINCf500000185jB,875,10.54883099657785,standard_3d_pharmacophore,aligned,decoy
ZINCf50000008YNU,876,10.541330118506087,standard_3d_pharmacophore,aligned,decoy
ZINCf5000000ZtEu,877,10.540423984324175,standard_3d_pharmacophore,aligned,decoy
ZINCf5000002scMB,878,10.536547908994244,standard_3d_pharmacophore,aligned,decoy
ZINCf5000002eaZh,879,10.53570897924856,standard_3d_pharmacophore,aligned,decoy
ZINCf50000009ZN1,880,10.534408089805273,standard_3d_pharmacophore,aligned,decoy
ZINCf50000017IWY,881,10.531772801589518,standard_3d_pharmacophore,aligned,decoy
ZINCf50000026aGv,882,10.531123057770628,standard_3d_pharmacophore,aligned,decoy
ZINCf50000009fmr,883,10.530799942595081,standard_3d_pharmacophore,aligned,decoy
ZINCf5000002r3Nm,884,10.529321807362683,standard_3d_pharmacophore,aligned,decoy
ZINCf50000024W6j,885,10.528069358691706,standard_3d_pharmacophore,aligned,decoy
ZINCf5000002rY2Q,886,10.52530194831367,standard_3d_pharmacophore,aligned,decoy
ZINCf50000009E1i,887,10.524508500526107,standard_3d_pharmacophore,aligned,decoy
ZINCf5000000Zr7a,888,10.522565485102206,standard_3d_pharmacophore,aligned,decoy
ZINCf5000000Zru3,889,10.521004602735967,standard_3d_pharmacophore,aligned,decoy
ZINCf50000027ie3,890,10.519581613672107,standard_3d_pharmacophore,aligned,decoy
ZINCf5000002qKOq,891,10.515191854900932,standard_3d_pharmacophore,aligned,decoy
ZINCf50000008Hv6,892,10.51264228012638,standard_3d_pharmacophore,aligned,decoy
ZINCf50000009vr5,893,10.512601147300591,standard_3d_pharmacophore,aligned,decoy
ZINCf5000000Zrtg,894,10.51087782884347,standard_3d_pharmacophore,aligned,decoy
ZINCf50000008Fdq,895,10.510657244986824,standard_3d_pharmacophore,aligned,decoy
ZINCf50000008TBt,896,10.509927389901433,standard_3d_pharmacophore,aligned,decoy
ZINCf5000000ZrMJ,897,10.509674811450935,standard_3d_pharmacophore,aligned,decoy
ZINCf5000002r4y5,898,10.506821394227105,standard_3d_pharmacophore,aligned,decoy
ZINCf5000001ZT7u,899,10.506608791144613,standard_3d_pharmacophore,aligned,decoy
ZINCf5000002rPcj,900,10.506511775793422,standard_3d_pharmacophore,aligned,decoy
ZINCf5000002aVQ8,901,10.50587296302197,standard_3d_pharmacophore,aligned,decoy
ZINCf5000002rF5w,902,10.505650033573442,standard_3d_pharmacophore,aligned,decoy
ZINCf5000002ruKd,903,10.502017224660019,standard_3d_pharmacophore,aligned,decoy
ZINCf5000002aOJy,904,10.499985479734143,standard_3d_pharmacophore,aligned,decoy
ZINCf500000093Bx,905,10.489894354994068,standard_3d_pharmacophore,aligned,decoy
ZINCf5000000ZwbF,906,10.487333579830654,standard_3d_pharmacophore,aligned,decoy
ZINCf5000002oDG4,907,10.485813217020269,standard_3d_pharmacophore,aligned,decoy
ZINCf50000009MpA,908,10.484663893998404,standard_3d_pharmacophore,aligned,decoy
ZINCf50000008FMQ,909,10.480217684549467,standard_3d_pharmacophore,aligned,decoy
ZINCf50000008Cc8,910,10.47400961544161,standard_3d_pharmacophore,aligned,decoy
ZINCf50000009Auv,911,10.473649411149957,standard_3d_pharmacophore,aligned,decoy
ZINCf5000002mGxn,912,10.473283045539233,standard_3d_pharmacophore,aligned,decoy
ZINCf5000002dGT1,913,10.472233523640648,standard_3d_pharmacophore,aligned,decoy
ZINCf50000009ZN2,914,10.466889089048141,standard_3d_pharmacophore,aligned,decoy
ZINCf5000000a9rH,915,10.461400210214666,standard_3d_pharmacophore,aligned,decoy
ZINCf5000002e5yG,916,10.459083648159732,standard_3d_pharmacophore,aligned,decoy
ZINCf5000002dEiR,917,10.4432419734181,standard_3d_pharmacophore,aligned,decoy
ZINCf50000008C8W,918,10.443013679923203,standard_3d_pharmacophore,aligned,decoy
ZINCf5000002qsk9,919,10.442999533171854,standard_3d_pharmacophore,aligned,decoy
ZINCf5000000adwF,920,10.44212261884952,standard_3d_pharmacophore,aligned,decoy
ZINCf5000000apOn,921,10.440329907537052,standard_3d_pharmacophore,aligned,decoy
ZINCf50000009mco,922,10.439382701882199,standard_3d_pharmacophore,aligned,decoy
ZINCf50000008V9F,923,10.43652049767599,standard_3d_pharmacophore,aligned,decoy
ZINCf50000009jkL,924,10.435535129001305,standard_3d_pharmacophore,aligned,decoy
ZINCf50000017Cvl,925,10.435275032050104,standard_3d_pharmacophore,aligned,decoy
ZINCf50000008Am6,926,10.43485076698909,standard_3d_pharmacophore,aligned,decoy
ZINCf5000000ZyVd,927,10.434642803342273,standard_3d_pharmacophore,aligned,decoy
ZINCf50000026Kk6,928,10.434532517076965,standard_3d_pharmacophore,aligned,decoy
ZINCf50000008TBi,929,10.432236971238607,standard_3d_pharmacophore,aligned,decoy
ZINCf5000002dTQl,930,10.427260554778606,standard_3d_pharmacophore,aligned,decoy
ZINCf5000002s5O5,931,10.42064561669255,standard_3d_pharmacophore,aligned,decoy
ZINCf50000009H2b,932,10.420106269476621,standard_3d_pharmacophore,aligned,decoy
ZINCf50000009qFA,933,10.418417389247944,standard_3d_pharmacophore,aligned,decoy
ZINCf5000000ZsWU,934,10.41768258788528,standard_3d_pharmacophore,aligned,decoy
ZINCf5000002rOVZ,935,10.4176092765913,standard_3d_pharmacophore,aligned,decoy
ZINCf50000009TRd,936,10.408657073706742,standard_3d_pharmacophore,aligned,decoy
ZINCf5000002rhiG,937,10.404908108774427,standard_3d_pharmacophore,aligned,decoy
ZINCf5000000acCv,938,10.403415140991644,standard_3d_pharmacophore,aligned,decoy
ZINCf500000091uF,939,10.401873865750533,standard_3d_pharmacophore,aligned,decoy
ZINCf5000000adBr,940,10.399568418975914,standard_3d_pharmacophore,aligned,decoy
ZINCf5000000SMPn,941,10.397987289951935,standard_3d_pharmacophore,aligned,decoy
ZINCf50000018crf,942,10.395367142339161,standard_3d_pharmacophore,aligned,decoy
ZINCf50000009r6Y,943,10.3940092924994,standard_3d_pharmacophore,aligned,decoy
ZINCf5000002ecbn,944,10.393927913633526,standard_3d_pharmacophore,aligned,decoy
ZINCf50000009BWN,945,10.389620123820036,standard_3d_pharmacophore,aligned,decoy
ZINCf50000009oPu,946,10.384895029283948,standard_3d_pharmacophore,aligned,decoy
ZINCf5000000a5Ne,947,10.380494793964447,standard_3d_pharmacophore,aligned,decoy
ZINCf5000000Zyov,948,10.377542868662564,standard_3d_pharmacophore,aligned,decoy
ZINCf5000002dEB0,949,10.376912355947773,standard_3d_pharmacophore,aligned,decoy
ZINCf50000017QBg,950,10.370278444119698,standard_3d_pharmacophore,aligned,decoy
ZINCf5000002oDwM,951,10.369567073026808,standard_3d_pharmacophore,aligned,decoy
ZINCf5000001ofdP,952,10.36333535601292,standard_3d_pharmacophore,aligned,decoy
ZINCf500000095wG,953,10.363055689901742,standard_3d_pharmacophore,aligned,decoy
ZINCf5000002e2jt,954,10.360940763209646,standard_3d_pharmacophore,aligned,decoy
ZINCf5000000ZtJJ,955,10.36058733065632,standard_3d_pharmacophore,aligned,decoy
ZINCf5000000a7nl,956,10.360128266329324,standard_3d_pharmacophore,aligned,decoy
ZINCf50000008VE1,957,10.355279338856457,standard_3d_pharmacophore,aligned,decoy
ZINCf50000017nnu,958,10.354006514079993,standard_3d_pharmacophore,aligned,decoy
ZINCf50000009Vki,959,10.347251374762497,standard_3d_pharmacophore,aligned,decoy
ZINCf50000009AGv,960,10.346378062156067,standard_3d_pharmacophore,aligned,decoy
ZINCf5000000S6SM,961,10.3461240968368,standard_3d_pharmacophore,aligned,decoy
ZINCf50000017yKY,962,10.341983361214616,standard_3d_pharmacophore,aligned,decoy
ZINCf5000000aaE4,963,10.33924644967221,standard_3d_pharmacophore,aligned,decoy
ZINCf5000002e5Hf,964,10.336969761241894,standard_3d_pharmacophore,aligned,decoy
ZINCf50000024DZB,965,10.332952134058047,standard_3d_pharmacophore,aligned,decoy
ZINCf50000009H33,966,10.32944294223751,standard_3d_pharmacophore,aligned,decoy
ZINCf50000009vNx,967,10.321595879903377,standard_3d_pharmacophore,aligned,decoy
ZINCf50000025AQY,968,10.321310556766145,standard_3d_pharmacophore,aligned,decoy
ZINCf500000091Ne,969,10.317090657135012,standard_3d_pharmacophore,aligned,decoy
ZINCf5000000Zt76,970,10.316640030766576,standard_3d_pharmacophore,aligned,decoy
ZINCf50000009VEB,971,10.315708993957776,standard_3d_pharmacophore,aligned,decoy
ZINCf50000008Vbl,972,10.314523252677594,standard_3d_pharmacophore,aligned,decoy
ZINCf5000000adyO,973,10.309806473634081,standard_3d_pharmacophore,aligned,decoy
ZINCf5000002rGYI,974,10.308131326391562,standard_3d_pharmacophore,aligned,decoy
ZINCf50000017Cvm,975,10.307926634784295,standard_3d_pharmacophore,aligned,decoy
ZINCf5000002aKGE,976,10.30744131660526,standard_3d_pharmacophore,aligned,decoy
ZINCf5000002dGdR,977,10.306565969102119,standard_3d_pharmacophore,aligned,decoy
ZINCf5000002s7tm,978,10.305400050117283,standard_3d_pharmacophore,aligned,decoy
ZINCf5000002qWJa,979,10.30505775724651,standard_3d_pharmacophore,aligned,decoy
ZINCf50000017Pfy,980,10.304238619504252,standard_3d_pharmacophore,aligned,decoy
ZINCf5000002oDPK,981,10.303961742364864,standard_3d_pharmacophore,aligned,decoy
ZINCf5000002qU4T,982,10.301958443192479,standard_3d_pharmacophore,aligned,decoy
ZINCf50000017yt9,983,10.300319062059017,standard_3d_pharmacophore,aligned,decoy
ZINCf5000002rPuS,984,10.299038273431016,standard_3d_pharmacophore,aligned,decoy
ZINCf5000000ZqVk,985,10.298847681662753,standard_3d_pharmacophore,aligned,decoy
ZINCf50000009Z3e,986,10.297002277537693,standard_3d_pharmacophore,aligned,decoy
ZINCf5000000ayEj,987,10.296238321496757,standard_3d_pharmacophore,aligned,decoy
ZINCf5000002qPQu,988,10.296205865916209,standard_3d_pharmacophore,aligned,decoy
ZINCf50000008EgJ,989,10.295476431412693,standard_3d_pharmacophore,aligned,decoy
ZINCf5000002s8R4,990,10.293621479376181,standard_3d_pharmacophore,aligned,decoy
ZINCf5000002scy2,991,10.291017988659783,standard_3d_pharmacophore,aligned,decoy
ZINCf50000017rHe,992,10.290622437786732,standard_3d_pharmacophore,aligned,decoy
ZINCf50000017I9E,993,10.288288700460276,standard_3d_pharmacophore,aligned,decoy
ZINCf50000009FPs,994,10.286545398534424,standard_3d_pharmacophore,aligned,decoy
ZINCf50000009jTv,995,10.282641154662025,standard_3d_pharmacophore,aligned,decoy
ZINCf5000000aiLb,996,10.281538601641959,standard_3d_pharmacophore,aligned,decoy
ZINCf50000009Gv0,997,10.275985214330246,standard_3d_pharmacophore,aligned,decoy
ZINCf50000009wPC,998,10.2714869184338,standard_3d_pharmacophore,aligned,decoy
ZINCf5000002mF31,999,10.265850409736446,standard_3d_pharmacophore,aligned,decoy
ZINCf50000009tEO,1000,10.260298656539511,standard_3d_pharmacophore,aligned,decoy
ZINCf50000029mls,1001,10.257468873331721,standard_3d_pharmacophore,aligned,decoy
ZINCf5000000amNc,1002,10.252774799179933,standard_3d_pharmacophore,aligned,decoy
ZINCf5000001QsBi,1003,10.2516804813484,standard_3d_pharmacophore,aligned,decoy
ZINCf50000017Bhk,1004,10.249192721186414,standard_3d_pharmacophore,aligned,decoy
ZINCf5000000a4AT,1005,10.245354383085555,standard_3d_pharmacophore,aligned,decoy
ZINCf5000000S4NC,1006,10.243448575173124,standard_3d_pharmacophore,aligned,decoy
ZINCf50000008Omf,1007,10.240871655913907,standard_3d_pharmacophore,aligned,decoy
ZINCf5000000ar00,1008,10.239448692278188,standard_3d_pharmacophore,aligned,decoy
ZINCf50000008CFf,1009,10.227989230531854,standard_3d_pharmacophore,aligned,decoy
ZINCf50000017vAn,1010,10.227109248219904,standard_3d_pharmacophore,aligned,decoy
ZINCf5000001vdUv,1011,10.225887187393107,standard_3d_pharmacophore,aligned,decoy
ZINCf5000000SLYX,1012,10.225360308897924,standard_3d_pharmacophore,aligned,decoy
ZINCf5000002e9FR,1013,10.22469688813874,standard_3d_pharmacophore,aligned,decoy
ZINCf50000008UAB,1014,10.22017723850338,standard_3d_pharmacophore,aligned,decoy
ZINCf5000002e22i,1015,10.218813047784653,standard_3d_pharmacophore,aligned,decoy
ZINCf5000000az2d,1016,10.205332189889885,standard_3d_pharmacophore,aligned,decoy
ZINCf5000001o2sM,1017,10.202131507596754,standard_3d_pharmacophore,aligned,decoy
ZINCf50000009yXR,1018,10.200784185746773,standard_3d_pharmacophore,aligned,decoy
ZINCf5000002dRQX,1019,10.194447268921957,standard_3d_pharmacophore,aligned,decoy
ZINCf5000001zMD3,1020,10.193547941586562,standard_3d_pharmacophore,aligned,decoy
ZINCf500000090KB,1021,10.190964289491971,standard_3d_pharmacophore,aligned,decoy
ZINCf5000002aiVi,1022,10.18901873180854,standard_3d_pharmacophore,aligned,decoy
ZINCf50000017ysP,1023,10.18743500719066,standard_3d_pharmacophore,aligned,decoy
ZINCf5000002eaP3,1024,10.185947501384627,standard_3d_pharmacophore,aligned,decoy
ZINCf50000017Paj,1025,10.185550678624631,standard_3d_pharmacophore,aligned,decoy
ZINCf500000091Oj,1026,10.184972324137831,standard_3d_pharmacophore,aligned,decoy
ZINCf5000002myC0,1027,10.184582328726984,standard_3d_pharmacophore,aligned,decoy
ZINCf50000017oPJ,1028,10.181525314253744,standard_3d_pharmacophore,aligned,decoy
ZINCf5000001RvpL,1029,10.17573382327882,standard_3d_pharmacophore,aligned,decoy
ZINCf50000009GM5,1030,10.174846655667672,standard_3d_pharmacophore,aligned,decoy
ZINCf5000000aa9r,1031,10.172112965709811,standard_3d_pharmacophore,aligned,decoy
ZINCf5000000a5tr,1032,10.171221951891498,standard_3d_pharmacophore,aligned,decoy
ZINCf50000009fjJ,1033,10.169423929688152,standard_3d_pharmacophore,aligned,decoy
ZINCf500000181yj,1034,10.16716097798195,standard_3d_pharmacophore,aligned,decoy
ZINCf5000002e16D,1035,10.160844981861114,standard_3d_pharmacophore,aligned,decoy
ZINCf5000002s5p1,1036,10.160137782953928,standard_3d_pharmacophore,aligned,decoy
ZINCf50000009GLl,1037,10.1597001618415,standard_3d_pharmacophore,aligned,decoy
ZINCf5000002rvPA,1038,10.15719683985296,standard_3d_pharmacophore,aligned,decoy
ZINCf50000009Zb0,1039,10.15333827790895,standard_3d_pharmacophore,aligned,decoy
ZINCf5000001q6o8,1040,10.148595934804625,standard_3d_pharmacophore,aligned,decoy
ZINCf50000009Vap,1041,10.147254343189474,standard_3d_pharmacophore,aligned,decoy
ZINCf5000002akKL,1042,10.146096064948859,standard_3d_pharmacophore,aligned,decoy
ZINCf50000023g4Q,1043,10.143785161508767,standard_3d_pharmacophore,aligned,decoy
ZINCf50000009SlW,1044,10.138710208682587,standard_3d_pharmacophore,aligned,decoy
ZINCf5000001EKgL,1045,10.138632365616111,standard_3d_pharmacophore,aligned,decoy
ZINCf5000001uPqn,1046,10.127966851609182,standard_3d_pharmacophore,aligned,decoy
ZINCf50000009GZj,1047,10.127053883479029,standard_3d_pharmacophore,aligned,decoy
ZINCf5000002rI46,1048,10.123291309491037,standard_3d_pharmacophore,aligned,decoy
ZINCf5000000S5Vn,1049,10.121138354569291,standard_3d_pharmacophore,aligned,decoy
ZINCf50000009adV,1050,10.11548857450802,standard_3d_pharmacophore,aligned,decoy
ZINCf5000000Zqzb,1051,10.11536929176973,standard_3d_pharmacophore,aligned,decoy
ZINCf5000000VnyO,1052,10.111599638314656,standard_3d_pharmacophore,aligned,decoy
ZINCf50000017oWG,1053,10.11007958934941,standard_3d_pharmacophore,aligned,decoy
ZINCf5000000arnc,1054,10.106857138654252,standard_3d_pharmacophore,aligned,decoy
ZINCf5000000YaUC,1055,10.105610568228299,standard_3d_pharmacophore,aligned,decoy
ZINCf5000000azN1,1056,10.105207103138966,standard_3d_pharmacophore,aligned,decoy
ZINCf50000018473,1057,10.101483831121856,standard_3d_pharmacophore,aligned,decoy
ZINCf50000017ysu,1058,10.101210124266819,standard_3d_pharmacophore,aligned,decoy
ZINCf500000181p5,1059,10.101149953795096,standard_3d_pharmacophore,aligned,decoy
ZINCf5000002aQgY,1060,10.100300700594891,standard_3d_pharmacophore,aligned,decoy
ZINCf5000002rNhT,1061,10.100099561876513,standard_3d_pharmacophore,aligned,decoy
ZINCf5000000abwH,1062,10.088774451570215,standard_3d_pharmacophore,aligned,decoy
ZINCf500000233Fz,1063,10.088449416336122,standard_3d_pharmacophore,aligned,decoy
ZINCf5000000atq3,1064,10.087604800118578,standard_3d_pharmacophore,aligned,decoy
ZINCf5000001zmj8,1065,10.085133461149486,standard_3d_pharmacophore,aligned,decoy
ZINCf50000009MEx,1066,10.07998011155985,standard_3d_pharmacophore,aligned,decoy
ZINCf5000000anM6,1067,10.07955512635988,standard_3d_pharmacophore,aligned,decoy
ZINCf500000097Fk,1068,10.077897983215824,standard_3d_pharmacophore,aligned,decoy
ZINCf50000017Rwr,1069,10.070315975728978,standard_3d_pharmacophore,aligned,decoy
ZINCf500000180QP,1070,10.070155257667356,standard_3d_pharmacophore,aligned,decoy
ZINCf50000008ORL,1071,10.064813062945738,standard_3d_pharmacophore,aligned,decoy
ZINCf5000002s1mZ,1072,10.062703084112222,standard_3d_pharmacophore,aligned,decoy
ZINCf50000009LOw,1073,10.061546423687346,standard_3d_pharmacophore,aligned,decoy
ZINCf5000000WBBA,1074,10.059849981902328,standard_3d_pharmacophore,aligned,decoy
ZINCf50000029mTS,1075,10.059493336560374,standard_3d_pharmacophore,aligned,decoy
ZINCf50000017CxM,1076,10.058605666240847,standard_3d_pharmacophore,aligned,decoy
ZINCf5000002aNWH,1077,10.055338678963347,standard_3d_pharmacophore,aligned,decoy
ZINCf500000094cU,1078,10.054700792712788,standard_3d_pharmacophore,aligned,decoy
ZINCf5000000S6QJ,1079,10.050087910080709,standard_3d_pharmacophore,aligned,decoy
ZINCf5000002rNaR,1080,10.049337622484446,standard_3d_pharmacophore,aligned,decoy
ZINCf5000001u1ZB,1081,10.040604884237835,standard_3d_pharmacophore,aligned,decoy
ZINCf50000009unZ,1082,10.040273399108692,standard_3d_pharmacophore,aligned,decoy
ZINCf50000009ySS,1083,10.03524888288324,standard_3d_pharmacophore,aligned,decoy
ZINCf500000091Pd,1084,10.032621668607446,standard_3d_pharmacophore,aligned,decoy
ZINCf5000002oHXh,1085,10.032553480157961,standard_3d_pharmacophore,aligned,decoy
ZINCf5000002rxRE,1086,10.029732642467858,standard_3d_pharmacophore,aligned,decoy
ZINCf5000001qKQZ,1087,10.025238199563441,standard_3d_pharmacophore,aligned,decoy
ZINCf5000002s9fD,1088,10.02329518578408,standard_3d_pharmacophore,aligned,decoy
ZINCf50000009ZuU,1089,10.018607966775047,standard_3d_pharmacophore,aligned,decoy
ZINCf50000025VUm,1090,10.01646025009284,standard_3d_pharmacophore,aligned,decoy
ZINCf50000008JnC,1091,10.015648404348397,standard_3d_pharmacophore,aligned,decoy
ZINCf5000002s8Mb,1092,10.014870663879224,standard_3d_pharmacophore,aligned,decoy
ZINCf50000009uOn,1093,10.007820484101273,standard_3d_pharmacophore,aligned,decoy
ZINCf50000028m4y,1094,10.006411487299784,standard_3d_pharmacophore,aligned,decoy
ZINCf5000000ZsM6,1095,10.00506063378048,standard_3d_pharmacophore,aligned,decoy
ZINCf5000001DljD,1096,10.00468967921564,standard_3d_pharmacophore,aligned,decoy
ZINCf5000000WBn0,1097,9.996355431022826,standard_3d_pharmacophore,aligned,decoy
ZINCf5000002dw11,1098,9.990056993986467,standard_3d_pharmacophore,aligned,decoy
ZINCf5000002scRu,1099,9.987003476467542,standard_3d_pharmacophore,aligned,decoy
ZINCf50000008WZA,1100,9.986835612546967,standard_3d_pharmacophore,aligned,decoy
ZINCf5000000ZuEk,1101,9.983983080593182,standard_3d_pharmacophore,aligned,decoy
ZINCf500000289Ri,1102,9.983659755399296,standard_3d_pharmacophore,aligned,decoy
ZINCf5000000ZtdS,1103,9.979725201114924,standard_3d_pharmacophore,aligned,decoy
ZINCf50000008NtD,1104,9.978715245599302,standard_3d_pharmacophore,aligned,decoy
ZINCf5000002oHS3,1105,9.972806875061714,standard_3d_pharmacophore,aligned,decoy
ZINCf50000009ngG,1106,9.971421737573198,standard_3d_pharmacophore,aligned,decoy
ZINCf50000008HuY,1107,9.971320524382381,standard_3d_pharmacophore,aligned,decoy
ZINCf5000000afob,1108,9.95543206830709,standard_3d_pharmacophore,aligned,decoy
ZINCf5000002s8LL,1109,9.95526885811641,standard_3d_pharmacophore,aligned,decoy
ZINCf50000009aZv,1110,9.949910258895983,standard_3d_pharmacophore,aligned,decoy
ZINCf50000027dk3,1111,9.94015444181396,standard_3d_pharmacophore,aligned,decoy
ZINCf50000009nMr,1112,9.937801373399513,standard_3d_pharmacophore,aligned,decoy
ZINCf50000009ySq,1113,9.937684756556482,standard_3d_pharmacophore,aligned,decoy
ZINCf500000091xp,1114,9.935755506909892,standard_3d_pharmacophore,aligned,decoy
ZINCf500000255PM,1115,9.932887623294896,standard_3d_pharmacophore,aligned,decoy
ZINCf50000009cVJ,1116,9.930072330598232,standard_3d_pharmacophore,aligned,decoy
ZINCf5000000Zsbf,1117,9.927554686560807,standard_3d_pharmacophore,aligned,decoy
ZINCf5000000agwD,1118,9.926813329729763,standard_3d_pharmacophore,aligned,decoy
ZINCf50000017Oxa,1119,9.92587528399766,standard_3d_pharmacophore,aligned,decoy
ZINCf50000017Phe,1120,9.925230530960436,standard_3d_pharmacophore,aligned,decoy
ZINCf5000000ajrV,1121,9.924849049281567,standard_3d_pharmacophore,aligned,decoy
ZINCf5000002qZ68,1122,9.923633585542559,standard_3d_pharmacophore,aligned,decoy
ZINCf5000002r9MU,1123,9.923504439480434,standard_3d_pharmacophore,aligned,decoy
ZINCf50000009HlD,1124,9.918706027711924,standard_3d_pharmacophore,aligned,decoy
ZINCf5000001EUfc,1125,9.914481426678188,standard_3d_pharmacophore,aligned,decoy
ZINCf5000000973N,1126,9.91358850221892,standard_3d_pharmacophore,aligned,decoy
ZINCf5000000abPV,1127,9.910271235865597,standard_3d_pharmacophore,aligned,decoy
ZINCf50000018csO,1128,9.907598849864332,standard_3d_pharmacophore,aligned,decoy
ZINCf50000008FHI,1129,9.906355193675113,standard_3d_pharmacophore,aligned,decoy
ZINCf5000002s5Dp,1130,9.903092690691125,standard_3d_pharmacophore,aligned,decoy
ZINCf5000002rGVR,1131,9.899670967428047,standard_3d_pharmacophore,aligned,decoy
ZINCf5000000ajAL,1132,9.896953375984637,standard_3d_pharmacophore,aligned,decoy
ZINCf500000090Sz,1133,9.895936271765889,standard_3d_pharmacophore,aligned,decoy
ZINCf50000009GuR,1134,9.895059770086982,standard_3d_pharmacophore,aligned,decoy
ZINCf50000008Ouu,1135,9.883329563477703,standard_3d_pharmacophore,aligned,decoy
ZINCf5000000S6eu,1136,9.876828865002869,standard_3d_pharmacophore,aligned,decoy
ZINCf5000002rTzZ,1137,9.870293207498554,standard_3d_pharmacophore,aligned,decoy
ZINCf50000025HUM,1138,9.867447425422277,standard_3d_pharmacophore,aligned,decoy
ZINCf5000001Lr3T,1139,9.863763767413209,standard_3d_pharmacophore,aligned,decoy
ZINCf50000009Hem,1140,9.860113623724944,standard_3d_pharmacophore,aligned,decoy
ZINCf5000000af4J,1141,9.859109268543902,standard_3d_pharmacophore,aligned,decoy
ZINCf5000002r8wM,1142,9.856752437611593,standard_3d_pharmacophore,aligned,decoy
ZINCf50000008Sls,1143,9.855763691226752,standard_3d_pharmacophore,aligned,decoy
ZINCf5000002qWtE,1144,9.85182334552496,standard_3d_pharmacophore,aligned,decoy
ZINCf500000099zV,1145,9.851313117347141,standard_3d_pharmacophore,aligned,decoy
ZINCf5000002qOk8,1146,9.843718137561684,standard_3d_pharmacophore,aligned,decoy
ZINCf5000000S77D,1147,9.840093940404763,standard_3d_pharmacophore,aligned,decoy
ZINCf5000000S6ek,1148,9.837387246328987,standard_3d_pharmacophore,aligned,decoy
ZINCf5000002aO9D,1149,9.835641342720276,standard_3d_pharmacophore,aligned,decoy
ZINCf5000002qTl9,1150,9.833116068146149,standard_3d_pharmacophore,aligned,decoy
ZINCf5000002oFgj,1151,9.83170729953274,standard_3d_pharmacophore,aligned,decoy
ZINCf50000009CtZ,1152,9.83037424022692,standard_3d_pharmacophore,aligned,decoy
ZINCf5000000aoh4,1153,9.826829404638138,standard_3d_pharmacophore,aligned,decoy
ZINCf5000000Vlgv,1154,9.824623231958354,standard_3d_pharmacophore,aligned,decoy
ZINCf5000000ZsV9,1155,9.820298003498207,standard_3d_pharmacophore,aligned,decoy
ZINCf50000009Hhg,1156,9.817452275297558,standard_3d_pharmacophore,aligned,decoy
ZINCf50000008TBw,1157,9.809153182726746,standard_3d_pharmacophore,aligned,decoy
ZINCf50000009VEy,1158,9.806538143774581,standard_3d_pharmacophore,aligned,decoy
ZINCf5000002dABX,1159,9.800106875115024,standard_3d_pharmacophore,aligned,decoy
ZINCf5000000a5PF,1160,9.799379677742204,standard_3d_pharmacophore,aligned,decoy
ZINCf50000017lbD,1161,9.799056699005694,standard_3d_pharmacophore,aligned,decoy
ZINCf5000000Vlgo,1162,9.798754943346417,standard_3d_pharmacophore,aligned,decoy
ZINCf5000002oBXL,1163,9.795891262368372,standard_3d_pharmacophore,aligned,decoy
ZINCf50000017pBj,1164,9.79522948287982,standard_3d_pharmacophore,aligned,decoy
ZINCf50000017JR3,1165,9.794892632033033,standard_3d_pharmacophore,aligned,decoy
ZINCf50000009ou6,1166,9.786153186571525,standard_3d_pharmacophore,aligned,decoy
ZINCf5000002dD5k,1167,9.782644935117231,standard_3d_pharmacophore,aligned,decoy
ZINCf50000009CFE,1168,9.776898015168044,standard_3d_pharmacophore,aligned,decoy
ZINCf50000009vpu,1169,9.776682742847747,standard_3d_pharmacophore,aligned,decoy
ZINCf5000002ovYd,1170,9.765879532349238,standard_3d_pharmacophore,aligned,decoy
ZINCf5000000ah69,1171,9.765877701542951,standard_3d_pharmacophore,aligned,decoy
ZINCf50000009skC,1172,9.76067308485793,standard_3d_pharmacophore,aligned,decoy
ZINCf5000002qUcn,1173,9.757714617148109,standard_3d_pharmacophore,aligned,decoy
ZINCf50000009aLu,1174,9.757401329314812,standard_3d_pharmacophore,aligned,decoy
ZINCf50000008TKQ,1175,9.752467478041023,standard_3d_pharmacophore,aligned,decoy
ZINCf5000002eaMn,1176,9.751796037381288,standard_3d_pharmacophore,aligned,decoy
ZINCf50000017srX,1177,9.750559496788075,standard_3d_pharmacophore,aligned,decoy
ZINCf5000002anJ3,1178,9.749917007801962,standard_3d_pharmacophore,aligned,decoy
ZINCf50000008XCv,1179,9.747396676680939,standard_3d_pharmacophore,aligned,decoy
ZINCf50000009SDM,1180,9.744866459465902,standard_3d_pharmacophore,aligned,decoy
ZINCf50000008Civ,1181,9.742559344627693,standard_3d_pharmacophore,aligned,decoy
ZINCf50000009vTX,1182,9.739042738923612,standard_3d_pharmacophore,aligned,decoy
ZINCf50000009dtJ,1183,9.738890354805713,standard_3d_pharmacophore,aligned,decoy
ZINCf500000097FT,1184,9.738403822581507,standard_3d_pharmacophore,aligned,decoy
ZINCf50000008Ecd,1185,9.738151229942885,standard_3d_pharmacophore,aligned,decoy
ZINCf5000000Zrki,1186,9.738057680558427,standard_3d_pharmacophore,aligned,decoy
ZINCf50000017O4K,1187,9.733655652835939,standard_3d_pharmacophore,aligned,decoy
ZINCf5000002rPch,1188,9.73243660667134,standard_3d_pharmacophore,aligned,decoy
ZINCf50000009G6I,1189,9.731900774400227,standard_3d_pharmacophore,aligned,decoy
ZINCf5000000ZskM,1190,9.731896677347514,standard_3d_pharmacophore,aligned,decoy
ZINCf50000009HsC,1191,9.729813948326818,standard_3d_pharmacophore,aligned,decoy
ZINCf5000002aUZH,1192,9.729540705741208,standard_3d_pharmacophore,aligned,decoy
ZINCf5000000ZtEi,1193,9.72300057141711,standard_3d_pharmacophore,aligned,decoy
ZINCf50000026oVS,1194,9.722427378925426,standard_3d_pharmacophore,aligned,decoy
ZINCf50000008TsN,1195,9.716220293489817,standard_3d_pharmacophore,aligned,decoy
ZINCf5000000ZqIi,1196,9.711365064811572,standard_3d_pharmacophore,aligned,decoy
ZINCf50000022a2W,1197,9.710710422723206,standard_3d_pharmacophore,aligned,decoy
ZINCf5000002eaNb,1198,9.709533521133553,standard_3d_pharmacophore,aligned,decoy
ZINCf5000000akfl,1199,9.706897564651188,standard_3d_pharmacophore,aligned,decoy
ZINCf50000009GW9,1200,9.706175172175373,standard_3d_pharmacophore,aligned,decoy
ZINCf5000002dOKa,1201,9.701264016801145,standard_3d_pharmacophore,aligned,decoy
ZINCf50000017nnB,1202,9.691426401250254,standard_3d_pharmacophore,aligned,decoy
ZINCf50000017BD3,1203,9.690385442683754,standard_3d_pharmacophore,aligned,decoy
ZINCf5000002aGOB,1204,9.689137078388072,standard_3d_pharmacophore,aligned,decoy
ZINCf50000008Fx0,1205,9.686782701309326,standard_3d_pharmacophore,aligned,decoy
ZINCf50000009zhS,1206,9.681673554287316,standard_3d_pharmacophore,aligned,decoy
ZINCf5000000Zr5s,1207,9.674109084727645,standard_3d_pharmacophore,aligned,decoy
ZINCf5000000YbJI,1208,9.672757312996104,standard_3d_pharmacophore,aligned,decoy
ZINCf50000008Rl9,1209,9.672276130539544,standard_3d_pharmacophore,aligned,decoy
ZINCf50000017Pfp,1210,9.67199912310745,standard_3d_pharmacophore,aligned,decoy
ZINCf50000008Xqj,1211,9.669315773522293,standard_3d_pharmacophore,aligned,decoy
ZINCf5000002oC09,1212,9.665279997044095,standard_3d_pharmacophore,aligned,decoy
ZINCf50000008V4I,1213,9.66454797166583,standard_3d_pharmacophore,aligned,decoy
ZINCf50000009sin,1214,9.662472998781466,standard_3d_pharmacophore,aligned,decoy
ZINCf500000094Gt,1215,9.661977269513315,standard_3d_pharmacophore,aligned,decoy
ZINCf50000009nxc,1216,9.66161537134015,standard_3d_pharmacophore,aligned,decoy
ZINCf50000017P7h,1217,9.660255758291656,standard_3d_pharmacophore,aligned,decoy
ZINCf50000009CGg,1218,9.659401571259519,standard_3d_pharmacophore,aligned,decoy
ZINCf5000002qYlI,1219,9.657810989939662,standard_3d_pharmacophore,aligned,decoy
ZINCf50000017zaD,1220,9.651356501709216,standard_3d_pharmacophore,aligned,decoy
ZINCf50000017stJ,1221,9.650750153636631,standard_3d_pharmacophore,aligned,decoy
ZINCf5000000WARm,1222,9.642898242624094,standard_3d_pharmacophore,aligned,decoy
ZINCf5000002rK9t,1223,9.642069259475383,standard_3d_pharmacophore,aligned,decoy
ZINCf5000002s8VT,1224,9.639780913816566,standard_3d_pharmacophore,aligned,decoy
ZINCf50000017PmQ,1225,9.638482141136327,standard_3d_pharmacophore,aligned,decoy
ZINCf5000000ZqhZ,1226,9.631333841663377,standard_3d_pharmacophore,aligned,decoy
ZINCf5000000ZwTM,1227,9.629673597689244,standard_3d_pharmacophore,aligned,decoy
ZINCf5000000990N,1228,9.626110547980067,standard_3d_pharmacophore,aligned,decoy
ZINCf5000002aK4C,1229,9.62236573358614,standard_3d_pharmacophore,aligned,decoy
ZINCf50000028kMc,1230,9.621942587787174,standard_3d_pharmacophore,aligned,decoy
ZINCf5000000WzOZ,1231,9.619478416484661,standard_3d_pharmacophore,aligned,decoy
ZINCf5000002eakk,1232,9.619456459618332,standard_3d_pharmacophore,aligned,decoy
ZINCf500000187Mb,1233,9.61699751013382,standard_3d_pharmacophore,aligned,decoy
ZINCf50000008PQx,1234,9.6158144789168,standard_3d_pharmacophore,aligned,decoy
ZINCf5000002ozYM,1235,9.605358210751108,standard_3d_pharmacophore,aligned,decoy
ZINCf50000018csP,1236,9.604330949685838,standard_3d_pharmacophore,aligned,decoy
ZINCf5000002qWIY,1237,9.603783390355876,standard_3d_pharmacophore,aligned,decoy
ZINCf5000002mDj1,1238,9.603739130828172,standard_3d_pharmacophore,aligned,decoy
ZINCf5000002e4kT,1239,9.601629703857894,standard_3d_pharmacophore,aligned,decoy
ZINCf50000009q0n,1240,9.588778290708143,standard_3d_pharmacophore,aligned,decoy
ZINCf50000009adX,1241,9.588485400952587,standard_3d_pharmacophore,aligned,decoy
ZINCf50000009K3m,1242,9.585947200550695,standard_3d_pharmacophore,aligned,decoy
ZINCf5000000apRj,1243,9.582612045035065,standard_3d_pharmacophore,aligned,decoy
ZINCf5000000Vn0F,1244,9.582094476348686,standard_3d_pharmacophore,aligned,decoy
ZINCf50000017Dpm,1245,9.578597604912371,standard_3d_pharmacophore,aligned,decoy
ZINCf50000017zbv,1246,9.578401499573474,standard_3d_pharmacophore,aligned,decoy
ZINCf50000009Aos,1247,9.573545155916907,standard_3d_pharmacophore,aligned,decoy
ZINCf5000000ZqmL,1248,9.558352686774485,standard_3d_pharmacophore,aligned,decoy
ZINCf50000009SB8,1249,9.557887986263824,standard_3d_pharmacophore,aligned,decoy
ZINCf5000000VZpD,1250,9.553706992824512,standard_3d_pharmacophore,aligned,decoy
ZINCf5000001omOP,1251,9.549679361148666,standard_3d_pharmacophore,aligned,decoy
ZINCf5000002rLMQ,1252,9.545763249728436,standard_3d_pharmacophore,aligned,decoy
ZINCf50000009srB,1253,9.54353018362729,standard_3d_pharmacophore,aligned,decoy
ZINCf500000181o6,1254,9.542455519779176,standard_3d_pharmacophore,aligned,decoy
ZINCf50000017sPR,1255,9.541766771866628,standard_3d_pharmacophore,aligned,decoy
ZINCf50000009AFd,1256,9.540347119770168,standard_3d_pharmacophore,aligned,decoy
ZINCf50000028sZv,1257,9.532120874982688,standard_3d_pharmacophore,aligned,decoy
ZINCf5000002dVVM,1258,9.531029107964619,standard_3d_pharmacophore,aligned,decoy
ZINCf5000002aTT7,1259,9.52924344600423,standard_3d_pharmacophore,aligned,decoy
ZINCf5000001w4VG,1260,9.527024175376456,standard_3d_pharmacophore,aligned,decoy
ZINCf5000000a86K,1261,9.525907016564956,standard_3d_pharmacophore,aligned,decoy
ZINCf5000002aK4D,1262,9.52271360741002,standard_3d_pharmacophore,aligned,decoy
ZINCf5000001wDlU,1263,9.522629196376961,standard_3d_pharmacophore,aligned,decoy
ZINCf50000017xU1,1264,9.521665963077849,standard_3d_pharmacophore,aligned,decoy
ZINCf500000090bu,1265,9.521642132609875,standard_3d_pharmacophore,aligned,decoy
ZINCf50000009duI,1266,9.515260073069872,standard_3d_pharmacophore,aligned,decoy
ZINCf5000002qSav,1267,9.508020599260771,standard_3d_pharmacophore,aligned,decoy
ZINCf5000000SNfH,1268,9.507429044980938,standard_3d_pharmacophore,aligned,decoy
ZINCf50000009H3G,1269,9.505324508634732,standard_3d_pharmacophore,aligned,decoy
ZINCf5000000YbmJ,1270,9.501397783193953,standard_3d_pharmacophore,aligned,decoy
ZINCf50000009Dr1,1271,9.491718802710682,standard_3d_pharmacophore,aligned,decoy
ZINCf5000002rE6l,1272,9.48827079845442,standard_3d_pharmacophore,aligned,decoy
ZINCf5000002dkCv,1273,9.486764117079462,standard_3d_pharmacophore,aligned,decoy
ZINCf5000002raed,1274,9.482918253924948,standard_3d_pharmacophore,aligned,decoy
ZINCf5000001WGNB,1275,9.481586507209466,standard_3d_pharmacophore,aligned,decoy
ZINCf5000002rE6b,1276,9.469330983092043,standard_3d_pharmacophore,aligned,decoy
ZINCf5000000VnwQ,1277,9.468121253328007,standard_3d_pharmacophore,aligned,decoy
ZINCf5000002rcS2,1278,9.467782566698968,standard_3d_pharmacophore,aligned,decoy
ZINCf5000002s9gb,1279,9.465009055533962,standard_3d_pharmacophore,aligned,decoy
ZINCf5000002e3W8,1280,9.46423933271012,standard_3d_pharmacophore,aligned,decoy
ZINCf5000001OZGu,1281,9.462625776274361,standard_3d_pharmacophore,aligned,decoy
ZINCf5000002rDJg,1282,9.462102587836162,standard_3d_pharmacophore,aligned,decoy
ZINCf50000009BJc,1283,9.460783541762591,standard_3d_pharmacophore,aligned,decoy
ZINCf5000002s7Vj,1284,9.456651033384832,standard_3d_pharmacophore,aligned,decoy
ZINCf5000001T2qF,1285,9.456540901443217,standard_3d_pharmacophore,aligned,decoy
ZINCf5000000Zzb5,1286,9.453061005640158,standard_3d_pharmacophore,aligned,decoy
ZINCf500000091cx,1287,9.449777729586133,standard_3d_pharmacophore,aligned,decoy
ZINCf50000009aLM,1288,9.440732222940925,standard_3d_pharmacophore,aligned,decoy
ZINCf50000009enC,1289,9.43006825179775,standard_3d_pharmacophore,aligned,decoy
ZINCf5000000a524,1290,9.423937726310626,standard_3d_pharmacophore,aligned,decoy
ZINCf5000000acD4,1291,9.421964207483464,standard_3d_pharmacophore,aligned,decoy
ZINCf50000009uBX,1292,9.414165155590085,standard_3d_pharmacophore,aligned,decoy
ZINCf5000002rRse,1293,9.413637791073697,standard_3d_pharmacophore,aligned,decoy
ZINCf5000002qGr6,1294,9.409998093570728,standard_3d_pharmacophore,aligned,decoy
ZINCf5000001E7yt,1295,9.409189154118392,standard_3d_pharmacophore,aligned,decoy
ZINCf50000029vnP,1296,9.407551435683857,standard_3d_pharmacophore,aligned,decoy
ZINCf500000181p7,1297,9.405357238724662,standard_3d_pharmacophore,aligned,decoy
ZINCf5000002aFsq,1298,9.401590231165317,standard_3d_pharmacophore,aligned,decoy
ZINCf5000001VOZm,1299,9.400300530577882,standard_3d_pharmacophore,aligned,decoy
ZINCf5000002oHi8,1300,9.39322775360604,standard_3d_pharmacophore,aligned,decoy
ZINCf5000002rhkm,1301,9.391251932181174,standard_3d_pharmacophore,aligned,decoy
ZINCf5000001BDIX,1302,9.389573340230145,standard_3d_pharmacophore,aligned,decoy
ZINCf5000000ae2p,1303,9.387334878385872,standard_3d_pharmacophore,aligned,decoy
ZINCf5000001VZUf,1304,9.381672643795731,standard_3d_pharmacophore,aligned,decoy
ZINCf50000008UKF,1305,9.381270073249702,standard_3d_pharmacophore,aligned,decoy
ZINCf50000026Sqy,1306,9.376525643992487,standard_3d_pharmacophore,aligned,decoy
ZINCf50000017ytd,1307,9.374252577904613,standard_3d_pharmacophore,aligned,decoy
ZINCf50000009082,1308,9.373905416275315,standard_3d_pharmacophore,aligned,decoy
ZINCf5000002aFBR,1309,9.373521980082629,standard_3d_pharmacophore,aligned,decoy
ZINCf50000008Hcy,1310,9.3679971320749,standard_3d_pharmacophore,aligned,decoy
ZINCf500000094Ml,1311,9.367222016206718,standard_3d_pharmacophore,aligned,decoy
ZINCf50000009du3,1312,9.364272532468872,standard_3d_pharmacophore,aligned,decoy
ZINCf5000000ZtY6,1313,9.341191362367033,standard_3d_pharmacophore,aligned,decoy
ZINCf50000008JhW,1314,9.339777231285689,standard_3d_pharmacophore,aligned,decoy
ZINCf50000009cQd,1315,9.339449530834564,standard_3d_pharmacophore,aligned,decoy
ZINCf5000001rXM8,1316,9.338294354747935,standard_3d_pharmacophore,aligned,decoy
ZINCf50000009vYP,1317,9.334500658465481,standard_3d_pharmacophore,aligned,decoy
ZINCf500000092mW,1318,9.333139409692174,standard_3d_pharmacophore,aligned,decoy
ZINCf5000002scRK,1319,9.320603339770518,standard_3d_pharmacophore,aligned,decoy
ZINCf50000009wYE,1320,9.320058752982273,standard_3d_pharmacophore,aligned,decoy
ZINCf5000002qS7h,1321,9.31766835508126,standard_3d_pharmacophore,aligned,decoy
ZINCf50000017BDb,1322,9.316812614026498,standard_3d_pharmacophore,aligned,decoy
ZINCf50000024KGa,1323,9.315443220768842,standard_3d_pharmacophore,aligned,decoy
ZINCf5000001Vzqp,1324,9.29978091922528,standard_3d_pharmacophore,aligned,decoy
ZINCf5000001obOn,1325,9.29194797580414,standard_3d_pharmacophore,aligned,decoy
ZINCf5000002raZH,1326,9.291947451602022,standard_3d_pharmacophore,aligned,decoy
ZINCf5000000aluW,1327,9.289010940466353,standard_3d_pharmacophore,aligned,decoy
ZINCf5000000adVE,1328,9.286307833274336,standard_3d_pharmacophore,aligned,decoy
ZINCf5000000Vl6O,1329,9.27322165922128,standard_3d_pharmacophore,aligned,decoy
ZINCf5000002dfWu,1330,9.268722512644501,standard_3d_pharmacophore,aligned,decoy
ZINCf5000002shQH,1331,9.261042866328514,standard_3d_pharmacophore,aligned,decoy
ZINCf500000201iI,1332,9.252230624855436,standard_3d_pharmacophore,aligned,decoy
ZINCf50000009Get,1333,9.237699479550857,standard_3d_pharmacophore,aligned,decoy
ZINCf5000002rBsy,1334,9.236055506109636,standard_3d_pharmacophore,aligned,decoy
ZINCf5000002rBmW,1335,9.234922249662944,standard_3d_pharmacophore,aligned,decoy
ZINCf5000002doBS,1336,9.233721129463573,standard_3d_pharmacophore,aligned,decoy
ZINCf50000009vXW,1337,9.219791404669737,standard_3d_pharmacophore,aligned,decoy
ZINCf5000000VZps,1338,9.211574266541643,standard_3d_pharmacophore,aligned,decoy
ZINCf50000017PN7,1339,9.201866030393886,standard_3d_pharmacophore,aligned,decoy
ZINCf5000002rhhZ,1340,9.19887533402872,standard_3d_pharmacophore,aligned,decoy
ZINCf50000017Pd0,1341,9.198169253678923,standard_3d_pharmacophore,aligned,decoy
ZINCf50000009HoE,1342,9.192408765426952,standard_3d_pharmacophore,aligned,decoy
ZINCf5000002mHDq,1343,9.191580019659007,standard_3d_pharmacophore,aligned,decoy
ZINCf500000185xt,1344,9.191469726889196,standard_3d_pharmacophore,aligned,decoy
ZINCf50000008Gvh,1345,9.181213225970888,standard_3d_pharmacophore,aligned,decoy
ZINCf5000002rgT2,1346,9.17088341082067,standard_3d_pharmacophore,aligned,decoy
ZINCf50000009GiE,1347,9.16922801259024,standard_3d_pharmacophore,aligned,decoy
ZINCf500000296qH,1348,9.163348544760241,standard_3d_pharmacophore,aligned,decoy
ZINCf50000017Bb3,1349,9.157928219652273,standard_3d_pharmacophore,aligned,decoy
ZINCf50000017mHI,1350,9.14945904220172,standard_3d_pharmacophore,aligned,decoy
ZINCf5000000ados,1351,9.14909716471047,standard_3d_pharmacophore,aligned,decoy
ZINCf5000002eeo2,1352,9.138483754408245,standard_3d_pharmacophore,aligned,decoy
ZINCf50000008VrH,1353,9.13201432906305,standard_3d_pharmacophore,aligned,decoy
ZINCf50000008TDx,1354,9.127014323498715,standard_3d_pharmacophore,aligned,decoy
ZINCf5000002r7xz,1355,9.124438491005842,standard_3d_pharmacophore,aligned,decoy
ZINCf5000002rUVX,1356,9.121539152046847,standard_3d_pharmacophore,aligned,decoy
ZINCf5000001xSaN,1357,9.116116898842078,standard_3d_pharmacophore,aligned,decoy
ZINCf5000000ZwYF,1358,9.10500412606913,standard_3d_pharmacophore,aligned,decoy
ZINCf5000000apSt,1359,9.104792441053139,standard_3d_pharmacophore,aligned,decoy
ZINCf5000000adRK,1360,9.100568654978641,standard_3d_pharmacophore,aligned,decoy
ZINCf50000008ZU0,1361,9.097892205192704,standard_3d_pharmacophore,aligned,decoy
ZINCf5000002e5Gl,1362,9.085926122896279,standard_3d_pharmacophore,aligned,decoy
ZINCf50000017Lpp,1363,9.085104937099247,standard_3d_pharmacophore,aligned,decoy
ZINCf50000017M4H,1364,9.083564245143801,standard_3d_pharmacophore,aligned,decoy
ZINCf5000002dT7Q,1365,9.072142806944242,standard_3d_pharmacophore,aligned,decoy
ZINCf50000017M4F,1366,9.05923691782002,standard_3d_pharmacophore,aligned,decoy
ZINCf5000002rQ1H,1367,9.057440919515928,standard_3d_pharmacophore,aligned,decoy
ZINCf5000000a8YY,1368,9.055426853226933,standard_3d_pharmacophore,aligned,decoy
ZINCf50000009Ht1,1369,9.042325808708453,standard_3d_pharmacophore,aligned,decoy
ZINCf5000002s8fr,1370,9.03923003661669,standard_3d_pharmacophore,aligned,decoy
ZINCf5000002aFDY,1371,9.025245016188473,standard_3d_pharmacophore,aligned,decoy
ZINCf50000008EcR,1372,9.024232653335071,standard_3d_pharmacophore,aligned,decoy
ZINCf5000002rnoS,1373,9.010352674016936,standard_3d_pharmacophore,aligned,decoy
ZINCf500000090a2,1374,9.005580250018975,standard_3d_pharmacophore,aligned,decoy
ZINCf50000009nxB,1375,9.004041644053126,standard_3d_pharmacophore,aligned,decoy
ZINCf5000001S3mY,1376,9.00257575187054,standard_3d_pharmacophore,aligned,decoy
ZINCf50000009H08,1377,9.002123045828924,standard_3d_pharmacophore,aligned,decoy
ZINCf5000002rkb9,1378,8.993802861032373,standard_3d_pharmacophore,aligned,decoy
ZINCf5000001x1Ao,1379,8.993306086674885,standard_3d_pharmacophore,aligned,decoy
ZINCf5000002dSI8,1380,8.980297629989751,standard_3d_pharmacophore,aligned,decoy
ZINCf5000002sbOp,1381,8.976417544798341,standard_3d_pharmacophore,aligned,decoy
ZINCf5000002rEYC,1382,8.963424870132995,standard_3d_pharmacophore,aligned,decoy
ZINCf500000093JF,1383,8.942106161023718,standard_3d_pharmacophore,aligned,decoy
ZINCf5000001pvyn,1384,8.941670565509156,standard_3d_pharmacophore,aligned,decoy
ZINCf5000000akN8,1385,8.932629631849508,standard_3d_pharmacophore,aligned,decoy
ZINCf50000017Fgj,1386,8.928477737827249,standard_3d_pharmacophore,aligned,decoy
ZINCf50000009GAN,1387,8.917069184720742,standard_3d_pharmacophore,aligned,decoy
ZINCf50000008PMN,1388,8.914185169099632,standard_3d_pharmacophore,aligned,decoy
ZINCf50000017HMG,1389,8.914046247935,standard_3d_pharmacophore,aligned,decoy
ZINCf50000025uSm,1390,8.911034371800424,standard_3d_pharmacophore,aligned,decoy
ZINCf5000000Ztoe,1391,8.897112611864125,standard_3d_pharmacophore,aligned,decoy
ZINCf50000017R4q,1392,8.8944939940776,standard_3d_pharmacophore,aligned,decoy
ZINCf500000093Jj,1393,8.891958900058514,standard_3d_pharmacophore,aligned,decoy
ZINCf500000181oW,1394,8.88829821206701,standard_3d_pharmacophore,aligned,decoy
ZINCf5000001QBG9,1395,8.87870133466497,standard_3d_pharmacophore,aligned,decoy
ZINCf5000002aPxi,1396,8.872413384604146,standard_3d_pharmacophore,aligned,decoy
ZINCf5000002aOvG,1397,8.871155053048678,standard_3d_pharmacophore,aligned,decoy
ZINCf50000017RYr,1398,8.870196028820395,standard_3d_pharmacophore,aligned,decoy
ZINCf5000001zrDu,1399,8.869727356893709,standard_3d_pharmacophore,aligned,decoy
ZINCf50000009HiT,1400,8.86380819838993,standard_3d_pharmacophore,aligned,decoy
ZINCf5000002rkba,1401,8.863152027736175,standard_3d_pharmacophore,aligned,decoy
ZINCf5000002ovbO,1402,8.862874958233515,standard_3d_pharmacophore,aligned,decoy
ZINCf5000000a6Cx,1403,8.861767636869736,standard_3d_pharmacophore,aligned,decoy
ZINCf5000002aVFr,1404,8.858000683084116,standard_3d_pharmacophore,aligned,decoy
ZINCf50000026YZ4,1405,8.85482696115392,standard_3d_pharmacophore,aligned,decoy
ZINCf5000002efJk,1406,8.853092980798507,standard_3d_pharmacophore,aligned,decoy
ZINCf5000001OCOw,1407,8.850863869154077,standard_3d_pharmacophore,aligned,decoy
ZINCf50000017FgN,1408,8.849352265052561,standard_3d_pharmacophore,aligned,decoy
ZINCf5000000Ybjp,1409,8.844990972756541,standard_3d_pharmacophore,aligned,decoy
ZINCf5000002r7ze,1410,8.840689431990075,standard_3d_pharmacophore,aligned,decoy
ZINCf5000001MlEL,1411,8.839687828623621,standard_3d_pharmacophore,aligned,decoy
ZINCf50000009aGc,1412,8.807875454689293,standard_3d_pharmacophore,aligned,decoy
ZINCf50000009yGS,1413,8.807433483322663,standard_3d_pharmacophore,aligned,decoy
ZINCf5000000973K,1414,8.807341522074713,standard_3d_pharmacophore,aligned,decoy
ZINCf50000009GZa,1415,8.796922073743389,standard_3d_pharmacophore,aligned,decoy
ZINCf5000002rwsh,1416,8.795706445174481,standard_3d_pharmacophore,aligned,decoy
ZINCf5000000WARb,1417,8.786325322912898,standard_3d_pharmacophore,aligned,decoy
ZINCf5000001xLRs,1418,8.786016009005813,standard_3d_pharmacophore,aligned,decoy
ZINCf5000000Vn0X,1419,8.777660644478944,standard_3d_pharmacophore,aligned,decoy
ZINCf50000017oVG,1420,8.775461103023316,standard_3d_pharmacophore,aligned,decoy
ZINCf50000025tBQ,1421,8.770459865235718,standard_3d_pharmacophore,aligned,decoy
ZINCf50000017lzv,1422,8.76793087295803,standard_3d_pharmacophore,aligned,decoy
ZINCf5000002oAqM,1423,8.766281668595441,standard_3d_pharmacophore,aligned,decoy
ZINCf50000009HC5,1424,8.758290951927915,standard_3d_pharmacophore,aligned,decoy
ZINCf5000001pvAi,1425,8.754963349143305,standard_3d_pharmacophore,aligned,decoy
ZINCf50000017M4h,1426,8.750878472927026,standard_3d_pharmacophore,aligned,decoy
ZINCf50000017ZrY,1427,8.747933132613955,standard_3d_pharmacophore,aligned,decoy
ZINCf5000000amzy,1428,8.747911190039604,standard_3d_pharmacophore,aligned,decoy
ZINCf5000002rwrV,1429,8.71322432428955,standard_3d_pharmacophore,aligned,decoy
ZINCf5000002eb6j,1430,8.710896253692479,standard_3d_pharmacophore,aligned,decoy
ZINCf5000002aOz8,1431,8.707576267595263,standard_3d_pharmacophore,aligned,decoy
ZINCf5000002efkW,1432,8.692955563320497,standard_3d_pharmacophore,aligned,decoy
ZINCf500000091Vc,1433,8.69094797206044,standard_3d_pharmacophore,aligned,decoy
ZINCf50000008FGW,1434,8.685708813312635,standard_3d_pharmacophore,aligned,decoy
ZINCf5000002aK2x,1435,8.681595309542795,standard_3d_pharmacophore,aligned,decoy
ZINCf5000002aLWo,1436,8.675999113237957,standard_3d_pharmacophore,aligned,decoy
ZINCf50000008C86,1437,8.673012272408446,standard_3d_pharmacophore,aligned,decoy
ZINCf5000000SNL3,1438,8.671299918134174,standard_3d_pharmacophore,aligned,decoy
ZINCf50000017o0x,1439,8.660085677054186,standard_3d_pharmacophore,aligned,decoy
ZINCf50000008GgS,1440,8.65170657697796,standard_3d_pharmacophore,aligned,decoy
ZINCf500000093ux,1441,8.648355955302018,standard_3d_pharmacophore,aligned,decoy
ZINCf5000002aIFg,1442,8.642808982568111,standard_3d_pharmacophore,aligned,decoy
ZINCf50000008Fwz,1443,8.638245901784463,standard_3d_pharmacophore,aligned,decoy
ZINCf50000017vGK,1444,8.622668366795898,standard_3d_pharmacophore,aligned,decoy
ZINCf5000002seQW,1445,8.620565663622763,standard_3d_pharmacophore,aligned,decoy
ZINCf5000002rNgF,1446,8.611449358600002,standard_3d_pharmacophore,aligned,decoy
ZINCf50000008Aw0,1447,8.600067577162752,standard_3d_pharmacophore,aligned,decoy
ZINCf5000002rFi2,1448,8.591781591978753,standard_3d_pharmacophore,aligned,decoy
ZINCf5000000adGO,1449,8.5885175513745,standard_3d_pharmacophore,aligned,decoy
ZINCf500000093tn,1450,8.58503888947338,standard_3d_pharmacophore,aligned,decoy
ZINCf50000009fjA,1451,8.584220932917715,standard_3d_pharmacophore,aligned,decoy
ZINCf5000002a7dg,1452,8.573291299223975,standard_3d_pharmacophore,aligned,decoy
ZINCf5000002aOKG,1453,8.571922349339879,standard_3d_pharmacophore,aligned,decoy
ZINCf5000002rt8Z,1454,8.569141140152391,standard_3d_pharmacophore,aligned,decoy
ZINCf5000002aOKH,1455,8.568902887228901,standard_3d_pharmacophore,aligned,decoy
ZINCf500000093JX,1456,8.563166301617454,standard_3d_pharmacophore,aligned,decoy
ZINCf500000094fU,1457,8.561505302276155,standard_3d_pharmacophore,aligned,decoy
ZINCf5000002dMoP,1458,8.550414958185069,standard_3d_pharmacophore,aligned,decoy
ZINCf5000000WBK9,1459,8.549924125499738,standard_3d_pharmacophore,aligned,decoy
ZINCf5000002s2u8,1460,8.548123042824534,standard_3d_pharmacophore,aligned,decoy
ZINCf50000008Pur,1461,8.547174239032604,standard_3d_pharmacophore,aligned,decoy
ZINCf50000009r3c,1462,8.540054340567368,standard_3d_pharmacophore,aligned,decoy
ZINCf5000002aP2J,1463,8.535443942874183,standard_3d_pharmacophore,aligned,decoy
ZINCf5000002si61,1464,8.526878795531111,standard_3d_pharmacophore,aligned,decoy
ZINCf50000017P7X,1465,8.51938913346166,standard_3d_pharmacophore,aligned,decoy
ZINCf5000002myLk,1466,8.51779945763045,standard_3d_pharmacophore,aligned,decoy
ZINCf5000000949X,1467,8.511984108288035,standard_3d_pharmacophore,aligned,decoy
ZINCf5000002rKa7,1468,8.486469908728093,standard_3d_pharmacophore,aligned,decoy
ZINCf5000002s1qt,1469,8.481650885007342,standard_3d_pharmacophore,aligned,decoy
ZINCf50000009pVc,1470,8.47094930220421,standard_3d_pharmacophore,aligned,decoy
ZINCf5000002aU6d,1471,8.461526465837974,standard_3d_pharmacophore,aligned,decoy
ZINCf5000002dZmd,1472,8.45031265351594,standard_3d_pharmacophore,aligned,decoy
ZINCf5000002eeWA,1473,8.445369138058687,standard_3d_pharmacophore,aligned,decoy
ZINCf50000009nNd,1474,8.43888676932108,standard_3d_pharmacophore,aligned,decoy
ZINCf50000009GL0,1475,8.39980474763252,standard_3d_pharmacophore,aligned,decoy
ZINCf5000000SKcQ,1476,8.398091791015514,standard_3d_pharmacophore,aligned,decoy
ZINCf50000009du7,1477,8.395319242981124,standard_3d_pharmacophore,aligned,decoy
ZINCf5000000Zr5M,1478,8.389582656688503,standard_3d_pharmacophore,aligned,decoy
ZINCf500000181fP,1479,8.387245159796533,standard_3d_pharmacophore,aligned,decoy
ZINCf5000000aa5p,1480,8.378008627895438,standard_3d_pharmacophore,aligned,decoy
ZINCf5000002dB1z,1481,8.37646645565239,standard_3d_pharmacophore,aligned,decoy
ZINCf50000009H3r,1482,8.367829960433031,standard_3d_pharmacophore,aligned,decoy
ZINCf50000009E1S,1483,8.360429897639204,standard_3d_pharmacophore,aligned,decoy
ZINCf5000002rDZl,1484,8.357644533453552,standard_3d_pharmacophore,aligned,decoy
ZINCf5000002rRZf,1485,8.337436989774364,standard_3d_pharmacophore,aligned,decoy
ZINCf5000000aoy4,1486,8.330237501193233,standard_3d_pharmacophore,aligned,decoy
ZINCf5000002rF6t,1487,8.323598216095611,standard_3d_pharmacophore,aligned,decoy
ZINCf5000002oHXj,1488,8.321879813535395,standard_3d_pharmacophore,aligned,decoy
ZINCf50000008Nou,1489,8.320130864617584,standard_3d_pharmacophore,aligned,decoy
ZINCf50000009aFI,1490,8.311604202961519,standard_3d_pharmacophore,aligned,decoy
ZINCf5000002rDZk,1491,8.309476422703849,standard_3d_pharmacophore,aligned,decoy
ZINCf5000002rkpA,1492,8.304020200281752,standard_3d_pharmacophore,aligned,decoy
ZINCf5000000adGN,1493,8.303279109125105,standard_3d_pharmacophore,aligned,decoy
ZINCf50000021ozf,1494,8.299745586566267,standard_3d_pharmacophore,aligned,decoy
ZINCf50000017OQs,1495,8.294557736386883,standard_3d_pharmacophore,aligned,decoy
ZINCf5000002eaMm,1496,8.2682847314513,standard_3d_pharmacophore,aligned,decoy
ZINCf5000001zfG8,1497,8.238808962591431,standard_3d_pharmacophore,aligned,decoy
ZINCf5000000Zqyi,1498,8.225679990157793,standard_3d_pharmacophore,aligned,decoy
ZINCf5000000a5OM,1499,8.220141625516879,standard_3d_pharmacophore,aligned,decoy
ZINCf5000000ZqRZ,1500,8.204109649425193,standard_3d_pharmacophore,aligned,decoy
ZINCf50000009Gnw,1501,8.180868123173218,standard_3d_pharmacophore,aligned,decoy
ZINCf50000009yTj,1502,8.174275365560723,standard_3d_pharmacophore,aligned,decoy
ZINCf5000000a16n,1503,8.135599683541734,standard_3d_pharmacophore,aligned,decoy
ZINCf50000009Sn8,1504,8.134969103003494,standard_3d_pharmacophore,aligned,decoy
ZINCf50000009aKZ,1505,8.121016169237159,standard_3d_pharmacophore,aligned,decoy
ZINCf50000009mGy,1506,8.109553113414073,standard_3d_pharmacophore,aligned,decoy
ZINCf5000002rL2B,1507,8.10670844988958,standard_3d_pharmacophore,aligned,decoy
ZINCf5000000ZrWX,1508,8.096089924431839,standard_3d_pharmacophore,aligned,decoy
ZINCf5000000advk,1509,8.09491243871749,standard_3d_pharmacophore,aligned,decoy
ZINCf5000000apS9,1510,8.057131038497232,standard_3d_pharmacophore,aligned,decoy
ZINCf50000017Pvr,1511,8.05618919137078,standard_3d_pharmacophore,aligned,decoy
ZINCf50000027kYZ,1512,8.012477785797287,standard_3d_pharmacophore,aligned,decoy
ZINCf5000000af0V,1513,8.01096292043652,standard_3d_pharmacophore,aligned,decoy
ZINCf5000001oiY0,1514,7.997944224511188,standard_3d_pharmacophore,aligned,decoy
ZINCf5000002qy13,1515,7.997005497660417,standard_3d_pharmacophore,aligned,decoy
ZINCf5000002dD5F,1516,7.924092830022729,standard_3d_pharmacophore,aligned,decoy
ZINCf50000017w1Q,1517,7.910913644185241,standard_3d_pharmacophore,aligned,decoy
ZINCf5000002dGmi,1518,7.909122993716427,standard_3d_pharmacophore,aligned,decoy
ZINCf5000000WClS,1519,7.903425401855308,standard_3d_pharmacophore,aligned,decoy
ZINCf5000002efSd,1520,7.880548699930074,standard_3d_pharmacophore,aligned,decoy
ZINCf5000000WARa,1521,7.877384078353261,standard_3d_pharmacophore,aligned,decoy
ZINCf5000000aahM,1522,7.859563572053654,standard_3d_pharmacophore,aligned,decoy
ZINCf5000001pyiA,1523,7.8578067565774425,standard_3d_pharmacophore,aligned,decoy
ZINCf50000017P5L,1524,7.837650678490472,standard_3d_pharmacophore,aligned,decoy
ZINCf5000002aFNQ,1525,7.823875643330248,standard_3d_pharmacophore,aligned,decoy
ZINCf5000001ZEPD,1526,7.775764577350969,standard_3d_pharmacophore,aligned,decoy
ZINCf50000009GkS,1527,7.7692760058812915,standard_3d_pharmacophore,aligned,decoy
ZINCf5000001WZot,1528,7.740540296066018,standard_3d_pharmacophore,aligned,decoy
ZINCf5000002qy1u,1529,7.732608233234084,standard_3d_pharmacophore,aligned,decoy
ZINCf50000009acK,1530,7.6360094544533945,standard_3d_pharmacophore,aligned,decoy
ZINCf5000002aNYV,1531,7.6312471498876215,standard_3d_pharmacophore,aligned,decoy
ZINCf5000000WzXw,1532,7.626125797587153,standard_3d_pharmacophore,aligned,decoy
ZINCf50000009dt2,1533,7.625069172444815,standard_3d_pharmacophore,aligned,decoy
ZINCf5000000a9sN,1534,7.589844015833723,standard_3d_pharmacophore,aligned,decoy
ZINCf50000024ZZY,1535,7.562432391188106,standard_3d_pharmacophore,aligned,decoy
ZINCf50000025zcz,1536,7.527189942771161,standard_3d_pharmacophore,aligned,decoy
ZINCf5000002dRV6,1537,7.524172774564663,standard_3d_pharmacophore,aligned,decoy
ZINCf500000243gF,1538,7.520837443590939,standard_3d_pharmacophore,aligned,decoy
ZINCf5000002eaxZ,1539,7.507746452595128,standard_3d_pharmacophore,aligned,decoy
ZINCf5000001onov,1540,7.500330952323575,standard_3d_pharmacophore,aligned,decoy
ZINCf5000002qTwb,1541,7.337713430578442,standard_3d_pharmacophore,aligned,decoy
ZINCf5000002rBZu,1542,7.2510746804425334,standard_3d_pharmacophore,aligned,decoy
ZINCf50000009Hjt,1543,6.8927040461902,standard_3d_pharmacophore,aligned,decoy
ZINCf5000002dinx,1544,6.566589435517613,standard_3d_pharmacophore,aligned,decoy
ZINCf50000017CB3,1545,6.515965464729029,standard_3d_pharmacophore,aligned,decoy
ZINCf5000000SKPV,1546,6.509561514854018,standard_3d_pharmacophore,aligned,decoy
ZINCf50000017vVa,1547,6.476397755506043,standard_3d_pharmacophore,aligned,decoy
ZINCf50000009GEJ,1548,6.400316143831244,standard_3d_pharmacophore,aligned,decoy
ZINCf50000008IKH,1549,6.324450429941826,standard_3d_pharmacophore,aligned,decoy
ZINCf5000000ZtJg,1550,6.231887666773694,standard_3d_pharmacophore,aligned,decoy
