final_rank,final_rank_mode,zinc_id,smiles,stage3_screen_rank,native_candidate_pool_rank,native_selection_rank,pool_source_stage3_rank,pool_source_hotspot_breadth,pool_source_native_support,screen_coverage_pct,anchor_weighted_pct,geometry_penalty_factor,screen_weighted_coverage_pct,features_matched,mw,logp,hbd,hba,rotatable_bonds,lipinski,chemistry_flagged,pains_alert,reactive_flags,hotspot_weighted_pct,hotspot_bits_matched,hotspot_exact_matches,hotspot_compatible_matches,hotspot_exact_residue_count,hotspot_group_count,hotspot_required_groups_pass,native_supported_hotspot_bits_matched,native_supported_hotspot_exact_matches,native_supported_hotspot_exact_residue_count,native_supported_hotspot_weighted_pct,pair_hash_overlap_pct,pair_hash_recall_pct,pair_hash_precision_pct,cascade_score_pct,shortlist_rank,rerank_conformers,best_conformer_id,fit_rmsd_angstrom,mean_pair_distance_error_angstrom,reference_feature_span_angstrom,ligand_feature_span_angstrom,rerank_query_feature_count,native_weighted_coverage_pct,native_matched_reference_features,native_fit_rmsd_angstrom,native_mean_pair_distance_error_angstrom,native_microstate_id,native_matched_reference_residues,native_conformer_id,native_conformer_energy
1,native_first,CHEMBL6027640,Cn1c(CN2CCC(c3cccc(OCc4ccc(C#N)cc4)n3)CC2)nc2ccc(C(=O)O)cc21,2,2,2,1,1,1,,,,19.967637540453076,,481.55600000000027,4.496780000000004,1,7,7,1,0.0,,,0.0,0,0,0,0,0,0,,,,0.0,0.0,0.0,0.0,19.967637540453076,2,,,,,,,,29.814795644123496,6,2.784163479126033,1.313918334035191,CHEMBL6027640_m01_t01,SER17;GLU21;THR13;PHE12;SER14;VAL16,3,61.30748236258134
2,native_first,ZINCf500000369vs,O=C(COCCF)OCc1nnc(O)s1,262,262,262,0,0,1,,,,11.553398058252428,,236.224,0.2730000000000001,1,7,6,1,0.0,,,0.0,0,0,0,0,0,0,,,,0.0,0.0,0.0,0.0,11.553398058252428,262,,,,,,,,25.75962990479459,5,2.1962017297308924,2.0458085210311086,ZINCf500000369vs_m01_t03,SER17;GLU21;THR13;SER14;SER18,3,19.951501241789117
3,native_first,ZINCf5000001oiYi,COCCc1noc(COCC(=O)O)n1,222,222,222,0,1,1,,,,12.84789644012945,,216.193,-0.1403000000000001,1,6,7,1,0.0,,,0.0,0,0,0,0,0,0,,,,0.0,0.0,0.0,0.0,12.84789644012945,222,,,,,,,,25.339424750769734,5,1.575870751034225,1.7636292549510983,ZINCf5000001oiYi_m01_t01,SER17;GLU21;ASP15;SER14;SER18,1,10.774731769708826
4,native_first,ZINCf50000035Wyq,Nc1nonc1C(=O)OCCOCCF,112,112,112,1,1,1,,,,16.40776699029126,,219.1719999999999,-0.2053000000000002,1,7,6,1,0.0,,,0.0,0,0,0,0,0,0,,,,0.0,0.0,0.0,0.0,16.40776699029126,112,,,,,,,,25.339424750769734,5,1.5960738640219612,1.7752609644529305,ZINCf50000035Wyq_m01_t02,SER17;GLU21;ASP15;SER14;SER18,3,36.70226094265142
5,native_first,ZINCf50000036feX,O=C(O)COCC(=O)OCc1cnns1,122,122,122,1,1,1,,,,16.084142394822006,,232.217,-0.3175000000000001,1,7,6,1,0.0,,,0.0,0,0,0,0,0,0,,,,0.0,0.0,0.0,0.0,16.084142394822006,122,,,,,,,,25.339424750769734,5,1.8878530342722062,1.9513393271963575,ZINCf50000036feX_m01_t02,SER17;GLU21;ASP15;SER14;SER18,1,-3.244551401499172
6,native_first,CHEMBL251760,CC(C)c1nc2cc(Cl)c(Cl)cc2nc1S(=O)(=O)Cc1ccc(S(C)(=O)=O)cc1,5,5,5,1,1,1,,,,19.870550161812297,,473.40300000000025,4.437400000000005,0,6,5,1,0.0,,,0.0,0,0,0,0,0,0,,,,0.0,0.0,0.0,0.0,19.870550161812297,5,,,,,,,,24.806421954390125,5,2.1148173954618907,2.2926599312738327,CHEMBL251760_m01_t01,SER17;THR13;HIS7;HIS7;SER18,0,207.9391995814262
7,native_first,CHEMBL400700,CS(=O)(=O)c1nc2cc(Cl)c(Cl)cc2nc1NC1CCS(=O)(=O)C1,6,6,6,1,1,1,,,,19.838187702265373,,410.3040000000002,1.9391,1,7,3,1,0.0,,,0.0,0,0,0,0,0,0,,,,0.0,0.0,0.0,0.0,19.838187702265373,6,,,,,,,,24.376562744270323,5,1.9075426752566413,1.428312664314355,CHEMBL400700_m01_t02,SER17;GLU21;SER14;LEU20;SER18,1,100.22750070141431
8,native_first,CHEMBL400500,CS(=O)(=O)c1nc2cc(Cl)c(Cl)cc2nc1N1CCC(=O)N1,10,10,10,1,1,1,,,,19.70873786407767,,361.21000000000015,1.5814,1,6,2,1,0.0,,,0.0,0,0,0,0,0,0,,,,0.0,0.0,0.0,0.0,19.70873786407767,10,,,,,,,,23.089809903005985,5,1.9049363290874484,1.8299025833081566,CHEMBL400500_m01_t03,SER17;GLU21;SER14;SER18;VAL16,2,110.46912610933023
9,native_first,ZINCf50000027sEX,COC(=O)[C@@H](C)COC(=O)CS(C)(=O)=O,255,255,255,0,0,1,,,,11.779935275080907,,238.261,-0.6166999999999998,0,6,5,1,0.0,,,0.0,0,0,0,0,0,0,,,,0.0,0.0,0.0,0.0,11.779935275080907,255,,,,,,,,22.837705556331056,5,1.36687775689285,1.725480778590573,ZINCf50000027sEX_m01_t04,SER17;THR13;SER14;SER18;VAL16,0,-42.91425098458262
10,native_first,ZINCf5000002sekd,COC(=O)[C@H](C)COC(=O)CS(C)(=O)=O,265,265,265,0,0,1,,,,11.45631067961165,,238.261,-0.6166999999999998,0,6,5,1,0.0,,,0.0,0,0,0,0,0,0,,,,0.0,0.0,0.0,0.0,11.45631067961165,265,,,,,,,,22.837705556331056,5,1.36687775689285,1.725480778590573,ZINCf5000002sekd_m01_t04,SER17;THR13;SER14;SER18;VAL16,0,-42.91425098458262
11,native_first,ZINCf5000003pRk9,CS(=O)(=O)SCC(=O)OCCCC(N)=O,32,32,32,1,1,1,,,,18.996763754045308,,255.31699999999995,-0.5120999999999996,1,6,7,1,0.0,,,0.0,0,0,0,0,0,0,,,,0.0,0.0,0.0,0.0,18.996763754045308,32,,,,,,,,22.837705556331056,5,1.421461801303841,1.1420922629630543,ZINCf5000003pRk9_m01_t01,SER17;THR13;SER14;SER18;VAL16,1,-66.2259588089745
12,native_first,ZINCf5000000a9AP,Cc1nonc1CC(=O)Nc1nnco1,106,106,106,1,1,1,,,,16.601941747572816,,209.165,-0.0577800000000005,1,7,3,1,0.0,,,0.0,0,0,0,0,0,0,,,,0.0,0.0,0.0,0.0,16.601941747572816,106,,,,,,,,22.837705556331056,5,1.9668597440987063,1.847423469983104,ZINCf5000000a9AP_m01_t02,SER17;THR13;SER14;SER18;VAL16,3,-39.13694137100903
13,native_first,ZINCf50000036eSM,O=C(O[C@@H]1CCC1=O)c1ccnnc1O,300,300,300,0,0,1,,,,10.323624595469257,,208.17300000000003,0.0704999999999998,1,6,2,1,0.0,,,0.0,0,0,0,0,0,0,,,,0.0,0.0,0.0,0.0,10.323624595469257,300,,,,,,,,22.837705556331056,5,2.115542469728816,1.8879314553857363,ZINCf50000036eSM_m01_t02,SER17;THR13;SER14;SER18;VAL16,0,29.415127421966822
14,native_first,ZINCf50000036eSN,O=C(O[C@H]1CCC1=O)c1ccnnc1O,310,310,310,0,0,1,,,,10.0,,208.17300000000003,0.0704999999999998,1,6,2,1,0.0,,,0.0,0,0,0,0,0,0,,,,0.0,0.0,0.0,0.0,10.0,310,,,,,,,,22.837705556331056,5,2.115542469728816,1.8879314553857363,ZINCf50000036eSN_m01_t02,SER17;THR13;SER14;SER18;VAL16,0,29.415127421966822
15,native_first,ZINCf5000003oBjq,CC(=O)OCCOC(=O)CN=S(C)(C)=O,168,168,168,1,1,1,,,,14.595469255663431,,237.277,-0.1797000000000002,0,6,5,1,0.0,,,0.0,0,0,0,0,0,0,,,,0.0,0.0,0.0,0.0,14.595469255663431,168,,,,,,,,22.837705556331056,5,2.483022448027348,1.9079292644167878,ZINCf5000003oBjq_m01_t04,SER17;THR13;SER14;SER18;VAL16,2,
16,native_first,ZINCf5000001QAPO,CCOC(=O)COC(=O)C(C)S(C)(=O)=O,165,165,165,1,1,1,,,,14.692556634304207,,238.261,-0.4741999999999999,0,6,5,1,0.0,,,0.0,0,0,0,0,0,0,,,,0.0,0.0,0.0,0.0,14.692556634304207,165,,,,,,,,22.837705556331056,5,2.8323329197454776,1.9855566225166075,ZINCf5000001QAPO_m01_t02,SER17;THR13;SER14;SER18;VAL16,0,1.602584016570308
17,native_first,ZINCf5000001vlyY,CSC(=O)COC(=O)CCCS(N)(=O)=O,232,232,232,0,1,1,,,,12.524271844660195,,255.31699999999995,-0.5120999999999996,1,6,6,1,0.0,,,0.0,0,0,0,0,0,0,,,,0.0,0.0,0.0,0.0,12.524271844660195,232,,,,,,,,22.837705556331056,5,2.9645476367665213,1.9444748327935613,ZINCf5000001vlyY_m01_t04,SER17;THR13;SER14;SER18;VAL16,2,-115.95099912230079
18,native_first,ZINCf5000002rwR8,C[C@H](COC(=O)CC1OCCO1)[N+](=O)[O-],75,75,75,1,1,1,,,,17.60517799352751,,219.193,-0.0422,0,6,5,1,0.0,,,0.0,0,0,0,0,0,0,,,,0.0,0.0,0.0,0.0,17.60517799352751,75,,,,,,,,22.837705556331056,5,2.975111474846226,1.8580661377005605,ZINCf5000002rwR8_m01_t03,SER17;THR13;SER14;SER18;VAL16,1,-69.00519368189629
19,native_first,ZINCf5000000atW6,O=C(O[C@@H]1CCS(=O)(=O)C1)c1cnsn1,144,144,144,1,1,1,,,,15.372168284789645,,248.285,-0.1179999999999998,0,7,2,1,0.0,,,0.0,0,0,0,0,0,0,,,,0.0,0.0,0.0,0.0,15.372168284789645,144,,,,,,,,22.837705556331056,5,2.982983993107624,2.0039621437966475,ZINCf5000000atW6_m01_t01,SER17;THR13;SER14;SER18;VAL16,0,10.142687424061062
20,native_first,ZINCf50000035L6E,COCC[S@@](C)(=O)=NC(=O)c1cnon1,145,145,145,1,1,1,,,,15.339805825242719,,233.249,-0.0459999999999998,0,6,4,1,0.0,,,0.0,0,0,0,0,0,0,,,,0.0,0.0,0.0,0.0,15.339805825242719,145,,,,,,,,22.837705556331056,5,3.146583345975438,1.9939509464044538,ZINCf50000035L6E_m01_t01,SER17;THR13;SER14;SER18;VAL16,0,-27.31650831641929
21,native_first,ZINCf5000002aMrd,C[C@H]1[C@H](O)CN1C(=O)Cn1cnc(Br)n1,251,251,251,0,0,1,,,,11.909385113268609,,275.10600000000005,-0.3678000000000003,1,5,2,1,0.0,,,0.0,0,0,0,0,0,0,,,,0.0,0.0,0.0,0.0,11.909385113268609,251,,,,,,,,22.837705556331056,5,3.253304166475802,2.081929645905421,ZINCf5000002aMrd_m01_t02,SER17;THR13;SER14;SER18;VAL16,3,1.3165534055062404
22,native_first,CHEMBL399841,Cc1nnc(S(=O)(=O)c2nc3cc(Cl)c(Cl)cc3nc2C(C)C)s1,4,4,4,1,1,1,,,,19.902912621359224,,403.3160000000001,4.052720000000002,0,7,3,1,0.0,,,0.0,0,0,0,0,0,0,,,,0.0,0.0,0.0,0.0,19.902912621359224,4,,,,,,,,22.4175004023062,5,1.4036868463605496,1.5794145108294306,CHEMBL399841_m01_t02,SER17;ASP15;SER14;SER18;VAL16,0,165.85129744085935
23,native_first,CHEMBL250748,CC(C)c1nc2cc(Cl)c(Cl)cc2nc1S(=O)(=O)CCC1OCCO1,8,8,8,1,1,1,,,,19.77346278317152,,405.3030000000003,3.596700000000003,0,6,5,1,0.0,,,0.0,0,0,0,0,0,0,,,,0.0,0.0,0.0,0.0,19.77346278317152,8,,,,,,,,22.4175004023062,5,1.4823961986520293,1.3354062499651551,CHEMBL250748_m01_t02,SER17;ASP15;SER14;SER18;VAL16,2,112.99068610898108
24,native_first,ZINCf5000002Jl9F,CCOC(=O)CS(=O)(=O)Nc1cnns1,242,242,242,0,1,1,,,,12.20064724919094,,251.289,-0.1571000000000001,1,7,5,1,0.0,,,0.0,0,0,0,0,0,0,,,,0.0,0.0,0.0,0.0,12.20064724919094,242,,,,,,,,22.4175004023062,5,2.2416284492184664,1.6924562173690472,ZINCf5000002Jl9F_m01_t04,SER17;ASP15;SER14;SER18;VAL16,1,-79.01383933731842
25,native_first,ZINCf5000000YaJS,CC(=O)COC(=O)COc1ncccn1,208,208,208,0,1,1,,,,13.300970873786408,,210.189,-0.0124000000000004,0,6,5,1,0.0,,,0.0,0,0,0,0,0,0,,,,0.0,0.0,0.0,0.0,13.300970873786408,208,,,,,,,,22.4175004023062,5,2.7276644113410216,2.178779388831244,ZINCf5000000YaJS_m01_t03,SER17;ASP15;SER14;SER18;VAL16,1,-17.497047931790746
26,native_first,CHEMBL250112,CS(=O)(=O)c1nc2cc(Cl)c(Cl)cc2nc1NC1CCCc2ccccc21,3,3,3,1,1,1,,,,19.93527508090615,,422.3370000000002,4.829600000000004,1,5,3,1,0.0,,,0.0,0,0,0,0,0,0,,,,0.0,0.0,0.0,0.0,19.93527508090615,3,,,,,,,,21.454638395806796,5,1.6304478428060543,1.8296361409870774,CHEMBL250112_m01_t01,SER17;SER14;LEU20;SER18;VAL16,0,130.16394231671705
27,native_first,ZINCf5000000YaUz,CCOC(=O)COC(=O)CN=S(C)(C)=O,158,158,158,1,1,1,,,,14.919093851132686,,237.277,-0.1797000000000002,0,6,5,1,0.0,,,0.0,0,0,0,0,0,0,,,,0.0,0.0,0.0,0.0,14.919093851132686,158,,,,,,,,21.454638395806796,5,1.935116640030434,1.6343620644269226,ZINCf5000000YaUz_m01_t01,SER17;SER14;LEU20;SER18;VAL16,3,
28,native_first,ZINCf5000003oCXf,CC[S@](C)(=O)=NS(=O)(=O)CCC(=O)OC,95,95,95,1,1,1,,,,16.957928802588995,,257.3329999999999,-0.0030000000000001,0,5,5,1,0.0,,,0.0,0,0,0,0,0,0,,,,0.0,0.0,0.0,0.0,16.957928802588995,95,,,,,,,,21.454638395806796,5,2.428735390606207,1.5863309716824052,ZINCf5000003oCXf_m01_t02,SER17;SER14;LEU20;SER18;VAL16,0,-133.8485560275703
29,native_first,ZINCf50000008Dod,C#C[C@@H]1CCN1S(=O)(=O)c1cnc(O)s1,161,161,161,1,1,1,,,,14.82200647249191,,244.29700000000005,0.2449,1,5,2,1,0.0,,,0.0,0,0,0,0,0,0,,,,0.0,0.0,0.0,0.0,14.82200647249191,161,,,,,,,,21.454638395806796,5,2.9784802967788657,1.796714261557091,ZINCf50000008Dod_m01_t02,SER17;SER14;LEU20;SER18;VAL16,2,-91.00610032567012
30,native_first,ZINCf5000000ZvLs,Cc1nc(COC(=O)c2cnn[nH]2)no1,136,136,136,1,1,1,,,,15.631067961165048,,209.165,-0.1468800000000003,1,7,3,1,0.0,,,0.0,0,0,0,0,0,0,,,,0.0,0.0,0.0,0.0,15.631067961165048,136,,,,,,,,21.17207868569609,4,1.2301083028271882,1.2520689508403904,ZINCf5000000ZvLs_m01_t07,GLU9;THR13;HIS7;HIS7,1,28.806989258674825
31,native_first,ZINCf5000000a9iI,Cc1nnsc1CS(=O)(=O)c1cnn[nH]1,26,26,26,1,1,1,,,,19.190938511326863,,245.289,-0.0614800000000001,1,7,3,1,0.0,,,0.0,0,0,0,0,0,0,,,,0.0,0.0,0.0,0.0,19.190938511326863,26,,,,,,,,21.17207868569609,4,1.2568532179459126,1.8172469206386745,ZINCf5000000a9iI_m01_t02,GLU9;THR13;HIS7;HIS7,0,71.87277186418339
32,native_first,ZINCf50000036dEu,O=C(OC1CS(=O)(=O)C1)c1n[nH]cc1I,30,30,30,1,1,1,,,,19.06148867313916,,342.11400000000003,-0.0318999999999998,1,5,2,1,0.0,,,0.0,0,0,0,0,0,0,,,,0.0,0.0,0.0,0.0,19.06148867313916,30,,,,,,,,21.17207868569609,4,1.3095546452758824,1.2536507132801311,ZINCf50000036dEu_m01_t02,GLU9;THR13;HIS7;HIS7,0,-25.9430870080396
33,native_first,ZINCf50000009Gcn,CS(=O)(=O)c1nccn1Cc1cnon1,104,104,104,1,1,1,,,,16.666666666666668,,228.233,-0.2821000000000002,0,7,3,1,0.0,,,0.0,0,0,0,0,0,0,,,,0.0,0.0,0.0,0.0,16.666666666666668,104,,,,,,,,21.17207868569609,4,1.4126861907835722,2.006224570700004,ZINCf50000009Gcn_m01_t01,GLU9;THR13;HIS7;HIS7,0,42.07340022187652
34,native_first,ZINCf50000035RrK,CSC(=O)COC(=O)c1cnnc(O)c1,306,306,306,0,0,1,,,,10.129449838187703,,228.229,0.2285999999999998,1,7,3,1,0.0,,,0.0,0,0,0,0,0,0,,,,0.0,0.0,0.0,0.0,10.129449838187703,306,,,,,,,,21.17207868569609,4,1.4950678584045547,1.4652197587407543,ZINCf50000035RrK_m01_t03,GLU9;THR13;HIS7;HIS7,0,-6.366403189167702
35,native_first,ZINCf50000035RrA,CSC(=O)COC(=O)c1cncnc1O,296,296,296,0,0,1,,,,10.453074433656958,,228.229,0.2285999999999999,1,7,3,1,0.0,,,0.0,0,0,0,0,0,0,,,,0.0,0.0,0.0,0.0,10.453074433656958,296,,,,,,,,21.17207868569609,4,1.5751825405938238,2.1380587653745495,ZINCf50000035RrA_m01_t04,GLU9;THR13;HIS7;HIS7,2,-19.9433931641837
36,native_first,ZINCf50000009vNp,COCCS(=O)(=O)CCSc1nc[nH]n1,212,212,212,0,1,1,,,,13.171521035598706,,251.333,-0.0420000000000002,1,6,7,1,0.0,,,0.0,0,0,0,0,0,0,,,,0.0,0.0,0.0,0.0,13.171521035598706,212,,,,,,,,21.17207868569609,4,1.6597412048677715,1.2238047563576806,ZINCf50000009vNp_m01_t02,GLU9;THR13;HIS7;HIS7,2,-10.18967982640594
37,native_first,ZINCf50000017Kgc,COCCCS(=O)(=O)NCc1cnsn1,302,302,302,0,0,1,,,,10.258899676375405,,251.33300000000003,-0.0060000000000001,1,6,7,1,0.0,,,0.0,0,0,0,0,0,0,,,,0.0,0.0,0.0,0.0,10.258899676375405,302,,,,,,,,20.762946446361994,4,1.5370330450256569,1.8533979155485838,ZINCf50000017Kgc_m01_t01,SER17;GLU21;ASP15;SER18,0,-79.75298937772472
38,native_first,ZINCf5000000YbHM,NC(=O)CSCCOC(=O)c1csnn1,52,52,52,1,1,1,,,,18.349514563106798,,247.301,-0.0866,1,7,6,1,0.0,,,0.0,0,0,0,0,0,0,,,,0.0,0.0,0.0,0.0,18.349514563106798,52,,,,,,,,20.762946446361994,4,1.574190933683258,2.1387319884899023,ZINCf5000000YbHM_m01_t03,SER17;GLU21;ASP15;SER18,1,-14.47890088168159
39,native_first,ZINCf5000000YbHL,NC(=O)CSCCOC(=O)c1cnsn1,42,42,42,1,1,1,,,,18.673139158576053,,247.301,-0.0866,1,7,6,1,0.0,,,0.0,0,0,0,0,0,0,,,,0.0,0.0,0.0,0.0,18.673139158576053,42,,,,,,,,20.762946446361994,4,1.5810007834973951,1.9933428388467709,ZINCf5000000YbHL_m01_t03,SER17;GLU21;ASP15;SER18,3,-14.532631018892065
40,native_first,ZINCf500000362nP,NC(=O)CSCC(=O)OCc1ncsn1,92,92,92,1,1,1,,,,17.055016181229774,,247.301,-0.2002000000000003,1,7,6,1,0.0,,,0.0,0,0,0,0,0,0,,,,0.0,0.0,0.0,0.0,17.055016181229774,92,,,,,,,,20.762946446361994,4,1.8057070395336634,2.29850505125344,ZINCf500000362nP_m01_t06,SER17;GLU21;ASP15;SER18,3,-3.906301476432856
41,native_first,ZINCf5000000Ybyz,Cc1nnsc1SCC(=O)OCC(N)=O,292,292,292,0,0,1,,,,10.582524271844662,,247.30099999999996,-0.0328800000000001,1,7,5,1,0.0,,,0.0,0,0,0,0,0,0,,,,0.0,0.0,0.0,0.0,10.582524271844662,292,,,,,,,,20.762946446361994,4,2.3248143564085577,2.2181494531299966,ZINCf5000000Ybyz_m01_t06,SER17;GLU21;ASP15;SER18,0,13.736272361345925
42,native_first,ZINCf5000003pnv1,COCCOC(=O)CN1C(=O)CSC1=O,238,238,238,0,1,1,,,,12.330097087378642,,233.245,-0.1285999999999998,0,6,5,1,0.0,,,0.0,0,0,0,0,0,0,,,,0.0,0.0,0.0,0.0,12.330097087378642,238,,,,,,,,20.375061533699526,4,0.9457153389196716,1.3036776419151441,ZINCf5000003pnv1_m01_t04,SER17;GLU21;SER14;SER18,1,20.364187452822552
43,native_first,ZINCf50000020YBn,CSC(=O)COC(=O)C1(C)CS(=O)(=O)C1,59,59,59,1,1,1,,,,18.12297734627832,,252.313,-0.1461000000000001,0,6,3,1,0.0,,,0.0,0,0,0,0,0,0,,,,0.0,0.0,0.0,0.0,18.12297734627832,59,,,,,,,,20.375061533699526,4,0.9998711908102882,0.9856161439349863,ZINCf50000020YBn_m01_t01,SER17;GLU21;SER14;SER18,2,-16.824837845957266
44,native_first,ZINCf500000362jS,NC(=O)COC(=O)Cn1nc(Br)c(Br)n1,76,76,76,1,1,1,,,,17.57281553398058,,341.94699999999995,-0.1684000000000001,1,6,4,1,0.0,,,0.0,0,0,0,0,0,0,,,,0.0,0.0,0.0,0.0,17.57281553398058,76,,,,,,,,20.375061533699526,4,1.012218792490672,1.3707831637789045,ZINCf500000362jS_m01_t06,SER17;GLU21;SER14;SER18,3,-54.81177022807344
45,native_first,ZINCf5000000at3L,O=C(Nc1cnns1)[C@@H]1CCS(=O)(=O)C1,120,120,120,1,1,1,,,,16.148867313915858,,247.301,-0.0887000000000002,1,6,2,1,0.0,,,0.0,0,0,0,0,0,0,,,,0.0,0.0,0.0,0.0,16.148867313915858,120,,,,,,,,20.375061533699526,4,1.0358294966573456,1.1597075344456629,ZINCf5000000at3L_m01_t05,SER17;GLU21;SER14;SER18,1,-8.375331987827844
46,native_first,ZINCf5000003oDS5,CCS(=O)(=O)N=[S@](C)(=O)CCC(=O)OC,105,105,105,1,1,1,,,,16.63430420711974,,257.3329999999999,-0.0030000000000001,0,5,5,1,0.0,,,0.0,0,0,0,0,0,0,,,,0.0,0.0,0.0,0.0,16.63430420711974,105,,,,,,,,20.375061533699526,4,1.0436910349289479,1.053678106492585,ZINCf5000003oDS5_m01_t01,SER17;GLU21;SER14;SER18,2,-96.45214158417987
47,native_first,ZINCf50000009pVD,COC(=O)COC(=O)Cn1cc(I)nn1,14,14,14,1,1,1,,,,19.57928802588997,,325.062,-0.4011000000000004,0,7,4,1,0.0,,,0.0,0,0,0,0,0,0,,,,0.0,0.0,0.0,0.0,19.57928802588997,14,,,,,,,,20.375061533699526,4,1.0464257268226247,1.0011985035919615,ZINCf50000009pVD_m01_t04,SER17;GLU21;SER14;SER18,2,-26.36200950841006
48,native_first,ZINCf50000009FSL,CS(=O)(=O)Cc1cn([C@@H]2CCOC2)nn1,149,149,149,1,1,1,,,,15.210355987055017,,231.277,-0.2158999999999999,0,6,3,1,0.0,,,0.0,0,0,0,0,0,0,,,,0.0,0.0,0.0,0.0,15.210355987055017,149,,,,,,,,20.375061533699526,4,1.058937229676206,1.212819344640408,ZINCf50000009FSL_m01_t01,SER17;GLU21;SER14;SER18,3,19.28165311573523
49,native_first,ZINCf50000009q0n,COC(=O)CSCC(=O)NS(=O)(=O)CI,22,22,22,1,1,1,,,,19.320388349514563,,367.186,-0.2689000000000001,1,6,6,1,0.0,,,0.0,0,0,0,0,0,0,,,,0.0,0.0,0.0,0.0,19.320388349514563,22,,,,,,,,20.375061533699526,4,1.0674707724427477,1.2411541729603892,ZINCf50000009q0n_m01_t06,SER17;GLU21;SER14;SER18,1,-14.463701982172154
50,native_first,ZINCf5000003oDS6,CCS(=O)(=O)N=[S@@](C)(=O)CCC(=O)OC,115,115,115,1,1,1,,,,16.310679611650485,,257.3329999999999,-0.0030000000000001,0,5,5,1,0.0,,,0.0,0,0,0,0,0,0,,,,0.0,0.0,0.0,0.0,16.310679611650485,115,,,,,,,,20.375061533699526,4,1.0870944197631665,1.3204586208981235,ZINCf5000003oDS6_m01_t02,SER17;GLU21;SER14;SER18,3,-118.45998061426042
51,native_first,ZINCf5000002sfcv,COC(=O)COC(=O)[C@@H](C)CC(=O)OC,188,188,188,0,1,1,,,,13.94822006472492,,218.205,-0.0982000000000005,0,6,5,1,0.0,,,0.0,0,0,0,0,0,0,,,,0.0,0.0,0.0,0.0,13.94822006472492,188,,,,,,,,20.375061533699526,4,1.1067370384785338,1.320469416063813,ZINCf5000002sfcv_m01_t01,SER17;GLU21;SER14;SER18,2,-13.228551367132086
52,native_first,ZINCf50000036fBS,O=S1(=O)CCN(Cc2nn[nH]c2Br)CC1,171,171,171,1,1,1,,,,14.498381877022654,,295.16200000000015,-0.2024000000000003,1,5,2,1,0.0,,,0.0,0,0,0,0,0,0,,,,0.0,0.0,0.0,0.0,14.498381877022654,171,,,,,,,,20.375061533699526,4,1.1503155336599071,1.7058658138373113,ZINCf50000036fBS_m02_t01,SER17;GLU21;SER14;SER18,0,-57.91136254861455
53,native_first,ZINCf50000035cF8,C[C@H](CN(C)Cc1cnon1)S(C)(=O)=O,78,78,78,1,1,1,,,,17.508090614886733,,233.293,-0.0654999999999998,0,6,5,1,0.0,,,0.0,0,0,0,0,0,0,,,,0.0,0.0,0.0,0.0,17.508090614886733,78,,,,,,,,20.375061533699526,4,1.1665714881608968,1.4055864298926517,ZINCf50000035cF8_m01_t01,SER17;GLU21;SER14;SER18,1,20.663721630181143
54,native_first,ZINCf50000008Jbx,CC(=O)C(=O)Cn1cc(I)c(O)nc1=O,90,90,90,1,1,1,,,,17.119741100323626,,322.05800000000005,-0.2884,1,6,3,1,0.0,,,0.0,0,0,0,0,0,0,,,,0.0,0.0,0.0,0.0,17.119741100323626,90,,,,,,,,20.375061533699526,4,1.1795314937911874,1.2205058996215585,ZINCf50000008Jbx_m01_t05,SER17;GLU21;SER14;SER18,1,-26.206375419320082
55,native_first,ZINCf5000000ahoM,NC(=O)c1cn(Cc2nnsc2Cl)nn1,66,66,66,1,1,1,,,,17.89644012944984,,244.667,-0.0698000000000002,1,7,3,1,0.0,,,0.0,0,0,0,0,0,0,,,,0.0,0.0,0.0,0.0,17.89644012944984,66,,,,,,,,20.375061533699526,4,1.1820638136180415,1.5092907145836316,ZINCf5000000ahoM_m01_t01,SER17;GLU21;SER14;SER18,0,-9.586472101068502
56,native_first,ZINCf5000001DiJe,CSC(=O)COC(=O)C1COC(=O)N1C,119,119,119,1,1,1,,,,16.181229773462782,,233.245,-0.1302000000000001,0,6,3,1,0.0,,,0.0,0,0,0,0,0,0,,,,0.0,0.0,0.0,0.0,16.181229773462782,119,,,,,,,,20.375061533699526,4,1.1837354832002327,1.7105464836225988,ZINCf5000001DiJe_m01_t02,SER17;GLU21;SER14;SER18,1,-11.533662112069585
57,native_first,ZINCf5000002ecOQ,CS(=O)(=O)[C@@H]1COC[C@H]1NC(=O)C=CI,53,53,53,1,1,1,,,,18.31715210355987,,345.158,-0.1367000000000004,1,4,3,1,0.0,,,0.0,0,0,0,0,0,0,,,,0.0,0.0,0.0,0.0,18.31715210355987,53,,,,,,,,20.375061533699526,4,1.1938541873914885,1.7817287933656354,ZINCf5000002ecOQ_m01_t01,SER17;GLU21;SER14;SER18,0,-22.97540195273461
58,native_first,ZINCf5000003pweX,CO[C@H](CO)COC(=O)CSS(C)(=O)=O,72,72,72,1,1,1,,,,17.702265372168284,,258.317,-0.7703,1,7,7,1,0.0,,,0.0,0,0,0,0,0,0,,,,0.0,0.0,0.0,0.0,17.702265372168284,72,,,,,,,,20.375061533699526,4,1.207280213170934,1.4484280168957786,ZINCf5000003pweX_m01_t02,SER17;GLU21;SER14;SER18,0,32.2374656064632
59,native_first,ZINCf5000000a181,C[C@H](c1csnn1)n1cc(C(N)=O)nn1,216,216,216,0,1,1,,,,13.042071197411005,,224.249,-0.1622000000000002,1,7,3,1,0.0,,,0.0,0,0,0,0,0,0,,,,0.0,0.0,0.0,0.0,13.042071197411005,216,,,,,,,,20.375061533699526,4,1.2136131258755671,1.5177587967110544,ZINCf5000000a181_m01_t02,SER17;GLU21;SER14;SER18,3,0.511738491675882
60,native_first,ZINCf50000009qFH,COC(=O)OCn1nc(OC)ccc1=O,84,84,84,1,1,1,,,,17.313915857605178,,214.177,-0.0075999999999998,0,7,3,1,0.0,,,0.0,0,0,0,0,0,0,,,,0.0,0.0,0.0,0.0,17.313915857605178,84,,,,,,,,20.375061533699526,4,1.219564194454991,1.1103519073558423,ZINCf50000009qFH_m01_t01,SER17;GLU21;SER14;SER18,0,-30.469412461078928
61,native_first,ZINCf50000036g0B,O=S(=O)(Oc1cncnc1)[C@H]1CCOC1,179,179,179,1,1,1,,,,14.239482200647249,,230.245,-0.0258999999999998,0,6,3,1,0.0,,,0.0,0,0,0,0,0,0,,,,0.0,0.0,0.0,0.0,14.239482200647249,179,,,,,,,,20.375061533699526,4,1.221081629357597,1.4055181547028923,ZINCf50000036g0B_m01_t01,SER17;GLU21;SER14;SER18,1,-11.036305511055307
62,native_first,ZINCf50000008UKt,CCCS(=O)(=O)NC(=O)CCC[N+](=O)[O-],192,192,192,0,1,1,,,,13.818770226537218,,238.26499999999996,-0.1007,1,5,7,1,0.0,,,0.0,0,0,0,0,0,0,,,,0.0,0.0,0.0,0.0,13.818770226537218,192,,,,,,,,20.375061533699526,4,1.2279791117532184,1.4166041354976755,ZINCf50000008UKt_m01_t05,SER17;GLU21;SER14;SER18,0,-134.83261737296894
63,native_first,ZINCf5000002rVlZ,CN(C)CCOC(=O)Cn1cc(I)nn1,18,18,18,1,1,1,,,,19.449838187702266,,324.122,-0.0125000000000004,0,6,5,1,0.0,,,0.0,0,0,0,0,0,0,,,,0.0,0.0,0.0,0.0,19.449838187702266,18,,,,,,,,20.375061533699526,4,1.2310826758350601,1.39069804909053,ZINCf5000002rVlZ_m02_t02,SER17;GLU21;SER14;SER18,0,10.01529583314462
64,native_first,ZINCf500000366TN,O=C(Cc1cnns1)OC1CS(=O)(=O)C1,44,44,44,1,1,1,,,,18.6084142394822,,248.285,-0.5791999999999997,0,7,3,1,0.0,,,0.0,0,0,0,0,0,0,,,,0.0,0.0,0.0,0.0,18.6084142394822,44,,,,,,,,20.375061533699526,4,1.2455438340130813,1.1495494252359417,ZINCf500000366TN_m01_t03,SER17;GLU21;SER14;SER18,1,-14.350962653370777
65,native_first,ZINCf5000000apGz,O=C(Cn1cc(I)nn1)Nn1cnnc1,86,86,86,1,1,1,,,,17.249190938511326,,319.06600000000003,-0.7555000000000005,1,7,3,1,0.0,,,0.0,0,0,0,0,0,0,,,,0.0,0.0,0.0,0.0,17.249190938511326,86,,,,,,,,20.375061533699526,4,1.2464764256338852,1.620771529069608,ZINCf5000000apGz_m01_t02,SER17;GLU21;SER14;SER18,1,-33.6876322461843
66,native_first,ZINCf5000002seWN,COC(=O)CN1CC[C@@H](C)S(=O)(=O)CC1,297,297,297,0,0,1,,,,10.420711974110032,,235.305,-0.3315999999999994,0,5,2,1,0.0,,,0.0,0,0,0,0,0,0,,,,0.0,0.0,0.0,0.0,10.420711974110032,297,,,,,,,,20.375061533699526,4,1.265203021724486,1.6164003801063842,ZINCf5000002seWN_m01_t01,SER17;GLU21;SER14;SER18,1,50.4319703491157
67,native_first,ZINCf5000002rPQy,CCS(=O)(=O)CC(=O)O[C@H](C)C(=O)OC,175,175,175,1,1,1,,,,14.368932038834952,,238.261,-0.4741999999999999,0,6,5,1,0.0,,,0.0,0,0,0,0,0,0,,,,0.0,0.0,0.0,0.0,14.368932038834952,175,,,,,,,,20.375061533699526,4,1.2857324431123,1.8228770502951797,ZINCf5000002rPQy_m01_t03,SER17;GLU21;SER14;SER18,2,-36.75905205892417
68,native_first,ZINCf5000002aTlg,CS(=O)(=O)N1CCC[C@H]1c1nnc(O)o1,220,220,220,0,1,1,,,,12.912621359223301,,233.249,-0.1283,1,6,2,1,0.0,,,0.0,0,0,0,0,0,0,,,,0.0,0.0,0.0,0.0,12.912621359223301,220,,,,,,,,20.375061533699526,4,1.3001088219949297,1.7990726461887936,ZINCf5000002aTlg_m01_t02,SER17;GLU21;SER14;SER18,1,-71.6980593170403
69,native_first,ZINCf50000034qns,Cc1nnsc1C(=O)OC1CS(=O)(=O)C1,204,204,204,0,1,1,,,,13.430420711974111,,248.285,-0.1996799999999998,0,7,2,1,0.0,,,0.0,0,0,0,0,0,0,,,,0.0,0.0,0.0,0.0,13.430420711974111,204,,,,,,,,20.375061533699526,4,1.3003698198297384,1.4576220851737365,ZINCf50000034qns_m01_t01,SER17;GLU21;SER14;SER18,1,-25.47922209992789
70,native_first,ZINCf5000000Zs7s,CN(C)CCc1nc(CS(C)(=O)=O)no1,218,218,218,0,1,1,,,,12.977346278317153,,233.293,-0.2817000000000003,0,6,5,1,0.0,,,0.0,0,0,0,0,0,0,,,,0.0,0.0,0.0,0.0,12.977346278317153,218,,,,,,,,20.375061533699526,4,1.3028445721531496,1.3899019160070878,ZINCf5000000Zs7s_m02_t03,SER17;GLU21;SER14;SER18,3,18.30253762845529
71,native_first,ZINCf5000001tGVo,COCC(C#N)OC(=O)CC1OCCO1,258,258,258,0,0,1,,,,11.68284789644013,,215.205,-0.1688200000000002,0,6,5,1,0.0,,,0.0,0,0,0,0,0,0,,,,0.0,0.0,0.0,0.0,11.68284789644013,258,,,,,,,,20.375061533699526,4,1.3036950019830404,1.5415106940487302,ZINCf5000001tGVo_m01_t02,SER17;GLU21;SER14;SER18,0,9.862536543521845
72,native_first,ZINCf5000003qilw,O=C1OCC[C@@H]1S(=O)(=O)Cc1ncsn1,24,24,24,1,1,1,,,,19.25566343042071,,248.285,-0.2315999999999998,0,7,3,1,0.0,,,0.0,0,0,0,0,0,0,,,,0.0,0.0,0.0,0.0,19.25566343042071,24,,,,,,,,20.375061533699526,4,1.3056090580718822,1.8075067683024744,ZINCf5000003qilw_m01_t01,SER17;GLU21;SER14;SER18,3,-46.199275265198025
73,native_first,ZINCf5000000acm4,Cn1ncnc1S(=O)(=O)C[C@H]1CCOC1,299,299,299,0,0,1,,,,10.355987055016183,,231.27699999999996,-0.3747,0,6,3,1,0.0,,,0.0,0,0,0,0,0,0,,,,0.0,0.0,0.0,0.0,10.355987055016183,299,,,,,,,,20.375061533699526,4,1.3090842749967044,1.6379336008952403,ZINCf5000000acm4_m01_t01,SER17;GLU21;SER14;SER18,0,30.868101180836796
74,native_first,ZINCf50000034qZB,Cc1nonc1C(=O)OCc1cnn[nH]1,146,146,146,1,1,1,,,,15.307443365695793,,209.165,-0.14688,1,7,3,1,0.0,,,0.0,0,0,0,0,0,0,,,,0.0,0.0,0.0,0.0,15.307443365695793,146,,,,,,,,20.375061533699526,4,1.309622678724951,1.7098446166330419,ZINCf50000034qZB_m01_t01,SER17;GLU21;SER14;SER18,1,8.968352814153434
75,native_first,ZINCf50000035sCb,Cn1cc(CNC2CS(=O)(=O)C2)c(I)n1,23,23,23,1,1,1,,,,19.28802588996764,,341.174,-0.0887,1,5,3,1,0.0,,,0.0,0,0,0,0,0,0,,,,0.0,0.0,0.0,0.0,19.28802588996764,23,,,,,,,,20.375061533699526,4,1.3104716224776185,1.4218443371589382,ZINCf50000035sCb_m01_t01,SER17;GLU21;SER14;SER18,1,23.35991615260432
76,native_first,ZINCf50000031ALq,COC(=O)[C@@H]1C[N@@]1S(=O)(=O)c1ccns1,89,89,89,1,1,1,,,,17.15210355987055,,248.28500000000005,-0.3109999999999999,0,6,3,1,0.0,,,0.0,0,0,0,0,0,0,,,,0.0,0.0,0.0,0.0,17.15210355987055,89,,,,,,,,20.375061533699526,4,1.3111749685489813,1.660995966444399,ZINCf50000031ALq_m01_t03,SER17;GLU21;SER14;SER18,1,11.495272183792784
77,native_first,ZINCf5000002KpOJ,CC(=O)C(=O)CN(C)Cc1noc(C)n1,278,278,278,0,0,1,,,,11.035598705501618,,211.221,-0.0320800000000003,0,6,5,1,0.0,,,0.0,0,0,0,0,0,0,,,,0.0,0.0,0.0,0.0,11.035598705501618,278,,,,,,,,20.375061533699526,4,1.3114060277929462,1.4775270787429562,ZINCf5000002KpOJ_m02_t07,SER17;GLU21;SER14;SER18,3,50.54146897200627
78,native_first,ZINCf50000034ptA,Cc1nnc(C(=O)OC2CS(=O)(=O)C2)s1,194,194,194,0,1,1,,,,13.754045307443366,,248.285,-0.1996799999999998,0,7,2,1,0.0,,,0.0,0,0,0,0,0,0,,,,0.0,0.0,0.0,0.0,13.754045307443366,194,,,,,,,,20.375061533699526,4,1.3146195257929638,1.477473372233331,ZINCf50000034ptA_m01_t01,SER17;GLU21;SER14;SER18,0,18.892596242467963
79,native_first,ZINCf50000017qq3,CC(=O)C(=O)COC(=O)[C@H](C)S(C)(=O)=O,195,195,195,0,1,1,,,,13.72168284789644,,236.245,-0.8791999999999995,0,6,5,1,0.0,,,0.0,0,0,0,0,0,0,,,,0.0,0.0,0.0,0.0,13.72168284789644,195,,,,,,,,20.375061533699526,4,1.3157843004690464,1.572485621564379,ZINCf50000017qq3_m01_t02,SER17;GLU21;SER14;SER18,0,26.859268978152713
80,native_first,ZINCf5000001RpY9,CC(=O)C(=O)COC(=O)C(C)S(C)(=O)=O,205,205,205,0,1,1,,,,13.398058252427184,,236.245,-0.8791999999999995,0,6,5,1,0.0,,,0.0,0,0,0,0,0,0,,,,0.0,0.0,0.0,0.0,13.398058252427184,205,,,,,,,,20.375061533699526,4,1.3157843004690464,1.572485621564379,ZINCf5000001RpY9_m01_t02,SER17;GLU21;SER14;SER18,0,26.859268978152713
81,native_first,ZINCf50000035vTs,Cn1nc(I)cc1CNC1CS(=O)(=O)C1,13,13,13,1,1,1,,,,19.611650485436893,,341.1740000000001,-0.0887,1,5,3,1,0.0,,,0.0,0,0,0,0,0,0,,,,0.0,0.0,0.0,0.0,19.611650485436893,13,,,,,,,,20.375061533699526,4,1.3188971857429623,1.4567859122011928,ZINCf50000035vTs_m01_t01,SER17;GLU21;SER14;SER18,0,11.354268474956342
82,native_first,ZINCf5000000ZtYW,C[C@@H](N)c1noc([C@H]2CCS(=O)(=O)C2)n1,290,290,290,0,0,1,,,,10.647249190938512,,231.277,-0.0085999999999999,1,6,2,1,0.0,,,0.0,0,0,0,0,0,0,,,,0.0,0.0,0.0,0.0,10.647249190938512,290,,,,,,,,20.375061533699526,4,1.323431393690596,1.3960783675749715,ZINCf5000000ZtYW_m01_t01,SER17;GLU21;SER14;SER18,1,12.811199570167293
83,native_first,ZINCf50000035XNj,NCC1CS(=O)(=NC(=O)c2nncs2)C1,270,270,270,0,0,1,,,,11.294498381877023,,246.317,-0.2652000000000001,1,6,2,1,0.0,,,0.0,0,0,0,0,0,0,,,,0.0,0.0,0.0,0.0,11.294498381877023,270,,,,,,,,20.375061533699526,4,1.3255762891235146,1.5434616257244407,ZINCf50000035XNj_m02_t01,SER17;GLU21;SER14;SER18,0,-5.644362144829502
84,native_first,ZINCf5000000aahM,Cn1cc(CC(=O)NS(=O)(=O)CI)cn1,303,303,303,0,0,1,,,,10.22653721682848,,343.146,-0.1989,1,5,4,1,0.0,,,0.0,0,0,0,0,0,0,,,,0.0,0.0,0.0,0.0,10.22653721682848,303,,,,,,,,20.375061533699526,4,1.3451114621230522,1.6059040206960458,ZINCf5000000aahM_m01_t01,SER17;GLU21;SER14;SER18,2,-41.79314591017062
85,native_first,ZINCf5000003pBUd,COC(=O)[C@H](C)C(=O)OCCOC(C)=O,198,198,198,0,1,1,,,,13.624595469255663,,218.205,-0.0982000000000002,0,6,5,1,0.0,,,0.0,0,0,0,0,0,0,,,,0.0,0.0,0.0,0.0,13.624595469255663,198,,,,,,,,20.375061533699526,4,1.3524835350948743,1.413914023255991,ZINCf5000003pBUd_m01_t05,SER17;GLU21;SER14;SER18,3,-32.33421595328625
86,native_first,ZINCf5000001qm5O,COC(=O)C1(OC)CN(S(=O)(=O)CI)C1,159,159,159,1,1,1,,,,14.886731391585762,,349.146,-0.4175,0,5,4,1,0.0,,,0.0,0,0,0,0,0,0,,,,0.0,0.0,0.0,0.0,14.886731391585762,159,,,,,,,,20.375061533699526,4,1.3755813960514152,1.9474471393809836,ZINCf5000001qm5O_m01_t01,SER17;GLU21;SER14;SER18,0,7.852618977656983
87,native_first,ZINCf5000002aVew,O=C(Cn1cnc(Br)n1)N[C@@H]1CCOC1,213,213,213,0,1,1,,,,13.13915857605178,,275.10600000000005,-0.0543,1,5,3,1,0.0,,,0.0,0,0,0,0,0,0,,,,0.0,0.0,0.0,0.0,13.13915857605178,213,,,,,,,,20.375061533699526,4,1.3759217554880878,1.2948087600027816,ZINCf5000002aVew_m01_t02,SER17;GLU21;SER14;SER18,2,-20.196185119628588
88,native_first,ZINCf5000001818l,Cn1nncc1S(=O)(=O)C[C@@H]1CCCO1,169,169,169,1,1,1,,,,14.563106796116505,,231.27699999999996,-0.2321999999999999,0,6,3,1,0.0,,,0.0,0,0,0,0,0,0,,,,0.0,0.0,0.0,0.0,14.563106796116505,169,,,,,,,,20.375061533699526,4,1.380614692586269,2.0609993461811467,ZINCf5000001818l_m01_t01,SER17;GLU21;SER14;SER18,0,-31.421794767386082
89,native_first,ZINCf50000017I5A,COC(=O)COC(=O)CS(=O)(=O)C(C)C,155,155,155,1,1,1,,,,15.016181229773462,,238.261,-0.4741999999999999,0,6,5,1,0.0,,,0.0,0,0,0,0,0,0,,,,0.0,0.0,0.0,0.0,15.016181229773462,155,,,,,,,,20.375061533699526,4,1.380940776762657,1.6435324695630065,ZINCf50000017I5A_m01_t02,SER17;GLU21;SER14;SER18,2,-7.216486167900369
90,native_first,ZINCf50000034qOa,Cc1noc(CSc2c(N)c(=O)c2=O)n1,226,226,226,0,1,1,,,,12.718446601941748,,225.229,-0.1514799999999997,1,7,3,1,0.0,,,0.0,0,0,0,0,0,0,,,,0.0,0.0,0.0,0.0,12.718446601941748,226,,,,,,,,20.375061533699526,4,1.384786458982735,1.6344332744357342,ZINCf50000034qOa_m01_t03,SER17;GLU21;SER14;SER18,1,109.5003933990281
91,native_first,ZINCf5000002oHuY,NOCC(=O)N1CCCc2ncc(Br)n21,91,91,91,1,1,1,,,,17.0873786407767,,275.106,-0.0533000000000003,1,5,2,1,0.0,,,0.0,0,0,0,0,0,0,,,,0.0,0.0,0.0,0.0,17.0873786407767,91,,,,,,,,20.375061533699526,4,1.3892810099702957,1.6655900424550143,ZINCf5000002oHuY_m01_t02,SER17;GLU21;SER14;SER18,1,39.86480046178828
92,native_first,ZINCf5000002dY7J,Cn1nc(Br)c(S(=O)(=O)N2CC(F)C2)n1,37,37,37,1,1,1,,,,18.83495145631068,,299.12500000000006,-0.08,0,5,2,1,0.0,,,0.0,0,0,0,0,0,0,,,,0.0,0.0,0.0,0.0,18.83495145631068,37,,,,,,,,20.375061533699526,4,1.3983457031746251,1.683046991857372,ZINCf5000002dY7J_m01_t01,SER17;GLU21;SER14;SER18,0,33.08152924325147
93,native_first,ZINCf5000003qioq,O=C1OC[C@H](COC(=O)C2=NOCC2)O1,64,64,64,1,1,1,,,,17.96116504854369,,215.16099999999997,-0.1587000000000002,0,7,3,1,0.0,,,0.0,0,0,0,0,0,0,,,,0.0,0.0,0.0,0.0,17.96116504854369,64,,,,,,,,20.375061533699526,4,1.3996086655969238,1.2722077039644777,ZINCf5000003qioq_m01_t01,SER17;GLU21;SER14;SER18,1,24.810050579577997
94,native_first,ZINCf5000000Zt3B,COCC(=O)COC(=O)c1cnccn1,298,298,298,0,0,1,,,,10.388349514563108,,210.189,-0.1511000000000002,0,6,5,1,0.0,,,0.0,0,0,0,0,0,0,,,,0.0,0.0,0.0,0.0,10.388349514563108,298,,,,,,,,20.375061533699526,4,1.401572884571855,1.6858375509475252,ZINCf5000000Zt3B_m01_t01,SER17;GLU21;SER14;SER18,1,112.81007045373664
95,native_first,ZINCf5000000ay0U,O=c1nc(O)c(I)cn1Cc1cnon1,40,40,40,1,1,1,,,,18.737864077669904,,320.04600000000005,-0.0152000000000001,1,7,2,1,0.0,,,0.0,0,0,0,0,0,0,,,,0.0,0.0,0.0,0.0,18.737864077669904,40,,,,,,,,20.375061533699526,4,1.401999849813382,1.8751341477321095,ZINCf5000000ay0U_m01_t03,SER17;GLU21;SER14;SER18,1,-49.35305495518061
96,native_first,ZINCf5000002aUmK,NS(=O)(=O)Cc1noc(-c2nccs2)n1,46,46,46,1,1,1,,,,18.54368932038835,,246.273,-0.0183999999999999,1,7,3,1,0.0,,,0.0,0,0,0,0,0,0,,,,0.0,0.0,0.0,0.0,18.54368932038835,46,,,,,,,,20.375061533699526,4,1.4022539360047965,1.7243732800707796,ZINCf5000002aUmK_m01_t01,SER17;GLU21;SER14;SER18,1,-30.303717703359478
97,native_first,ZINCf50000009tbl,COCC(=O)COc1cnc(C#N)nc1,275,275,275,0,0,1,,,,11.132686084142396,,207.189,-0.0574200000000002,0,6,5,1,0.0,,,0.0,0,0,0,0,0,0,,,,0.0,0.0,0.0,0.0,11.132686084142396,275,,,,,,,,20.375061533699526,4,1.4037011618631998,1.9433529007250907,ZINCf50000009tbl_m01_t03,SER17;GLU21;SER14;SER18,0,91.23941943055236
98,native_first,ZINCf5000000alOw,NS(=O)(=O)c1cn(Cc2cnsc2)nn1,126,126,126,1,1,1,,,,15.954692556634305,,245.289,-0.5696999999999999,1,7,3,1,0.0,,,0.0,0,0,0,0,0,0,,,,0.0,0.0,0.0,0.0,15.954692556634305,126,,,,,,,,20.375061533699526,4,1.4051906084082026,1.1531212715767383,ZINCf5000000alOw_m01_t01,SER17;GLU21;SER14;SER18,3,-18.14898735238361
99,native_first,ZINCf5000000YaZN,CN(C)CC(=O)O[C@@H]1CS(=O)(=O)C[C@@H]1Br,167,167,167,1,1,1,,,,14.627831715210355,,300.174,-0.3482999999999996,0,5,3,1,0.0,,,0.0,0,0,0,0,0,0,,,,0.0,0.0,0.0,0.0,14.627831715210355,167,,,,,,,,20.375061533699526,4,1.4088415145461317,2.1176267125367962,ZINCf5000000YaZN_m02_t01,SER17;GLU21;SER14;SER18,3,11.931205928903307
100,native_first,ZINCf5000000Ybcw,COC(=O)CS(=O)(=O)NC(=NC#N)SC,156,156,156,1,1,1,,,,14.983818770226538,,251.289,-0.7211199999999995,1,7,3,1,0.0,,,0.0,0,0,0,0,0,0,,,,0.0,0.0,0.0,0.0,14.983818770226538,156,,,,,,,,20.375061533699526,4,1.4110426551023636,1.9008229105380121,ZINCf5000000Ybcw_m01_t01,SER17;GLU21;SER14;SER18,3,-188.49344711814268
101,native_first,ZINCf5000003pmFm,COC(C#N)=CCOC(=O)CS(C)(=O)=O,35,35,35,1,1,1,,,,18.899676375404532,,233.245,-0.37192,0,6,5,1,0.0,,,0.0,0,0,0,0,0,0,,,,0.0,0.0,0.0,0.0,18.899676375404532,35,,,,,,,,20.375061533699526,4,1.4143721285139546,1.9014960184225844,ZINCf5000003pmFm_m01_t01,SER17;GLU21;SER14;SER18,0,-24.00852984690289
102,native_first,ZINCf5000002rS98,Cn1nccc1S(=O)(=O)Nc1nnco1,186,186,186,1,1,1,,,,14.01294498381877,,229.221,-0.3961000000000003,1,7,3,1,0.0,,,0.0,0,0,0,0,0,0,,,,0.0,0.0,0.0,0.0,14.01294498381877,186,,,,,,,,20.375061533699526,4,1.4167339276297786,1.9051659427901633,ZINCf5000002rS98_m01_t01,SER17;GLU21;SER14;SER18,0,-66.17678651617845
103,native_first,ZINCf50000009sUT,COC1CN(C(=O)Cn2cc(I)nn2)C1,67,67,67,1,1,1,,,,17.864077669902912,,322.10600000000005,-0.2601000000000002,0,5,3,1,0.0,,,0.0,0,0,0,0,0,0,,,,0.0,0.0,0.0,0.0,17.864077669902912,67,,,,,,,,20.375061533699526,4,1.4237582852736705,1.5822140527274946,ZINCf50000009sUT_m01_t02,SER17;GLU21;SER14;SER18,0,-3.032594167020962
104,native_first,ZINCf5000002JlQz,Cn1cc(S(=O)(=O)Nc2nnco2)cn1,176,176,176,1,1,1,,,,14.336569579288026,,229.22100000000003,-0.3961000000000003,1,7,3,1,0.0,,,0.0,0,0,0,0,0,0,,,,0.0,0.0,0.0,0.0,14.336569579288026,176,,,,,,,,20.375061533699526,4,1.4352302746808878,2.2114959684160698,ZINCf5000002JlQz_m01_t01,SER17;GLU21;SER14;SER18,0,-26.415676277139156
105,native_first,ZINCf50000009be6,CN(C(=O)Cn1cnnn1)c1nccs1,294,294,294,0,0,1,,,,10.51779935275081,,224.249,-0.2074000000000007,0,7,3,1,0.0,,,0.0,0,0,0,0,0,0,,,,0.0,0.0,0.0,0.0,10.51779935275081,294,,,,,,,,20.375061533699526,4,1.441133593983406,1.4317695525393368,ZINCf50000009be6_m01_t02,SER17;GLU21;SER14;SER18,1,-31.343050130027898
106,native_first,ZINCf5000001LV9a,COC(=O)[C@H](C)OC(=O)C1COC(=O)O1,184,184,184,1,1,1,,,,14.077669902912621,,218.161,-0.3735000000000001,0,7,3,1,0.0,,,0.0,0,0,0,0,0,0,,,,0.0,0.0,0.0,0.0,14.077669902912621,184,,,,,,,,20.375061533699526,4,1.4431864642764296,1.2376574427295421,ZINCf5000001LV9a_m01_t02,SER17;GLU21;SER14;SER18,2,-5.078470947583122
107,native_first,ZINCf50000024Iwn,CN1CC(Cn2cc(I)c(O)nc2=O)C1,41,41,41,1,1,1,,,,18.705501618122977,,321.11800000000005,0.1150999999999999,1,5,2,1,0.0,,,0.0,0,0,0,0,0,0,,,,0.0,0.0,0.0,0.0,18.705501618122977,41,,,,,,,,20.375061533699526,4,1.4480941555837237,1.8634583593082212,ZINCf50000024Iwn_m02_t01,SER17;GLU21;SER14;SER18,0,-55.49717232576433
108,native_first,ZINCf5000000YbPh,O=C(O[C@@H]1CCS(=O)(=O)C1)c1csnn1,134,134,134,1,1,1,,,,15.6957928802589,,248.285,-0.1179999999999998,0,7,2,1,0.0,,,0.0,0,0,0,0,0,0,,,,0.0,0.0,0.0,0.0,15.6957928802589,134,,,,,,,,20.375061533699526,4,1.4562827759186168,1.7614822795305756,ZINCf5000000YbPh_m01_t01,SER17;GLU21;SER14;SER18,2,-0.15681581267590827
109,native_first,ZINCf50000036e86,O=C(OCc1nnco1)C1COCOC1,154,154,154,1,1,1,,,,15.04854368932039,,214.177,-0.2667000000000001,0,7,3,1,0.0,,,0.0,0,0,0,0,0,0,,,,0.0,0.0,0.0,0.0,15.04854368932039,154,,,,,,,,20.375061533699526,4,1.46086955833116,1.6398728394281468,ZINCf50000036e86_m01_t01,SER17;GLU21;SER14;SER18,1,-24.493087532548042
110,native_first,ZINCf50000031CB9,NC(=O)c1noc(Cn2cnc(Br)n2)n1,56,56,56,1,1,1,,,,18.220064724919094,,273.05,-0.4292000000000007,1,7,3,1,0.0,,,0.0,0,0,0,0,0,0,,,,0.0,0.0,0.0,0.0,18.220064724919094,56,,,,,,,,20.375061533699526,4,1.4680818034762058,1.1243186735916149,ZINCf50000031CB9_m01_t02,SER17;GLU21;SER14;SER18,0,39.62628172359835
111,native_first,ZINCf50000036763,O=C(Cc1nnco1)OCC(=O)C(F)F,225,225,225,0,1,1,,,,12.750809061488674,,220.131,-0.0104999999999998,0,6,5,1,0.0,,,0.0,0,0,0,0,0,0,,,,0.0,0.0,0.0,0.0,12.750809061488674,225,,,,,,,,20.375061533699526,4,1.4718806601664463,1.991021542128471,ZINCf50000036763_m01_t06,SER17;GLU21;SER14;SER18,1,23.458898318058687
112,native_first,ZINCf5000000abZq,Cn1ncc(S(=O)(=O)Nc2ccon2)n1,166,166,166,1,1,1,,,,14.660194174757283,,229.22100000000003,-0.3961000000000001,1,7,3,1,0.0,,,0.0,0,0,0,0,0,0,,,,0.0,0.0,0.0,0.0,14.660194174757283,166,,,,,,,,20.375061533699526,4,1.4740939840253933,1.9328119180933572,ZINCf5000000abZq_m01_t01,SER17;GLU21;SER14;SER18,1,36.05048415691656
113,native_first,ZINCf5000000apFY,O=C(Cn1cc(I)nn1)N1CC(CO)C1,103,103,103,1,1,1,,,,16.699029126213592,,322.1060000000001,-0.6665999999999999,1,5,3,1,0.0,,,0.0,0,0,0,0,0,0,,,,0.0,0.0,0.0,0.0,16.699029126213592,103,,,,,,,,20.375061533699526,4,1.4744610059365986,1.1736433309276508,ZINCf5000000apFY_m01_t02,SER17;GLU21;SER14;SER18,3,-26.13076951518484
114,native_first,ZINCf5000000a0Sx,C[C@H](OC(=O)c1nn(C)nc1Br)C(N)=O,286,286,286,0,0,1,,,,10.776699029126215,,277.07800000000003,-0.3918000000000001,1,6,3,1,0.0,,,0.0,0,0,0,0,0,0,,,,0.0,0.0,0.0,0.0,10.776699029126215,286,,,,,,,,20.375061533699526,4,1.480108996451488,1.9391854305540095,ZINCf5000000a0Sx_m01_t03,SER17;GLU21;SER14;SER18,2,26.88675122032602
115,native_first,ZINCf5000002Obml,COC(=O)[C@@H](Br)CS(=O)(=O)CS(C)(=O)=O,15,15,15,1,1,1,,,,19.54692556634304,,323.18600000000004,-0.6601999999999999,0,6,5,1,0.0,,,0.0,0,0,0,0,0,0,,,,0.0,0.0,0.0,0.0,19.54692556634304,15,,,,,,,,20.375061533699526,4,1.480711361158759,1.836292294012469,ZINCf5000002Obml_m01_t01,SER17;GLU21;SER14;SER18,1,-77.9206946983345
116,native_first,ZINCf50000009qFA,COC(=O)OCn1cc(I)c(O)nc1=O,16,16,16,1,1,1,,,,19.514563106796118,,326.04600000000005,0.294,1,7,2,1,0.0,,,0.0,0,0,0,0,0,0,,,,0.0,0.0,0.0,0.0,19.514563106796118,16,,,,,,,,20.375061533699526,4,1.496492284045396,1.7050776999893742,ZINCf50000009qFA_m01_t02,SER17;GLU21;SER14;SER18,0,-111.06278195076308
117,native_first,ZINCf5000000Zv3N,C[C@H]1CN(S(=O)(=O)c2cncn2C)CO1,267,267,267,0,0,1,,,,11.3915857605178,,231.277,-0.213,0,5,2,1,0.0,,,0.0,0,0,0,0,0,0,,,,0.0,0.0,0.0,0.0,11.3915857605178,267,,,,,,,,20.375061533699526,4,1.4991220755313481,1.92907834353975,ZINCf5000000Zv3N_m01_t01,SER17;GLU21;SER14;SER18,1,-97.65552225192863
118,native_first,ZINCf5000000aw12,O=C1C[C@H](OC(=O)[C@@]2(F)CCOC2)CO1,307,307,307,0,0,1,,,,10.097087378640778,,218.17999999999992,-0.0263000000000002,0,5,2,1,0.0,,,0.0,0,0,0,0,0,0,,,,0.0,0.0,0.0,0.0,10.097087378640778,307,,,,,,,,20.375061533699526,4,1.5109556080816018,1.1626950228327706,ZINCf5000000aw12_m01_t02,SER17;GLU21;SER14;SER18,3,18.93351032837212
119,native_first,ZINCf5000002segg,COC(=O)[C@H](CC(C)=O)NS(=O)(=O)CI,152,152,152,1,1,1,,,,15.11326860841424,,349.146,-0.1809999999999997,1,5,6,1,0.0,,,0.0,0,0,0,0,0,0,,,,0.0,0.0,0.0,0.0,15.11326860841424,152,,,,,,,,20.375061533699526,4,1.5162807187550034,2.1516179669050026,ZINCf5000002segg_m01_t05,SER17;GLU21;SER14;SER18,2,-12.71733993707274
120,native_first,ZINCf50000009hXl,CN1CN(Cc2c(Br)nnn2C)CC1=O,157,157,157,1,1,1,,,,14.951456310679612,,274.122,-0.1909000000000003,0,5,2,1,0.0,,,0.0,0,0,0,0,0,0,,,,0.0,0.0,0.0,0.0,14.951456310679612,157,,,,,,,,20.375061533699526,4,1.5164152497260213,2.0212935643747616,ZINCf50000009hXl_m01_t02,SER17;GLU21;SER14;SER18,3,-28.22044018174678
121,native_first,ZINCf5000000aa5p,Cn1cc(Br)c(CC(=O)NS(C)(=O)=O)n1,293,293,293,0,0,1,,,,10.550161812297736,,296.146,-0.1991,1,5,3,1,0.0,,,0.0,0,0,0,0,0,0,,,,0.0,0.0,0.0,0.0,10.550161812297736,293,,,,,,,,20.375061533699526,4,1.5190414446496243,2.197345539290438,ZINCf5000000aa5p_m01_t03,SER17;GLU21;SER14;SER18,1,-67.32426825115202
122,native_first,ZINCf5000003oDh3,CCS(=O)(CC)=NS(=O)(=O)NOCOC,272,272,272,0,0,1,,,,11.229773462783172,,260.337,-0.1358999999999999,1,5,7,1,0.0,,,0.0,0,0,0,0,0,0,,,,0.0,0.0,0.0,0.0,11.229773462783172,272,,,,,,,,20.375061533699526,4,1.5284862211937382,2.2357298896749778,ZINCf5000003oDh3_m01_t01,SER17;GLU21;SER14;SER18,2,-157.73220155242194
123,native_first,ZINCf50000009vem,COCCOC(=O)Cn1cc(C#N)cn1,288,288,288,0,0,1,,,,10.711974110032363,,209.205,-0.0556200000000004,0,6,5,1,0.0,,,0.0,0,0,0,0,0,0,,,,0.0,0.0,0.0,0.0,10.711974110032363,288,,,,,,,,20.375061533699526,4,1.5369113534399699,2.2983613327120507,ZINCf50000009vem_m01_t01,SER17;GLU21;SER14;SER18,0,30.74311254613192
124,native_first,ZINCf5000000Zwh0,Cn1c(Br)nnc1CNC(=O)[C@H]1CCO1,203,203,203,0,1,1,,,,13.462783171521036,,275.10600000000005,-0.0173,1,5,3,1,0.0,,,0.0,0,0,0,0,0,0,,,,0.0,0.0,0.0,0.0,13.462783171521036,203,,,,,,,,20.375061533699526,4,1.5371086418532423,2.1945264752409064,ZINCf5000000Zwh0_m01_t03,SER17;GLU21;SER14;SER18,1,-38.24370504224514
125,native_first,ZINCf5000002aOc2,C[C@@H](O)C(=O)N1CC(n2ncc(Br)n2)C1,141,141,141,1,1,1,,,,15.46925566343042,,275.10600000000005,-0.1953000000000004,1,5,2,1,0.0,,,0.0,0,0,0,0,0,0,,,,0.0,0.0,0.0,0.0,15.46925566343042,141,,,,,,,,20.375061533699526,4,1.5401949543719522,1.6258887485570197,ZINCf5000002aOc2_m01_t01,SER17;GLU21;SER14;SER18,3,-4.385750705432322
126,native_first,ZINCf5000002aOc3,C[C@H](O)C(=O)N1CC(n2ncc(Br)n2)C1,151,151,151,1,1,1,,,,15.145631067961165,,275.10600000000005,-0.1953000000000004,1,5,2,1,0.0,,,0.0,0,0,0,0,0,0,,,,0.0,0.0,0.0,0.0,15.145631067961165,151,,,,,,,,20.375061533699526,4,1.5401949543719522,1.6258887485570197,ZINCf5000002aOc3_m01_t01,SER17;GLU21;SER14;SER18,3,-4.385750705432322
127,native_first,ZINCf5000000acDF,Cn1nnc(S(=O)(=O)CC2CC(F)C2)n1,309,309,309,0,0,1,,,,10.032362459546926,,234.25599999999997,-0.2681000000000002,0,6,3,1,0.0,,,0.0,0,0,0,0,0,0,,,,0.0,0.0,0.0,0.0,10.032362459546926,309,,,,,,,,20.375061533699526,4,1.5402298359270814,1.8803084783745199,ZINCf5000000acDF_m01_t01,SER17;GLU21;SER14;SER18,0,106.47059499848747
128,native_first,ZINCf5000003qwEW,O=C(NC1CS(=O)(=O)C1)c1nc(Br)co1,100,100,100,1,1,1,,,,16.796116504854368,,295.11400000000003,-0.0360999999999998,1,5,2,1,0.0,,,0.0,0,0,0,0,0,0,,,,0.0,0.0,0.0,0.0,16.796116504854368,100,,,,,,,,20.375061533699526,4,1.5406958509640416,1.7767435530446603,ZINCf5000003qwEW_m01_t01,SER17;GLU21;SER14;SER18,1,36.51763347369569
129,native_first,ZINCf500000264ro,O=S(=O)(CI)N1CCO[C@@H](C2(O)CC2)C1,133,133,133,1,1,1,,,,15.728155339805825,,347.1740000000001,-0.0656000000000001,1,4,3,1,0.0,,,0.0,0,0,0,0,0,0,,,,0.0,0.0,0.0,0.0,15.728155339805825,133,,,,,,,,20.375061533699526,4,1.543645760926542,1.6102013634910086,ZINCf500000264ro_m01_t01,SER17;GLU21;SER14;SER18,2,52.24523415903955
130,native_first,ZINCf5000002a7LK,O=C(Cn1ncc(Br)n1)N1CCOCC1,57,57,57,1,1,1,,,,18.187702265372167,,275.10600000000005,-0.1006,0,5,2,1,0.0,,,0.0,0,0,0,0,0,0,,,,0.0,0.0,0.0,0.0,18.187702265372167,57,,,,,,,,20.375061533699526,4,1.5439146931832326,1.8448967726220395,ZINCf5000002a7LK_m01_t02,SER17;GLU21;SER14;SER18,3,36.992022512501656
131,native_first,ZINCf50000009W2D,C[C@H](CO)N(C)C(=O)Cn1cc(I)nn1,263,263,263,0,0,1,,,,11.521035598705502,,324.122,-0.2781000000000002,1,5,4,1,0.0,,,0.0,0,0,0,0,0,0,,,,0.0,0.0,0.0,0.0,11.521035598705502,263,,,,,,,,20.375061533699526,4,1.550259432432382,1.7001525082632962,ZINCf50000009W2D_m01_t01,SER17;GLU21;SER14;SER18,0,22.262063467549005
132,native_first,ZINCf5000002KvYL,O=C(Cn1ncnn1)Nc1nnc(Br)s1,96,96,96,1,1,1,,,,16.92556634304207,,290.106,-0.0742000000000003,1,8,3,1,0.0,,,0.0,0,0,0,0,0,0,,,,0.0,0.0,0.0,0.0,16.92556634304207,96,,,,,,,,20.375061533699526,4,1.5522944569561754,1.9248807486171688,ZINCf5000002KvYL_m01_t04,SER17;GLU21;SER14;SER18,1,-28.463167575266123
133,native_first,ZINCf50000008Lan,CC(=O)c1ncn(CCCS(C)(=O)=O)n1,148,148,148,1,1,1,,,,15.242718446601941,,231.277,-0.0845999999999997,0,6,5,1,0.0,,,0.0,0,0,0,0,0,0,,,,0.0,0.0,0.0,0.0,15.242718446601941,148,,,,,,,,20.375061533699526,4,1.5565771343163262,1.7003329938628735,ZINCf50000008Lan_m01_t02,SER17;GLU21;SER14;SER18,1,52.61109307245933
134,native_first,ZINCf5000000Zt3G,COCC(=O)COC(=O)c1ncccn1,308,308,308,0,0,1,,,,10.064724919093852,,210.189,-0.1511000000000002,0,6,5,1,0.0,,,0.0,0,0,0,0,0,0,,,,0.0,0.0,0.0,0.0,10.064724919093852,308,,,,,,,,20.375061533699526,4,1.558326560199291,1.7327462515666177,ZINCf5000000Zt3G_m01_t03,SER17;GLU21;SER14;SER18,2,102.83548959032792
135,native_first,ZINCf5000000at7h,O=C(Nn1cc(Br)cn1)[C@H]1CCS1(=O)=O,221,221,221,0,1,1,,,,12.880258899676376,,294.13,-0.0972000000000001,1,5,2,1,0.0,,,0.0,0,0,0,0,0,0,,,,0.0,0.0,0.0,0.0,12.880258899676376,221,,,,,,,,20.375061533699526,4,1.569764327701922,2.1133346259164427,ZINCf5000000at7h_m01_t02,SER17;GLU21;SER14;SER18,0,-76.25606765209741
136,native_first,ZINCf5000000akwX,NC[C@H]1CCN1C(=O)Cn1cc(I)nn1,183,183,183,1,1,1,,,,14.110032362459547,,321.122,-0.5577000000000005,1,5,3,1,0.0,,,0.0,0,0,0,0,0,0,,,,0.0,0.0,0.0,0.0,14.110032362459547,183,,,,,,,,20.375061533699526,4,1.5822909704788504,1.6023421071493527,ZINCf5000000akwX_m01_t02,SER17;GLU21;SER14;SER18,3,-4.493901517385458
137,native_first,ZINCf5000003634A,NOCC(=O)N1CCn2nnc(Br)c2C1,280,280,280,0,0,1,,,,10.970873786407768,,276.09400000000005,-0.7269000000000001,1,6,2,1,0.0,,,0.0,0,0,0,0,0,0,,,,0.0,0.0,0.0,0.0,10.970873786407768,280,,,,,,,,20.375061533699526,4,1.5846867970661753,1.7995556911598622,ZINCf5000003634A_m01_t02,SER17;GLU21;SER14;SER18,2,15.72534789710085
138,native_first,ZINCf5000001osMH,Nn1cnnc1/N=N/Cc1ccncc1,116,116,116,1,1,1,,,,16.27831715210356,,203.20900000000003,0.6707999999999997,1,7,3,1,0.0,,,0.0,0,0,0,0,0,0,,,,0.0,0.0,0.0,0.0,16.27831715210356,116,,,,,,,,20.375061533699526,4,1.5934391598654571,1.498512426957646,ZINCf5000001osMH_m01_t01,SER17;GLU21;SER14;SER18,0,56.446732722220005
139,native_first,ZINCf50000009Xjr,C[C@H](N)CN(C)C(=O)c1nn(C)nc1Br,253,253,253,0,0,1,,,,11.844660194174757,,276.138,-0.0032,1,5,3,1,0.0,,,0.0,0,0,0,0,0,0,,,,0.0,0.0,0.0,0.0,11.844660194174757,253,,,,,,,,20.375061533699526,4,1.595222827486948,1.889809865338833,ZINCf50000009Xjr_m01_t01,SER17;GLU21;SER14;SER18,2,45.7981484447499
140,native_first,ZINCf50000009bel,CN(C(=O)Cn1nccn1)c1nncs1,304,304,304,0,0,1,,,,10.194174757281555,,224.249,-0.2074000000000007,0,7,3,1,0.0,,,0.0,0,0,0,0,0,0,,,,0.0,0.0,0.0,0.0,10.194174757281555,304,,,,,,,,20.375061533699526,4,1.6054664478487248,1.8761689839367548,ZINCf50000009bel_m01_t02,SER17;GLU21;SER14;SER18,0,-17.062988201203755
141,native_first,ZINCf50000009pJ1,COC(=O)CN1CCS(=O)(=O)C(C)(C)C1,287,287,287,0,0,1,,,,10.74433656957929,,235.305,-0.3315999999999994,0,5,2,1,0.0,,,0.0,0,0,0,0,0,0,,,,0.0,0.0,0.0,0.0,10.74433656957929,287,,,,,,,,20.375061533699526,4,1.6103844801823133,1.6441051401749742,ZINCf50000009pJ1_m02_t02,SER17;GLU21;SER14;SER18,2,-13.783159497649478
142,native_first,ZINCf50000034od3,Cc1nc(S(=O)(=O)Cc2ncsn2)n[nH]1,36,36,36,1,1,1,,,,18.867313915857604,,245.289,-0.0614799999999999,1,7,3,1,0.0,,,0.0,0,0,0,0,0,0,,,,0.0,0.0,0.0,0.0,18.867313915857604,36,,,,,,,,20.375061533699526,4,1.6130651224441368,2.212168330691619,ZINCf50000034od3_m01_t03,SER17;GLU21;SER14;SER18,0,27.8646355643991
143,native_first,ZINCf50000035OHV,COCONS(=O)(=O)c1c(Br)nnn1C,182,182,182,1,1,1,,,,14.142394822006473,,301.122,-0.6086000000000003,1,7,5,1,0.0,,,0.0,0,0,0,0,0,0,,,,0.0,0.0,0.0,0.0,14.142394822006473,182,,,,,,,,20.375061533699526,4,1.624173504533253,2.1085103218116665,ZINCf50000035OHV_m01_t01,SER17;GLU21;SER14;SER18,3,-71.48071088792344
144,native_first,ZINCf5000002dUUq,CCOC(=O)CN(CCO)S(=O)(=O)CI,102,102,102,1,1,1,,,,16.73139158576052,,351.162,-0.4339000000000002,1,5,7,1,0.0,,,0.0,0,0,0,0,0,0,,,,0.0,0.0,0.0,0.0,16.73139158576052,102,,,,,,,,20.375061533699526,4,1.641070801593313,1.9796918448197853,ZINCf5000002dUUq_m01_t01,SER17;GLU21;SER14;SER18,0,6.129148259371671
145,native_first,ZINCf50000025kLm,C[C@H]1[C@H](O)CN1C(=O)Cn1cc(I)nn1,31,31,31,1,1,1,,,,19.02912621359223,,322.106,-0.5257000000000003,1,5,2,1,0.0,,,0.0,0,0,0,0,0,0,,,,0.0,0.0,0.0,0.0,19.02912621359223,31,,,,,,,,20.375061533699526,4,1.6438429499618301,1.7278893237510975,ZINCf50000025kLm_m01_t02,SER17;GLU21;SER14;SER18,1,4.64675847644417
146,native_first,ZINCf5000000Ybib,COCc1nc(CCSCC(N)=O)no1,162,162,162,1,1,1,,,,14.789644012944985,,231.277,-0.023,1,6,7,1,0.0,,,0.0,0,0,0,0,0,0,,,,0.0,0.0,0.0,0.0,14.789644012944985,162,,,,,,,,20.375061533699526,4,1.6454662561667195,1.460548155208938,ZINCf5000000Ybib_m01_t03,SER17;GLU21;SER14;SER18,1,34.24780197184301
147,native_first,ZINCf5000002KvaQ,NS(=O)(=O)CCn1cc(F)cc(I)c1=O,283,283,283,0,0,1,,,,10.87378640776699,,346.12100000000004,-0.1194999999999997,1,4,3,1,0.0,,,0.0,0,0,0,0,0,0,,,,0.0,0.0,0.0,0.0,10.87378640776699,283,,,,,,,,20.375061533699526,4,1.6668468959354243,2.0396408663563315,ZINCf5000002KvaQ_m01_t01,SER17;GLU21;SER14;SER18,1,-81.46731612941404
148,native_first,ZINCf50000035oMZ,CCOCCS(=O)(=O)NCc1nnco1,252,252,252,0,0,1,,,,11.877022653721683,,235.265,-0.4744999999999997,1,6,7,1,0.0,,,0.0,0,0,0,0,0,0,,,,0.0,0.0,0.0,0.0,11.877022653721683,252,,,,,,,,20.375061533699526,4,1.6720416086226482,2.0157557194438143,ZINCf50000035oMZ_m01_t01,SER17;GLU21;SER14;SER18,1,-66.26014925560835
149,native_first,ZINCf5000000abK0,Cn1ncc(Br)c1S(=O)(=O)NC1COC1,83,83,83,1,1,1,,,,17.346278317152105,,296.14600000000013,-0.1403000000000001,1,5,3,1,0.0,,,0.0,0,0,0,0,0,0,,,,0.0,0.0,0.0,0.0,17.346278317152105,83,,,,,,,,20.375061533699526,4,1.6746608308192525,1.968504108563047,ZINCf5000000abK0_m01_t01,SER17;GLU21;SER14;SER18,1,-77.24306466082272
150,native_first,ZINCf50000034xs1,CCc1nc(N2CC(S(C)(=O)=O)C2)no1,129,129,129,1,1,1,,,,15.857605177993527,,231.277,-0.1348000000000002,0,6,3,1,0.0,,,0.0,0,0,0,0,0,0,,,,0.0,0.0,0.0,0.0,15.857605177993527,129,,,,,,,,20.375061533699526,4,1.6797630440083269,2.095284650093724,ZINCf50000034xs1_m01_t01,SER17;GLU21;SER14;SER18,0,-69.37344135983669
151,native_first,ZINCf50000035wEH,Cn1nnnc1COc1cccoc1=O,254,254,254,0,0,1,,,,11.812297734627833,,208.177,-0.2577000000000002,0,7,3,1,0.0,,,0.0,0,0,0,0,0,0,,,,0.0,0.0,0.0,0.0,11.812297734627833,254,,,,,,,,20.375061533699526,4,1.6806708709551916,1.8575719627560023,ZINCf50000035wEH_m01_t01,SER17;GLU21;SER14;SER18,0,50.06084415599213
152,native_first,ZINCf5000000albx,NOCC(=O)N1CCn2ncc(I)c2C1,21,21,21,1,1,1,,,,19.35275080906149,,322.10600000000005,-0.2798,1,5,2,1,0.0,,,0.0,0,0,0,0,0,0,,,,0.0,0.0,0.0,0.0,19.35275080906149,21,,,,,,,,20.375061533699526,4,1.6843214801008461,1.7712051317342494,ZINCf5000000albx_m01_t02,SER17;GLU21;SER14;SER18,0,30.65191335902996
153,native_first,ZINCf5000000SKPV,CCn1ncc(C(=O)NS(=O)(=O)CI)n1,150,150,150,1,1,1,,,,15.177993527508091,,344.134,-0.2499000000000001,1,6,4,1,0.0,,,0.0,0,0,0,0,0,0,,,,0.0,0.0,0.0,0.0,15.177993527508091,150,,,,,,,,20.375061533699526,4,1.7136072381227532,2.1909172153378242,ZINCf5000000SKPV_m01_t01,SER17;GLU21;SER14;SER18,1,-72.40136011330324
154,native_first,ZINCf50000036aZV,O=C(NC1CS(=O)(=O)C1)c1oncc1Br,110,110,110,1,1,1,,,,16.472491909385113,,295.114,-0.0360999999999993,1,5,2,1,0.0,,,0.0,0,0,0,0,0,0,,,,0.0,0.0,0.0,0.0,16.472491909385113,110,,,,,,,,20.375061533699526,4,1.7146196495531714,1.0768662376799902,ZINCf50000036aZV_m01_t02,SER17;GLU21;SER14;SER18,1,-8.865885001833654
155,native_first,ZINCf5000000ZwPT,Cn1nnc(Br)c1S(=O)(=O)N[C@@H]1C[C@@H]1F,93,93,93,1,1,1,,,,17.022653721682847,,299.12500000000006,-0.0337000000000002,1,5,3,1,0.0,,,0.0,0,0,0,0,0,0,,,,0.0,0.0,0.0,0.0,17.022653721682847,93,,,,,,,,20.375061533699526,4,1.7720572120022648,1.9145990228518712,ZINCf5000000ZwPT_m01_t01,SER17;GLU21;SER14;SER18,0,-108.39921978002516
156,native_first,ZINCf50000025ZxH,COC1(c2nc(-c3nn[nH]n3)no2)CC1,236,236,236,0,1,1,,,,12.394822006472491,,208.181,-0.1148000000000004,1,7,3,1,0.0,,,0.0,0,0,0,0,0,0,,,,0.0,0.0,0.0,0.0,12.394822006472491,236,,,,,,,,20.375061533699526,4,1.7795993836024384,1.856322886493129,ZINCf50000025ZxH_m01_t03,SER17;GLU21;SER14;SER18,1,21.647822211217473
157,native_first,ZINCf50000009qd2,COC(=O)Cn1nc(C(=O)OC)nc1Cl,34,34,34,1,1,1,,,,18.932038834951456,,233.611,-0.1089,0,7,3,1,0.0,,,0.0,0,0,0,0,0,0,,,,0.0,0.0,0.0,0.0,18.932038834951456,34,,,,,,,,20.375061533699526,4,1.7974140231795417,1.7417092884340475,ZINCf50000009qd2_m01_t01,SER17;GLU21;SER14;SER18,2,59.41388431749203
158,native_first,ZINCf50000009wyg,COCC[C@H](O)Cn1cnc([N+](=O)[O-])n1,132,132,132,1,1,1,,,,15.760517799352751,,216.197,-0.4163000000000003,1,7,6,1,0.0,,,0.0,0,0,0,0,0,0,,,,0.0,0.0,0.0,0.0,15.760517799352751,132,,,,,,,,20.375061533699526,4,1.868927748461422,1.523530319181642,ZINCf50000009wyg_m01_t01,SER17;GLU21;SER14;SER18,0,130.69747834291582
159,native_first,ZINCf50000034rDx,Cc1oc(C(=O)O)nc1-c1ccnn1C,301,301,301,0,0,1,,,,10.29126213592233,,207.189,1.0817199999999998,1,5,2,1,0.0,,,0.0,0,0,0,0,0,0,,,,0.0,0.0,0.0,0.0,10.29126213592233,301,,,,,,,,20.375061533699526,4,1.919227914740034,1.7425620774602706,ZINCf50000034rDx_m01_t03,SER17;GLU21;SER14;SER18,1,37.45829351145612
160,native_first,ZINCf50000009qFF,COC(=O)OCn1cncc(OC)c1=O,74,74,74,1,1,1,,,,17.637540453074433,,214.177,-0.0076,0,7,3,1,0.0,,,0.0,0,0,0,0,0,0,,,,0.0,0.0,0.0,0.0,17.637540453074433,74,,,,,,,,20.375061533699526,4,1.984545566913363,2.0051889870172306,ZINCf50000009qFF_m01_t01,SER17;GLU21;SER14;SER18,0,-67.5457724304888
161,native_first,ZINCf50000009Fta,CS(=O)(=O)C1CN(c2nccnc2F)C1,197,197,197,0,1,1,,,,13.65695792880259,,231.252,-0.1511000000000004,0,5,2,1,0.0,,,0.0,0,0,0,0,0,0,,,,0.0,0.0,0.0,0.0,13.65695792880259,197,,,,,,,,20.375061533699526,4,2.0270635486899238,1.799821076368615,ZINCf50000009Fta_m01_t01,SER17;GLU21;SER14;SER18,1,53.572855494444994
162,native_first,ZINCf50000023xoF,O=S(=O)(CI)N1C[C@H]2CCO[C@@]2(CO)C1,193,193,193,0,1,1,,,,13.786407766990292,,347.1740000000002,-0.2081000000000001,1,4,3,1,0.0,,,0.0,0,0,0,0,0,0,,,,0.0,0.0,0.0,0.0,13.786407766990292,193,,,,,,,,20.375061533699526,4,2.0991282064939547,1.5826513646370248,ZINCf50000023xoF_m01_t01,SER17;GLU21;SER14;SER18,3,24.840190614892073
163,native_first,ZINCf50000035L8C,COCCS(=O)(=O)Oc1cccoc1=O,98,98,98,1,1,1,,,,16.86084142394822,,234.229,-0.0051999999999998,0,6,5,1,0.0,,,0.0,0,0,0,0,0,0,,,,0.0,0.0,0.0,0.0,16.86084142394822,98,,,,,,,,20.375061533699526,4,2.178040361107453,1.5985915815006386,ZINCf50000035L8C_m01_t01,SER17;GLU21;SER14;SER18,0,18.728323078969442
164,native_first,ZINCf50000035wsX,Cn1nncc1[S@@](C)(=O)=NS(=O)(=O)CCl,274,274,274,0,0,1,,,,11.165048543689322,,272.739,-0.2020999999999997,0,6,3,1,0.0,,,0.0,0,0,0,0,0,0,,,,0.0,0.0,0.0,0.0,11.165048543689322,274,,,,,,,,20.375061533699526,4,2.181904965295168,1.6245008331563318,ZINCf50000035wsX_m01_t01,SER17;GLU21;SER14;SER18,1,-89.6520204397405
165,native_first,ZINCf5000000ZrRZ,CCn1nc(Br)c(C(=O)N2CC(N)C2)n1,291,291,291,0,0,1,,,,10.614886731391586,,274.122,-0.1564,1,5,2,1,0.0,,,0.0,0,0,0,0,0,0,,,,0.0,0.0,0.0,0.0,10.614886731391586,291,,,,,,,,20.375061533699526,4,2.5106435680880437,2.282892786537272,ZINCf5000000ZrRZ_m01_t01,SER17;GLU21;SER14;SER18,3,72.41187244955708
166,native_first,ZINCf5000002aScU,COCCn1nnnc1SCC=CCN,202,202,202,0,1,1,,,,13.495145631067961,,229.309,-0.0735000000000002,1,7,7,1,0.0,,,0.0,0,0,0,0,0,0,,,,0.0,0.0,0.0,0.0,13.495145631067961,202,,,,,,,,20.122957187024596,4,1.2425258384343718,1.6873771010334213,ZINCf5000002aScU_m01_t01,SER17;THR13;SER14;SER18,2,-9.571814485862092
167,native_first,ZINCf50000008AoT,C#CCCCCS(=O)(=O)c1nnn(C)n1,138,138,138,1,1,1,,,,15.566343042071198,,228.277,-0.2127000000000003,0,6,5,1,0.0,,,0.0,0,0,0,0,0,0,,,,0.0,0.0,0.0,0.0,15.566343042071198,138,,,,,,,,19.800084439862584,4,1.6122095977823883,2.451564714037825,ZINCf50000008AoT_m01_t01,SER17;GLU21;LEU20;SER18,3,98.95611888743994
168,native_first,ZINCf5000000a5zk,C[S@](=O)C1CN(C(=O)c2csc(O)n2)C1,281,281,281,0,0,1,,,,10.938511326860842,,246.313,0.0515999999999999,1,5,2,1,0.0,,,0.0,0,0,0,0,0,0,,,,0.0,0.0,0.0,0.0,10.938511326860842,281,,,,,,,,19.800084439862584,4,1.7281938985352894,1.869743502937604,ZINCf5000000a5zk_m01_t01,SER17;GLU21;LEU20;SER18,3,-6.943020668368637
169,native_first,ZINCf5000000a5nD,C[S@@](=O)C1CN(C(=O)c2csc(O)n2)C1,271,271,271,0,0,1,,,,11.262135922330097,,246.313,0.0515999999999999,1,5,2,1,0.0,,,0.0,0,0,0,0,0,0,,,,0.0,0.0,0.0,0.0,11.262135922330097,271,,,,,,,,19.800084439862584,4,1.879448189242596,1.8751218987934617,ZINCf5000000a5nD_m01_t01,SER17;GLU21;LEU20;SER18,3,-6.0554959795276435
170,native_first,ZINCf50000035SgF,CS(=O)(=O)NC(=O)c1cc([N+](=O)[O-])sn1,256,256,256,0,0,1,,,,11.747572815533982,,251.245,-0.2592999999999998,1,7,3,1,0.0,,,0.0,0,0,0,0,0,0,,,,0.0,0.0,0.0,0.0,11.747572815533982,256,,,,,,,,19.800084439862584,4,2.058215193657584,2.415013027818822,ZINCf50000035SgF_m01_t01,SER17;GLU21;LEU20;SER18,0,-32.69729334441362
171,native_first,ZINCf50000028jVR,O=S(=O)(CI)N1C[C@@H](CO)OCC12CC2,123,123,123,1,1,1,,,,16.051779935275082,,347.1740000000002,-0.0656000000000001,1,4,3,1,0.0,,,0.0,0,0,0,0,0,0,,,,0.0,0.0,0.0,0.0,16.051779935275082,123,,,,,,,,19.70275203299974,4,1.6058302439853769,1.930557788857377,ZINCf50000028jVR_m01_t01,SER17;ASP15;SER14;SER18,3,62.07859713878779
172,native_first,ZINCf5000000axTO,O=[N+]([O-])c1nc(Br)n(CCOCCO)n1,12,12,12,1,1,1,,,,19.644012944983817,,281.0659999999999,-0.0423,1,7,6,1,0.0,,,0.0,0,0,0,0,0,0,,,,0.0,0.0,0.0,0.0,19.644012944983817,12,,,,,,,,19.70275203299974,4,1.8882942253069104,1.4207223031781167,ZINCf5000000axTO_m01_t01,SER17;ASP15;SER14;SER18,2,132.660949137225
173,native_first,ZINCf5000002aWhk,O=S1(=O)CCN(c2cncc(I)n2)CN1,111,111,111,1,1,1,,,,16.44012944983819,,340.146,-0.2218999999999999,1,5,1,1,0.0,,,0.0,0,0,0,0,0,0,,,,0.0,0.0,0.0,0.0,16.44012944983819,111,,,,,,,,19.70275203299974,4,2.095060229251263,1.9000943123923664,ZINCf5000002aWhk_m01_t01,SER17;ASP15;SER14;SER18,1,-124.60438221728805
174,native_first,ZINCf5000003pydZ,COC(=O)C1(N)CN(C(=O)C2(I)CC2)C1,231,231,231,0,1,1,,,,12.55663430420712,,324.11800000000017,-0.3332999999999997,1,4,2,1,0.0,,,0.0,0,0,0,0,0,0,,,,0.0,0.0,0.0,0.0,12.55663430420712,231,,,,,,,,19.503129294249064,4,2.8716071267017846,2.516548064509514,ZINCf5000003pydZ_m01_t01,SER17;THR13;SER14;VAL16,1,74.09770173910164
175,native_first,ZINCf5000000alxC,NS(=O)(=O)CCCSCCn1ccnn1,172,172,172,1,1,1,,,,14.466019417475728,,250.349,-0.3101000000000002,1,6,7,1,0.0,,,0.0,0,0,0,0,0,0,,,,0.0,0.0,0.0,0.0,14.466019417475728,172,,,,,,,,19.438084808507252,4,1.2024523000036402,1.424909573134057,ZINCf5000000alxC_m01_t01,SER17;TYR19;LEU20;TYR19,1,-86.25717402139863
176,native_first,ZINCf5000000ZrKi,CCc1noc(=O)n1C[C@H]1COC(=O)C1,269,269,269,0,0,1,,,,11.326860841423949,,212.205,-0.0382000000000002,0,6,3,1,0.0,,,0.0,0,0,0,0,0,0,,,,0.0,0.0,0.0,0.0,11.326860841423949,269,,,,,,,,18.92815220041213,4,1.5822910668058874,2.0932491131980906,ZINCf5000000ZrKi_m01_t01,SER17;THR13;LEU20;VAL16,3,-25.038973018979572
177,native_first,ZINCf5000000a5Jm,C[S@](=O)Cc1noc(CCS(C)(=O)=O)n1,45,45,45,1,1,1,,,,18.576051779935277,,252.317,-0.4647999999999999,0,6,5,1,0.0,,,0.0,0,0,0,0,0,0,,,,0.0,0.0,0.0,0.0,18.576051779935277,45,,,,,,,,18.811996484979833,4,1.4452536429599636,1.862905838621022,ZINCf5000000a5Jm_m01_t01,SER17;GLU21;SER18;ALA24,2,12.570863475266455
178,native_first,ZINCf50000017Blc,CC[S@@](=O)CC(=O)OC[C@@H]1COC(=O)O1,48,48,48,1,1,1,,,,18.478964401294498,,236.24499999999995,-0.1664000000000001,0,6,5,1,0.0,,,0.0,0,0,0,0,0,0,,,,0.0,0.0,0.0,0.0,18.478964401294498,48,,,,,,,,18.811996484979833,4,1.589495878220252,1.8255303304944084,ZINCf50000017Blc_m01_t01,SER17;GLU21;SER18;ALA24,1,-29.26067269096879
179,native_first,ZINCf5000002rPDX,CC[S@@](=O)CC(=O)OC[C@H]1COC(=O)O1,58,58,58,1,1,1,,,,18.155339805825243,,236.24499999999995,-0.1664000000000001,0,6,5,1,0.0,,,0.0,0,0,0,0,0,0,,,,0.0,0.0,0.0,0.0,18.155339805825243,58,,,,,,,,18.811996484979833,4,1.6798260652217571,2.001938053091218,ZINCf5000002rPDX_m01_t02,SER17;GLU21;SER18;ALA24,2,-17.08748846300059
180,native_first,ZINCf5000003mWDV,CC[C@@H](C#N)C(=O)OCC(=O)C(=O)OC,65,65,65,1,1,1,,,,17.928802588996763,,213.189,-0.1785200000000002,0,6,5,1,0.0,,,0.0,0,0,0,0,0,0,,,,0.0,0.0,0.0,0.0,17.928802588996763,65,,,,,,,,18.811996484979833,4,2.002535324055686,2.315449871380055,ZINCf5000003mWDV_m01_t04,SER17;GLU21;SER18;ALA24,2,20.20847388930585
181,native_first,ZINCf5000002NM4N,CCOC(=O)c1cnn(CC[S@@](C)=O)n1,228,228,228,0,1,1,,,,12.653721682847898,,231.277,-0.1666999999999998,0,6,5,1,0.0,,,0.0,0,0,0,0,0,0,,,,0.0,0.0,0.0,0.0,12.653721682847898,228,,,,,,,,18.811996484979833,4,2.3411963396699584,2.272328279613058,ZINCf5000002NM4N_m01_t01,SER17;GLU21;SER18;ALA24,1,22.098418891514203
182,native_first,ZINCf50000008S8L,CC=CCS(=O)(=O)CCc1nnnn1C,178,178,178,1,1,1,,,,14.271844660194176,,230.293,-0.2565000000000002,0,6,5,1,0.0,,,0.0,0,0,0,0,0,0,,,,0.0,0.0,0.0,0.0,14.271844660194176,178,,,,,,,,18.739890026500333,4,1.2857727570456279,1.2722157220328374,ZINCf50000008S8L_m01_t01,SER17;SER14;LEU20;SER18,3,16.962030751071254
183,native_first,ZINCf5000002svfT,NS(=O)(=O)c1cnc(N2CCSC2)nc1,190,190,190,0,1,1,,,,13.88349514563107,,246.317,-0.3652999999999997,1,6,2,1,0.0,,,0.0,0,0,0,0,0,0,,,,0.0,0.0,0.0,0.0,13.88349514563107,190,,,,,,,,18.739890026500333,4,1.414664398092072,1.6796878937491593,ZINCf5000002svfT_m01_t01,SER17;SER14;LEU20;SER18,1,-175.1547069342912
184,native_first,ZINCf50000035Q5z,CSc1nnc(N2CC(S(N)(=O)=O)C2)s1,266,266,266,0,0,1,,,,11.423948220064725,,266.373,-0.2629000000000001,1,7,3,1,0.0,,,0.0,0,0,0,0,0,0,,,,0.0,0.0,0.0,0.0,11.423948220064725,266,,,,,,,,18.739890026500333,4,1.6697414229504899,1.2878492330569635,ZINCf50000035Q5z_m01_t01,SER17;SER14;LEU20;SER18,0,-114.08936145094242
185,native_first,ZINCf5000003oxhc,CCOC(=O)C(=O)[C@@H](C)OC(=O)CC#N,25,25,25,1,1,1,,,,19.223300970873787,,213.18899999999996,-0.0360200000000001,0,6,5,1,0.0,,,0.0,0,0,0,0,0,0,,,,0.0,0.0,0.0,0.0,19.223300970873787,25,,,,,,,,18.739890026500333,4,1.7979594470898985,2.0852582708124263,ZINCf5000003oxhc_m01_t04,SER17;SER14;LEU20;SER18,0,20.379095398253593
186,native_first,ZINCf5000002OfyG,CS(=O)(=O)CS(=O)(=O)C[C@H](C#N)C1CC1,125,125,125,1,1,1,,,,15.98705501618123,,251.329,-0.0469199999999998,0,5,5,1,0.0,,,0.0,0,0,0,0,0,0,,,,0.0,0.0,0.0,0.0,15.98705501618123,125,,,,,,,,18.739890026500333,4,1.85707711271714,1.9139596616417223,ZINCf5000002OfyG_m01_t01,SER17;SER14;LEU20;SER18,2,-50.278723505334135
187,native_first,ZINCf50000026aGv,COC(=O)[C@@H](N)Cc1cn(CCI)nn1,305,305,305,0,0,1,,,,10.16181229773463,,324.122,-0.2441000000000006,1,6,5,1,0.0,,,0.0,0,0,0,0,0,0,,,,0.0,0.0,0.0,0.0,10.16181229773463,305,,,,,,,,18.739890026500333,4,1.9385770235621316,1.7201696013576566,ZINCf50000026aGv_m02_t01,SER17;SER14;LEU20;SER18,2,8.468270337752177
188,native_first,CHEMBL248912,Cc1nnc([S+]([O-])c2nc3cc(Cl)c(Cl)cc3nc2C(C)C)s1,9,9,9,1,1,1,,,,19.741100323624597,,387.3170000000001,4.386620000000002,0,6,3,1,0.0,,,0.0,0,0,0,0,0,0,,,,0.0,0.0,0.0,0.0,19.741100323624597,9,,,,,,,,18.739890026500333,4,1.9895651381740767,1.8503685514237527,CHEMBL248912_m01_t01,SER17;SER14;LEU20;SER18,1,119.14936774727157
189,native_first,ZINCf50000024Urz,C[C@@H]1NC(=O)OC12CN(S(=O)(=O)CI)C2,71,71,71,1,1,1,,,,17.734627831715212,,346.146,-0.1086,1,4,2,1,0.0,,,0.0,0,0,0,0,0,0,,,,0.0,0.0,0.0,0.0,17.734627831715212,71,,,,,,,,18.261227251923316,4,1.3238063159843108,1.8514765928677672,ZINCf50000024Urz_m01_t01,SER17;THR13;SER18;VAL16,3,-50.695183067090035
190,native_first,ZINCf500000204MX,O=S1(=O)CC(C2CN(S(=O)(=O)CI)C2)C1,49,49,49,1,1,1,,,,18.446601941747574,,365.21400000000006,-0.3148999999999997,0,4,3,1,0.0,,,0.0,0,0,0,0,0,0,,,,0.0,0.0,0.0,0.0,18.446601941747574,49,,,,,,,,18.261227251923316,4,1.5926992491607355,2.052591008953238,ZINCf500000204MX_m01_t01,SER17;THR13;SER18;VAL16,2,4.806568805951805
191,native_first,ZINCf5000000alxZ,NS(=O)(=O)CCC[S@](=O)Cc1nncs1,142,142,142,1,1,1,,,,15.436893203883496,,269.373,-0.5346,1,6,6,1,0.0,,,0.0,0,0,0,0,0,0,,,,0.0,0.0,0.0,0.0,15.436893203883496,142,,,,,,,,18.261227251923316,4,1.8564533784794175,2.4629332751769546,ZINCf5000000alxZ_m01_t01,SER17;THR13;SER18;VAL16,3,-89.08037032504394
192,native_first,ZINCf50000009FDs,CS(=O)(=O)CCCCn1cnc(C#N)n1,55,55,55,1,1,1,,,,18.25242718446602,,228.277,-0.0254200000000002,0,6,5,1,0.0,,,0.0,0,0,0,0,0,0,,,,0.0,0.0,0.0,0.0,18.25242718446602,55,,,,,,,,18.261227251923316,4,2.082641663939508,2.1489748113475007,ZINCf50000009FDs_m01_t01,SER17;THR13;SER18;VAL16,1,67.49333096307876
193,native_first,ZINCf5000000ZsXZ,COC(=O)[C@@H]1C[C@H]1Cn1c(C)noc1=O,289,289,289,0,0,1,,,,10.679611650485437,,212.205,-0.0461800000000001,0,6,3,1,0.0,,,0.0,0,0,0,0,0,0,,,,0.0,0.0,0.0,0.0,10.679611650485437,289,,,,,,,,18.261227251923316,4,2.245378950879831,1.8674595769785798,ZINCf5000000ZsXZ_m01_t02,SER17;THR13;SER18;VAL16,3,-12.390805443545242
194,native_first,ZINCf5000001xLRs,O=S1(=O)CC2(CC(NS(=O)(=O)CI)C2)C1,113,113,113,1,1,1,,,,16.375404530744337,,365.21400000000006,-0.1245,1,4,3,1,0.0,,,0.0,0,0,0,0,0,0,,,,0.0,0.0,0.0,0.0,16.375404530744337,113,,,,,,,,18.261227251923316,4,2.5418250356007963,2.084329477442974,ZINCf5000001xLRs_m01_t01,SER17;THR13;SER18;VAL16,0,-15.752231413624244
195,native_first,ZINCf5000003pH5g,CSc1cn(CCN(C)S(C)(=O)=O)nn1,248,248,248,0,1,1,,,,12.006472491909385,,250.349,-0.1086,0,6,5,1,0.0,,,0.0,0,0,0,0,0,0,,,,0.0,0.0,0.0,0.0,12.006472491909385,248,,,,,,,,18.261227251923316,4,2.736217250707776,2.5638903169778913,ZINCf5000003pH5g_m01_t01,SER17;THR13;SER18;VAL16,3,-58.90955264477563
196,native_first,ZINCf5000001onnP,CS(=O)(=O)O[C@@H]1CCC[C@H]1OS(C)(=O)=O,245,245,245,0,1,1,,,,12.103559870550162,,258.317,-0.1400999999999999,0,6,4,1,0.0,,,0.0,0,0,0,0,0,0,,,,0.0,0.0,0.0,0.0,12.103559870550162,245,,,,,,,,17.84102209789846,4,1.7779378361046119,2.223909599012325,ZINCf5000001onnP_m01_t01,SER17;ASP15;SER18;VAL16,0,-33.249671377780416
197,native_first,ZINCf5000003696S,O=C(CN1CCCS1(=O)=O)OCC#CI,77,77,77,1,1,1,,,,17.540453074433657,,343.14199999999994,-0.0389999999999997,0,4,3,1,0.0,,,0.0,0,0,0,0,0,0,,,,0.0,0.0,0.0,0.0,17.540453074433657,77,,,,,,,,17.453137185235995,4,0.9812179392408503,1.0710684109982904,ZINCf5000003696S_m01_t02,SER17;SER14;SER18;VAL16,1,-26.100444205956933
198,native_first,ZINCf5000001YIUb,CCOC(=O)C(COC)NS(=O)(=O)CI,62,62,62,1,1,1,,,,18.02588996763754,,351.162,-0.1235999999999998,1,5,7,1,0.0,,,0.0,0,0,0,0,0,0,,,,0.0,0.0,0.0,0.0,18.02588996763754,62,,,,,,,,17.453137185235995,4,1.1194273332399356,1.401528399679736,ZINCf5000001YIUb_m01_t01,SER17;SER14;SER18;VAL16,3,-5.916592102273561
199,native_first,ZINCf5000002Kthm,COC(=O)[C@@H](Br)Cn1cnnc1[S@](C)=O,28,28,28,1,1,1,,,,19.12621359223301,,296.146,-0.048,0,6,4,1,0.0,,,0.0,0,0,0,0,0,0,,,,0.0,0.0,0.0,0.0,19.12621359223301,28,,,,,,,,17.453137185235995,4,1.2237029040372458,0.9872620495456076,ZINCf5000002Kthm_m01_t02,SER17;SER14;SER18;VAL16,3,-8.586568154438346
200,native_first,ZINCf5000003p8KR,CO[C@]1(C(=O)NS(C)(=O)=O)CCCSC1,273,273,273,0,0,1,,,,11.197411003236247,,253.34499999999997,-0.0255999999999998,1,5,3,1,0.0,,,0.0,0,0,0,0,0,0,,,,0.0,0.0,0.0,0.0,11.197411003236247,273,,,,,,,,17.453137185235995,4,1.312913018332438,2.0240360962056116,ZINCf5000003p8KR_m01_t01,SER17;SER14;SER18;VAL16,2,-52.51737472219669
201,native_first,ZINCf5000000a5Kr,C[S@](=O)c1nncn1Cc1ccncn1,239,239,239,0,1,1,,,,12.297734627831716,,223.261,-0.1461999999999998,0,6,3,1,0.0,,,0.0,0,0,0,0,0,0,,,,0.0,0.0,0.0,0.0,12.297734627831716,239,,,,,,,,17.453137185235995,4,1.3243954536894909,1.2884364646964899,ZINCf5000000a5Kr_m01_t01,SER17;SER14;SER18;VAL16,3,-9.180559228101057
202,native_first,ZINCf5000003qkEO,O=C(Cc1ncsn1)N1CCS(=O)CC1,187,187,187,0,1,1,,,,13.980582524271846,,245.32899999999995,-0.3284999999999998,0,5,2,1,0.0,,,0.0,0,0,0,0,0,0,,,,0.0,0.0,0.0,0.0,13.980582524271846,187,,,,,,,,17.453137185235995,4,1.3479468823679128,1.9507604173707704,ZINCf5000003qkEO_m01_t02,SER17;SER14;SER18;VAL16,3,23.013358677507135
203,native_first,ZINCf5000003nfeg,CCCN(OC)S(=O)(=O)c1cn(C)nn1,108,108,108,1,1,1,,,,16.537216828478964,,234.281,-0.2228000000000001,0,6,5,1,0.0,,,0.0,0,0,0,0,0,0,,,,0.0,0.0,0.0,0.0,16.537216828478964,108,,,,,,,,17.453137185235995,4,1.379660368530804,1.967178775288686,ZINCf5000003nfeg_m01_t01,SER17;SER14;SER18;VAL16,0,55.16442954754521
204,native_first,ZINCf5000000YaTM,CCOC(=O)C(=O)N(CCI)S(C)(=O)=O,38,38,38,1,1,1,,,,18.802588996763753,,349.146,-0.2272999999999996,0,5,4,1,0.0,,,0.0,0,0,0,0,0,0,,,,0.0,0.0,0.0,0.0,18.802588996763753,38,,,,,,,,17.453137185235995,4,1.4239409894709016,1.9063061418986633,ZINCf5000000YaTM_m01_t01,SER17;SER14;SER18;VAL16,0,-47.80619779238027
205,native_first,ZINCf50000035tY0,CN1CCO[C@H](C(=O)OCC#CI)C1=O,117,117,117,1,1,1,,,,16.245954692556634,,323.086,-0.2173,0,4,2,1,0.0,,,0.0,0,0,0,0,0,0,,,,0.0,0.0,0.0,0.0,16.245954692556634,117,,,,,,,,17.453137185235995,4,1.4315413732082303,2.203060491666276,ZINCf50000035tY0_m01_t03,SER17;SER14;SER18;VAL16,0,60.82677452486397
206,native_first,ZINCf5000002NECb,C=C(I)CN1CCOC[C@@H](S(N)(=O)=O)C1,33,33,33,1,1,1,,,,18.964401294498384,,346.19000000000005,-0.0755999999999998,1,4,3,1,0.0,,,0.0,0,0,0,0,0,0,,,,0.0,0.0,0.0,0.0,18.964401294498384,33,,,,,,,,17.453137185235995,4,1.4591351654941196,1.3007227999858502,ZINCf5000002NECb_m02_t01,SER17;SER14;SER18;VAL16,2,-64.02473727883118
207,native_first,ZINCf500000093fh,CCS(=O)(=O)CCn1cnnc1[S@@](C)=O,295,295,295,0,0,1,,,,10.485436893203884,,251.333,-0.5498000000000003,0,6,5,1,0.0,,,0.0,0,0,0,0,0,0,,,,0.0,0.0,0.0,0.0,10.485436893203884,295,,,,,,,,17.453137185235995,4,1.4714028517663609,1.4666599742783697,ZINCf500000093fh_m01_t01,SER17;SER14;SER18;VAL16,1,-29.162156126583973
208,native_first,ZINCf50000035280,CCCN(OC)S(=O)(=O)c1cnnn1C,128,128,128,1,1,1,,,,15.889967637540455,,234.281,-0.2228000000000001,0,6,5,1,0.0,,,0.0,0,0,0,0,0,0,,,,0.0,0.0,0.0,0.0,15.889967637540455,128,,,,,,,,17.453137185235995,4,1.4752844287778717,1.8331885571710191,ZINCf50000035280_m01_t01,SER17;SER14;SER18;VAL16,3,-46.8220913791551
209,native_first,ZINCf5000002Khk5,CCc1noc(=O)n1C[C@@H]1CCOC1=O,279,279,279,0,0,1,,,,11.003236245954694,,212.205,-0.0382000000000002,0,6,3,1,0.0,,,0.0,0,0,0,0,0,0,,,,0.0,0.0,0.0,0.0,11.003236245954694,279,,,,,,,,17.453137185235995,4,1.477667419853138,1.7281137692408686,ZINCf5000002Khk5_m01_t02,SER17;SER14;SER18;VAL16,2,-20.750590822674578
210,native_first,ZINCf5000000acDQ,Cn1nnc(S(=O)(=O)C[C@H]2C=CCC2)n1,219,219,219,0,1,1,,,,12.944983818770227,,228.277,-0.0500000000000002,0,6,3,1,0.0,,,0.0,0,0,0,0,0,0,,,,0.0,0.0,0.0,0.0,12.944983818770227,219,,,,,,,,17.453137185235995,4,1.4795544040935609,1.853843546864794,ZINCf5000000acDQ_m01_t01,SER17;SER14;SER18;VAL16,2,99.2793593864063
211,native_first,ZINCf5000000a5xf,C[S@@](=O)c1nncn1Cc1ccncn1,249,249,249,0,0,1,,,,11.97411003236246,,223.261,-0.1461999999999998,0,6,3,1,0.0,,,0.0,0,0,0,0,0,0,,,,0.0,0.0,0.0,0.0,11.97411003236246,249,,,,,,,,17.453137185235995,4,1.5062280613572034,1.413593782925979,ZINCf5000000a5xf_m01_t01,SER17;SER14;SER18;VAL16,3,-9.000847632781046
212,native_first,ZINCf5000000ZuiR,C[C@@H]1CN(S(=O)(=O)c2ccn(C)n2)CO1,257,257,257,0,0,1,,,,11.715210355987056,,231.277,-0.213,0,5,2,1,0.0,,,0.0,0,0,0,0,0,0,,,,0.0,0.0,0.0,0.0,11.715210355987056,257,,,,,,,,17.453137185235995,4,1.5238057518458374,2.07466539663493,ZINCf5000000ZuiR_m01_t01,SER17;SER14;SER18;VAL16,1,18.20287449758552
213,native_first,ZINCf50000035wGO,Cn1nnnc1S(=O)(=O)NCC(Cl)(Cl)Cl,130,130,130,1,1,1,,,,15.825242718446603,,294.551,-0.1413999999999997,1,6,3,1,0.0,,,0.0,0,0,0,0,0,0,,,,0.0,0.0,0.0,0.0,15.825242718446603,130,,,,,,,,17.453137185235995,4,1.5243635348358684,2.079827795890672,ZINCf50000035wGO_m01_t01,SER17;SER14;SER18;VAL16,3,-32.826711748013906
214,native_first,ZINCf5000002dYno,Cn1nnc(CC(=O)NC2CC(Br)C2)n1,223,223,223,0,1,1,,,,12.815533980582526,,274.122,-0.2053,1,5,3,1,0.0,,,0.0,0,0,0,0,0,0,,,,0.0,0.0,0.0,0.0,12.815533980582526,223,,,,,,,,17.453137185235995,4,1.5420191537677677,1.7943657636755905,ZINCf5000002dYno_m01_t05,SER17;SER14;SER18;VAL16,3,9.5252574014653
215,native_first,ZINCf50000009r7e,COC(=O)[C@@H](OC)C(=O)OC[C@@H](C)C#N,215,215,215,0,1,1,,,,13.074433656957929,,215.205,-0.1227200000000001,0,6,5,1,0.0,,,0.0,0,0,0,0,0,0,,,,0.0,0.0,0.0,0.0,13.074433656957929,215,,,,,,,,17.453137185235995,4,1.5441119767315634,2.0914478047941167,ZINCf50000009r7e_m01_t03,SER17;SER14;SER18;VAL16,2,29.12029981536776
216,native_first,ZINCf50000026UaV,CN(CC1(C)N=N1)C(=O)c1nonc1N,196,196,196,0,1,1,,,,13.689320388349515,,210.197,-0.0942000000000001,1,7,3,1,0.0,,,0.0,0,0,0,0,0,0,,,,0.0,0.0,0.0,0.0,13.689320388349515,196,,,,,,,,17.453137185235995,4,1.5720200659455066,2.28104524557663,ZINCf50000026UaV_m01_t01,SER17;SER14;SER18;VAL16,0,41.33143477652322
217,native_first,ZINCf5000002Kvbl,NS(=O)(=O)Cn1cnc2ccsc2c1=O,170,170,170,1,1,1,,,,14.53074433656958,,245.285,-0.2959999999999998,1,6,2,1,0.0,,,0.0,0,0,0,0,0,0,,,,0.0,0.0,0.0,0.0,14.53074433656958,170,,,,,,,,17.453137185235995,4,1.577306617249378,2.0024895506875375,ZINCf5000002Kvbl_m01_t01,SER17;SER14;SER18;VAL16,1,-109.75455552923637
218,native_first,ZINCf5000000awrm,O=C1NC[C@H](Cn2cc(I)cnc2=O)O1,11,11,11,1,1,1,,,,19.676375404530745,,321.07400000000007,-0.0437,1,5,2,1,0.0,,,0.0,0,0,0,0,0,0,,,,0.0,0.0,0.0,0.0,19.676375404530745,11,,,,,,,,17.453137185235995,4,1.5868876561015413,1.6139724326067306,ZINCf5000000awrm_m01_t01,SER17;SER14;SER18;VAL16,0,-51.605105444818086
219,native_first,ZINCf5000002rXUq,CN(C)C(=O)C(=O)OC[C@H]1CC(Cl)=NO1,277,277,277,0,0,1,,,,11.067961165048544,,234.63899999999995,-0.0410000000000005,0,5,2,1,0.0,,,0.0,0,0,0,0,0,0,,,,0.0,0.0,0.0,0.0,11.067961165048544,277,,,,,,,,17.453137185235995,4,1.5895555801203154,2.1708032759187854,ZINCf5000002rXUq_m01_t01,SER17;SER14;SER18;VAL16,0,70.39279569650753
220,native_first,ZINCf50000017I9f,COC(=O)CS(=O)(=O)NCCCSC#N,82,82,82,1,1,1,,,,17.37864077669903,,252.317,-0.3168199999999999,1,6,7,1,0.0,,,0.0,0,0,0,0,0,0,,,,0.0,0.0,0.0,0.0,17.37864077669903,82,,,,,,,,17.453137185235995,4,1.594201522838731,1.99424110430423,ZINCf50000017I9f_m01_t01,SER17;SER14;SER18;VAL16,1,-113.73666597959001
221,native_first,ZINCf500000292mg,CN=[S@@](C)(=O)NC(=O)Cn1ncc(Br)n1,160,160,160,1,1,1,,,,14.854368932038835,,296.15000000000003,-0.2005999999999999,1,6,3,1,0.0,,,0.0,0,0,0,0,0,0,,,,0.0,0.0,0.0,0.0,14.854368932038835,160,,,,,,,,17.453137185235995,4,1.5954863761621505,1.966725877153099,ZINCf500000292mg_m01_t01,SER17;SER14;SER18;VAL16,3,-135.88009171598605
222,native_first,ZINCf50000031lez,Cc1oncc1S(=O)(=O)Nn1cnnc1,246,246,246,0,1,1,,,,12.071197411003237,,229.22100000000003,-0.4930800000000002,1,7,3,1,0.0,,,0.0,0,0,0,0,0,0,,,,0.0,0.0,0.0,0.0,12.071197411003237,246,,,,,,,,17.453137185235995,4,1.6059737796338127,1.877477639165855,ZINCf50000031lez_m01_t01,SER17;SER14;SER18;VAL16,0,-107.11804351373414
223,native_first,CHEMBL398714,CC(C)(C)Nc1nc2cc(Cl)c(Cl)cc2nc1S(C)(=O)=O,1,1,1,1,1,1,,,,20.0,,348.2550000000001,3.5505000000000013,1,5,2,1,0.0,,,0.0,0,0,0,0,0,0,,,,0.0,0.0,0.0,0.0,20.0,1,,,,,,,,17.453137185235995,4,1.6080811529020018,1.538101871454166,CHEMBL398714_m01_t01,SER17;SER14;SER18;VAL16,1,115.10299641375526
224,native_first,ZINCf5000002a4Dt,COC(=O)[C@@]1(O)CCN(S(=O)(=O)CI)C1,243,243,243,0,1,1,,,,12.168284789644014,,349.146,-0.6815,1,5,3,1,0.0,,,0.0,0,0,0,0,0,0,,,,0.0,0.0,0.0,0.0,12.168284789644014,243,,,,,,,,17.453137185235995,4,1.6174603073139862,1.7622006666070664,ZINCf5000002a4Dt_m01_t01,SER17;SER14;SER18;VAL16,1,15.512941491870412
225,native_first,ZINCf500000092rn,CCON(CC)S(=O)(=O)c1nncn1C,118,118,118,1,1,1,,,,16.21359223300971,,234.281,-0.2228000000000003,0,6,5,1,0.0,,,0.0,0,0,0,0,0,0,,,,0.0,0.0,0.0,0.0,16.21359223300971,118,,,,,,,,17.453137185235995,4,1.624792261329183,1.6241871967712083,ZINCf500000092rn_m01_t01,SER17;SER14;SER18;VAL16,0,17.295770885763954
226,native_first,ZINCf5000000ZrqI,CC[C@@H](C#N)Sc1nc(O)n(C)c(=O)n1,206,206,206,0,1,1,,,,13.36569579288026,,226.261,0.2751799999999999,1,7,3,1,0.0,,,0.0,0,0,0,0,0,0,,,,0.0,0.0,0.0,0.0,13.36569579288026,206,,,,,,,,17.453137185235995,4,1.635766464413947,1.3543943945252355,ZINCf5000000ZrqI_m01_t02,SER17;SER14;SER18;VAL16,2,-203.16784088953358
227,native_first,ZINCf5000000Zyex,O=C(Cc1nncs1)N1CCS(=O)CC1,177,177,177,1,1,1,,,,14.3042071197411,,245.32899999999995,-0.3284999999999998,0,5,2,1,0.0,,,0.0,0,0,0,0,0,0,,,,0.0,0.0,0.0,0.0,14.3042071197411,177,,,,,,,,17.453137185235995,4,1.6783108734776304,1.814790729124346,ZINCf5000000Zyex_m01_t02,SER17;SER14;SER18;VAL16,2,9.360175988646281
228,native_first,CHEMBL401183,CS(=O)(=O)c1nc2cc(Cl)c(Cl)cc2nc1N1CCCC1,7,7,7,1,1,1,,,,19.805825242718445,,346.2390000000002,2.940300000000001,0,5,2,1,0.0,,,0.0,0,0,0,0,0,0,,,,0.0,0.0,0.0,0.0,19.805825242718445,7,,,,,,,,17.453137185235995,4,1.6808496221325464,2.2367380649431268,CHEMBL401183_m01_t01,SER17;SER14;SER18;VAL16,0,117.81796489333864
229,native_first,ZINCf5000001ARZW,CS(=O)(=O)C1CSCCN1S(=O)(=O)CCl,69,69,69,1,1,1,,,,17.799352750809064,,293.819,-0.0679999999999998,0,5,3,1,0.0,,,0.0,0,0,0,0,0,0,,,,0.0,0.0,0.0,0.0,17.799352750809064,69,,,,,,,,17.453137185235995,4,1.685060275757612,2.24914087389299,ZINCf5000001ARZW_m01_t01,SER17;SER14;SER18;VAL16,2,57.47448621853195
230,native_first,ZINCf5000002rQJB,CN1CC[C@H](C(=O)OC2CSC2)S1(=O)=O,137,137,137,1,1,1,,,,15.598705501618124,,251.32899999999995,-0.3211000000000001,0,5,2,1,0.0,,,0.0,0,0,0,0,0,0,,,,0.0,0.0,0.0,0.0,15.598705501618124,137,,,,,,,,17.453137185235995,4,1.722296500798066,2.0762840753953995,ZINCf5000002rQJB_m01_t02,SER17;SER14;SER18;VAL16,0,-76.72197045203717
231,native_first,ZINCf5000002svaB,NOCC(=O)N1CCCc2c(Br)cnn21,101,101,101,1,1,1,,,,16.763754045307444,,275.106,-0.0533000000000003,1,5,2,1,0.0,,,0.0,0,0,0,0,0,0,,,,0.0,0.0,0.0,0.0,16.763754045307444,101,,,,,,,,17.453137185235995,4,1.7459270807571652,2.245405899314469,ZINCf5000002svaB_m01_t02,SER17;SER14;SER18;VAL16,0,-3.1900118268370745
232,native_first,ZINCf5000000aee7,N#C[C@@H]1CCN(c2nnc(C(N)=O)s2)C1,200,200,200,0,1,1,,,,13.559870550161813,,223.261,-0.0131199999999999,1,6,2,1,0.0,,,0.0,0,0,0,0,0,0,,,,0.0,0.0,0.0,0.0,13.559870550161813,200,,,,,,,,17.453137185235995,4,1.769553456716477,1.2910282611164547,ZINCf5000000aee7_m01_t02,SER17;SER14;SER18;VAL16,1,-6.755703581144116
233,native_first,ZINCf5000000aer8,N#C[C@H]1CCN(c2nnc(C(N)=O)s2)C1,210,210,210,0,1,1,,,,13.236245954692556,,223.261,-0.0131199999999999,1,6,2,1,0.0,,,0.0,0,0,0,0,0,0,,,,0.0,0.0,0.0,0.0,13.236245954692556,210,,,,,,,,17.453137185235995,4,1.7902212786204217,1.2910283154523579,ZINCf5000000aer8_m01_t02,SER17;SER14;SER18;VAL16,2,-6.755703581035526
234,native_first,ZINCf5000002OuYO,O=S(=O)(CBr)N1CCCc2nnc(O)n21,60,60,60,1,1,1,,,,18.09061488673139,,297.134,-0.4499000000000001,1,6,2,1,0.0,,,0.0,0,0,0,0,0,0,,,,0.0,0.0,0.0,0.0,18.09061488673139,60,,,,,,,,17.453137185235995,4,1.837058125298347,2.5067935489243345,ZINCf5000002OuYO_m01_t01,SER17;SER14;SER18;VAL16,2,-37.65532956979685
235,native_first,ZINCf50000009gM9,CN1CCCN(Cc2cnsn2)S1(=O)=O,97,97,97,1,1,1,,,,16.893203883495147,,248.333,-0.0795999999999996,0,5,2,1,0.0,,,0.0,0,0,0,0,0,0,,,,0.0,0.0,0.0,0.0,16.893203883495147,97,,,,,,,,17.453137185235995,4,1.8487065165455607,1.839618665155473,ZINCf50000009gM9_m01_t01,SER17;SER14;SER18;VAL16,1,-183.48330806369538
236,native_first,ZINCf500000098P6,CC[C@H](O)Cn1c(=O)c(I)cn(C)c1=O,43,43,43,1,1,1,,,,18.640776699029125,,324.11800000000005,-0.0774999999999999,1,5,3,1,0.0,,,0.0,0,0,0,0,0,0,,,,0.0,0.0,0.0,0.0,18.640776699029125,43,,,,,,,,17.453137185235995,4,1.8838277945390942,1.8749957205483578,ZINCf500000098P6_m01_t01,SER17;SER14;SER18;VAL16,0,-38.581477451369295
237,native_first,ZINCf50000035qqt,CCON(C)S(=O)(=O)c1cn(CC)nn1,68,68,68,1,1,1,,,,17.831715210355988,,234.281,-0.1299999999999999,0,6,5,1,0.0,,,0.0,0,0,0,0,0,0,,,,0.0,0.0,0.0,0.0,17.831715210355988,68,,,,,,,,17.453137185235995,4,2.0031623129332856,1.9980123909741927,ZINCf50000035qqt_m01_t01,SER17;SER14;SER18;VAL16,0,52.25897363082378
238,native_first,ZINCf5000000a5xj,C[S@@](=O)c1nncn1Cc1ncccn1,259,259,259,0,0,1,,,,11.650485436893204,,223.261,-0.1462000000000001,0,6,3,1,0.0,,,0.0,0,0,0,0,0,0,,,,0.0,0.0,0.0,0.0,11.650485436893204,259,,,,,,,,17.453137185235995,4,2.1267727406611896,1.722235441275653,ZINCf5000000a5xj_m01_t01,SER17;SER14;SER18;VAL16,2,-6.553149395624617
239,native_first,ZINCf50000031AOO,COC(=O)[C@@H](C)n1c(O)ncc(I)c1=O,20,20,20,1,1,1,,,,19.385113268608414,,324.07400000000007,0.2874999999999998,1,6,2,1,0.0,,,0.0,0,0,0,0,0,0,,,,0.0,0.0,0.0,0.0,19.385113268608414,20,,,,,,,,17.453137185235995,4,2.35447440113801,2.4715449924425497,ZINCf50000031AOO_m01_t07,SER17;SER14;SER18;VAL16,0,0.7501756063422664
240,native_first,ZINCf5000001sFyK,COC(=O)C1COCCN1S(=O)(=O)CI,19,19,19,1,1,1,,,,19.41747572815534,,349.146,-0.4175,0,5,3,1,0.0,,,0.0,0,0,0,0,0,0,,,,0.0,0.0,0.0,0.0,19.41747572815534,19,,,,,,,,17.453137185235995,4,2.4530566558300246,2.0496656425701727,ZINCf5000001sFyK_m01_t01,SER17;SER14;SER18;VAL16,1,46.015488046590974
241,native_first,ZINCf5000002armR,COC(=O)[C@H]1COCCN1S(=O)(=O)CI,29,29,29,1,1,1,,,,19.093851132686083,,349.146,-0.4175,0,5,3,1,0.0,,,0.0,0,0,0,0,0,0,,,,0.0,0.0,0.0,0.0,19.093851132686083,29,,,,,,,,17.453137185235995,4,2.4530566558300246,2.0496656425701727,ZINCf5000002armR_m01_t01,SER17;SER14;SER18;VAL16,1,46.015488046590974
242,native_first,ZINCf50000009rWL,COC(=O)[C@H]1COCCN1S(=O)(=O)CBr,139,139,139,1,1,1,,,,15.533980582524272,,302.146,-0.4575999999999998,0,5,3,1,0.0,,,0.0,0,0,0,0,0,0,,,,0.0,0.0,0.0,0.0,15.533980582524272,139,,,,,,,,17.453137185235995,4,2.4577701310730373,2.0573582121867093,ZINCf50000009rWL_m01_t01,SER17;SER14;SER18;VAL16,1,51.32325581538378
243,native_first,ZINCf50000009GcB,CS(=O)(=O)c1ncnn1C[C@@H]1CCCO1,99,99,99,1,1,1,,,,16.828478964401295,,231.277,-0.1394000000000004,0,6,3,1,0.0,,,0.0,0,0,0,0,0,0,,,,0.0,0.0,0.0,0.0,16.828478964401295,99,,,,,,,,17.453137185235995,4,2.5744062635642826,1.9694746842965933,ZINCf50000009GcB_m01_t01,SER17;SER14;SER18;VAL16,1,40.38715930446347
244,native_first,ZINCf5000000ay0Z,O=c1ncc(I)cn1CC1(CO)COC1,63,63,63,1,1,1,,,,17.993527508090615,,322.10200000000015,-0.1432,1,5,3,1,0.0,,,0.0,0,0,0,0,0,0,,,,0.0,0.0,0.0,0.0,17.993527508090615,63,,,,,,,,17.453137185235995,4,2.9545491318649644,1.71248309741502,ZINCf5000000ay0Z_m01_t01,SER17;SER14;SER18;VAL16,3,-15.322563463988136
245,native_first,ZINCf500000093ff,CCS(=O)(=O)CCn1cnc([S@](C)=O)n1,285,285,285,0,0,1,,,,10.809061488673139,,251.333,-0.5498000000000003,0,6,5,1,0.0,,,0.0,0,0,0,0,0,0,,,,0.0,0.0,0.0,0.0,10.809061488673139,285,,,,,,,,17.180057001916882,4,1.9320189308202733,2.3555246507098646,ZINCf500000093ff_m01_t01,SER17;GLU21;SER18;ALA25,2,1.5278850682752898
246,native_first,ZINCf5000001onov,CS(=O)(=O)O[C@@H]1CSC[C@@H]1OS(C)(=O)=O,174,174,174,1,1,1,,,,14.401294498381876,,276.357,-0.5771999999999999,0,7,4,1,0.0,,,0.0,0,0,0,0,0,0,,,,0.0,0.0,0.0,0.0,14.401294498381876,174,,,,,,,,16.878160091399053,4,1.412725965670084,2.0551722955950473,ZINCf5000001onov_m01_t01,SER17;LEU20;SER18;VAL16,0,-33.23840507278044
247,native_first,ZINCf50000018cVh,O=[N+]([O-])c1cnn(CC2COCOC2)n1,284,284,284,0,0,1,,,,10.841423948220065,,214.18099999999995,-0.1932000000000002,0,7,3,1,0.0,,,0.0,0,0,0,0,0,0,,,,0.0,0.0,0.0,0.0,10.841423948220065,284,,,,,,,,16.878160091399053,4,1.7993707392840306,1.9265820537072378,ZINCf50000018cVh_m01_t01,SER17;LEU20;SER18;VAL16,1,39.78301575007501
248,native_first,ZINCf5000000aa4c,Cn1c([N+](=O)[O-])cnc1Cn1cncn1,224,224,224,0,1,1,,,,12.783171521035598,,208.181,-0.0319,0,7,3,1,0.0,,,0.0,0,0,0,0,0,0,,,,0.0,0.0,0.0,0.0,12.783171521035598,224,,,,,,,,16.878160091399053,4,1.8485437248660397,2.4952451686270343,ZINCf5000000aa4c_m01_t01,SER17;LEU20;SER18;VAL16,3,25.690079471151794
249,native_first,ZINCf50000008ExI,C=C(CO)Cn1c(=O)c(I)cn(C)c1=O,153,153,153,1,1,1,,,,15.080906148867314,,322.1020000000001,-0.2998999999999998,1,5,3,1,0.0,,,0.0,0,0,0,0,0,0,,,,0.0,0.0,0.0,0.0,15.080906148867314,153,,,,,,,,16.788380924942604,3,1.2613259475653062,2.1342505608260365,ZINCf50000008ExI_m01_t01,SER17;THR13;SER14,2,-54.22591129203833
250,native_first,ZINCf50000009aGz,CCn1cnnc1S(=O)(=O)[C@H]1CCOC1,109,109,109,1,1,1,,,,16.50485436893204,,231.277,-0.1393999999999999,0,6,3,1,0.0,,,0.0,0,0,0,0,0,0,,,,0.0,0.0,0.0,0.0,16.50485436893204,109,,,,,,,,16.788380924942604,3,1.377965295857784,2.2651850066146815,ZINCf50000009aGz_m01_t01,SER17;THR13;SER14,2,-1.4656712036833421
251,native_first,ZINCf50000009GcH,CS(=O)(=O)c1ncnn1Cc1ccon1,94,94,94,1,1,1,,,,16.990291262135923,,228.233,-0.2821000000000004,0,7,3,1,0.0,,,0.0,0,0,0,0,0,0,,,,0.0,0.0,0.0,0.0,16.990291262135923,94,,,,,,,,16.788380924942604,3,1.4148880962135946,2.4209744473380916,ZINCf50000009GcH_m01_t01,SER17;THR13;SER14,2,36.56841066448685
252,native_first,ZINCf50000024Rar,O=S(=O)(CI)N1CC2(C1)OCCC[C@H]2O,81,81,81,1,1,1,,,,17.411003236245953,,347.1740000000001,-0.0655999999999996,1,4,2,1,0.0,,,0.0,0,0,0,0,0,0,,,,0.0,0.0,0.0,0.0,17.411003236245953,81,,,,,,,,16.788380924942604,3,1.461628995784556,2.5171886543607473,ZINCf50000024Rar_m01_t01,SER17;THR13;SER14,3,22.543288421461035
253,native_first,ZINCf50000009Gcz,CS(=O)(=O)c1ncnn1CCOC(F)F,88,88,88,1,1,1,,,,17.184466019417478,,241.219,-0.0792000000000003,0,6,5,1,0.0,,,0.0,0,0,0,0,0,0,,,,0.0,0.0,0.0,0.0,17.184466019417478,88,,,,,,,,16.788380924942604,3,1.47770244285463,2.4960348235711067,ZINCf50000009Gcz_m01_t01,SER17;THR13;SER14,0,19.840997342856063
254,native_first,ZINCf5000002sGi6,O=S(=O)(CI)N1CCO[C@H](C2(O)CC2)C1,143,143,143,1,1,1,,,,15.404530744336569,,347.1740000000001,-0.0656000000000001,1,4,3,1,0.0,,,0.0,0,0,0,0,0,0,,,,0.0,0.0,0.0,0.0,15.404530744336569,143,,,,,,,,16.788380924942604,3,1.5363169791688227,2.647526971050811,ZINCf5000002sGi6_m01_t01,SER17;THR13;SER14,0,50.48750487346177
255,native_first,ZINCf5000000Zqwq,C=C1CON(S(=O)(=O)c2cncn2C)C1,237,237,237,0,1,1,,,,12.362459546925567,,229.261,-0.0878000000000001,0,5,2,1,0.0,,,0.0,0,0,0,0,0,0,,,,0.0,0.0,0.0,0.0,12.362459546925567,237,,,,,,,,16.46550817778059,3,1.4057868775463909,2.358085868746347,ZINCf5000000Zqwq_m01_t01,SER17;GLU21;LEU20,0,-14.932414230177548
256,native_first,ZINCf5000003qCMi,O=C(Nn1ccnn1)[C@]1(Br)[C@@H]2COC[C@@H]21,261,261,261,0,0,1,,,,11.585760517799354,,273.09,-0.2419000000000002,1,5,2,1,0.0,,,0.0,0,0,0,0,0,0,,,,0.0,0.0,0.0,0.0,11.585760517799354,261,,,,,,,,15.798583229291784,3,1.0536825640334653,1.7941338880060929,ZINCf5000003qCMi_m01_t02,SER17;GLU21;SER18,2,-24.815745155891136
257,native_first,ZINCf50000031xHn,Cn1cc(S(=O)(=O)N2CC=CCO2)cn1,247,247,247,0,1,1,,,,12.038834951456312,,229.261,-0.0878000000000001,0,5,2,1,0.0,,,0.0,0,0,0,0,0,0,,,,0.0,0.0,0.0,0.0,12.038834951456312,247,,,,,,,,15.798583229291784,3,1.1308208853884198,1.7778300183596467,ZINCf50000031xHn_m01_t01,SER17;GLU21;SER18,1,33.84886885927718
258,native_first,ZINCf50000025tBQ,O=S(=O)(CI)N1CC[C@@H](c2nn[nH]n2)C1,140,140,140,1,1,1,,,,15.501618122977348,,343.15000000000003,-0.2887000000000002,1,5,3,1,0.0,,,0.0,0,0,0,0,0,0,,,,0.0,0.0,0.0,0.0,15.501618122977348,140,,,,,,,,15.798583229291784,3,1.1331181269501365,1.2218118449522402,ZINCf50000025tBQ_m01_t01,SER17;GLU21;SER18,0,-12.854161544798284
259,native_first,ZINCf5000000aakf,Cn1cc(CCS(=O)(=O)CCC#N)nn1,135,135,135,1,1,1,,,,15.663430420711975,,228.277,-0.3139200000000002,0,6,5,1,0.0,,,0.0,0,0,0,0,0,0,,,,0.0,0.0,0.0,0.0,15.663430420711975,135,,,,,,,,15.798583229291784,3,1.1358484881420847,1.4145748231706226,ZINCf5000000aakf_m01_t01,SER17;GLU21;SER18,0,-46.58874127701226
260,native_first,ZINCf50000017DqO,CN(CCS(C)(=O)=O)c1nnc(C#N)s1,164,164,164,1,1,1,,,,14.724919093851133,,246.317,-0.1094199999999996,0,7,4,1,0.0,,,0.0,0,0,0,0,0,0,,,,0.0,0.0,0.0,0.0,14.724919093851133,164,,,,,,,,15.798583229291784,3,1.1390095374164186,1.0001171728377198,ZINCf50000017DqO_m01_t01,SER17;GLU21;SER18,2,-2.9573492704311475
261,native_first,ZINCf5000003qCNc,O=C(NN1CCS(=O)(=O)CC1)C1(I)CC1,181,181,181,1,1,1,,,,14.174757281553399,,344.17400000000004,-0.2844000000000002,1,4,2,1,0.0,,,0.0,0,0,0,0,0,0,,,,0.0,0.0,0.0,0.0,14.174757281553399,181,,,,,,,,15.798583229291784,3,1.1406734616366092,1.179887657488283,ZINCf5000003qCNc_m01_t02,SER17;GLU21;SER18,3,4.247565937790868
262,native_first,ZINCf5000003p5LK,CNS(=O)(=O)N1CC(n2nncc2I)C1,233,233,233,0,1,1,,,,12.491909385113269,,343.1500000000001,-0.7964,1,5,3,1,0.0,,,0.0,0,0,0,0,0,0,,,,0.0,0.0,0.0,0.0,12.491909385113269,233,,,,,,,,15.798583229291784,3,1.1522537468626461,1.2760563600908357,ZINCf5000003p5LK_m01_t01,SER17;GLU21;SER18,1,-177.1581941463922
263,native_first,ZINCf5000001ZsyW,O=S1(=O)CC[C@@H]2CN(S(=O)(=O)CBr)C[C@@H]21,207,207,207,0,1,1,,,,13.333333333333334,,318.21400000000006,-0.2124999999999997,0,4,2,1,0.0,,,0.0,0,0,0,0,0,0,,,,0.0,0.0,0.0,0.0,13.333333333333334,207,,,,,,,,15.798583229291784,3,1.1529399920566612,1.1548811397936738,ZINCf5000001ZsyW_m01_t01,SER17;GLU21;SER18,3,-24.54561321111258
264,native_first,ZINCf50000029YkI,O=S(=O)(CI)N1CC(Cn2ccnn2)C1,229,229,229,0,1,1,,,,12.62135922330097,,342.1620000000001,-0.0678,0,5,4,1,0.0,,,0.0,0,0,0,0,0,0,,,,0.0,0.0,0.0,0.0,12.62135922330097,229,,,,,,,,15.798583229291784,3,1.154627395267324,1.0600270309944815,ZINCf50000029YkI_m01_t01,SER17;GLU21;SER18,2,-29.997681142876754
265,native_first,ZINCf50000031CUy,O=c1c(I)cnc(O)n1Cc1ncon1,50,50,50,1,1,1,,,,18.414239482200646,,320.04600000000005,-0.0152000000000001,1,7,2,1,0.0,,,0.0,0,0,0,0,0,0,,,,0.0,0.0,0.0,0.0,18.414239482200646,50,,,,,,,,15.798583229291784,3,1.1683619635031957,1.682256965994337,ZINCf50000031CUy_m01_t03,SER17;GLU21;SER18,0,-64.43417833919904
266,native_first,ZINCf50000009gM7,CN1CCCN(Cc2cnns2)S1(=O)=O,87,87,87,1,1,1,,,,17.216828478964402,,248.333,-0.0796000000000001,0,5,2,1,0.0,,,0.0,0,0,0,0,0,0,,,,0.0,0.0,0.0,0.0,17.216828478964402,87,,,,,,,,15.798583229291784,3,1.1705055512298292,1.0162543480626984,ZINCf50000009gM7_m01_t01,SER17;GLU21;SER18,0,-204.4924866854392
267,native_first,ZINCf50000029dyD,O=C1N[C@@H]2CCN(S(=O)(=O)CI)C[C@@H]2O1,51,51,51,1,1,1,,,,18.381877022653722,,346.1460000000001,-0.1086000000000002,1,4,2,1,0.0,,,0.0,0,0,0,0,0,0,,,,0.0,0.0,0.0,0.0,18.381877022653722,51,,,,,,,,15.798583229291784,3,1.183863676973226,1.1702497595957542,ZINCf50000029dyD_m01_t02,SER17;GLU21;SER18,2,-53.64908448465737
268,native_first,ZINCf5000002mEQg,O=C1N[C@H]2CCN(S(=O)(=O)CI)C[C@H]2O1,61,61,61,1,1,1,,,,18.058252427184467,,346.1460000000001,-0.1086000000000002,1,4,2,1,0.0,,,0.0,0,0,0,0,0,0,,,,0.0,0.0,0.0,0.0,18.058252427184467,61,,,,,,,,15.798583229291784,3,1.2449627941840553,1.1372316282960726,ZINCf5000002mEQg_m01_t01,SER17;GLU21;SER18,2,-49.7394993401114
269,native_first,ZINCf50000009ikJ,CN1[C@@H](Cn2ccsc2=O)CCS1(=O)=O,107,107,107,1,1,1,,,,16.569579288025892,,248.32899999999995,-0.0562999999999997,0,5,2,1,0.0,,,0.0,0,0,0,0,0,0,,,,0.0,0.0,0.0,0.0,16.569579288025892,107,,,,,,,,15.798583229291784,3,1.2546755481472336,1.0935136395787481,ZINCf50000009ikJ_m01_t01,SER17;GLU21;SER18,0,-32.51061201898222
270,native_first,ZINCf50000028JCs,Cn1cc(I)c(=O)n(C[C@@H]2CCO2)c1=O,27,27,27,1,1,1,,,,19.158576051779935,,322.10200000000015,-0.0594999999999998,0,5,2,1,0.0,,,0.0,0,0,0,0,0,0,,,,0.0,0.0,0.0,0.0,19.158576051779935,27,,,,,,,,15.798583229291784,3,1.2616742142532043,2.002416819477346,ZINCf50000028JCs_m01_t01,SER17;GLU21;SER18,1,-32.201420218341504
271,native_first,ZINCf5000000aavy,Cn1cc(I)c(=O)n(C[C@H]2CCO2)c1=O,17,17,17,1,1,1,,,,19.48220064724919,,322.10200000000015,-0.0594999999999998,0,5,2,1,0.0,,,0.0,0,0,0,0,0,0,,,,0.0,0.0,0.0,0.0,19.48220064724919,17,,,,,,,,15.798583229291784,3,1.2616746670167525,2.0024176554363753,ZINCf5000000aavy_m01_t01,SER17;GLU21;SER18,1,-32.201420218106634
272,native_first,ZINCf5000000ZvbA,C[C@H]1[C@H](O)CN1c1ncc([N+](=O)[O-])cn1,250,250,250,0,0,1,,,,11.941747572815535,,210.193,-0.0458,1,6,2,1,0.0,,,0.0,0,0,0,0,0,0,,,,0.0,0.0,0.0,0.0,11.941747572815535,250,,,,,,,,15.798583229291784,3,1.2634138814247275,1.8313300279790885,ZINCf5000000ZvbA_m01_t01,SER17;GLU21;SER18,1,-5.865421600659188
273,native_first,ZINCf5000000WzE6,CC1(O)CN(c2ncc([N+](=O)[O-])cn2)C1,230,230,230,0,1,1,,,,12.588996763754047,,210.193,-0.0442,1,6,2,1,0.0,,,0.0,0,0,0,0,0,0,,,,0.0,0.0,0.0,0.0,12.588996763754047,230,,,,,,,,15.798583229291784,3,1.265120351781265,1.8415924926183322,ZINCf5000000WzE6_m01_t01,SER17;GLU21;SER18,0,-4.890584095265058
274,native_first,ZINCf5000000alsm,NS(=O)(=O)C1CN(c2ncc(Br)cn2)C1,180,180,180,1,1,1,,,,14.207119741100325,,293.146,-0.2837999999999998,1,5,2,1,0.0,,,0.0,0,0,0,0,0,0,,,,0.0,0.0,0.0,0.0,14.207119741100325,180,,,,,,,,15.798583229291784,3,1.2686478440431457,1.330465325853291,ZINCf5000000alsm_m01_t01,SER17;GLU21;SER18,1,-140.29299142321537
275,native_first,ZINCf5000000Zv9Z,C[C@H]1[C@@H](O)CN1c1ncc([N+](=O)[O-])cn1,240,240,240,0,1,1,,,,12.265372168284792,,210.193,-0.0458,1,6,2,1,0.0,,,0.0,0,0,0,0,0,0,,,,0.0,0.0,0.0,0.0,12.265372168284792,240,,,,,,,,15.798583229291784,3,1.2689474377623438,1.8467285516336631,ZINCf5000000Zv9Z_m01_t01,SER17;GLU21;SER18,0,-3.56013147821979
276,native_first,ZINCf5000001HsM3,CN1CC2(CN(S(=O)(=O)CI)C2)OC1=O,47,47,47,1,1,1,,,,18.511326860841425,,346.14600000000013,-0.1548999999999998,0,4,2,1,0.0,,,0.0,0,0,0,0,0,0,,,,0.0,0.0,0.0,0.0,18.511326860841425,47,,,,,,,,15.798583229291784,3,1.2738260654398694,1.078505379082286,ZINCf5000001HsM3_m01_t01,SER17;GLU21;SER18,0,-46.50074698665958
277,native_first,ZINCf5000000absw,Cn1cnnc1C1CN(S(=O)(=O)CBr)C1,217,217,217,0,1,1,,,,13.009708737864077,,295.16200000000003,-0.1035000000000001,0,5,3,1,0.0,,,0.0,0,0,0,0,0,0,,,,0.0,0.0,0.0,0.0,13.009708737864077,217,,,,,,,,15.798583229291784,3,1.2999428834795639,1.490920850103447,ZINCf5000000absw_m01_t01,SER17;GLU21;SER18,2,-14.799399167607282
278,native_first,ZINCf5000002Kqsj,Cn1cc(I)c(=O)n(CS(C)(=O)=O)c1=O,79,79,79,1,1,1,,,,17.475728155339805,,344.1300000000001,-0.8462999999999998,0,6,2,1,0.0,,,0.0,0,0,0,0,0,0,,,,0.0,0.0,0.0,0.0,17.475728155339805,79,,,,,,,,15.798583229291784,3,1.3065540900355446,1.6357278384498963,ZINCf5000002Kqsj_m01_t01,SER17;GLU21;SER18,0,-48.85984080573438
279,native_first,ZINCf5000003qe8D,NS(=O)(=O)C1CN(c2ncncc2I)C1,70,70,70,1,1,1,,,,17.766990291262136,,340.1460000000001,-0.4416999999999997,1,5,2,1,0.0,,,0.0,0,0,0,0,0,0,,,,0.0,0.0,0.0,0.0,17.766990291262136,70,,,,,,,,15.798583229291784,3,1.3076087317531155,1.8177317882785342,ZINCf5000003qe8D_m01_t01,SER17;GLU21;SER18,1,-109.03536584238243
280,native_first,ZINCf5000002e22i,CN(C)S(=O)(=O)CCCNS(=O)(=O)CI,282,282,282,0,0,1,,,,10.906148867313917,,370.234,-0.4201999999999994,1,4,7,1,0.0,,,0.0,0,0,0,0,0,0,,,,0.0,0.0,0.0,0.0,10.906148867313917,282,,,,,,,,15.798583229291784,3,1.3191778384938624,2.087182047887139,ZINCf5000002e22i_m01_t01,SER17;GLU21;SER18,0,-107.32376212938718
281,native_first,ZINCf500000181iC,N#CC1CN(S(=O)(=O)Cc2csnn2)C1,264,264,264,0,0,1,,,,11.488673139158577,,244.301,-0.17672,0,6,3,1,0.0,,,0.0,0,0,0,0,0,0,,,,0.0,0.0,0.0,0.0,11.488673139158577,264,,,,,,,,15.798583229291784,3,1.327059558017563,1.958104104441267,ZINCf500000181iC_m01_t01,SER17;GLU21;SER18,1,-45.211910373586285
282,native_first,ZINCf5000000ac7N,Cn1nccc1Cn1ncc([N+](=O)[O-])n1,234,234,234,0,1,1,,,,12.459546925566343,,208.181,-0.0319000000000002,0,7,3,1,0.0,,,0.0,0,0,0,0,0,0,,,,0.0,0.0,0.0,0.0,12.459546925566343,234,,,,,,,,15.798583229291784,3,1.336289256579142,2.047529061947526,ZINCf5000000ac7N_m01_t01,SER17;GLU21;SER18,0,100.4777276682427
283,native_first,ZINCf50000024Fgs,O=c1c(I)cncn1CC1(CO)COC1,73,73,73,1,1,1,,,,17.66990291262136,,322.10200000000015,-0.1432,1,5,3,1,0.0,,,0.0,0,0,0,0,0,0,,,,0.0,0.0,0.0,0.0,17.66990291262136,73,,,,,,,,15.798583229291784,3,1.3435826523468515,2.1618197588638073,ZINCf50000024Fgs_m01_t01,SER17;GLU21;SER18,0,-18.544364970307626
284,native_first,ZINCf5000002OfyI,CS(=O)(=O)CS(=O)(=O)C[C@H](C#N)C(F)F,85,85,85,1,1,1,,,,17.281553398058254,,261.271,-0.1918200000000001,0,5,5,1,0.0,,,0.0,0,0,0,0,0,0,,,,0.0,0.0,0.0,0.0,17.281553398058254,85,,,,,,,,15.798583229291784,3,1.344846620547852,2.2093699662638753,ZINCf5000002OfyI_m01_t01,SER17;GLU21;SER18,3,-109.16126568129246
285,native_first,ZINCf50000009aLd,CCn1ncc(Cn2cc(C#N)nn2)n1,114,114,114,1,1,1,,,,16.34304207119741,,203.209,-0.1905200000000002,0,7,3,1,0.0,,,0.0,0,0,0,0,0,0,,,,0.0,0.0,0.0,0.0,16.34304207119741,114,,,,,,,,15.798583229291784,3,1.3541328381760414,1.9816220139572296,ZINCf50000009aLd_m01_t01,SER17;GLU21;SER18,3,45.56593845663347
286,native_first,ZINCf5000002mBmF,CN(Cn1cncc(I)c1=O)S(C)(=O)=O,39,39,39,1,1,1,,,,18.77022653721683,,343.1460000000001,-0.3031999999999999,0,5,3,1,0.0,,,0.0,0,0,0,0,0,0,,,,0.0,0.0,0.0,0.0,18.77022653721683,39,,,,,,,,15.798583229291784,3,1.3600618209234203,1.706371004394413,ZINCf5000002mBmF_m01_t01,SER17;GLU21;SER18,3,-120.47655081636712
287,native_first,ZINCf50000008EXD,C=C1CON(S(=O)(=O)c2cn(C)cn2)C1,227,227,227,0,1,1,,,,12.686084142394822,,229.261,-0.0878000000000001,0,5,2,1,0.0,,,0.0,0,0,0,0,0,0,,,,0.0,0.0,0.0,0.0,12.686084142394822,227,,,,,,,,15.798583229291784,3,1.3750454824530505,2.333174016810495,ZINCf50000008EXD_m01_t01,SER17;GLU21;SER18,2,96.28655341495065
288,native_first,ZINCf5000002aWhm,O=S1(=O)CCN(c2cnc(I)nc2)CN1,121,121,121,1,1,1,,,,16.116504854368934,,340.146,-0.2218999999999997,1,5,1,1,0.0,,,0.0,0,0,0,0,0,0,,,,0.0,0.0,0.0,0.0,16.116504854368934,121,,,,,,,,15.798583229291784,3,1.3861512885203258,1.3093120701491656,ZINCf5000002aWhm_m01_t01,SER17;GLU21;SER18,0,-143.35239705428197
289,native_first,ZINCf5000003pCdO,COC(=O)[C@@H](C)N(OC)S(=O)(=O)CC#N,185,185,185,1,1,1,,,,14.045307443365697,,236.249,-0.7353199999999995,0,6,5,1,0.0,,,0.0,0,0,0,0,0,0,,,,0.0,0.0,0.0,0.0,14.045307443365697,185,,,,,,,,15.798583229291784,3,1.3971552699432275,2.2495810296841463,ZINCf5000003pCdO_m01_t02,SER17;GLU21;SER18,1,15.074645397830249
290,native_first,ZINCf5000002dYpi,Cn1nnnc1CNC(=O)[C@H]1C[C@]1(F)Br,173,173,173,1,1,1,,,,14.433656957928804,,278.085,-0.0931000000000005,1,5,3,1,0.0,,,0.0,0,0,0,0,0,0,,,,0.0,0.0,0.0,0.0,14.433656957928804,173,,,,,,,,15.798583229291784,3,1.444946107185706,2.2791847090829633,ZINCf5000002dYpi_m01_t02,SER17;GLU21;SER18,0,-58.46592215372318
291,native_first,ZINCf5000003638i,NS(=O)(=O)C1CN(c2ccnc(I)n2)C1,80,80,80,1,1,1,,,,17.44336569579288,,340.146,-0.4417000000000002,1,5,2,1,0.0,,,0.0,0,0,0,0,0,0,,,,0.0,0.0,0.0,0.0,17.44336569579288,80,,,,,,,,15.798583229291784,3,1.4484717161854985,1.6236778554738407,ZINCf5000003638i_m01_t01,SER17;GLU21;SER18,1,-148.01193218109415
292,native_first,ZINCf5000002dYoa,Cn1nnc(CNC(=O)[C@H]2C[C@]2(F)Br)n1,163,163,163,1,1,1,,,,14.757281553398059,,278.085,-0.0931000000000001,1,5,3,1,0.0,,,0.0,0,0,0,0,0,0,,,,0.0,0.0,0.0,0.0,14.757281553398059,163,,,,,,,,15.798583229291784,3,1.48944497612787,2.185351628057887,ZINCf5000002dYoa_m01_t03,SER17;GLU21;SER18,2,15.122658219172331
293,native_first,ZINCf5000002Kuqf,N#Cc1cc(I)cn(CS(N)(=O)=O)c1=O,260,260,260,0,0,1,,,,11.618122977346278,,339.1140000000001,-0.4294200000000001,1,5,2,1,0.0,,,0.0,0,0,0,0,0,0,,,,0.0,0.0,0.0,0.0,11.618122977346278,260,,,,,,,,15.798583229291784,3,1.510156987896568,2.4771089888296265,ZINCf5000002Kuqf_m01_t01,SER17;GLU21;SER18,2,-35.97632679256317
294,native_first,ZINCf50000026YZ4,CN(C)c1nnc(CNS(=O)(=O)CBr)o1,235,235,235,0,1,1,,,,12.427184466019419,,299.15,-0.0925999999999997,1,6,5,1,0.0,,,0.0,0,0,0,0,0,0,,,,0.0,0.0,0.0,0.0,12.427184466019419,235,,,,,,,,15.798583229291784,3,1.6333760791269532,1.61879417867451,ZINCf50000026YZ4_m01_t01,SER17;GLU21;SER18,0,-61.14110254957191
295,native_first,ZINCf5000003qnGH,O=C(C[C@@H](F)Cl)N1CCn2nnnc2C1,147,147,147,1,1,1,,,,15.275080906148869,,233.634,-0.0602000000000002,0,5,2,1,0.0,,,0.0,0,0,0,0,0,0,,,,0.0,0.0,0.0,0.0,15.275080906148869,147,,,,,,,,15.798583229291784,3,1.6856296716624322,1.903140344917227,ZINCf5000003qnGH_m01_t01,SER17;GLU21;SER18,0,-36.33148417694298
296,native_first,ZINCf5000001wb0h,COC(=O)C#CC1CN(S(=O)(=O)CBr)C1,127,127,127,1,1,1,,,,15.922330097087379,,296.14200000000005,-0.2231999999999998,0,4,2,1,0.0,,,0.0,0,0,0,0,0,0,,,,0.0,0.0,0.0,0.0,15.922330097087379,127,,,,,,,,15.798583229291784,3,1.7281832973794826,2.4107232255863664,ZINCf5000001wb0h_m01_t01,SER17;GLU21;SER18,0,0.5093801017775323
297,native_first,ZINCf5000000aa4b,Cn1c([N+](=O)[O-])cnc1Cn1ccnn1,214,214,214,0,1,1,,,,13.106796116504855,,208.181,-0.0319000000000002,0,7,3,1,0.0,,,0.0,0,0,0,0,0,0,,,,0.0,0.0,0.0,0.0,13.106796116504855,214,,,,,,,,15.787510314601027,3,0.6918833148204216,1.0804992181700495,ZINCf5000000aa4b_m01_t01,GLU9;HIS7;HIS7,1,18.66533771671304
298,native_first,ZINCf50000009YGE,C[C@H](NC=C(C#N)C#N)c1nnnn1C,276,276,276,0,0,1,,,,11.10032362459547,,203.20900000000003,-0.2082400000000004,1,7,3,1,0.0,,,0.0,0,0,0,0,0,0,,,,0.0,0.0,0.0,0.0,11.10032362459547,276,,,,,,,,15.325498928373916,4,1.4410454817900702,2.0647302216230607,ZINCf50000009YGE_m01_t02,TYR19;LEU20;VAL16;TYR19,1,28.652531125032343
299,native_first,ZINCf5000002JlXX,Cn1nnc(-c2cnn(CCC#N)c2)n1,54,54,54,1,1,1,,,,18.284789644012946,,203.209,-0.0127200000000002,0,7,3,1,0.0,,,0.0,0,0,0,0,0,0,,,,0.0,0.0,0.0,0.0,18.284789644012946,54,,,,,,,,15.325498928373916,4,1.7001665291451855,2.004457618448189,ZINCf5000002JlXX_m01_t01,TYR19;LEU20;VAL16;TYR19,1,5.168957504830679
300,native_first,ZINCf50000008VQg,CCN(C#N)CCn1cnnc1[S@@](C)=O,268,268,268,0,0,1,,,,11.359223300970875,,227.293,-0.1815200000000001,0,6,5,1,0.0,,,0.0,0,0,0,0,0,0,,,,0.0,0.0,0.0,0.0,11.359223300970875,268,,,,,,,,15.325498928373916,4,2.0919554328704257,2.1451078186636265,ZINCf50000008VQg_m01_t01,TYR19;LEU20;VAL16;TYR19,2,-22.204059510243233
301,native_first,ZINCf5000000acNK,Cn1nncc1Cn1nccc1[N+](=O)[O-],244,244,244,0,1,1,,,,12.135922330097088,,208.181,-0.0319000000000002,0,7,3,1,0.0,,,0.0,0,0,0,0,0,0,,,,0.0,0.0,0.0,0.0,12.135922330097088,244,,,,,,,,14.926650989841324,3,1.4020249494036732,2.365389774756164,ZINCf5000000acNK_m01_t01,SER17;THR13;VAL16,0,9.49861898181068
302,native_first,ZINCf50000009aQK,CCn1ncnc1Cn1cc(C#N)nn1,124,124,124,1,1,1,,,,16.019417475728154,,203.209,-0.1905200000000002,0,7,3,1,0.0,,,0.0,0,0,0,0,0,0,,,,0.0,0.0,0.0,0.0,16.019417475728154,124,,,,,,,,14.926650989841324,3,1.4925531393535438,2.463152028758139,ZINCf50000009aQK_m01_t01,SER17;THR13;VAL16,2,34.8222906043903
303,native_first,ZINCf5000000acD0,Cn1nnc(C[S@@](=O)c2ccccn2)n1,189,189,189,0,1,1,,,,13.915857605177994,,223.261,-0.0870999999999999,0,6,3,1,0.0,,,0.0,0,0,0,0,0,0,,,,0.0,0.0,0.0,0.0,13.915857605177994,189,,,,,,,,14.738388815929534,3,0.7991059134267909,0.8633258484957907,ZINCf5000000acD0_m01_t01,SER17;SER14;SER18,2,44.68933801054658
304,native_first,ZINCf5000000acYB,Cn1nnnc1C[S@](=O)c1ccccn1,199,199,199,0,1,1,,,,13.592233009708739,,223.261,-0.0871000000000006,0,6,3,1,0.0,,,0.0,0,0,0,0,0,0,,,,0.0,0.0,0.0,0.0,13.592233009708739,199,,,,,,,,14.738388815929534,3,1.0649138463794194,0.9709529335028014,ZINCf5000000acYB_m01_t01,SER17;SER14;SER18,1,26.002824342258833
305,native_first,ZINCf5000000acYs,Cn1nnnc1C[S@@](=O)c1ccccn1,209,209,209,0,1,1,,,,13.268608414239484,,223.261,-0.0871000000000006,0,6,3,1,0.0,,,0.0,0,0,0,0,0,0,,,,0.0,0.0,0.0,0.0,13.268608414239484,209,,,,,,,,14.738388815929534,3,1.0649291976525763,0.9709530221303678,ZINCf5000000acYs_m01_t01,SER17;SER14;SER18,0,26.002824136133018
306,native_first,ZINCf5000002585w,Cn1ncn(NC(=O)[C@H]2C[C@H](Br)C2)c1=O,201,201,201,0,1,1,,,,13.527508090614887,,275.106,-0.1746000000000001,1,5,2,1,0.0,,,0.0,0,0,0,0,0,0,,,,0.0,0.0,0.0,0.0,13.527508090614887,201,,,,,,,,14.738388815929534,3,1.305724143602361,1.9517571693130547,ZINCf5000002585w_m01_t03,SER17;SER14;SER18,2,21.670767557958662
307,native_first,ZINCf50000029Y4E,Cn1ncn(NC(=O)[C@H]2C[C@@H](Br)C2)c1=O,211,211,211,0,1,1,,,,13.203883495145632,,275.106,-0.1746000000000001,1,5,2,1,0.0,,,0.0,0,0,0,0,0,0,,,,0.0,0.0,0.0,0.0,13.203883495145632,211,,,,,,,,14.738388815929534,3,1.305724143602361,1.9517571693130547,ZINCf50000029Y4E_m01_t03,SER17;SER14;SER18,2,21.670767557958662
308,native_first,ZINCf5000002dYjP,Cn1ncn(NC(=O)[C@@H]2C[C@]2(F)Br)c1=O,241,241,241,0,1,1,,,,12.233009708737864,,279.069,-0.2674999999999996,1,5,2,1,0.0,,,0.0,0,0,0,0,0,0,,,,0.0,0.0,0.0,0.0,12.233009708737864,241,,,,,,,,14.738388815929534,3,1.3094363603056554,1.9561007024757835,ZINCf5000002dYjP_m01_t03,SER17;SER14;SER18,2,37.846088182001786
309,native_first,ZINCf5000000acd3,Cn1ncn(NC(=O)C2(Br)CCC2)c1=O,131,131,131,1,1,1,,,,15.792880258899677,,275.106,-0.0304999999999999,1,5,2,1,0.0,,,0.0,0,0,0,0,0,0,,,,0.0,0.0,0.0,0.0,15.792880258899677,131,,,,,,,,14.738388815929534,3,1.3621858134945557,1.8898573778033612,ZINCf5000000acd3_m01_t02,SER17;SER14;SER18,1,52.63261938323746
310,native_first,ZINCf5000000acdL,Cn1ncn(NC(=O)[C@]2(C)C[C@@H]2Br)c1=O,191,191,191,0,1,1,,,,13.851132686084142,,275.106,-0.1746000000000001,1,5,2,1,0.0,,,0.0,0,0,0,0,0,0,,,,0.0,0.0,0.0,0.0,13.851132686084142,191,,,,,,,,14.738388815929534,3,1.363932900660626,1.8609643914325613,ZINCf5000000acdL_m01_t02,SER17;SER14;SER18,1,34.708719172709074
