method_a,method_b,n_shared,kendall_tau,spearman_r,jaccard_top10,jaccard_top25,jaccard_top50
full_cascade,stage3_only,310,0.9995824198768138,0.9999919437918358,1.0,1.0,1.0
full_cascade,standard_3d_pharmacophore,310,-0.11406201064829315,-0.16694054417672097,0.3333333333333333,0.1111111111111111,0.08695652173913043
stage3_only,standard_3d_pharmacophore,310,-0.113644430525107,-0.16669805231097368,0.3333333333333333,0.1111111111111111,0.08695652173913043
