method_a,method_b,n_shared,kendall_tau,spearman_r,jaccard_top10,jaccard_top25,jaccard_top50
full_cascade,stage3_only,310,0.3979747364025472,0.5414494931134526,0.0,0.02040816326530612,0.14942528735632185
full_cascade,standard_3d_pharmacophore,310,0.3796429689946758,0.5243852357901075,0.0,0.02040816326530612,0.14942528735632185
stage3_only,standard_3d_pharmacophore,310,0.9816682325921285,0.9919095529509387,1.0,1.0,1.0
