method_a,method_b,n_shared,kendall_tau,spearman_r,jaccard_top10,jaccard_top25,jaccard_top50
full_cascade,stage3_only,310,0.41125378431986637,0.5538854588463712,0.17647058823529413,0.08695652173913043,0.16279069767441862
full_cascade,standard_3d_pharmacophore,310,0.15047499739012424,0.2215821788619196,0.1111111111111111,0.08695652173913043,0.12359550561797752
stage3_only,standard_3d_pharmacophore,310,0.7392212130702579,0.7400390524690768,0.6666666666666666,0.6129032258064516,0.6949152542372882
