stage3_screen_rank,zinc_id,smiles,coverage_pct,anchor_weighted_pct,geometry_penalty_factor,weighted_coverage_pct,features_matched,mw,logp,hbd,hba,rotatable_bonds,lipinski,chemistry_flagged,pains_alert,reactive_flags,hotspot_weighted_pct,hotspot_bits_matched,hotspot_exact_matches,hotspot_compatible_matches,hotspot_exact_residue_count,hotspot_group_count,hotspot_required_groups_pass,native_supported_hotspot_bits_matched,native_supported_hotspot_exact_matches,native_supported_hotspot_exact_residue_count,native_supported_hotspot_weighted_pct,pair_hash_overlap_pct,pair_hash_recall_pct,pair_hash_precision_pct,cascade_score_pct,shortlist_rank,rerank_conformers,best_conformer_id,fit_rmsd_angstrom,mean_pair_distance_error_angstrom,reference_feature_span_angstrom,ligand_feature_span_angstrom,rerank_query_feature_count
1,CHEMBL3315213,O=C(Cn1ccc2cc(-c3cnc4ccccc4c3)ccc21)N[C@@H](Cc1ccccc1)C(=O)O,25.0,24.946819763819402,0.6898209381388801,17.208838613059456,7,449.51000000000016,4.668600000000002,2,4,7,1,,,,33.79822083746637,11,5,6,5,3,1,,,,,21.873595919839385,14.642050748715366,43.21895424836601,24.854752149246128,2,16,9,1.7315711223839862,1.1730507403000938,14.962237934212922,13.827685761326029,28
2,CHEMBL3315209,CC(C)C[C@H](NC(=O)Cn1ccc2cc(-c3cnc4ccccc4c3)ccc21)c1nn[nH]n1,21.428571428571427,21.527267045397863,0.7637487840457798,16.441424029751406,6,439.5230000000001,4.273200000000003,2,6,7,1,,,,33.79822083746637,11,5,6,5,3,1,,,,,19.45773080696334,13.531682431148152,34.61852518738746,23.042853314589102,4,16,8,1.4727587749277171,0.9994476120081269,12.790023064873655,12.43336613992401,28
3,CHEMBL3315202,CC(C)C[C@H](NC(=O)Cn1ccc2cc(-c3cccc4cnccc34)ccc21)C(=O)O,17.857142857142858,18.33427000149602,0.8955021061970079,16.418377401924303,5,415.49300000000017,4.472000000000003,2,4,7,1,,,,30.007752655245646,10,4,6,4,2,1,,,,,18.48767105636552,12.459397651682956,35.81725939320878,21.367691456085552,8,16,14,1.0753128727040822,0.4199880292261975,13.087058989704293,12.921418761982384,28
4,ZINCk800000FCBLz,COCCOCc1ocnc1C(=O)Nc1nnc(O)s1,21.428571428571427,22.066174593310514,0.7321162950191423,16.155005988500022,6,300.296,0.6469999999999998,2,9,7,1,,,,25.65051816665506,9,3,6,3,2,1,,,,,11.129847124076667,7.569942796377337,21.010348583877988,14.760014884721267,41,16,2,1.5566489033232376,1.111884961394825,10.122770668152079,9.500341495322425,28
5,CHEMBL1538066,CC(C)C[C@H](NC(=O)c1[nH]cnc1C(=O)N[C@@H](C)c1ccccc1)C(=O)OCc1ccccc1,21.428571428571427,22.22128380748163,0.7262853210295469,16.13899224380547,6,462.5500000000002,3.7886000000000033,3,5,10,1,,,,28.75775218881076,10,3,7,3,2,1,,,,,11.150976183018283,8.39897454797331,16.585304479114246,15.552670184466402,30,16,7,1.1591242378828908,1.2625963136839098,11.21190880269725,9.695918426510884,28
6,CHEMBL463811,CC(C)C[C@H](NC(=O)Cn1ccc2cc(NS(=O)(=O)c3cccc4cccnc34)ccc21)C(=O)O,21.428571428571427,22.066174593310514,0.7248313635808104,15.994255419481494,6,494.57300000000026,3.6058000000000012,3,6,9,1,,,,35.997125514953936,12,5,7,5,2,1,,,,,20.59579658032982,15.83103743614728,29.46363882130305,24.44612881398585,3,16,5,1.5062847535155772,1.161312558659754,10.122770668152079,9.249942182887466,28
7,CHEMBL3315204,CC(C)C[C@H](NC(=O)Cn1ccc2cc(Nc3ccc4cnccc4c3)ccc21)C(=O)O,21.428571428571427,21.527267045397863,0.7398350773540819,15.926627279753907,6,430.50800000000015,4.548600000000002,3,5,8,1,,,,32.61416334874785,11,4,7,4,2,1,,,,,19.7820350116067,13.949838575889196,33.99462434404201,22.990067095891987,5,16,5,1.6598798377429942,1.0076722670420426,12.790023064873655,13.137373721467496,28
8,CHEMBL3315203,CC(C)C[C@H](NC(=O)Cn1ccc2cc(-c3cncc4ccccc34)ccc21)C(=O)O,17.857142857142858,18.33427000149602,0.8561052900226448,15.696065536984225,5,415.49300000000017,4.472000000000003,2,4,7,1,,,,30.007752655245646,10,4,6,4,2,1,,,,,17.950121338102637,12.051117034262328,35.16174402250353,20.964529167388392,9,16,3,1.1007790697651516,0.7085145624291215,13.087058989704293,13.052169978209816,28
9,ZINCj800000frbcd,COc1cc(C(=O)NOCc2nn[nH]n2)cnc1Br,17.857142857142858,18.646621874888975,0.8305700595312145,15.487325840682583,5,329.11400000000003,0.2273999999999997,2,7,5,1,,,,25.65051816665506,9,3,6,3,2,1,,,,,10.10047976263614,6.614770204095165,21.352207626873447,13.987989363640867,52,16,11,0.9746660926244523,0.8748031171250746,10.122770668152079,9.20708181557202,28
10,ZINCk6000004dcEJ,C[C@H](NCCOCCS(C)(=O)=O)c1n[nH]cc1[N+](=O)[O-],17.857142857142858,18.646621874888975,0.8273361375832959,15.427024120946841,5,306.34400000000005,0.02970000000000056,2,7,9,1,,,,29.359912564617336,9,4,5,4,2,1,,,,,8.67064526635017,5.4533068642510685,21.146849854476972,13.842962090916961,60,16,14,1.1603813481494258,0.8495738662051153,10.122770668152079,10.187053141323476,28
11,ZINCk700000JTLvl,COC[C@](C)(CNC(=O)NCc1ccc[n+]([O-])c1)OC,17.857142857142858,18.646621874888975,0.8207097272024593,15.30346395218754,5,283.32800000000003,0.1707000000000003,2,4,7,1,,,,23.370539704909035,7,3,4,3,2,1,,,,,8.149970538126713,5.24576445763489,18.258278844125712,11.955112829822294,152,16,14,1.0350681006331603,0.8943605796853138,10.122770668152079,9.205328618744295,28
12,ZINCk7000004fBsl,COCc1ncc(C(=O)NS(=O)(=O)c2cnn(C)c2)s1,17.857142857142858,18.646621874888975,0.8163933886307078,15.222978818956092,5,316.36400000000003,0.1417,1,8,5,1,,,,23.003440943939186,8,3,5,3,2,1,,,,,8.816958915441903,5.966355535610643,16.883599529834754,12.363579422566223,124,16,6,1.0952213743357333,0.9626995578213832,10.122770668152079,9.97490073574571,28
13,CHEMBL1453900,Cc1ccc(C(=O)Nc2nnc(N=C(S)Nc3ccccc3)s2)cc1,14.285714285714286,17.368300854772684,0.8676688255468461,15.069933204404899,4,369.4750000000001,4.1282200000000016,3,5,4,1,,,,23.958631846148258,8,3,5,3,2,1,,,,,8.899189337446417,5.4542919267968335,24.155921680993316,12.664049964621876,107,16,0,0.6422963586676741,0.8209968021426076,12.047564276649453,11.00567151523165,28
14,CHEMBL3315193,CC(C)C[C@H](NC(=O)Cn1ccc2cc(-c3cnc4ccccc4c3)ccc21)C(=O)O,21.428571428571427,21.527267045397863,0.6996337362755584,15.061202274773407,6,415.4930000000001,4.472000000000002,2,4,7,1,,,,30.007752655245646,10,4,6,4,2,1,,,,,17.405276848412505,11.718454040741587,33.81555153707053,20.55589580012079,10,16,10,1.844889245795109,1.1102693692148293,12.790023064873655,13.344656391629941,28
15,ZINCk7000004fvZv,COCCn1cc(C(=O)NN(C)c2cnccn2)cn1,17.857142857142858,18.646621874888975,0.8073735190741179,15.054788721973539,5,276.3,0.10069999999999957,1,7,6,1,,,,23.003440943939186,8,3,5,3,2,1,,,,,9.10545201086599,5.922116756725176,19.68888349808964,12.579949244134289,112,16,2,1.2907088271379814,0.8684824344787836,10.122770668152079,9.850325970488834,28
16,ZINCk800000PCx9Y,O=[N+]([O-])c1ccc(S(=O)(=O)NCCO[C@H]2CCOC2)o1,17.857142857142858,18.614658157328254,0.8041331322855326,14.96866337047681,5,306.29600000000005,0.27159999999999984,1,7,7,1,,,,30.094957272000688,9,5,4,5,2,1,,,,,10.547364891880108,6.891202121078383,22.467740093639367,15.434262986910252,31,16,14,1.1104563597827104,0.9189856144744741,7.8947932208513265,6.84547700487782,28
17,ZINCk600000Gghn9,O=CNCC(=O)N1CCOc2cc([N+](=O)[O-])ccc2C1,14.285714285714286,15.882058156883279,0.9366857785047747,14.876498008938322,4,279.25200000000007,0.06179999999999941,1,5,4,1,,,,26.753501871115127,8,4,4,4,2,1,,,,,9.006263650717804,5.451347181604184,25.88877602844083,13.443073205817136,78,16,5,0.5209486960733757,0.5520397461633931,6.493394566788621,6.732085597272893,28
18,ZINCk8000004i6V5,CN(Cc1cnccn1)C(=O)c1cccnc1C(N)=O,17.857142857142858,18.614658157328254,0.7911478035271898,14.726945914579735,5,271.28,0.24270000000000025,1,5,4,1,,,,23.003440943939186,8,3,5,3,2,1,,,,,10.45841324438331,6.851876135716879,22.08082161196695,13.594670169272277,69,16,14,1.4256603950236555,0.8731788166545276,7.8947932208513265,7.9390531765884385,28
19,ZINCf5000000arqq,O=C(NC[C@H](O)CF)c1ccc[n+]([O-])c1,14.285714285714286,15.882058156883279,0.9242276199767971,14.67863681066931,4,214.19600000000003,-0.6198000000000004,2,3,4,1,,,,21.580921369014565,6,3,3,3,2,1,,,,,3.6818475494133676,2.0344900021602363,19.34914506343078,8.156616004313666,358,16,12,0.6922184211916126,0.5361005460898501,6.493394566788621,6.71399393427895,28
20,ZINCk800000J9Yo7,CN(Cc1ccoc1)C(=O)c1cc(-n2cnnn2)n[nH]1,17.857142857142858,18.646621874888975,0.7788079483074436,14.52213732524698,5,273.256,0.25059999999999977,1,7,4,1,,,,23.50426427259268,8,3,5,3,2,1,,,,,10.779691373591893,6.669004654866343,28.100421348314608,13.960834598342089,55,16,7,1.1411467127854775,1.1397038504690236,10.122770668152079,9.67546759305671,28
21,CHEMBL1493442,COc1ccc(Oc2cc(NC(=O)c3nn(C)cc3[N+](=O)[O-])cc([N+](=O)[O-])c2)cc1,17.857142857142858,18.646621874888975,0.7728234687558585,14.410546997930567,5,413.3460000000002,3.2897000000000007,1,9,7,1,,,,51.66187788934886,14,11,3,11,3,1,,,,,25.88090953616519,18.59290442895844,42.56572870264858,32.326151624461104,1,16,13,1.307590599892493,1.0519735804811934,10.122770668152079,10.649825446503488,28
22,ZINCk700000Pz8Me,CCO[C@@H](C)C(=O)NCCC(=O)Nc1ccc[n+]([O-])c1,14.285714285714286,15.882058156883279,0.90261240109165,14.33534264726164,4,281.312,0.18980000000000025,2,4,7,1,,,,25.976950398411248,8,3,5,3,2,1,,,,,8.389276392209885,5.057806959170433,24.57882069795427,12.786194893760225,100,16,5,0.7668434542652366,0.6404835695842059,6.493394566788621,6.703199489452426,28
23,ZINCk800000PzEYm,Cn1ncc(-c2cn(Cc3ccns3)nn2)c1C(N)=O,17.857142857142858,18.614658157328254,0.7682366529836164,14.300462679220031,5,289.32400000000007,0.2822999999999999,1,8,4,1,,,,23.50426427259268,8,3,5,3,2,1,,,,,10.297345762644524,6.408550425299789,26.18947368421053,13.599075390131562,68,16,2,1.4712373170410398,0.9845663788051195,7.8947932208513265,7.951017073025062,28
24,ZINCk600000EmqbV,CCOC(=O)CS(=O)(=O)Nc1nc(O)ccc1[N+](=O)[O-],17.857142857142858,18.614658157328254,0.763586514483172,14.213901940650027,5,305.2680000000001,0.00019999999999986695,2,8,6,1,,,,29.359912564617336,9,4,5,4,2,1,,,,,6.498540929949008,3.917673244220462,19.044774137873816,12.21388383861609,136,16,1,1.100194008004583,1.1251609201917219,7.8947932208513265,6.608333962970708,28
25,CHEMBL2431120,COc1cc2nc(C3CC3)nc(N3CCN(c4ccccc4OC)CC3)c2cc1OC,17.857142857142858,19.333574592865542,0.725420185461091,14.024965266782358,5,420.51300000000026,3.859600000000003,0,7,6,1,,,,27.54773352994046,9,5,4,5,2,1,,,,,12.855475927207635,9.440456824973714,20.14153511159501,16.528540327890838,18,16,3,1.5349310932278455,1.2078979988838985,10.122770668152079,10.089579437496397,28
26,ZINCk800000PBwvN,C[S@@](=O)CCCNc1cc(N2CCS(=O)CC2)ncn1,17.857142857142858,18.614658157328254,0.7487001509057575,13.936797371450753,5,316.4520000000001,0.22580000000000022,1,6,6,1,,,,20.25392540258232,6,3,3,3,3,1,,,,,5.068032165987497,2.9269560490137327,18.87553912507702,8.864505475136204,339,16,8,1.5779189021818238,0.9213645808796178,7.8947932208513265,8.924683775938037,28
27,ZINCi700000136U0,Cn1cc(C(=O)CSc2nnc3nc[nH]n23)cn1,17.857142857142858,18.614658157328254,0.7451864178485487,13.871390431734707,5,263.286,0.16089999999999988,1,8,4,1,,,,23.50426427259268,8,3,5,3,2,1,,,,,10.14108938344641,6.294037103191882,26.08450704225353,13.481883105732978,75,16,4,1.2110207134786595,1.0742874019984243,7.8947932208513265,6.251499549815414,28
28,CHEMBL1446377,COc1cc2nc(C3CCC3)nc(N3CCN(c4ccccc4OC)CC3)c2cc1OC,17.857142857142858,19.333574592865542,0.7145927333621065,13.815631913975963,5,434.54000000000025,4.249700000000003,0,7,6,1,,,,27.54773352994046,9,5,4,5,2,1,,,,,12.826508611735369,9.440456824973714,20.000000000000018,16.506814841286644,19,16,2,1.5822093500125345,1.238750770955828,10.122770668152079,10.306796561015528,28
29,ZINCk6000004dMm9,Nc1c(Br)cnn1CC(=O)NCC(=O)c1cnccn1,17.857142857142858,18.646621874888975,0.7407843867742905,13.8131263510017,5,339.1530000000001,0.01689999999999947,2,7,5,1,,,,25.65051816665506,9,3,6,3,2,1,,,,,10.599323664205516,6.718715790624928,25.092013888888893,14.362122289817902,48,16,11,1.4077218842138484,1.1682234991215439,10.122770668152079,9.504127668828653,28
30,ZINCi60000011AhG,O=[N+]([O-])c1cn(C[C@@H](O)COc2cnsn2)cn1,17.857142857142858,18.614658157328254,0.7363484027675354,13.706873802212334,5,271.258,0.08269999999999961,1,9,6,1,,,,30.71184253871794,9,5,4,5,2,1,,,,,10.833195397353707,6.3685450052012715,36.237138319176836,15.802857182694765,24,16,10,1.5270750788487524,1.1010891211158946,7.8947932208513265,7.223081188929799,28
31,CHEMBL2431121,COc1cc2nc(C3CCCC3)nc(N3CCN(c4ccccc4OC)CC3)c2cc1OC,17.857142857142858,19.333574592865542,0.7052539565909075,13.635079976663867,5,448.56700000000023,4.639800000000005,0,7,6,1,,,,27.54773352994046,9,5,4,5,2,1,,,,,12.826508611735369,9.440456824973714,20.000000000000018,16.506814841286644,20,16,4,1.7956978637893235,1.125753122662622,10.122770668152079,9.729193366467458,28
32,ZINCk7000004f2jz,CN(Cc1cnsn1)Cc1nc(O)c2cnn(C)c2n1,17.857142857142858,18.646621874888975,0.730764772922448,13.626294400173993,5,291.34000000000003,0.5524,1,9,4,1,,,,23.50426427259268,8,3,5,3,2,1,,,,,10.47279481798996,6.698714076936628,23.98736867674744,13.730662181640641,63,16,0,1.4236387206349257,1.2193685830707353,10.122770668152079,9.502485765658527,28
33,ZINCk500000dpM9s,Cn1cc([N+](=O)[O-])c(OCC(=O)OCCOCCO)n1,17.857142857142858,18.614658157328254,0.7305827418515493,13.599547995210184,5,289.24399999999997,-0.7407999999999999,1,9,9,1,,,,30.094957272000688,9,5,4,5,2,1,,,,,8.436308911570599,5.359365970575088,19.80932820602459,13.85097100167812,59,16,1,1.342374687006628,1.2298909240186764,7.8947932208513265,6.9379297106884135,28
34,ZINCk800000J9VdZ,CCn1cncc1COC(=O)Cc1nc([N+](=O)[O-])n[nH]1,17.857142857142858,18.614658157328254,0.729570428221822,13.580704123044807,5,280.2439999999999,0.21519999999999967,1,8,6,1,,,,30.71184253871794,9,5,4,5,2,1,,,,,10.331502611801223,6.39405409221875,26.890839656797095,15.4265875935304,32,16,3,1.4894448707107786,1.1770474199807477,7.8947932208513265,7.260011621945166,28
35,CHEMBL462830,COc1ccccc1-c1cc(C(=O)N[C@@H](CC(C)C)C(=O)O)nn1-c1ccnc2cc(Cl)ccc12,17.857142857142858,19.333574592865542,0.7013104199877774,13.558837317587557,5,492.96300000000014,4.978600000000004,2,6,8,1,,,,33.39071482145173,11,5,6,5,2,1,,,,,17.631820105975198,12.886994082778576,27.90671473636775,21.571543784844334,7,16,11,1.884980035212339,1.0762625522787743,10.122770668152079,10.588200565176997,28
36,ZINCk800000guPfo,COCCc1nc(-c2ccc3nc(O)[nH]c3n2)n(C)n1,17.857142857142858,18.33427000149602,0.7393120494707075,13.554746730355333,5,274.28400000000005,0.6478999999999998,2,7,4,1,,,,23.50426427259268,8,3,5,3,2,1,,,,,9.815980128171624,6.0906821357853556,25.275393419170243,13.238051164276888,85,16,6,1.5913282702896403,1.052372783703459,13.087058989704293,12.589180607852452,28
37,ZINCj7000002nQur,COC[C@@H](CO)Nc1nccc(C(=O)O)c1[N+](=O)[O-],17.857142857142858,18.614658157328254,0.7279359550383352,13.55027896346688,5,271.229,0.10720000000000018,3,7,7,1,,,,31.82571746489658,10,4,6,4,2,1,,,,,6.679668639127113,4.240655174932224,15.72242206235012,12.96618084556948,95,16,15,1.64686244272502,1.078614760371473,7.8947932208513265,8.437176940549326,28
38,ZINCk800000cvz8e,CN(C)C1CN(C(=O)c2cc(-c3cnccn3)[nH]n2)C1,17.857142857142858,18.614658157328254,0.72568385154716,13.508356826843727,5,272.31200000000007,0.2526999999999993,1,5,3,1,,,,23.003440943939186,8,3,5,3,2,1,,,,,6.674157953094855,4.332896157616877,14.519951001064326,10.756478700805937,233,16,11,1.6060851922440826,1.1517438891792091,7.8947932208513265,8.00782928216737,28
39,ZINCk8000004iyOq,COCCN(CC(N)=O)Cc1nc(-c2ccco2)no1,14.285714285714286,15.914021874444002,0.8473352097799355,13.48451106342449,4,280.284,0.26330000000000037,1,7,8,1,,,,23.003440943939186,8,3,5,3,2,1,,,,,8.25267477537381,5.347984998223495,18.063793729572687,11.940366317515155,154,16,10,1.0230247472269827,0.8131058111650299,10.122770668152079,9.788833613460461,28
40,ZINCk600001bOrCw,CC[C@@H](O)C(=O)NC[C@H](C)Nc1ncc([N+](=O)[O-])cn1,17.857142857142858,18.614658157328254,0.7238894720602996,13.4749550660913,5,283.28800000000007,0.0722999999999992,3,7,7,1,,,,28.442755298690493,9,3,6,3,2,1,,,,,8.767281701637874,5.320430361464332,24.896580940988834,13.68615010090103,66,16,11,1.4225885768617654,1.2161573402087114,7.8947932208513265,6.946221016055827,28
41,ZINCj700000JWx8s,COCC[S@](=O)CCNC(=O)c1cc([N+](=O)[O-])sn1,17.857142857142858,18.646621874888975,0.7216642545746188,13.456600475676533,5,307.353,0.1762000000000002,1,7,8,1,,,,32.30636850213371,9,6,3,6,3,1,,,,,8.895588195039544,5.7344993206585855,19.82262275149305,14.748283271813085,42,16,8,1.367464564301665,1.0837891518697587,10.122770668152079,8.373620532731257,28
42,ZINCk8000004jKsj,N#CCN1CCN(C(=O)c2cnc3c[nH]nc3c2)CC1,14.285714285714286,15.195105438906717,0.8854076171188974,13.453862098532793,4,270.29600000000005,0.23927999999999955,1,5,2,1,,,,23.003440943939186,8,3,5,3,2,1,,,,,10.64766235685107,6.966161154575516,22.581738437001604,13.736607003623098,62,16,13,0.7743191947944166,0.7249467362064109,7.8947932208513265,8.39529457818881,28
43,ZINCk800000y7UEr,Cc1nnc2cnc(C(=O)NCCc3nncs3)cn12,17.857142857142858,18.646621874888975,0.7195666448804466,13.417487140868204,5,289.324,0.25671999999999967,1,8,4,1,,,,23.50426427259268,8,3,5,3,2,1,,,,,10.175740991423885,6.256528168227331,27.23843416370107,13.507871811716083,72,16,5,1.4393478386528338,1.1804061616346633,10.122770668152079,11.335914267238985,28
44,ZINCj600000JW0cn,CN1CC[C@H](CNC(=O)NCc2ccc[n+]([O-])c2)C1,10.714285714285714,13.705634530873795,0.978761297459847,13.414544635948516,3,264.329,0.07090000000000041,2,3,4,1,,,,21.17783005574874,6,3,3,3,2,1,,,,,4.739290759420431,2.924960695160954,12.481412639405207,8.848925583502508,341,16,3,0.3157402811120095,0.2920514171382467,5.667138254886672,5.463934639844535,28
45,ZINCk8000004iFHu,COC[C@H]1CN(c2nc(OC)c3nc[nH]c3n2)CCO1,17.857142857142858,18.646621874888975,0.7189152307181076,13.40534046729912,5,279.30000000000007,0.21309999999999946,1,7,4,1,,,,23.003440943939186,8,3,5,3,2,1,,,,,9.356354498091948,6.081668141243011,20.271682340647853,12.768126109553757,102,16,11,1.539282824296377,1.1198369254450793,10.122770668152079,8.954638814763209,28
46,ZINCk5000003YFKz,CN(CCCNCc1cn(C)nc1[N+](=O)[O-])S(C)(=O)=O,17.857142857142858,18.614658157328254,0.7197007803864666,13.39698400245645,5,305.36000000000007,-0.30059999999999865,1,7,8,1,,,,23.370539704909035,7,3,4,3,2,1,,,,,5.669704404972931,3.537391162446241,14.27391461463012,10.094913229956957,293,16,1,1.6486467257549935,0.9824432407910765,7.8947932208513265,6.5223199129695475,28
47,ZINCk500000gecR1,COC[C@H]1CN(C(=O)c2ncc([N+](=O)[O-])n2C)CCO1,14.285714285714286,15.882058156883279,0.8430043767294115,13.388644537723655,4,284.27200000000005,-0.18430000000000013,0,7,4,1,,,,27.447880049284816,8,5,3,5,2,1,,,,,8.876814156940258,5.6982197154382215,20.075222281104647,13.519580630026395,71,16,10,1.1129798398524096,0.7767785316868809,6.493394566788621,6.776307569521175,28
48,ZINCk800001bPpse,Cn1cnc(Cc2noc([C@H](O)c3ccn(C)n3)n2)c1,14.285714285714286,15.195105438906717,0.8805716376465743,13.380378880550456,4,274.284,0.20909999999999962,1,8,4,1,,,,21.311554623432382,7,3,4,3,2,1,,,,,9.06317348724513,5.5389667749179985,24.916424418604652,12.125268771291944,140,16,5,0.7198708447920952,0.7145516651851116,7.8947932208513265,6.941731420362452,28
49,ZINCj800000JVLwz,CCN1CC[C@@H]1CNC(=O)NCc1ccc[n+]([O-])c1,10.714285714285714,13.705634530873795,0.9700340877078923,13.29493268861395,3,264.329,0.21340000000000026,2,3,5,1,,,,21.17783005574874,6,3,3,3,2,1,,,,,5.071673977397326,3.135804281675529,13.253869969040249,9.09821299698518,322,16,2,0.30872959996382415,0.38193407320590733,5.667138254886672,5.386638619487192,28
50,ZINCk700000JTSsL,COC(=O)c1cccn1NC(=O)Cn1cc(C#N)cn1,17.857142857142858,17.910423094950616,0.7415246615820251,13.281020424274143,5,273.25199999999995,0.11317999999999945,1,7,4,1,,,,23.003440943939186,8,3,5,3,2,1,,,,,7.787673747780113,5.042135226290723,17.09769244745927,11.591615546819881,182,16,2,1.5460904113350649,1.0932778027557561,7.73709680694251,7.940034297876783,28
51,ZINCk7000004fzNS,COC[C@H]1C[C@@H](O)CN1C(=O)c1cc([N+](=O)[O-])cn1C,14.285714285714286,15.882058156883279,0.8314097899135344,13.204498635608863,4,283.284,0.1550999999999998,1,6,4,1,,,,26.753501871115127,8,4,4,4,2,1,,,,,7.078712573444277,4.391679971021947,18.23687455954898,11.99740989786199,149,16,2,1.2947753826149524,0.7047448993656354,6.493394566788621,6.759305980823117,28
52,CHEMBL2431119,C=Cc1nc(N2CCN(c3ccccc3OC)CC2)c2cc(OC)c(OC)cc2n1,17.857142857142858,19.333574592865542,0.6823514468647616,13.192292596509596,5,406.4860000000002,3.625200000000002,0,7,6,1,,,,24.206278129054905,8,4,4,4,2,1,,,,,12.906561256125574,9.080058871455604,22.30723821632911,15.731490474357907,26,16,2,1.7965610909175205,1.289963594228004,10.122770668152079,10.271579091943602,28
53,ZINCk700000Bn9xQ,O=[N+]([O-])c1ccn(CCN2CCOCC3(COC3)C2)n1,14.285714285714286,15.882058156883279,0.8279764786569002,13.149970586560315,4,282.29999999999995,0.1400999999999999,0,7,4,1,,,,27.447880049284816,8,5,3,5,2,1,,,,,9.073809047138148,5.616226168685967,23.60768175582991,13.667326797674818,67,16,11,1.2119566846085976,0.8038795410153005,6.493394566788621,6.362970349791725,28
54,ZINCk7000004eQO6,CC[S@](=O)CCNC(=O)C(=O)Nc1ncc(COC)s1,17.857142857142858,18.646621874888975,0.7035497409888972,13.118825990396044,5,319.4080000000001,0.11279999999999957,2,6,7,1,,,,24.07255356137126,8,3,5,3,2,1,,,,,6.041878986055141,4.099572935814465,11.481715006305173,10.54954762988417,251,16,1,1.4146207389513412,1.4295257033204567,10.122770668152079,9.903121747397284,28
55,ZINCk600000AIXCm,Cc1cnc(C(=O)N2CCC[C@H](C3CNC3)C2)c[n+]1[O-],10.714285714285714,13.280421819071655,0.9867557232942895,13.104532237731316,3,276.34,0.09502000000000077,1,4,2,1,,,,21.17783005574874,6,3,3,3,2,1,,,,,3.5458275203185154,2.176733482477088,9.556642556070145,7.953828154176071,364,16,15,0.31799114796110295,0.1770816505548245,8.790788474306497,8.92894959568018,28
56,ZINCj700000y8z12,CO[C@H]1C[C@H](OC)CN(C(=O)c2cc[n+]([O-])cc2)C1,14.285714285714286,15.882058156883279,0.8239154492878167,13.08547308194372,4,266.297,0.19589999999999996,0,4,3,1,,,,20.723462482193167,6,3,3,3,2,1,,,,,7.910772930021194,4.935435780884447,19.918952618453872,11.113945318064188,211,16,5,1.1662227124305085,0.8611793390801809,6.493394566788621,6.72991545717188,28
57,ZINCk6000004cvz7,COC(=O)NCCC(=O)OCCn1ccc([N+](=O)[O-])n1,14.285714285714286,15.882058156883279,0.8230249795217199,13.071330589331625,4,286.244,0.08059999999999978,1,8,7,1,,,,26.753501871115127,8,4,4,4,2,1,,,,,8.80956751216883,5.47671232171176,22.504982370075126,13.295551101905403,82,16,12,1.020921786952647,0.8711097795074269,6.493394566788621,5.480753436857267,28
58,ZINCj7000002oyz8,Cc1ncc([N+](=O)[O-])n1CCN(C)CC(=O)N(C)C,10.714285714285714,13.705634530873795,0.9536564733755336,13.07046709208704,3,269.30499999999995,0.1197199999999996,0,6,6,1,,,,24.106424648399255,7,4,3,4,2,1,,,,,7.046008415921191,4.452332295524912,16.878415300546447,11.311112474040709,195,16,0,0.3600770087296758,0.48712231065888467,5.667138254886672,5.26226801484059,28
59,ZINCk50000040ZON,COCCN(CCOC)C(=O)Cn1ccc([N+](=O)[O-])n1,14.285714285714286,15.882058156883279,0.8228094898064016,13.067908169140729,4,286.288,-0.08729999999999905,0,7,9,1,,,,27.447880049284816,8,5,3,5,2,1,,,,,8.414452722990164,5.517528931664803,17.71613190730838,13.172809554563827,87,16,3,1.3400948312946772,0.7017867236322077,6.493394566788621,7.006198425705527,28
60,ZINCk7000004fxF1,COC[C@@H]1C[C@@H](O)CN1C(=O)c1ccc([N+](=O)[O-])n1C,14.285714285714286,15.882058156883279,0.8226373243496847,13.065173827344546,4,283.284,0.15510000000000002,1,6,4,1,,,,26.753501871115127,8,4,4,4,2,1,,,,,6.32877779970291,3.977488144128278,15.479437991317614,11.434958817555964,191,16,2,1.1723615246069825,0.8536875431260889,6.493394566788621,6.889871738152868,28
61,ZINCk8000004jZDL,O=C(CNc1nccc2nccnc12)N1CCOCC1,17.857142857142858,18.646621874888975,0.6988550591757688,13.03128603380372,5,273.29600000000005,0.2954999999999999,1,6,3,1,,,,23.003440943939186,8,3,5,3,2,1,,,,,9.10611249343314,5.741377829493702,21.99809931100023,12.580444606059652,111,16,1,1.4324879839176006,1.4383996087172033,10.122770668152079,9.747880948772863,28
62,ZINCj600000JWLEK,CS(=O)(=O)SCC(=O)OCCn1ccc([N+](=O)[O-])n1,14.285714285714286,15.882058156883279,0.8200526753885614,13.024124282228858,4,309.32500000000005,0.027299999999999658,0,9,7,1,,,,24.106424648399255,7,4,3,4,2,1,,,,,7.854569912289282,4.661331410342349,24.93898937697388,11.917533596316774,157,16,4,1.113710262845195,0.9279985528632237,6.493394566788621,6.367265354786942,28
63,ZINCk500000gf15o,CS(=O)(=O)SCCNS(=O)(=O)c1cc([N+](=O)[O-])ccn1,17.857142857142858,18.614658157328254,0.6991143897594686,13.013775378241656,5,341.39200000000005,-0.03909999999999986,1,8,7,1,,,,26.753501871115127,8,4,4,4,2,1,,,,,8.166653768817062,4.873898520686438,25.173836181496767,12.81336579439158,99,16,1,1.8377621229695877,1.144709680141911,7.8947932208513265,7.684185303186063,28
64,ZINCj7000002nMH4,COCCCN(CCO)CCn1ccc([N+](=O)[O-])n1,14.285714285714286,15.882058156883279,0.8193041238333261,13.012235742895184,4,272.305,0.12209999999999988,1,7,10,1,,,,26.753501871115127,8,4,4,4,2,1,,,,,6.54330393815548,4.014921050311132,17.672502047502046,11.595853421395391,181,16,5,1.2164650974385673,0.8580712949589379,6.493394566788621,6.472426155150442,28
65,ZINCk50000041ZM7,CO[C@H]1CCN(C(=O)COc2nn(C)cc2[N+](=O)[O-])C1,14.285714285714286,15.882058156883279,0.818278216281972,12.995942219500993,4,284.27200000000005,-0.04560000000000031,0,7,5,1,,,,24.106424648399255,7,4,3,4,2,1,,,,,6.838175200593214,4.231701160768223,17.80496618656755,11.155237562544723,205,16,12,1.0037377743489126,1.0141406697893616,6.493394566788621,6.398030473962213,28
66,ZINCk600000JSgPv,Cc1ocnc1C(=O)COC(=O)COCc1nc[nH]n1,17.857142857142858,18.614658157328254,0.6960026412059271,12.955851242645922,5,280.23999999999995,0.043819999999999804,1,8,7,1,,,,23.003440943939186,8,3,5,3,2,1,,,,,10.44456597265373,6.8367982929008715,22.11418824001605,13.584284715475095,70,16,4,1.7094644058295678,1.1720930621069827,7.8947932208513265,8.907792587186968,28
67,ZINCk7000018Tipr,CO[C@H](CCN)C(=O)NNc1nc(C)ccc1[N+](=O)[O-],14.285714285714286,15.882058156883279,0.8150922358541343,12.945342293059381,4,283.28800000000007,0.10512000000000055,3,7,7,1,,,,29.359912564617336,9,4,5,4,2,1,,,,,7.020950245346076,4.476745120182185,16.26409017713366,12.60569082516389,110,16,8,1.1723099810311672,0.9162102942230979,6.493394566788621,6.3690432525874074,28
68,ZINCf50000035uN5,Cn1c([N+](=O)[O-])cnc1CN1CC(N)C1,10.714285714285714,13.705634530873795,0.9430042816844341,12.924472045816017,3,211.22499999999997,-0.5287999999999997,1,6,3,1,,,,23.370539704909035,7,3,4,3,2,1,,,,,4.197226994417309,2.4461895806081504,14.769734500676199,8.99055517204024,329,16,7,0.47037031196906703,0.5323558737092732,5.667138254886672,5.427467459483286,28
69,ZINCk600000x3MYL,Cn1cc([C@H]2CC(=O)NN2Cc2ccc[n+]([O-])c2)cn1,14.285714285714286,14.490870376529077,0.8917803722323897,12.92267377835241,4,273.296,0.03169999999999962,1,5,3,1,,,,27.328880372511843,8,4,4,4,2,1,,,,,10.154432458333625,6.26269028968834,26.822208798952975,14.44804443687818,46,16,9,0.7860164689964546,0.7008949818255396,7.509116392758873,7.708929688873957,28
70,ZINCj800000FCplr,Cc1cnc(CN(C)CC(=O)c2cn(C)nn2)cn1,17.857142857142858,18.614658157328254,0.6938807170135319,12.91635234916872,5,260.301,0.22821999999999987,0,7,5,1,,,,20.322492634195317,7,3,4,3,2,1,,,,,7.6130719261239825,4.91240196141505,16.90913253413253,10.790427103141816,232,16,3,1.677240422228829,1.1164226459796212,7.8947932208513265,6.447649837562759,28
71,ZINCk600000PAyux,COC[C@H](C)C(=O)NCCC(=O)Nc1ccc[n+]([O-])c1,14.285714285714286,14.475608078364722,0.892068115799777,12.913228423522847,4,281.312,0.0473000000000004,2,4,7,1,,,,25.976950398411248,8,3,5,3,2,1,,,,,9.14351803807713,5.473339311140565,27.75436484045756,13.351876128160658,80,16,14,0.7618835323285507,0.7108125627782301,10.122770668152079,9.852581239395601,28
72,ZINCj700000cKeN3,CO[C@H]1CN(C(=O)c2cnc([N+](=O)[O-])n2C)C[C@H]1F,14.285714285714286,15.882058156883279,0.8130286300507585,12.912567985677287,4,272.236,0.1372000000000002,0,6,3,1,,,,24.106424648399255,7,4,3,4,2,1,,,,,5.972004143007918,3.750145938864142,14.654234654234655,10.505609269355752,261,16,13,1.5102911905888465,0.6317978265240878,6.493394566788621,6.814401498617537,28
73,ZINCk6000004cGEJ,COCCOCCONC(=O)c1cc(S(C)(=O)=O)co1,17.857142857142858,18.646621874888975,0.6922853733713039,12.908783586771037,5,307.32400000000007,0.007500000000000506,1,7,9,1,,,,22.38655567722194,8,3,5,3,2,1,,,,,7.338026812601852,4.980221940262626,13.935617860851504,11.100159028756874,212,16,5,1.8137455301650187,1.1880894173723213,10.122770668152079,10.63313900927152,28
74,ZINCk8000004j0Gd,C[C@@H](O)C[C@H]1COCCN1CCn1cc([N+](=O)[O-])cn1,14.285714285714286,15.882058156883279,0.8125475939259957,12.904928141968243,4,284.316,0.26299999999999946,1,7,6,1,,,,26.753501871115127,8,4,4,4,2,1,,,,,7.629099173325367,4.664492531854345,20.934273482749933,12.410199847772807,119,16,10,1.140384786789219,0.9565264915471782,6.493394566788621,6.469723885939956,28
75,ZINCk8000004jCFq,Cn1c(CNCc2nnc3c(=O)[nH]ccn23)cnc1Br,17.857142857142858,18.614658157328254,0.6932306426946401,12.90425143794569,5,338.16900000000004,0.20339999999999986,2,7,4,1,,,,23.958631846148258,8,3,5,3,2,1,,,,,8.784311230067333,5.413880255290173,23.273006860657667,12.577891384087565,113,16,2,1.4386044261802096,1.3333039482288764,7.8947932208513265,6.598156885596606,28
76,CHEMBL1461496,Cc1cc(C)n(-c2nc(Nc3ccccc3C)nc(-n3nc(C)cc3C)n2)n1,17.857142857142858,19.333574592865542,0.6671529458451622,12.898451243347427,5,374.4520000000001,3.5287000000000015,1,8,4,1,,,,22.964646403133095,7,4,3,4,2,1,,,,,8.172229026242677,5.068074145383844,21.089188026307703,11.870333370465282,162,16,3,1.7222935313994887,1.2471406774694258,10.122770668152079,8.608453184412515,28
77,ZINCk600000dqRJl,CN(CCN(C)C1COC1)Cc1cn(C)nc1[N+](=O)[O-],10.714285714285714,13.705634530873795,0.9403474075645165,12.88805790013389,3,283.332,0.09070000000000067,0,7,7,1,,,,27.447880049284816,8,5,3,5,2,1,,,,,8.052574252873777,5.38162491690604,15.98713418501404,12.901400701976536,97,16,14,0.5838895051590174,0.4933170829841556,5.667138254886672,5.686086077533084,28
78,ZINCk800000drOzz,CCNS(=O)(=O)CCNCc1ccc(N)c([N+](=O)[O-])c1,10.714285714285714,13.705634530873795,0.9395866481825277,12.87763121007842,3,302.35600000000005,0.20590000000000097,3,6,8,1,,,,26.250045649530197,8,3,5,3,2,1,,,,,6.2994855977558775,3.783895798626534,18.794042680793645,11.287125610699457,197,16,10,0.43138285208192045,0.5679289191852579,5.667138254886672,5.319894590260554,28
79,ZINCk800001bPO03,CO[C@H](CCC(=O)O)CNCc1c([N+](=O)[O-])cnn1C,14.285714285714286,15.882058156883279,0.8095809246373403,12.857811327793577,4,286.288,0.29770000000000013,2,7,9,1,,,,29.359912564617336,9,4,5,4,2,1,,,,,8.819842320631938,5.650173237829658,20.090124397055085,13.95485988162829,56,16,12,1.3017330600776946,0.8521968134010893,6.493394566788621,6.604934745108863,28
80,ZINCk800000PAn4N,COCC1(NS(=O)(=O)c2ccc([N+](=O)[O-])o2)CC(=O)C1,14.285714285714286,15.882058156883279,0.809421036248225,12.855271971099038,4,304.2800000000001,0.21420000000000017,1,7,6,1,,,,30.094957272000688,9,5,4,5,2,1,,,,,9.71073755470271,6.195677832148081,22.44430162810626,14.806792484027204,39,16,4,1.1690364774111235,0.9551918668550962,6.493394566788621,6.489361419102709,28
81,ZINCk7000018Toxa,CS(=O)(=O)c1ccc(NCC[C@@H](N)CO)c([N+](=O)[O-])c1,14.285714285714286,15.189005259394039,0.8453404779254913,12.839880965188957,4,303.34000000000003,0.11990000000000006,3,7,7,1,,,,26.250045649530197,8,3,5,3,2,1,,,,,6.808048469752379,4.028462016366426,21.960526315789462,11.668547764696832,180,16,1,0.9455585602161378,0.8578207174709803,9.038073356639677,9.597322295588752,28
82,ZINCk8000004il1c,COC(=O)CNC(=O)COc1c(I)cncc1[N+](=O)[O-],14.285714285714286,15.882058156883279,0.8076632555126694,12.827354795229894,4,395.1090000000001,0.26239999999999936,1,7,6,1,,,,30.094957272000688,9,5,4,5,2,1,,,,,7.170072655978502,4.4371700175005575,18.667746507390156,12.901293809984049,98,16,15,1.0023016213806184,1.0785848525295052,6.493394566788621,6.500040063488896,28
83,CHEMBL3099769,COc1cccc(OC)c1-c1nc(C(=O)N[C@@H](CC(C)C)C(=O)O)cn1-c1cccc2ccccc12,17.857142857142858,19.37081096862443,0.6615324986597206,12.814420981139243,5,487.5560000000002,4.938800000000004,2,6,9,1,,,,33.39071482145173,11,5,6,5,2,1,,,,,15.010488309483353,11.374510424296822,22.063221274460616,19.60554493747545,12,16,8,1.8065563223105816,1.4212505558151185,10.35189885962957,10.15877429347044,28
84,ZINCk700000drzz2,Cc1ncc([N+](=O)[O-])n1CC[S@](=O)Cc1ncn(C)n1,14.285714285714286,15.882058156883279,0.8058481859029712,12.798527754129877,4,298.328,0.17711999999999972,0,8,6,1,,,,30.27617654613509,8,6,2,6,3,1,,,,,10.170209811779426,6.268143663062001,26.942623729457587,15.196701495368343,33,16,10,1.1540145195896274,0.9483743067270973,6.493394566788621,5.871183875781573,28
85,ZINCk600000Bn1Zw,O=C(CCCF)N[C@H]1C[C@@H]1NC(=O)c1cc[n+]([O-])cc1,14.285714285714286,16.750860837028807,0.7632133546660084,12.784480692972217,4,281.28700000000003,0.05660000000000004,2,3,6,1,,,,23.784240749250948,7,3,4,3,2,1,,,,,5.819726982549129,3.501611096908303,17.218844984802434,10.310855424224584,283,16,15,1.2618828885654712,1.0023655008199601,9.983293144048217,11.32332226457992,28
86,ZINCj6000002kGC4,CC(C)[C@@H](CNC(=O)c1ccc[n+]([O-])c1)OCCO,14.285714285714286,15.882058156883279,0.804924614090386,12.78385953289034,4,268.313,0.08329999999999999,2,4,7,1,,,,23.784240749250948,7,3,4,3,2,1,,,,,6.753612567163413,4.076669889104116,19.6697247706422,11.011269612685295,220,16,0,1.409486317986831,0.7574156422916714,6.493394566788621,7.071487371409413,28
87,ZINCk800000JU8NH,N#C[C@@]1(C(=O)OCCn2cc([N+](=O)[O-])cn2)CCOC1,14.285714285714286,15.882058156883279,0.8047237417460946,12.780669266636195,4,280.24,0.26478,0,8,5,1,,,,27.447880049284816,8,5,3,5,2,1,,,,,10.900920458709876,6.669551147621945,29.819041986989948,15.03766035635361,36,16,15,1.1838682253618606,0.9622532748742253,6.493394566788621,6.165246507944658,28
88,ZINCj800000PwOle,CC[C@H](O)CONc1nccc(C(N)=O)c1[N+](=O)[O-],17.857142857142858,18.614658157328254,0.6850237587190809,12.751483098203801,5,270.245,0.20310000000000022,3,7,7,1,,,,31.82571746489658,10,4,6,4,2,1,,,,,5.688872947353723,3.574359913169639,13.92891248174363,12.223084076739438,135,16,10,1.8365150198909215,1.219525820242716,7.8947932208513265,7.387025967055711,28
89,ZINCk6000004cv5W,COC(=O)N(C)CC(=O)OCCn1cc([N+](=O)[O-])cn1,14.285714285714286,15.882058156883279,0.8025220926060291,12.745702546952623,4,286.24399999999997,0.03269999999999951,0,8,6,1,,,,24.106424648399255,7,4,3,4,2,1,,,,,8.086626381872199,5.0219795554750934,20.748067898326966,12.091575948503962,144,16,9,1.2444915944606385,0.8878014649464204,6.493394566788621,5.767802140509283,28
90,ZINCf50000009Ve7,C[C@H](CN)CNC(=O)c1cc[n+]([O-])cc1,10.714285714285714,13.280421819071655,0.9583654373165319,12.727497264382619,3,209.24900000000002,-0.3553999999999997,2,3,4,1,,,,21.580921369014565,6,3,3,3,2,1,,,,,3.864581337471256,2.1441701880885025,19.55432058406887,8.293666345357083,353,16,4,0.48472868503472105,0.3923823381147102,8.790788474306497,8.527915372582763,28
91,CHEMBL1597454,CC(=O)OCCCNc1cc(Sc2ccc(C)cc2)c2nonc2c1[N+](=O)[O-],17.857142857142858,17.910423094950616,0.7093588791056158,12.704917650941503,5,402.4320000000002,3.955720000000003,1,9,8,1,,,,27.328880372511843,8,4,4,4,2,1,,,,,10.596095704434278,6.509607010949668,28.46597229244615,14.77929187145367,40,16,5,1.6553551470847132,1.2207015439637023,7.73709680694251,7.793719952459525,28
92,ZINCk800000JTkS3,Cn1cc([N+](=O)[O-])c(-c2nc(COCCCO)no2)n1,14.285714285714286,15.882058156883279,0.7984976999383839,12.681786908558948,4,283.24399999999997,0.27729999999999994,1,9,7,1,,,,30.71184253871794,9,5,4,5,2,1,,,,,9.972115943212522,6.084578822646549,27.61719335030703,15.157047592088876,34,16,13,1.2681343774967662,0.9382526852876997,6.493394566788621,6.827103359826814,28
93,ZINCk800000GfTHg,COc1noc(C[S@@](=O)[C@@H](C)C(=O)NCC(=O)O)c1Br,17.857142857142858,18.614658157328254,0.6812780381509934,12.681757790275979,5,369.19300000000004,0.28369999999999984,2,6,7,1,,,,24.07255356137126,8,3,5,3,2,1,,,,,8.344448445823124,5.628198927099425,16.12810155799191,12.276474724710157,130,16,13,1.654511469028433,1.4002513124803744,7.8947932208513265,7.665737091979995,28
94,ZINCf50000009BPt,CONC(=O)c1cnc(N)c([N+](=O)[O-])c1,17.857142857142858,18.614658157328254,0.6809888903337196,12.676375402500488,5,212.16499999999996,-0.13679999999999992,2,6,3,1,,,,29.359912564617336,9,4,5,4,2,1,,,,,6.017866185232813,3.5566174662236336,19.539765068361252,11.853377780078944,163,16,7,1.7341254158427026,1.3479750846785241,7.8947932208513265,7.891097597312352,28
95,ZINCk800000viWnO,[O-][n+]1cccc(CN2CCN(C[C@@H](O)C3CC3)CC2)c1,10.714285714285714,13.705634530873795,0.9235535488358224,12.657887410035285,3,277.368,0.20850000000000013,1,4,5,1,,,,21.17783005574874,6,3,3,3,2,1,,,,,5.698233249685603,3.4250561127165637,16.943419434194332,9.568132451201388,307,16,6,0.6252133949731455,0.5926018690945862,5.667138254886672,5.596968077928018,28
96,ZINCf5000000WBKh,NC[C@@H](O)CN=c1cccc([N+](=O)[O-])[nH]1,14.285714285714286,15.189005259394039,0.8329347717187393,12.651450628368105,4,212.209,-0.8567999999999993,3,5,4,1,,,,26.250045649530197,8,3,5,3,2,1,,,,,6.114085095492556,3.4366229234613286,27.677675585284284,11.148075234001967,209,16,10,1.1239548724536583,0.8215550912621009,9.038073356639677,8.606144405622537,28
97,ZINCk7000004fA9A,COC[C@](C)(O)CC(=O)OCCn1ccc([N+](=O)[O-])n1,14.285714285714286,15.882058156883279,0.7956133620888015,12.63597768708778,4,287.272,0.12199999999999989,1,8,8,1,,,,26.753501871115127,8,4,4,4,2,1,,,,,8.801502244910992,5.47671232171176,22.400108771393125,13.289502151462026,83,16,9,1.4123637014361463,0.8390359548769006,6.493394566788621,6.8760277427008365,28
98,ZINCj8000002qjyr,COC(=O)[C@@H]1CCN(CCn2cc([N+](=O)[O-])cn2)C1,14.285714285714286,14.458906658968354,0.8723920248506113,12.61383485734339,4,268.273,0.28619999999999934,0,7,5,1,,,,24.106424648399255,7,4,3,4,2,1,,,,,6.536090752053238,3.9417889819261838,19.119951778179622,10.928674226139742,223,16,2,1.0408873312324625,0.6451364974063215,5.911169934962112,5.956712074532475,28
99,ZINCk8000004iE2d,COC[C@@](O)(CO)CNc1cc(C#N)ccc1[N+](=O)[O-],14.285714285714286,15.882058156883279,0.7939348110568991,12.609318841979809,4,281.26800000000003,0.24817999999999968,3,7,7,1,,,,28.442755298690493,9,3,6,3,2,1,,,,,6.758952324436657,4.18424288115248,17.570991370660245,12.179903068000115,138,16,1,1.0148532035128837,1.1463578348043901,6.493394566788621,6.268392613178456,28
100,ZINCf5000000WBL6,NC[C@@H](O)CNc1ccc([N+](=O)[O-])nc1,14.285714285714286,15.189005259394039,0.8298232954945371,12.604190399634218,4,212.209,-0.2787000000000004,3,6,5,1,,,,26.250045649530197,8,3,5,3,2,1,,,,,5.223926195043441,2.973004891870639,21.508255243195002,10.48045605866513,264,16,4,1.1980949180906457,0.8043088126479483,9.038073356639677,8.97263491955121,28
101,ZINCk6000018SxxD,C#C[C@]1(OC)CCN(C(=O)Cn2cc([N+](=O)[O-])cn2)C1,14.285714285714286,15.882058156883279,0.7928751740042855,12.592489624685012,4,278.26800000000003,0.04199999999999959,0,6,4,1,,,,24.106424648399255,7,4,3,4,2,1,,,,,6.4830925726052815,4.041581895064876,16.375489589775302,10.888925591553775,227,16,12,1.1196657868962596,1.0705247485061338,6.493394566788621,6.054552218875559,28
102,ZINCk800000ds2R3,C[C@@H](O)CN1CCN(c2ncc([N+](=O)[O-])cn2)C[C@H]1C,14.285714285714286,15.189005259394039,0.8288892066936074,12.590002519924155,4,281.31600000000003,0.27609999999999957,1,7,4,1,,,,23.370539704909035,7,3,4,3,2,1,,,,,6.601578301779178,3.7959558448667767,25.30390275111964,10.793818652561644,229,16,13,1.1653744016659162,0.8247785920547379,9.038073356639677,8.714289252236004,28
103,ZINCf5000000azNl,c1nc(-c2n[nH]c(-c3cnc[nH]3)n2)n[nH]1,17.857142857142858,18.614658157328254,0.6757950696643555,12.579694206209812,5,202.181,-0.02010000000000034,3,5,2,1,,,,26.565042539650463,9,3,6,3,2,1,,,,,9.066078216351697,5.259051137457836,32.836211407639986,13.440819297176388,79,16,7,1.6449267574212578,1.3864227014729291,7.8947932208513265,7.072269324474714,28
104,ZINCk700000drnWa,COC(=O)NCCC(=O)OCc1c([N+](=O)[O-])ncn1C,14.285714285714286,15.882058156883279,0.7913420049027415,12.568139743849954,4,286.24399999999997,0.11759999999999993,1,8,6,1,,,,26.753501871115127,8,4,4,4,2,1,,,,,6.811303261996916,4.26854882204342,16.84695512820513,11.796852914276469,166,16,10,1.3024167939751874,0.9669265925722348,6.493394566788621,6.3638061434512805,28
105,ZINCj7000009jEVR,CC[S@@](=O)CC(=O)NCc1cn(-c2nccs2)nn1,14.285714285714286,15.924846448928484,0.789057068721233,12.565612658827247,4,299.38100000000003,0.10859999999999936,1,7,6,1,,,,22.000854840052103,7,3,4,3,2,1,,,,,7.5363119448494915,4.513245181376291,22.824933687002655,11.152447668650145,208,16,14,1.1520902728776636,1.0436119163266313,9.866748856639653,9.175597585800116,28
106,CHEMBL3099777,COc1cccc(OC)c1-c1nc(C(=O)N[C@@H](CC(C)C)C(=O)O)cn1-c1ccnc2ccccc12,17.857142857142858,19.37081096862443,0.6468916546595507,12.53081595959083,5,488.5440000000002,4.333800000000003,2,7,9,1,,,,36.732170222337295,12,6,6,6,2,1,,,,,17.84721042732737,14.315875115323148,23.691176470588246,22.568450376079852,6,16,0,1.7088888594931346,1.4993368171656567,10.35189885962957,9.308239750575101,28
107,ZINCk600000JTWJO,COC(=O)CC(=O)OCC(=O)Nc1ncc([N+](=O)[O-])s1,17.857142857142858,18.614658157328254,0.6712801178715534,12.495649921989983,5,303.252,0.09609999999999946,1,9,6,1,,,,30.094957272000688,9,5,4,5,2,1,,,,,10.843168465154692,6.720692378891602,28.04754934127504,15.65611566686619,28,16,15,1.9010714380582614,1.1422768023596819,7.8947932208513265,6.634587110661558,28
108,ZINCk700000wTyDp,Cc1cnc(C(=O)N[C@@H](C)Cc2cnccn2)c[n+]1[O-],17.857142857142858,18.646621874888975,0.6698214950926692,12.489908142665804,5,273.296,0.17442000000000002,1,5,4,1,,,,30.71184253871794,9,5,4,5,2,1,,,,,11.244765795968004,7.083145749192369,27.262575503781523,16.11153498165549,23,16,8,1.8459737781910892,1.2801653284615826,10.122770668152079,9.326729160763014,28
109,ZINCk800001bQgqw,O=C(C[C@H]1CSCN1)N1CC(n2nccc2[N+](=O)[O-])C1,10.714285714285714,13.280421819071655,0.9403913540054667,12.488793856200537,3,297.3400000000001,0.22719999999999985,1,7,4,1,,,,23.370539704909035,7,3,4,3,2,1,,,,,4.120110342403932,2.4451238536552933,13.08101714961561,8.932717683030209,335,16,8,0.4894036998326697,0.5495898402391229,8.790788474306497,8.72673739998992,28
110,ZINCk6000004bXbJ,CCOC(=O)NCCOC(=O)Cn1cnc([N+](=O)[O-])c1,14.285714285714286,15.882058156883279,0.7841759570361373,12.454328154877535,4,286.244,0.0806,1,8,7,1,,,,26.753501871115127,8,4,4,4,2,1,,,,,8.08598065327627,4.892762262494256,23.278469978977594,12.752860957735985,104,16,10,1.233877496509687,1.047996694970896,6.493394566788621,6.1064164409723185,28
111,ZINCk6000004bCwN,CC(C)(C(=O)NCc1ccc[n+]([O-])c1)N1CCOCC1,14.285714285714286,14.490870376529077,0.8589395493820623,12.446781671369761,4,279.34000000000003,0.04700000000000082,1,4,4,1,,,,23.370539704909035,7,3,4,3,2,1,,,,,7.088810887198663,4.392893664433624,18.35051546391753,11.159243091626255,204,16,9,0.9789931251419397,0.7766547434692813,7.509116392758873,7.2601175176988475,28
112,ZINCk8000018SUNX,CCN(C)C(=O)COC(=O)[C@H](F)n1cc([N+](=O)[O-])cn1,14.285714285714286,15.882058156883279,0.7830188544977329,12.43595098506912,4,288.235,0.2808999999999997,0,7,6,1,,,,24.106424648399255,7,4,3,4,2,1,,,,,6.687641881596545,4.041581895064876,19.368131868131876,11.042337573297223,216,16,14,1.2474520896339476,1.051410333762463,6.493394566788621,6.791183465434027,28
113,ZINCk8000004i225,CN(C)C[C@@]1(O)CCCN(c2c([N+](=O)[O-])cnn2C)C1,10.714285714285714,13.705634530873795,0.9070999213694433,12.432380005273945,3,283.33200000000005,0.22119999999999962,1,7,4,1,,,,26.753501871115127,8,4,4,4,2,1,,,,,4.87496943434831,3.051689070135798,12.110701323030092,10.344602543540015,281,16,7,0.7244012859564264,0.6150097927273642,5.667138254886672,6.139609072569622,28
114,ZINCj8000002rqQB,Cn1nccc1COC(=O)Cn1cnc([N+](=O)[O-])c1,14.285714285714286,15.882058156883279,0.7826961717843072,12.430826119448271,4,265.229,0.26819999999999977,0,8,5,1,,,,28.064765316002067,8,5,3,5,2,1,,,,,10.608403311150711,6.379635989320788,31.46531100478468,14.972493812363552,37,16,15,1.3476937938591895,0.9849792280258552,6.493394566788621,6.30749938589495,28
115,ZINCf5000000a8Km,Cc1nn(C[C@H](O)CCO)cc1[N+](=O)[O-],14.285714285714286,15.882058156883279,0.7818700171642277,12.417705083725592,4,215.209,-0.15698000000000006,2,6,5,1,,,,23.784240749250948,7,3,4,3,2,1,,,,,4.164714337639685,2.4019398647044867,15.650711883809118,9.069595940542502,324,16,8,1.135829241992017,1.1020394720821525,6.493394566788621,5.831411421048253,28
116,ZINCk7000004eFYM,CCOC(=O)c1noc(C[S@](=O)Cc2n[nH]c(C)n2)n1,14.285714285714286,15.195105438906717,0.8168683616124672,12.41240088440842,4,299.312,0.1217200000000001,1,8,6,1,,,,22.000854840052103,7,3,4,3,2,1,,,,,6.851884115718919,4.124689946361034,20.223243598161524,10.639126796802215,243,16,4,1.119399060395919,0.843009647129772,7.8947932208513265,8.888043260014364,28
117,ZINCj8000002oAIw,Cc1noc(CN(C)Cc2nnc(O)o2)c1[N+](=O)[O-],17.857142857142858,18.614658157328254,0.666347544522304,12.403831755257759,5,269.21700000000004,0.6118199999999998,1,9,5,1,,,,30.71184253871794,9,5,4,5,2,1,,,,,10.669972497461373,6.76359089375167,25.257977800901838,15.680440007775514,27,16,11,1.8385086704280278,1.3531368925675082,7.8947932208513265,7.495200657144022,28
118,CHEMBL1328169,Cc1cc(C)n(-c2nc(N(c3ccccc3)c3ccccc3)nc(-n3nc(C)cc3C)n2)n1,17.857142857142858,19.333574592865542,0.6401958743162801,12.377274690138576,5,436.5230000000002,4.9464800000000055,0,8,5,1,,,,26.277485655846327,8,5,3,5,3,1,,,,,10.68568004766291,6.650498026373647,27.172660561586508,14.583631449708765,44,16,10,1.760170983050999,1.335955712628334,10.122770668152079,8.344382156201625,28
119,ZINCf50000018dKl,Oc1nc2c(-c3cnn[nH]3)ncnc2[nH]1,17.857142857142858,18.614658157328254,0.6645513719704254,12.370396617212961,5,203.16500000000002,-0.1564000000000002,3,6,1,1,,,,23.958631846148258,8,3,5,3,2,1,,,,,7.35728957462576,4.1166270888418515,34.57584639565015,11.507625142506384,186,16,8,1.669509062976294,1.4208590965966716,7.8947932208513265,6.928098171957803,28
120,ZINCf50000009VRc,C[C@H](CNc1c[n+]([O-])ccn1)S(C)(=O)=O,14.285714285714286,15.882058156883279,0.7784827430823021,12.363908199763147,4,231.277,-0.44000000000000017,1,5,4,1,,,,21.17783005574874,6,3,3,3,2,1,,,,,4.253833047781762,2.4088848355339842,18.170470756062763,8.484832299773506,351,16,11,1.3555478848539437,0.9997337497299487,6.493394566788621,6.192184946778936,28
121,ZINCk800000JTEfE,COc1cc(C(=O)OCC(=O)c2cn(C)cn2)n(C)n1,14.285714285714286,15.914021874444002,0.7768338111916963,12.362550264112356,4,278.26800000000003,0.20189999999999975,0,8,5,1,,,,20.322492634195317,7,3,4,3,2,1,,,,,9.128352212641278,5.97954244582676,19.282417559467866,11.926887318029788,155,16,12,1.3426323795672481,1.0286553608058815,10.122770668152079,10.164862313111277,28
122,ZINCk600000gqzjL,O=C(Cn1cc(-c2cncs2)nn1)N[C@@H]1CC[S@@](=O)C1,17.857142857142858,18.000831201590312,0.6861257679877099,12.350834132608282,5,311.39200000000005,0.03880000000000017,1,7,4,1,,,,22.000854840052103,7,3,4,3,2,1,,,,,8.412380607192667,4.932324887134584,28.57087044850758,11.809499165407527,165,16,8,1.4268532305624302,1.4568433960448781,12.252465955880059,11.307837435430109,28
123,ZINCk700000JUcEk,NC(=O)C1CC2(CCN2C(=O)Nc2cc[n+]([O-])cc2)C1,14.285714285714286,16.750860837028807,0.7372547111011327,12.349651067098952,4,276.29600000000005,0.19169999999999976,2,3,2,1,,,,23.784240749250948,7,3,4,3,2,1,,,,,7.113164348813189,4.235041026723068,22.200714711137586,11.280933448922628,198,16,13,1.2944389285770526,1.2814553586030573,9.983293144048217,9.466369356823344,28
124,ZINCk700000AJ3ay,C[C@H]1CN(C(=O)COc2ccc([N+](=O)[O-])nc2)CCN1,14.285714285714286,14.458906658968354,0.8540235529541204,12.348246836724144,4,280.284,0.18890000000000012,1,6,4,1,,,,26.753501871115127,8,4,4,4,2,1,,,,,6.681061551349271,3.9764224171754208,20.88934748427673,11.699171631290735,178,16,1,0.8615258125675574,0.7983808124467157,5.911169934962112,4.971235404189767,28
125,ZINCj6000002lVx8,C[C@H](C[S@](C)=O)N(C)C(=O)Cn1cc([N+](=O)[O-])cn1,14.285714285714286,15.882058156883279,0.7768269352886684,12.337610564088035,4,288.329,0.016699999999999937,0,6,6,1,,,,26.317835878532282,7,5,2,5,3,1,,,,,6.097328904095606,3.569485023189556,20.894263217097862,11.152455647704775,207,16,6,1.294138875477991,1.0574929404629378,6.493394566788621,6.22784696065142,28
126,ZINCf5000000WClU,O=[N+]([O-])c1ncccc1NC(CO)CO,14.285714285714286,15.882058156883279,0.7768074859369063,12.337301668352236,4,213.19299999999998,-0.24510000000000015,3,6,5,1,,,,26.250045649530197,8,3,5,3,2,1,,,,,2.6152779458462256,1.485047690895408,10.945945945945944,8.523969871767218,350,16,5,1.2800733016154933,1.0381947538743757,6.493394566788621,5.883888113989821,28
127,ZINCk7000004f2wJ,CN(Cc1nnc(O)o1)c1ncc(C#N)cc1[N+](=O)[O-],14.285714285714286,15.882058156883279,0.7759481550251008,12.323653724834934,4,276.21200000000005,0.5864799999999997,1,9,4,1,,,,30.71184253871794,9,5,4,5,2,1,,,,,9.679898116315213,5.9267858934644115,26.39342067834613,14.937884221915896,38,16,15,1.2829799823866934,1.0679289799660046,6.493394566788621,6.175149083722376,28
128,ZINCf50000025tDK,[O-][n+]1cccnc1CSc1n[nH]c(O)n1,14.285714285714286,15.882058156883279,0.7756497622951202,12.31891463414379,4,225.23300000000003,-0.16899999999999993,2,6,3,1,,,,25.136170723351547,7,4,3,4,2,1,,,,,5.327553786638717,2.9326534406050646,29.05398239473964,10.279708020816924,286,16,9,1.219309304766609,1.1054984263007086,6.493394566788621,6.0485854331823035,28
129,ZINCk7000018Tt82,N#CCn1cnc2c(NC[C@@H]3COCCO3)ncnc21,14.285714285714286,15.882058156883279,0.7756292522526942,12.31858889245718,4,274.28399999999993,0.17717999999999923,1,8,4,1,,,,23.003440943939186,8,3,5,3,2,1,,,,,9.722130820177043,6.106137099630262,23.83985765124556,13.042458351117578,94,16,8,1.42823709163453,0.9668662761158591,6.493394566788621,6.285932011665517,28
130,ZINCk800001bPO2k,CO[C@H](C)[C@@H](CC(=O)O)NCc1c([N+](=O)[O-])cnn1C,14.285714285714286,15.882058156883279,0.7752631541966537,12.312774501840023,4,286.288,0.2961000000000003,2,7,8,1,,,,29.359912564617336,9,4,5,4,2,1,,,,,8.797939519393163,5.652334640900045,19.838156892612332,13.938432780699205,57,16,11,1.420715064102997,0.9353999439381674,6.493394566788621,7.150519157360638,28
131,ZINCk5000003VjCJ,CC(=O)N1CC[C@@H](OC(=O)Cn2cc([N+](=O)[O-])cn2)C1,14.285714285714286,15.882058156883279,0.7749080315393112,12.307134423143282,4,282.25600000000003,-0.044700000000000406,0,7,4,1,,,,24.106424648399255,7,4,3,4,2,1,,,,,6.673883561639268,4.041581895064876,19.139590854392303,11.032018833329266,218,16,15,1.2119326881438162,1.1335367058459738,6.493394566788621,6.402600694738393,28
132,ZINCk600000PBwsY,C[S@](=O)CC[C@H](NC(=O)c1cc([N+](=O)[O-])sn1)C(=O)O,14.285714285714286,15.882058156883279,0.7749065572396696,12.307111008230635,4,321.33600000000007,0.0029000000000001247,2,7,7,1,,,,34.91277919563592,10,6,4,6,3,1,,,,,10.268540700651513,6.449451895236273,25.177687270404085,16.429600324397615,21,16,13,1.3282457502707956,1.0175252653089395,6.493394566788621,7.0777133373698335,28
133,ZINCk700000grTGp,CN(C)c1cncc(NC(=O)CN2CCS(=O)CC2)c1,14.285714285714286,16.750860837028807,0.734097687177941,12.296768198702395,4,296.396,0.1504000000000003,1,5,4,1,,,,21.42547633865539,7,3,4,3,2,1,,,,,5.755071527895373,3.7283379000250076,12.609777517564403,9.672672730585377,304,16,7,1.499843015270875,1.1790780056395624,9.983293144048217,9.96915149806451,28
134,ZINCk6000004dGam,NC(=O)c1cc(C(=O)OCCOC=O)cc([N+](=O)[O-])c1,17.857142857142858,18.614658157328254,0.6602783526356444,12.29085582299636,5,282.20799999999997,0.023499999999999632,1,7,7,1,,,,26.753501871115127,8,4,4,4,2,1,,,,,6.8051103762280905,4.301746435587846,16.27788270124037,11.79220824994985,169,16,1,2.194921886526785,1.1372743693300573,7.8947932208513265,7.79184607799509,28
135,ZINCk700000drB3b,Cn1cc(CN2CCO[C@H]3COC[C@H]3C2)c([N+](=O)[O-])n1,14.285714285714286,15.882058156883279,0.772755655319967,12.272950258852166,4,282.3,0.1755,0,7,3,1,,,,27.447880049284816,8,5,3,5,2,1,,,,,8.298838710420336,5.382720593023571,18.110064538635967,13.086099045136457,92,16,3,1.271384836793707,1.0888442730496506,6.493394566788621,6.078111561647327,28
136,ZINCk6000004cHhQ,COCCS(=O)(=O)NC(=O)c1ncoc1-c1ccon1,14.285714285714286,15.882058156883279,0.7722814076525163,12.265418229816946,4,301.28000000000003,0.03559999999999991,1,8,6,1,,,,23.003440943939186,8,3,5,3,2,1,,,,,9.045543131722992,5.871973805569904,19.683925346177002,12.53501758477704,114,16,0,1.1503095522429965,1.181545444122279,6.493394566788621,6.164885882955497,28
137,ZINCj8000018TxlL,O=c1sc(Br)nn1C[C@@H](O)Cn1cc([N+](=O)[O-])cn1,14.285714285714286,15.882058156883279,0.7722467350883296,12.264867558136086,4,350.15400000000005,0.23309999999999992,1,9,5,1,,,,30.71184253871794,9,5,4,5,2,1,,,,,12.686450282892652,7.508320554256338,40.878169449598026,17.192798346848974,14,16,10,1.1434679773902663,1.1015548227748548,6.493394566788621,5.488546594655359,28
138,ZINCk7000004fEPm,CO[C@@]1(COC(=O)Cn2cc([N+](=O)[O-])cn2)CCOC1,14.285714285714286,15.882058156883279,0.7718995810678221,12.25935403779299,4,285.25600000000003,0.13999999999999946,0,8,6,1,,,,27.447880049284816,8,5,3,5,2,1,,,,,9.484335294612183,5.9779699899362395,22.939377038651998,13.975221483280343,53,16,12,1.2554499767955016,1.1012023520956888,6.493394566788621,6.957885730726216,28
139,ZINCj5000009gKxZ,COCCOCc1nnc(Cn2cnc(C#N)n2)o1,14.285714285714286,15.882058156883279,0.7710905225724786,12.246504523717624,4,264.245,-0.2559200000000006,0,9,7,1,,,,20.322492634195317,7,3,4,3,2,1,,,,,8.906280978614069,5.80065920251261,19.16941865536793,11.760333892509381,170,16,5,1.0781391996849776,1.1953752415326369,6.493394566788621,5.760104055279861,28
140,ZINCk800000JTYjQ,COC(=O)[C@@H](C)N(C)C(=O)[C@@H](F)n1cc([N+](=O)[O-])cn1,14.285714285714286,15.882058156883279,0.7706511198144521,12.239525903560352,4,288.235,0.2792999999999999,0,7,5,1,,,,24.106424648399255,7,4,3,4,2,1,,,,,6.55035333622062,3.942884658043714,19.340256566890655,10.939371164265278,222,16,15,1.2085916050484546,1.1590498594838792,6.493394566788621,6.677204629456839,28
141,CHEMBL1611170,CCOC(=O)COc1ccc(/C=C/[N+](=O)[O-])c(OCC(=O)OCC)c1,14.285714285714286,15.882058156883279,0.76800258166455,12.197461666632883,4,353.32700000000017,1.8177999999999999,0,8,10,1,,,,27.447880049284816,8,5,3,5,2,1,,,,,11.877795216309893,7.611651327553283,27.024192108552047,15.770316424553624,25,16,11,1.3648955509710612,1.0129128236343519,6.493394566788621,5.751309042418863,28
142,ZINCk800000JUhbm,O=C1NCCN2CCN(c3cccc([N+](=O)[O-])c3)C[C@H]12,14.285714285714286,15.189005259394039,0.8017691873534485,12.178076403531612,4,276.29600000000005,0.2151999999999996,1,5,2,1,,,,26.753501871115127,8,4,4,4,2,1,,,,,9.48684014298778,5.607234805137328,30.790711346266903,13.803505575019617,61,16,13,1.0424618923115168,1.0706921015012871,9.038073356639677,8.623533820898018,28
143,ZINCf5000000axSP,O=[N+]([O-])c1cccnc1NC(CO)CO,14.285714285714286,15.882058156883279,0.7666351318194404,12.175743748666232,4,213.19299999999998,-0.24510000000000015,3,6,5,1,,,,26.250045649530197,8,3,5,3,2,1,,,,,3.2098112560492567,1.797822556704275,14.956362612612608,8.969869854419493,330,16,1,1.4331703690209536,1.0198878790866295,6.493394566788621,6.281495853401246,28
144,ZINCk8000004hAvA,CCN(CCC(=O)OC)C(=O)Cn1ccc([N+](=O)[O-])n1,14.285714285714286,15.882058156883279,0.7656901490219604,12.160735476919399,4,284.272,0.20289999999999964,0,7,7,1,,,,24.106424648399255,7,4,3,4,2,1,,,,,5.859244987265528,3.5811408367934408,16.102985984156003,10.42103990254896,268,16,4,1.2024419279296865,1.195714202936151,6.493394566788621,6.40752693927942,28
145,ZINCj800000wIJiO,CC(C)CC(=O)NCCNC(=O)c1ccc[n+]([O-])c1,14.285714285714286,14.490870376529077,0.8351618195008791,12.102221669813414,4,265.313,0.2120999999999998,2,3,6,1,,,,23.784240749250948,7,3,4,3,2,1,,,,,5.769606954399699,3.464878538637571,17.231379731379732,10.27326540311251,287,16,7,0.9458667454301016,0.9427630077432526,7.509116392758873,7.208638590839813,28
146,ZINCi600000xcJPi,CN(C[C@H]1CCO1)C(=O)Cn1ccc([N+](=O)[O-])n1,14.285714285714286,15.882058156883279,0.7616807747283018,12.097058361214799,4,254.246,0.038599999999999746,0,6,5,1,,,,24.106424648399255,7,4,3,4,2,1,,,,,5.849285134394139,3.5811408367934408,15.953670276774973,10.413570012895418,273,16,1,1.4179512571031279,1.0622782971691034,6.493394566788621,6.275133097387253,28
147,ZINCk600000GfIt0,CN1CC2(CCN2C(=O)CCn2cnc([N+](=O)[O-])c2)C1,10.714285714285714,13.705634530873795,0.8819302012036958,12.087413019437847,3,279.3,0.0979000000000001,0,6,4,1,,,,24.106424648399255,7,4,3,4,2,1,,,,,8.342216453304665,5.009919145647842,24.91254523522316,12.283268502078313,129,16,10,0.7450401222740397,0.7478755718881372,5.667138254886672,6.303126621120586,28
148,ZINCj6000002lt6w,COCCCCN(C)C(=O)Cn1cnc([N+](=O)[O-])n1,14.285714285714286,15.882058156883279,0.7605409046925894,12.078954879016328,4,271.27700000000004,0.0712999999999997,0,7,8,1,,,,24.106424648399255,7,4,3,4,2,1,,,,,6.1694452779812545,3.86995733951795,15.202773144286901,10.653690120585754,240,16,4,1.2730836775360626,1.1785565061742214,6.493394566788621,6.553977400413474,28
149,ZINCk8000004i6mZ,CN(C[C@H](O)Cn1cc([N+](=O)[O-])cn1)[C@H]1CCCOC1,14.285714285714286,15.882058156883279,0.7598750993361859,12.068380519624762,4,284.31600000000003,0.26299999999999923,1,7,6,1,,,,26.753501871115127,8,4,4,4,2,1,,,,,8.043519435626395,4.988077165007161,20.76010101010101,12.721015044498579,106,16,8,1.2986333630360285,1.162491990922008,6.493394566788621,6.654608481183481,28
150,ZINCk800000wqPck,C=CCOCCN(C)C[C@@H](O)Cn1cc([N+](=O)[O-])cn1,14.285714285714286,15.882058156883279,0.756540035831062,12.015412847079485,4,284.31600000000003,0.2865999999999996,1,7,10,1,,,,26.753501871115127,8,4,4,4,2,1,,,,,8.056306878299095,4.988077165007161,20.931600757149436,12.730605626503102,105,16,14,1.2359125784657023,1.2030000972160784,6.493394566788621,5.970975154037014,28
151,ZINCk7000004fcmT,CNS(=O)(=O)[C@@H]1CCN(Cn2cc(Br)c([N+](=O)[O-])n2)C1,14.285714285714286,15.882058156883279,0.7562640706196423,12.011029951542442,4,368.21300000000014,0.13480000000000003,1,7,5,1,,,,23.370539704909035,7,3,4,3,2,1,,,,,5.145487499463789,3.06128162472658,16.121356335514577,9.7017505508251,303,16,1,1.4313547912849505,1.087583001235687,6.493394566788621,6.311066154921058,28
152,ZINCk8000004iChS,COCOCCCNC(=O)Cn1cc([N+](=O)[O-])c(C)n1,14.285714285714286,15.882058156883279,0.7559297902853316,12.005720891832217,4,286.288,0.22652000000000005,1,7,9,1,,,,26.753501871115127,8,4,4,4,2,1,,,,,7.7925663977090815,5.000892255919603,17.639627659574465,12.532800266060592,115,16,13,1.478436789122754,1.050671008684794,6.493394566788621,6.7549273895875155,28
153,ZINCj8000002qpyE,COCC1CN(C(=O)Cn2cc([N+](=O)[O-])nc2C)C1,14.285714285714286,15.882058156883279,0.7536815961814901,11.970014942327044,4,268.273,0.2045199999999996,0,6,5,1,,,,24.106424648399255,7,4,3,4,2,1,,,,,5.850559206269523,3.5811408367934408,15.97264437689969,10.414525566801954,272,16,11,1.5255330026766731,1.0048058930816721,6.493394566788621,7.0488468908893,28
154,ZINCk800000JTNV2,COCCn1cc(COC(=O)c2nocc2OC)nn1,14.285714285714286,15.882058156883279,0.7530466264327988,11.959930315850468,4,282.256,0.2780999999999998,0,9,7,1,,,,20.322492634195317,7,3,4,3,2,1,,,,,9.06458289687063,5.838063099987193,20.263729444616818,11.879060331201801,161,16,10,1.472554813986626,1.079522709176983,6.493394566788621,6.571478985263302,28
155,ZINCk6000004cwRW,COC(=O)[C@@H]1CCN1CCn1cc([N+](=O)[O-])ccc1=O,14.285714285714286,14.458906658968354,0.8266749982230077,11.952816636609299,4,281.26800000000003,0.0037999999999995815,0,7,5,1,,,,24.106424648399255,7,4,3,4,2,1,,,,,7.099506111559159,4.2741366965836,20.94488188976378,11.351235745769184,194,16,15,1.063739886557599,0.9226784975486474,5.911169934962112,5.783615818096209,28
156,ZINCf5000000a5ui,C[S@@](=O)CCNC(=O)c1ccc[n+]([O-])c1,14.285714285714286,14.490870376529077,0.8214672937537417,11.903776072343605,4,228.27300000000002,-0.5717000000000003,1,3,4,1,,,,23.389241285881766,6,4,2,4,3,1,,,,,4.833653269977727,2.7155027822560984,21.973296199213635,9.472550273953736,314,16,13,0.9777081794354587,1.0019192314708214,7.509116392758873,7.1788019960499625,28
157,ZINCf5000000acl9,Cn1ncnc1Cn1cnnc1[S@](C)=O,14.285714285714286,15.882058156883279,0.7493053006410689,11.900510362042366,4,226.265,-0.8077000000000001,0,7,3,1,,,,17.127196881147942,5,3,2,3,2,1,,,,,3.6744215000554683,2.00763349357173,21.64292018660951,7.037615345328587,370,16,10,1.339789876231772,1.1998841224310592,6.493394566788621,6.404124991827927,28
158,ZINCi7000018Tsyn,NCCCS(=O)(=O)CC(=O)c1ccc([N+](=O)[O-])o1,14.285714285714286,15.882058156883279,0.7492497715283929,11.899628445445446,4,276.27,0.13410000000000033,1,7,7,1,,,,26.753501871115127,8,4,4,4,2,1,,,,,7.654239044435933,4.568866701541715,23.57352941176471,12.429054751105731,117,16,2,1.190245461644302,1.2576269093702204,6.493394566788621,5.789461286411872,28
159,ZINCj800000frvPw,Cn1c([N+](=O)[O-])cnc1CNCCCCS(C)(=O)=O,17.857142857142858,18.614658157328254,0.6391992990310252,11.898476445866375,5,290.34499999999997,0.24269999999999992,1,7,8,1,,,,23.370539704909035,7,3,4,3,2,1,,,,,5.614885013054292,3.3987560005711925,16.136638452237,10.053798686017979,295,16,6,2.1624272638991613,1.2924441207485593,7.8947932208513265,7.435933850452707,28
160,ZINCf5000000aqm4,O=C(NCC#CCO)c1cc[n+]([O-])cc1,14.285714285714286,14.490870376529077,0.8207220799837023,11.89297727619916,4,206.20100000000002,-0.9545000000000001,2,3,2,1,,,,21.580921369014565,6,3,3,3,2,1,,,,,3.7748796719345004,2.1441701880885025,15.763590844062952,8.226390096204517,356,16,6,1.0839765616318024,0.9434188318282258,7.509116392758873,7.336469138704544,28
161,ZINCj5000002bHcB,COCC1CN(C(=O)Cc2nn(C)cc2[N+](=O)[O-])C1,14.285714285714286,15.882058156883279,0.7485189052184749,11.88802078420642,4,268.273,-0.02440000000000042,0,6,5,1,,,,24.106424648399255,7,4,3,4,2,1,,,,,5.830819137394739,3.463852307147287,18.413131313131313,10.39972051514587,277,16,14,1.2303578062041427,1.2813625177248809,6.493394566788621,6.463545949586529,28
162,ZINCk600000FCpmk,Cc1cnc(C(=O)N2CCC(F)(C(=O)O)CC2)c[n+]1[O-],14.285714285714286,15.914021874444002,0.7461602078284874,11.87440986922223,4,283.25899999999996,0.052320000000000144,1,4,2,1,,,,23.370539704909035,7,3,4,3,2,1,,,,,6.531749983281545,4.008241347694805,17.633362653282973,10.741447413688418,235,16,9,1.0674665967458972,1.18460180468701,10.122770668152079,8.553900909107105,28
163,ZINCj500000vofcE,CCSCC(=O)NCCNC(=O)c1cc[n+]([O-])cc1,14.285714285714286,14.490870376529077,0.8184746950336931,11.860410712202414,4,283.353,-0.08089999999999997,2,4,7,1,,,,23.784240749250948,7,3,4,3,2,1,,,,,5.664471161435128,3.501611096908303,14.815880322209438,10.194413558389085,290,16,6,0.9315947537317127,0.9814399077729384,7.509116392758873,6.619946415658561,28
164,ZINCk800000cvxlC,CC(=O)N1C[C@H]2CN(C(=O)c3ccc([N+](=O)[O-])[nH]3)[C@H]2C1,14.285714285714286,14.490870376529077,0.8174584205993656,11.845684011107593,4,278.26800000000003,0.22559999999999986,1,4,2,1,,,,23.370539704909035,7,3,4,3,2,1,,,,,5.286698523248444,3.269384043117,13.804542737597133,9.807658818663592,299,16,3,1.0881123361005465,0.9566220924750901,7.509116392758873,7.766215969376329,28
165,ZINCj6000002laIu,CN(CCn1cnnc1)Cc1cn(C)nc1[N+](=O)[O-],14.285714285714286,14.458906658968354,0.8192187970082664,11.845008119214867,4,265.277,0.0517999999999994,0,8,6,1,,,,28.064765316002067,8,5,3,5,2,1,,,,,8.92507496722385,5.510363858136589,23.467824310520943,13.709997554418402,64,16,5,1.2741626056347994,0.8069030591438849,5.911169934962112,5.677840775236093,28
166,ZINCk800001bPdut,CCOC[C@@H](O)CN(C)S(=O)(=O)c1ccc([N+](=O)[O-])o1,14.285714285714286,15.882058156883279,0.7452780288169604,11.836548996718296,4,308.31200000000007,0.20570000000000022,1,7,8,1,,,,26.753501871115127,8,4,4,4,2,1,,,,,7.58149402459701,4.569074938156166,22.253097435374507,12.374495986226538,122,16,9,1.2585241807743397,1.1484009793289929,6.493394566788621,5.286725393509522,28
167,ZINCk600000PzDK9,Cn1cnnc1Cn1cc(-c2ccnc(CO)c2)nn1,14.285714285714286,15.924846448928484,0.7431173740736954,11.834030075654548,4,271.284,0.009199999999999486,1,8,4,1,,,,21.311554623432382,7,3,4,3,2,1,,,,,8.620468930770556,5.107665127685915,27.6077097505669,11.793240353936014,168,16,15,1.3485607759058427,1.229386788143766,9.866748856639653,9.684363486484985,28
168,ZINCk8000018Tnzg,CSc1ncc([N+](=O)[O-])c(N2C[C@H](O)[C@@H](N(C)C)C2)n1,14.285714285714286,15.195105438906717,0.7783179266790538,11.826622960879488,4,299.35600000000005,0.21779999999999955,1,8,4,1,,,,26.753501871115127,8,4,4,4,2,1,,,,,4.9792513705979795,3.121597891722357,12.29739252995067,10.422813995727266,267,16,13,1.4124522927265666,0.9470452220836997,7.8947932208513265,7.460119633501739,28
169,ZINCf50000009Wft,C[C@H](CO)Nc1ncc([N+](=O)[O-])c(=N)[nH]1,14.285714285714286,14.478918013750661,0.8160533414335726,11.815569425463973,4,213.197,-0.4099300000000003,4,6,4,1,,,,23.784240749250948,7,3,4,3,2,1,,,,,5.031160380204613,2.759539320103709,28.45494016731971,9.719430472466199,302,16,4,1.3608345264803636,0.7334482245716679,7.8947932208513265,8.386280385616688,28
170,ZINCk7000018Th5o,COCCNC(=O)[C@@H](C#N)C(=O)c1cc([N+](=O)[O-])sn1,14.285714285714286,15.882058156883279,0.7423854862193897,11.790609466962417,4,298.28,0.13638,1,8,7,1,,,,33.32402722009792,10,6,4,6,2,1,,,,,11.08943356309469,7.134652054713469,24.881280166515076,16.648081977345498,17,16,11,1.327767942970237,1.172971835966826,6.493394566788621,7.41148272189595,28
171,ZINCk7000009KtWu,CN1CC(CN(C)S(=O)(=O)c2cncc([N+](=O)[O-])c2)C1,17.857142857142858,18.614658157328254,0.6329827235468863,11.782757018319902,5,300.3400000000001,0.17189999999999972,0,6,5,1,,,,24.106424648399255,7,4,3,4,2,1,,,,,7.014414406859222,4.179074134984182,21.815151515151513,11.28741696724423,196,16,10,1.7211281715267668,1.5171547435527126,7.8947932208513265,6.5103726951623235,28
172,ZINCk500000dqn9m,O=c1n(CCCn2ccc([N+](=O)[O-])n2)nnn1C1CC1,14.285714285714286,15.882058156883279,0.741849588265225,11.782098304488217,4,279.2600000000001,-0.03030000000000066,0,9,6,1,,,,28.064765316002067,8,5,3,5,2,1,,,,,10.782127351003359,6.373322958577067,34.979552228460506,15.102786842253035,35,16,1,1.7749589607850402,0.9069526546601341,6.493394566788621,6.261358950550697,28
173,ZINCi70000011IGK,CC(=O)NCCOCCn1nc([N+](=O)[O-])nc1Br,14.285714285714286,15.882058156883279,0.7412204131207558,11.772105708252893,4,322.119,0.10149999999999992,1,7,7,1,,,,26.753501871115127,8,4,4,4,2,1,,,,,7.213342978331716,4.303737553035641,22.267857142857146,12.09838270152757,143,16,15,1.5317665403123417,1.086073820045373,6.493394566788621,6.98993593827884,28
174,ZINCk600000vhbKv,COC(=O)[C@]12CN(Cc3ccc[n+]([O-])c3)C[C@H]1CCO2,14.285714285714286,14.490870376529077,0.8118524872688614,11.764449157875793,4,278.30800000000005,0.08389999999999964,0,5,3,1,,,,20.723462482193167,6,3,3,3,2,1,,,,,7.84564683116339,4.82166665051249,21.043209876543216,11.065100743920835,215,16,5,1.2067141812795343,0.8943668315691725,7.509116392758873,7.0945720820142775,28
175,ZINCi5000000XXmV,O=[N+]([O-])c1cnn(CCN2C[C@@H]3OCO[C@@H]3C2)c1,14.285714285714286,14.458906658968354,0.8136353873842955,11.764278120623088,4,254.24599999999998,-0.1516000000000004,0,7,4,1,,,,24.106424648399255,7,4,3,4,2,1,,,,,5.84493899309187,3.5811408367934408,15.889221556886232,10.410310406918716,274,16,3,1.2681739534441945,0.8540215713068897,5.911169934962112,5.920847907068246,28
176,ZINCj7000002objj,C[C@@H]1CN(C(=O)c2cc([N+](=O)[O-])n[nH]2)CC[S@](=O)C1,14.285714285714286,14.490870376529077,0.8101126938120241,11.73923803641083,4,286.313,0.15849999999999986,1,5,2,1,,,,28.96491310124815,8,5,3,5,3,1,,,,,6.757342456303688,4.058985238062773,20.15830401777449,12.309235117539803,127,16,9,1.1381928516426225,0.9729127439644625,7.509116392758873,7.483458281786598,28
177,ZINCf5000000aavf,Cn1cc(Cn2cnnc2[S@@](C)=O)nn1,10.714285714285714,12.462505438461742,0.9397897673188413,11.712135086221755,3,226.26500000000001,-0.8077000000000001,0,7,3,1,,,,17.127196881147942,5,3,2,3,2,1,,,,,2.836066396067904,1.571534115696225,14.517747397466445,6.4088490173379125,378,16,1,0.49121013170040045,0.5469393986779725,5.609036726569012,5.393553671292668,28
178,ZINCk800000JTuRO,CN(C)[C@H]1CCCN(CC(=O)Nc2cc[n+]([O-])cc2)C1,10.714285714285714,13.705634530873795,0.8538511243587106,11.702571454236159,3,278.35600000000005,0.28450000000000114,1,4,4,1,,,,23.370539704909035,7,3,4,3,2,1,,,,,7.165226024113777,4.442856034727885,18.5029502375855,11.216554444312592,201,16,6,1.003336151534465,0.7732538067339267,5.667138254886672,6.1396327711356795,28
179,ZINCk7000018Snf5,Cc1cn2nccc2c(C(=O)NC[C@H]2COCCO2)n1,14.285714285714286,15.924846448928484,0.7345478971290706,11.697562471163767,4,276.29599999999994,0.18291999999999975,1,6,3,1,,,,23.003440943939186,8,3,5,3,2,1,,,,,7.546625826270792,4.921594295715742,16.172617261726177,11.41082960568789,192,16,2,1.2263936483481004,1.203849866584514,9.866748856639653,8.508597198511193,28
180,ZINCk5000003YjNB,CN(C)C(=O)COC1CN(C(=O)c2cccc[n+]2[O-])C1,17.857142857142858,18.646621874888975,0.6272284305092801,11.695691372886623,5,279.29600000000005,-0.7507999999999988,0,4,4,1,,,,20.723462482193167,6,3,3,3,2,1,,,,,4.988987279985951,3.089716593274975,12.948557089084067,8.922606080537754,336,16,15,1.8022455868477731,1.552347122670104,10.122770668152079,8.99223604463206,28
181,ZINCk8000004ixqr,COCC1(O)CCN(CCn2cc([N+](=O)[O-])cn2)CC1,14.285714285714286,15.882058156883279,0.7363804517743194,11.695237160671724,4,284.3160000000001,0.26459999999999995,1,7,6,1,,,,26.753501871115127,8,4,4,4,2,1,,,,,7.749363804906478,4.853516121440162,19.212478184991284,12.50039832145864,116,16,14,1.5871830253981916,1.0976498730508328,6.493394566788621,6.601558077661311,28
182,ZINCj5000002fxX9,Cn1cc([N+](=O)[O-])c(CN2CCCN(C=O)CC2)n1,14.285714285714286,14.458906658968354,0.8080094737519553,11.682933560541663,4,267.28899999999993,-0.007600000000000273,0,6,4,1,,,,24.106424648399255,7,4,3,4,2,1,,,,,6.073139916947982,3.7259581453192583,16.411845730027544,10.5814610998108,249,16,4,1.302536814093468,0.8579857429214743,5.911169934962112,5.694947320676688,28
183,ZINCh8000000aUbo,Cn1cnc([N+](=O)[O-])c1CN1CCC(O)CC1,14.285714285714286,14.458906658968354,0.8074429879107109,11.674742794639482,4,240.26299999999995,0.28499999999999953,1,6,3,1,,,,23.370539704909035,7,3,4,3,2,1,,,,,5.4009178681025265,3.2584677173779073,15.76921102612802,9.893323327304154,296,16,12,1.26324038331101,0.8835740895741883,5.911169934962112,5.551193288380891,28
184,ZINCi700000vzMdV,COCCS(=O)(=O)CCCOc1cc[n+]([O-])cc1,14.285714285714286,15.882058156883279,0.7342651907666865,11.66164246233151,4,275.32599999999996,0.15009999999999968,0,5,8,1,,,,20.723462482193167,6,3,3,3,2,1,,,,,8.427788436953639,4.943366964404934,28.556002383080138,11.501706948263521,187,16,0,1.493986981979003,1.1124555137800851,6.493394566788621,7.351375657826508,28
185,ZINCj800000d8TSK,Cn1ncc([N+](=O)[O-])c1N[C@@H]1CCN(C2COC2)C1,10.714285714285714,13.705634530873795,0.8505024150713777,11.656675268593832,3,267.289,0.2132999999999996,1,7,4,1,,,,26.753501871115127,8,4,4,4,2,1,,,,,7.544567654803484,4.657745423979102,19.843139220206474,12.346801208881395,125,16,6,1.0717018448779942,0.7624634744800769,5.667138254886672,5.90536475451226,28
186,ZINCk600000kFBeL,COC[C@@]1(C(=O)O)CCCN1C(=O)c1cc[n+]([O-])cc1,14.285714285714286,15.882058156883279,0.7335443312705914,11.650193729891585,4,280.28,0.0257999999999996,1,4,4,1,,,,23.370539704909035,7,3,4,3,2,1,,,,,8.747896529312817,5.370281721354994,23.575776019476567,12.403557323211873,120,16,1,1.0835999098757112,1.2023396487675626,6.493394566788621,4.7387099381755755,28
187,ZINCk6000004dBth,N#CCN1CCN(C(=O)CSc2cccc[n+]2[O-])CC1,10.714285714285714,13.705634530873795,0.8486380791252319,11.631123361473186,3,292.3640000000001,0.07988000000000017,0,5,4,1,,,,20.723462482193167,6,3,3,3,2,1,,,,,7.267091341273811,4.534366094980565,18.28980099502488,10.63118412650365,245,16,11,0.8350924238649956,0.9369384710762857,5.667138254886672,5.477709980701725,28
188,ZINCj800000JWWs0,NC(=O)CSCC(=O)OCc1cccnc1[N+](=O)[O-],14.285714285714286,15.882058156883279,0.7322472095263223,11.629592766912547,4,285.281,0.2514999999999994,1,7,7,1,,,,26.753501871115127,8,4,4,4,2,1,,,,,6.740679234582913,4.078352671818786,19.41409624472788,11.743884893715967,172,16,9,1.5175352649486116,1.1756134652928818,6.493394566788621,6.347907864356979,28
189,ZINCf50000009qyk,COC(=O)NCCNc1c[n+]([O-])ccn1,14.285714285714286,14.458906658968354,0.8039149213831255,11.623730810030494,4,212.20900000000003,-0.5171000000000003,2,5,4,1,,,,23.784240749250948,7,3,4,3,2,1,,,,,4.827729269163541,2.8381665972828056,16.14640180455505,9.566857139185391,308,16,14,1.1309842053323114,1.015473716541084,5.911169934962112,5.884498942105402,28
190,ZINCk800000dscoJ,Cn1nnnc1SCCc1nc(Cc2cc[nH]n2)no1,14.285714285714286,15.882058156883279,0.7309269751528769,11.608624727812769,4,292.328,0.24179999999999985,1,9,6,1,,,,21.311554623432382,7,3,4,3,2,1,,,,,8.508595393318839,5.221408123139019,22.96886058032555,11.709335200847223,175,16,14,1.4515518158714193,1.2106679715896775,6.493394566788621,6.9940087576953145,28
191,ZINCk5000009AtSB,CC(=O)N(C)C[C@H]1CN(C(=O)CCC[N+](=O)[O-])CCO1,14.285714285714286,15.195105438906717,0.763621847489814,11.603314488060468,4,287.31600000000003,-0.2509999999999992,0,5,6,1,,,,20.11305116986155,6,3,3,3,2,1,,,,,6.2778653632704575,3.9235063881039514,15.69721534979207,9.73666181491823,301,16,2,1.0849698410548494,1.1382561198925336,7.8947932208513265,6.623006112906775,28
192,ZINCk7000018T07p,Cn1cc(CCSc2nc(=O)c3nc[nH]c3n2C)nn1,17.857142857142858,17.910423094950616,0.6473820497959465,11.59488641592179,5,291.34000000000003,0.11989999999999995,1,8,4,1,,,,21.311554623432382,7,3,4,3,2,1,,,,,8.760809325283898,5.411570104219949,22.98842257597685,11.898495649821019,159,16,2,1.6914334418363053,1.5554230289402127,7.73709680694251,8.490015265035263,28
193,ZINCk6000009JknH,COCc1cn([C@H]2CON(C(=O)c3cocn3)C2)nn1,14.285714285714286,15.924846448928484,0.7259601901919768,11.560804556842148,4,279.256,0.0411999999999999,0,8,4,1,,,,20.322492634195317,7,3,4,3,2,1,,,,,8.849018439768178,5.561633356620158,21.64011585807387,11.717386988374964,174,16,6,1.5039318311179668,1.2274602419596656,9.866748856639653,9.8761642589914,28
194,ZINCi700000PIBkn,CN1CC2(C1)CN(CCc1cc([N+](=O)[O-])n[nH]1)C2,10.714285714285714,13.705634530873795,0.8433091376659451,11.558086837395779,3,251.29000000000002,0.10779999999999973,1,5,4,1,,,,26.753501871115127,8,4,4,4,2,1,,,,,7.38597609533172,4.470590731298326,21.231714452896426,12.227857539277572,133,16,11,0.8583498325464133,0.934618042045913,5.667138254886672,5.189165185348061,28
195,ZINCf500000362dE,NC(=O)CNCc1ccc([N+](=O)[O-])cn1,14.285714285714286,15.189005259394039,0.7604365411257226,11.550274622594012,4,210.19299999999998,-0.43530000000000024,2,5,5,1,,,,25.976950398411248,8,3,5,3,2,1,,,,,6.231155199224272,3.5596957542994216,24.97197702115735,11.167603999021015,202,16,0,1.2234496117198739,1.1163013820161845,9.038073356639677,8.01818626848185,28
196,ZINCk8000004kjNc,O=c1cc(CN2CCn3nccc3C2)[nH]c2ccnn12,14.285714285714286,16.750860837028807,0.6879755463530164,11.524182636238239,4,270.29600000000005,0.23489999999999972,1,6,2,1,,,,23.50426427259268,8,3,5,3,2,1,,,,,11.66626198389826,7.25932798106579,29.69057665260197,14.625762556071864,43,16,0,1.483440179349179,1.397482655186676,9.983293144048217,8.998937769716479,28
197,ZINCf5000002oGQc,NC/C=C\\CNC(=O)c1cc[n+]([O-])cc1,10.714285714285714,13.705634530873795,0.8404027552781064,11.518253022581094,3,207.23300000000003,-0.43530000000000024,2,3,4,1,,,,21.580921369014565,6,3,3,3,2,1,,,,,3.778369989860586,2.1441701880885025,15.886154390934848,8.22900783464908,355,16,5,0.9759510032009225,0.8866002403565819,5.667138254886672,5.299815439075616,28
198,ZINCk600000JTl3x,CN1CCO[C@H](CN(C)Cc2c([N+](=O)[O-])cnn2C)C1,14.285714285714286,14.458906658968354,0.7961626530721986,11.511641486127523,4,283.33200000000005,0.09070000000000067,0,7,5,1,,,,27.447880049284816,8,5,3,5,2,1,,,,,8.427391269923017,5.549478570681585,17.50569872116833,13.182513464763467,86,16,8,1.2477485992436717,0.9659482365978471,5.911169934962112,5.548166650415354,28
199,ZINCk500000458dY,Cc1nn(CC(=O)O[C@@H]2CCN(C)C2=O)cc1[N+](=O)[O-],14.285714285714286,15.882058156883279,0.7247362646569718,11.510303503684378,4,282.256,-0.12637999999999971,0,7,4,1,,,,24.106424648399255,7,4,3,4,2,1,,,,,5.946910471106406,3.668530821385453,15.693562541944143,10.486789015429618,263,16,11,1.603520433291673,1.1364411585530407,6.493394566788621,5.988469374612869,28
200,ZINCk800000JSzji,CCCCOC[C@H](O)CNC(=O)c1cc([N+](=O)[O-])n[nH]1,14.285714285714286,15.882058156883279,0.7247355428299608,11.51029203958581,4,286.28799999999995,0.22529999999999972,3,6,9,1,,,,31.82571746489658,10,4,6,4,2,1,,,,,8.175806045619035,5.33666162777463,17.469953851089564,14.088283900438423,50,16,0,1.5344542951068696,1.2099418803322124,6.493394566788621,6.32359617015385,28
201,ZINCk800000Pu56y,Cc1nn(C)cc1-c1cn(-c2cc(CO)nn2C)nn1,14.285714285714286,15.924846448928484,0.7227832561796252,11.510212370517072,4,273.29999999999995,0.2020199999999997,1,8,3,1,,,,21.311554623432382,7,3,4,3,2,1,,,,,7.465541997689268,4.585898541049669,20.065123010130247,10.927045154125047,224,16,6,1.6592206382086472,1.115245274436224,9.866748856639653,10.271591325364216,28
202,ZINCk6000004dXPg,O=C(O)[C@@H](O)CNS(=O)(=O)c1ccc([N+](=O)[O-])c(Br)c1,17.857142857142858,18.614658157328254,0.617832241073465,11.500735966158572,5,369.14900000000006,0.08110000000000045,3,6,6,1,,,,28.442755298690493,9,3,6,3,2,1,,,,,8.019062668400618,4.710707467196648,26.937210648148152,13.124985825973088,90,16,6,1.7800598661882738,1.5264038685718562,7.8947932208513265,6.283060603076437,28
203,ZINCk500000gcfB0,CN1CCN(C(=O)Cn2ccc([N+](=O)[O-])n2)C[C@@H]1CF,14.285714285714286,15.882058156883279,0.7240338094597977,11.499147069390252,4,285.279,-0.09660000000000002,0,6,4,1,,,,24.106424648399255,7,4,3,4,2,1,,,,,5.981123372803874,3.6798380738146035,15.965703971119133,10.51244869170272,255,16,10,1.4730033140817784,1.2614480928081597,6.493394566788621,6.4020390648990695,28
204,ZINCk8000004hk6q,CC(C)NS(=O)(=O)CCN[C@H](C)c1n[nH]cc1[N+](=O)[O-],14.285714285714286,15.882058156883279,0.7214244072401975,11.457704391583864,4,305.36000000000007,0.29630000000000006,3,6,8,1,,,,28.442755298690493,9,3,6,3,2,1,,,,,6.6104321032071605,4.079231386722173,17.41921696620323,12.068512902077993,146,16,15,1.63786408595032,1.1436663359402186,6.493394566788621,6.854342713828144,28
205,ZINCk600000dqR4B,CN(C)C(=O)OCCOC(=O)Cn1cnc([N+](=O)[O-])c1,14.285714285714286,15.882058156883279,0.7212655801862283,11.455181891075839,4,286.244,0.03269999999999995,0,8,6,1,,,,24.106424648399255,7,4,3,4,2,1,,,,,7.256294929731215,4.457916322023707,19.49214852161126,11.468827359398224,190,16,10,1.5022895677763348,1.145408805904372,6.493394566788621,7.59787890690425,28
206,ZINCf500000180MY,Cn1cnc([N+](=O)[O-])c1NC[C@@H](N)CO,14.285714285714286,14.458906658968354,0.7921752956569768,11.453988657444887,4,215.21299999999997,-0.9401999999999999,3,7,5,1,,,,26.250045649530197,8,3,5,3,2,1,,,,,5.416717002976673,3.11744282569801,20.639150121908738,10.625049164615055,246,16,11,1.2353433169967798,1.012910160494148,5.911169934962112,5.884140399196165,28
207,ZINCk5000009FZ3x,N#CCC(=O)NC[C@@H]1CCN1C(=O)c1cccc[n+]1[O-],14.285714285714286,14.458906658968354,0.791826572030677,11.44894649508244,4,274.28000000000003,-0.4356199999999999,1,4,4,1,,,,23.370539704909035,7,3,4,3,2,1,,,,,6.7507958655417335,4.189481182172933,17.370663420572125,10.90573182538356,225,16,10,1.1053183787899776,0.9641816875221435,5.911169934962112,4.698962473117689,28
208,ZINCk800000JSMVm,CC(C)(O)CN(C(=O)c1cc([N+](=O)[O-])sn1)C1CNC1,14.285714285714286,15.195105438906717,0.7525635759978389,11.43528288676785,4,300.3400000000001,0.2361999999999998,2,7,5,1,,,,25.976950398411248,8,3,5,3,2,1,,,,,5.842924448936075,3.5126056097643175,17.35948477751757,10.876430936304867,228,16,11,1.2622659666402405,1.1117823480507827,7.8947932208513265,6.742745384115875,28
209,ZINCk700001bPyy0,COc1cccc2c(CNCc3nnnn3C)cnn12,14.285714285714286,15.195105438906717,0.752104625066035,11.428309078967807,4,273.3,0.15619999999999945,1,8,5,1,,,,21.311554623432382,7,3,4,3,2,1,,,,,9.275549605966711,5.69164822811178,25.04720406681191,12.284550860333129,128,16,7,1.3111111501023602,1.050307209889456,7.8947932208513265,6.610118137397296,28
210,ZINCi700000eO30t,CO[C@@H]1CCN(C(=O)c2ncc([N+](=O)[O-])n2C)C1,14.285714285714286,15.882058156883279,0.7192875613824957,11.423766881399548,4,254.24599999999998,0.1891999999999998,0,6,3,1,,,,24.106424648399255,7,4,3,4,2,1,,,,,6.128320716940312,3.760735944449329,16.543069024529377,10.622846699805049,247,16,15,1.4630227960007216,1.2980782777449962,6.493394566788621,6.3734792988415,28
211,ZINCj5000002b0rU,COC(=O)CN(CC#N)CCn1ccc([N+](=O)[O-])n1,14.285714285714286,14.458906658968354,0.7888369987699396,11.405720534355291,4,267.245,-0.21012000000000053,0,8,7,1,,,,27.447880049284816,8,5,3,5,2,1,,,,,8.812532164891213,5.616226168685967,20.452399347583487,13.471369135989613,76,16,13,1.3336705107405469,0.9362142569075059,5.911169934962112,6.398319896496509,28
212,ZINCk600000PxdB7,C=CCNC(=O)CSCCNC(=O)c1ccc[n+]([O-])c1,14.285714285714286,14.490870376529077,0.7870379244086596,11.404864544018377,4,295.364,0.0852,2,4,8,1,,,,23.784240749250948,7,3,4,3,2,1,,,,,6.593172120978485,4.060713291232814,17.518667432510053,10.890939278046602,226,16,2,1.0440104504059944,1.033673426800372,7.509116392758873,6.28957942470872,28
213,ZINCk600000gqKx8,O=[N+]([O-])c1cnn(CCN2CC[C@@]23CCS(=O)(=O)C3)c1,14.285714285714286,15.882058156883279,0.7178906380378031,11.401580863598431,4,300.34000000000003,0.05430000000000024,0,7,4,1,,,,24.106424648399255,7,4,3,4,2,1,,,,,5.9195133269398035,3.59669917897722,16.713210536739947,10.466241157304665,266,16,0,1.499709627243961,1.2738041872885253,6.493394566788621,6.2052331271257035,28
214,ZINCk8000004i0I0,CN(C)C(=O)[C@H]1CCN(Cc2c([N+](=O)[O-])ncn2C)C1,14.285714285714286,14.458906658968354,0.7885283607455007,11.40125796596852,4,281.31600000000003,0.23839999999999972,0,6,4,1,,,,24.106424648399255,7,4,3,4,2,1,,,,,6.0302145982683495,3.830044555662378,14.170410302485777,10.549267110801075,252,16,5,1.3936673506902102,0.8966438851129386,5.911169934962112,6.340324377115804,28
215,ZINCk6000004ceDJ,CN(C)[C@@H]1CCN(C(=O)Cc2nn(C)cc2[N+](=O)[O-])C1,10.714285714285714,13.705634530873795,0.8309741560699878,11.389028087696534,3,281.31600000000003,0.03330000000000033,0,6,4,1,,,,24.106424648399255,7,4,3,4,2,1,,,,,5.448570107167365,3.4482939649635087,12.975165859781242,10.113033742475338,292,16,15,0.8979515208831842,0.7339258058779983,5.667138254886672,7.31753195766491,28
216,ZINCj7000002p9DK,c1coc(Cn2nnnc2SCCc2nn[nH]n2)c1,14.285714285714286,15.189005259394039,0.7484012314429853,11.36747024052448,4,278.30100000000004,0.16229999999999972,1,9,6,1,,,,21.311554623432382,7,3,4,3,2,1,,,,,10.35211323209979,6.2105612949151,31.074017872196936,13.091973579932937,91,16,5,1.1930084647360222,1.2300023526821335,9.038073356639677,8.125109419084277,28
217,ZINCk700000FCEau,N#CCC(=O)OCCNC(=O)c1cncc([N+](=O)[O-])c1,14.285714285714286,14.490870376529077,0.783667473041646,11.356023770148587,4,278.224,0.1764799999999998,1,7,6,1,,,,30.094957272000688,9,5,4,5,2,1,,,,,12.324447763886226,7.675308726791344,31.258637543398386,16.76707514091484,16,16,1,1.3069022396497245,0.9767640679475237,7.509116392758873,8.109070282157097,28
218,ZINCk800000ds56R,C[C@H]1CC(=O)NCCN1C(=O)c1cc([N+](=O)[O-])cn1C,14.285714285714286,14.490870376529077,0.7829184150143329,11.345169267370295,4,280.284,0.2838999999999996,1,5,2,1,,,,26.753501871115127,8,4,4,4,2,1,,,,,7.63501801541226,4.794459819373021,18.734713487071975,12.414638979337978,118,16,3,1.178086043179938,1.0984875141275356,7.509116392758873,7.175199715412429,28
219,ZINCk600000PBceH,CON(CCC(=O)N1CC([N+](=O)[O-])C1)C(=O)CC1CC1,14.285714285714286,15.195105438906717,0.7462380746082158,11.339166226198577,4,285.3,0.054099999999999815,0,5,7,1,,,,20.11305116986155,6,3,3,3,2,1,,,,,6.004519575593923,3.6439145735316285,17.049632352941178,9.53165247416083,311,16,0,1.0926472978670192,1.0242716446005626,7.8947932208513265,5.8398763529820235,28
220,ZINCk5000003ZdHK,CN1CNC(=O)C12CN(c1nccc3nccnc13)C2,14.285714285714286,15.882058156883279,0.7126098649346901,11.317711318061487,4,270.2960000000001,-0.39729999999999954,1,6,1,1,,,,23.003440943939186,8,3,5,3,2,1,,,,,7.666965074829505,4.790899146126466,19.182692307692307,11.501084042106925,188,16,1,1.4314410044727888,1.3540389915290996,6.493394566788621,6.825167729408328,28
221,ZINCj600000JTi06,CN1CC[C@@H](CNC(=O)NCc2ccc[n+]([O-])c2)C1,10.714285714285714,13.705634530873795,0.8244741229196472,11.2999410088994,3,264.329,0.07090000000000041,2,3,4,1,,,,21.17783005574874,6,3,3,3,2,1,,,,,4.739290759420431,2.924960695160954,12.481412639405207,8.848925583502508,340,16,2,0.8960541577964133,1.0155553991471942,5.667138254886672,6.217804939966414,28
222,ZINCk7000004fuvb,COCCOC[C@H]1CN(c2c(C#N)cnn2C)CCO1,14.285714285714286,15.882058156883279,0.7111309863644795,11.294223682602432,4,280.32800000000003,0.15997999999999957,0,7,6,1,,,,19.70560736747807,7,3,4,3,2,1,,,,,5.499888687690987,3.8172648564297305,9.83515802154195,9.051318357637758,327,16,0,1.6053291783318797,1.2356212200905634,6.493394566788621,6.147196605068904,28
223,ZINCk6000018Tc32,COc1cc(N(C)C(=O)C(=O)c2cnn(C)c2)nn1C,14.285714285714286,15.914021874444002,0.7095960774750418,11.292527498957476,4,277.28400000000005,0.007899999999999352,0,7,4,1,,,,20.322492634195317,7,3,4,3,2,1,,,,,6.976656330563986,4.528671461540971,15.184883939185385,10.313115406471821,282,16,14,1.408503025067998,1.2336000111788572,10.122770668152079,8.7601680886148,28
224,ZINCk700000JTlds,CN1CC(=O)NC[C@H]1C(=O)OCc1ccc([N+](=O)[O-])s1,14.285714285714286,15.189005259394039,0.7430170127281387,11.285689314146946,4,299.308,0.1297000000000006,1,7,4,1,,,,26.753501871115127,8,4,4,4,2,1,,,,,10.471897794587456,6.595974861092381,25.393770574829066,14.542298813719373,45,16,2,1.2226841073322194,1.3135428464345351,9.038073356639677,9.303055339016291,28
225,ZINCk800001bPYze,CSc1ncc([N+](=O)[O-])c(N2CC(O)(CN(C)C)C2)n1,14.285714285714286,15.195105438906717,0.7426235145111455,11.284242604408329,4,299.35600000000005,0.2193999999999996,1,8,5,1,,,,26.753501871115127,8,4,4,4,2,1,,,,,6.532012019658261,3.9779755602547797,18.24810074950288,11.587384482522477,183,16,1,1.6310790007502398,0.9981138696989243,7.8947932208513265,7.382880720555844,28
226,ZINCj800000JWee0,CN(CCOCCN)CC(=O)c1ccc([N+](=O)[O-])o1,14.285714285714286,14.490870376529077,0.7785947249516498,11.282515235123668,4,271.273,0.2776000000000002,1,7,9,1,,,,30.094957272000688,9,5,4,5,2,1,,,,,7.978472907682602,5.047629938244989,19.025239338555266,13.507593998762124,73,16,13,1.2636830695009624,1.072180146943725,7.509116392758873,7.323223118608621,28
227,ZINCk6000018TfsA,COCC[C@@H](O)Cn1cc([N+](=O)[O-])cc([N+](=O)[O-])c1=O,14.285714285714286,15.882058156883279,0.7089082081359358,11.258921389506849,4,287.22800000000007,0.06209999999999988,1,8,7,1,,,,37.55985641835179,10,7,3,7,3,1,,,,,9.867519851627652,6.3428186028978875,22.20911360799002,16.790603993308686,15,16,8,1.5173468401653587,1.3233305868307021,6.493394566788621,6.662976470433398,28
228,ZINCi800000JScl4,Cc1nc([N+](=O)[O-])cn1CC(=O)OCCN(C)C,14.285714285714286,14.458906658968354,0.778282830304924,11.253118797656603,4,256.26199999999994,0.2045199999999998,0,7,6,1,,,,24.106424648399255,7,4,3,4,2,1,,,,,7.558749279071805,4.633601126710736,20.500552079499446,11.695668121403669,179,16,4,1.3210815017832749,1.023379873027338,5.911169934962112,5.558578271079412,28
229,ZINCk6000004dY4h,O=C(O)[C@H](O)CNS(=O)(=O)c1cc(Br)cc([N+](=O)[O-])c1,17.857142857142858,18.614658157328254,0.604396206542393,11.250628776372608,5,369.1490000000001,0.0811,3,6,6,1,,,,28.442755298690493,9,3,6,3,2,1,,,,,8.525449867487389,5.022140483765904,28.190104166666668,13.504776225288165,74,16,14,1.8418466861127338,1.463862930379502,7.8947932208513265,5.873777769156432,28
230,ZINCk600000AJcL7,O=C1CN(C(=O)c2cncc([N+](=O)[O-])c2)CC2(CC2)N1,14.285714285714286,15.882058156883279,0.7080198423070938,11.244812311748591,4,276.25199999999995,0.0944000000000001,1,5,2,1,,,,26.753501871115127,8,4,4,4,2,1,,,,,8.356358307756585,4.976400044562971,26.04829210836277,12.955644198596222,96,16,11,1.3827460454763825,1.4239228765304288,6.493394566788621,6.701775336526729,28
231,ZINCi700000BmJXq,CO[C@H]1CCN(C(=O)c2cnc([N+](=O)[O-])n2C)C1,14.285714285714286,15.882058156883279,0.7073780527845871,11.234619373227662,4,254.246,0.1891999999999998,0,6,3,1,,,,24.106424648399255,7,4,3,4,2,1,,,,,5.972004143007918,3.750145938864142,14.654234654234651,10.505609269355752,260,16,15,1.4381464330701823,1.3805605852789349,6.493394566788621,6.130847720917606,28
232,ZINCk600000PAmkg,COCC1(N(C)C)CN(Cc2ncc([N+](=O)[O-])n2C)C1,14.285714285714286,14.458906658968354,0.7744002015783163,11.196980231307155,4,283.33200000000005,0.09070000000000067,0,7,6,1,,,,27.447880049284816,8,5,3,5,2,1,,,,,8.613136997388215,5.6982197154382215,17.63356596098614,13.321822760362368,81,16,4,1.3182904476996873,1.046164739538967,5.911169934962112,6.308672756945582,28
233,ZINCf50000009f7C,CN(CCO)Cc1c([N+](=O)[O-])ncn1C,14.285714285714286,14.458906658968354,0.7739758680904124,11.190844833013276,4,214.225,-0.2476000000000005,1,6,5,1,,,,23.370539704909035,7,3,4,3,2,1,,,,,4.065697229540197,2.404240809207886,13.159828536436011,8.891907848382406,337,16,3,1.2947390886537622,1.0542195475734666,5.911169934962112,5.384175564461531,28
234,ZINCi800000JaAqk,C[C@H](Cn1cnc([N+](=O)[O-])n1)N1CCC(=O)CC1,14.285714285714286,14.458906658968354,0.7739275913096627,11.190146803546622,4,253.26199999999994,0.2396999999999998,0,7,4,1,,,,24.106424648399255,7,4,3,4,2,1,,,,,5.837650459136865,3.5811408367934408,15.782089552238812,10.404844006452462,276,16,10,1.387783950433553,0.9610712950806556,5.911169934962112,6.6305312599686665,28
235,ZINCk600000w9zOR,CN(Cc1cnn(C)c1)C(=O)COc1ccc[n+]([O-])c1,14.285714285714286,15.882058156883279,0.7040903410765993,11.182403744678334,4,276.296,0.09089999999999976,0,5,5,1,,,,24.681803149795975,7,4,3,4,2,1,,,,,8.202794785019126,4.960851530490444,23.673658235657008,12.32254687621334,126,16,12,1.549396737752439,1.3095833973419941,6.493394566788621,5.987549994034719,28
236,ZINCj700000JTfHn,CCS(=O)(=O)CCN(C)Cc1c([N+](=O)[O-])cnn1C,14.285714285714286,15.882058156883279,0.7034854639374077,11.172797050775925,4,290.34499999999997,0.1948000000000003,0,7,7,1,,,,24.106424648399255,7,4,3,4,2,1,,,,,5.540575982702467,3.463852307147287,13.835585585585584,10.182038149126665,291,16,3,1.552106267483646,1.3354711110458324,6.493394566788621,6.506007957333816,28
237,ZINCk700000GfxNO,C[C@@H](NCCn1cc([N+](=O)[O-])cn1)[C@H]1CN(C)CCO1,14.285714285714286,14.458906658968354,0.7706579108960986,11.14287079964224,4,283.33200000000005,0.10000000000000053,1,7,6,1,,,,26.753501871115127,8,4,4,4,2,1,,,,,8.611183132210973,5.593490767875369,18.69966736694678,13.146762816937011,88,16,10,1.4623166858218861,0.9748432976971708,5.911169934962112,6.034278966231826,28
238,ZINCk800000xcgEV,CN1CCO[C@@H]2CCN(c3ncc([N+](=O)[O-])cn3)C[C@@H]21,14.285714285714286,15.195105438906717,0.732873179630014,11.136085237824885,4,279.3,0.2940999999999996,0,7,2,1,,,,24.106424648399255,7,4,3,4,2,1,,,,,8.495232760986966,5.285582795427258,21.629917634419602,12.398030732840038,121,16,9,1.2975469412362017,1.0676667633082195,7.8947932208513265,6.166429179052637,28
239,ZINCf5000000aunF,O=C(c1cc[n+]([O-])cc1)N1CC(CO)C1,14.285714285714286,14.490870376529077,0.7683618875017438,11.134232514052988,4,208.21699999999996,-0.6157000000000001,1,3,2,1,,,,18.974510675512356,5,3,2,3,2,1,,,,,2.813455429961748,1.5171351061946434,19.33019137389317,6.8537192413494,375,16,5,1.3253484613463988,1.0854751323017802,7.509116392758873,7.217027279379587,28
240,ZINCk7000004f57V,CN1CCN(c2ncccc2CNCC[N+](=O)[O-])CC1,10.714285714285714,13.705634530873795,0.8123047506231785,11.133152039733861,3,279.34400000000005,0.19970000000000065,1,6,6,1,,,,23.370539704909035,7,3,4,3,2,1,,,,,8.345413485491122,5.14140347791785,22.146837271695393,12.1016950403456,142,16,4,1.0697725104752205,0.9985192435990967,5.667138254886672,5.3780865752143425,28
241,ZINCk5000003Z5jw,CN1CCN(S(=O)(=O)c2csc([N+](=O)[O-])c2)C[C@H]1CO,17.857142857142858,18.614658157328254,0.5976322495687955,11.124720029518214,5,321.38000000000005,-0.04669999999999991,1,7,4,1,,,,23.370539704909035,7,3,4,3,2,1,,,,,5.879995226743347,3.5106939820547494,18.085680047932897,10.252631346284769,288,16,4,1.9166994091669978,1.689621379270357,7.8947932208513265,6.789540920021548,28
242,ZINCk800000BmxSQ,CNCCCc1cn(CCn2cc([N+](=O)[O-])cn2)nn1,10.714285714285714,12.452265874995494,0.893298575210041,11.123591364270089,3,279.304,0.23499999999999943,1,8,8,1,,,,27.328880372511843,8,4,4,4,2,1,,,,,8.836485743703069,5.214711517109782,28.927519151443725,13.45958440090526,77,16,13,0.5868560703713284,0.7972652865721018,10.224077171070256,10.561631578466239,28
243,ZINCk8000004i2G6,CN(C)S(=O)(=O)N[C@H]1CCc2ncc([N+](=O)[O-])cc2C1,14.285714285714286,15.882058156883279,0.7000540142851784,11.118298567836801,4,300.3400000000001,0.24310000000000032,1,5,4,1,,,,23.370539704909035,7,3,4,3,2,1,,,,,6.357036455358698,3.8988414477135427,17.204135954135953,10.610412267746284,248,16,10,1.5586213590132696,1.3504193679424077,6.493394566788621,6.654311176660791,28
244,ZINCf50000035j0O,C[C@H](O)CNCc1c([N+](=O)[O-])cnn1C,14.285714285714286,14.458906658968354,0.7689084108233948,11.117574941391158,4,214.225,-0.20130000000000003,2,6,5,1,,,,23.784240749250948,7,3,4,3,2,1,,,,,3.827096973476797,2.2000988194942814,14.691993990126637,8.816382917420334,342,16,13,1.5185580044904485,0.9408105422373977,5.911169934962112,6.060967389018891,28
245,ZINCj8000002rHpm,O=C(Cn1ccc([N+](=O)[O-])n1)OCCn1ccnc1,14.285714285714286,15.882058156883279,0.6997476748641339,11.113433267336026,4,265.229,0.23119999999999985,0,8,6,1,,,,28.064765316002067,8,5,3,5,2,1,,,,,9.865538697840588,5.824911726016832,32.2066822066822,14.41534535238096,47,16,10,1.6784144709810995,1.2654423446258927,6.493394566788621,6.580877989289788,28
246,ZINCj800000JUxgl,O=C(O)COCCOC(=O)c1cncc([N+](=O)[O-])c1,14.285714285714286,15.882058156883279,0.6991277712080818,11.103587921418942,4,270.197,0.2477999999999998,1,7,7,1,,,,30.094957272000688,9,5,4,5,2,1,,,,,11.820535691158764,7.299236152227148,31.059341326453175,16.389141086369246,22,16,8,1.4022257240221239,1.444809519992451,6.493394566788621,5.960678699672459,28
247,ZINCj800000d8IrB,CNS(=O)(=O)CCCOC(=O)c1ccc([N+](=O)[O-])o1,14.285714285714286,15.914021874444002,0.6960867116573994,11.077539155825649,4,292.26900000000006,0.28390000000000004,1,7,7,1,,,,26.753501871115127,8,4,4,4,2,1,,,,,7.3665693427193615,4.471646978988811,20.89185215230949,12.213302474818303,137,16,13,1.607648235981556,1.3086064533379498,10.122770668152079,9.519629717056045,28
248,ZINCk800000xc5iH,Cc1oc(C#N)cc1C(=O)NCCN1CCS(=O)CC1,14.285714285714286,14.490870376529077,0.7643796241222732,11.07652605161588,4,295.36400000000003,0.2538,1,5,4,1,,,,21.42547633865539,7,3,4,3,2,1,,,,,7.543439305886898,4.843254336498801,17.04788267288267,11.013948564079021,219,16,15,1.208711265435882,1.1754694942165915,7.509116392758873,7.001774070068456,28
249,ZINCk7000004fTBS,C[C@@H]1CCN(C(=O)Cn2ccc([N+](=O)[O-])n2)CC[S@]1=O,14.285714285714286,14.490870376529077,0.7641895280382195,11.073771393902772,4,300.34,0.16080000000000005,0,6,3,1,,,,26.317835878532282,7,5,2,5,3,1,,,,,5.429857422898065,3.2088368780568124,17.63842746400886,10.65185203680662,242,16,10,1.381502403948335,1.0532674816287388,7.509116392758873,8.015323907915644,28
250,ZINCj7000002nFNv,COC(=O)N1CCN(Cn2cc([N+](=O)[O-])cn2)CC1,14.285714285714286,14.458906658968354,0.7658565636743252,11.073448568325322,4,269.261,0.1327999999999998,0,7,3,1,,,,20.723462482193167,6,3,3,3,2,1,,,,,4.691916468211792,2.796774957879221,14.553846153846154,8.699802971707134,346,16,7,1.2042993852274304,1.0936062582834476,5.911169934962112,4.877689021108252,28
251,ZINCf50000036fsp,O=[N+]([O-])c1ncn(C[C@@]2(O)CCOC2)n1,14.285714285714286,15.882058156883279,0.6971368879722714,11.071968598084236,4,214.18099999999998,-0.6623000000000003,1,7,3,1,,,,23.370539704909035,7,3,4,3,2,1,,,,,4.2846678676756556,2.4313488593706816,18.02246426140231,9.056135826983999,325,16,12,1.5085182632522438,1.3671856754393745,6.493394566788621,5.829019954481654,28
252,ZINCk600000PzCly,CN1CCOC[C@H](N(C)Cc2cn(C)nc2[N+](=O)[O-])C1,14.285714285714286,14.458906658968354,0.7657541421681194,11.071967665327222,4,283.33200000000005,0.09070000000000067,0,7,4,1,,,,27.447880049284816,8,5,3,5,2,1,,,,,6.721856559692362,4.498716731031049,13.288818557258091,11.903362432090475,158,16,4,1.420453489227803,1.024159933211397,5.911169934962112,6.304311046388821,28
253,CHEMBL1490404,Cn1cc([N+](=O)[O-])c(C(=O)Nc2nc(-c3ccc(Cl)cc3)cs2)n1,14.285714285714286,15.924846448928484,0.6951092917516571,11.06950873636857,4,363.786,3.357500000000001,1,7,4,1,,,,34.59562803357751,10,6,4,6,2,1,,,,,11.865448985651204,7.234234234458693,32.97610248829762,17.54799374763278,13,16,6,1.7641791614621682,1.228057447607133,9.866748856639653,9.665292441445947,28
254,ZINCk700000drBXT,Cn1nc(CN2CCNC[C@]2(C)CO)c([N+](=O)[O-])c1Cl,14.285714285714286,14.458906658968354,0.7650107498932933,11.061219025814513,4,303.75,0.13790000000000047,2,7,4,1,,,,25.976950398411248,8,3,5,3,2,1,,,,,5.301290749674607,3.248533779126437,14.401869939060019,10.470205661858767,265,16,3,1.129131235738675,1.1548744957180885,5.911169934962112,4.904189521316933,28
255,ZINCk7000004gk85,Cc1nc([N+](=O)[O-])c(N2CCN(C[C@@H](C)O)CC2)n1C,10.714285714285714,13.705634530873795,0.8067488766970511,11.057005262202749,3,283.33199999999994,0.13951999999999964,1,7,4,1,,,,26.753501871115127,8,4,4,4,2,1,,,,,6.761775287791247,4.2167386156928774,17.0560542062654,11.759706933622216,171,16,10,0.8238538554418685,0.9670886472114466,5.667138254886672,7.2170992182505005,28
256,ZINCi600000x0b5N,Cc1cnc(C(=O)N[C@@H]2CCC[C@@H](O)C2)c[n+]1[O-],14.285714285714286,15.882058156883279,0.6958367077953743,11.051319060900331,4,251.28599999999994,0.05672000000000016,2,4,2,1,,,,23.784240749250948,7,3,4,3,2,1,,,,,4.207583409411123,2.6147664125717003,10.765550239234448,9.10174774437108,321,16,11,1.3786151211322415,1.4691310511624252,6.493394566788621,7.150077198876534,28
257,ZINCj6000002lagX,CN(CCN1CCOCC1)c1nn(C)cc1[N+](=O)[O-],14.285714285714286,14.458906658968354,0.7640934218909369,11.047955465852784,4,269.305,0.09669999999999979,0,7,5,1,,,,24.106424648399255,7,4,3,4,2,1,,,,,6.84650829458738,4.231701160768223,17.91853802075267,11.16148738304035,203,16,15,1.3951348979179263,1.0521221302578303,5.911169934962112,5.498291929901514,28
258,ZINCf5000000ZtX4,C[C@@H](N)CC(=O)Nc1cc([N+](=O)[O-])n[nH]1,10.714285714285714,13.705634530873795,0.8051368222604031,11.034911033250177,3,213.197,-0.006300000000000527,3,5,4,1,,,,25.976950398411248,8,3,5,3,2,1,,,,,6.699204407040928,3.858328148236026,25.404374597922985,11.518640904883508,185,16,13,1.0529652918751362,1.0313394424565807,5.667138254886672,6.212948695850185,28
259,ZINCk800000AiHE1,O=[N+]([O-])c1ccc(CCN2C[C@@H]3[C@H](C2)CS3(=O)=O)cn1,14.285714285714286,15.882058156883279,0.6948015952644677,11.034879343485555,4,297.33599999999996,0.2610999999999999,0,6,4,1,,,,24.106424648399255,7,4,3,4,2,1,,,,,8.054913674117284,4.898931889344447,22.64004767580455,12.067791417687776,147,16,15,1.6619613703535496,1.3043519327407596,6.493394566788621,6.75358884617571,28
260,ZINCf500000437uP,c1cnn2c(Cn3cncn3)nnc2c1,14.285714285714286,15.882058156883279,0.6939664379261968,11.021615326068988,4,201.193,-0.23590000000000044,0,7,2,1,,,,18.630606313688514,6,3,3,3,2,1,,,,,4.5418890303442625,2.47866100305614,27.098963915684177,8.064068351180326,361,16,12,1.3777053259661383,1.4326526108251347,6.493394566788621,5.503857599213792,28
261,ZINCk800000drLU2,CC(C)N(C)C(=O)COC(=O)Cn1ccc([N+](=O)[O-])n1,14.285714285714286,15.882058156883279,0.6938147688578764,11.019206509105322,4,284.272,0.2012999999999998,0,7,6,1,,,,24.106424648399255,7,4,3,4,2,1,,,,,5.988276097528229,3.6798380738146035,16.068167985392577,10.517813235245985,253,16,1,1.3135561833394573,1.479883894439509,6.493394566788621,5.513410462416283,28
262,ZINCk800000JUoEf,O=C(Nc1cncc([N+](=O)[O-])c1)C1CN(C2COC2)C1,14.285714285714286,15.882058156883279,0.6926887273177239,11.001322651877555,4,278.26800000000003,0.2588999999999999,1,6,4,1,,,,30.094957272000688,9,5,4,5,2,1,,,,,10.766721096093658,6.4924734540600975,31.51286515767073,15.598780140070417,29,16,0,1.8389994185121195,1.1589188651096114,6.493394566788621,7.071902858855996,28
263,ZINCj8000002rN80,O=C(N[C@H]1CCn2cncc2C1)c1cc[n+]([O-])cc1,14.285714285714286,14.490870376529077,0.7588061271468022,10.995761229400353,4,258.281,0.26129999999999964,1,4,2,1,,,,25.136170723351547,7,4,3,4,2,1,,,,,7.479070953240247,4.376404850909597,25.697139571654446,11.893345895768071,160,16,1,1.4066638059059284,1.0859147378219498,7.509116392758873,7.784181585259967,28
264,ZINCk8000004iCjb,COCOCCCNS(=O)(=O)c1ccc([N+](=O)[O-])cn1,14.285714285714286,15.882058156883279,0.6922958857469007,10.995083519203298,4,305.31200000000007,0.2787,1,7,9,1,,,,26.753501871115127,8,4,4,4,2,1,,,,,8.1176362647227,5.027978200705992,21.057046979865788,12.776602666320807,101,16,4,1.4184884440285035,1.503055545928864,6.493394566788621,6.398726209109959,28
265,ZINCi700000BptZz,CN(C[C@@H]1CCO1)C(=O)c1cnc([N+](=O)[O-])n1C,14.285714285714286,15.882058156883279,0.6916653664415385,10.985069574926499,4,254.246,0.18920000000000003,0,6,4,1,,,,24.106424648399255,7,4,3,4,2,1,,,,,5.976192963330191,3.750145938864142,14.70481709525534,10.508750884597456,257,16,2,1.4440337063911879,1.4872777123292902,6.493394566788621,6.32730740892526,28
266,ZINCf5000002Kvgn,O=C1CC[C@H](COc2cccc[n+]2[O-])N1,10.714285714285714,11.746318013305688,0.9350960862704745,10.983936002330523,3,208.217,-0.02260000000000012,1,3,3,1,,,,21.17783005574874,6,3,3,3,2,1,,,,,5.013221629225589,2.819475596337985,22.589081399150047,9.054373735856377,326,16,11,0.6165180173767112,0.5028489134665096,6.493394566788621,6.747875381860714,28
267,ZINCk600000cLi01,NOCCNC(=O)Cc1ccc([N+](=O)[O-])cc1[N+](=O)[O-],14.285714285714286,15.189005259394039,0.7227871956401108,10.978418516000312,4,284.228,0.05200000000000071,2,7,7,1,,,,40.02566131863103,11,7,4,7,3,1,,,,,13.298176828754293,8.49773768148925,30.564050288820933,19.98004795122348,11,16,13,1.7129294498704193,1.0861746617903174,9.038073356639677,8.850528654894582,28
268,ZINCi70000012nbP,COC(=O)CN(C)C(=O)c1ccc([N+](=O)[O-])n1C,14.285714285714286,14.458906658968354,0.759246353580841,10.977872157587464,4,255.23000000000002,0.17829999999999968,0,6,4,1,,,,24.106424648399255,7,4,3,4,2,1,,,,,5.984253786191386,3.750145938864142,14.802942722017868,10.514796501743353,254,16,10,1.1758488131906097,1.1448786277539797,5.911169934962112,4.831165575020236,28
269,ZINCk7000004fVqM,C[C@@H]1CN(CCn2ccc([N+](=O)[O-])n2)CCS(=O)(=O)C1,14.285714285714286,15.882058156883279,0.6905871635977147,10.967945494655972,4,302.35600000000005,0.15779999999999994,0,7,4,1,,,,24.106424648399255,7,4,3,4,2,1,,,,,5.844840587014994,3.5811408367934408,15.887767220902612,10.410236602361058,275,16,8,1.5897966534585888,1.3595838981016382,6.493394566788621,7.0793725785806725,28
270,ZINCk6000004dOFg,O=C(CNC(=O)CSc1cccc[n+]1[O-])NCC1CC1,14.285714285714286,14.490870376529077,0.7565061662695397,10.962432794456854,4,295.3640000000001,0.05449999999999955,2,4,7,1,,,,23.784240749250948,7,3,4,3,2,1,,,,,6.462334134749261,3.902680782812186,18.77878787878788,10.792810788374682,230,16,2,1.0441186092908246,1.2986428859945096,7.509116392758873,6.735106680891059,28
271,ZINCk800000JTl4Y,CN1CCO[C@H](COC(=O)c2cnn3ccncc23)C1,14.285714285714286,15.195105438906717,0.7213807620009777,10.961456740203728,4,276.29600000000005,0.21669999999999945,0,7,3,1,,,,20.322492634195317,7,3,4,3,2,1,,,,,8.950705180796831,5.654918487927318,21.45514223194749,11.793652044146452,167,16,14,1.342454455050536,1.1522980939170486,7.8947932208513265,6.320526617980916,28
272,ZINCj700000xcke4,COc1cc[n+]([O-])c(C(=O)NCCCN2CCC2)c1,10.714285714285714,13.705634530873795,0.799594794233246,10.958954022550103,3,265.31299999999993,0.15420000000000034,1,4,6,1,,,,23.370539704909035,7,3,4,3,2,1,,,,,6.9886801405591035,4.121297842705447,22.969993876301288,11.084145031646585,213,16,3,1.0982478050861062,1.0625940172833699,5.667138254886672,5.559514648047893,28
273,ZINCk7000004f3zB,CN1CCC(C#N)(C(=O)NCc2ccc[n+]([O-])c2)CC1,10.714285714285714,13.705634530873795,0.7976922477534674,10.932878415820257,3,274.32400000000007,0.17178000000000004,1,4,3,1,,,,23.370539704909035,7,3,4,3,2,1,,,,,8.10973140807764,5.2052300591978735,18.347672851663724,11.924933482285487,156,16,13,0.9116956180399769,0.9650563845029266,5.667138254886672,4.0992223874157006,28
274,ZINCf50000027elu,COC(=O)CNc1c([N+](=O)[O-])cnn1C,14.285714285714286,14.458906658968354,0.7545310636140513,10.909694220087681,4,214.181,-0.08680000000000043,1,7,4,1,,,,23.370539704909035,7,3,4,3,2,1,,,,,3.7669461449833506,2.1581869897249693,14.796800691742327,8.667844534964772,347,16,7,1.3457670698275486,1.1633572355494397,5.911169934962112,5.816904522313404,28
275,ZINCi600000FCR4I,Cn1cc([N+](=O)[O-])c(OCCN2CCOCC2)n1,14.285714285714286,14.458906658968354,0.7530234964437333,10.887896447089929,4,256.2619999999999,0.03929999999999989,0,7,5,1,,,,27.447880049284816,8,5,3,5,2,1,,,,,6.951046906619827,4.330398397789386,17.605383443372265,12.075255192286075,145,16,7,1.420115000111699,1.0956081637975696,5.911169934962112,6.405874479981442,28
276,ZINCf5000002oz0r,CC[C@@H](CN)NC(=O)c1ccc[n+]([O-])c1,10.714285714285714,13.705634530873795,0.7940118631440376,10.88243640943036,3,209.24900000000002,-0.21289999999999987,2,3,4,1,,,,21.580921369014565,6,3,3,3,2,1,,,,,3.6033577242808916,2.0344900021602363,15.744511331444762,8.09774863546431,359,16,6,1.0661101909393862,1.1087222117181799,5.667138254886672,5.357235433977361,28
277,ZINCk800000xc509,Cc1nn(CC(=O)N2CC[C@H]2CN(C)C)cc1[N+](=O)[O-],10.714285714285714,13.705634530873795,0.7932706530050356,10.87227765415462,3,281.31600000000003,0.26222000000000034,0,6,5,1,,,,24.106424648399255,7,4,3,4,2,1,,,,,6.167931153913981,3.9417889819261838,14.171146953405012,10.6525545275353,241,16,1,0.9499937595097583,0.8241638079379959,5.667138254886672,7.688895417292872,28
278,ZINCk600000PzGe5,Cn1nncc1-c1cn(Cc2ccnc(CO)c2)nn1,14.285714285714286,15.924846448928484,0.6822185625493791,10.864225853207575,4,271.284,0.009199999999999708,1,8,4,1,,,,21.311554623432382,7,3,4,3,2,1,,,,,8.541516763565186,5.091207098777334,26.501736111111118,11.734026228531985,173,16,9,1.6052017910514393,1.4106969017072917,9.866748856639653,10.380036939514836,28
279,ZINCf5000002oXGQ,[O-][n+]1ccnc(NC[C@]2(F)CCNC2)c1,14.285714285714286,14.458906658968354,0.7513609816907275,10.86385830145706,4,212.22799999999998,-0.17149999999999999,2,4,3,1,,,,21.580921369014565,6,3,3,3,2,1,,,,,2.7628803548201164,1.524570211286895,14.714609408718168,7.467390608368728,367,16,8,1.4023309855813562,1.1426381092149873,5.911169934962112,5.864530223815614,28
280,ZINCf5000000a9sb,Cc1noc([C@@H](CO)NCC[N+](=O)[O-])n1,14.285714285714286,14.458906658968354,0.7508686268854662,10.85673938928469,4,216.19699999999997,-0.72228,2,7,6,1,,,,23.784240749250948,7,3,4,3,2,1,,,,,3.719000252171376,2.106701388623156,15.847052954172902,8.73531037644127,344,16,4,1.4403280929483453,1.1086336193988047,5.911169934962112,5.602774945977133,28
281,ZINCk700000J9Q9a,CC[C@@H](CNC(=O)c1ccc[n+]([O-])c1)N1CCOCC1,14.285714285714286,14.490870376529077,0.7489411772996932,10.852809519894937,4,279.34000000000003,0.16060000000000052,1,4,5,1,,,,23.370539704909035,7,3,4,3,2,1,,,,,8.698595116544281,5.446350723529755,21.592207792207798,12.36658126363547,123,16,1,1.3247575802188185,1.0962069726070436,7.509116392758873,8.629936469231785,28
282,ZINCk7000004gm7q,Cc1nn(CC(=O)N[C@H]2CN(C)C[C@@H]2C)cc1[N+](=O)[O-],10.714285714285714,13.705634530873795,0.7902426493639211,10.83077694289135,3,281.31600000000003,0.1660200000000005,1,6,4,1,,,,26.753501871115127,8,4,4,4,2,1,,,,,6.406508936014007,4.063130101389565,15.136188474338761,11.493257169789286,189,16,7,1.1453593794889128,0.7501323615264588,5.667138254886672,7.546087535778802,28
283,ZINCj800000JVtm7,CC(C)(O)C1CN(C(=O)NCc2ccc[n+]([O-])c2)C1,14.285714285714286,14.51088173131138,0.7457841902467455,10.82198618175235,4,265.31300000000005,0.23229999999999995,2,3,3,1,,,,21.580921369014565,6,3,3,3,2,1,,,,,3.585409604412114,2.1610761343050235,10.517027863777093,8.084287545562727,360,16,1,1.1970075702523646,1.2875646427780814,10.122770668152079,9.529749074780195,28
284,ZINCj8000002q0ZE,CN(C)CCCN(C)C(=O)Cn1ccc([N+](=O)[O-])n1,10.714285714285714,13.705634530873795,0.7888638650315846,10.81187982873545,3,269.305,0.20140000000000002,0,6,7,1,,,,24.106424648399255,7,4,3,4,2,1,,,,,5.685586182864511,3.5811408367934408,13.788140472078297,10.290795799248198,285,16,15,1.1746478479483005,0.7713776204165216,5.667138254886672,7.446129577480529,28
285,ZINCi800000AJzC0,Cc1ncc([N+](=O)[O-])n1CC(=O)OCCN(C)C,14.285714285714286,14.458906658968354,0.7477205731214048,10.811221973752714,4,256.26199999999994,0.2045199999999998,0,7,6,1,,,,24.106424648399255,7,4,3,4,2,1,,,,,6.835751787234223,4.179074134984182,18.76456876456876,11.15342000252548,206,16,13,1.4646567417751744,1.1133368590648647,5.911169934962112,5.659077314264787,28
286,ZINCf50000025AF8,N[C@H]1CC[C@H]1NC(=O)c1cccc[n+]1[O-],10.714285714285714,13.705634530873795,0.7878671794366869,10.798219620229597,3,207.233,-0.46050000000000013,2,3,2,1,,,,21.580921369014565,6,3,3,3,2,1,,,,,1.474244684289735,0.8288511838856798,6.660552061495458,6.500913855470943,377,16,1,1.074041616396525,1.1351715341021797,5.667138254886672,5.285161256044591,28
287,ZINCf5000000a8Kr,Cc1nn(C[C@H](O)[C@H](C)O)cc1[N+](=O)[O-],14.285714285714286,15.882058156883279,0.6789983147869877,10.783890723872679,4,215.20899999999997,-0.1585799999999999,2,6,4,1,,,,23.784240749250948,7,3,4,3,2,1,,,,,3.766957268257377,2.1728439141229026,14.143041237113401,8.77127813850577,343,16,9,1.3348146784477182,1.5257888830641466,6.493394566788621,5.319171473155774,28
288,ZINCk8000004iBQE,COCCc1noc(CN(C)C(=O)CCC[N+](=O)[O-])n1,14.285714285714286,14.478918013750661,0.7396944328682349,10.709975048726966,4,286.288,0.27380000000000004,0,7,9,1,,,,24.106424648399255,7,4,3,4,2,1,,,,,8.968730454297367,5.708982153840685,20.905444384351895,12.75315400282284,103,16,4,1.6427104625273057,1.0018659409824417,7.8947932208513265,7.324949059926309,28
289,ZINCk700000cLjot,Cc1c(C)[n+]([O-])cn1[C@@H](C)C(=O)OC[C@H]1CCC(=O)N1,14.285714285714286,14.458906658968354,0.7395272342410415,10.692755251656244,4,281.31199999999995,0.12114000000000053,1,5,4,1,,,,23.370539704909035,7,3,4,3,2,1,,,,,6.473430006166403,3.9763924680107468,17.40008283288466,10.697707430852061,236,16,12,1.5814138355093161,1.0196736842187086,5.911169934962112,6.716287889004169,28
290,ZINCi600000w17ib,COc1cc[n+]([O-])c(C(=O)NC[C@H](C)N(C)C)c1,10.714285714285714,13.705634530873795,0.7796259788311466,10.685268736634445,3,253.302,0.00850000000000084,1,4,5,1,,,,23.370539704909035,7,3,4,3,2,1,,,,,6.3179921790853175,3.8463921070109106,17.676473700920738,10.581129060541247,250,16,13,1.1474523239811563,0.8895538916315684,5.667138254886672,7.33848861861539,28
291,ZINCk8000004iGhy,COC[C@](O)(CO)CNc1ccc([N+](=O)[O-])c(C#N)c1,10.714285714285714,11.726306658523383,0.910500735778724,10.676810840552491,3,281.268,0.24818000000000034,3,7,7,1,,,,28.442755298690493,9,3,6,3,2,1,,,,,9.141597228850031,5.466326541864224,27.900277610542524,13.966886746310148,54,16,7,0.6401273726725325,0.5732855296880919,5.911169934962112,6.79261462772343,28
292,ZINCk800000BmC1T,CN(C(=O)Cn1ccc([N+](=O)[O-])n1)[C@@H]1CNCC1(C)C,10.714285714285714,13.705634530873795,0.7779801055778129,10.662710999340113,3,281.31600000000003,0.24769999999999892,1,6,4,1,,,,23.370539704909035,7,3,4,3,2,1,,,,,4.468382597470532,2.6738485861803123,13.58760429082241,9.193921874330158,319,16,12,1.195377485488034,0.78561746335862,5.667138254886672,7.576726427389336,28
293,ZINCf50000024tqB,NCC1CN(C(=O)c2ccc[n+]([O-])c2)C1,10.714285714285714,13.705634530873795,0.7758692213909907,10.633779992138527,3,207.23299999999998,-0.6493,1,3,2,1,,,,18.974510675512356,5,3,2,3,2,1,,,,,3.1841168380324096,1.7144731701371096,22.297488004515948,7.131715297402397,369,16,6,0.94172789614093,1.058126932082441,5.667138254886672,7.317417719940667,28
294,ZINCf5000000am3c,N[C@@H](CCF)C(=O)Nc1ccc[n+]([O-])c1,14.285714285714286,14.490870376529077,0.7335273279516029,10.629449426988412,4,213.21200000000002,-0.05460000000000065,2,3,4,1,,,,21.580921369014565,6,3,3,3,2,1,,,,,2.188709844093012,1.1812916883477345,14.870030581039758,7.036762725323401,371,16,7,1.487155862803399,1.190304298033822,7.509116392758873,7.644572733004548,28
295,ZINCj700000JWwOl,COCCOCCOC(=O)c1ncc([N+](=O)[O-])n1C,14.285714285714286,15.914021874444002,0.6659481605570117,10.59791359435003,4,273.245,0.14809999999999968,0,8,8,1,,,,27.447880049284816,8,5,3,5,2,1,,,,,9.360315776657057,5.9859405420452,21.454678362573105,13.882206844813997,58,16,11,1.7200422437081906,1.4170813402172302,10.122770668152079,9.448036476540645,28
296,ZINCk500000483nz,O=C(c1ccc[n+]([O-])c1)N1CC[C@H](N2CC[C@@H](O)C2)C1,10.714285714285714,13.705634530873795,0.7731632810214215,10.596693362370875,3,277.324,-0.3988999999999998,1,4,2,1,,,,21.17783005574874,6,3,3,3,2,1,,,,,5.69234644065532,3.4250561127165637,16.839853300733488,9.563717344428674,309,16,15,1.2041825286427517,1.1481048615501872,5.667138254886672,5.814051056915522,28
297,ZINCf50000009Z3e,C[C@H](Nc1ncc([N+](=O)[O-])cn1)C(N)=O,14.285714285714286,14.458906658968354,0.7316058646445921,10.578220908049992,4,211.18099999999998,-0.3295000000000003,2,6,4,1,,,,25.976950398411248,8,3,5,3,2,1,,,,,7.099830080911469,3.977922128152783,32.993111559139784,11.819110160286414,164,16,14,1.446723366754864,1.2336925456443797,5.911169934962112,5.928141395151574,28
298,ZINCk800000J9L8w,Cc1cc([N+](=O)[O-])nn1CC(=O)N(C)[C@H]1CCN(C)C1,10.714285714285714,13.705634530873795,0.7702918836772957,10.557339039779364,3,281.31600000000003,0.2622199999999999,0,6,4,1,,,,24.106424648399255,7,4,3,4,2,1,,,,,5.799085438651681,3.755729965362938,12.719062947067242,10.375920241088574,279,16,8,1.207245066423604,1.0427267197811885,5.667138254886672,6.8067700265612245,28
299,ZINCk600000gptVU,CN1C[C@@H]2C[C@H](C1)N2C(=O)CCn1cc([N+](=O)[O-])cn1,10.714285714285714,13.705634530873795,0.7701321515601284,10.555149809758626,3,279.29999999999995,0.09629999999999983,0,6,4,1,,,,24.106424648399255,7,4,3,4,2,1,,,,,7.92599752061607,4.782608308274827,23.125,11.971104302561866,151,16,11,1.2518907091272973,0.8592914062265128,5.667138254886672,7.384469199691366,28
300,ZINCk800000Emqon,CC(=O)C(=O)N1CCN(c2ccc([N+](=O)[O-])nc2)CC1,14.285714285714286,14.490870376529077,0.7278166102640203,10.546696157220701,4,278.2680000000001,0.2273999999999996,0,6,3,1,,,,27.447880049284816,8,5,3,5,2,1,,,,,9.10569821416006,5.5753765266736615,24.824613555291318,13.69124367294125,65,16,14,1.2294541614250645,1.408508495428895,7.509116392758873,7.431837495311054,28
301,ZINCk6000004cGDI,COCCOCCOCc1nc(-c2ncn(C)n2)no1,14.285714285714286,16.037167371054398,0.6572705968678056,10.540758570041822,4,283.288,0.04469999999999952,0,9,9,1,,,,20.322492634195317,7,3,4,3,2,1,,,,,8.200580574950571,5.334610959624349,17.721046077210453,11.231058589761759,200,16,1,1.3086628620440837,1.5556834814177438,11.104746102455476,9.37002377099437,28
302,ZINCk700000drflZ,CC(C)OC[C@@H](O)COC(=O)Cn1cc([N+](=O)[O-])cn1,10.714285714285714,11.711044360359029,0.8965757447934024,10.49983831969747,3,287.272,0.1203999999999994,1,8,8,1,,,,26.753501871115127,8,4,4,4,2,1,,,,,7.391940673388693,4.376634922396732,23.764880952380953,12.232330972820302,132,16,1,0.6691691513858885,0.7137150291700965,6.493394566788621,7.022196450843561,28
303,ZINCk7000004gk9p,Cc1nc([N+](=O)[O-])cn1CC(=O)N[C@H]1CN(C)C[C@@H]1C,10.714285714285714,13.705634530873795,0.7659492804368718,10.497820906853526,3,281.316,0.1660199999999996,1,6,4,1,,,,26.753501871115127,8,4,4,4,2,1,,,,,7.955560925973236,5.028200406714848,19.04102969601125,12.65504616225871,108,16,6,1.2193222811139137,0.7951851745553792,5.667138254886672,7.731860548200629,28
304,ZINCj600000JSQur,C[C@@H]1CC(=O)NCCN1C(=O)Nc1cc[n+]([O-])cc1,14.285714285714286,14.490870376529077,0.7230904479232505,10.478209951362173,4,264.285,0.06230000000000008,2,3,1,1,,,,23.784240749250948,7,3,4,3,2,1,,,,,6.833062403769855,4.048072006521676,21.899399399399403,11.070856990140127,214,16,3,1.4948511691126725,1.158488344816452,7.509116392758873,6.505586204196088,28
305,ZINCf50000008Uav,CCCNC(=O)CNc1c[n+]([O-])ccn1,14.285714285714286,14.458906658968354,0.7246070612745246,10.477025863397714,4,210.23700000000002,-0.3469000000000002,2,4,5,1,,,,23.784240749250948,7,3,4,3,2,1,,,,,4.184957579739314,2.3636558464573034,18.238636363636367,9.084778372117222,323,16,5,1.4228068004285803,1.2762931482722346,5.911169934962112,5.467464659950077,28
306,ZINCf50000009BjI,CON(CCO)c1c([N+](=O)[O-])cnn1C,14.285714285714286,15.882058156883279,0.6583216187690089,10.45550223522294,4,216.19699999999997,-0.31160000000000054,1,7,5,1,,,,23.370539704909035,7,3,4,3,2,1,,,,,2.913498168822192,1.63549116474616,13.329263329263327,8.027758552843903,362,16,7,1.6397077468086707,1.5696982199129919,6.493394566788621,6.406471509145324,28
307,ZINCf5000000ahJl,NC1(CNC(=O)c2cc[n+]([O-])cc2)CC1,10.714285714285714,13.705634530873795,0.7628554665057729,10.455418223807358,3,207.23299999999995,-0.45889999999999986,2,3,3,1,,,,21.580921369014565,6,3,3,3,2,1,,,,,3.7432343136158717,2.071222560430969,19.42099567099567,8.202656077465544,357,16,13,1.234763557917033,1.1876478006615898,5.667138254886672,5.865841164632786,28
308,ZINCi600000xcmdm,CO[C@@H](CNc1c[n+]([O-])ccn1)[C@@H]1CCN(C)C1,14.285714285714286,14.458906658968354,0.7216729317512761,10.434601558495741,4,252.31799999999998,0.09360000000000035,1,5,5,1,,,,23.370539704909035,7,3,4,3,2,1,,,,,6.101893683198052,3.806854257989351,15.364990107258148,10.419055188625798,269,16,7,1.5419220207116633,1.21804914751683,5.911169934962112,6.211185767508509,28
309,ZINCk6000004dAmk,Cn1nnc2c1CCN(C(=O)Nc1ccc[n+]([O-])c1)C2,14.285714285714286,14.51088173131138,0.7183127813500046,10.423351816259249,4,274.28400000000005,0.038699999999999735,1,5,1,1,,,,25.136170723351547,7,4,3,4,2,1,,,,,7.6032642837469675,4.533638694941682,23.545180722891573,11.986490893648112,150,16,5,1.0671661812490292,1.4143441335811096,10.122770668152079,8.785570981242524,28
310,ZINCf50000027wty,C[C@@H]1[C@H](O)CN1C(=O)c1cccc[n+]1[O-],14.285714285714286,14.490870376529077,0.7186172863151956,10.413389946326582,4,208.21700000000004,-0.47479999999999967,1,3,1,1,,,,18.974510675512356,5,3,2,3,2,1,,,,,0.7274275198464706,0.4028069206748008,3.7476227765969345,5.289198308762942,384,16,0,1.321195893172515,1.3236970829120402,7.509116392758873,6.573753752516258,28
311,ZINCj800000PCxfJ,O=S1CCN(CCNc2ccnc3ccnn23)CC1,14.285714285714286,15.195105438906717,0.6842993110853541,10.398000183713185,4,279.36900000000014,0.20549999999999957,1,6,4,1,,,,22.000854840052103,7,3,4,3,2,1,,,,,7.007694624721161,4.217968231016248,20.695538057742777,10.755984678553897,234,16,2,1.874567462294236,1.1663218821023937,7.8947932208513265,7.142690390899207,28
312,ZINCk800001bOMg9,C[C@H]1CN(c2ncc([N+](=O)[O-])s2)C[C@@H]1CNC(=O)CO,14.285714285714286,15.882058156883279,0.652466163769168,10.362505558380455,4,300.34000000000003,0.23209999999999964,2,7,5,1,,,,25.976950398411248,8,3,5,3,2,1,,,,,8.76251107984665,5.2906218479890486,25.489801057668092,13.0661209094878,93,16,13,1.8043218438046205,1.3826701634458776,6.493394566788621,7.57446506112221,28
313,ZINCf5000000ZwHG,Cn1nc([N+](=O)[O-])nc1NC1(CO)CC1,14.285714285714286,14.458906658968354,0.7163893747363796,10.358207100790015,4,213.19699999999997,-0.3399000000000003,2,7,4,1,,,,23.784240749250948,7,3,4,3,2,1,,,,,3.2322885436178392,1.8461994629189484,12.96960382513661,8.370276595026116,352,16,8,1.4542807938526394,1.3081573016373482,5.911169934962112,5.499838613020853,28
314,ZINCf500000248hS,N[C@@H]1CC[C@H]1NC(=O)c1cccc[n+]1[O-],10.714285714285714,13.705634530873795,0.7538547560515955,10.332057775804188,3,207.233,-0.46050000000000013,2,3,2,1,,,,21.580921369014565,6,3,3,3,2,1,,,,,1.474244684289735,0.8288511838856798,6.660552061495458,6.500913855470943,376,16,4,1.385520717877819,0.856690690431432,5.667138254886672,7.407529710249137,28
315,ZINCk600000Aiwvp,Cc1nn(CC(=O)N2C[C@@H]3C[C@H](C2)N3C)cc1[N+](=O)[O-],10.714285714285714,13.705634530873795,0.7519500602069001,10.30595271066432,3,279.3,0.014620000000000077,0,6,3,1,,,,24.106424648399255,7,4,3,4,2,1,,,,,6.354032136679705,3.9417889819261838,16.374961391948936,10.792130264609593,231,16,7,1.3709050679725197,0.8980002021008969,5.667138254886672,7.354583612615333,28
316,ZINCf5000002oD8e,CC(=O)NN(C)C(=O)c1cccc[n+]1[O-],14.285714285714286,14.458906658968354,0.7124267283087208,10.30091156597,4,209.205,-0.5569000000000002,1,3,1,1,,,,21.17783005574874,6,3,3,3,2,1,,,,,3.0968296759265543,1.7753905893480224,12.111607142857144,7.6170797708821,365,16,11,1.4559493372281676,1.3328277493745408,5.911169934962112,5.509129529677351,28
317,CHEMBL1301125,COC(=O)C[C@]1(C(=O)OC)CN(C#N)N(c2ccc(Cl)cc2)C12c1ccccc1-c1ccccc12,14.285714285714286,15.204234895780052,0.6774750122478034,10.30048922223707,4,487.94300000000015,4.504780000000004,0,7,4,1,,,,18.630606313688514,6,3,3,3,2,1,,,,,5.704036747143508,3.469727151659651,16.02005012531328,8.93567913877976,334,16,9,1.2695086441110255,1.4400169061222468,9.308954935974285,7.551920990782191,28
318,ZINCj500000fhuCA,COCCOCc1nnc(N2CCS(=O)CC2)n1C,10.714285714285714,12.462505438461742,0.8232933130286075,10.260297391068207,3,288.37300000000005,-0.45319999999999916,0,7,6,1,,,,18.74452802891152,6,3,3,3,2,1,,,,,5.579791420821502,3.4350738983151703,14.85403275176003,8.870975572844007,338,16,1,0.9474411818580308,1.018134292402732,5.609036726569012,5.785556896341652,28
319,ZINCk700000drpy8,COCCN(C)C1CN(c2ncnc3cnn(C)c23)C1,14.285714285714286,15.882058156883279,0.6408809799701272,10.178508995525908,4,276.34400000000005,0.1301000000000001,0,7,5,1,,,,20.322492634195317,7,3,4,3,2,1,,,,,7.027921417814582,4.589719164136035,14.992299367299369,10.351564221909767,280,16,12,1.6644218382893485,1.6583088803213528,6.493394566788621,6.89395598586643,28
320,ZINCk800000PuXZg,C=C=CCCNC(=O)[C@H](C)NC(=O)c1ccc[n+]([O-])c1,14.285714285714286,14.490870376529077,0.7015243353174319,10.165698209065624,4,275.30800000000005,0.28569999999999945,2,3,6,1,,,,23.784240749250948,7,3,4,3,2,1,,,,,6.285280140256341,3.773119762014078,18.807199511897498,10.660020292504994,239,16,10,1.7620139881242889,1.1747302432643922,7.509116392758873,7.09350692136724,28
321,ZINCf5000002oWrc,NC(=O)NNC(=O)c1ccc([N+](=O)[O-])s1,14.285714285714286,15.189005259394039,0.6690080083374327,10.161566157213995,4,230.20499999999998,-0.03060000000000007,3,5,2,1,,,,25.976950398411248,8,3,5,3,2,1,,,,,7.501068919606064,4.383967560116638,25.957313245448837,12.12003928930736,141,16,10,1.5990201016693064,1.4575773155748675,9.038073356639677,9.913535890977943,28
322,ZINCk7000004fRly,C[C@@H](NC(=O)Nc1ccc[n+]([O-])c1)[C@@H]1CN(C)CCO1,14.285714285714286,14.51088173131138,0.6971290797301131,10.115957627421613,4,280.32800000000003,0.16059999999999985,2,4,3,1,,,,23.370539704909035,7,3,4,3,2,1,,,,,8.232882888400592,5.141418523773213,20.648606407918727,12.017297092527702,148,16,12,1.1541345572794772,1.4399609173914254,10.122770668152079,8.561597932111413,28
323,ZINCf50000027Ght,CNCCNC(=O)c1cc([N+](=O)[O-])n[nH]1,10.714285714285714,13.705634530873795,0.7368405379986351,10.098867121341717,3,213.19699999999997,-0.7329000000000003,3,5,5,1,,,,28.442755298690493,9,3,6,3,2,1,,,,,5.725813780549566,3.5176422376475216,15.381302140007246,11.405049160084797,193,16,12,1.337993543230459,1.277075201127694,5.667138254886672,5.801753864204645,28
324,ZINCf500000099NR,CC[S@](=O)CCNC(=O)CCC[N+](=O)[O-],10.714285714285714,11.039353940546816,0.9110442679355081,10.05734012924644,3,236.29299999999995,-0.07189999999999985,1,4,8,1,,,,21.588577456504353,6,3,3,3,3,1,,,,,3.4495546409606677,1.991542768149928,12.876359473382943,7.98431034484659,363,16,8,0.706753027692347,0.6286111322003437,5.609036726569012,5.590623670086856,28
325,ZINCi800000JYTPE,CN(C)CCCOCC(=O)Nc1cccc[n+]1[O-],10.714285714285714,13.705634530873795,0.7284940940047917,9.984473810329693,3,253.30200000000002,0.22679999999999972,1,4,7,1,,,,23.370539704909035,7,3,4,3,2,1,,,,,5.954005936722166,3.6584389785989178,15.982694684796048,10.308139378768882,284,16,10,1.0489118876554113,1.444751843658936,5.667138254886672,6.5822449525726405,28
326,ZINCk800000gvYgJ,O=c1c2cnn(CCO)c2ncn1Cc1coc(Cl)n1,14.285714285714286,14.478918013750661,0.6895702271944697,9.984230784272144,4,295.686,0.2749999999999995,1,8,4,1,,,,23.50426427259268,8,3,5,3,2,1,,,,,9.842482264095485,5.87126918898913,30.41376643464811,13.257927766219785,84,16,8,1.4865672090186814,1.3062809973725,7.8947932208513265,9.264109799838646,28
327,ZINCk700000drdQ7,C=CCN(C)C1CN(C(=O)Cn2ccc([N+](=O)[O-])n2)C1,10.714285714285714,13.705634530873795,0.7254886673975679,9.943282531641719,3,279.3,0.11989999999999967,0,6,6,1,,,,24.106424648399255,7,4,3,4,2,1,,,,,5.980683899374099,3.6798380738146035,15.95944309927361,10.512119086630388,256,16,14,1.3790395053460895,1.2376580672891395,5.667138254886672,6.6138675525320725,28
328,ZINCh800000JTZ8j,COC(=O)CN(C)C(=O)c1cc([N+](=O)[O-])sn1,14.285714285714286,15.882058156883279,0.624826229464725,9.923526514304859,4,259.243,0.2963,0,7,4,1,,,,24.106424648399255,7,4,3,4,2,1,,,,,5.850735865696377,3.5755568102946453,16.08735491753207,10.414658061372096,271,16,15,1.6681806995884232,1.6489257597528948,6.493394566788621,5.262562542090198,28
329,ZINCj7000002nxED,CN1CNC(=O)C12CN(c1ccccc1[N+](=O)[O-])C2,10.714285714285714,13.705634530873795,0.7219046785823092,9.894161690777045,3,262.26900000000006,0.17269999999999963,1,5,2,1,,,,26.753501871115127,8,4,4,4,2,1,,,,,6.470627272112345,3.9279671710843025,18.347131874630403,11.54134592186304,184,16,13,0.9587741495014405,1.4164430821871496,5.667138254886672,7.17730961569984,28
330,ZINCk700000JSQbg,C[C@H]1CCN[C@@H]1C(=O)N1CCn2ncc([N+](=O)[O-])c2C1,14.285714285714286,14.458906658968354,0.6832910927584884,9.879642131099471,4,279.3,0.13149999999999995,1,6,2,1,,,,23.370539704909035,7,3,4,3,2,1,,,,,4.569955315151444,2.7992177116974055,12.438062493679844,9.270101412590842,318,16,7,1.6180824270783933,1.408012637245095,5.911169934962112,6.249119132432332,28
331,ZINCj800000JSIdS,C=CCN1CCN(C(=O)c2c[nH]nc2[N+](=O)[O-])CC1,10.714285714285714,13.705634530873795,0.7188218589979689,9.851909692229457,3,265.273,0.2616999999999999,1,5,4,1,,,,26.753501871115127,8,4,4,4,2,1,,,,,5.904602519679405,3.5678950827688385,17.11112222944914,11.116827357538336,210,16,2,1.3971182799229598,1.3463718246245637,5.667138254886672,5.849687801560417,28
332,ZINCf5000002oVt3,N=c1nc(SCCN)c([N+](=O)[O-])c(O)[nH]1,10.714285714285714,13.705634530873795,0.7185364752195728,9.847998326461719,3,231.237,-0.44622999999999974,4,7,4,1,,,,23.784240749250948,7,3,4,3,2,1,,,,,4.260230987962229,2.4001125618739563,18.935453615279673,9.141233428284409,320,16,5,1.0929884461476567,1.447110718287363,5.667138254886672,4.571137668825118,28
333,ZINCj500000fjuwm,Cc1nnc(CCCC(=O)N2CC([N+](=O)[O-])C2)n1C,10.714285714285714,11.039353940546816,0.889304154437857,9.81734332163821,3,267.289,-0.0662799999999999,0,6,5,1,,,,20.723462482193167,6,3,3,3,2,1,,,,,5.899036885875631,3.5242430783608247,18.086609336609335,9.605143284955014,306,16,3,0.7012610701625732,0.7661327203580078,5.609036726569012,5.349736606206831,28
334,ZINCf5000000awZ3,O=CNNC(=O)c1cccc([N+](=O)[O-])c1,14.285714285714286,14.490870376529077,0.6749272606406469,9.78028344752947,4,209.16099999999997,-0.014400000000000635,2,4,4,1,,,,23.370539704909035,7,3,4,3,2,1,,,,,6.20226164199753,3.6015687490949557,22.318324061196105,10.494331157725407,262,16,13,1.53405457406002,1.4264908799398919,7.509116392758873,6.411433720379438,28
335,ZINCk8000004jwBs,Cc1nc(N2CCN3CCOC[C@@H]3C2)ncc1[N+](=O)[O-],14.285714285714286,15.195105438906717,0.6433998854137473,9.77652909824239,4,279.3,0.21402000000000032,0,7,2,1,,,,24.106424648399255,7,4,3,4,2,1,,,,,8.151985194685881,4.907293743833772,24.06118776244751,12.140595058114226,139,16,0,1.6448520970727094,1.6242722317249043,7.8947932208513265,7.191790968012537,28
336,ZINCj8000002rPUb,O=C(c1cc([N+](=O)[O-])n[nH]1)N1CCN2CCC[C@@H]2C1,10.714285714285714,13.705634530873795,0.7128254418527822,9.769724990342862,3,265.27299999999997,0.23809999999999953,1,5,2,1,,,,26.753501871115127,8,4,4,4,2,1,,,,,6.685982113547589,4.179530053383183,16.70230753928784,11.702862052939473,177,16,4,1.4190480149224833,1.3687467041533286,5.667138254886672,5.848184719559798,28
337,ZINCj800000cKfpe,C=CCN1CCN(C(=O)c2cc([N+](=O)[O-])n[nH]2)CC1,10.714285714285714,13.705634530873795,0.711987274989867,9.758237381643857,3,265.273,0.2616999999999999,1,5,4,1,,,,26.753501871115127,8,4,4,4,2,1,,,,,6.694044504020064,4.179530053383183,16.803422224445885,11.708908845793829,176,16,14,1.4234082823936167,1.371365470804897,5.667138254886672,5.835906424068821,28
338,ZINCf50000009DHA,CO[C@H](C)C(=O)NCc1ccc[n+]([O-])c1,14.285714285714286,14.490870376529077,0.6731160900814862,9.754038009726887,4,210.23300000000003,-0.028900000000000592,1,3,4,1,,,,21.17783005574874,6,3,3,3,2,1,,,,,4.552558510522571,2.646624835265608,16.267123287671236,8.708876396829112,345,16,13,1.2213636094636118,1.6127385366047584,7.509116392758873,6.1961493647574395,28
339,ZINCj8000002rVjv,O=[N+]([O-])c1cnn(CN2CC[C@H](n3cncn3)C2)c1,14.285714285714286,14.478918013750661,0.6727461671536396,9.740636598282546,4,263.261,0.2872999999999999,0,8,4,1,,,,28.064765316002067,8,5,3,5,2,1,,,,,9.428522007243114,5.784997304198704,25.470311581422685,14.087582834432851,51,16,15,1.5428227124365625,1.2767103871392702,7.8947932208513265,6.13281724612472,28
340,ZINCf50000029lqQ,C[C@H]1NC(=O)N(c2ccc[n+]([O-])c2)C1=O,14.285714285714286,14.458906658968354,0.6733045675339812,9.735247895030888,4,207.189,-0.23530000000000006,1,3,1,1,,,,18.974510675512356,5,3,2,3,2,1,,,,,1.843842947017125,0.9899290343162735,13.419637804187886,6.126509879140933,381,16,12,1.7895871333906606,1.3026947082382494,5.911169934962112,5.140022732505669,28
341,ZINCk800000J9Rgp,C=CCN1CCN(C(=O)c2cc([N+](=O)[O-])nn2C)CC1,10.714285714285714,13.705634530873795,0.7101508764895119,9.733068374944946,3,279.30000000000007,0.2720999999999998,0,6,4,1,,,,24.106424648399255,7,4,3,4,2,1,,,,,5.974728196870819,3.750145938864142,14.687097604944627,10.507652309752928,259,16,7,1.438344128761325,1.3707610283410148,5.667138254886672,5.881199362945692,28
342,ZINCi600000xdbtN,CN(C)C[C@H]1CCN1C(=O)c1n[nH]cc1[N+](=O)[O-],14.285714285714286,14.458906658968354,0.6731223433722971,9.73261313288609,4,253.262,0.09400000000000036,1,5,4,1,,,,26.753501871115127,8,4,4,4,2,1,,,,,5.741957251902641,3.560092136907285,14.832024432809767,10.994843406705762,221,16,7,1.312693106710868,1.5629849259966466,5.911169934962112,4.65447691832537,28
343,ZINCk800000guEGb,COC(=O)N1CC(C)(NCc2ncc([N+](=O)[O-])n2C)C1,14.285714285714286,14.478918013750661,0.6706826626265818,9.710759285414273,4,283.28800000000007,0.2585999999999995,1,7,4,1,,,,23.370539704909035,7,3,4,3,2,1,,,,,5.6218518180011845,3.4320859255054037,15.531165872851524,10.059023789728148,294,16,10,1.9848673794949532,1.0285047345137759,7.8947932208513265,6.420137177030681,28
344,ZINCj5000002adCJ,CN1CCN(C(=O)c2cc([N+](=O)[O-])nn2C)[C@@H]2C[C@@H]21,10.714285714285714,13.705634530873795,0.7080550230632698,9.704343373854591,3,265.27299999999997,-0.14320000000000022,0,6,2,1,,,,24.106424648399255,7,4,3,4,2,1,,,,,5.976105583060125,3.750145938864142,14.70375908833084,10.508685349394908,258,16,12,1.453038897822762,1.3698358303256113,5.667138254886672,5.960498449298835,28
345,ZINCh8000000ateL,COCCOCCOC(=O)CSCC[N+](=O)[O-],10.714285714285714,12.462505438461742,0.7707811185059682,9.605863881244252,3,267.303,0.20250000000000035,0,7,11,1,,,,20.11305116986155,6,3,3,3,2,1,,,,,5.7991192181183395,3.6289093179550878,14.426877470355729,9.377602206054142,315,16,13,1.1338536157275445,1.1822672855412453,5.609036726569012,6.165586774530338,28
346,ZINCf5000000acbN,Cn1nccc1[C@H](O)CNCC[N+](=O)[O-],14.285714285714286,14.458906658968354,0.6638237981711813,9.598166335758958,4,214.22499999999997,-0.6802000000000001,2,6,6,1,,,,23.784240749250948,7,3,4,3,2,1,,,,,5.157938204507169,2.9453892610660852,20.730485798096876,9.814513840693115,298,16,10,1.527594068792992,1.4775490882396298,5.911169934962112,4.673213922201954,28
347,ZINCf5000000aupn,O=C(c1ccc[n+]([O-])c1)N1CCOCN1,14.285714285714286,14.458906658968354,0.6547321945915738,9.466711688221071,4,209.20499999999996,-0.7455,1,4,1,1,,,,21.17783005574874,6,3,3,3,2,1,,,,,5.580415272794685,3.2050298393211447,21.55790762771169,9.479768968533197,313,16,5,1.7558991052213064,1.5080058507686775,5.911169934962112,6.015014020728803,28
348,ZINCf5000000azKC,[O-][n+]1ccnc(N2C[C@H](O)C3(CC3)C2)c1,10.714285714285714,11.746318013305688,0.8000837341380779,9.398037978458984,3,207.23299999999998,-0.3239000000000003,1,4,1,1,,,,18.974510675512356,5,3,2,3,2,1,,,,,1.7686507936354592,0.952585489079322,12.340966921119593,6.070115764104683,382,16,5,1.0611025996866439,1.0556556489381441,6.493394566788621,5.942719881515772,28
349,ZINCf50000025P2h,C=CCONC(=O)c1c[n+]([O-])c(C)cn1,14.285714285714286,15.882058156883279,0.5909959889105967,9.386232666362842,4,209.20499999999996,-0.12918000000000007,1,4,4,1,,,,23.370539704909035,7,3,4,3,2,1,,,,,3.212338029726949,1.8386033815773626,12.705125424709033,8.251888448522472,354,16,11,1.60380814451948,1.9149458675897126,6.493394566788621,5.100959450127703,28
350,ZINCk5000009Egfg,C[C@@H](CNC(=O)CCC[N+](=O)[O-])N(C)c1nnn(C)n1,10.714285714285714,11.746318013305688,0.7948723818246386,9.336823776905948,3,285.308,-0.7920999999999982,1,8,8,1,,,,26.753501871115127,8,4,4,4,2,1,,,,,10.022947517210055,6.428951323708904,22.729474982381944,14.205586105686324,49,16,14,1.2284680963553551,0.9967575439977926,6.493394566788621,6.278675158395244,28
351,ZINCj700000x7qUa,Cc1nc([N+](=O)[O-])c(N2CCO[C@@H](CCN)C2)n1C,14.285714285714286,14.458906658968354,0.6388466203112365,9.237023652477566,4,269.30499999999995,0.19072000000000006,1,7,4,1,,,,26.753501871115127,8,4,4,4,2,1,,,,,7.007961655024582,4.405869038964656,17.117510180337405,11.944346709047219,153,16,5,1.736220715074881,1.5872673363646628,5.911169934962112,6.624403940999323,28
352,ZINCk8000018Sr4Y,Cc1nc(N2C[C@H]3C(=O)NC[C@@]3(C)C2)c([N+](=O)[O-])n1C,10.714285714285714,11.746318013305688,0.7812766261395426,9.177123706997603,3,279.29999999999995,0.20901999999999976,1,6,2,1,,,,23.370539704909035,7,3,4,3,2,1,,,,,6.428090626522312,3.9097762282869555,18.061865142157114,10.663702896118993,238,16,13,1.108444993476953,1.1500988940175023,6.493394566788621,6.087981292085734,28
353,ZINCf50000026AWG,CC[S@@](=O)Cc1nc(-c2nn[nH]n2)no1,14.285714285714286,15.882058156883279,0.5733786807266501,9.106433553217666,4,228.23700000000002,-0.4817000000000002,1,7,4,1,,,,19.808145190891807,6,3,3,3,2,1,,,,,5.884642722810113,3.2141402924004856,34.79166666666667,9.365518339830537,316,16,8,1.8128836641523303,2.04423112857681,6.493394566788621,5.939093957287,28
354,ZINCi800000cWtZo,CN(C)CCCOC(=O)Cn1ccc([N+](=O)[O-])n1,14.285714285714286,14.478918013750661,0.6284184432444976,9.098819118065904,4,256.262,0.28619999999999957,0,7,7,1,,,,24.106424648399255,7,4,3,4,2,1,,,,,5.855207056788412,3.5811408367934408,16.042176039119806,10.418011454691122,270,16,4,1.5663645973445626,1.6337813695601786,7.8947932208513265,6.385576322479323,28
355,ZINCj800000J9XBP,CN1CC[C@H](COC(=O)Cn2cnc([N+](=O)[O-])c2)C1,14.285714285714286,14.478918013750661,0.6284011980909192,9.098569426901108,4,268.273,0.28619999999999934,0,7,5,1,,,,24.106424648399255,7,4,3,4,2,1,,,,,6.952069187997043,4.169099819299199,20.909915356710997,11.240658053097597,199,16,11,1.7505847211507204,1.2872908868234745,7.8947932208513265,5.6534157295656104,28
356,ZINCf5000000awo0,O=C1NC[C@@H](Cn2cc([N+](=O)[O-])cn2)O1,10.714285714285714,11.746318013305688,0.7579646437028125,8.903293747775173,3,212.165,-0.10030000000000028,1,6,3,1,,,,23.370539704909035,7,3,4,3,2,1,,,,,4.951929611427638,2.8061853745276983,21.040531335149858,9.556582134797988,310,16,1,1.1440545292886832,1.227041521776855,6.493394566788621,5.7281439472701745,28
357,ZINCk600000y8KhW,O=C1CN(c2c[n+]([O-])ccc2[N+](=O)[O-])CC2(CCC2)N1,10.714285714285714,10.355130232951485,0.8592985643810874,8.898148543154406,3,278.268,0.08709999999999979,1,5,2,1,,,,34.218401017466235,9,6,3,6,3,1,,,,,4.949883237854345,3.0473224914938797,13.176445304104877,12.267012682757317,131,16,2,0.7548603774327131,0.9146050970295988,5.913046253835666,5.612490000948712,28
358,ZINCf50000009Xx0,C[C@H](N)CNC(=O)c1n[nH]cc1[N+](=O)[O-],14.285714285714286,14.458906658968354,0.604984924445461,8.747420552639943,4,213.19699999999997,-0.6050999999999995,3,5,4,1,,,,28.442755298690493,9,3,6,3,2,1,,,,,4.7678012952097495,2.780944323276341,16.697142857142865,10.686539796079936,237,16,8,1.861633579784376,1.7856634035769734,5.911169934962112,5.781966613217427,28
359,ZINCf5000000Zw6u,Cc1no[nH]c1=NC(=O)[C@@H]1C[C@H]1[N+](=O)[O-],14.285714285714286,14.458906658968354,0.6007422533183171,8.686076166827869,4,212.165,-0.5963800000000001,1,5,2,1,,,,23.370539704909035,7,3,4,3,2,1,,,,,6.074648286408844,3.3798200873379973,29.97293640054128,10.398621141033892,278,16,14,1.5345184705840296,1.8840278388581264,5.911169934962112,4.489176188626951,28
360,ZINCf5000001ooXU,N=c1[nH]c(N)c([N+](=O)[O-])c(N)c1[N+](=O)[O-],7.142857142857143,9.972657753207438,0.8695481842036259,8.671706440985739,2,214.141,-0.5250300000000001,4,7,2,1,,,,36.26800410911514,10,6,4,6,3,1,,,,,5.425262445102994,3.113292693792815,21.078180889116,13.135947861106029,89,16,2,0.6289571125318965,1.257914225063788,3.5619063715937362,2.303992146529948,28
361,ZINCf5000000aaGa,Cn1cc([N+](=O)[O-])c(=NCC#CCO)[nH]1,7.142857142857143,9.643571301630779,0.8897761912512362,8.58062014282476,2,210.19299999999998,-0.8422000000000001,2,5,2,1,,,,25.976950398411248,8,3,5,3,2,1,,,,,4.357027387471943,2.5886269103804986,13.750737463126846,9.762008140206769,300,16,5,0.3202581533878061,0.6405163067756074,5.8073196054634435,6.447835912239051,28
362,ZINCf50000034YrO,C=C[C@@H](O)CN=c1nc([N+](=O)[O-])[nH]n1C,10.714285714285714,11.746318013305688,0.7207115527837558,8.465707094861344,3,213.197,-0.8960000000000001,2,6,4,1,,,,23.784240749250948,7,3,4,3,2,1,,,,,4.122747358649001,2.3752975022001,15.597337299058141,9.038120706299487,328,16,8,1.155960483828013,1.4071396122944249,6.493394566788621,5.473051173518886,28
363,ZINCf50000024Txf,Cc1cnc(C(=O)NNC(C)C)c[n+]1[O-],14.285714285714286,14.458906658968354,0.5848602762646268,8.456440143048683,4,210.237,-0.33378000000000063,2,4,3,1,,,,21.17783005574874,6,3,3,3,2,1,,,,,3.089342873431429,1.7713328688045507,12.07142857142857,7.611464669010756,366,16,1,1.933841726085271,1.831755492675492,5.911169934962112,5.14225755527197,28
364,ZINCi800000JYmXL,C[C@@H](COC(=O)Cn1cc([N+](=O)[O-])cn1)N(C)C,14.285714285714286,14.458906658968354,0.5831435827991114,8.431618632468735,4,256.262,0.28459999999999996,0,7,6,1,,,,24.106424648399255,7,4,3,4,2,1,,,,,6.686660564442061,4.041581895064876,19.35168195718654,11.04160158543136,217,16,7,1.738122890033997,1.9868798598727677,5.911169934962112,5.081750212573414,28
365,ZINCi500000cJoTD,CN(C)[C@H]1COC[C@H]1OC(=O)c1cc[n+]([O-])cc1,10.714285714285714,10.319856580004826,0.8035726074981746,8.292754061001673,3,252.27,-0.19420000000000015,0,5,3,1,,,,20.723462482193167,6,3,3,3,2,1,,,,,7.2726661948439855,4.5354617710980945,18.342702477618154,10.63536526668128,244,16,3,0.8336204531216885,1.1512194600948509,7.509116392758873,6.77921145415621,28
366,ZINCf5000000af9g,N=c1[nH]cc(C(=O)N2CC([N+](=O)[O-])C2)o1,10.714285714285714,13.705634530873795,0.5937518036409809,8.137745222750425,3,212.165,-0.8117300000000001,2,5,2,1,,,,23.370539704909035,7,3,4,3,2,1,,,,,5.869393407572996,3.3303160921826813,24.70421810699589,10.244679981907007,289,16,2,1.6944614946425187,1.9814187701505717,5.667138254886672,5.207930338578738,28
367,ZINCf50000029o2U,[O-][n+]1ccnc(N2CCCNCCC2)c1,10.714285714285714,10.323166515390762,0.7843002700383718,8.096462285672052,3,208.265,-0.09519999999999973,1,4,1,1,,,,18.974510675512356,5,3,2,3,2,1,,,,,2.179123514161186,1.1731083960570023,15.29892836999436,6.377970304498978,379,16,7,1.1546244461638115,1.1029051896562885,4.022400029832937,4.403884741840277,28
368,ZINCf50000009e8m,CN(CC(N)=O)c1c([N+](=O)[O-])cnn1C,10.714285714285714,11.746318013305688,0.6816090520528529,8.00639668616064,3,213.197,-0.7502000000000002,1,6,4,1,,,,26.753501871115127,8,4,4,4,2,1,,,,,3.902228958248123,2.309566980808318,12.571343638525567,9.615047186464874,305,16,5,1.3362341702828182,1.5269495673043432,6.493394566788621,5.418531094283164,28
369,ZINCf500000286JW,COC(=O)CN=c1[nH]n(C)cc1[N+](=O)[O-],10.714285714285714,10.922634291623908,0.722125154394745,7.88750897423625,3,214.181,-0.6649,1,6,3,1,,,,26.753501871115127,8,4,4,4,2,1,,,,,4.2355884632844045,2.5301423872868627,12.994652406417115,9.865066815242084,297,16,2,0.8947682808162704,1.448094299458307,7.349957142732184,5.825199629549106,28
370,ZINCk700000y7UlE,Cc1nc([N+](=O)[O-])c(N2CC3(CN(C)CCO3)C2)n1C,10.714285714285714,11.746318013305688,0.6702637574706363,7.87313124804329,3,281.3159999999999,0.15752000000000033,0,7,2,1,,,,27.447880049284816,8,5,3,5,2,1,,,,,7.153295898849736,4.530067454628055,16.99404761904762,12.226941936458505,134,16,15,1.4698615638601424,1.6127520916327345,6.493394566788621,6.54091951857425,28
371,ZINCf50000027JUE,[O-][n+]1ccnc(N2CC[C@@H]3NC[C@H]3C2)c1,10.714285714285714,13.280421819071655,0.585039940541477,7.769577191395415,3,206.24900000000002,-0.4868999999999992,1,4,1,1,,,,18.974510675512356,5,3,2,3,2,1,,,,,2.1787296939771834,1.1731083960570023,15.260196905766527,6.377674939360977,380,16,4,1.5630376235676577,2.0332808751921214,8.790788474306497,7.57321161569829,28
372,ZINCf5000000abjs,Cn1cnc([N+](=O)[O-])c1N1CC(CO)C1,10.714285714285714,11.746318013305688,0.6590970341817944,7.741963365125967,3,212.20899999999995,-0.24320000000000025,1,6,3,1,,,,21.17783005574874,6,3,3,3,2,1,,,,,4.317592031805299,2.3750095419861337,23.713415297573718,8.532651537791159,348,16,15,1.529537886364137,1.645062793381282,6.493394566788621,6.576801587166875,28
373,ZINCf50000009gMB,CN1CCCN(c2c[n+]([O-])ccn2)CC1,10.714285714285714,10.323166515390762,0.7482108734807474,7.723905435567725,3,208.265,-0.14310000000000045,0,4,1,1,,,,18.53075283303287,5,3,2,3,2,1,,,,,3.0776862229406916,1.7040959092397014,15.868634520054078,6.940952875463736,374,16,0,1.2695477340380836,1.2108309966426176,4.022400029832937,4.719209246310719,28
374,ZINCf5000000axSb,O=[N+]([O-])CCNCc1nnnn1C1CC1,7.142857142857143,8.789599551096604,0.875609983380935,7.696261116860771,2,212.213,-0.6257000000000006,1,7,6,1,,,,21.17783005574874,6,3,3,3,2,1,,,,,4.898865721763401,2.748636389681363,22.50174094707521,8.968606805259736,331,16,12,0.5522013957921215,1.104402791584243,4.566857672404508,3.462454880820265,28
375,ZINCf50000009WrT,C[C@H](C[N+](=O)[O-])OC(=O)c1cnnn1C,7.142857142857143,8.326765294884149,0.8859546802928119,7.377136684702368,2,214.18099999999998,-0.3629000000000002,0,7,4,1,,,,20.723462482193167,6,3,3,3,2,1,,,,,5.045142459973624,2.8212351682280694,23.8286775106082,8.96472246552851,333,16,7,0.3948203340450596,0.7896406680901258,5.225188034894059,4.435547366803934,28
376,ZINCf50000009KSv,C[C@@H](C[N+](=O)[O-])OC(=O)c1cn(C)nn1,7.142857142857143,8.326765294884149,0.8763512590154885,7.2971712496981995,2,214.18099999999998,-0.3629,0,7,4,1,,,,20.723462482193167,6,3,3,3,2,1,,,,,5.045142459973624,2.8212351682280694,23.828677510608202,8.96472246552851,332,16,1,0.5422282251816071,1.084456450363211,5.225188034894059,4.140731584530848,28
377,ZINCf50000009jS0,CNC(=O)COC(=O)c1cc[n+]([O-])cc1,10.714285714285714,13.280421819071655,0.5437026973992404,7.2206011656289855,3,210.18900000000002,-0.7771999999999999,1,4,3,1,,,,21.17783005574874,6,3,3,3,2,1,,,,,5.614255338515896,3.2229432062830963,21.757756132756136,9.505149017824108,312,16,8,1.8095357960384364,2.1883415438381353,8.790788474306497,7.567020974256879,28
378,ZINCf50000008BDG,C#CCNC(=O)Cn1nccc1[N+](=O)[O-],10.714285714285714,11.746318013305688,0.6124612265836635,7.1941643382709834,3,208.17700000000002,-0.45930000000000004,1,5,4,1,,,,23.370539704909035,7,3,4,3,2,1,,,,,3.5858112650973837,2.0397232399827563,14.81673582295989,8.531993375050297,349,16,8,1.2844180050764176,1.8284956424765386,6.493394566788621,4.535181204420053,28
379,ZINCf5000002856G,C[C@H]1CN(c2c[n+]([O-])ccn2)[C@H](C)CN1,10.714285714285714,10.323166515390762,0.6732825959193747,6.9504083495902576,3,208.265,-0.09840000000000021,1,4,1,1,,,,18.974510675512356,5,3,2,3,2,1,,,,,1.4228388297651358,0.7634550658075439,10.43778153153153,5.810756791201941,383,16,12,1.304751530691029,1.5941891197773412,4.022400029832937,5.148568709172851,28
380,ZINCf5000000axR1,O=[N+]([O-])CCN1C[C@@H]2C[C@H](C1)CS(=O)C2,7.142857142857143,7.9612612859322045,0.8677780803435999,6.908608035820068,2,232.30499999999998,-0.0365000000000002,0,4,3,1,,,,18.94150023378848,5,3,2,3,3,1,,,,,3.0551173624676027,1.6903587382024328,15.86069570871261,7.026713080297823,372,16,13,0.650031125375344,1.30006225075069,6.6776872493401465,5.377624998589456,28
381,ZINCf5000000Wzf7,C#CCCNC(=O)c1c[n+]([O-])c(C)cn1,10.714285714285714,11.726306658523383,0.5419388631653492,6.354941299648427,3,205.21699999999996,-0.22348000000000012,1,3,3,1,,,,21.17783005574874,6,3,3,3,2,1,,,,,2.514401657501939,1.4386011667410803,9.970271274619105,7.1802587570636405,368,16,11,1.3527823031431276,2.261848945961044,5.911169934962112,3.660068092132365,28
382,ZINCf50000026kAJ,C#CCNC(=O)c1ncc([N+](=O)[O-])n1C,10.714285714285714,11.726306658523383,0.515168326417406,6.041021776328775,3,208.177,-0.3087000000000002,1,5,3,1,,,,23.370539704909035,7,3,4,3,2,1,,,,,4.6094475216245465,2.6475982469730353,17.79654898563281,9.299720567445668,317,16,11,1.4558464918843532,2.4075736738635842,5.911169934962112,3.589671802140795,28
383,ZINCf5000000aohG,O=C(CCC[N+](=O)[O-])N1CC([N+](=O)[O-])C1,7.142857142857143,6.903613796969225,0.8495615221402056,5.865044645621299,2,217.18099999999998,-0.46920000000000006,0,5,5,1,,,,27.61861684542632,7,5,2,5,3,1,,,,,7.62666317327846,4.360476658669664,30.390374007395277,12.624651591315425,109,16,3,0.8444954412500816,1.6889908825001632,4.022400029832937,2.333409147332774,28
